endpoint,compound,raw,cfra,cfra_minus_raw
A_module_fisher_z_AGP,BRD-A03623303,0.15054623173815976,0.3370955102911435,0.1865492785529837
A_module_fisher_z_AGP,BRD-A07440155,0.23335876532984942,0.4618446729890768,0.22848590765922738
A_module_fisher_z_AGP,BRD-A08187463,0.23183784866668392,0.5374624565777668,0.30562460791108287
A_module_fisher_z_AGP,BRD-A08545410,0.37826122648917027,0.5492636361868753,0.1710024096977051
A_module_fisher_z_AGP,BRD-A10012892,0.49603200673699505,0.6857679697867654,0.1897359630497703
A_module_fisher_z_AGP,BRD-A13188892,0.4837372560542932,0.5712670346102996,0.08752977855600642
A_module_fisher_z_AGP,BRD-A14886633,0.26394556515693707,0.48000410815798034,0.21605854300104338
A_module_fisher_z_AGP,BRD-A14941520,0.39403453520203485,0.381535838439532,-0.012498696762502839
A_module_fisher_z_AGP,BRD-A16347691,0.8437962297764705,0.7938866474020724,-0.04990958237439834
A_module_fisher_z_AGP,BRD-A19195498,0.6549556460002166,0.7243065098697836,0.06935086386956701
A_module_fisher_z_AGP,BRD-A20239487,0.4226344713290237,0.5816399788378874,0.1590055075088638
A_module_fisher_z_AGP,BRD-A21607826,0.9190600754392817,1.117514805844855,0.1984547304055734
A_module_fisher_z_AGP,BRD-A22032524,0.4622889560950947,0.7242040083162036,0.26191505222110883
A_module_fisher_z_AGP,BRD-A25619068,0.3022943311492658,0.4584721692827911,0.1561778381335254
A_module_fisher_z_AGP,BRD-A26032986,0.7074783086482039,0.791704563600931,0.08422625495272676
A_module_fisher_z_AGP,BRD-A28787076,0.4955305858109296,0.7208529741746486,0.2253223883637189
A_module_fisher_z_AGP,BRD-A29520968,0.6347049301315185,0.7352154317322354,0.10051050160071691
A_module_fisher_z_AGP,BRD-A29734509,0.6466824138412124,0.797863688463833,0.1511812746226207
A_module_fisher_z_AGP,BRD-A29844814,0.4523946640562985,0.41022819095630714,-0.042166473099991365
A_module_fisher_z_AGP,BRD-A31811760,0.2677142865787065,0.42419134714686507,0.15647706056815858
A_module_fisher_z_AGP,BRD-A32172948,0.244357489606574,0.29310539252496287,0.04874790291838892
A_module_fisher_z_AGP,BRD-A33711280,0.32299032315015563,0.3887820514245923,0.0657917282744365
A_module_fisher_z_AGP,BRD-A36331462,1.0173076316980914,1.2275838944247388,0.21027626272664748
A_module_fisher_z_AGP,BRD-A38350138,0.5034706503161189,0.7381900263822394,0.23471937606612026
A_module_fisher_z_AGP,BRD-A39390670,0.4352915709431338,0.69534448813013,0.260052917186996
A_module_fisher_z_AGP,BRD-A39935389,0.7693774840008015,1.0036952105454806,0.2343177265446791
A_module_fisher_z_AGP,BRD-A46179541,0.444608309439844,0.5282963511423543,0.08368804170251025
A_module_fisher_z_AGP,BRD-A48237631,1.4028354357437678,1.7467577880299923,0.3439223522862241
A_module_fisher_z_AGP,BRD-A48570745,1.0284184425066751,0.986608925459276,-0.04180951704739934
A_module_fisher_z_AGP,BRD-A49160188,0.48434817844400563,0.5758536478059949,0.09150546936198925
A_module_fisher_z_AGP,BRD-A49838158,0.7997506464921156,0.9460045274665931,0.14625388097447747
A_module_fisher_z_AGP,BRD-A50764878,0.4967531724197331,0.7047791871569926,0.20802601473725957
A_module_fisher_z_AGP,BRD-A51078674,0.6066247791455642,0.7043537906319819,0.09772901148641774
A_module_fisher_z_AGP,BRD-A52922642,0.2063772414724138,0.4340109383707404,0.2276336968983267
A_module_fisher_z_AGP,BRD-A55272860,0.3873066901648782,0.41195627035941923,0.02464958019454107
A_module_fisher_z_AGP,BRD-A56085258,0.7635495961848295,0.8961699797933925,0.132620383608563
A_module_fisher_z_AGP,BRD-A58280226,1.2896664894005223,1.4883885478129957,0.19872205841247303
A_module_fisher_z_AGP,BRD-A62071884,0.12548384972540802,0.4566553530721131,0.33117150334670503
A_module_fisher_z_AGP,BRD-A65051990,0.2920032166526606,0.5063402698650199,0.2143370532123593
A_module_fisher_z_AGP,BRD-A67616246,0.394628031504002,0.614461355031294,0.21983332352729174
A_module_fisher_z_AGP,BRD-A67862938,0.5890038420235322,0.690679724080378,0.10167588205684606
A_module_fisher_z_AGP,BRD-A68493689,0.7445500673863943,0.859533938911538,0.11498387152514344
A_module_fisher_z_AGP,BRD-A68888262,0.8816686910110795,1.0343226063084734,0.15265391529739364
A_module_fisher_z_AGP,BRD-A68942014,0.6614884528395096,0.8321350115658852,0.17064655872637569
A_module_fisher_z_AGP,BRD-A70998768,0.6194906159290947,0.7380168827763605,0.1185262668472657
A_module_fisher_z_AGP,BRD-A75305484,0.792837438420068,0.9409667350125243,0.14812929659245644
A_module_fisher_z_AGP,BRD-A75726477,0.4065742950220167,0.5733906213762042,0.16681632635418753
A_module_fisher_z_AGP,BRD-A77216878,0.6047609810657066,0.7786833024474759,0.1739223213817692
A_module_fisher_z_AGP,BRD-A78877355,0.46986028188613244,0.5474715080736503,0.07761122618751781
A_module_fisher_z_AGP,BRD-A82522119,0.5289386649053922,0.7664343637996898,0.23749569889429756
A_module_fisher_z_AGP,BRD-A85548292,0.9781741545078053,1.1505980223687269,0.17242386786092184
A_module_fisher_z_AGP,BRD-A87983072,0.6924339191970899,0.6410675972928084,-0.05136632190428171
A_module_fisher_z_AGP,BRD-A91699651,0.26261026951223065,0.4526982493032459,0.1900879797910152
A_module_fisher_z_AGP,BRD-A93000692,0.7869949446258199,0.9143327939850203,0.12733784935920037
A_module_fisher_z_AGP,BRD-A93964801,0.6603416799448536,0.753200129850049,0.09285844990519533
A_module_fisher_z_AGP,BRD-A94543220,0.6442628358459461,0.8380759202213517,0.19381308437540548
A_module_fisher_z_AGP,BRD-A94756469,1.3061645791418646,1.6810159441011785,0.3748513649593139
A_module_fisher_z_AGP,BRD-A95032015,0.3601092018139866,0.2576794812680213,-0.10242972054596522
A_module_fisher_z_AGP,BRD-A98702003,0.797663078081313,0.8592530916122122,0.06159001353089904
A_module_fisher_z_AGP,BRD-A98990573,0.48654041323086683,0.5692082058957444,0.08266779266487773
A_module_fisher_z_AGP,BRD-K04112579,0.43734915251366774,0.5484008027158365,0.11105165020216873
A_module_fisher_z_AGP,BRD-K04185004,0.47997579983734073,0.6947187720381321,0.2147429722007913
A_module_fisher_z_AGP,BRD-K05236810,0.6852183192230862,0.5523072424219658,-0.13291107680112046
A_module_fisher_z_AGP,BRD-K05395900,0.20071905207333146,0.16529165929355147,-0.03542739277977999
A_module_fisher_z_AGP,BRD-K05524748,0.39356093522078545,0.5152028021315599,0.12164186691077429
A_module_fisher_z_AGP,BRD-K06240250,0.8987127147026173,1.075679898877631,0.17696718417501375
A_module_fisher_z_AGP,BRD-K06294530,0.27571738174098975,0.6580745649843708,0.382357183243381
A_module_fisher_z_AGP,BRD-K06335600,0.21975096550431286,0.2974875801641514,0.07773661465983855
A_module_fisher_z_AGP,BRD-K06557128,-0.045960852038706854,0.09477773933373389,0.14073859137244077
A_module_fisher_z_AGP,BRD-K06900071,0.33307504511955077,0.5725264859907024,0.2394514408711517
A_module_fisher_z_AGP,BRD-K07160047,0.4942680184406375,0.5544297672319315,0.060161748791293865
A_module_fisher_z_AGP,BRD-K07220430,0.22766820071646413,0.418020681654244,0.1903524809377798
A_module_fisher_z_AGP,BRD-K07237224,0.04650832540259942,0.09629555880178473,0.04978723339918531
A_module_fisher_z_AGP,BRD-K07572174,0.5197786432414526,0.7023929511534033,0.1826143079119506
A_module_fisher_z_AGP,BRD-K07881437,1.0543424065938192,1.3264129797604804,0.2720705731666611
A_module_fisher_z_AGP,BRD-K08248804,0.72955348513985,0.7650906352097652,0.03553715006991526
A_module_fisher_z_AGP,BRD-K08252256,0.28581399562332155,0.39523947693368755,0.109425481310366
A_module_fisher_z_AGP,BRD-K08832567,0.48411370280748023,0.6227893431592132,0.13867564035173305
A_module_fisher_z_AGP,BRD-K09372874,0.6299282941124105,0.7272383542538502,0.09731006014143984
A_module_fisher_z_AGP,BRD-K09426783,1.2612840302165285,1.7350152323644217,0.4737312021478934
A_module_fisher_z_AGP,BRD-K09471561,0.6357602001705946,0.7891192004098406,0.15335900023924606
A_module_fisher_z_AGP,BRD-K09711437,0.35498161482864427,0.621325837531115,0.26634422270247077
A_module_fisher_z_AGP,BRD-K09951645,0.6229138393326542,0.8874214939305287,0.2645076545978744
A_module_fisher_z_AGP,BRD-K10845183,0.44349663306432524,0.4645098135370271,0.021013180472701818
A_module_fisher_z_AGP,BRD-K10852020,0.31905925374523575,0.5355031036223759,0.21644384987714016
A_module_fisher_z_AGP,BRD-K11196887,0.3554102700623036,0.30938509247981116,-0.04602517758249236
A_module_fisher_z_AGP,BRD-K11399644,0.7060515793583675,0.9000081049212353,0.1939565255628678
A_module_fisher_z_AGP,BRD-K12219985,0.568669954769517,0.7490336373320257,0.18036368256250868
A_module_fisher_z_AGP,BRD-K12609457,0.5466139542989248,0.7157681010885065,0.1691541467895816
A_module_fisher_z_AGP,BRD-K12932420,0.3688523904667957,0.37794992251246967,0.009097532045673914
A_module_fisher_z_AGP,BRD-K12994359,0.38460745577146976,0.3492124172592151,-0.035395038512254645
A_module_fisher_z_AGP,BRD-K13050541,0.6057172668969824,0.6215446855768731,0.01582741867989086
A_module_fisher_z_AGP,BRD-K13154216,0.9104208957516313,0.9456038483305986,0.035182952578967
A_module_fisher_z_AGP,BRD-K13646352,1.0882128426481716,1.1310937799538494,0.042880937305677734
A_module_fisher_z_AGP,BRD-K13662825,1.0571958365140328,1.314887419814849,0.2576915833008159
A_module_fisher_z_AGP,BRD-K14175878,0.9414988967097657,0.9242835445506241,-0.01721535215914141
A_module_fisher_z_AGP,BRD-K14653796,0.41623285298934865,0.5445996966205808,0.1283668436312323
A_module_fisher_z_AGP,BRD-K14993104,0.30925318961816584,0.20368501059700245,-0.10556817902116337
A_module_fisher_z_AGP,BRD-K15010214,0.14074470970720923,0.3186536580563485,0.17790894834913923
A_module_fisher_z_AGP,BRD-K15108141,1.279648737072493,1.3984082006945697,0.11875946362207698
A_module_fisher_z_AGP,BRD-K15916496,0.9565325499937098,0.8995232948213749,-0.05700925517233498
A_module_fisher_z_AGP,BRD-K15933101,0.41399147979585066,0.39607888632332383,-0.01791259347252676
A_module_fisher_z_AGP,BRD-K16732600,0.7067644899183662,0.7734670031748389,0.06670251325647297
A_module_fisher_z_AGP,BRD-K17026858,0.4995540518349426,0.513556998475258,0.014002946640315591
A_module_fisher_z_AGP,BRD-K17944737,0.8558362491907677,0.9375946659924794,0.08175841680171202
A_module_fisher_z_AGP,BRD-K18324993,0.7558839765091396,1.0314422460026653,0.27555826949352585
A_module_fisher_z_AGP,BRD-K18678457,0.8777230372652508,1.15950107463035,0.2817780373650992
A_module_fisher_z_AGP,BRD-K18779551,0.41009973510537034,0.450962078988834,0.04086234388346355
A_module_fisher_z_AGP,BRD-K19388745,0.6499105659985676,0.6813923319316811,0.03148176593311354
A_module_fisher_z_AGP,BRD-K20001883,0.6255812116544951,0.8142640643607437,0.18868285270624854
A_module_fisher_z_AGP,BRD-K20738689,0.6373236730948784,0.6227838669944995,-0.014539806100378857
A_module_fisher_z_AGP,BRD-K21450440,0.7076137200405216,0.9115348143395582,0.20392109429903657
A_module_fisher_z_AGP,BRD-K21884483,0.5650702384271323,0.6945557793559778,0.12948554092884546
A_module_fisher_z_AGP,BRD-K22031190,0.46479888037265304,0.8056300145639926,0.3408311341913396
A_module_fisher_z_AGP,BRD-K22097830,0.63215834815038,0.6802992301030608,0.04814088195268091
A_module_fisher_z_AGP,BRD-K23082237,0.4167949639308586,0.6979345465600264,0.28113958262916794
A_module_fisher_z_AGP,BRD-K23190681,0.7660757983568046,1.1302258167565906,0.3641500183997859
A_module_fisher_z_AGP,BRD-K23228615,0.9637912261613703,1.1118351731117952,0.14804394695042508
A_module_fisher_z_AGP,BRD-K23984367,0.8586223859643467,0.9669001578222317,0.10827777185788508
A_module_fisher_z_AGP,BRD-K24723746,0.48972428713840366,0.575397456192731,0.08567316905432724
A_module_fisher_z_AGP,BRD-K24943235,0.2766870335169469,0.35576484990626006,0.07907781638931316
A_module_fisher_z_AGP,BRD-K25630527,0.8985811133759939,1.128351317255298,0.22977020387930422
A_module_fisher_z_AGP,BRD-K25650355,0.5241042079700189,0.41314702485820887,-0.11095718311181016
A_module_fisher_z_AGP,BRD-K26341917,0.6592506348977035,0.704538081520431,0.0452874466227275
A_module_fisher_z_AGP,BRD-K26619122,0.715004794738123,0.8411452313242436,0.12614043658612045
A_module_fisher_z_AGP,BRD-K29359156,0.5782525397505842,0.8713815085246827,0.2931289687740982
A_module_fisher_z_AGP,BRD-K29582115,0.6446110662975151,0.7549100661612242,0.1102989998637091
A_module_fisher_z_AGP,BRD-K29735307,0.5672088591408732,0.8906549467721315,0.3234460876312583
A_module_fisher_z_AGP,BRD-K29950728,0.6276222217766704,0.662288848275248,0.034666626498577637
A_module_fisher_z_AGP,BRD-K30126819,0.2463620451518892,0.36480501075911054,0.1184429656072213
A_module_fisher_z_AGP,BRD-K30466858,0.5794943263249909,0.9505243034505075,0.3710299771255168
A_module_fisher_z_AGP,BRD-K30685142,0.20734440532855725,0.20557800243535745,-0.001766402893199826
A_module_fisher_z_AGP,BRD-K31339321,0.8171851548471565,0.7623935509730302,-0.054791603874126314
A_module_fisher_z_AGP,BRD-K31342827,0.8214152562521894,0.9195217206348713,0.09810646438268218
A_module_fisher_z_AGP,BRD-K31447894,0.5362188900122711,0.4495104132209303,-0.08670847679134067
A_module_fisher_z_AGP,BRD-K31731454,0.14846230866971846,0.2403064841791929,0.09184417550947437
A_module_fisher_z_AGP,BRD-K32107296,0.3948977859851508,0.48129014325116465,0.08639235726601398
A_module_fisher_z_AGP,BRD-K32218650,0.4610055647941577,0.4998427977390159,0.03883723294485822
A_module_fisher_z_AGP,BRD-K32821942,0.39628641833556855,0.5617840304129831,0.16549761207741473
A_module_fisher_z_AGP,BRD-K33211335,0.25685702404560024,0.47904376697188616,0.22218674292628593
A_module_fisher_z_AGP,BRD-K33226500,0.523064715336518,0.5559333452835997,0.03286862994708178
A_module_fisher_z_AGP,BRD-K33379087,0.966113760843619,1.1049608049111859,0.13884704406756665
A_module_fisher_z_AGP,BRD-K33732501,0.5489578356597202,0.6117791698034397,0.06282133414371949
A_module_fisher_z_AGP,BRD-K34469523,0.40391753187023355,0.31612965342034693,-0.0877878784498866
A_module_fisher_z_AGP,BRD-K35169477,0.8875963768004534,1.2302888683354738,0.34269249153502074
A_module_fisher_z_AGP,BRD-K35775715,0.592865242276891,0.9084147463484195,0.3155495040715284
A_module_fisher_z_AGP,BRD-K35960502,0.5892688127064672,0.8150185871802367,0.22574977447376943
A_module_fisher_z_AGP,BRD-K37694030,0.23135241460421158,0.32264043294427647,0.09128801834006492
A_module_fisher_z_AGP,BRD-K40175214,0.9161389357645893,1.0978683165282375,0.1817293807636482
A_module_fisher_z_AGP,BRD-K42898655,0.7664493944200418,0.9342693319291446,0.16781993750910285
A_module_fisher_z_AGP,BRD-K43723251,0.3291760512081846,0.4466409392054471,0.1174648879972625
A_module_fisher_z_AGP,BRD-K43797669,0.683821223254915,0.7596138998025292,0.07579267654761428
A_module_fisher_z_AGP,BRD-K43802723,0.12667171257986062,0.17510801260739664,0.04843630002753608
A_module_fisher_z_AGP,BRD-K43806473,0.2859448609890018,0.5186034073062517,0.23265854631724986
A_module_fisher_z_AGP,BRD-K44844162,1.3064707430119453,1.4805384534474901,0.174067710435545
A_module_fisher_z_AGP,BRD-K45252063,0.08548711426062285,0.24005147093722334,0.15456435667660043
A_module_fisher_z_AGP,BRD-K45746021,0.5968425454533083,0.8135485861401499,0.21670604068684157
A_module_fisher_z_AGP,BRD-K46386702,0.9567833912930985,1.0654044636435192,0.10862107235042026
A_module_fisher_z_AGP,BRD-K46604138,0.4125974646743373,0.5796470118951332,0.1670495472207958
A_module_fisher_z_AGP,BRD-K46937689,0.95286209853746,1.2201529323400024,0.2672908338025425
A_module_fisher_z_AGP,BRD-K47000838,1.1868411161087902,1.1518082759548534,-0.03503284015393666
A_module_fisher_z_AGP,BRD-K48812570,0.7650106290230685,0.6335861261187005,-0.131424502904368
A_module_fisher_z_AGP,BRD-K48892307,0.2831778436475631,0.3630456493946248,0.0798678057470618
A_module_fisher_z_AGP,BRD-K49504902,0.6396128744548962,1.0034071120946135,0.36379423763971747
A_module_fisher_z_AGP,BRD-K49555808,0.5299254614509549,0.7225476604158872,0.1926221989649322
A_module_fisher_z_AGP,BRD-K49671696,0.42112405373886985,0.34634139227421007,-0.07478266146465978
A_module_fisher_z_AGP,BRD-K49865102,1.3056657884764697,1.6276176603185997,0.32195187184212976
A_module_fisher_z_AGP,BRD-K50031829,0.6210727455341103,0.9206345752906826,0.2995618297565722
A_module_fisher_z_AGP,BRD-K50133271,0.8351490895798023,0.888745404560216,0.05359631498041378
A_module_fisher_z_AGP,BRD-K50498985,0.6544219365208188,0.9339393384763977,0.27951740195557906
A_module_fisher_z_AGP,BRD-K51040301,0.3565819377220546,0.7319578937311219,0.3753759560090671
A_module_fisher_z_AGP,BRD-K51087630,0.469172813898076,0.5822593420845995,0.11308652818652362
A_module_fisher_z_AGP,BRD-K51677086,0.6924053665800941,0.7790550861950903,0.0866497196149962
A_module_fisher_z_AGP,BRD-K52172416,0.2296153804644969,0.26223880135722344,0.03262342089272654
A_module_fisher_z_AGP,BRD-K52989797,0.5551474529074565,1.1047905813609153,0.5496431284534591
A_module_fisher_z_AGP,BRD-K53417444,1.8315545990762883,1.5032313566831232,-0.32832324239316435
A_module_fisher_z_AGP,BRD-K53737926,0.604354480489726,0.793332629203541,0.18897814871381508
A_module_fisher_z_AGP,BRD-K53814070,0.6314341443999144,0.7503496703690271,0.11891552596911262
A_module_fisher_z_AGP,BRD-K53972329,0.7451116344093187,0.86744514219137,0.12233350778205135
A_module_fisher_z_AGP,BRD-K54006094,0.4485636481421428,0.5325989310307313,0.08403528288858841
A_module_fisher_z_AGP,BRD-K54847683,0.6277349430092494,0.6497495757117423,0.022014632702492952
A_module_fisher_z_AGP,BRD-K55748775,0.44320055530709784,0.544185741240258,0.10098518593316012
A_module_fisher_z_AGP,BRD-K55781385,0.6218151449411125,0.7401347257187435,0.1183195807776311
A_module_fisher_z_AGP,BRD-K55847762,0.6216911071871603,0.7687656689535429,0.14707456176638267
A_module_fisher_z_AGP,BRD-K55966568,0.2603715095749963,0.2872152446810692,0.02684373510607298
A_module_fisher_z_AGP,BRD-K56032964,0.6949468041896141,0.7398514875674779,0.04490468337786391
A_module_fisher_z_AGP,BRD-K56405753,0.7316684605960547,0.9117268713086274,0.18005841071257278
A_module_fisher_z_AGP,BRD-K56751279,0.9965365529600076,1.1906352654893724,0.19409871252936492
A_module_fisher_z_AGP,BRD-K56810756,0.5567956688493118,0.7023480274332932,0.1455523585839814
A_module_fisher_z_AGP,BRD-K57080016,1.2194559282472421,1.646314735167225,0.4268588069199827
A_module_fisher_z_AGP,BRD-K58114536,0.4620730936519928,0.6660563746664683,0.2039832810144756
A_module_fisher_z_AGP,BRD-K58951486,0.32685669612407264,0.5011874031934156,0.17433070706934306
A_module_fisher_z_AGP,BRD-K59013864,0.6239269837337482,0.7688259460434868,0.14489896230973845
A_module_fisher_z_AGP,BRD-K59058766,0.42465031936129827,0.6187226259348633,0.1940723065735651
A_module_fisher_z_AGP,BRD-K59227464,0.3147651082230804,0.6148399057863858,0.3000747975633055
A_module_fisher_z_AGP,BRD-K59331299,0.2902553575680575,0.41658898736777583,0.12633362979971827
A_module_fisher_z_AGP,BRD-K59524082,0.3206520172147786,0.5356760332821389,0.21502401606736055
A_module_fisher_z_AGP,BRD-K59929863,0.4464746718128295,0.30573622286728674,-0.14073844894554263
A_module_fisher_z_AGP,BRD-K60160658,0.6154001843950123,0.8671487017707987,0.2517485173757865
A_module_fisher_z_AGP,BRD-K60341624,0.5339846316581889,0.7207937387767037,0.18680910711851478
A_module_fisher_z_AGP,BRD-K60997853,1.1064329816666258,1.3138098115045826,0.2073768298379567
A_module_fisher_z_AGP,BRD-K61195623,1.6759936814367784,2.026627031656631,0.35063335021985265
A_module_fisher_z_AGP,BRD-K61250553,0.6608248298048913,0.9002964825964642,0.2394716527915729
A_module_fisher_z_AGP,BRD-K62200014,0.7415266469095041,0.886523352554546,0.14499670564504175
A_module_fisher_z_AGP,BRD-K62562723,0.5980622538712725,0.7998819850599002,0.20181973118862753
A_module_fisher_z_AGP,BRD-K63150726,0.8495651653127577,1.0608969522942608,0.21133178698150298
A_module_fisher_z_AGP,BRD-K63550407,0.41530862937586277,0.6076478859018968,0.1923392565260342
A_module_fisher_z_AGP,BRD-K63630713,0.35217326400746507,0.5662608884789262,0.21408762447146107
A_module_fisher_z_AGP,BRD-K64504314,0.45353825138716936,0.4269570995505725,-0.02658115183659689
A_module_fisher_z_AGP,BRD-K64755930,0.3744632298304666,0.3099373850755888,-0.06452584475487783
A_module_fisher_z_AGP,BRD-K64800655,1.2841700938864138,1.261767855934139,-0.022402237952274903
A_module_fisher_z_AGP,BRD-K65678996,0.6466812926634032,0.8773955417179862,0.23071424905458285
A_module_fisher_z_AGP,BRD-K65820248,0.9065359506968991,1.2878363698382826,0.3813004191413836
A_module_fisher_z_AGP,BRD-K65991129,0.7388758389903775,0.9460620022537779,0.20718616326340042
A_module_fisher_z_AGP,BRD-K65992024,0.5905580274845783,0.6488884548994828,0.058330427414904476
A_module_fisher_z_AGP,BRD-K67043667,0.7685225584665168,0.9974651845427869,0.22894262607627003
A_module_fisher_z_AGP,BRD-K68488863,1.0231712238071609,1.1846491631236957,0.1614779393165348
A_module_fisher_z_AGP,BRD-K68532323,1.5847936902684407,1.702073276840499,0.1172795865720582
A_module_fisher_z_AGP,BRD-K68552125,1.680414713835872,1.766183244922879,0.08576853108700686
A_module_fisher_z_AGP,BRD-K70401845,1.1986498443058746,1.381299253191604,0.18264940888572964
A_module_fisher_z_AGP,BRD-K70464547,0.6454785486762177,0.8266021657214521,0.18112361704523425
A_module_fisher_z_AGP,BRD-K70912147,0.5077877728845728,0.553866468911611,0.046078696027038096
A_module_fisher_z_AGP,BRD-K70914287,0.6067351529737517,0.6074876717121298,0.0007525187383780191
A_module_fisher_z_AGP,BRD-K71221037,1.0449961259738292,1.0446029005167294,-0.0003932254571000123
A_module_fisher_z_AGP,BRD-K72215350,0.618155668673054,0.775477384476133,0.15732171580307894
A_module_fisher_z_AGP,BRD-K73109821,1.5231870395201195,1.848272705866916,0.3250856663467964
A_module_fisher_z_AGP,BRD-K73319509,0.6165925240605589,0.6776730146736815,0.061080490613122596
A_module_fisher_z_AGP,BRD-K74363950,0.5520718060870652,0.5481705158277514,-0.003901290259313702
A_module_fisher_z_AGP,BRD-K74514084,0.8244467008431208,0.9179158156333417,0.09346911479022094
A_module_fisher_z_AGP,BRD-K74763371,0.602677625356796,0.7939122478049366,0.19123462244814068
A_module_fisher_z_AGP,BRD-K75024268,0.7367583408720089,0.8517722865292056,0.11501394565719664
A_module_fisher_z_AGP,BRD-K75089421,0.6615637420364431,0.6341743410645867,-0.027389400971856395
A_module_fisher_z_AGP,BRD-K75641298,0.32473311176904857,0.541441750515644,0.21670863874659554
A_module_fisher_z_AGP,BRD-K75844781,0.20319697325984923,0.39552916042953057,0.1923321871696813
A_module_fisher_z_AGP,BRD-K75911534,0.9841359528210002,1.0320945299422177,0.047958577121217365
A_module_fisher_z_AGP,BRD-K76197012,0.598408445004813,0.7049749839670062,0.1065665389621931
A_module_fisher_z_AGP,BRD-K76812510,0.48391560969201236,0.47932976065216487,-0.004585849039847368
A_module_fisher_z_AGP,BRD-K76908866,0.8079648068756013,0.7576949265284505,-0.050269880347150755
A_module_fisher_z_AGP,BRD-K77396579,1.0729126017447332,1.2095762399863503,0.1366636382416173
A_module_fisher_z_AGP,BRD-K78010432,0.6767536801993406,0.7870352286126153,0.1102815484132747
A_module_fisher_z_AGP,BRD-K78303961,0.35241567344097435,0.565636572621496,0.21322089918052173
A_module_fisher_z_AGP,BRD-K79404599,0.8797583447291475,0.7673905665361576,-0.11236777819298999
A_module_fisher_z_AGP,BRD-K79759585,0.5929828305335801,0.8598038767835906,0.2668210462500107
A_module_fisher_z_AGP,BRD-K80396088,0.44015323275042706,0.6289267088980418,0.1887734761476147
A_module_fisher_z_AGP,BRD-K80535353,0.6632109778713197,0.7782953696329442,0.11508439176162463
A_module_fisher_z_AGP,BRD-K80700417,0.8297692502882362,0.9214045321992297,0.09163528191099363
A_module_fisher_z_AGP,BRD-K81144366,0.8842553512544239,1.1250883540817633,0.24083300282733905
A_module_fisher_z_AGP,BRD-K81473089,0.6907372679327095,0.6795152778754007,-0.011221990057308971
A_module_fisher_z_AGP,BRD-K81672972,0.4918373150139138,0.5223980571600705,0.030560742146156505
A_module_fisher_z_AGP,BRD-K82244583,1.140271493529771,1.351124225275382,0.21085273174561053
A_module_fisher_z_AGP,BRD-K82795137,0.7063352870201027,0.9701306085478328,0.26379532152772983
A_module_fisher_z_AGP,BRD-K83508485,0.6202107597044847,0.8778383509686062,0.2576275912641215
A_module_fisher_z_AGP,BRD-K83794243,0.7168369891794968,0.5953782071981739,-0.12145878198132312
A_module_fisher_z_AGP,BRD-K84810405,0.6362987756770632,0.9029318460051492,0.26663307032808603
A_module_fisher_z_AGP,BRD-K86816506,0.8684114142131123,1.1975348871397928,0.32912347292668026
A_module_fisher_z_AGP,BRD-K87156652,0.5587727375941896,0.6918284540515174,0.13305571645732783
A_module_fisher_z_AGP,BRD-K87737963,0.7815377510137074,1.084091450002309,0.30255369898860157
A_module_fisher_z_AGP,BRD-K87782578,0.7104892008171668,1.0627969952728058,0.35230779445563876
A_module_fisher_z_AGP,BRD-K88429204,0.8428516644834083,1.0713889241577648,0.22853725967435634
A_module_fisher_z_AGP,BRD-K88510285,1.0375826125039884,1.5311353550206637,0.49355274251667514
A_module_fisher_z_AGP,BRD-K88611939,0.23632797027051725,0.5083804205017288,0.27205245023121166
A_module_fisher_z_AGP,BRD-K89375097,0.1497525319581448,0.23542957773799644,0.08567704577985163
A_module_fisher_z_AGP,BRD-K90195324,0.596860746476623,0.8315841328184638,0.23472338634184053
A_module_fisher_z_AGP,BRD-K91111634,0.06094778136231934,0.2237605742026865,0.1628127928403672
A_module_fisher_z_AGP,BRD-K91263825,0.7192725558330991,0.921061964513728,0.20178940868062906
A_module_fisher_z_AGP,BRD-K91336023,0.5606988670667701,0.7231700391936394,0.1624711721268694
A_module_fisher_z_AGP,BRD-K91822704,0.6166440319926063,0.6984211179805385,0.08177708598793233
A_module_fisher_z_AGP,BRD-K91825936,0.793371602211346,0.7588912068314595,-0.03448039537988628
A_module_fisher_z_AGP,BRD-K92049597,0.6089343548867193,0.754759725674427,0.1458253707877076
A_module_fisher_z_AGP,BRD-K92241597,0.7916413001844754,0.6736340205177663,-0.1180072796667092
A_module_fisher_z_AGP,BRD-K93618743,0.6240512290076108,0.733530918398869,0.10947968939125816
A_module_fisher_z_AGP,BRD-K93645900,0.7147183800988852,0.8186637625464448,0.10394538244755974
A_module_fisher_z_AGP,BRD-K93754473,0.8881925490711549,0.9535925610737286,0.06540001200257371
A_module_fisher_z_AGP,BRD-K93869735,0.49386533517178055,0.6046555358603508,0.11079020068857025
A_module_fisher_z_AGP,BRD-K93880783,0.9499120786783836,1.0684475437440706,0.11853546506568707
A_module_fisher_z_AGP,BRD-K93944989,0.13085224376535456,0.029824758314570616,-0.10102748545078395
A_module_fisher_z_AGP,BRD-K94288301,0.5532140989495204,0.6725966314826405,0.11938253253312012
A_module_fisher_z_AGP,BRD-K95921201,0.2975291540851415,0.28443129023140745,-0.013097863853734064
A_module_fisher_z_AGP,BRD-K96042922,0.3609174359348543,0.6561476574749003,0.295230221540046
A_module_fisher_z_AGP,BRD-K96123349,1.0410713071818796,1.1636025124436333,0.12253120526175396
A_module_fisher_z_AGP,BRD-K96550715,0.613933529410163,0.6979487191060769,0.08401518969591373
A_module_fisher_z_AGP,BRD-K97045029,0.31626917770028706,0.4717671224045309,0.15549794470424383
A_module_fisher_z_AGP,BRD-K97440753,0.5537667491605316,0.7370257679029036,0.1832590187423721
A_module_fisher_z_AGP,BRD-K97472745,0.6752243181987855,0.9362303869354369,0.2610060687366513
A_module_fisher_z_AGP,BRD-K97643133,0.6857733915091342,0.9797324688456853,0.29395907733655086
A_module_fisher_z_AGP,BRD-K98004573,0.5551673683864276,0.5493368186755043,-0.005830549710923221
A_module_fisher_z_AGP,BRD-K98453471,0.6436727147086763,0.4587544132351618,-0.18491830147351446
A_module_fisher_z_AGP,BRD-K98572433,1.48347739310061,1.570789882571709,0.08731248947109888
A_module_fisher_z_AGP,BRD-K99383816,0.09360693065974164,0.19240701331861595,0.0988000826588743
A_module_fisher_z_AGP,BRD-K99792991,1.1893446710461693,1.6540072137775026,0.46466254273133334
A_module_fisher_z_AGP,BRD-M89827113,0.33242887452605197,0.37062095078194957,0.03819207625589758
A_module_fisher_z_Cross-channel,BRD-A03623303,0.28530731504548773,0.433505344384376,0.1481980293388883
A_module_fisher_z_Cross-channel,BRD-A07440155,0.30878921393204384,0.47827914848101066,0.16948993454896688
A_module_fisher_z_Cross-channel,BRD-A08187463,0.45062711557642704,0.5917115913309026,0.14108447575447544
A_module_fisher_z_Cross-channel,BRD-A08545410,0.44839339898200375,0.5608359967480634,0.11244259776605967
A_module_fisher_z_Cross-channel,BRD-A10012892,0.5119959984424977,0.7093765833399538,0.1973805848974561
A_module_fisher_z_Cross-channel,BRD-A13188892,0.3219347987190939,0.3813509755108424,0.05941617679174847
A_module_fisher_z_Cross-channel,BRD-A14886633,0.3437822889905519,0.6727998043299191,0.3290175153393673
A_module_fisher_z_Cross-channel,BRD-A14941520,0.41713608677578806,0.5207109000434641,0.10357481326767601
A_module_fisher_z_Cross-channel,BRD-A16347691,0.9931273685351361,1.0321644049213434,0.039037036386207515
A_module_fisher_z_Cross-channel,BRD-A19195498,0.6256007496297883,0.6733488766160161,0.047748126986227886
A_module_fisher_z_Cross-channel,BRD-A20239487,0.8185093986324234,1.0213534321929707,0.20284403356054737
A_module_fisher_z_Cross-channel,BRD-A21607826,0.7314408267513325,0.9061477222181734,0.174706895466841
A_module_fisher_z_Cross-channel,BRD-A22032524,0.4405156610505859,0.6972901855318279,0.256774524481242
A_module_fisher_z_Cross-channel,BRD-A25619068,0.41289130139409513,0.3442932088885337,-0.06859809250556154
A_module_fisher_z_Cross-channel,BRD-A26032986,0.57296411172418,0.6119433063900617,0.03897919466588183
A_module_fisher_z_Cross-channel,BRD-A28787076,0.6132067697416457,0.8252149812006335,0.21200821145898782
A_module_fisher_z_Cross-channel,BRD-A29520968,0.5831679149181371,0.849989139605779,0.26682122468764186
A_module_fisher_z_Cross-channel,BRD-A29734509,0.5677415703093648,0.7381394478119002,0.17039787750253532
A_module_fisher_z_Cross-channel,BRD-A29844814,0.38483591723694677,0.4129443714470638,0.028108454210117047
A_module_fisher_z_Cross-channel,BRD-A31811760,0.2903393046724766,0.5681733956288111,0.2778340909563346
A_module_fisher_z_Cross-channel,BRD-A32172948,0.382432681933145,0.3751693526261813,-0.007263329306963691
A_module_fisher_z_Cross-channel,BRD-A33711280,0.43257773277934863,0.6739123090396945,0.24133457626034593
A_module_fisher_z_Cross-channel,BRD-A36331462,1.2051357784816867,1.4109346312100404,0.2057988527283537
A_module_fisher_z_Cross-channel,BRD-A38350138,0.38085671843359115,0.5189769160005172,0.13812019756692623
A_module_fisher_z_Cross-channel,BRD-A39390670,0.36176339791894113,0.4803385481146126,0.11857515019567143
A_module_fisher_z_Cross-channel,BRD-A39935389,0.4067265664303979,0.6760232732522229,0.26929670682182494
A_module_fisher_z_Cross-channel,BRD-A46179541,0.477748880487489,0.6009265493717977,0.12317766888430873
A_module_fisher_z_Cross-channel,BRD-A48237631,1.1475299952158318,1.3307584098916823,0.18322841467585055
A_module_fisher_z_Cross-channel,BRD-A48570745,0.724490802339955,0.8488100694084308,0.12431926706847582
A_module_fisher_z_Cross-channel,BRD-A49160188,0.4943813655390936,0.5919607331171061,0.09757936757801235
A_module_fisher_z_Cross-channel,BRD-A49838158,0.7344820905454505,0.9266905953238881,0.19220850477843746
A_module_fisher_z_Cross-channel,BRD-A50764878,0.6565693102509417,0.787614924033965,0.13104561378302335
A_module_fisher_z_Cross-channel,BRD-A51078674,0.8185525690918353,0.9077023584211561,0.08914978932932088
A_module_fisher_z_Cross-channel,BRD-A52922642,0.12090150821147352,0.24951752881016617,0.12861602059869265
A_module_fisher_z_Cross-channel,BRD-A55272860,0.4680485249847556,0.6964963187560085,0.2284477937712529
A_module_fisher_z_Cross-channel,BRD-A56085258,0.75351740045812,0.7908674711385395,0.037350070680419484
A_module_fisher_z_Cross-channel,BRD-A58280226,1.2361163774067387,1.413914298188468,0.17779792078172907
A_module_fisher_z_Cross-channel,BRD-A62071884,0.17239065887845448,0.4360832881392629,0.26369262926080844
A_module_fisher_z_Cross-channel,BRD-A65051990,0.5126833370679812,0.6089236321060585,0.0962402950380774
A_module_fisher_z_Cross-channel,BRD-A67616246,0.9988961113785807,0.9690259911004276,-0.029870120278152994
A_module_fisher_z_Cross-channel,BRD-A67862938,0.7869974884522012,0.8746396689327288,0.08764218048052753
A_module_fisher_z_Cross-channel,BRD-A68493689,0.347563793109781,0.6812313891063337,0.3336675959965526
A_module_fisher_z_Cross-channel,BRD-A68888262,0.9129287626723168,1.1205028317356602,0.2075740690633433
A_module_fisher_z_Cross-channel,BRD-A68942014,0.8205518762708377,1.101543207207162,0.28099133093632445
A_module_fisher_z_Cross-channel,BRD-A70998768,0.6087567627442968,0.887662431401065,0.27890566865676825
A_module_fisher_z_Cross-channel,BRD-A75305484,0.5738113652177965,0.8464755347359928,0.2726641695181963
A_module_fisher_z_Cross-channel,BRD-A75726477,0.6826313040985023,0.8166335794870915,0.1340022753885891
A_module_fisher_z_Cross-channel,BRD-A77216878,0.6788740548953367,0.7995748507038664,0.1207007958085294
A_module_fisher_z_Cross-channel,BRD-A78877355,0.6604305440357712,0.674035108439718,0.013604564403946785
A_module_fisher_z_Cross-channel,BRD-A82522119,0.8358008513643724,1.1411380977496648,0.3053372463852921
A_module_fisher_z_Cross-channel,BRD-A85548292,1.0518263772367593,1.338588927933147,0.28676255069638773
A_module_fisher_z_Cross-channel,BRD-A87983072,0.4774675204253111,0.5845543924909142,0.10708687206560309
A_module_fisher_z_Cross-channel,BRD-A91699651,0.40143703763676236,0.532678508772304,0.13124147113554183
A_module_fisher_z_Cross-channel,BRD-A93000692,0.5202822176681595,0.7371464649473456,0.21686424727918605
A_module_fisher_z_Cross-channel,BRD-A93964801,0.8535959288263719,0.8463620288949593,-0.007233899931412814
A_module_fisher_z_Cross-channel,BRD-A94543220,1.1460313515913088,1.385305040259139,0.23927368866783036
A_module_fisher_z_Cross-channel,BRD-A94756469,1.2760970362074326,1.4145698107192786,0.1384727745118455
A_module_fisher_z_Cross-channel,BRD-A95032015,0.5677497789943486,0.4787086720917886,-0.08904110690256001
A_module_fisher_z_Cross-channel,BRD-A98702003,1.2849163423616945,1.3462012508408354,0.06128490847914086
A_module_fisher_z_Cross-channel,BRD-A98990573,0.5861314855982882,0.798689094828513,0.21255760923022476
A_module_fisher_z_Cross-channel,BRD-K04112579,0.33623884760411465,0.6186051828717559,0.2823663352676411
A_module_fisher_z_Cross-channel,BRD-K04185004,0.17412204824452202,0.40391189821476314,0.2297898499702412
A_module_fisher_z_Cross-channel,BRD-K05236810,0.46616779145887144,0.5854242680951051,0.11925647663623355
A_module_fisher_z_Cross-channel,BRD-K05395900,0.40357364396928663,0.290320493117386,-0.11325315085190067
A_module_fisher_z_Cross-channel,BRD-K05524748,0.20641529841058923,0.2729601621678482,0.06654486375725892
A_module_fisher_z_Cross-channel,BRD-K06240250,0.5985293433752794,0.8665876394362544,0.26805829606097487
A_module_fisher_z_Cross-channel,BRD-K06294530,0.3496568311252423,0.3541599444802639,0.004503113355021543
A_module_fisher_z_Cross-channel,BRD-K06335600,0.22273321751336583,0.264267100209809,0.04153388269644319
A_module_fisher_z_Cross-channel,BRD-K06557128,0.17342361068365889,0.24036556327355152,0.06694195258989263
A_module_fisher_z_Cross-channel,BRD-K06900071,0.5521753314250057,0.6987809879282687,0.14660565650326285
A_module_fisher_z_Cross-channel,BRD-K07160047,0.245383814264611,0.30244243475189786,0.05705862048728694
A_module_fisher_z_Cross-channel,BRD-K07220430,0.3168047712060682,0.2768332988042969,-0.03997147240177132
A_module_fisher_z_Cross-channel,BRD-K07237224,-0.027589660026099267,0.04168302640032201,0.06927268642642129
A_module_fisher_z_Cross-channel,BRD-K07572174,0.6975084446473149,0.9262234791457993,0.22871503449848474
A_module_fisher_z_Cross-channel,BRD-K07881437,0.9279127749600432,1.1230926186299024,0.1951798436698594
A_module_fisher_z_Cross-channel,BRD-K08248804,0.7288694708659121,0.7617778176747303,0.032908346808818184
A_module_fisher_z_Cross-channel,BRD-K08252256,0.3838031050429657,0.45199133917162765,0.06818823412866196
A_module_fisher_z_Cross-channel,BRD-K08832567,0.6199296716653253,0.863191133404622,0.24326146173929666
A_module_fisher_z_Cross-channel,BRD-K09372874,0.6071016998049541,0.7381675514896405,0.13106585168468626
A_module_fisher_z_Cross-channel,BRD-K09426783,1.066630025632031,1.539286844419754,0.4726568187877231
A_module_fisher_z_Cross-channel,BRD-K09471561,0.7435921199460895,0.8459179915835495,0.10232587163746011
A_module_fisher_z_Cross-channel,BRD-K09711437,0.4155562665678133,0.6518465387130279,0.23629027214521459
A_module_fisher_z_Cross-channel,BRD-K09951645,0.751145316969998,0.7945728783692513,0.04342756139925334
A_module_fisher_z_Cross-channel,BRD-K10845183,0.49316461193967914,0.5070999322828524,0.0139353203431734
A_module_fisher_z_Cross-channel,BRD-K10852020,0.6879527023986388,0.8275015873240544,0.13954888492541556
A_module_fisher_z_Cross-channel,BRD-K11196887,0.5943202587673078,0.6002711127432282,0.0059508539759202846
A_module_fisher_z_Cross-channel,BRD-K11399644,0.8691627637749009,1.1793081090677995,0.3101453452928983
A_module_fisher_z_Cross-channel,BRD-K12219985,0.40943774963908175,0.5565999878286197,0.147162238189538
A_module_fisher_z_Cross-channel,BRD-K12609457,0.2347087971589793,0.4058072755567529,0.17109847839777353
A_module_fisher_z_Cross-channel,BRD-K12932420,0.3834328421528867,0.6280338803412046,0.24460103818831794
A_module_fisher_z_Cross-channel,BRD-K12994359,0.36708201971850196,0.4306316237083291,0.06354960398982708
A_module_fisher_z_Cross-channel,BRD-K13050541,0.5008059075132851,0.6562873985805739,0.15548149106728884
A_module_fisher_z_Cross-channel,BRD-K13154216,0.8759636549352684,0.7939554200298851,-0.0820082349053832
A_module_fisher_z_Cross-channel,BRD-K13646352,0.597342605828011,0.63762809451084,0.040285488682829024
A_module_fisher_z_Cross-channel,BRD-K13662825,0.9306028979182995,1.196905891214726,0.26630299329642665
A_module_fisher_z_Cross-channel,BRD-K14175878,0.6842406416077033,0.790092638690878,0.10585199708317465
A_module_fisher_z_Cross-channel,BRD-K14653796,0.4366546714964131,0.6071099333774226,0.17045526188100957
A_module_fisher_z_Cross-channel,BRD-K14993104,0.17068059914583145,0.1839498541964423,0.01326925505061084
A_module_fisher_z_Cross-channel,BRD-K15010214,0.19359894338956452,0.10042308207716687,-0.09317586131239763
A_module_fisher_z_Cross-channel,BRD-K15108141,0.7381750827805997,1.2015120444893768,0.46333696170877686
A_module_fisher_z_Cross-channel,BRD-K15916496,1.1093262059824334,1.0217544410313664,-0.08757176495106701
A_module_fisher_z_Cross-channel,BRD-K15933101,0.5555365668487546,0.7089727434566688,0.15343617660791417
A_module_fisher_z_Cross-channel,BRD-K16732600,0.9085836620014915,1.0055948251524394,0.09701116315094796
A_module_fisher_z_Cross-channel,BRD-K17026858,0.8939194679468501,0.8985776356701396,0.004658167723289873
A_module_fisher_z_Cross-channel,BRD-K17944737,0.9479549879992716,1.0312862473430253,0.08333125934375381
A_module_fisher_z_Cross-channel,BRD-K18324993,1.0069892823752715,1.0365977680431502,0.0296084856678785
A_module_fisher_z_Cross-channel,BRD-K18678457,0.8931489905380148,1.04973045275245,0.15658146221443528
A_module_fisher_z_Cross-channel,BRD-K18779551,0.36209414890431196,0.5602927176259437,0.19819856872163166
A_module_fisher_z_Cross-channel,BRD-K19388745,0.7189063138871492,0.8328493212989131,0.11394300741176377
A_module_fisher_z_Cross-channel,BRD-K20001883,0.6792337238924961,0.9117912124381876,0.23255748854569167
A_module_fisher_z_Cross-channel,BRD-K20738689,0.4349552030741639,0.418404711877878,-0.016550491196285957
A_module_fisher_z_Cross-channel,BRD-K21450440,0.7446115291545623,0.7669445427814204,0.02233301362685818
A_module_fisher_z_Cross-channel,BRD-K21884483,0.33576591228065655,0.5445877984235943,0.20882188614293773
A_module_fisher_z_Cross-channel,BRD-K22031190,0.4442609644800671,0.7770560244919137,0.33279506001184656
A_module_fisher_z_Cross-channel,BRD-K22097830,0.4652542586609735,0.47955009436276774,0.014295835701794237
A_module_fisher_z_Cross-channel,BRD-K23082237,0.35866739242330153,0.5754399051735829,0.2167725127502814
A_module_fisher_z_Cross-channel,BRD-K23190681,0.5515867896336819,0.7910584690861122,0.23947167945243036
A_module_fisher_z_Cross-channel,BRD-K23228615,0.7511256621548271,1.0793931333305415,0.32826747117571414
A_module_fisher_z_Cross-channel,BRD-K23984367,0.7908722222101492,0.9135087275951101,0.12263650538496086
A_module_fisher_z_Cross-channel,BRD-K24723746,0.5023416041271912,0.6154924422672656,0.11315083814007451
A_module_fisher_z_Cross-channel,BRD-K24943235,0.31797771568512795,0.30376950950033305,-0.01420820618479501
A_module_fisher_z_Cross-channel,BRD-K25630527,0.7377034383590407,0.8653555738749836,0.12765213551594298
A_module_fisher_z_Cross-channel,BRD-K25650355,0.4902100497564201,0.5767061480733772,0.08649609831695702
A_module_fisher_z_Cross-channel,BRD-K26341917,0.749598064584095,0.737068812182572,-0.012529252401523036
A_module_fisher_z_Cross-channel,BRD-K26619122,0.7614009271177232,0.9260844987418262,0.1646835716241029
A_module_fisher_z_Cross-channel,BRD-K29359156,0.8358687300008745,1.0091576904492412,0.1732889604483664
A_module_fisher_z_Cross-channel,BRD-K29582115,0.6343543633459521,0.7371355520677291,0.10278118872177691
A_module_fisher_z_Cross-channel,BRD-K29735307,0.6205356197773415,0.8148252756363292,0.1942896558589876
A_module_fisher_z_Cross-channel,BRD-K29950728,0.636935092260948,0.69234235886511,0.055407266604161926
A_module_fisher_z_Cross-channel,BRD-K30126819,0.30934540371875113,0.4249287717320661,0.11558336801331487
A_module_fisher_z_Cross-channel,BRD-K30466858,0.7340030820246946,0.7367416389567613,0.002738556932066663
A_module_fisher_z_Cross-channel,BRD-K30685142,0.3058421161571111,0.3622700427842675,0.056427926627156316
A_module_fisher_z_Cross-channel,BRD-K31339321,0.53413803523246,0.5786951959174869,0.04455716068502681
A_module_fisher_z_Cross-channel,BRD-K31342827,0.6687881885165999,0.7708744744379515,0.10208628592135167
A_module_fisher_z_Cross-channel,BRD-K31447894,0.5406650009028875,0.6670294965198291,0.12636449561694169
A_module_fisher_z_Cross-channel,BRD-K31731454,0.3091306312550208,0.5023391800906888,0.19320854883566793
A_module_fisher_z_Cross-channel,BRD-K32107296,0.2538669238724448,0.505009498942344,0.2511425750698992
A_module_fisher_z_Cross-channel,BRD-K32218650,0.2927581414407833,0.31316240503818105,0.020404263597397745
A_module_fisher_z_Cross-channel,BRD-K32821942,0.4657119482533538,0.5940128549227767,0.12830090666942282
A_module_fisher_z_Cross-channel,BRD-K33211335,0.4981731191709302,0.7871228910823228,0.2889497719113926
A_module_fisher_z_Cross-channel,BRD-K33226500,0.41748777604100695,0.7390645097096054,0.3215767336685983
A_module_fisher_z_Cross-channel,BRD-K33379087,0.6665957084397657,0.8283892840610814,0.16179357562131566
A_module_fisher_z_Cross-channel,BRD-K33732501,0.6282251016354394,0.7214612236624739,0.09323612202703435
A_module_fisher_z_Cross-channel,BRD-K34469523,0.4336717970323487,0.5205755909632805,0.08690379393093178
A_module_fisher_z_Cross-channel,BRD-K35169477,0.9067910693880942,1.364355528436644,0.4575644590485499
A_module_fisher_z_Cross-channel,BRD-K35775715,0.5701042256955684,0.7818469212353816,0.21174269553981315
A_module_fisher_z_Cross-channel,BRD-K35960502,0.8620494747481521,1.079047581288749,0.21699810654059723
A_module_fisher_z_Cross-channel,BRD-K37694030,0.3065451116129223,0.39083280733659503,0.08428769572367271
A_module_fisher_z_Cross-channel,BRD-K40175214,0.8009734075068323,1.1647944703736088,0.3638210628667762
A_module_fisher_z_Cross-channel,BRD-K42898655,0.6717831854284875,1.0333710172294621,0.3615878318009746
A_module_fisher_z_Cross-channel,BRD-K43723251,0.32017462534599445,0.6744857173019666,0.35431109195597227
A_module_fisher_z_Cross-channel,BRD-K43797669,0.46044562343703344,0.8058799777621947,0.34543435432516123
A_module_fisher_z_Cross-channel,BRD-K43802723,0.370100256835206,0.306977088684677,-0.06312316815052892
A_module_fisher_z_Cross-channel,BRD-K43806473,0.4138844563937249,0.6868280869486338,0.2729436305549089
A_module_fisher_z_Cross-channel,BRD-K44844162,0.9244654746868238,1.0563101990006425,0.13184472431381888
A_module_fisher_z_Cross-channel,BRD-K45252063,0.28378062175676244,0.5397234713044874,0.2559428495477249
A_module_fisher_z_Cross-channel,BRD-K45746021,0.5173882176364615,0.7653545340969896,0.24796631646052825
A_module_fisher_z_Cross-channel,BRD-K46386702,0.7923422109298813,0.8249743271546567,0.032632116224775354
A_module_fisher_z_Cross-channel,BRD-K46604138,0.45483734190589953,0.7182260372915703,0.263388695385671
A_module_fisher_z_Cross-channel,BRD-K46937689,0.9757865896058429,1.3050711067988976,0.32928451719305474
A_module_fisher_z_Cross-channel,BRD-K47000838,1.2612169802087267,1.2157928046312743,-0.04542417557745213
A_module_fisher_z_Cross-channel,BRD-K48812570,0.9384173451253235,0.9463692826416299,0.007951937516306323
A_module_fisher_z_Cross-channel,BRD-K48892307,0.6300597109513021,0.8814737298665135,0.2514140189152114
A_module_fisher_z_Cross-channel,BRD-K49504902,1.0451016288016743,1.4047026010450832,0.35960097224340853
A_module_fisher_z_Cross-channel,BRD-K49555808,0.7937581922130095,1.1411629683028637,0.34740477608985415
A_module_fisher_z_Cross-channel,BRD-K49671696,0.5975492591592472,0.5747003729527501,-0.0228488862064971
A_module_fisher_z_Cross-channel,BRD-K49865102,1.0117482957412454,1.1855997839753725,0.17385148823412744
A_module_fisher_z_Cross-channel,BRD-K50031829,0.646390569823149,0.9904048628005712,0.3440142929774221
A_module_fisher_z_Cross-channel,BRD-K50133271,1.1555480810165886,1.318003085071274,0.16245500405468533
A_module_fisher_z_Cross-channel,BRD-K50498985,0.8105378670156311,0.9325172959682162,0.12197942895258487
A_module_fisher_z_Cross-channel,BRD-K51040301,0.2768942275477756,0.655076173100565,0.3781819455527894
A_module_fisher_z_Cross-channel,BRD-K51087630,0.3909514197203007,0.552676077579243,0.16172465785894258
A_module_fisher_z_Cross-channel,BRD-K51677086,0.6699834922300384,0.9199713551484225,0.2499878629183842
A_module_fisher_z_Cross-channel,BRD-K52172416,0.31006944690056104,0.4763375710922748,0.16626812419171388
A_module_fisher_z_Cross-channel,BRD-K52989797,0.38935273468246745,0.8619683390186024,0.47261560433613503
A_module_fisher_z_Cross-channel,BRD-K53417444,1.4953005602406926,1.0846444756042286,-0.4106560846364642
A_module_fisher_z_Cross-channel,BRD-K53737926,0.41016315822686317,0.6806608458776658,0.27049768765080284
A_module_fisher_z_Cross-channel,BRD-K53814070,0.5284219318981314,0.7384683414251323,0.21004640952700093
A_module_fisher_z_Cross-channel,BRD-K53972329,0.5216219780898737,0.5679202292945149,0.046298251204641185
A_module_fisher_z_Cross-channel,BRD-K54006094,0.5693700530930516,0.776256095405361,0.20688604231230923
A_module_fisher_z_Cross-channel,BRD-K54847683,0.5180077370234446,0.5413752251438841,0.023367488120439636
A_module_fisher_z_Cross-channel,BRD-K55748775,0.43239754768566085,0.6436370334215512,0.2112394857358903
A_module_fisher_z_Cross-channel,BRD-K55781385,0.6401558288920536,0.7925671368282994,0.1524113079362458
A_module_fisher_z_Cross-channel,BRD-K55847762,0.7854460729050179,0.9655971622515543,0.18015108934653634
A_module_fisher_z_Cross-channel,BRD-K55966568,0.34960956937696985,0.4935012635215342,0.14389169414456435
A_module_fisher_z_Cross-channel,BRD-K56032964,0.7580491628252118,0.8547308878261403,0.09668172500092855
A_module_fisher_z_Cross-channel,BRD-K56405753,0.6227737351547215,0.7249214351813209,0.10214770002659945
A_module_fisher_z_Cross-channel,BRD-K56751279,0.6402599409206751,0.8552932384223187,0.21503329750164377
A_module_fisher_z_Cross-channel,BRD-K56810756,0.6569576002565454,0.8903024014039018,0.23334480114735662
A_module_fisher_z_Cross-channel,BRD-K57080016,0.7324396087926603,0.8364597377346936,0.10402012894203344
A_module_fisher_z_Cross-channel,BRD-K58114536,0.5324944687334722,0.702007124590389,0.16951265585691694
A_module_fisher_z_Cross-channel,BRD-K58951486,0.5935670249643389,0.7485366725398171,0.15496964757547815
A_module_fisher_z_Cross-channel,BRD-K59013864,0.7413015574095366,0.8963763635635073,0.15507480615397068
A_module_fisher_z_Cross-channel,BRD-K59058766,0.7181344776860078,0.9010461335491252,0.18291165586311736
A_module_fisher_z_Cross-channel,BRD-K59227464,0.5426400418073825,0.4013579971357806,-0.1412820446716019
A_module_fisher_z_Cross-channel,BRD-K59331299,0.45374339819834764,0.5633283054773508,0.10958490727900322
A_module_fisher_z_Cross-channel,BRD-K59524082,0.4272551899368426,0.4281203494071534,0.0008651594703107606
A_module_fisher_z_Cross-channel,BRD-K59929863,0.6722732129625677,0.7408653313566446,0.06859211839407676
A_module_fisher_z_Cross-channel,BRD-K60160658,0.7804155666401825,0.984428887750089,0.20401332110990628
A_module_fisher_z_Cross-channel,BRD-K60341624,0.6414161994111605,0.8259603957421807,0.18454419633102026
A_module_fisher_z_Cross-channel,BRD-K60997853,0.9599527186820721,1.1278813135892216,0.1679285949071493
A_module_fisher_z_Cross-channel,BRD-K61195623,1.3898100903278836,1.3521819274632927,-0.03762816286459045
A_module_fisher_z_Cross-channel,BRD-K61250553,0.6296118012960916,0.8522461641851075,0.222634362889016
A_module_fisher_z_Cross-channel,BRD-K62200014,0.6914653821779838,0.9259574152850281,0.2344920331070444
A_module_fisher_z_Cross-channel,BRD-K62562723,0.6154901847384088,0.6492113283526005,0.03372114361419176
A_module_fisher_z_Cross-channel,BRD-K63150726,0.9375623487323596,1.13191666188985,0.19435431315749022
A_module_fisher_z_Cross-channel,BRD-K63550407,0.7133774991930465,0.7068641120645593,-0.006513387128486984
A_module_fisher_z_Cross-channel,BRD-K63630713,0.7718172532482311,0.6277393394024072,-0.14407791384582394
A_module_fisher_z_Cross-channel,BRD-K64504314,0.4629234410607473,0.45382945249856327,-0.009093988562183955
A_module_fisher_z_Cross-channel,BRD-K64755930,0.5027698345216854,0.4422192699701016,-0.06055056455158378
A_module_fisher_z_Cross-channel,BRD-K64800655,1.281584777215749,1.4364538263025297,0.15486904908678134
A_module_fisher_z_Cross-channel,BRD-K65678996,0.5517167506457951,0.8216944445640048,0.2699776939182097
A_module_fisher_z_Cross-channel,BRD-K65820248,0.9544831185778934,1.2732384051633785,0.3187552865854853
A_module_fisher_z_Cross-channel,BRD-K65991129,0.7586321273259572,0.7354317827125991,-0.023200344613358077
A_module_fisher_z_Cross-channel,BRD-K65992024,0.7576683404139685,0.6967980551777954,-0.0608702852361733
A_module_fisher_z_Cross-channel,BRD-K67043667,0.9458865338158263,1.1585604730828534,0.21267393926702757
A_module_fisher_z_Cross-channel,BRD-K68488863,0.7778141911931822,0.9107676811867316,0.13295348999354928
A_module_fisher_z_Cross-channel,BRD-K68532323,0.9492636561698724,1.0497362620077455,0.10047260583787301
A_module_fisher_z_Cross-channel,BRD-K68552125,1.4272334256106398,1.6647255520696878,0.23749212645904777
A_module_fisher_z_Cross-channel,BRD-K70401845,1.1496718845605531,1.3200318361567842,0.1703599515962314
A_module_fisher_z_Cross-channel,BRD-K70464547,0.620074853028757,0.8879952222242493,0.26792036919549206
A_module_fisher_z_Cross-channel,BRD-K70912147,0.42716467874963127,0.5012933435147469,0.07412866476511568
A_module_fisher_z_Cross-channel,BRD-K70914287,0.40235911333478214,0.42854054901473043,0.026181435679948226
A_module_fisher_z_Cross-channel,BRD-K71221037,0.5490204845447447,0.6081482757404973,0.059127791195752656
A_module_fisher_z_Cross-channel,BRD-K72215350,0.47342527337083673,0.5380225383591739,0.06459726498833722
A_module_fisher_z_Cross-channel,BRD-K73109821,1.24212681057453,1.8218380829124254,0.5797112723378955
A_module_fisher_z_Cross-channel,BRD-K73319509,0.514795353909218,0.6434088989959579,0.12861354508673992
A_module_fisher_z_Cross-channel,BRD-K74363950,0.5795776181172994,0.7345918297002162,0.15501421158291684
A_module_fisher_z_Cross-channel,BRD-K74514084,0.8958416560221133,1.0326729673261337,0.13683131130402046
A_module_fisher_z_Cross-channel,BRD-K74763371,1.0879938223404597,1.2857974753815284,0.19780365304106878
A_module_fisher_z_Cross-channel,BRD-K75024268,0.5533723306631019,0.7666060233218743,0.21323369265877246
A_module_fisher_z_Cross-channel,BRD-K75089421,0.5873558529327564,0.6324757344583,0.04511988152554366
A_module_fisher_z_Cross-channel,BRD-K75641298,0.5375512730579686,0.9234808499754669,0.3859295769174983
A_module_fisher_z_Cross-channel,BRD-K75844781,0.4255932844825284,0.528412546188282,0.10281926170575383
A_module_fisher_z_Cross-channel,BRD-K75911534,0.7123366397295074,0.8738064013932951,0.1614697616637878
A_module_fisher_z_Cross-channel,BRD-K76197012,0.40193354703059725,0.655351851632017,0.25341830460141973
A_module_fisher_z_Cross-channel,BRD-K76812510,0.26099358595017935,0.3692964858755755,0.1083028999253961
A_module_fisher_z_Cross-channel,BRD-K76908866,0.725372235456573,0.8082033105117399,0.0828310750551669
A_module_fisher_z_Cross-channel,BRD-K77396579,0.7359407704372869,0.9007476053783192,0.16480683494103246
A_module_fisher_z_Cross-channel,BRD-K78010432,0.6009644829292176,0.8491044995862816,0.24814001665706392
A_module_fisher_z_Cross-channel,BRD-K78303961,0.667720573323206,0.9585641661289357,0.29084359280572936
A_module_fisher_z_Cross-channel,BRD-K79404599,0.8510639562585163,0.5445721042183762,-0.30649185204014007
A_module_fisher_z_Cross-channel,BRD-K79759585,0.46627095363096316,0.6525593477937438,0.18628839416278062
A_module_fisher_z_Cross-channel,BRD-K80396088,0.5310497982243798,0.8383020920964738,0.307252293872094
A_module_fisher_z_Cross-channel,BRD-K80535353,0.5470938401404024,0.9386558257535749,0.3915619856131724
A_module_fisher_z_Cross-channel,BRD-K80700417,0.6670120832038523,0.7762160761950933,0.10920399299124105
A_module_fisher_z_Cross-channel,BRD-K81144366,0.865340465857371,1.1468065349957381,0.28146606913836714
A_module_fisher_z_Cross-channel,BRD-K81473089,0.801651744715351,0.8213533279374423,0.019701583222091108
A_module_fisher_z_Cross-channel,BRD-K81672972,0.3529050040116568,0.5041614144113296,0.15125641039967275
A_module_fisher_z_Cross-channel,BRD-K82244583,0.8500132480286493,0.9806917679833739,0.13067851995472454
A_module_fisher_z_Cross-channel,BRD-K82795137,0.8006971238792987,0.9246314390930278,0.12393431521372882
A_module_fisher_z_Cross-channel,BRD-K83508485,0.7805842093580544,0.9413000496408674,0.160715840282813
A_module_fisher_z_Cross-channel,BRD-K83794243,0.6560540716022927,0.6947949586938542,0.03874088709156162
A_module_fisher_z_Cross-channel,BRD-K84810405,0.8742749716977448,1.2944847049980162,0.42020973330027167
A_module_fisher_z_Cross-channel,BRD-K86816506,1.0436027255796196,1.3467654598396488,0.3031627342600294
A_module_fisher_z_Cross-channel,BRD-K87156652,0.5687205510200567,0.9281096896076595,0.35938913858760274
A_module_fisher_z_Cross-channel,BRD-K87737963,0.9386172546201527,1.0775428884055471,0.13892563378539455
A_module_fisher_z_Cross-channel,BRD-K87782578,0.7878270606916098,1.0414892762756383,0.25366221558402846
A_module_fisher_z_Cross-channel,BRD-K88429204,0.7910000261855592,1.0320078134293995,0.2410077872438402
A_module_fisher_z_Cross-channel,BRD-K88510285,1.213481794356389,1.4765013930318633,0.2630195986754744
A_module_fisher_z_Cross-channel,BRD-K88611939,0.4583560265965068,0.6828945431662969,0.2245385165697903
A_module_fisher_z_Cross-channel,BRD-K89375097,0.26874745409261447,0.5121343223050346,0.24338686821242028
A_module_fisher_z_Cross-channel,BRD-K90195324,0.6146338106718576,0.8629080341527273,0.24827422348086958
A_module_fisher_z_Cross-channel,BRD-K91111634,0.23890429578034933,0.2853346578245779,0.04643036204422859
A_module_fisher_z_Cross-channel,BRD-K91263825,0.6176365561036697,0.8795043011509743,0.2618677450473046
A_module_fisher_z_Cross-channel,BRD-K91336023,0.8037853090902812,0.8341088178912324,0.030323508800951235
A_module_fisher_z_Cross-channel,BRD-K91822704,0.5523587458357959,0.7941988433068582,0.2418400974710623
A_module_fisher_z_Cross-channel,BRD-K91825936,0.7344152486844063,0.9456310079470635,0.211215759262657
A_module_fisher_z_Cross-channel,BRD-K92049597,0.7280535373548885,0.9824175674068818,0.2543640300519935
A_module_fisher_z_Cross-channel,BRD-K92241597,1.3141123256473195,1.1378599475800788,-0.1762523780672409
A_module_fisher_z_Cross-channel,BRD-K93618743,0.9007108877632118,1.154617552433064,0.253906664669852
A_module_fisher_z_Cross-channel,BRD-K93645900,0.7521985704757944,1.0025536807011508,0.2503551102253565
A_module_fisher_z_Cross-channel,BRD-K93754473,0.8252893190734957,0.9284482834696577,0.10315896439616194
A_module_fisher_z_Cross-channel,BRD-K93869735,0.5376929020453,0.6849093766133106,0.14721647456801085
A_module_fisher_z_Cross-channel,BRD-K93880783,0.8156924394122096,1.0185018810853728,0.20280944167316312
A_module_fisher_z_Cross-channel,BRD-K93944989,0.32794202225722996,0.31117941976418223,-0.016762602493047726
A_module_fisher_z_Cross-channel,BRD-K94288301,0.9003110385836255,0.9162449179844219,0.015933879400796408
A_module_fisher_z_Cross-channel,BRD-K95921201,0.5008377332210957,0.4034252179755127,-0.09741251524558314
A_module_fisher_z_Cross-channel,BRD-K96042922,0.46506746159254675,0.7324277478845619,0.26736028629201525
A_module_fisher_z_Cross-channel,BRD-K96123349,0.8748342536880269,0.9231069758582723,0.04827272217024534
A_module_fisher_z_Cross-channel,BRD-K96550715,0.5997203254377402,0.7911038559577364,0.19138353051999601
A_module_fisher_z_Cross-channel,BRD-K97045029,0.4853987691272954,0.7385001263248463,0.2531013571975509
A_module_fisher_z_Cross-channel,BRD-K97440753,0.254573118460988,0.5076660636563322,0.25309294519534414
A_module_fisher_z_Cross-channel,BRD-K97472745,0.4781457192906984,0.9032785452906185,0.4251328259999199
A_module_fisher_z_Cross-channel,BRD-K97643133,0.759136736942883,0.9919354792109117,0.23279874226802885
A_module_fisher_z_Cross-channel,BRD-K98004573,0.5704396634783471,0.6078737099973923,0.037434046519045076
A_module_fisher_z_Cross-channel,BRD-K98453471,0.20307224321967932,0.18097541251952506,-0.02209683070015424
A_module_fisher_z_Cross-channel,BRD-K98572433,1.1748245800559793,1.3217336246695504,0.1469090446135707
A_module_fisher_z_Cross-channel,BRD-K99383816,0.27054689955100203,0.2861762137673631,0.01562931421636098
A_module_fisher_z_Cross-channel,BRD-K99792991,1.0037966668067615,1.3206245395360743,0.31682787272931295
A_module_fisher_z_Cross-channel,BRD-M89827113,0.3177613935902893,0.46675988257181594,0.14899848898152662
A_module_fisher_z_DNA,BRD-A03623303,0.24204199681083396,0.3071158599500764,0.0650738631392424
A_module_fisher_z_DNA,BRD-A07440155,0.3967854320053013,0.5638267987094487,0.16704136670414746
A_module_fisher_z_DNA,BRD-A08187463,0.043740955751902975,0.24481397219614756,0.20107301644424458
A_module_fisher_z_DNA,BRD-A08545410,0.6157762986753846,0.708407813992865,0.09263151531748053
A_module_fisher_z_DNA,BRD-A10012892,0.4247087997555378,0.5229533671955493,0.09824456744001148
A_module_fisher_z_DNA,BRD-A13188892,0.5395409105637223,0.5975739315533511,0.058033020989628606
A_module_fisher_z_DNA,BRD-A14886633,0.5171955215186691,0.8427976403138469,0.32560211879517775
A_module_fisher_z_DNA,BRD-A14941520,0.48501820921535604,0.42835278970629326,-0.05666541950906285
A_module_fisher_z_DNA,BRD-A16347691,0.672875161024861,0.7231303173248226,0.050255156299961606
A_module_fisher_z_DNA,BRD-A19195498,0.6597860044322121,0.8587286255058866,0.19894262107367439
A_module_fisher_z_DNA,BRD-A20239487,0.6627061103542062,0.6390820943515012,-0.023624016002705025
A_module_fisher_z_DNA,BRD-A21607826,0.7105635321411105,0.902156201397444,0.1915926692563334
A_module_fisher_z_DNA,BRD-A22032524,0.3758668175560513,0.6223424180881001,0.2464756005320488
A_module_fisher_z_DNA,BRD-A25619068,0.21208957554352592,0.2650213194972534,0.05293174395372751
A_module_fisher_z_DNA,BRD-A26032986,0.6077943286719368,0.504922703276414,-0.10287162539552287
A_module_fisher_z_DNA,BRD-A28787076,0.39316077036750624,0.44197002417476483,0.0488092538072586
A_module_fisher_z_DNA,BRD-A29520968,0.5291466333477293,0.6331280878603021,0.10398145451257282
A_module_fisher_z_DNA,BRD-A29734509,0.3640246291027311,0.3243780561760392,-0.03964657292669191
A_module_fisher_z_DNA,BRD-A29844814,0.38529373137490647,0.18607712491945586,-0.1992166064554506
A_module_fisher_z_DNA,BRD-A31811760,0.4142403555878815,0.5619370268593344,0.14769667127145286
A_module_fisher_z_DNA,BRD-A32172948,0.4780705400762169,0.2709042890345261,-0.20716625104169062
A_module_fisher_z_DNA,BRD-A33711280,0.6051117077793536,0.860213445688844,0.2551017379094903
A_module_fisher_z_DNA,BRD-A36331462,1.0851087288513046,1.2448404724613256,0.159731743610021
A_module_fisher_z_DNA,BRD-A38350138,0.23468690617369306,0.4489860977796605,0.2142991916059674
A_module_fisher_z_DNA,BRD-A39390670,0.3708412335292564,0.5062517312388874,0.13541049770963118
A_module_fisher_z_DNA,BRD-A39935389,1.0102109941676447,1.307406857658106,0.29719586349046123
A_module_fisher_z_DNA,BRD-A46179541,0.4983582404303058,0.6365278133689075,0.1381695729386016
A_module_fisher_z_DNA,BRD-A48237631,1.5582273808991918,1.7557813494546854,0.19755396855549331
A_module_fisher_z_DNA,BRD-A48570745,0.7441078276278398,0.7886771548848446,0.04456932725700494
A_module_fisher_z_DNA,BRD-A49160188,0.5426501082842345,0.6491051591730984,0.10645505088886371
A_module_fisher_z_DNA,BRD-A49838158,0.8374518200531376,1.0277841564316932,0.19033233637855573
A_module_fisher_z_DNA,BRD-A50764878,0.5676606244894871,0.674964636431055,0.10730401194156809
A_module_fisher_z_DNA,BRD-A51078674,0.5663821274704901,0.5587742314038183,-0.007607896066671758
A_module_fisher_z_DNA,BRD-A52922642,0.03542742917831934,0.12797425362235415,0.09254682444403481
A_module_fisher_z_DNA,BRD-A55272860,0.2383236755971217,0.3572293487580587,0.11890567316093696
A_module_fisher_z_DNA,BRD-A56085258,0.5678204834082092,0.7018115565008332,0.133991073092624
A_module_fisher_z_DNA,BRD-A58280226,1.160821603581076,1.3717337941123062,0.21091219053123017
A_module_fisher_z_DNA,BRD-A62071884,0.0477392814741412,0.1485535181244876,0.10081423665034644
A_module_fisher_z_DNA,BRD-A65051990,0.4716825884143675,0.5340875701448178,0.06240498173045036
A_module_fisher_z_DNA,BRD-A67616246,0.5881684099560924,0.7768588652759332,0.18869045531984086
A_module_fisher_z_DNA,BRD-A67862938,0.3761742485788532,0.633358489987679,0.25718424140882584
A_module_fisher_z_DNA,BRD-A68493689,0.338039643847299,0.4013840949677452,0.06334445112044607
A_module_fisher_z_DNA,BRD-A68888262,0.7153796339473536,0.8832741180111694,0.16789448406381582
A_module_fisher_z_DNA,BRD-A68942014,0.4812878567225434,0.6816724695668054,0.20038461284426198
A_module_fisher_z_DNA,BRD-A70998768,0.49939515799266476,0.693355189359847,0.19396003136718212
A_module_fisher_z_DNA,BRD-A75305484,0.5553050782886227,0.7655604523516732,0.2102553740630507
A_module_fisher_z_DNA,BRD-A75726477,0.5976574334995922,0.7419100284782436,0.1442525949786514
A_module_fisher_z_DNA,BRD-A77216878,0.3536690295122303,0.3711422252442871,0.017473195732056856
A_module_fisher_z_DNA,BRD-A78877355,0.41256341874476293,0.31722440903053184,-0.09533900971423107
A_module_fisher_z_DNA,BRD-A82522119,0.655016320505572,0.8555477244687427,0.20053140396317054
A_module_fisher_z_DNA,BRD-A85548292,0.8017344285096498,0.9283329011876602,0.12659847267801044
A_module_fisher_z_DNA,BRD-A87983072,0.5360427000212289,0.5526980743972529,0.01665537437602413
A_module_fisher_z_DNA,BRD-A91699651,0.36850964044881773,0.46359181318693693,0.09508217273811924
A_module_fisher_z_DNA,BRD-A93000692,0.2681660010580438,0.4247661226474691,0.1566001215894253
A_module_fisher_z_DNA,BRD-A93964801,0.4883371668296585,0.6979308995640119,0.20959373273435333
A_module_fisher_z_DNA,BRD-A94543220,0.674058070343162,0.8606421184371603,0.18658404809399828
A_module_fisher_z_DNA,BRD-A94756469,1.3126118292224533,1.3425513618338545,0.029939532611401254
A_module_fisher_z_DNA,BRD-A95032015,0.09753905386384289,0.13935678478909652,0.041817730925253635
A_module_fisher_z_DNA,BRD-A98702003,0.8338326677013308,0.882695959710879,0.04886329200954793
A_module_fisher_z_DNA,BRD-A98990573,0.7033628476383613,0.8390229668163296,0.1356601191779683
A_module_fisher_z_DNA,BRD-K04112579,0.5066088799173065,0.8441691419138324,0.33756026199652583
A_module_fisher_z_DNA,BRD-K04185004,0.3191090415425006,0.6272356004859527,0.30812655894345226
A_module_fisher_z_DNA,BRD-K05236810,0.5979685435084724,0.6912035650666116,0.09323502155813904
A_module_fisher_z_DNA,BRD-K05395900,0.33139925766329176,0.26047048025335134,-0.07092877740994039
A_module_fisher_z_DNA,BRD-K05524748,0.6454216586450858,0.7194549998524017,0.07403334120731572
A_module_fisher_z_DNA,BRD-K06240250,0.5078635712459306,0.7081184472467148,0.20025487600078415
A_module_fisher_z_DNA,BRD-K06294530,0.5536589877454463,0.6746413603685635,0.12098237262311705
A_module_fisher_z_DNA,BRD-K06335600,0.14820827009942136,0.1909971270925899,0.042788856993168534
A_module_fisher_z_DNA,BRD-K06557128,0.3477992932067538,0.38470571572106455,0.03690642251431077
A_module_fisher_z_DNA,BRD-K06900071,0.4330084853758349,0.569128755544058,0.13612027016822303
A_module_fisher_z_DNA,BRD-K07160047,0.7574439128519469,0.9393026757328646,0.18185876288091768
A_module_fisher_z_DNA,BRD-K07220430,0.09001613303172301,0.3064658684047237,0.2164497353730007
A_module_fisher_z_DNA,BRD-K07237224,0.09958893045732388,0.15575398700763957,0.05616505655031569
A_module_fisher_z_DNA,BRD-K07572174,0.5702302491469728,0.6862947760473579,0.11606452690038514
A_module_fisher_z_DNA,BRD-K07881437,1.4082690890891705,1.5412769272687308,0.13300783817956063
A_module_fisher_z_DNA,BRD-K08248804,0.7002283742043831,0.7249502934293742,0.02472191922499096
A_module_fisher_z_DNA,BRD-K08252256,0.3577858573911833,0.5029159511037653,0.14513009371258206
A_module_fisher_z_DNA,BRD-K08832567,0.5955245659519743,0.7341495768545814,0.13862501090260695
A_module_fisher_z_DNA,BRD-K09372874,0.8932089779465535,1.1056944994462736,0.2124855214997201
A_module_fisher_z_DNA,BRD-K09426783,1.4945236485742996,1.6086271343986276,0.11410348582432789
A_module_fisher_z_DNA,BRD-K09471561,0.5211869613866419,0.5321359900043308,0.01094902861768889
A_module_fisher_z_DNA,BRD-K09711437,0.16739199411321964,0.4148450250743553,0.24745303096113572
A_module_fisher_z_DNA,BRD-K09951645,0.778565772851805,0.8189897805853643,0.040424007733559475
A_module_fisher_z_DNA,BRD-K10845183,0.3790520961045517,0.3397778426153135,-0.03927425348923815
A_module_fisher_z_DNA,BRD-K10852020,0.45216226147492894,0.5745331321159548,0.12237087064102588
A_module_fisher_z_DNA,BRD-K11196887,0.45097507825158406,0.431814139459677,-0.01916093879190705
A_module_fisher_z_DNA,BRD-K11399644,0.7635377613743983,0.9568163854651147,0.19327862409071636
A_module_fisher_z_DNA,BRD-K12219985,0.4930014034769477,0.5217308478521789,0.028729444375231134
A_module_fisher_z_DNA,BRD-K12609457,0.5799698749149055,0.8027521402660283,0.22278226535112275
A_module_fisher_z_DNA,BRD-K12932420,0.46646478744817976,0.7000263585577441,0.23356157110956424
A_module_fisher_z_DNA,BRD-K12994359,0.3617522098894679,0.46230242484483675,0.10055021495536881
A_module_fisher_z_DNA,BRD-K13050541,0.917725918957695,1.0619519278032845,0.14422600884558975
A_module_fisher_z_DNA,BRD-K13154216,1.3771959457564285,1.6116741194802406,0.2344781737238123
A_module_fisher_z_DNA,BRD-K13646352,1.168139049461696,1.2556473163424784,0.0875082668807824
A_module_fisher_z_DNA,BRD-K13662825,1.3655212381907442,1.5694729526125966,0.20395171442185236
A_module_fisher_z_DNA,BRD-K14175878,0.7666408307850716,0.6710679043445134,-0.09557292644055831
A_module_fisher_z_DNA,BRD-K14653796,0.22767458416192488,0.37901158128451684,0.15133699712259197
A_module_fisher_z_DNA,BRD-K14993104,0.13632862202389914,0.11540723137569861,-0.02092139064820052
A_module_fisher_z_DNA,BRD-K15010214,-0.12323059850656673,-0.0021336586661125307,0.12109693984045422
A_module_fisher_z_DNA,BRD-K15108141,1.4483344281525032,1.5529192437217532,0.10458481556924998
A_module_fisher_z_DNA,BRD-K15916496,0.7135411302783867,0.640572037206988,-0.07296909307139877
A_module_fisher_z_DNA,BRD-K15933101,0.5764268294274116,0.4886787642594872,-0.08774806516792438
A_module_fisher_z_DNA,BRD-K16732600,0.7808672406660588,0.8028048707235239,0.021937630057465185
A_module_fisher_z_DNA,BRD-K17026858,0.9529107138118663,0.9890227205916342,0.036112006779767954
A_module_fisher_z_DNA,BRD-K17944737,0.7172588516152839,0.7854047914980029,0.06814593988271898
A_module_fisher_z_DNA,BRD-K18324993,0.8483943143912291,0.6114391972524174,-0.2369551171388119
A_module_fisher_z_DNA,BRD-K18678457,1.3415681637356796,0.918483516315754,-0.423084647419926
A_module_fisher_z_DNA,BRD-K18779551,0.5173716462396132,0.7696625895589896,0.25229094331937607
A_module_fisher_z_DNA,BRD-K19388745,0.5642135580409348,0.7926425511202448,0.2284289930793101
A_module_fisher_z_DNA,BRD-K20001883,0.6251825338099426,0.7141651289633398,0.08898259515339732
A_module_fisher_z_DNA,BRD-K20738689,0.37738942738863107,0.44955877554452134,0.0721693481558901
A_module_fisher_z_DNA,BRD-K21450440,0.292760305793613,0.27118750120730245,-0.021572804586310546
A_module_fisher_z_DNA,BRD-K21884483,0.3484065851284338,0.32361050545418857,-0.024796079674245235
A_module_fisher_z_DNA,BRD-K22031190,0.49767609497771836,0.7123423906293672,0.21466629565164874
A_module_fisher_z_DNA,BRD-K22097830,0.48624996227595196,0.5933711025990834,0.10712114032313144
A_module_fisher_z_DNA,BRD-K23082237,0.27198639229800536,0.2346677759818515,-0.03731861631615383
A_module_fisher_z_DNA,BRD-K23190681,0.48525130324634397,0.7186586538042828,0.23340735055793876
A_module_fisher_z_DNA,BRD-K23228615,0.9468009973769446,1.1562485052267995,0.20944750784985486
A_module_fisher_z_DNA,BRD-K23984367,0.9398527008893731,0.9638782574070885,0.024025556517715613
A_module_fisher_z_DNA,BRD-K24723746,0.4542233486503267,0.5213395177303091,0.06711616907998247
A_module_fisher_z_DNA,BRD-K24943235,0.2806504540292925,0.24818368597120447,-0.032466768058087986
A_module_fisher_z_DNA,BRD-K25630527,0.8899359059114624,0.9904309881686655,0.10049508225720294
A_module_fisher_z_DNA,BRD-K25650355,0.34425005784826596,0.4892418252802579,0.14499176743199188
A_module_fisher_z_DNA,BRD-K26341917,0.4717434543632172,0.5441533220828437,0.07240986771962653
A_module_fisher_z_DNA,BRD-K26619122,0.6499107889456615,0.8151811504274157,0.16527036148175414
A_module_fisher_z_DNA,BRD-K29359156,0.7197875242242949,0.7200046582086207,0.00021713398432576185
A_module_fisher_z_DNA,BRD-K29582115,0.6445439313545793,0.7340796275556507,0.08953569620107144
A_module_fisher_z_DNA,BRD-K29735307,0.7070700917251114,0.7474508976742246,0.040380805949113335
A_module_fisher_z_DNA,BRD-K29950728,0.3854247759589644,0.4585046014494865,0.07307982549052212
A_module_fisher_z_DNA,BRD-K30126819,0.6076761846608886,0.46557682542867546,-0.14209935923221317
A_module_fisher_z_DNA,BRD-K30466858,0.8577483116715404,0.8009999643394818,-0.056748347332058496
A_module_fisher_z_DNA,BRD-K30685142,0.18550829886445375,0.24000064892847206,0.054492350064018286
A_module_fisher_z_DNA,BRD-K31339321,0.7546839456582619,0.7066727766712313,-0.04801116898703068
A_module_fisher_z_DNA,BRD-K31342827,0.8251968011846365,0.8656530208097472,0.04045621962511086
A_module_fisher_z_DNA,BRD-K31447894,0.34507770199012683,0.41435102900024634,0.06927332701011947
A_module_fisher_z_DNA,BRD-K31731454,0.5676220768282683,0.5040078892633657,-0.06361418756490271
A_module_fisher_z_DNA,BRD-K32107296,0.20029760306396543,0.49144266631712114,0.29114506325315576
A_module_fisher_z_DNA,BRD-K32218650,0.39762414688182113,0.4757013923296399,0.07807724544781876
A_module_fisher_z_DNA,BRD-K32821942,0.31593490549201836,0.40627994659293004,0.09034504110091172
A_module_fisher_z_DNA,BRD-K33211335,0.38011730402697674,0.5715530274957781,0.19143572346880125
A_module_fisher_z_DNA,BRD-K33226500,0.38704606343492665,0.7020580512885274,0.3150119878536005
A_module_fisher_z_DNA,BRD-K33379087,1.1710955255068274,1.122195665312156,-0.04889986019467104
A_module_fisher_z_DNA,BRD-K33732501,0.46339402445402583,0.5751288003086747,0.11173477585464887
A_module_fisher_z_DNA,BRD-K34469523,0.30934287360909746,0.368660816883234,0.0593179432741365
A_module_fisher_z_DNA,BRD-K35169477,0.8972733229626804,1.380916171581517,0.48364284861883644
A_module_fisher_z_DNA,BRD-K35775715,0.46795710283182235,0.6885532883220687,0.22059618549024626
A_module_fisher_z_DNA,BRD-K35960502,0.7742643298242949,0.9861477534575331,0.21188342363323834
A_module_fisher_z_DNA,BRD-K37694030,0.5512589940840821,0.5412988384603842,-0.009960155623697994
A_module_fisher_z_DNA,BRD-K40175214,1.1270874513867855,1.156663653100475,0.02957620171368984
A_module_fisher_z_DNA,BRD-K42898655,0.9046953153880809,1.156602030662164,0.251906715274083
A_module_fisher_z_DNA,BRD-K43723251,0.2625943088175327,0.38225120650473854,0.11965689768720582
A_module_fisher_z_DNA,BRD-K43797669,0.795053290971449,0.9852388317089802,0.19018554073753136
A_module_fisher_z_DNA,BRD-K43802723,0.25881378043831355,0.1584026848314799,-0.1004110956068337
A_module_fisher_z_DNA,BRD-K43806473,0.09832520332404385,0.3343920895927221,0.23606688626867825
A_module_fisher_z_DNA,BRD-K44844162,1.2923670783561925,1.538178441239194,0.24581136288300115
A_module_fisher_z_DNA,BRD-K45252063,0.08418071375201092,0.15977182240878832,0.07559110865677744
A_module_fisher_z_DNA,BRD-K45746021,0.5715930475973148,0.627917946338585,0.05632489874127021
A_module_fisher_z_DNA,BRD-K46386702,0.7696676274434737,0.869399674649902,0.09973204720642813
A_module_fisher_z_DNA,BRD-K46604138,0.47193096908417004,0.4427378971188619,-0.02919307196530818
A_module_fisher_z_DNA,BRD-K46937689,0.5923154914853503,0.8412250112160616,0.24890951973071138
A_module_fisher_z_DNA,BRD-K47000838,1.1378594500615042,1.0768712151850843,-0.06098823487642005
A_module_fisher_z_DNA,BRD-K48812570,0.5938186681567553,0.5733595474663831,-0.02045912069037224
A_module_fisher_z_DNA,BRD-K48892307,0.3600362526765709,0.38647678611628045,0.026440533439709632
A_module_fisher_z_DNA,BRD-K49504902,0.7491297307138289,0.9742286743606228,0.22509894364679367
A_module_fisher_z_DNA,BRD-K49555808,0.5193642985622436,0.7729131705650241,0.2535488720027805
A_module_fisher_z_DNA,BRD-K49671696,0.320665500878708,0.36677603560947275,0.046110534730764825
A_module_fisher_z_DNA,BRD-K49865102,1.422611258927071,1.6846506108732866,0.2620393519462154
A_module_fisher_z_DNA,BRD-K50031829,0.4667766476826032,0.7584178126001176,0.29164116491751435
A_module_fisher_z_DNA,BRD-K50133271,0.8500963014963925,0.7900186577770231,-0.06007764371936941
A_module_fisher_z_DNA,BRD-K50498985,0.8881447188517905,1.1301002690807467,0.24195555022895623
A_module_fisher_z_DNA,BRD-K51040301,0.6208634410133339,0.7462858874975246,0.12542244648419063
A_module_fisher_z_DNA,BRD-K51087630,0.3741746082490724,0.3940460928930788,0.019871484644006437
A_module_fisher_z_DNA,BRD-K51677086,0.5245369922786147,0.6264335794635705,0.10189658718495585
A_module_fisher_z_DNA,BRD-K52172416,0.360671716777055,0.49042134439043816,0.12974962761338327
A_module_fisher_z_DNA,BRD-K52989797,0.5084299037876101,0.6437193692971884,0.13528946550957824
A_module_fisher_z_DNA,BRD-K53417444,1.6690808548532798,1.5670521747998174,-0.10202868005346209
A_module_fisher_z_DNA,BRD-K53737926,0.36468214738768223,0.5156098557392297,0.1509277083515475
A_module_fisher_z_DNA,BRD-K53814070,0.7950889202789022,0.9423784532468377,0.14728953296793537
A_module_fisher_z_DNA,BRD-K53972329,0.42880817014733397,0.546764443162224,0.11795627301488998
A_module_fisher_z_DNA,BRD-K54006094,0.4378425339984954,0.5174442278712623,0.07960169387276683
A_module_fisher_z_DNA,BRD-K54847683,0.8231573341652517,0.7690252108365496,-0.054132123328702285
A_module_fisher_z_DNA,BRD-K55748775,0.4845451017577152,0.6101326927262642,0.125587590968549
A_module_fisher_z_DNA,BRD-K55781385,0.599757826557232,0.7722183407165104,0.17246051415927852
A_module_fisher_z_DNA,BRD-K55847762,0.4713113812890012,0.5831747783603526,0.11186339707135143
A_module_fisher_z_DNA,BRD-K55966568,0.3272033381542976,0.3860214870301151,0.05881814887581749
A_module_fisher_z_DNA,BRD-K56032964,0.7357517629592669,0.7027954060438555,-0.0329563569154114
A_module_fisher_z_DNA,BRD-K56405753,0.5483954934499433,0.6953659862635898,0.14697049281364638
A_module_fisher_z_DNA,BRD-K56751279,0.5307387434937165,0.5819593205870076,0.05122057709329117
A_module_fisher_z_DNA,BRD-K56810756,0.6699875944405168,0.760105274057611,0.0901176796170941
A_module_fisher_z_DNA,BRD-K57080016,1.1010346098478487,1.2919708353133657,0.19093622546551683
A_module_fisher_z_DNA,BRD-K58114536,0.26625035360548144,0.30077428862376304,0.03452393501828161
A_module_fisher_z_DNA,BRD-K58951486,0.4478869686007111,0.36248332894997737,-0.08540363965073365
A_module_fisher_z_DNA,BRD-K59013864,0.5414653607106573,0.43093918641050294,-0.1105261743001542
A_module_fisher_z_DNA,BRD-K59058766,0.5916449724311014,0.7839858330558508,0.19234086062474934
A_module_fisher_z_DNA,BRD-K59227464,0.4837257945774607,0.63345348071529,0.14972768613782922
A_module_fisher_z_DNA,BRD-K59331299,0.3946949377768506,0.4917290450720466,0.09703410729519599
A_module_fisher_z_DNA,BRD-K59524082,0.32302610661812614,0.4555300706181968,0.13250396400007056
A_module_fisher_z_DNA,BRD-K59929863,0.6082348020912354,0.49565744725850114,-0.11257735483273429
A_module_fisher_z_DNA,BRD-K60160658,0.5931747633703816,0.7639833632558886,0.17080859988550717
A_module_fisher_z_DNA,BRD-K60341624,0.5690935045167068,0.7222764388986547,0.15318293438194786
A_module_fisher_z_DNA,BRD-K60997853,1.3508330733730545,1.4986416397782643,0.14780856640520992
A_module_fisher_z_DNA,BRD-K61195623,1.5879989577561286,1.7590628550597769,0.1710638973036482
A_module_fisher_z_DNA,BRD-K61250553,0.36653727434561023,0.5382587834045897,0.17172150905897954
A_module_fisher_z_DNA,BRD-K62200014,0.23394855496514547,0.270804848804792,0.03685629383964658
A_module_fisher_z_DNA,BRD-K62562723,0.4222652481362588,0.6237352129953445,0.20146996485908575
A_module_fisher_z_DNA,BRD-K63150726,0.7243010693037888,0.9744269221674183,0.25012585286362937
A_module_fisher_z_DNA,BRD-K63550407,0.43792359193427416,0.33820501828548805,-0.09971857364878602
A_module_fisher_z_DNA,BRD-K63630713,0.45121019888141967,0.42774113395970026,-0.02346906492171935
A_module_fisher_z_DNA,BRD-K64504314,0.41522753291420783,0.538064584723581,0.12283705180937307
A_module_fisher_z_DNA,BRD-K64755930,0.3540605320148231,0.4902184260846813,0.13615789406985818
A_module_fisher_z_DNA,BRD-K64800655,1.531188418834502,1.7382201715896204,0.20703175275511873
A_module_fisher_z_DNA,BRD-K65678996,0.047307862828873386,0.20612414449852362,0.15881628166965023
A_module_fisher_z_DNA,BRD-K65820248,0.8269411417839606,1.112758696633767,0.2858175548498067
A_module_fisher_z_DNA,BRD-K65991129,0.6503084649229325,0.7601661560987867,0.10985769117585437
A_module_fisher_z_DNA,BRD-K65992024,0.3647193710651804,0.6764202463567388,0.31170087529155843
A_module_fisher_z_DNA,BRD-K67043667,0.6526934655536665,0.9401052942832739,0.28741182872960763
A_module_fisher_z_DNA,BRD-K68488863,0.7458793357956802,0.894655645699085,0.1487763099034046
A_module_fisher_z_DNA,BRD-K68532323,1.4618801256348941,1.7564266924847145,0.29454656684982045
A_module_fisher_z_DNA,BRD-K68552125,1.2980390735712701,1.5024272456252596,0.20438817205398954
A_module_fisher_z_DNA,BRD-K70401845,1.4319775344998924,1.5342814093114492,0.10230387481155673
A_module_fisher_z_DNA,BRD-K70464547,0.7308708011379454,0.9811906761813307,0.2503198750433854
A_module_fisher_z_DNA,BRD-K70912147,0.5318673034088877,0.43008218056710035,-0.10178512284178733
A_module_fisher_z_DNA,BRD-K70914287,0.2502627662511032,0.2657407854589679,0.015478019207864645
A_module_fisher_z_DNA,BRD-K71221037,0.6987752079684312,0.7524141848820434,0.05363897691361216
A_module_fisher_z_DNA,BRD-K72215350,0.9063863845958261,0.9220315003769269,0.01564511578110109
A_module_fisher_z_DNA,BRD-K73109821,1.2439544762013879,1.8448116228797768,0.6008571466783886
A_module_fisher_z_DNA,BRD-K73319509,0.46168084053653935,0.4709253775762938,0.009244537039754513
A_module_fisher_z_DNA,BRD-K74363950,0.37385590681159,0.28595909366434435,-0.08789681314724557
A_module_fisher_z_DNA,BRD-K74514084,0.7843756220792903,0.8981836450605791,0.11380802298128871
A_module_fisher_z_DNA,BRD-K74763371,0.9136332606015104,1.0648071371826537,0.15117387658114317
A_module_fisher_z_DNA,BRD-K75024268,0.600065307153515,0.562601600427572,-0.037463706725942986
A_module_fisher_z_DNA,BRD-K75089421,0.3860389878599102,0.5664143321456145,0.18037534428570418
A_module_fisher_z_DNA,BRD-K75641298,0.3802895522948002,0.47264871692148297,0.09235916462668281
A_module_fisher_z_DNA,BRD-K75844781,0.5449783766381457,0.73428610113349,0.1893077244953444
A_module_fisher_z_DNA,BRD-K75911534,0.9556520755588588,1.0289702571721249,0.07331818161326627
A_module_fisher_z_DNA,BRD-K76197012,0.27292694264737766,0.2800219782051095,0.007095035557731848
A_module_fisher_z_DNA,BRD-K76812510,0.22829499708415982,0.18451271464905936,-0.043782282435100496
A_module_fisher_z_DNA,BRD-K76908866,0.5385885356289735,0.6761196239291303,0.13753108830015712
A_module_fisher_z_DNA,BRD-K77396579,0.49726209155304013,0.48862225854007385,-0.00863983301296624
A_module_fisher_z_DNA,BRD-K78010432,0.29132898908944305,0.32948344466514945,0.038154455575706445
A_module_fisher_z_DNA,BRD-K78303961,0.3004587346991321,0.40396329687131094,0.10350456217217878
A_module_fisher_z_DNA,BRD-K79404599,0.6779497538370033,0.4374537323516934,-0.24049602148530985
A_module_fisher_z_DNA,BRD-K79759585,0.3419493787911963,0.5152125532078714,0.17326317441667505
A_module_fisher_z_DNA,BRD-K80396088,0.19939674393098017,0.392753950673872,0.19335720674289184
A_module_fisher_z_DNA,BRD-K80535353,0.6209819762001048,0.6508320858083011,0.029850109608196323
A_module_fisher_z_DNA,BRD-K80700417,0.8004870174753606,0.7889930208874165,-0.011493996587944054
A_module_fisher_z_DNA,BRD-K81144366,1.0016798475597004,1.2418378354091673,0.24015798784946688
A_module_fisher_z_DNA,BRD-K81473089,0.43166632666214255,0.4466236902022785,0.014957363540135906
A_module_fisher_z_DNA,BRD-K81672972,0.4525945951268881,0.5148994634376014,0.062304868310713295
A_module_fisher_z_DNA,BRD-K82244583,0.9500075522078986,1.3896636873141088,0.43965613510621004
A_module_fisher_z_DNA,BRD-K82795137,0.7395211863864711,0.7901218737691827,0.05060068738271145
A_module_fisher_z_DNA,BRD-K83508485,0.542807897966191,0.7343192935889129,0.1915113956227219
A_module_fisher_z_DNA,BRD-K83794243,0.7404089940407931,0.7734515666317057,0.03304257259091253
A_module_fisher_z_DNA,BRD-K84810405,0.3492724140292587,0.649832046293249,0.30055963226399024
A_module_fisher_z_DNA,BRD-K86816506,0.7999810571995053,1.2017025854516232,0.40172152825211754
A_module_fisher_z_DNA,BRD-K87156652,0.727015754568258,0.9671776519598788,0.24016189739162078
A_module_fisher_z_DNA,BRD-K87737963,0.7746833608471545,0.9741802643316362,0.19949690348448168
A_module_fisher_z_DNA,BRD-K87782578,0.8486470049578663,1.0204209530413884,0.17177394808352212
A_module_fisher_z_DNA,BRD-K88429204,1.0586077512633352,1.1918006155587637,0.13319286429542845
A_module_fisher_z_DNA,BRD-K88510285,1.1938393852623261,1.5277861828267623,0.33394679756443607
A_module_fisher_z_DNA,BRD-K88611939,0.21264638761229251,0.13461971633744155,-0.07802667127485095
A_module_fisher_z_DNA,BRD-K89375097,0.1713136825529495,0.1748658457037887,0.0035521631508391607
A_module_fisher_z_DNA,BRD-K90195324,0.726543228741803,0.8219952962330397,0.09545206749123676
A_module_fisher_z_DNA,BRD-K91111634,0.5172927699992464,0.5415316639560441,0.02423889395679741
A_module_fisher_z_DNA,BRD-K91263825,0.6164624154936059,0.7935086220785612,0.17704620658495512
A_module_fisher_z_DNA,BRD-K91336023,0.24431875480125,0.3220891996939658,0.07777044489271577
A_module_fisher_z_DNA,BRD-K91822704,0.38642815586346874,0.5025192071442274,0.11609105128075882
A_module_fisher_z_DNA,BRD-K91825936,0.9858103272837108,1.0922173610096795,0.10640703372596833
A_module_fisher_z_DNA,BRD-K92049597,0.6372976653466426,0.6145099086058838,-0.022787756740758666
A_module_fisher_z_DNA,BRD-K92241597,1.0649045936885395,1.1372352525280356,0.07233065883949624
A_module_fisher_z_DNA,BRD-K93618743,0.7279470196378441,0.8749592638277952,0.14701224418995096
A_module_fisher_z_DNA,BRD-K93645900,0.5135508317176732,0.5488720029044565,0.035321171186783344
A_module_fisher_z_DNA,BRD-K93754473,0.6090452818173253,0.7280205061607913,0.11897522434346595
A_module_fisher_z_DNA,BRD-K93869735,0.10102604553017454,0.12742856498296823,0.026402519452793663
A_module_fisher_z_DNA,BRD-K93880783,0.6788521825295307,0.7699070655531801,0.09105488302364925
A_module_fisher_z_DNA,BRD-K93944989,0.20942826373032322,0.29302635401081356,0.08359809028049041
A_module_fisher_z_DNA,BRD-K94288301,0.6723886797997926,0.6721546638384989,-0.0002340159612935442
A_module_fisher_z_DNA,BRD-K95921201,0.28328761811229014,0.2539246969507519,-0.02936292116153827
A_module_fisher_z_DNA,BRD-K96042922,0.4385440062470011,0.5945664985740731,0.15602249232707188
A_module_fisher_z_DNA,BRD-K96123349,1.5677722739213424,1.4841278443929034,-0.08364442952843909
A_module_fisher_z_DNA,BRD-K96550715,0.4038177040111873,0.48995914900282617,0.08614144499163895
A_module_fisher_z_DNA,BRD-K97045029,0.3419236515541937,0.22528314540648797,-0.11664050614770576
A_module_fisher_z_DNA,BRD-K97440753,0.23356509957471921,0.2892874441146866,0.05572234453996731
A_module_fisher_z_DNA,BRD-K97472745,0.5713127814797321,0.8999376373749975,0.3286248558952654
A_module_fisher_z_DNA,BRD-K97643133,0.40464495049494814,0.4935733586718605,0.08892840817691233
A_module_fisher_z_DNA,BRD-K98004573,0.2214708114059836,0.4857757853355994,0.26430497392961577
A_module_fisher_z_DNA,BRD-K98453471,0.3315151597171831,0.3120214782641159,-0.019493681453067197
A_module_fisher_z_DNA,BRD-K98572433,0.8963214221333994,0.9428865859090142,0.046565163775614725
A_module_fisher_z_DNA,BRD-K99383816,0.39508264159322587,0.4825156563610952,0.08743301476786942
A_module_fisher_z_DNA,BRD-K99792991,1.3099304286239934,1.6971679733932044,0.3872375447692109
A_module_fisher_z_DNA,BRD-M89827113,0.44807795397531397,0.5191128238070504,0.07103486983173633
A_module_fisher_z_ER,BRD-A03623303,0.23276725832654943,0.3300960772254941,0.09732881889894465
A_module_fisher_z_ER,BRD-A07440155,0.29424033537538996,0.42774253542414375,0.13350220004875377
A_module_fisher_z_ER,BRD-A08187463,0.40502149268476617,0.5270602031174466,0.1220387104326805
A_module_fisher_z_ER,BRD-A08545410,0.523703347842273,0.8266089336068843,0.3029055857646113
A_module_fisher_z_ER,BRD-A10012892,0.28661082622089756,0.60078759981317,0.3141767735922724
A_module_fisher_z_ER,BRD-A13188892,0.6194387245113652,0.8285251511714993,0.20908642666013413
A_module_fisher_z_ER,BRD-A14886633,0.49357363898933115,0.7785140046634317,0.2849403656741004
A_module_fisher_z_ER,BRD-A14941520,0.40542535032995786,0.42625146323588353,0.020826112905925783
A_module_fisher_z_ER,BRD-A16347691,0.9259293889629089,1.0707141861034308,0.14478479714052195
A_module_fisher_z_ER,BRD-A19195498,0.5577130946325684,0.6602052982679383,0.1024922036353701
A_module_fisher_z_ER,BRD-A20239487,0.39555154356915406,0.5950773065701873,0.19952576300103322
A_module_fisher_z_ER,BRD-A21607826,0.9251748910907496,1.1737224671991955,0.248547576108446
A_module_fisher_z_ER,BRD-A22032524,0.5075400878204479,0.844530772814775,0.33699068499432694
A_module_fisher_z_ER,BRD-A25619068,0.04974375090346679,0.19205929322933865,0.14231554232587185
A_module_fisher_z_ER,BRD-A26032986,0.7038643741399346,0.718686212029602,0.01482183788966751
A_module_fisher_z_ER,BRD-A28787076,0.5548312847208883,0.6528052831673373,0.09797399844644904
A_module_fisher_z_ER,BRD-A29520968,0.5648105137357179,0.7289683161977015,0.16415780246198372
A_module_fisher_z_ER,BRD-A29734509,0.5708889537010748,0.726748212481415,0.15585925878033993
A_module_fisher_z_ER,BRD-A29844814,0.48504303297884643,0.5131269468893219,0.028083913910475673
A_module_fisher_z_ER,BRD-A31811760,0.566612858846105,0.8165988036095573,0.24998594476345254
A_module_fisher_z_ER,BRD-A32172948,0.07273338733341644,0.10006823838818873,0.027334851054772288
A_module_fisher_z_ER,BRD-A33711280,0.5273721299687274,0.7708890921792736,0.2435169622105461
A_module_fisher_z_ER,BRD-A36331462,1.321809317150996,1.3538900036180097,0.03208068646701404
A_module_fisher_z_ER,BRD-A38350138,0.5218681301120668,0.66594089613923,0.1440727660271632
A_module_fisher_z_ER,BRD-A39390670,0.19897401436342943,0.2327797342824568,0.03380571991902738
A_module_fisher_z_ER,BRD-A39935389,0.6075555947514972,0.8242419604987641,0.2166863657472669
A_module_fisher_z_ER,BRD-A46179541,0.46113094338226024,0.7416554312783401,0.28052448789608
A_module_fisher_z_ER,BRD-A48237631,1.3219037650165075,1.5444744753554378,0.2225707103389302
A_module_fisher_z_ER,BRD-A48570745,0.7285209098319155,0.9215006114937689,0.19297970166185374
A_module_fisher_z_ER,BRD-A49160188,0.8390209243689697,1.0250026289983873,0.18598170462941743
A_module_fisher_z_ER,BRD-A49838158,1.2007468529337777,1.2828842276813657,0.08213737474758781
A_module_fisher_z_ER,BRD-A50764878,0.6118662702350574,0.6971996719459119,0.08533340171085445
A_module_fisher_z_ER,BRD-A51078674,0.626119739425564,0.6567025350257976,0.030582795600233408
A_module_fisher_z_ER,BRD-A52922642,0.11916457921734788,0.373796542923295,0.2546319637059471
A_module_fisher_z_ER,BRD-A55272860,0.3714777484926488,0.5735736514465234,0.20209590295387445
A_module_fisher_z_ER,BRD-A56085258,0.6435849743399401,0.772939617320796,0.12935464298085592
A_module_fisher_z_ER,BRD-A58280226,1.3953804438474129,1.4775315139664655,0.08215107011905251
A_module_fisher_z_ER,BRD-A62071884,0.3198621301456309,0.36725210628416366,0.04738997613853284
A_module_fisher_z_ER,BRD-A65051990,0.2940878719251036,0.1824884082540546,-0.11159946367104906
A_module_fisher_z_ER,BRD-A67616246,0.6678955117187316,0.8824517588382991,0.2145562471195676
A_module_fisher_z_ER,BRD-A67862938,0.43278114485557084,0.44738718369913144,0.014606038843560607
A_module_fisher_z_ER,BRD-A68493689,0.6235427495335911,0.5655332668927987,-0.058009482640792503
A_module_fisher_z_ER,BRD-A68888262,0.8462408302107557,1.0673550864418688,0.22111425623111297
A_module_fisher_z_ER,BRD-A68942014,0.7425444641106687,1.0307423467002763,0.2881978825896077
A_module_fisher_z_ER,BRD-A70998768,0.6660144102016867,0.7996015346057627,0.13358712440407586
A_module_fisher_z_ER,BRD-A75305484,0.5771584147631873,0.807802632424683,0.23064421766149568
A_module_fisher_z_ER,BRD-A75726477,0.7097097663167165,0.9051654342389548,0.19545566792223823
A_module_fisher_z_ER,BRD-A77216878,0.6265691163866965,0.7382129897699221,0.11164387338322561
A_module_fisher_z_ER,BRD-A78877355,0.43658408457303055,0.4816033986638268,0.04501931409079615
A_module_fisher_z_ER,BRD-A82522119,0.3216427227374666,0.6350066117122766,0.31336388897481005
A_module_fisher_z_ER,BRD-A85548292,0.9590003127586115,1.0750541603027275,0.1160538475441158
A_module_fisher_z_ER,BRD-A87983072,0.4424213401935988,0.3561052752874956,-0.08631606490610318
A_module_fisher_z_ER,BRD-A91699651,0.6572385319486107,0.8235751139401071,0.16633658199149648
A_module_fisher_z_ER,BRD-A93000692,0.5521743067992229,0.660118244112562,0.10794393731333919
A_module_fisher_z_ER,BRD-A93964801,0.7557335926108224,0.9096821045129667,0.15394851190214437
A_module_fisher_z_ER,BRD-A94543220,1.002830364199329,1.2322182409404805,0.22938787674115182
A_module_fisher_z_ER,BRD-A94756469,1.0499700424206737,1.2927946320830688,0.2428245896623953
A_module_fisher_z_ER,BRD-A95032015,0.6664877260759249,0.6931275010790138,0.026639775003088888
A_module_fisher_z_ER,BRD-A98702003,0.9521600728697851,1.241887789442774,0.289727716572989
A_module_fisher_z_ER,BRD-A98990573,0.6618805382078862,0.7738957924464795,0.1120152542385932
A_module_fisher_z_ER,BRD-K04112579,0.7538696571402725,0.766624143607197,0.012754486466924106
A_module_fisher_z_ER,BRD-K04185004,0.3741935549983954,0.5057319637318534,0.131538408733458
A_module_fisher_z_ER,BRD-K05236810,0.6588606814305364,0.7515947066916188,0.09273402526108222
A_module_fisher_z_ER,BRD-K05395900,0.42572112192808154,0.4057272243907822,-0.019993897537299417
A_module_fisher_z_ER,BRD-K05524748,0.7306052694939884,0.7709119008430148,0.04030663134902643
A_module_fisher_z_ER,BRD-K06240250,0.5818915810951995,0.8273217475266671,0.24543016643146764
A_module_fisher_z_ER,BRD-K06294530,0.5943851824170627,0.741400885086141,0.1470157026690783
A_module_fisher_z_ER,BRD-K06335600,0.20909232147826115,0.2668820729223632,0.05778975144410202
A_module_fisher_z_ER,BRD-K06557128,0.21436344458488418,0.5265064459714428,0.31214300138655865
A_module_fisher_z_ER,BRD-K06900071,0.4784205160112982,0.6592049931705772,0.18078447715927914
A_module_fisher_z_ER,BRD-K07160047,0.3724292516225137,0.5528446066332422,0.1804153550107284
A_module_fisher_z_ER,BRD-K07220430,-0.038085045154745714,-0.04807687551842796,-0.009991830363682246
A_module_fisher_z_ER,BRD-K07237224,-0.06633505883270302,0.21546902740930285,0.2818040862420059
A_module_fisher_z_ER,BRD-K07572174,0.7826700628034915,0.950979524558063,0.1683094617545712
A_module_fisher_z_ER,BRD-K07881437,1.4051997951660649,1.594458698664797,0.18925890349873237
A_module_fisher_z_ER,BRD-K08248804,1.0066328073733528,0.8943629869639,-0.11226982040945314
A_module_fisher_z_ER,BRD-K08252256,0.39136149368756146,0.5656910298753979,0.17432953618783648
A_module_fisher_z_ER,BRD-K08832567,0.5746414284764301,0.9230458417823303,0.34840441330590033
A_module_fisher_z_ER,BRD-K09372874,0.6229570914554903,0.8102636315898899,0.18730654013439957
A_module_fisher_z_ER,BRD-K09426783,1.3852881841210651,1.6336233479850069,0.2483351638639417
A_module_fisher_z_ER,BRD-K09471561,0.4718747931603813,0.6773293650761926,0.2054545719158112
A_module_fisher_z_ER,BRD-K09711437,0.19641247893762134,0.5982446338708068,0.4018321549331855
A_module_fisher_z_ER,BRD-K09951645,0.7325216805680731,0.9299183371074302,0.19739665653935715
A_module_fisher_z_ER,BRD-K10845183,0.3748187113511623,0.6093142629459632,0.23449555159480104
A_module_fisher_z_ER,BRD-K10852020,0.7279519815419323,0.8427403127050452,0.11478833116311292
A_module_fisher_z_ER,BRD-K11196887,0.636444598873694,0.4821705396076889,-0.1542740592660052
A_module_fisher_z_ER,BRD-K11399644,0.8310815681986823,0.8435903222480491,0.012508754049366695
A_module_fisher_z_ER,BRD-K12219985,0.6401605182631693,0.7202421550082208,0.08008163674505142
A_module_fisher_z_ER,BRD-K12609457,0.47475534892584625,0.601176749706765,0.1264214007809188
A_module_fisher_z_ER,BRD-K12932420,0.3958115846090261,0.6126759411708068,0.2168643565617806
A_module_fisher_z_ER,BRD-K12994359,0.2774951760015923,0.4170857552686417,0.13959057926704935
A_module_fisher_z_ER,BRD-K13050541,0.6478001498476579,0.7748553672880134,0.12705521744035547
A_module_fisher_z_ER,BRD-K13154216,0.9595921168991777,0.7283325284212796,-0.23125958847789818
A_module_fisher_z_ER,BRD-K13646352,1.1217949600529167,1.159897424397283,0.03810246434436638
A_module_fisher_z_ER,BRD-K13662825,1.566191190092475,1.691361463429056,0.1251702733365809
A_module_fisher_z_ER,BRD-K14175878,0.8270502084858453,0.8567777523200881,0.029727543834242847
A_module_fisher_z_ER,BRD-K14653796,0.3387851695190095,0.3792415184194754,0.040456348900465865
A_module_fisher_z_ER,BRD-K14993104,-0.13581216281337866,-0.02567598686809659,0.11013617594528208
A_module_fisher_z_ER,BRD-K15010214,0.12617660978460815,0.14422930258930375,0.018052692804695576
A_module_fisher_z_ER,BRD-K15108141,1.014181311787166,1.2966887217849234,0.2825074099977572
A_module_fisher_z_ER,BRD-K15916496,0.9626660698284256,1.0037554674770592,0.04108939764863365
A_module_fisher_z_ER,BRD-K15933101,0.4320188298388976,0.4546860826209474,0.022667252782049736
A_module_fisher_z_ER,BRD-K16732600,0.9923014885860238,1.1301137892290063,0.13781230064298247
A_module_fisher_z_ER,BRD-K17026858,0.8889031798238408,0.959469546813102,0.07056636698926111
A_module_fisher_z_ER,BRD-K17944737,0.9440648878245784,1.0302047702917574,0.08613988246717885
A_module_fisher_z_ER,BRD-K18324993,0.8053861137930063,0.9347739515836495,0.12938783779064317
A_module_fisher_z_ER,BRD-K18678457,1.0103867785463145,1.207867952623888,0.1974811740775735
A_module_fisher_z_ER,BRD-K18779551,0.6276125230397139,0.6823555263644269,0.054743003324713005
A_module_fisher_z_ER,BRD-K19388745,0.6913338763884025,0.89222270199169,0.2008888256032877
A_module_fisher_z_ER,BRD-K20001883,0.6461911809719063,0.7718368436696522,0.125645662697746
A_module_fisher_z_ER,BRD-K20738689,0.5182093089133828,0.6568400123342685,0.13863070342088563
A_module_fisher_z_ER,BRD-K21450440,0.6017876349602634,0.7902080567970516,0.18842042183678825
A_module_fisher_z_ER,BRD-K21884483,0.287138161853693,0.5357540016060581,0.24861583975236506
A_module_fisher_z_ER,BRD-K22031190,0.5570156426809648,0.9668209499183581,0.4098053072373933
A_module_fisher_z_ER,BRD-K22097830,0.5547404561669612,0.6958935259028075,0.1411530697358463
A_module_fisher_z_ER,BRD-K23082237,0.46685102402657386,0.6195565421172476,0.15270551809067387
A_module_fisher_z_ER,BRD-K23190681,0.7254767818736202,0.955091941967398,0.2296151600937777
A_module_fisher_z_ER,BRD-K23228615,1.0307807098801272,1.3256674907117523,0.29488678083162506
A_module_fisher_z_ER,BRD-K23984367,0.7250895626819478,0.8068517667435798,0.08176220406163216
A_module_fisher_z_ER,BRD-K24723746,0.6424231497871307,0.9228634458428387,0.2804402960557081
A_module_fisher_z_ER,BRD-K24943235,0.37105062533228206,0.4138923868153215,0.04284176148303934
A_module_fisher_z_ER,BRD-K25630527,0.9069347962391304,1.0690569834430521,0.16212218720392174
A_module_fisher_z_ER,BRD-K25650355,0.3960269771601066,0.5740072909962195,0.17798031383611287
A_module_fisher_z_ER,BRD-K26341917,0.4925644875738702,0.5943951980982437,0.10183071052437365
A_module_fisher_z_ER,BRD-K26619122,0.8617145902376948,1.0892892033636798,0.22757461312598526
A_module_fisher_z_ER,BRD-K29359156,0.5804020031636998,0.7525420619640198,0.17214005880032007
A_module_fisher_z_ER,BRD-K29582115,0.8866688729853389,1.0379651484039405,0.15129627541860177
A_module_fisher_z_ER,BRD-K29735307,0.694328281181508,0.7609004687042168,0.06657218752270888
A_module_fisher_z_ER,BRD-K29950728,0.47412257829917664,0.5274155062460678,0.05329292794689115
A_module_fisher_z_ER,BRD-K30126819,0.2950645105820502,0.41681367939388037,0.1217491688118302
A_module_fisher_z_ER,BRD-K30466858,0.7172101218683695,0.7972741526085084,0.08006403074013878
A_module_fisher_z_ER,BRD-K30685142,0.26009330743253656,0.2415527516775392,-0.018540555754997398
A_module_fisher_z_ER,BRD-K31339321,0.5433918146865198,0.5502086964309598,0.006816881744440003
A_module_fisher_z_ER,BRD-K31342827,0.7553825747413749,0.8419685025285514,0.08658592778717646
A_module_fisher_z_ER,BRD-K31447894,0.17996434291609562,0.07636607011932088,-0.10359827279677473
A_module_fisher_z_ER,BRD-K31731454,0.13528616182217382,0.30021020246712604,0.16492404064495222
A_module_fisher_z_ER,BRD-K32107296,0.2861926541804102,0.48339941032948264,0.19720675614907235
A_module_fisher_z_ER,BRD-K32218650,0.22000971541257497,0.46445848217478747,0.24444876676221247
A_module_fisher_z_ER,BRD-K32821942,0.47874120255569724,0.5830597487918462,0.10431854623614889
A_module_fisher_z_ER,BRD-K33211335,0.6180752647824139,0.7539589532167235,0.13588368843430956
A_module_fisher_z_ER,BRD-K33226500,0.6346753411739079,0.8330747074588488,0.1983993662849409
A_module_fisher_z_ER,BRD-K33379087,1.3133307327520118,1.3170881042734779,0.003757371521465741
A_module_fisher_z_ER,BRD-K33732501,0.7880886468606715,0.9062592027948759,0.11817055593420461
A_module_fisher_z_ER,BRD-K34469523,0.6773164231514043,0.7316322580767385,0.05431583492533428
A_module_fisher_z_ER,BRD-K35169477,0.8595791556862368,1.2658037825062312,0.40622462681999455
A_module_fisher_z_ER,BRD-K35775715,0.8018409430848611,1.0492211420956605,0.2473801990107993
A_module_fisher_z_ER,BRD-K35960502,0.8669875482783886,1.1008311047867307,0.23384355650834202
A_module_fisher_z_ER,BRD-K37694030,0.31458352259528977,0.2292330269521633,-0.08535049564312651
A_module_fisher_z_ER,BRD-K40175214,1.065394558388765,1.2611822145029408,0.19578765611417623
A_module_fisher_z_ER,BRD-K42898655,0.7489947176722356,1.0001779127828756,0.2511831951106402
A_module_fisher_z_ER,BRD-K43723251,0.47005541093577563,0.7673315037800527,0.29727609284427714
A_module_fisher_z_ER,BRD-K43797669,0.7545962927347531,0.9028688196140897,0.14827252687933656
A_module_fisher_z_ER,BRD-K43802723,0.23132505600418984,0.301855093224066,0.07053003721987608
A_module_fisher_z_ER,BRD-K43806473,0.48809807182699644,0.8100608510233042,0.3219627791963079
A_module_fisher_z_ER,BRD-K44844162,1.1928569814400076,1.2342782119722733,0.04142123053226568
A_module_fisher_z_ER,BRD-K45252063,0.13178731250172704,0.3402069777294249,0.20841966522769775
A_module_fisher_z_ER,BRD-K45746021,0.5062678951854855,0.6966117731106226,0.19034387792513707
A_module_fisher_z_ER,BRD-K46386702,0.7216233926140524,1.0202719737938168,0.2986485811797643
A_module_fisher_z_ER,BRD-K46604138,0.4899126628108877,0.5860571725868902,0.09614450977600253
A_module_fisher_z_ER,BRD-K46937689,0.8468500054388581,1.1184944222602098,0.27164441682135143
A_module_fisher_z_ER,BRD-K47000838,1.0650344744029177,1.1498467164047446,0.08481224200182698
A_module_fisher_z_ER,BRD-K48812570,0.4552706714653467,0.5472250982312904,0.09195442676594373
A_module_fisher_z_ER,BRD-K48892307,0.5495082236849055,0.6341320163077117,0.084623792622806
A_module_fisher_z_ER,BRD-K49504902,0.8560918448696867,1.1562382785323932,0.30014643366270666
A_module_fisher_z_ER,BRD-K49555808,0.4946750558096217,0.7664467560559973,0.27177170024637565
A_module_fisher_z_ER,BRD-K49671696,0.372403009010677,0.5342606173844318,0.16185760837375468
A_module_fisher_z_ER,BRD-K49865102,1.2870305814460454,1.370830587118831,0.08380000567278591
A_module_fisher_z_ER,BRD-K50031829,0.5179064372908937,0.7615741499423676,0.243667712651474
A_module_fisher_z_ER,BRD-K50133271,1.108756294623574,1.1189674870121777,0.010211192388603426
A_module_fisher_z_ER,BRD-K50498985,0.7268628427973511,0.8341286032860488,0.10726576048869751
A_module_fisher_z_ER,BRD-K51040301,0.549313444196294,0.7178875102264897,0.16857406603019573
A_module_fisher_z_ER,BRD-K51087630,0.4909043908462433,0.46243944786608515,-0.02846494298015817
A_module_fisher_z_ER,BRD-K51677086,0.7315655001637204,0.794196309056052,0.06263080889233169
A_module_fisher_z_ER,BRD-K52172416,0.5959356176886974,0.811723025718996,0.21578740803029864
A_module_fisher_z_ER,BRD-K52989797,0.7850934915278488,1.0210342510634194,0.23594075953557084
A_module_fisher_z_ER,BRD-K53417444,1.572378073349191,1.3182468707124195,-0.2541312026367716
A_module_fisher_z_ER,BRD-K53737926,0.6093615655730238,0.9579190863494846,0.3485575207764608
A_module_fisher_z_ER,BRD-K53814070,0.8470791367673949,1.0325800284101354,0.18550089164274067
A_module_fisher_z_ER,BRD-K53972329,0.5244363704777357,0.7861622792247182,0.26172590874698254
A_module_fisher_z_ER,BRD-K54006094,0.6367382797415319,0.713069323183391,0.07633104344185908
A_module_fisher_z_ER,BRD-K54847683,0.7284841959995988,0.789302296256325,0.06081810025672621
A_module_fisher_z_ER,BRD-K55748775,0.36722771852779257,0.4480841800613475,0.08085646153355489
A_module_fisher_z_ER,BRD-K55781385,0.5035280877952594,0.544909252076999,0.04138116428173964
A_module_fisher_z_ER,BRD-K55847762,0.43053587968563317,0.6882983230221009,0.2577624433364678
A_module_fisher_z_ER,BRD-K55966568,0.2570156149234045,0.4903380656211269,0.23332245069772237
A_module_fisher_z_ER,BRD-K56032964,0.6095193811856632,0.6569163855038038,0.0473970043181408
A_module_fisher_z_ER,BRD-K56405753,0.686021467213755,0.8239861531543835,0.1379646859406285
A_module_fisher_z_ER,BRD-K56751279,0.8543378087065585,0.8976152172995407,0.04327740859298196
A_module_fisher_z_ER,BRD-K56810756,0.4591845475562865,0.8647275620433343,0.4055430144870478
A_module_fisher_z_ER,BRD-K57080016,1.1610641354254152,1.2382320910591844,0.07716795563376927
A_module_fisher_z_ER,BRD-K58114536,0.18273700430957548,0.3670621731782886,0.18432516886871314
A_module_fisher_z_ER,BRD-K58951486,0.47885274099280717,0.5974865169052411,0.118633775912434
A_module_fisher_z_ER,BRD-K59013864,0.38152141769410397,0.6069069902081636,0.2253855725140597
A_module_fisher_z_ER,BRD-K59058766,0.6188404754622189,0.7971378557433556,0.17829738028113673
A_module_fisher_z_ER,BRD-K59227464,0.5309128327430784,0.6075118157922283,0.07659898304914986
A_module_fisher_z_ER,BRD-K59331299,0.45571595501596956,0.6614369480594153,0.2057209930434457
A_module_fisher_z_ER,BRD-K59524082,0.31113396524004383,0.5308155248969931,0.21968155965694927
A_module_fisher_z_ER,BRD-K59929863,0.6194943283467979,0.695071762697195,0.07557743435039692
A_module_fisher_z_ER,BRD-K60160658,0.6049459309397638,0.7829574817095898,0.17801155076982603
A_module_fisher_z_ER,BRD-K60341624,0.4657136790628366,0.749588290608509,0.28387461154567234
A_module_fisher_z_ER,BRD-K60997853,0.9557531697390361,1.3932149774862506,0.43746180774721444
A_module_fisher_z_ER,BRD-K61195623,1.5602407453639928,1.7663535430784423,0.20611279771444946
A_module_fisher_z_ER,BRD-K61250553,0.47557509248788093,0.6596019865961474,0.1840268941082664
A_module_fisher_z_ER,BRD-K62200014,0.6552138163211446,0.7815143681636099,0.12630055184246525
A_module_fisher_z_ER,BRD-K62562723,0.614776586133361,0.8099320165443746,0.19515543041101371
A_module_fisher_z_ER,BRD-K63150726,0.9288306526202919,1.3814322534382775,0.4526016008179854
A_module_fisher_z_ER,BRD-K63550407,0.8258382989104227,0.8532345476272714,0.02739624871684875
A_module_fisher_z_ER,BRD-K63630713,0.7734849824933523,0.924258352946835,0.15077337045348274
A_module_fisher_z_ER,BRD-K64504314,0.6434938160050901,0.8117771956431584,0.16828337963806828
A_module_fisher_z_ER,BRD-K64755930,0.3800539886179864,0.4598891905665832,0.0798352019485968
A_module_fisher_z_ER,BRD-K64800655,1.0146127101328204,1.4630759673729217,0.4484632572401013
A_module_fisher_z_ER,BRD-K65678996,0.3159893844866323,0.6375426089000004,0.321553224413368
A_module_fisher_z_ER,BRD-K65820248,0.9270879254065846,1.250286782407726,0.3231988570011415
A_module_fisher_z_ER,BRD-K65991129,0.9046862611373943,0.8911260364759421,-0.013560224661452045
A_module_fisher_z_ER,BRD-K65992024,0.6992435580370742,0.7896069862685459,0.09036342823147167
A_module_fisher_z_ER,BRD-K67043667,0.9295466523529446,1.2120119394840927,0.2824652871311477
A_module_fisher_z_ER,BRD-K68488863,0.9685972261241336,1.1520709283355308,0.18347370221139736
A_module_fisher_z_ER,BRD-K68532323,1.2704475635507206,1.3010632088954894,0.030615645344768627
A_module_fisher_z_ER,BRD-K68552125,0.9668007746620836,1.5145585859755701,0.5477578113134866
A_module_fisher_z_ER,BRD-K70401845,0.7904202580739089,1.1440505201035187,0.3536302620296101
A_module_fisher_z_ER,BRD-K70464547,0.9546385053165817,1.1330536830529445,0.17841517773636287
A_module_fisher_z_ER,BRD-K70912147,0.4144019543359754,0.5672016230295037,0.15279966869352832
A_module_fisher_z_ER,BRD-K70914287,0.5025569000174154,0.7079770428020296,0.20542014278461396
A_module_fisher_z_ER,BRD-K71221037,0.7885669423426255,0.8222882696185908,0.03372132727596548
A_module_fisher_z_ER,BRD-K72215350,0.6699697065038841,0.837231755501401,0.16726204899751712
A_module_fisher_z_ER,BRD-K73109821,1.2206902869174536,1.7150852641550758,0.4943949772376219
A_module_fisher_z_ER,BRD-K73319509,0.39340163339075346,0.4662240879954607,0.07282245460470739
A_module_fisher_z_ER,BRD-K74363950,0.30805518793353914,0.29443454339705805,-0.013620644536481125
A_module_fisher_z_ER,BRD-K74514084,1.0784995767217986,1.124891865390845,0.04639228866904686
A_module_fisher_z_ER,BRD-K74763371,1.038847865099301,1.066759512118982,0.027911647019680717
A_module_fisher_z_ER,BRD-K75024268,0.3431947196998463,0.31228348731622696,-0.030911232383619338
A_module_fisher_z_ER,BRD-K75089421,0.6711700188811436,0.6466678502644665,-0.024502168616677134
A_module_fisher_z_ER,BRD-K75641298,0.0538081377153476,0.24947192894134285,0.1956637912259952
A_module_fisher_z_ER,BRD-K75844781,0.38463185835632313,0.6794436501409223,0.2948117917845993
A_module_fisher_z_ER,BRD-K75911534,0.8654872983317674,1.1338358133620763,0.26834851503030877
A_module_fisher_z_ER,BRD-K76197012,0.5884643401676177,0.5529825139835242,-0.035481826184093596
A_module_fisher_z_ER,BRD-K76812510,0.46344896227893145,0.6133712913943449,0.14992232911541362
A_module_fisher_z_ER,BRD-K76908866,0.7372586778008153,0.8774770659763731,0.14021838817555765
A_module_fisher_z_ER,BRD-K77396579,0.4154835837818317,0.5158038596080695,0.10032027582623769
A_module_fisher_z_ER,BRD-K78010432,0.32823976151439926,0.5073092201007785,0.17906945858637932
A_module_fisher_z_ER,BRD-K78303961,0.4484772824205447,0.5475582621623347,0.0990809797417901
A_module_fisher_z_ER,BRD-K79404599,0.6673158690413693,0.6013658742004729,-0.06594999484089616
A_module_fisher_z_ER,BRD-K79759585,0.29803449751749267,0.4420460223671066,0.1440115248496139
A_module_fisher_z_ER,BRD-K80396088,0.27280413345803445,0.48873113217843944,0.21592699872040505
A_module_fisher_z_ER,BRD-K80535353,0.5073579220133737,0.5914691008368306,0.08411117882345683
A_module_fisher_z_ER,BRD-K80700417,0.6804934363139119,0.7444425807200323,0.06394914440612037
A_module_fisher_z_ER,BRD-K81144366,0.7778184963966003,1.179994793861867,0.4021762974652666
A_module_fisher_z_ER,BRD-K81473089,0.606003816836328,0.668144620463913,0.06214080362758515
A_module_fisher_z_ER,BRD-K81672972,0.46314441533993655,0.38908629407430323,-0.0740581212656333
A_module_fisher_z_ER,BRD-K82244583,1.0174416598849734,1.1886638739858821,0.17122221410090843
A_module_fisher_z_ER,BRD-K82795137,0.8766422533202038,0.9865732813900124,0.10993102806980853
A_module_fisher_z_ER,BRD-K83508485,0.8006810932812607,0.963946738163885,0.16326564488262418
A_module_fisher_z_ER,BRD-K83794243,0.8841064514235044,0.9457709564867337,0.061664505063229305
A_module_fisher_z_ER,BRD-K84810405,0.9811217518017862,1.1277983815204462,0.14667662971865994
A_module_fisher_z_ER,BRD-K86816506,1.0328060698727544,1.2440974048095021,0.21129133493674757
A_module_fisher_z_ER,BRD-K87156652,0.9343657295676238,1.122442170114109,0.1880764405464851
A_module_fisher_z_ER,BRD-K87737963,0.9671166500718203,1.114347215210269,0.14723056513844845
A_module_fisher_z_ER,BRD-K87782578,0.7934255043623758,0.9499234743254369,0.15649796996306098
A_module_fisher_z_ER,BRD-K88429204,0.7808450514487214,0.955369545505834,0.17452449405711276
A_module_fisher_z_ER,BRD-K88510285,1.1626304311323852,1.2766441498559453,0.11401371872356036
A_module_fisher_z_ER,BRD-K88611939,0.03896274612046588,0.06977949855154536,0.0308167524310795
A_module_fisher_z_ER,BRD-K89375097,0.5927829548737061,0.7777269495261321,0.184943994652426
A_module_fisher_z_ER,BRD-K90195324,0.9486653250111198,1.1137988058319241,0.16513348082080476
A_module_fisher_z_ER,BRD-K91111634,0.46787951321361415,0.5659889907025718,0.0981094774889575
A_module_fisher_z_ER,BRD-K91263825,0.7526399225355741,0.9741397448650218,0.22149982232944782
A_module_fisher_z_ER,BRD-K91336023,0.2703008472855071,0.2395360082560651,-0.030764839029441923
A_module_fisher_z_ER,BRD-K91822704,0.6561399449422611,0.871412497326756,0.21527255238449497
A_module_fisher_z_ER,BRD-K91825936,0.925224296079032,1.0057423390272888,0.08051804294825698
A_module_fisher_z_ER,BRD-K92049597,0.8363716896793992,0.8595623956491328,0.02319070596973337
A_module_fisher_z_ER,BRD-K92241597,0.8319806301033219,0.40378546926553494,-0.42819516083778686
A_module_fisher_z_ER,BRD-K93618743,1.1240923251484725,1.3416558501729536,0.21756352502448106
A_module_fisher_z_ER,BRD-K93645900,0.9184682157700527,0.9618209690617273,0.04335275329167478
A_module_fisher_z_ER,BRD-K93754473,0.8015287863761835,0.8401241012859529,0.03859531490976945
A_module_fisher_z_ER,BRD-K93869735,0.2539660569641947,0.262845035452109,0.008878978487914305
A_module_fisher_z_ER,BRD-K93880783,0.679014482690424,0.7303119576202218,0.05129747492979776
A_module_fisher_z_ER,BRD-K93944989,0.2768972928331355,0.38259836637702915,0.10570107354389358
A_module_fisher_z_ER,BRD-K94288301,0.841097226169084,0.9292438515447947,0.08814662537571111
A_module_fisher_z_ER,BRD-K95921201,0.6531980234913451,0.7042917470627001,0.0510937235713547
A_module_fisher_z_ER,BRD-K96042922,0.30076895437979817,0.31152471806128856,0.010755763681490293
A_module_fisher_z_ER,BRD-K96123349,1.2874988991923935,1.2779076526757378,-0.009591246516655398
A_module_fisher_z_ER,BRD-K96550715,0.6925738547102908,0.9255352687565943,0.23296141404630355
A_module_fisher_z_ER,BRD-K97045029,0.6485156399968715,0.5431560384546366,-0.10535960154223489
A_module_fisher_z_ER,BRD-K97440753,0.18339273820668447,0.2823523308623782,0.09895959265569373
A_module_fisher_z_ER,BRD-K97472745,0.7265963061519908,0.9619090444277555,0.23531273827576474
A_module_fisher_z_ER,BRD-K97643133,0.5196816317922828,0.7464280588600093,0.22674642706772655
A_module_fisher_z_ER,BRD-K98004573,0.40547608519735134,0.5262132244351959,0.12073713923784461
A_module_fisher_z_ER,BRD-K98453471,0.110430351576276,0.03483720108034106,-0.07559315049593494
A_module_fisher_z_ER,BRD-K98572433,1.4650545801289243,1.728569308524352,0.2635147283954278
A_module_fisher_z_ER,BRD-K99383816,0.2652964561281544,0.18236865208333505,-0.08292780404481935
A_module_fisher_z_ER,BRD-K99792991,1.2419629212516465,1.5026923211404317,0.2607293998887849
A_module_fisher_z_ER,BRD-M89827113,0.4115838564338412,0.5658167486120249,0.15423289217818392
A_module_fisher_z_Mito,BRD-A03623303,-0.38784530190599703,-0.06412710764086182,0.32371819426513526
A_module_fisher_z_Mito,BRD-A07440155,0.0797081896521371,0.03975536704326185,-0.039952822608875255
A_module_fisher_z_Mito,BRD-A08187463,0.24977313251482355,0.45947844713462227,0.20970531461979874
A_module_fisher_z_Mito,BRD-A08545410,0.2499248355517466,0.516093569835965,0.26616873428421844
A_module_fisher_z_Mito,BRD-A10012892,0.23295328427372658,0.3238988290445771,0.09094554477085054
A_module_fisher_z_Mito,BRD-A13188892,0.37806496770376774,0.6381755682436319,0.2601106005398642
A_module_fisher_z_Mito,BRD-A14886633,0.9245621023537365,1.0707640837080472,0.14620198135431067
A_module_fisher_z_Mito,BRD-A14941520,0.5898971974234657,0.524022632014542,-0.06587456540892371
A_module_fisher_z_Mito,BRD-A16347691,0.34331902525996194,0.5864936419414212,0.24317461668145915
A_module_fisher_z_Mito,BRD-A19195498,0.5641209822929318,0.7207092080155665,0.15658822572263476
A_module_fisher_z_Mito,BRD-A20239487,0.43350910788429986,0.5552159242543095,0.12170681637000959
A_module_fisher_z_Mito,BRD-A21607826,0.8204792414212293,1.2142829014046888,0.39380365998345934
A_module_fisher_z_Mito,BRD-A22032524,0.6154678414674837,0.7540695463723069,0.13860170490482315
A_module_fisher_z_Mito,BRD-A25619068,0.14025494057441018,0.37381123119883736,0.23355629062442715
A_module_fisher_z_Mito,BRD-A26032986,0.47143647739152683,0.3901906257360926,-0.08124585165543431
A_module_fisher_z_Mito,BRD-A28787076,0.2625293275585937,0.19802031285703034,-0.06450901470156342
A_module_fisher_z_Mito,BRD-A29520968,0.4461779928425887,0.44807860285752454,0.0019006100149358135
A_module_fisher_z_Mito,BRD-A29734509,0.24843358521876135,0.43483167199875905,0.18639808677999767
A_module_fisher_z_Mito,BRD-A29844814,0.3860518557491002,0.4033377624896319,0.0172859067405317
A_module_fisher_z_Mito,BRD-A31811760,0.18345633601096215,0.35630191502141856,0.17284557901045638
A_module_fisher_z_Mito,BRD-A32172948,0.07617403302180757,0.2601774631471249,0.18400343012531736
A_module_fisher_z_Mito,BRD-A33711280,0.24438108220163754,0.4185183860544515,0.17413730385281395
A_module_fisher_z_Mito,BRD-A36331462,1.1861562764326468,1.2960287859709478,0.10987250953830113
A_module_fisher_z_Mito,BRD-A38350138,0.5058795876644222,0.6576905862728587,0.15181099860843658
A_module_fisher_z_Mito,BRD-A39390670,0.3958187267652027,0.4912114663863144,0.09539273962111178
A_module_fisher_z_Mito,BRD-A39935389,0.6034307503449661,0.8597160208476071,0.25628527050264094
A_module_fisher_z_Mito,BRD-A46179541,0.3401321875614641,0.402720658009387,0.06258847044792286
A_module_fisher_z_Mito,BRD-A48237631,1.1662459815593977,1.32876175104819,0.16251576948879246
A_module_fisher_z_Mito,BRD-A48570745,0.9054408938679488,0.7206500859376557,-0.1847908079302931
A_module_fisher_z_Mito,BRD-A49160188,0.5213320375358674,0.550738900066515,0.029406862530647553
A_module_fisher_z_Mito,BRD-A49838158,1.2340051408760344,1.170569410517814,-0.0634357303582207
A_module_fisher_z_Mito,BRD-A50764878,0.7524613812685634,0.781596095344488,0.029134714075924592
A_module_fisher_z_Mito,BRD-A51078674,0.7612468761246218,0.6437985262432672,-0.11744834988135494
A_module_fisher_z_Mito,BRD-A52922642,-0.12583744710968964,0.19764789807494754,0.3234853451846373
A_module_fisher_z_Mito,BRD-A55272860,0.21443129692448978,0.43940852996223206,0.22497723303774228
A_module_fisher_z_Mito,BRD-A56085258,0.639218807107879,0.7365760927808114,0.09735728567293206
A_module_fisher_z_Mito,BRD-A58280226,1.1123410604189523,1.3111570164187987,0.19881595599984603
A_module_fisher_z_Mito,BRD-A62071884,0.22118597126662237,0.1337849719623602,-0.08740099930426212
A_module_fisher_z_Mito,BRD-A65051990,0.4108481298602362,0.3794388635321333,-0.031409266328102904
A_module_fisher_z_Mito,BRD-A67616246,0.28961705197690696,0.2621357382590485,-0.027481313717858443
A_module_fisher_z_Mito,BRD-A67862938,0.2908780183693036,0.2187061095198337,-0.07217190884946985
A_module_fisher_z_Mito,BRD-A68493689,0.6068721560421495,0.7842606620849296,0.17738850604278011
A_module_fisher_z_Mito,BRD-A68888262,0.4537773114920558,0.6525500451557747,0.198772733663719
A_module_fisher_z_Mito,BRD-A68942014,0.3468348259463714,0.5969254652876141,0.2500906393412427
A_module_fisher_z_Mito,BRD-A70998768,0.3741603681928196,0.48019101804908654,0.10603064985626698
A_module_fisher_z_Mito,BRD-A75305484,0.23303865151953584,0.47434248196664125,0.24130383044710532
A_module_fisher_z_Mito,BRD-A75726477,0.58533350984936,0.5331597003026473,-0.05217380954671284
A_module_fisher_z_Mito,BRD-A77216878,0.9452169166854039,0.8403929113195273,-0.10482400536587673
A_module_fisher_z_Mito,BRD-A78877355,0.45163977906971275,0.45871126628721065,0.007071487217497991
A_module_fisher_z_Mito,BRD-A82522119,1.1675421507380594,1.30819590109981,0.14065375036175018
A_module_fisher_z_Mito,BRD-A85548292,0.43735514427286193,0.575182453353223,0.13782730908036125
A_module_fisher_z_Mito,BRD-A87983072,0.964269269130124,1.0240912121508365,0.059821943020712545
A_module_fisher_z_Mito,BRD-A91699651,0.3244558250232046,0.4177179095950625,0.09326208457185792
A_module_fisher_z_Mito,BRD-A93000692,0.1309772737676762,0.29427404829895376,0.16329677453127764
A_module_fisher_z_Mito,BRD-A93964801,0.5742719059956702,0.7697885904970894,0.19551668450141924
A_module_fisher_z_Mito,BRD-A94543220,0.6436194614068291,0.8178719351511,0.17425247374427094
A_module_fisher_z_Mito,BRD-A94756469,1.1911915762307033,1.319064845720532,0.12787326948982852
A_module_fisher_z_Mito,BRD-A95032015,0.21809546749762648,0.2794172574736418,0.06132178997601539
A_module_fisher_z_Mito,BRD-A98702003,0.49163842226579607,0.3006469777464007,-0.19099144451939543
A_module_fisher_z_Mito,BRD-A98990573,0.8202619711730008,0.8686324103707965,0.04837043919779562
A_module_fisher_z_Mito,BRD-K04112579,0.19954162982188559,0.35162788820047036,0.1520862583785847
A_module_fisher_z_Mito,BRD-K04185004,0.0755131380733512,0.3430723340702885,0.2675591959969374
A_module_fisher_z_Mito,BRD-K05236810,-0.314677710970712,0.5324334690092544,0.8471111799799664
A_module_fisher_z_Mito,BRD-K05395900,0.2895248203453872,0.226127804759435,-0.06339701558595214
A_module_fisher_z_Mito,BRD-K05524748,-0.0311243983021984,0.34090245861951807,0.37202685692171644
A_module_fisher_z_Mito,BRD-K06240250,0.3680484489324353,0.6787358878115803,0.3106874388791451
A_module_fisher_z_Mito,BRD-K06294530,0.1434472685681979,0.8465362598651969,0.703088991296999
A_module_fisher_z_Mito,BRD-K06335600,0.16790232626017745,0.23503056233793856,0.06712823607776114
A_module_fisher_z_Mito,BRD-K06557128,0.19515602156583192,0.2867953371043399,0.09163931553850792
A_module_fisher_z_Mito,BRD-K06900071,0.39227999122960633,0.2921927081450628,-0.1000872830845436
A_module_fisher_z_Mito,BRD-K07160047,0.042856976483188994,0.30650341705113404,0.26364644056794506
A_module_fisher_z_Mito,BRD-K07220430,0.2142613864896491,0.11653557005690697,-0.09772581643274209
A_module_fisher_z_Mito,BRD-K07237224,0.08014392801670679,0.29992561800694295,0.21978168999023617
A_module_fisher_z_Mito,BRD-K07572174,0.47622470022996904,0.41670798502024975,-0.05951671520971929
A_module_fisher_z_Mito,BRD-K07881437,1.0795107142349472,1.38127810555003,0.30176739131508223
A_module_fisher_z_Mito,BRD-K08248804,0.6484720711813651,0.7721807366504793,0.12370866546911413
A_module_fisher_z_Mito,BRD-K08252256,0.309317215520172,0.4207763915454658,0.11145917602529382
A_module_fisher_z_Mito,BRD-K08832567,0.3783622410332531,0.6021878828036509,0.22382564177039777
A_module_fisher_z_Mito,BRD-K09372874,0.44756995369857844,0.6781231077257195,0.23055315402714102
A_module_fisher_z_Mito,BRD-K09426783,1.0524635865412846,1.569136474210045,0.516672887668761
A_module_fisher_z_Mito,BRD-K09471561,0.6451564452867943,0.8019705975830999,0.15681415229630566
A_module_fisher_z_Mito,BRD-K09711437,-0.1076162931895103,0.22752957579110675,0.3351458689806171
A_module_fisher_z_Mito,BRD-K09951645,0.6363898282952972,0.8156064841226112,0.1792166558273138
A_module_fisher_z_Mito,BRD-K10845183,0.2956796650072982,0.5117420622889051,0.21606239728160692
A_module_fisher_z_Mito,BRD-K10852020,0.19829833506089664,0.270779567568912,0.07248123250801536
A_module_fisher_z_Mito,BRD-K11196887,0.2850035367500489,0.3228208797538242,0.03781734300377523
A_module_fisher_z_Mito,BRD-K11399644,0.5678767050084519,0.6876832589190873,0.11980655391063551
A_module_fisher_z_Mito,BRD-K12219985,0.6615076873826631,0.6319516497782859,-0.029556037604377156
A_module_fisher_z_Mito,BRD-K12609457,0.04233782455736939,0.09898404958607634,0.056646225028707003
A_module_fisher_z_Mito,BRD-K12932420,0.7952182563253416,0.5415884138351674,-0.2536298424901741
A_module_fisher_z_Mito,BRD-K12994359,0.3856172658441565,0.5001093129792672,0.11449204713511064
A_module_fisher_z_Mito,BRD-K13050541,0.9397905323898477,1.1233145514389735,0.18352401904912563
A_module_fisher_z_Mito,BRD-K13154216,1.097416760573776,1.5875867619341808,0.49017000136040473
A_module_fisher_z_Mito,BRD-K13646352,0.613908135019982,0.8301739304649599,0.2162657954449779
A_module_fisher_z_Mito,BRD-K13662825,0.9347712569894239,1.1904773587886825,0.2557061017992583
A_module_fisher_z_Mito,BRD-K14175878,0.7213914073487282,0.9433839723505663,0.2219925650018382
A_module_fisher_z_Mito,BRD-K14653796,0.6538000427799832,0.8451233893161016,0.19132334653611854
A_module_fisher_z_Mito,BRD-K14993104,0.36777397788214256,0.44986979508502906,0.08209581720288657
A_module_fisher_z_Mito,BRD-K15010214,0.45891871635986625,0.4230107253447521,-0.03590799101511417
A_module_fisher_z_Mito,BRD-K15108141,0.7843416821635157,1.1986868676225026,0.4143451854589871
A_module_fisher_z_Mito,BRD-K15916496,0.7055582682634856,0.8664039445819527,0.1608456763184672
A_module_fisher_z_Mito,BRD-K15933101,0.2997758888369109,0.34227239071343696,0.04249650187652611
A_module_fisher_z_Mito,BRD-K16732600,0.3396495964166467,0.6022909303217513,0.26264133390510463
A_module_fisher_z_Mito,BRD-K17026858,0.5627796800663658,0.6001467419927219,0.03736706192635599
A_module_fisher_z_Mito,BRD-K17944737,1.0771057351673154,1.2754762281080283,0.19837049294071277
A_module_fisher_z_Mito,BRD-K18324993,0.6139410147068471,0.6308784285317044,0.016937413824857365
A_module_fisher_z_Mito,BRD-K18678457,0.8550649773431224,0.9543282999989887,0.09926332265586633
A_module_fisher_z_Mito,BRD-K18779551,0.5771461478068596,0.5462334172827739,-0.03091273052408571
A_module_fisher_z_Mito,BRD-K19388745,0.7294688003976928,1.0557357281483033,0.32626692775061095
A_module_fisher_z_Mito,BRD-K20001883,0.6128404512797998,0.799984915105682,0.1871444638258823
A_module_fisher_z_Mito,BRD-K20738689,0.2406420466700959,0.31005097699802775,0.06940893032793177
A_module_fisher_z_Mito,BRD-K21450440,0.3227818542549954,0.5453475105777047,0.22256565632270936
A_module_fisher_z_Mito,BRD-K21884483,-0.007712482076537009,0.08558780286284427,0.09330028493938129
A_module_fisher_z_Mito,BRD-K22031190,0.44644501172735257,0.6125312672062004,0.16608625547884787
A_module_fisher_z_Mito,BRD-K22097830,0.38124330551699137,0.36343782716576406,-0.01780547835122728
A_module_fisher_z_Mito,BRD-K23082237,0.27185500898990284,0.472124784256209,0.20026977526630604
A_module_fisher_z_Mito,BRD-K23190681,0.5519468688409361,0.9817649925188324,0.4298181236778963
A_module_fisher_z_Mito,BRD-K23228615,0.7400921867395538,1.3064838819662337,0.5663916952266799
A_module_fisher_z_Mito,BRD-K23984367,0.9801613421052421,1.1151060547049152,0.1349447125996732
A_module_fisher_z_Mito,BRD-K24723746,0.6879300747020544,0.5505661467231773,-0.137363927978877
A_module_fisher_z_Mito,BRD-K24943235,0.3055679788733791,0.3315571464119913,0.02598916753861219
A_module_fisher_z_Mito,BRD-K25630527,0.7615632757746061,0.8625032438536062,0.10093996807899994
A_module_fisher_z_Mito,BRD-K25650355,0.3391280676384941,0.3325092008952249,-0.006618866743269155
A_module_fisher_z_Mito,BRD-K26341917,0.3247985596244828,0.3281439979083104,0.003345438283827649
A_module_fisher_z_Mito,BRD-K26619122,0.6801587528196857,0.7954624870063678,0.11530373418668208
A_module_fisher_z_Mito,BRD-K29359156,0.5800735229521814,0.642584474421426,0.06251095146924447
A_module_fisher_z_Mito,BRD-K29582115,0.5221600518141607,0.4526472137608705,-0.06951283805328995
A_module_fisher_z_Mito,BRD-K29735307,0.5440614194869914,0.47029549309805735,-0.07376592638893414
A_module_fisher_z_Mito,BRD-K29950728,0.5210993427999585,0.6194115771677285,0.09831223436776994
A_module_fisher_z_Mito,BRD-K30126819,0.22471191472935065,0.31830498829909626,0.09359307356974562
A_module_fisher_z_Mito,BRD-K30466858,0.37012116304388165,0.34087658892756784,-0.029244574116313822
A_module_fisher_z_Mito,BRD-K30685142,-0.048026864031878676,0.016462515594347558,0.06448937962622622
A_module_fisher_z_Mito,BRD-K31339321,0.7172969110385863,0.5391631188128048,-0.17813379222578152
A_module_fisher_z_Mito,BRD-K31342827,0.514669942044009,0.49936266018359365,-0.015307281860415332
A_module_fisher_z_Mito,BRD-K31447894,0.16967578566580718,0.16661310823176598,-0.0030626774340412302
A_module_fisher_z_Mito,BRD-K31731454,0.07347771593120495,0.2479915704341934,0.17451385450298845
A_module_fisher_z_Mito,BRD-K32107296,-0.01631766183076808,0.11982888437649063,0.1361465462072587
A_module_fisher_z_Mito,BRD-K32218650,0.25163099379488074,0.3681056395886263,0.11647464579374568
A_module_fisher_z_Mito,BRD-K32821942,0.5000780699636792,0.76208990748587,0.26201183752219076
A_module_fisher_z_Mito,BRD-K33211335,0.5382036172545474,0.7465278880976012,0.20832427084305394
A_module_fisher_z_Mito,BRD-K33226500,0.36369283121392276,0.46399143204015264,0.10029860082622982
A_module_fisher_z_Mito,BRD-K33379087,0.8701144783629006,1.1642305583197856,0.2941160799568849
A_module_fisher_z_Mito,BRD-K33732501,0.5950182544795346,0.7182864444842095,0.12326819000467507
A_module_fisher_z_Mito,BRD-K34469523,0.5215718910133353,0.6431290056339564,0.12155711462062106
A_module_fisher_z_Mito,BRD-K35169477,0.5975909764743019,0.9701347083613258,0.3725437318870239
A_module_fisher_z_Mito,BRD-K35775715,0.5679716590840692,0.9101910346047182,0.3422193755206489
A_module_fisher_z_Mito,BRD-K35960502,0.9149899289182558,0.9666677062203841,0.051677777302128226
A_module_fisher_z_Mito,BRD-K37694030,0.38338061656487865,0.47587927425311005,0.09249865768823137
A_module_fisher_z_Mito,BRD-K40175214,1.1082124796974822,1.536750427940116,0.42853794824263397
A_module_fisher_z_Mito,BRD-K42898655,1.1256266799903245,1.5045640064151475,0.37893732642482303
A_module_fisher_z_Mito,BRD-K43723251,0.16854460173132915,0.30145385717658324,0.13290925544525398
A_module_fisher_z_Mito,BRD-K43797669,0.7730565144006303,0.9828115863881879,0.2097550719875577
A_module_fisher_z_Mito,BRD-K43802723,0.08386454385865738,0.24447908135992413,0.16061453750126675
A_module_fisher_z_Mito,BRD-K43806473,0.07008326197573389,0.3111324837771392,0.24104922180140528
A_module_fisher_z_Mito,BRD-K44844162,1.103135240994813,1.1938871291451816,0.09075188815036889
A_module_fisher_z_Mito,BRD-K45252063,0.14785892003583376,0.08602295847941373,-0.061835961556420016
A_module_fisher_z_Mito,BRD-K45746021,0.4195383267495103,0.44772485525385236,0.028186528504342008
A_module_fisher_z_Mito,BRD-K46386702,1.0378062257757403,1.1667066849070218,0.12890045913128137
A_module_fisher_z_Mito,BRD-K46604138,0.06576198530234642,0.08009015132521397,0.014328166022867548
A_module_fisher_z_Mito,BRD-K46937689,0.693146673943252,0.8538043796062837,0.16065770566303175
A_module_fisher_z_Mito,BRD-K47000838,1.1595453186423046,1.0859750830696984,-0.07357023557260645
A_module_fisher_z_Mito,BRD-K48812570,0.48675345181061963,0.4581772534014274,-0.028576198409192264
A_module_fisher_z_Mito,BRD-K48892307,0.6457850210817616,0.4387886952999838,-0.20699632578177773
A_module_fisher_z_Mito,BRD-K49504902,0.627508691670926,0.7307457067714509,0.10323701510052476
A_module_fisher_z_Mito,BRD-K49555808,0.23398341617808752,0.5089703481970657,0.27498693201897806
A_module_fisher_z_Mito,BRD-K49671696,0.7920125758690524,0.578133340314514,-0.21387923555453847
A_module_fisher_z_Mito,BRD-K49865102,0.8605648233425931,0.9370571263892403,0.07649230304664725
A_module_fisher_z_Mito,BRD-K50031829,0.31659106275742877,0.400753016392135,0.08416195363470619
A_module_fisher_z_Mito,BRD-K50133271,0.728745467171014,0.5126428453472065,-0.21610262182380754
A_module_fisher_z_Mito,BRD-K50498985,0.8297325173896213,0.794815791879032,-0.03491672551058928
A_module_fisher_z_Mito,BRD-K51040301,0.03588859777345021,0.24238487779983112,0.20649628002638093
A_module_fisher_z_Mito,BRD-K51087630,0.1793021015201912,0.21977290843567698,0.04047080691548573
A_module_fisher_z_Mito,BRD-K51677086,0.618711817165103,0.7459585562440769,0.1272467390789741
A_module_fisher_z_Mito,BRD-K52172416,0.10232981479343797,0.23315379543483392,0.130823980641396
A_module_fisher_z_Mito,BRD-K52989797,0.09635358616194062,0.46761304995452846,0.3712594637925879
A_module_fisher_z_Mito,BRD-K53417444,1.6414761746901403,1.4442859199309757,-0.19719025475916474
A_module_fisher_z_Mito,BRD-K53737926,0.43817989173316735,0.6071983601027927,0.16901846836962528
A_module_fisher_z_Mito,BRD-K53814070,0.820765971109599,0.8165669402411599,-0.004199030868438904
A_module_fisher_z_Mito,BRD-K53972329,0.5091258995690798,0.6282410839039652,0.11911518433488516
A_module_fisher_z_Mito,BRD-K54006094,0.620563671638772,0.6914784989212106,0.07091482728243857
A_module_fisher_z_Mito,BRD-K54847683,0.6968089507527313,0.5903108744900404,-0.10649807626269103
A_module_fisher_z_Mito,BRD-K55748775,0.061836475363828795,0.12335480129921302,0.06151832593538421
A_module_fisher_z_Mito,BRD-K55781385,0.623577989523022,0.5942211933989149,-0.029356796124107108
A_module_fisher_z_Mito,BRD-K55847762,0.8262384359895456,0.8901908089018041,0.06395237291225848
A_module_fisher_z_Mito,BRD-K55966568,0.5179801081898788,0.8323147015010078,0.31433459331112906
A_module_fisher_z_Mito,BRD-K56032964,0.5788452617348722,0.7497237964619953,0.17087853472712305
A_module_fisher_z_Mito,BRD-K56405753,0.48783654509046354,0.5983120049737268,0.11047545988326334
A_module_fisher_z_Mito,BRD-K56751279,0.8446161102944882,1.1337291288504487,0.2891130185559605
A_module_fisher_z_Mito,BRD-K56810756,0.19659950625284509,0.5722729733343508,0.3756734670815056
A_module_fisher_z_Mito,BRD-K57080016,0.7593206287640322,0.8096397008313153,0.05031907206728312
A_module_fisher_z_Mito,BRD-K58114536,0.3006261791066504,0.44024190184846584,0.13961572274181544
A_module_fisher_z_Mito,BRD-K58951486,0.3270681639942546,0.2731955324160524,-0.053872631578202185
A_module_fisher_z_Mito,BRD-K59013864,0.22496640732073855,0.11122320269526975,-0.11374320462546879
A_module_fisher_z_Mito,BRD-K59058766,0.6018761309554344,0.6906163366908167,0.08874020573538234
A_module_fisher_z_Mito,BRD-K59227464,0.48281193782159193,0.6277294403506123,0.1449175025290204
A_module_fisher_z_Mito,BRD-K59331299,0.24580583853190457,0.40860403910558446,0.16279820057367989
A_module_fisher_z_Mito,BRD-K59524082,0.4599727877588015,0.523238289257294,0.06326550149849244
A_module_fisher_z_Mito,BRD-K59929863,0.19601195169097163,0.08025722593905517,-0.11575472575191648
A_module_fisher_z_Mito,BRD-K60160658,0.4942383411468285,0.4881919813586427,-0.006046359788185868
A_module_fisher_z_Mito,BRD-K60341624,0.3773631173687083,0.5097401289436752,0.1323770115749668
A_module_fisher_z_Mito,BRD-K60997853,0.9095692230222338,1.2317415141476067,0.32217229112537304
A_module_fisher_z_Mito,BRD-K61195623,1.5944627166853953,1.6485842994261592,0.05412158274076397
A_module_fisher_z_Mito,BRD-K61250553,0.299363953362491,0.37567572770233715,0.07631177433984632
A_module_fisher_z_Mito,BRD-K62200014,0.3226923263843471,0.531695550514075,0.20900322412972797
A_module_fisher_z_Mito,BRD-K62562723,0.49810425201999237,0.6318416715131473,0.13373741949315499
A_module_fisher_z_Mito,BRD-K63150726,0.6291399889049176,0.7652505026721858,0.13611051376726804
A_module_fisher_z_Mito,BRD-K63550407,0.5303995411184919,0.47112331027740173,-0.05927623084109008
A_module_fisher_z_Mito,BRD-K63630713,0.15785017736164556,0.186306456505148,0.02845627914350243
A_module_fisher_z_Mito,BRD-K64504314,0.3385228110386151,0.3688798443539934,0.030357033315378344
A_module_fisher_z_Mito,BRD-K64755930,0.25739607939941617,0.3861650172119336,0.1287689378125173
A_module_fisher_z_Mito,BRD-K64800655,1.6458023759616927,1.7931275517157819,0.14732517575408932
A_module_fisher_z_Mito,BRD-K65678996,0.06582496008257578,0.11560906762128736,0.0497841075387116
A_module_fisher_z_Mito,BRD-K65820248,0.6232209851593166,0.8468039489084234,0.22358296374910688
A_module_fisher_z_Mito,BRD-K65991129,0.8449252576094861,0.7740512978640639,-0.07087395974542214
A_module_fisher_z_Mito,BRD-K65992024,0.45046148127513086,0.5085888124513672,0.0581273311762364
A_module_fisher_z_Mito,BRD-K67043667,0.4647654046631165,0.7128088545412408,0.2480434498781243
A_module_fisher_z_Mito,BRD-K68488863,1.3140892717713273,1.5161456443493406,0.2020563725780133
A_module_fisher_z_Mito,BRD-K68532323,1.379698373803577,1.1875713705197153,-0.1921270032838615
A_module_fisher_z_Mito,BRD-K68552125,1.243358377683204,1.506943894929276,0.2635855172460716
A_module_fisher_z_Mito,BRD-K70401845,1.4093302663189027,1.6470534142350792,0.23772314791617644
A_module_fisher_z_Mito,BRD-K70464547,0.2650371055391144,0.6890359774721806,0.42399887193306635
A_module_fisher_z_Mito,BRD-K70912147,0.37315964161418214,0.3696869078964819,-0.003472733717700226
A_module_fisher_z_Mito,BRD-K70914287,1.0847316587296243,1.1671057010094106,0.08237404227978612
A_module_fisher_z_Mito,BRD-K71221037,0.8892187764322047,0.8440223862245704,-0.045196390207634135
A_module_fisher_z_Mito,BRD-K72215350,0.6232525000193583,0.6833395895860596,0.06008708956670133
A_module_fisher_z_Mito,BRD-K73109821,0.8953571697139753,1.3129076306552891,0.4175504609413139
A_module_fisher_z_Mito,BRD-K73319509,0.5960561158343494,0.6916748177808248,0.09561870194647547
A_module_fisher_z_Mito,BRD-K74363950,0.13323357395875607,-0.11664380474387342,-0.24987737870262952
A_module_fisher_z_Mito,BRD-K74514084,0.9106003102258308,0.7837589187550509,-0.12684139147077986
A_module_fisher_z_Mito,BRD-K74763371,0.6733266823236825,0.6720679137457856,-0.0012587685778969676
A_module_fisher_z_Mito,BRD-K75024268,0.32296643296460964,0.257963236227967,-0.06500319673664251
A_module_fisher_z_Mito,BRD-K75089421,0.42173705596769984,0.39845462509079616,-0.023282430876903605
A_module_fisher_z_Mito,BRD-K75641298,0.39446819827956037,0.577544383047726,0.18307618476816565
A_module_fisher_z_Mito,BRD-K75844781,0.17306357284012572,0.3372804915463493,0.16421691870622365
A_module_fisher_z_Mito,BRD-K75911534,0.6125666783111988,0.6851846274302534,0.07261794911905452
A_module_fisher_z_Mito,BRD-K76197012,0.5612850945589739,0.591123477514779,0.029838382955805084
A_module_fisher_z_Mito,BRD-K76812510,0.27842389135088075,0.4786299335446497,0.20020604219376903
A_module_fisher_z_Mito,BRD-K76908866,0.8330455426725045,0.9644174512079638,0.1313719085354595
A_module_fisher_z_Mito,BRD-K77396579,0.4839971653217156,0.5729637301075087,0.08896656478579314
A_module_fisher_z_Mito,BRD-K78010432,0.7814045708450614,0.7525218633235405,-0.028882707521520803
A_module_fisher_z_Mito,BRD-K78303961,0.543887722424413,0.5663326600619114,0.022444937637498344
A_module_fisher_z_Mito,BRD-K79404599,0.5851460000431054,0.3774322782079352,-0.2077137218351704
A_module_fisher_z_Mito,BRD-K79759585,0.3262755695865623,0.42752444620118274,0.10124887661462043
A_module_fisher_z_Mito,BRD-K80396088,0.3518474016262793,0.4281176637312677,0.07627026210498845
A_module_fisher_z_Mito,BRD-K80535353,0.5433834544872079,0.5983202649712156,0.05493681048400772
A_module_fisher_z_Mito,BRD-K80700417,0.40822349928658336,0.45779617433047626,0.049572675043892955
A_module_fisher_z_Mito,BRD-K81144366,0.6928462948097639,0.9944500280723898,0.301603733262626
A_module_fisher_z_Mito,BRD-K81473089,0.2768812721940813,0.2583759133259553,-0.01850535886812602
A_module_fisher_z_Mito,BRD-K81672972,0.4081968071917108,0.5797323636236306,0.17153555643191978
A_module_fisher_z_Mito,BRD-K82244583,0.9311943647134527,1.1196850039515809,0.1884906392381281
A_module_fisher_z_Mito,BRD-K82795137,0.6868454518206509,0.9391683608342222,0.25232290901357163
A_module_fisher_z_Mito,BRD-K83508485,0.6376834451946136,0.8830864673091968,0.24540302211458329
A_module_fisher_z_Mito,BRD-K83794243,0.36713702487915834,0.41472255939066843,0.047585534511510125
A_module_fisher_z_Mito,BRD-K84810405,0.4343055381781503,0.5034483555449336,0.06914281736678324
A_module_fisher_z_Mito,BRD-K86816506,0.527036265855793,0.7147871462026854,0.18775088034689225
A_module_fisher_z_Mito,BRD-K87156652,0.50687851422671,0.5334577053510979,0.02657919112438798
A_module_fisher_z_Mito,BRD-K87737963,0.7138516130448717,0.6515708561311144,-0.062280756913757195
A_module_fisher_z_Mito,BRD-K87782578,0.8355017656866014,0.8526993196089017,0.017197553922300404
A_module_fisher_z_Mito,BRD-K88429204,1.0509932656864087,1.0946546196653335,0.04366135397892476
A_module_fisher_z_Mito,BRD-K88510285,1.3385336143149387,1.264751029275759,-0.07378258503917969
A_module_fisher_z_Mito,BRD-K88611939,0.16832916153932123,0.17845224086472364,0.010123079325402443
A_module_fisher_z_Mito,BRD-K89375097,0.3092844982273993,0.499553259837781,0.19026876161038167
A_module_fisher_z_Mito,BRD-K90195324,1.1489174413907108,0.817015804044891,-0.33190163734581973
A_module_fisher_z_Mito,BRD-K91111634,0.11596363141117287,0.2782118767816543,0.16224824537048138
A_module_fisher_z_Mito,BRD-K91263825,0.6612915887174714,0.55250564682371,-0.10878594189376117
A_module_fisher_z_Mito,BRD-K91336023,0.5434728251247926,0.6407504307333589,0.09727760560856626
A_module_fisher_z_Mito,BRD-K91822704,0.24783287722264202,0.22567227639384127,-0.022160600828800798
A_module_fisher_z_Mito,BRD-K91825936,1.0080719967360574,1.2718964039263907,0.26382440719033334
A_module_fisher_z_Mito,BRD-K92049597,0.9760701441466958,1.036680222778512,0.06061007863181627
A_module_fisher_z_Mito,BRD-K92241597,1.3208186105906092,1.2938140606946913,-0.027004549895918138
A_module_fisher_z_Mito,BRD-K93618743,0.7654976942479373,0.8261333824442536,0.060635688196316186
A_module_fisher_z_Mito,BRD-K93645900,0.5462197301147848,0.5021553667732499,-0.044064363341534823
A_module_fisher_z_Mito,BRD-K93754473,0.5424211779343756,0.5053986469345078,-0.03702253099986781
A_module_fisher_z_Mito,BRD-K93869735,0.4074068058940061,0.4271056949239142,0.019698889029908042
A_module_fisher_z_Mito,BRD-K93880783,0.5670072090693031,0.732850443812335,0.1658432347430318
A_module_fisher_z_Mito,BRD-K93944989,0.0742294756644355,0.13128389437350438,0.0570544187090689
A_module_fisher_z_Mito,BRD-K94288301,0.9681839893198949,0.9663454463816509,-0.0018385429382438007
A_module_fisher_z_Mito,BRD-K95921201,0.32029396464059956,0.3921781006173577,0.0718841359767582
A_module_fisher_z_Mito,BRD-K96042922,0.6528818773668055,0.9279427617274177,0.2750608843606124
A_module_fisher_z_Mito,BRD-K96123349,1.5205621459212408,1.272706062285076,-0.24785608363616474
A_module_fisher_z_Mito,BRD-K96550715,0.10011175917921994,0.23166886610571996,0.13155710692650008
A_module_fisher_z_Mito,BRD-K97045029,0.3507700108906374,0.3268273892927126,-0.023942621597924894
A_module_fisher_z_Mito,BRD-K97440753,0.26221819285741943,0.40304055096689073,0.14082235810947125
A_module_fisher_z_Mito,BRD-K97472745,1.054261741107352,1.0703598326706383,0.016098091563286218
A_module_fisher_z_Mito,BRD-K97643133,0.41073521603628316,0.4718167345237163,0.06108151848743312
A_module_fisher_z_Mito,BRD-K98004573,0.5286511832621703,0.43759931090503684,-0.0910518723571334
A_module_fisher_z_Mito,BRD-K98453471,0.2542129480313361,0.19391522539423905,-0.06029772263709702
A_module_fisher_z_Mito,BRD-K98572433,1.6281601606488287,1.6272519647520776,-0.0009081958967510259
A_module_fisher_z_Mito,BRD-K99383816,0.21847732010848808,0.25972066130984767,0.04124334120135956
A_module_fisher_z_Mito,BRD-K99792991,1.4070660823853691,1.390512468849141,-0.016553613536228168
A_module_fisher_z_Mito,BRD-M89827113,0.3177682907166378,0.3047318284598693,-0.013036462256768524
A_module_fisher_z_RNA,BRD-A03623303,0.34448787271565967,0.3535992310680102,0.009111358352350508
A_module_fisher_z_RNA,BRD-A07440155,0.49498799507378055,0.7694343032098262,0.27444630813604554
A_module_fisher_z_RNA,BRD-A08187463,0.8411790001259617,1.0630491371063626,0.221870136980401
A_module_fisher_z_RNA,BRD-A08545410,0.5422476446609275,0.8380159384495706,0.2957682937886432
A_module_fisher_z_RNA,BRD-A10012892,0.7607912960346105,1.0846996416405046,0.3239083456058941
A_module_fisher_z_RNA,BRD-A13188892,0.6547204208537991,0.6477604519069199,-0.006959968946879215
A_module_fisher_z_RNA,BRD-A14886633,0.839801046493727,1.163251501954477,0.32345045546074974
A_module_fisher_z_RNA,BRD-A14941520,0.7886640714185211,0.918495196492452,0.1298311250739311
A_module_fisher_z_RNA,BRD-A16347691,1.1135204917589911,1.3353112280601716,0.22179073630118015
A_module_fisher_z_RNA,BRD-A19195498,0.8779660728513807,0.8682546740201251,-0.009711398831255593
A_module_fisher_z_RNA,BRD-A20239487,0.6589404352784412,0.7411620918410938,0.08222165656265282
A_module_fisher_z_RNA,BRD-A21607826,0.9997301130996582,1.2716627444961677,0.2719326313965091
A_module_fisher_z_RNA,BRD-A22032524,0.38827888955144796,0.5720203362421438,0.18374144669069578
A_module_fisher_z_RNA,BRD-A25619068,0.5725494471491234,0.5050814078272041,-0.06746803932191915
A_module_fisher_z_RNA,BRD-A26032986,0.9442455716489524,1.043016547531086,0.09877097588213345
A_module_fisher_z_RNA,BRD-A28787076,0.8767827423696573,1.1652253738209997,0.28844263145134247
A_module_fisher_z_RNA,BRD-A29520968,0.7649459206625372,1.0725049716434834,0.30755905098094627
A_module_fisher_z_RNA,BRD-A29734509,1.0128523789480988,1.11534143957077,0.10248906062267105
A_module_fisher_z_RNA,BRD-A29844814,-0.06919918336968486,0.1493412206319148,0.21854040400159963
A_module_fisher_z_RNA,BRD-A31811760,0.6405441859710422,0.9156823180887519,0.2751381321177096
A_module_fisher_z_RNA,BRD-A32172948,0.08528219128755507,0.17781291623378467,0.09253072494622962
A_module_fisher_z_RNA,BRD-A33711280,0.7123858197989147,0.999543593126872,0.2871577733279575
A_module_fisher_z_RNA,BRD-A36331462,1.1562997982944607,1.3341198440060738,0.17782004571161283
A_module_fisher_z_RNA,BRD-A38350138,0.3528337505212048,0.40038376757212196,0.04755001705091719
A_module_fisher_z_RNA,BRD-A39390670,0.18571312009192717,0.26557747688069444,0.07986435678876724
A_module_fisher_z_RNA,BRD-A39935389,0.5318395585298622,0.667746797855152,0.13590723932528972
A_module_fisher_z_RNA,BRD-A46179541,0.5161404432177525,0.69586752851442,0.17972708529666753
A_module_fisher_z_RNA,BRD-A48237631,1.3172020524039,1.4160844599708124,0.09888240756691226
A_module_fisher_z_RNA,BRD-A48570745,0.9124324335058953,1.2123447917263883,0.2999123582204927
A_module_fisher_z_RNA,BRD-A49160188,1.0059769101133762,1.077343540367137,0.07136663025376055
A_module_fisher_z_RNA,BRD-A49838158,0.7822139384823497,1.2809726752567545,0.49875873677440474
A_module_fisher_z_RNA,BRD-A50764878,0.9134564194518467,1.0371502798773484,0.12369386042550173
A_module_fisher_z_RNA,BRD-A51078674,0.7149159507475893,1.0303951777790203,0.31547922703143094
A_module_fisher_z_RNA,BRD-A52922642,0.11755398559538136,0.295384551689567,0.17783056609418565
A_module_fisher_z_RNA,BRD-A55272860,0.6179459611022586,0.9136283364804212,0.29568237537816244
A_module_fisher_z_RNA,BRD-A56085258,0.839797538625963,0.8435723765108424,0.003774837884879497
A_module_fisher_z_RNA,BRD-A58280226,1.4818468058999177,1.3885580104597044,-0.09328879544021333
A_module_fisher_z_RNA,BRD-A62071884,0.5105120392167992,0.7654278349739294,0.2549157957571302
A_module_fisher_z_RNA,BRD-A65051990,0.6442384284122874,0.8196788543104812,0.17544042589819364
A_module_fisher_z_RNA,BRD-A67616246,1.1408393650520692,1.334566808393272,0.19372744334120284
A_module_fisher_z_RNA,BRD-A67862938,0.886513014109579,0.9345258604773784,0.048012846367799095
A_module_fisher_z_RNA,BRD-A68493689,0.7280739131046801,0.8850457751741149,0.15697186206943498
A_module_fisher_z_RNA,BRD-A68888262,1.316534106871162,1.4873474855949924,0.17081337872383046
A_module_fisher_z_RNA,BRD-A68942014,1.0729341475784226,1.2938103348929182,0.22087618731449568
A_module_fisher_z_RNA,BRD-A70998768,0.9036159639148929,1.0009938423556868,0.0973778784407943
A_module_fisher_z_RNA,BRD-A75305484,0.5582373602308965,0.6995260895386007,0.1412887293077043
A_module_fisher_z_RNA,BRD-A75726477,0.8014470094770589,0.8388947450332719,0.037447735556213044
A_module_fisher_z_RNA,BRD-A77216878,0.9551753085335698,1.1102084128904877,0.15503310435691803
A_module_fisher_z_RNA,BRD-A78877355,0.649794481661179,0.6285637097990264,-0.021230771862152553
A_module_fisher_z_RNA,BRD-A82522119,0.5321636979814234,0.7353786581024004,0.2032149601209769
A_module_fisher_z_RNA,BRD-A85548292,1.3257663128767283,1.578662180719505,0.25289586784277657
A_module_fisher_z_RNA,BRD-A87983072,0.33582031522249234,0.4705012636614396,0.13468094843894723
A_module_fisher_z_RNA,BRD-A91699651,0.8426093457643331,0.9400280774040825,0.09741873163974929
A_module_fisher_z_RNA,BRD-A93000692,0.7903493492135032,0.9432302176524777,0.1528808684389746
A_module_fisher_z_RNA,BRD-A93964801,0.6308241502719492,0.7710272722153,0.14020312194335094
A_module_fisher_z_RNA,BRD-A94543220,0.818426711899906,1.343234760403258,0.5248080485033516
A_module_fisher_z_RNA,BRD-A94756469,1.0704601096611073,1.108394645761179,0.03793453610007164
A_module_fisher_z_RNA,BRD-A95032015,0.45145870979771274,0.536496896872856,0.08503818707514303
A_module_fisher_z_RNA,BRD-A98702003,1.462682693163026,1.8228717801512775,0.3601890869882516
A_module_fisher_z_RNA,BRD-A98990573,0.8622189262176292,1.27126320900122,0.4090442827835908
A_module_fisher_z_RNA,BRD-K04112579,0.5640449182234639,0.8242539091704819,0.26020899094701805
A_module_fisher_z_RNA,BRD-K04185004,0.5659013820159525,0.7730778219486387,0.2071764399326862
A_module_fisher_z_RNA,BRD-K05236810,0.7972014306880765,0.9859100273249819,0.18870859663690528
A_module_fisher_z_RNA,BRD-K05395900,0.45455990591730683,0.45550971756701597,0.0009498116497090314
A_module_fisher_z_RNA,BRD-K05524748,0.5414063651871336,0.6333284101882068,0.09192204500107312
A_module_fisher_z_RNA,BRD-K06240250,0.6329396884060212,0.9241090941961093,0.2911694057900881
A_module_fisher_z_RNA,BRD-K06294530,0.5654968798602097,0.8907779105875936,0.3252810307273839
A_module_fisher_z_RNA,BRD-K06335600,0.06711851912980632,0.06828461621665577,0.0011660970868494537
A_module_fisher_z_RNA,BRD-K06557128,0.26469178913523805,0.48113286498018987,0.2164410758449517
A_module_fisher_z_RNA,BRD-K06900071,0.5954113698774199,1.0271922775107134,0.43178090763329363
A_module_fisher_z_RNA,BRD-K07160047,0.22177401133420307,0.3981411920006168,0.17636718066641374
A_module_fisher_z_RNA,BRD-K07220430,-0.007744751847411746,0.0016587055581539817,0.00940345740556572
A_module_fisher_z_RNA,BRD-K07237224,0.20026480538546446,0.31192457236650134,0.11165976698103683
A_module_fisher_z_RNA,BRD-K07572174,0.9597440439875028,1.3510054730022323,0.3912614290147292
A_module_fisher_z_RNA,BRD-K07881437,1.2966972888247705,1.55898755169371,0.2622902628689394
A_module_fisher_z_RNA,BRD-K08248804,0.9677928863533681,1.0340576299501087,0.06626474359674066
A_module_fisher_z_RNA,BRD-K08252256,0.36288260941125533,0.6167563475650701,0.2538737381538147
A_module_fisher_z_RNA,BRD-K08832567,0.6757564545588415,0.9929488524921157,0.3171923979332745
A_module_fisher_z_RNA,BRD-K09372874,0.5435639118479341,0.6533031881554457,0.10973927630751176
A_module_fisher_z_RNA,BRD-K09426783,1.2746898318188946,1.493608699090552,0.2189188672716572
A_module_fisher_z_RNA,BRD-K09471561,0.7938277286565474,1.1545060868619714,0.360678358205424
A_module_fisher_z_RNA,BRD-K09711437,0.334252746862579,0.48026573605553335,0.14601298919295436
A_module_fisher_z_RNA,BRD-K09951645,1.0846738612779145,1.2370546201146917,0.1523807588367774
A_module_fisher_z_RNA,BRD-K10845183,0.9512482835532183,1.06452775394719,0.11327947039397175
A_module_fisher_z_RNA,BRD-K10852020,1.1323144612209184,1.3193701379661904,0.18705567674527177
A_module_fisher_z_RNA,BRD-K11196887,0.8039728496116539,0.8932853151059571,0.08931246549430309
A_module_fisher_z_RNA,BRD-K11399644,0.8062679008511455,0.9815234113777558,0.17525551052661043
A_module_fisher_z_RNA,BRD-K12219985,0.5870318071383741,0.8231216466158214,0.2360898394774472
A_module_fisher_z_RNA,BRD-K12609457,0.643421158092218,0.6596968425584031,0.016275684466185193
A_module_fisher_z_RNA,BRD-K12932420,0.5009606718203012,1.016595354779523,0.5156346829592219
A_module_fisher_z_RNA,BRD-K12994359,0.24847493637079424,0.446380810594852,0.19790587422405773
A_module_fisher_z_RNA,BRD-K13050541,0.6500345098281781,0.8238483676264393,0.17381385779826142
A_module_fisher_z_RNA,BRD-K13154216,1.1881964455270033,0.9631230950047218,-0.2250733505222814
A_module_fisher_z_RNA,BRD-K13646352,0.95172872164665,0.9330823868968545,-0.018646334749795615
A_module_fisher_z_RNA,BRD-K13662825,0.9876661414398709,1.2711540132489167,0.2834878718090461
A_module_fisher_z_RNA,BRD-K14175878,0.9096295628220871,0.9328655028544186,0.023235940032331665
A_module_fisher_z_RNA,BRD-K14653796,0.3559477302156943,0.480561437470324,0.12461370725462981
A_module_fisher_z_RNA,BRD-K14993104,0.2927063870123787,0.27606030194217673,-0.016646085070201974
A_module_fisher_z_RNA,BRD-K15010214,0.3567328100527284,0.17054168065958486,-0.18619112939314358
A_module_fisher_z_RNA,BRD-K15108141,0.9200975969201868,1.3099161905873757,0.3898185936671888
A_module_fisher_z_RNA,BRD-K15916496,1.0800147750034381,1.2597106549645374,0.17969587996109918
A_module_fisher_z_RNA,BRD-K15933101,0.8868029302621029,1.0003236964296613,0.1135207661675586
A_module_fisher_z_RNA,BRD-K16732600,1.160878795917761,1.296928304721975,0.13604950880421415
A_module_fisher_z_RNA,BRD-K17026858,0.9455259174817644,0.9276327866012843,-0.017893130880479807
A_module_fisher_z_RNA,BRD-K17944737,1.3292755750537215,1.341147228644535,0.011871653590813599
A_module_fisher_z_RNA,BRD-K18324993,1.001460362755543,0.9800097127680863,-0.021450649987456546
A_module_fisher_z_RNA,BRD-K18678457,0.9214945057011147,1.0248686426830966,0.10337413698198193
A_module_fisher_z_RNA,BRD-K18779551,0.5590453220843562,0.7485114491437632,0.18946612705940707
A_module_fisher_z_RNA,BRD-K19388745,0.9172026252113221,0.917812066221108,0.0006094410097858426
A_module_fisher_z_RNA,BRD-K20001883,0.436733947774435,0.5317455749803752,0.09501162720594022
A_module_fisher_z_RNA,BRD-K20738689,0.2674693911996988,0.4197438850470658,0.15227449384736697
A_module_fisher_z_RNA,BRD-K21450440,0.7866401747937947,0.9534326252146832,0.16679245042088825
A_module_fisher_z_RNA,BRD-K21884483,0.5376423014827534,0.7884185843429753,0.2507762828602219
A_module_fisher_z_RNA,BRD-K22031190,0.3822344730168212,0.6646173029456707,0.28238282992884955
A_module_fisher_z_RNA,BRD-K22097830,0.37654735310365867,0.672802916181586,0.2962555630779274
A_module_fisher_z_RNA,BRD-K23082237,0.3266879169462858,0.6763756865457516,0.34968776959946585
A_module_fisher_z_RNA,BRD-K23190681,0.836428317152728,1.0922232981682514,0.25579498101552334
A_module_fisher_z_RNA,BRD-K23228615,1.3008642289293986,1.7791873024056113,0.4783230734762128
A_module_fisher_z_RNA,BRD-K23984367,0.8015434742854466,0.8515407627549526,0.04999728846950582
A_module_fisher_z_RNA,BRD-K24723746,0.8069057606892219,1.020848891896221,0.21394313120699923
A_module_fisher_z_RNA,BRD-K24943235,0.6859765081671316,0.6253504394544195,-0.06062606871271229
A_module_fisher_z_RNA,BRD-K25630527,1.0876257874253683,1.153079275897266,0.06545348847189761
A_module_fisher_z_RNA,BRD-K25650355,0.5531411883262627,0.8306666444597605,0.27752545613349777
A_module_fisher_z_RNA,BRD-K26341917,0.8173960137069616,0.8616764149044349,0.044280401197473375
A_module_fisher_z_RNA,BRD-K26619122,1.0384939259380166,1.1341663065367529,0.09567238059873623
A_module_fisher_z_RNA,BRD-K29359156,0.9165222491202653,1.2026583324730655,0.2861360833528002
A_module_fisher_z_RNA,BRD-K29582115,0.8541783944719241,0.9555458909352104,0.10136749646328633
A_module_fisher_z_RNA,BRD-K29735307,0.8089240367428538,1.0724188028548205,0.2634947661119667
A_module_fisher_z_RNA,BRD-K29950728,0.28509742394335846,0.44071988380974114,0.15562245986638257
A_module_fisher_z_RNA,BRD-K30126819,0.6148316843218544,0.6597764611966803,0.044944776874826065
A_module_fisher_z_RNA,BRD-K30466858,0.7673739057173754,0.8062445727797088,0.03887066706233336
A_module_fisher_z_RNA,BRD-K30685142,0.1937533146231406,0.15810204342550366,-0.03565127119763696
A_module_fisher_z_RNA,BRD-K31339321,0.7083171496298307,0.7305452190255224,0.02222806939569151
A_module_fisher_z_RNA,BRD-K31342827,0.7100011675288287,1.1050050370568951,0.3950038695280662
A_module_fisher_z_RNA,BRD-K31447894,0.16134999227879893,0.5235320418874644,0.3621820496086655
A_module_fisher_z_RNA,BRD-K31731454,0.48287609137383414,0.6228002820347158,0.13992419066088177
A_module_fisher_z_RNA,BRD-K32107296,0.4459902186726849,0.7034966003832661,0.25750638171058127
A_module_fisher_z_RNA,BRD-K32218650,0.2857623124399092,0.5529220884084505,0.2671597759685414
A_module_fisher_z_RNA,BRD-K32821942,0.8240172035456393,0.9877294236490646,0.16371222010342507
A_module_fisher_z_RNA,BRD-K33211335,0.41609464559069465,0.594405767852841,0.1783111222621464
A_module_fisher_z_RNA,BRD-K33226500,0.41599724087905793,0.6639990396360775,0.24800179875701975
A_module_fisher_z_RNA,BRD-K33379087,0.8972239969637121,1.1960305649703933,0.2988065680066814
A_module_fisher_z_RNA,BRD-K33732501,0.9187197520513638,0.8749778161344861,-0.04374193591687771
A_module_fisher_z_RNA,BRD-K34469523,0.44264271440632635,0.47857815010525656,0.035935435698930186
A_module_fisher_z_RNA,BRD-K35169477,0.8063692537393072,1.5234074615662823,0.717038207826975
A_module_fisher_z_RNA,BRD-K35775715,1.1327320447723959,1.2221520981436163,0.08942005337122039
A_module_fisher_z_RNA,BRD-K35960502,0.8352379031054205,1.293315600938135,0.45807769783271435
A_module_fisher_z_RNA,BRD-K37694030,0.3737614394891616,0.37729900464298616,0.0035375651538245936
A_module_fisher_z_RNA,BRD-K40175214,0.8919826259789981,1.1866504023095739,0.2946677763305756
A_module_fisher_z_RNA,BRD-K42898655,1.0268626632653601,1.2071025013196541,0.1802398380542942
A_module_fisher_z_RNA,BRD-K43723251,0.9815815582242481,1.2259775324072992,0.24439597418305128
A_module_fisher_z_RNA,BRD-K43797669,0.8113574641645602,1.2281626289377607,0.4168051647732003
A_module_fisher_z_RNA,BRD-K43802723,0.5084746818698966,0.5083868984955665,-8.778337433017974e-05
A_module_fisher_z_RNA,BRD-K43806473,0.7005320272881002,1.024144370021427,0.32361234273332656
A_module_fisher_z_RNA,BRD-K44844162,1.8175260916250053,1.7450529077392847,-0.07247318388572041
A_module_fisher_z_RNA,BRD-K45252063,0.17814208465798023,0.2830350302138197,0.10489294555583957
A_module_fisher_z_RNA,BRD-K45746021,0.4951707806635557,0.8704485957864772,0.37527781512292163
A_module_fisher_z_RNA,BRD-K46386702,0.9144605097493623,1.3051668500480202,0.3907063402986578
A_module_fisher_z_RNA,BRD-K46604138,0.357373547457914,0.37665570761963385,0.01928216016171978
A_module_fisher_z_RNA,BRD-K46937689,1.0533963791031293,1.4352660347103992,0.38186965560726993
A_module_fisher_z_RNA,BRD-K47000838,1.328534343378784,1.2926878989841666,-0.03584644439461744
A_module_fisher_z_RNA,BRD-K48812570,0.8394099151489357,0.6630489011249721,-0.17636101402396373
A_module_fisher_z_RNA,BRD-K48892307,1.0157137549908235,0.9467487413009226,-0.06896501368990086
A_module_fisher_z_RNA,BRD-K49504902,1.2482147690704462,1.4211114759990886,0.17289670692864256
A_module_fisher_z_RNA,BRD-K49555808,0.9568291206311943,1.2995543311076154,0.3427252104764209
A_module_fisher_z_RNA,BRD-K49671696,0.2784648813902975,0.32164876422667366,0.04318388283637615
A_module_fisher_z_RNA,BRD-K49865102,1.1177176248862137,1.1426213701408832,0.024903745254669662
A_module_fisher_z_RNA,BRD-K50031829,0.6982346628460019,1.071067850580195,0.37283318773419305
A_module_fisher_z_RNA,BRD-K50133271,1.4175807236535027,1.1609126997840722,-0.2566680238694302
A_module_fisher_z_RNA,BRD-K50498985,0.7906144157413292,1.0014340185414572,0.21081960280012818
A_module_fisher_z_RNA,BRD-K51040301,0.5857292366163208,0.7294704159956344,0.14374117937931352
A_module_fisher_z_RNA,BRD-K51087630,0.6596564122643005,0.8784786419075619,0.21882222964326153
A_module_fisher_z_RNA,BRD-K51677086,0.6539604999011385,0.632185776597971,-0.021774723303167445
A_module_fisher_z_RNA,BRD-K52172416,0.6615026704482855,0.9157919782118912,0.25428930776360553
A_module_fisher_z_RNA,BRD-K52989797,0.8166993958503792,1.2133754501030891,0.39667605425270974
A_module_fisher_z_RNA,BRD-K53417444,1.757540801064053,1.5779785785148193,-0.1795622225492336
A_module_fisher_z_RNA,BRD-K53737926,0.5842165595717329,1.0101572495133349,0.4259406899416019
A_module_fisher_z_RNA,BRD-K53814070,0.47842615290665363,0.6627867144563,0.18436056154964645
A_module_fisher_z_RNA,BRD-K53972329,0.4987773715990618,0.8560439810699096,0.35726660947084776
A_module_fisher_z_RNA,BRD-K54006094,0.8461038370714165,1.16945863222825,0.3233547951568336
A_module_fisher_z_RNA,BRD-K54847683,0.704593770435952,0.7940366682729179,0.08944289783696602
A_module_fisher_z_RNA,BRD-K55748775,0.289936378288923,0.5746587717435585,0.28472239345463546
A_module_fisher_z_RNA,BRD-K55781385,0.5839973405955994,0.8430811195587391,0.2590837789631395
A_module_fisher_z_RNA,BRD-K55847762,0.5731906839743499,0.8284399290222564,0.2552492450479064
A_module_fisher_z_RNA,BRD-K55966568,0.5184950401293323,0.5418634742801489,0.023368434150816696
A_module_fisher_z_RNA,BRD-K56032964,0.9111449027916626,1.022984524311356,0.11183962151969334
A_module_fisher_z_RNA,BRD-K56405753,0.2805193913070524,0.6910964533447562,0.410577062037704
A_module_fisher_z_RNA,BRD-K56751279,0.719168250873742,0.9079157001237377,0.1887474492499957
A_module_fisher_z_RNA,BRD-K56810756,0.5791697781490633,0.8817042176739212,0.30253443952485787
A_module_fisher_z_RNA,BRD-K57080016,0.7563116745431611,1.0232043069683963,0.2668926324252349
A_module_fisher_z_RNA,BRD-K58114536,0.1758261073220328,0.4778007876057313,0.3019746802836985
A_module_fisher_z_RNA,BRD-K58951486,0.23666985843481259,0.42299747244005004,0.18632761400523742
A_module_fisher_z_RNA,BRD-K59013864,0.554257696839186,0.9382734283826049,0.38401573154341906
A_module_fisher_z_RNA,BRD-K59058766,0.7430060839654007,0.7614747736717645,0.01846868970636376
A_module_fisher_z_RNA,BRD-K59227464,0.7353462157429571,0.6189515132676084,-0.11639470247534867
A_module_fisher_z_RNA,BRD-K59331299,0.3095024121767641,0.437994206543677,0.12849179436691294
A_module_fisher_z_RNA,BRD-K59524082,0.5251060522479921,0.5062700643681539,-0.01883598787983808
A_module_fisher_z_RNA,BRD-K59929863,0.6465168353349049,0.8779718065300387,0.23145497119513372
A_module_fisher_z_RNA,BRD-K60160658,0.7881674419488216,1.092746383842754,0.30457894189393203
A_module_fisher_z_RNA,BRD-K60341624,0.7234484149765705,0.8626546537515332,0.1392062387749626
A_module_fisher_z_RNA,BRD-K60997853,0.8553733164595095,1.04306814584851,0.1876948293890007
A_module_fisher_z_RNA,BRD-K61195623,1.1509978157702527,1.2905152579373484,0.13951744216709572
A_module_fisher_z_RNA,BRD-K61250553,0.6187299360286197,1.0725853710595574,0.4538554350309378
A_module_fisher_z_RNA,BRD-K62200014,0.9756225943024801,1.196090619380617,0.2204680250781369
A_module_fisher_z_RNA,BRD-K62562723,0.7130511258303579,0.7761863242766264,0.06313519844626853
A_module_fisher_z_RNA,BRD-K63150726,1.303845957503029,1.4018024730376148,0.09795651553458593
A_module_fisher_z_RNA,BRD-K63550407,0.8807444866896228,0.9914513102258335,0.11070682353621081
A_module_fisher_z_RNA,BRD-K63630713,0.9847024893212587,1.2423774866375565,0.25767499731629795
A_module_fisher_z_RNA,BRD-K64504314,0.6245599952357579,0.5812234135512008,-0.04333658168455708
A_module_fisher_z_RNA,BRD-K64755930,0.2874038426401218,0.33108971609766297,0.04368587345754116
A_module_fisher_z_RNA,BRD-K64800655,1.0570374321114786,1.010902854351737,-0.04613457775974119
A_module_fisher_z_RNA,BRD-K65678996,0.8033447248445742,1.1972553853734507,0.3939106605288767
A_module_fisher_z_RNA,BRD-K65820248,1.0203311571408353,1.2922642059503522,0.27193304880951696
A_module_fisher_z_RNA,BRD-K65991129,0.8523677906678235,0.9742732701614122,0.12190547949358845
A_module_fisher_z_RNA,BRD-K65992024,0.838968379309696,1.0635004519714693,0.22453207266177355
A_module_fisher_z_RNA,BRD-K67043667,1.2518369474465725,1.6262244244927961,0.3743874770462237
A_module_fisher_z_RNA,BRD-K68488863,0.8252069260427219,0.9219616459225174,0.09675471987979552
A_module_fisher_z_RNA,BRD-K68532323,1.2296364557129307,1.5526463334946459,0.323009877781715
A_module_fisher_z_RNA,BRD-K68552125,1.4516702011082783,2.1117009078698343,0.660030706761556
A_module_fisher_z_RNA,BRD-K70401845,1.294537210094581,1.51927811601001,0.2247409059154297
A_module_fisher_z_RNA,BRD-K70464547,0.7513578956521862,0.8679532352385257,0.1165953395863394
A_module_fisher_z_RNA,BRD-K70912147,0.2768377090598492,0.3354559198116741,0.05861821075182489
A_module_fisher_z_RNA,BRD-K70914287,0.8398821578245136,0.9055740319119414,0.06569187408742774
A_module_fisher_z_RNA,BRD-K71221037,0.9838260701920407,0.9404873119066577,-0.043338758285383
A_module_fisher_z_RNA,BRD-K72215350,0.47048955957147826,0.5954081209072574,0.12491856133577915
A_module_fisher_z_RNA,BRD-K73109821,1.066887910950187,1.4364963220002767,0.3696084110500897
A_module_fisher_z_RNA,BRD-K73319509,0.1563728265398949,0.13701675482417316,-0.019356071715721748
A_module_fisher_z_RNA,BRD-K74363950,0.6816307690877795,0.7011264966361834,0.01949572754840371
A_module_fisher_z_RNA,BRD-K74514084,1.0449652468184754,1.2322217577414252,0.1872565109229503
A_module_fisher_z_RNA,BRD-K74763371,0.9813839799873213,1.2828915027508623,0.3015075227635411
A_module_fisher_z_RNA,BRD-K75024268,0.48628555070610485,0.6241069611423791,0.13782141043627438
A_module_fisher_z_RNA,BRD-K75089421,0.5628927517662389,0.5612834944110476,-0.0016092573551913713
A_module_fisher_z_RNA,BRD-K75641298,0.03813848578890328,0.1602081636633238,0.12206967787442052
A_module_fisher_z_RNA,BRD-K75844781,0.43343342700585685,0.5041667189208259,0.07073329191496902
A_module_fisher_z_RNA,BRD-K75911534,0.9212249488348654,1.018425185805033,0.0972002369701676
A_module_fisher_z_RNA,BRD-K76197012,0.6002851196402585,0.5172211743624566,-0.08306394527780182
A_module_fisher_z_RNA,BRD-K76812510,0.7399140553725485,0.7350645918883308,-0.004849463484217813
A_module_fisher_z_RNA,BRD-K76908866,1.071927566000057,1.0810478407702877,0.009120274770230509
A_module_fisher_z_RNA,BRD-K77396579,1.066547723985373,0.9511528508990134,-0.11539487308635946
A_module_fisher_z_RNA,BRD-K78010432,0.5791808045679946,0.6241207683436099,0.044939963775615106
A_module_fisher_z_RNA,BRD-K78303961,0.6586395187896751,0.9814740741065155,0.3228345553168405
A_module_fisher_z_RNA,BRD-K79404599,0.5285005122864042,0.3270945160437858,-0.20140599624261835
A_module_fisher_z_RNA,BRD-K79759585,0.5980431138482999,0.5823333822316906,-0.01570973161660945
A_module_fisher_z_RNA,BRD-K80396088,0.41630432399123674,0.7947267423148707,0.3784224183236339
A_module_fisher_z_RNA,BRD-K80535353,0.6719052477408816,1.1321873777304015,0.4602821299895199
A_module_fisher_z_RNA,BRD-K80700417,0.5990777657306512,0.5497708039660458,-0.049306961764605264
A_module_fisher_z_RNA,BRD-K81144366,0.6507133350809835,0.6690267138126337,0.01831337873165019
A_module_fisher_z_RNA,BRD-K81473089,0.7490705436438698,0.8734429483558958,0.12437240471202579
A_module_fisher_z_RNA,BRD-K81672972,0.5477204595427128,0.52524089834197,-0.0224795612007428
A_module_fisher_z_RNA,BRD-K82244583,1.2059929418904332,1.514101714331404,0.30810877244097074
A_module_fisher_z_RNA,BRD-K82795137,0.6615424511146908,0.7112981811780771,0.04975573006338626
A_module_fisher_z_RNA,BRD-K83508485,0.9446393090511227,1.032948733810227,0.0883094247591048
A_module_fisher_z_RNA,BRD-K83794243,0.7195425066844876,0.6775619217997726,-0.04198058488471501
A_module_fisher_z_RNA,BRD-K84810405,1.321268915974375,1.6470471095080288,0.3257781935336539
A_module_fisher_z_RNA,BRD-K86816506,1.1982289331442406,1.611665379319765,0.413436446175524
A_module_fisher_z_RNA,BRD-K87156652,0.881944440037838,1.3015424106092803,0.41959797057144255
A_module_fisher_z_RNA,BRD-K87737963,1.0663809033664668,1.02871533393773,-0.03766556942873714
A_module_fisher_z_RNA,BRD-K87782578,0.9921986208140807,1.1025427099045357,0.1103440890904552
A_module_fisher_z_RNA,BRD-K88429204,1.0824603696425872,1.3243875025013228,0.24192713285873563
A_module_fisher_z_RNA,BRD-K88510285,1.187979923689302,1.325346123034901,0.13736619934559918
A_module_fisher_z_RNA,BRD-K88611939,0.47112863638763725,0.40664414936760096,-0.06448448702003623
A_module_fisher_z_RNA,BRD-K89375097,0.688361366947409,0.8132250520745895,0.12486368512718043
A_module_fisher_z_RNA,BRD-K90195324,1.1243754756206121,1.1326741052693465,0.008298629648734568
A_module_fisher_z_RNA,BRD-K91111634,0.6021140501540871,0.588200340017639,-0.013913710136448163
A_module_fisher_z_RNA,BRD-K91263825,0.951294414981007,1.1342039982198815,0.18290958323887455
A_module_fisher_z_RNA,BRD-K91336023,0.4898139878299891,0.5317886836180686,0.041974695788079455
A_module_fisher_z_RNA,BRD-K91822704,0.7519223746165078,1.0723143930810064,0.3203920184644988
A_module_fisher_z_RNA,BRD-K91825936,0.9027844001949644,0.9359236127164606,0.033139212521496104
A_module_fisher_z_RNA,BRD-K92049597,1.0246950437389435,1.0581307610182404,0.03343571727929707
A_module_fisher_z_RNA,BRD-K92241597,0.8979698094114439,0.9107977210514577,0.012827911640013817
A_module_fisher_z_RNA,BRD-K93618743,0.8588530296050103,1.3645334567346288,0.5056804271296187
A_module_fisher_z_RNA,BRD-K93645900,0.8963339987275432,1.203847495661262,0.3075134969337188
A_module_fisher_z_RNA,BRD-K93754473,0.9362233363108378,1.0230602301688156,0.08683689385797816
A_module_fisher_z_RNA,BRD-K93869735,0.4946605583543552,0.6594765084851304,0.1648159501307752
A_module_fisher_z_RNA,BRD-K93880783,0.6717645903530649,0.8535798003626527,0.18181521000958775
A_module_fisher_z_RNA,BRD-K93944989,0.05195104519868934,0.26886929279350474,0.2169182475948154
A_module_fisher_z_RNA,BRD-K94288301,0.6162104348389881,0.5145637765664159,-0.10164665827257184
A_module_fisher_z_RNA,BRD-K95921201,0.45704714050719364,0.4610657623071161,0.004018621799922366
A_module_fisher_z_RNA,BRD-K96042922,0.3479600303767334,0.26244575577212215,-0.08551427460461117
A_module_fisher_z_RNA,BRD-K96123349,1.2523356041195024,1.0532136573079902,-0.1991219468115121
A_module_fisher_z_RNA,BRD-K96550715,0.6688955932218765,0.8601357092598253,0.19124011603794888
A_module_fisher_z_RNA,BRD-K97045029,0.7511732517776349,0.81121933003422,0.06004607825658495
A_module_fisher_z_RNA,BRD-K97440753,0.005548406517657635,0.20700135416486692,0.2014529476472093
A_module_fisher_z_RNA,BRD-K97472745,0.4220984376088747,0.6626778940236198,0.24057945641474512
A_module_fisher_z_RNA,BRD-K97643133,0.4771028396917496,0.8355716558688401,0.35846881617709064
A_module_fisher_z_RNA,BRD-K98004573,0.35317245924306895,0.5492098396301334,0.19603738038706436
A_module_fisher_z_RNA,BRD-K98453471,0.023668829920552952,-0.06799016304874819,-0.09165899296930118
A_module_fisher_z_RNA,BRD-K98572433,1.0077501215265015,1.2093257576694165,0.20157563614291518
A_module_fisher_z_RNA,BRD-K99383816,0.32634141033948694,0.2389707168201115,-0.08737069351937536
A_module_fisher_z_RNA,BRD-K99792991,1.1432464557097586,1.3443429599926984,0.20109650428293935
A_module_fisher_z_RNA,BRD-M89827113,0.45367518697059084,0.524412907572867,0.070737720602276
A_module_fisher_z_Shape,BRD-A03623303,0.23471819816217238,0.4089718627605746,0.1742536645984022
A_module_fisher_z_Shape,BRD-A07440155,0.18680488738617596,0.49562944874402043,0.3088245613578444
A_module_fisher_z_Shape,BRD-A08187463,0.1957759703760825,0.47469820721335876,0.27892223683727624
A_module_fisher_z_Shape,BRD-A08545410,0.335706832297753,0.4542021989737891,0.11849536667603625
A_module_fisher_z_Shape,BRD-A10012892,0.14173540807259125,0.2964065389592311,0.15467113088663986
A_module_fisher_z_Shape,BRD-A13188892,0.22592520401144453,0.3811369746474177,0.15521177063597316
A_module_fisher_z_Shape,BRD-A14886633,0.3169046380840286,0.9124377581196718,0.595533120035643
A_module_fisher_z_Shape,BRD-A14941520,0.30861565384382117,0.45837440176165306,0.14975874791783186
A_module_fisher_z_Shape,BRD-A16347691,0.27290594832300513,0.5014688265620958,0.22856287823909055
A_module_fisher_z_Shape,BRD-A19195498,0.5339197557972082,0.8230110327882391,0.2890912769910308
A_module_fisher_z_Shape,BRD-A20239487,0.2428963391797424,0.3786523022319035,0.1357559630521611
A_module_fisher_z_Shape,BRD-A21607826,0.750482078838476,0.9564227801125799,0.20594070127410388
A_module_fisher_z_Shape,BRD-A22032524,0.188270509341776,0.43175916030219325,0.24348865096041727
A_module_fisher_z_Shape,BRD-A25619068,0.04484163749461943,0.16194903333782917,0.11710739584320977
A_module_fisher_z_Shape,BRD-A26032986,0.3407299376941901,0.43705406856152673,0.09632413086733664
A_module_fisher_z_Shape,BRD-A28787076,0.11263126422409447,0.21165230866172774,0.09902104443763324
A_module_fisher_z_Shape,BRD-A29520968,0.30710550110353463,0.5702226487998562,0.26311714769632155
A_module_fisher_z_Shape,BRD-A29734509,0.25993950178665376,0.40496606872067853,0.14502656693402471
A_module_fisher_z_Shape,BRD-A29844814,0.2068013782408844,0.21137105696571643,0.004569678724831984
A_module_fisher_z_Shape,BRD-A31811760,0.12771252319086168,0.3507191870574285,0.2230066638665668
A_module_fisher_z_Shape,BRD-A32172948,0.05142432439706454,0.024090578699996534,-0.027333745697068004
A_module_fisher_z_Shape,BRD-A33711280,0.2777394985480328,0.5557999693360614,0.2780604707880286
A_module_fisher_z_Shape,BRD-A36331462,0.9755076907287764,1.300541036046396,0.3250333453176191
A_module_fisher_z_Shape,BRD-A38350138,0.32710906481326907,0.6339901523817117,0.3068810875684426
A_module_fisher_z_Shape,BRD-A39390670,0.32653034615775517,0.4926707594391729,0.16614041328141782
A_module_fisher_z_Shape,BRD-A39935389,0.8696276805854187,1.2058283859851489,0.3362007053997299
A_module_fisher_z_Shape,BRD-A46179541,0.24812939566343864,0.4256420496996073,0.17751265403616867
A_module_fisher_z_Shape,BRD-A48237631,1.0693500012612385,1.6262205617552867,0.5568705604940483
A_module_fisher_z_Shape,BRD-A48570745,0.5229494355798097,0.6753589340405463,0.15240949846073673
A_module_fisher_z_Shape,BRD-A49160188,0.3447273564820064,0.7499388525792581,0.4052114960972515
A_module_fisher_z_Shape,BRD-A49838158,0.7787793133530155,1.1433775031773161,0.36459818982430064
A_module_fisher_z_Shape,BRD-A50764878,0.2845210854278271,0.3557527486448995,0.07123166321707247
A_module_fisher_z_Shape,BRD-A51078674,0.30986838114613996,0.46596622339035565,0.1560978422442158
A_module_fisher_z_Shape,BRD-A52922642,0.08465071502440004,0.21918306008942584,0.1345323450650258
A_module_fisher_z_Shape,BRD-A55272860,0.07152978797036305,0.22589475867242953,0.15436497070206653
A_module_fisher_z_Shape,BRD-A56085258,0.31186803411321046,0.5422107687064073,0.23034273459319676
A_module_fisher_z_Shape,BRD-A58280226,1.0044428287091922,1.1897368165295723,0.18529398782037998
A_module_fisher_z_Shape,BRD-A62071884,0.04529140485768561,0.1346112449931337,0.08931984013544812
A_module_fisher_z_Shape,BRD-A65051990,0.21515997560648428,0.3984825992750825,0.18332262366859828
A_module_fisher_z_Shape,BRD-A67616246,0.3448816067884318,0.8105210054431071,0.4656393986546752
A_module_fisher_z_Shape,BRD-A67862938,0.22842046270649485,0.44367425950465234,0.21525379679815748
A_module_fisher_z_Shape,BRD-A68493689,0.44391349119254175,0.6141410238713645,0.17022753267882285
A_module_fisher_z_Shape,BRD-A68888262,0.41452062921900074,0.6488925214568665,0.23437189223786575
A_module_fisher_z_Shape,BRD-A68942014,0.23520587755242314,0.44084222509480164,0.2056363475423785
A_module_fisher_z_Shape,BRD-A70998768,0.28949826699234704,0.5170100715055391,0.22751180451319206
A_module_fisher_z_Shape,BRD-A75305484,0.43771676002837356,0.7092198205735641,0.2715030605451905
A_module_fisher_z_Shape,BRD-A75726477,0.2712727281690507,0.43408114322739416,0.16280841505834348
A_module_fisher_z_Shape,BRD-A77216878,0.28855154867316746,0.3788670302751618,0.0903154816019943
A_module_fisher_z_Shape,BRD-A78877355,0.24783195354523635,0.33778806981300363,0.08995611626776737
A_module_fisher_z_Shape,BRD-A82522119,0.26990793647746963,0.42588622843419915,0.15597829195672952
A_module_fisher_z_Shape,BRD-A85548292,0.28721094450442947,0.4618530578699091,0.17464211336547972
A_module_fisher_z_Shape,BRD-A87983072,0.14909783680390054,0.3150887364075403,0.16599089960363975
A_module_fisher_z_Shape,BRD-A91699651,0.28801294157284296,0.38438615945917776,0.09637321788633477
A_module_fisher_z_Shape,BRD-A93000692,0.24701231760855138,0.4331341012243326,0.18612178361578105
A_module_fisher_z_Shape,BRD-A93964801,0.2185211472174936,0.39916842944426856,0.18064728222677495
A_module_fisher_z_Shape,BRD-A94543220,0.5081456367046996,0.8295289498013674,0.32138331309666773
A_module_fisher_z_Shape,BRD-A94756469,1.0701527496448837,1.6903365894436282,0.6201838397987446
A_module_fisher_z_Shape,BRD-A95032015,0.199565816623058,0.24034322868154112,0.040777412058483065
A_module_fisher_z_Shape,BRD-A98702003,0.4041489703100818,0.6184088931892995,0.2142599228792176
A_module_fisher_z_Shape,BRD-A98990573,0.24146418023901386,0.3887198581983389,0.14725567795932484
A_module_fisher_z_Shape,BRD-K04112579,0.37408262461343766,0.6665324885608108,0.29244986394737293
A_module_fisher_z_Shape,BRD-K04185004,0.4859319857630009,1.0789179233236743,0.5929859375606735
A_module_fisher_z_Shape,BRD-K05236810,0.48227518005158043,0.6722175149177843,0.18994233486620385
A_module_fisher_z_Shape,BRD-K05395900,0.15824315938860892,0.20410566931549445,0.04586250992688553
A_module_fisher_z_Shape,BRD-K05524748,0.3358499424578982,0.4443761530998769,0.10852621064197872
A_module_fisher_z_Shape,BRD-K06240250,0.3906105546517654,0.7542351811193976,0.36362462646763205
A_module_fisher_z_Shape,BRD-K06294530,0.31987227593329226,0.5472887354337104,0.2274164595004182
A_module_fisher_z_Shape,BRD-K06335600,0.11820882609953395,0.15024740982411433,0.03203858372458042
A_module_fisher_z_Shape,BRD-K06557128,0.17023945699840692,0.3276619398516699,0.157422482853263
A_module_fisher_z_Shape,BRD-K06900071,0.12453382104426786,0.31118422042212396,0.18665039937785602
A_module_fisher_z_Shape,BRD-K07160047,0.4352844272364498,0.8885881030541917,0.4533036758177417
A_module_fisher_z_Shape,BRD-K07220430,-0.03567890601262416,0.0012950824595092084,0.03697398847213339
A_module_fisher_z_Shape,BRD-K07237224,0.04563624098412708,0.12513268852563283,0.07949644754150577
A_module_fisher_z_Shape,BRD-K07572174,0.2735554842710749,0.45456288010256973,0.18100739583149478
A_module_fisher_z_Shape,BRD-K07881437,1.2014807348572947,1.636472273724529,0.43499153886723413
A_module_fisher_z_Shape,BRD-K08248804,0.4826100972658744,0.7333203519679925,0.25071025470211805
A_module_fisher_z_Shape,BRD-K08252256,0.11271042410689024,0.10798990130141474,-0.004720522805475518
A_module_fisher_z_Shape,BRD-K08832567,0.34572661196549914,0.4911314352233817,0.14540482325788254
A_module_fisher_z_Shape,BRD-K09372874,0.6894020459195346,0.9987168813917537,0.30931483547221933
A_module_fisher_z_Shape,BRD-K09426783,1.0659118728580852,1.5962320869442328,0.5303202140861473
A_module_fisher_z_Shape,BRD-K09471561,0.1160898045481211,0.31214340802604773,0.19605360347792664
A_module_fisher_z_Shape,BRD-K09711437,0.17985121864375214,0.42694860518015093,0.24709738653639876
A_module_fisher_z_Shape,BRD-K09951645,0.6067544556369222,0.7958595943949262,0.18910513875800378
A_module_fisher_z_Shape,BRD-K10845183,0.1432615339840759,0.24218173260721704,0.09892019862314123
A_module_fisher_z_Shape,BRD-K10852020,0.2028893637468361,0.38686729955043764,0.18397793580360153
A_module_fisher_z_Shape,BRD-K11196887,0.09883188575050825,0.18358574779325665,0.08475386204274843
A_module_fisher_z_Shape,BRD-K11399644,0.4076504681142348,0.7017148150229312,0.2940643469086964
A_module_fisher_z_Shape,BRD-K12219985,0.4366122513988219,0.7399045431084227,0.30329229170960076
A_module_fisher_z_Shape,BRD-K12609457,0.3608884826671587,0.9395528849653704,0.5786644022982115
A_module_fisher_z_Shape,BRD-K12932420,0.008910841961395868,0.2293445949100785,0.22043375294868262
A_module_fisher_z_Shape,BRD-K12994359,0.08016214465150887,0.22458288026362697,0.14442073561211807
A_module_fisher_z_Shape,BRD-K13050541,0.7822141883054324,1.2083413410749866,0.4261271527695538
A_module_fisher_z_Shape,BRD-K13154216,0.9865650078711009,1.3064769356823944,0.31991192781129385
A_module_fisher_z_Shape,BRD-K13646352,0.9922239516309757,1.2091989951876494,0.21697504355667388
A_module_fisher_z_Shape,BRD-K13662825,0.7535114184447581,1.0146378754398009,0.2611264569950429
A_module_fisher_z_Shape,BRD-K14175878,0.42203798810913157,0.7819766962996982,0.3599387081905665
A_module_fisher_z_Shape,BRD-K14653796,0.43522389038412507,0.6434304325012545,0.20820654211712938
A_module_fisher_z_Shape,BRD-K14993104,0.021241933614157296,0.26350706789396383,0.24226513427980656
A_module_fisher_z_Shape,BRD-K15010214,-0.09100458945784372,0.17643894428822005,0.2674435337460637
A_module_fisher_z_Shape,BRD-K15108141,0.8429965677731964,1.191340702885859,0.34834413511266243
A_module_fisher_z_Shape,BRD-K15916496,0.496420954979602,0.8045001417438058,0.3080791867642037
A_module_fisher_z_Shape,BRD-K15933101,0.1010608033713364,0.16334959031562024,0.06228878694428383
A_module_fisher_z_Shape,BRD-K16732600,0.40482034087779944,0.6058995573315085,0.2010792164537092
A_module_fisher_z_Shape,BRD-K17026858,0.37709471717258847,0.6489030054794411,0.2718082883068526
A_module_fisher_z_Shape,BRD-K17944737,0.5166018094457807,0.7458811220476647,0.2292793126018839
A_module_fisher_z_Shape,BRD-K18324993,0.20789836538338463,0.3227035580568882,0.11480519267350361
A_module_fisher_z_Shape,BRD-K18678457,0.2716082532962446,0.6339754683325656,0.3623672150363211
A_module_fisher_z_Shape,BRD-K18779551,0.3289321871964505,0.6481959362235138,0.3192637490270635
A_module_fisher_z_Shape,BRD-K19388745,0.5124478373969835,0.7431097175776573,0.2306618801806738
A_module_fisher_z_Shape,BRD-K20001883,0.48998868331512935,0.8157558820119006,0.32576719869677134
A_module_fisher_z_Shape,BRD-K20738689,0.27318215345513913,0.3435592476266378,0.07037709417149864
A_module_fisher_z_Shape,BRD-K21450440,0.2997081195013478,0.5267902265543843,0.22708210705303658
A_module_fisher_z_Shape,BRD-K21884483,0.12872311076980178,0.285674112172871,0.15695100140306917
A_module_fisher_z_Shape,BRD-K22031190,0.2583734187526291,0.5102115701155299,0.25183815136290083
A_module_fisher_z_Shape,BRD-K22097830,0.2954765410269293,0.3922737166396414,0.0967971756127121
A_module_fisher_z_Shape,BRD-K23082237,0.23488543027000952,0.2615495565051488,0.026664126235139154
A_module_fisher_z_Shape,BRD-K23190681,0.48787106630404875,0.6266022491095081,0.13873118280545954
A_module_fisher_z_Shape,BRD-K23228615,1.0523890741832613,1.3848867454210239,0.33249767123776236
A_module_fisher_z_Shape,BRD-K23984367,0.5266875214192495,0.8003157747439897,0.27362825332474044
A_module_fisher_z_Shape,BRD-K24723746,0.4074550194604441,0.5219047957382185,0.11444977627777453
A_module_fisher_z_Shape,BRD-K24943235,0.2870969706159512,0.2984903955477436,0.011393424931792288
A_module_fisher_z_Shape,BRD-K25630527,0.73281914718007,0.9209063217919893,0.18808717461191926
A_module_fisher_z_Shape,BRD-K25650355,0.1087141877008077,0.31723917273340213,0.2085249850325944
A_module_fisher_z_Shape,BRD-K26341917,0.20286070661242087,0.3168942780541484,0.11403357144172747
A_module_fisher_z_Shape,BRD-K26619122,0.48936103645647744,0.6168920512352153,0.1275310147787376
A_module_fisher_z_Shape,BRD-K29359156,0.3066946339016001,0.5950874428242449,0.2883928089226448
A_module_fisher_z_Shape,BRD-K29582115,0.5165534797522469,0.8187686395960416,0.30221515984379477
A_module_fisher_z_Shape,BRD-K29735307,0.41114585325076985,0.5855086775608725,0.17436282431010258
A_module_fisher_z_Shape,BRD-K29950728,0.37276471824236174,0.4214241698467289,0.04865945160436713
A_module_fisher_z_Shape,BRD-K30126819,0.09889315272643648,0.27722936527100006,0.17833621254456353
A_module_fisher_z_Shape,BRD-K30466858,0.22316006217778162,0.28457948431181324,0.061419422134031586
A_module_fisher_z_Shape,BRD-K30685142,0.005039796841325476,0.036190596482264845,0.031150799640939364
A_module_fisher_z_Shape,BRD-K31339321,0.24709456483861686,0.37054137782493385,0.12344681298631698
A_module_fisher_z_Shape,BRD-K31342827,0.2635651436670909,0.45323555692308864,0.1896704132559977
A_module_fisher_z_Shape,BRD-K31447894,0.14756234813781197,0.166457373544875,0.01889502540706302
A_module_fisher_z_Shape,BRD-K31731454,-0.014769419185450602,0.11115193894168292,0.1259213581271335
A_module_fisher_z_Shape,BRD-K32107296,0.05592962578910819,0.0860053929662401,0.030075767177131913
A_module_fisher_z_Shape,BRD-K32218650,0.1951834967180462,0.26233214964999463,0.06714865293194838
A_module_fisher_z_Shape,BRD-K32821942,0.1491882443420708,0.3345419222458827,0.18535367790381174
A_module_fisher_z_Shape,BRD-K33211335,0.22894810852276082,0.409190087918981,0.18024197939622016
A_module_fisher_z_Shape,BRD-K33226500,0.25206803285487694,0.5867209186701995,0.3346528858153224
A_module_fisher_z_Shape,BRD-K33379087,0.7511438500381236,1.014199618168461,0.2630557681303374
A_module_fisher_z_Shape,BRD-K33732501,0.36758491720694564,0.5160740882264173,0.14848917101947157
A_module_fisher_z_Shape,BRD-K34469523,0.24736825121649375,0.37545309885449507,0.12808484763800124
A_module_fisher_z_Shape,BRD-K35169477,0.4271474835289749,0.5954120503083351,0.1682645667793603
A_module_fisher_z_Shape,BRD-K35775715,0.542338886794606,0.7905264181745275,0.24818753137992156
A_module_fisher_z_Shape,BRD-K35960502,0.6567662088900321,0.9638683946972674,0.3071021858072355
A_module_fisher_z_Shape,BRD-K37694030,0.12674811896428767,0.17148615860693966,0.044738039642652015
A_module_fisher_z_Shape,BRD-K40175214,1.1519698357643031,1.5800106925308042,0.4280408567665009
A_module_fisher_z_Shape,BRD-K42898655,1.041286905715821,1.353587574103457,0.3123006683876358
A_module_fisher_z_Shape,BRD-K43723251,0.06664749211850919,0.09146744283396045,0.024819950715451275
A_module_fisher_z_Shape,BRD-K43797669,0.5583288060690195,0.7378918481864891,0.17956304211746962
A_module_fisher_z_Shape,BRD-K43802723,0.11210882400983417,0.20783524440099002,0.09572642039115589
A_module_fisher_z_Shape,BRD-K43806473,0.1077663896495547,0.17396437909479584,0.06619798944524113
A_module_fisher_z_Shape,BRD-K44844162,0.7589958737590996,1.1345345349455676,0.37553866118646806
A_module_fisher_z_Shape,BRD-K45252063,0.00797338745954594,0.018935143194980124,0.010961755735434188
A_module_fisher_z_Shape,BRD-K45746021,0.33379683757230877,0.5033853649787222,0.16958852740641345
A_module_fisher_z_Shape,BRD-K46386702,0.5476266385202219,0.8599156663209249,0.3122890278007031
A_module_fisher_z_Shape,BRD-K46604138,0.08294054348023708,0.10097064886124645,0.018030105381009364
A_module_fisher_z_Shape,BRD-K46937689,0.3434154610250037,0.4698734951657835,0.12645803414077977
A_module_fisher_z_Shape,BRD-K47000838,0.729873217744922,0.6965233387760705,-0.03334987896885174
A_module_fisher_z_Shape,BRD-K48812570,0.3362040953036195,0.6169735897530982,0.28076949444947863
A_module_fisher_z_Shape,BRD-K48892307,0.10312982563827348,0.3512464573114981,0.2481166316732247
A_module_fisher_z_Shape,BRD-K49504902,0.41626952349706575,0.5832270929376027,0.1669575694405368
A_module_fisher_z_Shape,BRD-K49555808,0.2988408735586686,0.6001311669482944,0.3012902933896258
A_module_fisher_z_Shape,BRD-K49671696,0.15481568883812152,0.22491442059547628,0.07009873175735475
A_module_fisher_z_Shape,BRD-K49865102,1.1525746268797008,1.483224015994797,0.33064938911509595
A_module_fisher_z_Shape,BRD-K50031829,0.14123618236965257,0.43605489999070546,0.29481871762105294
A_module_fisher_z_Shape,BRD-K50133271,0.4095056023675315,0.4492524618869399,0.039746859519408324
A_module_fisher_z_Shape,BRD-K50498985,0.4222160769037707,0.6284790061912418,0.2062629292874711
A_module_fisher_z_Shape,BRD-K51040301,0.4209682388665952,0.7435029311855312,0.3225346923189359
A_module_fisher_z_Shape,BRD-K51087630,0.02269546780432897,0.18204988883401638,0.15935442102968736
A_module_fisher_z_Shape,BRD-K51677086,0.17781542561078367,0.2144003392578554,0.03658491364707176
A_module_fisher_z_Shape,BRD-K52172416,0.13105065242521718,0.21490504057676388,0.0838543881515467
A_module_fisher_z_Shape,BRD-K52989797,0.22810897183842135,0.4894575266062783,0.2613485547678569
A_module_fisher_z_Shape,BRD-K53417444,1.3396429480934406,1.5267684677852065,0.18712551969176566
A_module_fisher_z_Shape,BRD-K53737926,0.35913325975107224,0.5930664774658545,0.23393321771478226
A_module_fisher_z_Shape,BRD-K53814070,0.7116206226016897,0.9306863762228268,0.21906575362113734
A_module_fisher_z_Shape,BRD-K53972329,0.3983195478473946,0.4968073118573245,0.09848776400993003
A_module_fisher_z_Shape,BRD-K54006094,0.3409819667332751,0.5870695716385474,0.2460876049052722
A_module_fisher_z_Shape,BRD-K54847683,0.24383153969393032,0.47656594016019516,0.23273440046626487
A_module_fisher_z_Shape,BRD-K55748775,0.1947727506353481,0.2620063966486883,0.0672336460133402
A_module_fisher_z_Shape,BRD-K55781385,0.3078858473668043,0.570513740303793,0.2626278929369886
A_module_fisher_z_Shape,BRD-K55847762,0.24544493181788724,0.3706635518656646,0.12521862004777745
A_module_fisher_z_Shape,BRD-K55966568,0.08109210228630334,0.17169779664810755,0.09060569436180418
A_module_fisher_z_Shape,BRD-K56032964,0.5152826103918857,0.6575154736506493,0.1422328632587636
A_module_fisher_z_Shape,BRD-K56405753,0.5933079138928335,0.8442801643712969,0.2509722504784633
A_module_fisher_z_Shape,BRD-K56751279,1.1905856921245057,1.272439993812638,0.08185430168813199
A_module_fisher_z_Shape,BRD-K56810756,0.32240219004045906,0.6645984940595931,0.34219630401913387
A_module_fisher_z_Shape,BRD-K57080016,1.1200889513653278,1.359804197643034,0.23971524627770607
A_module_fisher_z_Shape,BRD-K58114536,0.20145753827927132,0.2565310726799641,0.05507353440069281
A_module_fisher_z_Shape,BRD-K58951486,0.15427184127967938,0.29337874339121073,0.13910690211153132
A_module_fisher_z_Shape,BRD-K59013864,0.238228272184296,0.39654224572744096,0.15831397354314486
A_module_fisher_z_Shape,BRD-K59058766,0.3436598439607772,0.4284784384418765,0.08481859448109927
A_module_fisher_z_Shape,BRD-K59227464,0.4719569789237447,0.7386335791929708,0.266676600269226
A_module_fisher_z_Shape,BRD-K59331299,0.20590037310746517,0.39674743825749437,0.19084706515002917
A_module_fisher_z_Shape,BRD-K59524082,0.054377020316668905,0.08477609403045001,0.030399073713781095
A_module_fisher_z_Shape,BRD-K59929863,0.13194465056548987,0.22682412786192285,0.09487947729643299
A_module_fisher_z_Shape,BRD-K60160658,0.2534877688571603,0.3580471208159474,0.10455935195878714
A_module_fisher_z_Shape,BRD-K60341624,0.35385676395261134,0.583431832209438,0.2295750682568268
A_module_fisher_z_Shape,BRD-K60997853,0.7595005006339524,1.0921169430178204,0.33261644238386834
A_module_fisher_z_Shape,BRD-K61195623,1.051343296491571,1.4433647272596102,0.39202143076803914
A_module_fisher_z_Shape,BRD-K61250553,0.23379203655317923,0.4227801348579109,0.18898809830473173
A_module_fisher_z_Shape,BRD-K62200014,0.18299689813240072,0.3402282599338605,0.1572313618014598
A_module_fisher_z_Shape,BRD-K62562723,0.29777982135690906,0.5553892734141975,0.25760945205728863
A_module_fisher_z_Shape,BRD-K63150726,0.47738181960671494,0.6573907869077186,0.18000896730100358
A_module_fisher_z_Shape,BRD-K63550407,0.2729398121272531,0.3464543934626847,0.07351458133543157
A_module_fisher_z_Shape,BRD-K63630713,0.21468340243059733,0.3416682594927656,0.12698485706216836
A_module_fisher_z_Shape,BRD-K64504314,0.3727477841780705,0.6240542486698144,0.251306464491744
A_module_fisher_z_Shape,BRD-K64755930,0.25354636214900356,0.27810237456924336,0.024556012420239845
A_module_fisher_z_Shape,BRD-K64800655,0.8443978876007198,1.2832040227611472,0.4388061351604271
A_module_fisher_z_Shape,BRD-K65678996,0.036571094449330134,0.07863142539800887,0.04206033094867873
A_module_fisher_z_Shape,BRD-K65820248,0.3985338056436608,0.5210147111822621,0.1224809055386013
A_module_fisher_z_Shape,BRD-K65991129,0.40681333045374857,0.6762765695202348,0.26946323906648634
A_module_fisher_z_Shape,BRD-K65992024,0.1729927447398222,0.36244671357324393,0.1894539688334216
A_module_fisher_z_Shape,BRD-K67043667,0.309408557341341,0.5919226272325457,0.2825140698912047
A_module_fisher_z_Shape,BRD-K68488863,0.7746668849179282,0.9099296905572278,0.1352628056392993
A_module_fisher_z_Shape,BRD-K68532323,0.977632514481348,1.2143599169425068,0.23672740246115836
A_module_fisher_z_Shape,BRD-K68552125,1.5239440415823053,1.8130804444855317,0.2891364029032264
A_module_fisher_z_Shape,BRD-K70401845,0.9888267128060994,1.3744291587723645,0.38560244596626536
A_module_fisher_z_Shape,BRD-K70464547,0.3572712377634646,0.5367407058961638,0.17946946813269926
A_module_fisher_z_Shape,BRD-K70912147,0.3344011367652233,0.5563363569577784,0.22193522019255507
A_module_fisher_z_Shape,BRD-K70914287,0.3503165015198557,0.6024918899826902,0.2521753884628345
A_module_fisher_z_Shape,BRD-K71221037,0.6346600862317032,0.7279538555250078,0.09329376929330463
A_module_fisher_z_Shape,BRD-K72215350,0.336549984126608,0.4559550299454027,0.1194050458187948
A_module_fisher_z_Shape,BRD-K73109821,0.6539129276167085,1.1069425102233965,0.4530295826066879
A_module_fisher_z_Shape,BRD-K73319509,0.22930863000328358,0.30116121455923195,0.07185258455594841
A_module_fisher_z_Shape,BRD-K74363950,0.02273862778051884,0.027695559811320086,0.004956932030801222
A_module_fisher_z_Shape,BRD-K74514084,0.7002660876317881,1.0807687412737168,0.3805026536419291
A_module_fisher_z_Shape,BRD-K74763371,0.3584687089137988,0.5788308307070821,0.2203621217932832
A_module_fisher_z_Shape,BRD-K75024268,0.2742644291599798,0.3952616709623702,0.12099724180239038
A_module_fisher_z_Shape,BRD-K75089421,0.09819030177124143,0.19834995768435318,0.10015965591311177
A_module_fisher_z_Shape,BRD-K75641298,0.11513133943415021,0.15965070962964634,0.04451937019549612
A_module_fisher_z_Shape,BRD-K75844781,0.3060054707106715,0.4508585212801145,0.14485305056944295
A_module_fisher_z_Shape,BRD-K75911534,0.6826646087018805,1.0737651458874626,0.3911005371855819
A_module_fisher_z_Shape,BRD-K76197012,0.3251030715154049,0.43057184838195817,0.10546877686655318
A_module_fisher_z_Shape,BRD-K76812510,0.07617697755043798,0.2239966238475231,0.14781964629708516
A_module_fisher_z_Shape,BRD-K76908866,0.2892895101257475,0.5950727315186403,0.30578322139289266
A_module_fisher_z_Shape,BRD-K77396579,0.04835917959840443,-0.03301009251793208,-0.0813692721163365
A_module_fisher_z_Shape,BRD-K78010432,0.11051337139803295,0.2742121104114576,0.1636987390134246
A_module_fisher_z_Shape,BRD-K78303961,0.30956492436415395,0.4377798827555205,0.1282149583913665
A_module_fisher_z_Shape,BRD-K79404599,0.5213322991708024,0.5805140576234035,0.05918175845260122
A_module_fisher_z_Shape,BRD-K79759585,0.16409860435344373,0.3973617506090968,0.23326314625565311
A_module_fisher_z_Shape,BRD-K80396088,0.05508912762265839,0.08720781189066827,0.03211868426800988
A_module_fisher_z_Shape,BRD-K80535353,0.3223117549982389,0.5855987749392148,0.2632870199409758
A_module_fisher_z_Shape,BRD-K80700417,0.3568360465500901,0.4475196394773483,0.0906835929272582
A_module_fisher_z_Shape,BRD-K81144366,0.0773009020272681,0.21838534689718084,0.14108444486991276
A_module_fisher_z_Shape,BRD-K81473089,0.26632306776867665,0.41699334448732933,0.15067027671865268
A_module_fisher_z_Shape,BRD-K81672972,0.14023717572550948,0.25035312832676687,0.11011595260125745
A_module_fisher_z_Shape,BRD-K82244583,1.1435125927027063,1.4264956166605478,0.28298302395784136
A_module_fisher_z_Shape,BRD-K82795137,0.4999169657227893,0.7478102489130883,0.24789328319029913
A_module_fisher_z_Shape,BRD-K83508485,0.5512343746114339,0.8388011612061899,0.28756678659475604
A_module_fisher_z_Shape,BRD-K83794243,0.7302230676183247,0.9556909775003013,0.22546790988197676
A_module_fisher_z_Shape,BRD-K84810405,0.22626973843655288,0.3740903684199991,0.14782062998344625
A_module_fisher_z_Shape,BRD-K86816506,0.5577703210442635,0.8090836065015391,0.25131328545727555
A_module_fisher_z_Shape,BRD-K87156652,0.3922932671442525,0.526053725817181,0.13376045867292838
A_module_fisher_z_Shape,BRD-K87737963,0.853625027331033,0.9662461856662916,0.11262115833525871
A_module_fisher_z_Shape,BRD-K87782578,0.5545671829016134,0.8538422436015837,0.29927506069997034
A_module_fisher_z_Shape,BRD-K88429204,0.646200399379742,0.8490397462769744,0.2028393468972324
A_module_fisher_z_Shape,BRD-K88510285,0.8847281644975383,1.2533458102948243,0.36861764579728606
A_module_fisher_z_Shape,BRD-K88611939,0.10252026775885914,0.1624070873466055,0.059886819587746366
A_module_fisher_z_Shape,BRD-K89375097,0.10799493653925873,0.10603670294533106,-0.0019582335939276763
A_module_fisher_z_Shape,BRD-K90195324,0.6838474318980121,0.9027107669478076,0.21886333504979547
A_module_fisher_z_Shape,BRD-K91111634,0.2603233818705136,0.5653895343339795,0.30506615246346586
A_module_fisher_z_Shape,BRD-K91263825,0.46547106941768934,0.6809949250546375,0.2155238556369482
A_module_fisher_z_Shape,BRD-K91336023,0.11179468699956513,0.278183533285321,0.1663888462857559
A_module_fisher_z_Shape,BRD-K91822704,0.32346334732684556,0.575932769500919,0.2524694221740733
A_module_fisher_z_Shape,BRD-K91825936,0.6857211661705023,0.9025770213786362,0.2168558552081341
A_module_fisher_z_Shape,BRD-K92049597,0.38218128277730173,0.5771542659980242,0.1949729832207226
A_module_fisher_z_Shape,BRD-K92241597,0.8410921334919265,1.198300290968281,0.35720815747635437
A_module_fisher_z_Shape,BRD-K93618743,0.33420201913531233,0.5669376216811892,0.2327356025458769
A_module_fisher_z_Shape,BRD-K93645900,0.15334085584688975,0.18936957787881678,0.036028722031927
A_module_fisher_z_Shape,BRD-K93754473,0.290063422144317,0.47379362743809117,0.18373020529377415
A_module_fisher_z_Shape,BRD-K93869735,0.0077913644972191975,0.0013106371311068193,-0.006480727366112384
A_module_fisher_z_Shape,BRD-K93880783,0.4331981899367562,0.6808096415314221,0.24761145159466594
A_module_fisher_z_Shape,BRD-K93944989,0.24129172223951292,0.23754008123917084,-0.003751641000342069
A_module_fisher_z_Shape,BRD-K94288301,0.3111077603229217,0.6997444922205298,0.38863673189760806
A_module_fisher_z_Shape,BRD-K95921201,0.2615921145151445,0.4031990202776853,0.14160690576254079
A_module_fisher_z_Shape,BRD-K96042922,0.2531676909276008,0.3442102570762829,0.0910425661486821
A_module_fisher_z_Shape,BRD-K96123349,1.197297203467801,1.7234373888905106,0.5261401854227096
A_module_fisher_z_Shape,BRD-K96550715,0.18805039839712406,0.4014630380020486,0.2134126396049245
A_module_fisher_z_Shape,BRD-K97045029,0.09885839623488082,0.1573506149561717,0.05849221872129088
A_module_fisher_z_Shape,BRD-K97440753,0.11707765771139934,0.24795511125494318,0.13087745354354385
A_module_fisher_z_Shape,BRD-K97472745,0.3908892068393896,0.8155983692213664,0.4247091623819769
A_module_fisher_z_Shape,BRD-K97643133,0.16965064027603294,0.3492521747629748,0.17960153448694183
A_module_fisher_z_Shape,BRD-K98004573,0.3131816442679301,0.5191108594102889,0.2059292151423587
A_module_fisher_z_Shape,BRD-K98453471,0.027824125381734302,0.01377796031390816,-0.014046165067826133
A_module_fisher_z_Shape,BRD-K98572433,0.8796659118453206,1.2840841244552774,0.40441821260995703
A_module_fisher_z_Shape,BRD-K99383816,0.14388999570436245,0.3042295961618381,0.16033960045747558
A_module_fisher_z_Shape,BRD-K99792991,0.5986768534533464,0.8445676373503253,0.24589078389697874
A_module_fisher_z_Shape,BRD-M89827113,0.20836940999168274,0.3390634017666288,0.13069399177494606
B_top25_direction,BRD-A03623303,0.5766666666666667,0.72,0.14333333333333337
B_top25_direction,BRD-A07440155,0.6666666666666665,0.8399999999999999,0.17333333333333337
B_top25_direction,BRD-A08187463,0.69,0.8533333333333334,0.16333333333333336
B_top25_direction,BRD-A08545410,0.6700000000000002,0.7766666666666668,0.10666666666666669
B_top25_direction,BRD-A10012892,0.73,0.81,0.07999999999999997
B_top25_direction,BRD-A13188892,0.78,0.8200000000000002,0.04
B_top25_direction,BRD-A14886633,0.7366666666666667,0.9566666666666668,0.22
B_top25_direction,BRD-A14941520,0.7133333333333334,0.8066666666666665,0.09333333333333332
B_top25_direction,BRD-A16347691,0.8800000000000001,0.9533333333333334,0.07333333333333332
B_top25_direction,BRD-A19195498,0.8733333333333334,0.9333333333333333,0.05999999999999998
B_top25_direction,BRD-A20239487,0.7200000000000001,0.8200000000000001,0.10000000000000003
B_top25_direction,BRD-A21607826,0.8333333333333334,0.9466666666666667,0.11333333333333334
B_top25_direction,BRD-A22032524,0.7600000000000001,0.8733333333333334,0.11333333333333334
B_top25_direction,BRD-A25619068,0.5933333333333333,0.6199999999999999,0.02666666666666665
B_top25_direction,BRD-A26032986,0.8166666666666669,0.85,0.03333333333333334
B_top25_direction,BRD-A28787076,0.69,0.79,0.10000000000000002
B_top25_direction,BRD-A29520968,0.7833333333333334,0.8966666666666667,0.11333333333333334
B_top25_direction,BRD-A29734509,0.7266666666666668,0.8366666666666668,0.11000000000000003
B_top25_direction,BRD-A29844814,0.7433333333333333,0.7566666666666666,0.013333333333333327
B_top25_direction,BRD-A31811760,0.6666666666666669,0.7733333333333334,0.10666666666666669
B_top25_direction,BRD-A32172948,0.6033333333333332,0.6533333333333333,0.05000000000000001
B_top25_direction,BRD-A33711280,0.7333333333333334,0.8400000000000001,0.10666666666666666
B_top25_direction,BRD-A36331462,0.9366666666666666,0.99,0.05333333333333333
B_top25_direction,BRD-A38350138,0.7133333333333336,0.8333333333333334,0.11999999999999998
B_top25_direction,BRD-A39390670,0.7533333333333334,0.7866666666666666,0.033333333333333354
B_top25_direction,BRD-A39935389,0.87,0.9266666666666666,0.05666666666666668
B_top25_direction,BRD-A46179541,0.8,0.8966666666666667,0.09666666666666666
B_top25_direction,BRD-A48237631,0.8933333333333334,1.0,0.10666666666666666
B_top25_direction,BRD-A48570745,0.8433333333333333,0.9133333333333332,0.07
B_top25_direction,BRD-A49160188,0.8433333333333334,0.9299999999999999,0.08666666666666667
B_top25_direction,BRD-A49838158,0.9166666666666666,0.9766666666666668,0.060000000000000026
B_top25_direction,BRD-A50764878,0.7466666666666666,0.8866666666666666,0.14
B_top25_direction,BRD-A51078674,0.8466666666666667,0.8566666666666668,0.010000000000000018
B_top25_direction,BRD-A52922642,0.5000000000000001,0.6333333333333334,0.13333333333333336
B_top25_direction,BRD-A55272860,0.7500000000000001,0.8033333333333335,0.05333333333333333
B_top25_direction,BRD-A56085258,0.7533333333333334,0.8166666666666667,0.06333333333333332
B_top25_direction,BRD-A58280226,0.9600000000000001,1.0,0.04
B_top25_direction,BRD-A62071884,0.49666666666666676,0.66,0.16333333333333336
B_top25_direction,BRD-A65051990,0.74,0.8066666666666666,0.0666666666666667
B_top25_direction,BRD-A67616246,0.8366666666666667,0.9499999999999998,0.11333333333333331
B_top25_direction,BRD-A67862938,0.76,0.82,0.05999999999999998
B_top25_direction,BRD-A68493689,0.6766666666666667,0.8166666666666669,0.14
B_top25_direction,BRD-A68888262,0.8566666666666668,0.9533333333333334,0.09666666666666666
B_top25_direction,BRD-A68942014,0.8166666666666667,0.9200000000000002,0.10333333333333335
B_top25_direction,BRD-A70998768,0.7600000000000001,0.9099999999999999,0.15
B_top25_direction,BRD-A75305484,0.7933333333333334,0.8700000000000001,0.07666666666666666
B_top25_direction,BRD-A75726477,0.83,0.89,0.060000000000000005
B_top25_direction,BRD-A77216878,0.8400000000000001,0.8700000000000002,0.030000000000000027
B_top25_direction,BRD-A78877355,0.81,0.7600000000000001,-0.05000000000000001
B_top25_direction,BRD-A82522119,0.85,0.9066666666666667,0.05666666666666664
B_top25_direction,BRD-A85548292,0.9166666666666666,0.9700000000000001,0.05333333333333333
B_top25_direction,BRD-A87983072,0.8166666666666668,0.85,0.03333333333333334
B_top25_direction,BRD-A91699651,0.8033333333333335,0.8133333333333335,0.010000000000000018
B_top25_direction,BRD-A93000692,0.6900000000000002,0.8266666666666667,0.13666666666666663
B_top25_direction,BRD-A93964801,0.7866666666666666,0.9066666666666667,0.12000000000000001
B_top25_direction,BRD-A94543220,0.9299999999999999,0.9833333333333333,0.053333333333333344
B_top25_direction,BRD-A94756469,0.9433333333333334,0.9966666666666667,0.053333333333333344
B_top25_direction,BRD-A95032015,0.7066666666666667,0.7333333333333333,0.02666666666666667
B_top25_direction,BRD-A98702003,0.98,0.99,0.01
B_top25_direction,BRD-A98990573,0.8966666666666667,0.9300000000000002,0.03333333333333334
B_top25_direction,BRD-K04112579,0.77,0.88,0.11000000000000003
B_top25_direction,BRD-K04185004,0.7266666666666669,0.8933333333333332,0.16666666666666669
B_top25_direction,BRD-K05236810,0.7433333333333333,0.8666666666666667,0.12333333333333335
B_top25_direction,BRD-K05395900,0.6533333333333333,0.65,-0.003333333333333313
B_top25_direction,BRD-K05524748,0.6333333333333333,0.7366666666666667,0.10333333333333332
B_top25_direction,BRD-K06240250,0.7666666666666667,0.9000000000000001,0.13333333333333336
B_top25_direction,BRD-K06294530,0.67,0.79,0.12000000000000001
B_top25_direction,BRD-K06335600,0.6766666666666666,0.7300000000000001,0.05333333333333333
B_top25_direction,BRD-K06557128,0.6200000000000001,0.7400000000000001,0.12000000000000001
B_top25_direction,BRD-K06900071,0.7200000000000001,0.8633333333333334,0.14333333333333337
B_top25_direction,BRD-K07160047,0.7366666666666667,0.8866666666666668,0.15000000000000002
B_top25_direction,BRD-K07220430,0.6166666666666667,0.7133333333333334,0.09666666666666664
B_top25_direction,BRD-K07237224,0.52,0.5966666666666667,0.07666666666666665
B_top25_direction,BRD-K07572174,0.8433333333333335,0.8733333333333335,0.02999999999999999
B_top25_direction,BRD-K07881437,0.9166666666666666,0.9866666666666666,0.07
B_top25_direction,BRD-K08248804,0.8833333333333334,0.94,0.05666666666666666
B_top25_direction,BRD-K08252256,0.6233333333333333,0.7366666666666667,0.11333333333333336
B_top25_direction,BRD-K08832567,0.81,0.8933333333333334,0.08333333333333331
B_top25_direction,BRD-K09372874,0.7633333333333334,0.8566666666666667,0.09333333333333334
B_top25_direction,BRD-K09426783,0.9033333333333334,1.0,0.09666666666666668
B_top25_direction,BRD-K09471561,0.7566666666666666,0.8733333333333332,0.11666666666666667
B_top25_direction,BRD-K09711437,0.5800000000000001,0.8133333333333334,0.23333333333333328
B_top25_direction,BRD-K09951645,0.8366666666666668,0.94,0.10333333333333333
B_top25_direction,BRD-K10845183,0.7266666666666668,0.74,0.013333333333333355
B_top25_direction,BRD-K10852020,0.8033333333333333,0.9166666666666666,0.11333333333333334
B_top25_direction,BRD-K11196887,0.76,0.7633333333333333,0.003333333333333327
B_top25_direction,BRD-K11399644,0.8633333333333334,0.9133333333333332,0.049999999999999996
B_top25_direction,BRD-K12219985,0.6966666666666667,0.78,0.08333333333333333
B_top25_direction,BRD-K12609457,0.6966666666666669,0.8866666666666667,0.19000000000000006
B_top25_direction,BRD-K12932420,0.7233333333333335,0.8533333333333334,0.13
B_top25_direction,BRD-K12994359,0.6166666666666667,0.71,0.09333333333333334
B_top25_direction,BRD-K13050541,0.83,0.9300000000000002,0.09999999999999999
B_top25_direction,BRD-K13154216,0.9600000000000001,0.9666666666666668,0.0066666666666666445
B_top25_direction,BRD-K13646352,0.8833333333333333,0.9300000000000002,0.04666666666666667
B_top25_direction,BRD-K13662825,0.9033333333333334,0.99,0.08666666666666667
B_top25_direction,BRD-K14175878,0.8400000000000001,0.9200000000000002,0.08
B_top25_direction,BRD-K14653796,0.7666666666666666,0.8999999999999999,0.13333333333333333
B_top25_direction,BRD-K14993104,0.5566666666666668,0.6766666666666669,0.12000000000000001
B_top25_direction,BRD-K15010214,0.5366666666666666,0.5766666666666667,0.03999999999999999
B_top25_direction,BRD-K15108141,0.8866666666666667,0.9966666666666667,0.11000000000000003
B_top25_direction,BRD-K15916496,0.9333333333333333,0.98,0.04666666666666667
B_top25_direction,BRD-K15933101,0.7166666666666668,0.7933333333333334,0.07666666666666669
B_top25_direction,BRD-K16732600,0.8933333333333332,0.9433333333333334,0.04999999999999999
B_top25_direction,BRD-K17026858,0.8800000000000001,0.9233333333333333,0.043333333333333335
B_top25_direction,BRD-K17944737,0.9499999999999998,0.9700000000000001,0.020000000000000018
B_top25_direction,BRD-K18324993,0.8,0.8300000000000001,0.02999999999999999
B_top25_direction,BRD-K18678457,0.9200000000000002,0.98,0.05999999999999998
B_top25_direction,BRD-K18779551,0.7333333333333333,0.87,0.1366666666666667
B_top25_direction,BRD-K19388745,0.83,0.8699999999999999,0.04
B_top25_direction,BRD-K20001883,0.7900000000000001,0.8500000000000001,0.05999999999999998
B_top25_direction,BRD-K20738689,0.7133333333333334,0.8166666666666667,0.10333333333333333
B_top25_direction,BRD-K21450440,0.7600000000000001,0.8566666666666668,0.09666666666666665
B_top25_direction,BRD-K21884483,0.7033333333333334,0.7633333333333334,0.060000000000000005
B_top25_direction,BRD-K22031190,0.7233333333333332,0.87,0.1466666666666667
B_top25_direction,BRD-K22097830,0.7533333333333333,0.8400000000000002,0.08666666666666668
B_top25_direction,BRD-K23082237,0.6533333333333333,0.7433333333333333,0.09
B_top25_direction,BRD-K23190681,0.83,0.9266666666666666,0.09666666666666666
B_top25_direction,BRD-K23228615,0.8766666666666666,1.0,0.12333333333333335
B_top25_direction,BRD-K23984367,0.8400000000000001,0.9333333333333333,0.09333333333333334
B_top25_direction,BRD-K24723746,0.8233333333333334,0.9099999999999999,0.08666666666666667
B_top25_direction,BRD-K24943235,0.6300000000000001,0.6599999999999999,0.030000000000000002
B_top25_direction,BRD-K25630527,0.8733333333333333,0.9199999999999999,0.04666666666666665
B_top25_direction,BRD-K25650355,0.74,0.8233333333333334,0.08333333333333336
B_top25_direction,BRD-K26341917,0.9100000000000001,0.9266666666666666,0.016666666666666646
B_top25_direction,BRD-K26619122,0.8300000000000002,0.9400000000000001,0.11
B_top25_direction,BRD-K29359156,0.8300000000000002,0.9533333333333334,0.12333333333333335
B_top25_direction,BRD-K29582115,0.8500000000000001,0.9266666666666666,0.07666666666666666
B_top25_direction,BRD-K29735307,0.8033333333333333,0.8666666666666667,0.06333333333333335
B_top25_direction,BRD-K29950728,0.7100000000000001,0.7233333333333333,0.013333333333333322
B_top25_direction,BRD-K30126819,0.6966666666666668,0.7633333333333333,0.06666666666666667
B_top25_direction,BRD-K30466858,0.8133333333333335,0.8800000000000001,0.06666666666666668
B_top25_direction,BRD-K30685142,0.5333333333333333,0.6433333333333333,0.11
B_top25_direction,BRD-K31339321,0.8766666666666667,0.9133333333333334,0.036666666666666674
B_top25_direction,BRD-K31342827,0.75,0.8666666666666667,0.1166666666666667
B_top25_direction,BRD-K31447894,0.6833333333333335,0.7799999999999998,0.09666666666666665
B_top25_direction,BRD-K31731454,0.6333333333333333,0.7066666666666667,0.07333333333333335
B_top25_direction,BRD-K32107296,0.6966666666666667,0.7866666666666666,0.09000000000000002
B_top25_direction,BRD-K32218650,0.6233333333333335,0.7166666666666666,0.09333333333333334
B_top25_direction,BRD-K32821942,0.7166666666666667,0.7566666666666667,0.03999999999999998
B_top25_direction,BRD-K33211335,0.7400000000000001,0.83,0.08999999999999998
B_top25_direction,BRD-K33226500,0.6966666666666665,0.8533333333333334,0.15666666666666665
B_top25_direction,BRD-K33379087,0.8733333333333335,0.9099999999999999,0.03666666666666666
B_top25_direction,BRD-K33732501,0.7566666666666667,0.8233333333333334,0.06666666666666665
B_top25_direction,BRD-K34469523,0.6800000000000002,0.7866666666666667,0.10666666666666666
B_top25_direction,BRD-K35169477,0.8666666666666667,0.9933333333333333,0.12666666666666668
B_top25_direction,BRD-K35775715,0.7833333333333334,0.9066666666666667,0.12333333333333332
B_top25_direction,BRD-K35960502,0.8433333333333334,0.9666666666666666,0.12333333333333332
B_top25_direction,BRD-K37694030,0.73,0.7466666666666667,0.016666666666666663
B_top25_direction,BRD-K40175214,0.9700000000000001,0.9966666666666667,0.026666666666666672
B_top25_direction,BRD-K42898655,0.9433333333333334,0.9833333333333333,0.03999999999999999
B_top25_direction,BRD-K43723251,0.7900000000000001,0.8733333333333334,0.08333333333333333
B_top25_direction,BRD-K43797669,0.8133333333333334,0.8766666666666667,0.06333333333333332
B_top25_direction,BRD-K43802723,0.6566666666666667,0.7100000000000001,0.05333333333333333
B_top25_direction,BRD-K43806473,0.7200000000000002,0.89,0.17
B_top25_direction,BRD-K44844162,0.9500000000000001,0.9966666666666667,0.04666666666666667
B_top25_direction,BRD-K45252063,0.5833333333333334,0.68,0.09666666666666668
B_top25_direction,BRD-K45746021,0.7166666666666667,0.8433333333333334,0.12666666666666668
B_top25_direction,BRD-K46386702,0.8599999999999999,0.9600000000000001,0.09999999999999999
B_top25_direction,BRD-K46604138,0.7333333333333334,0.7766666666666667,0.043333333333333335
B_top25_direction,BRD-K46937689,0.8966666666666667,0.9600000000000001,0.06333333333333332
B_top25_direction,BRD-K47000838,0.936,0.9720000000000001,0.036000000000000004
B_top25_direction,BRD-K48812570,0.8633333333333333,0.8500000000000001,-0.01333333333333333
B_top25_direction,BRD-K48892307,0.7799999999999999,0.8566666666666668,0.07666666666666667
B_top25_direction,BRD-K49504902,0.8966666666666667,0.9466666666666667,0.049999999999999996
B_top25_direction,BRD-K49555808,0.8266666666666667,0.9366666666666666,0.11
B_top25_direction,BRD-K49671696,0.7566666666666667,0.7866666666666666,0.030000000000000002
B_top25_direction,BRD-K49865102,0.9633333333333334,1.0,0.03666666666666666
B_top25_direction,BRD-K50031829,0.7466666666666666,0.9299999999999999,0.18333333333333335
B_top25_direction,BRD-K50133271,0.9333333333333333,0.9066666666666668,-0.026666666666666672
B_top25_direction,BRD-K50498985,0.8566666666666668,0.9300000000000002,0.07333333333333332
B_top25_direction,BRD-K51040301,0.7400000000000001,0.8800000000000001,0.14
B_top25_direction,BRD-K51087630,0.74,0.7433333333333335,0.0033333333333333487
B_top25_direction,BRD-K51677086,0.8,0.8600000000000001,0.060000000000000005
B_top25_direction,BRD-K52172416,0.6766666666666667,0.8,0.12333333333333335
B_top25_direction,BRD-K52989797,0.7466666666666667,0.8400000000000002,0.09333333333333334
B_top25_direction,BRD-K53417444,0.9466666666666668,0.9933333333333335,0.04666666666666666
B_top25_direction,BRD-K53737926,0.6633333333333334,0.8266666666666667,0.16333333333333333
B_top25_direction,BRD-K53814070,0.8866666666666667,0.9733333333333333,0.08666666666666667
B_top25_direction,BRD-K53972329,0.81,0.8733333333333334,0.06333333333333334
B_top25_direction,BRD-K54006094,0.7833333333333334,0.8233333333333335,0.03999999999999999
B_top25_direction,BRD-K54847683,0.8233333333333334,0.84,0.016666666666666653
B_top25_direction,BRD-K55748775,0.71,0.81,0.09999999999999999
B_top25_direction,BRD-K55781385,0.8300000000000001,0.89,0.05999999999999999
B_top25_direction,BRD-K55847762,0.8166666666666667,0.8566666666666666,0.04
B_top25_direction,BRD-K55966568,0.6833333333333333,0.7399999999999999,0.05666666666666664
B_top25_direction,BRD-K56032964,0.8200000000000002,0.8533333333333333,0.03333333333333331
B_top25_direction,BRD-K56405753,0.77,0.8866666666666666,0.11666666666666667
B_top25_direction,BRD-K56751279,0.9033333333333334,0.9366666666666666,0.033333333333333326
B_top25_direction,BRD-K56810756,0.8166666666666667,0.8966666666666665,0.07999999999999999
B_top25_direction,BRD-K57080016,0.9433333333333334,0.9933333333333333,0.04999999999999998
B_top25_direction,BRD-K58114536,0.6966666666666668,0.8000000000000002,0.10333333333333337
B_top25_direction,BRD-K58951486,0.7033333333333335,0.7666666666666667,0.06333333333333334
B_top25_direction,BRD-K59013864,0.8366666666666667,0.8666666666666667,0.030000000000000002
B_top25_direction,BRD-K59058766,0.7833333333333332,0.7999999999999999,0.016666666666666663
B_top25_direction,BRD-K59227464,0.8433333333333333,0.9033333333333334,0.05999999999999998
B_top25_direction,BRD-K59331299,0.66,0.7700000000000001,0.11000000000000003
B_top25_direction,BRD-K59524082,0.6400000000000001,0.7300000000000001,0.09000000000000001
B_top25_direction,BRD-K59929863,0.7633333333333334,0.8033333333333332,0.03999999999999999
B_top25_direction,BRD-K60160658,0.8166666666666668,0.8766666666666666,0.060000000000000005
B_top25_direction,BRD-K60341624,0.7666666666666668,0.8166666666666667,0.05
B_top25_direction,BRD-K60997853,0.9266666666666669,0.9733333333333333,0.04666666666666667
B_top25_direction,BRD-K61195623,0.9700000000000001,0.9933333333333333,0.023333333333333345
B_top25_direction,BRD-K61250553,0.7766666666666667,0.8533333333333334,0.07666666666666666
B_top25_direction,BRD-K62200014,0.7000000000000001,0.8266666666666668,0.12666666666666668
B_top25_direction,BRD-K62562723,0.8166666666666668,0.8866666666666667,0.07
B_top25_direction,BRD-K63150726,0.8999999999999999,0.9733333333333333,0.07333333333333335
B_top25_direction,BRD-K63550407,0.7633333333333333,0.8066666666666666,0.04333333333333335
B_top25_direction,BRD-K63630713,0.7833333333333333,0.85,0.06666666666666665
B_top25_direction,BRD-K64504314,0.7733333333333333,0.8700000000000001,0.09666666666666665
B_top25_direction,BRD-K64755930,0.7100000000000001,0.7333333333333333,0.02333333333333334
B_top25_direction,BRD-K64800655,0.9300000000000002,0.9933333333333333,0.06333333333333334
B_top25_direction,BRD-K65678996,0.7,0.8233333333333333,0.12333333333333335
B_top25_direction,BRD-K65820248,0.8500000000000001,0.9566666666666666,0.10666666666666666
B_top25_direction,BRD-K65991129,0.7866666666666667,0.8533333333333333,0.06666666666666665
B_top25_direction,BRD-K65992024,0.7933333333333334,0.8866666666666667,0.09333333333333332
B_top25_direction,BRD-K67043667,0.8900000000000001,0.9466666666666667,0.05666666666666667
B_top25_direction,BRD-K68488863,0.8866666666666667,0.9199999999999999,0.033333333333333326
B_top25_direction,BRD-K68532323,0.9466666666666667,1.0,0.05333333333333333
B_top25_direction,BRD-K68552125,0.9400000000000001,1.0,0.06000000000000002
B_top25_direction,BRD-K70401845,0.9066666666666667,0.99,0.08333333333333333
B_top25_direction,BRD-K70464547,0.7833333333333334,0.8999999999999999,0.11666666666666664
B_top25_direction,BRD-K70912147,0.7633333333333334,0.8433333333333334,0.08
B_top25_direction,BRD-K70914287,0.7366666666666667,0.8199999999999998,0.08333333333333336
B_top25_direction,BRD-K71221037,0.8933333333333332,0.9100000000000001,0.016666666666666673
B_top25_direction,BRD-K72215350,0.7866666666666667,0.8866666666666666,0.09999999999999999
B_top25_direction,BRD-K73109821,0.9566666666666666,1.0,0.04333333333333335
B_top25_direction,BRD-K73319509,0.7566666666666667,0.8166666666666668,0.05999999999999998
B_top25_direction,BRD-K74363950,0.7133333333333334,0.7166666666666667,0.003333333333333315
B_top25_direction,BRD-K74514084,0.9566666666666666,0.9600000000000001,0.003333333333333355
B_top25_direction,BRD-K74763371,0.9500000000000001,0.9733333333333335,0.023333333333333327
B_top25_direction,BRD-K75024268,0.7800000000000001,0.8366666666666666,0.05666666666666664
B_top25_direction,BRD-K75089421,0.7833333333333333,0.8266666666666667,0.04333333333333335
B_top25_direction,BRD-K75641298,0.6966666666666668,0.81,0.11333333333333334
B_top25_direction,BRD-K75844781,0.7666666666666667,0.8033333333333333,0.036666666666666674
B_top25_direction,BRD-K75911534,0.8566666666666668,0.9366666666666666,0.08000000000000002
B_top25_direction,BRD-K76197012,0.7433333333333333,0.8200000000000001,0.07666666666666669
B_top25_direction,BRD-K76812510,0.7166666666666668,0.7433333333333333,0.026666666666666672
B_top25_direction,BRD-K76908866,0.8133333333333334,0.8933333333333332,0.08
B_top25_direction,BRD-K77396579,0.8266666666666667,0.8366666666666668,0.010000000000000009
B_top25_direction,BRD-K78010432,0.77,0.8700000000000001,0.09999999999999999
B_top25_direction,BRD-K78303961,0.7766666666666667,0.8500000000000001,0.07333333333333335
B_top25_direction,BRD-K79404599,0.8366666666666668,0.8133333333333334,-0.023333333333333334
B_top25_direction,BRD-K79759585,0.7266666666666667,0.8233333333333335,0.09666666666666668
B_top25_direction,BRD-K80396088,0.65,0.8066666666666668,0.15666666666666665
B_top25_direction,BRD-K80535353,0.8166666666666668,0.9300000000000002,0.11333333333333334
B_top25_direction,BRD-K80700417,0.8433333333333334,0.8566666666666667,0.01333333333333333
B_top25_direction,BRD-K81144366,0.9066666666666667,0.9433333333333334,0.03666666666666666
B_top25_direction,BRD-K81473089,0.8366666666666667,0.8466666666666668,0.010000000000000009
B_top25_direction,BRD-K81672972,0.7433333333333333,0.7899999999999999,0.04666666666666667
B_top25_direction,BRD-K82244583,0.9233333333333333,0.99,0.06666666666666668
B_top25_direction,BRD-K82795137,0.82,0.8833333333333333,0.06333333333333334
B_top25_direction,BRD-K83508485,0.8933333333333332,0.9466666666666667,0.05333333333333333
B_top25_direction,BRD-K83794243,0.8600000000000001,0.8800000000000001,0.01999999999999999
B_top25_direction,BRD-K84810405,0.8266666666666667,0.9466666666666664,0.12000000000000001
B_top25_direction,BRD-K86816506,0.8999999999999999,0.9566666666666668,0.05666666666666667
B_top25_direction,BRD-K87156652,0.8999999999999999,0.9333333333333333,0.03333333333333331
B_top25_direction,BRD-K87737963,0.9733333333333333,0.9566666666666668,-0.016666666666666663
B_top25_direction,BRD-K87782578,0.8933333333333332,0.9466666666666667,0.05333333333333333
B_top25_direction,BRD-K88429204,0.8966666666666667,0.8766666666666667,-0.02
B_top25_direction,BRD-K88510285,0.98,0.9966666666666667,0.016666666666666673
B_top25_direction,BRD-K88611939,0.6200000000000001,0.79,0.17000000000000004
B_top25_direction,BRD-K89375097,0.7333333333333334,0.8200000000000001,0.08666666666666664
B_top25_direction,BRD-K90195324,0.9100000000000001,0.9766666666666666,0.06666666666666668
B_top25_direction,BRD-K91111634,0.7233333333333334,0.77,0.04666666666666666
B_top25_direction,BRD-K91263825,0.8400000000000001,0.8466666666666668,0.006666666666666672
B_top25_direction,BRD-K91336023,0.78,0.7766666666666666,-0.0033333333333333457
B_top25_direction,BRD-K91822704,0.8333333333333334,0.9533333333333334,0.11999999999999998
B_top25_direction,BRD-K91825936,0.9033333333333332,0.9066666666666667,0.003333333333333336
B_top25_direction,BRD-K92049597,0.8166666666666667,0.8666666666666667,0.05000000000000002
B_top25_direction,BRD-K92241597,0.9066666666666667,0.9400000000000001,0.03333333333333335
B_top25_direction,BRD-K93618743,0.9033333333333334,0.9633333333333334,0.060000000000000005
B_top25_direction,BRD-K93645900,0.8733333333333334,0.9466666666666667,0.07333333333333332
B_top25_direction,BRD-K93754473,0.8966666666666667,0.9366666666666666,0.03999999999999997
B_top25_direction,BRD-K93869735,0.68,0.7066666666666666,0.026666666666666682
B_top25_direction,BRD-K93880783,0.8200000000000002,0.8866666666666667,0.06666666666666665
B_top25_direction,BRD-K93944989,0.665,0.735,0.06999999999999995
B_top25_direction,BRD-K94288301,0.9066666666666667,0.9400000000000001,0.033333333333333354
B_top25_direction,BRD-K95921201,0.7666666666666668,0.7600000000000001,-0.006666666666666686
B_top25_direction,BRD-K96042922,0.81,0.8999999999999999,0.08999999999999997
B_top25_direction,BRD-K96123349,0.8800000000000001,0.99,0.11
B_top25_direction,BRD-K96550715,0.7600000000000002,0.8500000000000001,0.09000000000000001
B_top25_direction,BRD-K97045029,0.75,0.8333333333333334,0.08333333333333333
B_top25_direction,BRD-K97440753,0.5400000000000001,0.6833333333333333,0.14333333333333337
B_top25_direction,BRD-K97472745,0.8,0.9366666666666666,0.13666666666666666
B_top25_direction,BRD-K97643133,0.8133333333333334,0.9200000000000002,0.10666666666666666
B_top25_direction,BRD-K98004573,0.79,0.8400000000000001,0.05000000000000001
B_top25_direction,BRD-K98453471,0.6900000000000001,0.6666666666666667,-0.02333333333333333
B_top25_direction,BRD-K98572433,0.9433333333333336,1.0,0.05666666666666668
B_top25_direction,BRD-K99383816,0.6900000000000001,0.7066666666666667,0.016666666666666673
B_top25_direction,BRD-K99792991,0.9933333333333333,0.9966666666666667,0.003333333333333336
B_top25_direction,BRD-M89827113,0.7200000000000002,0.7566666666666668,0.03666666666666666
B_top25_overlap,BRD-A03623303,0.13,0.18666666666666668,0.05666666666666668
B_top25_overlap,BRD-A07440155,0.20666666666666667,0.2366666666666667,0.029999999999999995
B_top25_overlap,BRD-A08187463,0.18000000000000005,0.21333333333333335,0.03333333333333334
B_top25_overlap,BRD-A08545410,0.20333333333333334,0.25666666666666665,0.053333333333333344
B_top25_overlap,BRD-A10012892,0.17000000000000004,0.2366666666666667,0.06666666666666668
B_top25_overlap,BRD-A13188892,0.19333333333333333,0.23333333333333334,0.04
B_top25_overlap,BRD-A14886633,0.3,0.3233333333333333,0.023333333333333334
B_top25_overlap,BRD-A14941520,0.2766666666666666,0.2966666666666667,0.020000000000000004
B_top25_overlap,BRD-A16347691,0.2633333333333333,0.31666666666666665,0.05333333333333333
B_top25_overlap,BRD-A19195498,0.2633333333333333,0.3233333333333334,0.060000000000000005
B_top25_overlap,BRD-A20239487,0.19000000000000006,0.21333333333333335,0.023333333333333334
B_top25_overlap,BRD-A21607826,0.29666666666666663,0.38666666666666666,0.09000000000000001
B_top25_overlap,BRD-A22032524,0.19000000000000003,0.21333333333333335,0.023333333333333338
B_top25_overlap,BRD-A25619068,0.13,0.17,0.04
B_top25_overlap,BRD-A26032986,0.23666666666666666,0.28,0.04333333333333333
B_top25_overlap,BRD-A28787076,0.18000000000000002,0.30999999999999994,0.13
B_top25_overlap,BRD-A29520968,0.22000000000000003,0.27999999999999997,0.06000000000000002
B_top25_overlap,BRD-A29734509,0.27666666666666667,0.29666666666666663,0.020000000000000004
B_top25_overlap,BRD-A29844814,0.12000000000000001,0.1466666666666667,0.02666666666666667
B_top25_overlap,BRD-A31811760,0.13333333333333336,0.18000000000000005,0.04666666666666667
B_top25_overlap,BRD-A32172948,0.10666666666666669,0.09333333333333334,-0.013333333333333327
B_top25_overlap,BRD-A33711280,0.16333333333333336,0.2566666666666666,0.09333333333333334
B_top25_overlap,BRD-A36331462,0.4633333333333332,0.52,0.05666666666666667
B_top25_overlap,BRD-A38350138,0.2,0.24666666666666665,0.04666666666666666
B_top25_overlap,BRD-A39390670,0.12333333333333335,0.21,0.08666666666666667
B_top25_overlap,BRD-A39935389,0.3333333333333333,0.33666666666666667,0.00333333333333334
B_top25_overlap,BRD-A46179541,0.22999999999999998,0.29000000000000004,0.060000000000000005
B_top25_overlap,BRD-A48237631,0.4933333333333333,0.59,0.09666666666666668
B_top25_overlap,BRD-A48570745,0.3033333333333334,0.3566666666666667,0.05333333333333333
B_top25_overlap,BRD-A49160188,0.23333333333333328,0.29666666666666663,0.06333333333333334
B_top25_overlap,BRD-A49838158,0.31,0.39666666666666667,0.0866666666666667
B_top25_overlap,BRD-A50764878,0.22333333333333336,0.21000000000000005,-0.013333333333333329
B_top25_overlap,BRD-A51078674,0.20666666666666667,0.26666666666666666,0.060000000000000005
B_top25_overlap,BRD-A52922642,0.18000000000000002,0.16666666666666669,-0.013333333333333334
B_top25_overlap,BRD-A55272860,0.21000000000000002,0.33333333333333337,0.12333333333333335
B_top25_overlap,BRD-A56085258,0.30000000000000004,0.33,0.029999999999999995
B_top25_overlap,BRD-A58280226,0.5533333333333333,0.6233333333333334,0.07
B_top25_overlap,BRD-A62071884,0.10666666666666669,0.11000000000000003,0.0033333333333333353
B_top25_overlap,BRD-A65051990,0.2066666666666667,0.26,0.053333333333333344
B_top25_overlap,BRD-A67616246,0.31333333333333335,0.4066666666666667,0.09333333333333334
B_top25_overlap,BRD-A67862938,0.21000000000000005,0.2666666666666667,0.05666666666666666
B_top25_overlap,BRD-A68493689,0.2533333333333333,0.29666666666666663,0.043333333333333335
B_top25_overlap,BRD-A68888262,0.36,0.4633333333333333,0.10333333333333335
B_top25_overlap,BRD-A68942014,0.26999999999999996,0.3933333333333333,0.12333333333333335
B_top25_overlap,BRD-A70998768,0.18000000000000002,0.30000000000000004,0.12000000000000001
B_top25_overlap,BRD-A75305484,0.25333333333333335,0.2766666666666666,0.02333333333333333
B_top25_overlap,BRD-A75726477,0.24999999999999994,0.2433333333333333,-0.006666666666666669
B_top25_overlap,BRD-A77216878,0.31666666666666665,0.28666666666666674,-0.030000000000000002
B_top25_overlap,BRD-A78877355,0.18000000000000002,0.22000000000000003,0.04000000000000001
B_top25_overlap,BRD-A82522119,0.29666666666666663,0.4033333333333334,0.10666666666666669
B_top25_overlap,BRD-A85548292,0.39666666666666667,0.47666666666666657,0.08000000000000002
B_top25_overlap,BRD-A87983072,0.2066666666666667,0.29666666666666663,0.09000000000000002
B_top25_overlap,BRD-A91699651,0.14333333333333337,0.19,0.04666666666666666
B_top25_overlap,BRD-A93000692,0.19333333333333336,0.23999999999999996,0.04666666666666666
B_top25_overlap,BRD-A93964801,0.2166666666666667,0.2833333333333334,0.06666666666666668
B_top25_overlap,BRD-A94543220,0.3333333333333334,0.43000000000000005,0.09666666666666666
B_top25_overlap,BRD-A94756469,0.53,0.6666666666666666,0.13666666666666666
B_top25_overlap,BRD-A95032015,0.17333333333333337,0.1866666666666667,0.013333333333333334
B_top25_overlap,BRD-A98702003,0.5299999999999999,0.6333333333333333,0.10333333333333333
B_top25_overlap,BRD-A98990573,0.17,0.2766666666666666,0.10666666666666666
B_top25_overlap,BRD-K04112579,0.16000000000000003,0.19333333333333336,0.03333333333333334
B_top25_overlap,BRD-K04185004,0.19000000000000003,0.30666666666666664,0.11666666666666667
B_top25_overlap,BRD-K05236810,0.2666666666666666,0.36333333333333334,0.09666666666666668
B_top25_overlap,BRD-K05395900,0.10666666666666669,0.13,0.023333333333333334
B_top25_overlap,BRD-K05524748,0.2233333333333333,0.2666666666666667,0.04333333333333335
B_top25_overlap,BRD-K06240250,0.2533333333333333,0.36,0.10666666666666666
B_top25_overlap,BRD-K06294530,0.2533333333333333,0.30333333333333345,0.05000000000000002
B_top25_overlap,BRD-K06335600,0.14333333333333337,0.1366666666666667,-0.006666666666666669
B_top25_overlap,BRD-K06557128,0.11666666666666667,0.14333333333333337,0.026666666666666665
B_top25_overlap,BRD-K06900071,0.1666666666666667,0.2833333333333333,0.11666666666666667
B_top25_overlap,BRD-K07160047,0.26333333333333336,0.33666666666666667,0.07333333333333335
B_top25_overlap,BRD-K07220430,0.16333333333333336,0.21333333333333335,0.05
B_top25_overlap,BRD-K07237224,0.12666666666666668,0.14,0.013333333333333336
B_top25_overlap,BRD-K07572174,0.2833333333333334,0.3233333333333333,0.04000000000000001
B_top25_overlap,BRD-K07881437,0.4666666666666667,0.5766666666666667,0.11
B_top25_overlap,BRD-K08248804,0.32666666666666666,0.38333333333333336,0.05666666666666667
B_top25_overlap,BRD-K08252256,0.16333333333333333,0.17333333333333334,0.010000000000000002
B_top25_overlap,BRD-K08832567,0.22000000000000006,0.35333333333333333,0.13333333333333336
B_top25_overlap,BRD-K09372874,0.2366666666666667,0.29000000000000004,0.053333333333333344
B_top25_overlap,BRD-K09426783,0.4633333333333333,0.62,0.15666666666666665
B_top25_overlap,BRD-K09471561,0.2066666666666667,0.32,0.11333333333333334
B_top25_overlap,BRD-K09711437,0.16333333333333336,0.21666666666666665,0.053333333333333344
B_top25_overlap,BRD-K09951645,0.3666666666666667,0.42666666666666664,0.060000000000000005
B_top25_overlap,BRD-K10845183,0.12000000000000001,0.13,0.010000000000000002
B_top25_overlap,BRD-K10852020,0.3433333333333333,0.3933333333333333,0.05000000000000001
B_top25_overlap,BRD-K11196887,0.20666666666666667,0.2266666666666667,0.02
B_top25_overlap,BRD-K11399644,0.3433333333333334,0.42999999999999994,0.08666666666666667
B_top25_overlap,BRD-K12219985,0.17,0.21333333333333335,0.043333333333333335
B_top25_overlap,BRD-K12609457,0.15000000000000002,0.26999999999999996,0.12000000000000004
B_top25_overlap,BRD-K12932420,0.10666666666666669,0.21333333333333337,0.10666666666666669
B_top25_overlap,BRD-K12994359,0.23666666666666666,0.23333333333333334,-0.003333333333333338
B_top25_overlap,BRD-K13050541,0.4066666666666667,0.4900000000000001,0.08333333333333334
B_top25_overlap,BRD-K13154216,0.44000000000000006,0.5233333333333333,0.08333333333333334
B_top25_overlap,BRD-K13646352,0.4566666666666666,0.48666666666666664,0.029999999999999995
B_top25_overlap,BRD-K13662825,0.4466666666666667,0.5166666666666667,0.06999999999999999
B_top25_overlap,BRD-K14175878,0.2733333333333333,0.3133333333333333,0.04000000000000001
B_top25_overlap,BRD-K14653796,0.13333333333333336,0.17000000000000004,0.03666666666666666
B_top25_overlap,BRD-K14993104,0.15333333333333338,0.16000000000000003,0.0066666666666666645
B_top25_overlap,BRD-K15010214,0.15333333333333335,0.12000000000000001,-0.03333333333333334
B_top25_overlap,BRD-K15108141,0.3833333333333333,0.52,0.1366666666666667
B_top25_overlap,BRD-K15916496,0.39333333333333337,0.37000000000000005,-0.02333333333333335
B_top25_overlap,BRD-K15933101,0.30000000000000004,0.36333333333333334,0.06333333333333334
B_top25_overlap,BRD-K16732600,0.35000000000000003,0.43666666666666665,0.08666666666666667
B_top25_overlap,BRD-K17026858,0.2733333333333334,0.31666666666666665,0.043333333333333314
B_top25_overlap,BRD-K17944737,0.4066666666666667,0.4533333333333334,0.04666666666666666
B_top25_overlap,BRD-K18324993,0.4233333333333333,0.39999999999999997,-0.023333333333333327
B_top25_overlap,BRD-K18678457,0.5533333333333333,0.5733333333333335,0.020000000000000004
B_top25_overlap,BRD-K18779551,0.2066666666666667,0.25666666666666665,0.049999999999999996
B_top25_overlap,BRD-K19388745,0.21333333333333337,0.30333333333333334,0.09000000000000001
B_top25_overlap,BRD-K20001883,0.21333333333333335,0.2733333333333334,0.060000000000000005
B_top25_overlap,BRD-K20738689,0.18333333333333335,0.19000000000000003,0.006666666666666676
B_top25_overlap,BRD-K21450440,0.19000000000000003,0.21000000000000005,0.02
B_top25_overlap,BRD-K21884483,0.1366666666666667,0.19000000000000003,0.05333333333333333
B_top25_overlap,BRD-K22031190,0.12666666666666668,0.20000000000000004,0.07333333333333335
B_top25_overlap,BRD-K22097830,0.16333333333333333,0.25,0.08666666666666667
B_top25_overlap,BRD-K23082237,0.18000000000000002,0.25666666666666665,0.07666666666666666
B_top25_overlap,BRD-K23190681,0.23000000000000004,0.3733333333333333,0.14333333333333337
B_top25_overlap,BRD-K23228615,0.3733333333333333,0.4933333333333334,0.12000000000000001
B_top25_overlap,BRD-K23984367,0.3133333333333333,0.33666666666666667,0.02333333333333333
B_top25_overlap,BRD-K24723746,0.2233333333333333,0.26,0.03666666666666666
B_top25_overlap,BRD-K24943235,0.16000000000000003,0.1466666666666667,-0.013333333333333324
B_top25_overlap,BRD-K25630527,0.3866666666666666,0.45333333333333337,0.0666666666666667
B_top25_overlap,BRD-K25650355,0.18333333333333335,0.25000000000000006,0.06666666666666668
B_top25_overlap,BRD-K26341917,0.20000000000000004,0.36000000000000004,0.16000000000000003
B_top25_overlap,BRD-K26619122,0.2833333333333333,0.36333333333333334,0.08000000000000002
B_top25_overlap,BRD-K29359156,0.2433333333333333,0.3433333333333333,0.10000000000000002
B_top25_overlap,BRD-K29582115,0.24333333333333332,0.3266666666666666,0.08333333333333334
B_top25_overlap,BRD-K29735307,0.22000000000000006,0.2933333333333333,0.07333333333333332
B_top25_overlap,BRD-K29950728,0.28,0.3466666666666667,0.06666666666666668
B_top25_overlap,BRD-K30126819,0.18000000000000002,0.2066666666666667,0.026666666666666672
B_top25_overlap,BRD-K30466858,0.29333333333333333,0.32999999999999996,0.036666666666666674
B_top25_overlap,BRD-K30685142,0.1366666666666667,0.1366666666666667,-1.5419764230904951e-18
B_top25_overlap,BRD-K31339321,0.2733333333333333,0.29000000000000004,0.016666666666666673
B_top25_overlap,BRD-K31342827,0.25666666666666665,0.3233333333333334,0.06666666666666668
B_top25_overlap,BRD-K31447894,0.1566666666666667,0.18333333333333338,0.02666666666666667
B_top25_overlap,BRD-K31731454,0.12000000000000001,0.1366666666666667,0.01666666666666667
B_top25_overlap,BRD-K32107296,0.1766666666666667,0.2066666666666667,0.02999999999999999
B_top25_overlap,BRD-K32218650,0.19000000000000003,0.20000000000000004,0.009999999999999998
B_top25_overlap,BRD-K32821942,0.24666666666666665,0.25666666666666665,0.009999999999999988
B_top25_overlap,BRD-K33211335,0.18666666666666668,0.21333333333333337,0.02666666666666666
B_top25_overlap,BRD-K33226500,0.15333333333333335,0.19333333333333336,0.04000000000000001
B_top25_overlap,BRD-K33379087,0.35333333333333333,0.38333333333333336,0.029999999999999995
B_top25_overlap,BRD-K33732501,0.25666666666666665,0.2966666666666667,0.04000000000000001
B_top25_overlap,BRD-K34469523,0.17333333333333334,0.13333333333333336,-0.04
B_top25_overlap,BRD-K35169477,0.3666666666666667,0.4933333333333334,0.12666666666666668
B_top25_overlap,BRD-K35775715,0.3033333333333333,0.3433333333333334,0.039999999999999994
B_top25_overlap,BRD-K35960502,0.32333333333333336,0.3966666666666667,0.07333333333333333
B_top25_overlap,BRD-K37694030,0.13,0.1566666666666667,0.02666666666666666
B_top25_overlap,BRD-K40175214,0.3433333333333334,0.4766666666666667,0.13333333333333333
B_top25_overlap,BRD-K42898655,0.3,0.52,0.22000000000000003
B_top25_overlap,BRD-K43723251,0.19333333333333336,0.3533333333333333,0.16000000000000003
B_top25_overlap,BRD-K43797669,0.2866666666666666,0.32,0.03333333333333335
B_top25_overlap,BRD-K43802723,0.18333333333333335,0.17333333333333337,-0.010000000000000002
B_top25_overlap,BRD-K43806473,0.1566666666666667,0.2933333333333333,0.1366666666666667
B_top25_overlap,BRD-K44844162,0.49666666666666665,0.5066666666666667,0.010000000000000009
B_top25_overlap,BRD-K45252063,0.15000000000000002,0.12000000000000001,-0.030000000000000002
B_top25_overlap,BRD-K45746021,0.2433333333333333,0.29666666666666663,0.05333333333333334
B_top25_overlap,BRD-K46386702,0.3233333333333333,0.4433333333333333,0.12000000000000001
B_top25_overlap,BRD-K46604138,0.21333333333333335,0.22999999999999998,0.016666666666666677
B_top25_overlap,BRD-K46937689,0.3566666666666667,0.45333333333333337,0.09666666666666668
B_top25_overlap,BRD-K47000838,0.5319999999999999,0.5640000000000001,0.032
B_top25_overlap,BRD-K48812570,0.2933333333333333,0.33666666666666667,0.04333333333333334
B_top25_overlap,BRD-K48892307,0.22333333333333336,0.27666666666666667,0.053333333333333344
B_top25_overlap,BRD-K49504902,0.36333333333333334,0.4799999999999999,0.11666666666666667
B_top25_overlap,BRD-K49555808,0.2266666666666667,0.32666666666666677,0.10000000000000002
B_top25_overlap,BRD-K49671696,0.2633333333333334,0.25666666666666665,-0.006666666666666669
B_top25_overlap,BRD-K49865102,0.48666666666666664,0.5499999999999999,0.06333333333333334
B_top25_overlap,BRD-K50031829,0.16333333333333333,0.26,0.09666666666666668
B_top25_overlap,BRD-K50133271,0.4633333333333333,0.5066666666666667,0.043333333333333335
B_top25_overlap,BRD-K50498985,0.33333333333333326,0.4066666666666667,0.07333333333333332
B_top25_overlap,BRD-K51040301,0.18,0.2533333333333333,0.07333333333333333
B_top25_overlap,BRD-K51087630,0.13333333333333336,0.16000000000000003,0.02666666666666667
B_top25_overlap,BRD-K51677086,0.20000000000000004,0.23333333333333334,0.03333333333333334
B_top25_overlap,BRD-K52172416,0.1366666666666667,0.22000000000000003,0.08333333333333333
B_top25_overlap,BRD-K52989797,0.22333333333333336,0.32333333333333336,0.10000000000000002
B_top25_overlap,BRD-K53417444,0.69,0.68,-0.00999999999999999
B_top25_overlap,BRD-K53737926,0.19666666666666668,0.26,0.06333333333333335
B_top25_overlap,BRD-K53814070,0.3,0.35,0.049999999999999996
B_top25_overlap,BRD-K53972329,0.24333333333333337,0.32666666666666666,0.08333333333333334
B_top25_overlap,BRD-K54006094,0.23333333333333334,0.3033333333333334,0.07
B_top25_overlap,BRD-K54847683,0.22333333333333336,0.2899999999999999,0.06666666666666668
B_top25_overlap,BRD-K55748775,0.12000000000000001,0.18000000000000002,0.060000000000000005
B_top25_overlap,BRD-K55781385,0.22000000000000003,0.2866666666666667,0.06666666666666667
B_top25_overlap,BRD-K55847762,0.21000000000000002,0.24999999999999994,0.04000000000000001
B_top25_overlap,BRD-K55966568,0.18000000000000002,0.19333333333333333,0.013333333333333327
B_top25_overlap,BRD-K56032964,0.29000000000000004,0.31333333333333335,0.023333333333333345
B_top25_overlap,BRD-K56405753,0.2833333333333334,0.4033333333333334,0.12000000000000001
B_top25_overlap,BRD-K56751279,0.4,0.45333333333333337,0.05333333333333334
B_top25_overlap,BRD-K56810756,0.17333333333333334,0.3433333333333333,0.17
B_top25_overlap,BRD-K57080016,0.41,0.5533333333333335,0.14333333333333334
B_top25_overlap,BRD-K58114536,0.11000000000000001,0.18333333333333338,0.07333333333333335
B_top25_overlap,BRD-K58951486,0.14,0.16666666666666669,0.026666666666666658
B_top25_overlap,BRD-K59013864,0.16333333333333336,0.2533333333333333,0.09000000000000001
B_top25_overlap,BRD-K59058766,0.3333333333333333,0.41333333333333333,0.08000000000000002
B_top25_overlap,BRD-K59227464,0.25,0.2566666666666666,0.006666666666666662
B_top25_overlap,BRD-K59331299,0.12000000000000001,0.16333333333333336,0.04333333333333335
B_top25_overlap,BRD-K59524082,0.1866666666666667,0.19000000000000003,0.0033333333333333357
B_top25_overlap,BRD-K59929863,0.21000000000000002,0.18333333333333335,-0.02666666666666667
B_top25_overlap,BRD-K60160658,0.2466666666666666,0.31999999999999995,0.07333333333333335
B_top25_overlap,BRD-K60341624,0.19666666666666668,0.31333333333333335,0.11666666666666667
B_top25_overlap,BRD-K60997853,0.46333333333333343,0.5533333333333333,0.09000000000000002
B_top25_overlap,BRD-K61195623,0.5733333333333334,0.65,0.07666666666666665
B_top25_overlap,BRD-K61250553,0.2733333333333333,0.33000000000000007,0.05666666666666668
B_top25_overlap,BRD-K62200014,0.20333333333333334,0.24333333333333323,0.039999999999999994
B_top25_overlap,BRD-K62562723,0.22666666666666668,0.26,0.03333333333333334
B_top25_overlap,BRD-K63150726,0.34666666666666673,0.43999999999999995,0.09333333333333334
B_top25_overlap,BRD-K63550407,0.17,0.15666666666666668,-0.013333333333333334
B_top25_overlap,BRD-K63630713,0.18333333333333335,0.23333333333333334,0.049999999999999996
B_top25_overlap,BRD-K64504314,0.16666666666666669,0.22000000000000006,0.05333333333333333
B_top25_overlap,BRD-K64755930,0.16333333333333336,0.22000000000000006,0.05666666666666667
B_top25_overlap,BRD-K64800655,0.5800000000000001,0.6466666666666667,0.06666666666666667
B_top25_overlap,BRD-K65678996,0.20000000000000004,0.30000000000000004,0.10000000000000002
B_top25_overlap,BRD-K65820248,0.3433333333333334,0.4766666666666667,0.13333333333333333
B_top25_overlap,BRD-K65991129,0.2633333333333333,0.3333333333333333,0.07
B_top25_overlap,BRD-K65992024,0.23999999999999996,0.25333333333333335,0.013333333333333334
B_top25_overlap,BRD-K67043667,0.38,0.5233333333333332,0.14333333333333337
B_top25_overlap,BRD-K68488863,0.3933333333333333,0.47000000000000003,0.07666666666666669
B_top25_overlap,BRD-K68532323,0.56,0.6166666666666667,0.05666666666666667
B_top25_overlap,BRD-K68552125,0.5433333333333333,0.6400000000000001,0.09666666666666668
B_top25_overlap,BRD-K70401845,0.44000000000000006,0.5866666666666668,0.1466666666666667
B_top25_overlap,BRD-K70464547,0.22999999999999998,0.31333333333333335,0.08333333333333333
B_top25_overlap,BRD-K70912147,0.20333333333333334,0.29666666666666663,0.09333333333333334
B_top25_overlap,BRD-K70914287,0.20666666666666667,0.23999999999999996,0.033333333333333326
B_top25_overlap,BRD-K71221037,0.3666666666666667,0.4066666666666666,0.039999999999999994
B_top25_overlap,BRD-K72215350,0.26999999999999996,0.29000000000000004,0.020000000000000004
B_top25_overlap,BRD-K73109821,0.6166666666666667,0.75,0.13333333333333336
B_top25_overlap,BRD-K73319509,0.11333333333333336,0.17000000000000004,0.05666666666666667
B_top25_overlap,BRD-K74363950,0.13333333333333336,0.1766666666666667,0.043333333333333335
B_top25_overlap,BRD-K74514084,0.33,0.3666666666666667,0.03666666666666669
B_top25_overlap,BRD-K74763371,0.37000000000000005,0.44999999999999996,0.08000000000000002
B_top25_overlap,BRD-K75024268,0.22999999999999998,0.27999999999999997,0.049999999999999996
B_top25_overlap,BRD-K75089421,0.18666666666666668,0.19333333333333336,0.0066666666666666645
B_top25_overlap,BRD-K75641298,0.2166666666666667,0.2433333333333333,0.026666666666666665
B_top25_overlap,BRD-K75844781,0.19000000000000003,0.2166666666666667,0.026666666666666675
B_top25_overlap,BRD-K75911534,0.32000000000000006,0.35333333333333333,0.03333333333333334
B_top25_overlap,BRD-K76197012,0.21333333333333337,0.22333333333333336,0.010000000000000004
B_top25_overlap,BRD-K76812510,0.18000000000000002,0.20000000000000004,0.02
B_top25_overlap,BRD-K76908866,0.2633333333333333,0.33666666666666667,0.07333333333333335
B_top25_overlap,BRD-K77396579,0.19666666666666668,0.3233333333333333,0.12666666666666668
B_top25_overlap,BRD-K78010432,0.16666666666666666,0.23000000000000004,0.06333333333333334
B_top25_overlap,BRD-K78303961,0.20666666666666667,0.2733333333333333,0.06666666666666668
B_top25_overlap,BRD-K79404599,0.30666666666666675,0.27666666666666667,-0.030000000000000002
B_top25_overlap,BRD-K79759585,0.18333333333333338,0.22000000000000003,0.03666666666666666
B_top25_overlap,BRD-K80396088,0.14,0.18000000000000005,0.04000000000000001
B_top25_overlap,BRD-K80535353,0.21333333333333337,0.2833333333333333,0.07
B_top25_overlap,BRD-K80700417,0.27333333333333326,0.34,0.06666666666666668
B_top25_overlap,BRD-K81144366,0.4,0.5366666666666666,0.13666666666666666
B_top25_overlap,BRD-K81473089,0.2066666666666667,0.22333333333333336,0.016666666666666663
B_top25_overlap,BRD-K81672972,0.23333333333333325,0.19333333333333336,-0.04000000000000001
B_top25_overlap,BRD-K82244583,0.4733333333333334,0.5666666666666668,0.09333333333333334
B_top25_overlap,BRD-K82795137,0.3433333333333334,0.36000000000000004,0.016666666666666673
B_top25_overlap,BRD-K83508485,0.3533333333333333,0.38333333333333336,0.030000000000000002
B_top25_overlap,BRD-K83794243,0.30666666666666664,0.31999999999999995,0.01333333333333333
B_top25_overlap,BRD-K84810405,0.2799999999999999,0.39333333333333337,0.11333333333333336
B_top25_overlap,BRD-K86816506,0.38333333333333336,0.5066666666666667,0.12333333333333335
B_top25_overlap,BRD-K87156652,0.24999999999999994,0.4233333333333334,0.17333333333333334
B_top25_overlap,BRD-K87737963,0.3666666666666667,0.42,0.053333333333333344
B_top25_overlap,BRD-K87782578,0.29666666666666675,0.43000000000000005,0.13333333333333336
B_top25_overlap,BRD-K88429204,0.38333333333333336,0.43,0.04666666666666668
B_top25_overlap,BRD-K88510285,0.5100000000000001,0.5733333333333334,0.06333333333333334
B_top25_overlap,BRD-K88611939,0.17333333333333337,0.19333333333333336,0.020000000000000004
B_top25_overlap,BRD-K89375097,0.12666666666666668,0.23000000000000004,0.10333333333333333
B_top25_overlap,BRD-K90195324,0.3333333333333333,0.3533333333333334,0.020000000000000004
B_top25_overlap,BRD-K91111634,0.16000000000000003,0.15333333333333335,-0.0066666666666666645
B_top25_overlap,BRD-K91263825,0.26,0.33666666666666667,0.07666666666666669
B_top25_overlap,BRD-K91336023,0.15333333333333335,0.1466666666666667,-0.006666666666666666
B_top25_overlap,BRD-K91822704,0.1766666666666667,0.27333333333333326,0.09666666666666669
B_top25_overlap,BRD-K91825936,0.29000000000000004,0.3166666666666667,0.026666666666666665
B_top25_overlap,BRD-K92049597,0.2733333333333333,0.3666666666666667,0.09333333333333334
B_top25_overlap,BRD-K92241597,0.42666666666666664,0.49,0.06333333333333334
B_top25_overlap,BRD-K93618743,0.3833333333333333,0.4666666666666667,0.08333333333333334
B_top25_overlap,BRD-K93645900,0.3766666666666667,0.41333333333333333,0.03666666666666666
B_top25_overlap,BRD-K93754473,0.3433333333333334,0.43666666666666676,0.09333333333333334
B_top25_overlap,BRD-K93869735,0.17333333333333337,0.18666666666666668,0.013333333333333332
B_top25_overlap,BRD-K93880783,0.31333333333333335,0.36333333333333334,0.049999999999999996
B_top25_overlap,BRD-K93944989,0.13,0.16,0.03
B_top25_overlap,BRD-K94288301,0.25000000000000006,0.26333333333333336,0.01333333333333334
B_top25_overlap,BRD-K95921201,0.16666666666666669,0.1766666666666667,0.01
B_top25_overlap,BRD-K96042922,0.15000000000000002,0.26,0.11000000000000003
B_top25_overlap,BRD-K96123349,0.5366666666666667,0.6400000000000001,0.10333333333333336
B_top25_overlap,BRD-K96550715,0.21000000000000005,0.27666666666666667,0.06666666666666668
B_top25_overlap,BRD-K97045029,0.15333333333333335,0.2533333333333333,0.10000000000000002
B_top25_overlap,BRD-K97440753,0.18,0.23666666666666666,0.05666666666666667
B_top25_overlap,BRD-K97472745,0.2933333333333333,0.36333333333333334,0.06999999999999999
B_top25_overlap,BRD-K97643133,0.20000000000000004,0.31333333333333335,0.11333333333333336
B_top25_overlap,BRD-K98004573,0.20000000000000004,0.28666666666666657,0.08666666666666668
B_top25_overlap,BRD-K98453471,0.21333333333333335,0.20333333333333337,-0.010000000000000002
B_top25_overlap,BRD-K98572433,0.5033333333333334,0.5833333333333334,0.08
B_top25_overlap,BRD-K99383816,0.13333333333333336,0.12000000000000001,-0.013333333333333343
B_top25_overlap,BRD-K99792991,0.4833333333333333,0.6533333333333332,0.17
B_top25_overlap,BRD-M89827113,0.15333333333333338,0.20666666666666667,0.053333333333333344
C_macro_trajectory_spearman,BRD-A03623303,0.10535714285714287,-0.01581632653061224,-0.1211734693877551
C_macro_trajectory_spearman,BRD-A07440155,0.14744897959183673,0.20153061224489796,0.05408163265306123
C_macro_trajectory_spearman,BRD-A08187463,0.0576530612244898,0.06887755102040817,0.011224489795918368
C_macro_trajectory_spearman,BRD-A08545410,0.29795918367346935,0.4165816326530612,0.11862244897959189
C_macro_trajectory_spearman,BRD-A10012892,0.23137755102040813,0.18545918367346945,-0.045918367346938715
C_macro_trajectory_spearman,BRD-A13188892,0.3854591836734695,0.5323979591836734,0.14693877551020404
C_macro_trajectory_spearman,BRD-A14886633,0.20510204081632646,0.2801020408163265,0.07500000000000001
C_macro_trajectory_spearman,BRD-A14941520,0.25790816326530613,0.17193877551020406,-0.08596938775510206
C_macro_trajectory_spearman,BRD-A16347691,0.3831632653061225,0.41734693877551016,0.03418367346938772
C_macro_trajectory_spearman,BRD-A19195498,0.5966836734693878,0.6160714285714285,0.019387755102040716
C_macro_trajectory_spearman,BRD-A20239487,0.2510204081632653,0.15331632653061225,-0.09770408163265305
C_macro_trajectory_spearman,BRD-A21607826,0.7176020408163266,0.7568877551020408,0.03928571428571426
C_macro_trajectory_spearman,BRD-A22032524,0.1826530612244898,0.3548469387755102,0.17219387755102042
C_macro_trajectory_spearman,BRD-A25619068,0.08469387755102041,0.10841836734693878,0.023724489795918374
C_macro_trajectory_spearman,BRD-A26032986,0.1260204081632653,0.36887755102040815,0.24285714285714288
C_macro_trajectory_spearman,BRD-A28787076,0.07397959183673466,0.14489795918367346,0.07091836734693882
C_macro_trajectory_spearman,BRD-A29520968,0.4084183673469388,0.38494897959183677,-0.023469387755102017
C_macro_trajectory_spearman,BRD-A29734509,0.29081632653061223,0.25663265306122446,-0.03418367346938776
C_macro_trajectory_spearman,BRD-A29844814,-0.055102040816326525,-0.10408163265306124,-0.04897959183673469
C_macro_trajectory_spearman,BRD-A31811760,-0.05867346938775511,-0.11403061224489797,-0.05535714285714286
C_macro_trajectory_spearman,BRD-A32172948,0.019387755102040823,-0.060459183673469384,-0.0798469387755102
C_macro_trajectory_spearman,BRD-A33711280,0.3227040816326531,0.49566326530612254,0.17295918367346944
C_macro_trajectory_spearman,BRD-A36331462,0.836734693877551,0.858673469387755,0.021938775510204067
C_macro_trajectory_spearman,BRD-A38350138,0.48137755102040813,0.5433673469387754,0.061989795918367285
C_macro_trajectory_spearman,BRD-A39390670,0.26811224489795915,0.27474489795918366,0.006632653061224472
C_macro_trajectory_spearman,BRD-A39935389,0.6198979591836734,0.6678571428571428,0.047959183673469435
C_macro_trajectory_spearman,BRD-A46179541,0.3612244897959183,0.40433673469387754,0.043112244897959257
C_macro_trajectory_spearman,BRD-A48237631,0.8551020408163265,0.9135204081632652,0.05841836734693867
C_macro_trajectory_spearman,BRD-A48570745,0.6035714285714286,0.6441326530612246,0.04056122448979588
C_macro_trajectory_spearman,BRD-A49160188,0.13903061224489796,0.23341836734693877,0.09438775510204084
C_macro_trajectory_spearman,BRD-A49838158,0.02831632653061225,-0.04540816326530614,-0.07372448979591839
C_macro_trajectory_spearman,BRD-A50764878,0.075,0.0971938775510204,0.02219387755102041
C_macro_trajectory_spearman,BRD-A51078674,0.46913265306122437,0.47066326530612246,0.0015306122448979775
C_macro_trajectory_spearman,BRD-A52922642,0.1497448979591837,0.25025510204081636,0.10051020408163265
C_macro_trajectory_spearman,BRD-A55272860,0.13418367346938775,0.2303571428571429,0.09617346938775517
C_macro_trajectory_spearman,BRD-A56085258,0.5306122448979592,0.5573979591836735,0.026785714285714357
C_macro_trajectory_spearman,BRD-A58280226,0.6961734693877552,0.8114795918367346,0.11530612244897948
C_macro_trajectory_spearman,BRD-A62071884,-0.07244897959183673,0.017857142857142863,0.0903061224489796
C_macro_trajectory_spearman,BRD-A65051990,-0.1390306122448979,-0.17066326530612244,-0.03163265306122452
C_macro_trajectory_spearman,BRD-A67616246,0.4704081632653061,0.511734693877551,0.041326530612244894
C_macro_trajectory_spearman,BRD-A67862938,0.05816326530612243,0.2086734693877551,0.15051020408163265
C_macro_trajectory_spearman,BRD-A68493689,0.5114795918367347,0.5512755102040816,0.03979591836734689
C_macro_trajectory_spearman,BRD-A68888262,0.3395408163265306,0.5068877551020408,0.16734693877551018
C_macro_trajectory_spearman,BRD-A68942014,0.10510204081632656,0.21734693877551026,0.11224489795918369
C_macro_trajectory_spearman,BRD-A70998768,0.3107142857142857,0.4372448979591837,0.12653061224489795
C_macro_trajectory_spearman,BRD-A75305484,0.3403061224489796,0.5191326530612245,0.17882653061224488
C_macro_trajectory_spearman,BRD-A75726477,0.2724489795918367,0.46377551020408153,0.1913265306122449
C_macro_trajectory_spearman,BRD-A77216878,0.6354591836734695,0.6979591836734693,0.06249999999999983
C_macro_trajectory_spearman,BRD-A78877355,0.08392857142857142,0.3380102040816326,0.2540816326530612
C_macro_trajectory_spearman,BRD-A82522119,0.11301020408163265,0.21505102040816326,0.10204081632653061
C_macro_trajectory_spearman,BRD-A85548292,0.4456632653061225,0.46709183673469384,0.02142857142857138
C_macro_trajectory_spearman,BRD-A87983072,0.20127551020408163,0.06173469387755101,-0.1395408163265306
C_macro_trajectory_spearman,BRD-A91699651,0.200765306122449,0.2979591836734694,0.09719387755102042
C_macro_trajectory_spearman,BRD-A93000692,0.5145408163265307,0.49005102040816334,-0.02448979591836739
C_macro_trajectory_spearman,BRD-A93964801,0.3573979591836735,0.5510204081632653,0.19362244897959177
C_macro_trajectory_spearman,BRD-A94543220,0.4673469387755102,0.5913265306122448,0.12397959183673463
C_macro_trajectory_spearman,BRD-A94756469,0.8665816326530611,0.8767857142857142,0.010204081632653128
C_macro_trajectory_spearman,BRD-A95032015,0.2528061224489796,0.23341836734693877,-0.01938775510204084
C_macro_trajectory_spearman,BRD-A98702003,0.43239795918367346,0.5535714285714285,0.12117346938775503
C_macro_trajectory_spearman,BRD-A98990573,0.2964285714285714,0.31862244897959185,0.022193877551020452
C_macro_trajectory_spearman,BRD-K04112579,0.08801020408163263,-0.06709183673469388,-0.1551020408163265
C_macro_trajectory_spearman,BRD-K04185004,0.1780612244897959,0.23928571428571432,0.06122448979591841
C_macro_trajectory_spearman,BRD-K05236810,0.3793367346938776,0.4022959183673469,0.022959183673469344
C_macro_trajectory_spearman,BRD-K05395900,0.0663265306122449,0.08061224489795919,0.01428571428571429
C_macro_trajectory_spearman,BRD-K05524748,0.36581632653061225,0.34489795918367355,-0.02091836734693879
C_macro_trajectory_spearman,BRD-K06240250,0.3377551020408163,0.3686224489795918,0.030867346938775506
C_macro_trajectory_spearman,BRD-K06294530,0.3410714285714285,0.5150510204081633,0.17397959183673473
C_macro_trajectory_spearman,BRD-K06335600,-0.04719387755102041,0.13826530612244903,0.18545918367346945
C_macro_trajectory_spearman,BRD-K06557128,0.2448979591836735,0.3349489795918368,0.09005102040816326
C_macro_trajectory_spearman,BRD-K06900071,0.11760204081632657,0.1553571428571429,0.03775510204081634
C_macro_trajectory_spearman,BRD-K07160047,0.16326530612244897,0.2283163265306122,0.06505102040816325
C_macro_trajectory_spearman,BRD-K07220430,0.19311224489795917,0.18801020408163263,-0.005102040816326522
C_macro_trajectory_spearman,BRD-K07237224,-0.17372448979591834,0.02321428571428571,0.19693877551020403
C_macro_trajectory_spearman,BRD-K07572174,0.286734693877551,0.4239795918367348,0.1372448979591837
C_macro_trajectory_spearman,BRD-K07881437,0.8693877551020407,0.8923469387755101,0.02295918367346933
C_macro_trajectory_spearman,BRD-K08248804,0.2811224489795918,0.15204081632653058,-0.12908163265306125
C_macro_trajectory_spearman,BRD-K08252256,0.0025510204081632543,-0.11122448979591837,-0.11377551020408162
C_macro_trajectory_spearman,BRD-K08832567,0.3071428571428571,0.3757653061224489,0.06862244897959188
C_macro_trajectory_spearman,BRD-K09372874,0.525765306122449,0.6048469387755103,0.07908163265306123
C_macro_trajectory_spearman,BRD-K09426783,0.9290816326530612,0.9306122448979592,0.001530612244897922
C_macro_trajectory_spearman,BRD-K09471561,0.4696428571428571,0.45561224489795915,-0.014030612244897905
C_macro_trajectory_spearman,BRD-K09711437,0.16479591836734694,0.2895408163265306,0.12474489795918366
C_macro_trajectory_spearman,BRD-K09951645,0.5512755102040816,0.6295918367346939,0.07831632653061227
C_macro_trajectory_spearman,BRD-K10845183,0.05816326530612246,0.0548469387755102,-0.003316326530612257
C_macro_trajectory_spearman,BRD-K10852020,0.33367346938775516,0.29795918367346935,-0.035714285714285754
C_macro_trajectory_spearman,BRD-K11196887,0.19362244897959183,0.2614795918367347,0.06785714285714285
C_macro_trajectory_spearman,BRD-K11399644,0.3612244897959183,0.39387755102040817,0.03265306122448974
C_macro_trajectory_spearman,BRD-K12219985,0.07346938775510205,-0.07857142857142857,-0.1520408163265306
C_macro_trajectory_spearman,BRD-K12609457,0.40178571428571425,0.3438775510204082,-0.05790816326530607
C_macro_trajectory_spearman,BRD-K12932420,0.19999999999999998,0.17500000000000004,-0.024999999999999956
C_macro_trajectory_spearman,BRD-K12994359,0.2038265306122449,0.11173469387755101,-0.0920918367346939
C_macro_trajectory_spearman,BRD-K13050541,0.7397959183673469,0.630357142857143,-0.10943877551020403
C_macro_trajectory_spearman,BRD-K13154216,0.5604591836734694,0.5357142857142857,-0.024744897959183693
C_macro_trajectory_spearman,BRD-K13646352,0.7104591836734694,0.7956632653061225,0.08520408163265303
C_macro_trajectory_spearman,BRD-K13662825,0.7854591836734692,0.7982142857142857,0.012755102040816313
C_macro_trajectory_spearman,BRD-K14175878,0.2900510204081632,0.3724489795918367,0.08239795918367347
C_macro_trajectory_spearman,BRD-K14653796,0.1663265306122449,0.1420918367346939,-0.024234693877551002
C_macro_trajectory_spearman,BRD-K14993104,-0.06607142857142856,-0.08392857142857141,-0.01785714285714285
C_macro_trajectory_spearman,BRD-K15010214,0.21096938775510202,0.015306122448979567,-0.19566326530612246
C_macro_trajectory_spearman,BRD-K15108141,0.014285714285714297,0.08010204081632653,0.06581632653061223
C_macro_trajectory_spearman,BRD-K15916496,0.30561224489795924,0.41709183673469385,0.11147959183673466
C_macro_trajectory_spearman,BRD-K15933101,0.09948979591836733,0.27959183673469384,0.18010204081632653
C_macro_trajectory_spearman,BRD-K16732600,0.37704081632653064,0.477295918367347,0.10025510204081634
C_macro_trajectory_spearman,BRD-K17026858,0.4875,0.5997448979591837,0.11224489795918374
C_macro_trajectory_spearman,BRD-K17944737,0.6293367346938775,0.7091836734693877,0.07984693877551025
C_macro_trajectory_spearman,BRD-K18324993,0.15076530612244896,0.15714285714285714,0.006377551020408177
C_macro_trajectory_spearman,BRD-K18678457,0.2512755102040816,0.23061224489795915,-0.020663265306122433
C_macro_trajectory_spearman,BRD-K18779551,0.07295918367346937,0.011224489795918363,-0.06173469387755102
C_macro_trajectory_spearman,BRD-K19388745,0.3316326530612245,0.514795918367347,0.18316326530612245
C_macro_trajectory_spearman,BRD-K20001883,0.4426020408163265,0.6005102040816327,0.15790816326530616
C_macro_trajectory_spearman,BRD-K20738689,0.31147959183673474,0.42040816326530606,0.10892857142857142
C_macro_trajectory_spearman,BRD-K21450440,0.15025510204081638,0.28469387755102044,0.13443877551020408
C_macro_trajectory_spearman,BRD-K21884483,0.13698979591836735,0.1655612244897959,0.02857142857142855
C_macro_trajectory_spearman,BRD-K22031190,0.06785714285714285,0.05816326530612245,-0.009693877551020413
C_macro_trajectory_spearman,BRD-K22097830,0.4737244897959183,0.34591836734693876,-0.12780612244897954
C_macro_trajectory_spearman,BRD-K23082237,0.4573979591836735,0.4778061224489796,0.020408163265306117
C_macro_trajectory_spearman,BRD-K23190681,0.6079081632653061,0.7140306122448979,0.10612244897959189
C_macro_trajectory_spearman,BRD-K23228615,0.8836734693877552,0.9,0.016326530612244927
C_macro_trajectory_spearman,BRD-K23984367,0.5686224489795918,0.6206632653061224,0.052040816326530626
C_macro_trajectory_spearman,BRD-K24723746,0.3686224489795919,0.4005102040816326,0.03188775510204074
C_macro_trajectory_spearman,BRD-K24943235,0.05994897959183674,0.12015306122448981,0.06020408163265306
C_macro_trajectory_spearman,BRD-K25630527,0.5428571428571428,0.4767857142857143,-0.06607142857142859
C_macro_trajectory_spearman,BRD-K25650355,0.11045918367346937,0.15969387755102038,0.04923469387755102
C_macro_trajectory_spearman,BRD-K26341917,0.03188775510204083,0.020408163265306135,-0.011479591836734707
C_macro_trajectory_spearman,BRD-K26619122,0.511734693877551,0.5323979591836734,0.02066326530612242
C_macro_trajectory_spearman,BRD-K29359156,0.45076530612244897,0.6451530612244898,0.19438775510204084
C_macro_trajectory_spearman,BRD-K29582115,0.5221938775510203,0.6492346938775512,0.12704081632653072
C_macro_trajectory_spearman,BRD-K29735307,0.2038265306122449,0.04948979591836734,-0.15433673469387757
C_macro_trajectory_spearman,BRD-K29950728,0.23443877551020406,0.28979591836734697,0.055357142857142876
C_macro_trajectory_spearman,BRD-K30126819,0.22091836734693873,0.310204081632653,0.08928571428571426
C_macro_trajectory_spearman,BRD-K30466858,0.4224489795918367,0.4895408163265306,0.06709183673469388
C_macro_trajectory_spearman,BRD-K30685142,0.31530612244897954,0.29617346938775513,-0.01913265306122444
C_macro_trajectory_spearman,BRD-K31339321,0.3525510204081633,0.4400510204081633,0.08749999999999998
C_macro_trajectory_spearman,BRD-K31342827,0.3971938775510204,0.3783163265306122,-0.018877551020408195
C_macro_trajectory_spearman,BRD-K31447894,0.1979591836734694,0.2104591836734694,0.012500000000000011
C_macro_trajectory_spearman,BRD-K31731454,-0.03647959183673469,-0.025255102040816324,0.011224489795918356
C_macro_trajectory_spearman,BRD-K32107296,0.32244897959183677,0.24260204081632655,-0.07984693877551022
C_macro_trajectory_spearman,BRD-K32218650,0.13673469387755102,0.310969387755102,0.17423469387755097
C_macro_trajectory_spearman,BRD-K32821942,0.35127551020408165,0.4352040816326532,0.08392857142857141
C_macro_trajectory_spearman,BRD-K33211335,0.13418367346938775,0.05280612244897961,-0.08137755102040815
C_macro_trajectory_spearman,BRD-K33226500,-0.11224489795918365,-0.023214285714285705,0.08903061224489794
C_macro_trajectory_spearman,BRD-K33379087,0.8053571428571429,0.8423469387755103,0.03698979591836732
C_macro_trajectory_spearman,BRD-K33732501,0.3395408163265306,0.5196428571428571,0.18010204081632644
C_macro_trajectory_spearman,BRD-K34469523,0.09107142857142857,0.17653061224489797,0.0854591836734694
C_macro_trajectory_spearman,BRD-K35169477,0.5831632653061224,0.5232142857142857,-0.05994897959183673
C_macro_trajectory_spearman,BRD-K35775715,0.4048469387755102,0.45561224489795915,0.05076530612244903
C_macro_trajectory_spearman,BRD-K35960502,0.6423469387755102,0.6994897959183674,0.05714285714285716
C_macro_trajectory_spearman,BRD-K37694030,-0.051785714285714296,0.015306122448979595,0.06709183673469389
C_macro_trajectory_spearman,BRD-K40175214,0.7331632653061223,0.7892857142857143,0.0561224489795919
C_macro_trajectory_spearman,BRD-K42898655,0.3783163265306122,0.4464285714285714,0.06811224489795917
C_macro_trajectory_spearman,BRD-K43723251,0.2770408163265306,0.3566326530612245,0.07959183673469387
C_macro_trajectory_spearman,BRD-K43797669,0.5415816326530613,0.6528061224489795,0.11122448979591831
C_macro_trajectory_spearman,BRD-K43802723,-0.007397959183673475,0.10612244897959183,0.11352040816326531
C_macro_trajectory_spearman,BRD-K43806473,0.15561224489795922,0.25943877551020406,0.10382653061224485
C_macro_trajectory_spearman,BRD-K44844162,0.6377551020408162,0.6451530612244898,0.00739795918367353
C_macro_trajectory_spearman,BRD-K45252063,-0.006122448979591855,0.09566326530612246,0.10178571428571431
C_macro_trajectory_spearman,BRD-K45746021,0.35943877551020414,0.5966836734693878,0.2372448979591837
C_macro_trajectory_spearman,BRD-K46386702,0.5897959183673469,0.677295918367347,0.08750000000000002
C_macro_trajectory_spearman,BRD-K46604138,0.15841836734693873,0.0923469387755102,-0.06607142857142856
C_macro_trajectory_spearman,BRD-K46937689,0.5267857142857143,0.5594387755102042,0.03265306122448983
C_macro_trajectory_spearman,BRD-K48812570,0.0989795918367347,0.1354591836734694,0.03647959183673469
C_macro_trajectory_spearman,BRD-K48892307,0.03112244897959184,0.010204081632653053,-0.02091836734693879
C_macro_trajectory_spearman,BRD-K49504902,0.4913265306122448,0.5285714285714287,0.03724489795918379
C_macro_trajectory_spearman,BRD-K49555808,0.21760204081632653,0.25969387755102036,0.042091836734693834
C_macro_trajectory_spearman,BRD-K49671696,0.2076530612244898,0.19132653061224492,-0.0163265306122449
C_macro_trajectory_spearman,BRD-K49865102,0.45561224489795915,0.6237244897959183,0.16811224489795915
C_macro_trajectory_spearman,BRD-K50031829,0.40892857142857136,0.4413265306122449,0.03239795918367347
C_macro_trajectory_spearman,BRD-K50133271,0.4872448979591837,0.5762755102040815,0.08903061224489783
C_macro_trajectory_spearman,BRD-K50498985,0.34591836734693876,0.44209183673469393,0.09617346938775512
C_macro_trajectory_spearman,BRD-K51040301,0.3762755102040816,0.5043367346938776,0.12806122448979587
C_macro_trajectory_spearman,BRD-K51087630,0.07984693877551019,0.031887755102040824,-0.04795918367346937
C_macro_trajectory_spearman,BRD-K51677086,0.03035714285714287,0.02984693877551021,-0.0005102040816326626
C_macro_trajectory_spearman,BRD-K52172416,0.222704081632653,0.08673469387755102,-0.135969387755102
C_macro_trajectory_spearman,BRD-K52989797,0.5573979591836736,0.6494897959183673,0.09209183673469377
C_macro_trajectory_spearman,BRD-K53417444,0.9436224489795918,0.9525510204081632,0.008928571428571397
C_macro_trajectory_spearman,BRD-K53737926,0.38035714285714284,0.509438775510204,0.12908163265306125
C_macro_trajectory_spearman,BRD-K53814070,0.6089285714285715,0.6806122448979592,0.07168367346938775
C_macro_trajectory_spearman,BRD-K53972329,0.33290816326530615,0.5426020408163266,0.20969387755102042
C_macro_trajectory_spearman,BRD-K54006094,0.42984693877551017,0.36556122448979594,-0.0642857142857142
C_macro_trajectory_spearman,BRD-K54847683,0.5413265306122449,0.6122448979591837,0.07091836734693874
C_macro_trajectory_spearman,BRD-K55748775,0.2885204081632653,0.45051020408163267,0.16198979591836737
C_macro_trajectory_spearman,BRD-K55781385,-0.07908163265306123,-0.0010204081632653184,0.07806122448979591
C_macro_trajectory_spearman,BRD-K55847762,0.09438775510204082,0.08188775510204083,-0.012500000000000002
C_macro_trajectory_spearman,BRD-K55966568,0.21454081632653058,0.26301020408163267,0.04846938775510204
C_macro_trajectory_spearman,BRD-K56032964,0.6073979591836736,0.6053571428571428,-0.0020408163265306645
C_macro_trajectory_spearman,BRD-K56405753,0.6045918367346939,0.5596938775510204,-0.04489795918367348
C_macro_trajectory_spearman,BRD-K56751279,0.5678571428571428,0.6755102040816326,0.10765306122448981
C_macro_trajectory_spearman,BRD-K56810756,0.5704081632653062,0.5785714285714285,0.008163265306122436
C_macro_trajectory_spearman,BRD-K57080016,0.514795918367347,0.6760204081632653,0.16122448979591836
C_macro_trajectory_spearman,BRD-K58114536,0.1660714285714286,0.24566326530612248,0.07959183673469389
C_macro_trajectory_spearman,BRD-K58951486,0.25331632653061226,0.36836734693877543,0.11505102040816322
C_macro_trajectory_spearman,BRD-K59013864,0.017602040816326527,-0.02321428571428571,-0.04081632653061224
C_macro_trajectory_spearman,BRD-K59058766,0.30255102040816323,0.41122448979591836,0.10867346938775513
C_macro_trajectory_spearman,BRD-K59227464,0.17117346938775513,0.39234693877551013,0.22117346938775506
C_macro_trajectory_spearman,BRD-K59331299,0.27040816326530615,0.38010204081632654,0.10969387755102039
C_macro_trajectory_spearman,BRD-K59524082,0.2216836734693877,0.23010204081632657,0.008418367346938821
C_macro_trajectory_spearman,BRD-K59929863,0.14872448979591835,0.0923469387755102,-0.056377551020408145
C_macro_trajectory_spearman,BRD-K60160658,0.28622448979591836,0.42117346938775513,0.13494897959183674
C_macro_trajectory_spearman,BRD-K60341624,0.3709183673469388,0.5897959183673469,0.21887755102040815
C_macro_trajectory_spearman,BRD-K60997853,0.6946428571428571,0.7104591836734695,0.015816326530612324
C_macro_trajectory_spearman,BRD-K61195623,0.8926020408163264,0.8622448979591838,-0.03035714285714275
C_macro_trajectory_spearman,BRD-K61250553,0.27142857142857146,0.3859693877551021,0.11454081632653064
C_macro_trajectory_spearman,BRD-K62200014,-0.09770408163265308,-0.03801020408163266,0.05969387755102043
C_macro_trajectory_spearman,BRD-K62562723,0.4456632653061224,0.45102040816326533,0.005357142857142894
C_macro_trajectory_spearman,BRD-K63150726,0.6112244897959184,0.6915816326530613,0.0803571428571429
C_macro_trajectory_spearman,BRD-K63550407,-0.007142857142857138,-0.08367346938775509,-0.07653061224489796
C_macro_trajectory_spearman,BRD-K63630713,0.08647959183673469,0.13035714285714284,0.04387755102040816
C_macro_trajectory_spearman,BRD-K64504314,0.5433673469387755,0.6015306122448979,0.05816326530612237
C_macro_trajectory_spearman,BRD-K64755930,0.08903061224489796,0.2030612244897959,0.11403061224489792
C_macro_trajectory_spearman,BRD-K64800655,0.8403061224489797,0.8140306122448978,-0.02627551020408181
C_macro_trajectory_spearman,BRD-K65678996,0.060204081632653055,-0.05790816326530612,-0.11811224489795918
C_macro_trajectory_spearman,BRD-K65820248,0.47372448979591836,0.6125,0.13877551020408163
C_macro_trajectory_spearman,BRD-K65991129,0.6795918367346938,0.7364795918367348,0.056887755102040916
C_macro_trajectory_spearman,BRD-K65992024,0.48775510204081635,0.4926020408163265,0.0048469387755102344
C_macro_trajectory_spearman,BRD-K67043667,0.3091836734693877,0.3823979591836735,0.07321428571428576
C_macro_trajectory_spearman,BRD-K68488863,0.7206632653061225,0.7260204081632654,0.005357142857142949
C_macro_trajectory_spearman,BRD-K68532323,0.7678571428571428,0.8153061224489795,0.04744897959183669
C_macro_trajectory_spearman,BRD-K68552125,0.8397959183673468,0.8785714285714286,0.038775510204081653
C_macro_trajectory_spearman,BRD-K70401845,0.8114795918367347,0.8198979591836735,0.008418367346938793
C_macro_trajectory_spearman,BRD-K70464547,0.4224489795918367,0.47500000000000003,0.052551020408163285
C_macro_trajectory_spearman,BRD-K70912147,0.1645408163265306,0.2767857142857143,0.11224489795918373
C_macro_trajectory_spearman,BRD-K70914287,0.30331632653061225,0.2400510204081632,-0.06326530612244896
C_macro_trajectory_spearman,BRD-K71221037,0.42959183673469387,0.4696428571428572,0.04005102040816333
C_macro_trajectory_spearman,BRD-K72215350,0.525,0.5857142857142856,0.060714285714285665
C_macro_trajectory_spearman,BRD-K73109821,0.36709183673469387,0.324234693877551,-0.04285714285714287
C_macro_trajectory_spearman,BRD-K73319509,0.15357142857142858,0.15459183673469387,0.0010204081632652906
C_macro_trajectory_spearman,BRD-K74363950,0.13520408163265304,0.06989795918367347,-0.0653061224489796
C_macro_trajectory_spearman,BRD-K74514084,0.5517857142857142,0.6533163265306122,0.10153061224489807
C_macro_trajectory_spearman,BRD-K74763371,0.4221938775510204,0.44974489795918365,0.02755102040816329
C_macro_trajectory_spearman,BRD-K75024268,0.30102040816326525,0.2316326530612245,-0.06938775510204079
C_macro_trajectory_spearman,BRD-K75089421,0.010714285714285725,0.0926020408163265,0.08188775510204077
C_macro_trajectory_spearman,BRD-K75641298,0.11556122448979593,0.13571428571428573,0.020153061224489816
C_macro_trajectory_spearman,BRD-K75844781,0.03724489795918366,0.0535714285714286,0.01632653061224494
C_macro_trajectory_spearman,BRD-K75911534,0.5362244897959184,0.5415816326530613,0.005357142857142894
C_macro_trajectory_spearman,BRD-K76197012,0.2831632653061224,0.1660714285714286,-0.11709183673469382
C_macro_trajectory_spearman,BRD-K76812510,0.07091836734693878,0.18010204081632653,0.10918367346938777
C_macro_trajectory_spearman,BRD-K76908866,0.3821428571428571,0.4270408163265305,0.044897959183673425
C_macro_trajectory_spearman,BRD-K77396579,0.03928571428571428,0.18520408163265303,0.14591836734693875
C_macro_trajectory_spearman,BRD-K78010432,0.09005102040816328,0.07525510204081634,-0.014795918367346943
C_macro_trajectory_spearman,BRD-K78303961,0.3706632653061224,0.5357142857142857,0.16505102040816322
C_macro_trajectory_spearman,BRD-K79404599,0.42091836734693877,0.44566326530612255,0.024744897959183693
C_macro_trajectory_spearman,BRD-K79759585,0.014030612244897961,0.15204081632653063,0.13801020408163264
C_macro_trajectory_spearman,BRD-K80396088,0.11198979591836733,0.11607142857142855,0.004081632653061231
C_macro_trajectory_spearman,BRD-K80535353,0.2739795918367347,0.2933673469387755,0.019387755102040827
C_macro_trajectory_spearman,BRD-K80700417,0.3920918367346939,0.4329081632653062,0.04081632653061226
C_macro_trajectory_spearman,BRD-K81144366,0.5459183673469388,0.6653061224489796,0.11938775510204085
C_macro_trajectory_spearman,BRD-K81473089,0.01887755102040816,0.1625,0.14362244897959187
C_macro_trajectory_spearman,BRD-K81672972,0.11198979591836737,0.11045918367346937,-0.0015306122448979949
C_macro_trajectory_spearman,BRD-K82244583,0.7341836734693876,0.8198979591836735,0.08571428571428574
C_macro_trajectory_spearman,BRD-K82795137,0.49056122448979594,0.6908163265306122,0.2002551020408163
C_macro_trajectory_spearman,BRD-K83508485,0.5058673469387756,0.5747448979591837,0.06887755102040816
C_macro_trajectory_spearman,BRD-K83794243,0.3469387755102041,0.4058673469387755,0.05892857142857147
C_macro_trajectory_spearman,BRD-K84810405,0.21913265306122445,0.32653061224489793,0.10739795918367345
C_macro_trajectory_spearman,BRD-K86816506,0.42984693877551017,0.4778061224489796,0.04795918367346938
C_macro_trajectory_spearman,BRD-K87156652,0.5214285714285715,0.5535714285714286,0.03214285714285711
C_macro_trajectory_spearman,BRD-K87737963,0.6818877551020407,0.7349489795918367,0.053061224489795944
C_macro_trajectory_spearman,BRD-K87782578,0.49336734693877543,0.6637755102040815,0.17040816326530614
C_macro_trajectory_spearman,BRD-K88429204,0.7306122448979592,0.7535714285714286,0.02295918367346933
C_macro_trajectory_spearman,BRD-K88510285,0.699234693877551,0.7206632653061225,0.021428571428571463
C_macro_trajectory_spearman,BRD-K88611939,0.043112244897959194,-0.0035714285714285657,-0.04668367346938775
C_macro_trajectory_spearman,BRD-K89375097,0.14974489795918366,0.08443877551020408,-0.06530612244897958
C_macro_trajectory_spearman,BRD-K90195324,0.6372448979591837,0.6729591836734694,0.035714285714285754
C_macro_trajectory_spearman,BRD-K91111634,0.29183673469387755,0.3933673469387755,0.10153061224489796
C_macro_trajectory_spearman,BRD-K91263825,0.4408163265306122,0.6604591836734693,0.21964285714285714
C_macro_trajectory_spearman,BRD-K91336023,-0.11403061224489797,-0.09056122448979592,0.02346938775510206
C_macro_trajectory_spearman,BRD-K91822704,0.2867346938775511,0.4747448979591837,0.1880102040816326
C_macro_trajectory_spearman,BRD-K91825936,0.5938775510204082,0.5762755102040815,-0.017602040816326575
C_macro_trajectory_spearman,BRD-K92049597,0.5178571428571428,0.5346938775510204,0.01683673469387753
C_macro_trajectory_spearman,BRD-K92241597,0.13214285714285715,0.16709183673469388,0.03494897959183676
C_macro_trajectory_spearman,BRD-K93618743,0.31173469387755104,0.338265306122449,0.026530612244897944
C_macro_trajectory_spearman,BRD-K93645900,0.28520408163265304,0.21326530612244898,-0.07193877551020407
C_macro_trajectory_spearman,BRD-K93754473,0.3663265306122449,0.3920918367346938,0.025765306122448955
C_macro_trajectory_spearman,BRD-K93869735,-0.003316326530612243,0.06377551020408162,0.06709183673469388
C_macro_trajectory_spearman,BRD-K93880783,0.6104591836734693,0.6737244897959184,0.06326530612244904
C_macro_trajectory_spearman,BRD-K94288301,0.3977040816326531,0.5974489795918366,0.19974489795918368
C_macro_trajectory_spearman,BRD-K95921201,0.4655612244897958,0.48010204081632657,0.014540816326530648
C_macro_trajectory_spearman,BRD-K96042922,0.03214285714285714,0.11887755102040816,0.08673469387755102
C_macro_trajectory_spearman,BRD-K96123349,0.8704081632653061,0.8803571428571427,0.00994897959183666
C_macro_trajectory_spearman,BRD-K96550715,-0.010204081632653059,0.16683673469387753,0.1770408163265306
C_macro_trajectory_spearman,BRD-K97045029,0.13877551020408163,0.0693877551020408,-0.06938775510204083
C_macro_trajectory_spearman,BRD-K97440753,0.2872448979591837,0.23086734693877553,-0.05637755102040818
C_macro_trajectory_spearman,BRD-K97472745,0.31301020408163266,0.29056122448979593,-0.02244897959183674
C_macro_trajectory_spearman,BRD-K97643133,-0.24464285714285716,-0.199234693877551,0.045408163265306146
C_macro_trajectory_spearman,BRD-K98004573,-0.02627551020408163,-0.042091836734693876,-0.015816326530612254
C_macro_trajectory_spearman,BRD-K98453471,0.050510204081632655,0.07142857142857144,0.020918367346938766
C_macro_trajectory_spearman,BRD-K98572433,0.7076530612244897,0.7283163265306123,0.02066326530612239
C_macro_trajectory_spearman,BRD-K99383816,0.1551020408163265,0.16887755102040813,0.013775510204081631
C_macro_trajectory_spearman,BRD-K99792991,0.7678571428571428,0.7928571428571428,0.025000000000000078
C_macro_trajectory_spearman,BRD-M89827113,0.22908163265306125,0.2994897959183674,0.07040816326530615
D_full_profile_fisher_z,BRD-A03623303,0.03774112846907764,0.1421380742130262,0.10439694574394859
D_full_profile_fisher_z,BRD-A07440155,0.27986926991795097,0.4669195300222733,0.18705026010432238
D_full_profile_fisher_z,BRD-A08187463,0.3104455063013083,0.5315621608069262,0.22111665450561788
D_full_profile_fisher_z,BRD-A08545410,0.36962012620256235,0.5626978254818106,0.19307769927924812
D_full_profile_fisher_z,BRD-A10012892,0.38368278997424704,0.5723078251453485,0.18862503517110144
D_full_profile_fisher_z,BRD-A13188892,0.41907468097033873,0.5561492841579719,0.1370746031876333
D_full_profile_fisher_z,BRD-A14886633,0.5127896050499605,0.8110072298421017,0.29821762479214114
D_full_profile_fisher_z,BRD-A14941520,0.43141128747152463,0.4896778080501799,0.05826652057865535
D_full_profile_fisher_z,BRD-A16347691,0.6528195549451771,0.8584231450042831,0.20560359005910622
D_full_profile_fisher_z,BRD-A19195498,0.604941426928076,0.7175753928576868,0.11263396592961082
D_full_profile_fisher_z,BRD-A20239487,0.4690208520175793,0.6215495084044232,0.15252865638684387
D_full_profile_fisher_z,BRD-A21607826,0.7866826464561757,0.9826635355087104,0.19598088905253486
D_full_profile_fisher_z,BRD-A22032524,0.3642307806390368,0.6273846799609039,0.26315389932186717
D_full_profile_fisher_z,BRD-A25619068,0.2070766026378105,0.2943359432554537,0.08725934061764318
D_full_profile_fisher_z,BRD-A26032986,0.5416598883231567,0.6174038959097115,0.0757440075865548
D_full_profile_fisher_z,BRD-A28787076,0.4245287277218124,0.6074660607880901,0.18293733306627763
D_full_profile_fisher_z,BRD-A29520968,0.506405556946967,0.681631487753172,0.17522593080620483
D_full_profile_fisher_z,BRD-A29734509,0.5112041989876114,0.6652976775590519,0.15409347857144057
D_full_profile_fisher_z,BRD-A29844814,0.294563488915777,0.3131049558199639,0.018541466904186947
D_full_profile_fisher_z,BRD-A31811760,0.3056076451796337,0.5246681486505081,0.21906050347087447
D_full_profile_fisher_z,BRD-A32172948,0.16453651806382866,0.17655200529004875,0.012015487226220086
D_full_profile_fisher_z,BRD-A33711280,0.3864291694965445,0.6265951270398568,0.2401659575433122
D_full_profile_fisher_z,BRD-A36331462,1.0434011396639495,1.2680119677793347,0.2246108281153856
D_full_profile_fisher_z,BRD-A38350138,0.3770666583111709,0.5726600888645087,0.19559343055333786
D_full_profile_fisher_z,BRD-A39390670,0.3187217368019395,0.43151461391407697,0.11279287711213752
D_full_profile_fisher_z,BRD-A39935389,0.7511630451636415,0.961455172127486,0.21029212696384464
D_full_profile_fisher_z,BRD-A46179541,0.40925292908128486,0.5734677431208418,0.16421481403955698
D_full_profile_fisher_z,BRD-A48237631,1.2428167371462138,1.5518071032621896,0.30899036611597575
D_full_profile_fisher_z,BRD-A48570745,0.7297781354139832,0.8557514624914864,0.12597332707750322
D_full_profile_fisher_z,BRD-A49160188,0.5402090653767422,0.7437516848030381,0.20354261942629595
D_full_profile_fisher_z,BRD-A49838158,0.8061871470980658,1.0229095431101607,0.2167223960120949
D_full_profile_fisher_z,BRD-A50764878,0.55860338244726,0.6494234463696944,0.09082006392243433
D_full_profile_fisher_z,BRD-A51078674,0.571824997455604,0.6815830922784837,0.10975809482287963
D_full_profile_fisher_z,BRD-A52922642,0.07231785682476116,0.261824978636258,0.18950712181149676
D_full_profile_fisher_z,BRD-A55272860,0.28572216502574854,0.47576054592864936,0.1900383809029007
D_full_profile_fisher_z,BRD-A56085258,0.583545726832233,0.7028502898651502,0.11930456303291713
D_full_profile_fisher_z,BRD-A58280226,1.2011994434919107,1.38099286851733,0.17979342502541967
D_full_profile_fisher_z,BRD-A62071884,0.146610700391656,0.30233727212021466,0.15572657172855864
D_full_profile_fisher_z,BRD-A65051990,0.38704666195818477,0.48380394292792545,0.09675728096974069
D_full_profile_fisher_z,BRD-A67616246,0.6511106065326134,0.8520895370230961,0.20097893049048274
D_full_profile_fisher_z,BRD-A67862938,0.45465250613735875,0.5795529061433504,0.12490040000599167
D_full_profile_fisher_z,BRD-A68493689,0.4888703134279673,0.6826968708623903,0.19382655743442287
D_full_profile_fisher_z,BRD-A68888262,0.7802336539884374,0.9817189321441491,0.20148527815571163
D_full_profile_fisher_z,BRD-A68942014,0.6356511572844389,0.8579089324418118,0.22225777515737302
D_full_profile_fisher_z,BRD-A70998768,0.5151298926170294,0.7182352613108823,0.20310536869385293
D_full_profile_fisher_z,BRD-A75305484,0.5163261603160821,0.7454487541935089,0.2291225938774268
D_full_profile_fisher_z,BRD-A75726477,0.5014906887851123,0.6330087005151941,0.1315180117300818
D_full_profile_fisher_z,BRD-A77216878,0.5639662181012483,0.6512468747606237,0.08728065665937554
D_full_profile_fisher_z,BRD-A78877355,0.4436285254358654,0.4829037348410555,0.03927520940519011
D_full_profile_fisher_z,BRD-A82522119,0.5731730881607928,0.812605677512531,0.2394325893517382
D_full_profile_fisher_z,BRD-A85548292,0.8598595267362272,1.08174684562106,0.2218873188848326
D_full_profile_fisher_z,BRD-A87983072,0.4283239267429216,0.49063294094876586,0.062309014205844275
D_full_profile_fisher_z,BRD-A91699651,0.42054174228776,0.5766259837177504,0.1560842414299904
D_full_profile_fisher_z,BRD-A93000692,0.43408530111379007,0.6028152515222315,0.16872995040844152
D_full_profile_fisher_z,BRD-A93964801,0.5095426820617059,0.6757906224855863,0.16624794042388047
D_full_profile_fisher_z,BRD-A94543220,0.8069038327751716,1.0516488988193096,0.244745066044138
D_full_profile_fisher_z,BRD-A94756469,1.1025135835923359,1.4694057139154122,0.3668921303230764
D_full_profile_fisher_z,BRD-A95032015,0.3219768902834851,0.3731717759319054,0.05119488564842031
D_full_profile_fisher_z,BRD-A98702003,0.9611686174341718,1.1578356431255958,0.19666702569142389
D_full_profile_fisher_z,BRD-A98990573,0.5739476075073006,0.7465641748420883,0.1726165673347876
D_full_profile_fisher_z,BRD-K04112579,0.4235956762183077,0.6305074874018984,0.20691181118359084
D_full_profile_fisher_z,BRD-K04185004,0.37188081111128235,0.6816369847903414,0.3097561736790591
D_full_profile_fisher_z,BRD-K05236810,0.15538488473949283,0.3740140948400533,0.21862921010056052
D_full_profile_fisher_z,BRD-K05395900,0.28709008592066954,0.2643905889952942,-0.02269949692537529
D_full_profile_fisher_z,BRD-K05524748,0.13084080724153388,0.24589283559072003,0.11505202834918611
D_full_profile_fisher_z,BRD-K06240250,0.5473177537366813,0.7982354578161172,0.2509177040794358
D_full_profile_fisher_z,BRD-K06294530,0.1735242929861056,0.3544737924728963,0.18094949948679068
D_full_profile_fisher_z,BRD-K06335600,0.14337237363177416,0.19383327468416403,0.050460901052389845
D_full_profile_fisher_z,BRD-K06557128,0.16179614940416612,0.3167285346861398,0.15493238528197376
D_full_profile_fisher_z,BRD-K06900071,0.36840415206681804,0.5812383167645483,0.2128341646977304
D_full_profile_fisher_z,BRD-K07160047,0.43152161888111695,0.6202453124433466,0.18872369356222973
D_full_profile_fisher_z,BRD-K07220430,0.1134469959302411,0.18851091117904123,0.07506391524880013
D_full_profile_fisher_z,BRD-K07237224,0.06734597549726964,0.15783904597603204,0.09049307047876246
D_full_profile_fisher_z,BRD-K07572174,0.5977499445688492,0.7711901695278692,0.17344022495902
D_full_profile_fisher_z,BRD-K07881437,1.1127000241705098,1.4093652210240326,0.29666519685352344
D_full_profile_fisher_z,BRD-K08248804,0.6806671258734741,0.7803820059626639,0.09971488008918981
D_full_profile_fisher_z,BRD-K08252256,0.2649421502732431,0.36389639087723896,0.09895424060399587
D_full_profile_fisher_z,BRD-K08832567,0.5078053141356264,0.737469335564324,0.22966402142869752
D_full_profile_fisher_z,BRD-K09372874,0.5910530002659068,0.7958369491974305,0.2047839489315236
D_full_profile_fisher_z,BRD-K09426783,1.158372373956447,1.5545976682317333,0.39622529427528647
D_full_profile_fisher_z,BRD-K09471561,0.49070955587054044,0.6910094264267507,0.20029987055621026
D_full_profile_fisher_z,BRD-K09711437,0.2391651764913799,0.5032574987435473,0.26409232225216744
D_full_profile_fisher_z,BRD-K09951645,0.7292934599064582,0.8859951174839702,0.15670165757751192
D_full_profile_fisher_z,BRD-K10845183,0.3606579377256645,0.4556161581417104,0.09495822041604579
D_full_profile_fisher_z,BRD-K10852020,0.5756528235866503,0.730421749580901,0.1547689259942507
D_full_profile_fisher_z,BRD-K11196887,0.44479412578688104,0.48152333784546186,0.03672921205858071
D_full_profile_fisher_z,BRD-K11399644,0.7282790698273468,0.9681604815108137,0.23988141168346702
D_full_profile_fisher_z,BRD-K12219985,0.45941868036511124,0.6444271147453013,0.18500843438019018
D_full_profile_fisher_z,BRD-K12609457,0.2977822518036854,0.5515041972262448,0.25372194542255927
D_full_profile_fisher_z,BRD-K12932420,0.3448656319679008,0.5123076156201197,0.16744198365221896
D_full_profile_fisher_z,BRD-K12994359,0.2594887856376086,0.37489009564665843,0.11540131000904988
D_full_profile_fisher_z,BRD-K13050541,0.6986890767702907,0.904172574038878,0.20548349726858722
D_full_profile_fisher_z,BRD-K13154216,0.9782699315019125,1.0649780660502355,0.0867081345483231
D_full_profile_fisher_z,BRD-K13646352,0.9439331148760213,1.0432827582452524,0.09934964336923119
D_full_profile_fisher_z,BRD-K13662825,1.0420011709251156,1.228947663864869,0.1869464929397534
D_full_profile_fisher_z,BRD-K14175878,0.657442242892092,0.776880669993694,0.11943842710160202
D_full_profile_fisher_z,BRD-K14653796,0.39673324495715834,0.5316734809359778,0.13494023597881952
D_full_profile_fisher_z,BRD-K14993104,0.13276691454773284,0.20653289843192596,0.07376598388419314
D_full_profile_fisher_z,BRD-K15010214,0.139609496459028,0.18126038866387492,0.041650892204846884
D_full_profile_fisher_z,BRD-K15108141,1.0085313050983598,1.3122110169847419,0.30367971188638204
D_full_profile_fisher_z,BRD-K15916496,0.7715562867070273,0.8812273481934766,0.10967106148644934
D_full_profile_fisher_z,BRD-K15933101,0.38655134478827663,0.4875832670197999,0.10103192223152328
D_full_profile_fisher_z,BRD-K16732600,0.6746994515501581,0.8583253830544981,0.1836259315043402
D_full_profile_fisher_z,BRD-K17026858,0.6300199876273241,0.77790241306249,0.14788242543516594
D_full_profile_fisher_z,BRD-K17944737,0.8430658176076196,1.0117894054593424,0.16872358785172276
D_full_profile_fisher_z,BRD-K18324993,0.6896556945842635,0.7710608795632719,0.08140518497900852
D_full_profile_fisher_z,BRD-K18678457,0.8633573585020478,0.9970591881448241,0.13370182964277613
D_full_profile_fisher_z,BRD-K18779551,0.41989567454407584,0.5802463313008106,0.1603506567567347
D_full_profile_fisher_z,BRD-K19388745,0.6105782285244602,0.7802415049986593,0.1696632764741993
D_full_profile_fisher_z,BRD-K20001883,0.5589598331481272,0.7382064575948769,0.17924662444674969
D_full_profile_fisher_z,BRD-K20738689,0.3711863495395218,0.43898442126991605,0.06779807173039426
D_full_profile_fisher_z,BRD-K21450440,0.5065323534514873,0.6500408015085444,0.1435084480570571
D_full_profile_fisher_z,BRD-K21884483,0.2974044195181317,0.46597339233605845,0.16856897281792682
D_full_profile_fisher_z,BRD-K22031190,0.3742379360736531,0.6640002699742735,0.2897623339006205
D_full_profile_fisher_z,BRD-K22097830,0.41100195752150603,0.5283329660431174,0.11733100852161146
D_full_profile_fisher_z,BRD-K23082237,0.30573330566720813,0.4884083608531815,0.18267505518597335
D_full_profile_fisher_z,BRD-K23190681,0.5647511148590946,0.8404088251299933,0.27565771027089875
D_full_profile_fisher_z,BRD-K23228615,0.883230683830627,1.2344827160902359,0.351252032259609
D_full_profile_fisher_z,BRD-K23984367,0.7151702216691799,0.8705228948976814,0.1553526732285015
D_full_profile_fisher_z,BRD-K24723746,0.4990716120846243,0.6587468636524368,0.15967525156781265
D_full_profile_fisher_z,BRD-K24943235,0.3078144825794103,0.33646194607196234,0.028647463492551966
D_full_profile_fisher_z,BRD-K25630527,0.837521665109255,0.981107049934113,0.1435853848248582
D_full_profile_fisher_z,BRD-K25650355,0.34427256959298247,0.5034087162451996,0.15913614665221723
D_full_profile_fisher_z,BRD-K26341917,0.4853696913654353,0.57582952843975,0.09045983707431489
D_full_profile_fisher_z,BRD-K26619122,0.6749803626391585,0.835735828306722,0.16075546566756352
D_full_profile_fisher_z,BRD-K29359156,0.5787197875974066,0.8065629357400532,0.22784314814264656
D_full_profile_fisher_z,BRD-K29582115,0.6072118666932861,0.7952669297345575,0.18805506304127134
D_full_profile_fisher_z,BRD-K29735307,0.5587893092052372,0.7237357985110379,0.16494648930580078
D_full_profile_fisher_z,BRD-K29950728,0.5158119875425446,0.5811975543337735,0.06538556679122884
D_full_profile_fisher_z,BRD-K30126819,0.27544925933519077,0.395633996647616,0.12018473731242521
D_full_profile_fisher_z,BRD-K30466858,0.5895292124291438,0.7232242724180641,0.13369505998892034
D_full_profile_fisher_z,BRD-K30685142,0.13715973295167846,0.17520388279340496,0.038044149841726466
D_full_profile_fisher_z,BRD-K31339321,0.5280175448083307,0.557200359271358,0.029182814463027167
D_full_profile_fisher_z,BRD-K31342827,0.605827393746515,0.7533115439530308,0.14748415020651562
D_full_profile_fisher_z,BRD-K31447894,0.30662206362694266,0.37079194058099657,0.06416987695405396
D_full_profile_fisher_z,BRD-K31731454,0.18314023353189093,0.3204334674198032,0.13729323388791237
D_full_profile_fisher_z,BRD-K32107296,0.23006749751668856,0.40678229478202804,0.17671479726533945
D_full_profile_fisher_z,BRD-K32218650,0.2647169243798824,0.3861944016530277,0.12147747727314531
D_full_profile_fisher_z,BRD-K32821942,0.3714089380744703,0.5418269806535112,0.17041804257904108
D_full_profile_fisher_z,BRD-K33211335,0.3707619236566658,0.5713330998116706,0.20057117615500475
D_full_profile_fisher_z,BRD-K33226500,0.35359365428508904,0.6082789526893997,0.25468529840431076
D_full_profile_fisher_z,BRD-K33379087,0.8655171669305651,1.0186205739639258,0.1531034070333605
D_full_profile_fisher_z,BRD-K33732501,0.5226061936955781,0.6485455422179047,0.1259393485223267
D_full_profile_fisher_z,BRD-K34469523,0.3608717368561425,0.4379590690176576,0.07708733216151493
D_full_profile_fisher_z,BRD-K35169477,0.8250407649329277,1.2306736809097578,0.40563291597683027
D_full_profile_fisher_z,BRD-K35775715,0.605062707333701,0.8402403070272113,0.2351775996935103
D_full_profile_fisher_z,BRD-K35960502,0.7772042705496515,1.0028504709996229,0.2256462004499714
D_full_profile_fisher_z,BRD-K37694030,0.2531538183113518,0.30865080923052485,0.05549699091917308
D_full_profile_fisher_z,BRD-K40175214,0.9503046641082693,1.2560787695804396,0.3057741054721698
D_full_profile_fisher_z,BRD-K42898655,0.8413495570141297,1.1367458934583048,0.29539633644417507
D_full_profile_fisher_z,BRD-K43723251,0.33757533940717344,0.5411105806426258,0.20353524123545252
D_full_profile_fisher_z,BRD-K43797669,0.6139500110437197,0.8282578668255904,0.21430785578187073
D_full_profile_fisher_z,BRD-K43802723,0.2377613117696985,0.265106339366763,0.027345027597064444
D_full_profile_fisher_z,BRD-K43806473,0.29551500485404003,0.5404252310614251,0.24491022620738512
D_full_profile_fisher_z,BRD-K44844162,1.090274343802265,1.2127466882831373,0.12247234448087228
D_full_profile_fisher_z,BRD-K45252063,0.10852111768970694,0.2455619683743165,0.1370408506846096
D_full_profile_fisher_z,BRD-K45746021,0.4703987300386441,0.6782730709057143,0.20787434086707035
D_full_profile_fisher_z,BRD-K46386702,0.7249099238580523,0.9412381659892299,0.2163282421311777
D_full_profile_fisher_z,BRD-K46604138,0.3381475518645558,0.44218348599894647,0.10403593413439058
D_full_profile_fisher_z,BRD-K46937689,0.7684142335390035,1.060415736232559,0.29200150269355546
D_full_profile_fisher_z,BRD-K47000838,1.0649777615346199,1.0923664484638753,0.027388686929255595
D_full_profile_fisher_z,BRD-K48812570,0.6000618151310395,0.6372386394618845,0.037176824330845064
D_full_profile_fisher_z,BRD-K48892307,0.44726805380452217,0.5879300920575461,0.14066203825302395
D_full_profile_fisher_z,BRD-K49504902,0.7821626376711718,1.0983931936624785,0.3162305559913067
D_full_profile_fisher_z,BRD-K49555808,0.534149772497694,0.8316043214223012,0.29745454892460743
D_full_profile_fisher_z,BRD-K49671696,0.3556682081146233,0.39140316718980456,0.035734959075181316
D_full_profile_fisher_z,BRD-K49865102,1.1397097098884617,1.353727207034239,0.21401749714577722
D_full_profile_fisher_z,BRD-K50031829,0.44460782102852864,0.7549369686510069,0.3103291476224782
D_full_profile_fisher_z,BRD-K50133271,0.9299423095750264,0.9703213594557805,0.040379049880754345
D_full_profile_fisher_z,BRD-K50498985,0.701443054118126,0.8872163531763526,0.18577329905822648
D_full_profile_fisher_z,BRD-K51040301,0.392986562937265,0.6459379417630591,0.25295137882579405
D_full_profile_fisher_z,BRD-K51087630,0.3089564908540607,0.43559175236604186,0.1266352615119812
D_full_profile_fisher_z,BRD-K51677086,0.5124426681380148,0.6334481793994606,0.121005511261446
D_full_profile_fisher_z,BRD-K52172416,0.3011604952315424,0.4547128941314587,0.15355239889991626
D_full_profile_fisher_z,BRD-K52989797,0.46650679553182883,0.8109334113869378,0.3444266158551088
D_full_profile_fisher_z,BRD-K53417444,1.4584438849921206,1.3778751980451605,-0.08056868694696036
D_full_profile_fisher_z,BRD-K53737926,0.42573302811008684,0.6945580515574483,0.2688250234473614
D_full_profile_fisher_z,BRD-K53814070,0.7034511650211583,0.8343571456773328,0.13090598065617468
D_full_profile_fisher_z,BRD-K53972329,0.49239921830795563,0.618979558740924,0.12658034043296845
D_full_profile_fisher_z,BRD-K54006094,0.5209811970583641,0.6855480851671647,0.16456688810880063
D_full_profile_fisher_z,BRD-K54847683,0.5302406862320574,0.6054381423052393,0.0751974560731817
D_full_profile_fisher_z,BRD-K55748775,0.3142252043592981,0.4460457619240957,0.13182055756479746
D_full_profile_fisher_z,BRD-K55781385,0.5290010040624126,0.6426521835104222,0.11365117944800941
D_full_profile_fisher_z,BRD-K55847762,0.5503680398934666,0.7079461024546552,0.15757806256118825
D_full_profile_fisher_z,BRD-K55966568,0.28272391624761556,0.3957027508626691,0.11297883461505356
D_full_profile_fisher_z,BRD-K56032964,0.6513433782131569,0.7404213696229242,0.0890779914097672
D_full_profile_fisher_z,BRD-K56405753,0.5577229918484015,0.7426099685668206,0.18488697671841905
D_full_profile_fisher_z,BRD-K56751279,0.8539057401295306,0.9523957047876075,0.09848996465807694
D_full_profile_fisher_z,BRD-K56810756,0.4624395304299266,0.7587082941031354,0.29626876367320903
D_full_profile_fisher_z,BRD-K57080016,0.9986222647984925,1.2051822280797833,0.20655996328129062
D_full_profile_fisher_z,BRD-K58114536,0.2903223816513133,0.44423265395701456,0.15391027230570137
D_full_profile_fisher_z,BRD-K58951486,0.34386505560703606,0.4721264190452686,0.1282613634382325
D_full_profile_fisher_z,BRD-K59013864,0.4616229858790798,0.618200498437496,0.15657751255841626
D_full_profile_fisher_z,BRD-K59058766,0.5626749331148582,0.7196831306848473,0.15700819756998913
D_full_profile_fisher_z,BRD-K59227464,0.5279713484825507,0.593678242842309,0.06570689435975811
D_full_profile_fisher_z,BRD-K59331299,0.31752713830358026,0.47280917277417406,0.1552820344705938
D_full_profile_fisher_z,BRD-K59524082,0.2955559613564173,0.37966256515311536,0.08410660379669815
D_full_profile_fisher_z,BRD-K59929863,0.42591891642661367,0.4841791555875632,0.05826023916094959
D_full_profile_fisher_z,BRD-K60160658,0.586686114086847,0.7753484602801182,0.18866234619327127
D_full_profile_fisher_z,BRD-K60341624,0.49583095340754707,0.6910987468867026,0.19526779347915546
D_full_profile_fisher_z,BRD-K60997853,0.9360699127713747,1.188996601418684,0.25292668864730916
D_full_profile_fisher_z,BRD-K61195623,1.3377084520165012,1.529993220924736,0.19228476890823432
D_full_profile_fisher_z,BRD-K61250553,0.49265968899886775,0.7220191308651146,0.22935944186624704
D_full_profile_fisher_z,BRD-K62200014,0.5033969864592277,0.6739543192898203,0.1705573328305928
D_full_profile_fisher_z,BRD-K62562723,0.4756353531639958,0.6533321702801144,0.1776968171161186
D_full_profile_fisher_z,BRD-K63150726,0.7933541896893846,1.0258649352616116,0.23251074557222712
D_full_profile_fisher_z,BRD-K63550407,0.5289936940861687,0.5777334719939583,0.048739777907789716
D_full_profile_fisher_z,BRD-K63630713,0.5256159294482096,0.614557037586984,0.08894110813877448
D_full_profile_fisher_z,BRD-K64504314,0.44340130160293895,0.5359959826879306,0.09259468108499162
D_full_profile_fisher_z,BRD-K64755930,0.3348951440171628,0.39022216182748,0.055327017810317215
D_full_profile_fisher_z,BRD-K64800655,1.2067443487154752,1.430136769879358,0.22339242116388297
D_full_profile_fisher_z,BRD-K65678996,0.332924843220897,0.5828969991651399,0.249972155944243
D_full_profile_fisher_z,BRD-K65820248,0.794980512222635,1.113734757076303,0.318754244853668
D_full_profile_fisher_z,BRD-K65991129,0.6430554965883137,0.7797631568470794,0.13670766025876552
D_full_profile_fisher_z,BRD-K65992024,0.5147638708266888,0.6504265473682884,0.13566267654159947
D_full_profile_fisher_z,BRD-K67043667,0.7624947238580118,1.0515910731533664,0.2890963492953547
D_full_profile_fisher_z,BRD-K68488863,0.8405430825888595,1.017649879064572,0.1771067964757128
D_full_profile_fisher_z,BRD-K68532323,1.213832647845022,1.3682349628878496,0.1544023150428269
D_full_profile_fisher_z,BRD-K68552125,1.3156885294245335,1.6542105764086243,0.3385220469840908
D_full_profile_fisher_z,BRD-K70401845,1.0914297593782865,1.3315211322728056,0.2400913728945195
D_full_profile_fisher_z,BRD-K70464547,0.5681604297066807,0.7982358121471763,0.23007538244049547
D_full_profile_fisher_z,BRD-K70912147,0.37822195956708354,0.48687333416123085,0.10865137459414735
D_full_profile_fisher_z,BRD-K70914287,0.46474128108573143,0.541640058496387,0.07689877741065523
D_full_profile_fisher_z,BRD-K71221037,0.739749496337899,0.7968377763921333,0.057088280054234275
D_full_profile_fisher_z,BRD-K72215350,0.5268120318499523,0.6390122831956865,0.1122002513457344
D_full_profile_fisher_z,BRD-K73109821,1.2219181916908204,1.6976362071876712,0.47571801549685117
D_full_profile_fisher_z,BRD-K73319509,0.3795507472698188,0.470516840679235,0.09096609340941621
D_full_profile_fisher_z,BRD-K74363950,0.3296526466997242,0.360149660591232,0.03049701389150779
D_full_profile_fisher_z,BRD-K74514084,0.8265689370714393,0.9872303877704325,0.1606614506989932
D_full_profile_fisher_z,BRD-K74763371,0.802161960869536,1.0012367588326931,0.199074797963157
D_full_profile_fisher_z,BRD-K75024268,0.44902041040280427,0.5508440307068125,0.1018236203040083
D_full_profile_fisher_z,BRD-K75089421,0.45424900273888874,0.5250636659027166,0.07081466316382784
D_full_profile_fisher_z,BRD-K75641298,0.27727532933270693,0.4480714150113132,0.17079608567860627
D_full_profile_fisher_z,BRD-K75844781,0.3368859625572369,0.5069841386417974,0.17009817608456052
D_full_profile_fisher_z,BRD-K75911534,0.7595976576560841,0.981622791560068,0.22202513390398404
D_full_profile_fisher_z,BRD-K76197012,0.43608781187056506,0.5231220183968031,0.08703420652623799
D_full_profile_fisher_z,BRD-K76812510,0.2691594741941681,0.3727531815295844,0.10359370733541644
D_full_profile_fisher_z,BRD-K76908866,0.6229733216991042,0.7807551897889892,0.15778186808988498
D_full_profile_fisher_z,BRD-K77396579,0.530737584007483,0.6137601458337114,0.0830225618262284
D_full_profile_fisher_z,BRD-K78010432,0.3977626168796801,0.552831194379181,0.15506857749950076
D_full_profile_fisher_z,BRD-K78303961,0.43128029286236985,0.6005958394271915,0.16931554656482178
D_full_profile_fisher_z,BRD-K79404599,0.6249933217518358,0.5242999503655648,-0.10069337138627106
D_full_profile_fisher_z,BRD-K79759585,0.3722118879980751,0.5466669617459543,0.17445507374787927
D_full_profile_fisher_z,BRD-K80396088,0.3099126067483875,0.5086450227529785,0.19873241600459096
D_full_profile_fisher_z,BRD-K80535353,0.49059394170891796,0.7217962055900045,0.23120226388108658
D_full_profile_fisher_z,BRD-K80700417,0.6293805012284546,0.700115655169693,0.07073515394123829
D_full_profile_fisher_z,BRD-K81144366,0.8014233038859003,1.0628017451862626,0.261378441300362
D_full_profile_fisher_z,BRD-K81473089,0.5093206365771739,0.590902112252748,0.08158147567557418
D_full_profile_fisher_z,BRD-K81672972,0.39134389638636996,0.45607688405662056,0.06473298767025075
D_full_profile_fisher_z,BRD-K82244583,1.0286224230379561,1.2796916612436915,0.25106923820573523
D_full_profile_fisher_z,BRD-K82795137,0.6606170277705865,0.8507687356946306,0.19015170792404404
D_full_profile_fisher_z,BRD-K83508485,0.7053984908242614,0.8954844534710527,0.19008596264679137
D_full_profile_fisher_z,BRD-K83794243,0.6683721102779394,0.7283235927517753,0.059951482473835783
D_full_profile_fisher_z,BRD-K84810405,0.6893187780645436,0.9588542452115798,0.2695354671470362
D_full_profile_fisher_z,BRD-K86816506,0.891420573154675,1.219325076676256,0.3279045035215809
D_full_profile_fisher_z,BRD-K87156652,0.6211204937969541,0.8912313912207649,0.2701108974238106
D_full_profile_fisher_z,BRD-K87737963,0.8345163886653131,0.9301126689465963,0.09559628028128306
D_full_profile_fisher_z,BRD-K87782578,0.7265114035565476,0.970800675458273,0.24428927190172559
D_full_profile_fisher_z,BRD-K88429204,0.8076943928461808,0.9855942720064641,0.17789987916028338
D_full_profile_fisher_z,BRD-K88510285,1.0573358087414244,1.3288762129702127,0.27154040422878856
D_full_profile_fisher_z,BRD-K88611939,0.20941766253513924,0.3393875988527063,0.12996993631756715
D_full_profile_fisher_z,BRD-K89375097,0.28974788817299735,0.4310544737977485,0.14130658562475118
D_full_profile_fisher_z,BRD-K90195324,0.7783661922082598,0.8985280364800872,0.12016184427182733
D_full_profile_fisher_z,BRD-K91111634,0.3074043878028086,0.46345656986738226,0.15605218206457372
D_full_profile_fisher_z,BRD-K91263825,0.6212940104943625,0.8218928876583294,0.20059887716396674
D_full_profile_fisher_z,BRD-K91336023,0.37007443168964405,0.48358506530561624,0.11351063361597233
D_full_profile_fisher_z,BRD-K91822704,0.49058579891680754,0.7244719288432382,0.2338861299264306
D_full_profile_fisher_z,BRD-K91825936,0.7636076226693673,0.9141332463377412,0.15052562366837394
D_full_profile_fisher_z,BRD-K92049597,0.7000701803914647,0.8352815312388475,0.1352113508473829
D_full_profile_fisher_z,BRD-K92241597,0.9478831248855999,0.9570266181937613,0.009143493308161605
D_full_profile_fisher_z,BRD-K93618743,0.7437483196149075,0.972198917223871,0.22845059760896325
D_full_profile_fisher_z,BRD-K93645900,0.6398683129887944,0.8042164486071739,0.1643481356183797
D_full_profile_fisher_z,BRD-K93754473,0.6889984571970609,0.8038328916761927,0.11483443447913176
D_full_profile_fisher_z,BRD-K93869735,0.2988692520311096,0.3853802679727647,0.08651101594165511
D_full_profile_fisher_z,BRD-K93880783,0.6316928556897183,0.8058543069649096,0.17416145127519111
D_full_profile_fisher_z,BRD-K93944989,0.1975845874019154,0.23440208344885574,0.0368174960469404
D_full_profile_fisher_z,BRD-K94288301,0.6531298100742702,0.7630041823446655,0.10987437227039541
D_full_profile_fisher_z,BRD-K95921201,0.3903897930126927,0.4158151928216917,0.025425399808998994
D_full_profile_fisher_z,BRD-K96042922,0.3658915843382985,0.5237989287687355,0.15790734443043689
D_full_profile_fisher_z,BRD-K96123349,1.1816328525932491,1.3031821094510978,0.12154925685784868
D_full_profile_fisher_z,BRD-K96550715,0.4333732038609049,0.6247998652820564,0.19142666142115167
D_full_profile_fisher_z,BRD-K97045029,0.3915870881348391,0.4810022576961797,0.08941516956134042
D_full_profile_fisher_z,BRD-K97440753,0.26104965210960196,0.4351682395693517,0.17411858745974979
D_full_profile_fisher_z,BRD-K97472745,0.662446071394765,0.9513634705810392,0.28891739918627446
D_full_profile_fisher_z,BRD-K97643133,0.4819778357704591,0.7197136606121901,0.23773582484173128
D_full_profile_fisher_z,BRD-K98004573,0.39734258041695103,0.5449645162875103,0.14762193587055938
D_full_profile_fisher_z,BRD-K98453471,0.19190062044092177,0.14360031850579896,-0.048300301935122775
D_full_profile_fisher_z,BRD-K98572433,1.1119097311254122,1.3155242979642163,0.20361456683880438
D_full_profile_fisher_z,BRD-K99383816,0.22720921990708934,0.2781515897795615,0.05094236987247215
D_full_profile_fisher_z,BRD-K99792991,1.153046146761264,1.500437902579885,0.347391755818621
D_full_profile_fisher_z,BRD-M89827113,0.2958864127144717,0.419813950206012,0.12392753749154016
D_norm_ratio,BRD-A03623303,0.8141373321413994,0.4138041523595651,-0.4003331797818343
D_norm_ratio,BRD-A07440155,1.8402282893657684,0.70196004708608,-1.1382682422796886
D_norm_ratio,BRD-A08187463,1.5170055727163951,0.6006607909997305,-0.9163447817166647
D_norm_ratio,BRD-A08545410,1.6347195704778035,0.6250127106904984,-1.0097068597873051
D_norm_ratio,BRD-A10012892,1.735223799943924,0.6166768545905749,-1.118546945353349
D_norm_ratio,BRD-A13188892,1.4302854239940643,0.6315809339284897,-0.7987044900655746
D_norm_ratio,BRD-A14886633,1.4854704837004344,0.6823519989848137,-0.8031184847156206
D_norm_ratio,BRD-A14941520,1.3626096993684769,0.5468049223224322,-0.8158047770460447
D_norm_ratio,BRD-A16347691,1.1515722771485646,0.5032271270950636,-0.6483451500535011
D_norm_ratio,BRD-A19195498,2.2026474277178445,1.3102256307999294,-0.8924217969179153
D_norm_ratio,BRD-A20239487,1.8572367628415425,0.8191311359405518,-1.0381056269009907
D_norm_ratio,BRD-A21607826,1.542582169175148,0.8727341045935949,-0.6698480645815531
D_norm_ratio,BRD-A22032524,1.5570745319128036,0.6898130178451538,-0.8672615140676498
D_norm_ratio,BRD-A25619068,2.3018938104311624,0.8107014323274294,-1.491192378103733
D_norm_ratio,BRD-A26032986,1.4251531561215718,0.6139673218131065,-0.8111858343084654
D_norm_ratio,BRD-A28787076,1.168369936446349,0.5577086346844832,-0.6106613017618656
D_norm_ratio,BRD-A29520968,1.6203716397285461,0.7679401437441508,-0.8524314959843954
D_norm_ratio,BRD-A29734509,1.1245808551708858,0.5433732718229294,-0.5812075833479563
D_norm_ratio,BRD-A29844814,1.9890213012695312,0.7680817544460297,-1.2209395468235016
D_norm_ratio,BRD-A31811760,1.3282968799273174,0.5523937319715818,-0.7759031479557356
D_norm_ratio,BRD-A32172948,1.7965057790279388,0.6390070219834646,-1.1574987570444744
D_norm_ratio,BRD-A33711280,1.37350228925546,0.6397580852111181,-0.733744204044342
D_norm_ratio,BRD-A36331462,1.1676585525274277,0.8020183096329371,-0.36564024289449054
D_norm_ratio,BRD-A38350138,1.587672581275304,0.6748828217387199,-0.9127897595365843
D_norm_ratio,BRD-A39390670,1.768367792169253,0.6216822465260824,-1.1466855456431706
D_norm_ratio,BRD-A39935389,1.3896390746037166,0.7157997315128645,-0.6738393430908521
D_norm_ratio,BRD-A46179541,1.6410316328207653,0.7601555213332176,-0.8808761114875475
D_norm_ratio,BRD-A48237631,1.1018530875444412,0.8409029344717661,-0.26095015307267505
D_norm_ratio,BRD-A48570745,1.4056035578250885,0.7469124694665273,-0.6586910883585612
D_norm_ratio,BRD-A49160188,1.3549727847178776,0.5584284514188766,-0.7965443332990011
D_norm_ratio,BRD-A49838158,1.232022191087405,0.6218868071834246,-0.6101353839039803
D_norm_ratio,BRD-A50764878,1.565055121978124,0.8823104500770569,-0.6827446719010671
D_norm_ratio,BRD-A51078674,1.5513561964035034,0.7495193431774775,-0.8018368532260259
D_norm_ratio,BRD-A52922642,1.5881990194320679,0.6435802951455116,-0.9446187242865562
D_norm_ratio,BRD-A55272860,1.727193792661031,0.6778869926929474,-1.0493067999680836
D_norm_ratio,BRD-A56085258,1.3917936633030574,0.6633585890134176,-0.7284350742896398
D_norm_ratio,BRD-A58280226,1.1625540902217228,0.7211298445860544,-0.44142424563566846
D_norm_ratio,BRD-A62071884,1.4828486045201619,0.6593094319105148,-0.8235391726096472
D_norm_ratio,BRD-A65051990,1.5371605455875397,0.6144769762953123,-0.9226835692922274
D_norm_ratio,BRD-A67616246,1.0094567735989888,0.5170825844009718,-0.4923741891980171
D_norm_ratio,BRD-A67862938,1.4511337478955586,0.7011295010646185,-0.7500042468309402
D_norm_ratio,BRD-A68493689,1.4488840301831563,0.7050674433509508,-0.7438165868322054
D_norm_ratio,BRD-A68888262,1.4621028105417888,0.6687019889553388,-0.79340082158645
D_norm_ratio,BRD-A68942014,1.4708029528458912,0.6139615848660469,-0.8568413679798444
D_norm_ratio,BRD-A70998768,1.4664487640062969,0.7098332569003105,-0.7566155071059862
D_norm_ratio,BRD-A75305484,1.4908935030301411,0.6700533131758372,-0.820840189854304
D_norm_ratio,BRD-A75726477,1.7758354544639587,0.7180094371239344,-1.0578260173400242
D_norm_ratio,BRD-A77216878,1.5201166073481243,0.7447792440652847,-0.7753373632828394
D_norm_ratio,BRD-A78877355,1.8323441942532857,0.8713078784445921,-0.9610363158086935
D_norm_ratio,BRD-A82522119,1.455588549375534,0.6558076987663904,-0.7997808506091436
D_norm_ratio,BRD-A85548292,1.3306478361288707,0.7287862921754519,-0.6018615439534187
D_norm_ratio,BRD-A87983072,1.5045209228992462,0.6117399260401726,-0.8927809968590736
D_norm_ratio,BRD-A91699651,1.6129278242588043,0.7035441646973292,-0.9093836595614752
D_norm_ratio,BRD-A93000692,1.618407169977824,0.8797188525398573,-0.7386883174379667
D_norm_ratio,BRD-A93964801,1.6435500780741374,0.7491299932201704,-0.8944200848539671
D_norm_ratio,BRD-A94543220,1.2412535796562831,0.6643296356002489,-0.5769239440560341
D_norm_ratio,BRD-A94756469,1.1190221856037776,0.7201382468144099,-0.3988839387893677
D_norm_ratio,BRD-A95032015,1.5807989239692688,0.6335130681594213,-0.9472858558098475
D_norm_ratio,BRD-A98702003,1.4320782124996185,0.7102609723806381,-0.7218172401189804
D_norm_ratio,BRD-A98990573,1.684648036956787,0.7724131892124811,-0.912234847744306
D_norm_ratio,BRD-K04112579,1.3297710766394932,0.6564981068174044,-0.6732729698220888
D_norm_ratio,BRD-K04185004,1.5323394338289897,0.6579023823142052,-0.8744370515147845
D_norm_ratio,BRD-K05236810,0.5308179470400015,0.25510405997435254,-0.27571388706564903
D_norm_ratio,BRD-K05395900,1.6638691276311874,0.6866678496201833,-0.9772012780110041
D_norm_ratio,BRD-K05524748,0.5645367279648781,0.32812110024193925,-0.23641562772293886
D_norm_ratio,BRD-K06240250,1.6358055770397186,0.8051826109488806,-0.8306229660908381
D_norm_ratio,BRD-K06294530,0.4742794781923294,0.2428949580838283,-0.2313845201085011
D_norm_ratio,BRD-K06335600,1.9572344919045765,0.730304849644502,-1.2269296422600746
D_norm_ratio,BRD-K06557128,1.7365110715230305,0.6095328430334727,-1.126978228489558
D_norm_ratio,BRD-K06900071,1.592741534113884,0.6991718783974648,-0.8935696557164192
D_norm_ratio,BRD-K07160047,1.6522287825743358,0.7384337186813354,-0.9137950638930002
D_norm_ratio,BRD-K07220430,1.9440940916538239,0.926672267417113,-1.0174218242367108
D_norm_ratio,BRD-K07237224,2.268988768259684,0.7678099299470583,-1.5011788383126259
D_norm_ratio,BRD-K07572174,2.0911877751350403,0.9842305779457092,-1.106957197189331
D_norm_ratio,BRD-K07881437,1.257311796148618,0.8075093552470207,-0.4498024409015973
D_norm_ratio,BRD-K08248804,1.2305916100740433,0.5585796957214674,-0.6720119143525759
D_norm_ratio,BRD-K08252256,1.6340187589327495,0.5426197747389475,-1.0913989841938019
D_norm_ratio,BRD-K08832567,1.2836524148782094,0.6142625038822492,-0.6693899109959602
D_norm_ratio,BRD-K09372874,1.4775599439938862,0.6390774808824062,-0.8384824631114801
D_norm_ratio,BRD-K09426783,1.2093172868092854,0.8340260535478592,-0.37529123326142627
D_norm_ratio,BRD-K09471561,1.41739621758461,0.5753915111223856,-0.8420047064622244
D_norm_ratio,BRD-K09711437,1.7357835272947948,0.6545661389827728,-1.081217388312022
D_norm_ratio,BRD-K09951645,1.3789423704147339,0.6083712006608645,-0.7705711697538694
D_norm_ratio,BRD-K10845183,1.5356050084034603,0.5290944377581278,-1.0065105706453323
D_norm_ratio,BRD-K10852020,1.3545733243227005,0.5601118430495262,-0.7944614812731743
D_norm_ratio,BRD-K11196887,1.8587363461653392,0.7096260264515877,-1.1491103197137515
D_norm_ratio,BRD-K11399644,1.5572824428478877,0.7684965059161186,-0.788785936931769
D_norm_ratio,BRD-K12219985,1.2493056505918503,0.5511519660552343,-0.698153684536616
D_norm_ratio,BRD-K12609457,2.03836198647817,0.7933344741662344,-1.2450275123119354
D_norm_ratio,BRD-K12932420,1.5764616131782532,0.6171078160405159,-0.9593537971377373
D_norm_ratio,BRD-K12994359,1.391613135735194,0.5438927685221037,-0.8477203672130903
D_norm_ratio,BRD-K13050541,1.3858484874169033,0.7982363874713579,-0.5876120999455452
D_norm_ratio,BRD-K13154216,1.1993988752365112,0.7948416123787562,-0.404557262857755
D_norm_ratio,BRD-K13646352,1.5229997138182323,0.8557881688078245,-0.6672115450104078
D_norm_ratio,BRD-K13662825,1.2981619089841843,0.8710277130206426,-0.4271341959635417
D_norm_ratio,BRD-K14175878,1.2922262648741405,0.5659676939249039,-0.7262585709492365
D_norm_ratio,BRD-K14653796,1.5502699861923854,0.6678983196616173,-0.882371666530768
D_norm_ratio,BRD-K14993104,2.0616971254348755,0.751988393565019,-1.3097087318698566
D_norm_ratio,BRD-K15010214,2.095534473657608,0.7131008207798004,-1.3824336528778076
D_norm_ratio,BRD-K15108141,1.3393356204032898,0.9956696778535843,-0.3436659425497055
D_norm_ratio,BRD-K15916496,1.3740631540616353,0.7007942398389181,-0.6732689142227173
D_norm_ratio,BRD-K15933101,1.3735847920179367,0.5694174220164617,-0.804167370001475
D_norm_ratio,BRD-K16732600,1.1834652523199718,0.5857700904210409,-0.5976951618989309
D_norm_ratio,BRD-K17026858,1.3768452356259029,0.6517118265231451,-0.7251334091027578
D_norm_ratio,BRD-K17944737,1.140832205613454,0.6157610987623533,-0.5250711068511009
D_norm_ratio,BRD-K18324993,1.2559931576251984,0.614028662443161,-0.6419644951820374
D_norm_ratio,BRD-K18678457,0.9379120220740637,0.5546407103538513,-0.3832713117202123
D_norm_ratio,BRD-K18779551,1.842187335093816,0.6815705920259157,-1.1606167430679004
D_norm_ratio,BRD-K19388745,1.4799269487460454,0.7714164753754934,-0.7085104733705521
D_norm_ratio,BRD-K20001883,1.5383770267168682,0.6795180762807528,-0.8588589504361153
D_norm_ratio,BRD-K20738689,1.761079301436742,0.6971486161152521,-1.06393068532149
D_norm_ratio,BRD-K21450440,1.5520756989717484,0.602918970088164,-0.9491567288835844
D_norm_ratio,BRD-K21884483,1.396682585279147,0.554921937485536,-0.8417606477936109
D_norm_ratio,BRD-K22031190,1.4206987818082173,0.5981441090504328,-0.8225546727577845
D_norm_ratio,BRD-K22097830,1.494655321041743,0.6042045876383781,-0.8904507334033648
D_norm_ratio,BRD-K23082237,1.5249256491661072,0.6480476061503092,-0.876878043015798
D_norm_ratio,BRD-K23190681,1.4504934151967366,0.6800387476881345,-0.7704546675086021
D_norm_ratio,BRD-K23228615,1.3873037298520405,0.7907331138849258,-0.5965706159671148
D_norm_ratio,BRD-K23984367,1.4338594774405162,0.6844256371259689,-0.7494338403145472
D_norm_ratio,BRD-K24723746,1.7144575417041779,0.7115591590603193,-1.0028983826438587
D_norm_ratio,BRD-K24943235,2.136181950569153,0.7971970736980438,-1.338984876871109
D_norm_ratio,BRD-K25630527,1.626218318939209,0.8936784155666828,-0.7325399033725262
D_norm_ratio,BRD-K25650355,1.4764476418495178,0.625893401602904,-0.8505542402466139
D_norm_ratio,BRD-K26341917,1.6452414095401764,0.7500578463077545,-0.8951835632324219
D_norm_ratio,BRD-K26619122,1.2640445232391357,0.62946334729592,-0.6345811759432157
D_norm_ratio,BRD-K29359156,1.1831161305308342,0.5911822840571404,-0.5919338464736938
D_norm_ratio,BRD-K29582115,1.2930441349744797,0.6426115954915682,-0.6504325394829115
D_norm_ratio,BRD-K29735307,1.2451944947242737,0.6064562325676283,-0.6387382621566454
D_norm_ratio,BRD-K29950728,1.3087281435728073,0.6679776435097059,-0.6407505000631014
D_norm_ratio,BRD-K30126819,1.746311644713084,0.6748023505012194,-1.0715092942118645
D_norm_ratio,BRD-K30466858,1.2335368966062863,0.5308644672234853,-0.7026724293828011
D_norm_ratio,BRD-K30685142,1.6333779692649841,0.6454693799217542,-0.9879085893432299
D_norm_ratio,BRD-K31339321,1.855628063281377,0.7886997510989507,-1.0669283121824265
D_norm_ratio,BRD-K31342827,1.5697286079327266,0.7362465014060339,-0.8334821065266927
D_norm_ratio,BRD-K31447894,1.5747470011313756,0.6500478759407997,-0.924699125190576
D_norm_ratio,BRD-K31731454,1.825328101714452,0.6970900098482767,-1.1282380918661754
D_norm_ratio,BRD-K32107296,1.5346358468135197,0.6308737645546595,-0.9037620822588602
D_norm_ratio,BRD-K32218650,1.6193397343158722,0.6811975588401159,-0.9381421754757563
D_norm_ratio,BRD-K32821942,1.5288427273432414,0.6417041073242823,-0.887138620018959
D_norm_ratio,BRD-K33211335,1.4112464586893718,0.5588818664352099,-0.8523645922541618
D_norm_ratio,BRD-K33226500,1.3411882122357686,0.6129308839639028,-0.7282573282718658
D_norm_ratio,BRD-K33379087,1.4962194760640461,0.8655370424191157,-0.6306824336449305
D_norm_ratio,BRD-K33732501,1.398903210957845,0.6021851946910223,-0.7967180162668228
D_norm_ratio,BRD-K34469523,1.4430404702822368,0.5391264682014784,-0.9039140020807584
D_norm_ratio,BRD-K35169477,1.0382918765147526,0.7601688578724861,-0.2781230186422666
D_norm_ratio,BRD-K35775715,1.5647601187229156,0.8097020536661148,-0.7550580650568008
D_norm_ratio,BRD-K35960502,1.1398002902666728,0.6756335770090421,-0.46416671325763065
D_norm_ratio,BRD-K37694030,1.242375632127126,0.46171562125285465,-0.7806600108742714
D_norm_ratio,BRD-K40175214,1.2313841531674068,0.8447189182043076,-0.3866652349630992
D_norm_ratio,BRD-K42898655,1.2824406027793884,0.8458682795365652,-0.4365723232428233
D_norm_ratio,BRD-K43723251,1.4830496807893117,0.5857230549057325,-0.8973266258835793
D_norm_ratio,BRD-K43797669,1.4513061493635178,0.7543673887848854,-0.6969387605786324
D_norm_ratio,BRD-K43802723,1.7499453326066334,0.6942926645278931,-1.0556526680787404
D_norm_ratio,BRD-K43806473,1.5142289499441783,0.6384613290429115,-0.8757676209012667
D_norm_ratio,BRD-K44844162,1.1011342853307724,0.6608242020010948,-0.4403100833296776
D_norm_ratio,BRD-K45252063,1.7060445646444957,0.6489553724726042,-1.0570891921718915
D_norm_ratio,BRD-K45746021,1.4316082894802094,0.6649529884258906,-0.7666553010543188
D_norm_ratio,BRD-K46386702,0.9959269315004349,0.5315784985820452,-0.4643484329183896
D_norm_ratio,BRD-K46604138,1.665960043668747,0.7039839401841164,-0.9619761034846306
D_norm_ratio,BRD-K46937689,1.593380520741145,0.837763232489427,-0.7556172882517179
D_norm_ratio,BRD-K47000838,1.2808367133140564,0.7534937530755996,-0.5273429602384567
D_norm_ratio,BRD-K48812570,1.3903163820505142,0.6837584152817726,-0.7065579667687416
D_norm_ratio,BRD-K48892307,1.5956334869066875,0.8043017089366913,-0.7913317779699961
D_norm_ratio,BRD-K49504902,1.3623027553160985,0.7286861638228098,-0.6336165914932886
D_norm_ratio,BRD-K49555808,1.5048641214768093,0.7998092224200567,-0.7050548990567526
D_norm_ratio,BRD-K49671696,1.6773340503374736,0.6745783016085625,-1.0027557487289112
D_norm_ratio,BRD-K49865102,1.0722134361664455,0.696064680814743,-0.3761487553517024
D_norm_ratio,BRD-K50031829,1.3254498938719432,0.5529951552549998,-0.7724547386169434
D_norm_ratio,BRD-K50133271,1.361946831146876,0.6755084171891212,-0.6864384139577547
D_norm_ratio,BRD-K50498985,1.3045630256334941,0.6732353493571281,-0.6313276762763659
D_norm_ratio,BRD-K51040301,1.7570069034894307,0.834318737188975,-0.9226881663004557
D_norm_ratio,BRD-K51087630,1.7195705870787303,0.6927173112829527,-1.0268532757957776
D_norm_ratio,BRD-K51677086,1.7464323441187541,0.7230632404486338,-1.0233691036701202
D_norm_ratio,BRD-K52172416,1.5487772822380066,0.6517747441927592,-0.8970025380452474
D_norm_ratio,BRD-K52989797,1.66514852643013,0.7574550956487656,-0.9076934307813644
D_norm_ratio,BRD-K53417444,1.183870404958725,0.8939718157052994,-0.2898985892534256
D_norm_ratio,BRD-K53737926,1.4732789099216461,0.6914911816517512,-0.781787728269895
D_norm_ratio,BRD-K53814070,1.245424896478653,0.5334822858373324,-0.7119426106413206
D_norm_ratio,BRD-K53972329,1.487489293018977,0.6144170338908831,-0.8730722591280937
D_norm_ratio,BRD-K54006094,1.5188525517781575,0.6704469745357832,-0.8484055772423744
D_norm_ratio,BRD-K54847683,1.499009519815445,0.5909906302889189,-0.9080188895265261
D_norm_ratio,BRD-K55748775,2.0656655679146447,0.9267534477015337,-1.1389121202131112
D_norm_ratio,BRD-K55781385,1.918602744738261,0.9757350062330564,-0.9428677385052046
D_norm_ratio,BRD-K55847762,1.7155326008796692,0.828653966387113,-0.8868786344925562
D_norm_ratio,BRD-K55966568,1.2599105089902878,0.4933070552845796,-0.7666034537057081
D_norm_ratio,BRD-K56032964,1.1332181145747502,0.6216800423959891,-0.5115380721787611
D_norm_ratio,BRD-K56405753,1.5259751776854198,0.7186009188493093,-0.8073742588361105
D_norm_ratio,BRD-K56751279,1.2769748469193776,0.5737638423840205,-0.7032110045353571
D_norm_ratio,BRD-K56810756,1.0760370716452599,0.5110241137444973,-0.5650129579007626
D_norm_ratio,BRD-K57080016,1.3301646212736766,0.8261902332305908,-0.5039743880430857
D_norm_ratio,BRD-K58114536,2.2366143465042114,1.0408037702242534,-1.195810576279958
D_norm_ratio,BRD-K58951486,1.7581466635068257,0.7697455262144407,-0.9884011372923851
D_norm_ratio,BRD-K59013864,1.718226542075475,0.7496170873443285,-0.9686094547311465
D_norm_ratio,BRD-K59058766,1.3618127206961315,0.5828944196303686,-0.7789183010657629
D_norm_ratio,BRD-K59227464,1.640983298420906,0.7614824573198954,-0.8795008411010107
D_norm_ratio,BRD-K59331299,1.747119203209877,0.8033033063014349,-0.9438158969084421
D_norm_ratio,BRD-K59524082,1.8406246105829875,0.8038863142331442,-1.0367382963498433
D_norm_ratio,BRD-K59929863,1.603906234105428,0.7695996960004171,-0.834306538105011
D_norm_ratio,BRD-K60160658,1.5130767126878102,0.7925562858581543,-0.720520426829656
D_norm_ratio,BRD-K60341624,1.4180587232112885,0.5485149050752322,-0.8695438181360563
D_norm_ratio,BRD-K60997853,1.1654929171005886,0.7328389609853426,-0.4326539561152458
D_norm_ratio,BRD-K61195623,1.0823411246140797,0.8706421802441279,-0.21169894436995187
D_norm_ratio,BRD-K61250553,1.5973308831453323,0.796902077893416,-0.8004288052519163
D_norm_ratio,BRD-K62200014,1.5473920156558354,0.7791124085585276,-0.7682796070973078
D_norm_ratio,BRD-K62562723,1.5539268255233765,0.7114455352226893,-0.8424812903006872
D_norm_ratio,BRD-K63150726,1.6102966765562694,0.8407289485136668,-0.7695677280426025
D_norm_ratio,BRD-K63550407,1.4361865123112996,0.6236660281817118,-0.8125204841295878
D_norm_ratio,BRD-K63630713,1.7271447082360585,0.8776328166325887,-0.8495118916034698
D_norm_ratio,BRD-K64504314,1.477447047829628,0.6753653039534887,-0.8020817438761393
D_norm_ratio,BRD-K64755930,1.5327762365341187,0.6748589724302292,-0.8579172641038895
D_norm_ratio,BRD-K64800655,1.0476258744796116,0.7116691370805105,-0.33595673739910126
D_norm_ratio,BRD-K65678996,1.5050062835216522,0.7254685213168462,-0.779537762204806
D_norm_ratio,BRD-K65820248,1.6728893915812175,0.9393541167179743,-0.7335352748632431
D_norm_ratio,BRD-K65991129,1.4347223540147145,0.704183874030908,-0.7305384799838066
D_norm_ratio,BRD-K65992024,1.3284827768802643,0.557346244653066,-0.7711365322271982
D_norm_ratio,BRD-K67043667,1.2878879259030025,0.7569158871968588,-0.5309720387061437
D_norm_ratio,BRD-K68488863,1.072799916068713,0.6548723181088766,-0.4179275979598363
D_norm_ratio,BRD-K68532323,1.1339663763840993,0.9079943150281906,-0.22597206135590872
D_norm_ratio,BRD-K68552125,1.1662229994932811,0.9106882760922114,-0.25553472340106964
D_norm_ratio,BRD-K70401845,1.0935695320367813,0.7909755855798721,-0.3025939464569092
D_norm_ratio,BRD-K70464547,1.3731840948263805,0.6673883323868116,-0.7057957624395689
D_norm_ratio,BRD-K70912147,1.6019939680894215,0.7281253238519033,-0.8738686442375183
D_norm_ratio,BRD-K70914287,1.068651410440604,0.530980876336495,-0.5376705341041088
D_norm_ratio,BRD-K71221037,1.2884767552216847,0.6147456640998522,-0.6737310911218325
D_norm_ratio,BRD-K72215350,1.70820352435112,1.0229436581333478,-0.6852598662177721
D_norm_ratio,BRD-K73109821,1.0042131369312604,0.7610016639033953,-0.24321147302786508
D_norm_ratio,BRD-K73319509,1.4065505663553874,0.6073204204440117,-0.7992301459113756
D_norm_ratio,BRD-K74363950,1.710215801994006,0.7000379959742228,-1.010177806019783
D_norm_ratio,BRD-K74514084,1.345851590236028,0.7353945076465607,-0.6104570825894674
D_norm_ratio,BRD-K74763371,1.5300375868876774,0.6270653307437897,-0.9029722561438879
D_norm_ratio,BRD-K75024268,1.4245709776878357,0.6170181706547737,-0.807552807033062
D_norm_ratio,BRD-K75089421,1.6106401284535725,0.5995730136831602,-1.0110671147704124
D_norm_ratio,BRD-K75641298,1.6853738327821095,0.635311521589756,-1.0500623111923535
D_norm_ratio,BRD-K75844781,1.4782996475696564,0.5946420878171921,-0.8836575597524643
D_norm_ratio,BRD-K75911534,1.59687543908755,0.7270350058873495,-0.8698404332002004
D_norm_ratio,BRD-K76197012,1.4585055510203044,0.6033708130319914,-0.8551347379883131
D_norm_ratio,BRD-K76812510,1.5564052263895671,0.6706460689504942,-0.885759157439073
D_norm_ratio,BRD-K76908866,1.4052570164203644,0.6921214014291763,-0.713135614991188
D_norm_ratio,BRD-K77396579,1.811123937368393,0.8382487992445627,-0.9728751381238302
D_norm_ratio,BRD-K78010432,1.643662343422572,0.6587856809298197,-0.9848766624927521
D_norm_ratio,BRD-K78303961,1.5919835567474365,0.9207533995310465,-0.67123015721639
D_norm_ratio,BRD-K79404599,1.823192983865738,0.7267755170663198,-1.0964174667994182
D_norm_ratio,BRD-K79759585,1.8615510563055675,0.8710650602976481,-0.9904859960079193
D_norm_ratio,BRD-K80396088,1.6266364802916844,0.7433279231190681,-0.8833085571726164
D_norm_ratio,BRD-K80535353,1.2690819104512532,0.555431437989076,-0.7136504724621773
D_norm_ratio,BRD-K80700417,1.2802777489026387,0.670100470383962,-0.6101772785186768
D_norm_ratio,BRD-K81144366,1.1116997400919597,0.6017874826987585,-0.5099122573932012
D_norm_ratio,BRD-K81473089,1.6212528546651204,0.7256899699568748,-0.8955628847082456
D_norm_ratio,BRD-K81672972,1.70916748046875,0.737675686677297,-0.971491793791453
D_norm_ratio,BRD-K82244583,1.1081253389517467,0.7233291243513426,-0.3847962146004041
D_norm_ratio,BRD-K82795137,1.395943542321523,0.7505474165081978,-0.6453961258133253
D_norm_ratio,BRD-K83508485,1.3485605617364247,0.7022218828399976,-0.6463386788964272
D_norm_ratio,BRD-K83794243,1.3049003879229228,0.6511198828617731,-0.6537805050611496
D_norm_ratio,BRD-K84810405,1.7249535818894703,0.9649438361326853,-0.760009745756785
D_norm_ratio,BRD-K86816506,1.2725808173418045,0.7443240582942963,-0.5282567590475082
D_norm_ratio,BRD-K87156652,1.498452439904213,0.8016181364655495,-0.6968343034386635
D_norm_ratio,BRD-K87737963,1.4579852471748989,0.7298247391978899,-0.7281605079770088
D_norm_ratio,BRD-K87782578,1.3689874162276585,0.8393811335166296,-0.529606282711029
D_norm_ratio,BRD-K88429204,1.273589665691058,0.7140763575832049,-0.5595133081078529
D_norm_ratio,BRD-K88510285,1.137360488375028,0.8063367952903112,-0.3310236930847168
D_norm_ratio,BRD-K88611939,1.4409496734539669,0.6442735021313032,-0.7966761713226637
D_norm_ratio,BRD-K89375097,1.8480937331914902,0.7773109972476959,-1.0707827359437943
D_norm_ratio,BRD-K90195324,1.2112420449654262,0.5686104968190193,-0.6426315481464068
D_norm_ratio,BRD-K91111634,1.6194754044214885,0.6688388014833132,-0.9506366029381752
D_norm_ratio,BRD-K91263825,1.2259957442680995,0.636887160440286,-0.5891085838278135
D_norm_ratio,BRD-K91336023,1.6360123058160145,0.6837112009525299,-0.9523011048634847
D_norm_ratio,BRD-K91822704,1.4086470703283946,0.6280493438243866,-0.7805977265040079
D_norm_ratio,BRD-K91825936,1.3985862930615742,0.7388266349832217,-0.6597596580783526
D_norm_ratio,BRD-K92049597,1.4215749502182007,0.6911193157235781,-0.7304556344946226
D_norm_ratio,BRD-K92241597,1.1935014526049297,0.5443314760923386,-0.649169976512591
D_norm_ratio,BRD-K93618743,1.4588808715343475,0.6691754659016927,-0.7897054056326548
D_norm_ratio,BRD-K93645900,1.5330626865228016,0.6095854913194975,-0.9234771952033043
D_norm_ratio,BRD-K93754473,1.4780602554480236,0.6420259028673172,-0.8360343525807062
D_norm_ratio,BRD-K93869735,2.030404587586721,0.9135176489750544,-1.1168869386116664
D_norm_ratio,BRD-K93880783,1.5607498213648796,0.9135142241915067,-0.6472355971733729
D_norm_ratio,BRD-K93944989,1.48744235932827,0.6012740172445774,-0.8861683420836926
D_norm_ratio,BRD-K94288301,1.5382949809233348,0.731317788362503,-0.8069771925608317
D_norm_ratio,BRD-K95921201,1.2499201099077861,0.5990847125649452,-0.6508353973428408
D_norm_ratio,BRD-K96042922,1.6065115531285603,0.7235892713069916,-0.8829222818215688
D_norm_ratio,BRD-K96123349,1.0627143532037735,0.7204268500208855,-0.34228750318288803
D_norm_ratio,BRD-K96550715,1.40410249431928,0.6238961865504583,-0.7802063077688217
D_norm_ratio,BRD-K97045029,1.496095250050227,0.5466021572550138,-0.9494930927952131
D_norm_ratio,BRD-K97440753,1.6522047966718674,0.7005606442689896,-0.9516441524028778
D_norm_ratio,BRD-K97472745,1.2273200750350952,0.6927720854679743,-0.5345479895671209
D_norm_ratio,BRD-K97643133,1.736570527156194,0.7706913451353709,-0.9658791820208231
D_norm_ratio,BRD-K98004573,1.5784787933031719,0.7609560936689377,-0.8175226996342341
D_norm_ratio,BRD-K98453471,1.7300936381022136,0.6522368813554446,-1.077856756746769
D_norm_ratio,BRD-K98572433,1.3795061111450195,0.8530019124348959,-0.5265041987101237
D_norm_ratio,BRD-K99383816,1.7409081161022186,0.6566804771622022,-1.0842276389400165
D_norm_ratio,BRD-K99792991,1.0091715306043625,0.66690976669391,-0.34226176391045254
D_norm_ratio,BRD-M89827113,1.6230614135662715,0.6605195552110672,-0.9625418583552042
