method,canonical_compound,dose,raw_pcc,model_z,null_z,model_excess_z,replicate_excess_z
correct_CP,Brc1c(CSc2nc3ccccc3s2)nc2ncccn12,10.0,0.16626332022255758,0.16782127634287236,0.1459207554829469,0.02190052085992547,0.03627230098369666
correct_CP,Brc1c(NC2=NCCN2)ccc2nccnc12,10.0,-0.024470441960761802,-0.024475328037209046,0.017006447255907164,-0.04148177529311621,0.2012137188962384
correct_CP,C#C[C@]1(O)CC[C@H]2[C@@H]3CCC4=CC(=O)CC[C@@H]4[C@H]3CC[C@@]21CC,6.40111,0.03408506458780361,0.03409827371100162,0.03626950367985275,-0.002171229968851135,0.01809093216994491
correct_CP,C/C(=N\NC(=O)C1CCCC1)c1ccc(NC(=O)C(F)(F)F)cc1,20.0,0.1973310383115638,0.19995392348579571,0.032749407497034935,0.1672045159887608,-0.1732901916095957
correct_CP,C/C(C=NNC(=O)c1cc(-c2cccnc2)nc2c1c(C)nn2-c1ccccc1)=C\c1ccccc1,10.0,0.35797558322639234,0.3745619963407481,0.19262869029531252,0.1819333060454356,0.03950663489969636
correct_CP,C/C=C/c1ccc([C@@H]2[C@@H](CO)N(C(=O)CN3CCOCC3)[C@H]2C#N)cc1,10.1372,-0.055690677868287665,-0.05574835922464152,-0.0037821532159471732,-0.051966206008694345,-0.030797658253104654
correct_CP,C/C=C/c1ccc([C@H]2[C@@H](C#N)N(C(=O)CN3CCOCC3)[C@H]2CO)cc1,10.1059,0.07516621135983635,0.07530825520924216,0.02599038154000389,0.04931787366923827,-0.05497685767739949
correct_CP,C/C=C/c1ccc2c(c1)O[C@@H](CN(C)C(=O)Cc1cccnc1)[C@H](C)CN([C@H](C)CO)S2(=O)=O,10.0786,0.08540552014666197,0.08561408590706511,-0.0029454077188856356,0.08855949362595075,0.014155379228409704
correct_CP,C/C=C/c1ccc2c(c1)O[C@@H](CN(C)C(=O)Nc1cccc(F)c1)[C@H](C)CN([C@H](C)CO)S2(=O)=O,10.0765,-0.02425610998234484,-0.02426086876154501,0.014243518760632921,-0.03850438752217793,0.03443800878271079
correct_CP,C/C=C/c1ccc2c(c1)O[C@@H](CN(C)C(=O)c1ccccc1)[C@@H](C)CN([C@@H](C)CO)S2(=O)=O,10.0279,-0.029377779632172828,-0.029386235547466805,-0.0417341820892241,0.012347946541757297,0.04660802750546631
correct_CP,C/C=C/c1ccc2c(c1)O[C@@H](CN(C)CC1CCOCC1)[C@H](C)CN([C@@H](C)CO)S2(=O)=O,10.1002,0.36724867584404225,0.3852391208110452,0.0004985629472332338,0.384740557863812,0.08876857421687397
correct_CP,C/C=C/c1ccc2c(c1)O[C@@H](CN(C)Cc1ccccn1)[C@H](C)CN([C@@H](C)CO)S2(=O)=O,10.1091,-0.0037355885330295205,-0.003735605909416596,-0.01639258165455483,0.012656975745138233,0.03573057302962236
correct_CP,C/C=C/c1ccc2c(c1)O[C@@H](CNC)[C@H](C)CN([C@@H](C)CO)S2(=O)=O,9.99997,0.08539482503748917,0.08560331222337568,0.05379359167786846,0.03180972054550722,-0.051752799901930484
correct_CP,C/C=C/c1ccc2c(c1)O[C@H](CN(C)C(=O)Cc1cccnc1)[C@@H](C)CN([C@@H](C)CO)S2(=O)=O,10.0396,0.03851918002324404,0.03853824765290967,-0.006446336049508408,0.04498458370241808,-0.13289483068847263
correct_CP,C/C=C/c1ccc2c(c1)O[C@H](CN(C)C(=O)Cc1cccnc1)[C@H](C)CN([C@@H](C)CO)S2(=O)=O,9.95401,0.02942991491902785,0.029438415948790386,0.012837970763153614,0.01660044518563677,0.05690596672849141
correct_CP,C/C=C/c1ccc2c(c1)O[C@H](CN(C)C(=O)NCCC)[C@@H](C)CN([C@H](C)CO)S2(=O)=O,10.1028,0.06264735263417157,0.06272950333344798,0.14386516100145816,-0.08113565766801017,0.05107197316653092
correct_CP,C/C=C/c1ccc2c(c1)O[C@H](CN(C)C(=O)c1cnccn1)[C@@H](C)CN([C@@H](C)CO)S2(=O)=O,10.0232,0.14598935571901714,0.14703997564404994,0.0492068190020379,0.09783315664201203,0.39468207388641197
correct_CP,C/C=C/c1ccc2c(c1)O[C@H](CN(C)CC1CCOCC1)[C@H](C)CN([C@@H](C)CO)S2(=O)=O,10.0059,-0.12388637899246525,-0.12452607608321237,-0.034747244822413745,-0.08977883126079862,0.021119974475937574
correct_CP,C/C=C/c1ccc2c(c1)O[C@H](CN(C)Cc1ccc(C(=O)O)cc1)[C@@H](C)CN([C@@H](C)CO)S2(=O)=O,10.0737,0.5426844054413104,0.6079527834477638,0.08464798830832597,0.5233047951394378,0.428685210514003
correct_CP,C/C=C/c1ccc2c(c1)O[C@H](CN(C)Cc1ccc(C(=O)O)cc1)[C@H](C)CN([C@@H](C)CO)S2(=O)=O,10.0799,0.12421658032775805,0.12486143823259414,-0.032156659261315806,0.15701809749390994,-0.10073728368638976
correct_CP,C/C=C/c1ccc2c(c1)O[C@H](CN(C)Cc1ccccn1)[C@@H](C)CN([C@@H](C)CO)S2(=O)=O,10.0171,0.041553609643893846,0.04157755135978964,-0.05714266468431978,0.09872021604410941,-0.09954819473656215
correct_CP,C/C=C/c1ccc2c(c1)O[C@H](CN(C)Cc1ccccn1)[C@@H](C)CN([C@H](C)CO)S2(=O)=O,10.0533,0.42536925553332133,0.45422926742615394,0.003520010311270954,0.45070925711488297,-0.13465540342638946
correct_CP,C/C=C/c1ccc2c(c1)O[C@H](CN(C)Cc1ccccn1)[C@H](C)CN([C@H](C)CO)S2(=O)=O,9.99822,0.043005564926047755,0.043032107009902364,-0.02862973953207558,0.07166184654197794,0.029675367165639684
correct_CP,C/C=C/c1ccc2c(c1)O[C@H](CN(C)S(=O)(=O)c1ccc(F)cc1)[C@H](C)CN([C@@H](C)CO)S2(=O)=O,10.0868,0.7963928570121176,1.0886717987140115,0.20590852352986835,0.8827632751841432,0.010934067303081635
correct_CP,C/C=C/c1ccc2c(c1)O[C@H](CN(C)S(=O)(=O)c1ccc(F)cc1)[C@H](C)CN([C@H](C)CO)S2(=O)=O,10.0374,0.21610628979505303,0.21956801531789344,-0.015802350290707704,0.23537036560860114,-0.02854684274706856
correct_CP,C/C=C/c1ccc2n(c1=O)C[C@@H]1[C@@H](CO)[C@H](C(=O)NC3CCC3)[C@H]2N1S(=O)(=O)c1cn(C)cn1.C/C=C\c1ccc2n(c1=O)C[C@@H]1[C@@H](CO)[C@H](C(=O)NC3CCC3)[C@H]2N1S(=O)(=O)c1cn(C)cn1,9.98965,-0.3239507809374256,-0.33605483931537083,-0.05157967563260038,-0.2844751636827705,-0.1919259309838584
correct_CP,C/C=C/c1ccc2n(c1=O)C[C@@H]1[C@@H](CO)[C@H](C(=O)NCC3CC3)[C@H]2N1Cc1ccccc1OC.C/C=C\c1ccc2n(c1=O)C[C@@H]1[C@@H](CO)[C@H](C(=O)NCC3CC3)[C@H]2N1Cc1ccccc1OC,10.0236,-0.22352752668418932,-0.22736609433534483,0.02351929947221293,-0.25088539380755775,-0.27692239548601255
correct_CP,C/C=C/c1ccc2n(c1=O)C[C@@H]1[C@@H](CO)[C@H](C(=O)NCC3CCCCC3)[C@H]2N1C(C)=O.C/C=C\c1ccc2n(c1=O)C[C@@H]1[C@@H](CO)[C@H](C(=O)NCC3CCCCC3)[C@H]2N1C(C)=O,10.0122,0.2862825750037273,0.2945122458475956,0.07053113237193726,0.22398111347565836,0.23741027289655364
correct_CP,C/C=C/c1ccc2n(c1=O)C[C@@H]1[C@@H](CO)[C@H](C(=O)NCCCN(C)C)[C@H]2N1C(=O)c1ccccc1F.C/C=C\c1ccc2n(c1=O)C[C@@H]1[C@@H](CO)[C@H](C(=O)NCCCN(C)C)[C@H]2N1C(=O)c1ccccc1F,10.0023,0.02861246420805279,0.028620276130659334,0.00503133800632536,0.023588938124333974,0.10062290395757964
correct_CP,C/C=C/c1ccc2n(c1=O)C[C@@H]1[C@@H](CO)[C@H](C(=O)NCCc3cn(C)cn3)[C@H]2N1C(=O)CC.C/C=C\c1ccc2n(c1=O)C[C@@H]1[C@@H](CO)[C@H](C(=O)NCCc3cn(C)cn3)[C@H]2N1C(=O)CC,10.03,0.15060058463061812,0.1517549014730283,-0.10779764990452767,0.25955255137755595,-0.02183355069266718
correct_CP,C/C=C/c1ccc2n(c1=O)C[C@@H]1[C@@H](CO)[C@H](C(=O)NCc3cc(F)cc(F)c3)[C@H]2N1S(C)(=O)=O.C/C=C\c1ccc2n(c1=O)C[C@@H]1[C@@H](CO)[C@H](C(=O)NCc3cc(F)cc(F)c3)[C@H]2N1S(C)(=O)=O,9.98674,0.4429185277815809,0.4758557989766161,0.034642710025717144,0.44121308895089895,-0.106863359712673
correct_CP,C/C=C/c1ccc2n(c1=O)C[C@@H]1[C@@H](CO)[C@H](C(=O)NCc3ccc(F)cc3)[C@H]2N1CCC.C/C=C\c1ccc2n(c1=O)C[C@@H]1[C@@H](CO)[C@H](C(=O)NCc3ccc(F)cc3)[C@H]2N1CCC,10.0363,-0.18668078563123977,-0.18889588151262465,-0.08453073630764213,-0.10436514520498252,0.12957056525782668
correct_CP,C/C=C/c1ccc2n(c1=O)C[C@@H]1[C@@H](CO)[C@H](C(=O)NCc3ccncn3)N(C(=O)NC3CCCC3)[C@H]21.C/C=C\c1ccc2n(c1=O)C[C@@H]1[C@@H](CO)[C@H](C(=O)NCc3ccncn3)N(C(=O)NC3CCCC3)[C@H]21,10.0758,0.21434658374401064,0.21772283550564875,-0.0572691865862716,0.27499202209192036,0.036910909230460455
correct_CP,C/C=C/c1ccc2n(c1=O)C[C@@H]1[C@@H](CO)[C@H](C(=O)N[C@@H](C)c3ccccc3)N(C(=O)c3cnccn3)[C@H]21.C/C=C\c1ccc2n(c1=O)C[C@@H]1[C@@H](CO)[C@H](C(=O)N[C@@H](C)c3ccccc3)N(C(=O)c3cnccn3)[C@H]21,10.0434,0.40649774033748615,0.43140849997507685,-0.027494470272264867,0.4589029702473417,-0.09508803771026543
correct_CP,C/C=C/c1ccc2n(c1=O)C[C@@H]1[C@@H](CO)[C@H](C(=O)O)[C@H]2N1S(=O)(=O)c1ccccc1F.C/C=C\c1ccc2n(c1=O)C[C@@H]1[C@@H](CO)[C@H](C(=O)O)[C@H]2N1S(=O)(=O)c1ccccc1F,9.94431,0.010139491060201646,0.010139838559559234,0.07316505063635892,-0.06302521207679969,-0.08899042559391505
correct_CP,C/C=C/c1ccc2n(c1=O)C[C@H]1[C@H](CO)[C@@H](C(=O)N(C)C)[C@@H]2N1CCc1ccccc1.C/C=C\c1ccc2n(c1=O)C[C@H]1[C@H](CO)[C@@H](C(=O)N(C)C)[C@@H]2N1CCc1ccccc1,9.83879,-0.2696360168833148,-0.2764712603035263,0.08978354538294517,-0.3662548056864715,-0.40174622226829315
correct_CP,C/C=C/c1ccc2n(c1=O)C[C@H]1[C@H](CO)[C@@H](C(=O)N3CCCCC3)[C@@H]2N1C(=O)C1CCC1.C/C=C\c1ccc2n(c1=O)C[C@H]1[C@H](CO)[C@@H](C(=O)N3CCCCC3)[C@@H]2N1C(=O)C1CCC1,9.94315,-0.08770035404347945,-0.08792624216183575,0.007066756778222574,-0.09499299894005833,-0.15570991130178158
correct_CP,C/C=C/c1ccc2n(c1=O)C[C@H]1[C@H](CO)[C@@H](C(=O)N3CCCCC3)[C@@H]2N1Cc1ccccn1.C/C=C\c1ccc2n(c1=O)C[C@H]1[C@H](CO)[C@@H](C(=O)N3CCCCC3)[C@@H]2N1Cc1ccccn1,10.0521,-0.1352851792919482,-0.1361196960563955,-0.06267055894645263,-0.07344913710994289,0.31076746831611624
correct_CP,C/C=C/c1ccc2n(c1=O)C[C@H]1[C@H](CO)[C@@H](C(=O)N3CCc4ccccc4C3)N(C(=O)C3CC3)[C@@H]21.C/C=C\c1ccc2n(c1=O)C[C@H]1[C@H](CO)[C@@H](C(=O)N3CCc4ccccc4C3)N(C(=O)C3CC3)[C@@H]21,10.0466,-0.034409023450670304,-0.03442261298128258,-0.03532585749014659,0.0009032445088640109,0.26958664726251574
correct_CP,C/C=C/c1ccc2n(c1=O)C[C@H]1[C@H](CO)[C@@H](C(=O)NC3CCC3)[C@@H]2N1S(=O)(=O)c1cn(C)cn1.C/C=C\c1ccc2n(c1=O)C[C@H]1[C@H](CO)[C@@H](C(=O)NC3CCC3)[C@@H]2N1S(=O)(=O)c1cn(C)cn1,10.0274,0.2871322678354887,0.29543804010332786,-0.07511102165160764,0.3705490617549355,0.05223857872717469
correct_CP,C/C=C/c1ccc2n(c1=O)C[C@H]1[C@H](CO)[C@@H](C(=O)NCC(F)(F)F)N(C(=O)c3cccnc3)[C@@H]21.C/C=C\c1ccc2n(c1=O)C[C@H]1[C@H](CO)[C@@H](C(=O)NCC(F)(F)F)N(C(=O)c3cccnc3)[C@@H]21,10.1379,-0.07875430425778565,-0.07891773056600435,0.035466018980292495,-0.11438374954629685,0.0020588709646371176
correct_CP,C/C=C/c1ccc2n(c1=O)C[C@H]1[C@H](CO)[C@@H](C(=O)NCCOC)[C@@H]2N1Cc1nccs1.C/C=C\c1ccc2n(c1=O)C[C@H]1[C@H](CO)[C@@H](C(=O)NCCOC)[C@@H]2N1Cc1nccs1,10.1001,0.12492933595078815,0.12558542908368567,-0.03479589132045818,0.16038132040414385,0.06939427474011406
correct_CP,C/C=C/c1ccc2n(c1=O)C[C@H]1[C@H](CO)[C@@H](C(=O)NCc3ccc(F)cc3)[C@@H]2N1CCC.C/C=C\c1ccc2n(c1=O)C[C@H]1[C@H](CO)[C@@H](C(=O)NCc3ccc(F)cc3)[C@@H]2N1CCC,10.0693,0.27710737982448025,0.28454612437472243,-0.03294682797833329,0.31749295235305575,0.18360103225104876
correct_CP,C/C=C/c1ccc2n(c1=O)C[C@H]1[C@H](CO)[C@@H](C(=O)NCc3ccc4c(c3)OCO4)[C@@H]2N1C(=O)COC.C/C=C\c1ccc2n(c1=O)C[C@H]1[C@H](CO)[C@@H](C(=O)NCc3ccc4c(c3)OCO4)[C@@H]2N1C(=O)COC,9.95689,0.2459813442368609,0.2511308083097131,-0.0007204320556613818,0.2518512403653745,-0.12412396283780315
correct_CP,C/C=C/c1ccc2n(c1=O)C[C@H]1[C@H](CO)[C@@H](C(=O)Nc3ccc(-c4ccccc4)cc3)[C@@H]2N1C(=O)CC.C/C=C\c1ccc2n(c1=O)C[C@H]1[C@H](CO)[C@@H](C(=O)Nc3ccc(-c4ccccc4)cc3)[C@@H]2N1C(=O)CC,10.0346,0.2417666255744282,0.2466495613196022,-0.019862226813933147,0.2665117881335353,0.34508224855336955
correct_CP,C/C=C/c1ccc2n(c1=O)C[C@H]1[C@H](CO)[C@@H](C(=O)Nc3nccs3)N(Cc3cc(F)ccc3F)[C@@H]21.C/C=C\c1ccc2n(c1=O)C[C@H]1[C@H](CO)[C@@H](C(=O)Nc3nccs3)N(Cc3cc(F)ccc3F)[C@@H]21,10.0951,0.14610966020151114,0.14716290220668177,-0.08694235842810524,0.234105260634787,0.08907002779975817
correct_CP,C/C=C/c1ccc2n(c1=O)C[C@H]1[C@H](CO)[C@@H](C(=O)OC)N(CCc3ccccc3)[C@@H]21.C/C=C\c1ccc2n(c1=O)C[C@H]1[C@H](CO)[C@@H](C(=O)OC)N(CCc3ccccc3)[C@@H]21,9.99932,-0.4676104574497976,-0.5070076868823468,-0.02230966695893219,-0.48469801992341455,0.02120508981517077
correct_CP,C/C=C/c1cnc2c(c1)C(=O)N([C@@H](C)CO)C[C@@H](C)[C@@H](CN(C)C(=O)C1CCOCC1)O2,10.0771,0.11017256856383387,0.11062160136714491,-0.051054180102264986,0.1616757814694099,0.19255960175995146
correct_CP,C/C=C/c1cnc2c(c1)C(=O)N([C@@H](C)CO)C[C@@H](C)[C@H](CN(C)C(=O)c1cnccn1)O2,10.0726,-0.05975386963511906,-0.05982513994150635,0.01012615327734937,-0.06995129321885572,-0.1586743137665904
correct_CP,C/C=C/c1cnc2c(c1)C(=O)N([C@@H](C)CO)C[C@@H](C)[C@H](CN(C)S(=O)(=O)c1cn(C)cn1)O2,10.0895,-0.24480194406463646,-0.2498758372908221,-0.004328919168718918,-0.2455469181221032,-0.1851070647015447
correct_CP,C/C=C/c1cnc2c(c1)C(=O)N([C@@H](C)CO)C[C@H](C)[C@@H](CN(C)C(=O)CCN1CCCCC1)O2,10.0604,-0.08624357212399726,-0.08645835670966742,-0.00756382360690014,-0.07889453310276728,-0.034078278758180286
correct_CP,C/C=C/c1cnc2c(c1)C(=O)N([C@@H](C)CO)C[C@H](C)[C@@H](CN(C)S(=O)(=O)c1ccccc1F)O2,9.993701,0.38448122025280085,0.4053076608552731,-0.010782490775700385,0.41609015163097346,0.19660034370670204
correct_CP,C/C=C/c1cnc2c(c1)C(=O)N([C@@H](C)CO)C[C@H](C)[C@@H](CN(C)S(=O)(=O)c1cn(C)cn1)O2,10.0224,0.9006878804598345,1.4758517643133648,0.6412202649042409,0.834631499409124,0.5875858772201938
correct_CP,C/C=C/c1cnc2c(c1)C(=O)N([C@@H](C)CO)C[C@H](C)[C@H](CN(C)C(=O)c1cnccn1)O2,10.0676,0.11586499256321543,0.11638769344807107,0.015677248197946754,0.10071044525012432,0.011847134616853439
correct_CP,C/C=C/c1cnc2c(c1)C(=O)N([C@H](C)CO)C[C@@H](C)[C@@H](CN(C)Cc1cccc(C(=O)O)c1)O2,10.0204,-0.0033222764958388846,-0.003322288719152158,0.0482164581968757,-0.05153874691602786,-0.041728706128476366
correct_CP,C/C=C/c1cnc2c(c1)C(=O)N([C@H](C)CO)C[C@@H](C)[C@H](CN(C)C(=O)c1cnccn1)O2,10.018,-0.170699639238563,-0.17238721242527916,0.03440176449855954,-0.20678897692383869,-0.04055972162518261
correct_CP,C/C=C/c1cnc2c(c1)C(=O)N([C@H](C)CO)C[C@H](C)[C@@H](CN(C)C(=O)Nc1ccc(F)cc1)O2,10.0195,-0.008267672295310254,-0.008267860680310478,0.013056703597108546,-0.021324564277419022,-0.18961126601437817
correct_CP,C/C=C/c1cnc2c(c1)C(=O)N([C@H](C)CO)C[C@H](C)[C@@H](CN(C)Cc1cccc(C(=O)O)c1)O2,10.2193,-0.03560430331549164,-0.03561935956210657,0.05669431415894951,-0.09231367372105609,-0.06383641957946139
correct_CP,C=C(C)[C@H]1CC=C(C(=O)O)CC1,10.0,0.5819888160136831,0.6654649453320364,0.0010732155249981966,0.6643917298070382,-0.14173051774167458
correct_CP,C=C(C)[C@H]1Cc2c(ccc3c2O[C@@H]2COc4cc(OC)c(OC)cc4[C@@H]2C3=O)O1,10.0,0.0667366492995767,0.06683599169718335,-0.00834716050640724,0.07518315220359059,-0.1559784183429526
correct_CP,C=C1CCC(C2CC(=O)OC2=O)C(=O)CCC2C1CC2(C)C,10.0,0.17529106754989146,0.17712029901684231,0.3021584854297775,-0.1250381864129352,-0.15014242858225027
correct_CP,C=C1CC[C@]2(O)[C@]3(C)C[C@@]4(O)O[C@@]2([C@@H]1O)[C@]1(O)[C@@]3(O)[C@H]([C@H](OO)c2ccc[nH]2)[C@](C)(C(C)C)[C@@]14C,10.0,0.4222583381280062,0.4504372246321098,-0.06170342716418459,0.5121406517962943,0.028744543144911983
correct_CP,C=CC1=C(C(=O)O)N2C(=O)[C@@H](NC(=O)/C(=N\O)c3csc(N)n3)[C@H]2SC1,10.0,-0.03329597160170444,-0.033308284005111204,-0.01853176880479432,-0.014776515200316885,-0.13537258380208714
correct_CP,C=CCN1C[C@H](C)N([C@@H](c2ccccc2)c2ccc(C(=O)N(CC)CC)cc2)C[C@H]1C,10.0,0.4853594117968337,0.5299716400278088,-0.0018798052736515962,0.5318514453014604,0.23289480297652151
correct_CP,C=CCN1C[C@H](C)N([C@H](c2ccc(C(=O)N(CC)CC)cc2)c2cccc(O)c2)C[C@H]1C,10.0,0.2731684017766922,0.2802845328746552,-0.035516077998831,0.3158006108734862,0.1395421281632952
correct_CP,C=CCN=C(S)N1CCN(c2ccc([N+](=O)[O-])cc2)CC1,10.0,0.5552302418052744,0.6259110640837577,0.011200995152524708,0.614710068931233,-0.3590216839510023
correct_CP,C=CCc1cccc(C=NNC(=O)CCCNc2ccc(C)cc2)c1O,10.0,0.44633436102621665,0.48011332144758034,-0.0075932023479995114,0.4877065237955799,0.20572817201390056
correct_CP,C=CCn1c(CCC(=O)O)ccc1-c1ccc(OC)cc1,10.0,0.07072806280770712,0.0708463561407511,0.16882209458322864,-0.09797573844247753,0.02675825693183609
correct_CP,CC(/C=C/c1ccco1)=NNC(=O)c1cc(Cl)ccc1O,10.0,0.5927492505482274,0.6818939013510393,0.040393109680347025,0.6415007916706923,0.28065432418856257
correct_CP,CC(=Cc1ccc(C(=O)O)cc1)c1ccc2c(c1)C(C)(C)CCC2(C)C,10.0,0.18333572856976238,0.1854322680094843,0.00820128902190559,0.17723097898757872,0.06194666414707718
correct_CP,CC(=NNC(=O)c1ccc(CN2CCc3ccccc3C2)cc1)c1ccccc1O,10.0,0.47859778046032736,0.5211638568189576,-0.07135322797888875,0.5925170847978464,0.049605440637145684
correct_CP,CC(=O)/C=C(/C)NC(Cc1c[nH]c2ccccc12)C(=O)O,10.0,0.2776159574792549,0.28509708734882366,0.09171306748472607,0.1933840198640976,0.06721741149869473
correct_CP,CC(=O)/C=C/c1ccc2ccccc2n1,10.0,0.33045895960799176,0.3433433903926906,-0.1149956644610074,0.45833905485369797,0.429161296874297
correct_CP,CC(=O)/C=C\[C@@H]1[C@@]2(C)CCCC(C)(C)C2CC[C@@]1(C)O,10.0,0.5763300919188039,0.6569500321604859,0.25610812184947407,0.4008419103110118,0.20997045412173493
correct_CP,CC(=O)N(C)C[C@@H]1OCc2ccccc2-c2c(n(C)c3ccccc23)C(=O)N([C@H](C)CO)C[C@H]1C,9.78501,0.23831160003752694,0.24298328488414417,0.06643647134385115,0.176546813540293,-0.03371635776932029
correct_CP,CC(=O)N(C)C[C@@H]1OCc2ccccc2-c2ccccc2C(=O)N([C@@H](C)CO)C[C@H]1C,9.76582,0.0984700700970389,0.09879020154523432,-0.05645189890037909,0.15524210044561343,-0.1383390557047225
correct_CP,CC(=O)N(C)C[C@@H]1Oc2cc(C#Cc3ccc(F)cc3)ccc2S(=O)(=O)N([C@@H](C)CO)C[C@@H]1C,10.074,-0.07947467598171543,-0.07964263960206622,-0.14406907445868003,0.06442643485661381,0.11632681618902296
correct_CP,CC(=O)N(C)C[C@@H]1Oc2cc(C#Cc3ccc(F)cc3)ccc2S(=O)(=O)N([C@H](C)CO)C[C@@H]1C,10.0443,-0.1560809187500462,-0.157367215498937,0.03562041268740629,-0.1929876281863433,0.26396485899562044
correct_CP,CC(=O)N(C)C[C@@H]1Oc2ncc(C#Cc3ccc(F)cc3)cc2C(=O)N([C@@H](C)CO)C[C@@H]1C,10.0062,-0.1378838684043021,-0.13876778780344112,0.05312102760115636,-0.19188881540459748,0.20515360180592776
correct_CP,CC(=O)N(C)C[C@H]1Oc2cc(C#Cc3ccc(F)cc3)ccc2S(=O)(=O)N([C@H](C)CO)C[C@@H]1C,10.0955,-0.2892869294584036,-0.29778789295816904,0.013308357430539399,-0.3110962503887084,-0.07015166714919531
correct_CP,CC(=O)N(C)C[C@H]1Oc2ncc(C#Cc3ccc(F)cc3)cc2C(=O)N([C@H](C)CO)C[C@@H]1C,10.0611,-0.03322003055827631,-0.033232258870652974,0.03373270778516633,-0.0669649666558193,0.09409570984348997
correct_CP,CC(=O)N(C)c1ccc(NC(=O)Nc2ccc(C)c(C)c2)cc1,10.0,0.49040991831100017,0.536599916464201,0.01689012060644926,0.5197097958577518,0.029436939174628515
correct_CP,CC(=O)N1CCN(S(=O)(=O)c2cccc(C(=O)Nc3nc4ccccc4[nH]3)c2)CC1,20.0,0.0003411621133699309,0.00034116212660606515,0.06866940306419878,-0.06832824093759271,-0.30176760781391343
correct_CP,CC(=O)N1[C@@H]2Cn3c(ccc(/C=C/c4ccccc4)c3=O)[C@H]1[C@@H](C(=O)N(C)C)[C@@H]2CO,10.0796,-0.013319418798973047,-0.013320206535167075,-0.021976604700153654,0.008656398164986579,0.0026825151494594447
correct_CP,CC(=O)N1[C@@H]2c3ccc(-c4cccc(F)c4)c(=O)n3C[C@@H]2[C@@H](CO)[C@@H]1C(=O)NCCCN(C)C,10.125,0.23726065720915537,0.24186935800438764,4.336863032538239e-05,0.24182598937406224,-0.14268789659401981
correct_CP,CC(=O)N1[C@@H]2c3ccc(-c4cncnc4)c(=O)n3C[C@@H]2[C@@H](CO)[C@@H]1C(=O)NCc1ccccc1Cl,10.0251,-0.24955240046761162,-0.254935429325835,-0.11821801992771315,-0.13671740939812188,0.055429400665113454
correct_CP,CC(=O)N1[C@@H]2c3ccc(/C=C/c4ccccc4)c(=O)n3C[C@@H]2[C@@H](CO)[C@@H]1C(=O)Nc1nccs1,9.99873,-0.4054594728825459,-0.4301653356866282,-0.06644292435443934,-0.36372241133218886,0.13778744839656581
correct_CP,CC(=O)N1[C@@H]2c3ccc(C4=CCCC4)c(=O)n3C[C@@H]2[C@@H](CO)[C@@H]1C(=O)Nc1ccccc1,9.97191,0.32814421472960625,0.3407471036647429,-0.017672284003205287,0.35841938766794823,0.22342869836776577
correct_CP,CC(=O)N1[C@H](C(=O)NCCCN(C)C)[C@@H](CO)[C@@H]2Cn3c(ccc(-c4cccc(F)c4)c3=O)[C@@H]21,9.9777,-0.42850368660200844,-0.45806238497552665,-0.05975145005550581,-0.39831093492002084,-0.11099602420892613
correct_CP,CC(=O)N1[C@H](C(=O)NCc2ccccc2F)[C@@H](CO)[C@@H]2Cn3c(cccc3=O)[C@@H]21,9.92312,0.09823388797805137,0.0985517124938423,0.016575939667111253,0.08197577282673105,0.12615319468992975
correct_CP,CC(=O)NC(Cc1c[nH]c2ccccc12)C(=O)OCc1cc(C(F)(F)F)cc(C(F)(F)F)c1,10.0,0.3539499325088644,0.36995223534267646,0.21579181472008663,0.15416042062258983,0.1420537443560868
correct_CP,CC(=O)Nc1ccc(S(=O)(=O)Nc2ccc([N+](=O)[O-])cc2)cc1,10.0,0.13733654207571958,0.13820989692089525,0.04795391273292842,0.09025598418796682,0.13207579996207236
correct_CP,CC(=O)Nc1ccc(S(=O)(=O)Nc2nc3ccccc3nc2Nc2ccc(O)c(C(=O)O)c2)cc1,10.0,0.37367072566247156,0.39268278368616566,0.1298216575479356,0.2628611261382301,-0.12281022292920593
correct_CP,CC(=O)Nc1cccc(C(=O)/C=C/c2ccc(F)cc2)c1,10.0,0.4797070402508632,0.5226036821603485,0.04957035886661522,0.47303332329373327,0.8543336794153398
correct_CP,CC(=O)Nc1cccc(NC(=O)c2ccc(C(=O)Nc3cccc(NC(C)=O)c3)nc2)c1,10.0,0.3112347725880365,0.3219120388788287,0.2084254721150694,0.11348656676375929,0.16116017392592102
correct_CP,CC(=O)Nc1nnc(S(N)(=O)=O)s1,10.0,0.21356723399007985,0.21690609742698275,0.04969784854886122,0.16720824887812152,0.25715876934342546
correct_CP,CC(=O)OCC(CCn1cnc2cnc(N)nc21)COC(C)=O,10.0,0.059584135953267135,0.059654799781856595,0.05824260989108521,0.0014121898907713815,-0.20173405072721604
correct_CP,CC(=O)O[C@@H]1C[C@@]2(C)C(CC[C@@H]2C(C)=O)C2CCC3=CC(=O)CC[C@]3(C)C21,10.0,0.08312841948950676,0.08332069906907456,-0.013118857463895257,0.09643955653296982,0.20303094948371533
correct_CP,CC(=O)O[C@]1(C(C)=O)CCC2C3C=C(Cl)C4=CC(=O)[C@@H]5C[C@@H]5[C@]4(C)C3CC[C@@]21C,10.0,0.3847423608762855,0.4056141374016225,0.25344220817019647,0.15217192923142603,0.006551319080558504
correct_CP,CC(=O)O[C@]1(C(C)=O)CCC2C3C[C@H](C)C4=CC(=O)CC[C@]4(C)C3CC[C@@]21C,10.0,0.6214969033886396,0.7274403809547597,0.3049696795944036,0.42247070136035614,-0.4358516116152712
correct_CP,CC(=O)Oc1ccc(C(c2ccc(OC(C)=O)cc2)c2ccccn2)cc1,10.0,-0.1245039807432911,-0.12515335325603705,0.0058735818307885865,-0.13102693508682564,0.053216927024582666
correct_CP,CC(=O)Oc1ccc(NC(=O)C2CCCCC2)c(C(=O)O)c1,10.0,0.2690005148195638,0.27578605896073977,0.07528155610550165,0.20050450285523813,-0.09495380390419848
correct_CP,CC(=O)Oc1ccc2c(c1C(C)C)CCC1C(C)(C)CCC[C@]21C,10.0,0.039809081634504154,0.039830130972681045,-0.03664850372279722,0.07647863469547826,0.29378899585895774
correct_CP,CC(=O)[C@H]1CC[C@H]2[C@@H]3CC[C@H]4C[C@H](O)CC[C@]4(C)[C@H]3CC[C@]12C,10.0,0.018675967967303347,0.018678139763191364,-0.08035457056011122,0.09903271032330259,-0.10158487712752565
correct_CP,CC(=O)c1c(C)[nH]c(C2=NN=C(NC(C)(C)C)SC2)c1C,10.0,0.05801959919439426,0.05808483429200052,-0.009639984378710395,0.06772481867071092,0.1590723751086378
correct_CP,CC(=O)c1ccc(O)c(CC=C(C)C)c1,10.0,-0.07782624825851864,-0.0779839510201966,-0.008888916758520122,-0.06909503426167649,-0.14589864230450245
correct_CP,CC(=O)c1ccc(OCc2ccc(Oc3c(Cl)cccc3[N+](=O)[O-])cc2)cc1,10.0,0.2733141713903039,0.2804420638795991,0.05208787514628725,0.2283541887333118,0.10922524626604609
correct_CP,CC(=O)c1cccc(NS(=O)(=O)c2ccc(-c3cc(C)no3)s2)c1,10.0,-0.23422805001577018,-0.23865829146247092,0.05316773455218676,-0.2918260260146577,-0.3257099749076577
correct_CP,CC(C(=O)O)c1cccc(C(=O)c2ccccc2)c1,10.0,0.2088123987694108,0.21192927932520783,-0.04305120060068356,0.2549804799258914,-0.25157848862326254
correct_CP,CC(C(=O)OC1CC2CCC(C1)N2C)c1ccc(Br)cc1,10.0,0.4577254248723973,0.49443005118063804,0.30006458079576515,0.1943654703848729,0.16523063623937373
correct_CP,CC(C)(C)CC(C)(C)N=C(S)NC1CCN(Cc2ccccc2)CC1,10.0,0.3073753036621546,0.31764426628887577,-0.016087934492480933,0.3337322007813567,0.16976152544388198
correct_CP,CC(C)(C)CCNc1nc(-c2ccccn2)nnc1-c1ccccc1,20.0,0.3853603385592662,0.4063396886467728,0.03922412589660817,0.3671155627501646,0.8260277124207228
correct_CP,CC(C)(C)NCC(O)c1cc(Cl)c(N)c(Cl)c1,10.0,-0.28593025098484975,-0.2941285104403179,-0.01004502354242743,-0.2840834868978905,-0.1894118573867205
correct_CP,CC(C)(C)Nc1ncnc2c1cnn2-c1ccccc1,10.0,0.3086487348761044,0.3190511729863683,-0.0827454629217455,0.4017966359081138,0.11361289728922744
correct_CP,CC(C)(C)OC(=O)NN=Cc1ccc(OC(=O)c2ccco2)cc1,10.0,0.30737419868172655,0.31764304601820503,-0.03122854016949239,0.3488715861876974,-0.06221361643447265
correct_CP,CC(C)(C)[C@@H]1CCC(=O)N(CC[C@H](Sc2ccccc2)c2ccccc2)CC1,10.0,-0.046605141806494235,-0.046638928581463894,0.07760685985572097,-0.12424578843718487,-0.1865817946755698
correct_CP,CC(C)(C)[S@@](=O)N1Cc2cc(C(=O)N3CCCCC3)nc(-c3cccc(-c4cccc(C#N)c4)c3)c2[C@H]1CCO,10.0083,0.29920301614577166,0.3086440275967734,-0.14481198760324476,0.45345601520001816,0.09673765274786067
correct_CP,CC(C)(C)[S@@](=O)N1Cc2cc(C(=O)N3CCCCC3)nc(-c3cccc(-c4ccccc4F)c3)c2[C@H]1CCO,10.1202,-0.053684049516370395,-0.053735710946485195,-0.10057021023843943,0.04683449929195423,0.09272992276238497
correct_CP,CC(C)(C)[S@@](=O)N1Cc2cc(C(=O)N3CCc4ccccc4C3)nc(-c3cccc(-c4ccncc4)c3)c2[C@H]1CCO,10.027,0.2702149352092826,0.27709567323001527,0.06937973861332192,0.20771593461669335,-0.061658393066732944
correct_CP,CC(C)(C)[S@@](=O)N1Cc2cc(C(=O)NC3CCC3)nc(-c3cccc(-c4ccccc4F)c3)c2[C@H]1CCO,10.0785,-0.10346371077950454,-0.1038352842959915,-0.10026909214602624,-0.0035661921499652582,0.031860379923068394
correct_CP,CC(C)(C)[S@@](=O)N1Cc2cc(C(=O)NCc3ccc4c(c3)OCO4)nc(-c3cccc(-c4ccccc4)c3)c2[C@H]1CCO,9.84483,-0.21235610236629737,-0.21563742807344177,-0.19159105364920598,-0.024046374424235795,-0.09948893446552776
correct_CP,CC(C)(C)[S@@](=O)N1Cc2cc(C(=O)NCc3ccccc3F)nc(-c3cccc(-c4ccncc4)c3)c2[C@H]1CCO,10.0185,0.3183491117824451,0.3298089636362476,-0.18974235589645194,0.5195513195326995,0.48342022636923104
correct_CP,CC(C)(C)[S@@](=O)N1Cc2cc(C(=O)N[C@H]3CCN(Cc4ccccc4)C3)nc(-c3cccc(-c4cccnc4)c3)c2[C@H]1CCO,10.1413,0.3880835874246981,0.40954183415801465,-0.05389799193647726,0.4634398260944919,0.09647333602888074
correct_CP,CC(C)(C)[S@](=O)N1Cc2cc(C(=O)NCCc3ccncc3)nc(-c3cccc(-c4ccncc4)c3)c2[C@@H]1CCO,10.5897,0.2052982745596168,0.20825774496029392,-0.2489807790595394,0.45723852401983334,0.16687419934929926
correct_CP,CC(C)(C)[S@](=O)N1Cc2cc(C(=O)NCc3ccccc3F)nc(-c3cccc(-c4ccncc4)c3)c2[C@@H]1CCO,10.5212,0.08270335462267463,0.08289269162547286,-0.19213928057747454,0.2750319722029474,0.2733237784586585
correct_CP,CC(C)(C)[S@](=O)N1Cc2cc(C(=O)NCc3ccccc3F)nc(-c3cccc(-c4cncnc4)c3)c2[C@@H]1CCO,10.5048,0.42417916918623144,0.4527771752112055,-0.2677374811938094,0.7205146564050149,0.32193713001449514
correct_CP,CC(C)(C)c1ccc(C(=O)Nc2cccc3c(=O)[nH][nH]c(=O)c23)cc1,10.0,0.545201237576367,0.6115271954899586,-0.041159479347911615,0.6526866748378702,-0.3068448296496201
correct_CP,CC(C)(C)c1ccc(C=CC(=O)Nc2ccc3c(c2)OCCO3)cc1,10.0,0.25514737473298493,0.2609109471801308,0.017473246018941124,0.24343770116118968,0.16476475236810273
correct_CP,CC(C)(C)c1ccc(Cn2cnc(-c3ccc([N+](=O)[O-])cc3)c2)cc1,10.0,0.43610913728748124,0.4674160103361497,0.06445169303793437,0.40296431729821536,-0.29695709841782486
correct_CP,CC(C)(C)c1ccc(NC(=O)COc2ccc(-n3ccnc3)cc2)cc1,10.0,0.29474315541055884,0.3037527819206375,0.09488582956589411,0.20886695235474337,0.15537221719059055
correct_CP,CC(C)(C)c1ccc2c(c1)OC(C(=O)NN=Cc1ccccn1)CO2,20.0,0.4607595002024325,0.4982750586912513,0.12842813439830233,0.36984692429294896,0.18571984093872054
correct_CP,CC(C)(O)/C=C/C(=O)[C@](C)(O)C1[C@H](O)C[C@@]2(C)[C@@H]3CC=C4C(CC(=O)C(=O)C4(C)C)[C@]3(C)C(=O)C[C@@]12C,10.0,0.45199852115684513,0.4872090956669657,-0.015155207504982778,0.5023643031719485,0.5902635668316898
correct_CP,CC(C)(Oc1ccc(Cl)cc1)C(=O)O,10.0,0.6656483132090846,0.8028881552284132,-0.03210119315853497,0.8349893483869482,0.11949954388088832
correct_CP,CC(C)(c1ccc(NS(=O)(=O)C(F)(F)F)cc1)c1ccc(C(C)(C)c2cccc(NS(=O)(=O)C(F)(F)F)c2)cc1,10.0,0.16166841933187243,0.16309942003334438,0.010185153126485358,0.15291426690685903,-0.15059170996758164
correct_CP,CC(C)C#Cc1ccc2c(c1)O[C@@H](CN(C)C(=O)Nc1ccccc1)[C@H](C)CN([C@H](C)CO)S2(=O)=O,10.0264,0.4502541305674082,0.48501898332469595,-0.020140726949735056,0.505159710274431,0.25031465547453163
correct_CP,CC(C)C#Cc1cnc2c(c1)C(=O)N([C@@H](C)CO)C[C@@H](C)[C@H](CN(C)C(=O)c1cccnc1)O2,10.0102,-0.18839474997891348,-0.19067232459798011,0.0059937400215228955,-0.196666064619503,0.16663464686595914
correct_CP,CC(C)C#Cc1cnc2c(c1)C(=O)N([C@H](C)CO)C[C@@H](C)[C@@H](CN(C)Cc1cncnc1)O2,10.1643,0.17794202794678038,0.17985661627486338,-0.02548286571438047,0.20533948198924384,0.12378967512354294
correct_CP,CC(C)C#Cc1cnc2c(c1)C(=O)N([C@H](C)CO)C[C@H](C)[C@H](CN(C)Cc1cncnc1)O2,10.0568,-0.05209667095109968,-0.05214387906830443,-0.06544147179345375,0.01329759272514932,0.06298577179643793
correct_CP,CC(C)C(=O)OCC(=O)C(C#N)c1nc2ccccc2[nH]1,10.0,-0.04759897819746957,-0.04763497488752724,0.017740120594107553,-0.0653750954816348,-0.1521878079189498
correct_CP,CC(C)C1N=C2c3ccccc3N=C(SCC(=O)NCCc3ccc(S(N)(=O)=O)cc3)N2C1=O,10.0,0.42235068201239284,0.4505496117606966,0.13089900393134238,0.31965060782935417,0.22760088716814816
correct_CP,CC(C)CC#Cc1ccc2c(c1)O[C@@H](CN(C)C(=O)CC1CC1)[C@@H](C)CN([C@@H](C)CO)S2(=O)=O,10.0001,0.08910066070129495,0.08933757815392854,0.0019603070835470986,0.08737727107038144,0.28064866820672374
correct_CP,CC(C)CC#Cc1ccc2c(c1)O[C@@H](CN(C)C(=O)CC1CC1)[C@H](C)CN([C@H](C)CO)S2(=O)=O,10.0733,0.3112339776130461,0.3219111586376613,0.02470899620804031,0.297202162429621,0.3219243397899947
correct_CP,CC(C)CC#Cc1ccc2c(c1)O[C@@H](CN(C)C(=O)c1cnccn1)[C@@H](C)CN([C@@H](C)CO)S2(=O)=O,10.0125,0.44155858928216796,0.4741652263111761,0.190088566530781,0.2840766597803951,0.19255939531257754
correct_CP,CC(C)CC#Cc1ccc2c(c1)O[C@@H](CN(C)S(=O)(=O)c1ccc(F)cc1)[C@@H](C)CN([C@H](C)CO)S2(=O)=O,9.97582,0.11491530274710579,0.11542518790395177,0.10230506368818788,0.01312012421576389,-0.21616720101730047
correct_CP,CC(C)CC#Cc1ccc2c(c1)O[C@@H](CN(C)S(=O)(=O)c1ccc(F)cc1)[C@H](C)CN([C@@H](C)CO)S2(=O)=O,10.0732,0.3010833108272109,0.3107104815288416,-0.007542332998436083,0.3182528145272777,0.2180508757395978
correct_CP,CC(C)CC#Cc1ccc2c(c1)O[C@H](CN(C)S(=O)(=O)c1ccc(F)cc1)[C@H](C)CN([C@@H](C)CO)S2(=O)=O,10.0442,0.2242523952831921,0.22812921574388872,-0.0040845096075145535,0.23221372535140328,-0.07579561454790547
correct_CP,CC(C)CC#Cc1cnc2c(c1)C(=O)N([C@@H](C)CO)C[C@H](C)[C@H](CN(C)C(=O)c1cccc(F)c1)O2,10.027,-0.07123470783568252,-0.07135556676478327,0.03714328461655128,-0.10849885138133455,0.05078973796708881
correct_CP,CC(C)COC(=O)N(C)C[C@@H]1OCc2ccccc2-c2c(n(C)c3ccccc23)C(=O)N([C@H](C)CO)C[C@@H]1C,9.75033,-0.17005009174050773,-0.17171824642696312,-0.09344346651997312,-0.07827477990699,0.34271802818976715
correct_CP,CC(C)COC(=O)N(C)C[C@@H]1OCc2ccccc2-c2ccccc2C(=O)N([C@H](C)CO)C[C@@H]1C,10.2633,-0.27446348701827444,-0.28168458772797267,-0.09392912639518823,-0.18775546133278442,0.19927667695612888
correct_CP,CC(C)COC(=O)N(C)C[C@@H]1OCc2ccccc2-c2ccccc2C(=O)N([C@H](C)CO)C[C@H]1C,10.1029,0.13293711651041043,0.13372862680243067,0.007936711231281094,0.12579191557114958,-0.2724098702584951
correct_CP,CC(C)COC(=O)N(C)C[C@@H]1OCc2cn(nn2)CCCC(=O)N([C@H](C)CO)C[C@@H]1C,10.0127,-0.01689042260561079,-0.016892029083087047,-0.011096123452309073,-0.005795905630777974,-0.11084555846050416
correct_CP,CC(C)COC(=O)N(C)C[C@@H]1OCc2cnnn2CCCC(=O)N([C@@H](C)CO)C[C@H]1C,9.99401,-0.21121632970984242,-0.21444413187005412,-0.019174157467778785,-0.19526997440227534,-0.08698127536560026
correct_CP,CC(C)COC(=O)N(C)C[C@H]1OCc2ccccc2-c2c(n(C)c3ccccc23)C(=O)N([C@@H](C)CO)C[C@@H]1C,10.0439,0.028099813999804206,0.028107213372445466,0.011785375642543424,0.01632183772990204,0.019913848626068688
correct_CP,CC(C)COC(=O)N(C)C[C@H]1OCc2ccccc2-c2ccccc2C(=O)N([C@H](C)CO)C[C@H]1C,9.95358,0.23706554024185772,0.24166261235091036,-0.005721915783355264,0.24738452813426562,-0.03381262892236707
correct_CP,CC(C)COC(=O)N(C)C[C@H]1OCc2cn(nn2)CCCC(=O)N([C@@H](C)CO)C[C@@H]1C,10.0027,-0.20672969318002785,-0.20975260852412614,0.09054334479859491,-0.3002959533227211,0.0712576992732086
correct_CP,CC(C)COC(=O)N(C)C[C@H]1OCc2cnnn2CCCC(=O)N([C@@H](C)CO)C[C@@H]1C,10.0057,0.32057419371558654,0.33228693864894665,-0.04727914322621122,0.3795660818751579,0.05732890895078479
correct_CP,CC(C)COC(=O)N(C)C[C@H]1OCc2cnnn2CCCC(=O)N([C@H](C)CO)C[C@@H]1C,10.0003,0.1233433799963945,0.12397465094458585,0.0672296737490454,0.05674497719554045,-0.14745949982502127
correct_CP,CC(C)NC(=O)N(C)C[C@@H]1OCCCC[C@@H](C)Oc2ccc(NC(=O)c3ccncc3)cc2C(=O)N([C@H](C)CO)C[C@H]1C,10.0933,-0.17961607185393363,-0.18158593297069953,0.016670333753050975,-0.1982562667237505,-0.2571852335419758
correct_CP,CC(C)NC(=O)N(C)C[C@@H]1OCc2cn(nn2)CCCC(=O)N([C@H](C)CO)C[C@@H]1C,10.1945,0.3849509718598104,0.4058590167167553,0.025632378274345658,0.3802266384424096,-0.10380408959527587
correct_CP,CC(C)NC(=O)N(C)C[C@@H]1Oc2ccc(N(C)C)cc2C(=O)N([C@@H](C)CO)C[C@@H]1C,10.0311,-0.019556683924547093,-0.01955917773862624,0.0074796935518944545,-0.027038871290520697,-0.14484834760050472
correct_CP,CC(C)NC(=O)N(C)C[C@@H]1Oc2ccc(NC(=O)C3CC3)cc2CC(=O)N([C@@H](C)CO)C[C@@H]1C,10.1285,0.22771244542359473,0.23177547781456379,0.054374599660286196,0.17740087815427757,0.27031234928048087
correct_CP,CC(C)NC(=O)N(C)C[C@@H]1Oc2ncc(C#CC3CC3)cc2C(=O)N([C@H](C)CO)C[C@H]1C,10.076,0.2342976197746758,0.2387319008357922,-0.004423533334124053,0.24315543416991625,0.17636828332980822
correct_CP,CC(C)NC(=O)N(C)C[C@H]1OCCCC[C@H](C)Oc2ccc(NC(=O)c3ccncc3)cc2C(=O)N([C@H](C)CO)C[C@@H]1C,10.0641,-0.19581280226130468,-0.19837466366288206,-0.0145261094955924,-0.18384855416728965,0.2899784377929542
correct_CP,CC(C)NC(=O)N(C)C[C@H]1OCc2ccccc2-c2c(n(C)c3ccccc23)C(=O)N([C@H](C)CO)C[C@H]1C,10.0705,0.06943621380241526,0.06954813070920839,-0.10670859423064141,0.17625672493984978,0.3095991947766912
correct_CP,CC(C)NC(=O)N(C)C[C@H]1OCc2cn(nn2)CCCC(=O)N([C@@H](C)CO)C[C@@H]1C,10.0468,-0.38379601740665503,-0.4045038448780657,-0.12360083025847154,-0.2809030146195941,-0.11706167498402123
correct_CP,CC(C)NC(=O)N(C)C[C@H]1Oc2cc(C#C[C@@H](C)O)ccc2S(=O)(=O)N([C@H](C)CO)C[C@H]1C,10.0953,0.6510806467361636,0.7771722369531838,0.2111339375572669,0.566038299395917,-0.07641392356609922
correct_CP,CC(C)NC(=O)N(C)C[C@H]1Oc2ccc(N(C)C)cc2C(=O)N([C@@H](C)CO)C[C@@H]1C,9.75738,0.13595602409043758,0.13680311089576752,0.03006810759442899,0.10673500330133853,0.1346180061358847
correct_CP,CC(C)NC(=O)N(C)C[C@H]1Oc2ccc(NC(=O)C3CC3)cc2C(=O)N([C@@H](C)CO)C[C@@H]1C,9.85014,-0.1781971080667049,-0.18012004954154354,0.010199114861612704,-0.19031916440315624,0.09577652263902506
correct_CP,CC(C)NC(=O)N1[C@@H]2Cn3c(ccc(-c4cccc(C(=O)N(C)C)c4)c3=O)[C@H]1[C@@H](C(=O)O)[C@@H]2CO,10.0437,-0.17684105996799585,-0.17871987754494825,-0.046372187705851484,-0.13234768983909678,0.11901110266151248
correct_CP,CC(C)NC(=O)N1[C@H](C#N)[C@@H](c2ccc(-c3ccc(F)cc3)cc2)[C@@H]1CO,10.1843,0.26904018283455267,0.275828821806165,0.004234240668602188,0.27159458113756285,0.022906657773058094
correct_CP,CC(C)NC(=O)N1[C@H](C#N)[C@@H](c2ccc(-c3ccc(F)cc3)cc2)[C@H]1CO,10.0013,-0.09430028582829468,-0.0945813099145801,-0.0741575597147218,-0.0204237501998583,0.3843210708201852
correct_CP,CC(C)NC(=O)N1[C@H](C#N)[C@@H](c2ccc(C#CC3CCCCC3)cc2)[C@@H]1CO,9.98957,0.12854716485570888,0.1292623226735372,0.04818262193226927,0.08107970074126794,-0.08867228696677926
correct_CP,CC(C)NC(=O)N1[C@H](C#N)[C@@H](c2ccc(C#CC3CCCCC3)cc2)[C@H]1CO,10.0301,-0.020532664166248226,-0.020535550353689827,0.03855888643342934,-0.05909443678711917,-0.08590490287914287
correct_CP,CC(C)NC(=O)NCC[C@@H]1CC[C@H](NC(=O)CCN2CCCCC2)[C@H](CO)O1,10.1369,-0.11062949485511643,-0.11108416557886865,0.05137960911083736,-0.16246377468970602,-0.08521605966271442
correct_CP,CC(C)NC(=O)NCC[C@H]1CC[C@@H](NC(=O)Nc2ccccc2)[C@@H](CO)O1,10.2596,0.2313652330372594,0.23563143356989935,0.3150255811780257,-0.07939414760812635,-0.2469534544937732
correct_CP,CC(C)NC(=O)NCC[C@H]1CC[C@@H](NS(=O)(=O)c2ccc(Oc3ccccc3)cc2)[C@H](CO)O1,10.0977,0.46809765419409033,0.5076314084577055,-0.15412253519070904,0.6617539436484146,0.20646231206369786
correct_CP,CC(C)NC(=O)N[C@@H]1C=C[C@@H](CC(=O)NC2Cc3ccccc3C2)O[C@@H]1CO,10.102,0.23102203706960167,0.2352688577395889,0.08880058875154156,0.14646826898804732,0.2328506246534333
correct_CP,CC(C)NC(=O)N[C@@H]1C=C[C@@H](CC(=O)NC2Cc3ccccc3C2)O[C@H]1CO,9.95058,0.09565460851379727,0.09594796098705329,-0.06241485241766695,0.15836281340472025,-0.17550311761142828
correct_CP,CC(C)NC(=O)N[C@@H]1C=C[C@H](CC(=O)NC2Cc3ccccc3C2)O[C@@H]1CO,10.0034,0.16458238500764447,0.16609304819559623,0.1300656173305734,0.03602743086502283,0.2469913231097234
correct_CP,CC(C)NC(=O)N[C@@H]1C=C[C@H](CC(=O)NCCCN(C)C)O[C@@H]1CO,10.1322,-0.0873874033774195,-0.08761087453750463,0.053628316761764785,-0.14123919129926943,-0.10431681960809047
correct_CP,CC(C)NC(=O)N[C@@H]1CC[C@@H](CC(=O)NCc2ccc(Oc3ccccc3)cc2)O[C@H]1CO,10.0603,0.5824211060324523,0.6661189023709624,0.016028612813354284,0.6500902895576081,0.4184912077086477
correct_CP,CC(C)NC(=O)N[C@@H]1CC[C@@H](CCN)O[C@@H]1CO,10.0971,-0.02819694708164982,-0.028204423476978883,-0.030386700494343662,0.0021822770173647796,-0.034066343831198165
correct_CP,CC(C)NC(=O)N[C@H]1C=C[C@@H](CC(=O)NCCCN(C)C)O[C@@H]1CO,10.0109,0.041086998766122894,0.0411101424346536,-0.00352862582142658,0.04463876825608018,0.10564536513313719
correct_CP,CC(C)NC(=O)N[C@H]1C=C[C@H](CC(=O)NCCCN(C)C)O[C@@H]1CO,9.9989,0.1935548259434376,0.1960277333362876,-0.10361137623436524,0.2996391095706528,0.0067066287547607045
correct_CP,CC(C)NC(=O)N[C@H]1C=C[C@H](CC(=O)O)O[C@H]1CO,10.0087,0.33685304696839036,0.35053852215329695,0.04327948600410722,0.3072590361491897,0.07048744322180459
correct_CP,CC(C)NC(=O)N[C@H]1CC[C@@H](CC(=O)NCc2ccc(Oc3ccccc3)cc2)O[C@@H]1CO,9.96555,0.1459803310523764,0.1470307544594465,0.042353212627392826,0.10467754183205366,-0.1986729090818713
correct_CP,CC(C)NC(=O)N[C@H]1CC[C@@H](CCN)O[C@H]1CO,9.94691,-0.05478517107499458,-0.05484008100431726,-0.06705385208698797,0.012213771082670709,-0.02697620111611851
correct_CP,CC(C)NC(=O)N[C@H]1CC[C@@H](CCNS(=O)(=O)Cc2ccccc2)O[C@H]1CO,9.98625,0.03253441191417358,0.03254589830439708,0.04473241791221794,-0.012186519607820856,-0.0358535969104141
correct_CP,CC(C)NC(=O)Nc1ccc2c(c1)C(=O)N(C)[C@H]1CC[C@H](CC(=O)NCc3ccc(F)cc3)O[C@@H]1CO2,10.022,-0.12051120372547597,-0.12109973335060223,0.008167781215454993,-0.12926751456605723,-0.35988763174686533
correct_CP,CC(C)NC(=O)Nc1ccc2c(c1)C(=O)N(C)[C@H]1CC[C@H](CC(=O)NCc3ccc(F)cc3)O[C@H]1CO2,9.83263,0.28856289564921606,0.2969979135094447,0.06372324965066205,0.23327466385878265,-0.13834515350425397
correct_CP,CC(C)NC(=O)Nc1ccc2c(c1)C(=O)N(C)[C@H]1CC[C@H](CC(=O)Nc3ccccc3Cl)O[C@@H]1CO2,10.0,0.2705902574867644,0.2775006029915502,0.019130372716497628,0.25837023027505257,0.1439250267007445
correct_CP,CC(C)NC(=O)Nc1ccc2c(c1)C(=O)N([C@@H](C)CO)C[C@@H](C)[C@@H](CN(C)C(=O)C1CCCCC1)OCCCC[C@@H](C)O2,10.0299,0.31782838241158934,0.329229615545256,-0.010352132510602852,0.33958174805585883,0.16864151855137094
correct_CP,CC(C)NC(=O)Nc1ccc2c(c1)C(=O)N([C@@H](C)CO)C[C@@H](C)[C@H](CN(C)Cc1ccccc1)OCCCC[C@H](C)O2,10.0289,0.14988621423231527,0.15102403309099308,-0.006737860172660409,0.15776189326365347,-0.004087399484211135
correct_CP,CC(C)NC(=O)Nc1ccc2c(c1)C(=O)N([C@H](C)CO)C[C@@H](C)[C@@H](CN(C)C(=O)c1ccccc1)OCCCC[C@H](C)O2,10.0416,-0.11078031245006166,-0.11123685446431063,-0.05461568513686795,-0.056621169327442676,0.09527771756646744
correct_CP,CC(C)NC(=O)Nc1ccc2c(c1)C(=O)N([C@H](C)CO)C[C@@H](C)[C@@H](CN(C)Cc1ccccc1)OCCCC[C@@H](C)O2,10.0511,0.5029723039004228,0.5532771056343817,0.008852157147992017,0.5444249484863897,0.26586829563204106
correct_CP,CC(C)NC(=O)Nc1ccc2c(c1)C(=O)N([C@H](C)CO)C[C@@H](C)[C@H](CN(C)C(=O)C1CCCCC1)OCCCC[C@@H](C)O2,10.0429,0.1423841686091396,0.1433582416111633,0.012731235010445643,0.13062700660071766,0.09972768279771127
correct_CP,CC(C)NC(=O)Nc1ccc2c(c1)C(=O)N([C@H](C)CO)C[C@@H](C)[C@H](CN(C)C(=O)Nc1ccccc1)O2,10.1396,0.13795430784292026,0.13883959309907876,-0.0040291107076996496,0.1428687038067784,-0.0983114741752735
correct_CP,CC(C)NC(=O)Nc1ccc2c(c1)C(=O)N([C@H](C)CO)C[C@@H](C)[C@H](CN(C)C(=O)c1ccccc1)OCCCC[C@H](C)O2,10.0756,-0.19196367901730685,-0.19437518365797005,0.05293678272541781,-0.24731196638338787,0.00532203016912363
correct_CP,CC(C)NC(=O)Nc1ccc2c(c1)C(=O)N([C@H](C)CO)C[C@H](C)[C@@H](CN(C)C(=O)c1ccccc1)OCCCC[C@H](C)O2,10.0798,0.1915271481258256,0.19392199052174583,0.006452880485628778,0.18746911003611705,0.21154161398830734
correct_CP,CC(C)NC(=O)Nc1ccc2c(c1)C(=O)N([C@H](C)CO)C[C@H](C)[C@H](CN(C)C(=O)C1CCCCC1)OCCCC[C@@H](C)O2,10.0402,-0.34657622886452816,-0.36154732203213946,-0.021300276800671196,-0.34024704523146826,-0.14648314747370605
correct_CP,CC(C)NC(=O)Nc1ccc2c(c1)C(=O)N([C@H](C)CO)C[C@H](C)[C@H](CN(C)C(=O)Nc1ccccc1)O2,10.3344,0.26706164049750075,0.27369711249156004,0.0028709686218941054,0.2708261438696659,0.1412334988623902
correct_CP,CC(C)NC(=O)Nc1cccc2c1O[C@@H](CN(C)C(=O)Nc1ccccc1)[C@@H](C)CN([C@H](C)CO)C2=O,10.0594,0.1284485939717416,0.1291620968909261,-0.0651272376582239,0.19428933454914998,-0.13320308873691375
correct_CP,CC(C)NC(=O)Nc1cccc2c1O[C@@H](CN(C)Cc1ccccc1)[C@@H](C)CN([C@@H](C)CO)C2=O,10.1156,0.36746454220683145,0.3854886631305755,-0.028665486540399458,0.41415414967097497,0.052299019293672026
correct_CP,CC(C)NC(=O)Nc1cccc2c1O[C@@H](CN(C)Cc1ccccc1)[C@@H](C)CN([C@H](C)CO)C2=O,10.0459,-0.07270342316186952,-0.072831929249867,-0.0911370850906762,0.01830515584080919,-0.1337772539619357
correct_CP,CC(C)NC(=O)Nc1cccc2c1O[C@@H](CN(C)Cc1ccccc1)[C@H](C)CN([C@@H](C)CO)C2=O,10.0336,-0.0024745806215419114,-0.002474585672632575,-0.008938001049028888,0.006463415376396313,-0.21959028002650413
correct_CP,CC(C)NCC(O)COc1cccc2[nH]ccc12,10.0,0.18947122467367333,0.19178864730769077,0.04478448294935038,0.1470041643583404,0.27349208176287704
correct_CP,CC(C)NCC(O)c1ccc2ccccc2c1,10.0,-0.3576302795416978,-0.3741659954527981,-0.00033821014184445136,-0.3738277853109537,0.10050812071362264
correct_CP,CC(C)Nc1nc(Cl)nc(NC2CCCCC2)n1,10.0,0.4793703552618763,0.5221664531268919,-0.032915571553636905,0.5550820246805288,-0.12109053570079091
correct_CP,CC(C)OC(=O)N(C)C[C@@H]1OCc2ccccc2-c2ccccc2C(=O)N([C@@H](C)CO)C[C@H]1C,10.1211,0.05654708186015896,0.05660746888838517,0.03864226102467856,0.01796520786370661,-0.042200367679105795
correct_CP,CC(C)OC(=O)N(C)C[C@H]1OCc2ccccc2-c2ccccc2C(=O)N([C@H](C)CO)C[C@H]1C,10.1667,0.36240922672761194,0.37965662269486394,-0.04925797654611558,0.4289145992409795,0.32124918056500645
correct_CP,CC(C)OC(=O)N(C)C[C@H]1OCc2cn(nn2)CCCC(=O)N([C@@H](C)CO)C[C@@H]1C,10.0184,-0.06529714061117962,-0.06539018158112052,0.003002922563605348,-0.06839310414472587,0.09836353426784078
correct_CP,CC(C)[C@@H](C)NC(=O)N(C)C[C@H]1OCc2ccccc2-c2ccccc2C(=O)N([C@@H](C)CO)C[C@H]1C,10.1637,0.35299064654594475,0.3688559819880848,-0.03461156650251656,0.40346754849060135,0.016136779017019164
correct_CP,CC(C)[C@@]1(NC(=O)[C@@H]2CC3c4cccc5[nH]cc(c45)C[C@H]3N(C)C2)O[C@@]2(O)[C@@H]3CCCN3C(=O)[C@H](Cc3ccccc3)N2C1=O,10.0,0.26468944657759913,0.271144471303464,0.005572904011583994,0.26557156729188,0.28415936324854124
correct_CP,CC(C)[C@H](C)NC(=O)N(C)C[C@@H]1OCc2ccccc2-c2c(n(C)c3ccccc23)C(=O)N([C@@H](C)CO)C[C@@H]1C,9.76388,0.23143455251221948,0.23570467481398716,0.10535046680875504,0.13035420800523212,-0.26059889107383055
correct_CP,CC(C)[C@H](C)NC(=O)N(C)C[C@@H]1OCc2ccccc2-c2c(n(C)c3ccccc23)C(=O)N([C@@H](C)CO)C[C@H]1C,10.0263,0.11222507133349106,0.11269980222553634,0.04434396401146665,0.0683558382140697,0.061799112130901585
correct_CP,CC(C)[C@H](C)NC(=O)N(C)C[C@H]1OCc2ccccc2-c2c(n(C)c3ccccc23)C(=O)N([C@@H](C)CO)C[C@H]1C,10.1992,0.383234729326243,0.40384576349960816,-0.021587836173153723,0.4254335996727619,-0.3621221883358966
correct_CP,CC(C)[C@H](C)NC(=O)N(C)C[C@H]1OCc2ccccc2-c2ccccc2C(=O)N([C@H](C)CO)C[C@H]1C,10.1939,0.20940605843938856,0.2125500847713109,0.07136588067492665,0.14118420409638427,-0.08185200265385614
correct_CP,CC(C)[C@H](CO)Nc1nc(NCc2ccc(S(N)(=O)=O)cc2)c2ncn(C(C)C)c2n1,10.0,0.2778778155911713,0.285380834677567,0.08916678988792322,0.19621404478964377,0.4766621414267836
correct_CP,CC(C)[C@H](NC(=O)c1cccc(S(=O)(=O)N2CCCC2)c1)c1nc2ccccc2[nH]1,20.0,0.3798008975531998,0.399826965570626,0.052684553452924714,0.3471424121177013,0.22748625972654263
correct_CP,CC(C)[C@H]1C(=O)N2CCC[C@H]2[C@]2(O)O[C@](NC(=O)[C@@H]3C=C4c5cccc6[nH]cc(c56)C[C@H]4N(C)C3)(C(C)C)C(=O)N12,10.0,0.36677765333065715,0.3846947757262009,-0.047383074070762955,0.4320778497969639,-0.3228196009628672
correct_CP,CC(C)c1ccc(NS(=O)(=O)c2cn(C)c(=O)n(C)c2=O)cc1,10.0,-0.15579058158771494,-0.1570696425632471,-0.14676805466646597,-0.010301587896781123,0.06623972104498559
correct_CP,CC(C)c1ccc(OCC(=O)NNC(=O)c2cnccn2)cc1,10.0,0.7675464008201747,1.0143285089841645,0.0795447822810425,0.934783726703122,0.40449253235365584
correct_CP,CC(C)c1ccc(S(=O)(=O)N2CCN(C(=O)c3ccco3)CC2)cc1,10.0,0.11905322961927871,0.11962053576644971,-0.026554861297745078,0.1461753970641948,-0.01468819122996156
correct_CP,CC(C)c1ccc2c(c1)CC[C@H]1[C@](C)(CN)CCC[C@]21C,10.0,0.5193263234623527,0.5754168473164015,0.0012124695052007162,0.5742043778112008,0.1889418195143246
correct_CP,CC(C)c1ccc2nc(N)sc2c1,10.0,0.15186626425847427,0.15305020693183424,-0.07060424147465251,0.22365444840648674,0.06302522573348189
correct_CP,CC(C)c1cn(CC[C@@H]2CC[C@H](NC(=O)c3cccc(F)c3)[C@@H](CO)O2)nn1,10.1153,-0.05408624181088884,-0.05413907445639093,-0.002302206637366186,-0.05183686781902474,-0.2514548247137414
correct_CP,CC(C)c1cn(CC[C@@H]2CC[C@H](NS(=O)(=O)Cc3ccccc3)[C@H](CO)O2)nn1,10.0341,0.1069487587490986,0.10735934149705682,-0.006510685622186115,0.11387002711924293,0.1074157903077921
correct_CP,CC(C)c1cn(CC[C@H]2CC[C@@H](NC(=O)c3cccc(F)c3)[C@H](CO)O2)nn1,10.1373,-0.10893048160385595,-0.10936442620388982,0.03136138279252447,-0.1407258089964143,0.194698864284654
correct_CP,CC(C)c1cn(CC[C@H]2CC[C@@H](NS(=O)(=O)Cc3ccccc3)[C@H](CO)O2)nn1,9.98791,-0.30851688874678906,-0.3189054506914023,-0.0014152306455530277,-0.31749022004584926,-0.2337138591790687
correct_CP,CC(C)c1cn(CC[C@H]2CC[C@H](N)[C@@H](CO)O2)nn1,10.0629,-0.017893019978547097,-0.01789492988951695,0.02061797675490138,-0.03851290664441833,0.14956453810077833
correct_CP,CC(C)c1cn(CC[C@H]2CC[C@H](NC(=O)C3CC3)[C@@H](CO)O2)nn1,10.0408,0.41910813179851314,0.446609625397178,-0.11900982979772898,0.565619455194907,0.13993528113487952
correct_CP,CC(C)n1nnnc1SCC(=O)c1ccc2c(c1)OCCO2,10.0,0.1507765247889264,0.15193492953637336,0.10431681570345064,0.04761811383292272,0.16579475429404783
correct_CP,CC(CC(=O)c1ccccc1)=NNC(=O)c1ccc(Cl)cc1,10.0,0.26771273998225825,0.274398347439069,0.14992376864884951,0.12447457879021948,0.19894200111373536
correct_CP,CC(Nc1nc(N2CCCC2)nc2ccccc12)c1ccccc1,20.0,0.22563369762439153,0.22958413644252224,0.03380928696916997,0.19577484947335227,0.30018605386050773
correct_CP,CC/C(=C(/CC)c1ccc(O)cc1)c1ccc(O)cc1,10.0,0.37716880057068847,0.39675477141630605,-0.022616609392754762,0.41937138080906083,-0.15456147830426933
correct_CP,CC1(C)C(=O)CC[C@@]2(C)C1C[C@@H](O)[C@@]1(C)C3=CC(=O)O[C@@H](c4ccoc4)[C@]3(C)CCC21,10.0,0.04357353020137223,0.04360113865736952,0.005713506459941919,0.0378876321974276,0.11051465844855564
correct_CP,CC1(C)C(=O)[C@@H]2C[C@@]3(O)C4=CC(=O)O[C@@H](c5ccoc5)[C@]4(C)CCC3[C@@](C)(C2=O)[C@H]1CC(=O)O,10.0,0.7086981070977107,0.8845634282934873,0.310641371009276,0.5739220572842113,0.4373397421025299
correct_CP,CC1(C)Cc2c(cnn2-c2ccccc2)-c2c1c1ccccc1n2CC(O)CBr,10.0,0.1349428500417241,0.13577100109815443,0.1672326620332244,-0.03146166093506997,-0.05715397489381857
correct_CP,CC1(CCc2ccccc2)NC(=O)N(CC(=O)Nc2ccc3c(c2)OCCO3)C1=O,10.0,0.18292660792724585,0.18500895055218675,0.10578338353111241,0.07922556702107433,-0.08359726195065345
correct_CP,CC12CC3CC(C)(C1)CC(C(=O)NC1=NCCS1)(C3)C2,10.0,0.34626116535407325,0.3611892929045129,0.31191164468616067,0.04927764821835223,-0.09570209243089106
correct_CP,CC12CCC(O)CC1CCC1C2[C@H](O)CC2(C)C(C3=CC(=O)OC3)CCC12O,10.0,0.4764869126084183,0.5184294037799351,0.2515562598603352,0.2668731439195999,0.8048384219056846
correct_CP,CC1=C(C(=O)OC(C)C)C(c2ccc(Cl)cc2)n2c(sc(=Cc3ccc(OCC(=O)O)cc3)c2=O)=N1,20.0,0.3187035531760742,0.3302034268931068,0.17680949631520995,0.15339393057789683,-0.028409810455384904
correct_CP,CC1=C(C(=O)OCc2ccccc2)C(c2ccc([N+](=O)[O-])cc2)NC(=O)N1CCCCCC(=O)O,10.0,0.25728047616688976,0.26319391656210345,0.04745096989476373,0.21574294666733973,0.08978162840956928
correct_CP,CC1C(OC(=O)C(O)c2ccccc2)CCC(C)(C)N1C,10.0,-0.20668198021020334,-0.20970276591398865,0.31312153263617193,-0.5228242985501605,-0.5166724214715783
correct_CP,CC1CC(C)CN(c2oc(-c3ccco3)nc2C#N)C1,10.0,0.4409158027583705,0.4733670407827455,0.13414884791637793,0.33921819286636756,0.25102655040532684
correct_CP,CC1CCCN(c2nc3c(c(=O)n(C)c(=O)n3C)n2CCSc2nc3ccccc3s2)C1,10.0,0.6879779942506268,0.8441064609596407,0.07719357812001068,0.76691288283963,-0.014499134475408418
correct_CP,CC1CCN(Cc2nc(-c3ccccc3)no2)CC1,10.0,0.6843127156620029,0.8371803793106636,0.05091893188760648,0.7862614474230571,0.19232466840630452
correct_CP,CC1CN(c2cc(-c3ccccc3)c3ccccc3n2)CC(C)O1,10.0,0.5046085752788777,0.5554699266934646,-0.026533922343560546,0.5820038490370252,-0.004308751086160984
correct_CP,CC1Cc2ccccc2N1NC(=O)c1ccc(Cl)c(S(N)(=O)=O)c1,10.0,0.30793470601095363,0.31826215258865453,0.26680787657049965,0.05145427601815489,0.06961648217439875
correct_CP,CC1O[C@@H](Oc2c(-c3ccc(O)c(O)c3)oc3cc(O)cc(O)c3c2=O)[C@H](O)[C@H](O)[C@H]1O,10.0,0.2814108995275359,0.28921365414117434,0.25063997766708884,0.038573676474085494,-0.03782984808842471
correct_CP,CCC(=C(c1ccccc1)c1ccc(OCCN(C)C)cc1)c1ccccc1,10.0,0.40769621489570707,0.43284505159589126,0.0008189722022231031,0.43202607939366816,0.32017997829078143
correct_CP,CCC(=O)N(C)C[C@@H]1Oc2cc(-c3ccc(OC)cc3)ccc2S(=O)(=O)N([C@@H](C)CO)C[C@H]1C,10.0025,0.07380313839844886,0.07393757755679772,0.004778573554009201,0.06915900400278852,0.07862351578218008
correct_CP,CCC(=O)N(C)C[C@@H]1Oc2cc(C#Cc3ccccc3)ccc2S(=O)(=O)N([C@H](C)CO)C[C@@H]1C,10.062206,0.05709930377176669,0.05716147964587262,0.02216717705683646,0.03499430258903616,0.028339310179274952
correct_CP,CCC(=O)N(C)C[C@H]1Oc2cc(C#Cc3ccccc3)ccc2S(=O)(=O)N([C@@H](C)CO)C[C@H]1C,10.0427,0.07106623721046049,0.07118623893568785,0.014982533691781038,0.056203705243906804,-0.3193348869458474
correct_CP,CCC(=O)N(c1ccccc1)C1CCN(CCc2ccc(N=C=S)cc2)CC1,10.0,0.07952983513643434,0.07969814961385967,-0.03750940331912735,0.11720755293298701,0.4625910230320863
correct_CP,CCC(=O)N1C[C@@H](C)[C@@H](OC)CN(C)C(=O)c2cc(NC(=O)NC(C)C)ccc2OC[C@@H]1C,9.94756,0.19723125199046343,0.19985009622308034,-0.004393946504998628,0.20424404272807897,-0.0057133096954637115
correct_CP,CCC(=O)N1C[C@@H](C)[C@@H](OC)CN(C)C(=O)c2cc(NC(=O)NC(C)C)ccc2OC[C@H]1C,9.98107,0.2771588197470915,0.2846018436946251,-0.0026297893815201683,0.28723163307614524,0.19679492005538748
correct_CP,CCC(=O)N1C[C@@H](C)[C@@H](OC)CN(C)C(=O)c2cc(NC(=O)c3cnccn3)ccc2OC[C@H]1C,10.095,0.30809781215336984,0.3184423552851201,0.017661246678078606,0.3007811086070415,0.08015834500583285
correct_CP,CCC(=O)N1C[C@@H](C)[C@@H](OC)CN(C)C(=O)c2cc(NS(C)(=O)=O)ccc2OC[C@H]1C,9.9461,0.18860199299593478,0.1908872025822156,0.008702571357245711,0.18218463122496986,-0.008784784118417568
correct_CP,CCC(=O)N1C[C@@H](C)[C@@H](OC)CN(C)C(=O)c2ccc(NC(=O)C3CCOCC3)cc2OC[C@@H]1C,10.045,0.0016400417684333118,0.0016400432388626947,-0.00308080180445011,0.004720845043312804,0.01638113558645681
correct_CP,CCC(=O)N1C[C@@H](C)[C@@H](OC)CN(C)C(=O)c2ccc(NC(=O)c3cc(C)on3)cc2OC[C@@H]1C,10.0235,0.2205270645477019,0.22421004852711202,-0.00028328845895019515,0.22449333698606222,0.1837285565115671
correct_CP,CCC(=O)N1C[C@@H](C)[C@@H](OC)CN(C)C(=O)c2ccc(NC(=O)c3cc(C)on3)cc2OC[C@H]1C,10.0462,-0.09911433565673583,-0.09944081707036352,0.01352134993232608,-0.1129621670026896,-0.00543443108882409
correct_CP,CCC(=O)N1C[C@@H](C)[C@H](OC)CN(C)C(=O)c2cc(NC(=O)C3CC3)ccc2OC[C@@H]1C,9.94469,0.5193545899950819,0.5754555534568389,0.0007611593366921611,0.5746943941201467,0.1388864005542094
correct_CP,CCC(=O)N1C[C@@H](C)[C@H](OC)CN(C)C(=O)c2ccc(NC(=O)C3CCOCC3)cc2OC[C@H]1C,10.098,-0.38570507940697657,-0.4067446160806161,0.013470444371330917,-0.420215060451947,-0.24116846558401825
correct_CP,CCC(=O)N1C[C@@H](C)[C@H](OC)CN(C)C(=O)c2ccc(NC(=O)c3cc(C)on3)cc2OC[C@H]1C,10.0269,0.024802846263041193,0.02480793422261667,0.061932118869670566,-0.0371241846470539,0.007623929440913266
correct_CP,CCC(=O)N1C[C@@H](O)COC[C@H]2O[C@@H](CC(=O)NCc3cc(F)cc(F)c3)CC[C@@H]21,9.96981,-0.18441075621627284,-0.18654491362461548,-0.06365231152107018,-0.1228926021035453,0.02604697537720184
correct_CP,CCC(=O)N1C[C@H](C)[C@@H](OC)CN(C)C(=O)c2cc(NC(=O)c3cnccn3)ccc2OC[C@H]1C,9.93465,0.19094842339531182,0.19332129728450265,0.020648893427894888,0.17267240385660776,0.13797584825576922
correct_CP,CCC(=O)N1C[C@H](C)[C@@H](OC)CN(C)C(=O)c2ccc(NC(=O)Nc3cccc(F)c3)cc2OC[C@H]1C,9.9857,-0.09608612895731218,-0.09638348438873551,0.01223844269514107,-0.10862192708387658,-0.0013599063288917603
correct_CP,CCC(=O)N1C[C@H](C)[C@@H](OC)CN(C)C(=O)c2ccc(NC(=O)Nc3ccccc3)cc2OC[C@H]1C,10.0375,-0.24028501609995687,-0.24507657106127506,0.00954325187991191,-0.25461982294118696,-0.33683900187399357
correct_CP,CCC(=O)N1C[C@H](C)[C@@H](OC)CN(C)C(=O)c2ccc(NC(=O)c3ccc(F)cc3)cc2OC[C@H]1C,10.031,-0.03298925798424942,-0.0330012331104291,0.07533789896621762,-0.10833913207664672,-0.022927076645883934
correct_CP,CCC(=O)N1C[C@H](C)[C@H](OC)CN(C)C(=O)c2cc(NC(=O)NC(C)C)ccc2OC[C@@H]1C,10.0038,-0.07841998247784421,-0.07858133120085838,0.09715871446230033,-0.1757400456631587,-0.20317488611996842
correct_CP,CCC(=O)N1C[C@H](C)[C@H](OC)CN(C)C(=O)c2ccc(NC(=O)Nc3ccc(Cl)cc3)cc2OC[C@H]1C,9.73124,0.2197181447559952,0.2233599374295747,-0.18644336148273954,0.40980329891231426,0.17228685339228444
correct_CP,CCC(=O)N1C[C@H](O)COC[C@@H]2O[C@@H](CC(=O)NCc3cc(F)cc(F)c3)CC[C@H]21,9.99998,-0.0034064313565377075,-0.003406444532449977,0.11710594212049938,-0.12051238665294936,-0.07209750035210452
correct_CP,CCC(=O)N1C[C@H](O)COC[C@@H]2O[C@H](CC(=O)NCc3cc(F)cc(F)c3)CC[C@H]21,10.1877,-0.03193686434308381,-0.031947729136099036,0.03067029734043785,-0.06261802647653689,-0.010769798330007102
correct_CP,CCC(=O)N1[C@@H]2Cn3c(ccc(-c4ccncc4)c3=O)[C@H]1[C@@H](C(=O)NC1Cc3ccccc3C1)[C@@H]2CO,9.9921,0.32137346846064085,0.33317801599406965,-0.06727050824055159,0.40044852423462124,-0.008726794487670775
correct_CP,CCC(=O)N1[C@H](C(=O)N(C)C)[C@@H](CO)[C@@H]2Cn3c(ccc(-c4ccc(F)cc4)c3=O)[C@@H]21,9.96753,0.4568835080687983,0.49336550942456564,0.040947675794953474,0.4524178336296122,-0.3144495572155734
correct_CP,CCC(=O)N1[C@H](C(=O)N2CCCCC2)[C@@H](CO)[C@@H]2Cn3c(cccc3=O)[C@@H]21,9.94511,-0.05969163375489318,-0.059762681283276255,-0.00993733825803677,-0.049825343025239485,-0.06676959748090111
correct_CP,CCC(=O)N1[C@H](C(=O)NCCCN(C)C)[C@@H](CO)[C@@H]2Cn3c(ccc(-c4ccccc4OC)c3=O)[C@@H]21,10.0679,0.1453729720857666,0.14641022682907695,-0.02473885879954755,0.1711490856286245,0.02772483956330881
correct_CP,CCC(=O)NCC(=O)OCC(=O)c1ccccc1,10.0,0.25138928645902553,0.25689526773976434,0.06460235438992408,0.19229291334984028,0.20344411585269906
correct_CP,CCC(=O)N[C@@H]1C=C[C@H](CC(=O)NCc2cc(F)cc(F)c2)O[C@H]1CO,10.0137,-0.08095837811862545,-0.08113595101786143,0.023246984042059344,-0.10438293505992077,-0.059373909439270844
correct_CP,CCC(=O)N[C@@H]1CC[C@@H](CC(=O)NCC2CCCCC2)O[C@H]1CO,9.96946,0.5038423659070566,0.554442501104775,-0.05748591889150627,0.6119284199962812,0.16642980176872574
correct_CP,CCC(=O)N[C@@H]1CC[C@H](CC(=O)NCCN2CCCCC2)O[C@H]1CO,10.0665,0.4392155174254431,0.4712583996900078,-0.11274462515052208,0.5840030248405299,-0.26082234765991075
correct_CP,CCC(=O)N[C@@H]1CC[C@H](CC(=O)OC)O[C@H]1CO,10.0395,0.29516146348342764,0.30421094911195445,0.016446321138867702,0.2877646279730868,0.14609088028555584
correct_CP,CCC(=O)N[C@H]1C=C[C@@H](CC(=O)NCC2CCCCC2)O[C@H]1CO,10.1413,-0.19257235811126414,-0.1950072275347171,-0.08391527193810014,-0.11109195559661697,-0.02669990133247349
correct_CP,CCC(=O)N[C@H]1C=C[C@@H](CC(=O)NCc2cc(F)cc(F)c2)O[C@@H]1CO,10.0774,0.08808496918774558,0.08831385164075346,0.03865280112837427,0.04966105051237919,0.3522414843312671
correct_CP,CCC(=O)N[C@H]1C=C[C@@H](CC(=O)OC)O[C@@H]1CO,10.0543,-0.12855666274971264,-0.1292719801633012,-0.22517333898192207,0.09590135881862089,0.48901418530903695
correct_CP,CCC(=O)N[C@H]1C=C[C@H](CC(=O)NCC2CCCCC2)O[C@H]1CO,10.0662,-0.22921720646472987,-0.2333631074164893,-0.07505919205473695,-0.15830391536175237,-0.2381030450212932
correct_CP,CCC(=O)N[C@H]1CC[C@@H](CC(=O)NCCN2CCCCC2)O[C@H]1CO,9.97289,-0.04355805600328876,-0.04358563503374408,-0.1629696393446869,0.11938400431094282,0.0744210240393659
correct_CP,CCC(=O)N[C@H]1CC[C@H](CC(=O)NCC2CCCCC2)O[C@@H]1CO,10.0016,0.22245376635612713,0.22623614746155324,0.0778331066749477,0.14840304078660554,-0.23636826211400325
correct_CP,CCC(=O)N[C@H]1CC[C@H](CC(=O)NCCN2CCCCC2)O[C@@H]1CO,10.03,0.2546745450828202,0.26040525804122944,-0.014619598406043544,0.275024856447273,0.29031514822618554
correct_CP,CCC(=O)N[C@H]1CC[C@H](CC(=O)NCCN2CCCCC2)O[C@H]1CO,10.0187,0.10475095869723505,0.10513663689955738,-0.04110673855432835,0.14624337545388572,-0.1742467529506227
correct_CP,CCC(=O)N[C@H]1CC[C@H](CCNC(=O)Nc2ccc(C(F)(F)F)cc2)O[C@H]1CO,10.0945,-0.004753775177234771,-0.004753810986923801,-0.004864788256883142,0.00011097726995934042,-0.10483165846755552
correct_CP,CCC(=O)Nc1ccc2c(c1)C(=O)N(C)C[C@@H](OC)[C@@H](C)CN(C(=O)C1CCC1)[C@@H](C)CO2,10.0122,0.1860373171388642,0.1882292614829369,0.06902707180623434,0.11920218967670256,0.020757367796143553
correct_CP,CCC(=O)Nc1ccc2c(c1)C(=O)N(C)C[C@@H](OC)[C@@H](C)CN(C(=O)C1CCC1)[C@H](C)CO2,9.94692,-0.08987902234945497,-0.09012222362265584,0.05094301752252871,-0.14106524114518454,-0.18197940730103562
correct_CP,CCC(=O)Nc1ccc2c(c1)C(=O)N(C)C[C@@H](OC)[C@@H](C)CN(C(=O)NC(C)C)[C@@H](C)CO2,10.0552,0.0236989084962469,0.02370334672989352,0.044395823841291523,-0.020692477111398003,0.14504275233484115
correct_CP,CCC(=O)Nc1ccc2c(c1)C(=O)N(C)C[C@@H](OC)[C@@H](C)CN(Cc1ccncc1)[C@H](C)CO2,9.96716,0.30319401133800555,0.31303322095191005,0.0337644478259303,0.27926877312597975,0.34417711938100176
correct_CP,CCC(=O)Nc1ccc2c(c1)C(=O)N(C)C[C@@H](OC)[C@H](C)CN(C(=O)C1CCC1)[C@@H](C)CO2,9.94223,-0.271488339137959,-0.2784698908448091,0.04949590885540551,-0.3279657997002146,-0.16748520409432802
correct_CP,CCC(=O)Nc1ccc2c(c1)C(=O)N(C)C[C@@H](OC)[C@H](C)CN(C(=O)NC(C)C)[C@@H](C)CO2,10.0875,0.26515391763420304,0.27164400112157516,-0.05278201691228426,0.3244260180338594,0.3091866450844529
correct_CP,CCC(=O)Nc1ccc2c(c1)C(=O)N(C)C[C@@H](OC)[C@H](C)CN(C(=O)c1cccnc1)[C@@H](C)CO2,9.95082,0.3859928771963593,0.40708275594571336,0.10031269659271644,0.30677005935299695,0.03331083019727868
correct_CP,CCC(=O)Nc1ccc2c(c1)C(=O)N(C)C[C@H](OC)[C@@H](C)CN(C(=O)CC)[C@H](C)CO2,10.1138,0.12696718778714078,0.12765612912443272,0.05111946695149459,0.07653666217293814,0.28795557454073734
correct_CP,CCC(=O)Nc1ccc2c(c1)C(=O)N(C)C[C@H](OC)[C@H](C)CN(C(=O)NC(C)C)[C@@H](C)CO2,10.0618,0.36598029136040244,0.38377378594820544,0.06662329551349316,0.3171504904347123,0.2879248101045
correct_CP,CCC(=O)Nc1ccc2c(c1)C(=O)N(C)C[C@H](OC)[C@H](C)CN(C(=O)NC(C)C)[C@H](C)CO2,9.99718,0.11432591781734036,0.11482795660020732,0.034610055709823166,0.08021790089038416,-0.0664069781396687
correct_CP,CCC(=O)Nc1ccc2c(c1)C(=O)N(C)[C@H]1CC[C@H](CC(=O)Nc3c(F)cccc3F)O[C@@H]1CO2,10.0214,0.1148651925546341,0.11537440742082157,-0.003272239745419448,0.11864664716624101,-0.24250770822219794
correct_CP,CCC(=O)Nc1ccc2c(c1)OC[C@@H](C)N(C(=O)CC1CC1)C[C@@H](C)[C@@H](OC)CN(C)C2=O,10.0162,0.2987149980068232,0.3081081111095728,0.03202180626115163,0.27608630484842117,0.12758411374631418
correct_CP,CCC(=O)Nc1ccc2c(c1)OC[C@@H](C)N(C(=O)CC1CC1)C[C@H](C)[C@@H](OC)CN(C)C2=O,10.0764,0.2040053788869473,0.2069083324734868,0.004061949824661671,0.20284638264882512,-0.02198338552264669
correct_CP,CCC(=O)Nc1ccc2c(c1)OC[C@@H](C)N(C(=O)COC)C[C@@H](C)[C@H](OC)CN(C)C2=O,9.87195,0.32328121634167084,0.33530695026696083,-0.10506424690818238,0.4403711971751432,0.28098483794260554
correct_CP,CCC(=O)Nc1ccc2c(c1)OC[C@@H](C)N(C(=O)c1ccc(F)cc1)C[C@@H](C)[C@@H](OC)CN(C)C2=O,10.0935,0.13793421568720998,0.13881911120112797,0.008969756659319554,0.1298493545418084,0.13787530415447388
correct_CP,CCC(=O)Nc1ccc2c(c1)OC[C@@H](C)N(C(=O)c1ccc(F)cc1)C[C@H](C)[C@@H](OC)CN(C)C2=O,9.9439,0.007711358023061222,0.007711510880592746,0.03833861485648554,-0.030627103975892796,-0.04221587665983986
correct_CP,CCC(=O)Nc1ccc2c(c1)OC[C@@H](C)N(C(=O)c1cnccn1)C[C@H](C)[C@H](OC)CN(C)C2=O,9.92882,-0.14369494583984005,-0.14469639815375474,0.03599913625408256,-0.1806955344078373,-0.2407744488904917
correct_CP,CCC(=O)Nc1ccc2c(c1)OC[C@@H](C)N(C(C)=O)C[C@@H](C)[C@@H](OC)CN(C)C2=O,9.94506,0.24748853988795266,0.2527357076145348,0.12786611153385158,0.12486959608068321,-0.12061687784793457
correct_CP,CCC(=O)Nc1ccc2c(c1)OC[C@@H](C)N(CCc1ccccc1)C[C@@H](C)[C@H](OC)CN(C)C2=O,10.1224,0.5009536635116478,0.5505785053052457,-0.010160138749880422,0.5607386440551261,0.4818457275891179
correct_CP,CCC(=O)Nc1ccc2c(c1)OC[C@@H](C)N(Cc1ccccc1)C[C@@H](C)[C@@H](OC)CN(C)C2=O,10.079,0.3024080981759923,0.31216797460618484,0.03968721685987635,0.2724807577463085,0.12737868646836475
correct_CP,CCC(=O)Nc1ccc2c(c1)OC[C@@H](C)N(Cc1cncnc1)C[C@H](C)[C@H](OC)CN(C)C2=O,9.97511,-0.01651880544082734,-0.016520308187487162,-0.009758318015916968,-0.0067619901715701945,-0.04246430951930556
correct_CP,CCC(=O)Nc1ccc2c(c1)OC[C@@H](C)N(Cc1nccs1)C[C@H](C)[C@@H](OC)CN(C)C2=O,9.98046,-0.10549352981432211,-0.10588750566785367,-0.16365776209736593,0.057770256429512265,0.5425445266217191
correct_CP,CCC(=O)Nc1ccc2c(c1)OC[C@H](C)N(C(=O)CC1CC1)C[C@H](C)[C@H](OC)CN(C)C2=O,9.9845,0.14670285067465053,0.14776908612513598,0.04507881862366858,0.1026902675014674,0.22235632047848153
correct_CP,CCC(=O)Nc1ccc2c(c1)OC[C@H](C)N(C(=O)COC)C[C@@H](C)[C@H](OC)CN(C)C2=O,10.0096,0.11272876074335282,0.11320994549817373,0.032315909706225304,0.08089403579194843,0.04979785847795894
correct_CP,CCC(=O)Nc1ccc2c(c1)OC[C@H](C)N(C(=O)c1cnccn1)C[C@H](C)[C@H](OC)CN(C)C2=O,9.94973,0.3008068868798061,0.3104065292424907,-0.01703541607613363,0.3274419453186243,0.1170628308718463
correct_CP,CCC(=O)Nc1ccc2c(c1)OC[C@H](C)N(CC1CCCCC1)C[C@@H](C)[C@H](OC)CN(C)C2=O,9.97762,0.23053506299050897,0.23475448901849844,-0.0012821784626404877,0.2360366674811389,0.13498752174384474
correct_CP,CCC(=O)Nc1ccc2c(c1)OC[C@H](C)N(CCc1ccccc1)C[C@@H](C)[C@@H](OC)CN(C)C2=O,10.0737,0.055579496393906566,0.05563683254575034,-0.022834659397607645,0.07847149194335798,0.06375583044497003
correct_CP,CCC(=O)Nc1ccc2c(c1)OC[C@H](C)N(CCc1ccccc1)C[C@H](C)[C@H](OC)CN(C)C2=O,10.0097,0.2632695458035905,0.2696182125916739,-0.01401186179540419,0.2836300743870781,0.4096027115287069
correct_CP,CCC(=O)Nc1ccc2c(c1)OC[C@H](C)N(Cc1ccccc1)C[C@@H](C)[C@@H](OC)CN(C)C2=O,10.0995,-0.044695577371050635,-0.04472537580117546,0.015613199502501403,-0.06033857530367686,-0.0040142737829965535
correct_CP,CCC(=O)Nc1ccc2c(c1)OC[C@H](C)N(Cc1cncnc1)C[C@H](C)[C@H](OC)CN(C)C2=O,10.0329,0.01578610517325567,0.015787416674369448,-0.02750561661750368,0.04329303329187313,-0.06808436841763323
correct_CP,CCC(=O)Nc1ccc2c(c1)OC[C@H](C)N(Cc1nccs1)C[C@@H](C)[C@@H](OC)CN(C)C2=O,10.0395,0.2749791102231204,0.28224230269732525,0.08314475332270563,0.19909754937461963,-0.052348878216544104
correct_CP,CCC(=O)Nc1cccc(-c2csc(-c3ccccc3)n2)c1,10.0,0.45682033670473277,0.4932856756621933,-0.06250359655961167,0.555789272221805,-0.07114314201695747
correct_CP,CCC(=O)O[C@H]1[C@H](O[C@@H]2[C@@H](C)[C@H](O[C@H]3C[C@@](C)(OC)[C@@H](O)[C@H](C)O3)[C@@H](C)C(=O)O[C@H](CC)[C@@](C)(O)[C@H](O)[C@@H](C)C(=O)[C@H](C)C[C@@]2(C)O)O[C@H](C)C[C@@H]1N(C)C,10.0,0.549806535967745,0.61810398808581,-0.09590286934616951,0.7140068574319796,0.6009114786751634
correct_CP,CCC(=O)Oc1ccc(NC(=O)c2ccco2)cc1,10.0,0.0578473709300185,0.057912026032785655,0.13844295173399268,-0.08053092570120703,0.08681463898364242
correct_CP,CCC(C(=O)N1CCc2cc(OC)c(OC)cc2C1)c1ccccc1,10.0,-0.026284688737487998,-0.026290744479162367,0.1752867253825524,-0.20157746986171476,-0.10172864255542509
correct_CP,CCC(C)C(=O)O[C@H]1C[C@H](O)C=C2C=C[C@H](C)[C@H](CC[C@@H](O)C[C@@H](O)CC(=O)O)C21,10.0,0.35543421918545703,0.37165012844592654,0.0016915570215980998,0.3699585714243284,0.1319741937566883
correct_CP,CCC(NC(=O)Nc1nnc(C(F)(F)F)s1)(C(F)(F)F)C(F)(F)F,10.0,0.49303248380043524,0.5400588118888616,0.004010955825448862,0.5360478560634128,0.13876061670245543
correct_CP,CCC1(c2ccccc2)C(=O)NCNC1=O,10.0,-0.15575129557872516,-0.1570293795899001,-0.07741776546323086,-0.07961161412666924,0.03484196249909646
correct_CP,CCC1=Nc2cc(C(=O)NCc3cccnc3)ccc2Sc2ccc(C)cc21,10.0,0.1265970342172802,0.12727992861447848,0.18336187117676106,-0.05608194256228258,-0.14456016088396603
correct_CP,CCC1Oc2ccc(C)cc2N(CC(=O)N(Cc2cccnc2)Cc2ccc(C)o2)C1=O,10.0,0.24621322835554904,0.25137764161081927,-0.0033688706143318627,0.25474651222515116,0.2330623004369177
correct_CP,CCCC#Cc1ccc([C@@H]2[C@@H](C#N)N(S(C)(=O)=O)[C@H]2CO)cc1,10.2615,0.321902440131756,0.3337680246558073,-0.125904817628986,0.4596728422847933,0.25069436425937197
correct_CP,CCCC#Cc1ccc([C@@H]2[C@@H](CO)N(S(C)(=O)=O)[C@H]2C#N)cc1,10.0521,0.027480947219784307,0.02748786824910416,0.054076061366488334,-0.026588193117384175,-0.021310215936800915
correct_CP,CCCC#Cc1ccc([C@H]2[C@@H](C#N)N(S(C)(=O)=O)[C@H]2CO)cc1,9.87547,0.25632741729323133,0.2621735673254497,0.08520370354254382,0.1769698637829059,0.04607524756443755
correct_CP,CCCC#Cc1ccc2c(c1)O[C@@H](CN(C)C(=O)CN(C)C)[C@@H](C)CN([C@@H](C)CO)S2(=O)=O,10.0657,0.1561419705518376,0.1574297923475578,0.02330477481245955,0.13412501753509826,0.015548166081602428
correct_CP,CCCC#Cc1ccc2c(c1)O[C@H](CN(C)C(=O)Nc1ccccc1F)[C@@H](C)CN([C@H](C)CO)S2(=O)=O,10.0701,0.05825041284495057,0.05831643066497982,-0.018447009050840218,0.07676343971582003,0.08592699324874803
correct_CP,CCCC#Cc1ccc2c(c1)O[C@H](CN(C)CC1CCOCC1)[C@@H](C)CN([C@@H](C)CO)S2(=O)=O,10.0627,0.2958892222661915,0.30500834904890906,0.1868225417098251,0.11818580733908396,0.018251114571536137
correct_CP,CCCC#Cc1ccc2c(c1)O[C@H](CN(C)CC1CCOCC1)[C@@H](C)CN([C@H](C)CO)S2(=O)=O,10.0112,0.21012695502788256,0.2133041623087353,0.06731219822420202,0.1459919640845333,0.04749175255436028
correct_CP,CCCC#Cc1cnc2c(c1)C(=O)N([C@@H](C)CO)C[C@@H](C)[C@@H](CN(C)C(=O)Nc1cccc(F)c1)O2,10.0012,-0.03787365742008254,-0.03789178185528896,-0.04749531564259866,0.009603533787309701,-0.015120713277244326
correct_CP,CCCC#Cc1cnc2c(c1)C(=O)N([C@@H](C)CO)C[C@@H](C)[C@H](CN(C)C(=O)Nc1cccc(F)c1)O2,9.98406,0.07288594420911487,0.07301542264121899,0.019395459245730568,0.053619963395488426,-0.07843533024353684
correct_CP,CCCC#Cc1cnc2c(c1)C(=O)N([C@@H](C)CO)C[C@@H](C)[C@H](CN(C)S(=O)(=O)c1cn(C)cn1)O2,10.0467,0.3058112872543713,0.3159179793636833,0.020411189182702433,0.2955067901809809,0.3281807910755724
correct_CP,CCCC#Cc1cnc2c(c1)C(=O)N([C@@H](C)CO)C[C@H](C)[C@@H](CN(C)C(=O)Nc1cccc(F)c1)O2,10.0698,0.040432753381404125,0.04045480827553162,-0.06722887593588123,0.10768368421141285,0.13975544670760714
correct_CP,CCCC#Cc1cnc2c(c1)C(=O)N([C@@H](C)CO)C[C@H](C)[C@@H](CN(C)C(=O)c1ccccc1)O2,9.99578,0.20578677895957617,0.20876779795348457,0.1613261503902103,0.047441647563274264,0.19393748058580823
correct_CP,CCCC#Cc1cnc2c(c1)C(=O)N([C@@H](C)CO)C[C@H](C)[C@@H](CN(C)S(=O)(=O)c1cn(C)cn1)O2,10.056,0.2330134218488936,0.23737354328213503,-0.04364514317943706,0.2810186864615721,-0.04528756663972476
correct_CP,CCCC#Cc1cnc2c(c1)C(=O)N([C@@H](C)CO)C[C@H](C)[C@H](CN(C)C(=O)Nc1cccc(F)c1)O2,10.0948,-0.18406379002272372,-0.18618575642006668,-0.07055573227738421,-0.11563002414268247,-0.11266309710461117
correct_CP,CCCC#Cc1cnc2c(c1)C(=O)N([C@@H](C)CO)C[C@H](C)[C@H](CN(C)Cc1ccccc1F)O2,10.0558,0.00844915775381726,0.008449358819338738,0.008204658776220829,0.000244700043117909,0.027393293865911432
correct_CP,CCCC#Cc1cnc2c(c1)C(=O)N([C@H](C)CO)C[C@@H](C)[C@@H](CN(C)S(=O)(=O)c1cccc(OC)c1)O2,10.0147,-0.018728736986433226,-0.01873092724623313,0.008527661778442788,-0.027258589024675917,0.17890085304689568
correct_CP,CCCC#Cc1cnc2c(c1)C(=O)N([C@H](C)CO)C[C@@H](C)[C@H](CN(C)C(=O)CCN1CCCCC1)O2,10.0107,0.2408938569947263,0.24572281892500644,-0.04521449696267055,0.290937315887677,0.040940205644141504
correct_CP,CCCC#Cc1cnc2c(c1)C(=O)N([C@H](C)CO)C[C@H](C)[C@@H](CN(C)C(=O)c1ccccc1)O2,10.0087,-0.12534552561524143,-0.12600823970537872,0.029577552077717537,-0.15558579178309626,-0.05017309193557502
correct_CP,CCCC#Cc1cnc2c(c1)C(=O)N([C@H](C)CO)C[C@H](C)[C@@H](CN(C)S(=O)(=O)c1cccc(OC)c1)O2,9.98846,0.3831741639421414,0.4037747735503796,-0.002403526606890946,0.4061783001572706,0.21146396592062974
correct_CP,CCCC#Cc1cnc2c(c1)C(=O)N([C@H](C)CO)C[C@H](C)[C@@H](CN(C)S(=O)(=O)c1cn(C)cn1)O2,10.0333,-0.03806580019190827,-0.03808420203994913,-0.06130267384542824,0.02321847180547911,0.11399031576951696
correct_CP,CCCC#Cc1cnc2c(c1)C(=O)N([C@H](C)CO)C[C@H](C)[C@H](CN(C)C(=O)c1ccccc1)O2,10.0324,0.33957310710281824,0.35360991602448505,0.010581717059414108,0.3430281989650709,0.2852193387701187
correct_CP,CCCC(=O)NC(=S)N1CCN(c2ccc([N+](=O)[O-])cc2)CC1,10.0,0.3132039530515873,0.32409391130656884,0.076225406045307,0.24786850526126183,0.11677334228266154
correct_CP,CCCC(=O)Nc1ccc2c(c1)C(=O)N(C)C[C@@H](OC)[C@@H](C)CN(C(=O)C1CCCC1)[C@H](C)CO2,10.0395,0.5644610838540118,0.6393562681564915,0.05346416922610401,0.5858920989303875,0.3802877433074586
correct_CP,CCCC(=O)Nc1ccc2c(c1)C(=O)N(C)C[C@@H](OC)[C@@H](C)CN(C(=O)CC1CC1)[C@H](C)CO2,10.0192,-0.5064993098101184,-0.5580098214976634,0.03716468933017035,-0.5951745108278338,0.25605500293570116
correct_CP,CCCC(=O)Nc1ccc2c(c1)C(=O)N(C)C[C@@H](OC)[C@@H](C)CN(C(=O)c1ccccc1F)[C@H](C)CO2,10.0092,0.42377826449122796,0.45228841130495573,0.05524862380913142,0.3970397874958243,0.08363219524717574
correct_CP,CCCC(=O)Nc1ccc2c(c1)C(=O)N(C)C[C@@H](OC)[C@@H](C)CN(C(=O)c1ccccn1)[C@@H](C)CO2,10.031,0.29567548009174466,0.3047741143340542,0.02025115617554802,0.2845229581585062,-0.015443740081355068
correct_CP,CCCC(=O)Nc1ccc2c(c1)C(=O)N(C)C[C@@H](OC)[C@@H](C)CN(C(=O)c1ccccn1)[C@H](C)CO2,10.082,0.5762908632900624,0.6568912949062244,0.017629541050551797,0.6392617538556726,0.13924284031991319
correct_CP,CCCC(=O)Nc1ccc2c(c1)C(=O)N(C)C[C@@H](OC)[C@@H](C)CN(C)[C@@H](C)CO2,9.85625,-0.1029447858484904,-0.1033107727185897,0.13469820446831277,-0.23800897718690245,-0.23782714064692828
correct_CP,CCCC(=O)Nc1ccc2c(c1)C(=O)N(C)C[C@@H](OC)[C@@H](C)CN(CC1CCCC1)[C@@H](C)CO2,9.99451,0.13738702247065374,0.138261348110219,-0.014706001782515313,0.1529673498927343,0.04045120085057144
correct_CP,CCCC(=O)Nc1ccc2c(c1)C(=O)N(C)C[C@@H](OC)[C@@H](C)CN(CCc1ccccc1)[C@@H](C)CO2,10.0459,0.1466665742755121,0.14773201202463648,0.0408587355914941,0.10687327643314239,0.18153349789821038
correct_CP,CCCC(=O)Nc1ccc2c(c1)C(=O)N(C)C[C@@H](OC)[C@@H](C)CN(CCc1ccccc1)[C@H](C)CO2,10.0584,0.588749756995354,0.675750388289066,0.0638645185737913,0.6118858697152747,0.5142694905685105
correct_CP,CCCC(=O)Nc1ccc2c(c1)C(=O)N(C)C[C@@H](OC)[C@@H](C)CN(Cc1cncnc1)[C@H](C)CO2,10.047,0.22863985056966135,0.23275381978958054,-0.01738175877009363,0.25013557855967417,0.5796425556891968
correct_CP,CCCC(=O)Nc1ccc2c(c1)C(=O)N(C)C[C@@H](OC)[C@@H](C)CN(Cc1nccs1)[C@H](C)CO2,10.0368,0.2278045830201183,0.23187265644995028,0.02333289870293194,0.20853975774701833,0.2454793925297556
correct_CP,CCCC(=O)Nc1ccc2c(c1)C(=O)N(C)C[C@@H](OC)[C@H](C)CN(C(=O)c1ccccc1F)[C@H](C)CO2,10.0205,0.13605731631233334,0.1369063121147464,0.09789424360919233,0.03901206850555408,0.10683472995433788
correct_CP,CCCC(=O)Nc1ccc2c(c1)C(=O)N(C)C[C@@H](OC)[C@H](C)CN(C(=O)c1ccncc1)[C@H](C)CO2,10.346,0.3149379171646961,0.3260176330920082,-0.0117805985232478,0.337798231615256,-0.28779977641958787
correct_CP,CCCC(=O)Nc1ccc2c(c1)C(=O)N(C)C[C@@H](OC)[C@H](C)CN(C(C)=O)[C@@H](C)CO2,9.95139,-0.058154148812043116,-0.05821983942865306,0.018274233317777135,-0.07649407274643019,-0.09839258739974167
correct_CP,CCCC(=O)Nc1ccc2c(c1)C(=O)N(C)C[C@@H](OC)[C@H](C)CN(C)[C@@H](C)CO2,10.0758,0.14413996119344566,0.1451508257254345,-0.007691264785507424,0.1528420905109419,0.04685282921445621
correct_CP,CCCC(=O)Nc1ccc2c(c1)C(=O)N(C)C[C@@H](OC)[C@H](C)CN(CCC(F)(F)F)[C@@H](C)CO2,10.081781,0.29245435841359324,0.301248077303428,-0.00572466358176813,0.30697274088519616,0.4549762243076485
correct_CP,CCCC(=O)Nc1ccc2c(c1)C(=O)N(C)C[C@H](OC)[C@@H](C)CN(C(=O)C1CCCC1)[C@@H](C)CO2,9.98859,0.2226707232751681,0.22646441118624505,0.029264087884067928,0.19720032330217713,0.058948049580640066
correct_CP,CCCC(=O)Nc1ccc2c(c1)C(=O)N(C)C[C@H](OC)[C@@H](C)CN(C(=O)c1ccccn1)[C@@H](C)CO2,10.04,0.039627124124919116,0.03964788596604451,-0.027812232553491273,0.06746011851953579,0.2318894670876532
correct_CP,CCCC(=O)Nc1ccc2c(c1)C(=O)N(C)C[C@H](OC)[C@@H](C)CN(C(C)=O)[C@@H](C)CO2,10.0026,0.3630907261253789,0.3804413874030823,0.03675708853964487,0.34368429886343743,-0.053827812967909325
correct_CP,CCCC(=O)Nc1ccc2c(c1)C(=O)N(C)C[C@H](OC)[C@@H](C)CN(Cc1ccccc1)[C@@H](C)CO2,9.96518,0.18204581535485262,0.18409781602372374,0.055958068593789045,0.1281397474299347,0.06692045857119693
correct_CP,CCCC(=O)Nc1ccc2c(c1)C(=O)N(C)C[C@H](OC)[C@H](C)CN(C(=O)c1cnccn1)[C@H](C)CO2,9.94223,0.34570632414676356,0.3605590029724672,0.15148670880667697,0.2090722941657902,0.17119121051598346
correct_CP,CCCC(=O)Nc1ccc2c(c1)C(=O)N(C)C[C@H](OC)[C@H](C)CN(C(C)=O)[C@H](C)CO2,10.062,0.05864241610470004,0.058709777596409794,0.08315661059004423,-0.024446832993634433,0.15398249618080223
correct_CP,CCCC(=O)Nc1ccc2c(c1)C(=O)N(C)C[C@H](OC)[C@H](C)CN(CC1CCCC1)[C@H](C)CO2,9.99209,0.09252271742968118,0.09278809394711043,0.095719492916333,-0.002931398969222565,-0.05061479928857335
correct_CP,CCCC(=O)Nc1ccc2c(c1)C(=O)N(C)C[C@H](OC)[C@H](C)CN(CCC(F)(F)F)[C@@H](C)CO2,10.058555,-0.23380034430101654,-0.23820580646412792,0.09310527829695427,-0.3313110847610822,0.3042827143321403
correct_CP,CCCC(=O)Nc1ccc2c(c1)C(=O)N(C)C[C@H](OC)[C@H](C)CN(Cc1ccccc1F)[C@H](C)CO2,10.0368,0.26432789419635216,0.2707557199948822,0.0038136892098597037,0.2669420307850225,0.32426310586533835
correct_CP,CCCC(=O)Nc1ccc2c(c1)C(=O)N(C)C[C@H](OC)[C@H](C)CN(Cc1nccs1)[C@@H](C)CO2,10.0897,0.20247679199254134,0.20531388340500187,-0.003697223032604856,0.20901110643760673,-0.3415972776660765
correct_CP,CCCC(=O)Nc1ccc2c(c1)C(=O)N(C)C[C@H](OC)[C@H](C)CN(Cc1nccs1)[C@H](C)CO2,9.93833,-0.018567507160487457,-0.018569641332364682,0.019352971987114012,-0.037922613319478694,-0.09450801969242288
correct_CP,CCCC(=O)Nc1ccc2c(c1)C(=O)N(C)[C@@H]1CC[C@@H](CC(=O)NCc3cccc(F)c3)O[C@@H]1CO2,10.342,-0.03333344144722309,-0.03334579548348642,-0.1798823243497673,0.14653652886628088,0.3629289141853211
correct_CP,CCCC(=O)Nc1ccc2c(c1)C(=O)N(C)[C@@H]1CC[C@@H](CC(=O)NCc3cccc(F)c3)O[C@H]1CO2,9.78312,0.5679286083439891,0.6444599182137631,0.0028000255975322505,0.6416598926162309,-0.3355012763832142
correct_CP,CCCC(=O)Nc1ccc2c(c1)C(=O)N(C)[C@H]1CC[C@H](CC(=O)NCc3cccc(F)c3)O[C@@H]1CO2,10.0116,0.5398740090899737,0.6039777672588705,0.021508871524140716,0.5824688957347298,-0.011985508534022013
correct_CP,CCCC(=O)Nc1ccc2c(c1)C(=O)N(C)[C@H]1CC[C@H](CC(=O)NCc3cccc(F)c3)O[C@H]1CO2,9.90194,0.5226387660023751,0.5799633153448137,0.05073032224754871,0.529232993097265,-0.20247998112362497
correct_CP,CCCC(=O)Nc1ccc2c(c1)OC[C@@H](C)N(C(=O)c1cccnc1)C[C@H](C)[C@H](OC)CN(C)C2=O,10.0663,-0.06710789520504781,-0.06720890774529367,-0.008558222649232915,-0.05865068509606076,-0.2321562895792749
correct_CP,CCCC(=O)Nc1ccc2c(c1)OC[C@@H](C)N(Cc1ccccn1)C[C@@H](C)[C@@H](OC)CN(C)C2=O,10.006,-0.4691086168950687,-0.5089268320283469,-0.05177653013742242,-0.4571503018909244,0.13027011563702945
correct_CP,CCCC(=O)Nc1ccc2c(c1)OC[C@@H](C)N(Cc1ccccn1)C[C@H](C)[C@@H](OC)CN(C)C2=O,9.98359,0.12804626589650997,0.12875304090097486,-0.036446377169183836,0.1651994180701587,0.24257958860474704
correct_CP,CCCC(=O)Nc1ccc2c(c1)OC[C@@H](C)N(Cc1ccncc1)C[C@@H](C)[C@@H](OC)CN(C)C2=O,10.0113,-0.06886335925543419,-0.06897252377052755,0.06046508386253744,-0.129437607633065,0.09409220741832366
correct_CP,CCCC(=O)Nc1ccc2c(c1)OC[C@@H](C)N(S(=O)(=O)c1cn(C)cn1)C[C@H](C)[C@@H](OC)CN(C)C2=O,10.0162,0.1853752868559933,0.18754358433996754,0.09613309622130528,0.09141048811866226,0.07218595615973533
correct_CP,CCCC(=O)Nc1ccc2c(c1)OC[C@H](C)N(C(=O)CN(C)C)C[C@H](C)[C@@H](OC)CN(C)C2=O,10.0698,0.4055993263277217,0.4303327154136424,-0.009319866260669173,0.43965258167431154,-0.056912103373095366
correct_CP,CCCC(=O)Nc1ccc2c(c1)OC[C@H](C)N(Cc1ccc(-c3ccccn3)cc1)C[C@@H](C)[C@@H](OC)CN(C)C2=O,9.94223,-0.06273516678746487,-0.06281766397522809,0.02154173418231694,-0.08435939815754503,-0.026343530662944696
correct_CP,CCCC(=O)Nc1ccc2c(c1)OC[C@H](C)N(Cc1ccc(-c3ccccn3)cc1)C[C@@H](C)[C@H](OC)CN(C)C2=O,10.0194,0.3439167118643147,0.3585279021587202,0.07498634022678091,0.2835415619319393,0.3206973061435176
correct_CP,CCCC(=O)Nc1ccc2c(c1)OC[C@H](C)N(Cc1ccc(-c3ccccn3)cc1)C[C@H](C)[C@H](OC)CN(C)C2=O,9.95711,0.4100792247625018,0.43570646047177164,-0.0045364153433374,0.440242875815109,-0.2883806153353523
correct_CP,CCCC(=O)Nc1ccc2c(c1)OC[C@H](C)N(Cc1ccncc1)C[C@@H](C)[C@@H](OC)CN(C)C2=O,10.0911,-0.22575934359019753,-0.2297165261997126,-0.005641276679602507,-0.2240752495201101,0.02033405348648977
correct_CP,CCCC(=O)Nc1ccc2c(c1)OC[C@H](C)NC[C@@H](C)[C@@H](OC)CN(C)C2=O,10.0893,0.24751860701642217,0.25276773678663633,0.03648355224172751,0.21628418454490883,-0.1465735094028683
correct_CP,CCCC(=O)Nc1ccc2c(c1)OC[C@H](C)NC[C@@H](C)[C@H](OC)CN(C)C2=O,10.0224,0.09815746535339508,0.09847454579769707,0.015419559599889438,0.08305498619780763,0.13652774578943702
correct_CP,CCCC(O)C#Cc1cnc2c(c1)C(=O)N([C@H](C)CO)C[C@H](C)[C@H](CN(C)C(=O)NC1CCCCC1)O2,10.1217,0.5134430538229516,0.5673942773551156,0.03837066674804031,0.5290236106070753,-0.18879022381404165
correct_CP,CCCC(O)C#Cc1cnc2c(c1)C(=O)N([C@H](C)CO)C[C@H](C)[C@H](CN(C)Cc1ccc(F)cc1)O2,9.8853,0.5694342489201057,0.6466852191478334,-0.08993395671700287,0.7366191758648363,0.181181553396426
correct_CP,CCCCC(=O)N(Cc1ccc(-c2ccccc2-c2nn[nH]n2)cc1)[C@H](C(=O)O)C(C)C,10.0,0.21809296962654953,0.22165296430615358,0.012280880967459752,0.20937208333869384,0.009940583370287297
correct_CP,CCCCC(=O)NCCc1c(Cc2ccccc2)[nH]c2ccccc12,10.0,-0.4245778263783475,-0.45326340011512317,-0.03681374200513307,-0.41644965810999013,0.07964336473089703
correct_CP,CCCCC(=O)Nc1ccc2c(c1)nc1n2CCSC1,10.0,0.3134451883615923,0.32436140731305085,0.06644707303952636,0.2579143342735245,0.186175944107563
correct_CP,CCCCC(=O)Oc1ccccc1C(=O)O,10.0,0.3567886352934847,0.3732012510873336,0.02049748451280199,0.3527037665745316,0.0012322836743345923
correct_CP,CCCCC(Sc1nc(C)c(Cc2ccccc2)c(O)n1)C(=O)O,10.0,0.4812001784537158,0.5245449305251895,0.0665571014349815,0.45798782909020797,0.13172839853799745
correct_CP,CCCCCC=CCC=CCC=CCC=CCCCC(=O)NCCCC(=O)O,10.0,-0.026342007659851608,-0.026348103116219983,-0.00742318032236945,-0.01892492279385053,0.08263695391889386
correct_CP,CCCCCCCCCc1ccc(O)cc1,10.0,0.0008500838545154142,0.0008500840592844272,-0.057681507266514484,0.05853159132579891,0.16290676917657076
correct_CP,CCCCCCCCc1n[nH]c(S)n1,10.0,0.3658057339936614,0.38357224701206516,-0.10787607145447682,0.49144831846654197,-0.06542831781204038
correct_CP,CCCCCCN(CCCCCC)C(=O)Cc1c(-c2ccc(Cl)cc2)[nH]c2ccc(Cl)cc12,10.0,0.2781909899689091,0.28572024666792734,0.01791622110389132,0.26780402556403604,0.04328708204262714
correct_CP,CCCCC[C@H](O)/C=C/[C@H]1[C@H](O)CC(=O)[C@@H]1CCCCCCC(=O)O,10.0,0.1150957036868426,0.11560800685626207,0.03943488264126354,0.07617312421499853,0.20133999645912687
correct_CP,CCCCCn1c(=O)c(-c2nc3ccccc3[nH]2)c(O)c2ccccc21,10.0,0.5033399698036255,0.5537694050804953,0.016221471938086804,0.5375479331424086,0.09384948429717174
correct_CP,CCCCCn1c(=O)c(C(=O)NC(C)c2ccccc2)c(O)c2ccccc21,10.0,0.4514987813740555,0.4865812212227545,-0.0009772612932089364,0.48755848251596345,-0.14651982579643613
correct_CP,CCCCCn1c(SCCc2ccccc2)nc2c1c(=O)[nH]c(=O)n2C,10.0,0.16537632549653733,0.16690920298641415,0.06454602791888207,0.10236317506753208,0.3712387257821622
correct_CP,CCCCN(C)CCOc1ccccc1OCC,10.0,0.5216374183818948,0.578586649531657,-0.05813818372957004,0.636724833261227,0.20598127008720346
correct_CP,CCCCN1C(=O)[C@H]2Cc3c([nH]c4ccccc34)[C@H](c3ccc(OC)cc3)N2C1=O,10.0,-0.09634206392878325,-0.0966418107279486,0.10134813527383002,-0.1979899460017786,0.022971242499538427
correct_CP,CCCCc1c(-c2ccc(OC)cc2)[nH]c2nccnc12,10.0,-0.13454363926598223,-0.13536440832309848,0.015938343448174394,-0.1513027517712729,-0.11470042211657856
correct_CP,CCCCn1c(S)nnc1-c1csc(CC)c1,10.0,-0.019946147710314544,-0.019948793525624064,0.03553818811280894,-0.055486981638433006,-0.07561966362435679
correct_CP,CCCCn1c(S)nnc1Cc1ccccc1,10.0,0.0012731627282919667,0.0012731634162008476,-0.05149425256429288,0.052767415980493726,0.2875182059451913
correct_CP,CCCCn1c(SCN2C(=O)c3ccccc3C2=O)nc2cc(S(N)(=O)=O)ccc21,10.0,-0.07913127449070402,-0.07929706480082069,0.006087705497511274,-0.08538477029833197,-0.08737507785856402
correct_CP,CCCN(C)C[C@@H]1OCCCC[C@@H](C)Oc2ccc(NC(=O)CCC(F)(F)F)cc2C(=O)N([C@@H](C)CO)C[C@@H]1C,10.0451,-0.3752798606015924,-0.39455437594070053,0.012060753510234173,-0.4066151294509347,-0.15833542451341076
correct_CP,CCCN(C)C[C@@H]1OCCCC[C@@H](C)Oc2ccc(NC(=O)NC3CCCCC3)cc2C(=O)N([C@H](C)CO)C[C@@H]1C,10.2564,0.012394378842291087,0.012395013578213106,-0.008071589787714998,0.020466603365928104,-0.02566264520020709
correct_CP,CCCN(C)C[C@@H]1OCCCC[C@@H](C)Oc2ccc(NS(=O)(=O)c3ccc(Cl)cc3)cc2C(=O)N([C@H](C)CO)C[C@@H]1C,10.223,0.032617340559964306,0.03262891504658233,0.018671697088926426,0.013957217957655903,0.06718119787525068
correct_CP,CCCN(C)C[C@@H]1OCCCC[C@@H](C)Oc2ccc(NS(=O)(=O)c3ccc(OC)cc3)cc2C(=O)N([C@H](C)CO)C[C@@H]1C,10.4149,0.5418093994740478,0.6067133422687687,-0.03157778685071228,0.638291129119481,0.2403633762453988
correct_CP,CCCN(C)C[C@@H]1OCCCC[C@@H](C)Oc2ccc(NS(C)(=O)=O)cc2C(=O)N([C@@H](C)CO)C[C@@H]1C,10.021,-0.18945469687523836,-0.19177150413424104,-0.04250591870312195,-0.1492655854311191,-0.3413769808968591
correct_CP,CCCN(C)C[C@@H]1OCCCC[C@@H](C)Oc2ccc(NS(C)(=O)=O)cc2C(=O)N([C@H](C)CO)C[C@@H]1C,9.82179,0.09717242572990106,0.09748001986315534,0.036316797622402815,0.061163222240752525,-0.062161489580487145
correct_CP,CCCN(C)C[C@@H]1OCCCC[C@H](C)Oc2ccc(N(C)C)cc2C(=O)N([C@H](C)CO)C[C@@H]1C,10.0948,-0.08176360175080427,-0.08194654048167987,0.003241659914165914,-0.08518820039584579,-0.0621817654920348
correct_CP,CCCN(C)C[C@@H]1OCCCC[C@H](C)Oc2ccc(NS(C)(=O)=O)cc2C(=O)N([C@@H](C)CO)C[C@H]1C,9.90925,0.3604167998879305,0.3773648439549465,-0.018889018491598027,0.39625386244654454,-0.2212725887442789
correct_CP,CCCN(C)C[C@@H]1Oc2cc(C#Cc3cccc(OC)c3)ccc2S(=O)(=O)N([C@@H](C)CO)C[C@@H]1C,10.0218,0.1756769601714372,0.1775184526411314,0.005512612503205547,0.17200584013792586,0.0719837351834759
correct_CP,CCCN(C)C[C@@H]1Oc2ncc(-c3ccccc3)cc2C(=O)N([C@@H](C)CO)C[C@H]1C,10.0101,0.016465140271028394,0.016466628417574045,-0.0011258341251764916,0.017592462542750535,0.07181397458891081
correct_CP,CCCN(C)C[C@H]1OCCCC[C@@H](C)Oc2ccc(NC(=O)CCCN(C)C)cc2C(=O)N([C@H](C)CO)C[C@@H]1C,10.3044,0.19137720052221885,0.19376633762669704,-0.0352592868030636,0.22902562442976065,0.03743862620658387
correct_CP,CCCN(C)C[C@H]1OCCCC[C@@H](C)Oc2ccc(NC(=O)Cc3ccccc3)cc2C(=O)N([C@H](C)CO)C[C@H]1C,9.97547,0.258322988257819,0.26431064873889,0.03346478199712222,0.23084586674176777,-0.12939426882887692
correct_CP,CCCN(C)C[C@H]1OCCCC[C@@H](C)Oc2ccc(NC(=O)Nc3ccccc3)cc2C(=O)N([C@H](C)CO)C[C@@H]1C,9.97292,-0.36400807191682544,-0.3814984423235108,0.011174023816780936,-0.3926724661402918,0.3086782887218989
correct_CP,CCCN(C)C[C@H]1OCCCC[C@@H](C)Oc2ccc(NC(=O)c3ccccc3)cc2C(=O)N([C@@H](C)CO)C[C@H]1C,9.9644,-0.18431171686739992,-0.18644238957914616,-0.04679246958690994,-0.13964991999223622,-0.14485879288607909
correct_CP,CCCN(C)C[C@H]1OCCCC[C@@H](C)Oc2ccc(NC(=O)c3ccncc3)cc2C(=O)N([C@H](C)CO)C[C@@H]1C,9.89101,0.05921294540136388,0.059282294959078656,-0.004447701864614092,0.06372999682369275,0.23572218405590775
correct_CP,CCCN(C)C[C@H]1OCCCC[C@@H](C)Oc2ccc(NS(=O)(=O)c3ccc(Cl)cc3)cc2C(=O)N([C@@H](C)CO)C[C@H]1C,9.97116,0.15772248074023787,0.15905021010781228,0.019383523062436465,0.13966668704537583,0.06504060449598173
correct_CP,CCCN(C)C[C@H]1OCCCC[C@@H](C)Oc2ccc(NS(=O)(=O)c3ccc(OC)cc3)cc2C(=O)N([C@@H](C)CO)C[C@H]1C,10.106,-0.16901317135531216,-0.17065064194193913,0.00028895141760806875,-0.1709395933595472,-0.2396552046184964
correct_CP,CCCN(C)C[C@H]1OCCCC[C@@H](C)Oc2ccc(NS(=O)(=O)c3cn(C)cn3)cc2C(=O)N([C@H](C)CO)C[C@@H]1C,10.175,-0.06027488191981669,-0.06034803556459843,0.05252186729268017,-0.1128699028572786,-0.052892175816897265
correct_CP,CCCN(C)C[C@H]1OCCCC[C@H](C)Oc2ccc(NC(=O)CCC(F)(F)F)cc2C(=O)N([C@@H](C)CO)C[C@H]1C,9.97595,0.5184755569234337,0.574252596556372,-0.01383517738129706,0.588087773937669,0.001038492190132103
correct_CP,CCCN(C)C[C@H]1OCCCC[C@H](C)Oc2ccc(NC(=O)CCCN(C)C)cc2C(=O)N([C@H](C)CO)C[C@@H]1C,10.063,0.39269523029240977,0.41498270321623726,0.12583590998639982,0.28914679322983744,0.0771928300787576
correct_CP,CCCN(C)C[C@H]1OCCCC[C@H](C)Oc2ccc(NC(=O)Nc3ccc(F)cc3)cc2C(=O)N([C@@H](C)CO)C[C@H]1C,10.0217,0.25122558462349054,0.25672053028514696,0.023890677130493608,0.23282985315465335,0.4421020466385241
correct_CP,CCCN(C)C[C@H]1OCCCC[C@H](C)Oc2ccc(NC(=O)c3ccccc3)cc2C(=O)N([C@@H](C)CO)C[C@H]1C,10.0176,0.046990239735944496,0.047024871740453035,-0.012325906353107334,0.05935077809356037,0.3882471909720587
correct_CP,CCCN(C)C[C@H]1OCCCC[C@H](C)Oc2ccc(NC(=O)c3ccncc3)cc2C(=O)N([C@H](C)CO)C[C@H]1C,9.8829,0.07308947980276743,0.07322004831875145,0.004016178077721463,0.06920387024102999,0.14300197755261518
correct_CP,CCCN(C)C[C@H]1OCCCC[C@H](C)Oc2ccc(NS(=O)(=O)c3ccc(OC)cc3)cc2C(=O)N([C@@H](C)CO)C[C@H]1C,10.0628,-0.059494923712426075,-0.0595652701624284,-0.029479040327512328,-0.030086229834916073,0.1555131986000702
correct_CP,CCCN(C)C[C@H]1OCCCC[C@H](C)Oc2ccc(NS(=O)(=O)c3ccc(OC)cc3)cc2C(=O)N([C@H](C)CO)C[C@H]1C,10.0927,0.16680030963013037,0.16837358279466258,-0.007222913296395543,0.17559649609105812,0.10425969044054184
correct_CP,CCCN(C)C[C@H]1Oc2cc(C#CCC3CCCC3)ccc2S(=O)(=O)N([C@@H](C)CO)C[C@@H]1C,10.0208,0.07485617878888784,0.0749964683108254,0.0052793889294399255,0.06971707938138548,0.11650586477100722
correct_CP,CCCN(C)C[C@H]1Oc2cc(C#CCC3CCCC3)ccc2S(=O)(=O)N([C@@H](C)CO)C[C@H]1C,10.0092,0.36833113290769226,0.3864909063724486,0.0044030285839178965,0.3820878777885307,-0.026260246758781042
correct_CP,CCCN(C)C[C@H]1Oc2ncc(-c3ccccc3)cc2C(=O)N([C@@H](C)CO)C[C@@H]1C,10.0572,0.058712317025887154,0.05877992002033046,-0.02541856621434359,0.08419848623467405,0.18517476808080244
correct_CP,CCCN(CCC)CC1CCCCN1CCNC(=O)N1c2ccccc2C(=O)Nc2cccnc21,10.0,0.7217082351489511,0.9112010798660246,0.35129434665139897,0.5599067332146257,0.05217057578449247
correct_CP,CCCN(CCC)CCNC(=O)c1cc2c(C)nc3ccccc3c2o1,10.0,0.3880286312553697,0.4094771351193229,0.1539168341704552,0.25556030094886767,-0.061186257299672905
correct_CP,CCCN(CCC)CCc1cccc2c1CC(=O)N2,10.0,0.06941858591008834,0.06953041743600182,-0.054449489412357596,0.12397990684835941,-0.01067229075864054
correct_CP,CCCN(CCC)[C@@H]1CCc2c(OC)cccc2[C@@H]1C,10.0,0.1982144003661838,0.20087324395537834,0.018399582522232068,0.18247366143314628,0.13538542294351855
correct_CP,CCCN1CCO[C@@H]2c3cc(O)ccc3OC[C@H]21,10.0,0.6968318271844836,0.8611152414610567,0.06948054398397181,0.7916346974770848,0.2581587263641235
correct_CP,CCCN1CCc2cccc3c2[C@H]1Cc1ccc(O)c(O)c1-3,10.0,0.05742563075780685,0.05748888017797866,0.0005814681465998086,0.05690741203137885,0.13631580084810932
correct_CP,CCCN1C[C@@H](C)[C@@H](OC)CN(C)C(=O)c2cc(NC(=O)Nc3ccccc3F)ccc2OC[C@@H]1C,10.0593,0.22720711054581388,0.23124257143924654,-0.001692493214030335,0.23293506465327687,0.29226684293891053
correct_CP,CCCN1C[C@@H](C)[C@@H](OC)CN(C)C(=O)c2cc(NC(=O)c3cccc(F)c3)ccc2OC[C@H]1C,10.08,0.0030097094359632062,0.0030097185236806464,0.010030174921308314,-0.007020456397627667,-0.16072511699823963
correct_CP,CCCN1C[C@@H](C)[C@@H](OC)CN(C)C(=O)c2cc(NS(=O)(=O)CC)ccc2OC[C@@H]1C,9.99584,0.3224632283639603,0.33439376597381293,-0.026219148264693057,0.360612914238506,0.033097540137136325
correct_CP,CCCN1C[C@@H](C)[C@@H](OC)CN(C)C(=O)c2cc(NS(=O)(=O)c3ccccc3)ccc2OC[C@H]1C,10.0184,0.3218611875288347,0.3337220039434133,0.01303852994372469,0.3206834739996886,0.2707273181014132
correct_CP,CCCN1C[C@@H](C)[C@@H](OC)CN(C)C(=O)c2cc(NS(C)(=O)=O)ccc2OC[C@H]1C,10.0418,0.14909891843962358,0.1502187405532113,0.01771584251405696,0.13250289803915433,0.18050071641617216
correct_CP,CCCN1C[C@@H](C)[C@@H](OC)CN(C)C(=O)c2ccc(NC(=O)Nc3c(C)noc3C)cc2OC[C@@H]1C,10.0153,0.27019142396230406,0.27707031023705003,0.12960915868747275,0.14746115154957729,-0.14546898718138337
correct_CP,CCCN1C[C@@H](C)[C@@H](OC)CN(C)C(=O)c2ccc(NC(=O)Nc3c(C)noc3C)cc2OC[C@H]1C,9.98485,-0.2122805258699476,-0.2155582838283593,0.09459372596788701,-0.3101520097962463,-0.1807192979375002
correct_CP,CCCN1C[C@@H](C)[C@@H](OC)CN(C)C(=O)c2ccc(NS(=O)(=O)c3cn(C)cn3)cc2OC[C@@H]1C,10.099,0.3994593477518642,0.42300546213910784,0.025379209435745283,0.39762625270336255,0.46259776402057057
correct_CP,CCCN1C[C@@H](C)[C@@H](OC)CN(C)C(=O)c2ccc(NS(=O)(=O)c3cn(C)cn3)cc2OC[C@H]1C,10.0766,0.0004541963074534606,0.0004541963386861654,0.034918778700270624,-0.03446458236158446,-0.061933398370547565
correct_CP,CCCN1C[C@@H](C)[C@H](OC)CN(C)C(=O)c2cc(NC(=O)c3cccc(F)c3)ccc2OC[C@H]1C,10.0886,-0.4909253871165522,-0.5372788391661119,-0.04129384838335379,-0.49598499078275804,-0.11067012384788885
correct_CP,CCCN1C[C@@H](C)[C@H](OC)CN(C)C(=O)c2cc(NS(=O)(=O)CC)ccc2OC[C@@H]1C,10.061,-0.1238206386301716,-0.12445931157390763,0.01643142946862925,-0.14089074104253688,-0.019188654721212173
correct_CP,CCCN1C[C@@H](C)[C@H](OC)CN(C)C(=O)c2ccc(NC(=O)c3cccc(OC)c3)cc2OC[C@H]1C,10.0605,0.14267342122615853,0.14365349208354947,-0.023317196157499335,0.1669706882410488,0.07649457460713498
correct_CP,CCCN1C[C@@H](C)[C@H](OC)CN(C)C(=O)c2ccc(NC(=O)c3ccccc3F)cc2OC[C@H]1C,10.0362,-0.0036634611591677903,-0.003663477548339928,0.008871509390171839,-0.012534986938511766,0.11879756780200001
correct_CP,CCCN1C[C@H](C)[C@@H](OC)CN(C)C(=O)c2cc(NC(=O)Nc3ccccc3F)ccc2OC[C@H]1C,9.93003,-0.025625940368182665,-0.025631552002252225,0.05179247331678388,-0.07742402531903611,0.03790670954915688
correct_CP,CCCN1C[C@H](C)[C@@H](OC)CN(C)C(=O)c2cc(NC(=O)c3cnccn3)ccc2OC[C@@H]1C,10.1003,0.09804290792396012,0.09835887519512741,0.02777007988077334,0.07058879531435408,-0.059307143450431615
correct_CP,CCCN1C[C@H](C)[C@@H](OC)CN(C)C(=O)c2cc(NS(=O)(=O)CC)ccc2OC[C@H]1C,9.92847,-0.04286325726130963,-0.04288953653569128,0.05260644421625401,-0.09549598075194529,-0.04467844068363523
correct_CP,CCCN1C[C@H](C)[C@@H](OC)CN(C)C(=O)c2cc(NS(C)(=O)=O)ccc2OC[C@H]1C,10.0735,-0.05148645418804382,-0.05153202105896555,0.010388036527240805,-0.061920057586206355,-0.04562990404196582
correct_CP,CCCN1C[C@H](C)[C@@H](OC)CN(C)C(=O)c2ccc(NC(=O)Nc3c(C)noc3C)cc2OC[C@@H]1C,10.0845,0.2951329681269555,0.304179734600757,0.07939966120791299,0.224780073392844,-0.04698548790234331
correct_CP,CCCN1C[C@H](C)[C@@H](OC)CN(C)C(=O)c2ccc(NC(=O)c3ccc(F)cc3)cc2OC[C@@H]1C,9.9931,-0.048932142614307526,-0.04897125244866042,-0.02522633390744934,-0.02374491854121108,0.22041091134502422
correct_CP,CCCN1C[C@H](C)[C@H](OC)CN(C)C(=O)c2cc(NC(=O)C3CCC3)ccc2OC[C@H]1C,9.98569,0.10268493765200189,0.10304814834568062,0.01165311260079718,0.09139503574488343,-0.04074075315470731
correct_CP,CCCN1C[C@H](C)[C@H](OC)CN(C)C(=O)c2cc(NC(=O)c3ccccc3)ccc2OC[C@@H]1C,10.0334,0.40111312102048496,0.4249747778177333,-0.005817169143490907,0.4307919469612242,0.04745995606630074
correct_CP,CCCN1C[C@H](C)[C@H](OC)CN(C)C(=O)c2cc(NS(C)(=O)=O)ccc2OC[C@@H]1C,9.96253,-0.10210976445659406,-0.10246688041286574,0.0251492027043584,-0.12761608311722414,0.04237439230319004
correct_CP,CCCN1C[C@H](C)[C@H](OC)CN(C)C(=O)c2ccc(NC(=O)Nc3c(C)noc3C)cc2OC[C@@H]1C,10.028,0.12899831883805887,0.1297210840373691,0.03751129219715359,0.09220979184021551,0.006186178055582921
correct_CP,CCCN1C[C@H](C)[C@H](OC)CN(C)C(=O)c2ccc(NC(=O)c3ccc(F)cc3)cc2OC[C@@H]1C,9.99729,0.4845935364838312,0.5289702310245294,0.03372423191134398,0.49524599911318545,0.032300662248332584
correct_CP,CCCN1[C@@H]2Cn3c(ccc(/C=C/c4ccccc4)c3=O)[C@H]1[C@@H](C(=O)NCC)[C@@H]2CO,9.99964,0.08613604725831764,0.0863500270975001,0.0026418429756794415,0.08370818412182066,0.0013084904381817125
correct_CP,CCCN1[C@@H]2c3ccc(-c4ccc(F)cc4)c(=O)n3C[C@H]1[C@H](CO)[C@H]2C(=O)NCCOC,9.98969,0.6621785322581685,0.7966834178947743,-0.014880457419475072,0.8115638753142493,0.3341289307702012
correct_CP,CCCN1[C@@H]2c3ccc(-c4cccc(F)c4)c(=O)n3C[C@@H]2[C@@H](CO)[C@@H]1C(=O)N[C@@H](C)c1ccccc1,9.95259,0.0765524165785571,0.07670248393452998,-0.037990784813731485,0.11469326874826147,0.18049487876366754
correct_CP,CCCN1[C@@H]2c3ccc(-c4ccccc4F)c(=O)n3C[C@@H]2[C@@H](CO)[C@@H]1C(=O)N1CCN(C)CC1,9.99515,0.03610990953471673,0.03612561670321973,0.049770366802766426,-0.013644750099546694,-0.2782248919349744
correct_CP,CCCN1[C@@H]2c3ccc(-c4ccccc4OC)c(=O)n3C[C@H]1[C@H](CO)[C@H]2C(=O)NCc1ccccn1,10.0351,-0.5126103277692932,-0.5662640898860773,0.019350152057123537,-0.5856142419432009,0.2993130137094196
correct_CP,CCCN1[C@@H]2c3ccc(-c4ccncc4)c(=O)n3C[C@@H]2[C@@H](CO)[C@@H]1C(=O)NCCCN1CCOCC1,9.98945,0.01010100745034006,0.010101351007819209,-0.016291498255318004,0.026392849263137213,-0.34321608375542706
correct_CP,CCCN1[C@@H]2c3ccc(C4=CCCCC4)c(=O)n3C[C@@H]2[C@@H](CO)[C@@H]1C(=O)NC1Cc2ccccc2C1,10.0989,0.32679651328050047,0.33923751876394814,0.05327208406170818,0.28596543470223995,0.1299959894448537
correct_CP,CCCN1[C@@H]2c3ccc(C4=CCCCC4)c(=O)n3C[C@H]1[C@H](CO)[C@H]2C(=O)N1CCc2ccccc2C1,9.95682,0.2929073404838622,0.3017434981667929,0.032994150393638774,0.2687493477731541,-0.22821559108482814
correct_CP,CCCN1[C@H](C(=O)N[C@H](C)c2ccccc2)[C@@H](CO)[C@@H]2Cn3c(ccc(-c4cccc(F)c4)c3=O)[C@@H]21,10.0514,-0.12096570971112411,-0.12156096304737096,0.08721837371035798,-0.20877933675772894,0.011213756836528976
correct_CP,CCCN1[C@H](C(=O)OC)[C@@H](CO)[C@@H]2Cn3c(ccc(-c4cncnc4)c3=O)[C@@H]21,9.98411,0.19749645891299797,0.2001260523251998,-0.04547209504557647,0.2455981473707763,-0.12852413718230848
correct_CP,CCCNC(=O)C[C@@H]1C[C@@H]2c3cc(NS(=O)(=O)c4ccc(F)cc4)ccc3O[C@@H]2[C@@H](CO)O1,9.87212,0.29492634424461955,0.3039534109405623,-0.030470191374283695,0.33442360231484597,0.06855780528045272
correct_CP,CCCNC(=O)C[C@@H]1C[C@H]2c3cc(NC(=O)NC4CCCCC4)ccc3O[C@H]2[C@@H](CO)O1,9.75578,-0.18737427444156063,-0.18961450738369165,0.007275731022437957,-0.1968902384061296,0.2701839111180616
correct_CP,CCCNC(=O)C[C@@H]1C[C@H]2c3cc(NS(=O)(=O)c4ccc(F)cc4)ccc3O[C@H]2[C@@H](CO)O1,10.0869,0.0937614300687919,0.0940376471830922,0.026699514318838928,0.06733813286425328,-0.011074025640953458
correct_CP,CCCNC(=O)C[C@H]1CC[C@@H]2[C@@H](COc3ccc(NC(=O)c4ccc5c(c4)OCO5)cc3C(=O)N2C)O1,9.90628,-0.07590039360254457,-0.07604665023609845,0.03147258012521821,-0.10751923036131666,-0.2979455371847569
correct_CP,CCCNC(=O)C[C@H]1CC[C@@H]2[C@H](COc3ccc(NC(=O)c4ccc5c(c4)OCO5)cc3C(=O)N2C)O1,9.95469,0.05922753299549121,0.059296933892483396,-0.018172720407648196,0.07746965430013159,0.16302671132148064
correct_CP,CCCNC(=O)C[C@H]1C[C@@H]2c3cc(NS(=O)(=O)c4ccc(F)cc4)ccc3O[C@@H]2[C@H](CO)O1,10.1059,0.2213819813273298,0.22510884544842202,0.03466880593373384,0.1904400395146882,0.22815775463514648
correct_CP,CCCNC(=O)N(C)C[C@@H]1Oc2ncc(Br)cc2C(=O)N([C@H](C)CO)C[C@@H]1C,10.0087,0.7542256941786967,0.9826845899217167,0.1486373150898201,0.8340472748318966,0.2926118396003795
correct_CP,CCCNC(=O)N(C)C[C@@H]1Oc2ncc(C#CCc3ccccc3)cc2C(=O)N([C@@H](C)CO)C[C@H]1C,9.98717,0.3683664774646722,0.38653179931884607,0.038139992557339505,0.34839180676150655,0.05386442027605354
correct_CP,CCCNC(=O)N(C)C[C@H]1Oc2cc(-c3cncnc3)ccc2S(=O)(=O)N([C@H](C)CO)C[C@H]1C,10.0918,0.6704235918472797,0.811512151396691,0.19430080712290007,0.6172113442737909,-0.31487275146098975
correct_CP,CCCNC(=O)N(C)C[C@H]1Oc2ncc(-c3ccccc3F)cc2C(=O)N([C@@H](C)CO)C[C@H]1C,10.0869,0.4969438545418164,0.5452395466702045,0.01970452577060878,0.5255350208995957,-0.0540801660653016
correct_CP,CCCNC(=O)N(C)C[C@H]1Oc2ncc(C#CC3(O)CCCC3)cc2C(=O)N([C@H](C)CO)C[C@@H]1C,10.1181,-0.06638637499341657,-0.06648415861379056,0.10486588681208231,-0.17135004542587287,-0.16434143707255355
correct_CP,CCCNC(=O)N(C)C[C@H]1Oc2ncc(C3=CCCC3)cc2C(=O)N([C@@H](C)CO)C[C@@H]1C,10.0488,0.0886095860364401,0.088842595475256,-0.02458993996309667,0.11343253543835266,0.06269259360216678
correct_CP,CCCNC(=O)N1C[C@@H](C)[C@@H](OC)CN(C)C(=O)c2cc(NS(C)(=O)=O)ccc2OC[C@H]1C,9.95626,0.018194097442044848,0.01819610540900991,-0.10727553315060095,0.12547163855961085,0.29153427481822386
correct_CP,CCCNC(=O)N1C[C@@H](C)[C@@H](OC)CN(C)C(=O)c2ccc(NC(=O)CC)cc2OC[C@@H]1C,10.0454,0.34498110003427684,0.35973557489481295,0.023577289591913343,0.3361582853028996,-0.1230377887517371
correct_CP,CCCNC(=O)N1C[C@@H](C)[C@@H](OC)CN(C)C(=O)c2ccc(NS(=O)(=O)CC(F)(F)F)cc2OC[C@H]1C,10.1025,0.07654230210960082,0.07669230985054659,0.009854091975105414,0.06683821787544118,0.010776758277411718
correct_CP,CCCNC(=O)N1C[C@@H](C)[C@H](OC)CN(C)C(=O)c2ccc(NC(=O)CC)cc2OC[C@@H]1C,9.99608,0.08618821196333554,0.08640258196527421,-0.049158946984624904,0.13556152894989912,-0.17350270556723607
correct_CP,CCCNC(=O)N1C[C@@H](O)COC[C@@H]2O[C@@H](CC(=O)O)CC[C@H]21,10.0049,-0.22187443451381217,-0.2256267369947913,0.03913249131654125,-0.26475922831133253,-0.14168517351949828
correct_CP,CCCNC(=O)N1C[C@H](C)[C@H](OC)CN(C)C(=O)c2cc(NC(C)=O)ccc2OC[C@@H]1C,9.95335,0.2502593408984634,0.25568946131415016,0.003795114967870744,0.2518943463462794,0.0560333911285037
correct_CP,CCCNC(=O)N1C[C@H](C)[C@H](OC)CN(C)C(=O)c2ccc(NC(=O)CC)cc2OC[C@@H]1C,9.97001,0.36023119989951086,0.3771515514817851,0.08799481583066056,0.28915673565112454,0.010877554253847552
correct_CP,CCCNC(=O)N1C[C@H](O)COC[C@@H]2O[C@@H](CC(=O)N[C@@H]3CCN(Cc4ccccc4)C3)CC[C@H]21,10.0722,-0.17950311562717267,-0.1814692135162679,0.058301750167048395,-0.2397709636833163,-0.0761359495578034
correct_CP,CCCNC(=O)N1[C@@H](C#N)[C@@H](c2ccc(-c3ccccc3F)cc2)[C@@H]1CO,10.2293,0.20106774836014524,0.20384503985784708,-0.0964928557269569,0.30033789558480395,-0.03668095793120671
correct_CP,CCCNC(=O)N1[C@@H](C#N)[C@@H](c2ccc(C3=CCCCC3)cc2)[C@@H]1CO,10.2755,0.41257282303582393,0.438707866795671,-0.028242700179143657,0.46695056697481463,0.29301815362754113
correct_CP,CCCNC(=O)N1[C@@H]2Cn3c(cccc3=O)[C@H]1[C@@H](C(=O)N1CCC(Cc3ccccc3)CC1)[C@@H]2CO,10.1858,-0.39610210695028797,-0.4190171453801115,-0.11016026867289046,-0.308856876707221,-0.1505649429977104
correct_CP,CCCNC(=O)N1[C@@H]2Cn3c(cccc3=O)[C@H]1[C@@H](C(=O)NCC(F)(F)F)[C@@H]2CO,10.033,0.1956605431322073,0.19821633865181537,0.08714561165102831,0.11107072700078706,-0.3230640762686238
correct_CP,CCCNC(=O)N1[C@H](C#N)[C@H](c2ccc(C3=CCCCC3)cc2)[C@H]1CO,10.2333,0.05551304274281945,0.05557017322476513,-0.0012542782415540985,0.05682445146631923,0.09144840307230563
correct_CP,CCCNC(=O)N1[C@H](C(=O)N2CCCCC2)[C@@H](CO)[C@@H]2Cn3c(ccc(-c4ccc(F)cc4)c3=O)[C@@H]21,10.0202,-0.1865172354522183,-0.1887264312107913,0.020011827930725715,-0.208738259141517,0.06086300382885955
correct_CP,CCCNC(=O)N[C@@H]1C=C[C@@H](CC(=O)N2CCN(C)CC2)O[C@H]1CO,10.0682,0.5564485025469474,0.6276739964458882,0.004124252542004625,0.6235497439038835,0.18086053988893605
correct_CP,CCCNC(=O)N[C@@H]1C=C[C@@H](CC(=O)NC2CCCCC2)O[C@@H]1CO,10.1005,-0.32721169018671564,-0.33970240695668685,0.015903464005685153,-0.355605870962372,0.2587646489600241
correct_CP,CCCNC(=O)N[C@@H]1C=C[C@@H](CC(=O)NC2CCCCC2)O[C@H]1CO,10.075,-0.15788954349565734,-0.1592215394328722,0.0034801453088374058,-0.16270168474170962,-0.05720219961443778
correct_CP,CCCNC(=O)N[C@@H]1C=C[C@@H](CC(=O)NCCc2ccccc2)O[C@@H]1CO,10.0742,-0.6065243416197046,-0.7034045618583951,-0.14903796076659048,-0.5543666010918046,-0.0043971357232603925
correct_CP,CCCNC(=O)N[C@@H]1C=C[C@@H](CC(=O)NCCc2ccccc2)O[C@H]1CO,10.1223,-0.032883970518777596,-0.03289583130281169,-0.025792634720172864,-0.007103196582638829,0.05449175094134653
correct_CP,CCCNC(=O)N[C@@H]1C=C[C@H](CC(=O)NC2CCCCC2)O[C@H]1CO,9.93267,-0.01778883624312623,-0.017790712981893827,0.006249879975410851,-0.02404059295730468,-0.0013819592615357708
correct_CP,CCCNC(=O)N[C@@H]1CC[C@@H](CC(=O)N2CCN(C)CC2)O[C@H]1CO,10.0816,-0.060653478333505095,-0.06072802117878869,-0.0012462377089696008,-0.05948178346981909,-0.16913389674545892
correct_CP,CCCNC(=O)N[C@@H]1CC[C@H](CC(=O)N2CCN(C)CC2)O[C@@H]1CO,9.95975,0.3559697679457151,0.3722632520201686,-0.1110433642717025,0.4833066162918711,-0.007838684010490246
correct_CP,CCCNC(=O)N[C@@H]1CC[C@H](CC(=O)NC2CCC2)O[C@H]1CO,10.0692,-0.20368121694641883,-0.20657011696833805,0.039962007861369706,-0.24653212482970777,0.33816682329081227
correct_CP,CCCNC(=O)N[C@@H]1CC[C@H](CC(=O)NCCc2ccccc2)O[C@@H]1CO,10.1751,0.6347063236159678,0.7492584128551684,0.05690933926963284,0.6923490735855355,0.11639566451575653
correct_CP,CCCNC(=O)N[C@H]1C=C[C@@H](CC(=O)NCCc2ccccc2)O[C@@H]1CO,9.98492,0.02654240377000804,0.026548639440090428,-0.0369127071828317,0.06346134662292213,0.32679091274710126
correct_CP,CCCNC(=O)N[C@H]1C=C[C@H](CC(=O)N2CCN(C)CC2)O[C@@H]1CO,10.1919,0.012632898522545918,0.012633570615521181,-0.01037567970638359,0.02300925032190477,0.0822871603048576
correct_CP,CCCNC(=O)N[C@H]1C=C[C@H](CC(=O)NCCc2ccccc2)O[C@H]1CO,9.96996,0.05765585323445412,0.05771986743992941,0.01471779390127487,0.04300207353865454,0.16804028808372445
correct_CP,CCCNC(=O)N[C@H]1CC[C@@H](CC(=O)N2CCN(C)CC2)O[C@@H]1CO,10.0094,0.33415697759737617,0.3475004766266073,0.006647052965063932,0.34085342366154336,-0.019455136554435294
correct_CP,CCCNC(=O)N[C@H]1CC[C@@H](CCn2cc(-c3cccc(F)c3)nn2)O[C@H]1CO,10.0797,-0.06745518392111326,-0.06755777572242999,0.01080845485993821,-0.0783662305823682,-0.009704282391208196
correct_CP,CCCNC(=O)N[C@H]1CC[C@H](CC(=O)N2CCN(C)CC2)O[C@@H]1CO,10.1052,-0.3947063496719343,-0.4173627286753472,-0.07245448932474191,-0.3449082393506053,0.2171946969496129
correct_CP,CCCNC(=O)N[C@H]1CC[C@H](CC(=O)NCCc2ccccc2)O[C@H]1CO,9.99157,0.25387062060409665,0.2595457632580913,0.05504662648600724,0.20449913677208406,-0.09145200161997522
correct_CP,CCCNC(=O)Nc1ccc2c(c1)C(=O)N(C)C[C@@H](OC)[C@@H](C)CN(C(=O)CC)[C@H](C)CO2,9.93749,-0.1649373924041866,-0.16645796146670994,-0.01892040489357138,-0.14753755657313855,-0.09160854898442045
correct_CP,CCCNC(=O)Nc1ccc2c(c1)C(=O)N(C)C[C@@H](OC)[C@@H](C)CN(CCC)[C@H](C)CO2,10.0566,0.27667125640925444,0.2840737880093692,0.04129269769718046,0.24278109031218875,-0.27445657085869
correct_CP,CCCNC(=O)Nc1ccc2c(c1)C(=O)N(C)C[C@@H](OC)[C@@H](C)CN(Cc1ccccn1)[C@@H](C)CO2,10.0273,-0.09892064909258377,-0.09924521270970327,-0.0004420075310358849,-0.09880320517866738,-0.044247948957117374
correct_CP,CCCNC(=O)Nc1ccc2c(c1)C(=O)N(C)C[C@@H](OC)[C@@H](C)CN(Cc1ccccn1)[C@H](C)CO2,10.0325,0.00618796870384627,0.006188047686741401,-0.006705509115453529,0.012893556802194929,0.04245195212130623
correct_CP,CCCNC(=O)Nc1ccc2c(c1)C(=O)N(C)C[C@@H](OC)[C@H](C)CN(Cc1ccccn1)[C@@H](C)CO2,9.98586,0.310233975573668,0.32080428125183613,0.003591750374532289,0.31721253087730383,0.05666002708602433
correct_CP,CCCNC(=O)Nc1ccc2c(c1)C(=O)N(C)C[C@@H](OC)[C@H](C)CN(Cc1ccncc1)[C@@H](C)CO2,10.0489,0.5288101264521903,0.588491937680956,0.03270096962491577,0.5557909680560402,-0.0270482767792744
correct_CP,CCCNC(=O)Nc1ccc2c(c1)C(=O)N(C)C[C@@H](OC)[C@H](C)CN[C@@H](C)CO2,10.0162,0.14251633011948825,0.14349314049989573,0.00020394422174193488,0.14328919627815379,-0.07473078750933318
correct_CP,CCCNC(=O)Nc1ccc2c(c1)C(=O)N(C)C[C@H](OC)[C@@H](C)CN(C(=O)C1CCCCC1)[C@H](C)CO2,10.0536,0.0548386003218248,0.05489367125464384,0.025937844508030505,0.028955826746613334,-0.09654917857334819
correct_CP,CCCNC(=O)Nc1ccc2c(c1)C(=O)N(C)C[C@H](OC)[C@@H](C)CN(C(=O)c1ccccc1F)[C@@H](C)CO2,10.0642,0.17987321827997702,0.18185166469548672,-0.012573204940260275,0.19442486963574698,0.22480457108648585
correct_CP,CCCNC(=O)Nc1ccc2c(c1)C(=O)N(C)C[C@H](OC)[C@@H](C)CN(C)[C@H](C)CO2,9.96397,-0.02943666242067008,-0.02944516930098647,0.10057805760545856,-0.13002322690644502,-0.016366354216462237
correct_CP,CCCNC(=O)Nc1ccc2c(c1)C(=O)N(C)C[C@H](OC)[C@@H](C)CN(CCC)[C@H](C)CO2,10.1085,0.30684017072248576,0.31705340627076173,-0.005870542972119678,0.3229239492428814,0.2779453729356597
correct_CP,CCCNC(=O)Nc1ccc2c(c1)C(=O)N(C)C[C@H](OC)[C@@H](C)CN(Cc1ccncc1)[C@H](C)CO2,10.0322,0.10880091722323872,0.10923330784228265,-0.004963233182671953,0.1141965410249546,0.015030559659320606
correct_CP,CCCNC(=O)Nc1ccc2c(c1)C(=O)N(C)C[C@H](OC)[C@H](C)CN(Cc1ccc(-c3ccccn3)cc1)[C@@H](C)CO2,9.85814,0.36983685447377745,0.38823409019584926,0.06106851359626373,0.3271655765995855,-0.1405929073806655
correct_CP,CCCNC(=O)Nc1ccc2c(c1)OC[C@@H](C)N(C(C)=O)C[C@H](C)[C@@H](OC)CN(C)C2=O,10.0373,0.1281315737653433,0.12883977174296066,0.029640802860881006,0.09919896888207966,0.2016654164846387
correct_CP,CCCNC(=O)Nc1ccc2c(c1)OC[C@@H](C)N(CCC(F)(F)F)C[C@H](C)[C@H](OC)CN(C)C2=O,10.0487,0.18169786485205666,0.18373796251035207,0.08337691791017449,0.10036104460017758,0.25819417230367714
correct_CP,CCCNC(=O)Nc1ccc2c(c1)OC[C@H](C)N(CC1CCCC1)C[C@@H](C)[C@@H](OC)CN(C)C2=O,9.9737,0.2983885730469376,0.307749743724709,-0.07584666196685533,0.3835964056915643,0.19522909021823015
correct_CP,CCCNC(=O)[C@H]1[C@H](CO)[C@H]2Cn3c(ccc(C4=CCCC4)c3=O)[C@@H]1N2C(=O)CC,10.0247,-0.04019326098282967,-0.040214926033925305,-0.02306063693268405,-0.017154289101241255,0.07962851037867004
correct_CP,CCCNC(=O)c1cc2c(c(-c3cccc(-c4cccc(OC)c4)c3)n1)[C@H](CCO)N([S@@](=O)C(C)(C)C)C2,10.1097,-0.16280233524977147,-0.16426398788529786,0.15104127641027068,-0.31530526429556854,-0.3036078461551625
correct_CP,CCCc1cc(N2CCN(c3ccccn3)CC2)n2nc(C)c(-c3ccccc3)c2n1,10.0,0.6633999699651802,0.798861795195799,0.2931748958460637,0.5056868993497353,0.11902044054032257
correct_CP,CCCc1cn(CC[C@@H]2CC[C@@H](NC(=O)Nc3ccccc3F)[C@@H](CO)O2)nn1,10.0248,0.275021032832636,0.2822876550827842,0.021615714245894844,0.2606719408368893,0.29582523866986904
correct_CP,CCCc1cn(CC[C@@H]2CC[C@@H](NS(=O)(=O)c3ccccc3Cl)[C@@H](CO)O2)nn1,10.1213,0.3944525261496428,0.4170620992776277,0.06042209225559892,0.3566400070220288,0.09797387942038072
correct_CP,CCCc1cn(CC[C@@H]2CC[C@@H](NS(=O)(=O)c3ccccc3Cl)[C@H](CO)O2)nn1,9.96713,-0.012819191834889833,-0.012819894103907992,0.0037601297129296538,-0.016580023816837645,-0.08944405418858922
correct_CP,CCCc1cn(CC[C@H]2CC[C@@H](NC(=O)Nc3ccccc3F)[C@@H](CO)O2)nn1,10.0961,0.36104334459985055,0.3780851148020424,-0.15662185202174775,0.5347069668237902,0.19643273627644298
correct_CP,CCCc1cn(CC[C@H]2CC[C@H](NC(=O)C3CCCCC3)[C@H](CO)O2)nn1,10.0297,0.2772751561851752,0.28472786475817713,-0.01637366043917632,0.30110152519735345,0.027054620966046
correct_CP,CCCc1cn(CC[C@H]2CC[C@H](NS(=O)(=O)c3ccccc3Cl)[C@H](CO)O2)nn1,10.1161,0.4924126633844497,0.5392402692980441,0.11274405349286791,0.4264962158051762,-0.06218120089639678
correct_CP,CCCc1nc(SCC(=O)Nc2nc3c(s2)CCCC3)c2ccccc2n1,10.0,0.10893902020346898,0.10937306734603529,-0.08652936804382644,0.19590243538986174,0.10744660878689435
correct_CP,CCCn1c(C)cc(-c2csc(N)n2)c1C,10.0,0.4080691557959139,0.43329242050331523,-0.0785243687226769,0.5118167892259922,0.10129567345312045
correct_CP,CCCn1cnc2cc(NCc3cccc(OC)c3O)ccc21,10.0,0.4095937585098498,0.43512299123359266,0.016546235940835194,0.41857675529275745,0.09286678123611786
correct_CP,CCCn1ncc(CN2CCCC(C(=O)c3cccc(OC(C)C)c3)C2)c1C,20.0,0.2946799380643553,0.3036835515804174,0.1797664774198331,0.12391707416058428,0.2713220488443
correct_CP,CCN(CC)C(=O)N1CCN(C)CC1,10.0,-0.01691245440031894,-0.016914067173166566,0.01330492105805909,-0.030218988231225655,0.07942791289996973
correct_CP,CCN(CC)C(=O)N[C@@H]1C[C@@H]2c3cccc4[nH]cc(c34)C[C@H]2N(C)C1,10.0,0.6097547135328122,0.7085308067226619,-0.012616745373892386,0.7211475520965542,0.387056061573191
correct_CP,CCN(CC)C(=S)SCCC(=O)NC(=O)Oc1ccc(C(C)C)cc1,10.0,0.6505985630099113,0.776335878071913,0.12337613147832074,0.6529597465935922,0.17731603866533316
correct_CP,CCN(CC)CCNC(=S)NC(=O)c1cn(-c2ccccc2)nc1-c1ccc(OC)cc1,10.0,0.2957152270574001,0.3048176695854466,0.1423799643494763,0.1624377052359703,0.08262643787247742
correct_CP,CCN(CC)CCOC(=O)c1ccc(N)cc1,10.0,0.0750783427709387,0.07521988793223827,0.014606971164093352,0.06061291676814492,0.024069833892619
correct_CP,CCN(CC)CCOC1CCC2(C)C(=CCC3C4CCC(=O)C4(C)CCC32)C1,10.0,0.22565176558486302,0.22960317367697752,-0.021330804291441637,0.25093397796841915,0.14124010480478452
correct_CP,CCN(CC)CCn1c(=S)[nH]c2ccc(Cl)cc2c1=O,10.0,0.6371892868772415,0.7534274771118349,0.11001310041361907,0.6434143766982158,-0.31438626496819333
correct_CP,CCN(CC)CCn1c2ccc(Cl)cc2c2nc(C)sc21,10.0,0.10791165482378176,0.10833348043083815,0.0098240058158872,0.09850947461495095,0.19174580419727769
correct_CP,CCN(CC)c1ccc(C=C2C(=O)N(C)C(=S)N(C)C2=O)o1,10.0,0.30554840530408234,0.3156280018646917,0.14415418987600873,0.17147381198868297,0.01622344702568071
correct_CP,CCN(CC)c1ccc2ccc(=O)oc2c1,10.0,0.310251532787355,0.3208237083331015,-0.04310398456482781,0.36392769289792926,-0.2349946113086813
correct_CP,CCN(Cc1ccncc1)C(=O)C(CO)c1ccccc1,10.0,0.8249765250270212,1.1722011476525243,0.27299998779734624,0.899201159855178,0.37112784205686355
correct_CP,CCN1CCCC(OC(=O)C(c2ccccc2)c2ccccc2)C1,10.0,-0.08186541892571479,-0.0820490437741654,-0.01050410567447611,-0.07154493809968929,-0.01430895692265546
correct_CP,CCN1CCCC1CNC(=O)c1cc(S(=O)(=O)CC)c(N)cc1OC,10.0,-0.1621384637724259,-0.1635821172939977,0.045884744090299856,-0.20946686138429754,-0.035322027215523556
correct_CP,CCN1CCCc2cc(CN(CCN3CCOCC3)C(S)=Nc3ccc(C)cc3)ccc21,10.0,0.4428502103551851,0.47577081156046214,0.13067804094253702,0.3450927706179251,0.2293794880593977
correct_CP,CCN1CCN(C(=O)CSc2cc(=O)n(C)c3ccccc23)CC1,10.0,0.23559251861306313,0.24010245328963162,0.052068020106085015,0.1880344331835466,0.09619489645078708
correct_CP,CCN1CCN(c2cc(-c3ccccc3)nc3cc(-c4cccc(F)c4)nn23)CC1,10.0,0.5367955192536598,0.5996430480724044,-0.012155367413655454,0.6117984154860598,-0.26354905508446397
correct_CP,CCN1C[C@@H](C)[C@H](OC)CN(C)C(=O)c2ccc(NC(=O)c3ccno3)cc2OC[C@H]1C,10.0104,-0.18307807419648442,-0.18516566517194602,0.02137401038318313,-0.20653967555512914,0.036223796897802835
correct_CP,CCN1[C@@H]2c3ccc(-c4cccc(C(=O)N(C)C)c4)c(=O)n3C[C@@H]2[C@@H](CO)[C@@H]1C(=O)N(C)C,10.0473,0.13476311726427956,0.13558793928114032,0.015152956988670686,0.12043498229246964,0.04139925766617698
correct_CP,CCN1[C@@H]2c3ccc(C4=CCCCC4)c(=O)n3C[C@H]1[C@H](CO)[C@H]2C(=O)NCCOC,9.98008,-0.433344941696265,-0.46400767800929377,0.015259606199362966,-0.4792672842086567,-0.39032784309128815
correct_CP,CCN1[C@H](C(=O)NCCc2cn(C)cn2)[C@@H](CO)[C@@H]2Cn3c(ccc(-c4ccc(F)cc4)c3=O)[C@@H]21,10.0304,0.583396780899418,0.6675967119149819,0.04014581319966892,0.627450898715313,0.05396853389882686
correct_CP,CCN=C(S)NNC(=O)CSc1nc2ccccc2n1C,10.0,0.3125818893260525,0.3234043368437912,0.09645690932331069,0.22694742752048053,0.1909808307148395
correct_CP,CCNC(=O)C[C@@H]1CC[C@@H]2[C@@H](COc3ccc(NC(C)=O)cc3C(=O)N2C)O1,10.325049,0.5329006557954299,0.5941875547253508,-0.043511699223682185,0.6376992539490329,0.11788948349620913
correct_CP,CCNC(=O)C[C@@H]1CC[C@@H]2[C@H](COC[C@@H](O)CN2C(=O)C2CCOCC2)O1,10.0559,0.538477723334924,0.6020091961394192,0.2226334998669788,0.3793756962724404,0.15774720738935608
correct_CP,CCNC(=O)C[C@@H]1CC[C@@H]2[C@H](COC[C@@H](O)CN2Cc2ccncc2)O1,10.1089,0.268429420890264,0.2751705182064838,0.023427933817117226,0.2517425843893666,0.13675131179262892
correct_CP,CCNC(=O)C[C@@H]1CC[C@H]2[C@@H](COC[C@@H](O)CN2C(=O)C2CCOCC2)O1,10.0422,0.23737192018852143,0.24198726117503405,0.25561082874526325,-0.0136235675702292,0.21642800672121681
correct_CP,CCNC(=O)C[C@H]1CC[C@@H]2[C@H](COc3ccc(NC(C)=O)cc3C(=O)N2C)O1,10.0015,0.0711140671875488,0.07123431186421994,0.006081760758301569,0.06515255110591837,-0.09757421934163876
correct_CP,CCNC(=O)Nc1ccc2c(c1)C(=O)N(C)[C@@H]1CC[C@@H](CC(=O)N[C@H](C)c3ccccc3)O[C@H]1CO2,10.07,-0.08269025265935015,-0.08287949944396741,-0.0006809893823904421,-0.08219851006157697,0.03314648583213424
correct_CP,CCNC(=O)Nc1ccc2c(c1)C(=O)N(C)[C@H]1CC[C@H](CC(=O)N[C@H](C)c3ccccc3)O[C@H]1CO2,10.0608,0.14000098553228044,0.1409265813055195,0.027882737556768896,0.1130438437487506,0.10711596952690017
correct_CP,CCNC(=O)[C@@H]1[C@@H](CO)[C@@H]2Cn3c(ccc(-c4ccc(OC)cc4)c3=O)[C@H]1N2CC1CC1,9.95368,0.4645924429406354,0.5031520205122039,0.004471992453642125,0.49868002805856176,0.05740274996101867
correct_CP,CCNC(=O)[C@H]1[C@H](CO)[C@H]2Cn3c(ccc(-c4ccc(F)cc4)c3=O)[C@H]2N1C(=O)Cc1cccnc1,10.0871,0.3506420370296932,0.3661756079481216,0.00454504586502319,0.3616305620830984,-0.13119842243628804
correct_CP,CCNC(=O)[C@H]1[C@H](CO)[C@H]2Cn3c(ccc(-c4ccccc4)c3=O)[C@@H]1N2CCC(F)(F)F,10.1006,-0.02760108277656331,-0.02760809499892049,0.02948621683498503,-0.05709431183390552,-0.001996711394799122
correct_CP,CCNC(=O)[C@H]1[C@H](CO)[C@H]2Cn3c(ccc(-c4ccccc4)c3=O)[C@H]2N1CC,10.100153,-0.1352100770603852,-0.13604319446370966,-0.03932259119176833,-0.09672060327194133,-0.3458939659336884
correct_CP,CCNc1nc(Cl)nc(NC(C)C)n1,10.0,0.17170446774969178,0.17342238200248916,0.017039734313828426,0.15638264768866073,0.10755522060680411
correct_CP,CCOC(=O)C(CC)Sc1ncnc2c1nnn2-c1ccc(F)cc1,10.0,0.564835966462717,0.6399066175594803,0.11016005773784672,0.5297465598216335,0.41691111137932285
correct_CP,CCOC(=O)C1=C(C)N=c2sc(=Cc3ccc(OCC(=O)O)cc3)c(=O)n2C1c1ccc(Cl)cc1,20.0,0.14608329949712717,0.14713596658346742,-0.12319531066279268,0.2703312772462601,0.20538433704148462
correct_CP,CCOC(=O)C1C(=O)C=C(c2ccc(NS(C)(=O)=O)cc2)CC1c1ccco1,10.0,0.4584561437634261,0.4953548330014127,-0.022879164505628234,0.5182339975070409,0.015060266272566045
correct_CP,CCOC(=O)C1CCCN(c2nc3ccccc3nc2C(C#N)C(=O)NCc2ccccc2)C1,10.0,0.5620716984014418,0.635856514507569,0.09451049109642112,0.5413460234111478,0.3466675154089846
correct_CP,CCOC(=O)C1CCN(S(=O)(=O)c2cc(Br)cc3c2N(C(=O)C2CC2)CC3)CC1,10.0,0.16314548559551695,0.16461650116217658,-0.07947866732621059,0.24409516848838717,0.17901696479396484
correct_CP,CCOC(=O)C=c1sc(=Cc2ccc(C)cc2)c(=O)n1CC(=O)NCc1ccco1,10.0,0.3931428830022978,0.41551208470667544,-0.027668395682406404,0.44318048038908187,0.13075723484637244
correct_CP,CCOC(=O)CC(=NNc1ncnc2ccccc12)c1ccccc1,10.0,0.3074110303701517,0.3176837211044641,-0.0943631725535862,0.41204689365805025,0.015736385673589454
correct_CP,CCOC(=O)CC(=O)CSc1nc(-c2cccnc2)cc(C)c1C#N,10.0,0.57904572226326,0.6610258732353925,0.131108903348908,0.5299169698864845,0.3631033411584841
correct_CP,CCOC(=O)CC(Nc1nc(N2CCOCC2)nc(N2CCOCC2)n1)c1ccccc1Cl,10.0,0.12444733236228055,0.12509581334068232,0.13861054003210121,-0.013514726691418899,0.2461147924714
correct_CP,CCOC(=O)CN(C(=O)CNC(=O)c1cccs1)C(C(=O)NC1CCCCC1)c1cccs1,10.0,0.07893361354743808,0.07909816148145611,-0.015111443580921112,0.09420960506237722,-0.004388843401315467
correct_CP,CCOC(=O)CSc1nc(N)c(C#N)c(-c2cccs2)c1C#N,10.0,0.292782464824432,0.30160690886287944,0.08924627609719316,0.21236063276568629,0.07851453243819836
correct_CP,CCOC(=O)N(C)C[C@@H]1OCc2ccccc2-c2c(n(C)c3ccccc23)C(=O)N([C@@H](C)CO)C[C@@H]1C,10.1272,-0.12282213014206388,-0.12344538300454191,0.03917377188916426,-0.16261915489370618,0.0025274732279434373
correct_CP,CCOC(=O)N(C)C[C@@H]1OCc2cnnn2CCCC(=O)N([C@H](C)CO)C[C@@H]1C,10.0028,0.03847087521698834,0.03848987115910743,-0.070038494263856,0.10852836542296343,0.29517187262471734
correct_CP,CCOC(=O)N(C)C[C@H]1OCc2ccccc2-c2ccccc2C(=O)N([C@@H](C)CO)C[C@H]1C,9.98581,0.5211681075558657,0.5779421149672468,-0.2138096840967405,0.7917517990639873,-0.04101265767916884
correct_CP,CCOC(=O)N1CCN(C(=O)C2CCN(S(=O)(=O)CC)CC2)CC1,10.0,0.13380068522231803,0.1346078342679883,0.1517745000320228,-0.0171666657640345,0.21760641114112594
correct_CP,CCOC(=O)NN1C(=O)c2ccccc2NC1c1ccc(N(C)C)cc1,10.0,0.5818686135659327,0.6652831946433697,-0.05146847237582078,0.7167516670191905,-0.10602888702600935
correct_CP,CCOC(=O)NN=Cc1cn(CCCOc2ccc(C)cc2)c2ccccc12,10.0,0.20706614250447655,0.2101041042412113,0.08277337623724668,0.1273307280039646,0.1909380062918289
correct_CP,CCOC(=O)c1[nH]c(COC(=O)c2ccccc2NC(=O)c2ccco2)c(C(=O)OCC)c1C,10.0,0.05513429007792614,0.05519025774490109,-0.07496716280840948,0.1301574205533106,0.22977429846217762
correct_CP,CCOC(=O)c1[nH]c2c(c1-c1ccccc1)C(=O)CC(c1ccc(OC)c(OC)c1)C2,10.0,0.2846628411381265,0.29274880002984316,-0.08747176232919121,0.38022056235903434,0.167160072984749
correct_CP,CCOC(=O)c1c(-c2ccc(F)cc2)cn2ccccc12,10.0,0.4214806310639878,0.4494911389578471,0.15928863448264702,0.2902025044752001,0.11690319168363444
correct_CP,CCOC(=O)c1c(-c2ccccc2)csc1NC(=O)/C(C#N)=C/c1ccc(OC)c(OC)c1,10.0,0.49895557786688466,0.5479145495325924,0.16965103339088328,0.37826351614170917,0.08501054079770487
correct_CP,CCOC(=O)c1c(-n2c(C)cc(C=C3C(=O)NC(=O)NC3=O)c2C)sc2c1CCCC2,10.0,0.15248961959123802,0.15368834025922684,0.09494712592765639,0.05874121433157045,0.12267942555936553
correct_CP,CCOC(=O)c1c(C)[nH]c(C(=O)COC(=O)c2ccccc2NC(=O)c2ccco2)c1C,10.0,0.5228430263089718,0.5802443783927108,-0.12576346399419142,0.7060078423869023,0.10174741104292445
correct_CP,CCOC(=O)c1c(C)cc(O)c(C)c1O,10.0,0.08268225247551043,0.08287144418619849,0.008667471313114232,0.07420397287308425,-0.018864872443302712
correct_CP,CCOC(=O)c1cc(C#N)c(N2CCN(c3ccccn3)CC2)nc1-c1ccccc1,10.0,0.042833743914017786,0.04285996890239988,0.07984925621274268,-0.036989287310342796,0.14125757541196038
correct_CP,CCOC(=O)c1cnn(-c2ccccn2)c1N,10.0,0.2512940290294374,0.2567935868617006,0.13234893679949278,0.12444465006220784,0.11616566063021133
correct_CP,CCOC(=O)c1nc(Nc2ccc(Nc3ccccc3)cc2)c2ccccc2n1,10.0,0.030426605218500283,0.03043599986780678,-0.19635362128985973,0.22678962115766652,0.5242021144744167
correct_CP,CCOC(=O)c1ncn2c1C1CCCN1C(=O)c1cc(OC)ccc1-2,10.0,0.11818510333244726,0.11874002011989689,0.019199357667805957,0.09954066245209092,0.10140980172723668
correct_CP,CCOC(=O)c1nn(-c2ccc(C)cc2)c2nc(Nc3ccccc3)cc(=O)n12,10.0,0.35238909924909173,0.3681689781508175,-0.08362655420181372,0.45179553235263126,0.12169565493742643
correct_CP,CCOC(=O)c1sc(C)c(C(=O)NCCCN2CCOCC2)c1N,10.0,0.15763116134125693,0.15895656244238468,0.11034824329918254,0.04860831914320214,-0.10277910560678064
correct_CP,CCOC(=O)c1sc2nc(C)nc(SCC(=O)NC3CCS(=O)(=O)C3)c2c1C,10.0,0.11925858059596046,0.11982884433599832,-0.04845327725078897,0.1682821215867873,-0.22168539988727376
correct_CP,CCOCCCN=C(S)N(Cc1ccccc1)Cc1nc(O)c2ccccc2n1,10.0,0.27548368141469004,0.2827882290962193,0.14310513754496243,0.13968309155125688,-0.023495704848175356
correct_CP,CCOCCCNc1nc2nc3ccc(C)cn3c(=O)c2cc1C(=O)NCC1CCCO1,10.0,-0.07339150342074563,-0.07352370078240567,0.03913396806697932,-0.112657668849385,-0.16893572261817918
correct_CP,CCOP(=S)(OCC)Oc1ccc2c(C)c(Cl)c(=O)oc2c1,10.0,0.026761256664129412,0.02676764790119033,0.03868688155270618,-0.01191923365151585,0.08686659810570437
correct_CP,CCOP(=S)(OCC)SCn1c(=O)oc2cc(Cl)ccc21,10.0,0.09469924946221932,0.09498386848503228,0.03026024487878693,0.06472362360624534,-0.01666862228000067
correct_CP,CCOc1cc(/C=C(/C#N)C(N)=O)cc(CSc2ccccc2)c1O,10.0,0.31887996408387537,0.33039979426090266,0.06164613405908454,0.2687536602018181,0.4146043236012858
correct_CP,CCOc1ccc(-n2ccnc2SCC(=O)N2CCCc3ccccc32)cc1,10.0,-0.4902650459270993,-0.5364091867801892,0.12117765954319606,-0.6575868463233853,-0.4950959512234858
correct_CP,CCOc1ccc(C(=O)Nc2cccc(C(=O)O)c2)cc1Cl,10.0,0.5427711813741589,0.6080757919648604,0.022731577156249107,0.5853442148086113,-0.14290829637452152
correct_CP,CCOc1ccc(C(=O)Nc2nnc(SCC(=O)NCC3CCCO3)s2)cc1,10.0,0.15986799283346992,0.16125122373209486,0.07670076581589871,0.08455045791619614,-0.0021452423648535557
correct_CP,CCOc1ccc(NC(=O)c2ccc(NC(=O)COC(=O)Cc3ccccc3)cc2)cc1,10.0,0.21045963749625207,0.2136522378183071,0.13828131329948568,0.07537092451882144,0.23774600697810622
correct_CP,CCOc1ccc2nc(NC(=O)CSc3nnnn3C3CCCCC3)sc2c1,10.0,-0.05120712534953568,-0.05125195382336148,0.023947792969369847,-0.07519974679273132,-0.14715777339298555
correct_CP,CCOc1ccc2nc(O)c(CN(Cc3cccs3)Cc3nnnn3C(C)(C)CC)cc2c1,10.0,0.5502385519483413,0.6187233878956371,0.10802124061772622,0.5107021472779109,-0.2356318630979504
correct_CP,CCOc1nc(Nc2ccc([N+](=O)[O-])cc2)nc(NC(C)(C)C)n1,10.0,0.2329097536685311,0.23726392605394891,0.08491240374216923,0.15235152231177967,0.08324126546228781
correct_CP,CCS(=O)(=O)C1=NN2C(=N)/C(=C\c3ccc(O)c(OC)c3)C(=O)N=C2S1,10.0,0.24559021642330345,0.250714533029293,0.14856046971989575,0.10215406330939722,-0.0037048383629620096
correct_CP,CCS(=O)(=O)N(C)C[C@@H]1OCc2ccccc2-c2c(n(C)c3ccccc23)C(=O)N([C@@H](C)CO)C[C@@H]1C,10.1754,-0.2829538443846751,-0.2908900887195071,-0.13424698120003406,-0.15664310751947305,0.22918687613252214
correct_CP,CCS(=O)(=O)N1[C@H](CO)[C@H](c2ccc(-c3cccc(F)c3)cc2)[C@@H]1C#N,10.0026,0.0283847647449373,0.02839239158533081,0.006592617713237721,0.02179977387209309,0.05566320190574392
correct_CP,CCS(=O)(=O)N1[C@H](CO)[C@H](c2ccc(C#Cc3ccccc3F)cc2)[C@@H]1C#N,10.0413,0.12231214592807459,0.12292762058746098,0.0013935064770489694,0.12153411411041201,-0.05869997536649136
correct_CP,CCS(=O)(=O)NCC[C@@H]1CC[C@@H](NC(=O)Cc2ccccn2)[C@H](CO)O1,10.0929,0.43687989925179127,0.46836818847933237,-0.07210570190684587,0.5404738903861782,0.3223163295652355
correct_CP,CCS(=O)(=O)NCC[C@@H]1CC[C@H](NC(=O)Cc2ccccn2)[C@@H](CO)O1,10.0003,0.45900321642478403,0.4960477097822495,-0.06938884248677812,0.5654365522690277,0.3334094789426711
correct_CP,CCS(=O)(=O)NCC[C@H]1CC[C@@H](NC(=O)Cc2ccccn2)[C@H](CO)O1,10.001,0.26471072207294194,0.27116734980712587,0.08647270332884657,0.1846946464782793,0.026155036349966854
correct_CP,CCS(=O)(=O)NCC[C@H]1CC[C@H](NC(=O)Nc2cc(Cl)cc(Cl)c2)[C@@H](CO)O1,9.8817,0.13140150157107525,0.13216570935711816,-0.2465273386424862,0.37869304799960435,0.0571614112251875
correct_CP,CCS(=O)(=O)N[C@@H]1CC[C@@H](CC(=O)NC2Cc3ccccc3C2)O[C@@H]1CO,10.0602,0.20487632632717942,0.2078172699901976,-0.14537809704731147,0.3531953670375091,0.04195197437843266
correct_CP,CCS(=O)(=O)N[C@H]1CC[C@H](CC(=O)Nc2ccc(-c3ccccc3)cc2)O[C@@H]1CO,10.0423,0.04390407829814814,0.04393232033522089,0.0030502366679841016,0.040882083667236786,-0.039844076343992424
correct_CP,CCS(=O)(=O)N[C@H]1CC[C@H](CC(=O)Nc2ccc(-c3ccccc3)cc2)O[C@H]1CO,10.0589,-0.05996197542185873,-0.06003399404719142,-0.04934019920510513,-0.010693794842086289,-0.13795613034463547
correct_CP,CCS(=O)(=O)Nc1ccc2c(c1)C(=O)N(C)C[C@@H](OC)[C@@H](C)CN(C(C)=O)[C@H](C)CO2,10.0091,0.2794009071073632,0.28703213326744026,0.09909279407393363,0.18793933919350664,-0.005543714240866984
correct_CP,CCS(=O)(=O)Nc1ccc2c(c1)C(=O)N(C)C[C@@H](OC)[C@@H](C)CN(C)[C@@H](C)CO2,10.0217,-0.01805300372561595,-0.01805496533304168,0.08253751662080516,-0.10059248195384685,0.07069049979919556
correct_CP,CCS(=O)(=O)Nc1ccc2c(c1)C(=O)N(C)C[C@@H](OC)[C@@H](C)CN(Cc1ccccn1)[C@H](C)CO2,10.0049,-0.2569453099232684,-0.2628350250593237,-0.015593539789494609,-0.24724148526982911,0.16145491881950705
correct_CP,CCS(=O)(=O)Nc1ccc2c(c1)C(=O)N(C)C[C@@H](OC)[C@H](C)CN(C(=O)CN(C)C)[C@@H](C)CO2,10.0243,-0.0995938446282693,-0.0999251065872864,0.02259130988912552,-0.12251641647641193,0.030534751641650468
correct_CP,CCS(=O)(=O)Nc1ccc2c(c1)C(=O)N(C)C[C@@H](OC)[C@H](C)CN(CC1CCCC1)[C@@H](C)CO2,10.0592,0.3366428515004435,0.35030144198730095,-0.02915434924825253,0.3794557912355535,0.1713754458875303
correct_CP,CCS(=O)(=O)Nc1ccc2c(c1)C(=O)N(C)C[C@@H](OC)[C@H](C)CN(CCC(F)(F)F)[C@@H](C)CO2,10.049985,0.01893385924163602,0.018936122267961264,0.017920339682607457,0.0010157825853538069,0.2830894558066095
correct_CP,CCS(=O)(=O)Nc1ccc2c(c1)C(=O)N(C)C[C@@H](OC)[C@H](C)CN(CCC(F)(F)F)[C@H](C)CO2,10.0186,0.03768312899882899,0.037700981121313024,0.01154972819481718,0.026151252926495845,0.043670346801278515
correct_CP,CCS(=O)(=O)Nc1ccc2c(c1)C(=O)N(C)C[C@H](OC)[C@@H](C)CN(C(=O)CN(C)C)[C@@H](C)CO2,9.94684,-0.03157463393374612,-0.031585133070899614,0.007633206987201496,-0.03921834005810111,0.034833930670822605
correct_CP,CCS(=O)(=O)Nc1ccc2c(c1)C(=O)N(C)C[C@H](OC)[C@@H](C)CN(C(=O)COC)[C@@H](C)CO2,9.97351,-0.12607676101920942,-0.12675121662546532,0.04363799280300391,-0.17038920942846922,-0.1030706967496888
correct_CP,CCS(=O)(=O)Nc1ccc2c(c1)C(=O)N(C)C[C@H](OC)[C@@H](C)CN(C(=O)COC)[C@H](C)CO2,10.0331,-0.24200323211689592,-0.24690087160588184,-0.002208634377354201,-0.24469223722852765,-0.025120327158458557
correct_CP,CCS(=O)(=O)Nc1ccc2c(c1)C(=O)N(C)C[C@H](OC)[C@@H](C)CN(C(=O)c1ccc3c(c1)OCO3)[C@H](C)CO2,10.0519,-0.11534889104035004,-0.11586460079800953,-0.021025625801554225,-0.0948389749964553,0.16908066358612714
correct_CP,CCS(=O)(=O)Nc1ccc2c(c1)C(=O)N(C)C[C@H](OC)[C@@H](C)CN(C(C)=O)[C@H](C)CO2,10.063,0.3006684519590602,0.3102543288380326,0.10533596508152696,0.20491836375650566,-0.10848559689341224
correct_CP,CCS(=O)(=O)Nc1ccc2c(c1)C(=O)N(C)C[C@H](OC)[C@@H](C)CN(CC1CCCC1)[C@@H](C)CO2,10.059,0.218101024572031,0.2216614215305071,0.037760039024821446,0.18390138250568566,0.12796831968928105
correct_CP,CCS(=O)(=O)Nc1ccc2c(c1)C(=O)N(C)C[C@H](OC)[C@@H](C)CN(CC1CCCC1)[C@H](C)CO2,10.0455,0.13099671181908373,0.13175382983216413,-0.005834456666705526,0.13758828649886967,0.15158438811740205
correct_CP,CCS(=O)(=O)Nc1ccc2c(c1)C(=O)N(C)C[C@H](OC)[C@@H](C)CN(CCC(F)(F)F)[C@@H](C)CO2,10.0311,0.2665879729486536,0.27318713698022007,-0.047467691182012064,0.3206548281622321,0.08316450760139198
correct_CP,CCS(=O)(=O)Nc1ccc2c(c1)C(=O)N(C)C[C@H](OC)[C@@H](C)CN(Cc1ccccn1)[C@@H](C)CO2,10.0368,0.2717289539624265,0.2787296698982099,0.043266330283496815,0.2354633396147131,-0.16736154361278427
correct_CP,CCS(=O)(=O)Nc1ccc2c(c1)C(=O)N(C)C[C@H](OC)[C@@H](C)CN(Cc1nccs1)[C@H](C)CO2,10.0536,0.12113335509681089,0.1217311014699649,-0.010050379900066315,0.1317814813700312,0.1797112756936478
correct_CP,CCS(=O)(=O)Nc1ccc2c(c1)C(=O)N(C)C[C@H](OC)[C@H](C)CN(C(=O)COC)[C@H](C)CO2,9.98666,0.5025417983569954,0.5527009744786724,0.07524648431772364,0.47745449016094876,-0.19534677714650614
correct_CP,CCS(=O)(=O)Nc1ccc2c(c1)C(=O)N(C)C[C@H](OC)[C@H](C)CN(C(=O)c1ccc3c(c1)OCO3)[C@@H](C)CO2,9.95937,0.010934639088354025,0.01093507492451707,-0.021124586753837684,0.03205966167835475,-0.12702527132151828
correct_CP,CCS(=O)(=O)Nc1ccc2c(c1)C(=O)N(C)C[C@H](OC)[C@H](C)CN(C)[C@H](C)CO2,10.0725,0.014003930747438616,0.014004846292479091,0.08919715950740169,-0.07519231321492259,-0.045975560239586585
correct_CP,CCS(=O)(=O)Nc1ccc2c(c1)C(=O)N(C)C[C@H](OC)[C@H](C)CN(CCC(F)(F)F)[C@H](C)CO2,10.043,-0.02022777265488948,-0.02023053214964595,0.018711390681379933,-0.038941922831025884,-0.11963591487602708
correct_CP,CCS(=O)(=O)Nc1ccc2c(c1)C(=O)N(C)[C@@H]1CC[C@@H](CC(=O)NCCOC)O[C@@H]1CO2,10.1388,0.01173534499112575,0.011735883759652422,0.0019794214413463643,0.009756462318306057,0.2002069968201131
correct_CP,CCS(=O)(=O)Nc1ccc2c(c1)C(=O)N(C)[C@@H]1CC[C@@H](CC(=O)N[C@H]3CCN(Cc4ccccc4)C3)O[C@H]1CO2,9.92713,0.19528515011695588,0.1978260321632676,0.026035753885098285,0.1717902782781693,-0.10803872724518596
correct_CP,CCS(=O)(=O)Nc1ccc2c(c1)C(=O)N(C)[C@@H]1CC[C@H](CC(=O)NCc3ccccc3F)O[C@H]1CO2,9.9318,-0.18748664571076243,-0.18973097000559774,0.05162243565862006,-0.2413534056642178,-0.08226293955398717
correct_CP,CCS(=O)(=O)Nc1ccc2c(c1)C(=O)N(C)[C@@H]1CC[C@H](CC(=O)N[C@@H]3CCN(Cc4ccccc4)C3)O[C@@H]1CO2,10.121,0.08078610994753384,0.08096254873996869,-0.023653514328301196,0.10461606306826988,0.0856826020280535
correct_CP,CCS(=O)(=O)Nc1ccc2c(c1)C(=O)N(C)[C@@H]1CC[C@H](CC(=O)N[C@H]3CCN(Cc4ccccc4)C3)O[C@H]1CO2,10.0721,0.30069451136699515,0.31028297843775643,-0.004896915520203434,0.31517989395795987,-0.004220943758434327
correct_CP,CCS(=O)(=O)Nc1ccc2c(c1)C(=O)N(C)[C@H]1CC[C@@H](CC(=O)N[C@@H]3CCN(Cc4ccccc4)C3)O[C@@H]1CO2,10.0682,-0.13414716977840838,-0.13496065154993483,0.034778899044027214,-0.16973955059396206,-0.11488639899066912
correct_CP,CCS(=O)(=O)Nc1ccc2c(c1)C(=O)N(C)[C@H]1CC[C@H](CC(=O)NCCOC)O[C@H]1CO2,10.1081,-0.23225978829193622,-0.23657678953325018,-0.04594399686639192,-0.19063279266685826,0.0763358094229822
correct_CP,CCSc1nnc(NC(=O)C(CC)(C(F)(F)F)C(F)(F)F)s1,10.0,0.33216910090320434,0.34526439962360816,0.14909960680553197,0.1961647928180762,0.011369189792349604
correct_CP,CC[C@H](C)[C@H](N)C(=O)N1CCC[C@H]1C(=O)N[C@H](C(=O)O)[C@@H](C)CC,10.0,0.305904907182693,0.31602126122510554,0.08939735392779986,0.2266239072973057,-0.011469190599851659
correct_CP,CCc1c(C)c2ccc(OCC(=O)OC)cc2oc1=O,10.0,0.48482705836423257,0.5292754660734672,0.2663012669949649,0.2629741990785023,-0.15082951614658063
correct_CP,CCc1c(C)nc2ncnn2c1N1CCCC(C(=O)NCc2ccc3c(c2)OCO3)C1,10.0,-0.27038447656947584,-0.27727857796382677,0.06220844197208979,-0.33948701993591657,-0.16243596511602137
correct_CP,CCc1cc(-c2n[nH]c(C)c2-c2ccc3c(c2)OCCO3)c(O)cc1O,10.0,0.25455018908706,0.2602722815151618,0.023344149176302516,0.2369281323388593,0.43335187236889866
correct_CP,CCc1cc(C(=O)Nc2ccc(C)cc2Br)cs1,10.0,0.7140853423365405,0.8954707613673576,0.05754907360209553,0.8379216877652621,0.3600343843870983
correct_CP,CCc1cc(Cl)c(OC)c(C(=O)NC[C@@H]2CCCN2CC)c1O,10.0,0.26618035458575073,0.2727483845043606,0.008389184190816305,0.2643592003135443,0.1007590055528627
correct_CP,CCc1ccc(NC(=O)c2onc(C)c2Cl)cc1,10.0,0.2739532596600264,0.28113287710404833,0.07912488866708715,0.20200798843696116,0.12411508145709162
correct_CP,CCc1ccc(OCC(O)CN2CCN(c3ccccc3)CC2)cc1,10.0,0.09672415365982898,0.09702749451262813,0.10410204577242925,-0.007074551259801123,-0.01603855230263282
correct_CP,CCc1cnc(N2[C@@H](C#N)[C@H](c3ccc(C4=CCCCC4)cc3)[C@@H]2CO)s1,10.0827,0.03630439834652764,0.036320360817000956,0.01892778488914166,0.017392575927859297,-0.22472617144187396
correct_CP,CCc1cnc(N2[C@H](C#N)[C@@H](c3ccc(C#CC(C)C)cc3)[C@@H]2CO)s1,9.50755,0.21808984436628143,0.22164968297300927,-0.004449416096681351,0.2260990990696906,0.09981864281492771
correct_CP,CCc1cnc(N2[C@H](C#N)[C@@H](c3ccc(C#CC(C)C)cc3)[C@H]2CO)s1,10.0092,0.07238928803468876,0.07251613208787291,0.02664306910864844,0.04587306297922447,-0.038659676712333516
correct_CP,CCc1cnc(N2[C@H](C#N)[C@@H](c3ccc(C4=CCCCC4)cc3)[C@@H]2CO)s1,9.9427,-0.07889344661436633,-0.079057742847592,-0.04007916013899182,-0.038978582708600176,0.09952201441094258
correct_CP,CCc1nnc(NC(=O)/C=C/c2ccco2)s1,10.0,0.0747240208157434,0.07486356694585325,-0.04710849726960709,0.12197206421546034,0.13278024619733722
correct_CP,CCn1c(=O)n(C2=C(CO)CN(CC3CCCCCCC3)CC2)c2ccccc21,10.0,-0.20198837856019028,-0.20480464303886134,-0.010423035583630199,-0.19438160745523114,0.14378689417573084
correct_CP,CCn1c(C)c(C(C)=O)c(N2CCN(c3ccc(F)cc3)CC2)nc1=S,10.0,0.37329955078940014,0.39225144020773756,0.18869625294281572,0.20355518726492183,0.09850719102470473
correct_CP,CCn1c(C)nc2cc(C(=O)NN=Cc3ccc(N4CCOCC4)cc3)ccc21,10.0,0.3852791701185919,0.40624436779380524,0.04892976400885894,0.3573146037849463,0.07020682800971206
correct_CP,CCn1c(C)nc2cc(C(=O)NN=Cc3ccccc3)ccc21,10.0,0.37557991725885576,0.39490366390279524,0.0937985409715995,0.30110512293119573,-0.15435739475366164
correct_CP,CCn1c(SCC(=O)N2CCCc3ccccc32)nc2ccccc2c1=O,10.0,0.14001327951823261,0.1409391210964174,0.05139357634931403,0.08954554474710337,0.2916356740897316
correct_CP,CCn1c(SCC(=O)Nc2ccc(NC(C)=O)cc2)nnc1C1CC1,10.0,0.41539017101687087,0.4421079227951212,0.08977337505884173,0.3523345477362795,0.006073045882620365
correct_CP,CCn1cc(C(=O)O)c(=O)c2cc3c(cc21)OCO3,10.0,-0.04809223064888577,-0.048129359094306004,-0.05243856845791055,0.004309209363604544,0.14457910668528112
correct_CP,CCn1nc(C(=O)O)c(=O)c2cc3c(cc21)OCO3,10.0,0.19581404779840628,0.19837595886165746,-0.012187009441383255,0.21056296830304072,0.06084206561715059
correct_CP,CCn1nc(C)c(C=NNC(=O)Cn2nnnc2N)c1C,10.0,0.048042380906912756,0.04807939390946755,0.06831896330610154,-0.020239569396633995,0.2805319229719795
correct_CP,CN(C(=O)CCCOc1ccc2[nH]c(=O)ccc2c1)C1CCCCC1,10.0,0.24719647723004745,0.2524246126900794,-0.08034426804287678,0.3327688807329562,0.038092623818440016
correct_CP,CN(C(=O)Cc1ccccc1)C(CN1CCCC1)c1ccccc1,10.0,0.042481118738553314,0.04250670089684419,0.029005653398092003,0.013501047498752188,-0.26391141258710527
correct_CP,CN(C(=O)Oc1ccc(C(C)(C)C)cc1)c1ccccc1,10.0,0.39192570894132395,0.41407320285690263,-0.030717207904214526,0.44479041076111714,0.019854659521917423
correct_CP,CN(C(S)=NC1=CCS(=O)(=O)C1)C1CCCCC1,10.0,0.22796476811154295,0.23204161584397465,0.06648130996009295,0.1655603058838817,-0.001851472418488584
correct_CP,CN(C)C(=O)C[C@@H]1C=C[C@H](NC(=O)Nc2cccc(F)c2)[C@@H](CO)O1,10.1422,0.6138840125924411,0.7151305865410323,0.011288429432238331,0.703842157108794,0.10490418651788294
correct_CP,CN(C)C(=O)C[C@@H]1C=C[C@H](NC(=O)c2ccc(F)cc2)[C@@H](CO)O1,10.0481,-0.46078150533008055,-0.49830299495102254,-0.011931153036434581,-0.48637184191458793,-0.016262114037130564
correct_CP,CN(C)C(=O)C[C@@H]1CC[C@@H](NC(=O)C2CCOCC2)[C@@H](CO)O1,10.0543,0.18052265465708306,0.18252289687845621,-0.003881596904684731,0.18640449378314095,0.2304142672574527
correct_CP,CN(C)C(=O)C[C@@H]1CC[C@@H](NC(=O)c2ccc(F)cc2)[C@@H](CO)O1,10.0339,0.4137229222949793,0.4400946837315364,-0.022521078456708653,0.462615762188245,-0.2133559702755169
correct_CP,CN(C)C(=O)C[C@@H]1CC[C@@H](NS(=O)(=O)c2ccccc2)[C@@H](CO)O1,10.0973,-0.2055383625156087,-0.20850841015824875,0.05030568829621679,-0.25881409845446557,0.20019763851048916
correct_CP,CN(C)C(=O)C[C@@H]1CC[C@@H]2[C@H](COC[C@@H](O)CN2Cc2ccc(C(F)(F)F)cc2)O1,10.0277,0.11812616188261774,0.11868024415250206,0.01744973232807234,0.10123051182442971,-0.04278138217882151
correct_CP,CN(C)C(=O)C[C@@H]1CC[C@@H]2[C@H](COC[C@H](O)CN2C(=O)C2CCCC2)O1,9.91998,0.02280234924295768,0.02280630248167236,-0.1343461421182088,0.15715244459988117,-0.043412143021128474
correct_CP,CN(C)C(=O)C[C@@H]1CC[C@@H]2[C@H](COC[C@H](O)CN2C(=O)c2ccncc2)O1,10.0764,0.263619644240101,0.26999442104931753,0.23950105427302024,0.030493366776297298,-0.20606129440385365
correct_CP,CN(C)C(=O)C[C@@H]1CC[C@H](NC(=O)C2CCOCC2)[C@H](CO)O1,10.1456,-0.3860177217277721,-0.4071119504628441,-0.05454081052058072,-0.35257113994226336,-0.0302947930632713
correct_CP,CN(C)C(=O)C[C@@H]1CC[C@H](NS(=O)(=O)c2ccccc2)[C@H](CO)O1,10.0279,-0.5562503559026941,-0.627387025075211,-0.11267751088477741,-0.5147095141904336,0.5562856865153235
correct_CP,CN(C)C(=O)C[C@@H]1CC[C@H]2[C@@H](COC[C@@H](O)CN2C(=O)C2CCCC2)O1,10.0419,0.333712725998847,0.34700046778742427,0.047257247185700686,0.2997432206017236,-0.17078189737633206
correct_CP,CN(C)C(=O)C[C@@H]1C[C@@H]2c3cc(NC(=O)NC4CCCC4)ccc3O[C@@H]2[C@H](CO)O1,9.95903,0.1835460180481802,0.18564988026165868,0.006495565689581435,0.17915431457207726,-0.0950986455613742
correct_CP,CN(C)C(=O)C[C@@H]1C[C@@H]2c3cc(NC(=O)c4cccnc4)ccc3O[C@@H]2[C@@H](CO)O1,10.1242,-0.10996689333415481,-0.1104134037506036,-0.09045722991144035,-0.019956173839163246,-0.11742585341440649
correct_CP,CN(C)C(=O)C[C@@H]1C[C@@H]2c3cc(NS(C)(=O)=O)ccc3O[C@@H]2[C@H](CO)O1,9.95365,0.03001737280883738,0.030026393330648972,0.02908191607866782,0.0009444772519811503,-0.009274200496877948
correct_CP,CN(C)C(=O)C[C@@H]1C[C@H]2c3cc(NC(=O)CC4CC4)ccc3O[C@H]2[C@@H](CO)O1,10.0665,0.10755126310315126,0.10796885686039615,0.022660345345754666,0.08530851151464147,0.06429450184378088
correct_CP,CN(C)C(=O)C[C@@H]1C[C@H]2c3cc(NC(=O)NC4CCCC4)ccc3O[C@H]2[C@@H](CO)O1,10.1845,0.045023686833027654,0.04505414688063803,-0.0480659658397323,0.09312011272037032,0.0348327382265233
correct_CP,CN(C)C(=O)C[C@@H]1C[C@H]2c3cc(NC(=O)NC4CCCC4)ccc3O[C@H]2[C@H](CO)O1,10.0587,0.002911226353986591,0.002911234578474679,-0.05270801700180679,0.05561925158028146,-0.07814962142379377
correct_CP,CN(C)C(=O)C[C@@H]1C[C@H]2c3cc(NC(=O)Nc4ccc(F)cc4)ccc3O[C@H]2[C@@H](CO)O1,10.0388,0.4889458022010196,0.5346739932113391,-0.09770574189232033,0.6323797351036594,0.10989477737975363
correct_CP,CN(C)C(=O)C[C@@H]1C[C@H]2c3cc(NC(=O)Nc4ccccc4F)ccc3O[C@H]2[C@H](CO)O1,10.0531,0.09341656479723096,0.09368973457607435,-0.016365729502035554,0.1100554640781099,0.07854583098496996
correct_CP,CN(C)C(=O)C[C@@H]1C[C@H]2c3cc(NS(C)(=O)=O)ccc3O[C@H]2[C@H](CO)O1,10.0525,0.1694180851947547,0.17106749183801503,-0.01622558918576114,0.18729308102377618,0.22906980392600537
correct_CP,CN(C)C(=O)C[C@H]1C=C[C@@H](NC(=O)Nc2cccc(F)c2)[C@@H](CO)O1,9.99917,0.3762682837955471,0.3957053196195915,0.052475125762580455,0.34323019385701103,0.07002310492053185
correct_CP,CN(C)C(=O)C[C@H]1C=C[C@@H](NC(=O)Nc2cccc(F)c2)[C@H](CO)O1,10.036,-0.08614310255078234,-0.08635713513176647,0.03529303929758888,-0.12165017442935536,0.02450211369072479
correct_CP,CN(C)C(=O)C[C@H]1CC[C@@H]2[C@H](COc3ccc(NC(=O)c4ccc(F)cc4)cc3C(=O)N2C)O1,10.0611,0.19806726330716,0.2007200942717308,0.01079349003922624,0.18992660423250454,-0.3377236864583787
correct_CP,CN(C)C(=O)C[C@H]1CC[C@H](NC(=O)C2CCOCC2)[C@H](CO)O1,9.93412,-0.2283059375202414,-0.23240151655550234,0.035246014161694775,-0.2676475307171971,0.13861824546784757
correct_CP,CN(C)C(=O)C[C@H]1CC[C@H](NS(=O)(=O)c2ccccc2)[C@@H](CO)O1,10.096052,-0.08314541123580395,-0.08333780907540188,-0.02153253443261697,-0.06180527464278491,-0.0070604522363500975
correct_CP,CN(C)C(=O)C[C@H]1CC[C@H](NS(=O)(=O)c2ccccc2)[C@H](CO)O1,10.0352,0.03765703847209622,0.03767485351859058,-0.11129762340167695,0.14897247692026755,0.03329916449056251
correct_CP,CN(C)C(=O)C[C@H]1CC[C@H]2[C@H](COc3ccc(NC(=O)c4ccc(F)cc4)cc3C(=O)N2C)O1,9.85927,0.26383680283226413,0.27022781262817236,-0.01446551669363311,0.28469332932180547,-0.14241074728364653
correct_CP,CN(C)C(=O)C[C@H]1C[C@@H]2c3cc(NC(=O)C4CCOCC4)ccc3O[C@@H]2[C@@H](CO)O1,9.95494,-0.01528045638160821,-0.015281645838125817,-0.03590297449519773,0.020621328657071912,-0.02342555413012886
correct_CP,CN(C)C(=O)C[C@H]1C[C@@H]2c3cc(NC(=O)CC4CC4)ccc3O[C@@H]2[C@@H](CO)O1,9.99573,0.08335199289349926,0.08354583240760816,0.005790424250855162,0.077755408156753,-0.05378268244468819
correct_CP,CN(C)C(=O)C[C@H]1C[C@@H]2c3cc(NC(=O)NC4CCCC4)ccc3O[C@@H]2[C@H](CO)O1,9.97571,-0.10151617227120815,-0.1018670706528183,-0.04669952852616839,-0.05516754212664991,-0.08579968787939614
correct_CP,CN(C)C(=O)C[C@H]1C[C@@H]2c3cc(NC(=O)Nc4ccc(F)cc4)ccc3O[C@@H]2[C@H](CO)O1,10.043,0.5242480227066771,0.5821799026176356,-0.20547085628070638,0.787650758898342,0.06909410321963513
correct_CP,CN(C)C(=O)C[C@H]1C[C@@H]2c3cc(NC(=O)Nc4ccccc4F)ccc3O[C@@H]2[C@@H](CO)O1,10.0703,0.0836956600140063,0.08389191387539167,0.013821059637321376,0.0700708542380703,0.13468237338959704
correct_CP,CN(C)C(=O)C[C@H]1C[C@H]2c3cc(NC(=O)CC4CC4)ccc3O[C@H]2[C@@H](CO)O1,9.97759,-0.3708272271488056,-0.3893818772170684,0.035749098806001064,-0.4251309760230695,-0.1134665291867228
correct_CP,CN(C)C(=O)C[C@H]1C[C@H]2c3cc(NC(=O)CC4CC4)ccc3O[C@H]2[C@H](CO)O1,9.95043,0.14501699081853683,0.1460465792920734,0.020378800514665372,0.12566777877740803,-0.1217609255514983
correct_CP,CN(C)C(=O)C[C@H]1C[C@H]2c3cc(NC(=O)NC4CCCC4)ccc3O[C@H]2[C@H](CO)O1,10.0655,-0.06334314504068307,-0.06342806795339054,-0.05003002774626886,-0.01339804020712168,0.06316862020948705
correct_CP,CN(C)C(=O)C[C@H]1C[C@H]2c3cc(NC(=O)Nc4ccccc4F)ccc3O[C@H]2[C@@H](CO)O1,10.0138,-0.39034143154481177,-0.41220277677348005,-0.04499649128972246,-0.3672062854837576,-0.02580556006130675
correct_CP,CN(C)C(=O)C[C@H]1C[C@H]2c3cc(NS(C)(=O)=O)ccc3O[C@H]2[C@H](CO)O1,10.0645,0.1013366285845095,0.10168566074479787,-0.016426717430863436,0.11811237817566131,0.14019591529129033
correct_CP,CN(C)C(=O)Nc1ccc(Cl)c(Cl)c1,10.0,-0.17953345225771675,-0.18150056035558326,0.007861242688083978,-0.18936180304366723,-0.12474238538961964
correct_CP,CN(C)C(=O)[C@@H]1[C@@H](CO)[C@@H]2Cn3c(ccc(-c4cccc(F)c4)c3=O)[C@H]1N2Cc1ccccc1,10.0035,0.0016450339001625148,0.0016450353840603692,0.07350696390767995,-0.07186192852361958,-0.101872798304704
correct_CP,CN(C)C(=O)[C@@H]1[C@@H](CO)[C@@H]2Cn3c(ccc(-c4cncnc4)c3=O)[C@@H]2N1Cc1cc(F)ccc1F,9.96719,0.19944613672213493,0.20215567964013087,-0.12697616844869122,0.3291318480888221,-0.105422374122804
correct_CP,CN(C)C(=O)[C@@H]1[C@@H](CO)[C@@H]2Cn3c(ccc(/C=C/c4ccccc4)c3=O)[C@@H]2N1C(=O)c1cccnc1,10.076,0.05127062845224234,0.05131562408743403,0.03204084891227421,0.019274775175159818,-0.09152837518632441
correct_CP,CN(C)C(=O)[C@@H]1[C@@H](CO)[C@@H]2Cn3c(ccc(C4=CCCC4)c3=O)[C@@H]2N1C(=O)c1ccccc1F,9.90384,-0.04242918688745404,-0.042454675272667074,-0.07115322837344762,0.028698553100780545,0.2489569954128626
correct_CP,CN(C)C(=O)[C@@H]1[C@@H](CO)[C@@H]2Cn3c(ccc(C4=CCCC4)c3=O)[C@H]1N2CC1CCOCC1,9.98993,0.14478006832034207,0.14580457578777792,-0.03272501028318364,0.17852958607096156,0.2068008273771797
correct_CP,CN(C)C(=O)[C@@H]1[C@@H](CO)[C@@H]2Cn3c(cccc3=O)[C@H]1N2C(=O)c1ccc(F)cc1,10.035,0.060052218052365144,0.06012456280241266,0.09241172958464071,-0.03228716678222805,-0.23884779643225518
correct_CP,CN(C)C(=O)[C@H]1N[C@H]2c3ccc(-c4ccc(F)cc4)c(=O)n3C[C@H]2[C@@H]1CO,10.0581,0.2527622060844835,0.2583613454334406,0.040482484024493816,0.21787886140894677,-0.18690280215692148
correct_CP,CN(C)C(=O)[C@H]1[C@H](CO)[C@H]2Cn3c(ccc(-c4ccccc4)c3=O)[C@@H]1N2C(=O)C1CCC1,10.0579,0.11929236991021122,0.11986312129619109,0.06565516125993784,0.05420796003625325,-0.10556705535227431
correct_CP,CN(C)C(=O)c1cc2c(c(-c3cccc(-c4ccc(F)cc4)c3)n1)[C@@H](CCO)N([S@](=O)C(C)(C)C)C2,9.87558,-0.2882399944397617,-0.29664571832256054,-0.12301240796208913,-0.17363331036047142,0.15109975285356161
correct_CP,CN(C)C(=O)c1ccc(-c2ccc([C@H]3[C@@H](C#N)N[C@@H]3CO)cc2)cc1,10.0274,0.11226931206245916,0.11274460747521062,0.04517491589830995,0.06756969157690067,0.13738647201186088
correct_CP,CN(C)C(=O)c1cccc(-c2ccc([C@H]3[C@@H](C#N)N(C(=O)C4CC4)[C@H]3CO)cc2)c1,10.0348,0.1952550257896815,0.19779471364825876,0.0187766323657648,0.17901808128249397,0.09651848923360677
correct_CP,CN(C)C(=O)c1cccc(-c2ccc3n(c2=O)C[C@H]2N[C@@H]3[C@@H](C(=O)NC3CCC3)[C@@H]2CO)c1,10.0113,0.3897081488340385,0.4114558759639015,-0.04472203320571372,0.4561779091696152,0.40451758135518023
correct_CP,CN(C)C(=O)c1cccc(-c2cccc(-c3nc(C(=O)N4CCOCC4)cc4c3[C@H](CCO)N([S@@](=O)C(C)(C)C)C4)c2)c1,10.0786,0.03270292204458267,0.03271458791714861,-0.10162072959209914,0.13433531750924776,0.09273754765293049
correct_CP,CN(C)CC(=O)N1[C@@H]2c3ccc(-c4cccnc4)c(=O)n3C[C@H]1[C@H](CO)[C@H]2C(=O)NC1CCC1,10.1544,-0.4596534307673038,-0.4968717908829945,0.014148128205256887,-0.5110199190882514,0.05850515203584419
correct_CP,CN(C)CC(=O)N[C@@H]1C=C[C@@H](CC(=O)NCCN2CCCCC2)O[C@H]1CO,10.01,0.49332164370696713,0.540440906149216,0.016577859111003,0.5238630470382131,0.2554104145652101
correct_CP,CN(C)CC(=O)N[C@H]1C=C[C@@H](CC(=O)NCCN2CCCCC2)O[C@H]1CO,10.0685,0.3063594597194605,0.31652281814023414,-0.036680345312773636,0.3532031634530078,0.3475061914819266
correct_CP,CN(C)CC(=O)Nc1ccc2c(c1)[C@@H]1C[C@@H](CC(=O)NC3CCCCC3)O[C@H](CO)[C@@H]1O2,10.0937,0.13159942309061137,0.13236711363497114,-0.01529687693644568,0.14766399057141683,0.21108522626509643
correct_CP,CN(C)CC(=O)Nc1ccc2c(c1)[C@@H]1C[C@@H](CC(=O)NCc3ccncc3)O[C@@H](CO)[C@@H]1O2,10.0973,0.24520109131349166,0.2503004736606429,0.1274246445884187,0.12287582907222419,-0.4438262000555232
correct_CP,CN(C)CC(=O)Nc1ccc2c(c1)[C@@H]1C[C@H](CC(=O)NCc3cc(F)ccc3F)O[C@H](CO)[C@@H]1O2,10.0188,0.16386614943049418,0.1653569605878239,-0.00938449518191182,0.1747414557697357,0.06302239279104552
correct_CP,CN(C)CC(=O)Nc1ccc2c(c1)[C@@H]1C[C@H](CC(=O)NCc3ccc(-c4ccccc4)cc3)O[C@H](CO)[C@@H]1O2,10.1054,0.1267346843776514,0.12741982327863913,-0.08058845520601218,0.2080082784846513,-0.19775598557506371
correct_CP,CN(C)CC(=O)Nc1ccc2c(c1)[C@@H]1C[C@H](CC(=O)NCc3ccc4c(c3)OCO4)O[C@H](CO)[C@@H]1O2,10.123,0.11728565001060628,0.11782792359871183,0.013390738652702953,0.10443718494600887,0.009116643991081762
correct_CP,CN(C)CC(=O)Nc1ccc2c(c1)[C@@H]1C[C@H](CC(=O)NCc3ccncc3)O[C@H](CO)[C@@H]1O2,10.0252,0.015307242244887777,0.015308437968135141,0.052156838385837456,-0.036848400417702314,0.029411893077714427
correct_CP,CN(C)CC(=O)Nc1ccc2c(c1)[C@H]1C[C@@H](CC(=O)NC3CCCCC3)O[C@@H](CO)[C@H]1O2,10.0073,0.03530144004721595,0.03531611514173634,-0.00801372672361448,0.04332984186535082,-0.06432101643523766
correct_CP,CN(C)CC(=O)Nc1ccc2c(c1)[C@H]1C[C@@H](CC(=O)NCC3CC3)O[C@H](CO)[C@H]1O2,9.7129,0.16578334363627728,0.16732769478909557,-0.04504684258948318,0.21237453737857875,0.18056047619737176
correct_CP,CN(C)CC(=O)Nc1ccc2c(c1)[C@H]1C[C@@H](CC(=O)NCc3cccc(F)c3)O[C@H](CO)[C@H]1O2,9.98051,0.2640471022986107,0.2704538597483207,0.0562532747062312,0.2142005850420895,0.018383200901647696
correct_CP,CN(C)CC(=O)Nc1ccc2c(c1)[C@H]1C[C@H](CC(=O)NCc3ccncc3)O[C@@H](CO)[C@H]1O2,9.94813,-0.023812394364198252,-0.023816896677719773,-0.03706894015404645,0.013252043476326678,0.024141945474289488
correct_CP,CN(C)CCCNC(=O)C[C@@H]1C=C[C@@H](NC(=O)c2ccccc2F)[C@@H](CO)O1,10.0737,-0.11658337988647194,-0.11711591770234751,0.009745118217826691,-0.1268610359201742,-0.1216813843138469
correct_CP,CN(C)CCCNC(=O)C[C@@H]1C=C[C@@H](NS(=O)(=O)c2ccccc2)[C@H](CO)O1,10.0407,0.21116553687852216,0.21439096783724676,0.013938336623422615,0.20045263121382415,-0.024686584378710734
correct_CP,CN(C)CCCNC(=O)C[C@@H]1C=C[C@H](NC(=O)Cc2cccnc2)[C@@H](CO)O1,10.0163,0.2473303433150913,0.25256719621733414,-0.04475541015877352,0.29732260637610763,0.02437461983316533
correct_CP,CN(C)CCCNC(=O)C[C@@H]1C=C[C@H](NC(=O)c2ccccc2F)[C@@H](CO)O1,9.98798,-0.3039034163235481,-0.31381462607503263,0.013919827864908621,-0.3277344539399413,-0.2768276065655166
correct_CP,CN(C)CCCNC(=O)C[C@@H]1CC[C@@H]2[C@H](COc3ccc(NS(C)(=O)=O)cc3C(=O)N2C)O1,10.2563,-0.0036669604091631655,-0.003666976845344059,0.15435898887466976,-0.15802596572001382,-0.12181189638461576
correct_CP,CN(C)CCCNC(=O)C[C@@H]1CC[C@H](NC(=O)c2ccccc2F)[C@@H](CO)O1,10.0537,-0.11910412461612033,-0.1196721628210677,-0.02834132353644691,-0.0913308392846208,-0.09970025186519371
correct_CP,CN(C)CCCNC(=O)C[C@@H]1CC[C@H]2[C@@H](COC[C@H](O)CN2CC2CCCC2)O1,10.0421,0.11363518506575433,0.11412813200179829,0.2617827799544186,-0.14765464795262034,-0.3613596337745759
correct_CP,CN(C)CCCNC(=O)C[C@H]1C=C[C@@H](NS(=O)(=O)c2ccccc2)[C@H](CO)O1,10.1283,0.44506220676857516,0.4785258130449679,-0.008200859453586517,0.4867266724985544,0.1440363884694585
correct_CP,CN(C)CCCNC(=O)C[C@H]1C=C[C@H](NC(=O)Cc2cccnc2)[C@H](CO)O1,10.0008,0.4726411795789897,0.5134657989432911,-0.06360773456085533,0.5770735335041465,-0.2874471588558933
correct_CP,CN(C)CCCNC(=O)C[C@H]1C=C[C@H](NC(=O)c2ccccc2F)[C@@H](CO)O1,10.1689,0.02867445333201708,0.02868231615524091,0.0500064538650682,-0.021324137709827287,0.1723616039588674
correct_CP,CN(C)CCCNC(=O)C[C@H]1CC[C@H](NC(=O)c2ccccc2F)[C@H](CO)O1,9.9477,-0.06140220614303809,-0.06147954800862254,0.01947876357961007,-0.0809583115882326,0.05781254950782589
correct_CP,CN(C)CCCNC(=O)[C@H]1[C@H](CO)[C@H]2Cn3c(ccc(C4=CCCC4)c3=O)[C@@H]1N2Cc1cocn1,9.97376,-0.04359383969048607,-0.04362148679854318,-0.07983899922548238,0.0362175124269392,-0.08514952518282398
correct_CP,CN(C)CCCNC(=O)[C@H]1[C@H](CO)[C@H]2Cn3c(ccc(C4=CCCC4)c3=O)[C@H]2N1CCC(F)(F)F,10.0957,0.41769779290629283,0.44489999658503865,0.02122383773444795,0.4236761588505907,0.06920902460879788
correct_CP,CN(C)CCCc1cc(C(=O)Nc2ccc(-c3ccncc3)cc2)ccc1O,10.0,0.17009647029084402,0.17176600643166798,-0.007291917481456878,0.17905792391312486,0.09856254824296883
correct_CP,CN(C)CCCn1c(SCc2ccc(Cl)cc2)nnc1-c1ccncc1,10.0,0.14074470862374433,0.14168525372287435,0.059302654243593815,0.08238259947928053,0.187644397534951
correct_CP,CN(C)CCOC(=O)C(c1ccccc1)C1(O)CCCC1,10.0,0.10147789028590674,0.10182839019507667,0.29423509725887387,-0.1924067070637972,-0.17979880481403593
correct_CP,CN(C)CCc1c[nH]c2ccc(CS(=O)(=O)N3CCCC3)cc12,10.0,0.11894927651354434,0.1195150894032178,-0.05670017981955217,0.17621526922276998,0.055482104321435355
correct_CP,CN(C)Cc1cn(CC[C@@H]2CC[C@@H](N)[C@H](CO)O2)nn1,10.1215,0.07607742166208034,0.07622470644860552,-0.06778071770423907,0.1440054241528446,-0.18979776552481728
correct_CP,CN(C)Cc1cn(CC[C@@H]2CC[C@@H](NC(=O)Cc3cccnc3)[C@@H](CO)O2)nn1,10.0959,0.013382881102398051,0.013383680152989207,-0.037115355285899015,0.05049903543888822,-0.28081061586895173
correct_CP,CN(C)Cc1cn(CC[C@@H]2CC[C@H](NC(=O)Cc3cccnc3)[C@@H](CO)O2)nn1,10.0188,0.2502255071929849,0.2556533673593498,0.0663460826995355,0.18930728465981428,0.1355109565164378
correct_CP,CN(C)Cc1cn(CC[C@H]2CC[C@@H](NC(=O)Cc3cccnc3)[C@@H](CO)O2)nn1,10.114,-0.10315371834556936,-0.1035219477150871,-0.11587627756015285,0.01235432984506575,0.09669395481714121
correct_CP,CN(C)Cc1cn(CC[C@H]2CC[C@H](NC(=O)Cc3cccnc3)[C@@H](CO)O2)nn1,10.021,0.5109768391202822,0.5640508909299935,0.0877623196361758,0.4762885712938177,-0.1971505864419183
correct_CP,CN(C)Cc1cn(CC[C@H]2CC[C@H](NC(=O)Cc3cccnc3)[C@H](CO)O2)nn1,9.98849,0.48937939211926035,0.535243966348481,0.056104080089633815,0.47913988625884724,0.03733493277309448
correct_CP,CN(C)S(=O)(=O)c1ccc(N2CCCC2)c(C(=O)N2CCN(c3ccc([N+](=O)[O-])cc3)CC2)c1,20.0,-0.015412216462545059,-0.01541343695738549,-0.11127673289764539,0.0958632959402599,0.2059739799410566
correct_CP,CN(C)c1ccc2c(c1)[C@@H]1C[C@@H](CC(=O)NCc3ccccn3)O[C@@H](CO)[C@@H]1O2,10.073,0.035080619948115746,0.03509502123714212,-0.2049735027806917,0.24006852401783382,0.2913164683460459
correct_CP,CN(C)c1ccc2c(c1)[C@@H]1C[C@@H](CC(=O)NCc3ccccn3)O[C@H](CO)[C@@H]1O2,10.0586,-0.011680105296052928,-0.01168063649177679,0.057322584718818924,-0.06900322121059571,0.06375729580352063
correct_CP,CN(C)c1ccc2c(c1)[C@@H]1C[C@H](CC(=O)N3CCc4ccccc4C3)O[C@@H](CO)[C@@H]1O2,10.0419,0.19770301202819823,0.2003409981415769,-0.08907476091939917,0.28941575906097605,0.18444948918088422
correct_CP,CN(C)c1ccc2c(c1)[C@@H]1C[C@H](CC(=O)N3CCc4ccccc4C3)O[C@H](CO)[C@@H]1O2,10.1031,-0.12311051034962417,-0.1237381906758719,-0.1542144129917073,0.030476222315835397,-0.17546116973250125
correct_CP,CN(C)c1ccc2c(c1)[C@@H]1C[C@H](CC(=O)NCC3CC3)O[C@H](CO)[C@@H]1O2,9.9718,0.35769374918159874,0.37423877523673926,0.04800312981895105,0.3262356454177882,0.29133132197766415
correct_CP,CN(C)c1ccc2c(c1)[C@@H]1C[C@H](CC(=O)NCc3ccc(Cl)cc3)O[C@H](CO)[C@@H]1O2,9.998544,0.05279906293257342,0.05284820853357845,0.01039246471769973,0.04245574381587872,-0.004913627795287165
correct_CP,CN(C)c1ccc2c(c1)[C@@H]1C[C@H](CC(=O)NCc3ccc(Oc4ccccc4)cc3)O[C@H](CO)[C@@H]1O2,10.0034,0.08651266417111296,0.086729471595239,0.03981908105520761,0.04691039054003139,0.014319074667693873
correct_CP,CN(C)c1ccc2c(c1)[C@@H]1C[C@H](CC(=O)NCc3cccc(F)c3)O[C@@H](CO)[C@@H]1O2,9.91433,0.0023797662163071985,0.0023797707087556824,0.09788256141739399,-0.0955027907086383,0.22529514378941445
correct_CP,CN(C)c1ccc2c(c1)[C@H]1C[C@H](CC(=O)NCc3ccc(Cl)cc3)O[C@H](CO)[C@H]1O2,9.943933,-0.08544884644721157,-0.0856577307188886,0.05933830131835876,-0.14499603203724737,0.17281214708541326
correct_CP,CN(C)c1ccc2c(c1)[C@H]1C[C@H](CC(=O)NCc3ccc4c(c3)OCO4)O[C@@H](CO)[C@H]1O2,10.0281,0.20182208476531455,0.2046312820578618,-0.0034912606201569357,0.20812254267801872,0.26472084466342927
correct_CP,CN(C)c1ccc2c(c1)[C@H]1C[C@H](CC(=O)O)O[C@H](CO)[C@H]1O2,10.2478,0.06275086771269214,0.06283342695435833,0.10045566346281075,-0.03762223650845242,-0.11631989940251229
correct_CP,CN([N+][O-])c1cc(O)ccc1O,10.0,-0.014332410410436577,-0.014333391909714045,-0.026270867390851115,0.01193747548113707,-0.029671898620193187
correct_CP,CN(c1ccccc1)S(=O)(=O)c1ccc(NC(=O)c2cccs2)cc1,10.0,0.18700000820614404,0.1892266510344318,0.04122077776680573,0.14800587326762604,0.030573313685777564
correct_CP,CN1C(=O)/C(=C/c2ccccc2Cl)Sc2ccc(C(=O)NCc3cccnc3)cc21,10.0,0.4371143322479328,0.46865795768256907,0.018556008649221873,0.4501019490333472,0.3745404287540222
correct_CP,CN1C(=O)NC2C1N(S(C)(=O)=O)CCN2S(C)(=O)=O,10.0,0.2950814314146021,0.3041232814847806,0.024694407592092706,0.27942887389268795,0.11779777638325686
correct_CP,CN1C(=O)c2cc(NC(=O)C3CCCCC3)ccc2OC[C@@H]2O[C@H](CC(=O)NCc3ccccc3F)CC[C@@H]21,10.0797,-0.020186879446489135,-0.02018962223624843,-0.008865191791152265,-0.011324430445096166,-0.10724968583132456
correct_CP,CN1C(=O)c2cc(NC(=O)C3CCCCC3)ccc2OC[C@H]2O[C@H](CC(=O)NCc3ccccc3F)CC[C@@H]21,10.1669,0.2858710397017705,0.29406402845246526,0.00854450039029192,0.28551952806217334,0.25439579898720055
correct_CP,CN1C(=O)c2cc(NC(=O)C3CCOCC3)ccc2OC[C@@H]2O[C@@H](CC(=O)NCC3CCCCC3)CC[C@@H]21,9.8337,-0.4157141889989256,-0.442499572222047,-0.12338949758656875,-0.31911007463547825,-0.28849856808339713
correct_CP,CN1C(=O)c2cc(NC(=O)C3CCOCC3)ccc2OC[C@@H]2O[C@@H](CC(=O)NCc3ccc4c(c3)OCO4)CC[C@@H]21,10.03,0.19944612852862434,0.2021556711071905,-0.10976088926249677,0.3119165603696873,-0.29534812944143635
correct_CP,CN1C(=O)c2cc(NC(=O)C3CCOCC3)ccc2OC[C@@H]2O[C@@H](CC(=O)NCc3ccc4c(c3)OCO4)CC[C@H]21,9.89398,0.330899213309144,0.3438376957312732,0.045542120775525996,0.2982955749557472,0.08290672272394509
correct_CP,CN1C(=O)c2cc(NC(=O)C3CCOCC3)ccc2OC[C@@H]2O[C@H](CC(=O)NCc3ccc4c(c3)OCO4)CC[C@H]21,9.97377,0.32393116903258956,0.3360329280963996,-0.09575583144565847,0.4317887595420581,-0.037328687397317206
correct_CP,CN1C(=O)c2cc(NC(=O)C3CCOCC3)ccc2OC[C@H]2O[C@H](CC(=O)NCCc3ccncc3)CC[C@H]21,10.1712,0.1617186472446227,0.1631509963998264,0.019930829802473723,0.14322016659735265,0.0825701784676736
correct_CP,CN1C(=O)c2cc(NC(=O)CC(F)(F)F)ccc2OC[C@H]2O[C@@H](CC(=O)NC3CCC3)CC[C@@H]21,10.0,-0.17719275005359647,-0.1790829443268155,-0.026440728631572857,-0.15264221569524267,-0.06100898356178276
correct_CP,CN1C(=O)c2cc(NC(=O)Cc3cccs3)ccc2OC[C@@H]2O[C@H](CC(=O)N[C@H]3CCN(Cc4ccccc4)C3)CC[C@@H]21,9.9423,-0.3188993538209805,-0.33042137895924933,-0.020791709528828334,-0.30962966943042103,-0.1309240325026549
correct_CP,CN1C(=O)c2cc(NC(=O)Cc3cccs3)ccc2OC[C@H]2O[C@@H](CC(=O)N[C@@H]3CCN(Cc4ccccc4)C3)CC[C@@H]21,10.0134,0.04372508922127165,0.04375298698845298,-0.00198795406326601,0.04574094105171899,-0.09022956140011278
correct_CP,CN1C(=O)c2cc(NC(=O)Cc3cccs3)ccc2OC[C@H]2O[C@H](CC(=O)N[C@H]3CCN(Cc4ccccc4)C3)CC[C@@H]21,9.98421,-0.14696305697795406,-0.148035026073099,0.10054258832247902,-0.24857761439557802,-0.07723031916793288
correct_CP,CN1C(=O)c2cc(NC(=O)NC3CCCC3)ccc2OC[C@@H]2O[C@@H](CC(=O)NCC3CC3)CC[C@@H]21,9.8291,0.029814459741674983,0.0298232985006225,-0.07433732808507523,0.10416062658569773,0.05550083313292826
correct_CP,CN1C(=O)c2cc(NC(=O)NC3CCCC3)ccc2OC[C@H]2O[C@@H](CC(=O)NCC3CC3)CC[C@H]21,9.82482,0.007177082674224498,0.007177205909776563,0.02126326135962142,-0.01408605544984486,0.07652114639872097
correct_CP,CN1C(=O)c2cc(NC(=O)Nc3ccccc3)ccc2OC[C@@H]2O[C@H](CC(=O)O)CC[C@@H]21,10.1688,-0.1527314190182547,-0.15393590547414235,0.057967423743525884,-0.21190332921766825,-0.1193859554541847
correct_CP,CN1C(=O)c2cc(NC(=O)Nc3ccccc3Cl)ccc2OC[C@H]2O[C@@H](CC(=O)NCCCN3CCOCC3)CC[C@@H]21,10.0241,-0.035725571289444334,-0.03574078198404245,-0.009823249374641447,-0.025917532609401002,0.026382489195478795
correct_CP,CN1C(=O)c2cc(NC(=O)Nc3ccccc3Cl)ccc2OC[C@H]2O[C@H](CC(=O)NCCCN3CCOCC3)CC[C@@H]21,10.1545,0.07151800661486706,0.07164031622606631,0.006370349074756497,0.06526996715130981,0.0077773123076359755
correct_CP,CN1C(=O)c2cc(NC(=O)Nc3ccccc3F)ccc2OC[C@@H]2O[C@H](CC(=O)NCCc3ccncc3)CC[C@@H]21,9.79992,0.27491585475022595,0.2821738743034543,0.056050383695845585,0.22612349060760872,0.16054674486479123
correct_CP,CN1C(=O)c2cc(NC(=O)c3ccc(C(F)(F)F)cc3)ccc2OC[C@H]2O[C@H](CC(=O)NC3Cc4ccccc4C3)CC[C@@H]21,9.99072,0.005674094323752627,0.005674155218073016,0.0509231549062243,-0.045248999688151284,-0.10212120232634696
correct_CP,CN1C(=O)c2cc(NC(=O)c3ccc(C(F)(F)F)cc3)ccc2OC[C@H]2O[C@H](CC(=O)NC3Cc4ccccc4C3)CC[C@H]21,9.92732,0.1725584222010676,0.17430241110230876,0.03673569159546837,0.1375667195068404,0.1037830979084741
correct_CP,CN1C(=O)c2cc(NC(=O)c3ccc(Cl)cc3)ccc2OC[C@@H]2O[C@H](CC(=O)O)CC[C@H]21,10.1725,-0.1448251856302121,-0.14585065936900682,-0.0051825002416743616,-0.14066815912733246,0.044825382644950874
correct_CP,CN1C(=O)c2cc(NC(=O)c3ccc(F)c(F)c3)ccc2OC[C@@H]2O[C@@H](CC(=O)N[C@@H]3CCN(Cc4ccccc4)C3)CC[C@@H]21,9.9261,-0.10335821407540685,-0.10372864723347627,-0.06639267959455873,-0.03733596763891754,0.37972482632069987
correct_CP,CN1C(=O)c2cc(NC(=O)c3ccc(F)c(F)c3)ccc2OC[C@@H]2O[C@@H](CC(=O)N[C@@H]3CCN(Cc4ccccc4)C3)CC[C@H]21,10.0621,0.22954305830776692,0.23370705621351467,0.022731582378491367,0.2109754738350233,0.05367557843145827
correct_CP,CN1C(=O)c2cc(NC(=O)c3ccc(F)c(F)c3)ccc2OC[C@@H]2O[C@@H](CC(=O)N[C@H]3CCN(Cc4ccccc4)C3)CC[C@H]21,10.0511,-0.04150591860728896,-0.04152977792731868,0.019228917931460057,-0.06075869585877873,0.11113248862452527
correct_CP,CN1C(=O)c2cc(NC(=O)c3ccc(F)c(F)c3)ccc2OC[C@@H]2O[C@H](CC(=O)N3CCOCC3)CC[C@H]21,10.1999,0.20645838319083853,0.20946920245089592,0.09633277134294138,0.11313643110795454,0.05545791120022975
correct_CP,CN1C(=O)c2cc(NC(=O)c3cccc(C(F)(F)F)c3)ccc2OC[C@@H]2O[C@H](CC(=O)O)CC[C@H]21,9.88446,0.1704352746839795,0.1721149261749598,0.0010732964291974819,0.1710416297457623,0.033834213298224065
correct_CP,CN1C(=O)c2cc(NC(=O)c3cccc(F)c3)ccc2OC[C@@H]2O[C@@H](CC(=O)NCC3CCCCC3)CC[C@H]21,10.08092,-0.023368713306029423,-0.023372968559937594,-0.06084995206956498,0.03747698350962739,0.18924734023234993
correct_CP,CN1C(=O)c2cc(NC(=O)c3cccc(F)c3)ccc2OC[C@H]2O[C@H](CC(=O)NCC3CCCCC3)CC[C@@H]21,10.003,0.00183104436872682,0.0018310464150594191,0.09247945790533599,-0.09064841149027657,0.100093097374883
correct_CP,CN1C(=O)c2cc(NC(=O)c3ccccc3Cl)ccc2OC[C@@H]2O[C@@H](CC(=O)NCC(F)(F)F)CC[C@@H]21,10.0,-0.10437584423450473,-0.10475737577885172,0.05644478195072082,-0.16120215772957253,-0.0302790097745289
correct_CP,CN1C(=O)c2cc(NC(=O)c3ccccc3Cl)ccc2OC[C@@H]2O[C@@H](CC(=O)NCC(F)(F)F)CC[C@H]21,10.0,0.16810515785587746,0.16971607528347027,-0.011786061624925372,0.18150213690839564,-0.16510624474266597
correct_CP,CN1C(=O)c2cc(NC(=O)c3ccccc3Cl)ccc2OC[C@@H]2O[C@H](CC(=O)NCC(F)(F)F)CC[C@H]21,10.0,-0.1989934930335056,-0.20168432871458736,-0.09776499864211104,-0.10391933007247632,0.24639216153113808
correct_CP,CN1C(=O)c2cc(NC(=O)c3ccccc3Cl)ccc2OC[C@H]2O[C@@H](CC(=O)NCC(F)(F)F)CC[C@H]21,10.0,0.3924274067875142,0.41466608789795734,-0.0171765421833195,0.4318426300812768,0.013970990403302444
correct_CP,CN1C(=O)c2cc(NC(=O)c3ccccc3F)ccc2OC[C@@H]2O[C@@H](CC(=O)NCc3ccc4c(c3)OCO4)CC[C@H]21,9.96225,-0.3452996111672006,-0.36009715855207713,-0.018681606010635905,-0.34141555254144124,0.27974432899158624
correct_CP,CN1C(=O)c2cc(NC(=O)c3ccccc3F)ccc2OC[C@@H]2O[C@H](CC(=O)NCc3ccc4c(c3)OCO4)CC[C@H]21,10.0629,0.2044088162545078,0.2073293254830378,-0.05718692567365685,0.26451625115669464,0.04759393930714695
correct_CP,CN1C(=O)c2cc(NC(=O)c3cccs3)ccc2OC[C@@H]2O[C@@H](CC(=O)N3CCCCC3)CC[C@H]21,10.0504,0.14191931322230789,0.14288379909952958,-0.0302236653146021,0.1731074644141317,0.12180626088532195
correct_CP,CN1C(=O)c2cc(NC(=O)c3cccs3)ccc2OC[C@@H]2O[C@H](CC(=O)N3CCCCC3)CC[C@@H]21,10.0879,-0.07867717703662995,-0.07884012247203435,0.07915551964247296,-0.1579956421145073,-0.12912201465680542
correct_CP,CN1C(=O)c2cc(NC(=O)c3cccs3)ccc2OC[C@H]2O[C@H](CC(=O)N3CCCCC3)CC[C@@H]21,10.0335,0.21609774944839097,0.21955905659828298,-0.01223632371332775,0.23179538031161073,-0.042103834043499495
correct_CP,CN1C(=O)c2cc(NC(=O)c3cscn3)ccc2OC[C@@H]2O[C@@H](CC(=O)NCc3ccc(Cl)c(Cl)c3)CC[C@H]21,9.863,0.3774278962767235,0.3970568724254123,-0.023108334363647558,0.4201652067890599,0.22835826397593925
correct_CP,CN1C(=O)c2cc(NC(=O)c3cscn3)ccc2OC[C@H]2O[C@H](CC(=O)NCc3ccc(Cl)c(Cl)c3)CC[C@@H]21,10.1504,0.15534772851273568,0.15661580583154594,0.05440255902641091,0.10221324680513502,-0.2202624447429933
correct_CP,CN1C(=O)c2cc(NS(=O)(=O)c3cccc(F)c3)ccc2OC[C@@H]2O[C@@H](CC(=O)N3CCc4ccccc4C3)CC[C@H]21,10.1525,-0.4272179552696411,-0.4564885369240315,-0.03810904858159542,-0.4183794883424361,0.17902838509611813
correct_CP,CN1C(=O)c2cc(NS(=O)(=O)c3cccc(F)c3)ccc2OC[C@@H]2O[C@@H](CC(=O)NCCN3CCCCC3)CC[C@@H]21,10.1709,-0.2389569850805287,-0.24366764155439832,0.027032859798800202,-0.2707005013531985,-0.10574611059591077
correct_CP,CN1C(=O)c2cc(NS(=O)(=O)c3cccc(F)c3)ccc2OC[C@@H]2O[C@H](CC(=O)N3CCc4ccccc4C3)CC[C@@H]21,9.99468,0.307822948307226,0.3181386921469857,-0.014211011620183841,0.33234970376716955,0.31313369859863655
correct_CP,CN1C(=O)c2cc(NS(=O)(=O)c3cccc(F)c3)ccc2OC[C@@H]2O[C@H](CC(=O)NCCN3CCCCC3)CC[C@H]21,10.034,0.06931413972797673,0.06942546626103345,0.01641938642434216,0.05300607983669129,-0.22132837843293823
correct_CP,CN1C(=O)c2cc(NS(=O)(=O)c3cccc(F)c3)ccc2OC[C@H]2O[C@@H](CC(=O)N3CCc4ccccc4C3)CC[C@H]21,10.0167,0.32506867286510055,0.337304308767859,0.07146951511685415,0.2658347936510048,-0.0015521717849161648
correct_CP,CN1C(=O)c2cc(NS(=O)(=O)c3cccc(F)c3)ccc2OC[C@H]2O[C@H](CC(=O)NCCN3CCCCC3)CC[C@@H]21,10.0541,-0.03299366415724071,-0.03300564408448558,0.008084853843900428,-0.04109049792838601,-0.012499781645629007
correct_CP,CN1C(=O)c2cc(NS(=O)(=O)c3ccccc3F)ccc2OC[C@@H]2O[C@H](CC(=O)NC3Cc4ccccc4C3)CC[C@@H]21,10.025,-0.3635407178160316,-0.3809598100189509,-0.04946022401229371,-0.3314995860066572,-0.10718762440217486
correct_CP,CN1C(=O)c2cc(NS(C)(=O)=O)ccc2OC[C@@H]2O[C@@H](CC(=O)NCc3ccc(-c4ccccc4)cc3)CC[C@H]21,9.97229,0.019993344263668857,0.01999600890804515,0.031891040656473094,-0.011895031748427945,-0.13318524738686377
correct_CP,CN1C(=O)c2cc(NS(C)(=O)=O)ccc2OC[C@@H]2O[C@H](CC(=O)NC3CCCCC3)CC[C@@H]21,9.97918,-0.03340461014104062,-0.03341704351143492,-0.006751409293558212,-0.02666563421787671,-0.05160101574260276
correct_CP,CN1C(=O)c2cc(NS(C)(=O)=O)ccc2OC[C@@H]2O[C@H](CC(=O)NCc3ccc(-c4ccccc4)cc3)CC[C@H]21,10.0385,-0.05920995095267038,-0.05927928997492394,-0.03695216460130845,-0.02232712537361549,0.07786527143438857
correct_CP,CN1C(=O)c2cc(NS(C)(=O)=O)ccc2OC[C@H]2O[C@@H](CC(=O)N3CCOCC3)CC[C@H]21,10.2659,0.1615920802953664,0.16302103319249822,-0.11337959880894258,0.2764006320014408,0.17564267034958359
correct_CP,CN1C(=O)c2cc(NS(C)(=O)=O)ccc2OC[C@H]2O[C@H](CC(=O)N3CCOCC3)CC[C@@H]21,10.1094,0.3210431766750849,0.33280972595776376,-0.06945149603345843,0.40226122199122216,-0.007577140587231496
correct_CP,CN1C(=O)c2cc(NS(C)(=O)=O)ccc2OC[C@H]2O[C@H](CC(=O)NCc3ccc(-c4ccccc4)cc3)CC[C@H]21,9.9014,-0.097686200311253,-0.09799871818515228,-0.0210174086074221,-0.07698130957773018,-0.294500541416851
correct_CP,CN1C(=O)c2cccc(NCCCN3C(=O)c4ccccc4C3=O)c2C1=O,20.0,-0.1521513318259016,-0.15334201726792973,-0.04270170432610973,-0.11064031294182,0.18676517978383145
correct_CP,CN1C2CCC1CC(OC(=O)C(CO)c1ccccc1)C2,10.0,0.10170437330920691,0.10205723507200384,-0.027474333749333786,0.12953156882133762,0.3196538054056743
correct_CP,CN1C2CCC1CC(OC(=O)c1c[nH]c3ccccc13)C2,10.0,0.20012628939213664,0.20286410896623133,-0.0040821867916898975,0.20694629575792123,0.25277352950767545
correct_CP,CN1C2CCC1CC(OC(=O)c1cc(Cl)cc(Cl)c1)C2,10.0,0.734487142064493,0.9384018923436022,0.3598376546048928,0.5785642377387094,0.4523722721569411
correct_CP,CN1C2CCC1CC(OC(c1ccc(F)cc1)c1ccc(F)cc1)C2,10.0,0.6748949486512713,0.8196786800247435,0.2890495258791981,0.5306291541455455,0.3368629616133273
correct_CP,CN1CC(C(=O)c2ccccc2)C(C(=O)c2ccccc2)C1,10.0,0.3145079667370615,0.32554041383318594,-0.050657855257495096,0.37619826909068105,0.02260670383227294
correct_CP,CN1CCCC(n2nc(Cc3ccc(Cl)cc3)c3ccccc3c2=O)CC1,10.0,0.8199996282243242,1.156816329744986,0.29743639713722414,0.8593799326077619,-0.06881853652466854
correct_CP,CN1CCN(C(=O)C[C@@H]2C=C[C@@H](NC(=O)Cc3ccccn3)[C@@H](CO)O2)CC1,10.0619,-0.22237450937568393,-0.22615276575051296,-0.017822708273128436,-0.20833005747738453,0.01895340263072504
correct_CP,CN1CCN(C(=O)C[C@@H]2C=C[C@@H](NC(=O)Cc3ccccn3)[C@H](CO)O2)CC1,10.0575,0.0863823347401563,0.08659816085659688,-0.02641258633314076,0.11301074718973764,0.020546944038942267
correct_CP,CN1CCN(C(=O)C[C@@H]2CC[C@@H]3[C@H](COC[C@@H](O)CN3C(=O)c3ccccc3F)O2)CC1,10.0173,0.19443037156252044,0.19693751702908047,0.029196837079047983,0.16774067995003247,0.08452320306485195
correct_CP,CN1CCN(C(=O)C[C@@H]2CC[C@@H]3[C@H](COC[C@H](O)CN3Cc3cccc(F)c3)O2)CC1,9.99742,0.18952560242665611,0.19184505047874997,0.008793740759568777,0.1830513097191812,0.06193937144260489
correct_CP,CN1CCN(C(=O)C[C@@H]2CC[C@@H]3[C@H](COc4ccc(NC(=O)C5CCOCC5)cc4C(=O)N3C)O2)CC1,10.1177,0.163174204081816,0.16464600507615396,0.04703219969045119,0.11761380538570276,0.06998815569021864
correct_CP,CN1CCN(C(=O)C[C@@H]2CC[C@H](NC(=O)c3ccc4c(c3)OCO4)[C@@H](CO)O2)CC1,10.0488,0.2143146407426414,0.21768935446525509,-0.09702469047232717,0.31471404493758226,0.02753433020743351
correct_CP,CN1CCN(C(=O)C[C@@H]2C[C@@H]3c4cc(NC(=O)Cc5ccncc5)ccc4O[C@@H]3[C@@H](CO)O2)CC1,9.88658,0.29772916774197294,0.3070260457100801,-0.09618746626282258,0.40321351197290267,-0.023785387928339813
correct_CP,CN1CCN(C(=O)C[C@@H]2C[C@@H]3c4cc(NS(C)(=O)=O)ccc4O[C@@H]3[C@H](CO)O2)CC1,10.016,0.19339346259416465,0.19586009490380185,0.04157679884291647,0.15428329606088537,-0.35842854704259786
correct_CP,CN1CCN(C(=O)C[C@@H]2C[C@H]3c4cc(NC(=O)C5CCC5)ccc4O[C@H]3[C@H](CO)O2)CC1,10.1747,-0.10077365905574906,-0.10111688275878307,0.08429495866136685,-0.18541184142014994,-0.12383614780092284
correct_CP,CN1CCN(C(=O)C[C@@H]2C[C@H]3c4cc(NC(=O)Cc5ccncc5)ccc4O[C@H]3[C@@H](CO)O2)CC1,10.0242,0.06077801777978529,0.060853021426403406,-0.006327322478489314,0.06718034390489272,-0.0479797346324189
correct_CP,CN1CCN(C(=O)C[C@@H]2C[C@H]3c4cc(NC(=O)c5ccc6c(c5)OCO6)ccc4O[C@H]3[C@@H](CO)O2)CC1,9.94877,-0.37683182601948956,-0.39636196801093515,-0.07284224963570021,-0.32351971837523497,-0.09994970064355194
correct_CP,CN1CCN(C(=O)C[C@H]2C=C[C@@H](NC(=O)Nc3ccccc3F)[C@@H](CO)O2)CC1,10.0978,0.5063069483935152,0.5577511167707608,0.07165095750154922,0.48610015926921163,0.2808491593441247
correct_CP,CN1CCN(C(=O)C[C@H]2C=C[C@H](NC(=O)Cc3ccccn3)[C@H](CO)O2)CC1,10.0356,-0.12646667007960108,-0.1271474433464397,-0.03862586808108809,-0.08852157526535162,0.16039334216726076
correct_CP,CN1CCN(C(=O)C[C@H]2CC[C@@H](NC(=O)Cc3ccccn3)[C@@H](CO)O2)CC1,9.97841,-0.019227336301707733,-0.019229706215019276,0.05395321464431986,-0.07318292085933914,0.2950017842129681
correct_CP,CN1CCN(C(=O)C[C@H]2CC[C@@H](NC(=O)c3ccc4c(c3)OCO4)[C@@H](CO)O2)CC1,10.0328,0.6738585752328943,0.8177778293736447,-0.010221981376727036,0.8279998107503718,-0.3965463096252448
correct_CP,CN1CCN(C(=O)C[C@H]2CC[C@@H]3[C@H](COC[C@@H](O)CN3CC3CCOCC3)O2)CC1,10.0706,-0.36645221396136535,-0.38431880319605827,0.029072176087688046,-0.4133909792837463,-0.1838404586717975
correct_CP,CN1CCN(C(=O)C[C@H]2CC[C@@H]3[C@H](COC[C@H](O)CN3C(=O)Nc3ccc4c(c3)OCO4)O2)CC1,10.1024,0.23396615523103823,0.23838121233698908,0.09485812684570764,0.14352308549128145,-0.06787561204519317
correct_CP,CN1CCN(C(=O)C[C@H]2CC[C@@H]3[C@H](COC[C@H](O)CN3C(=O)c3ccccc3F)O2)CC1,10.1031,-0.19499298990070027,-0.1975223062889936,0.1910269049249725,-0.38854921121396613,0.08306206626835574
correct_CP,CN1CCN(C(=O)C[C@H]2CC[C@@H]3[C@H](COc4ccc(NC(=O)c5cscn5)cc4C(=O)N3C)O2)CC1,10.066,0.5537722702408648,0.6238057746977539,-0.05916626359437882,0.6829720382921327,-0.01629258465626146
correct_CP,CN1CCN(C(=O)C[C@H]2CC[C@H](NC(=O)c3ccc4c(c3)OCO4)[C@H](CO)O2)CC1,10.0385,0.4837858949106563,0.5279152629436423,-0.05645880343444441,0.5843740663780868,-0.19227478375301882
correct_CP,CN1CCN(C(=O)C[C@H]2CC[C@H]3[C@@H](COC[C@H](O)CN3C(=O)c3ccccc3F)O2)CC1,10.0781,0.44687039021224756,0.4807829007160466,0.02303491787951975,0.45774798283652685,0.04812975357936072
correct_CP,CN1CCN(C(=O)C[C@H]2CC[C@H]3[C@@H](COC[C@H](O)CN3Cc3cccc(F)c3)O2)CC1,10.068,-0.04618550065397434,-0.0462183821857389,0.2586522955569547,-0.3048706777426936,0.048869181644188076
correct_CP,CN1CCN(C(=O)C[C@H]2C[C@@H]3c4cc(NC(=O)Cc5ccncc5)ccc4O[C@@H]3[C@@H](CO)O2)CC1,10.0102,0.33037279493331206,0.34324666584959385,-0.040588144985144126,0.38383481083473797,-0.11510019648018122
correct_CP,CN1CCN(C(=O)C[C@H]2C[C@@H]3c4cc(NC(=O)c5ccc6c(c5)OCO6)ccc4O[C@@H]3[C@H](CO)O2)CC1,10.0498,-0.048157706257538846,-0.04819498669733752,0.02556103689976927,-0.07375602359710678,-0.10813715167702123
correct_CP,CN1CCN(C(=O)C[C@H]2C[C@H]3c4cc(NC(=O)Cc5ccncc5)ccc4O[C@H]3[C@@H](CO)O2)CC1,10.2176,0.04597876735550266,0.04601120894107069,-0.0039537698214629335,0.04996497876253363,-0.013817395663898809
correct_CP,CN1CCN(C(=O)NC2CCCN2S(=O)(=O)c2ccc(Cl)cc2)CC1,10.0,0.5498748326088483,0.6182018798254953,0.17398351020228034,0.44421836962321504,0.05770226767239442
correct_CP,CN1CCN(C(=O)c2cc3c(c(-c4cccc(-c5ccc(C(=O)N(C)C)cc5)c4)n2)[C@H](CCO)N([S@@](=O)C(C)(C)C)C3)CC1,10.0069,-0.15659421321685582,-0.1578933699479795,-0.07773931133029642,-0.08015405861768309,0.18516592892291103
correct_CP,CN1CCN(C(=O)c2cc3c(c(-c4cccc(-c5ccccc5F)c4)n2)[C@@H](CCO)N([S@](=O)C(C)(C)C)C3)CC1,10.0056,-0.1891412280931734,-0.19144638512606743,-0.03238902527097639,-0.15905735985509104,-0.019277120045200893
correct_CP,CN1CCN(C(=O)c2nc3ccc(Cl)cc3[nH]2)CC1,10.0,0.3048626765168539,0.3148718358523538,0.1470526913554025,0.1678191444969513,-0.30186677412983465
correct_CP,CN1CCN(c2ccc(NC(=O)c3ccc(-c4ccc(Cl)cc4)o3)cc2)CC1,10.0,0.3851209987853102,0.40605863804612186,0.0899126891682984,0.31614594887782344,-0.0507415035365048
correct_CP,CN1[C@@H]2Cn3c(ccc(-c4ccncc4)c3=O)[C@H]1[C@@H](C(=O)N1CCC(Cc3ccccc3)CC1)[C@@H]2CO,10.0015,0.13623867406802026,0.1370910950587378,-0.0024384897040486088,0.1395295847627864,0.11473014435768963
correct_CP,CN1[C@@H]2c3ccc(-c4cccc(F)c4)c(=O)n3C[C@@H]2[C@@H](CO)[C@@H]1C(=O)NCc1ccccn1,9.99259,0.39736279487062276,0.420513327715508,0.0282110280616206,0.39230229965388735,-0.020694867667600782
correct_CP,CN1[C@@H]2c3ccc(-c4ccccc4F)c(=O)n3C[C@@H]2[C@@H](CO)[C@@H]1C(=O)NCC(F)(F)F,10.0197,-0.22089205241075727,-0.22459372638312733,0.03825748335481279,-0.26285120973794013,0.0014868998320181348
correct_CP,CN1[C@@H]2c3ccc(-c4cccnc4)c(=O)n3C[C@@H]2[C@@H](CO)[C@@H]1C(=O)NCC1CCCCC1,10.0436,0.3839320004920351,0.40466332806267735,0.05445624933576165,0.3502070787269157,-0.043626132347548696
correct_CP,CN1[C@@H]2c3ccc(-c4cncnc4)c(=O)n3C[C@@H]2[C@@H](CO)[C@@H]1C(=O)NC1Cc2ccccc2C1,10.0609,0.5016490436041975,0.5515072925502219,-0.010403484868120077,0.561910777418342,-0.2962782653487605
correct_CP,CN1[C@H](C(=O)NCCCN2CCOCC2)[C@@H](CO)[C@@H]2Cn3c(ccc(/C=C/c4ccccc4)c3=O)[C@@H]21,10.0484,0.23763465132747377,0.24226569834728812,-0.06276116914374405,0.30502686749103214,-0.09597758994686176
correct_CP,CN=C(S)NN=Cc1ccco1,10.0,0.1469471541043248,0.14801877218367465,0.02032882688562023,0.1276899452980544,-0.055988081974546564
correct_CP,CNC(=Nc1ccc(C2=NNC(=O)CC2C)cc1)NC#N,10.0,-0.035538899258402964,-0.03555387264185217,0.043093569001571526,-0.07864744164342369,-0.11760055932387009
correct_CP,CNC(=O)C1OC(n2cnc3c(NCc4cccc(I)c4)nc(Cl)nc32)C(O)C1O,10.0,0.32495209267972475,0.337173959568353,0.033258027004031625,0.30391593256432137,-0.18248226944705018
correct_CP,CNC(=O)C[C@@H]1CC[C@@H]2[C@H](COC[C@H](O)CN2Cc2ccc(Cl)c(Cl)c2)O1,9.98964,0.024604542649230347,0.024609509515007694,0.051221095640307635,-0.02661158612529994,-0.15702982086863176
correct_CP,CNC(=O)C[C@@H]1CC[C@H]2[C@@H](COC[C@H](O)CN2Cc2ccc(Cl)c(Cl)c2)O1,10.0112,-0.2945613908039296,-0.30355373616861564,-0.006005539373963854,-0.2975481967946518,0.11325445026744613
correct_CP,CNC(=O)C[C@H]1CC[C@H]2[C@@H](COC[C@@H](O)CN2Cc2ccc(Cl)c(Cl)c2)O1,10.058,-0.3981601047413057,-0.4214604925774817,-0.08719805105021872,-0.334262441527263,0.03199552286408739
correct_CP,CNC(=O)C[C@H]1CC[C@H]2[C@H](COc3ccc(NC(=O)c4cc(F)cc(F)c4)cc3C(=O)N2C)O1,9.87832,0.0415216832137331,0.04154556974932074,0.01546003370093626,0.026085536048384483,0.1982862929493617
correct_CP,CNC(=O)O/N=C/C(C)(C)SC,10.0,0.2351483551611001,0.23963224038962214,0.02379143656959059,0.21584080382003154,0.1056293555296191
correct_CP,CNC(=O)c1cc2c(cn1)[nH]c1ccccc12,10.0,0.16219516045158977,0.16364034525650098,-0.024272868321692814,0.1879132135781938,0.14038359611636686
correct_CP,CNC(=S)N1N=C(c2ccc(C)cc2)CC1c1ccc(OC)cc1,10.0,-0.0007645640463638352,-0.0007645641953412768,0.13706246579250642,-0.13782702998784768,-0.12752918997437337
correct_CP,CNC(C)(C)Cc1ccccc1,10.0,-0.13134977909706233,-0.13211307849767562,-0.024080209886555345,-0.10803286861112027,0.12407619362261535
correct_CP,CNCCCCOc1ccccc1Cc1ccccc1,10.0,0.46471700604823973,0.5033108825776913,-0.03795721717374563,0.541268099751437,0.2994105251851053
correct_CP,CNC[C@@H]1OCCCC[C@@H](C)Oc2ccc(N(C)C)cc2C(=O)N([C@H](C)CO)C[C@H]1C,10.0219,0.060460275067233206,0.06053410680164408,-0.08030345424294263,0.14083756104458672,-0.04147619283627557
correct_CP,CNC[C@@H]1OCCCC[C@@H](C)Oc2ccc(N)cc2C(=O)N([C@H](C)CO)C[C@H]1C,10.1605,-0.06595682140560927,-0.06605271586934011,0.03296075403195559,-0.0990134699012957,-0.01623304088470438
correct_CP,CNC[C@@H]1OCCCC[C@@H](C)Oc2ccc(NC(=O)CCC(F)(F)F)cc2C(=O)N([C@H](C)CO)C[C@H]1C,10.0865,0.5100873272965035,0.5628478022670451,0.00997121131701919,0.552876590950026,-0.4658253222392956
correct_CP,CNC[C@@H]1OCCCC[C@@H](C)Oc2ccc(NC(=O)CCCN(C)C)cc2C(=O)N([C@@H](C)CO)C[C@H]1C,10.061,-0.2361509340074753,-0.24069376670347964,0.024379042403737377,-0.26507280910721703,0.1856858565271124
correct_CP,CNC[C@@H]1OCCCC[C@@H](C)Oc2ccc(NC(=O)CCCN(C)C)cc2C(=O)N([C@H](C)CO)C[C@@H]1C,10.3866,-0.22006249359144409,-0.22372178209291904,-0.08214901769496982,-0.14157276439794922,0.09634376997642516
correct_CP,CNC[C@@H]1OCCCC[C@@H](C)Oc2ccc(NC(=O)Nc3ccc(C(F)(F)F)cc3)cc2C(=O)N([C@H](C)CO)C[C@@H]1C,9.75098,-0.34107569521777986,-0.35530933219367283,0.04874792403469565,-0.40405725622836847,-0.3248327316955211
correct_CP,CNC[C@@H]1OCCCC[C@@H](C)Oc2ccc(NC(=O)Nc3ccc4c(c3)OCO4)cc2C(=O)N([C@H](C)CO)C[C@H]1C,10.014,-0.42626783002409546,-0.4553268589162589,-0.01713531796558341,-0.4381915409506755,-0.1703875119016084
correct_CP,CNC[C@@H]1OCCCC[C@@H](C)Oc2ccc(NS(=O)(=O)c3ccc(Cl)cc3)cc2C(=O)N([C@H](C)CO)C[C@H]1C,10.0781,0.37266301742661223,0.39151204594229516,0.03034366919523,0.36116837674706515,-0.29463484091607073
correct_CP,CNC[C@@H]1OCCCC[C@@H](C)Oc2ccc(NS(=O)(=O)c3ccc(OC)cc3)cc2C(=O)N([C@@H](C)CO)C[C@H]1C,10.0549,0.2032494013234567,0.20611965296905388,0.027170966680394055,0.17894868628865981,-0.21591433034725563
correct_CP,CNC[C@@H]1OCCCC[C@@H](C)Oc2ccc(NS(C)(=O)=O)cc2C(=O)N([C@H](C)CO)C[C@@H]1C,9.80418,-0.027539786949069188,-0.02754675254323506,0.02124090164005473,-0.048787654183289786,-0.07616858177961867
correct_CP,CNC[C@@H]1OCCCC[C@H](C)Oc2ccc(NC(=O)Nc3ccc(C(F)(F)F)cc3)cc2C(=O)N([C@@H](C)CO)C[C@H]1C,10.02,0.40982893096482864,0.43540560403223366,0.02709621080329984,0.40830939322893384,-0.1169777195681699
correct_CP,CNC[C@@H]1OCCCC[C@H](C)Oc2ccc(NC(=O)Nc3ccc(C(F)(F)F)cc3)cc2C(=O)N([C@H](C)CO)C[C@@H]1C,9.95556,0.1382837192336933,0.13917541084182694,0.06487927730864206,0.07429613353318489,-0.023743307161276046
correct_CP,CNC[C@@H]1OCCCC[C@H](C)Oc2ccc(NC(=O)Nc3ccc4c(c3)OCO4)cc2C(=O)N([C@@H](C)CO)C[C@@H]1C,10.05,-0.09393390547348969,-0.09421165514329104,-0.03404069338213027,-0.06017096176116077,0.13243228496889053
correct_CP,CNC[C@@H]1OCCCC[C@H](C)Oc2ccc(NC(=O)Nc3cccc4ccccc34)cc2C(=O)N([C@H](C)CO)C[C@@H]1C,10.0479,0.22310135597927838,0.2269175552754711,0.0006748714280122026,0.2262426838474589,0.19062117206926257
correct_CP,CNC[C@@H]1OCCCC[C@H](C)Oc2ccc(NC(=O)c3ccncc3)cc2C(=O)N([C@H](C)CO)C[C@H]1C,10.0178,0.17337469304451802,0.17514385586301817,0.022591054265198602,0.15255280159781956,0.14262905031889248
correct_CP,CNC[C@@H]1OCCCC[C@H](C)Oc2ccc(NS(=O)(=O)c3ccc(F)cc3)cc2C(=O)N([C@@H](C)CO)C[C@@H]1C,9.99673,0.053774094980242014,0.05382601710743644,-0.05722109222838248,0.11104710933581892,0.006483411526867641
correct_CP,CNC[C@@H]1OCCCC[C@H](C)Oc2ccc(NS(=O)(=O)c3ccc(F)cc3)cc2C(=O)N([C@@H](C)CO)C[C@H]1C,9.98377,0.3146253347033913,0.3256706710333547,-0.013385219460343847,0.3390558904936985,0.04604848139786166
correct_CP,CNC[C@@H]1OCCCC[C@H](C)Oc2ccc(NS(=O)(=O)c3ccc(F)cc3)cc2C(=O)N([C@H](C)CO)C[C@@H]1C,9.9982,0.20239931882870205,0.20523309962770525,0.0067619394379489104,0.19847116018975633,0.055354721302354463
correct_CP,CNC[C@@H]1Oc2c(N)cccc2C(=O)N([C@@H](C)CO)C[C@@H]1C,9.99149,-0.25749132247355677,-0.2634197219098855,-0.010528988523787959,-0.2528907333860975,-0.012198898511173029
correct_CP,CNC[C@@H]1Oc2c(NC(=O)C3CC3)cccc2C(=O)N([C@@H](C)CO)C[C@@H]1C,10.0843,0.08321919911010868,0.08341211106720807,-0.12273688678307032,0.2061489978502784,0.16244800026965409
correct_CP,CNC[C@@H]1Oc2c(NC(=O)Nc3c(C)noc3C)cccc2C(=O)N([C@@H](C)CO)C[C@H]1C,10.0363,0.27789814844390537,0.2854028690637334,-0.004324628700930267,0.28972749776466367,0.3608429809740853
correct_CP,CNC[C@@H]1Oc2c(NC(=O)Nc3ccc(C(F)(F)F)cc3)cccc2C(=O)N([C@@H](C)CO)C[C@@H]1C,10.2299,-0.04696801947269537,-0.04700260232774914,0.04700187107820623,-0.09400447340595536,0.2986612700364102
correct_CP,CNC[C@@H]1Oc2c(NC(=O)c3ccc(-c4nccs4)cc3)cccc2C(=O)N([C@H](C)CO)C[C@H]1C,10.0535,0.16912307205461843,0.17076377648244734,-0.024125039002046315,0.19488881548449366,0.004525182997739716
correct_CP,CNC[C@@H]1Oc2c(NC(=O)c3cnccn3)cccc2C(=O)N([C@@H](C)CO)C[C@H]1C,10.1469,0.052238764197688504,0.052286360073023355,0.05748784260603848,-0.005201482533015125,-0.01238104357056119
correct_CP,CNC[C@@H]1Oc2c(NC(=O)c3cnccn3)cccc2C(=O)N([C@H](C)CO)C[C@@H]1C,10.017,0.1007511179048441,0.10109411039876381,-0.06439201681623498,0.16548612721499878,0.03063684845182897
correct_CP,CNC[C@@H]1Oc2cc(-c3ccccc3F)ccc2S(=O)(=O)N([C@H](C)CO)C[C@H]1C,10.1416,0.0767144420785205,0.0768654665801878,0.06026460122065049,0.016600865359537302,0.10529902282649425
correct_CP,CNC[C@@H]1Oc2cc(-c3cccnc3)ccc2S(=O)(=O)N([C@H](C)CO)C[C@H]1C,10.0324,0.20116964465774437,0.20395123147147037,-0.031403454314441345,0.23535468578591173,0.08202830204844191
correct_CP,CNC[C@@H]1Oc2cc(Br)ccc2S(=O)(=O)N([C@@H](C)CO)C[C@@H]1C,9.97125,0.35834524440228727,0.3749860553384519,0.012627196919749747,0.3623588584187022,0.03143277741109957
correct_CP,CNC[C@@H]1Oc2ccc(NC(=O)C3CC3)cc2CC(=O)N([C@@H](C)CO)C[C@H]1C,10.0254,0.01891668055236819,0.018918937423668805,0.01763441918795988,0.0012845182357089265,0.10539608411422641
correct_CP,CNC[C@@H]1Oc2ccc(NC(=O)c3ccncc3)cc2CC(=O)N([C@@H](C)CO)C[C@@H]1C,10.1355,-0.0005255011058654154,-0.0005255011542380476,0.06078504751123448,-0.06131054866547253,-0.21842347632894485
correct_CP,CNC[C@@H]1Oc2ccc(NC(=O)c3ccncc3)cc2CC(=O)N([C@@H](C)CO)C[C@H]1C,10.0249,0.21962061647677117,0.2232574643489686,0.005786862411896198,0.2174706019370724,-0.056427145421983294
correct_CP,CNC[C@@H]1Oc2ccc(NS(=O)(=O)c3ccc(OC)cc3)cc2CC(=O)N([C@@H](C)CO)C[C@@H]1C,10.3436,-0.18608007831279968,-0.18827355603867935,-0.041919763380676905,-0.14635379265800244,-0.00037509663615543226
correct_CP,CNC[C@@H]1Oc2ccc(NS(C)(=O)=O)cc2CC(=O)N([C@H](C)CO)C[C@H]1C,9.93895,0.11797640253771625,0.11852836824872348,0.033067563060019206,0.08546080518870428,0.0229643948808948
correct_CP,CNC[C@@H]1Oc2ncc(-c3ccc(OC)cc3)cc2C(=O)N([C@@H](C)CO)C[C@H]1C,10.0424,0.28504807931518494,0.293168057901634,-0.03560955689923172,0.32877761480086576,0.06000649684592789
correct_CP,CNC[C@@H]1Oc2ncc(/C=C/c3ccccc3)cc2C(=O)N([C@H](C)CO)C[C@@H]1C,10.054,-0.0868161038351737,-0.08703520755753369,-0.007841253924896686,-0.07919395363263701,0.06528552476760546
correct_CP,CNC[C@@H]1Oc2ncc(/C=C/c3ccccc3)cc2C(=O)N([C@H](C)CO)C[C@H]1C,10.0785,0.2683618901144148,0.2750977451328841,0.07786280124524608,0.19723494388763801,-0.002298793410182104
correct_CP,CNC[C@@H]1Oc2ncc(Br)cc2C(=O)N([C@@H](C)CO)C[C@H]1C,10.0831,0.07978854780263393,0.0799585144492072,-0.03184109762715823,0.11179961207636542,0.13866067447244237
correct_CP,CNC[C@@H]1Oc2ncc(C#CC3(O)CCCC3)cc2C(=O)N([C@@H](C)CO)C[C@H]1C,10.0154,0.4119374376078489,0.4379423842818032,0.00858396927346745,0.42935841500833577,0.19502418454548484
correct_CP,CNC[C@@H]1Oc2ncc(C#Cc3cccc(OC)c3)cc2C(=O)N([C@@H](C)CO)C[C@@H]1C,10.0549,0.11601172510749856,0.11653642520068828,-0.003334325604216499,0.11987075080490478,0.07520034215108533
correct_CP,CNC[C@@H]1Oc2ncc(C#Cc3ccccc3F)cc2C(=O)N([C@H](C)CO)C[C@@H]1C,10.006,0.21574807573899327,0.21919228290291587,-0.0400293925603648,0.2592216754632807,0.06303965216900961
correct_CP,CNC[C@@H]1Oc2ncc(C3=CCCCC3)cc2C(=O)N([C@H](C)CO)C[C@@H]1C,10.0645,-0.05867234115884181,-0.05873980596881647,-0.02787057565708577,-0.0308692303117307,-0.08726186541076354
correct_CP,CNC[C@H]1OCCCC[C@@H](C)Oc2ccc(N(C)C)cc2C(=O)N([C@H](C)CO)C[C@H]1C,10.0557,-0.0680214211624044,-0.0681266231227723,0.010522594065882473,-0.07864921718865478,-0.19832272606920523
correct_CP,CNC[C@H]1OCCCC[C@@H](C)Oc2ccc(NC(=O)C3CCCCC3)cc2C(=O)N([C@H](C)CO)C[C@H]1C,9.98559,0.27653640915408023,0.2839277688767442,0.08412536552828469,0.1998024033484595,-0.1156140984264634
correct_CP,CNC[C@H]1OCCCC[C@@H](C)Oc2ccc(NC(=O)Nc3c(C)noc3C)cc2C(=O)N([C@@H](C)CO)C[C@@H]1C,10.106,-0.07041767352679278,-0.07053441321627549,-0.09085652394815957,0.020322110731884085,0.05344892074321336
correct_CP,CNC[C@H]1OCCCC[C@@H](C)Oc2ccc(NC(=O)Nc3ccc(F)cc3)cc2C(=O)N([C@@H](C)CO)C[C@H]1C,9.9903,-0.13913885996284395,-0.14004732803160777,0.03137357321959538,-0.17142090125120316,-0.003626556395242314
correct_CP,CNC[C@H]1OCCCC[C@@H](C)Oc2ccc(NC(=O)Nc3ccc(OC)cc3)cc2C(=O)N([C@@H](C)CO)C[C@@H]1C,10.0,-0.061872998477394,-0.06195213580456811,0.01297722463952873,-0.07492936044409684,0.020419974518996103
correct_CP,CNC[C@H]1OCCCC[C@@H](C)Oc2ccc(NC(=O)Nc3cccc4ccccc34)cc2C(=O)N([C@H](C)CO)C[C@H]1C,10.114,-0.14873494901437323,-0.14984651659065668,0.054320125833842395,-0.20416664242449906,-0.17101405212069026
correct_CP,CNC[C@H]1OCCCC[C@@H](C)Oc2ccc(NC(=O)Nc3ccccc3)cc2C(=O)N([C@@H](C)CO)C[C@H]1C,10.0633,0.2957146276450692,0.3048170127331432,0.09336858149474156,0.21144843123840165,0.18673067217640324
correct_CP,CNC[C@H]1OCCCC[C@@H](C)Oc2ccc(NC(=O)c3ccccc3)cc2C(=O)N([C@@H](C)CO)C[C@@H]1C,10.0666,0.0746332004007102,0.074772237194332,-0.01290946755994466,0.08768170475427665,0.05546406357488752
correct_CP,CNC[C@H]1OCCCC[C@@H](C)Oc2ccc(NS(=O)(=O)c3ccc(Cl)cc3)cc2C(=O)N([C@@H](C)CO)C[C@H]1C,9.96128,0.4205459115142797,0.4483550439420324,-0.02488551839605583,0.47324056233808826,0.3579922518398489
correct_CP,CNC[C@H]1OCCCC[C@@H](C)Oc2ccc(NS(=O)(=O)c3ccc(F)cc3)cc2C(=O)N([C@@H](C)CO)C[C@@H]1C,10.2711,0.25430153819241313,0.2600064207836206,0.0337140774104849,0.22629234337313567,-0.1924094453190391
correct_CP,CNC[C@H]1OCCCC[C@@H](C)Oc2ccc(NS(=O)(=O)c3ccccc3)cc2C(=O)N([C@@H](C)CO)C[C@H]1C,10.0051,0.2503103160799763,0.25574384310687714,0.03797795254491413,0.21776589056196302,0.03427425072710865
correct_CP,CNC[C@H]1OCCCC[C@@H](C)Oc2ccc(NS(C)(=O)=O)cc2C(=O)N([C@@H](C)CO)C[C@@H]1C,10.1238,0.11764773660751676,0.11819507632891584,0.005959631354272637,0.1122354449746432,0.06368760813431519
correct_CP,CNC[C@H]1OCCCC[C@@H](C)Oc2ccc(NS(C)(=O)=O)cc2C(=O)N([C@H](C)CO)C[C@H]1C,9.87973,0.46503521156920313,0.5037168138251564,-0.06734954236705921,0.5710663561922157,0.22245150341043501
correct_CP,CNC[C@H]1OCCCC[C@H](C)Oc2ccc(N(C)C)cc2C(=O)N([C@H](C)CO)C[C@H]1C,10.1398,0.2571980663013976,0.26310566704578836,0.0013684763291571585,0.2617371907166312,-0.13613802717079854
correct_CP,CNC[C@H]1OCCCC[C@H](C)Oc2ccc(NC(=O)C3CCCCC3)cc2C(=O)N([C@@H](C)CO)C[C@@H]1C,10.0506,0.20853367615965984,0.2116378673426376,0.05168233715283803,0.15995553018979958,-0.016773457224223617
correct_CP,CNC[C@H]1OCCCC[C@H](C)Oc2ccc(NC(=O)CCC(F)(F)F)cc2C(=O)N([C@@H](C)CO)C[C@@H]1C,10.0417,0.08998075601764725,0.09022478675850265,-0.025252597514391524,0.11547738427289417,0.04351335420923845
correct_CP,CNC[C@H]1OCCCC[C@H](C)Oc2ccc(NC(=O)Nc3c(C)noc3C)cc2C(=O)N([C@@H](C)CO)C[C@H]1C,9.984,-0.25164898776935957,-0.25717250777702994,0.10790501346763887,-0.3650775212446688,-0.10323893907199087
correct_CP,CNC[C@H]1OCCCC[C@H](C)Oc2ccc(NC(=O)c3ccccc3)cc2C(=O)N([C@H](C)CO)C[C@@H]1C,10.005308,0.19000348434018194,0.19234078405778066,-0.06721098050674174,0.2595517645645224,0.018186775693920423
correct_CP,CNC[C@H]1OCCCC[C@H](C)Oc2ccc(NS(=O)(=O)c3ccc(Cl)cc3)cc2C(=O)N([C@@H](C)CO)C[C@H]1C,10.0401,0.41455300010638685,0.4410966006743635,-0.005934569185306776,0.4470311698596703,0.16714380262254164
correct_CP,CNC[C@H]1OCCCC[C@H](C)Oc2ccc(NS(=O)(=O)c3ccc(Cl)cc3)cc2C(=O)N([C@H](C)CO)C[C@@H]1C,10.0308,-0.11220861580736616,-0.1126831368385256,0.0038293359671687684,-0.11651247280569436,-0.325772112053605
correct_CP,CNC[C@H]1OCCCC[C@H](C)Oc2ccc(NS(=O)(=O)c3ccc(F)cc3)cc2C(=O)N([C@H](C)CO)C[C@@H]1C,9.91002,0.012635374536984031,0.0126360470252473,0.09209308121458162,-0.07945703418933432,0.0024651160681233852
correct_CP,CNC[C@H]1OCCCC[C@H](C)Oc2ccc(NS(=O)(=O)c3ccc(OC)cc3)cc2C(=O)N([C@@H](C)CO)C[C@H]1C,9.95503,0.02664909804693457,0.026655409239023903,0.048366638122334354,-0.02171122888331045,-0.19743220330538475
correct_CP,CNC[C@H]1OCCCC[C@H](C)Oc2ccc(NS(=O)(=O)c3ccc(OC)cc3)cc2C(=O)N([C@H](C)CO)C[C@@H]1C,10.0188,0.20461058083189695,0.20753989705222736,0.08032039665148137,0.12721950040074598,0.001083792787211893
correct_CP,CNC[C@H]1Oc2c(NC(=O)Nc3ccc(C(F)(F)F)cc3)cccc2C(=O)N([C@@H](C)CO)C[C@H]1C,10.0344,-0.06291210407638113,-0.06299530236945823,-0.035636006010547894,-0.027359296358910337,-0.32839348662520157
correct_CP,CNC[C@H]1Oc2c(NC(=O)c3cnccn3)cccc2C(=O)N([C@@H](C)CO)C[C@@H]1C,9.74167,0.00892016258892294,0.008920399190584963,0.03178515515649891,-0.022864755965913943,-0.026523942145844148
correct_CP,CNC[C@H]1Oc2c(NC(=O)c3cnccn3)cccc2C(=O)N([C@H](C)CO)C[C@H]1C,10.0324,0.10034252576342934,0.10068134533552721,-0.00316225221965241,0.10384359755517962,0.04295816846614746
correct_CP,CNC[C@H]1Oc2c(NC(=O)c3nc4ccccc4s3)cccc2C(=O)N([C@@H](C)CO)C[C@H]1C,10.2234,-0.39512737381164115,-0.4178615484198604,0.005235142994683608,-0.423096691414544,-0.16811927266688642
correct_CP,CNC[C@H]1Oc2c(cccc2N(C)C)C(=O)N([C@@H](C)CO)C[C@H]1C,10.0981,-0.45533560916232246,-0.4914110019357122,0.0250878351299973,-0.5164988370657095,0.3236092352688748
correct_CP,CNC[C@H]1Oc2cc(-c3cccc(C(=O)N(C)C)c3)ccc2S(=O)(=O)N([C@@H](C)CO)C[C@H]1C,10.0511,-0.042715182009015355,-0.042741189672282826,0.034951498987613565,-0.0776926886598964,-0.17529508965602017
correct_CP,CNC[C@H]1Oc2cc(-c3cccc(C(=O)N(C)C)c3)ccc2S(=O)(=O)N([C@H](C)CO)C[C@@H]1C,9.99183,-0.10105616198120024,-0.10140229224480414,-0.00760565840950575,-0.09379663383529839,-0.19324667749082441
correct_CP,CNC[C@H]1Oc2cc(-c3cccnc3)ccc2S(=O)(=O)N([C@@H](C)CO)C[C@H]1C,9.99303,0.10129544617369929,0.10164405121467511,0.01144843776169499,0.09019561345298012,0.16996417788476828
correct_CP,CNC[C@H]1Oc2cc(Br)ccc2S(=O)(=O)N([C@@H](C)CO)C[C@@H]1C,10.0011,0.30721834087928396,0.3174709356627352,0.07201697753277872,0.2454539581299565,-0.061226466010264616
correct_CP,CNC[C@H]1Oc2cc(C#CC3(O)CCCC3)ccc2S(=O)(=O)N([C@H](C)CO)C[C@@H]1C,10.0057,0.2255343285927308,0.22947943958150616,0.012818254751293206,0.21666118483021296,-0.03947805998187223
correct_CP,CNC[C@H]1Oc2cc(C#CC3CCCCC3)ccc2S(=O)(=O)N([C@H](C)CO)C[C@@H]1C,10.0624,0.18530268223638655,0.18746839699446455,0.016514447904489474,0.17095394908997508,0.10076809322321624
correct_CP,CNC[C@H]1Oc2cc(C#Cc3ccccc3F)ccc2S(=O)(=O)N([C@@H](C)CO)C[C@@H]1C,10.1847,0.15980092615195413,0.1611823987756411,0.0007957863742677042,0.16038661240137342,-0.07047398562445917
correct_CP,CNC[C@H]1Oc2ccc(N(C)C)cc2CC(=O)N([C@@H](C)CO)C[C@H]1C,9.82001,0.14665135006111454,0.14771645315686716,-0.0066870155175590106,0.15440346867442617,0.10640174772247997
correct_CP,CNC[C@H]1Oc2ccc(N(C)C)cc2CC(=O)N([C@H](C)CO)C[C@H]1C,10.0459,0.1400361803471597,0.14096247992004843,-0.07848577519366515,0.21944825511371358,0.19147944659469202
correct_CP,CNC[C@H]1Oc2ccc(NC(=O)Cc3ccccc3)cc2CC(=O)N([C@@H](C)CO)C[C@@H]1C,10.3211,0.07994638574603674,0.0801173656750937,0.034012142125013765,0.046105223550079934,0.04367520983094319
correct_CP,CNC[C@H]1Oc2ccc(NC(=O)NC3CCCCC3)cc2CC(=O)N([C@@H](C)CO)C[C@@H]1C,9.99422,0.30690480220103156,0.317124756888608,0.06138315634401979,0.25574160054458817,0.09405691716238453
correct_CP,CNC[C@H]1Oc2ccc(NC(=O)Nc3ccc(C(F)(F)F)cc3)cc2CC(=O)N([C@@H](C)CO)C[C@@H]1C,10.16,0.4611799161017153,0.4988089154747237,-0.011512897220589383,0.5103218126953131,-0.2013023516274617
correct_CP,CNC[C@H]1Oc2ccc(NC(=O)Nc3ccc(C(F)(F)F)cc3)cc2CC(=O)N([C@H](C)CO)C[C@H]1C,10.0982,0.1636605418639883,0.16514568699368273,0.01679577714007293,0.1483499098536098,0.033657926198445313
correct_CP,CNC[C@H]1Oc2ccc(NS(=O)(=O)c3ccc(F)cc3)cc2C(=O)N([C@@H](C)CO)C[C@@H]1C,9.7766,0.23283222052045327,0.2371819472877844,0.044731629690691346,0.19245031759709308,0.08134575221199873
correct_CP,CNC[C@H]1Oc2ccc(NS(=O)(=O)c3cn(C)cn3)cc2CC(=O)N([C@@H](C)CO)C[C@@H]1C,10.0941,-0.25616914683501213,-0.2620041739593386,-0.04969598068486117,-0.21230819327447745,0.021641217327390726
correct_CP,CNC[C@H]1Oc2ccc(NS(=O)(=O)c3cn(C)cn3)cc2CC(=O)N([C@H](C)CO)C[C@H]1C,10.0641,-0.05901161127224685,-0.05908025484829908,0.04872239374057026,-0.10780264858886934,-0.0771697649949036
correct_CP,CNC[C@H]1Oc2ccc(NS(C)(=O)=O)cc2CC(=O)N([C@@H](C)CO)C[C@@H]1C,9.93083,-0.33585206503196396,-0.34940984995546204,0.02072030908583375,-0.37013015904129576,0.19078841995982018
correct_CP,CNC[C@H]1Oc2ncc(-c3ccc(OC)cc3)cc2C(=O)N([C@H](C)CO)C[C@@H]1C,10.1767,0.09622432906087612,0.09652297419126081,0.02875167018100983,0.06777130401025099,-0.001615917535866672
correct_CP,CNC[C@H]1Oc2ncc(-c3ccccc3F)cc2C(=O)N([C@@H](C)CO)C[C@H]1C,10.0919,0.20276830607845975,0.2056178782756546,-0.077450023073827,0.28306790134948157,-0.06978877591187432
correct_CP,CNC[C@H]1Oc2ncc(C#CC3(O)CCCC3)cc2C(=O)N([C@@H](C)CO)C[C@H]1C,10.1238,-0.07196216076057253,-0.07208676810619219,0.014865359882997916,-0.08695212798919011,0.043155052062023525
correct_CP,CNC[C@H]1Oc2ncc(C#Cc3cccc(OC)c3)cc2C(=O)N([C@@H](C)CO)C[C@H]1C,9.98346,0.011193413629957736,0.011193881148729039,0.05350383914642978,-0.042309957997700744,0.10699077914096011
correct_CP,CNC[C@H]1Oc2ncc(C3=CCCCC3)cc2C(=O)N([C@@H](C)CO)C[C@H]1C,10.1228,0.03881257148778172,0.038832078411227614,0.020607716626532675,0.01822436178469494,-0.11697785013312424
correct_CP,CNc1cc(NS(=O)(=O)c2ccc(N)cc2)nc(NC)n1,10.0,0.05824640261926312,0.058312406786768516,0.035613069317693556,0.02269933746907496,-0.1479778909163529
correct_CP,CNc1cc2c(Nc3cccc(Br)c3)ncnc2cn1,10.0,0.3653677025474046,0.38306663922759215,0.05237864968273058,0.33068798954486156,0.31078946922372785
correct_CP,CNc1nc(-c2ccccn2)nnc1-c1ccccc1,10.0,0.2170139912649267,0.22052038120168474,0.023876691037091537,0.1966436901645932,0.1949640153746365
correct_CP,COC(=O)C1=C(C)NC(C)=C(C(=O)OCCCN2CCC(c3ccccc3)(c3ccccc3)CC2)[C@@H]1c1cccc([N+](=O)[O-])c1,10.0,0.2951698107103175,0.304220092977595,0.0032813552771461894,0.3009387377004488,0.25876838820822756
correct_CP,COC(=O)C1=C(C)NC(C)=C(C(=O)OCCCN2CCC(c3ccccc3)(c3ccccc3)CC2)[C@H]1c1cccc([N+](=O)[O-])c1,10.0,0.45230654742539367,0.4875962783004908,0.060889587136934,0.4267066911635568,0.17047615578105696
correct_CP,COC(=O)C[C@@H]1C=C[C@@H](NC(=O)Nc2ccc(C(F)(F)F)cc2)[C@H](CO)O1,10.0367,0.23403639650238928,0.238455522584671,-0.09101649193155664,0.32947201451622765,-0.010457458693646005
correct_CP,COC(=O)C[C@@H]1C=C[C@@H](NS(=O)(=O)c2ccc(OC)cc2)[C@@H](CO)O1,10.053,-0.30276030895062367,-0.3125556828695456,0.015393330719867405,-0.32794901358941303,-0.005571082506644544
correct_CP,COC(=O)C[C@@H]1C=C[C@@H](NS(=O)(=O)c2ccccc2F)[C@H](CO)O1,9.96609,0.3872138275999182,0.4085182602095488,0.03813997687955489,0.3703782833299939,0.3537298043863865
correct_CP,COC(=O)C[C@@H]1C=C[C@H](NC(=O)Nc2ccc(C(F)(F)F)cc2)[C@H](CO)O1,10.0709,0.04355019989853418,0.043577763997933144,-0.0675220460476241,0.11109981004555725,-0.21061727578696635
correct_CP,COC(=O)C[C@@H]1C=C[C@H](NS(=O)(=O)c2ccc(OC)cc2)[C@@H](CO)O1,10.0307,-1.4238672515350285e-05,-1.4238672516312533e-05,-0.003365302833865935,0.003351064161349623,-0.008970079290314336
correct_CP,COC(=O)C[C@@H]1C=C[C@H](NS(=O)(=O)c2ccccc2F)[C@H](CO)O1,9.98991,-0.06642994264374771,-0.06652791925044249,-0.2395977975849669,0.17306987833452442,0.31371012181588276
correct_CP,COC(=O)C[C@@H]1CC[C@@H](NS(=O)(=O)c2ccc(OC)cc2)[C@@H](CO)O1,10.0477,-0.10160728532928874,-0.10195913331753595,0.006687667100892743,-0.1086468004184287,0.19317864786125152
correct_CP,COC(=O)C[C@@H]1CC[C@@H]2[C@@H](COc3ccc(NS(=O)(=O)c4ccccc4Cl)cc3C(=O)N2C)O1,9.96331,-0.04413590976600946,-0.04416460191004594,0.021163572862990202,-0.06532817477303614,-0.08597470432146065
correct_CP,COC(=O)C[C@@H]1CC[C@H](NC(=O)Nc2ccc(C(F)(F)F)cc2)[C@@H](CO)O1,10.0516,0.08349265740817045,0.08368748270723048,0.010696379792222753,0.07299110291500772,-0.0548218468581439
correct_CP,COC(=O)C[C@@H]1CC[C@H](NS(=O)(=O)c2ccccc2F)[C@@H](CO)O1,10.0275,-0.40627877249827077,-0.4311462154782053,0.04124845600240319,-0.4723946714806085,0.04629752231746867
correct_CP,COC(=O)C[C@@H]1CC[C@H](NS(=O)(=O)c2ccccc2F)[C@H](CO)O1,10.0458,-0.33677795402291166,-0.3504538202244255,-0.07887279230438471,-0.2715810279200408,0.3451533211581128
correct_CP,COC(=O)C[C@@H]1CC[C@H]2[C@@H](COC[C@H](O)CN2CCC(F)(F)F)O1,10.0633,0.018581307275358828,0.018583446210037838,-0.06204107737776213,0.08062452358779996,0.06131720889299951
correct_CP,COC(=O)C[C@@H]1CC[C@H]2[C@@H](COc3ccc(NC(=O)c4ccccc4F)cc3C(=O)N2C)O1,10.0048,-0.2780073326174015,-0.28552119481592425,0.017940838250319176,-0.3034620330662434,0.11662589454490874
correct_CP,COC(=O)C[C@@H]1CC[C@H]2[C@H](COc3ccc(NC(=O)c4cccc(Cl)c4)cc3C(=O)N2C)O1,10.0936,0.4361039809883543,0.4674096430496012,0.009118447431023208,0.458291195618578,0.2678958349944322
correct_CP,COC(=O)C[C@@H]1C[C@@H]2c3cc(N)ccc3O[C@@H]2[C@H](CO)O1,9.99477,-0.018880127260791805,-0.018882371072428055,-0.0746205396069358,0.05573816853450775,0.09546554184835604
correct_CP,COC(=O)C[C@@H]1C[C@@H]2c3cc(NC(=O)CN(C)C)ccc3O[C@@H]2[C@@H](CO)O1,10.3424,0.13047139230325724,0.1312193757385757,-0.02876640784625127,0.15998578358482696,0.10129513503939719
correct_CP,COC(=O)C[C@@H]1C[C@@H]2c3cc(NC(=O)c4ccc5c(c4)OCO5)ccc3O[C@@H]2[C@@H](CO)O1,10.099,-0.3953775543878604,-0.4181580497783235,0.0339691678823576,-0.4521272176606811,-0.4899714532679384
correct_CP,COC(=O)C[C@@H]1C[C@@H]2c3cc(NS(C)(=O)=O)ccc3O[C@@H]2[C@@H](CO)O1,9.7017,0.06731098169387512,0.06741291576120141,0.11429901708816229,-0.046886101326960875,-0.30517484341908563
correct_CP,COC(=O)C[C@@H]1C[C@H]2c3cc(N)ccc3O[C@H]2[C@@H](CO)O1,9.94729,0.3776511903386738,0.3973172846311185,-0.05033549009316823,0.4476527747242867,-0.05683135887746408
correct_CP,COC(=O)C[C@@H]1C[C@H]2c3cc(N)ccc3O[C@H]2[C@H](CO)O1,9.88185,-0.3527714483183365,-0.3686056056351301,0.25374123696378875,-0.6223468425989189,0.33391622080080846
correct_CP,COC(=O)C[C@@H]1C[C@H]2c3cc(NC(=O)C4CCOCC4)ccc3O[C@H]2[C@H](CO)O1,10.1389,-0.2803995294579056,-0.2881156423146732,-0.027671269547927944,-0.26044437276674526,-0.13018522720664968
correct_CP,COC(=O)C[C@@H]1C[C@H]2c3cc(NC(=O)CC4CC4)ccc3O[C@H]2[C@H](CO)O1,10.1405,-0.2128000889523751,-0.21610242774657384,0.06401787307050893,-0.2801203008170828,0.012314460813087624
correct_CP,COC(=O)C[C@@H]1C[C@H]2c3cc(NC(=O)Cc4ccncc4)ccc3O[C@H]2[C@H](CO)O1,10.0587,0.392080269293199,0.4142558262836225,-0.04420886474498015,0.45846469102860266,0.126127955828844
correct_CP,COC(=O)C[C@@H]1C[C@H]2c3cc(NC(=O)c4ccc5c(c4)OCO5)ccc3O[C@H]2[C@@H](CO)O1,9.95348,0.33018760275041587,0.34303879844831836,-0.017680986538611262,0.36071978498692964,-0.11176666276418486
correct_CP,COC(=O)C[C@H]1C(C)(C)C(=O)[C@@H]2CC3=C4CC(=O)O[C@@H](c5ccoc5)[C@]4(C)CCC3[C@@]1(C)C2=O,10.0,0.369687172127562,0.38806070145636795,0.3091814493821978,0.07887925207417013,0.11487958267797427
correct_CP,COC(=O)C[C@H]1C=C[C@H](NC(=O)Nc2ccc(C(F)(F)F)cc2)[C@@H](CO)O1,10.0604,0.26369179952131405,0.27007196687762397,-0.09249724694840211,0.3625692138260261,0.07025628386511559
correct_CP,COC(=O)C[C@H]1C=C[C@H](NS(=O)(=O)c2ccc(OC)cc2)[C@H](CO)O1,10.0709,-0.003455963462729089,-0.003455977221805567,0.011056232372831657,-0.014512209594637223,-0.12582053418681666
correct_CP,COC(=O)C[C@H]1C=C[C@H](NS(=O)(=O)c2ccccc2F)[C@@H](CO)O1,9.97727,0.2480559035313881,0.253340180519156,-0.15633413671821428,0.4096743172373703,0.4495187667529641
correct_CP,COC(=O)C[C@H]1CC[C@@H](NC(=O)c2ccccc2)[C@H](CO)O1,10.0481,0.33789449620466455,0.3517137355917137,0.05698081259372681,0.2947329229979869,0.40797837772549317
correct_CP,COC(=O)C[C@H]1CC[C@@H]2[C@@H](COc3ccc(NC(=O)Cc4cccs4)cc3C(=O)N2C)O1,10.0776,0.22684138412288302,0.2308569711697714,-0.0018515572347325825,0.23270852840450398,0.12707176552838048
correct_CP,COC(=O)C[C@H]1CC[C@@H]2[C@@H](COc3ccc(NC(=O)c4ccccc4F)cc3C(=O)N2C)O1,9.94185,0.0664375376340095,0.06653554790934663,-0.002409931412731027,0.06894547932207765,-0.00424621461252602
correct_CP,COC(=O)C[C@H]1CC[C@@H]2[C@@H](COc3ccc(NS(=O)(=O)c4ccc(F)cc4)cc3C(=O)N2C)O1,9.97159,0.11433763438609391,0.11483982835361325,0.010441661227072647,0.10439816712654061,0.12060935984377001
correct_CP,COC(=O)C[C@H]1CC[C@@H]2[C@H](COc3ccc(NC(=O)c4cccc(Cl)c4)cc3C(=O)N2C)O1,9.9519,0.24646910179391732,0.2516500456068763,-0.02727283015224466,0.278922875759121,-0.1075555873409842
correct_CP,COC(=O)C[C@H]1CC[C@H]2NC[C@@H](O)COC[C@@H]2O1,10.062,-0.31734095880631513,-0.32868751572398885,-0.04623311442435321,-0.2824544012996356,-0.5042948597382549
correct_CP,COC(=O)C[C@H]1C[C@@H]2c3cc(NC(=O)Cc4ccncc4)ccc3O[C@@H]2[C@@H](CO)O1,10.145,0.1684988838722145,0.17012127892999818,0.03730675449537804,0.13281452443462013,-0.17840692959596097
correct_CP,COC(=O)C[C@H]1C[C@@H]2c3cc(NC(=O)Nc4ccc(C(F)(F)F)cc4)ccc3O[C@@H]2[C@H](CO)O1,10.1672,0.25518561113934835,0.26095184654142434,0.035978812280141305,0.22497303426128304,0.06126872773155239
correct_CP,COC(=O)C[C@H]1C[C@@H]2c3cc(NC(=O)c4ccc5c(c4)OCO5)ccc3O[C@@H]2[C@H](CO)O1,9.93377,-0.3073643837105111,-0.31763220702340467,-0.01620242464653194,-0.30142978237687273,-0.2791215340220215
correct_CP,COC(=O)C[C@H]1C[C@@H]2c3cc(NS(=O)(=O)c4ccc(F)cc4)ccc3O[C@@H]2[C@@H](CO)O1,10.0326,0.3465163497848181,0.3614792703286139,-0.014711011970126966,0.37619028229874085,0.07032381176634914
correct_CP,COC(=O)C[C@H]1C[C@@H]2c3cc(NS(C)(=O)=O)ccc3O[C@@H]2[C@@H](CO)O1,9.94176,0.3469394391073528,0.36196017401541913,0.010966751228396803,0.35099342278702234,0.7213274119542618
correct_CP,COC(=O)C[C@H]1C[C@H]2c3cc(NC(=O)c4ccc5c(c4)OCO5)ccc3O[C@H]2[C@H](CO)O1,10.0851,0.13753413608123882,0.13841129502974625,0.01124804625414102,0.12716324877560523,-0.07353406309118816
correct_CP,COC(=O)N(C)C[C@H]1OCc2ccccc2-c2ccccc2C(=O)N([C@H](C)CO)C[C@H]1C,10.1978,-0.02469779276537171,-0.024702816331909797,0.006536886005191029,-0.031239702337100828,0.07472027899511535
correct_CP,COC(=O)N(C)c1ccc(C(O)(C(=O)OC)C(F)(F)F)cc1,10.0,0.24294230311561787,0.24789860232112415,-0.04045422102835364,0.28835282334947776,0.019527357105442324
correct_CP,COC(=O)NN=Cc1cc(N=Nc2ccccc2Cl)ccc1O,10.0,0.2539396088596091,0.25961950551526547,0.18104095901913658,0.07857854649612889,0.07341389276624555
correct_CP,COC(=O)Nc1nc2ccc(C(=O)c3ccccc3)cc2[nH]1,10.0,0.2640853711867274,0.27049499719049386,0.027082674161679185,0.24341232302881466,0.3788820362030888
correct_CP,COC(=O)[C@@H]1[C@@H](CO)[C@@H]2Cn3c(ccc(-c4ccccc4OC)c3=O)[C@H]1N2Cc1ccccc1,9.96855,-0.406815882395325,-0.4317896772308306,0.050937815456069,-0.48272749268689963,-0.23524388711194022
correct_CP,COC(=O)[C@@H]1[C@@H](CO)[C@@H]2Cn3c(ccc(C4=CCCC4)c3=O)[C@@H]2N1C(=O)Cc1cccnc1,9.99078,-0.46201526688727323,-0.49987045003865055,-0.017906570242921003,-0.4819638797957295,0.09385377714107718
correct_CP,COC(=O)[C@@H]1[C@@H](CO)[C@@H]2Cn3c(cccc3=O)[C@@H]2N1CC1CCOCC1,10.0441,0.056556739719257024,0.05661715773355941,0.012850102863022177,0.04376705487053723,0.32735463010027377
correct_CP,COC(=O)[C@H](NC(=O)c1cc(-c2ccccc2)nc2ccccc12)c1ccccc1,10.0,0.4418466652779229,0.47452312969548666,0.01684999426415526,0.45767313543133137,0.5049502188480953
correct_CP,COC(=O)[C@H]1[C@H](CO)[C@H]2Cn3c(ccc(-c4ccc(F)cc4)c3=O)[C@H]2N1C(=O)C1CCC1,10.0662,-0.1208740831913934,-0.12146797691961982,0.016371201458900676,-0.1378391783785205,-0.11067725278064333
correct_CP,COC(=O)[C@H]1[C@H](CO)[C@H]2Cn3c(ccc(-c4ccccc4F)c3=O)[C@@H]1N2CC1CCCC1,10.0659,0.039510886516200217,0.03953146607785506,0.012654719941064495,0.02687674613679056,0.21527264606332558
correct_CP,COC(=O)[C@H]1[C@H](CO)[C@H]2Cn3c(ccc(-c4cccnc4)c3=O)[C@H]2N1Cc1cccc(F)c1,10.0371,0.040107030615630423,0.04012855643592571,0.03167054622360698,0.008458010212318727,0.06602794542226148
correct_CP,COC(=O)[C@H]1[C@H](CO)[C@H]2Cn3c(ccc(C4=CCCCC4)c3=O)[C@H]2N1Cc1ccc2c(c1)OCO2,9.96294,0.03100279210112226,0.031012730850251472,-0.04216014355145836,0.07317287440170983,0.19494739003707623
correct_CP,COC(=O)c1[nH]nc2ccccc12,10.0,0.17223885685709647,0.17397305692384016,0.09583341945716743,0.07813963746667273,-0.12868946615383964
correct_CP,COC(=O)c1c(C)cc(OC)cc1O,10.0,0.5054265424850705,0.5565679324307571,-0.03815998961056698,0.5947279220413241,0.048898444512051026
correct_CP,COC(=O)c1cc(-c2ccc(Br)cc2)[nH]n1,10.0,0.5428675289530804,0.6082123879368203,-0.0964714192931659,0.7046838072299862,-0.09177119617195183
correct_CP,COC(=O)c1cc(S(=O)(=O)NCCc2ccccc2)c[nH]1,10.0,0.5558338560781902,0.6267841161391394,-0.05657535079124174,0.6833594669303812,0.10161396265127667
correct_CP,COC(=O)c1cc2oc(C)cc2n1CC(=O)N1CCCc2ccccc21,10.0,0.19638055063080728,0.1989651172997342,0.10729276535778497,0.09167235194194924,0.17794255093840933
correct_CP,COC(=O)c1ccc(C(C(=O)NC2CCCCC2)N(Cc2ccccc2)C(=O)Cc2cccs2)cc1,10.0,-0.07507914201773527,-0.07522069170978223,0.12832437730848725,-0.20354506901826946,-0.0028641330527132414
correct_CP,COC(=O)c1ccc(C)c(-n2c(C)cc(C=O)c2C)c1,10.0,0.23791901057540385,0.2425670980820935,0.13698228749353172,0.10558481058856178,0.204538071688964
correct_CP,COC(=O)c1ccc(C2c3c(C)n[nH]c3C(=O)N2c2ccc(C)cc2)cc1,10.0,0.05004608557202978,0.05008793045996792,-0.04698790550613078,0.0970758359660987,0.06416038316695334
correct_CP,COC(=O)c1ccc(CN2C(=O)NC3(CCCCC3)C2=O)cc1,10.0,0.6642294918201411,0.8003448061968695,-0.023265001535535457,0.823609807732405,-0.07402730261898924
correct_CP,COC(=O)c1oc2ccc(OC)cc2c1N,10.0,0.38077463242950427,0.4009653293891143,-0.15503568435022716,0.5560010137393414,0.2641709173980742
correct_CP,COC(C[C@@H](O)C[C@@H](O)COCc1ccccc1)OC,10.0,0.17173925256599124,0.17345822373401013,0.13270541048063628,0.04075281325337385,0.14038999747402142
correct_CP,COC1(C[S@@](=O)c2ccccc2)CCN(CCc2c[nH]c3ccc(F)cc23)CC1,10.0,-0.23896701999429493,-0.243678284193042,0.04348813622118842,-0.2871664204142304,-0.10401896918801712
correct_CP,COCC#Cc1ccc([C@@H]2[C@H](C#N)N(C(=O)Cc3ccccc3)[C@H]2CO)cc1,9.78695,0.19244847877118254,0.19487858050180215,0.12066416629479415,0.074214414207008,-0.03741182748046726
correct_CP,COCC#Cc1ccc2c(c1)O[C@@H](CN(C)C(=O)c1ccccc1F)[C@@H](C)CN([C@H](C)CO)S2(=O)=O,10.0758,0.029675866852594046,0.029684582879240955,-0.01921282099125927,0.048897403870500226,-0.028932868139130433
correct_CP,COCC#Cc1ccc2c(c1)O[C@@H](CN(C)Cc1ccc3c(c1)OCO3)[C@H](C)CN([C@@H](C)CO)S2(=O)=O,10.0569,-0.009795625296594604,-0.009795938625341618,0.02687831618665242,-0.03667425481199404,-0.146736599474786
correct_CP,COCC#Cc1ccc2c(c1)O[C@@H](CN(C)Cc1ccc3c(c1)OCO3)[C@H](C)CN([C@H](C)CO)S2(=O)=O,10.0088,-0.1172181448540783,-0.11775947744391017,-0.04133351600698954,-0.07642596143692063,0.06942205174176361
correct_CP,COCC#Cc1ccc2c(c1)O[C@H](CN(C)Cc1ccccn1)[C@@H](C)CN([C@@H](C)CO)S2(=O)=O,9.95286,-0.020301599522864765,-0.020304389347667304,0.010783495522409172,-0.031087884870076476,-0.0617000158385808
correct_CP,COCC#Cc1ccc2c(c1)O[C@H](CN(C)S(=O)(=O)c1ccc(OC)cc1)[C@@H](C)CN([C@H](C)CO)S2(=O)=O,10.0813,0.6879968227238208,0.8441422107731926,0.15219101295104812,0.6919511978221445,0.2369660467806117
correct_CP,COCC#Cc1cnc2c(c1)C(=O)N([C@@H](C)CO)C[C@@H](C)[C@@H](CN(C)S(C)(=O)=O)O2,10.0789,0.09850868144282365,0.09882919109579132,0.0118732383039868,0.08695595279180451,0.10833835460001617
correct_CP,COCC#Cc1cnc2c(c1)C(=O)N([C@@H](C)CO)C[C@@H](C)[C@H](CN(C)C(=O)C1CCCCC1)O2,9.99496,0.3256822391857623,0.33799052418928077,0.019099388166656302,0.3188911360226245,-0.005632563669213053
correct_CP,COCC#Cc1cnc2c(c1)C(=O)N([C@@H](C)CO)C[C@H](C)[C@@H](CN(C)Cc1ccc3c(c1)OCO3)O2,10.0292,-0.12031629733721458,-0.12090195934312928,0.02876534150198894,-0.14966730084511823,-0.21627282309954876
correct_CP,COCC#Cc1cnc2c(c1)C(=O)N([C@H](C)CO)C[C@@H](C)[C@@H](CN(C)C(=O)CN1CCOCC1)O2,10.0948,-0.06517550820958593,-0.065268029326493,0.025307147226627726,-0.09057517655312072,0.11617945387857123
correct_CP,COCC#Cc1cnc2c(c1)C(=O)N([C@H](C)CO)C[C@@H](C)[C@H](CN(C)S(C)(=O)=O)O2,10.019,-0.16523852534653577,-0.16676753144235346,0.018469501886263992,-0.18523703332861746,-0.06407130135966843
correct_CP,COCC#Cc1cnc2c(c1)C(=O)N([C@H](C)CO)C[C@H](C)[C@H](CN(C)C(=O)Nc1cc(F)ccc1F)O2,10.0713,0.2493757306893212,0.2547470353529127,0.17575465396995227,0.07899238138296044,-0.13258277574425104
correct_CP,COCC#Cc1cnc2c(c1)C(=O)N([C@H](C)CO)C[C@H](C)[C@H](CN(C)Cc1ccc3c(c1)OCO3)O2,10.0679,0.4525858258633511,0.4879474427598354,-0.03375212968293165,0.5216995724427671,0.05605498268608944
correct_CP,COCC(=O)N(C)C[C@H]1Oc2cc(-c3ccc(C#N)cc3)ccc2S(=O)(=O)N([C@@H](C)CO)C[C@@H]1C,9.9934,0.022956724092436577,0.022960758184879564,0.030021491427319847,-0.007060733242440283,-0.12904014683200937
correct_CP,COCC(=O)N(C)C[C@H]1Oc2cc(-c3ccccc3F)ccc2S(=O)(=O)N([C@@H](C)CO)C[C@@H]1C,10.0918,0.13407918881241462,0.13489142545957794,-0.026710729495881144,0.1616021549554591,0.17679238471690145
correct_CP,COCC(=O)N(C)C[C@H]1Oc2cc(-c3ccccc3F)ccc2S(=O)(=O)N([C@@H](C)CO)C[C@H]1C,10.0192,-0.24952687459987308,-0.25490820841088496,0.002498256922459397,-0.2574064653333444,0.12614227249348506
correct_CP,COCC(=O)N(C)C[C@H]1Oc2cc(C#Cc3cccnc3)ccc2S(=O)(=O)N([C@H](C)CO)C[C@H]1C,10.0221,-0.11960596747824231,-0.120181258075604,0.01393345905363463,-0.13411471712923861,-0.1548726803767862
correct_CP,COCC(=O)N(C)C[C@H]1Oc2ncc(-c3ccc(C#N)cc3)cc2C(=O)N([C@@H](C)CO)C[C@H]1C,10.0531,0.1794263295173658,0.1813898720079117,-0.0010485190528867023,0.1824383910607984,0.10184611351753715
correct_CP,COCC(=O)N(C)c1nnc(-c2ccccn2)s1,10.0,0.3397631246620061,0.35382471601036514,0.09133987001218796,0.2624848459981772,-0.02167677156674866
correct_CP,COCC(=O)N1C[C@@H](C)[C@@H](OC)CN(C)C(=O)c2cc(NC(=O)C3CCC3)ccc2OC[C@H]1C,10.0751,-0.15300411373685135,-0.15421512515481992,0.004590041157364468,-0.1588051663121844,0.15159232685437124
correct_CP,COCC(=O)N1C[C@@H](C)[C@@H](OC)CN(C)C(=O)c2cc(NC(=O)c3cc(C)on3)ccc2OC[C@@H]1C,10.0372,0.1139586349970332,0.11445582548036042,-0.0022865486181017835,0.11674237409846219,-0.00842144172119599
correct_CP,COCC(=O)N1C[C@@H](C)[C@@H](OC)CN(C)C(=O)c2ccc(NC(=O)c3ccccc3)cc2OC[C@@H]1C,9.98459,0.3584747077371271,0.37513460043694646,0.041224539946039584,0.3339100604909069,0.22580876221756846
correct_CP,COCC(=O)N1C[C@@H](C)[C@@H](OC)CN(C)C(=O)c2ccc(NS(C)(=O)=O)cc2OC[C@H]1C,9.92194,-0.06668585408834293,-0.06678496941683591,0.01482234717336827,-0.08160731659020418,-0.06557329180933974
correct_CP,COCC(=O)N1C[C@@H](C)[C@H](OC)CN(C)C(=O)c2cc(NC(=O)c3cc(C)on3)ccc2OC[C@H]1C,9.87256,0.15572738460016572,0.1570048742404086,0.046323532763068,0.1106813414773406,-0.11078418424107314
correct_CP,COCC(=O)N1C[C@@H](C)[C@H](OC)CN(C)C(=O)c2ccc(NC(=O)NC(C)C)cc2OC[C@H]1C,10.0464,0.39229282188077297,0.4145070141506293,-0.07576607558807869,0.490273089738708,0.19266266654528974
correct_CP,COCC(=O)N1C[C@@H](C)[C@H](OC)CN(C)C(=O)c2ccc(NC(=O)c3ccc(OC)cc3)cc2OC[C@@H]1C,10.0648,0.22403130174616742,0.22789642699971302,-0.05054639133371269,0.2784428183334257,0.3125659458322621
correct_CP,COCC(=O)N1C[C@H](C)[C@@H](OC)CN(C)C(=O)c2ccc(NS(C)(=O)=O)cc2OC[C@@H]1C,9.91089,0.08721006475551984,0.08743217402620071,-0.005666011177849173,0.09309818520404989,0.06728321190895721
correct_CP,COCC(=O)N1C[C@H](C)[C@H](OC)CN(C)C(=O)c2cc(NC(=O)C3CCC3)ccc2OC[C@@H]1C,10.063,0.23578755618376956,0.2403089623996091,0.0383037658725458,0.2020051965270633,-0.20027120825059475
correct_CP,COCC(=O)N1C[C@H](C)[C@H](OC)CN(C)C(=O)c2cc(NC(=O)c3ccc(F)cc3)ccc2OC[C@H]1C,10.0228,0.2687162000078401,0.2754795911789866,-0.012317893270624707,0.28779748444961134,0.09688580126066718
correct_CP,COCC(=O)N1C[C@H](C)[C@H](OC)CN(C)C(=O)c2ccc(NC(=O)Nc3ccccc3)cc2OC[C@@H]1C,9.98898,0.08860056505955319,0.08883350311553108,0.004954491191509345,0.08387901192402174,-0.16316862290368828
correct_CP,COCC(=O)N1C[C@H](C)[C@H](OC)CN(C)C(=O)c2ccc(NC(=O)c3ccc(OC)cc3)cc2OC[C@H]1C,10.1159,0.24144840814491203,0.2463116166387745,-0.05892668309751077,0.30523829973628525,-0.0835265249715967
correct_CP,COCC(=O)N1C[C@H](C)[C@H](OC)CN(C)C(=O)c2ccc(NC(=O)c3ccccc3)cc2OC[C@@H]1C,10.0663,0.4773465295968055,0.5195421041187456,-0.04834263695873504,0.5678847410774807,0.35728840681888796
correct_CP,COCC(=O)N1C[C@H](C)[C@H](OC)CN(C)C(=O)c2ccc(NC(=O)c3ccccc3)cc2OC[C@H]1C,10.1855,0.4135241576253832,0.43985489492926916,0.02363640006158412,0.41621849486768503,0.1695613230724568
correct_CP,COCC(=O)N1[C@@H](C#N)[C@H](c2ccc(C#CCC3CCCC3)cc2)[C@@H]1CO,9.48304,0.16200114716392638,0.1634410965466088,0.24607605031360905,-0.08263495376700025,-0.10057651211955071
correct_CP,COCC(=O)N1[C@H](C#N)[C@@H](c2ccc(-c3cccnc3)cc2)[C@@H]1CO,9.80567,-0.027321776946100808,-0.027328578374727224,0.01893668054318631,-0.04626525891791353,-0.016304504275960568
correct_CP,COCC(=O)N1[C@H](C(=O)Nc2ccccc2)[C@@H](CO)[C@@H]2Cn3c(ccc(-c4cccnc4)c3=O)[C@@H]21,10.1009,0.6113505885120615,0.7110751498718455,0.05959760705430824,0.6514775428175372,0.3412379247493626
correct_CP,COCC(=O)N1[C@H](CO)[C@H](c2ccc(C#CCC3CCCC3)cc2)[C@@H]1C#N,10.0977,-0.22267159630007677,-0.22646532975609301,0.035720849452363666,-0.26218617920845666,0.18887831895375115
correct_CP,COCC(=O)N[C@@H]1C=C[C@@H](CC(=O)NCc2ccc(Cl)cc2)O[C@@H]1CO,10.0386,0.7576273707239073,0.9906218807201915,-0.11030620633254154,1.1009280870527332,-0.23110745506238137
correct_CP,COCC(=O)N[C@@H]1C=C[C@H](CC(=O)N2CCCCC2)O[C@@H]1CO,10.0359,-0.1578093935629296,-0.15913934141695474,0.13387140902739905,-0.29301075044435376,-0.040311769543623296
correct_CP,COCC(=O)N[C@@H]1C=C[C@H](CC(=O)N2CCCCC2)O[C@H]1CO,10.0688,0.419896778850224,0.44756670089845135,0.08155261503140397,0.36601408586704737,-0.16444634926197738
correct_CP,COCC(=O)N[C@@H]1C=C[C@H](CC(=O)NCc2ccc(Cl)cc2)O[C@H]1CO,10.0907,0.26126456488867916,0.2674651333198359,-0.01893007195893972,0.2863952052787756,0.04855603391977615
correct_CP,COCC(=O)N[C@@H]1CC[C@H](CC(=O)NCc2ccccc2OC)O[C@@H]1CO,9.99335,0.17449279767101256,0.17629684184945169,0.048782535461244766,0.12751430638820693,-0.019563530249717024
correct_CP,COCC(=O)N[C@H]1CC[C@@H](CC(=O)N2CCCCC2)O[C@H]1CO,10.0646,0.12240567602003707,0.12302257226786423,-0.04565745155325905,0.1686800238211233,0.25410346810496715
correct_CP,COCC(=O)N[C@H]1CC[C@@H](CC(=O)NCc2ccccc2OC)O[C@H]1CO,9.9722,0.18953207306152062,0.19185176220680844,-0.012762555970393323,0.20461431817720177,0.058683667134821454
correct_CP,COCC(=O)N[C@H]1CC[C@H](CC(=O)N2CCCCC2)O[C@H]1CO,10.0346,-0.045753394221368766,-0.045785360689600846,-0.02919735297890825,-0.016588007710692597,0.018215578119408316
correct_CP,COCC(=O)N[C@H]1CC[C@H](CC(=O)NCc2ccccc2OC)O[C@H]1CO,9.99713,0.07954193413459829,0.07971032563702204,-0.0012612670078556536,0.0809715926448777,0.0674525552602295
correct_CP,COCC(=O)Nc1ccc2c(c1)C(=O)N(C)C[C@@H](OC)[C@@H](C)CN(C)[C@H](C)CO2,10.0369,-0.47498945873565523,-0.5164938905698424,-0.04864763981049312,-0.46784625075934927,0.18184287315024866
correct_CP,COCC(=O)Nc1ccc2c(c1)C(=O)N(C)C[C@@H](OC)[C@@H](C)CN(Cc1cc(F)ccc1F)[C@H](C)CO2,9.99616,-0.3585868323288483,-0.3752632639979467,-0.004195323189919484,-0.3710679408080272,-0.054563336878327984
correct_CP,COCC(=O)Nc1ccc2c(c1)C(=O)N(C)C[C@@H](OC)[C@@H](C)CN(Cc1ccccn1)[C@@H](C)CO2,9.94104,0.3162378511311207,0.3274613559595033,0.02764321560943271,0.2998181403500706,-0.08019437767469129
correct_CP,COCC(=O)Nc1ccc2c(c1)C(=O)N(C)C[C@@H](OC)[C@H](C)CN(C(=O)c1cnccn1)[C@@H](C)CO2,9.95553,0.3915362591089867,0.41361315761695233,0.021196751771385892,0.3924164058455664,0.09915800222071319
correct_CP,COCC(=O)Nc1ccc2c(c1)C(=O)N(C)C[C@@H](OC)[C@H](C)CN(C(=O)c1cnccn1)[C@H](C)CO2,10.0152,0.4541315525985398,0.48989306122576626,0.08758756091561498,0.4023055003101513,0.19983292935808217
correct_CP,COCC(=O)Nc1ccc2c(c1)C(=O)N(C)C[C@@H](OC)[C@H](C)CN(C)[C@H](C)CO2,10.0562,-0.0709683925395999,-0.07108789828771997,-0.023451946150434576,-0.047635952137285394,-0.03824302633498419
correct_CP,COCC(=O)Nc1ccc2c(c1)C(=O)N(C)C[C@@H](OC)[C@H](C)CN(Cc1cc(F)ccc1F)[C@@H](C)CO2,9.98975,0.18947460747805955,0.19179215607684008,-0.010116043861723871,0.20190819993856396,-0.2940610152152925
correct_CP,COCC(=O)Nc1ccc2c(c1)C(=O)N(C)C[C@@H](OC)[C@H](C)CN(Cc1ccccn1)[C@@H](C)CO2,10.0488,0.011793997026155922,0.011794543913703751,-0.007560679655732783,0.019355223569436534,0.0504329818944489
correct_CP,COCC(=O)Nc1ccc2c(c1)C(=O)N(C)C[C@@H](OC)[C@H](C)CN(Cc1cncnc1)[C@H](C)CO2,9.9888,0.021565152030599423,0.02156849596326608,-0.03734684411440305,0.05891534007766913,-0.19250141557742995
correct_CP,COCC(=O)Nc1ccc2c(c1)C(=O)N(C)C[C@@H](OC)[C@H](C)CN[C@@H](C)CO2,10.0124,-0.05884975001276098,-0.05891782951367128,-4.376278966404003e-05,-0.05887406672400724,0.023828874995560002
correct_CP,COCC(=O)Nc1ccc2c(c1)C(=O)N(C)C[C@H](OC)[C@@H](C)CN(C(=O)Cc1cccnc1)[C@H](C)CO2,9.98412,0.18067541766661788,0.18268081039755163,-0.009142206659995187,0.1918230170575468,0.2068281920889771
correct_CP,COCC(=O)Nc1ccc2c(c1)C(=O)N(C)C[C@H](OC)[C@@H](C)CN(Cc1cc(F)ccc1F)[C@@H](C)CO2,10.1286,-0.24058918206835353,-0.24539939975936104,-0.0345716280315635,-0.21082777172779754,0.21356349994861307
correct_CP,COCC(=O)Nc1ccc2c(c1)C(=O)N(C)C[C@H](OC)[C@@H](C)CN(Cc1ccccc1OC)[C@@H](C)CO2,9.99621,0.16640749528063323,0.16796955386480839,-0.011394843319456742,0.17936439718426514,-0.06269814566158705
correct_CP,COCC(=O)Nc1ccc2c(c1)C(=O)N(C)C[C@H](OC)[C@H](C)CN(Cc1ccccn1)[C@@H](C)CO2,10.0676,0.129309176555803,0.13003721504127932,0.02638241363427456,0.10365480140700477,-0.09436755883176644
correct_CP,COCC(=O)Nc1ccc2c(c1)OC[C@@H](C)N(C(=O)CC1CC1)C[C@@H](C)[C@@H](OC)CN(C)C2=O,9.9433,0.5852591728519022,0.6704246883469237,0.03741574952403782,0.6330089388228859,-0.07872417980671281
correct_CP,COCC(=O)Nc1ccc2c(c1)OC[C@@H](C)N(C(=O)CC1CC1)C[C@H](C)[C@@H](OC)CN(C)C2=O,10.0782,0.2522696492057203,0.25783524192233687,0.06442470265526326,0.1934105392670736,0.20846333334667147
correct_CP,COCC(=O)Nc1ccc2c(c1)OC[C@@H](C)N(C(=O)Cc1ccccn1)C[C@@H](C)[C@H](OC)CN(C)C2=O,10.0375,0.08918508910532713,0.08942268283831477,0.04497136116053749,0.04445132167777728,-0.08655176849660615
correct_CP,COCC(=O)Nc1ccc2c(c1)OC[C@@H](C)N(C(=O)Cc1ccccn1)C[C@H](C)[C@@H](OC)CN(C)C2=O,10.0815,0.10479071767567563,0.10517683715331606,0.00573010643069948,0.09944673072261659,0.11519409506862219
correct_CP,COCC(=O)Nc1ccc2c(c1)OC[C@@H](C)N(C(=O)c1ccccn1)C[C@@H](C)[C@H](OC)CN(C)C2=O,9.99147,-0.17786911835165814,-0.17978132363816512,-0.013610800603628811,-0.1661705230345363,0.04324152001395422
correct_CP,COCC(=O)Nc1ccc2c(c1)OC[C@@H](C)N(C(=O)c1cccnc1)C[C@H](C)[C@@H](OC)CN(C)C2=O,9.9565,0.0025736846497853806,0.0025736903323772837,0.04878646526231466,-0.046212774929937375,-0.20567116874342734
correct_CP,COCC(=O)Nc1ccc2c(c1)OC[C@@H](C)N(C)C[C@H](C)[C@H](OC)CN(C)C2=O,9.94938,-0.04967909297343082,-0.049720023137386646,0.0317346203213681,-0.08145464345875475,0.021772301692811746
correct_CP,COCC(=O)Nc1ccc2c(c1)OC[C@@H](C)N(CC1CC1)C[C@@H](C)[C@@H](OC)CN(C)C2=O,10.1038,0.2046652354062089,0.20759694041273585,-0.08402136718091151,0.2916183075936474,0.08721462037886468
correct_CP,COCC(=O)Nc1ccc2c(c1)OC[C@@H](C)N(CC1CC1)C[C@H](C)[C@H](OC)CN(C)C2=O,10.0252,0.20069755624739719,0.2034592808840466,0.02059863427268553,0.1828606466113611,0.04696195612476636
correct_CP,COCC(=O)Nc1ccc2c(c1)OC[C@@H](C)N(Cc1ccccc1)C[C@H](C)[C@@H](OC)CN(C)C2=O,10.0559,0.4890823638979096,0.5348534753229525,0.05902330080115409,0.4758301745217984,0.16568897845753036
correct_CP,COCC(=O)Nc1ccc2c(c1)OC[C@@H](C)N(Cc1ccccc1F)C[C@H](C)[C@H](OC)CN(C)C2=O,10.0687,0.08652297275920175,0.08673985792849,0.000503979969917509,0.08623587795857249,0.007583561137445901
correct_CP,COCC(=O)Nc1ccc2c(c1)OC[C@@H](C)N(Cc1ccncc1)C[C@H](C)[C@H](OC)CN(C)C2=O,10.0102,0.1262705304038817,0.12694812068179845,0.034492914490319,0.09245520619147946,0.19430063329140834
correct_CP,COCC(=O)Nc1ccc2c(c1)OC[C@H](C)N(C(=O)Cc1ccccn1)C[C@@H](C)[C@H](OC)CN(C)C2=O,9.95078,0.27786398090080566,0.28536584239991974,0.1014457916366652,0.18392005076325454,-0.11755015976959565
correct_CP,COCC(=O)Nc1ccc2c(c1)OC[C@H](C)N(C(=O)NC(C)C)C[C@H](C)[C@H](OC)CN(C)C2=O,9.81135,-0.20530621252427944,-0.20826603222496823,0.002902998157928653,-0.2111690303828969,0.11473112446712752
correct_CP,COCC(=O)Nc1ccc2c(c1)OC[C@H](C)N(C(=O)c1ccccn1)C[C@H](C)[C@H](OC)CN(C)C2=O,10.0428,-0.10462172381510901,-0.10500597000872544,0.05015047920475592,-0.15515644921348137,-0.008623175773852292
correct_CP,COCC(=O)Nc1ccc2c(c1)OC[C@H](C)N(C)C[C@@H](C)[C@@H](OC)CN(C)C2=O,10.1097,0.3431860597453686,0.35769947245049843,0.05841698296885602,0.29928248948164243,0.21416666752285837
correct_CP,COCC(=O)Nc1ccc2c(c1)OC[C@H](C)N(CC1CC1)C[C@@H](C)[C@H](OC)CN(C)C2=O,9.91797,-0.018941086192504224,-0.018943351811545335,0.044733165997840926,-0.06367651780938627,-0.00677166175506571
correct_CP,COCC(=O)Nc1ccc2c(c1)OC[C@H](C)N(CCC(F)(F)F)C[C@@H](C)[C@@H](OC)CN(C)C2=O,10.076,0.035298416500107316,0.0353130878223306,0.044527723734465924,-0.009214635912135324,0.16185746687210575
correct_CP,COCC(=O)Nc1ccc2c(c1)OC[C@H](C)N(CCC(F)(F)F)C[C@@H](C)[C@H](OC)CN(C)C2=O,10.0098,0.3740915656197611,0.3931720113815619,0.03318217508465705,0.35998983629690484,0.0508805231666133
correct_CP,COCC(=O)Nc1ccc2c(c1)OC[C@H](C)N(Cc1ccccc1)C[C@H](C)[C@@H](OC)CN(C)C2=O,10.0197,-0.10447662568644052,-0.10485926835294732,0.014626261265869262,-0.11948552961881657,-0.006452364500320844
correct_CP,COCC(=O)Nc1ccc2c(c1)OC[C@H](C)N(Cc1ccccc1)C[C@H](C)[C@H](OC)CN(C)C2=O,10.0072,0.3019846780376311,0.31170200046104257,0.1286514677580133,0.18305053270302926,0.07666532592859734
correct_CP,COCC(=O)Nc1ccc2c(c1)OC[C@H](C)N(Cc1cccnc1)C[C@H](C)[C@H](OC)CN(C)C2=O,10.0102,0.500526573128103,0.5500084885106842,0.04279517688902425,0.50721331162166,-0.12824213823577557
correct_CP,COCC(=O)Nc1ccc2c(c1)[C@@H]1C[C@@H](CC(=O)NCCc3ccccc3)O[C@@H](CO)[C@@H]1O2,10.0838,-0.3423498315582338,-0.3567519158863514,-0.012330921985050244,-0.34442099390130115,0.0156852869389897
correct_CP,COCC(=O)Nc1ccc2c(c1)[C@@H]1C[C@@H](CC(=O)N[C@H](C)c3ccccc3)O[C@H](CO)[C@@H]1O2,9.95508,0.48815125884196775,0.5336303543539126,-0.022052538577708492,0.5556828929316211,-0.11548253661004225
correct_CP,COCC(=O)Nc1ccc2c(c1)[C@@H]1C[C@H](CC(=O)NCc3cccnc3)O[C@@H](CO)[C@@H]1O2,10.1451,0.2950817496100907,0.3041236300291212,0.00676263623878389,0.2973609937903373,-0.18440559005961618
correct_CP,COCC(=O)Nc1ccc2c(c1)[C@@H]1C[C@H](CC(=O)NCc3cccnc3)O[C@H](CO)[C@@H]1O2,10.0482,-0.006661165111919749,-0.006661263635663007,-0.022509457358580814,0.015848193722917805,0.2328632615295349
correct_CP,COCC(=O)Nc1ccc2c(c1)[C@@H]1C[C@H](CC(=O)N[C@H](C)c3ccccc3)O[C@@H](CO)[C@@H]1O2,9.98931,-0.22339398009100828,-0.22722552863464912,0.19547936963411178,-0.4227048982687609,-0.27729171316647816
correct_CP,COCC(=O)Nc1ccc2c(c1)[C@H]1C[C@@H](CC(=O)NCCc3ccccc3)O[C@H](CO)[C@H]1O2,10.1754,0.2983658440952405,0.3077247934785809,-0.01511919117537995,0.32284398465396086,0.16895565581803507
correct_CP,COCC(=O)Nc1ccc2c(c1)[C@H]1C[C@@H](CC(=O)NCc3ccccn3)O[C@H](CO)[C@H]1O2,9.81743,-0.04109495817283979,-0.04111811530330821,-0.10612248901527668,0.06500437371196847,0.2914268257765803
correct_CP,COCC(=O)Nc1ccc2c(c1)[C@H]1C[C@H](CC(=O)NCc3ccc(-c4ccccc4)cc3)O[C@@H](CO)[C@H]1O2,10.0462,0.14309491044901132,0.14408376573053278,0.0684741690571012,0.07560959667343158,-0.15992259541925696
correct_CP,COCC(=O)Nc1ccc2c(c1)[C@H]1C[C@H](CC(=O)NCc3ccccn3)O[C@H](CO)[C@H]1O2,10.0458,0.4365397013498923,0.46794781976027067,0.022816577053931465,0.4451312427063392,0.06980518352172359
correct_CP,COCC(=O)Nc1ccc2c(c1)[C@H]1C[C@H](CC(=O)N[C@@H](C)c3ccccc3)O[C@@H](CO)[C@H]1O2,10.0617,-0.3174831099903455,-0.32884559328593566,0.008509341077085121,-0.3373549343630208,-0.5874649970867976
correct_CP,COCC(=O)O[C@]1(CCN(C)CCCc2nc3ccccc3[nH]2)CCc2cc(F)ccc2[C@@H]1C(C)C,10.0,0.11629697718765863,0.11682557849090326,-0.013151335625340047,0.12997691411624332,0.1906880363256358
correct_CP,COCCCCC(=NOCCN)c1ccc(C(F)(F)F)cc1,10.0,0.2842930798136815,0.29234647984821527,-0.0007133085599878002,0.29305978840820307,-0.17618478623288303
correct_CP,COCCCNS(=O)(=O)c1ccc2c(c1)CCN2C(C)=O,10.0,0.28283134656898945,0.29075693483517084,0.058864627654090125,0.23189230718108073,0.035950913977316666
correct_CP,COCCCn1c(-c2ccsc2)nc2c1c(=O)[nH]c(=O)n2Cc1ccccc1,10.0,0.31001173960530404,0.3205583970799866,0.03590956643767529,0.28464883064231133,0.15332799349955523
correct_CP,COCCN(C(=O)CN1CCc2ccccc2C1)c1c(N)n(Cc2ccccc2)c(=O)[nH]c1=O,10.0,0.4718693759911344,0.512472454574603,0.007998201111163276,0.5044742534634398,0.2914228319096205
correct_CP,COCCNC(=O)C[C@@H]1C=C[C@@H](NC(=O)NC2CCCC2)[C@@H](CO)O1,9.93684,0.1627685805498313,0.16422931436817245,-0.01741375676541068,0.18164307113358313,0.009618739907807091
correct_CP,COCCNC(=O)C[C@@H]1CC[C@@H](NC(=O)NC2CCCCC2)[C@H](CO)O1,9.99732,0.05963716124622569,0.059708014168394816,0.05076076249554999,0.008947251672844825,-0.10902648868777143
correct_CP,COCCNC(=O)C[C@@H]1CC[C@@H]2[C@H](COC[C@H](O)CN2C(=O)c2cc(Cl)cc(Cl)c2)O1,10.0235,0.11484781734289877,0.11535679993078266,-0.05590518901358288,0.17126198894436553,-0.20789780958575993
correct_CP,COCCNC(=O)C[C@@H]1CC[C@H]2[C@@H](COc3ccc(NC(=O)Cc4ccccc4)cc3C(=O)N2C)O1,10.1389,0.046323452812880986,0.04635663012309612,-0.06304389274734842,0.10940052287044455,0.0320647680136627
correct_CP,COCCNC(=O)C[C@@H]1CC[C@H]2[C@H](COc3ccc(NC(=O)Cc4ccccc4)cc3C(=O)N2C)O1,9.80212,0.11424046794909529,0.11474137593226394,0.11317867202151338,0.001562703910750557,-0.10254170904790183
correct_CP,COCCNC(=O)C[C@@H]1C[C@@H]2c3cc(NC(=O)c4cccnc4)ccc3O[C@@H]2[C@H](CO)O1,10.0926,0.3038351592855166,0.31373942525293635,0.024893682014361124,0.28884574323857526,-0.167294588869348
correct_CP,COCCNC(=O)C[C@@H]1C[C@@H]2c3cc(NS(C)(=O)=O)ccc3O[C@@H]2[C@H](CO)O1,9.85907,0.020591138980205006,0.02059404990079191,-0.033565066546298115,0.054159116447090025,-0.149701050996735
correct_CP,COCCNC(=O)C[C@@H]1C[C@H]2c3cc(NC(=O)CC4CC4)ccc3O[C@H]2[C@H](CO)O1,9.9577,0.0775053810087963,0.07766113655765504,-0.07537056134605336,0.1530316979037084,0.12781385783872126
correct_CP,COCCNC(=O)C[C@@H]1C[C@H]2c3cc(NC(=O)Nc4ccc(OC)cc4)ccc3O[C@H]2[C@H](CO)O1,9.96552,-0.016038457643480258,-0.016039833057939837,-0.0376456684356429,0.02160583537770306,0.05394665687767371
correct_CP,COCCNC(=O)C[C@H]1C=C[C@@H](NC(=O)NC2CCCC2)[C@H](CO)O1,10.0003,0.17890878779893896,0.18085516565996473,-0.010694865918922524,0.19155003157888725,-0.15401200163309692
correct_CP,COCCNC(=O)C[C@H]1CC[C@@H]2[C@@H](COc3ccc(NC(=O)Cc4ccccc4)cc3C(=O)N2C)O1,10.0327,0.4446765383353217,0.4780449843995396,-0.03137984744138265,0.5094248318409222,-0.2386573781679965
correct_CP,COCCNC(=O)C[C@H]1CC[C@H]2[C@@H](COC[C@@H](O)CN2C(=O)c2cc(Cl)cc(Cl)c2)O1,10.0467,0.048334707906613726,0.048372401314262396,0.005000828200830035,0.043371573113432364,-0.22972071342462103
correct_CP,COCCNC(=O)C[C@H]1CC[C@H]2[C@@H](COC[C@@H](O)CN2S(=O)(=O)c2ccccc2F)O1,9.97416,0.43403536180693886,0.464858040426665,0.006267972072376865,0.45859006835428817,-0.1414093497283214
correct_CP,COCCNC(=O)C[C@H]1C[C@@H]2c3cc(NC(=O)CC4CC4)ccc3O[C@@H]2[C@H](CO)O1,9.85192,0.027010938611717362,0.027017510466295146,-0.03574534859426208,0.06276285906055723,-0.06605723854001146
correct_CP,COCCNC(=O)C[C@H]1C[C@@H]2c3cc(NC(=O)Nc4ccc(C(F)(F)F)cc4)ccc3O[C@@H]2[C@@H](CO)O1,10.0099,0.270876438556692,0.277809419227622,-0.08081119573652193,0.3586206149641439,0.2344703329545398
correct_CP,COCCNC(=O)C[C@H]1C[C@@H]2c3cc(NC(=O)Nc4ccc(C(F)(F)F)cc4)ccc3O[C@@H]2[C@H](CO)O1,10.1599,0.1505773832217088,0.1517311617166638,-0.07489204682098419,0.22662320853764797,0.18807355240583282
correct_CP,COCCNC(=O)C[C@H]1C[C@@H]2c3cc(NC(=O)Nc4ccc(OC)cc4)ccc3O[C@@H]2[C@@H](CO)O1,9.79264,0.18911326739696357,0.1914173871996669,0.08503254123963497,0.10638484596003192,-0.15029720501919275
correct_CP,COCCNC(=O)C[C@H]1C[C@@H]2c3cc(NC(=O)c4cccnc4)ccc3O[C@@H]2[C@@H](CO)O1,10.0693,-0.3243768529564148,-0.33653094116534654,0.004390788668439739,-0.34092172983378627,0.2713065593989321
correct_CP,COCCNC(=O)C[C@H]1C[C@H]2c3cc(NC(=O)CN(C)C)ccc3O[C@H]2[C@H](CO)O1,10.0704,0.4704506905998809,0.5106489699324465,-0.0728714079273905,0.583520377859837,0.06229620526670724
correct_CP,COCCNC(=O)[C@H]1[C@H](CO)[C@H]2Cn3c(ccc(-c4ccccc4F)c3=O)[C@H]2N1C(=O)C1CCCC1,10.0995,0.376713874755351,0.3962245024390057,0.01850630743643108,0.37771819500257464,0.2446008939791577
correct_CP,COCCSc1ccccc1C(=O)Nc1nncs1,10.0,0.5679023922310005,0.6444212212438609,0.1528378566698405,0.4915833645740204,0.31612081827289273
correct_CP,COCCn1c(COc2ccc(C)cc2)nc2ccccc21,10.0,0.6289741190065308,0.7397169502770877,0.2649427828111949,0.47477416746589285,0.2733294774092426
correct_CP,COCc1cc(O)n2c(-c3ccccc3OC)nnc2n1,10.0,0.3224770993027937,0.3344092467078373,0.06838995061692599,0.2660192960909113,-0.02635119768213983
correct_CP,COCc1cn(CC[C@@H]2CC[C@@H](NC(=O)Nc3c(C)noc3C)[C@@H](CO)O2)nn1,10.1321,0.1277098341554676,0.12841101609471825,-0.007866170510055205,0.13627718660477345,0.029148316613670483
correct_CP,COCc1cn(CC[C@@H]2CC[C@@H](NC(=O)c3ccncc3)[C@@H](CO)O2)nn1,10.0717,-0.02416243198729658,-0.024167135830606878,-0.033313282547355216,0.009146146716748339,0.17394965744956303
correct_CP,COCc1cn(CC[C@@H]2CC[C@H](NC(=O)c3ccncc3)[C@H](CO)O2)nn1,10.1712,-0.23151950634469431,-0.23579443832017138,0.02771068375261978,-0.26350512207279114,-0.1605159167395329
correct_CP,COCc1cn(CC[C@H]2CC[C@@H](NC(=O)Nc3ccc(C(F)(F)F)cc3)[C@H](CO)O2)nn1,10.0453,-0.10253588974952034,-0.10289751443396722,-0.09257713530441528,-0.010320379129551943,0.00027976545190433466
correct_CP,COCc1n[nH]c2c1C(c1ccc(OC)cc1)C(C#N)=C(N)O2,10.0,0.3828857725673772,0.40343679696563556,0.034620848850124765,0.36881594811551077,-0.10298193798395452
correct_CP,CO[C@@H](C(=O)N(C)C[C@H]1OCc2ccccc2-c2c(n(C)c3ccccc23)C(=O)N([C@@H](C)CO)C[C@H]1C)c1ccccc1,9.86619,0.2953211567696781,0.3043858916942235,0.07624518459364502,0.22814070710057846,0.2060077722133938
correct_CP,CO[C@@H](CN(C)C(=O)Nc1ccc(C(F)(F)F)cc1)[C@H](C)CN(Cc1ccccc1Cl)[C@H](C)CO,10.0179,-0.16838288314744684,-0.17000189088800785,0.045047572333126853,-0.21504946322113472,0.11720381124072192
correct_CP,CO[C@@H](CN(C)C(=O)Nc1ccc(F)cc1)[C@@H](C)CN(Cc1ccccc1Cl)[C@@H](C)CO,10.1027,0.21377249284480052,0.21712117563755653,-0.010928491994593373,0.2280496676321499,0.12442193395262478
correct_CP,CO[C@@H](CN(C)C(=O)c1ccc2c(c1)OCO2)[C@H](C)CN([C@@H](C)CO)S(=O)(=O)c1ccc(F)cc1,9.45595,0.6078125614079131,0.7054449957368385,0.005831922897692035,0.6996130728391464,0.08106027869323094
correct_CP,CO[C@@H](CN(C)C(=O)c1ccccc1F)[C@@H](C)CN([C@@H](C)CO)S(=O)(=O)c1ccc(C)cc1,10.0232,-0.15530469744259262,-0.15657171091724362,0.023257730651359283,-0.1798294415686029,0.070786902471525
correct_CP,CO[C@@H](CN(C)C(=O)c1ccccc1F)[C@@H](C)CN([C@@H](C)CO)S(=O)(=O)c1ccc(Cl)cc1,10.5412,-0.12737139974394734,-0.1280669854680182,0.017339850988068867,-0.14540683645608707,0.09169028212149638
correct_CP,CO[C@@H](CN(C)C(=O)c1ccccc1F)[C@H](C)CN([C@H](C)CO)S(=O)(=O)c1ccc(F)cc1,10.001,-0.009862422464172812,-0.009862742246823201,0.13677544873364691,-0.14663819098047012,-0.046432150826251434
correct_CP,CO[C@@H](CN(C)C(=O)c1cnccn1)[C@@H](C)CN([C@H](C)CO)S(=O)(=O)c1ccc(Cl)cc1,10.0015,0.08917974744623249,0.08941729835370167,-0.021191764520941334,0.110609062874643,-0.04329584724413525
correct_CP,CO[C@@H](CN(C)C(=O)c1cnccn1)[C@H](C)CN([C@@H](C)CO)S(=O)(=O)c1ccc(C)cc1,10.0466,0.10373128830257095,0.10410576473635605,-0.007918234411698422,0.11202399914805447,0.028669156636829864
correct_CP,CO[C@@H](CN(C)C(=O)c1cnccn1)[C@H](C)CN([C@@H](C)CO)S(=O)(=O)c1ccc(Cl)cc1,10.0294,0.07275566109995825,0.07288444497442502,0.07523359028181287,-0.002349145307387848,-0.0697514800947042
correct_CP,CO[C@@H](CN(C)Cc1cc(F)ccc1F)[C@@H](C)CN(C(=O)Nc1ccc(F)cc1)[C@@H](C)CO,9.69666,0.24821770155820863,0.25351259439146206,-0.07842787646887298,0.33194047086033507,0.07364655718264197
correct_CP,CO[C@@H](CN(C)Cc1cc(F)ccc1F)[C@@H](C)CN([C@H](C)CO)S(=O)(=O)c1ccc(C)cc1,10.0403,-0.15784031928110429,-0.15917105713189483,0.04004635087891543,-0.19921740801081025,0.1371227666085769
correct_CP,CO[C@@H](CN(C)Cc1cc(F)ccc1F)[C@H](C)CN(C(=O)Nc1ccc(C(F)(F)F)cc1)[C@H](C)CO,10.0253,0.3642908300315601,0.3818244276709241,-0.023416517249382304,0.40524094492030643,-0.02826629033923464
correct_CP,CO[C@@H](CN(C)Cc1cc(F)ccc1F)[C@H](C)CN([C@H](C)CO)S(=O)(=O)c1ccc(F)cc1,10.049798,0.06739728993669467,0.06749961733265711,-0.05809807534688164,0.12559769267953874,0.36695080353760223
correct_CP,CO[C@@H](CN(C)Cc1ccc(-c2ccccn2)cc1)[C@@H](C)CN(C(=O)Nc1ccc(F)cc1)[C@H](C)CO,10.0806,0.09191219203391067,0.09217233205613258,0.01604169700005889,0.07613063505607369,-0.13747373991087491
correct_CP,CO[C@@H](CN(C)Cc1ccc2c(c1)OCO2)[C@@H](C)CN(C(=O)Nc1ccc(F)cc1)[C@@H](C)CO,10.7238,-0.22120824073468057,-0.22492615839121638,-0.2218133310491054,-0.003112827342110991,0.33349919558350866
correct_CP,CO[C@@H](CN(C)Cc1ccc2c(c1)OCO2)[C@H](C)CN(C(=O)c1ccccc1)[C@H](C)CO,10.012608,-0.034419424378824094,-0.03443302624226556,0.09534066865664739,-0.12977369489891294,-0.09502363576984772
correct_CP,CO[C@@H](CN(C)Cc1nccs1)[C@@H](C)CN([C@@H](C)CO)S(=O)(=O)c1ccc(F)cc1,10.0223,0.11881049792385114,0.11937432141995596,0.02090360872842923,0.09847071269152674,0.08559713438079025
correct_CP,CO[C@@H](CN(C)S(=O)(=O)c1ccc(C)cc1)[C@H](C)CN(C(=O)Nc1ccccc1F)[C@@H](C)CO,10.0208,0.1588636154122501,0.16022067284065958,-0.06323753213590995,0.22345820497656954,0.09497973360478307
correct_CP,CO[C@@H](CN(C)S(=O)(=O)c1ccc(Cl)cc1)[C@@H](C)CN([C@H](C)CO)S(=O)(=O)c1cccc(Cl)c1,9.70291,0.3090281489428732,0.31947059171487197,-0.0833829992335254,0.40285359094839734,-0.00014814331099403943
correct_CP,CO[C@@H](CN(C)S(=O)(=O)c1ccc(F)cc1)[C@@H](C)CN(Cc1ccccc1Cl)[C@H](C)CO,10.0812,0.0005205825305508516,0.0005205825775778854,0.009128479261772987,-0.008607896684195102,0.010026504366992806
correct_CP,CO[C@@H](CN(C)S(=O)(=O)c1ccc(F)cc1)[C@H](C)CN(C(=O)Nc1ccccc1F)[C@@H](C)CO,10.0595,0.18105660752258854,0.18307489164754906,0.08652959321053232,0.09654529843701674,-0.07210548050885458
correct_CP,CO[C@@H](CN(C)S(=O)(=O)c1ccc(F)cc1)[C@H](C)CN(C(=O)Nc1ccccc1F)[C@H](C)CO,10.0061,0.3450784351513043,0.3598460631454995,-0.13775827412466896,0.49760433727016845,0.15717208137388966
correct_CP,CO[C@@H](CN(C)S(=O)(=O)c1ccc(F)cc1)[C@H](C)CN([C@H](C)CO)S(=O)(=O)c1cccc(Cl)c1,10.0156,0.33201996245442034,0.3450967743196831,0.026425493125339455,0.3186712811943436,0.310157440646903
correct_CP,CO[C@@H](CN(C)S(=O)(=O)c1cccc(Cl)c1)[C@@H](C)CN([C@H](C)CO)S(=O)(=O)c1ccc(Cl)cc1,9.9079,0.06898373639981029,0.06909347549081071,0.02284261385685548,0.04625086163395523,-0.44563253639168987
correct_CP,CO[C@@H](CN(C)S(=O)(=O)c1cccc(Cl)c1)[C@H](C)CN(C(=O)Nc1ccccc1F)[C@@H](C)CO,10.0117,0.17739274773901004,0.17928943249761736,-0.029190377349286534,0.2084798098469039,-0.1401703561736581
correct_CP,CO[C@@H](CN(C)S(=O)(=O)c1cccc(Cl)c1)[C@H](C)CN(C(=O)Nc1ccccc1F)[C@H](C)CO,10.0315,0.5526574752748264,0.622199333142433,-0.018822194411371444,0.6410215275538045,0.2586140884891565
correct_CP,CO[C@@H](CN(C)S(=O)(=O)c1cccc(Cl)c1)[C@H](C)CN([C@@H](C)CO)S(=O)(=O)c1ccc(Cl)cc1,10.0466,0.3400970725574975,0.35420229397880265,-0.055215612773161844,0.4094179067519645,-0.14936484154096832
correct_CP,CO[C@@H](CN(C)S(=O)(=O)c1ccccc1)[C@@H](C)CN(Cc1ccccc1Cl)[C@@H](C)CO,10.7035,0.12670960307121687,0.12739433263058786,-0.005846802953757677,0.13324113558434553,0.08001239283725002
correct_CP,CO[C@@H](CN(C)S(=O)(=O)c1ccccc1)[C@@H](C)CN(Cc1ccccc1Cl)[C@H](C)CO,10.0623,-0.2823737418947856,-0.29025961184773386,0.032329810726060094,-0.32258942257379397,0.024585908655753885
correct_CP,CO[C@@H](CN(C)S(=O)(=O)c1ccccc1)[C@H](C)CN(C(=O)Nc1ccccc1F)[C@H](C)CO,10.0303,0.03831422237292247,0.03833298706948426,0.04693198571698701,-0.00859899864750275,-0.10491560736479702
correct_CP,CO[C@@H](CN(C)S(=O)(=O)c1cn(C)cn1)[C@H](C)CN(C(=O)Nc1ccc(F)cc1)[C@@H](C)CO,9.53441,-0.11224387573942766,-0.11271884652445222,0.19341965750280554,-0.30613850402725773,-0.02087446257172587
correct_CP,CO[C@@H]1CC[C@@H]2CCN(C)C(=O)[C@H](C)[C@H](OC)CN(C)C(=O)c3cc(C#N)ccc3OC[C@@H]1O2,10.0242,-0.14169921225466742,-0.14265918109266437,0.06463070869313145,-0.20728988978579582,-0.23981180102943608
correct_CP,CO[C@@H]1CN(C)C(=O)c2cc(NC(=O)C3CC3)ccc2OC[C@@H](C)N(CCc2ccccc2)C[C@@H]1C,10.0224,0.291385193222163,0.30007931320744996,0.009509172932718107,0.2905701402747318,0.1545741173624174
correct_CP,CO[C@@H]1CN(C)C(=O)c2cc(NC(=O)C3CC3)ccc2OC[C@H](C)N(C(=O)NC(C)C)C[C@@H]1C,10.0823,0.00869685522403383,0.008697074497042719,0.0289402654122405,-0.02024319091519778,0.0003718954043196235
correct_CP,CO[C@@H]1CN(C)C(=O)c2cc(NC(=O)C3CC3)ccc2OC[C@H](C)N(C(=O)NC(C)C)C[C@H]1C,9.97793,0.315315535819833,0.3264368855592698,0.028663921565999798,0.29777296399327,0.07205762929766484
correct_CP,CO[C@@H]1CN(C)C(=O)c2cc(NC(=O)C3CC3)ccc2OC[C@H](C)N(CCc2ccccc2)C[C@@H]1C,10.0037,-0.018074060865608463,-0.01807602934603703,0.04395615503644958,-0.062032184382486616,-0.0784829664457228
correct_CP,CO[C@@H]1CN(C)C(=O)c2cc(NC(=O)C3CC3)ccc2OC[C@H](C)N(Cc2ccccc2)C[C@@H]1C,9.92788,-0.1889994072371955,-0.19129930656649313,0.037902381957234124,-0.22920168852372724,-0.13246759979969322
correct_CP,CO[C@@H]1CN(C)C(=O)c2cc(NC(=O)C3CCC3)ccc2OC[C@H](C)N(C)C[C@@H]1C,10.046,0.3771199219431419,0.3966977875208741,0.0036379243817150266,0.3930598631391591,-0.31844868072639054
correct_CP,CO[C@@H]1CN(C)C(=O)c2cc(NC(=O)C3CCC3)ccc2OC[C@H](C)N(Cc2ccncc2)C[C@@H]1C,10.0412,0.34154779525913587,0.35584368046090004,0.03988016694105348,0.31596351351984653,0.060107753606215245
correct_CP,CO[C@@H]1CN(C)C(=O)c2cc(NC(=O)C3CCCC3)ccc2OC[C@@H](C)N(Cc2ccc(F)cc2)C[C@H]1C,10.0468,0.4152017591132533,0.44188024274362225,-0.009831348806433061,0.4517115915500553,0.24980309285383523
correct_CP,CO[C@@H]1CN(C)C(=O)c2cc(NC(=O)C3CCCCC3)ccc2OC[C@H](C)N(C(=O)c2ccccc2)C[C@H]1C,10.1088,-0.03513485407502009,-0.0351493222929999,-0.02180012975276948,-0.013349192540230419,0.08691977930827419
correct_CP,CO[C@@H]1CN(C)C(=O)c2cc(NC(=O)C3CCCCC3)ccc2OC[C@H](C)NC[C@@H]1C,10.0159,0.04186979713880457,0.041894289940107646,0.029253598308947717,0.012640691631159929,-0.010992708138352774
correct_CP,CO[C@@H]1CN(C)C(=O)c2cc(NC(=O)C3CCOCC3)ccc2OC[C@@H](C)N(Cc2cccnc2)C[C@@H]1C,9.74956,0.4105289400016125,0.4362472107306475,0.07853391788336392,0.3577132928472836,0.08727236307168118
correct_CP,CO[C@@H]1CN(C)C(=O)c2cc(NC(=O)C3CCOCC3)ccc2OC[C@@H](C)N(Cc2cccnc2)C[C@H]1C,10.0793,0.22377264408495479,0.22762411791202336,0.03933844511850354,0.18828567279351982,0.12831793094226962
correct_CP,CO[C@@H]1CN(C)C(=O)c2cc(NC(=O)C3CCOCC3)ccc2OC[C@H](C)N(CC2CC2)C[C@@H]1C,10.021,-0.07972116292127562,-0.07989069819971673,0.012080099947609203,-0.09197079814732592,-0.03241722980399503
correct_CP,CO[C@@H]1CN(C)C(=O)c2cc(NC(=O)CN(C)C)ccc2OC[C@@H](C)N(C(=O)C2CC2)C[C@H]1C,10.0065,0.1650921486652517,0.1666170496802154,-0.030907863602407187,0.1975249132826226,0.0223823744918158
correct_CP,CO[C@@H]1CN(C)C(=O)c2cc(NC(=O)Cc3ccccc3)ccc2OC[C@@H](C)NC[C@@H]1C,10.0073,0.1616208000612181,0.1630505231366517,-0.03975416130048493,0.20280468443713662,0.31696926623566346
correct_CP,CO[C@@H]1CN(C)C(=O)c2cc(NC(=O)Cc3ccccc3)ccc2OC[C@H](C)NC[C@H]1C,9.94041,-0.10398398045432293,-0.1043612122506947,-0.0066247648229584635,-0.09773644742773624,0.2678680051905828
correct_CP,CO[C@@H]1CN(C)C(=O)c2cc(NC(=O)NC(C)C)ccc2OC[C@@H](C)N(C(=O)C2CCC2)C[C@H]1C,10.0207,-0.20644399544239384,-0.209454174165463,0.07938337665421172,-0.2888375508196747,-0.037670056522987445
correct_CP,CO[C@@H]1CN(C)C(=O)c2cc(NC(=O)NC(C)C)ccc2OC[C@@H](C)N(CCC(F)(F)F)C[C@H]1C,10.0037,0.16079520904344805,0.16220290412515515,0.054344055284737874,0.10785884884041727,0.06446894446500685
correct_CP,CO[C@@H]1CN(C)C(=O)c2cc(NC(=O)NC(C)C)ccc2OC[C@@H](C)N(Cc2ccc(-c3ccccn3)cc2)C[C@H]1C,10.0072,-0.15216945136169596,-0.15336056626465353,0.05463048350150604,-0.20799104976615956,-0.1113240609976611
correct_CP,CO[C@@H]1CN(C)C(=O)c2cc(NC(=O)NC(C)C)ccc2OC[C@@H](C)N(Cc2cncnc2)C[C@@H]1C,10.0064,0.09290676061816813,0.09317546700820137,0.008389830506114004,0.08478563650208737,0.005130718052997814
correct_CP,CO[C@@H]1CN(C)C(=O)c2cc(NC(=O)NC(C)C)ccc2OC[C@H](C)N(C(=O)CN(C)C)C[C@@H]1C,10.0978,-0.04465780484025737,-0.04468752772536369,-0.0034224013439672196,-0.04126512638139647,-0.256259192488566
correct_CP,CO[C@@H]1CN(C)C(=O)c2cc(NC(=O)NC(C)C)ccc2OC[C@H](C)N(CC2CC2)C[C@@H]1C,10.1016,0.5665603537967296,0.642442537682714,-0.027532083880891237,0.6699746215636052,0.26700695007821673
correct_CP,CO[C@@H]1CN(C)C(=O)c2cc(NC(=O)NC(C)C)ccc2OC[C@H](C)N(Cc2ccc(-c3ccccn3)cc2)C[C@@H]1C,9.8979,0.11850156569595732,0.11906097754140835,0.1197485686578733,-0.0006875911164649501,-0.10997110742376101
correct_CP,CO[C@@H]1CN(C)C(=O)c2cc(NC(=O)NC(C)C)ccc2OC[C@H](C)N(Cc2ccccc2)C[C@H]1C,10.0688,0.6999363749767767,0.8671757836396161,0.06382134565185463,0.8033544379877615,0.08102072460284598
correct_CP,CO[C@@H]1CN(C)C(=O)c2cc(NC(=O)NC3CCCCC3)ccc2OC[C@@H](C)N(C)C[C@H]1C,10.0847,-0.3273977395828756,-0.3399107789019127,-0.07898669218795579,-0.2609240867139569,-0.16937667594107464
correct_CP,CO[C@@H]1CN(C)C(=O)c2cc(NC(=O)Nc3c(C)noc3C)ccc2OC[C@@H](C)N(C)C[C@@H]1C,10.0933,0.4142852568277656,0.4407733394748268,0.1079631653221153,0.33281017415271147,0.2792207323112652
correct_CP,CO[C@@H]1CN(C)C(=O)c2cc(NC(=O)Nc3cc(F)ccc3F)ccc2OC[C@@H](C)N(C(=O)c2ccccn2)C[C@H]1C,9.8862,0.02317626288381528,0.023180413847820137,-0.08701188751932433,0.11019230136714447,0.22621295267357222
correct_CP,CO[C@@H]1CN(C)C(=O)c2cc(NC(=O)Nc3cc(F)ccc3F)ccc2OC[C@H](C)N(C(=O)c2ccccn2)C[C@H]1C,9.94818,-0.07254822893572879,-0.07267591210934359,-0.004625812480122579,-0.06805009962922101,0.04943487716369514
correct_CP,CO[C@@H]1CN(C)C(=O)c2cc(NC(=O)Nc3ccc(C(F)(F)F)cc3)ccc2OC[C@H](C)NC[C@H]1C,10.035,0.1708929032229981,0.17258628358821546,-0.008033343736642228,0.18061962732485767,0.09924906095370152
correct_CP,CO[C@@H]1CN(C)C(=O)c2cc(NC(=O)Nc3ccc(Cl)c(Cl)c3)ccc2OC[C@H](C)NC[C@H]1C,10.0353,0.23000213893761345,0.23419172516790288,0.04666057446203989,0.187531150705863,0.03423027881371313
correct_CP,CO[C@@H]1CN(C)C(=O)c2cc(NC(=O)Nc3ccc(Cl)cc3)ccc2OC[C@@H](C)N(C)C[C@@H]1C,10.0511,-0.2765955013685174,-0.2839917553338981,-0.12244823306177471,-0.16154352227212337,-0.39270894572544895
correct_CP,CO[C@@H]1CN(C)C(=O)c2cc(NC(=O)Nc3ccc(Cl)cc3)ccc2OC[C@H](C)N(C(=O)Nc2c(C)noc2C)C[C@@H]1C,9.9897,0.011384861129007294,0.011385353050428,-0.012266808824180735,0.023652161874608734,0.03825059654985648
correct_CP,CO[C@@H]1CN(C)C(=O)c2cc(NC(=O)Nc3ccc(Cl)cc3)ccc2OC[C@H](C)N(C)C[C@@H]1C,9.99201,0.2548255048647119,0.26056669466922183,-0.042147683514348985,0.30271437818357083,-0.0789144753331268
correct_CP,CO[C@@H]1CN(C)C(=O)c2cc(NC(=O)Nc3ccc(Cl)cc3)ccc2OC[C@H](C)NC[C@@H]1C,10.0733,-0.0799410711192572,-0.08011201686406438,0.053900674225172404,-0.1340126910892368,-0.03761181276951213
correct_CP,CO[C@@H]1CN(C)C(=O)c2cc(NC(=O)Nc3ccc(F)cc3)ccc2OC[C@H](C)NC[C@@H]1C,9.95245,0.24122900581111628,0.24607864501819848,0.011333874215506372,0.2347447708026921,0.28217444529840763
correct_CP,CO[C@@H]1CN(C)C(=O)c2cc(NC(=O)Nc3ccc4c(c3)OCO4)ccc2OC[C@@H](C)N(C(C)=O)C[C@H]1C,10.0253,0.16336762682488223,0.16484472517956944,-0.028828124120124914,0.19367284929969436,0.23021985312734544
correct_CP,CO[C@@H]1CN(C)C(=O)c2cc(NC(=O)Nc3ccccc3)ccc2OC[C@@H](C)N(C(=O)CN(C)C)C[C@@H]1C,10.0276,0.46557525944659656,0.5044060979223604,0.1315929129397648,0.3728131849825955,-0.06802009054556608
correct_CP,CO[C@@H]1CN(C)C(=O)c2cc(NC(=O)Nc3ccccc3Cl)ccc2OC[C@@H](C)N(Cc2ccccc2C(=O)O)C[C@H]1C,10.0222,0.5172841579486246,0.572624557868529,0.07036265469216399,0.502261903176365,-0.12434493365398545
correct_CP,CO[C@@H]1CN(C)C(=O)c2cc(NC(=O)Nc3ccccc3F)ccc2OC[C@@H](C)N(C(C)=O)C[C@@H]1C,10.0613,0.15477267632368802,0.15602658663487515,0.09159090770542408,0.06443567892945107,0.03542893402697905
correct_CP,CO[C@@H]1CN(C)C(=O)c2cc(NC(=O)Nc3ccccc3F)ccc2OC[C@@H](C)N(C(C)=O)C[C@H]1C,10.0344,0.3029405847905143,0.31275416298770453,0.11526573974305884,0.1974884232446457,-0.2014179669265362
correct_CP,CO[C@@H]1CN(C)C(=O)c2cc(NC(=O)Nc3ccccc3F)ccc2OC[C@H](C)N(C(C)=O)C[C@@H]1C,10.0268,-0.145593663392294,-0.14663569015716243,-0.04370078574640781,-0.10293490441075462,0.2272204710823242
correct_CP,CO[C@@H]1CN(C)C(=O)c2cc(NC(=O)c3ccc(F)cc3)ccc2OC[C@H](C)NC[C@H]1C,10.0212,0.26659802597548277,0.27319795915907674,0.02585515404044665,0.2473428051186301,0.06362151076940604
correct_CP,CO[C@@H]1CN(C)C(=O)c2cc(NC(=O)c3ccc4c(c3)OCO4)ccc2OC[C@@H](C)NC[C@@H]1C,10.0376,0.17554908517726459,0.17738650849812948,-0.005609196263798131,0.1829957047619276,-0.31811168123994077
correct_CP,CO[C@@H]1CN(C)C(=O)c2cc(NC(=O)c3ccc4c(c3)OCO4)ccc2OC[C@H](C)N(CC2CC2)C[C@H]1C,10.0164,0.02174008497260528,0.021743510959030033,0.04583626417829841,-0.02409275321926838,-0.12764050324578272
correct_CP,CO[C@@H]1CN(C)C(=O)c2cc(NC(=O)c3ccc4c(c3)OCO4)ccc2OC[C@H](C)NC[C@@H]1C,10.0159,0.10487732131438075,0.1052644031574944,0.02634841643638703,0.07891598672110736,0.3285643348928055
correct_CP,CO[C@@H]1CN(C)C(=O)c2cc(NC(=O)c3cccc(F)c3)ccc2OC[C@H](C)N(C)C[C@H]1C,10.0386,0.2951847971174565,0.3042365097743367,0.07134330244322706,0.23289320733110963,-0.14499905669053137
correct_CP,CO[C@@H]1CN(C)C(=O)c2cc(NC(=O)c3ccccc3)ccc2OC[C@@H](C)N(C(=O)CN(C)C)C[C@@H]1C,9.97951,-0.26367444003276924,-0.27005331021386575,-0.010070413892830732,-0.259982896321035,-0.15564902758088106
correct_CP,CO[C@@H]1CN(C)C(=O)c2cc(NC(=O)c3ccccc3)ccc2OC[C@@H](C)N(C)C[C@H]1C,10.0248,0.21855927145228055,0.22214260552528414,-0.02210849154647434,0.2442510970717585,-0.0018550643387310987
correct_CP,CO[C@@H]1CN(C)C(=O)c2cc(NC(=O)c3ccccc3F)ccc2OC[C@@H](C)NC[C@@H]1C,10.0291,-0.25702875427995603,-0.2629243699620442,0.0007753634328005014,-0.2636997333948447,-0.0436471477903021
correct_CP,CO[C@@H]1CN(C)C(=O)c2cc(NC(=O)c3ccccc3F)ccc2OC[C@H](C)N(CC2CCOCC2)C[C@H]1C,10.0979,0.24146789181362024,0.2463323065728077,0.030754223440710552,0.21557808313209714,0.07917009924439014
correct_CP,CO[C@@H]1CN(C)C(=O)c2cc(NC(=O)c3cnccn3)ccc2OC[C@@H](C)N(C(=O)C2CC2)C[C@@H]1C,9.97371,-0.030884692703823047,-0.030894518262465427,-0.1085646982840075,0.07767018002154208,-0.07519837286466574
correct_CP,CO[C@@H]1CN(C)C(=O)c2cc(NC(=O)c3nc4ccccc4s3)ccc2OC[C@@H](C)N(Cc2cncnc2)C[C@@H]1C,10.0303,0.08314066072255125,0.08333302549438043,0.039356715012180805,0.043976310482199625,-0.036332509174276155
correct_CP,CO[C@@H]1CN(C)C(=O)c2cc(NC(C)=O)ccc2OC[C@@H](C)N(C(=O)c2cnccn2)C[C@@H]1C,10.0091,-0.00968946447842322,-0.009689767729628368,0.000406539636392908,-0.010096307366021276,0.0982707568928445
correct_CP,CO[C@@H]1CN(C)C(=O)c2cc(NC(C)=O)ccc2OC[C@@H](C)N(CCc2ccccc2)C[C@@H]1C,10.053,-0.08816190233383352,-0.08839138690558293,0.1297646712368028,-0.21815605814238573,-0.05556506753695761
correct_CP,CO[C@@H]1CN(C)C(=O)c2cc(NC(C)=O)ccc2OC[C@H](C)N(C(=O)C2CC2)C[C@H]1C,9.98425,-0.17337362627822248,-0.1751427560375084,-0.02133151997314801,-0.1538112360643604,-0.11679665887084976
correct_CP,CO[C@@H]1CN(C)C(=O)c2cc(NC(C)=O)ccc2OC[C@H](C)N(C(=O)CC2CC2)C[C@H]1C,9.80228,0.3699542669297162,0.3883701137679557,0.08572123038875039,0.3026488833792053,-0.0006545458241673657
correct_CP,CO[C@@H]1CN(C)C(=O)c2cc(NC(C)=O)ccc2OC[C@H](C)N(C(=O)c2ccccn2)C[C@H]1C,10.0756,0.35831652709019224,0.3749531074887197,0.032896931303404785,0.3420561761853149,-0.37230664483360865
correct_CP,CO[C@@H]1CN(C)C(=O)c2cc(NC(C)=O)ccc2OC[C@H](C)N(C(=O)c2ccncc2)C[C@@H]1C,9.98505,-0.03701553254173721,-0.037032452059590486,0.04864201527922196,-0.08567446733881245,0.16782914404840285
correct_CP,CO[C@@H]1CN(C)C(=O)c2cc(NC(C)=O)ccc2OC[C@H](C)N(C(=O)c2cnccn2)C[C@@H]1C,10.1226,0.36186348909242905,0.3790285130082803,0.04322290742880529,0.335805605579475,-0.1507822002053657
correct_CP,CO[C@@H]1CN(C)C(=O)c2cc(NC(C)=O)ccc2OC[C@H](C)N(Cc2cccc(F)c2)C[C@@H]1C,10.0495,0.44680292609685734,0.48069860608094195,0.026175601969652372,0.4545230041112896,-0.028562621018366628
correct_CP,CO[C@@H]1CN(C)C(=O)c2cc(NC(C)=O)ccc2OC[C@H](C)N(Cc2cccnc2)C[C@H]1C,10.0582,-0.0765330831644049,-0.07668303658237507,-0.0032070446495429967,-0.07347599193283208,-0.026509260754302696
correct_CP,CO[C@@H]1CN(C)C(=O)c2cc(NC(C)=O)ccc2OC[C@H](C)NC[C@H]1C,10.084,0.363437277416131,0.3808406219897463,0.00348277264069791,0.37735784934904837,-0.28504880805070804
correct_CP,CO[C@@H]1CN(C)C(=O)c2cc(NS(=O)(=O)c3ccc(-c4ccccc4)cc3)ccc2OC[C@@H](C)NC[C@@H]1C,10.066,0.3743843383136799,0.39351246614633856,0.0947398517364299,0.29877261440990865,0.029315387440348853
correct_CP,CO[C@@H]1CN(C)C(=O)c2cc(NS(=O)(=O)c3ccc(C)cc3)ccc2OC[C@@H](C)N(C)C[C@@H]1C,9.97517,0.16511673320206297,0.16664232315882213,0.020200957176442755,0.1464413659823794,-0.03810724689079928
correct_CP,CO[C@@H]1CN(C)C(=O)c2cc(NS(=O)(=O)c3ccc(Cl)cc3)ccc2OC[C@@H](C)N(C)C[C@@H]1C,10.0304,0.38440228484312466,0.4052150358971149,0.04927980599002976,0.35593522990708515,-0.15165261223962476
correct_CP,CO[C@@H]1CN(C)C(=O)c2cc(NS(=O)(=O)c3cccc(F)c3)ccc2OC[C@@H](C)N(C(=O)Cc2cccnc2)C[C@@H]1C,10.0199,0.15212083853291908,0.15331080147325213,-0.061537319479369024,0.21484812095262115,-0.04238907804198526
correct_CP,CO[C@@H]1CN(C)C(=O)c2cc(NS(=O)(=O)c3cccc(F)c3)ccc2OC[C@H](C)N(Cc2cc(F)ccc2F)C[C@@H]1C,10.011,0.07819848623094695,0.07835846828269007,0.01740656351793074,0.060951904764759327,0.08450457658555192
correct_CP,CO[C@@H]1CN(C)C(=O)c2cc(NS(=O)(=O)c3cccc(F)c3)ccc2OC[C@H](C)N(Cc2cc(F)ccc2F)C[C@H]1C,10.0289,0.24798246640935565,0.25326192992808444,0.21034739070844272,0.04291453921964172,-0.16873017751410385
correct_CP,CO[C@@H]1CN(C)C(=O)c2cc(NS(=O)(=O)c3ccccc3)ccc2OC[C@H](C)N(Cc2ccccn2)C[C@@H]1C,10.0745,0.19815974553583854,0.2008163546190726,0.08657274137504159,0.11424361324403101,-0.28973389656387516
correct_CP,CO[C@@H]1CN(C)C(=O)c2cc(NS(=O)(=O)c3ccccc3C)ccc2OC[C@@H](C)NC[C@@H]1C,10.0377,-0.10860940561929357,-0.10903950611916631,-0.08322608550747211,-0.0258134206116942,-0.06800318216299235
correct_CP,CO[C@@H]1CN(C)C(=O)c2cc(NS(=O)(=O)c3cn(C)cn3)ccc2OC[C@@H](C)N(C)C[C@H]1C,10.0496,0.16714625663341506,0.1687294514474446,0.008542697955234001,0.16018675349221062,0.11171548791260187
correct_CP,CO[C@@H]1CN(C)C(=O)c2cc(NS(=O)(=O)c3cn(C)cn3)ccc2OC[C@@H](C)N(Cc2cccc(Cl)c2)C[C@H]1C,10.0184,0.27762077485984427,0.2851023070196605,-0.07004473920309152,0.355147046222752,0.15353203906495644
correct_CP,CO[C@@H]1CN(C)C(=O)c2cc(NS(=O)(=O)c3cn(C)cn3)ccc2OC[C@H](C)N(CCC(F)(F)F)C[C@H]1C,10.0164,0.47141415165445893,0.5118869977046461,-0.009928064400319486,0.5218150621049655,-0.0894033768652134
correct_CP,CO[C@@H]1CN(C)C(=O)c2cc(NS(C)(=O)=O)ccc2OC[C@@H](C)N(C(=O)C2CCOCC2)C[C@@H]1C,10.1032,0.15095553763358602,0.15211811171031386,0.03940741194588908,0.11271069976442478,0.01953334577237123
correct_CP,CO[C@@H]1CN(C)C(=O)c2cc(NS(C)(=O)=O)ccc2OC[C@@H](C)N(C)C[C@@H]1C,10.0477,0.3748486869910166,0.39405261848568424,-0.01594363123813539,0.40999624972381965,0.04354970305790311
correct_CP,CO[C@@H]1CN(C)C(=O)c2cc(NS(C)(=O)=O)ccc2OC[C@H](C)N(C(=O)CC2CC2)C[C@H]1C,9.96637,0.1552254255095704,0.1564904807490709,-0.11303370780854581,0.26952418855761673,0.09346930592869755
correct_CP,CO[C@@H]1CN(C)C(=O)c2cc(NS(C)(=O)=O)ccc2OC[C@H](C)N(CC2CCOCC2)C[C@H]1C,10.0172,0.3055533275726766,0.3156334310050625,-0.042794279392185296,0.3584277103972478,0.16912410800062483
correct_CP,CO[C@@H]1CN(C)C(=O)c2ccc(NC(=O)C3CCC3)cc2OC[C@H](C)N(C(=O)CN(C)C)C[C@@H]1C,9.95497,-0.3999512993070813,-0.42359095452266,0.04372153991326962,-0.4673124944359296,-0.1416878856080593
correct_CP,CO[C@@H]1CN(C)C(=O)c2ccc(NC(=O)C3CCC3)cc2OC[C@H](C)N(CC2CCCCC2)C[C@@H]1C,10.0228,0.11608363115460667,0.11660931283017137,-0.03831446233780393,0.1549237751679753,0.013419638002917664
correct_CP,CO[C@@H]1CN(C)C(=O)c2ccc(NC(=O)C3CCCC3)cc2OC[C@@H](C)N(C(=O)CC2CC2)C[C@H]1C,9.80035,-0.10680253193191194,-0.10721142511903044,-0.03914403395925635,-0.06806739115977409,-0.005397391966704322
correct_CP,CO[C@@H]1CN(C)C(=O)c2ccc(NC(=O)C3CCCC3)cc2OC[C@H](C)N(CCC(F)(F)F)C[C@H]1C,10.0518,0.39900215774460757,0.4224615863703025,0.02144055291976244,0.4010210334505401,0.18651964099205243
correct_CP,CO[C@@H]1CN(C)C(=O)c2ccc(NC(=O)C3CCCCC3)cc2OC[C@@H](C)N(C)C[C@@H]1C,10.0043,0.2408030054591685,0.24562637274240529,0.060067001857955424,0.18555937088444985,0.2051094532309775
correct_CP,CO[C@@H]1CN(C)C(=O)c2ccc(NC(=O)C3CCCCC3)cc2OC[C@@H](C)N(Cc2cccnc2)C[C@@H]1C,10.0733,0.058481237298592545,0.05854804412702822,-0.15867224015206657,0.2172202842790948,0.2809287432006909
correct_CP,CO[C@@H]1CN(C)C(=O)c2ccc(NC(=O)C3CCOCC3)cc2OC[C@@H](C)N(C(=O)c2ccccc2)C[C@@H]1C,9.94605,0.34966161159530745,0.3650581784817323,-0.05274816920040768,0.41780634768214,0.36515108298918275
correct_CP,CO[C@@H]1CN(C)C(=O)c2ccc(NC(=O)C3CCOCC3)cc2OC[C@@H](C)N(Cc2nccs2)C[C@@H]1C,10.0584,0.22632473490129568,0.23031236174961328,0.017241516196621797,0.2130708455529915,-0.05682607487755202
correct_CP,CO[C@@H]1CN(C)C(=O)c2ccc(NC(=O)C3CCOCC3)cc2OC[C@@H](C)NC[C@H]1C,10.0565,-0.3744617267005323,-0.39360247280083016,-0.0030001139745654028,-0.39060235882626476,-0.0063265767905747745
correct_CP,CO[C@@H]1CN(C)C(=O)c2ccc(NC(=O)Cc3ccccc3)cc2OC[C@H](C)N(C(=O)c2ccccc2F)C[C@H]1C,9.73326,0.024135857384105622,0.02414054572056236,-0.052755715419525395,0.07689626114008775,0.2081264154411001
correct_CP,CO[C@@H]1CN(C)C(=O)c2ccc(NC(=O)NC(C)C)cc2OC[C@H](C)N(Cc2ccccn2)C[C@@H]1C,10.0574,0.22009522118606337,0.22375617552313587,0.033769139254579486,0.1899870362685564,0.2096366642315442
correct_CP,CO[C@@H]1CN(C)C(=O)c2ccc(NC(=O)Nc3c(C)noc3C)cc2OC[C@H](C)NC[C@@H]1C,10.0707,0.288915613068181,0.29738271169604297,0.028286414496671065,0.2690962971993719,-0.11563030802981983
correct_CP,CO[C@@H]1CN(C)C(=O)c2ccc(NC(=O)Nc3cc(Cl)cc(Cl)c3)cc2OC[C@H](C)NC[C@@H]1C,10.0717,0.16672435203059824,0.16829545241461302,-0.07425009335305553,0.24254554576766857,0.5009667160605406
correct_CP,CO[C@@H]1CN(C)C(=O)c2ccc(NC(=O)Nc3ccc4c(c3)OCO4)cc2OC[C@@H](C)NC[C@@H]1C,10.0113,0.02111113036795494,0.021114267475183805,0.05060703188061987,-0.029492764405436068,0.032577901876693884
correct_CP,CO[C@@H]1CN(C)C(=O)c2ccc(NC(=O)Nc3ccc4c(c3)OCO4)cc2OC[C@H](C)NC[C@H]1C,10.0136,0.06324155861488209,0.0633260729434667,0.0006842849375045812,0.06264178800596212,-0.2076730132876577
correct_CP,CO[C@@H]1CN(C)C(=O)c2ccc(NC(=O)Nc3cccc(F)c3)cc2OC[C@@H](C)N(C(C)=O)C[C@@H]1C,10.0266,0.02754002987285489,0.027546995651405316,0.025997320741178893,0.001549674910226423,-0.043393534928594726
correct_CP,CO[C@@H]1CN(C)C(=O)c2ccc(NC(=O)Nc3cccc(F)c3)cc2OC[C@@H](C)N(C(C)=O)C[C@H]1C,10.0639,-0.06494525019673329,-0.06503679252120978,0.047976474220482866,-0.11301326674169265,-0.19617169405875393
correct_CP,CO[C@@H]1CN(C)C(=O)c2ccc(NC(=O)Nc3cccc(F)c3)cc2OC[C@H](C)NC[C@@H]1C,9.94541,-0.031170634019177836,-0.031180735125300767,0.031007102108788057,-0.06218783723408883,-0.15487581635964343
correct_CP,CO[C@@H]1CN(C)C(=O)c2ccc(NC(=O)Nc3ccccc3Cl)cc2OC[C@@H](C)N(C(C)=O)C[C@H]1C,10.0485,-0.08220169572772859,-0.08238759888762492,-0.006269605950857083,-0.07611799293676784,-0.029198104167901445
correct_CP,CO[C@@H]1CN(C)C(=O)c2ccc(NC(=O)Nc3ccccc3Cl)cc2OC[C@H](C)NC[C@H]1C,9.95305,0.16352917311741952,0.16501070570523224,0.03285426956590104,0.1321564361393312,-0.03958117131627063
correct_CP,CO[C@@H]1CN(C)C(=O)c2ccc(NC(=O)Nc3ccccc3F)cc2OC[C@@H](C)N(C)C[C@@H]1C,10.0121,0.3056362199491063,0.3157248619497867,0.12056657091513584,0.19515829103465088,0.059143146895950516
correct_CP,CO[C@@H]1CN(C)C(=O)c2ccc(NC(=O)Nc3ccccc3F)cc2OC[C@H](C)N(C)C[C@H]1C,9.97517,0.47574761380530983,0.5174733878879006,0.14791775260721862,0.369555635280682,0.007411948934528956
correct_CP,CO[C@@H]1CN(C)C(=O)c2ccc(NC(=O)c3cc(C)on3)cc2OC[C@H](C)N(C)C[C@@H]1C,10.0043,0.044893357932291315,0.044923554016441956,0.056753749789655084,-0.011830195773213127,-0.2710444858331559
correct_CP,CO[C@@H]1CN(C)C(=O)c2ccc(NC(=O)c3ccc(F)cc3)cc2OC[C@H](C)N(C(=O)CC2CC2)C[C@H]1C,10.0993,-0.20636928129571733,-0.20937613527315938,-0.01467080956100037,-0.194705325712159,0.0931707527184937
correct_CP,CO[C@@H]1CN(C)C(=O)c2ccc(NC(=O)c3ccc4c(c3)OCO4)cc2OC[C@@H](C)N(CCC(F)(F)F)C[C@H]1C,9.84296,0.06098835601941003,0.061064142241527404,0.11203060006544224,-0.05096645782391484,0.03899477785441802
correct_CP,CO[C@@H]1CN(C)C(=O)c2ccc(NC(=O)c3ccc4c(c3)OCO4)cc2OC[C@H](C)N(CCC(F)(F)F)C[C@H]1C,10.0576,0.20187905434996548,0.20469067138044914,-0.008351282571270973,0.2130419539517201,-0.16057674426388302
correct_CP,CO[C@@H]1CN(C)C(=O)c2ccc(NC(=O)c3cccc(F)c3)cc2OC[C@@H](C)NC[C@@H]1C,10.1027,0.42786931812150664,0.45728559734156815,0.058139795491244206,0.39914580185032394,0.11582127322081859
correct_CP,CO[C@@H]1CN(C)C(=O)c2ccc(NC(=O)c3cccc(F)c3)cc2OC[C@H](C)N(CC2CC2)C[C@H]1C,9.93882,0.18906403026069332,0.1913663243353278,0.025434122212324044,0.16593220212300375,-0.31408031774569894
correct_CP,CO[C@@H]1CN(C)C(=O)c2ccc(NC(=O)c3cccc(Oc4ccccc4)c3)cc2OC[C@H](C)NC[C@@H]1C,10.0235,-0.07265686571299666,-0.07278512455973142,-0.03196534655706612,-0.0408197780026653,-0.21968046539685976
correct_CP,CO[C@@H]1CN(C)C(=O)c2ccc(NC(=O)c3ccccc3)cc2OC[C@H](C)N(C(C)=O)C[C@H]1C,9.91213,0.47464422087773095,0.5160481629509497,-0.05035326046145021,0.5664014234123999,0.09862522011931285
correct_CP,CO[C@@H]1CN(C)C(=O)c2ccc(NC(=O)c3ccccc3F)cc2OC[C@H](C)N(C)C[C@@H]1C,9.99399,0.2017885133614273,0.2045962854019025,-0.005013748204305037,0.20961003360620753,0.015292721079388161
correct_CP,CO[C@@H]1CN(C)C(=O)c2ccc(NC(=O)c3ccccc3F)cc2OC[C@H](C)N(CC2CC2)C[C@H]1C,10.0442,0.2341722638487634,0.23859926786820995,0.040398623140862594,0.19820064472734736,-0.41567240207381917
correct_CP,CO[C@@H]1CN(C)C(=O)c2ccc(NC(=O)c3cccnc3)cc2OC[C@@H](C)N(CC2CC2)C[C@H]1C,10.0081,0.3575331892326493,0.37405467062874,0.06318197999419001,0.31087269063455,-0.06928243653869709
correct_CP,CO[C@@H]1CN(C)C(=O)c2ccc(NC(=O)c3cnccn3)cc2OC[C@@H](C)N(C(C)=O)C[C@H]1C,10.0392,0.29558319352198625,0.3046729898144068,0.062341269276598436,0.24233172053780838,0.12913510940869344
correct_CP,CO[C@@H]1CN(C)C(=O)c2ccc(NC(=O)c3cnccn3)cc2OC[C@H](C)N(C)C[C@@H]1C,9.99405,0.03381316802287183,0.03382606341044535,0.025689434406661354,0.008136629003783993,0.01727934992638147
correct_CP,CO[C@@H]1CN(C)C(=O)c2ccc(NC(=O)c3nc4ccccc4s3)cc2OC[C@@H](C)N(Cc2cccnc2)C[C@@H]1C,10.0155,0.2012697089159067,0.20405551823382406,0.03209581609116102,0.17195970214266304,0.0541786274045815
correct_CP,CO[C@@H]1CN(C)C(=O)c2ccc(NC(=O)c3nc4ccccc4s3)cc2OC[C@@H](C)N(Cc2cccnc2)C[C@H]1C,9.93334,0.20327655620523846,0.2061479781285541,0.009628689145165747,0.19651928898338836,0.14006447292915897
correct_CP,CO[C@@H]1CN(C)C(=O)c2ccc(NC(=O)c3nc4ccccc4s3)cc2OC[C@@H](C)NC[C@@H]1C,10.1591,0.0007984109893392603,0.0007984111589910436,-0.006311664544422533,0.007110075703413576,0.1325864808540238
correct_CP,CO[C@@H]1CN(C)C(=O)c2ccc(NC(C)=O)cc2OC[C@@H](C)N(C(=O)C2CCC2)C[C@@H]1C,10.1387,0.17891599126446012,0.1808626073307108,-0.05937006502310196,0.24023267235381277,-0.20617043671395238
correct_CP,CO[C@@H]1CN(C)C(=O)c2ccc(NC(C)=O)cc2OC[C@@H](C)N(C(=O)CN(C)C)C[C@@H]1C,9.98527,0.04314589074842978,0.04317269369368533,0.00488083775440018,0.03829185593928515,0.069932192524948
correct_CP,CO[C@@H]1CN(C)C(=O)c2ccc(NC(C)=O)cc2OC[C@@H](C)N(C(=O)Cc2cccnc2)C[C@@H]1C,10.0581,-0.3389121966134517,-0.35286305224489517,0.05582971131477775,-0.40869276355967293,-0.18553558766908967
correct_CP,CO[C@@H]1CN(C)C(=O)c2ccc(NC(C)=O)cc2OC[C@@H](C)N(C(=O)c2cccnc2)C[C@@H]1C,10.0408,0.027892802312876434,0.0279000393031342,-0.05759756524651062,0.08549760454964482,0.15551403347234735
correct_CP,CO[C@@H]1CN(C)C(=O)c2ccc(NC(C)=O)cc2OC[C@H](C)N(C(=O)Cc2ccccn2)C[C@@H]1C,9.98205,0.146610974920377,0.14767519084768266,-0.015239640039556787,0.16291483088723946,-0.12264168982819058
correct_CP,CO[C@@H]1CN(C)C(=O)c2ccc(NC(C)=O)cc2OC[C@H](C)N(C(=O)c2ccccc2F)C[C@@H]1C,10.0386,-0.04664096204650103,-0.046674826853871344,-0.013592497142262377,-0.03308232971160897,-0.19738986466240835
correct_CP,CO[C@@H]1CN(C)C(=O)c2ccc(NC(C)=O)cc2OC[C@H](C)N(Cc2ccccc2F)C[C@@H]1C,9.99817,0.231527172490238,0.23580253866918238,0.02141865573296424,0.21438388293621813,0.05286645008502344
correct_CP,CO[C@@H]1CN(C)C(=O)c2ccc(NS(=O)(=O)CC(F)(F)F)cc2OC[C@H](C)NC[C@H]1C,9.97216,0.270479831389284,0.2773814566686294,-0.026727511608591957,0.30410896827722134,-0.33004378301751564
correct_CP,CO[C@@H]1CN(C)C(=O)c2ccc(NS(=O)(=O)c3ccc(F)cc3)cc2OC[C@H](C)NC[C@H]1C,10.0332,-0.13630801075501195,-0.13716174372136958,-0.21749588086818156,0.08033413714681198,0.4831245133213849
correct_CP,CO[C@@H]1CN(C)C(=O)c2ccc(NS(=O)(=O)c3ccc(Oc4ccccc4)cc3)cc2OC[C@@H](C)NC[C@@H]1C,9.9631,0.24897652653692456,0.25432140429603334,0.00845390033490244,0.24586750396113088,0.3506488071757594
correct_CP,CO[C@@H]1CN(C)C(=O)c2ccc(NS(=O)(=O)c3ccc(Oc4ccccc4)cc3)cc2OC[C@H](C)NC[C@@H]1C,10.041,-0.1406196672480786,-0.14155768762541726,0.0006792416005545719,-0.14223692922597184,-0.013645234694807603
correct_CP,CO[C@@H]1CN(C)C(=O)c2ccc(NS(=O)(=O)c3cccc(Cl)c3)cc2OC[C@H](C)NC[C@H]1C,10.0419,0.0929327180924656,0.09320165055326979,0.04576666403849022,0.047434986514779565,-0.04577991286747963
correct_CP,CO[C@@H]1CN(C)C(=O)c2ccc(NS(=O)(=O)c3ccccc3)cc2OC[C@@H](C)N(C)C[C@@H]1C,9.99468,0.29825883607957,0.3076073325885185,0.010200074348098,0.2974072582404205,0.4187113923346276
correct_CP,CO[C@@H]1CN(C)C(=O)c2ccc(NS(=O)(=O)c3ccccc3)cc2OC[C@@H](C)N(Cc2cccnc2)C[C@@H]1C,10.0277,-0.18651287062295618,-0.18872190906575823,0.006799809215790455,-0.19552171828154868,0.3622411099705725
correct_CP,CO[C@@H]1CN(C)C(=O)c2ccc(NS(=O)(=O)c3ccccc3C)cc2OC[C@@H](C)N(C)C[C@@H]1C,9.94585,0.09227435164606705,0.09253758948301126,-0.025190549360021953,0.11772813884303321,0.24448707943897785
correct_CP,CO[C@@H]1CN(C)C(=O)c2ccc(NS(=O)(=O)c3ccccc3C)cc2OC[C@@H](C)N(S(C)(=O)=O)C[C@H]1C,10.0262,0.46606516333784603,0.505031764210087,-0.011834361838229035,0.516866126048316,-0.17319217401591305
correct_CP,CO[C@@H]1CN(C)C(=O)c2ccc(NS(=O)(=O)c3ccccc3Cl)cc2OC[C@H](C)NC[C@@H]1C,9.9779,0.5195488390976107,0.575721586198366,-0.004166545574795224,0.5798881317731612,0.2464432831107029
correct_CP,CO[C@@H]1CN(C)C(=O)c2ccc(NS(=O)(=O)c3ccccc3F)cc2OC[C@H](C)NC[C@H]1C,9.99456,0.42741222822557606,0.45672620823135146,-0.01286119732866005,0.4695874055600115,0.22662524434606648
correct_CP,CO[C@@H]1CN(C)C(=O)c2ccc(NS(=O)(=O)c3cn(C)cn3)cc2OC[C@@H](C)N(Cc2cccc(C(F)(F)F)c2)C[C@H]1C,9.96955,-0.20004880097212555,-0.2027833889169215,0.018933522496095957,-0.22171691141301744,-0.257028329427399
correct_CP,CO[C@@H]1CN(C)C(=O)c2ccc(NS(=O)(=O)c3cn(C)cn3)cc2OC[C@H](C)N(Cc2cccc(F)c2)C[C@H]1C,9.96432,0.1104857410499115,0.11093863292973871,-0.015033991385036043,0.12597262431477477,0.30449056598374624
correct_CP,CO[C@@H]1CN(C)C(=O)c2ccc(NS(=O)(=O)c3cn(C)cn3)cc2OC[C@H](C)NC[C@H]1C,10.0571,0.18692045958123732,0.1891442211444631,0.013405111622861784,0.17573910952160132,0.10167568743052771
correct_CP,CO[C@@H]1CN(C)C(=O)c2ccc(NS(C)(=O)=O)cc2OC[C@@H](C)N(Cc2ccccn2)C[C@H]1C,9.97834,-0.01144341225310154,-0.01144391180372072,0.011338030721663343,-0.022781942525384062,-0.3662933293722063
correct_CP,CO[C@@H]1CN(C)C(=O)c2ccc(NS(C)(=O)=O)cc2OC[C@@H](C)N(Cc2nccs2)C[C@H]1C,10.2058,0.0711444462947945,0.07126484545222274,-0.04130792253372408,0.11257276798594681,0.11080545297564812
correct_CP,CO[C@@H]1CN(C)C(=O)c2ccc(NS(C)(=O)=O)cc2OC[C@@H](C)N(S(C)(=O)=O)C[C@H]1C,10.0512,0.06672676868515219,0.06682606688637548,-0.08215501259510727,0.14898107948148276,0.1320134621905682
correct_CP,CO[C@@H]1CN(C)C(=O)c2ccc(NS(C)(=O)=O)cc2OC[C@H](C)N(C)C[C@H]1C,10.0347,0.03359234740645902,0.033604991683087816,0.05316470934102838,-0.01955971765794056,-0.028285124265787033
correct_CP,CO[C@@H]1CN(C)C(=O)c2ccc(NS(C)(=O)=O)cc2OC[C@H](C)N(Cc2ccccc2)C[C@H]1C,9.97788,0.2851689152991307,0.2932995853374296,-0.001828911166627591,0.2951284965040572,-0.07474772626993675
correct_CP,CO[C@@H]1CN(C)C(=O)c2cccc(C#N)c2OC[C@H]2O[C@H](CC[C@H]2OC)CCN(C)C(=O)[C@H]1C,10.0074,0.04575032142880915,0.04578228145147994,-0.06240662724562433,0.10818890869710426,0.31254904092963487
correct_CP,CO[C@H](C(=O)N(C)C[C@@H]1OCc2ccccc2-c2c(n(C)c3ccccc23)C(=O)N([C@H](C)CO)C[C@H]1C)c1ccccc1,9.89076,0.17093321548752646,0.17262780885880125,0.08049665339638597,0.09213115546241528,-0.1081004172640144
correct_CP,CO[C@H](CN(C)C(=O)C1CC1)[C@@H](C)CN(C(=O)Nc1ccc(C(F)(F)F)cc1)[C@@H](C)CO,9.54397,0.0838041463031263,0.08400116646735802,-0.008548664163625829,0.09254983063098385,0.15428662671028764
correct_CP,CO[C@H](CN(C)C(=O)C1CCOCC1)[C@@H](C)CN(C(=O)Nc1ccc(C(F)(F)F)cc1)[C@@H](C)CO,10.0047,0.18647493267915224,0.18868260409607196,-0.013708678439506988,0.20239128253557895,0.06749676161863585
correct_CP,CO[C@H](CN(C)C(=O)C1CCOCC1)[C@@H](C)CN(C(=O)Nc1ccc(C(F)(F)F)cc1)[C@H](C)CO,10.0397,-0.295537309992071,-0.3046227144353867,0.04092695819270732,-0.345549672628094,-0.42837786082173485
correct_CP,CO[C@H](CN(C)C(=O)C1CCOCC1)[C@@H](C)CN(C(=O)Nc1ccc(F)cc1)[C@H](C)CO,10.0149,0.18446652340569644,0.18660264468692583,-0.006341595709822947,0.1929442403967488,-0.11280402832509968
correct_CP,CO[C@H](CN(C)C(=O)C1CCOCC1)[C@H](C)CN(C(=O)Nc1ccc(C(F)(F)F)cc1)[C@@H](C)CO,10.8327,0.1906362202645111,0.19299730009906502,-0.08546466188855156,0.2784619619876166,-0.20174653756376754
correct_CP,CO[C@H](CN(C)C(=O)C1CCOCC1)[C@H](C)CN([C@@H](C)CO)S(=O)(=O)c1ccccc1,10.0134,0.07543420977033376,0.0755777818703625,0.017142243522533455,0.058435538347829045,0.04051471410601324
correct_CP,CO[C@H](CN(C)C(=O)c1ccc2c(c1)OCO2)[C@@H](C)CN([C@@H](C)CO)S(=O)(=O)c1ccc(C)cc1,9.48517,0.29451276589282027,0.30350049223493764,0.19605301840245873,0.1074474738324789,-0.1776488245281793
correct_CP,CO[C@H](CN(C)C(=O)c1ccc2c(c1)OCO2)[C@@H](C)CN([C@H](C)CO)S(=O)(=O)c1ccccc1,10.0334,0.3794680957899527,0.3994381228783712,0.0459920754862144,0.3534460473921568,0.1018823036787912
correct_CP,CO[C@H](CN(C)C(=O)c1ccccc1F)[C@H](C)CN([C@H](C)CO)S(=O)(=O)c1ccc(Cl)cc1,9.54788,0.020461086793006424,0.02046394289655614,-0.07153667710711661,0.09200062000367276,-0.05119761698581518
correct_CP,CO[C@H](CN(C)CC1CCOCC1)[C@H](C)CN(C(=O)Nc1ccc(F)cc1)[C@H](C)CO,10.7651,0.39468467716855576,0.41733705690715467,0.06317846770355098,0.35415858920360366,-0.2453041077561944
correct_CP,CO[C@H](CN(C)Cc1ccc(-c2ccccn2)cc1)[C@@H](C)CN(C(=O)Nc1ccc(F)cc1)[C@@H](C)CO,10.7731,0.10362220432586303,0.10399549548999057,0.014532077895709556,0.08946341759428102,-0.06128582445374277
correct_CP,CO[C@H](CN(C)Cc1nccs1)[C@@H](C)CN([C@H](C)CO)S(=O)(=O)c1ccc(F)cc1,10.8571,0.4928540571055371,0.5398231116742971,-0.15828018623392864,0.6981032979082258,0.1272752151632536
correct_CP,CO[C@H](CN(C)Cc1nccs1)[C@H](C)CN([C@@H](C)CO)S(=O)(=O)c1ccc(F)cc1,10.0346,0.26836696475057487,0.2751032136055229,-0.025484316364348544,0.3005875299698715,0.08435900748603875
correct_CP,CO[C@H](CN(C)Cc1nccs1)[C@H](C)CN([C@H](C)CO)S(=O)(=O)c1ccc(F)cc1,10.0145,-0.0578006258528895,-0.05786512413376476,-0.0018408576910137944,-0.056024266442750964,0.04747039758417097
correct_CP,CO[C@H](CN(C)S(=O)(=O)c1ccc(C)cc1)[C@@H](C)CN(C(=O)Nc1ccccc1F)[C@@H](C)CO,9.46685,0.23112450615017793,0.23537710676129991,0.1619325953399945,0.07344451142130543,-0.14627499272906613
correct_CP,CO[C@H](CN(C)S(=O)(=O)c1ccc(C)cc1)[C@@H](C)CN(Cc1ccccc1Cl)[C@@H](C)CO,10.617,-0.20243389020884053,-0.2052691479990878,-0.031255738961061465,-0.17401340903802634,-0.05160383596847289
correct_CP,CO[C@H](CN(C)S(=O)(=O)c1ccc(C)cc1)[C@H](C)CN(Cc1ccccc1Cl)[C@H](C)CO,10.0893,-0.21959350837535166,-0.22322898265335414,0.04657977395999405,-0.2698087566133482,-0.06897751310525935
correct_CP,CO[C@H](CN(C)S(=O)(=O)c1cccc(Cl)c1)[C@H](C)CN([C@@H](C)CO)S(=O)(=O)c1cccc(Cl)c1,10.7871,-0.10793904493546508,-0.10836119333918595,0.0701636591412372,-0.17852485248042316,0.1400021151329999
correct_CP,CO[C@H](CN(C)S(=O)(=O)c1ccccc1)[C@@H](C)CN(Cc1ccccc1Cl)[C@H](C)CO,9.90679,-0.33050227754621736,-0.3433920194747425,0.05700158863440858,-0.4003936081091511,0.2810620666117472
correct_CP,CO[C@H](CN(C)S(=O)(=O)c1cn(C)cn1)[C@@H](C)CN(C(=O)Nc1ccc(C(F)(F)F)cc1)[C@@H](C)CO,9.4895,-0.4361967067547189,-0.4675241514124959,0.15791550411013816,-0.625439655522634,0.10631128771669646
correct_CP,CO[C@H](CN(C)S(=O)(=O)c1cn(C)cn1)[C@@H](C)CN(C(=O)Nc1ccc(F)cc1)[C@H](C)CO,10.0209,-0.03677773662138825,-0.03679433197055759,-0.00845594566681701,-0.02833838630374058,-0.11392061503470793
correct_CP,CO[C@H](CN(C)S(=O)(=O)c1cn(C)cn1)[C@H](C)CN(C(=O)Nc1ccc(C(F)(F)F)cc1)[C@H](C)CO,9.77082,0.2554167860647203,0.26119913971636255,-0.02330394945132508,0.28450308916768763,0.21334873485002567
correct_CP,CO[C@H]1CC[C@@H]2CCN(C)C(=O)[C@@H](C)[C@H](OC)CN(C)C(=O)c3cc(C#N)ccc3OC[C@H]1O2,10.0221,0.46179708617010434,0.49959309321085943,-0.023221162099537233,0.5228142553103967,-0.04394284088974282
correct_CP,CO[C@H]1CC[C@@H]2CCOc3c(C#N)cccc3C(=O)N(C)C[C@@H](C)C(=O)N(C)C[C@@H]1O2,10.0379,-0.2776586356441856,-0.2851433300124211,-0.1628322723746961,-0.12231105763772498,-0.5054086763928104
correct_CP,CO[C@H]1CC[C@@H]2CCOc3c(C#N)cccc3C(=O)N(C)C[C@H](c3ccccc3)CC(=O)N(C)C[C@@H]1O2,10.0322,0.08923156308904534,0.08946952963472421,-0.1685330813586852,0.2580026109934094,0.12744689716050037
correct_CP,CO[C@H]1CC[C@@H]2CCOc3c(C#N)cccc3C(=O)N(C)C[C@H](c3ccccc3)CC(=O)N(C)C[C@H]1O2,10.0613,0.5997178039192419,0.692706365776642,0.11049922385168615,0.5822071419249559,-0.13049714359483616
correct_CP,CO[C@H]1CC[C@@H]2CCOc3c(C#N)cccc3C(=O)N(C)[C@@H](C)C(=O)N(C)C[C@H]1O2,10.0383,0.5189651363036841,0.574922400707011,-0.16854797425045054,0.7434703749574615,-0.11794355422299874
correct_CP,CO[C@H]1CC[C@H]2CCN(C)C(=O)[C@H](C)[C@H](OC)CN(C)C(=O)c3cccc(C#N)c3OC[C@@H]1O2,10.0367,0.18052794729939495,0.18252836781522905,-0.03577199877313639,0.21830036658836544,0.04098200347291945
correct_CP,CO[C@H]1CC[C@H]2CCOc3c(C#N)cccc3C(=O)N(C)C[C@@H](C)C(=O)N(C)C[C@@H]1O2,10.0097,0.0875820593721107,0.0878070318380784,-0.14907487631115499,0.23688190814923338,0.19655585099927325
correct_CP,CO[C@H]1CC[C@H]2CCOc3c(C#N)cccc3C(=O)N(C)C[C@H](c3ccccc3)CC(=O)N(C)C[C@@H]1O2,10.0322,-0.22120461546938525,-0.224922346606594,0.09809590708358298,-0.323018253690177,-0.12154638793926405
correct_CP,CO[C@H]1CN(C)C(=O)c2cc(NC(=O)C3CC3)ccc2OC[C@@H](C)N(C(=O)CN(C)C)C[C@H]1C,10.0373,0.051772782532871396,0.051819114687573796,-0.0035994822233127374,0.05541859691088653,0.11361805851546894
correct_CP,CO[C@H]1CN(C)C(=O)c2cc(NC(=O)C3CC3)ccc2OC[C@@H](C)N(C(=O)CN2CCOCC2)C[C@H]1C,10.0119,0.21928854014992483,0.22290858592451562,0.010090795329631039,0.2128177905948846,0.10788823300326346
correct_CP,CO[C@H]1CN(C)C(=O)c2cc(NC(=O)C3CC3)ccc2OC[C@@H](C)N(C(=O)NC(C)C)C[C@@H]1C,9.95577,-0.22208204839083157,-0.22584511111324745,-0.0025693538716814457,-0.223275757241566,0.03374377037064781
correct_CP,CO[C@H]1CN(C)C(=O)c2cc(NC(=O)C3CC3)ccc2OC[C@@H](C)N(CCC(F)(F)F)C[C@@H]1C,10.0886,0.11761425889656772,0.11816112888543523,-0.009932001816417745,0.12809313070185296,0.06511698825319896
correct_CP,CO[C@H]1CN(C)C(=O)c2cc(NC(=O)C3CC3)ccc2OC[C@@H](C)N(CCc2ccccc2)C[C@@H]1C,10.0335,0.15028863866820272,0.15143573154941034,0.016779649649909335,0.134656081899501,-0.003791970899607141
correct_CP,CO[C@H]1CN(C)C(=O)c2cc(NC(=O)C3CC3)ccc2OC[C@H](C)N(C(=O)CN(C)C)C[C@@H]1C,10.0339,0.1643839925321426,0.16588913901365304,0.07844572085514512,0.08744341815850792,-0.12351718068662478
correct_CP,CO[C@H]1CN(C)C(=O)c2cc(NC(=O)C3CC3)ccc2OC[C@H](C)N(C(=O)CN(C)C)C[C@H]1C,10.1564,-0.2223255338893417,-0.2261012430036604,0.028741322595417118,-0.25484256559907753,-0.03968822611673071
correct_CP,CO[C@H]1CN(C)C(=O)c2cc(NC(=O)C3CC3)ccc2OC[C@H](C)N(C(=O)c2cccnc2)C[C@H]1C,10.0078,0.08872951322389891,0.08896347303719365,0.02882839822897073,0.06013507480822292,0.2883696423473802
correct_CP,CO[C@H]1CN(C)C(=O)c2cc(NC(=O)C3CC3)ccc2OC[C@H](C)N(CC2CCCC2)C[C@@H]1C,10.0289,-0.08438022169104253,-0.0845813445987692,-0.007209200665360916,-0.07737214393340829,-0.3034010645376352
correct_CP,CO[C@H]1CN(C)C(=O)c2cc(NC(=O)C3CCC3)ccc2OC[C@@H](C)N(C)C[C@@H]1C,9.91722,0.11443135268191201,0.11493478909806666,-0.06176077641712616,0.17669556551519283,0.006709651944534524
correct_CP,CO[C@H]1CN(C)C(=O)c2cc(NC(=O)C3CCC3)ccc2OC[C@@H](C)N(Cc2ccncc2)C[C@H]1C,9.9998,0.2547791222767376,0.26051709164353326,0.05254723664952356,0.20796985499400972,0.1316059016726504
correct_CP,CO[C@H]1CN(C)C(=O)c2cc(NC(=O)C3CCC3)ccc2OC[C@H](C)N(C)C[C@@H]1C,10.0538,0.23269511282738214,0.23703698573331577,0.07462274931850738,0.1624142364148084,0.2062878668026405
correct_CP,CO[C@H]1CN(C)C(=O)c2cc(NC(=O)C3CCCCC3)ccc2OC[C@H](C)N(C(=O)c2ccccc2)C[C@H]1C,10.0415,0.09513653797958967,0.09542513253692866,-0.0025882637243090905,0.09801339626123776,-0.17297294422562887
correct_CP,CO[C@H]1CN(C)C(=O)c2cc(NC(=O)C3CCOCC3)ccc2OC[C@H](C)N(CC2CC2)C[C@H]1C,10.0251,0.6728365551478427,0.8159080615855997,-0.011041970133340673,0.8269500317189403,-0.21529564768114365
correct_CP,CO[C@H]1CN(C)C(=O)c2cc(NC(=O)Cc3ccccc3)ccc2OC[C@H](C)N(C(C)=O)C[C@@H]1C,9.99207,-0.32310132722652946,-0.33510607969822753,0.08847173295654948,-0.423577812654777,-0.14331654814025285
correct_CP,CO[C@H]1CN(C)C(=O)c2cc(NC(=O)Cc3ccccc3)ccc2OC[C@H](C)NC[C@H]1C,10.0865,0.21565553253540565,0.2190952238045333,0.06352381124411624,0.15557141256041707,-0.08770653386825036
correct_CP,CO[C@H]1CN(C)C(=O)c2cc(NC(=O)NC(C)C)ccc2OC[C@@H](C)N(C(=O)C2CCC2)C[C@@H]1C,10.0525,0.03440342383600137,0.03441700672999937,-0.0008624976720849192,0.03527950440208429,-0.15960106282801356
correct_CP,CO[C@H]1CN(C)C(=O)c2cc(NC(=O)NC(C)C)ccc2OC[C@@H](C)N(C)C[C@H]1C,10.1107,0.21840713143167964,0.2219828390669117,-0.030519733047498686,0.2525025721144104,-0.00813414720194331
correct_CP,CO[C@H]1CN(C)C(=O)c2cc(NC(=O)NC(C)C)ccc2OC[C@@H](C)N(Cc2ccccc2)C[C@@H]1C,10.1047,0.082797249453738,0.08298723384509125,0.01180105834053342,0.07118617550455783,-0.08709156299758053
correct_CP,CO[C@H]1CN(C)C(=O)c2cc(NC(=O)NC(C)C)ccc2OC[C@@H](C)N(Cc2ccccc2)C[C@H]1C,10.0109,0.23147648061583065,0.23574897621714302,0.006877780557838423,0.2288711956593046,-0.28030091510471095
correct_CP,CO[C@H]1CN(C)C(=O)c2cc(NC(=O)NC(C)C)ccc2OC[C@H](C)N(C(=O)C2CCC2)C[C@@H]1C,10.0065,0.27436704642654597,0.2815802933819669,0.04104043019541957,0.2405398631865473,-0.08484758353699241
correct_CP,CO[C@H]1CN(C)C(=O)c2cc(NC(=O)NC(C)C)ccc2OC[C@H](C)N(C)C[C@@H]1C,10.1362,0.06790862731608353,0.06801330583607348,0.01894752963992049,0.049065776196152995,-0.22972820292836205
correct_CP,CO[C@H]1CN(C)C(=O)c2cc(NC(=O)NC(C)C)ccc2OC[C@H](C)N(C)C[C@H]1C,9.86182,0.29331428056836845,0.302188686113523,-0.004143916492480726,0.30633260260600376,0.21290215606118165
correct_CP,CO[C@H]1CN(C)C(=O)c2cc(NC(=O)NC3CCCCC3)ccc2OC[C@@H](C)N(CC2CC2)C[C@H]1C,9.99196,-0.0943125235664105,-0.09459365746810777,0.02121597652228497,-0.11580963399039274,-0.18766718771099083
correct_CP,CO[C@H]1CN(C)C(=O)c2cc(NC(=O)Nc3ccc(Cl)c(Cl)c3)ccc2OC[C@@H](C)NC[C@H]1C,10.091,0.1023128352642692,0.10267209513017267,0.05181487805398886,0.05085721707618381,0.06487527749809174
correct_CP,CO[C@H]1CN(C)C(=O)c2cc(NC(=O)Nc3ccc(Cl)cc3)ccc2OC[C@@H](C)N(C(=O)Nc2c(C)noc2C)C[C@H]1C,9.94028,-0.13252789416889801,-0.13331206551204292,0.0299551133122733,-0.1632671788243162,0.09751848493617565
correct_CP,CO[C@H]1CN(C)C(=O)c2cc(NC(=O)Nc3ccc(Cl)cc3)ccc2OC[C@@H](C)NC[C@@H]1C,10.0635,-0.2385462892046354,-0.24323211991658106,0.007269738225607367,-0.25050185814218845,0.0736625722705247
correct_CP,CO[C@H]1CN(C)C(=O)c2cc(NC(=O)Nc3ccc(Cl)cc3)ccc2OC[C@H](C)N(C)C[C@H]1C,10.0178,-0.0958606658281459,-0.09615592523555669,-0.0026597355311683,-0.09349618970438839,0.061528353133091705
correct_CP,CO[C@H]1CN(C)C(=O)c2cc(NC(=O)Nc3cccc(Cl)c3)ccc2OC[C@@H](C)NC[C@H]1C,9.9504,-0.0510204149633122,-0.05106475435598409,-0.03656346131633911,-0.01450129303964498,0.10636150650079898
correct_CP,CO[C@H]1CN(C)C(=O)c2cc(NC(=O)Nc3cccc(Cl)c3)ccc2OC[C@H](C)NC[C@@H]1C,10.0555,0.26443058754149407,0.2708661306452564,0.056865588559264574,0.2140005420859918,-0.041969960820118904
correct_CP,CO[C@H]1CN(C)C(=O)c2cc(NC(=O)Nc3cccc(F)c3)ccc2OC[C@@H](C)N(C(=O)Nc2c(C)noc2C)C[C@@H]1C,9.98754,-0.23183832735237772,-0.23613134271536934,-0.015206125744514382,-0.22092521697085496,0.08867976265241505
correct_CP,CO[C@H]1CN(C)C(=O)c2cc(NC(=O)Nc3cccc(F)c3)ccc2OC[C@@H](C)N(C)C[C@@H]1C,10.0462,0.38878273833521293,0.41036521746431254,0.08993808074490717,0.32042713671940537,-0.15047717318031384
correct_CP,CO[C@H]1CN(C)C(=O)c2cc(NC(=O)Nc3cccc(F)c3)ccc2OC[C@H](C)N(C)C[C@H]1C,10.0149,-0.03408588824466193,-0.0340990983259138,0.011125039860985548,-0.04522413818689935,0.027884680948087888
correct_CP,CO[C@H]1CN(C)C(=O)c2cc(NC(=O)Nc3ccccc3)ccc2OC[C@@H](C)N(C(=O)CN(C)C)C[C@@H]1C,10.0476,-0.36631068513917325,-0.3841553305648488,0.025108289407728142,-0.40926361997257693,0.10936855812935276
correct_CP,CO[C@H]1CN(C)C(=O)c2cc(NC(=O)Nc3ccccc3)ccc2OC[C@@H](C)N(C(C)=O)C[C@H]1C,10.0922,0.11886075884065608,0.11942530228376802,0.07164067636760639,0.04778462591616163,-0.10945773528508834
correct_CP,CO[C@H]1CN(C)C(=O)c2cc(NC(=O)Nc3ccccc3F)ccc2OC[C@H](C)N(C(C)=O)C[C@H]1C,10.0528,-0.1581642521727876,-0.15950328397772587,0.03614054340509046,-0.19564382738281633,-0.4819431979638291
correct_CP,CO[C@H]1CN(C)C(=O)c2cc(NC(=O)c3cc(C)on3)ccc2OC[C@@H](C)N(C(C)=O)C[C@H]1C,9.94768,0.13823915156398575,0.13912997460276408,-0.02239761661096517,0.16152759121372925,0.0162329016917353
correct_CP,CO[C@H]1CN(C)C(=O)c2cc(NC(=O)c3cc(C)on3)ccc2OC[C@@H](C)NC[C@H]1C,9.8982,0.32719297981382917,0.3396814532514517,0.006454895420244069,0.33322655783120764,0.014599313976731238
correct_CP,CO[C@H]1CN(C)C(=O)c2cc(NC(=O)c3ccc(F)cc3)ccc2OC[C@H](C)NC[C@@H]1C,10.0095,0.24937625184157575,0.2547475910639385,-0.0017952668059059741,0.2565428578698445,0.13565851036684595
correct_CP,CO[C@H]1CN(C)C(=O)c2cc(NC(=O)c3ccc4c(c3)OCO4)ccc2OC[C@@H](C)N(CC2CC2)C[C@@H]1C,10.0567,-0.17562499744140522,-0.17746483565183385,0.04541726594846881,-0.22288210160030267,0.17624381334081649
correct_CP,CO[C@H]1CN(C)C(=O)c2cc(NC(=O)c3cccc(F)c3)ccc2OC[C@@H](C)N(C)C[C@@H]1C,10.0577,0.055882024544566165,0.05594030325378546,0.04310722531195869,0.012833077941826775,0.04718918783885138
correct_CP,CO[C@H]1CN(C)C(=O)c2cc(NC(=O)c3cccc(F)c3)ccc2OC[C@@H](C)N(C)C[C@H]1C,10.0249,-0.030414253278945595,-0.03042363648714837,-0.0033679986606421717,-0.027055637826506197,0.06971926810655331
correct_CP,CO[C@H]1CN(C)C(=O)c2cc(NC(=O)c3ccccc3)ccc2OC[C@@H](C)N(CC2CC2)C[C@H]1C,10.0112,0.23672412618077593,0.24130089924933368,-0.018009632433530088,0.2593105316828638,0.8279327643432618
correct_CP,CO[C@H]1CN(C)C(=O)c2cc(NC(=O)c3ccccc3F)ccc2OC[C@@H](C)N(C(C)=O)C[C@H]1C,10.0158,0.24801075431113787,0.2532920716134076,0.0002808679240236334,0.25301120368938396,-0.16205689154999284
correct_CP,CO[C@H]1CN(C)C(=O)c2cc(NC(=O)c3ccccc3F)ccc2OC[C@H](C)N(CC2CCOCC2)C[C@H]1C,10.0742,0.175541556278471,0.17737874021054564,0.02971995951540077,0.14765878069514488,-0.08349727842886075
correct_CP,CO[C@H]1CN(C)C(=O)c2cc(NC(=O)c3ccno3)ccc2OC[C@@H](C)N(S(C)(=O)=O)C[C@H]1C,10.0273,0.013872791905895845,0.013873681968416606,-0.01769026720659299,0.0315639491750096,-0.3416918883538299
correct_CP,CO[C@H]1CN(C)C(=O)c2cc(NC(=O)c3cnccn3)ccc2OC[C@@H](C)N(C(=O)C2CC2)C[C@H]1C,10.0584,0.018902289189814334,0.01890454091337441,0.036749901367726545,-0.017845360454352137,0.10432948143815868
correct_CP,CO[C@H]1CN(C)C(=O)c2cc(NC(=O)c3cnccn3)ccc2OC[C@H](C)N(C(=O)C2CC2)C[C@@H]1C,10.0376,-0.06540381297125919,-0.06549731145924736,-0.02036795584285819,-0.04512935561638917,0.1259594670799283
correct_CP,CO[C@H]1CN(C)C(=O)c2cc(NC(C)=O)ccc2OC[C@@H](C)N(C(=O)C2CC2)C[C@@H]1C,10.0589,0.4228600616599668,0.4511697441666024,0.05301116098085907,0.3981585831857433,0.009623073032170644
correct_CP,CO[C@H]1CN(C)C(=O)c2cc(NC(C)=O)ccc2OC[C@@H](C)N(C(=O)CC2CC2)C[C@@H]1C,9.7775,0.029101448971596073,0.029109668432674228,-0.06867305701998676,0.09778272545266098,0.24088965014135783
correct_CP,CO[C@H]1CN(C)C(=O)c2cc(NC(C)=O)ccc2OC[C@@H](C)N(C(=O)CC2CC2)C[C@H]1C,10.1378,-0.18260264101980272,-0.18467378824573324,0.06230591533460502,-0.24697970358033827,-0.04460879964630691
correct_CP,CO[C@H]1CN(C)C(=O)c2cc(NC(C)=O)ccc2OC[C@@H](C)N(Cc2ccccn2)C[C@@H]1C,9.95434,-0.06140664089163877,-0.06148399954174323,0.17288817746205964,-0.23437217700380286,-0.09656404959534667
correct_CP,CO[C@H]1CN(C)C(=O)c2cc(NC(C)=O)ccc2OC[C@@H](C)N(Cc2ccccn2)C[C@H]1C,9.97721,0.010210872717620046,0.01021122760822503,0.1653580822840554,-0.1551468546758304,0.18625458645144066
correct_CP,CO[C@H]1CN(C)C(=O)c2cc(NC(C)=O)ccc2OC[C@@H](C)N(S(=O)(=O)c2cn(C)cn2)C[C@@H]1C,9.9714,0.07600674199885354,0.0761536157103911,0.0265618639992139,0.049591751711177204,0.13311733346859006
correct_CP,CO[C@H]1CN(C)C(=O)c2cc(NC(C)=O)ccc2OC[C@H](C)N(C(=O)C2CC2)C[C@@H]1C,10.1042,0.5198841654496958,0.5761810036135822,0.06565218723104344,0.5105288163825388,0.12663749923486078
correct_CP,CO[C@H]1CN(C)C(=O)c2cc(NC(C)=O)ccc2OC[C@H](C)N(C(=O)c2ccc(F)cc2)C[C@H]1C,10.016,-0.01568689627663072,-0.015688183203738906,0.06361872048377787,-0.07930690368751678,-0.0589477526490066
correct_CP,CO[C@H]1CN(C)C(=O)c2cc(NC(C)=O)ccc2OC[C@H](C)N(C(=O)c2ccccn2)C[C@H]1C,10.1286,0.1268877828978817,0.12757542402869979,0.09987736272549835,0.027698061303201432,-0.0022948822959694137
correct_CP,CO[C@H]1CN(C)C(=O)c2cc(NC(C)=O)ccc2OC[C@H](C)N(Cc2ccc(F)cc2)C[C@H]1C,9.9845,0.36687414270707813,0.3848062675855449,0.1224708877439164,0.2623353798416285,0.06008441135300113
correct_CP,CO[C@H]1CN(C)C(=O)c2cc(NC(C)=O)ccc2OC[C@H](C)N(Cc2cccnc2)C[C@@H]1C,10.065,0.26980393985747747,0.27665235792497644,-0.006990141976113588,0.28364249990109003,-0.04495174850953025
correct_CP,CO[C@H]1CN(C)C(=O)c2cc(NC(C)=O)ccc2OC[C@H](C)N(S(=O)(=O)c2cn(C)cn2)C[C@@H]1C,10.0692,0.4991923465397641,0.5482298521519927,0.009146663959966134,0.5390831881920266,-0.429298729791618
correct_CP,CO[C@H]1CN(C)C(=O)c2cc(NC(C)=O)ccc2OC[C@H](C)N(S(C)(=O)=O)C[C@H]1C,10.0069,0.15489316952077645,0.15615003939401292,0.05031336552363303,0.1058366738703799,-0.10585792865135285
correct_CP,CO[C@H]1CN(C)C(=O)c2cc(NS(=O)(=O)CC(F)(F)F)ccc2OC[C@H](C)N(Cc2nccs2)C[C@H]1C,10.079,-0.20929165947511558,-0.21243044224028695,0.021001123462629136,-0.2334315657029161,0.008780771324426444
correct_CP,CO[C@H]1CN(C)C(=O)c2cc(NS(=O)(=O)c3c(C)noc3C)ccc2OC[C@H](C)NC[C@H]1C,9.93892,0.14934031086796656,0.1504656303529583,0.02814923842409922,0.12231639192885907,-0.10018683091693546
correct_CP,CO[C@H]1CN(C)C(=O)c2cc(NS(=O)(=O)c3ccc(-c4ccccc4)cc3)ccc2OC[C@@H](C)NC[C@@H]1C,10.0426,0.21541187898421327,0.21883969994770644,0.13799228513261508,0.08084741481509136,0.03937380701904156
correct_CP,CO[C@H]1CN(C)C(=O)c2cc(NS(=O)(=O)c3ccc(-c4ccccc4)cc3)ccc2OC[C@@H](C)NC[C@H]1C,9.9484,-0.06477448761981734,-0.06486530854463246,0.055419310783782816,-0.12028461932841528,0.031631386396545016
correct_CP,CO[C@H]1CN(C)C(=O)c2cc(NS(=O)(=O)c3ccc(C)cc3)ccc2OC[C@@H](C)N(C)C[C@H]1C,10.0885,0.09558416186039036,0.09587686429178008,0.017134758574566714,0.07874210571721336,0.066931615207565
correct_CP,CO[C@H]1CN(C)C(=O)c2cc(NS(=O)(=O)c3ccc(C)cc3)ccc2OC[C@@H](C)N(Cc2nccs2)C[C@H]1C,10.061844,0.03568310498940895,0.03569826147887077,-0.08124729916304888,0.11694556064191965,-0.14668729726352056
correct_CP,CO[C@H]1CN(C)C(=O)c2cc(NS(=O)(=O)c3ccc(C)cc3)ccc2OC[C@H](C)N(C(=O)NC(C)C)C[C@@H]1C,9.9591,0.36465249074200884,0.3822414908971975,0.01449569120699345,0.36774579969020404,0.13587210443540038
correct_CP,CO[C@H]1CN(C)C(=O)c2cc(NS(=O)(=O)c3cccc(F)c3)ccc2OC[C@@H](C)N(Cc2cc(F)ccc2F)C[C@@H]1C,9.95291,0.24441249937605639,0.24946160815073765,0.05269603062341414,0.19676557752732352,0.22900789691341414
correct_CP,CO[C@H]1CN(C)C(=O)c2cc(NS(=O)(=O)c3cccc(F)c3)ccc2OC[C@H](C)N(C(=O)Cc2cccnc2)C[C@@H]1C,10.0575,0.0030084127737657305,0.0030084218497425028,0.016130632380874477,-0.013122210531131974,-0.06431168227795545
correct_CP,CO[C@H]1CN(C)C(=O)c2cc(NS(=O)(=O)c3cccc(F)c3)ccc2OC[C@H](C)N(Cc2cc(F)ccc2F)C[C@@H]1C,10.0227,0.009209678190643354,0.009209938586586032,0.08412753336586193,-0.0749175947792759,0.0015413787766207498
correct_CP,CO[C@H]1CN(C)C(=O)c2cc(NS(=O)(=O)c3cccc(F)c3)ccc2OC[C@H](C)NC[C@H]1C,9.94174,-0.058500171763135225,-0.05856704359182829,0.08115359567523298,-0.13972063926706127,-0.07596182730962592
correct_CP,CO[C@H]1CN(C)C(=O)c2cc(NS(=O)(=O)c3cn(C)cn3)ccc2OC[C@@H](C)N(C)C[C@@H]1C,10.0836,0.10177143402910938,0.10212499717037889,0.04119299654261725,0.060932000627761634,-0.11675352223754579
correct_CP,CO[C@H]1CN(C)C(=O)c2cc(NS(=O)(=O)c3cn(C)cn3)ccc2OC[C@H](C)N(C)C[C@H]1C,10.007,0.2193757482467886,0.22300020132595622,-0.011259830970092116,0.23426003229604833,0.21599515891695822
correct_CP,CO[C@H]1CN(C)C(=O)c2cc(NS(C)(=O)=O)ccc2OC[C@@H](C)N(C(=O)C2CCOCC2)C[C@@H]1C,10.0213,0.42191809569932676,0.45002322458373123,-0.010430443582250482,0.4604536681659817,0.1571593730878233
correct_CP,CO[C@H]1CN(C)C(=O)c2cc(NS(C)(=O)=O)ccc2OC[C@@H](C)N(CC2CCOCC2)C[C@@H]1C,10.0899,0.4098213376272878,0.4353964779002165,-0.02991390601673445,0.46531038391695095,0.20740580799278335
correct_CP,CO[C@H]1CN(C)C(=O)c2cc(NS(C)(=O)=O)ccc2OC[C@H](C)N(S(C)(=O)=O)C[C@@H]1C,10.0115,0.1873373355572396,0.18957622469278212,0.04698728998905585,0.14258893470372627,-0.023474616603738657
correct_CP,CO[C@H]1CN(C)C(=O)c2ccc(NC(=O)C3CC3)cc2OC[C@@H](C)N(C(=O)C2CCCCC2)C[C@H]1C,9.97075,-0.05803720546383908,-0.0581025000472636,0.10948512593385074,-0.16758762598111432,0.03146521474646402
correct_CP,CO[C@H]1CN(C)C(=O)c2ccc(NC(=O)C3CC3)cc2OC[C@@H](C)N(C(=O)c2ccncc2)C[C@H]1C,10.0458,0.5008896310981777,0.5504930236117498,-0.044831996062644715,0.5953250196743946,0.053926103885664954
correct_CP,CO[C@H]1CN(C)C(=O)c2ccc(NC(=O)C3CC3)cc2OC[C@@H](C)N(C(=O)c2cnccn2)C[C@H]1C,10.0459,0.1358414260618948,0.1366863565945393,0.06661603561738469,0.0700703209771546,0.07803500339334618
correct_CP,CO[C@H]1CN(C)C(=O)c2ccc(NC(=O)C3CC3)cc2OC[C@@H](C)N(C(C)=O)C[C@H]1C,9.94852,-0.03891825966766887,-0.03893792647688992,-0.03272073284906857,-0.006217193627821353,-0.06668870840886487
correct_CP,CO[C@H]1CN(C)C(=O)c2ccc(NC(=O)C3CC3)cc2OC[C@H](C)N(C(C)=O)C[C@H]1C,10.0453,-0.1999108126667869,-0.20263965230789688,-0.016501687021376336,-0.18613796528652055,0.009726348302835718
correct_CP,CO[C@H]1CN(C)C(=O)c2ccc(NC(=O)C3CC3)cc2OC[C@H](C)N(Cc2cc(F)ccc2F)C[C@H]1C,9.97673,-0.0804336264209579,-0.08060775980858549,0.04853721427666869,-0.1291449740852542,-0.07847537484588095
correct_CP,CO[C@H]1CN(C)C(=O)c2ccc(NC(=O)C3CCC3)cc2OC[C@@H](C)N(C(=O)CN(C)C)C[C@@H]1C,10.0091,0.008963106305326315,0.00896334634074099,0.0478356878562649,-0.03887234151552391,0.19849113518090056
correct_CP,CO[C@H]1CN(C)C(=O)c2ccc(NC(=O)C3CCC3)cc2OC[C@@H](C)N(C(=O)CN(C)C)C[C@H]1C,9.98711,-0.12082830465908065,-0.1214215198817459,0.04719683721998626,-0.16861835710173217,-0.04952648857929527
correct_CP,CO[C@H]1CN(C)C(=O)c2ccc(NC(=O)C3CCC3)cc2OC[C@@H](C)N(C(=O)NC(C)C)C[C@H]1C,10.0495,0.20477045704926064,0.20770676472663005,-0.01705020683083892,0.22475697155746896,0.06554368972031002
correct_CP,CO[C@H]1CN(C)C(=O)c2ccc(NC(=O)C3CCC3)cc2OC[C@H](C)N(C(=O)CN(C)C)C[C@H]1C,10.014,0.3765977219180406,0.3960891467445022,0.033564855876512756,0.36252429086798943,-0.06923278649899159
correct_CP,CO[C@H]1CN(C)C(=O)c2ccc(NC(=O)C3CCC3)cc2OC[C@H](C)N(C(=O)NC(C)C)C[C@H]1C,9.9593,-0.04193429358252052,-0.04195889982468009,0.11925142359889265,-0.16121032342357275,-0.0975766853546356
correct_CP,CO[C@H]1CN(C)C(=O)c2ccc(NC(=O)C3CCCC3)cc2OC[C@@H](C)N(S(C)(=O)=O)C[C@@H]1C,10.1113,-0.05271302491119828,-0.05276193038278552,-0.005048454359342567,-0.04771347602344295,0.23719191238290063
correct_CP,CO[C@H]1CN(C)C(=O)c2ccc(NC(=O)C3CCCC3)cc2OC[C@H](C)N(CCC(F)(F)F)C[C@H]1C,10.0294,0.3585365513193205,0.3752055648059968,0.11742062365454731,0.2577849411514495,-0.09394475246128527
correct_CP,CO[C@H]1CN(C)C(=O)c2ccc(NC(=O)C3CCCCC3)cc2OC[C@H](C)N(C)C[C@H]1C,9.95259,-0.06949654092403944,-0.06960875035565837,0.03368387185718901,-0.10329262221284738,-0.12152289991854556
correct_CP,CO[C@H]1CN(C)C(=O)c2ccc(NC(=O)C3CCOCC3)cc2OC[C@@H](C)N(C)C[C@H]1C,10.0566,0.16631104525828724,0.1678703585723036,0.018151786683439794,0.14971857188886378,0.0451487167813793
correct_CP,CO[C@H]1CN(C)C(=O)c2ccc(NC(=O)C3CCOCC3)cc2OC[C@@H](C)N(Cc2nccs2)C[C@H]1C,10.0084,-0.24841156742061968,-0.2537191995620934,0.025736277562750418,-0.2794554771248438,0.3673317919586998
correct_CP,CO[C@H]1CN(C)C(=O)c2ccc(NC(=O)C3CCOCC3)cc2OC[C@@H](C)NC[C@H]1C,10.001,-0.18957185680467162,-0.19189302865114036,0.00033594810553788136,-0.19222897675667824,0.07902179339386933
correct_CP,CO[C@H]1CN(C)C(=O)c2ccc(NC(=O)Cc3ccccc3)cc2OC[C@@H](C)N(C)C[C@@H]1C,10.001,0.34594087547757074,0.36082541565322857,0.00811998795074064,0.3527054277024879,0.5169106735452498
correct_CP,CO[C@H]1CN(C)C(=O)c2ccc(NC(=O)Cc3ccccc3)cc2OC[C@@H](C)N(C)C[C@H]1C,10.0354,-0.17749909684942564,-0.17939923909454392,-0.012942423411193558,-0.16645681568335036,-0.12271870444533506
correct_CP,CO[C@H]1CN(C)C(=O)c2ccc(NC(=O)Nc3cc(Cl)cc(Cl)c3)cc2OC[C@H](C)NC[C@H]1C,10.0419,0.18222621760339952,0.18428440819350816,-0.013004985395787611,0.1972893935892958,0.31049836188360136
correct_CP,CO[C@H]1CN(C)C(=O)c2ccc(NC(=O)Nc3cc(F)ccc3F)cc2OC[C@@H](C)N(C)C[C@@H]1C,9.98558,-0.2210274160018367,-0.22473603808788145,0.04470340877480986,-0.26943944686269133,-0.20453989555526494
correct_CP,CO[C@H]1CN(C)C(=O)c2ccc(NC(=O)Nc3cccc(F)c3)cc2OC[C@@H](C)N(C(C)=O)C[C@H]1C,10.0434,-0.0013144506188507979,-0.0013144513758789342,0.07222939969570386,-0.07354385107158279,0.07521161115217245
correct_CP,CO[C@H]1CN(C)C(=O)c2ccc(NC(=O)Nc3cccc(F)c3)cc2OC[C@H](C)N(C(C)=O)C[C@H]1C,9.96181,-0.16364823398912184,-0.16513304040837357,0.06857851565989052,-0.2337115560682641,-0.3089541911187287
correct_CP,CO[C@H]1CN(C)C(=O)c2ccc(NC(=O)Nc3ccccc3)cc2OC[C@H](C)N(C(=O)Nc2c(C)noc2C)C[C@H]1C,10.0861,-0.10940947332474198,-0.10984919545513862,-0.027322693720630495,-0.08252650173450812,-0.1421340341381625
correct_CP,CO[C@H]1CN(C)C(=O)c2ccc(NC(=O)Nc3ccccc3Cl)cc2OC[C@@H](C)NC[C@H]1C,10.0693,0.07608497594372242,0.07623230471164445,0.08538519040903234,-0.009152885697387883,-0.17020358293527876
correct_CP,CO[C@H]1CN(C)C(=O)c2ccc(NC(=O)Nc3ccccc3F)cc2OC[C@@H](C)N(Cc2ccccc2C(=O)O)C[C@@H]1C,10.012,-0.025678344988072744,-0.02568399112879989,-0.016797591260913555,-0.008886399867886335,0.0032195654534933737
correct_CP,CO[C@H]1CN(C)C(=O)c2ccc(NC(=O)c3cc(C)on3)cc2OC[C@@H](C)N(C)C[C@@H]1C,10.0658,-0.21748135090504195,-0.22101089123405593,0.0025592062623353267,-0.22357009749639126,0.38000329542849465
correct_CP,CO[C@H]1CN(C)C(=O)c2ccc(NC(=O)c3ccc(-c4ccccc4)cc3)cc2OC[C@@H](C)NC[C@@H]1C,9.98676,0.18492078076324428,0.1870729448116893,-0.08152952653805812,0.2686024713497474,0.2035750404583811
correct_CP,CO[C@H]1CN(C)C(=O)c2ccc(NC(=O)c3ccc(-c4ccccc4)cc3)cc2OC[C@H](C)NC[C@H]1C,10.0234,0.2638172083486386,0.2702067522429875,-0.007902345226646013,0.2781090974696335,0.3437127063569636
correct_CP,CO[C@H]1CN(C)C(=O)c2ccc(NC(=O)c3cccc(F)c3)cc2OC[C@@H](C)NC[C@H]1C,10.0472,0.5466941798017787,0.6136540737889525,0.12043535419580126,0.4932187195931513,0.041779820961444225
correct_CP,CO[C@H]1CN(C)C(=O)c2ccc(NC(=O)c3ccccc3)cc2OC[C@@H](C)N(C(=O)C2CC2)C[C@@H]1C,10.0316,0.2211021036747716,0.22481456325665006,0.01790825010106293,0.20690631315558713,-0.023125694237406978
correct_CP,CO[C@H]1CN(C)C(=O)c2ccc(NC(=O)c3ccccc3F)cc2OC[C@H](C)N(CC2CC2)C[C@H]1C,9.97283,-0.10982967219454622,-0.11027450504321626,0.05921578683761099,-0.16949029188082726,0.016443241576156495
correct_CP,CO[C@H]1CN(C)C(=O)c2ccc(NC(=O)c3ccno3)cc2OC[C@@H](C)NC[C@H]1C,9.83674,0.08044912902561824,0.080623363381081,0.020027047230909728,0.060596316150171275,-0.09556433419888571
correct_CP,CO[C@H]1CN(C)C(=O)c2ccc(NC(=O)c3cnccn3)cc2OC[C@H](C)NC[C@H]1C,9.93452,-0.021726897764509447,-0.021730317519083272,0.037693377365596664,-0.05942369488467994,0.17159961417640304
correct_CP,CO[C@H]1CN(C)C(=O)c2ccc(NC(=O)c3nc4ccccc4s3)cc2OC[C@@H](C)N(Cc2cccnc2)C[C@@H]1C,9.9667,0.4469285905729992,0.48085562563645534,0.036730965471391125,0.44412466016506424,0.32601316641120637
correct_CP,CO[C@H]1CN(C)C(=O)c2ccc(NC(C)=O)cc2OC[C@@H](C)N(C(=O)CN2CCOCC2)C[C@H]1C,9.95004,0.20350214337975572,0.2063832999141058,0.004812369007181568,0.20157093090692424,0.06069347046583204
correct_CP,CO[C@H]1CN(C)C(=O)c2ccc(NC(C)=O)cc2OC[C@@H](C)N(C(=O)Cc2cccnc2)C[C@@H]1C,10.0257,-0.2773861230569482,-0.2848480774638331,0.03462701738264974,-0.31947509484648284,-0.09511837924441083
correct_CP,CO[C@H]1CN(C)C(=O)c2ccc(NC(C)=O)cc2OC[C@@H](C)N(C(=O)c2ccccc2F)C[C@H]1C,10.0677,0.6305910862167964,0.7423968298685254,0.03680099398930885,0.7055958358792166,-0.08579871304525336
correct_CP,CO[C@H]1CN(C)C(=O)c2ccc(NC(C)=O)cc2OC[C@@H](C)N(CC2CC2)C[C@H]1C,9.99204,0.17087306980247371,0.17256585359145546,0.12525876661125934,0.04730708698019612,0.06783888410252656
correct_CP,CO[C@H]1CN(C)C(=O)c2ccc(NC(C)=O)cc2OC[C@@H](C)NC[C@H]1C,10.0876,0.18673597878934756,0.18895306819980726,0.06080524247634665,0.12814782572346062,0.15338248422341544
correct_CP,CO[C@H]1CN(C)C(=O)c2ccc(NC(C)=O)cc2OC[C@H](C)N(C(=O)c2cccnc2)C[C@H]1C,9.96599,0.35290121696442994,0.3687538268569078,-0.07806802822444761,0.4468218550813554,-0.09955385195463398
correct_CP,CO[C@H]1CN(C)C(=O)c2ccc(NC(C)=O)cc2OC[C@H](C)N(Cc2ccccc2F)C[C@H]1C,10.0199,-0.1085601563214864,-0.10898966921158201,0.018623166244305826,-0.12761283545588784,0.0013329250820851637
correct_CP,CO[C@H]1CN(C)C(=O)c2ccc(NC(C)=O)cc2OC[C@H](C)NC[C@@H]1C,9.94597,0.029053325476209747,0.029061504214699697,-0.043797506707539666,0.07285901092223937,-0.2094904364914138
correct_CP,CO[C@H]1CN(C)C(=O)c2ccc(NS(=O)(=O)CC(F)(F)F)cc2OC[C@H](C)N(C(=O)c2ccc3c(c2)OCO3)C[C@@H]1C,10.1024,-0.17819851635277942,-0.18012150401359295,0.07858455249354826,-0.2587060565071412,-0.15892552385663145
correct_CP,CO[C@H]1CN(C)C(=O)c2ccc(NS(=O)(=O)CC(F)(F)F)cc2OC[C@H](C)N(C)C[C@H]1C,10.1019,0.17180631362069002,0.17352732364298282,-0.07817427470864309,0.2517015983516259,-0.03211100986591919
correct_CP,CO[C@H]1CN(C)C(=O)c2ccc(NS(=O)(=O)CC(F)(F)F)cc2OC[C@H](C)N(Cc2ccccn2)C[C@@H]1C,10.0185,-0.1533394878796345,-0.1545585567561832,-0.003228503895144001,-0.1513300528610392,-0.11204835672659805
correct_CP,CO[C@H]1CN(C)C(=O)c2ccc(NS(=O)(=O)c3ccc(C)cc3)cc2OC[C@@H](C)NC[C@H]1C,9.96309,0.0378447777861576,0.03786286076817908,-0.017411550853063847,0.05527441162124293,-0.03850703478817636
correct_CP,CO[C@H]1CN(C)C(=O)c2ccc(NS(=O)(=O)c3ccc(F)cc3)cc2OC[C@@H](C)NC[C@@H]1C,10.0383,0.34249803655539857,0.35691980678919577,-0.07776710916938939,0.43468691595858516,0.581524094101828
correct_CP,CO[C@H]1CN(C)C(=O)c2ccc(NS(=O)(=O)c3ccc(Oc4ccccc4)cc3)cc2OC[C@H](C)NC[C@H]1C,9.98449,0.09018129761634097,0.0904269689840432,0.005870787017416423,0.08455618196662679,-0.06973575254401908
correct_CP,CO[C@H]1CN(C)C(=O)c2ccc(NS(=O)(=O)c3cccc(Cl)c3)cc2OC[C@@H](C)NC[C@H]1C,9.95143,0.05960991837572487,0.059680674104882404,0.0015947751406274616,0.058085898964254944,0.02785294623896023
correct_CP,CO[C@H]1CN(C)C(=O)c2ccc(NS(=O)(=O)c3ccccc3)cc2OC[C@@H](C)N(C)C[C@H]1C,10.0321,-0.023704840078942843,-0.02370928164670019,0.13377911831450998,-0.15748839996121017,0.13371714038885377
correct_CP,CO[C@H]1CN(C)C(=O)c2ccc(NS(=O)(=O)c3ccccc3)cc2OC[C@@H](C)N(Cc2cccnc2)C[C@@H]1C,10.0261,0.12009557853527195,0.12067800451216931,0.07587637271974246,0.044801631792426855,-0.1684441281858228
correct_CP,CO[C@H]1CN(C)C(=O)c2ccc(NS(=O)(=O)c3ccccc3)cc2OC[C@H](C)N(C(=O)NC(C)C)C[C@H]1C,10.0555,0.2799306743010321,0.2876068508383291,0.05981566362140721,0.22779118721692188,-0.01711001873236534
correct_CP,CO[C@H]1CN(C)C(=O)c2ccc(NS(=O)(=O)c3ccccc3)cc2OC[C@H](C)N(Cc2cccnc2)C[C@H]1C,10.0262,0.4493146500635829,0.4838412376280957,0.022784907629530785,0.46105632999856494,-0.4278111605818512
correct_CP,CO[C@H]1CN(C)C(=O)c2ccc(NS(=O)(=O)c3ccccc3Cl)cc2OC[C@@H](C)NC[C@@H]1C,10.0183,-0.107994015687428,-0.10841681243020793,0.042836817746527575,-0.1512536301767355,0.06354489462542666
correct_CP,CO[C@H]1CN(C)C(=O)c2ccc(NS(=O)(=O)c3cn(C)cn3)cc2OC[C@@H](C)N(Cc2cccc(F)c2)C[C@@H]1C,9.9693,0.15991749234689173,0.1613020219366339,0.02236339533923687,0.13893862659739703,0.11709854253111573
correct_CP,CO[C@H]1CN(C)C(=O)c2ccc(NS(=O)(=O)c3cn(C)cn3)cc2OC[C@@H](C)N(Cc2cccc(F)c2)C[C@H]1C,9.95446,0.3587869987314045,0.3754929855240804,-0.04623262259612464,0.42172560812020504,0.1930097014369453
correct_CP,CO[C@H]1CN(C)C(=O)c2ccc(NS(=O)(=O)c3cn(C)cn3)cc2OC[C@H](C)NC[C@H]1C,10.0195,0.011331080663619259,0.011331565646263446,-0.04566588669101015,0.056997452337273595,0.27840272471916583
correct_CP,CO[C@H]1CN(C)C(=O)c2ccc(NS(C)(=O)=O)cc2OC[C@@H](C)N(C(=O)C2CCCCC2)C[C@@H]1C,9.97152,0.21689008038713573,0.22039034999047932,-0.040261229708308706,0.26065157969878805,-0.049221766402275484
correct_CP,CO[C@H]1CN(C)C(=O)c2ccc(NS(C)(=O)=O)cc2OC[C@@H](C)N(C)C[C@@H]1C,10.0138,0.24098012493771326,0.24581440340516691,0.01843166407030243,0.22738273933486447,0.14940746073586342
correct_CP,CO[C@H]1CN(C)C(=O)c2ccc(NS(C)(=O)=O)cc2OC[C@@H](C)N(Cc2ccccn2)C[C@H]1C,10.0222,0.1229418789703085,0.12356696776119085,-0.025691435888014917,0.14925840364920576,0.0614314508138186
correct_CP,CO[C@H]1CN(C)C(=O)c2ccc(NS(C)(=O)=O)cc2OC[C@@H](C)N(Cc2cccnc2)C[C@@H]1C,10.0027,0.38718343787451703,0.40848251083909926,-0.06536026115458267,0.4738427719936819,0.16858019334301697
correct_CP,CO[C@H]1CN(C)C(=O)c2ccc(NS(C)(=O)=O)cc2OC[C@@H](C)N(Cc2nccs2)C[C@H]1C,9.98771,-0.30349820268990263,-0.3133682404168983,0.023260101548469532,-0.33662834196536784,0.06406837875272967
correct_CP,CO[C@H]1CN(C)C(=O)c2ccc(NS(C)(=O)=O)cc2OC[C@@H](C)N(S(C)(=O)=O)C[C@@H]1C,9.94201,0.2349233089527241,0.23939403529152964,0.10207521539365022,0.13731881989787942,-0.08937520732886409
correct_CP,CO[C@H]1CN(C)C(=O)c2ccc(NS(C)(=O)=O)cc2OC[C@H](C)N(Cc2ccccc2)C[C@H]1C,9.98944,-0.1319951695564197,-0.13276985595284221,-0.0006141808852005229,-0.1321556750676417,0.08713616171752392
correct_CP,CO[C@H]1CN(C)C(=O)c2ccc(NS(C)(=O)=O)cc2OC[C@H](C)N(Cc2ccccn2)C[C@H]1C,10.063,0.1816057208829162,0.1836426742797667,0.00018470851500637566,0.1834579657647603,-0.011246912693801018
correct_CP,CO[C@H]1CN(C)C(=O)c2cccc(C#N)c2OC[C@@H]2O[C@H](CC[C@H]2OC)CCN(C)C(=O)[C@H]1C,10.0154,0.2795272105574297,0.2871691367084376,-0.07344378527857948,0.36061292198701705,-0.044621337205349804
correct_CP,COc1c(C=NNC(=O)c2ccccc2O)c(CCN(C)C(C)=O)cc2c1OCO2,10.0,-0.09172272352990853,-0.09198125266715419,0.057192009126284096,-0.1491732617934383,0.018186164739005695
correct_CP,COc1c2c(cc3occ(-c4ccc5c(c4)OCO5)c(=O)c13)OC(C)(C)C=C2,10.0,-0.004284068939909662,-0.004284095149056295,0.06914542494313378,-0.07342952009219007,-0.3771522246202217
correct_CP,COc1cc(-c2coc3cc(OCc4ccccc4)c(OC)c(O)c3c2=O)cc(OCc2ccccc2)c1OC,10.0,0.27227142416096417,0.2793154808104888,-0.002982256078502162,0.28229773688899096,0.28727077103066095
correct_CP,COc1cc(/C=C/C(=O)O)cc(OC)c1OC,10.0,0.6175908649575642,0.72110106568381,0.09866510734489936,0.6224359583389107,0.24925199390168173
correct_CP,COc1cc(/C=C2\SC(Nc3ccc(O)cc3)=NC2=O)cc(OC)c1O,20.0,0.545012356621768,0.6112584629708017,0.01405946713911388,0.5971989958316878,-0.1303803888358152
correct_CP,COc1cc(C(=O)N2CCN(c3cccc(C)c3C)CC2)cc(OC)c1OC,10.0,0.38360661297405335,0.40428174079300105,0.018943740771748777,0.3853380000212523,0.1827840740971145
correct_CP,COc1cc(C(=O)N=c2sc3ccccc3n2C)cc(OC)c1OC,10.0,0.3340571300335405,0.34738808282039757,0.0374162920494427,0.3099717907709549,0.16125728011432028
correct_CP,COc1cc(C(=O)NN=Cc2ccc(OC)c(CN3CCN(c4ccc(F)cc4)CC3)c2)ccc1O,10.0,0.3953682344223894,0.4181470029804378,0.12961786931142838,0.2885291336690094,0.13795384936509003
correct_CP,COc1cc(C2C(C#N)=C(N)OC3=C2C(=O)CCC3)cc(OC)c1OC(=O)N1CCOCC1,10.0,0.46217109372475107,0.500068584563262,0.022606935618879897,0.4774616489443821,0.5019865004528204
correct_CP,COc1cc(C=Cc2ccc(OC)cc2OC)cc(OC)c1,10.0,-0.07357259233808444,-0.0737057728184873,0.004731044413916024,-0.07843681723240332,0.1293237922718606
correct_CP,COc1cc(C=Nn2nnnc2N)ccc1OCc1ccc(F)cc1,10.0,0.21811062800757935,0.2216715046201574,0.13786710905375635,0.08380439556640104,0.05825498382000022
correct_CP,COc1cc(NC(=O)c2ccc(C(C)(C)C)cc2)c(OC)cc1NC(=O)CN1CCCCC1,10.0,0.32456956852088353,0.3367463338942884,-0.041660862465558744,0.3784071963598471,0.014453180259239265
correct_CP,COc1cc(OC)cc(C(=O)Nc2nc[nH]n2)c1,20.0,0.22392060286638,0.22777988159297177,0.21557589948994732,0.012203982103024452,0.24261550418037275
correct_CP,COc1cc([C@@H]2c3cc4c(c(O)c3C[C@H]3COC(=O)[C@@H]32)OCO4)cc(OC)c1OC,10.0,0.3349551246750306,0.34839921786149386,-0.006716335047081914,0.35511555290857577,0.8373418244642311
correct_CP,COc1cc([C@@H]2c3cc4c(cc3[C@H](O)[C@H]3COC(=O)[C@H]23)OCO4)cc(OC)c1OC,10.0,0.17503270333952436,0.17685375684144347,0.010410201964458854,0.16644355487698462,0.34967277150992043
correct_CP,COc1cc2c(cc1NC(=O)CSc1nc3ccccc3[nH]1)oc1ccccc12,10.0,0.2019207523046489,0.20473414132532256,-0.006741637438302358,0.21147577876362492,0.08546490680142674
correct_CP,COc1cc2c(cc1O)CCNC2C,10.0,0.7820217827674747,1.050554347443172,0.32045214886942675,0.7301021985737453,0.837728946268326
correct_CP,COc1cc2ccccc2cc1C(=O)Nc1ccc(O)cc1,10.0,-0.1571330289870321,-0.15844577840338792,-0.004224276120118167,-0.15422150228326975,-0.33016048521815194
correct_CP,COc1cc2ncnc(Nc3ccc(Cl)cc3F)c2cc1OC,10.0,0.07879323300976293,0.07895690239117292,-0.028609739904461307,0.10756664229563423,0.13358981999152525
correct_CP,COc1ccc(-c2cc(C(=O)NN=Cc3ccc(OC)c(COCC(F)(F)C(F)F)c3)c3ccccc3n2)c(OC)c1,10.0,0.38802776546227646,0.4094761158606475,0.07832213859726236,0.33115397726338514,-0.06066208464507486
correct_CP,COc1ccc(-c2ccc([C@H]3[C@@H](C#N)N(C(=O)NC4CCCCC4)[C@H]3CO)cc2)cc1,10.1014,0.46138560106379345,0.4990701962221061,-0.04065803274603532,0.5397282289681414,0.24641490906956753
correct_CP,COc1ccc(-c2ccc([C@H]3[C@H](C#N)N(C(=O)NC4CCCCC4)[C@H]3CO)cc2)cc1,9.85492,0.3590948177737314,0.3758463288174723,0.02548954277185221,0.3503567860456201,0.23063575358816218
correct_CP,COc1ccc(-c2ccc3n(c2=O)C[C@@H]2[C@@H](CO)[C@H](C(=O)N(C)C)[C@H]3N2C(=O)c2cnccn2)cc1,9.93628,0.274826314040894,0.2820770155141184,0.03218415311358767,0.24989286240053074,0.16240435367943942
correct_CP,COc1ccc(-c2ccc3n(c2=O)C[C@@H]2[C@@H](CO)[C@H](C(=O)O)[C@H]3N2C(=O)c2ccccc2F)cc1,10.0589,0.008643598384292212,0.008643813653520021,-0.06412541949793493,0.07276923315145495,0.09070968884506077
correct_CP,COc1ccc(-c2ccc3n(c2=O)C[C@H]2[C@H](CO)[C@@H](C(=O)N(C)C)[C@@H]3N2C(=O)c2cnccn2)cc1,9.95692,0.1520839918340963,0.15327308213200677,0.024962805237981084,0.1283102768940257,0.15314588193736725
correct_CP,COc1ccc(-c2cn(CC[C@@H]3CC[C@@H](NC(=O)CCN4CCCCC4)[C@H](CO)O3)nn2)cc1,10.1492,-0.2362085424300072,-0.2407547784121454,0.02315587810707548,-0.2639106565192209,-0.3802172407505211
correct_CP,COc1ccc(-c2cnc3c(c2)C(=O)N([C@@H](C)CO)C[C@H](C)[C@H](CN(C)C(=O)C2CCCCC2)O3)cc1,10.026732,0.86990518672027,1.3326897443660137,0.6652330656698343,0.6674566786961794,0.45321858260100656
correct_CP,COc1ccc(-c2cnc3c(c2)C(=O)N([C@H](C)CO)C[C@@H](C)[C@@H](CN(C)C(=O)C2CCCCC2)O3)cc1,9.97959,0.1767280970414147,0.17860327031735757,-0.028285123165836323,0.20688839348319388,0.16403103788687004
correct_CP,COc1ccc(-c2cnc3c(c2)C(=O)N([C@H](C)CO)C[C@@H](C)[C@@H](CN(C)C(=O)Cc2cccnc2)O3)cc1,10.0355,-0.0724357718198575,-0.0725628608990525,0.025282040375335792,-0.0978449012743883,0.3611488554734882
correct_CP,COc1ccc(-c2cnc3c(c2)C(=O)N([C@H](C)CO)C[C@H](C)[C@H](CN(C)C(=O)Nc2ccc(F)cc2)O3)cc1,10.1543,0.3274421453256146,0.33996051672974176,0.04504681091020721,0.2949137058195346,0.3176442254493388
correct_CP,COc1ccc(-c2csc(N=C(N)N)n2)cc1,10.0,0.5409375116745374,0.6054799715288823,-0.050983343602034756,0.656463315130917,0.11286584471623685
correct_CP,COc1ccc(-c2csc(NC(=O)c3nc(-c4ccccc4)oc3C)n2)cc1,10.0,0.5555786459852812,0.6264148835246953,0.09720046854990626,0.529214414974789,0.3652146865569189
correct_CP,COc1ccc(-c2csc3nc(-c4ccc(C)cc4)oc(=O)c23)cc1OC,10.0,0.3001927630429873,0.30973144518817186,0.12504092506398615,0.18469052012418571,0.15138740010793514
correct_CP,COc1ccc(-n2ncc3c(NCC4CCCO4)ncnc32)cc1,10.0,0.5989127671580228,0.6914501074075369,0.31127579254761584,0.38017431485992104,-0.11664348914913791
correct_CP,COc1ccc(/C=C/C(=O)OCC(=O)c2c(N)n(C)c(=O)n(C)c2=O)c(OC)c1,10.0,0.21903419601291355,0.22264140881352623,0.0995398218950639,0.12310158691846233,0.0942931951643108
correct_CP,COc1ccc(/C=C2\SC(=S)N(CCCC(=O)Nc3ccc(C(=O)O)c(O)c3)C2=O)cc1OC,20.0,0.2708784267629598,0.2778115648694665,0.033791245786509105,0.2440203190829574,0.2500063412585767
correct_CP,COc1ccc(C#Cc2ccc3c(c2)O[C@@H](CN(C)C(=O)CN2CCOCC2)[C@H](C)CN([C@H](C)CO)S3(=O)=O)cc1,10.1227,0.05447130138784367,0.05452527184715156,-0.07058656220790681,0.12511183405505838,0.17096013307717
correct_CP,COc1ccc(C#Cc2ccc3c(c2)O[C@H](CN(C)S(=O)(=O)c2ccccc2F)[C@@H](C)CN([C@H](C)CO)S3(=O)=O)cc1,10.0526,-0.4167316422420522,-0.4437302259828938,0.036410585807949244,-0.48014081179084306,0.01918474843355618
correct_CP,COc1ccc(C#Cc2cnc3c(c2)C(=O)N([C@H](C)CO)C[C@@H](C)[C@@H](CN(C)C(=O)CC2CC2)O3)cc1,10.0928,0.05560786710778259,0.05566529121562838,0.036404000147587615,0.019261291068040767,0.10127923795614176
correct_CP,COc1ccc(C#Cc2cnc3c(c2)C(=O)N([C@H](C)CO)C[C@H](C)[C@@H](CN(C)C(=O)CC2CC2)O3)cc1,10.0517,-0.10985726579111885,-0.11030243563884123,-0.0017426491529777093,-0.10855978648586352,0.425201620298563
correct_CP,COc1ccc(C(=C2C(=O)Nc3ccccc32)c2ccc(OC)cc2)cc1,10.0,0.09953070049500606,0.09986133026185645,0.06732530248020707,0.03253602778164938,-0.07996279724162997
correct_CP,COc1ccc(C(=O)C2CCCN(Cc3cccn3-c3ccc(Cl)cn3)C2)c(OC)c1,10.0,0.08288848558181235,0.08307910044828096,-0.030742410125486987,0.11382151057376794,-0.050148769229043814
correct_CP,COc1ccc(C(=O)Cn2c(Cl)nc3c2c(=O)n(C)c(=O)n3C)cc1,10.0,0.14268383860544354,0.1436641259382504,0.05715725856534985,0.08650686737290054,0.009721214687498161
correct_CP,COc1ccc(C(=O)NN=C(C)CC(=O)Nc2cccc(C(F)(F)F)c2)cc1,10.0,0.27398990988768557,0.28117250156041773,-0.06188033993393922,0.34305284149435694,-0.353179315368562
correct_CP,COc1ccc(C(=O)Nc2ccc3c(c2)C(=O)N(C)C[C@@H](OC)[C@H](C)CN(C)[C@H](C)CO3)cc1,10.0664,-0.47710047990993926,-0.5192234932691249,-0.02125561350321316,-0.4979678797659117,-0.0881848753783587
correct_CP,COc1ccc(C(=O)Nc2ccc3c(c2)C(=O)N(C)[C@H]2CC[C@@H](CC(=O)NCC4CC4)O[C@@H]2CO3)cc1,10.0055,0.14777369212842678,0.14886365701390902,-0.02835543034444583,0.17721908735835484,0.07368201898026308
correct_CP,COc1ccc(C(=O)Nc2ccc3c(c2)OC[C@@H](C)N(C(C)=O)C[C@@H](C)[C@@H](OC)CN(C)C3=O)cc1,10.0852,-0.21152269741870658,-0.21476482731515067,0.001770398980421523,-0.2165352262955722,0.09741692991055056
correct_CP,COc1ccc(C(=O)Nc2ccc3c(c2)OC[C@@H](C)N(C(C)=O)C[C@H](C)[C@@H](OC)CN(C)C3=O)cc1,10.0281,-0.15087562743800131,-0.1520363391015637,0.09254235016620686,-0.24457868926777054,0.057367070241673854
correct_CP,COc1ccc(C(=O)Nc2ccc3c(c2)OC[C@@H](C)NC[C@@H](C)[C@@H](OC)CN(C)C3=O)cc1,9.95246,0.14367287999939463,0.14467386715942457,0.13263471663968257,0.012039150519741998,-0.06436059511608822
correct_CP,COc1ccc(C(=O)Nc2ccc3c(c2)OC[C@H](C)N(C(C)=O)C[C@@H](C)[C@H](OC)CN(C)C3=O)cc1,10.0878,-0.04873845884003399,-0.04877710565568973,0.03483408449850986,-0.0836111901541996,-0.12452486441750538
correct_CP,COc1ccc(C(=O)Nc2ccc3c(c2)OC[C@H](C)NC[C@@H](C)[C@@H](OC)CN(C)C3=O)cc1,9.99286,0.027863599909642916,0.02787081418631031,0.10252392645076223,-0.07465311226445193,-0.17359745890977224
correct_CP,COc1ccc(C(=O)ON=C(C)c2cnccn2)cc1,10.0,0.4142751686667533,0.44076116117550534,0.05117759703473052,0.38958356414077483,-0.14249688704492558
correct_CP,COc1ccc(C(=O)c2c[nH]c3ccccc23)cc1,10.0,0.526143449282389,0.5847972853065616,0.05471143771423652,0.5300858475923251,0.3065866372533371
correct_CP,COc1ccc(C2=C(Oc3ccc(F)cc3)c3ccc(OC)cc3S2=O)cc1,10.0,0.18620524184953124,0.1884032120379806,0.11536720181929833,0.07303601021868228,0.06170259313460441
correct_CP,COc1ccc(C2=NN(C(=O)c3cccs3)C(O)(C(F)(F)F)C2)cc1,10.0,-0.023278180283905072,-0.023282386262505898,0.1263913797851986,-0.1496737660477045,0.1597596431362852
correct_CP,COc1ccc(C2CC(c3c(O)cc(C)oc3=O)=NCCS2)c(OC)c1,10.0,0.684592413221409,0.8377065967785564,0.33413208935000094,0.5035745074285555,0.05950058346100562
correct_CP,COc1ccc(C2Sc3ccccc3N(CCN(C)C)C(=O)C2OC(C)=O)cc1,10.0,0.3466240130629647,0.36160163038192683,0.27302379136453225,0.08857783901739458,0.01151950318348205
correct_CP,COc1ccc(C=NNC(=O)c2ccc(O)cc2O)cc1CSc1ccccn1,10.0,0.7495468454900929,0.9719200964294492,0.302557843606454,0.6693622528229952,0.3306142176474983
correct_CP,COc1ccc(CC(=O)N2N=C(C)CC2(O)C(F)(F)F)cc1OC,10.0,0.1040744895649874,0.10445271157458635,-0.059246631340700934,0.1636993429152873,0.24921535880504544
correct_CP,COc1ccc(CC(=O)NN=C/C=C/c2cccc([N+](=O)[O-])c2)cc1OC,10.0,0.2842927659773685,0.2923461384165534,-0.04978777693830275,0.34213391535485616,0.09567467894718121
correct_CP,COc1ccc(CCNC(=O)c2cc(C(=O)c3cc(C)ccc3O)cn(CCc3ccc(OC)cc3)c2=O)cc1,10.0,0.2220470294726935,0.22580827574514167,0.029716650948195002,0.19609162479694667,-0.03668613445366428
correct_CP,COc1ccc(CN(C)C[C@@H]2OCCCC[C@@H](C)Oc3ccc(NC(=O)NC(C)C)cc3C(=O)N([C@H](C)CO)C[C@@H]2C)cc1,9.9869,0.5071416353907127,0.5588741696614615,0.047171362910583395,0.5117028067508781,-0.41481196204931575
correct_CP,COc1ccc(CN(C)C[C@@H]2OCCCC[C@H](C)Oc3ccc(NC(=O)NC(C)C)cc3C(=O)N([C@H](C)CO)C[C@H]2C)cc1,9.98914,0.06493428906672265,0.06502578497044567,0.060616474329844905,0.0044093106406007665,0.055390020155467165
correct_CP,COc1ccc(CN(C)C[C@@H]2OCCCC[C@H](C)Oc3ccc(NS(C)(=O)=O)cc3C(=O)N([C@@H](C)CO)C[C@H]2C)cc1,10.1587,-0.07317023158210464,-0.07330123427868221,0.056131776091510495,-0.1294330103701927,-0.06253516527523743
correct_CP,COc1ccc(CN(C)C[C@@H]2OCc3cnnn3CCCC(=O)N([C@H](C)CO)C[C@H]2C)cc1,10.0132,0.20510318522164295,0.2080540798245351,-0.01841922027485075,0.22647330009938585,0.5021548643622437
correct_CP,COc1ccc(CN(C)C[C@@H]2Oc3c(NC(=O)c4nc5ccccc5s4)cccc3C(=O)N([C@@H](C)CO)C[C@H]2C)cc1,10.024,0.3759313476017587,0.3953128711653316,-0.00513070752435895,0.40044357868969055,0.015742022400444162
correct_CP,COc1ccc(CN(C)C[C@@H]2Oc3ccc(NC(=O)CCC(F)(F)F)cc3CC(=O)N([C@H](C)CO)C[C@H]2C)cc1,10.2955,0.3029808373969101,0.3127984835670106,-0.016091040093662586,0.3288895236606732,0.20456954318519438
correct_CP,COc1ccc(CN(C)C[C@@H]2Oc3ccc(NC(=O)CCN4CCOCC4)cc3C(=O)N([C@H](C)CO)C[C@H]2C)cc1,9.94528,0.24742269690550805,0.25266556979282956,0.016436963143758976,0.23622860664907058,-0.1036715448047952
correct_CP,COc1ccc(CN(C)C[C@@H]2Oc3ccc(NC(=O)Nc4ccc5c(c4)OCO5)cc3CC(=O)N([C@@H](C)CO)C[C@@H]2C)cc1,9.99165,-0.0021751956418727043,-0.0021751990725111603,-0.049922232393962665,0.047747033321451506,0.14655130742014916
correct_CP,COc1ccc(CN(C)C[C@H]2OCCCC[C@@H](C)Oc3ccc(N(C)C)cc3C(=O)N([C@@H](C)CO)C[C@@H]2C)cc1,10.0205,0.4745678924044092,0.5159496427018627,0.10406958869408853,0.41188005400777417,0.3508973373811367
correct_CP,COc1ccc(CN(C)C[C@H]2OCCCC[C@@H](C)Oc3ccc(NC(=O)NC(C)C)cc3C(=O)N([C@@H](C)CO)C[C@H]2C)cc1,10.013,0.19127319760519476,0.19365838299442764,0.05367849175134055,0.1399798912430871,0.21660786286787137
correct_CP,COc1ccc(CN(C)C[C@H]2OCCCC[C@@H](C)Oc3ccc(NS(C)(=O)=O)cc3C(=O)N([C@@H](C)CO)C[C@H]2C)cc1,10.0169,0.17659938409001957,0.17847041081027862,0.07442713025120454,0.10404328055907408,0.026188525732083787
correct_CP,COc1ccc(CN(C)C[C@H]2OCCCC[C@H](C)Oc3ccc(N(C)C)cc3C(=O)N([C@@H](C)CO)C[C@@H]2C)cc1,10.0608,0.3287665907444104,0.3414447431161172,0.04528466432025774,0.2961600787958595,-0.1186015114655234
correct_CP,COc1ccc(CN(C)C[C@H]2OCCCC[C@H](C)Oc3ccc(N(C)C)cc3C(=O)N([C@H](C)CO)C[C@H]2C)cc1,9.90503,-0.2965600841989274,-0.30574374095766593,0.036946510977946864,-0.3426902519356128,-0.13753351701632827
correct_CP,COc1ccc(CN(C)C[C@H]2Oc3ccc(NC(=O)Nc4c(C)noc4C)cc3C(=O)N([C@H](C)CO)C[C@@H]2C)cc1,10.1546,0.1361234786267227,0.13697372291742374,0.040492131213166464,0.09648159170425727,0.19782728089010027
correct_CP,COc1ccc(CN2CCN(c3cccc(C)c3C)CC2)cc1OC,10.0,0.21208438275639638,0.21535289376717384,0.010718257953232082,0.20463463581394176,0.05867969878465888
correct_CP,COc1ccc(CN2C[C@@H](O)COC[C@H]3O[C@@H](CC(=O)NCCN4CCCC4)CC[C@@H]32)cc1,10.1432,0.30366869157397014,0.3135560371994568,-0.044718389708973315,0.3582744269084301,0.15182239555333715
correct_CP,COc1ccc(CN2C[C@H](C)[C@@H](OC)CN(C)C(=O)c3ccc(NC(=O)c4nc5ccccc5s4)cc3OC[C@H]2C)cc1,9.90805,0.23046025842936593,0.2346754871536781,-0.06659309001064893,0.30126857716432703,0.32797176257176464
correct_CP,COc1ccc(CNC(=O)C[C@@H]2C=C[C@@H](NC(=O)c3ccc4c(c3)OCO4)[C@H](CO)O2)cc1,9.96174,0.3897103821406875,0.4114585091868381,-0.1520548994102144,0.5635134085970525,0.047464367232145296
correct_CP,COc1ccc(CNC(=O)C[C@@H]2CC[C@@H](NC(=O)CN(C)C)[C@@H](CO)O2)cc1,10.1579,-0.10201140443562799,-0.10236748505368459,-0.05427590097774853,-0.04809158407593606,0.025064823762606558
correct_CP,COc1ccc(CNC(=O)C[C@@H]2CC[C@@H](NC(=O)CN(C)C)[C@H](CO)O2)cc1,10.1382,-0.01125834589644891,-0.01125882159906304,0.032839013266680935,-0.04409783486574397,-0.30399256740019576
correct_CP,COc1ccc(CNC(=O)C[C@@H]2CC[C@@H](NC(=O)c3cccc(F)c3)[C@@H](CO)O2)cc1,10.02,0.47620333933993236,0.5180626013092161,0.06503252912336553,0.45303007218585056,0.32925151033324523
correct_CP,COc1ccc(CNC(=O)C[C@@H]2CC[C@H](NC(=O)Nc3ccc4c(c3)OCO4)[C@@H](CO)O2)cc1,10.0739,-0.2778772683583861,-0.2853802416539095,0.009584197237228441,-0.29496443889113794,-0.14512349271735656
correct_CP,COc1ccc(CNC(=O)C[C@@H]2CC[C@H](NC(=O)c3cccc(F)c3)[C@@H](CO)O2)cc1,9.91708,0.29561174478493996,0.3047042746822872,-0.013116769139076898,0.3178210438213641,0.23687642339096593
correct_CP,COc1ccc(CNC(=O)C[C@@H]2CC[C@H]3[C@H](COc4ccc(NC(=O)C(C)C)cc4C(=O)N3C)O2)cc1,9.85099,-0.44015126780952996,-0.47241840399573115,0.01310553233991106,-0.4855239363356422,0.38780665197028275
correct_CP,COc1ccc(CNC(=O)C[C@H]2CC[C@@H](NC(=O)Nc3ccc4c(c3)OCO4)[C@@H](CO)O2)cc1,9.92659,0.05822472587602035,0.05829065627926824,-0.02780458137663949,0.08609523765590772,0.07019351317011624
correct_CP,COc1ccc(CNC(=O)C[C@H]2CC[C@@H](NC(=O)Nc3ccc4c(c3)OCO4)[C@H](CO)O2)cc1,10.0182,0.0234302270842946,0.023434516037633062,-0.0019447301031545738,0.025379246140787636,-0.08881328185623974
correct_CP,COc1ccc(CNC(=O)C[C@H]2CC[C@@H](NC(=O)c3cccc(F)c3)[C@@H](CO)O2)cc1,9.91934,0.10278224715251086,0.10314649582434549,-0.025011699632294403,0.1281581954566399,0.18225414913979
correct_CP,COc1ccc(CNC(=O)C[C@H]2CC[C@H](NC(=O)CN(C)C)[C@@H](CO)O2)cc1,10.0269,-0.2763174670270546,-0.28369071285909797,0.0046675393455465715,-0.28835825220464456,0.022918538350613218
correct_CP,COc1ccc(CNC(=O)C[C@H]2CC[C@H]3[C@H](COc4ccc(NC(=O)C(C)C)cc4C(=O)N3C)O2)cc1,10.3362,-0.06993636266069742,-0.07005072024279366,-0.0981837801908807,0.02813305994808704,-0.01278472910768097
correct_CP,COc1ccc(CNC(=O)C[C@H]2C[C@H]3c4cc(NC(=O)C5CCC5)ccc4O[C@H]3[C@@H](CO)O2)cc1,9.89834,0.3932432756611419,0.41563083648540416,-0.07425222482208044,0.4898830613074846,-0.19642713332826894
correct_CP,COc1ccc(CNC(=O)C[C@H]2C[C@H]3c4cc(NC(=O)CN(C)C)ccc4O[C@H]3[C@H](CO)O2)cc1,10.0036,-0.04089256474762685,-0.04091538118504858,-0.032078793387639595,-0.008836587797408986,0.16775101989448926
correct_CP,COc1ccc(CNC(=O)N(C)C[C@@H]2OCc3ccccc3-c3c(n(C)c4ccccc34)C(=O)N([C@H](C)CO)C[C@H]2C)cc1,9.93869,0.28630139532005167,0.2945327464574741,0.03707476477285153,0.2574579816846226,-0.07932261963783098
correct_CP,COc1ccc(CNC(=O)N(C)C[C@@H]2OCc3ccccc3-c3ccccc3C(=O)N([C@H](C)CO)C[C@H]2C)cc1,10.4034,0.2939447208174368,0.30287861048964293,0.17893666002139766,0.12394195046824527,-0.21176542155379932
correct_CP,COc1ccc(CNC(=O)N(C)C[C@H]2OCc3ccccc3-c3c(n(C)c4ccccc34)C(=O)N([C@@H](C)CO)C[C@H]2C)cc1,9.849794,0.15423375098130732,0.1554744818503353,-0.02001271204739375,0.17548719389772904,-0.30288939313630203
correct_CP,COc1ccc(CNC(=O)c2cc3c(c(-c4cccc(-c5ccc(C#N)cc5)c4)n2)[C@@H](CCO)N([S@](=O)C(C)(C)C)C3)cc1,10.1091,0.5646723208999052,0.6396663343176553,-0.04607700610705475,0.6857433404247101,0.08510866871277983
correct_CP,COc1ccc(CNC(=O)c2cc3c(c(-c4cccc(-c5cccc(C#N)c5)c4)n2)[C@@H](CCO)N([S@](=O)C(C)(C)C)C3)cc1,9.62243,-0.010959490485800328,-0.010959929300469011,-0.21586363390955227,0.20490370460908325,0.17068551182313474
correct_CP,COc1ccc(CNC(=O)c2csc(Cc3ccccc3)n2)cc1,10.0,-0.12573194889368888,-0.12640085052555924,0.06291285215969093,-0.18931370268525016,0.016601489229879418
correct_CP,COc1ccc(Cc2nccc3cc(OC)c(OC)cc23)cc1OC,10.0,0.16081469275864893,0.16222290502835662,-0.018929317190530214,0.18115222221888683,0.3075975772920557
correct_CP,COc1ccc(Cn2nnnc2CN2CCC(O)(c3ccccc3F)CC2)cc1,10.0,0.5257772822611539,0.5842910862446438,0.07208438500144528,0.5122067012431984,-0.19882877857401482
correct_CP,COc1ccc(N2C(=O)C(Cl)=C(N3CCCC(C)C3)C2=O)cc1,10.0,0.006364607228152417,0.006364693169888805,0.01794156479974516,-0.011576871629856354,-0.27067589202499365
correct_CP,COc1ccc(N2CCN(C(=O)Cn3nnc(-c4ccccc4N)n3)CC2)cc1,10.0,0.05880373018092298,0.05887164987323785,0.052947400752829665,0.005924249120408183,0.1175106481525699
correct_CP,COc1ccc(N=Cc2cc3c(cc2O)OC(N)=C(C#N)C3c2ccccc2)cc1,10.0,0.11614281363464324,0.11666930412974978,0.0675153360640919,0.04915396806565789,0.014944284753606055
correct_CP,COc1ccc(NC(=O)C2CCN(C(=O)c3cccs3)CC2)cc1,10.0,0.354964308684016,0.37111237093691946,0.02827916926132427,0.34283320167559517,0.1987367615292106
correct_CP,COc1ccc(NC(=O)CSc2ncccc2C(=O)OC(C)C)cc1OC,10.0,0.04948539913426739,0.049525851947326664,0.10741778860056819,-0.05789193665324153,-0.17106609164806602
correct_CP,COc1ccc(NC(=O)N(C)C[C@@H]2OCCCC[C@H](C)Oc3ccc(N(C)C)cc3C(=O)N([C@H](C)CO)C[C@@H]2C)cc1,10.0196,0.30965093136482663,0.32015927491935126,0.04038047515192052,0.27977879976743075,0.053253986234674505
correct_CP,COc1ccc(NC(=O)N(C)C[C@@H]2OCc3ccccc3-c3c(n(C)c4ccccc34)C(=O)N([C@@H](C)CO)C[C@@H]2C)cc1,9.93272,0.31562700567450763,0.3267827795190745,0.08209074243009291,0.24469203708898157,-0.016477835357645312
correct_CP,COc1ccc(NC(=O)N(C)C[C@@H]2OCc3ccccc3-c3c(n(C)c4ccccc34)C(=O)N([C@H](C)CO)C[C@@H]2C)c(OC)c1,10.0489,0.004988564232001705,0.0049886056140454535,-0.03324073947310757,0.038229345087153026,-0.28917189944338734
correct_CP,COc1ccc(NC(=O)N(C)C[C@@H]2OCc3ccccc3-c3ccccc3C(=O)N([C@@H](C)CO)C[C@@H]2C)cc1,10.1292,-0.18510871358074113,-0.18726753866635049,0.053918514834384895,-0.24118605350073538,0.44619368768337275
correct_CP,COc1ccc(NC(=O)N(C)C[C@@H]2OCc3cn(nn3)CCCC(=O)N([C@H](C)CO)C[C@@H]2C)c(OC)c1,10.0017,0.11601844355955507,0.11654323531345619,0.057157157923670196,0.05938607738978599,-0.17961616729580243
correct_CP,COc1ccc(NC(=O)N(C)C[C@@H]2Oc3c(NC(=O)c4ccncc4)cccc3C(=O)N([C@@H](C)CO)C[C@@H]2C)cc1,9.94418,-0.12587709166544453,-0.12654832738094085,-0.03273887232270082,-0.09380945505824004,0.07293295750312882
correct_CP,COc1ccc(NC(=O)N(C)C[C@@H]2Oc3cc(-c4cccc(C(=O)N(C)C)c4)ccc3S(=O)(=O)N([C@@H](C)CO)C[C@H]2C)cc1,10.0208,0.10351434935121845,0.103886471077085,-0.004546618355782451,0.10843308943286745,-0.03326989203020882
correct_CP,COc1ccc(NC(=O)N(C)C[C@@H]2Oc3ccc(NC(=O)Cc4ccccc4)cc3CC(=O)N([C@@H](C)CO)C[C@H]2C)cc1,10.1921,0.19640477332478845,0.19899031174544493,0.049700027702986024,0.14929028404245892,0.2277145511156875
correct_CP,COc1ccc(NC(=O)N(C)C[C@@H]2Oc3ncc(C#CCN(C)C)cc3C(=O)N([C@@H](C)CO)C[C@@H]2C)cc1,10.0668,-0.06046094435021492,-0.06053477854015606,0.035300987795816544,-0.0958357663359726,-0.11484804687233986
correct_CP,COc1ccc(NC(=O)N(C)C[C@H]2OCCCC[C@@H](C)Oc3ccc(N(C)C)cc3C(=O)N([C@@H](C)CO)C[C@@H]2C)cc1,10.045,-0.2711543179175746,-0.2781093265872445,-0.01194641582211588,-0.26616291076512866,0.2957898666276157
correct_CP,COc1ccc(NC(=O)N(C)C[C@H]2OCc3ccccc3-c3c(n(C)c4ccccc34)C(=O)N([C@@H](C)CO)C[C@H]2C)c(OC)c1,10.3507,0.30673836011204125,0.3169410176854907,0.06734432998782072,0.24959668769767,0.057191634632766886
correct_CP,COc1ccc(NC(=O)N(C)C[C@H]2OCc3ccccc3-c3c(n(C)c4ccccc34)C(=O)N([C@H](C)CO)C[C@@H]2C)c(OC)c1,10.2096,0.25428874542740554,0.2599927435674927,-0.03185951988904921,0.2918522634565419,0.13996980467451078
correct_CP,COc1ccc(NC(=O)N(C)C[C@H]2Oc3c(NC(=O)C4CCCCC4)cccc3C(=O)N([C@H](C)CO)C[C@@H]2C)cc1,9.98552,0.06471591400601708,0.06480648836007014,0.07464593838550032,-0.009839450025430185,-0.06748268088147766
correct_CP,COc1ccc(NC(=O)N(C)C[C@H]2Oc3ccc(NC(=O)Cc4ccccc4)cc3CC(=O)N([C@H](C)CO)C[C@@H]2C)cc1,9.98704,-0.2593087948035131,-0.265367231279589,0.006728631087186056,-0.2720958623667751,0.05174003750027664
correct_CP,COc1ccc(NC(=O)N(C)C[C@H]2Oc3ccc(NC(=O)NC4CCCCC4)cc3CC(=O)N([C@H](C)CO)C[C@@H]2C)cc1,10.04,0.29534218937634027,0.30440893407577313,0.031890475290394876,0.2725184587853783,-0.23527236969239723
correct_CP,COc1ccc(NC(=O)N[C@@H]2CC[C@H](CCNC(=O)CCN3CCCCC3)O[C@@H]2CO)cc1,10.1014,0.4004512034007163,0.42418619258643186,-0.005287109172091617,0.4294733017585235,0.15428504773919316
correct_CP,COc1ccc(NC(=O)N[C@@H]2CC[C@H](CCNC(=O)Nc3cc(F)ccc3F)O[C@@H]2CO)cc1,10.0484,-0.06363213705983213,-0.06371822952319217,-0.06755731123748068,0.0038390817142885114,0.0669434779564285
correct_CP,COc1ccc(NC(=O)N[C@H]2C=C[C@@H](CC(=O)NC3CCCCC3)O[C@H]2CO)cc1,9.95309,0.01742436062260113,0.017426124337652216,0.014015247643576529,0.0034108766940756877,0.06818533614123658
correct_CP,COc1ccc(NC(=O)N[C@H]2CC[C@@H](CCNS(=O)(=O)c3ccccc3F)O[C@H]2CO)cc1,10.0459,-0.17007606563488328,-0.17174499389697656,-0.06789679776298985,-0.10384819613398671,0.10183102713095749
correct_CP,COc1ccc(NC(=O)N[C@H]2CC[C@@H](CCn3cc(-c4ccccn4)nn3)O[C@@H]2CO)cc1,9.96973,0.14042084132960164,0.14135485661691594,0.08421545604673701,0.057139400570178925,-0.27015272526512263
correct_CP,COc1ccc(NC(=O)N[C@H]2CC[C@H](CCNC(=O)CCN3CCCCC3)O[C@@H]2CO)cc1,10.053,0.2206335502380433,0.2243219803349084,0.004224738748022896,0.2200972415868855,0.13188593629372766
correct_CP,COc1ccc(NC(=O)N[C@H]2CC[C@H](CCNC(=O)CCN3CCCCC3)O[C@H]2CO)cc1,9.8569,0.12226071909697302,0.12287541304626001,0.2659880785603598,-0.14311266551409976,-0.3034051953182213
correct_CP,COc1ccc(NC(=O)Nc2ccc3c(c2)C(=O)N(C)C[C@@H](OC)[C@@H](C)CN[C@H](C)CO3)cc1,10.0203,-0.04218326122290995,-0.04220830865581339,0.0027442035884832905,-0.04495251224429668,-0.1255730343242218
correct_CP,COc1ccc(NC(=O)Nc2ccc3c(c2)C(=O)N(C)C[C@@H](OC)[C@H](C)CN[C@@H](C)CO3)cc1,9.98787,0.20557212874519287,0.20854366605374394,0.03376845212767203,0.17477521392607193,0.122280404676076
correct_CP,COc1ccc(NC(=O)Nc2ccc3c(c2)C(=O)N(C)C[C@H](OC)[C@@H](C)CN[C@@H](C)CO3)cc1,9.99937,0.32082432006521816,0.33256573907014536,0.020421959753239807,0.31214377931690557,0.16305037407007705
correct_CP,COc1ccc(NC(=O)Nc2ccc3c(c2)C(=O)N(C)C[C@H](OC)[C@H](C)CN[C@@H](C)CO3)cc1,10.0554,0.29074871350047354,0.29938391973886513,0.03178272370975459,0.26760119602911053,0.16070634786277638
correct_CP,COc1ccc(NC(=O)Nc2ccc3c(c2)C(=O)N([C@@H](C)CO)C[C@H](C)[C@@H](CN(C)Cc2ccc4c(c2)OCO4)O3)cc1,10.2431,0.30459619749055716,0.31457807850784913,-0.0471904157318915,0.3617684942397406,-0.007601089800151603
correct_CP,COc1ccc(NC(=O)Nc2ccc3c(c2)C(=O)N([C@H](C)CO)C[C@@H](C)[C@@H](CN(C)Cc2ccc4c(c2)OCO4)O3)cc1,9.9348,-0.1405520875960736,-0.1414887453718711,0.043015472481738516,-0.1845042178536096,0.07111754176812421
correct_CP,COc1ccc(NC(=O)Nc2ccc3c(c2)CC(=O)N([C@H](C)CO)C[C@H](C)[C@@H](CN(C)CC2CCCCC2)O3)cc1,10.0549,0.26231865509013436,0.2685967809544781,-0.01130818046053175,0.2799049614150098,-0.11009438629304572
correct_CP,COc1ccc(NC(=O)Nc2ccc3c(c2)[C@@H]2C[C@@H](CC(=O)NCc4ccccn4)O[C@@H](CO)[C@@H]2O3)cc1,9.81468,0.07502009744750575,0.07516131269044946,0.2212205556354358,-0.14605924294498634,-0.19528407680441745
correct_CP,COc1ccc(NC(=O)Nc2ccc3c(c2)[C@@H]2C[C@H](CC(=O)N4CCN(C)CC4)O[C@H](CO)[C@@H]2O3)cc1,9.94172,0.33950363624880003,0.3535313924811909,0.09509372888817316,0.2584376635930178,0.10666136881841129
correct_CP,COc1ccc(NC(=O)Nc2ccc3c(c2)[C@@H]2C[C@H](CC(=O)N4CCc5ccccc5C4)O[C@H](CO)[C@@H]2O3)cc1,10.0552,0.006305476917923706,0.006305560486485184,0.02969818538472508,-0.023392624898239896,0.09812225974648503
correct_CP,COc1ccc(NC(=O)Nc2ccc3c(c2)[C@@H]2C[C@H](CC(=O)NCCc4ccccc4)O[C@H](CO)[C@@H]2O3)cc1,9.98689,0.07301582707989349,0.0731460004251772,-0.08851223829158235,0.16165823871675955,-0.12608013809133378
correct_CP,COc1ccc(NC(=O)Nc2ccc3c(c2)[C@@H]2C[C@H](CC(=O)O)O[C@@H](CO)[C@@H]2O3)cc1,9.99227,0.32964035033842704,0.34242470623199495,-0.00837482500001116,0.35079953123200613,0.22748887923163652
correct_CP,COc1ccc(NC(=O)Nc2ccc3c(c2)[C@H]2C[C@@H](CC(=O)N4CCN(C)CC4)O[C@@H](CO)[C@H]2O3)cc1,9.88105,-0.23804612101218112,-0.24270183970547354,0.05474171974314313,-0.29744355944861667,-0.16809525959532862
correct_CP,COc1ccc(NC(=O)Nc2ccc3c(c2)[C@H]2C[C@@H](CC(=O)N[C@@H](C)c4ccccc4)O[C@@H](CO)[C@H]2O3)cc1,10.0469,0.11761312841812926,0.11815998254975718,0.06936531625130957,0.048794666298447614,0.016711363847405347
correct_CP,COc1ccc(NC(=O)Nc2ccc3c(c2)[C@H]2C[C@@H](CC(=O)O)O[C@@H](CO)[C@H]2O3)cc1,9.95209,-0.09304173964340766,-0.09331162299475704,-0.0040883086094979275,-0.08922331438525911,-0.02502293360331883
correct_CP,COc1ccc(NC(=O)Nc2ccc3c(c2)[C@H]2C[C@H](CC(=O)N4CCc5ccccc5C4)O[C@H](CO)[C@H]2O3)cc1,10.1078,0.4046334432551124,0.4291771878175058,-0.0014992867264936576,0.43067647454399943,0.2601887187516823
correct_CP,COc1ccc(NC(=O)Nc2ccc3c(c2)[C@H]2C[C@H](CC(=O)NC4CCCCC4)O[C@@H](CO)[C@H]2O3)cc1,10.0251,-0.01131546392976013,-0.011315946909824346,0.05488830672038037,-0.06620425363020471,-0.16047000180800294
correct_CP,COc1ccc(NC(=O)Nc2ccc3c(c2)[C@H]2C[C@H](CC(=O)NCC4CC4)O[C@@H](CO)[C@H]2O3)cc1,10.1505,0.44192116212189997,0.4746157024183941,0.01606832279614251,0.4585473796222516,-0.1823011898056522
correct_CP,COc1ccc(NC(=O)Nc2ccc3c(c2)[C@H]2C[C@H](CC(=O)NCc4ccccn4)O[C@@H](CO)[C@H]2O3)cc1,10.0498,0.21722737805187914,0.22074432501256402,0.0793936423313871,0.14135068268117693,0.05708254010944644
correct_CP,COc1ccc(NC(=O)Nc2ccc3c(c2)[C@H]2C[C@H](CC(=O)O)O[C@@H](CO)[C@H]2O3)cc1,9.95489,-0.01654122572282641,-0.01654273459731113,-0.024673272597898983,0.008130538000587852,0.016291969147675618
correct_CP,COc1ccc(NC(=O)Nc2ccc3oc(C)nc3c2)cc1,10.0,0.19364451884605477,0.19612091891199207,0.10220026768679794,0.09392065122519414,0.0752331307276616
correct_CP,COc1ccc(NC(=O)Nc2cccc3c2O[C@@H](CN(C)C(=O)NC(C)C)[C@@H](C)CN([C@H](C)CO)C3=O)cc1,10.0873,-0.552964717710887,-0.6226417906505453,-0.012840978921168677,-0.6098008117293766,-0.39717751711831545
correct_CP,COc1ccc(NC(=O)Nc2cccc3c2O[C@@H](CN(C)C(=O)NC(C)C)[C@H](C)CN([C@H](C)CO)C3=O)cc1,10.0409,-0.21837334920572923,-0.2219473649267796,0.03461296645352818,-0.25656033138030776,-0.0899656049267836
correct_CP,COc1ccc(NC(=O)c2cccc(NC(=O)C(C)C)c2)c([N+](=O)[O-])c1,10.0,0.7222338544182412,0.9122989614945293,0.05533030362648916,0.8569686578680401,0.27294912841044283
correct_CP,COc1ccc(NC2=NC(N)=NC3(CCCCC3)N2)cc1,10.0,0.15247534316777356,0.15367372399434479,0.05518572530871818,0.0984879986856266,0.07933244570912884
correct_CP,COc1ccc(NCC(=O)Nc2ccc(Br)cc2F)c(OC)c1,10.0,0.41188899184364536,0.4378840389132371,-0.04527098240150218,0.48315502131473925,-0.1925427865406132
correct_CP,COc1ccc(OC(=O)N(C)C[C@@H]2OCc3ccccc3-c3ccccc3C(=O)N([C@@H](C)CO)C[C@H]2C)cc1,9.82979,0.22225100840286505,0.22602284364196135,0.08067531996269683,0.1453475236792645,-0.17823416981378634
correct_CP,COc1ccc(OC(=O)N(C)C[C@@H]2OCc3ccccc3-c3ccccc3C(=O)N([C@H](C)CO)C[C@@H]2C)cc1,10.0408,0.4406702634701737,0.4730622886001963,0.06751787147981021,0.4055444171203861,0.04048378803309943
correct_CP,COc1ccc(OC(=O)N(C)C[C@@H]2OCc3ccccc3-c3ccccc3C(=O)N([C@H](C)CO)C[C@H]2C)cc1,9.89865,0.4033974330058919,0.4277000694572767,0.10301288023211808,0.3246871892251586,0.25054321893667614
correct_CP,COc1ccc(OC(=O)N(C)C[C@@H]2OCc3cn(nn3)CCCC(=O)N([C@@H](C)CO)C[C@@H]2C)cc1,10.0155,-0.08708836217933663,-0.08730954004657572,-0.026557629900376058,-0.06075191014619966,0.03879303836423109
correct_CP,COc1ccc(OC(=O)N(C)C[C@@H]2OCc3cn(nn3)CCCC(=O)N([C@@H](C)CO)C[C@H]2C)cc1,10.0354,0.513965299008464,0.5681037455461775,0.13170938208604682,0.43639436346013066,0.38411186145141235
correct_CP,COc1ccc(OC)c(C(C(=O)NCc2ccco2)N(C(=O)Cn2nnc3ccccc32)C(C)C)c1,10.0,-0.2208439431353288,-0.22454314984919932,0.1267698603143995,-0.35131301016359884,-0.17774903968030206
correct_CP,COc1ccc(S(=O)(=O)N(C)C[C@@H]2OCCCC[C@H](C)Oc3ccc(N(C)C)cc3C(=O)N([C@@H](C)CO)C[C@@H]2C)cc1,10.0966,0.2745001153525816,0.2817242004986992,0.008394510609131465,0.2733296898895677,-0.19469241496324416
correct_CP,COc1ccc(S(=O)(=O)N(C)C[C@@H]2OCc3ccccc3-c3ccccc3C(=O)N([C@H](C)CO)C[C@@H]2C)cc1,10.008,0.2107926108501309,0.214000668744055,-0.04376535389345975,0.25776602263751475,0.27130063698153006
correct_CP,COc1ccc(S(=O)(=O)N(C)C[C@@H]2OCc3cn(nn3)CCCC(=O)N([C@@H](C)CO)C[C@H]2C)cc1,10.0231,0.23881797989968823,0.24352022364142162,0.10981227924394628,0.13370794439747535,0.11609993771089923
correct_CP,COc1ccc(S(=O)(=O)N(C)C[C@@H]2OCc3cnnn3CCCC(=O)N([C@@H](C)CO)C[C@@H]2C)cc1,10.0216,-0.05740832826926445,-0.057471520459486315,0.1198868802745756,-0.17735840073406192,-0.1272717434705324
correct_CP,COc1ccc(S(=O)(=O)N(C)C[C@@H]2OCc3cnnn3CCCC(=O)N([C@H](C)CO)C[C@H]2C)cc1,10.0155,0.2730152047045935,0.28011898973856514,0.03197139844080206,0.2481475912977631,0.3384070675561275
correct_CP,COc1ccc(S(=O)(=O)N(C)C[C@@H]2Oc3ccc(N(C)C)cc3CC(=O)N([C@@H](C)CO)C[C@H]2C)cc1,9.91227,0.5292760777939142,0.5891389904564732,-0.007700743770042042,0.5968397342265153,-0.1267170144019202
correct_CP,COc1ccc(S(=O)(=O)N(C)C[C@@H]2Oc3ncc(/C=C/c4ccccc4)cc3C(=O)N([C@H](C)CO)C[C@@H]2C)cc1,10.0094,0.19711484020393916,0.19972897560466676,0.04525352912530524,0.1544754464793615,0.1381515001107192
correct_CP,COc1ccc(S(=O)(=O)N(C)C[C@@H]2Oc3ncc(C#CC4(O)CCCC4)cc3C(=O)N([C@@H](C)CO)C[C@H]2C)cc1,10.0455,-0.40504912059453835,-0.42967434795865617,0.002971273470790731,-0.4326456214294469,-0.08947371391897797
correct_CP,COc1ccc(S(=O)(=O)N(C)C[C@H]2OCc3ccccc3-c3c(n(C)c4ccccc34)C(=O)N([C@H](C)CO)C[C@@H]2C)cc1,9.9424,-0.18023218257650112,-0.18222265615950006,-0.06395329610818898,-0.11826936005131108,0.3484669838926655
correct_CP,COc1ccc(S(=O)(=O)N(C)C[C@H]2Oc3ncc(C#CC4(O)CCCC4)cc3C(=O)N([C@@H](C)CO)C[C@@H]2C)cc1,10.0359,0.18830661422209,0.19058094713613022,-0.1319647914502813,0.32254573858641156,0.1908616998673233
correct_CP,COc1ccc(S(=O)(=O)N(C)C[C@H]2Oc3ncc(C#CC4(O)CCCC4)cc3C(=O)N([C@H](C)CO)C[C@H]2C)cc1,10.078,0.11860434282054558,0.11916521977007802,-0.00562951164112928,0.1247947314112073,-0.006206441194367755
correct_CP,COc1ccc(S(=O)(=O)N2CCOCC2)cc1NC(=O)c1ccc(-n2nc(C)cc2C)cc1,20.0,0.42268794459874753,0.450960167889642,0.11307466091151615,0.33788550697812586,0.27759311358032934
correct_CP,COc1ccc(S(=O)(=O)N2C[C@@H](O)COC[C@@H]3O[C@H](CC(=O)N[C@@H]4CCN(Cc5ccccc5)C4)CC[C@H]32)cc1,10.0475,-0.2194677886250492,-0.2230968972161644,0.05052324392053731,-0.27362014113670174,0.0654411172902857
correct_CP,COc1ccc(S(=O)(=O)N2C[C@@H](O)COC[C@H]3O[C@@H](CC(=O)N[C@H]4CCN(Cc5ccccc5)C4)CC[C@@H]32)cc1,9.95434,-0.14737267961158299,-0.1484537168782723,0.03600619489611218,-0.18445991177438448,0.06261839933674868
correct_CP,COc1ccc(S(=O)(=O)N2C[C@H](O)COC[C@@H]3O[C@@H](CC(=O)N[C@@H]4CCN(Cc5ccccc5)C4)CC[C@H]32)cc1,10.1201,0.09901741276199638,0.09934293354195368,0.07939665872243988,0.019946274819513804,0.7013901543777492
correct_CP,COc1ccc(S(=O)(=O)N2C[C@H](O)COC[C@@H]3O[C@H](CC(=O)N[C@@H]4CCN(Cc5ccccc5)C4)CC[C@H]32)cc1,10.1162,0.6683748194439473,0.8077999563276714,0.21871953518360163,0.5890804211440698,0.3676523051005822
correct_CP,COc1ccc(S(=O)(=O)N[C@@H]2C=C[C@@H](CC(=O)NCCc3ccncc3)O[C@H]2CO)cc1,10.1019,0.037019715276077635,0.03703664053341537,0.09309051591941724,-0.056053875386001865,-0.15047942888748067
correct_CP,COc1ccc(S(=O)(=O)N[C@@H]2CC[C@@H](CC(=O)NCc3ccccc3F)O[C@@H]2CO)cc1,10.0735,0.2234942770722287,0.22733109632338294,0.0012998687234764524,0.2260312275999065,-0.08403419921174977
correct_CP,COc1ccc(S(=O)(=O)N[C@@H]2CC[C@H](CC(=O)NCc3ccccc3F)O[C@H]2CO)cc1,10.0025,-0.2298926732997207,-0.23407614830993512,-0.0023580098122077935,-0.23171813849772732,-0.18483452189377045
correct_CP,COc1ccc(S(=O)(=O)N[C@@H]2CC[C@H](CCNC(=O)Cc3ccccn3)O[C@H]2CO)cc1,10.0236,0.17522630436429357,0.17705348355371078,-0.04788159782261522,0.224935081376326,0.21628616943724244
correct_CP,COc1ccc(S(=O)(=O)N[C@H]2C=C[C@H](CC(=O)N3CCc4ccccc4C3)O[C@H]2CO)cc1,9.92394,0.33291377349281337,0.34610165967551976,-0.10134864036133123,0.447450300036851,-0.12062633572280829
correct_CP,COc1ccc(S(=O)(=O)N[C@H]2C=C[C@H](CC(=O)NCCc3ccncc3)O[C@@H]2CO)cc1,10.1227,0.3368805507621139,0.3505695465748029,-0.0017266335425702075,0.35229618011737307,0.0044005507281059805
correct_CP,COc1ccc(S(=O)(=O)N[C@H]2CC[C@@H](CC(=O)N3CCC(Cc4ccccc4)CC3)O[C@H]2CO)cc1,10.0153,0.37708778371699964,0.3966603213280045,-0.12473696223472186,0.5213972835627263,-0.07327699668320611
correct_CP,COc1ccc(S(=O)(=O)N[C@H]2CC[C@@H](CCNC(=O)Cc3ccccn3)O[C@H]2CO)cc1,9.99776,-0.09008965256531165,-0.09033457327287371,-0.06377990249516856,-0.026554670777705153,-0.30845744424074245
correct_CP,COc1ccc(S(=O)(=O)N[C@H]2CC[C@H](CC(=O)NCc3ccccc3F)O[C@@H]2CO)cc1,10.0635,0.43605465789692,0.4673487379245011,0.04511257357738732,0.42223616434711375,0.2546344925671591
correct_CP,COc1ccc(S(=O)(=O)N[C@H]2CC[C@H](CCNC(=O)Cc3ccccn3)O[C@@H]2CO)cc1,10.0563,0.06217194282150037,0.06225223456692129,-0.02550891085731262,0.08776114542423391,0.03839357228383443
correct_CP,COc1ccc(S(=O)(=O)N[C@H]2CC[C@H](CCn3cc(C(C)C)nn3)O[C@H]2CO)cc1,10.1129,-0.5507356635179733,-0.6194366408752047,0.01905210938517282,-0.6384887502603774,-0.14125061012131357
correct_CP,COc1ccc(S(=O)(=O)Nc2ccc3c(c2)C(=O)N(C)C[C@@H](OC)[C@@H](C)CN[C@@H](C)CO3)cc1,10.0733,0.30672458421036175,0.31692581108282497,-0.002283029063041394,0.31920884014586637,-0.0944840229205371
correct_CP,COc1ccc(S(=O)(=O)Nc2ccc3c(c2)[C@@H]2C[C@H](CC(=O)NCC4CC4)O[C@@H](CO)[C@@H]2O3)cc1,10.0042,0.24579017844211454,0.25092734091462154,-0.014019172312511582,0.26494651322713314,0.1251898789288303
correct_CP,COc1ccc(S(=O)(=O)Nc2cccc3c2O[C@@H](CN(C)CC2CCCCC2)[C@H](C)CN([C@@H](C)CO)C3=O)cc1,10.065,-0.07158928460215613,-0.07171196102934847,-0.12055337341862178,0.04884141238927331,0.2391838437901676
correct_CP,COc1ccc(S(=O)(=O)Nc2cccc3c2O[C@H](CN(C)CC2CCCCC2)[C@@H](C)CN([C@@H](C)CO)C3=O)cc1,10.0184,0.132074163090547,0.13285025102664527,0.0260594035493356,0.10679084747730967,0.013211355991726556
correct_CP,COc1ccc(S(=O)(=O)Nc2cccc3c2O[C@H](CN(C)Cc2ccc4c(c2)OCO4)[C@H](C)CN([C@H](C)CO)C3=O)cc1,10.0086,0.3401089045367352,0.3542156735767026,0.10383082020022122,0.25038485337648136,-0.09924737738714624
correct_CP,COc1ccc(S(=O)(=O)Nc2ccccc2-c2nnn(CC(=O)Nc3ccccc3OC)n2)cc1,10.0,0.02253644189918021,0.022540258415880775,0.07393040252811053,-0.05139014411222976,0.1613217354875294
correct_CP,COc1ccc(S(=O)(=O)n2c(N)nc3ccccc32)cc1,20.0,0.43093487032172645,0.46104418706816264,0.04302055963875795,0.4180236274294047,0.04512745653325924
correct_CP,COc1ccc([C@@H]2CNC(=O)C2)cc1OC1CCCC1,10.0,0.2782320570819454,0.2857647591181456,0.01763029060163234,0.26813446851651324,-0.26466671926044644
correct_CP,COc1ccc([C@@H]2[C@@H]3C(=O)N(C(C)(C)C)C(=O)[C@@H]3[C@]3(C)C(=O)N(c4cccc(C)c4)C(=O)N23)cc1,10.0,0.2875682289286016,0.2959132384093275,0.05095027222156716,0.2449629661877603,0.07720003659905221
correct_CP,COc1ccc2[nH]c(C(=O)c3ccccc3)cc2c1,10.0,0.347444321205419,0.3625342574084962,-0.09002976789429101,0.4525640253027872,0.20628447872638284
correct_CP,COc1ccc2c(c1)[C@@]1(C)CCC(=O)C[C@@H]1CC2,10.0,0.09474321274825526,0.09502822978561616,-0.0019248616860579413,0.09695309147167411,-0.16979629031722923
correct_CP,COc1ccc2c(c1)[nH]c1c(C)nccc12,10.0,0.22944832806140897,0.2336070593024343,-0.08869016874726096,0.3222972280496953,0.13444277299561164
correct_CP,COc1ccc2c(c1)c(=O)oc1cc(OCC(=O)NC3CCCCC3)ccc12,10.0,0.4162942084046829,0.44320097629792565,0.35801081283482605,0.0851901634630996,-0.47020580146639523
correct_CP,COc1ccc2c(c1)c(CC(=O)OCC(=O)O)c(C)n2C(=O)c1ccc(Cl)cc1,10.0,-0.1399841003899637,-0.14090935863481602,-0.022885226338819113,-0.1180241322959969,-0.11414283459563762
correct_CP,COc1ccc2c(c1)sc(=N)n2C,10.0,-0.21940603870697087,-0.22303202346071957,0.06743693008928711,-0.2904689535500067,-0.06365281090789825
correct_CP,COc1ccc2c(c1O)-c1cc(O)cc3c1[C@@H](C2)N(C)CC3,10.0,0.4425185333527991,0.47535829363918813,-0.08843884168125316,0.5637971353204413,0.4086685415644068
correct_CP,COc1ccc2cc([C@H](C)C(=O)O)ccc2c1,10.0,0.09665596348429659,0.09695866081305286,0.05442334487112847,0.04253531594192439,-0.22254103335974074
correct_CP,COc1ccc2cc1Oc1ccc(cc1)C[C@H]1c3cc(c(OC)cc3CCN1C)Oc1c(OC)c(OC)cc3c1[C@H](C2)N(C)CC3,10.0,0.19162380632648235,0.19402233134754338,-0.04238509845887098,0.23640742980641435,0.4662532430960409
correct_CP,COc1ccc2cc3c(N)nn(C(=O)Cc4ccc(Cl)cc4)c3nc2c1,10.0,0.7568516958001305,0.9888035572343877,-0.06267910880816345,1.0514826660425511,0.06005683859784587
correct_CP,COc1ccc2cccc(N3CCN(CCNC(=O)c4ccc(F)cc4)CC3)c2c1,10.0,0.050607010261322444,0.05065027946000979,0.05825016139922099,-0.007599881939211205,0.06737414708150533
correct_CP,COc1ccc2nc(N=C(N)NC(=O)Nc3ccccc3)nc(C)c2c1,10.0,0.2618977383799213,0.26814481377064525,0.03436956659750663,0.23377524717313863,0.30320302659178155
correct_CP,COc1cccc(-c2cc(=O)c3cc(OC)ccc3o2)c1,10.0,0.09486702132949365,0.09515316125231905,0.04159353449349666,0.05355962675882239,0.07763728961677098
correct_CP,COc1cccc(-c2cc(C(=O)Nc3nc4ccccc4s3)c3ccccc3n2)c1,10.0,0.41998966578139085,0.44767947597503044,0.09299358146799944,0.35468589450703103,0.21204370587032442
correct_CP,COc1cccc(-c2ccc([C@@H]3[C@@H](C#N)N(C(=O)Cc4ccncc4)[C@@H]3CO)cc2)c1,10.0349,0.10818700345318281,0.10861208163573648,-0.025866736038731634,0.13447881767446812,0.10871713682598151
correct_CP,COc1cccc(-c2ccc3c(c2)O[C@@H](CN(C)C(=O)C2CCOCC2)[C@H](C)CN([C@H](C)CO)S3(=O)=O)c1,10.0456,0.00805999351770602,0.008060168059626937,-0.011050820673734179,0.019110988733361117,-0.02522652906777208
correct_CP,COc1cccc(-c2ccc3c(c2)O[C@@H](CN(C)C(=O)c2ccccc2F)[C@@H](C)CN([C@H](C)CO)S3(=O)=O)c1,9.98892,0.015417685477552982,0.015418907272253547,0.007493684592588191,0.007925222679665356,0.12899171644120108
correct_CP,COc1cccc(-c2ccc3c(c2)O[C@@H](CN(C)C(=O)c2ccccc2F)[C@H](C)CN([C@@H](C)CO)S3(=O)=O)c1,10.0176,0.06223622923018671,0.06231677068836318,-0.016062323251030408,0.07837909393939359,0.13261742549539446
correct_CP,COc1cccc(-c2ccc3c(c2)O[C@@H](CN(C)Cc2ccncc2)[C@@H](C)CN([C@@H](C)CO)S3(=O)=O)c1,10.0802,0.40019115886432466,0.42387652099125006,0.025421876300577965,0.3984546446906721,0.21526314976511401
correct_CP,COc1cccc(-c2ccc3c(c2)O[C@@H](CN(C)Cc2ccncc2)[C@@H](C)CN([C@H](C)CO)S3(=O)=O)c1,10.086,-0.3198069668474829,-0.3314320687404006,-0.019752548080107332,-0.31167952066029325,-0.0013608511972981081
correct_CP,COc1cccc(-c2ccc3n(c2=O)C[C@H]2[C@H](CO)[C@@H](C(=O)NCCN4CCCCC4)N(C)[C@@H]32)c1,10.0372,0.3334468654744524,0.3467013193774354,0.0007145854801000823,0.34598673389733536,0.3179991857431806
correct_CP,COc1cccc(-c2cccc(-c3nc(C(=O)N(C)C)cc4c3[C@@H](CCO)N([S@](=O)C(C)(C)C)C4)c2)c1,10.0327,0.12086733025798047,0.12146112386494384,0.09406277307260077,0.027398350792343068,-0.05641150411385949
correct_CP,COc1cccc(-c2cccc(-c3nc(C(=O)N4CCN(C)CC4)cc4c3[C@@H](CCO)N(S(=O)C(C)(C)C)C4)c2)c1,10.0598,0.3020573635133583,0.31178198154733217,-0.13964901800800034,0.4514309995553325,-0.1378124614205486
correct_CP,COc1cccc(-c2cn(CC[C@@H]3CC[C@@H](NS(=O)(=O)Cc4ccccc4)[C@@H](CO)O3)nn2)c1,10.0511,0.21210047277255425,0.21536974165521433,0.09270073754577708,0.12266900410943725,0.040341522011405936
correct_CP,COc1cccc(-c2cn(CC[C@H]3CC[C@@H](NC(=O)CN(C)C)[C@@H](CO)O3)nn2)c1,9.99328,0.06629742403018875,0.06639481442460178,0.02951626516656563,0.03687854925803615,0.1042294598518235
correct_CP,COc1cccc(-c2cnc3c(c2)C(=O)N([C@@H](C)CO)C[C@H](C)[C@@H](CN(C)Cc2ccc(C(=O)O)cc2)O3)c1,10.1787,0.11709795500269082,0.1176376149061184,0.10944062663462459,0.008196988271493816,0.05510625416398132
correct_CP,COc1cccc(-c2cnc3c(c2)C(=O)N([C@H](C)CO)C[C@H](C)[C@@H](CN(C)Cc2ccc(C(=O)O)cc2)O3)c1,10.0122,-0.0004886973938553214,-0.0004886974327597352,0.018056038199491017,-0.01854473563225075,-0.04422938798556807
correct_CP,COc1cccc(-c2cnc3c(c2)C(=O)N([C@H](C)CO)C[C@H](C)[C@H](CN(C)C(=O)NC(C)C)O3)c1,10.0265,-0.011311322168052253,-0.01131180461793267,0.005824313929257684,-0.017136118547190354,-0.07332663140371413
correct_CP,COc1cccc(-c2cnc3c(c2)C(=O)N([C@H](C)CO)C[C@H](C)[C@H](CN(C)S(=O)(=O)c2cn(C)cn2)O3)c1,10.1273,-0.24579050384119835,-0.2509276872359801,0.07291116588162262,-0.3238388531176027,0.1284721072725789
correct_CP,COc1cccc(C#Cc2ccc([C@@H]3[C@@H](CO)N(C(=O)c4ccccn4)[C@H]3C#N)cc2)c1,10.0721,0.07818435668937915,0.07834425182313282,0.004998200293842552,0.07334605152929026,0.023442413312021373
correct_CP,COc1cccc(C#Cc2ccc([C@H]3[C@@H](C#N)N(C(=O)c4ccccn4)[C@@H]3CO)cc2)c1,9.96222,-0.08564593640250906,-0.08585627368297587,-0.060450886405105514,-0.025405387277870353,-0.011951424260996685
correct_CP,COc1cccc(C#Cc2ccc([C@H]3[C@@H](CO)N(C(=O)c4ccccn4)[C@H]3C#N)cc2)c1,10.0988,-0.06301571963213061,-0.0630993303394243,0.036799347953105715,-0.09989867829253002,0.14017252844742703
correct_CP,COc1cccc(C(=O)Nc2ccc(C(=O)O)cc2)c1,10.0,0.4801099543693604,0.5231271594925178,-0.14483500391193754,0.6679621634044552,-0.00907255570864679
correct_CP,COc1cccc(C(=O)Nc2ccc(F)c(F)c2F)c1,10.0,0.27818047773253946,0.2857088526816984,0.06181634997111015,0.22389250271058822,0.3829130376261926
correct_CP,COc1cccc(C(=O)Nc2ccc3c(c2)C(=O)N(C)C[C@@H](OC)[C@@H](C)CN(C(C)=O)[C@H](C)CO3)c1,10.0321,0.43167184000536574,0.4619495804460995,0.022551080473154253,0.4393984999729453,0.10204561086515272
correct_CP,COc1cccc(C(=O)Nc2ccc3c(c2)C(=O)N(C)C[C@@H](OC)[C@@H](C)CN[C@H](C)CO3)c1,10.0484,0.5000345344518649,0.5493521913300456,0.04733688111456035,0.5020153102154853,0.20359487075005311
correct_CP,COc1cccc(C(=O)Nc2ccc3c(c2)C(=O)N(C)C[C@@H](OC)[C@H](C)CN(CCc2ccccc2)[C@@H](C)CO3)c1,10.0187,0.25341763483709523,0.25906163064239074,-0.055241543535121326,0.3143031741775121,0.24937439298917952
correct_CP,COc1cccc(C(=O)Nc2ccc3c(c2)C(=O)N(C)C[C@H](OC)[C@@H](C)CN(C(C)=O)[C@@H](C)CO3)c1,10.0321,-0.06686016186509296,-0.06696005784937958,0.00971093369185811,-0.07667099154123769,-0.4551868081086739
correct_CP,COc1cccc(C(=O)Nc2ccc3c(c2)C(=O)N(C)C[C@H](OC)[C@@H](C)CN(C(C)=O)[C@H](C)CO3)c1,10.0161,-0.06136328201158199,-0.061440476662531135,-0.05019091283136136,-0.011249563831169776,0.13316599521600658
correct_CP,COc1cccc(C(=O)Nc2ccc3c(c2)C(=O)N(C)[C@@H]2CC[C@H](CC(=O)NCC(F)(F)F)O[C@@H]2CO3)c1,9.95565,0.2265473572024989,0.2305470155212225,0.08453133489094308,0.14601568063027942,0.026976690420473307
correct_CP,COc1cccc(C(=O)Nc2ccc3c(c2)C(=O)N(C)[C@@H]2CC[C@H](CC(=O)NCCCN4CCOCC4)O[C@H]2CO3)c1,9.99054,0.35924890394568487,0.3760232369178641,0.05453033559192509,0.321492901325939,0.08088804020481925
correct_CP,COc1cccc(C(=O)Nc2ccc3c(c2)C(=O)N(C)[C@H]2CC[C@H](CC(=O)NCC(F)(F)F)O[C@@H]2CO3)c1,10.0476,0.5153132491621613,0.569937326992274,0.014213484727324971,0.555723842264949,0.22598198025355598
correct_CP,COc1cccc(C(=O)Nc2ccc3c(c2)C(=O)N(C)[C@H]2CC[C@H](CC(=O)NCC(F)(F)F)O[C@H]2CO3)c1,10.0911,0.015319227852636494,0.01532042638711032,0.06435281965494453,-0.049032393267834214,-0.05966605600476923
correct_CP,COc1cccc(C(=O)Nc2ccc3c(c2)OC[C@@H](C)N(C)C[C@H](C)[C@@H](OC)CN(C)C3=O)c1,9.99288,0.4149986850303682,0.44163489286453966,0.005266972910747068,0.4363679199537926,0.14450730822695268
correct_CP,COc1cccc(CN(C)C[C@H]2OCc3cn(nn3)CCCC(=O)N([C@H](C)CO)C[C@H]2C)c1,9.6374,0.42475465747093505,0.45347913761524644,0.05256500572692234,0.4009141318883241,0.19413397712518382
correct_CP,COc1cccc(CNC(=O)C[C@@H]2C=C[C@@H](NC(=O)C3CCC3)[C@@H](CO)O2)c1,10.1263,0.6144739002127271,0.7160777648819161,0.08308392268762536,0.6329938421942908,0.07912135842085528
correct_CP,COc1cccc(CNC(=O)C[C@@H]2CC[C@@H]3[C@@H](COc4ccc(NS(=O)(=O)c5ccccc5F)cc4C(=O)N3C)O2)c1,10.0425,-0.04007013457938596,-0.04009160100881505,0.012079379314818972,-0.05217098032363402,-0.1429610692477331
correct_CP,COc1cccc(CNC(=O)C[C@@H]2CC[C@H]3[C@H](COc4ccc(NC(=O)c5cccs5)cc4C(=O)N3C)O2)c1,10.1524,-0.1690412660560473,-0.17067956292084716,0.11246219744587674,-0.2831417603667239,-0.565321832942106
correct_CP,COc1cccc(CNC(=O)C[C@H]2C=C[C@@H](NC(=O)C3CCC3)[C@H](CO)O2)c1,10.0394,-0.09252536073221636,-0.09279076007354836,-0.14343762478522618,0.050646864711677814,0.013633517885699137
correct_CP,COc1cccc(CNC(=O)C[C@H]2CC[C@@H]3[C@H](COc4ccc(NC(=O)c5cccs5)cc4C(=O)N3C)O2)c1,10.1037,-0.3218119806698427,-0.3336671113791955,0.056094036569276105,-0.3897611479484716,-0.13793287134906065
correct_CP,COc1cccc(CNC(=O)C[C@H]2CC[C@H](NC(C)=O)[C@@H](CO)O2)c1,10.0323,0.6408654757918734,0.7596410366091642,0.08026771699136107,0.6793733196178031,0.03317377902041542
correct_CP,COc1cccc(CNC(=O)[C@@H]2[C@@H](CO)[C@@H]3Cn4c(cccc4=O)[C@H]2N3C(=O)C2CCCCC2)c1,9.92915,0.4045641979707666,0.42909438822234636,-0.027872807857452293,0.45696719607979863,0.37275800547060584
correct_CP,COc1cccc(CNC(=O)[C@H]2[C@H](CO)[C@H]3Cn4c(cccc4=O)[C@@H]2N3C(=O)C2CCCCC2)c1,10.0097,0.2896067086374036,0.29813691283872196,-0.026796235612434556,0.3249331484511565,0.03335667974756158
correct_CP,COc1cccc(CNC(=O)c2cc3c(c(-c4cccc(-c5ccc(C#N)cc5)c4)n2)[C@@H](CCO)N([S@](=O)C(C)(C)C)C3)c1,9.9531,0.06532459646016679,0.06541775504498286,0.07023992894648477,-0.004822173901501914,0.14822697232829757
correct_CP,COc1cccc(CNC(=O)c2cc3c(c(-c4cccc(-c5ccc(C#N)cc5)c4)n2)[C@H](CCO)N([S@@](=O)C(C)(C)C)C3)c1,9.99719,-0.3319391034297389,-0.3450058999987304,-0.08992975155083946,-0.25507614844789095,0.2341220904631521
correct_CP,COc1cccc(NC(=O)/C=C/c2ccc([N+](=O)[O-])cc2)c1,10.0,0.3732882437062,0.3922383023917739,-0.035573996517113016,0.4278122989088869,0.12456682326251653
correct_CP,COc1cccc(NC(=O)C[C@@H]2CC[C@H]3[C@H](COc4ccc(NC(=O)C5CCOCC5)cc4C(=O)N3C)O2)c1,9.91177,0.3638733696525406,0.3813431743771052,0.014435232172588757,0.36690794220451645,0.06727349930914964
correct_CP,COc1cccc(NC(=O)C[C@H]2CC[C@H]3[C@@H](COc4ccc(NC(=O)C5CCOCC5)cc4C(=O)N3C)O2)c1,9.9375,0.04149567049245047,0.0415195121315363,0.03667496355485063,0.004844548576685669,-0.06224176915216831
correct_CP,COc1cccc(NC(=O)N(C)C[C@@H]2OCc3ccccc3-c3c(n(C)c4ccccc34)C(=O)N([C@@H](C)CO)C[C@@H]2C)c1,10.0734,0.2795347265894061,0.28717728980337864,-0.07468357241404666,0.3618608622174253,0.16731238844036814
correct_CP,COc1cccc(NC(=O)N(C)C[C@@H]2Oc3cc(C#CC4(O)CCCC4)ccc3S(=O)(=O)N([C@@H](C)CO)C[C@H]2C)c1,10.0279,-0.0008953969494337676,-0.0008953971887244485,0.19114775112843616,-0.1920431483171606,-0.3027031021160585
correct_CP,COc1cccc(NC(=O)N(C)C[C@@H]2Oc3cc(C#CC4(O)CCCC4)ccc3S(=O)(=O)N([C@H](C)CO)C[C@H]2C)c1,10.0368,0.1905839641248709,0.19294307379820974,0.03006804045074953,0.1628750333474602,0.16826922706659078
correct_CP,COc1cccc(NC(=O)N(C)C[C@@H]2Oc3ncc(C#Cc4ccncc4)cc3C(=O)N([C@@H](C)CO)C[C@H]2C)c1,10.0559,-0.029766035281888766,-0.02977483102793936,-0.006958163370719825,-0.022816667657219535,0.2473614314502606
correct_CP,COc1cccc(NC(=O)N(C)C[C@H]2OCc3ccccc3-c3ccccc3C(=O)N([C@H](C)CO)C[C@@H]2C)c1,10.1784,0.42643306151551763,0.45552879778666117,0.00605632335753548,0.4494724744291257,0.3106126176995594
correct_CP,COc1cccc(NC(=O)N(C)C[C@H]2OCc3cn(nn3)CCCC(=O)N([C@@H](C)CO)C[C@H]2C)c1,10.1993,0.24531156419763145,0.2504180168458421,-0.05346206925653143,0.3038800861023735,0.2089118384574399
correct_CP,COc1cccc(NC(=O)N(C)C[C@H]2OCc3cn(nn3)CCCC(=O)N([C@H](C)CO)C[C@@H]2C)c1,10.0094,-0.05472743809437922,-0.05478217440505694,0.04571349694488128,-0.10049567134993823,0.011131518881879805
correct_CP,COc1cccc(NC(=O)N(C)C[C@H]2OCc3cnnn3CCCC(=O)N([C@@H](C)CO)C[C@H]2C)c1,10.0059,0.08554649237986428,0.08575609568491377,-0.05821883881087212,0.14397493449578588,0.08085072239462299
correct_CP,COc1cccc(NC(=O)N(C)C[C@H]2Oc3cc(-c4ccccc4OC)ccc3S(=O)(=O)N([C@@H](C)CO)C[C@H]2C)c1,10.0176,-0.039957408716030526,-0.039978694370303415,0.018622027706965763,-0.05860072207726918,-0.259614380279383
correct_CP,COc1cccc(NC(=O)N(C)C[C@H]2Oc3cc(C#CC4(O)CCCC4)ccc3S(=O)(=O)N([C@@H](C)CO)C[C@H]2C)c1,10.0262,0.003842744412048362,0.003842763327080881,0.002310510886654995,0.0015322524404258859,0.034811673868461214
correct_CP,COc1cccc(NC(=O)N(C)C[C@H]2Oc3ncc(/C=C/c4ccccc4)cc3C(=O)N([C@H](C)CO)C[C@@H]2C)c1,9.96699,0.08453957754064766,0.08474184537695513,0.005602032767616984,0.07913981260933814,-0.027358103922876527
correct_CP,COc1cccc(NC(=O)N(C)C[C@H]2Oc3ncc(C#Cc4ccncc4)cc3C(=O)N([C@H](C)CO)C[C@H]2C)c1,10.0925,0.2909633136521966,0.2996183522289039,0.04481083945442051,0.2548075127744834,0.04723192147685531
correct_CP,COc1cccc(NC(=O)N2C[C@@H](O)COC[C@H]3O[C@@H](CC(=O)N(C)C)CC[C@@H]32)c1,10.0024,-0.0723323918789957,-0.0724589364505934,-0.037458719379446344,-0.035000217071147054,-0.1255216609204265
correct_CP,COc1cccc(NC(=O)N2C[C@@H](O)COC[C@H]3O[C@H](CC(=O)N(C)C)CC[C@@H]32)c1,9.96364,-0.027687563343123733,-0.027694641705272093,0.07655158712449783,-0.10424622882976993,-0.22031493422388862
correct_CP,COc1cccc(NC(=O)N2C[C@H](O)COC[C@@H]3O[C@H](CC(=O)N(C)C)CC[C@H]32)c1,10.0378,-0.14548892590424942,-0.14652868607992248,0.07301487897719146,-0.21954356505711392,-0.17838781654072633
correct_CP,COc1cccc(NC(=O)NCCCCc2ccccc2)c1,10.0,0.006346966543045188,0.006347051772138739,0.010176104079690794,-0.0038290523075520553,0.09038723753752223
correct_CP,COc1cccc(NC(=O)N[C@@H]2C=C[C@@H](CC(=O)Nc3ccc(-c4ccccc4)cc3)O[C@@H]2CO)c1,10.0808,-0.0030079793467269293,-0.003007988418781479,-0.03064346448748117,0.02763547606869969,-0.10586749411907342
correct_CP,COc1cccc(NC(=O)N[C@@H]2CC[C@@H](CC(=O)N3CCCCC3)O[C@H]2CO)c1,10.021,-0.027068375515410626,-0.02707498939532398,0.08295510590739857,-0.11003009530272255,-0.011575466518477046
correct_CP,COc1cccc(NC(=O)Nc2ccc3c(c2)C(=O)N(C)C[C@@H](OC)[C@@H](C)CN(CC2CC2)[C@@H](C)CO3)c1,9.97027,-0.31822421620870905,-0.3296699890468386,0.030824665870681472,-0.3604946549175201,0.15497456981964422
correct_CP,COc1cccc(Nc2c(F)c(F)c(F)c(F)c2C(=O)O)c1,20.0,0.26176184637643124,0.26799892004588055,0.04239085370602668,0.22560806633985386,0.2525746534319605
correct_CP,COc1cccc(S(=O)(=O)N(C)C[C@@H]2OCc3ccccc3-c3c(n(C)c4ccccc34)C(=O)N([C@H](C)CO)C[C@@H]2C)c1,9.86023,0.22258626888184313,0.22637555265787102,0.11841435992998917,0.10796119272788185,-0.2288455883457297
correct_CP,COc1cccc(S(=O)(=O)N(C)C[C@@H]2OCc3ccccc3-c3c(n(C)c4ccccc34)C(=O)N([C@H](C)CO)C[C@H]2C)c1,9.89215,0.5254523682949377,0.5838421420247721,0.15899224367723436,0.4248498983475378,-0.28628229630890323
correct_CP,COc1cccc(S(=O)(=O)N(C)C[C@@H]2OCc3ccccc3-c3ccccc3C(=O)N([C@@H](C)CO)C[C@@H]2C)c1,10.0371,0.05490916490626406,0.05496444896090711,0.06175308486419108,-0.00678863590328397,0.0823288154761213
correct_CP,COc1cccc(S(=O)(=O)N(C)C[C@@H]2OCc3cnnn3CCCC(=O)N([C@@H](C)CO)C[C@@H]2C)c1,10.0125,0.017156095209209556,0.01715777870018938,0.08775470628146075,-0.07059692758127137,0.01606716018920995
correct_CP,COc1cccc(S(=O)(=O)N2C[C@H](O)COC[C@@H]3O[C@@H](CC(=O)NCCCN4CCOCC4)CC[C@H]32)c1,10.0416,0.2048102216977732,0.20774827007124602,0.16939199470085217,0.03835627537039385,-0.06731494961691607
correct_CP,COc1cccc(S(=O)(=O)N2C[C@H](O)COC[C@@H]3O[C@H](CC(=O)NCCCN4CCOCC4)CC[C@H]32)c1,10.1568,-0.37460944279278396,-0.39377429102171635,0.1191111193891917,-0.5128854104109081,-0.1811810535520077
correct_CP,COc1cccc(S(=O)(=O)N2C[C@H](O)COC[C@H]3O[C@H](CC(=O)N4CCN(c5ccccc5)CC4)CC[C@@H]32)c1,10.0416,0.0505173515158408,0.050560390911324145,0.07408705125121215,-0.023526660339888004,0.1440779230776411
correct_CP,COc1cccc(S(=O)(=O)N2C[C@H](O)COC[C@H]3O[C@H](CC(=O)NCCCN4CCOCC4)CC[C@@H]32)c1,10.0273,-0.0518294278530744,-0.05187591241623289,0.06837290658286388,-0.12024881899909677,-0.2697378985519293
correct_CP,COc1cccc(S(=O)(=O)N[C@@H]2C=C[C@@H](CC(=O)NC3Cc4ccccc4C3)O[C@@H]2CO)c1,10.0065,0.29685421259903605,0.3060662625959698,0.1253924474583888,0.18067381513758102,-0.23248123910534826
correct_CP,COc1cccc(S(=O)(=O)N[C@@H]2C=C[C@@H](CC(=O)NCc3ccc(F)cc3)O[C@@H]2CO)c1,10.0775,-0.22403710695875403,-0.2279025389807232,0.020616839269217,-0.24851937824994022,-0.20549610878615207
correct_CP,COc1cccc(S(=O)(=O)N[C@@H]2C=C[C@H](CC(=O)NCc3ccc(F)cc3)O[C@H]2CO)c1,10.0934,-0.3551661336557068,-0.3713433108013879,0.02245111779670224,-0.3937944285980901,-0.3363789404480371
correct_CP,COc1cccc(S(=O)(=O)N[C@@H]2CC[C@@H](CC(=O)NCc3ccncc3)O[C@@H]2CO)c1,9.96238,0.5114950904080386,0.5647525221406817,-0.06316706922182463,0.6279195913625064,-0.2319869733338613
correct_CP,COc1cccc(S(=O)(=O)N[C@@H]2CC[C@@H](CC(=O)NCc3ccncc3)O[C@H]2CO)c1,9.97563,0.3157835073353868,0.326956606480508,-0.1792900684930055,0.5062466749735135,0.31319506642540096
correct_CP,COc1cccc(S(=O)(=O)N[C@H]2C=C[C@@H](CC(=O)NCc3ccc(F)cc3)O[C@@H]2CO)c1,10.0205,0.05991390111219977,0.05998574640514571,0.04289472954500836,0.01709101686013735,0.07411675248228963
correct_CP,COc1cccc(S(=O)(=O)N[C@H]2CC[C@@H](CCn3cc(-c4ccccc4OC)nn3)O[C@@H]2CO)c1,10.0503,0.51427570241709,0.5685256727022172,-0.009774829556431946,0.5783005022586492,-0.02361095810330982
correct_CP,COc1cccc(S(=O)(=O)N[C@H]2CC[C@@H](CCn3cc(-c4ccccc4OC)nn3)O[C@H]2CO)c1,10.0733,0.21565398886722145,0.219093604843361,0.011520990738519915,0.20757261410484107,0.006563067594409248
correct_CP,COc1cccc(S(=O)(=O)N[C@H]2CC[C@H](CC(=O)NCc3ccncc3)O[C@@H]2CO)c1,9.95826,-0.15275842389075805,-0.15396355544850435,-0.12848835933240293,-0.025475196116101412,0.1061568930943104
correct_CP,COc1cccc(S(=O)(=O)Nc2ccc3c(c2)OC[C@@H](C)N(Cc2ccccc2F)C[C@H](C)[C@H](OC)CN(C)C3=O)c1,9.9633,0.31566761498883483,0.3268278825986661,0.017382612676371437,0.30944526992229465,0.3301205649956848
correct_CP,COc1cccc(S(=O)(=O)Nc2ccc3c(c2)OC[C@H](C)N(Cc2ccccc2F)C[C@@H](C)[C@H](OC)CN(C)C3=O)c1,10.0535,-0.0007975592480211933,-0.0007975594171306042,0.03902952921678039,-0.039827088633911,-0.14612933771850933
correct_CP,COc1cccc(S(=O)(=O)Nc2ccc3c(c2)OC[C@H](C)NC[C@H](C)[C@H](OC)CN(C)C3=O)c1,9.95773,0.07049033217613587,0.07060743432538785,0.01219831881115607,0.05840911551423178,-0.11758875340893704
correct_CP,COc1cccc(S(=O)(=O)Nc2ccc3c(c2)[C@@H]2C[C@@H](CC(=O)NCc4ccc(Cl)cc4)O[C@@H](CO)[C@@H]2O3)c1,10.0494,0.23933392366832948,0.24406744513403217,0.03318714580434455,0.2108802993296876,0.12518001926159478
correct_CP,COc1cccc(S(=O)(=O)Nc2ccc3c(c2)[C@@H]2C[C@H](CC(=O)NCC(F)(F)F)O[C@H](CO)[C@@H]2O3)c1,9.9949,-0.10088943573720603,-0.10123384863252557,-0.007321158744587905,-0.09391268988793768,0.0682856682793406
correct_CP,COc1cccc(S(=O)(=O)Nc2ccc3c(c2)[C@@H]2C[C@H](CC(=O)NCCc4ccccc4)O[C@@H](CO)[C@@H]2O3)c1,9.98032,0.24488663505852004,0.24996592917868543,-0.01695031471917739,0.26691624389786284,-0.1394460440447656
correct_CP,COc1cccc(S(=O)(=O)Nc2ccc3c(c2)[C@@H]2C[C@H](CC(=O)NCc4ccc(Cl)cc4)O[C@@H](CO)[C@@H]2O3)c1,10.0662,0.19052937831077266,0.19288643118635637,-0.0006849462164632662,0.19357137740281963,-0.03533789158946024
correct_CP,COc1cccc(S(=O)(=O)Nc2ccc3c(c2)[C@H]2C[C@@H](CC(=O)NCc4cccc(F)c4)O[C@@H](CO)[C@H]2O3)c1,10.127,-0.04688480199558237,-0.04691920119394963,0.03890632252654491,-0.08582552372049454,0.20124337772277243
correct_CP,COc1cccc(S(=O)(=O)Nc2ccc3c(c2)[C@H]2C[C@H](CC(=O)N4CCCCC4)O[C@H](CO)[C@H]2O3)c1,10.1414,0.09538153281522259,0.09567237088478436,-0.014882608490432452,0.11055497937521681,-0.09919763346995512
correct_CP,COc1cccc(S(=O)(=O)Nc2ccc3c(c2)[C@H]2C[C@H](CC(=O)NCc4ccc(Cl)cc4)O[C@@H](CO)[C@H]2O3)c1,9.98124,0.1523988071166109,0.15359536716054467,-0.0068598050746588105,0.16045517223520347,0.06512931742394285
correct_CP,COc1cccc(S(=O)(=O)Nc2ccc3c(c2)[C@H]2C[C@H](CC(=O)NCc4cccc(F)c4)O[C@H](CO)[C@H]2O3)c1,10.0425,0.026678476289445217,0.026684808383079985,0.050260806236883226,-0.02357599785380324,-0.10068732922094761
correct_CP,COc1cccc(S(=O)(=O)Nc2ccc3c(c2)[C@H]2C[C@H](CC(=O)NCc4ccccc4F)O[C@@H](CO)[C@H]2O3)c1,10.0723,-0.03491412388305179,-0.03492832099456003,-0.139757360161967,0.10482903916740696,0.18131172326903097
correct_CP,COc1ccccc1-c1c(C)nn2c(N3CCN(Cc4ccccc4)CC3)cc(C)nc12,10.0,0.2466086367586083,0.25179861055978914,0.16876916812326043,0.08302944243652871,0.16275706871845064
correct_CP,COc1ccccc1-c1cc(=O)c2cccc(OC)c2o1,10.0,-0.30421364614100704,-0.31415645888311333,0.042114490541927035,-0.35627094942504034,0.1480477039817431
correct_CP,COc1ccccc1-c1ccc([C@@H]2[C@@H](C#N)N(C(=O)CN(C)C)[C@H]2CO)cc1,10.0398,0.1396736717407631,0.14059273940655478,-0.010761820562256953,0.15135455996881172,0.0779497482820504
correct_CP,COc1ccccc1-c1ccc([C@@H]2[C@@H](C#N)N[C@@H]2CO)cc1,10.0193,0.22259965142725183,0.22638963284302682,-0.06371969406013914,0.29010932690316593,-0.14120758441971637
correct_CP,COc1ccccc1-c1ccc([C@H]2[C@@H](C#N)N(C(=O)CN(C)C)[C@H]2CO)cc1,10.3742,-0.02876324753884941,-0.02877118365759238,-0.03568596307965167,0.00691477942205929,0.13372191092562624
correct_CP,COc1ccccc1-c1ccc2c(c1)O[C@@H](CN(C)Cc1ccc3c(c1)OCO3)[C@H](C)CN([C@@H](C)CO)S2(=O)=O,10.0596,0.33694087899898784,0.35063759940931866,0.025875728150877228,0.3247618712584414,0.29697267385600024
correct_CP,COc1ccccc1-c1ccc2c(c1)O[C@@H](CN(C)S(=O)(=O)c1ccc(F)cc1)[C@@H](C)CN([C@H](C)CO)S2(=O)=O,10.0285,0.044690732995828965,0.04472052173005292,-0.03066779420149881,0.07538831593155174,0.02557137324767364
correct_CP,COc1ccccc1-c1ccc2c(c1)O[C@H](CN(C)CC1CCOCC1)[C@H](C)CN([C@H](C)CO)S2(=O)=O,10.0486,-0.037018789611303365,-0.03703571359834606,0.07765597436957969,-0.11469168796792575,0.23484499361537428
correct_CP,COc1ccccc1-c1ccc2c(c1)O[C@H](CN(C)S(=O)(=O)c1ccc(F)cc1)[C@@H](C)CN([C@H](C)CO)S2(=O)=O,9.98793,0.25726703279962765,0.2631795203100141,-0.017325155264994466,0.2805046755750086,0.1249225977224136
correct_CP,COc1ccccc1-c1ccc2c(c1)O[C@H](CN(C)S(=O)(=O)c1ccc(F)cc1)[C@H](C)CN([C@@H](C)CO)S2(=O)=O,10.0127,0.041632104643529955,0.04165618238845409,0.027518824301453,0.01413735808700109,-0.020405847621483113
correct_CP,COc1ccccc1-c1ccc2n(c1=O)C[C@H]1[C@H](CO)[C@@H](C(=O)N3CCCCC3)N(C)[C@@H]21,10.1018,0.32775685485537137,0.3403130619184684,0.036801370487919455,0.3035116914305489,-0.24805655715104233
correct_CP,COc1ccccc1-c1cccc(-c2nc(C(=O)N3CCN(C)CC3)cc3c2[C@@H](CCO)N([S@](=O)C(C)(C)C)C3)c1,10.09,0.1942297648176473,0.1967290372151367,-0.03533794006486925,0.23206697728000597,-0.05894875267662822
correct_CP,COc1ccccc1-c1cccc(-c2nc(C(=O)N3CCOCC3)cc3c2[C@@H](CCO)N([S@](=O)C(C)(C)C)C3)c1,10.104,-0.23976537614580365,-0.24452516333764712,0.03941307235717911,-0.28393823569482624,0.45910123486826593
correct_CP,COc1ccccc1-c1cn(CC[C@@H]2CC[C@H](NC(=O)c3cnccn3)[C@H](CO)O2)nn1,10.035,0.2394535442325418,0.24419433783807132,0.040056472330877106,0.2041378655071942,0.35060351324917216
correct_CP,COc1ccccc1-c1cnc2c(c1)C(=O)N([C@H](C)CO)C[C@@H](C)[C@H](CN(C)CC1CCOCC1)O2,10.0381,-0.10534068867505589,-0.10573294695330254,0.8553174567089381,-0.9610504036622407,-0.7035359034679772
correct_CP,COc1ccccc1-n1cc([C@@H]2C[C@H]3CN(c4ccccc4)C(=O)[C@]34CCCN24)cn1,10.0,0.06197975763252049,0.06205930594402573,-0.017213412053791784,0.07927271799781752,0.2500263196947504
correct_CP,COc1ccccc1C#Cc1ccc([C@@H]2[C@@H](C#N)N(C(=O)C3CC3)[C@@H]2CO)cc1,10.008,0.11142338375352065,0.11188796282594883,-0.0726265285302731,0.18451449135622194,-0.05963134487204472
correct_CP,COc1ccccc1C#Cc1ccc([C@H]2[C@@H](C#N)N(C(=O)C3CC3)[C@@H]2CO)cc1,10.1255,-0.12073332838353525,-0.12132513758057066,-0.07742380643395,-0.04390133114662066,0.14070199646260526
correct_CP,COc1ccccc1C#Cc1ccc([C@H]2[C@H](C#N)N(C(=O)C3CC3)[C@H]2CO)cc1,10.0531,0.032584680294237056,0.032596220031744214,0.00870594837611122,0.023890271655632993,0.12495956336898018
correct_CP,COc1ccccc1C#Cc1ccc2c(c1)O[C@@H](CN(C)Cc1cccnc1)[C@H](C)CN([C@H](C)CO)S2(=O)=O,10.0481,0.035294264802414585,0.035308930945869545,0.05620399661173363,-0.020895065665864083,0.01944689988616713
correct_CP,COc1ccccc1C#Cc1ccc2c(c1)O[C@H](CN(C)Cc1cccnc1)[C@H](C)CN([C@H](C)CO)S2(=O)=O,10.0395,-0.1400389852433425,-0.14096534092197996,0.8764544435885802,-1.0174197845105601,-0.7906897102171897
correct_CP,COc1ccccc1C#Cc1cnc2c(c1)C(=O)N([C@@H](C)CO)C[C@@H](C)[C@@H](CN(C)S(=O)(=O)c1cn(C)cn1)O2,10.0287,-0.10456670585888499,-0.10495034350128912,-0.014976802773436982,-0.08997354072785214,-0.06697501255697143
correct_CP,COc1ccccc1C#Cc1cnc2c(c1)C(=O)N([C@@H](C)CO)C[C@@H](C)[C@H](CN(C)C(=O)c1ccc3c(c1)OCO3)O2,10.0102,0.13308287566872182,0.13387701112588402,0.03126438980689824,0.10261262131898577,-0.07188332464398633
correct_CP,COc1ccccc1C#Cc1cnc2c(c1)C(=O)N([C@@H](C)CO)C[C@H](C)[C@H](CN(C)S(=O)(=O)c1cn(C)cn1)O2,10.0479,0.2012749898144152,0.20406102209690033,-0.0037142267755345473,0.20777524887243487,0.14308428700778938
correct_CP,COc1ccccc1C(=O)Nc1ccc2c(c1)C(=O)N(C)C[C@@H](OC)[C@@H](C)CN(CC1CC1)[C@H](C)CO2,10.0588,0.20436902449136002,0.2072877989562547,-0.0051979559728690655,0.21248575492912378,-0.030450972104784056
correct_CP,COc1ccccc1C(=O)Nc1ccc2c(c1)C(=O)N(C)C[C@@H](OC)[C@H](C)CN(C)[C@@H](C)CO2,10.0216,-0.42007843566519726,-0.44778726248187584,0.03593862443258301,-0.48372588691445884,-0.23885064862792715
correct_CP,COc1ccccc1C(=O)Nc1ccc2c(c1)C(=O)N(C)C[C@@H](OC)[C@H](C)CN(CC1CC1)[C@@H](C)CO2,10.0541,-0.38800638609076843,-0.40945094715853403,-0.10694479918196034,-0.3025061479765737,-0.010081806014410721
correct_CP,COc1ccccc1C(=O)Nc1ccc2c(c1)C(=O)N(C)C[C@@H](OC)[C@H](C)CN(CC1CC1)[C@H](C)CO2,10.0193,0.07397657703766035,0.07411196831963496,-0.01834518834191646,0.09245715666155141,0.24497105443526676
correct_CP,COc1ccccc1C(=O)Nc1ccc2c(c1)C(=O)N(C)C[C@H](OC)[C@@H](C)CN(C)[C@@H](C)CO2,9.96286,0.4630995018170368,0.5012498127849635,0.15407582606304743,0.3471739867219161,-0.04692163829761177
correct_CP,COc1ccccc1C(=O)Nc1ccc2c(c1)C(=O)N(C)[C@@H]1CC[C@H](CC(=O)NCCc3ccncc3)O[C@H]1CO2,9.86287,0.30831348582774615,0.3186806662957885,-0.024508739475619486,0.343189405771408,-0.04131642452026632
correct_CP,COc1ccccc1C(=O)Nc1ccc2c(c1)OC[C@H](C)N(C(C)=O)C[C@@H](C)[C@H](OC)CN(C)C2=O,10.0652,-0.0662879160943109,-0.06638526451958338,0.05371000187068611,-0.12009526639026949,0.03894731937261934
correct_CP,COc1ccccc1CN(C)C[C@@H]1OCc2ccccc2-c2ccccc2C(=O)N([C@H](C)CO)C[C@@H]1C,9.97715,0.3530455813344979,0.36891873747808124,0.043076092541366726,0.3258426449367145,0.10783167065926717
correct_CP,COc1ccccc1CN(C)C[C@@H]1OCc2cn(nn2)CCCC(=O)N([C@H](C)CO)C[C@@H]1C,10.2146,-0.019282544633643203,-0.019284935023200334,-0.01009026232986789,-0.009194672693332443,-0.15049450209039308
correct_CP,COc1ccccc1CN(C)C[C@@H]1OCc2cnnn2CCCC(=O)N([C@H](C)CO)C[C@@H]1C,10.0905,0.0774052432910636,0.07756039445518392,-0.03044520402156986,0.10800559847675378,0.1088301507850124
correct_CP,COc1ccccc1CN1C[C@@H](C)[C@H](OC)CN(C)C(=O)c2cc(NC(C)=O)ccc2OC[C@@H]1C,9.97519,0.29608083421158055,0.30521835940084896,-0.02671983127686287,0.33193819067771185,0.16939398732666613
correct_CP,COc1ccccc1CN1C[C@H](C)[C@@H](OC)CN(C)C(=O)c2cc(NC(C)=O)ccc2OC[C@@H]1C,9.97004,-0.18397355681866479,-0.18609236056400058,0.02998726315199348,-0.21607962371599407,-0.022313114401251152
correct_CP,COc1ccccc1CN1C[C@H](C)[C@@H](OC)CN(C)C(=O)c2cc(NC(C)=O)ccc2OC[C@H]1C,10.0049,0.19159634704944306,0.19399382549460223,0.026090895196181983,0.16790293029842024,-0.11081969342943904
correct_CP,COc1ccccc1CNC(=O)C[C@@H]1CC[C@@H]2[C@@H](COc3ccc(NS(=O)(=O)c4ccc(C)cc4)cc3C(=O)N2C)O1,10.1381,0.07546591014582535,0.07560966374014509,-0.0013543322628324361,0.07696399600297753,0.13249331307432738
correct_CP,COc1ccccc1CNC(=O)C[C@@H]1CC[C@H]2[C@@H](COC[C@H](O)CN2C(=O)Nc2ccc(F)cc2)O1,10.0963,0.12093590140566875,0.12153071219931158,-0.006635276953877292,0.1281659891531889,0.31556401128640005
correct_CP,COc1ccccc1CNC(=O)C[C@@H]1CC[C@H]2[C@@H](COC[C@H](O)CN2Cc2cccc(-c3ccncc3)c2)O1,10.0742,0.12024440583726616,0.12082901249461199,-0.018518856113946006,0.139347868608558,0.2887914786368784
correct_CP,COc1ccccc1CNC(=O)C[C@@H]1C[C@@H]2c3cc(NC(=O)Nc4ccccc4F)ccc3O[C@@H]2[C@@H](CO)O1,9.80771,0.05852199596245438,0.05858894276399206,-0.11023402824529044,0.1688229710092825,0.22111478126172468
correct_CP,COc1ccccc1CNC(=O)C[C@@H]1C[C@H]2c3cc(N(C)C)ccc3O[C@H]2[C@@H](CO)O1,10.0247,0.33239748865257,0.3455211339762509,-0.1384710014397581,0.483992135416009,0.033364682999127274
correct_CP,COc1ccccc1CNC(=O)C[C@@H]1C[C@H]2c3cc(NC(=O)C4CCOCC4)ccc3O[C@H]2[C@@H](CO)O1,10.0725,-0.18380046085147975,-0.185913206607006,0.15027945455011776,-0.33619266115712376,-0.0764449099337928
correct_CP,COc1ccccc1CNC(=O)C[C@@H]1C[C@H]2c3cc(NC(=O)C4CCOCC4)ccc3O[C@H]2[C@H](CO)O1,10.1036,0.4928875950858616,0.5398674108943023,0.028154184503952028,0.5117132263903503,0.023738448747107784
correct_CP,COc1ccccc1CNC(=O)C[C@@H]1C[C@H]2c3cc(NC(=O)CN(C)C)ccc3O[C@H]2[C@H](CO)O1,9.92629,-0.004714372705909869,-0.0047144076325072535,-0.024345497268091047,0.01963108963558379,-0.041081390499650844
correct_CP,COc1ccccc1CNC(=O)C[C@@H]1C[C@H]2c3cc(NC(=O)NC4CCCC4)ccc3O[C@H]2[C@@H](CO)O1,9.75061,-0.20475510039871075,-0.20769073602808424,0.04631055124387301,-0.25400128727195725,-0.08253803589103315
correct_CP,COc1ccccc1CNC(=O)C[C@@H]1C[C@H]2c3cc(NC(=O)NC4CCCC4)ccc3O[C@H]2[C@H](CO)O1,9.92941,0.02001766008859506,0.020020334468551233,-0.07251441884587265,0.09253475331442387,0.02472319364917127
correct_CP,COc1ccccc1CNC(=O)C[C@@H]1C[C@H]2c3cc(NS(C)(=O)=O)ccc3O[C@H]2[C@H](CO)O1,10.0887,0.2629859308958656,0.2693135005772902,0.01803089039229308,0.2512826101849971,-0.19926406819328452
correct_CP,COc1ccccc1CNC(=O)C[C@H]1CC[C@@H]2[C@H](COC[C@H](O)CN2C(=O)Nc2ccc(F)cc2)O1,10.0266,-0.09914209710325234,-0.09946885401924845,-0.053347765418942726,-0.04612108860030572,0.361909669413702
correct_CP,COc1ccccc1CNC(=O)C[C@H]1CC[C@H]2[C@@H](COC[C@H](O)CN2C(=O)Nc2ccc(F)cc2)O1,10.0007,-0.07620791899148158,-0.07635596477541837,-0.07344765709076237,-0.0029083076846559974,-0.0431666005955534
correct_CP,COc1ccccc1CNC(=O)C[C@H]1CC[C@H]2[C@@H](COC[C@H](O)CN2Cc2cccc(-c3ccncc3)c2)O1,10.1074,0.2334849831854624,0.23787223610826597,0.0677696520554025,0.17010258405286346,0.041990347083573715
correct_CP,COc1ccccc1CNC(=O)C[C@H]1C[C@@H]2c3cc(NC(=O)CN(C)C)ccc3O[C@@H]2[C@H](CO)O1,10.0769,-0.00048530852254883135,-0.00048530856064949677,-0.05449544136659597,0.05401013280594647,0.016046446745456196
correct_CP,COc1ccccc1CNC(=O)C[C@H]1C[C@@H]2c3cc(NC(=O)c4ccc5c(c4)OCO5)ccc3O[C@@H]2[C@@H](CO)O1,10.0125,0.15208136131455577,0.15327038933027667,-0.12821014237297673,0.2814805317032534,0.2525399538075689
correct_CP,COc1ccccc1CNC(=O)C[C@H]1C[C@@H]2c3cc(NC(=O)c4cccnc4)ccc3O[C@@H]2[C@@H](CO)O1,10.0323,0.32121711501614847,0.3330036640857021,-0.12844965541253506,0.46145331949823715,0.35943636614074626
correct_CP,COc1ccccc1CNC(=O)C[C@H]1C[C@H]2c3cc(NC(=O)CN(C)C)ccc3O[C@H]2[C@@H](CO)O1,9.93909,0.4271931494282609,0.4564581932170255,-0.07030984083251135,0.5267680340495369,-0.019925236999215154
correct_CP,COc1ccccc1CNC(=O)C[C@H]1C[C@H]2c3cc(NC(=O)CN(C)C)ccc3O[C@H]2[C@H](CO)O1,10.0296,-0.46238158093302534,-0.5003362776230966,-0.058209619072538854,-0.44212665855055777,-0.22313521237777628
correct_CP,COc1ccccc1CNC(=O)C[C@H]1C[C@H]2c3cc(NC(=O)Cc4ccncc4)ccc3O[C@H]2[C@@H](CO)O1,10.0166,0.43388262883428336,0.46466987138167376,0.10955488388119056,0.3551149875004832,-0.08034694096956646
correct_CP,COc1ccccc1CNC(=O)C[C@H]1C[C@H]2c3cc(NC(=O)NC4CCCC4)ccc3O[C@H]2[C@H](CO)O1,10.0149,0.01070891863284401,0.01070932803062673,-0.0008717422111402476,0.011581070241766977,0.11918024764138158
correct_CP,COc1ccccc1CNC(=O)C[C@H]1C[C@H]2c3cc(NC(=O)c4cccnc4)ccc3O[C@H]2[C@@H](CO)O1,10.0845,0.09944594922397879,0.09977573174290252,0.04881362393716337,0.050962107805739155,0.16560501207447031
correct_CP,COc1ccccc1CNC(=O)C[C@H]1C[C@H]2c3cc(NS(=O)(=O)c4ccc(F)cc4)ccc3O[C@H]2[C@@H](CO)O1,10.0275,0.19903716557744663,0.20172980233690224,-0.13888124711122707,0.3406110494481293,-0.16202124939042883
correct_CP,COc1ccccc1N1CCN(C(=O)CSc2nnc3n2C(C)(C)Cc2ccccc2-3)CC1,10.0,0.3766411294712852,0.39613972899504346,-0.012796829126773811,0.4089365581218173,0.10264798628965684
correct_CP,COc1ccccc1N1CCN(CC(C(=O)NC(C)(C)C)c2ccccc2)CC1,10.0,0.7872373938071342,1.06412466598573,0.2724034667303315,0.7917211992553985,-0.35597959114071726
correct_CP,COc1ccccc1N1CCN(CCCCN2C(=O)CCC2=O)CC1,10.0,0.4113237860833968,0.437203543752901,0.011621378790740194,0.4255821649621608,0.41771081981539204
correct_CP,COc1ccccc1N1CCNCC1,10.0,0.3604918740584551,0.3774511288976821,0.04049051045736688,0.3369606184403152,0.018100275910040937
correct_CP,COc1ccccc1N=c1scc(-c2ccc3c(c2)NC(=O)CO3)n1CC1CCCO1,10.0,0.6940286511935865,0.8556866610946434,0.32731330830299954,0.5283733527916439,0.25796211035856276
correct_CP,COc1ccccc1NC(=O)CSc1nc2ccccc2n1C(C)=O,10.0,-0.1017903902562421,-0.10214415182738637,0.11465872809441946,-0.21680287992180583,0.11115091525418691
correct_CP,COc1ccccc1NC(=O)N(C)C[C@@H]1OCc2ccccc2-c2c(n(C)c3ccccc23)C(=O)N([C@@H](C)CO)C[C@@H]1C,9.91131,-0.11151556313750643,-0.11198130199052071,-0.03504703378282899,-0.07693426820769173,-0.06583587801620927
correct_CP,COc1ccccc1NC(=O)N(C)C[C@@H]1OCc2cnnn2CCCC(=O)N([C@H](C)CO)C[C@H]1C,10.0201,0.11006290359760573,0.11051059028982366,0.02235916149636758,0.08815142879345608,-0.09951358320741635
correct_CP,COc1ccccc1NC(=O)N(C)C[C@@H]1Oc2cc(Br)ccc2S(=O)(=O)N([C@@H](C)CO)C[C@@H]1C,10.0831,0.09263196764588978,0.09289828859374256,-0.02295166053719702,0.11584994913093959,0.013550023241109977
correct_CP,COc1ccccc1NC(=O)N(C)C[C@@H]1Oc2cc(Br)ccc2S(=O)(=O)N([C@@H](C)CO)C[C@H]1C,10.0115,0.3791768474744752,0.3990979250050128,0.09479218214910029,0.3043057428559125,-0.18942559068894516
correct_CP,COc1ccccc1NC(=O)N(C)C[C@H]1OCc2cnnn2CCCC(=O)N([C@H](C)CO)C[C@@H]1C,10.0235,-0.36610326597355036,-0.38391578676612265,-0.10268516270337452,-0.2812306240627481,-0.37674344696526335
correct_CP,COc1ccccc1NC(=O)N(C)C[C@H]1Oc2cc(Br)ccc2S(=O)(=O)N([C@@H](C)CO)C[C@@H]1C,10.0219,0.42713891046484337,0.45639184822948803,0.019279513036807482,0.43711233519268056,0.37657746948086573
correct_CP,COc1ccccc1NC(=O)N(C)C[C@H]1Oc2cc(Br)ccc2S(=O)(=O)N([C@@H](C)CO)C[C@H]1C,10.0871,0.08293646208926482,0.0831274090521931,0.028442517056801165,0.054684891995391935,0.004716598257154123
correct_CP,COc1ccccc1NC(=O)N(C)C[C@H]1Oc2ncc(C#CC(C)C)cc2C(=O)N([C@H](C)CO)C[C@H]1C,10.0225,-0.03559345121434104,-0.03560849369085387,-0.0309163657351616,-0.004692127955692273,-0.13841811312069477
correct_CP,COc1ccccc1NC(=O)N1C[C@@H](O)COC[C@@H]2O[C@H](CC(=O)N3CCC(Cc4ccccc4)CC3)CC[C@H]21,9.93399,0.029788374917481906,0.029797190489264058,-0.04233102745787299,0.07212821794713704,-0.11447377780257678
correct_CP,COc1ccccc1NC(=O)N1C[C@@H](O)COC[C@H]2O[C@H](CC(=O)NCCc3ccncc3)CC[C@@H]21,10.0133,-0.3441344029143961,-0.35877481639515707,0.030428449614832376,-0.38920326600998945,0.12798567032750688
correct_CP,COc1ccccc1NC(=O)N[C@@H]1C=C[C@H](CC(=O)N2CCC(Cc3ccccc3)CC2)O[C@@H]1CO,10.0019,-0.5110088148700587,-0.5640941665306565,-0.135104024954586,-0.42899014157607046,-0.02105581466524717
correct_CP,COc1ccccc1NC(=O)N[C@@H]1CC[C@@H](CCNC(=O)c2ccc3c(c2)OCO3)O[C@@H]1CO,9.94104,-0.00644940692873385,-0.006449496351669602,0.03368153306845989,-0.04013102942012949,0.1343121464970462
correct_CP,COc1ccccc1NC(=O)N[C@@H]1CC[C@H](CC(=O)N[C@H](C)c2ccccc2)O[C@@H]1CO,10.1067,0.23812688823920272,0.24278746035478638,0.042473803206344064,0.20031365714844232,-0.16720356183845841
correct_CP,COc1ccccc1NC(=O)N[C@@H]1CC[C@H](CCNC(=O)c2ccc3c(c2)OCO3)O[C@H]1CO,10.0305,-0.21477606854333517,-0.2181730464789181,-0.025669829626725076,-0.19250321685219304,0.21823123599812433
correct_CP,COc1ccccc1NC(=O)N[C@@H]1CC[C@H](CCNS(=O)(=O)c2ccccc2)O[C@H]1CO,10.1676,-0.2169874018180422,-0.2204924778032334,-0.06235257175135123,-0.15813990605188216,-0.020845834138158312
correct_CP,COc1ccccc1NC(=O)N[C@H]1C=C[C@@H](CC(=O)N2CCC(Cc3ccccc3)CC2)O[C@@H]1CO,10.0072,0.4121129035035553,0.43815372907212174,-0.15231057875498433,0.5904643078271061,-0.21154260232120475
correct_CP,COc1ccccc1NC(=O)N[C@H]1C=C[C@@H](CC(=O)N2CCC(Cc3ccccc3)CC2)O[C@H]1CO,10.1187,-0.20537432261134594,-0.2083371405687515,-0.07632329134907345,-0.13201384921967804,0.2133370545397219
correct_CP,COc1ccccc1NC(=O)N[C@H]1C=C[C@@H](CC(=O)N[C@H](C)c2ccccc2)O[C@@H]1CO,10.052,0.41089538007856097,0.4366880061643489,-0.00936936230065238,0.44605736846500127,-0.25878437461178805
correct_CP,COc1ccccc1NC(=O)N[C@H]1CC[C@@H](CCn2cc(C3(O)CCCC3)nn2)O[C@H]1CO,10.1371,0.3402990145524725,0.3544306666155848,-0.05884871564216128,0.4132793822577461,-0.3368246275738232
correct_CP,COc1ccccc1NC(=O)N[C@H]1CC[C@H](CC(=O)N[C@H](C)c2ccccc2)O[C@@H]1CO,9.8593,0.27942290328514957,0.2870559921308584,-0.021875387969468633,0.30893138010032706,0.2874014173356607
correct_CP,COc1ccccc1NC(=O)N[C@H]1CC[C@H](CC(=O)N[C@H](C)c2ccccc2)O[C@H]1CO,10.0888,0.37413530587602056,0.3932228698301851,0.0407864853275301,0.352436384502655,-0.2920261696075193
correct_CP,COc1ccccc1NC(=O)N[C@H]1CC[C@H](CCn2cc(-c3cccnc3)nn2)O[C@@H]1CO,10.0082,-0.0407153256789131,-0.04073784652741812,0.021303016918648728,-0.062040863446066845,-0.049343580323750906
correct_CP,COc1ccccc1NC(=O)Nc1ccc2c(c1)C(=O)N(C)C[C@@H](OC)[C@@H](C)CN(C)[C@H](C)CO2,10.121,-0.2459652291556721,-0.25111365543030045,0.02578930366411259,-0.27690295909441304,-0.10474786336576547
correct_CP,COc1ccccc1NC(=O)Nc1ccc2c(c1)C(=O)N(C)C[C@H](OC)[C@@H](C)CN[C@@H](C)CO2,9.94079,-0.15835616416115061,-0.15970012613315093,-0.08816450612276339,-0.07153562001038755,0.06435066116148888
correct_CP,COc1ccccc1NC(=O)Nc1ccc2c(c1)C(=O)N(C)C[C@H](OC)[C@@H](C)CN[C@H](C)CO2,10.041,0.06425166386605356,0.06434029972510898,-0.1404986650758725,0.20483896480098146,-0.03790313621866259
correct_CP,COc1ccccc1NC(=O)Nc1ccc2c(c1)C(=O)N(C)C[C@H](OC)[C@H](C)CN(C)[C@H](C)CO2,10.0042,0.06626373864949725,0.06636098040716185,0.05045065394603666,0.01591032646112519,0.035943152197863724
correct_CP,COc1ccccc1NC(=O)c1csc2c1CCC(C)C2,10.0,0.6144741247558567,0.7160781256391552,0.3622308738213701,0.3538472518177851,0.04058492735063485
correct_CP,COc1ccccc1Nc1nnc(SCC(=O)N2CCCC2=O)s1,10.0,0.2860592627442227,0.29426901444406794,-0.12685216600315474,0.4211211804472227,-0.0193072253962093
correct_CP,COc1ccccc1OCC(=O)NNC(=S)NC(=O)c1ccco1,10.0,0.0029512122225441007,0.002951220790600911,-0.17434088527161049,0.1772921060622114,0.13108542202704096
correct_CP,COc1ccccc1S(=O)(=O)N(C)C[C@@H]1OCc2cnnn2CCCC(=O)N([C@H](C)CO)C[C@@H]1C,10.0251,0.06144672499806612,0.06152423546787644,0.041137255860181514,0.02038697960769493,0.1196283204796976
correct_CP,COc1ccccc1S(=O)(=O)N(C)C[C@@H]1Oc2cc(C#CCC3CCCC3)ccc2S(=O)(=O)N([C@@H](C)CO)C[C@@H]1C,10.0399,0.4083717521033722,0.4336555261752056,-0.01256078294938687,0.4462163091245925,0.21925043242811135
correct_CP,COc1ccccc1S(=O)(=O)N(C)C[C@H]1OCc2cnnn2CCCC(=O)N([C@H](C)CO)C[C@H]1C,10.0245,0.37447914654684067,0.39362273381013896,0.0029305225594699136,0.39069221125066905,0.12156218867378892
correct_CP,COc1ccccc1S(=O)(=O)N[C@@H]1C=C[C@@H](CC(=O)N2CCCCC2)O[C@H]1CO,9.93972,0.08513906281689466,0.08534567687597927,-0.1099212034212436,0.1952668802972229,0.051630358371482644
correct_CP,COc1ccccc1S(=O)(=O)N[C@@H]1CC[C@@H](CC(=O)N2CCN(C)CC2)O[C@H]1CO,10.072,-0.4492202705685296,-0.48372299110716716,-0.11195121655419908,-0.37177177455296806,0.08176241405064787
correct_CP,COc1ccccc1S(=O)(=O)N[C@@H]1CC[C@@H](CCn2cc(C3CCCCC3)nn2)O[C@@H]1CO,10.0975,0.24489291929748166,0.2499726143330599,0.0684334453601434,0.1815391689729165,0.1387526910405341
correct_CP,COc1ccccc1S(=O)(=O)N[C@@H]1CC[C@H](CC(=O)N2CCN(C)CC2)O[C@H]1CO,10.0688,0.27185480334652534,0.2788655574048059,-0.11869766381014127,0.39756322121494714,0.44632121997544083
correct_CP,COc1ccccc1S(=O)(=O)N[C@H]1C=C[C@@H](CC(=O)NCc2cc(F)cc(F)c2)O[C@@H]1CO,10.0614,-0.19029833091557152,-0.1926466914414643,-0.15677482308332222,-0.03587186835814207,-0.1594952914807047
correct_CP,COc1ccccc1S(=O)(=O)N[C@H]1C=C[C@H](CC(=O)N2CCCCC2)O[C@@H]1CO,10.1222,0.24846816655999351,0.2537795219415622,-0.061600440933171685,0.3153799628747339,-0.19914014295783544
correct_CP,COc1ccccc1S(=O)(=O)N[C@H]1C=C[C@H](CC(=O)N2CCCCC2)O[C@H]1CO,10.0259,0.35479188549858653,0.3709151042925725,0.07594249608489198,0.29497260820768056,0.24523843917510782
correct_CP,COc1ccccc1S(=O)(=O)N[C@H]1CC[C@@H](CCn2cc(C3CCCCC3)nn2)O[C@H]1CO,10.1379,0.19855213583684653,0.2012248158663048,-0.04912460653267497,0.2503494223989798,-0.04147330626305407
correct_CP,COc1ccccc1S(=O)(=O)Nc1ccc2c(c1)C(=O)N(C)C[C@H](OC)[C@H](C)CN[C@@H](C)CO2,10.0642,-0.12063432651588567,-0.12122467248021923,0.05980881755786334,-0.18103349003808256,0.0320264178843538
correct_CP,COn1c(SCc2cccnc2)nc2ccccc2c1=O,10.0,0.4655962590672664,0.5044329094889912,0.2725193964850734,0.23191351300391783,-0.01155749096909331
correct_CP,CS(=O)(=O)N1[C@@H]2c3ccc(-c4cccc(F)c4)c(=O)n3C[C@H]1[C@H](CO)[C@H]2C(=O)N1CCCCC1,10.0398,-0.2992114206719372,-0.30865325852106257,-0.024530931408637,-0.2841223271124256,-0.37684357289227915
correct_CP,CS(=O)(=O)Nc1ccc2c(c1)[C@@H]1C[C@@H](CC(=O)NCC3CC3)O[C@H](CO)[C@@H]1O2,10.0101,-0.04646826811129706,-0.04650175782014647,-0.0657081109375057,0.01920635311735923,0.08223936299611966
correct_CP,CS(=O)(=O)Nc1ccc2c(c1)[C@@H]1C[C@@H](CC(=O)NCc3ccc(Cl)cc3)O[C@@H](CO)[C@@H]1O2,10.1686,-0.16979524566577342,-0.17145582321813432,0.09518133473836601,-0.26663715795650034,-0.05017704830640844
correct_CP,CS(=O)(=O)Nc1ccc2c(c1)[C@@H]1C[C@@H](CC(=O)NCc3ccccn3)O[C@@H](CO)[C@@H]1O2,10.0599,0.2616808391276502,0.2679119559232385,0.037599229598261084,0.23031272632497743,-0.05629818220308104
correct_CP,CS(=O)(=O)Nc1ccc2c(c1)[C@@H]1C[C@H](CC(=O)NC3CCCC3)O[C@@H](CO)[C@@H]1O2,10.0964,0.22340777284485722,0.22724004591628783,0.05407231209046817,0.17316773382581965,-0.010752780535808318
correct_CP,CS(=O)(=O)Nc1ccc2c(c1)[C@@H]1C[C@H](CC(=O)NCCc3ccccc3)O[C@@H](CO)[C@@H]1O2,9.88916,0.32159682507653686,0.33342711797352986,0.027441294710674247,0.3059858232628556,-0.0916625139677262
correct_CP,CS(=O)(=O)Nc1ccc2c(c1)[C@@H]1C[C@H](CC(=O)NCc3cc(F)ccc3F)O[C@H](CO)[C@@H]1O2,9.97189,-0.24706055213709358,-0.25227984635440837,-0.015368622635901164,-0.2369112237185072,-0.016804123670644405
correct_CP,CS(=O)(=O)Nc1ccc2c(c1)[C@@H]1C[C@H](CC(=O)NCc3ccc(Cl)cc3)O[C@@H](CO)[C@@H]1O2,10.0443,0.1822352208311789,0.18429372067034455,0.07741399491391955,0.106879725756425,0.13842842563083335
correct_CP,CS(=O)(=O)Nc1ccc2c(c1)[C@@H]1C[C@H](CC(=O)NCc3ccccn3)O[C@@H](CO)[C@@H]1O2,9.95269,0.30305537753603284,0.31288055995825154,0.11532961785685998,0.19755094210139157,0.18375813723757634
correct_CP,CS(=O)(=O)Nc1ccc2c(c1)[C@H]1C[C@@H](CC(=O)NCc3ccccn3)O[C@H](CO)[C@H]1O2,10.1934,0.4227292283555228,0.4510104331759116,0.05946949554417147,0.39154093763174014,0.027950182057968828
correct_CP,CS(=O)(=O)Nc1ccc2c(c1)[C@H]1C[C@H](CC(=O)NCc3ccccn3)O[C@@H](CO)[C@H]1O2,9.92933,-0.3082126187832468,-0.3185692077822523,-0.03724391632575496,-0.2813252914564973,-0.3683043452708834
correct_CP,CS(=O)(=O)Nc1ccc2c(c1)[C@H]1C[C@H](CC(=O)NCc3ccccn3)O[C@H](CO)[C@H]1O2,9.96482,0.08778445675930788,0.08801099738527207,0.10533979891714002,-0.017328801531867943,-0.06942570444276158
correct_CP,CS(=O)(=O)c1ccc(-c2cc(Br)sc2-c2ccc(F)cc2)cc1,10.0,0.3769383879111204,0.3964861721555462,-0.002805062496047322,0.39929123465159355,-0.15112158870246453
correct_CP,CSc1cc(-c2ccc(Cl)cc2)nc(O)c1C#N,10.0,-0.15709532371653773,-0.1584071188264742,0.004227794315800285,-0.1626349131422745,0.11083117539941408
correct_CP,C[C@@H](NC(=O)C[C@@H]1C=C[C@H](NC(=O)C2CCC2)[C@H](CO)O1)c1ccccc1,9.99493,0.18180292270703458,0.1838466093177752,-0.003343549877836446,0.18719015919561163,0.0814910850460723
correct_CP,C[C@@H](NC(=O)C[C@@H]1C=C[C@H](NC(=O)Cc2ccccn2)[C@@H](CO)O1)c1ccccc1,10.0242,-0.12979900894061366,-0.1305354092594889,0.05753885120641684,-0.18807426046590572,-0.19634535819513982
correct_CP,C[C@@H](NC(=O)C[C@@H]1C=C[C@H](NC(=O)Cc2ccccn2)[C@H](CO)O1)c1ccccc1,10.0273,0.1646415247469492,0.16615383508302595,-0.09349668834457736,0.2596505234276033,0.2905433758953312
correct_CP,C[C@@H](NC(=O)C[C@@H]1C=C[C@H](NC(=O)c2cccnc2)[C@@H](CO)O1)c1ccccc1,10.072,-0.03684505276295948,-0.03686173945460561,0.07131523681506396,-0.10817697626966957,-0.36185751112995435
correct_CP,C[C@@H](NC(=O)C[C@@H]1CC[C@@H](NC(=O)Cc2ccccn2)[C@@H](CO)O1)c1ccccc1,10.0352,-0.03666464040601415,-0.03668108304503708,-0.014474677091735676,-0.022206405953301405,0.32342078251664463
correct_CP,C[C@@H](NC(=O)C[C@@H]1CC[C@@H]2[C@H](COC[C@@H](O)CN2C(=O)Nc2cccc(Cl)c2)O1)c1ccccc1,9.90399,0.18153774603900572,0.18357238201990894,-0.029822236407000515,0.21339461842690946,0.09876364689179425
correct_CP,C[C@@H](NC(=O)C[C@@H]1CC[C@@H]2[C@H](COC[C@H](O)CN2C(=O)Nc2cccc(Cl)c2)O1)c1ccccc1,10.0542,-0.1371179719716092,-0.13798713185558462,0.03252462185958735,-0.17051175371517197,0.09196495615192138
correct_CP,C[C@@H](NC(=O)C[C@@H]1CC[C@H](NC(=O)C2CCC2)[C@@H](CO)O1)c1ccccc1,10.0244,-0.026164498180062733,-0.0261704712061378,-0.024174905276722867,-0.0019955659294149317,-0.013108975477709967
correct_CP,C[C@@H](NC(=O)C[C@@H]1CC[C@H](NC(=O)c2cccnc2)[C@H](CO)O1)c1ccccc1,9.97691,-0.38344410881633345,-0.40409121133175047,0.09103220276669136,-0.49512341409844185,-0.33308113233696907
correct_CP,C[C@@H](NC(=O)C[C@@H]1C[C@@H]2c3cc(NC(=O)c4ccc5c(c4)OCO5)ccc3O[C@@H]2[C@H](CO)O1)c1ccccc1,9.82443,0.33791180656942704,0.3517332771873279,0.047727846671738856,0.30400543051558904,0.20700229660427305
correct_CP,C[C@@H](NC(=O)C[C@@H]1C[C@@H]2c3cc(NC(=O)c4cccnc4)ccc3O[C@@H]2[C@H](CO)O1)c1ccccc1,9.89447,0.17078318321735045,0.17247326506484206,-0.09192457481998975,0.2643978398848318,0.02626092293968668
correct_CP,C[C@@H](NC(=O)C[C@@H]1C[C@H]2c3cc(NC(=O)C4CCOCC4)ccc3O[C@H]2[C@@H](CO)O1)c1ccccc1,10.044,-0.43539597458708795,-0.46653569257090255,0.007817814225287972,-0.47435350679619054,-0.2094004743904878
correct_CP,C[C@@H](NC(=O)C[C@@H]1C[C@H]2c3cc(NC(=O)C4CCOCC4)ccc3O[C@H]2[C@H](CO)O1)c1ccccc1,9.96448,0.19960092832717902,0.20231688892932265,-0.05283905102458966,0.2551559399539123,0.11208995022990959
correct_CP,C[C@@H](NC(=O)C[C@@H]1C[C@H]2c3cc(NC(=O)c4ccc5c(c4)OCO5)ccc3O[C@H]2[C@H](CO)O1)c1ccccc1,10.1455,0.03326214316286961,0.03327441805988576,0.00038529144615292,0.03288912661373284,0.15892383636467344
correct_CP,C[C@@H](NC(=O)C[C@H]1C=C[C@@H](NC(=O)CN2CCOCC2)[C@H](CO)O1)c1ccccc1,9.98592,0.4062167355576215,0.43107191642740994,-0.07851528000996244,0.5095871964373724,0.16669549886736826
correct_CP,C[C@@H](NC(=O)C[C@H]1C=C[C@@H](NC(=O)Nc2ccc3c(c2)OCO3)[C@H](CO)O1)c1ccccc1,10.0022,0.29151398976893905,0.3002200656720007,-0.0526368532561817,0.3528569189281824,0.12364627828891632
correct_CP,C[C@@H](NC(=O)C[C@H]1C=C[C@@H](NC(=O)c2cccnc2)[C@H](CO)O1)c1ccccc1,9.9988,0.6945433227549535,0.8566802990994871,0.04479620991751636,0.8118840891819707,0.20836582639242557
correct_CP,C[C@@H](NC(=O)C[C@H]1C=C[C@@H](NS(=O)(=O)c2cccc(F)c2)[C@H](CO)O1)c1ccccc1,9.99713,0.3861486569021017,0.4072658217228049,0.007656170500939186,0.3996096512218657,0.48777612896874395
correct_CP,C[C@@H](NC(=O)C[C@H]1C=C[C@H](NC(=O)CN2CCOCC2)[C@@H](CO)O1)c1ccccc1,9.96404,0.5367225859679878,0.5995405978138894,-0.01661196555647243,0.6161525633703617,0.09937186932484583
correct_CP,C[C@@H](NC(=O)C[C@H]1CC[C@@H](NC(=O)CN2CCOCC2)[C@@H](CO)O1)c1ccccc1,9.8853,0.2400708738933021,0.2448493197611022,-0.1216017868260871,0.36645110658718927,-0.38502368368739226
correct_CP,C[C@@H](NC(=O)C[C@H]1CC[C@@H](NC(=O)Cc2ccccn2)[C@H](CO)O1)c1ccccc1,10.0458,0.17180098669524596,0.17352183470328186,-0.07063953400243184,0.2441613687057137,0.07604004910504382
correct_CP,C[C@@H](NC(=O)C[C@H]1CC[C@@H](NC(=O)c2cccnc2)[C@H](CO)O1)c1ccccc1,10.0548,0.5368727030402357,0.5997514813344871,-0.07210809264241086,0.671859573976898,0.3734722376103297
correct_CP,C[C@@H](NC(=O)C[C@H]1CC[C@H](NC(=O)Cc2ccccn2)[C@@H](CO)O1)c1ccccc1,10.095,-0.10905113233754232,-0.10948652737707985,0.04652494064471635,-0.15601146802179622,0.08021541045257241
correct_CP,C[C@@H](NC(=O)C[C@H]1CC[C@H]2[C@@H](COC[C@H](O)CN2C(=O)Nc2cccc(Cl)c2)O1)c1ccccc1,9.9729,0.08425605585494222,0.08445628967847939,-0.03361733880500377,0.11807362848348316,0.08153050185996895
correct_CP,C[C@@H](NC(=O)C[C@H]1CC[C@H]2[C@H](COc3ccc(NS(=O)(=O)c4ccc(Cl)cc4)cc3C(=O)N2C)O1)c1ccccc1,9.96487,0.4784751552134704,0.5210048103933056,-0.033076589153790775,0.5540813995470963,0.3051398687508091
correct_CP,C[C@@H](NC(=O)C[C@H]1C[C@@H]2c3cc(NC(=O)C4CCOCC4)ccc3O[C@@H]2[C@@H](CO)O1)c1ccccc1,9.99549,0.11130239457232474,0.11176545433185216,-0.0059395546412982485,0.11770500897315041,0.1178696959324366
correct_CP,C[C@@H](NC(=O)C[C@H]1C[C@@H]2c3cc(NC(=O)CN(C)C)ccc3O[C@@H]2[C@@H](CO)O1)c1ccccc1,9.91282,-0.30821543975122556,-0.31857232485977804,0.20288635543547512,-0.5214586802952532,0.0221618563609981
correct_CP,C[C@@H](NC(=O)C[C@H]1C[C@@H]2c3cc(NC(=O)CN(C)C)ccc3O[C@@H]2[C@H](CO)O1)c1ccccc1,10.0608,-0.035749107737904684,-0.03576434853069418,-0.0049461058454560065,-0.03081824268523817,0.07039467642201425
correct_CP,C[C@@H](NC(=O)C[C@H]1C[C@@H]2c3cc(NS(=O)(=O)c4ccc(F)cc4)ccc3O[C@@H]2[C@H](CO)O1)c1ccccc1,9.92929,0.12168461806437542,0.12229061171299177,-0.005170635724636198,0.12746124743762796,0.01713111244802848
correct_CP,C[C@@H](NC(=O)C[C@H]1C[C@H]2c3cc(NC(=O)CN(C)C)ccc3O[C@H]2[C@@H](CO)O1)c1ccccc1,10.0546,-0.022757562953017733,-0.02276149293887018,0.06918547283310594,-0.09194696577197613,-0.17818300818297694
correct_CP,C[C@@H](NC(=O)C[C@H]1C[C@H]2c3cc(NS(=O)(=O)c4ccc(F)cc4)ccc3O[C@H]2[C@@H](CO)O1)c1ccccc1,10.1088,-0.18017239251830716,-0.18216085938293725,0.053860064704398275,-0.23602092408733552,-0.08427975839361505
correct_CP,C[C@@H](O)C#Cc1ccc2c(c1)O[C@H](CN(C)Cc1ccc(-c3ccccc3)cc1)[C@@H](C)CN([C@@H](C)CO)S2(=O)=O,10.0354,0.30609159585751283,0.31622723636893096,-0.018629353928637418,0.33485659029756837,0.13014299609969593
correct_CP,C[C@@H](O)C#Cc1cnc2c(c1)C(=O)N([C@@H](C)CO)C[C@H](C)[C@H](CN(C)Cc1ccc(-c3ccccc3)cc1)O2,10.0672,0.29919083489832377,0.3086306486852139,0.055471575477978735,0.2531590732072352,-0.18501006869111816
correct_CP,C[C@@H]1CC=C[C@H]2[C@H]1C(=O)N(Cc1ccccc1)[C@H]2c1ccc2ccccc2c1,10.0,-0.008448656888588243,-0.008448857918353389,0.10307494237014997,-0.11152380028850335,0.10604901810229772
correct_CP,C[C@@H]1CCCCO[C@@H](CN(C)C(=O)C2CCCCC2)[C@H](C)CN([C@@H](C)CO)C(=O)c2cc(N(C)C)ccc2O1,9.99643,-0.06388378746494738,-0.06397090708359182,0.08697695536738587,-0.1509478624509777,0.6532439921394682
correct_CP,C[C@@H]1CCCCO[C@@H](CN(C)C(=O)CCC(F)(F)F)[C@@H](C)CN([C@@H](C)CO)C(=O)c2cc(NS(C)(=O)=O)ccc2O1,10.0144,0.18463282462752167,0.18677480960211626,0.002933269747291474,0.1838415398548248,0.36602226964854656
correct_CP,C[C@@H]1CCCCO[C@@H](CN(C)C(=O)CCC(F)(F)F)[C@H](C)CN([C@@H](C)CO)C(=O)c2cc(N(C)C)ccc2O1,10.031,-0.269402932225622,-0.27621991794782713,-0.005287121093797455,-0.27093279685402966,-0.14566755699405678
correct_CP,C[C@@H]1CCCCO[C@@H](CN(C)C(=O)CCC(F)(F)F)[C@H](C)CN([C@H](C)CO)C(=O)c2cc(N(C)C)ccc2O1,10.0798,0.035607629735285994,0.03562269020443883,-0.009281427865236154,0.04490411806967499,0.3204795643209157
correct_CP,C[C@@H]1CCCCO[C@@H](CN(C)C(=O)Cc2ccccc2)[C@H](C)CN([C@@H](C)CO)C(=O)c2cc(N(C)C)ccc2O1,10.008,0.0002593581465613258,0.00025935815237671043,0.03253374624415787,-0.03227438809178116,0.02998382600626786
correct_CP,C[C@@H]1CCCCO[C@@H](CN(C)C(=O)Nc2ccccc2)[C@@H](C)CN([C@@H](C)CO)C(=O)c2cc(N(C)C)ccc2O1,10.0041,-0.30403226057843497,-0.31395658701680146,-0.01220182674719901,-0.30175476026960246,0.01644106240577537
correct_CP,C[C@@H]1CCCCO[C@@H](CN(C)C(=O)Nc2ccccc2)[C@H](C)CN([C@H](C)CO)C(=O)c2cc(N(C)C)ccc2O1,9.99506,0.13382419298114956,0.1346317706257097,-0.00792683422308997,0.14255860484879967,-0.0035295226741786385
correct_CP,C[C@@H]1CCCCO[C@@H](CN(C)C(=O)c2ccccc2)[C@@H](C)CN([C@@H](C)CO)C(=O)c2cc(NS(C)(=O)=O)ccc2O1,10.0293,0.06500778327582775,0.0650995907310845,0.019969918688769697,0.0451296720423148,-0.03662234802603549
correct_CP,C[C@@H]1CCCCO[C@@H](CN(C)C(=O)c2ccccc2)[C@@H](C)CN([C@H](C)CO)C(=O)c2cc(NC(=O)CCCN(C)C)ccc2O1,9.95046,0.2313537113225408,0.23561926025146473,0.038948471599655546,0.1966707886518092,-0.02359802265011777
correct_CP,C[C@@H]1CCCCO[C@@H](CN(C)C(=O)c2ccccc2)[C@H](C)CN([C@@H](C)CO)C(=O)c2cc(NC(=O)CCCN(C)C)ccc2O1,9.98814,-0.07588215100915739,-0.07602830196612115,0.0679361943121397,-0.14396449627826086,-0.1594579905729954
correct_CP,C[C@@H]1CCCCO[C@@H](CN(C)C(=O)c2ccncc2)[C@@H](C)CN([C@H](C)CO)C(=O)c2cc(NC(=O)C3CCCCC3)ccc2O1,10.0835,0.006095629698508517,0.006095705198022606,-0.060446297133948196,0.0665420023319708,0.1051777946257759
correct_CP,C[C@@H]1CCCCO[C@@H](CN(C)C)[C@@H](C)CN([C@@H](C)CO)C(=O)c2cc(NS(=O)(=O)c3ccc(Cl)cc3)ccc2O1,10.3832,-0.09798429938437707,-0.09829969816150018,-0.19840867585663607,0.1001089776951359,0.200335852205534
correct_CP,C[C@@H]1CCCCO[C@@H](CN(C)C)[C@@H](C)CN([C@@H](C)CO)C(=O)c2cc(NS(C)(=O)=O)ccc2O1,10.024,-0.2846439986603226,-0.29272829617447327,-0.07796187841558293,-0.21476641775889033,0.04034095604629596
correct_CP,C[C@@H]1CCCCO[C@@H](CN(C)C)[C@@H](C)CN([C@H](C)CO)C(=O)c2cc(NC(=O)c3ccccc3)ccc2O1,10.0612,0.34595497010393655,0.3608414264513592,0.04561907397351696,0.31522235247784225,0.019512281507351237
correct_CP,C[C@@H]1CCCCO[C@@H](CN(C)C)[C@H](C)CN([C@@H](C)CO)C(=O)c2cc(NC(=O)C3CCCCC3)ccc2O1,10.0424,0.4935703001661221,0.5407695946139006,-0.0011660119682486356,0.5419356065821492,0.10455989269200433
correct_CP,C[C@@H]1CCCCO[C@@H](CN(C)C)[C@H](C)CN([C@@H](C)CO)C(=O)c2cc(NC(=O)Cc3ccccc3)ccc2O1,10.078,0.0284575716624556,0.028465257361144646,-0.02109985670540475,0.0495651140665494,-0.010364195397737898
correct_CP,C[C@@H]1CCCCO[C@@H](CN(C)C)[C@H](C)CN([C@@H](C)CO)C(=O)c2cc(NC(=O)Nc3cccc4ccccc34)ccc2O1,10.0207,-0.10563001842971105,-0.10602553235461026,-0.005245377713623628,-0.10078015464098664,0.0044111044017381305
correct_CP,C[C@@H]1CCCCO[C@@H](CN(C)C)[C@H](C)CN([C@@H](C)CO)C(=O)c2cc(NC(=O)Nc3ccccc3)ccc2O1,10.0538,-0.07256622824837695,-0.07269400668179937,0.037920509084160406,-0.11061451576595978,-0.019379603952821994
correct_CP,C[C@@H]1CCCCO[C@@H](CN(C)C)[C@H](C)CN([C@@H](C)CO)C(=O)c2cc(NS(=O)(=O)c3ccc(F)cc3)ccc2O1,10.0252,-0.06304736408297876,-0.06313110101438102,0.027297006826435974,-0.09042810784081699,-0.15439691783407034
correct_CP,C[C@@H]1CCCCO[C@@H](CN(C)C)[C@H](C)CN([C@H](C)CO)C(=O)c2cc(NC(=O)C3CCCCC3)ccc2O1,10.0558,0.16738162898384595,0.16897159839925469,-0.0259493756348283,0.19492097403408298,0.3124411816155007
correct_CP,C[C@@H]1CCCCO[C@@H](CN(C)C)[C@H](C)CN([C@H](C)CO)C(=O)c2cc(NC(=O)Nc3ccc4c(c3)OCO4)ccc2O1,10.1105,0.36931912003266376,0.3876344524838168,0.026066997333316102,0.3615674551505007,0.09079510497449716
correct_CP,C[C@@H]1CCCCO[C@@H](CN(C)CC2CCCCC2)[C@@H](C)CN([C@@H](C)CO)C(=O)c2cc(NS(C)(=O)=O)ccc2O1,10.0713,0.22632095025591667,0.23030837278117702,0.05600244724894387,0.17430592553223315,0.14261203332855296
correct_CP,C[C@@H]1CCCCO[C@@H](CN(C)CC2CCCCC2)[C@@H](C)CN([C@H](C)CO)C(=O)c2cc(NC(=O)CCCN(C)C)ccc2O1,10.1323,0.23313202530378546,0.23749895972119206,0.06422955907334846,0.1732694006478436,-0.1514847640362459
correct_CP,C[C@@H]1CCCCO[C@@H](CN(C)CC2CCCCC2)[C@H](C)CN([C@H](C)CO)C(=O)c2cc(NS(C)(=O)=O)ccc2O1,10.0451,-0.10535544321582858,-0.10574786708085895,-0.013307491177635238,-0.09244037590322371,0.05254699207839971
correct_CP,C[C@@H]1CCCCO[C@@H](CN(C)Cc2ccc3c(c2)OCO3)[C@@H](C)CN([C@@H](C)CO)C(=O)c2cc(N(C)C)ccc2O1,10.0119,-0.10557156569160069,-0.1059664204282224,0.054141316550059826,-0.16010773697828223,-0.03336480446770064
correct_CP,C[C@@H]1CCCCO[C@@H](CN(C)Cc2ccc3c(c2)OCO3)[C@H](C)CN([C@H](C)CO)C(=O)c2cc(N(C)C)ccc2O1,9.97672,0.2196034013286129,0.22323937685101264,-0.066394473540096,0.28963385039110867,-0.059883064663463076
correct_CP,C[C@@H]1CCCCO[C@@H](CN(C)Cc2ccccc2)[C@@H](C)CN([C@@H](C)CO)C(=O)c2cc(NS(C)(=O)=O)ccc2O1,10.313,-0.12969434224742055,-0.13042895041676,0.03516292809755581,-0.1655918785143158,0.06718950260698196
correct_CP,C[C@@H]1CCCCO[C@@H](CN(C)Cc2ccccc2)[C@H](C)CN([C@@H](C)CO)C(=O)c2cc(NC(=O)CCC(F)(F)F)ccc2O1,10.017233,-0.3880297953134042,-0.4094785055129652,-0.002805803254711997,-0.40667270225825325,0.17517000101516456
correct_CP,C[C@@H]1CCCCO[C@@H](CN(C)Cc2ccccc2)[C@H](C)CN([C@H](C)CO)C(=O)c2cc(NC(=O)CCC(F)(F)F)ccc2O1,10.0412,0.39717327177701955,0.4202882885075315,0.021660060930873547,0.398628227576658,-0.10157060177268981
correct_CP,C[C@@H]1CCCCO[C@@H](CN(C)Cc2ccncc2)[C@@H](C)CN([C@@H](C)CO)C(=O)c2cc(N(C)C)ccc2O1,10.2259,-0.010066643347526043,-0.01006698341038302,-0.050132523667118206,0.040065540256735185,-0.010509201070503377
correct_CP,C[C@@H]1CCCCO[C@@H](CN(C)Cc2ccncc2)[C@@H](C)CN([C@H](C)CO)C(=O)c2cc(N(C)C)ccc2O1,9.92372,-0.04367481898737157,-0.04370262057049954,-0.04909107873501736,0.005388458164517822,0.3599488648184498
correct_CP,C[C@@H]1CCCCO[C@@H](CN(C)Cc2ccncc2)[C@@H](C)CN([C@H](C)CO)C(=O)c2cc(NC(=O)C3CCCCC3)ccc2O1,10.0183,-0.10186277996938388,-0.10221729998849341,0.02221675781249024,-0.12443405780098366,-0.30234584961247396
correct_CP,C[C@@H]1CCCCO[C@@H](CN(C)Cc2ccncc2)[C@@H](C)CN([C@H](C)CO)C(=O)c2cc(NC(=O)c3ccccc3)ccc2O1,10.4119,0.016862908646928066,0.016864507285593508,0.03359675268379529,-0.016732245398201784,0.0785219930875825
correct_CP,C[C@@H]1CCCCO[C@@H](CN(C)Cc2ccncc2)[C@H](C)CN([C@@H](C)CO)C(=O)c2cc(NC(=O)c3ccccc3)ccc2O1,10.0152,-0.1296524624999026,-0.13038635440922072,0.025559002003357176,-0.1559453564125779,-0.17141833653747848
correct_CP,C[C@@H]1CCCCO[C@@H](CN(C)Cc2ccncc2)[C@H](C)CN([C@H](C)CO)C(=O)c2cc(NC(=O)Cc3ccccc3)ccc2O1,10.0148,0.23754673928045084,0.24217252682965376,0.010479781601429126,0.23169274522822464,0.3043482659875965
correct_CP,C[C@@H]1CCCCO[C@@H](CN(C)S(=O)(=O)c2cccs2)[C@H](C)CN([C@H](C)CO)C(=O)c2cc(N(C)C)ccc2O1,10.0457,0.07684923180041939,0.07700105566100895,0.027206335528565006,0.049794720132443945,0.14079556708514698
correct_CP,C[C@@H]1CCCCO[C@@H](CN(C)S(C)(=O)=O)[C@@H](C)CN([C@@H](C)CO)C(=O)c2cc(NC(=O)CCCN(C)C)ccc2O1,10.4041,-0.5902860066925205,-0.6781049092408964,0.07821359023658017,-0.7563184994774765,0.11099704224147142
correct_CP,C[C@@H]1CCCCO[C@@H](CN(C)S(C)(=O)=O)[C@@H](C)CN([C@@H](C)CO)C(=O)c2cc(NC(=O)c3ccccc3)ccc2O1,10.0014,0.18207976968893486,0.18413293442247128,0.06817432575875439,0.11595860866371689,0.10400221890881516
correct_CP,C[C@@H]1CCCCO[C@@H](CN(C)S(C)(=O)=O)[C@H](C)CN([C@@H](C)CO)C(=O)c2cc(N(C)C)ccc2O1,9.97262,0.09191725272978267,0.09217743587064336,0.016692316444942342,0.07548511942570102,0.37265954299392623
correct_CP,C[C@@H]1CCCCO[C@H](CN(C)C(=O)C2CCCCC2)[C@@H](C)CN([C@@H](C)CO)C(=O)c2cc(NS(C)(=O)=O)ccc2O1,10.0923,-0.06854568472572974,-0.06865334260360557,0.03626324684115963,-0.1049165894447652,0.11302238791514606
correct_CP,C[C@@H]1CCCCO[C@H](CN(C)C(=O)CCC(F)(F)F)[C@H](C)CN([C@H](C)CO)C(=O)c2cc(N(C)C)ccc2O1,10.0091,0.5181432660964082,0.5737982471958885,0.061018859711009635,0.5127793874848788,-0.03501904436453121
correct_CP,C[C@@H]1CCCCO[C@H](CN(C)C(=O)CCCN(C)C)[C@@H](C)CN([C@@H](C)CO)C(=O)c2cc(NC(=O)c3ccccc3)ccc2O1,9.99917,0.3711160779780995,0.3897168233221009,0.04093103801897942,0.3487857853031215,0.08544834629203187
correct_CP,C[C@@H]1CCCCO[C@H](CN(C)C(=O)CCCN(C)C)[C@H](C)CN([C@H](C)CO)C(=O)c2cc(N(C)C)ccc2O1,10.0265,0.0992939216852243,0.09962218805448925,0.023390847485888912,0.07623134056860034,0.213152278103834
correct_CP,C[C@@H]1CCCCO[C@H](CN(C)C(=O)CCCN(C)C)[C@H](C)CN([C@H](C)CO)C(=O)c2cc(NC(=O)c3ccccc3)ccc2O1,10.0136,0.12202294420113173,0.12263403715227411,0.08273866448904754,0.03989537266322657,-0.1284044684365726
correct_CP,C[C@@H]1CCCCO[C@H](CN(C)C(=O)Cc2ccccc2)[C@H](C)CN([C@@H](C)CO)C(=O)c2cc(N(C)C)ccc2O1,10.0737,0.18294094391455293,0.18502378290056742,0.0009308020568173543,0.18409298084375006,-0.33287158205588513
correct_CP,C[C@@H]1CCCCO[C@H](CN(C)C(=O)Cc2ccccc2)[C@H](C)CN([C@@H](C)CO)C(=O)c2cc(NS(C)(=O)=O)ccc2O1,10.0201,0.39013605651802036,0.41196050745216817,-0.027656909253666605,0.43961741670583476,0.23455620389624243
correct_CP,C[C@@H]1CCCCO[C@H](CN(C)C(=O)Nc2ccc(C(F)(F)F)cc2)[C@@H](C)CN([C@H](C)CO)C(=O)c2cc(N(C)C)ccc2O1,9.80323,-0.1909857105883852,-0.19335999574948154,-0.32276636095869154,0.12940636520921,0.21099673352763304
correct_CP,C[C@@H]1CCCCO[C@H](CN(C)C(=O)Nc2ccc(F)cc2)[C@H](C)CN([C@H](C)CO)C(=O)c2cc(N(C)C)ccc2O1,10.0012,0.0688277826016542,0.06893677769059697,0.03220697106237202,0.036729806628224955,0.0791781349945607
correct_CP,C[C@@H]1CCCCO[C@H](CN(C)C(=O)Nc2ccc3c(c2)OCO3)[C@@H](C)CN([C@@H](C)CO)C(=O)c2cc(N(C)C)ccc2O1,9.97268,-0.20455546563987134,-0.2074823742902288,-0.015542899805660846,-0.19193947448456797,-0.12274927414645259
correct_CP,C[C@@H]1CCCCO[C@H](CN(C)C(=O)c2ccccc2)[C@@H](C)CN([C@@H](C)CO)C(=O)c2cc(N(C)C)ccc2O1,9.96661,-0.21581913125703722,-0.2192668085250114,0.09343969164427338,-0.3127065001692848,-0.1935053177250864
correct_CP,C[C@@H]1CCCCO[C@H](CN(C)C(=O)c2ccccc2)[C@@H](C)CN([C@@H](C)CO)C(=O)c2cc(NS(C)(=O)=O)ccc2O1,10.0091,-0.044859830341984326,-0.044889958768369376,0.036041808482857575,-0.08093176725122694,-0.21736518179267114
correct_CP,C[C@@H]1CCCCO[C@H](CN(C)C(=O)c2ccccc2)[C@H](C)CN([C@@H](C)CO)C(=O)c2cc(N(C)C)ccc2O1,10.0594,0.1049598329405707,0.10534783317366171,-0.06615147239971896,0.17149930557338067,0.3105131497660637
correct_CP,C[C@@H]1CCCCO[C@H](CN(C)C(=O)c2ccncc2)[C@@H](C)CN([C@@H](C)CO)C(=O)c2cc(NC(=O)C3CCCCC3)ccc2O1,10.063,-0.19064562056313902,-0.19300705492676604,-0.055252578751979364,-0.13775447617478667,0.0495479535375779
correct_CP,C[C@@H]1CCCCO[C@H](CN(C)C(=O)c2ccncc2)[C@@H](C)CN([C@H](C)CO)C(=O)c2cc(N(C)C)ccc2O1,9.80102,-0.029294657980413405,-0.029303042298406613,-0.05617606549549575,0.02687302319708914,0.22530507433505176
correct_CP,C[C@@H]1CCCCO[C@H](CN(C)C(=O)c2ccncc2)[C@H](C)CN([C@@H](C)CO)C(=O)c2cc(N(C)C)ccc2O1,10.0459,0.09235965544001193,0.09262362652157494,0.04834868429009432,0.04427494223148062,0.12365569560672751
correct_CP,C[C@@H]1CCCCO[C@H](CN(C)C)[C@@H](C)CN([C@@H](C)CO)C(=O)c2cc(NC(=O)C3CCCCC3)ccc2O1,10.042,-0.02716048046135795,-0.027167162105995065,-0.02403140131616241,-0.0031357607898326555,0.13921876665122668
correct_CP,C[C@@H]1CCCCO[C@H](CN(C)C)[C@@H](C)CN([C@@H](C)CO)C(=O)c2cc(NC(=O)NC3CCCCC3)ccc2O1,10.0686,0.008533450042991433,0.008533657186664113,0.04723892124328463,-0.03870526405662052,0.048555639131895256
correct_CP,C[C@@H]1CCCCO[C@H](CN(C)C)[C@@H](C)CN([C@@H](C)CO)C(=O)c2cc(NC(=O)c3ccncc3)ccc2O1,10.0263,0.3525721712479531,0.36837802234434136,0.010374536996286252,0.3580034853480551,0.21679205722098965
correct_CP,C[C@@H]1CCCCO[C@H](CN(C)C)[C@@H](C)CN([C@H](C)CO)C(=O)c2cc(NS(=O)(=O)c3ccccc3)ccc2O1,10.2865,0.12759265780388732,0.1282918987447624,0.0864438312749686,0.041848067469793804,-0.26181303498712477
correct_CP,C[C@@H]1CCCCO[C@H](CN(C)C)[C@@H](C)CN([C@H](C)CO)C(=O)c2cc(NS(C)(=O)=O)ccc2O1,9.98344,0.2946880815477796,0.30369246948256456,0.010535653691540772,0.2931568157910238,0.20459537800249217
correct_CP,C[C@@H]1CCCCO[C@H](CN(C)C)[C@H](C)CN([C@@H](C)CO)C(=O)c2cc(NC(=O)NC3CCCCC3)ccc2O1,10.0444,0.012578200453579061,0.012578863853642895,0.02274877764438396,-0.010169913790741066,0.1324107224584162
correct_CP,C[C@@H]1CCCCO[C@H](CN(C)C)[C@H](C)CN([C@@H](C)CO)C(=O)c2cc(NC(=O)Nc3ccc(C(F)(F)F)cc3)ccc2O1,10.0179,0.035390532366434496,0.03540531890673364,-0.03198821429553611,0.06739353320226975,0.11115803782705214
correct_CP,C[C@@H]1CCCCO[C@H](CN(C)C)[C@H](C)CN([C@@H](C)CO)C(=O)c2cc(NC(=O)Nc3ccc(F)cc3)ccc2O1,10.0205,0.25986228830950153,0.26596071660827025,0.0655268940546919,0.20043382255357833,0.21480448153282938
correct_CP,C[C@@H]1CCCCO[C@H](CN(C)C)[C@H](C)CN([C@@H](C)CO)C(=O)c2cc(NS(=O)(=O)c3ccc(F)cc3)ccc2O1,10.0294,0.30086736335164516,0.31047302365672336,-0.0004181368556486799,0.31089116051237203,0.16071424830120773
correct_CP,C[C@@H]1CCCCO[C@H](CN(C)C)[C@H](C)CN([C@H](C)CO)C(=O)c2cc(N(C)C)ccc2O1,10.1476,0.41274255415895406,0.4389124327054859,0.03359137250420381,0.4053210602012821,-0.24737551032066452
correct_CP,C[C@@H]1CCCCO[C@H](CN(C)C)[C@H](C)CN([C@H](C)CO)C(=O)c2cc(NC(=O)C3CCCCC3)ccc2O1,9.98936,-0.07924649436131646,-0.07941301176097047,0.0973510279805537,-0.17676403974152416,-0.13902201886590354
correct_CP,C[C@@H]1CCCCO[C@H](CN(C)C)[C@H](C)CN([C@H](C)CO)C(=O)c2cc(NC(=O)c3ccccc3)ccc2O1,10.0806,0.2695252215009648,0.2763517819885745,0.0976627424192132,0.17868903956936133,-0.10345451636199776
correct_CP,C[C@@H]1CCCCO[C@H](CN(C)C)[C@H](C)CN([C@H](C)CO)C(=O)c2cc(NC(=O)c3ccncc3)ccc2O1,10.0688,0.3645900252407371,0.3821694472954452,-0.047383725818263396,0.4295531731137086,0.4532523003819042
correct_CP,C[C@@H]1CCCCO[C@H](CN(C)CC2CCCCC2)[C@@H](C)CN([C@H](C)CO)C(=O)c2cc(NC(=O)CCCN(C)C)ccc2O1,9.97667,0.35657623469986827,0.37295788945065445,-0.03447015055097625,0.4074280400016307,0.14486962882915597
correct_CP,C[C@@H]1CCCCO[C@H](CN(C)Cc2ccc(C(=O)O)cc2)[C@H](C)CN([C@H](C)CO)C(=O)c2cc(N(C)C)ccc2O1,10.1095,0.1276049679227866,0.1283044126075818,0.02138984692022262,0.10691456568735917,0.022772252163624506
correct_CP,C[C@@H]1CCCCO[C@H](CN(C)Cc2ccc3c(c2)OCO3)[C@@H](C)CN([C@@H](C)CO)C(=O)c2cc(NS(C)(=O)=O)ccc2O1,10.09107,-0.23667295445176542,-0.24124669040479765,0.041032474468869526,-0.28227916487366717,0.15050922996525012
correct_CP,C[C@@H]1CCCCO[C@H](CN(C)Cc2ccc3c(c2)OCO3)[C@H](C)CN([C@@H](C)CO)C(=O)c2cc(NS(C)(=O)=O)ccc2O1,10.0656,0.03321429961221488,0.0332265215941951,0.04188066237880825,-0.00865414078461315,0.08669780606570968
correct_CP,C[C@@H]1CCCCO[C@H](CN(C)Cc2ccccc2)[C@@H](C)CN([C@H](C)CO)C(=O)c2cc(NC(=O)CCC(F)(F)F)ccc2O1,10.4259,0.16942235601839184,0.1710718888706071,-0.18073349162850683,0.3518053804991139,0.3691025608008007
correct_CP,C[C@@H]1CCCCO[C@H](CN(C)Cc2ccccc2)[C@H](C)CN([C@@H](C)CO)C(=O)c2cc(NC(=O)CCCN(C)C)ccc2O1,10.0325,0.16350684814706193,0.164987767407461,-0.04262975554662608,0.20761752295408709,0.1525926632046674
correct_CP,C[C@@H]1CCCCO[C@H](CN(C)Cc2ccccc2)[C@H](C)CN([C@@H](C)CO)C(=O)c2cc(NS(C)(=O)=O)ccc2O1,10.0228,-0.2751265661618908,-0.28240182732266184,0.0009115738290951803,-0.283313401151757,-0.35371870210102946
correct_CP,C[C@@H]1CCCCO[C@H](CN(C)Cc2ccncc2)[C@@H](C)CN([C@@H](C)CO)C(=O)c2cc(NC(=O)CCCN(C)C)ccc2O1,10.0187,0.17696411691516978,0.1788469099099261,-0.070683747012428,0.2495306569223541,0.2519464491041777
correct_CP,C[C@@H]1CCCCO[C@H](CN(C)Cc2ccncc2)[C@@H](C)CN([C@H](C)CO)C(=O)c2cc(NC(=O)C3CCCCC3)ccc2O1,9.96987,0.21841498745633786,0.22199108862338718,0.07405009994745618,0.147940988675931,-0.22428254129643985
correct_CP,C[C@@H]1CCCCO[C@H](CN(C)Cc2ccncc2)[C@@H](C)CN([C@H](C)CO)C(=O)c2cc(NC(=O)c3ccccc3)ccc2O1,10.093,0.13743388606198095,0.13830911359184703,-0.005429326116229336,0.14373843970807637,0.17730105076929745
correct_CP,C[C@@H]1CCCCO[C@H](CN(C)Cc2ccncc2)[C@H](C)CN([C@@H](C)CO)C(=O)c2cc(N(C)C)ccc2O1,10.0346,0.047524905326051706,0.047560734073085045,0.029683456365569207,0.017877277707515838,-0.025523598331308794
correct_CP,C[C@@H]1CCCCO[C@H](CN(C)Cc2ccncc2)[C@H](C)CN([C@@H](C)CO)C(=O)c2cc(NC(=O)C3CCCCC3)ccc2O1,10.0439,0.1791217469555758,0.18107517535060383,-0.007013257569209164,0.188088432919813,0.193499531159334
correct_CP,C[C@@H]1CCCCO[C@H](CN(C)Cc2ccncc2)[C@H](C)CN([C@@H](C)CO)C(=O)c2cc(NC(=O)NC3CCCCC3)ccc2O1,10.045,-0.3459391769263756,-0.36082348619509236,0.04354185447930041,-0.4043653406743928,0.19940343331886068
correct_CP,C[C@@H]1CCCCO[C@H](CN(C)Cc2ccncc2)[C@H](C)CN([C@@H](C)CO)C(=O)c2cc(NS(C)(=O)=O)ccc2O1,10.0399,-0.14598949208818562,-0.14704011498293584,-0.023389767186181354,-0.12365034779675449,0.16065156926571675
correct_CP,C[C@@H]1CCCCO[C@H](CN(C)S(=O)(=O)c2ccccc2)[C@H](C)CN([C@@H](C)CO)C(=O)c2cc(N(C)C)ccc2O1,10.0784,0.4532031751143388,0.48872409357179436,0.010399587531946496,0.4783245060398479,0.2999194882218584
correct_CP,C[C@@H]1CCCCO[C@H](CN(C)S(=O)(=O)c2cn(C)cn2)[C@H](C)CN([C@H](C)CO)C(=O)c2cc(N(C)C)ccc2O1,9.97203,0.10892002465810076,0.10935384369978408,0.015960333072693084,0.093393510627091,0.045454845463150775
correct_CP,C[C@@H]1CCCCO[C@H](CN(C)S(C)(=O)=O)[C@@H](C)CN([C@@H](C)CO)C(=O)c2cc(NC(=O)C3CCCCC3)ccc2O1,10.0111,0.20919023705020393,0.2123243760492156,-0.02700473764191111,0.23932911369112672,0.03837069955298276
correct_CP,C[C@@H]1CC[C@H]2[C@@H](C)C(=O)O[C@@H]3O[C@@]4(C)CC[C@@H]1[C@]32OO4,10.0,0.5416374806186187,0.606470015776569,0.005422816757391384,0.6010471990191776,0.09919033086637542
correct_CP,C[C@@H]1CN([C@@H](C)CO)C(=O)CCCn2cc(nn2)CO[C@@H]1CN(C)C(=O)C1CCCCC1,9.87175,0.15091922425839108,0.1520809517535242,-0.050488614348367045,0.20256956610189125,-0.02846468593895575
correct_CP,C[C@@H]1CN([C@@H](C)CO)C(=O)CCCn2cc(nn2)CO[C@@H]1CN(C)C(=O)Nc1cccc2ccccc12,10.0584,0.01962007324373019,0.019622591389938764,-0.02414172444887295,0.04376431583881171,-0.222319029727892
correct_CP,C[C@@H]1CN([C@@H](C)CO)C(=O)CCCn2cc(nn2)CO[C@@H]1CN(C)C(=O)Nc1ccccc1,9.83928,0.11768656351398207,0.11823444836317834,-0.09759750918617977,0.2158319575493581,0.15597193980000823
correct_CP,C[C@@H]1CN([C@@H](C)CO)C(=O)CCCn2cc(nn2)CO[C@@H]1CN(C)C(=O)Nc1ccccc1F,9.98155,-0.04016702837732731,-0.040188651008864165,0.09210072349970505,-0.1322893745085692,-0.2401790738572483
correct_CP,C[C@@H]1CN([C@@H](C)CO)C(=O)CCCn2cc(nn2)CO[C@@H]1CN(C)C(=O)c1cc(-c2ccccc2)on1,10.1063,-0.17785126921415145,-0.17976289141100282,0.09162595437513386,-0.2713888457861367,-0.2121426071970009
correct_CP,C[C@@H]1CN([C@@H](C)CO)C(=O)CCCn2cc(nn2)CO[C@@H]1CN(C)C(=O)c1ccc(N2CCN(C)CC2)cc1,10.2313,0.3543036158084599,0.3703566323704374,0.10850753827557102,0.2618490940948664,0.10298895592971935
correct_CP,C[C@@H]1CN([C@@H](C)CO)C(=O)CCCn2cc(nn2)CO[C@@H]1CN(C)Cc1ccc(Oc2ccccc2)cc1,9.90833,0.09200827086923091,0.09226923032962532,0.05357906652732981,0.03869016380229551,0.14756901847963316
correct_CP,C[C@@H]1CN([C@@H](C)CO)C(=O)CCCn2cc(nn2)CO[C@@H]1CN(C)Cc1ccc2c(c1)OCO2,9.79256,0.4326035999942099,0.46309529472612837,0.032700881473231386,0.43039441325289696,-0.029622446311077237
correct_CP,C[C@@H]1CN([C@@H](C)CO)C(=O)CCCn2cc(nn2)CO[C@@H]1CN(C)S(C)(=O)=O,10.0037,0.21387035704718857,0.21722372851684305,0.10140189693200002,0.11582183158484302,0.013715738930164617
correct_CP,C[C@@H]1CN([C@@H](C)CO)C(=O)CCCn2cc(nn2)CO[C@H]1CN(C)C,10.177,0.019989131007704115,0.019991793967581203,-0.0544455213295193,0.0744373152971005,-0.0048043226460027025
correct_CP,C[C@@H]1CN([C@@H](C)CO)C(=O)CCCn2cc(nn2)CO[C@H]1CN(C)C(=O)C1CC1,10.0113,-0.029634818284176908,-0.029643498179316524,0.058085269908620674,-0.0877287680879372,0.07702724070410469
correct_CP,C[C@@H]1CN([C@@H](C)CO)C(=O)CCCn2cc(nn2)CO[C@H]1CN(C)C(=O)CCC(F)(F)F,10.056,0.22747470835806807,0.23152475352097257,0.09840815974060904,0.13311659378036353,-0.09354687121553096
correct_CP,C[C@@H]1CN([C@@H](C)CO)C(=O)CCCn2cc(nn2)CO[C@H]1CN(C)C(=O)Nc1ccc(F)cc1,9.98871,0.35324415427275274,0.36914560312697325,0.15145288074664848,0.21769272238032478,-0.3021045855356945
correct_CP,C[C@@H]1CN([C@@H](C)CO)C(=O)CCCn2cc(nn2)CO[C@H]1CN(C)C(=O)Nc1ccc(N2CCN(C)CC2)cc1,10.0082,0.030768608854135914,0.03077832399528043,0.07278247001317233,-0.042004146017891895,-0.09148041520163762
correct_CP,C[C@@H]1CN([C@@H](C)CO)C(=O)CCCn2cc(nn2)CO[C@H]1CN(C)C(=O)Nc1cccc(F)c1,10.001909,0.5847808015959346,0.6696974057555589,0.0654470443635183,0.6042503613920406,0.4251051438048991
correct_CP,C[C@@H]1CN([C@@H](C)CO)C(=O)CCCn2cc(nn2)CO[C@H]1CN(C)C(=O)Nc1cccc(Oc2ccccn2)c1,10.0421,0.10541599738964183,0.10580910133146681,-0.03788956965683306,0.14369867098829986,0.09469423303181779
correct_CP,C[C@@H]1CN([C@@H](C)CO)C(=O)CCCn2cc(nn2)CO[C@H]1CN(C)C(=O)Nc1ccccc1F,10.055,0.47290435736701975,0.5138047333515734,0.08645381442021197,0.42735091893136146,-0.6232764796815496
correct_CP,C[C@@H]1CN([C@@H](C)CO)C(=O)CCCn2cc(nn2)CO[C@H]1CN(C)Cc1ccc2c(c1)OCCO2,10.0884,-0.17986282071890392,-0.18184091950044318,0.030720772363275292,-0.21256169186371848,-0.1465487553463946
correct_CP,C[C@@H]1CN([C@@H](C)CO)C(=O)CCCn2cc(nn2)CO[C@H]1CN(C)S(=O)(=O)c1ccc(Cl)cc1,10.0638,0.05235636491208435,0.052404283311772354,-0.011097827714396907,0.06350211102616926,-0.0537044241114458
correct_CP,C[C@@H]1CN([C@@H](C)CO)C(=O)CCCn2cc(nn2)CO[C@H]1CN(C)S(=O)(=O)c1ccc(F)cc1,9.90118,-0.4156927133873721,-0.4424736101154907,0.052891228836424956,-0.49536483895191563,0.20747209564982433
correct_CP,C[C@@H]1CN([C@@H](C)CO)C(=O)CCCn2cc(nn2)CO[C@H]1CN(C)S(=O)(=O)c1ccccc1F,10.0162,0.24891256991511732,0.25425322219861235,0.1129341666157627,0.14131905558284966,0.01394265748127091
correct_CP,C[C@@H]1CN([C@@H](C)CO)C(=O)CCCn2nncc2CO[C@@H]1CN(C)C(=O)NC1CCCCC1,10.0571,0.11623083898166851,0.11675853402497458,0.05792216061907167,0.058836373405902906,-0.11861770046175338
correct_CP,C[C@@H]1CN([C@@H](C)CO)C(=O)CCCn2nncc2CO[C@@H]1CN(C)C(=O)Nc1ccc2c(c1)OCO2,10.011,0.46979944550564295,0.5098129495804148,0.12274748837206113,0.38706546120835367,0.014139831757423851
correct_CP,C[C@@H]1CN([C@@H](C)CO)C(=O)CCCn2nncc2CO[C@@H]1CN(C)C(=O)c1cc(-c2ccccc2)on1,10.046,0.15879817820181166,0.16015354210611793,0.019196481882775715,0.1409570602233422,0.29424461106608196
correct_CP,C[C@@H]1CN([C@@H](C)CO)C(=O)CCCn2nncc2CO[C@@H]1CN(C)Cc1ccc(-c2ccccc2)cc1,10.3222,0.20141894616715064,0.20421106112227885,0.07894306430961792,0.12526799681266093,0.2214395567109809
correct_CP,C[C@@H]1CN([C@@H](C)CO)C(=O)CCCn2nncc2CO[C@@H]1CN(C)Cc1cccc(O)c1,9.87312,0.1647579400983038,0.16627349636673522,0.09146755434660381,0.07480594202013141,0.03987682971128481
correct_CP,C[C@@H]1CN([C@@H](C)CO)C(=O)CCCn2nncc2CO[C@@H]1CN(C)Cc1cccnc1,10.0581,0.4441973561555641,0.47744785461384515,0.11948601613330624,0.3579618384805389,0.025753277360748325
correct_CP,C[C@@H]1CN([C@@H](C)CO)C(=O)CCCn2nncc2CO[C@H]1CN(C)C(=O)c1ccccc1,10.024,-0.03159290297513482,-0.031603420354483824,-0.04257807434389926,0.010974653989415432,0.07316682833272466
correct_CP,C[C@@H]1CN([C@@H](C)CO)C(=O)CCCn2nncc2CO[C@H]1CN(C)Cc1ccc(O)cc1,10.085926,0.13640678324726235,0.13726238751800934,0.12259263514427488,0.014669752373734468,-0.058157681294994976
correct_CP,C[C@@H]1CN([C@@H](C)CO)C(=O)CCCn2nncc2CO[C@H]1CN(C)Cc1ccc2c(c1)OCCN2C,9.98734,0.5214922473897511,0.5783872306434187,0.036587623466956695,0.541799607176462,-0.25605900211730787
correct_CP,C[C@@H]1CN([C@@H](C)CO)C(=O)CCCn2nncc2CO[C@H]1CN(C)Cc1ccccc1,10.0124,0.4150246652695216,0.4416662788611002,0.04494908551385357,0.39671719334724664,0.05343790181119021
correct_CP,C[C@@H]1CN([C@@H](C)CO)C(=O)CCCn2nncc2CO[C@H]1CN(C)Cc1cccnc1,10.0325,-0.06544290581951781,-0.06553657235261325,0.05316267882016719,-0.11869925117278043,0.12109220675566616
correct_CP,C[C@@H]1CN([C@@H](C)CO)C(=O)CCCn2nncc2CO[C@H]1CN(C)S(=O)(=O)c1ccc(F)cc1,10.0255,0.06294207560463591,0.06302539305135825,-0.036656160762103485,0.09968155381346173,-0.1748885819632069
correct_CP,C[C@@H]1CN([C@@H](C)CO)C(=O)CCCn2nncc2CO[C@H]1CN(C)S(=O)(=O)c1ccc(Oc2ccccc2)cc1,10.0024,0.5291547422123763,0.5889704526748378,-0.0311624277681131,0.6201328804429509,-0.622107210455861
correct_CP,C[C@@H]1CN([C@@H](C)CO)C(=O)CCCn2nncc2CO[C@H]1CN(C)S(=O)(=O)c1ccccc1,10.0228,0.25067608853482976,0.25613410315368,0.056566234333011965,0.19956786882066804,0.060155289301857366
correct_CP,C[C@@H]1CN([C@@H](C)CO)C(=O)Cc2cc(N(C)C)ccc2O[C@H]1CN(C)C(=O)NC1CCCCC1,10.0707,-0.043235776664392614,-0.04326274760060027,0.008800039212429356,-0.05206278681302962,0.23776883974350266
correct_CP,C[C@@H]1CN([C@@H](C)CO)C(=O)Cc2cc(N(C)C)ccc2O[C@H]1CN(C)C(=O)Nc1ccccc1,9.98088,0.36015445497764964,0.37706336539654717,-0.019488298444121713,0.39655166384066887,0.09441532586351213
correct_CP,C[C@@H]1CN([C@@H](C)CO)C(=O)Cc2cc(NC(=O)C3CCCCC3)ccc2O[C@H]1CN(C)CC1CC1,10.066,0.32627592822302504,0.3386548008645416,0.00043685128202681014,0.3382179495825148,0.33080875404041216
correct_CP,C[C@@H]1CN([C@@H](C)CO)C(=O)Cc2cc(NC(=O)CCC(F)(F)F)ccc2O[C@H]1CN(C)C(=O)Nc1ccc2c(c1)OCO2,10.0202,0.14041942382051886,0.14135341059545142,0.04687819445103257,0.09447521614441885,-0.1384681773113844
correct_CP,C[C@@H]1CN([C@@H](C)CO)C(=O)Cc2cc(NC(=O)CCCN(C)C)ccc2O[C@H]1CN(C)CC1CCCCC1,9.9715,0.020197527314782696,0.020200274447715837,-0.0070974908244112915,0.027297765272127128,-0.0556625136428407
correct_CP,C[C@@H]1CN([C@@H](C)CO)C(=O)Cc2cc(NC(=O)CCN3CCOCC3)ccc2O[C@H]1CN(C)C(=O)NC1CCCCC1,10.1796,-0.04068802673835845,-0.04071050228767105,-0.08972353642052738,0.049013034132856334,0.10874950510272952
correct_CP,C[C@@H]1CN([C@@H](C)CO)C(=O)Cc2cc(NS(C)(=O)=O)ccc2O[C@@H]1CN(C)Cc1ccncc1,9.74082,-0.13691427860462274,-0.137779541303496,-0.08999982946680801,-0.047779711836688,0.14168090737578104
correct_CP,C[C@@H]1CN([C@@H](C)CO)C(=O)Cc2cc(NS(C)(=O)=O)ccc2O[C@H]1CN(C)Cc1ccncc1,9.90592,0.1958275941943502,0.19839004541777996,0.09715715049542943,0.10123289492235053,-0.1192978100229815
correct_CP,C[C@@H]1CN([C@@H](C)CO)C(=O)c2c(c3ccccc3n2C)-c2ccccc2CO[C@@H]1CN(C)C(=O)N[C@H](C)c1ccccc1,9.9205,0.01721138445965276,0.017213084281329276,0.0490594878973122,-0.03184640361598293,0.14978823628440924
correct_CP,C[C@@H]1CN([C@@H](C)CO)C(=O)c2c(c3ccccc3n2C)-c2ccccc2CO[C@@H]1CN(C)C(=O)Nc1ccc(F)cc1,9.86141,0.18926787222951783,0.19157773123825894,0.0661929641308456,0.12538476710741334,-0.10170258491061485
correct_CP,C[C@@H]1CN([C@@H](C)CO)C(=O)c2c(c3ccccc3n2C)-c2ccccc2CO[C@@H]1CN(C)Cc1cccc(C(=O)O)c1,9.88596,-0.014868130999594777,-0.014869226734485243,-0.053116187514749544,0.0382469607802643,-0.12188194492360536
correct_CP,C[C@@H]1CN([C@@H](C)CO)C(=O)c2c(c3ccccc3n2C)-c2ccccc2CO[C@@H]1CN(C)Cc1ccncc1,10.1052,-0.028721788434780147,-0.028729690274491473,-0.15522959481550452,0.12649990454101306,0.20206150934253456
correct_CP,C[C@@H]1CN([C@@H](C)CO)C(=O)c2c(c3ccccc3n2C)-c2ccccc2CO[C@@H]1CN(C)S(=O)(=O)c1ccc(C#N)cc1,9.79465,-0.03811588617031686,-0.038134360794323655,0.1047629386997897,-0.14289729949411334,-0.11735753015209502
correct_CP,C[C@@H]1CN([C@@H](C)CO)C(=O)c2c(c3ccccc3n2C)-c2ccccc2CO[C@@H]1CN(C)S(=O)(=O)c1cccc(C#N)c1,9.94266,0.555062772436957,0.6256689906825991,0.0375305789891073,0.5881384116934918,0.6172203041472007
correct_CP,C[C@@H]1CN([C@@H](C)CO)C(=O)c2c(c3ccccc3n2C)-c2ccccc2CO[C@H]1CN(C)C,10.1291,0.22132593340417084,0.22504990982252743,0.09193213549679644,0.133117774325731,-0.023694060899446187
correct_CP,C[C@@H]1CN([C@@H](C)CO)C(=O)c2c(c3ccccc3n2C)-c2ccccc2CO[C@H]1CN(C)C(=O)Cc1ccccc1,9.79899,0.7522425297221619,0.9781006834416235,-0.018901017265981722,0.9970017007076052,0.3960759053181427
correct_CP,C[C@@H]1CN([C@@H](C)CO)C(=O)c2c(c3ccccc3n2C)-c2ccccc2CO[C@H]1CN(C)C(=O)c1ccc(F)cc1,10.0696,0.1584027461621975,0.15974790666350663,0.0366764302787798,0.12307147638472683,0.2955755860915512
correct_CP,C[C@@H]1CN([C@@H](C)CO)C(=O)c2c(c3ccccc3n2C)-c2ccccc2CO[C@H]1CN(C)S(=O)(=O)Cc1ccccc1,10.2576,0.2234786013309403,0.22731459647769087,-0.06419461851789213,0.291509214995583,0.21689508898794846
correct_CP,C[C@@H]1CN([C@@H](C)CO)C(=O)c2cc(-c3ccc(C(=O)N(C)C)cc3)cnc2O[C@@H]1CN(C)C(=O)c1ccncc1,10.008,0.08255726380785859,0.08274559647885282,0.04508513788101902,0.037660458597833804,-0.07107087515650853
correct_CP,C[C@@H]1CN([C@@H](C)CO)C(=O)c2cc(-c3ccc(F)cc3)cnc2O[C@@H]1CN(C)C(=O)Cc1ccccn1,10.0488,0.28664602158532176,0.2949081838151123,0.005532785769430919,0.2893753980456814,0.12058790482614454
correct_CP,C[C@@H]1CN([C@@H](C)CO)C(=O)c2cc(-c3cccc(F)c3)cnc2O[C@@H]1CN(C)C(=O)C1CCC1,10.0337,0.2943587421229931,0.3033318483163721,-0.007236775640567834,0.31056862395693996,0.021281178404661025
correct_CP,C[C@@H]1CN([C@@H](C)CO)C(=O)c2cc(-c3cccc(F)c3)cnc2O[C@@H]1CN(C)CC1CCOCC1,10.0254,0.1640978049945223,0.1655950175252327,-0.08279405450453713,0.24838907202976984,-0.04173009150938882
correct_CP,C[C@@H]1CN([C@@H](C)CO)C(=O)c2cc(-c3ccccc3F)cnc2O[C@@H]1CN(C)Cc1cccc(F)c1,10.0254,0.3061770602307461,0.3163215385780698,0.06073072824248342,0.2555908103355864,0.16242131176276758
correct_CP,C[C@@H]1CN([C@@H](C)CO)C(=O)c2cc(-c3cncnc3)cnc2O[C@@H]1CN(C)C(=O)CN1CCOCC1,9.99958,0.35901134346033714,0.3757505003876541,0.04174105858728451,0.3340094418003696,0.15143261277258757
correct_CP,C[C@@H]1CN([C@@H](C)CO)C(=O)c2cc(/C=C/c3ccccc3)cnc2O[C@@H]1CN(C)C(=O)Cc1cccnc1,10.0681,0.04009787786294435,0.04011938894000997,0.20017705947048114,-0.16005767053047118,-0.058405750246028676
correct_CP,C[C@@H]1CN([C@@H](C)CO)C(=O)c2cc(/C=C/c3ccccc3)cnc2O[C@H]1CN(C)C(=O)CN1CCOCC1,10.0595,-0.24333498712727547,-0.2483159589619266,0.017889807658479542,-0.2662057666204061,-0.043941261184991955
correct_CP,C[C@@H]1CN([C@@H](C)CO)C(=O)c2cc(Br)cnc2O[C@H]1CN(C)C(=O)c1ccc(F)cc1,10.1115,0.3872794050378165,0.40859540650085213,0.054304818489606985,0.35429058801124513,0.2779352114610367
correct_CP,C[C@@H]1CN([C@@H](C)CO)C(=O)c2cc(Br)cnc2O[C@H]1CN(C)C(=O)c1ccccn1,9.97744,-0.11518094429298824,-0.11569439266475583,-0.048752294111247686,-0.06694209855350813,0.1362820180375772
correct_CP,C[C@@H]1CN([C@@H](C)CO)C(=O)c2cc(Br)cnc2O[C@H]1CN(C)Cc1ccccc1C(=O)O,9.99724,0.14197734982900823,0.1429430291520524,-0.06354871214244773,0.20649174129450013,0.03550786760772001
correct_CP,C[C@@H]1CN([C@@H](C)CO)C(=O)c2cc(C#CC3(O)CCCC3)cnc2O[C@@H]1CN(C)C(=O)Cc1cccnc1,10.0349,0.037724385506628905,0.03774229636176199,0.01647990018700241,0.02126239617475958,0.10066516003665173
correct_CP,C[C@@H]1CN([C@@H](C)CO)C(=O)c2cc(C#CC3(O)CCCC3)cnc2O[C@@H]1CN(C)Cc1ccccn1,10.0801,0.20900683433507736,0.21213258793564893,0.036394626854446235,0.1757379610812027,-0.14519093736134747
correct_CP,C[C@@H]1CN([C@@H](C)CO)C(=O)c2cc(C#CC3(O)CCCC3)cnc2O[C@H]1CN(C)Cc1ccccn1,10.0313,0.05081962450725345,0.050863441926629616,-0.03533912117383767,0.08620256310046728,0.18272121544725592
correct_CP,C[C@@H]1CN([C@@H](C)CO)C(=O)c2cc(C#CC3CCCCC3)cnc2O[C@@H]1CN(C)C(=O)Cc1ccccn1,10.0428,-0.16287036544735797,-0.16433387108321765,0.058419562169066394,-0.22275343325228403,0.09001758438540812
correct_CP,C[C@@H]1CN([C@@H](C)CO)C(=O)c2cc(C#CC3CCCCC3)cnc2O[C@@H]1CN(C)Cc1cccnc1,10.0166,-0.15735863452180499,-0.1586771037479126,0.00515835240450314,-0.16383545615241574,0.06830382052084678
correct_CP,C[C@@H]1CN([C@@H](C)CO)C(=O)c2cc(C#CCC3CCCC3)cnc2O[C@@H]1CN(C)C(=O)CN(C)C,10.0818,-0.056252764047805694,-0.056312211875692283,0.02610757029134729,-0.08241978216703957,-0.02607855530330009
correct_CP,C[C@@H]1CN([C@@H](C)CO)C(=O)c2cc(C#CCN(C)C)cnc2O[C@H]1CN(C)C(=O)c1cnccn1,10.0428,-0.2390701366947811,-0.24378764888549123,-0.019051895578249198,-0.22473575330724205,-0.003228283178037472
correct_CP,C[C@@H]1CN([C@@H](C)CO)C(=O)c2cc(C#Cc3ccccn3)cnc2O[C@H]1CN(C)CC1CCCC1,10.0645,-0.029344228444108778,-0.029352655411019786,-0.11565092498908536,0.08629826957806558,-0.1723759988214421
correct_CP,C[C@@H]1CN([C@@H](C)CO)C(=O)c2cc(C#Cc3cccnc3)cnc2O[C@@H]1CN(C)C(=O)CN(C)C,10.0256,0.1464895928993978,0.14755114468895897,0.15593661942919418,-0.00838547474023521,-0.0697272175694512
correct_CP,C[C@@H]1CN([C@@H](C)CO)C(=O)c2cc(C#Cc3cccnc3)cnc2O[C@H]1CN(C)C(=O)CN(C)C,10.0916,-0.13681991133194435,-0.13768337253959204,0.015487716656204933,-0.15317108919579697,0.008678467047667178
correct_CP,C[C@@H]1CN([C@@H](C)CO)C(=O)c2cc(C3=CCCC3)cnc2O[C@@H]1CN(C)C(=O)C1CCOCC1,10.0005,0.2689504272852353,0.27573206508829406,-0.06660448467940691,0.342336549767701,-0.20788424165532562
correct_CP,C[C@@H]1CN([C@@H](C)CO)C(=O)c2cc(C3=CCCC3)cnc2O[C@@H]1CN(C)C(=O)Nc1cccc(F)c1,10.0119,-0.07401245742012605,-0.07414804623549753,0.0005117495800443985,-0.07465979581554193,0.03734202927117935
correct_CP,C[C@@H]1CN([C@@H](C)CO)C(=O)c2cc(C3=CCCC3)cnc2O[C@H]1CN(C)C(=O)c1ccccn1,10.0482,-0.11514797744553451,-0.11566098270592462,-0.01637371106840713,-0.0992872716375175,0.019005182726913476
correct_CP,C[C@@H]1CN([C@@H](C)CO)C(=O)c2cc(C3=CCCC3)cnc2O[C@H]1CN(C)Cc1ccccc1F,10.0591,0.12342289279107414,0.12405539290635796,0.21410767853849644,-0.09005228563213848,-0.16555055904273058
correct_CP,C[C@@H]1CN([C@@H](C)CO)C(=O)c2cc(C3=CCCCC3)cnc2O[C@H]1CN(C)C(=O)Cc1ccncc1,10.034,-0.09828668330077928,-0.09860502252944063,0.000495790382713906,-0.09910081291215454,0.07582769295282994
correct_CP,C[C@@H]1CN([C@@H](C)CO)C(=O)c2cc(C3=CCCCC3)cnc2O[C@H]1CN(C)Cc1ccc(C(=O)O)cc1,9.89147,0.11997014118298584,0.12055073345260524,-0.16406326806897897,0.2846140015215842,0.15572668534548947
correct_CP,C[C@@H]1CN([C@@H](C)CO)C(=O)c2cc(N(C)C)ccc2O[C@@H](C)CCCCO[C@@H]1CN(C)C(=O)Cc1ccccc1,9.98102,0.06152130175708903,0.06159909521804298,0.0328050149538362,0.02879408026420678,0.17893029055911824
correct_CP,C[C@@H]1CN([C@@H](C)CO)C(=O)c2cc(N(C)C)ccc2O[C@@H](C)CCCCO[C@@H]1CN(C)C(=O)Nc1ccc2c(c1)OCO2,10.0398,-0.15065305979142804,-0.15180859485285517,0.009489926210977481,-0.16129852106383263,0.005136789177708713
correct_CP,C[C@@H]1CN([C@@H](C)CO)C(=O)c2cc(N(C)C)ccc2O[C@@H](C)CCCCO[C@@H]1CN(C)Cc1ccc2c(c1)OCO2,10.0354,-0.22276883588743318,-0.22656764459917067,0.026544678329629735,-0.2531123229288004,0.1125389478194353
correct_CP,C[C@@H]1CN([C@@H](C)CO)C(=O)c2cc(N(C)C)ccc2O[C@@H](C)CCCCO[C@H]1CN(C)C(=O)C1CCCCC1,10.0598,0.34539413754767434,0.36020448518611575,0.014755985217556587,0.34544849996855914,0.2684492423981514
correct_CP,C[C@@H]1CN([C@@H](C)CO)C(=O)c2cc(N(C)C)ccc2O[C@@H]1CN(C)Cc1ccncc1,10.0849,-0.020799233925787117,-0.020802234010453433,-0.019034096406279948,-0.001768137604173485,-0.07556020081809306
correct_CP,C[C@@H]1CN([C@@H](C)CO)C(=O)c2cc(NC(=O)C3CCCCC3)ccc2O[C@@H](C)CCCCO[C@@H]1CN(C)C(=O)c1ccncc1,10.0177,-0.2562312090157052,-0.26207059598420873,-0.06621361806878234,-0.1958569779154264,0.09406320236843745
correct_CP,C[C@@H]1CN([C@@H](C)CO)C(=O)c2cc(NC(=O)CCC(F)(F)F)ccc2O[C@@H](C)CCCCO[C@@H]1CN(C)C,10.0859,0.3952732800710829,0.4180344606882494,-0.02258890048664204,0.4406233611748914,0.36682561605953806
correct_CP,C[C@@H]1CN([C@@H](C)CO)C(=O)c2cc(NC(=O)CCC(F)(F)F)ccc2O[C@@H](C)CCCCO[C@@H]1CN(C)Cc1ccncc1,9.97197,0.20986018985942648,0.21302509083990595,-0.03151557384856448,0.24454066468847044,0.16708193025176746
correct_CP,C[C@@H]1CN([C@@H](C)CO)C(=O)c2cc(NC(=O)CCC(F)(F)F)ccc2O[C@@H](C)CCCCO[C@H]1CN(C)Cc1ccccc1,10.0031,0.15587415264360016,0.15715529354419497,-0.026326239766262485,0.18348153331045747,0.03009617872519921
correct_CP,C[C@@H]1CN([C@@H](C)CO)C(=O)c2cc(NC(=O)CCC(F)(F)F)ccc2O[C@@H](C)CCCCO[C@H]1CN(C)Cc1ccncc1,10.0457,0.0020548370414425793,0.002054839933533908,0.01180150887969748,-0.009746668946163573,-0.10249714998279098
correct_CP,C[C@@H]1CN([C@@H](C)CO)C(=O)c2cc(NC(=O)Cc3ccccc3)ccc2O[C@@H](C)CCCCO[C@H]1CN(C)C,10.0442,0.18479448711956617,0.18694218272054391,-0.04035995174718143,0.22730213446772535,-0.03673977842907025
correct_CP,C[C@@H]1CN([C@@H](C)CO)C(=O)c2cc(NC(=O)NC3CCCCC3)ccc2O[C@@H](C)CCCCO[C@@H]1CN(C)C,9.96064,-0.2529230902588192,-0.25853321727261747,0.0033918426411223314,-0.2619250599137398,0.4110675225122733
correct_CP,C[C@@H]1CN([C@@H](C)CO)C(=O)c2cc(NC(=O)NC3CCCCC3)ccc2O[C@@H](C)CCCCO[C@@H]1CN(C)Cc1ccncc1,10.074,-0.0709816941251406,-0.07110126721867269,0.09236327935133185,-0.16346454657000453,0.013309931160132432
correct_CP,C[C@@H]1CN([C@@H](C)CO)C(=O)c2cc(NC(=O)NC3CCCCC3)ccc2O[C@H]1CN(C)Cc1ccc2c(c1)OCO2,9.97098,-0.0762807137085139,-0.07642918513677914,0.002475166854762449,-0.07890435199154158,0.13296579201928788
correct_CP,C[C@@H]1CN([C@@H](C)CO)C(=O)c2cc(NC(=O)Nc3ccc(F)cc3)ccc2O[C@@H]1CN(C)S(C)(=O)=O,10.1308,-0.10884297136948198,-0.1092758659710674,0.03445651215201069,-0.1437323781230781,-0.015537025833658562
correct_CP,C[C@@H]1CN([C@@H](C)CO)C(=O)c2cc(NC(=O)c3ccncc3)ccc2O[C@@H](C)CCCCO[C@H]1CN(C)C(=O)c1ccccc1,10.3891,0.174524592312158,0.17632963515445127,0.16204951701442558,0.014280118140025694,-0.2827196049973201
correct_CP,C[C@@H]1CN([C@@H](C)CO)C(=O)c2cc(NC(=O)c3ccncc3)ccc2O[C@@H]1CN(C)Cc1ccc(Oc2ccccc2)cc1,9.9464,0.11109061700066175,0.11155102541811342,0.027046264559112455,0.08450476085900097,0.03184540287423469
correct_CP,C[C@@H]1CN([C@@H](C)CO)C(=O)c2cc(NS(=O)(=O)c3ccccc3)ccc2O[C@H]1CN(C)Cc1ccc2c(c1)OCO2,10.2908,0.06912570668390375,0.06923612601194243,-0.019424998989631813,0.08866112500157425,0.12742577193522284
correct_CP,C[C@@H]1CN([C@@H](C)CO)C(=O)c2cc(NS(C)(=O)=O)ccc2O[C@@H](C)CCCCO[C@@H]1CN(C)C(=O)CCC(F)(F)F,10.1094,-0.12847828664475205,-0.12919228780015113,-0.03636307793214873,-0.0928292098680024,0.04278843469182182
correct_CP,C[C@@H]1CN([C@@H](C)CO)C(=O)c2cc(NS(C)(=O)=O)ccc2O[C@@H](C)CCCCO[C@H]1CN(C)C(=O)Cc1ccccc1,10.035,0.1846047870252486,0.18674578264192665,-0.04777341230130452,0.23451919494323117,0.1998846335445089
correct_CP,C[C@@H]1CN([C@@H](C)CO)C(=O)c2cccc(N(C)C)c2O[C@@H]1CN(C)C(=O)Nc1ccc(C(F)(F)F)cc1,10.0933,0.24149745686014204,0.24636370243386974,-0.013282880165905954,0.2596465825997757,0.10809661503768998
correct_CP,C[C@@H]1CN([C@@H](C)CO)C(=O)c2cccc(N(C)C)c2O[C@@H]1CN(C)Cc1ccc(C(=O)Nc2ccccc2N)cc1,10.2997,-0.0012837330051334174,-0.0012837337103187914,-0.08809224187649095,0.08680850816617217,0.3801252089626114
correct_CP,C[C@@H]1CN([C@@H](C)CO)C(=O)c2cccc(N(C)C)c2O[C@@H]1CN(C)S(=O)(=O)c1cccs1,9.98631,0.07717776519884001,0.0773315492460187,-0.06599070215576237,0.14332225140178106,-0.06487510514606508
correct_CP,C[C@@H]1CN([C@@H](C)CO)C(=O)c2cccc(N(C)C)c2O[C@H]1CN(C)Cc1ccc(Oc2ccccc2)cc1,10.0554,-0.02560415959844127,-0.025609756932093462,-0.006233365918875754,-0.019376391013217708,-0.014724154273780772
correct_CP,C[C@@H]1CN([C@@H](C)CO)C(=O)c2cccc(NC(=O)C3CC3)c2O[C@H]1CN(C)Cc1ccc(C(=O)O)cc1,10.0034,0.2861518294637561,0.2943698338779438,0.024869895021857505,0.2694999388560863,-0.18442961461580665
correct_CP,C[C@@H]1CN([C@@H](C)CO)C(=O)c2cccc(NC(=O)C3CCOCC3)c2O[C@@H]1CN(C)C(=O)Nc1ccc(C(F)(F)F)cc1,10.0404,0.12048736481586553,0.12107554319810128,-0.03410364956584051,0.1551791927639418,0.10438962680940701
correct_CP,C[C@@H]1CN([C@@H](C)CO)C(=O)c2cccc(NC(=O)NC3CCCCC3)c2O[C@@H]1CN(C)Cc1ccc2c(c1)OCO2,10.0854,0.3381005971955051,0.3519464188658902,0.07715751634877546,0.27478890251711474,0.21138664714867664
correct_CP,C[C@@H]1CN([C@@H](C)CO)C(=O)c2cccc(NC(=O)NC3CCCCC3)c2O[C@H]1CN(C)Cc1ccc2c(c1)OCO2,10.0668,0.3751865011180332,0.3944457173313286,-0.03375011683403366,0.4281958341653623,0.004370023556797758
correct_CP,C[C@@H]1CN([C@@H](C)CO)C(=O)c2cccc(NC(=O)Nc3ccc(F)cc3)c2O[C@@H]1CN(C)CC1CCCCC1,10.0521,0.29864083097157545,0.30802667970071235,-0.04276897209197669,0.350795651792689,0.09477431093894176
correct_CP,C[C@@H]1CN([C@@H](C)CO)C(=O)c2cccc(NC(=O)Nc3cccc4ccccc34)c2O[C@H]1CN(C)CC1CC1,10.0986,0.22673668088676582,0.23074659070585066,-0.026948911825671912,0.25769550253152257,0.12177724415618334
correct_CP,C[C@@H]1CN([C@@H](C)CO)C(=O)c2cccc(NS(C)(=O)=O)c2O[C@@H]1CN(C)C,10.256,-0.25164525853110375,-0.25716852641387794,-0.0027987092051683913,-0.25436981720870955,-0.05952139402439179
correct_CP,C[C@@H]1CN([C@@H](C)CO)C(=O)c2cccc(NS(C)(=O)=O)c2O[C@H]1CN(C)C,9.82204,-0.06071029779668738,-0.060785050641093075,-0.13174004492043656,0.07095499427934349,0.15208389577962578
correct_CP,C[C@@H]1CN([C@@H](C)CO)C(=O)c2ccccc2-c2ccccc2CO[C@@H]1CN(C)C(=O)N[C@H](C)c1ccccc1,9.75893,0.6342335902648547,0.7484671582096311,0.026821304075338864,0.7216458541342922,0.26206486665631157
correct_CP,C[C@@H]1CN([C@@H](C)CO)C(=O)c2ccccc2-c2ccccc2CO[C@@H]1CN(C)C(=O)Nc1ccccc1,9.91073,0.1439930919921415,0.1450008436206432,0.05332507107150282,0.09167577254914037,0.05991798592948551
correct_CP,C[C@@H]1CN([C@@H](C)CO)C(=O)c2ccccc2-c2ccccc2CO[C@@H]1CN(C)C(=O)Nc1ccccc1C(F)(F)F,10.0029,0.15467994440075605,0.15593158023673934,-0.005318075228531949,0.16124965546527129,0.18155960964281678
correct_CP,C[C@@H]1CN([C@@H](C)CO)C(=O)c2ccccc2-c2ccccc2CO[C@@H]1CN(C)C(=O)Nc1ccnc(N2CCOCC2)c1,10.2454,0.2400575822730522,0.24483521528832852,0.0182325582739032,0.22660265701442533,0.07667114376261285
correct_CP,C[C@@H]1CN([C@@H](C)CO)C(=O)c2ccccc2-c2ccccc2CO[C@@H]1CN(C)Cc1ccc(O)cc1,10.024,0.07414153527182876,0.07427783629755105,0.03264408456818604,0.041633751729365016,0.04646362532961577
correct_CP,C[C@@H]1CN([C@@H](C)CO)C(=O)c2ccccc2-c2ccccc2CO[C@@H]1CN(C)Cc1ccc2c(c1)OCO2,10.2066,-0.3899455297026399,-0.4117357946712105,-0.14286477574796344,-0.26887101892324705,0.30137685253334623
correct_CP,C[C@@H]1CN([C@@H](C)CO)C(=O)c2ccccc2-c2ccccc2CO[C@@H]1CN(C)S(=O)(=O)c1cccc(F)c1,9.8493,-0.036664334539399546,-0.036680776766697204,0.050021419006132155,-0.08670219577282937,-0.24598997951085866
correct_CP,C[C@@H]1CN([C@@H](C)CO)C(=O)c2ccccc2-c2ccccc2CO[C@@H]1CN(C)S(=O)(=O)c1cccs1,9.75905,0.40652675546874323,0.4314432591341054,0.08163625183756731,0.34980700729653813,0.5711474796362954
correct_CP,C[C@@H]1CN([C@@H](C)CO)C(=O)c2ccccc2-c2ccccc2CO[C@H]1CN(C)C(=O)CCN(C)C,9.83688,0.19692684998252127,0.19953339342747012,-0.055325038051065686,0.2548584314785358,-0.084632814297652
correct_CP,C[C@@H]1CN([C@@H](C)CO)C(=O)c2ccccc2-c2ccccc2CO[C@H]1CN(C)C(=O)Cc1ccccc1,10.256,-0.221931328499534,-0.22568657758435007,0.1039322853587516,-0.32961886294310166,-0.0551066177583985
correct_CP,C[C@@H]1CN([C@@H](C)CO)C(=O)c2ccccc2-c2ccccc2CO[C@H]1CN(C)C(=O)Oc1ccccc1,10.1737,0.37353600023311,0.39252620277544353,0.08385911718576201,0.30866708558968153,0.32858136276207384
correct_CP,C[C@@H]1CN([C@@H](C)CO)C(=O)c2ccccc2-c2ccccc2CO[C@H]1CN(C)C(=O)c1ccccc1,10.2462,-0.2176766118063063,-0.22121585525869655,-0.0672778245011023,-0.15393803075759427,-0.02257987818568656
correct_CP,C[C@@H]1CN([C@@H](C)CO)C(=O)c2ccccc2-c2ccccc2CO[C@H]1CN(C)C(=O)c1ccncc1,9.86434,0.3699893882237234,0.3884108048185128,-0.07224818099803182,0.46065898581654463,-0.17667726469010464
correct_CP,C[C@@H]1CN([C@@H](C)CO)C(=O)c2ccccc2-c2ccccc2CO[C@H]1CN(C)Cc1ccncc1,10.185,0.22398171062613892,0.2278442159877499,0.031423443406639,0.1964207725811109,-0.09759839674094073
correct_CP,C[C@@H]1CN([C@@H](C)CO)C(=O)c2ccccc2-c2ccccc2CO[C@H]1CN(C)S(=O)(=O)c1cccs1,10.0189,0.5044579553833018,0.55526787334652,0.10128706344927835,0.4539808098972416,0.09284414027320273
correct_CP,C[C@@H]1CN([C@@H](C)CO)S(=O)(=O)c2ccc(-c3ccc(C(=O)N(C)C)cc3)cc2O[C@@H]1CN(C)C(=O)Nc1ccccc1F,10.009,-0.08650495044741638,-0.08672169970850048,0.04678021205893096,-0.13350191176743142,-0.1113745491981997
correct_CP,C[C@@H]1CN([C@@H](C)CO)S(=O)(=O)c2ccc(-c3ccc(C(=O)N(C)C)cc3)cc2O[C@H]1CN(C)C(=O)C1CCC1,10.0685,0.2988640996036439,0.3082718286193391,-0.04840867209987672,0.3566805007192158,0.10882922064888194
correct_CP,C[C@@H]1CN([C@@H](C)CO)S(=O)(=O)c2ccc(-c3cccc(C#N)c3)cc2O[C@@H]1CN(C)CC1CC1,10.0838,-0.029565992643893608,-0.029574612182197185,0.04509903079738578,-0.07467364297958297,-0.1375458405170001
correct_CP,C[C@@H]1CN([C@@H](C)CO)S(=O)(=O)c2ccc(-c3cccc(C#N)c3)cc2O[C@H]1CN(C)C(=O)Nc1cc(F)ccc1F,9.96613,0.7590415259307532,0.993949870136836,0.7766927630900526,0.21725710704678336,0.305915345603633
correct_CP,C[C@@H]1CN([C@@H](C)CO)S(=O)(=O)c2ccc(-c3ccccc3)cc2O[C@H]1CN(C)C(=O)c1ccc2c(c1)OCO2,10.0031,0.2529020499443361,0.25851073915024836,-0.022062262974778667,0.280573002125027,-0.08132886798248956
correct_CP,C[C@@H]1CN([C@@H](C)CO)S(=O)(=O)c2ccc(-c3ccncc3)cc2O[C@@H]1CN(C)S(=O)(=O)c1ccccc1F,10.054,0.17794642234047006,0.17986115436325212,0.015694945336565812,0.1641662090266863,-0.12496200084106446
correct_CP,C[C@@H]1CN([C@@H](C)CO)S(=O)(=O)c2ccc(-c3cncnc3)cc2O[C@@H]1CN(C)C(=O)Cc1ccccc1,10.0551,-0.19717208164438574,-0.1997885317262054,0.06509903924035962,-0.264887570966565,-0.03279432442005359
correct_CP,C[C@@H]1CN([C@@H](C)CO)S(=O)(=O)c2ccc(-c3cncnc3)cc2O[C@@H]1CN(C)C(=O)c1cccc(F)c1,10.084,0.43362223725194055,0.4643491363262307,-0.018629288191804715,0.4829784245180354,0.047509843921811415
correct_CP,C[C@@H]1CN([C@@H](C)CO)S(=O)(=O)c2ccc(-c3cncnc3)cc2O[C@@H]1CN(C)Cc1ccc(Oc2ccccc2)cc1,10.0406,0.144575153850268,0.14559528042781886,0.029343940733913543,0.11625133969390532,-0.057291773947090445
correct_CP,C[C@@H]1CN([C@@H](C)CO)S(=O)(=O)c2ccc(/C=C/c3ccccc3)cc2O[C@H]1CN(C)C(=O)CN1CCOCC1,10.0015,-0.11361284999782534,-0.1141055048073442,-0.0006015145599031317,-0.11350399024744107,0.06215282651106574
correct_CP,C[C@@H]1CN([C@@H](C)CO)S(=O)(=O)c2ccc(/C=C/c3ccccc3)cc2O[C@H]1CN(C)Cc1ccccc1,10.0659,0.20686963322295368,0.20989880063381788,0.01631862488175511,0.19358017575206277,0.12730972705985497
correct_CP,C[C@@H]1CN([C@@H](C)CO)S(=O)(=O)c2ccc(C#CC(C)(C)O)cc2O[C@@H]1CN(C)Cc1ccc(F)cc1,10.0055,0.7776853658615367,1.0394868957229617,0.22831444858334793,0.8111724471396138,0.1857672489541936
correct_CP,C[C@@H]1CN([C@@H](C)CO)S(=O)(=O)c2ccc(C#CC3CC3)cc2O[C@H]1CN(C)C(=O)c1cccc(F)c1,10.0433,0.2778224708133423,0.28532085979681665,0.18750363375637624,0.09781722604044041,0.04566392590756005
correct_CP,C[C@@H]1CN([C@@H](C)CO)S(=O)(=O)c2ccc(C#CC3CCCC3)cc2O[C@@H]1CN(C)Cc1cncnc1,10.0342,-0.011865024747821369,-0.011865581576219746,-0.04214572182936416,0.030280140253144412,0.25082027631690523
correct_CP,C[C@@H]1CN([C@@H](C)CO)S(=O)(=O)c2ccc(C#CC3CCCC3)cc2O[C@H]1CN(C)Cc1cncnc1,9.99045,0.12578308508538255,0.1264528084290711,-0.024952096713135672,0.15140490514220678,0.0646970791251748
correct_CP,C[C@@H]1CN([C@@H](C)CO)S(=O)(=O)c2ccc(C#C[C@@H](C)O)cc2O[C@@H]1CN(C)Cc1ccc(-c2ccccc2)cc1,10.0021,0.18915620809470807,0.1914619209567058,-0.15631270830883454,0.34777462926554037,0.04205898694375308
correct_CP,C[C@@H]1CN([C@@H](C)CO)S(=O)(=O)c2ccc(C3=CCCCC3)cc2O[C@@H]1CN(C)C(=O)Cc1ccncc1,10.036,0.4414416909294852,0.4740200249676144,-0.13120047343522184,0.6052204984028362,0.11721613582291929
correct_CP,C[C@@H]1CN([C@H](C)CO)C(=O)CCCn2cc(nn2)CO[C@@H]1CN(C)C(=O)CCC(F)(F)F,10.2775,0.11214175396824963,0.11261542293693357,0.12849702613011033,-0.01588160319317676,0.14284687460164142
correct_CP,C[C@@H]1CN([C@H](C)CO)C(=O)CCCn2cc(nn2)CO[C@@H]1CN(C)C(=O)NC1CCCCC1,10.1178,0.30158688958651625,0.3112643534493559,-0.019445460025067987,0.33070981347442385,0.10004484576589086
correct_CP,C[C@@H]1CN([C@H](C)CO)C(=O)CCCn2cc(nn2)CO[C@@H]1CN(C)C(=O)Nc1ccccc1F,10.1491,0.37842451304380526,0.3982195529362019,-0.017171629794490224,0.41539118273069214,0.0010604979204838702
correct_CP,C[C@@H]1CN([C@H](C)CO)C(=O)CCCn2cc(nn2)CO[C@@H]1CN(C)C(=O)Oc1ccc2ccccc2c1,9.88249,0.3316602180410085,0.3446925135778436,0.08919838733359606,0.2554941262442475,-0.13510885903558148
correct_CP,C[C@@H]1CN([C@H](C)CO)C(=O)CCCn2cc(nn2)CO[C@@H]1CN(C)C(=O)Oc1ccccc1,10.0603,0.2500388635940101,0.2554542668129199,0.05558131758424807,0.19987294922867183,0.018237451023046608
correct_CP,C[C@@H]1CN([C@H](C)CO)C(=O)CCCn2cc(nn2)CO[C@@H]1CN(C)Cc1ccc(Cl)c(Cl)c1,9.92289,0.3136436878370741,0.32458154893795743,0.0049592338493747775,0.31962231508858263,0.17450763627297958
correct_CP,C[C@@H]1CN([C@H](C)CO)C(=O)CCCn2cc(nn2)CO[C@@H]1CN(C)Cc1ccc(Oc2ccccc2)cc1,10.4694,0.42631776120206727,0.4553878790029166,-0.08013492877042432,0.5355228077733409,0.4294412364053818
correct_CP,C[C@@H]1CN([C@H](C)CO)C(=O)CCCn2cc(nn2)CO[C@@H]1CN(C)Cc1cccc(O)c1,9.88594,-0.06123176276839952,-0.06130846138677343,0.06314288206802528,-0.1244513434547987,-0.09642683250924983
correct_CP,C[C@@H]1CN([C@H](C)CO)C(=O)CCCn2cc(nn2)CO[C@@H]1CN(C)Cc1ccccc1C(F)(F)F,10.2084,0.24300687274460558,0.24796722309051286,0.0165537177513698,0.23141350533914307,0.021609861605957643
correct_CP,C[C@@H]1CN([C@H](C)CO)C(=O)CCCn2cc(nn2)CO[C@H]1CN(C)C(=O)Nc1ccc(N2CCN(C)CC2)cc1,10.0243,0.02061556600887289,0.020618487303092688,0.04175192697610049,-0.0211334396730078,-0.049296059355601426
correct_CP,C[C@@H]1CN([C@H](C)CO)C(=O)CCCn2cc(nn2)CO[C@H]1CN(C)C(=O)Oc1cccc2ccccc12,10.0525,0.25521530312297563,0.26098360699692047,0.11525345635989655,0.14573015063702394,0.0216184794549827
correct_CP,C[C@@H]1CN([C@H](C)CO)C(=O)CCCn2cc(nn2)CO[C@H]1CN(C)Cc1ccc2c(c1)OCCO2,9.70189,0.337851482785787,0.35166517904719025,0.02768062675737003,0.3239845522898202,0.055838248973579474
correct_CP,C[C@@H]1CN([C@H](C)CO)C(=O)CCCn2cc(nn2)CO[C@H]1CN(C)Cc1cccnc1,9.90744,0.006878076800377222,0.006878185266005288,0.03963792063926477,-0.032759735373259484,0.005581032828377366
correct_CP,C[C@@H]1CN([C@H](C)CO)C(=O)CCCn2nncc2CO[C@@H]1CN(C)C(=O)c1ccc(N2CCN(C)CC2)cc1,10.0414,0.02904604430151348,0.029054216890345572,0.1269473541886633,-0.09789313729831772,-0.17884875842013656
correct_CP,C[C@@H]1CN([C@H](C)CO)C(=O)CCCn2nncc2CO[C@@H]1CN(C)Cc1ccc(-c2ccccc2)cc1,9.79476,0.4167027910362472,0.4436953118195442,0.1258522667036715,0.3178430451158727,0.2492077509769382
correct_CP,C[C@@H]1CN([C@H](C)CO)C(=O)CCCn2nncc2CO[C@@H]1CN(C)Cc1ccc(Cl)c(Cl)c1,10.442,0.14242808844441643,0.14340307055526377,0.1264461216064284,0.01695694894883537,-0.23865369100862246
correct_CP,C[C@@H]1CN([C@H](C)CO)C(=O)CCCn2nncc2CO[C@@H]1CN(C)Cc1ccc2c(c1)OCCO2,9.85433,0.5452527884907934,0.6116005538175575,0.10960436939452975,0.5019961844230277,-0.05335711208406587
correct_CP,C[C@@H]1CN([C@H](C)CO)C(=O)CCCn2nncc2CO[C@@H]1CN(C)Cc1ccc2cccnc2c1,10.2924,-0.0213483718994736,-0.021351615981343216,-0.04656689425431882,0.025215278272975605,-0.2683411184864564
correct_CP,C[C@@H]1CN([C@H](C)CO)C(=O)CCCn2nncc2CO[C@@H]1CN(C)Cc1cccc(C(F)(F)F)c1,10.18162,0.1833272698144546,0.18542351506383417,-0.11587220327066744,0.30129571833450164,0.44759265977768903
correct_CP,C[C@@H]1CN([C@H](C)CO)C(=O)CCCn2nncc2CO[C@@H]1CN(C)Cc1ccccc1C(F)(F)F,10.088,0.3360907836190948,0.3496789428937495,0.060022307116129096,0.2896566357776204,0.2874912429616388
correct_CP,C[C@@H]1CN([C@H](C)CO)C(=O)CCCn2nncc2CO[C@@H]1CN(C)S(=O)(=O)c1ccc(Oc2ccccc2)cc1,10.0424,0.2821584154074941,0.2900256441872887,-0.002207555964440857,0.29223320015172954,-0.2264763660201685
correct_CP,C[C@@H]1CN([C@H](C)CO)C(=O)CCCn2nncc2CO[C@H]1CN(C)C(=O)Cc1ccccc1,10.0489,0.29492877902256043,0.3039560776773099,-0.07863165405292144,0.38258773173023136,0.028216802269868786
correct_CP,C[C@@H]1CN([C@H](C)CO)C(=O)CCCn2nncc2CO[C@H]1CN(C)Cc1ccc2c(c1)OCCN2C,10.0079,0.08765556743456525,0.08788110859198967,-0.06223979396713955,0.15012090255912922,-0.03953209693200942
correct_CP,C[C@@H]1CN([C@H](C)CO)C(=O)CCCn2nncc2CO[C@H]1CN(C)Cc1ccc2c(c1)OCO2,10.0336,-0.4681139394945461,-0.5076522636003582,-0.11189945668306475,-0.3957528069172934,-0.01829025479300378
correct_CP,C[C@@H]1CN([C@H](C)CO)C(=O)CCCn2nncc2CO[C@H]1CN(C)Cc1ccccc1C(F)(F)F,9.98391,0.24995845946892206,0.25536850247398624,0.04472270699875815,0.2106457954752281,0.18444350131877307
correct_CP,C[C@@H]1CN([C@H](C)CO)C(=O)CCCn2nncc2CO[C@H]1CN(C)Cc1cccnc1,10.0385,0.2062526127521304,0.20925428005886104,0.08330013671952498,0.12595414333933608,0.2379597633600543
correct_CP,C[C@@H]1CN([C@H](C)CO)C(=O)CCCn2nncc2CO[C@H]1CN(C)S(=O)(=O)c1ccc(Cl)cc1,10.027,-0.1595824011972352,-0.1609581552909819,-0.0007184550260995182,-0.16023970026488238,0.08778621114367637
correct_CP,C[C@@H]1CN([C@H](C)CO)C(=O)CCCn2nncc2CO[C@H]1CN(C)S(=O)(=O)c1ccccc1,10.0411,-0.08136121631737918,-0.08154146027632263,0.05785811509067722,-0.13939957536699984,-0.1768118140957609
correct_CP,C[C@@H]1CN([C@H](C)CO)C(=O)Cc2cc(N(C)C)ccc2O[C@@H]1CN(C)Cc1ccc(C(F)(F)F)cc1,9.8943,-0.12403838502765736,-0.12468045439969734,0.04451613404368851,-0.16919658844338586,-0.20529177833620652
correct_CP,C[C@@H]1CN([C@H](C)CO)C(=O)Cc2cc(NC(=O)Cc3ccccc3)ccc2O[C@@H]1CN(C)Cc1ccc(C(=O)O)cc1,9.91401,0.5089340506667172,0.5612901593393257,-0.029768309938159498,0.5910584692774852,0.41844536148770317
correct_CP,C[C@@H]1CN([C@H](C)CO)C(=O)Cc2cc(NC(=O)Cc3ccccc3)ccc2O[C@H]1CN(C)C(=O)NC1CCCCC1,9.96989,0.1592918806369045,0.16066005700984198,0.04663479167848297,0.11402526533135901,-0.15842736365094898
correct_CP,C[C@@H]1CN([C@H](C)CO)C(=O)Cc2cc(NC(=O)Nc3ccc(F)cc3)ccc2O[C@H]1CN(C)Cc1ccc(C(=O)O)cc1,9.86118,-0.04655515222692042,-0.04658883030313928,0.024081934144132934,-0.07067076444727222,-0.17833573320605847
correct_CP,C[C@@H]1CN([C@H](C)CO)C(=O)Cc2cc(NC(=O)c3ccncc3)ccc2O[C@H]1CN(C)Cc1ccc(-c2ccccc2)cc1,9.9326,0.03893862643949818,0.03895832415985168,-0.015932929075175926,0.05489125323502761,0.03934001208319553
correct_CP,C[C@@H]1CN([C@H](C)CO)C(=O)Cc2cc(NS(=O)(=O)c3ccc(Cl)cc3)ccc2O[C@@H]1CN(C)CC1CCCCC1,10.2146,-0.08565536325108108,-0.08586577019830556,0.036891320941772957,-0.12275709114007852,0.08993865509257441
correct_CP,C[C@@H]1CN([C@H](C)CO)C(=O)Cc2cc(NS(C)(=O)=O)ccc2O[C@H]1CN(C)Cc1ccncc1,10.0382,-0.2870006580766226,-0.29529461073839414,-0.0030159651724522892,-0.29227864556594185,-0.09790495968446464
correct_CP,C[C@@H]1CN([C@H](C)CO)C(=O)c2c(c3ccccc3n2C)-c2ccccc2CO[C@@H]1CN(C)C(=O)CCC(F)(F)F,10.0481,0.09385995803067534,0.0941370499336289,-0.00546890031932197,0.09960595025295087,-0.12830906918818802
correct_CP,C[C@@H]1CN([C@H](C)CO)C(=O)c2c(c3ccccc3n2C)-c2ccccc2CO[C@@H]1CN(C)C(=O)N[C@H](C)c1ccccc1,10.3415,-0.09868633568718752,-0.09900858935520845,-0.04863052881303713,-0.050378060542171324,0.11603930867252715
correct_CP,C[C@@H]1CN([C@H](C)CO)C(=O)c2c(c3ccccc3n2C)-c2ccccc2CO[C@@H]1CN(C)C(=O)Nc1ccccc1,10.2715,0.26185429728949683,0.26809817418155923,-0.017382803264247758,0.28548097744580697,0.49703751651280464
correct_CP,C[C@@H]1CN([C@H](C)CO)C(=O)c2c(c3ccccc3n2C)-c2ccccc2CO[C@@H]1CN(C)C(=O)[C@@H](Cc1ccccc1)N(C)C,10.0268,0.2127084187534823,0.21600641142924423,0.11923047647973611,0.09677593494950812,-0.02576808974062679
correct_CP,C[C@@H]1CN([C@H](C)CO)C(=O)c2c(c3ccccc3n2C)-c2ccccc2CO[C@@H]1CN(C)Cc1cccnc1,9.98432,-0.15555685192770724,-0.15683010794682734,0.03310641611592654,-0.18993652406275388,-0.14203354875342172
correct_CP,C[C@@H]1CN([C@H](C)CO)C(=O)c2c(c3ccccc3n2C)-c2ccccc2CO[C@@H]1CN(C)S(=O)(=O)c1ccc(C#N)cc1,10.1094,-0.07801969101774803,-0.07817857553801745,-0.09869960294417726,0.02052102740615981,0.2340746565813608
correct_CP,C[C@@H]1CN([C@H](C)CO)C(=O)c2c(c3ccccc3n2C)-c2ccccc2CO[C@@H]1CN(C)S(=O)(=O)c1ccc(Cl)cc1,9.771486,0.5604546354559742,0.633495780220533,-0.08787618264202221,0.7213719628625552,0.012945810942986677
correct_CP,C[C@@H]1CN([C@H](C)CO)C(=O)c2c(c3ccccc3n2C)-c2ccccc2CO[C@@H]1CN(C)S(=O)(=O)c1cccc(C#N)c1,9.87508,0.31277831440572934,0.3236220472163845,0.15248982033300917,0.17113222688337532,-0.05916944499956166
correct_CP,C[C@@H]1CN([C@H](C)CO)C(=O)c2c(c3ccccc3n2C)-c2ccccc2CO[C@@H]1CN(C)S(=O)(=O)c1cn(C)cn1,10.3556,0.23007568867979392,0.23426938447787002,-0.05855118110538111,0.29282056558325115,0.23501013617194091
correct_CP,C[C@@H]1CN([C@H](C)CO)C(=O)c2c(c3ccccc3n2C)-c2ccccc2CO[C@H]1CN(C)C(=O)Nc1ccc(F)cc1,10.0182,-0.04695827413423801,-0.04699283544807567,0.08468363937892026,-0.13167647482699593,-0.03896911861449346
correct_CP,C[C@@H]1CN([C@H](C)CO)C(=O)c2c(c3ccccc3n2C)-c2ccccc2CO[C@H]1CN(C)C(=O)Nc1ccc2c(c1)OCO2,10.0438,-0.11339287481171932,-0.11388265871643849,0.0004108224517828385,-0.11429348116822133,-0.012743667930491724
correct_CP,C[C@@H]1CN([C@H](C)CO)C(=O)c2c(c3ccccc3n2C)-c2ccccc2CO[C@H]1CN(C)C(=O)c1ccccc1,9.99405,-0.16060755756083858,-0.16201027808708604,-0.11249731790947735,-0.049512960177608686,0.07911948316421305
correct_CP,C[C@@H]1CN([C@H](C)CO)C(=O)c2c(c3ccccc3n2C)-c2ccccc2CO[C@H]1CN(C)C(=O)c1ccncc1,9.97114,0.3058555406481626,0.3159667990630058,-0.03578679896865748,0.3517535980316633,0.006105298139939569
correct_CP,C[C@@H]1CN([C@H](C)CO)C(=O)c2c(c3ccccc3n2C)-c2ccccc2CO[C@H]1CN(C)S(=O)(=O)c1ccc(C#N)cc1,10.017,0.02346564086337107,0.023469949298118555,-0.016933678986745443,0.040403628284864,0.1760815172047416
correct_CP,C[C@@H]1CN([C@H](C)CO)C(=O)c2c(c3ccccc3n2C)-c2ccccc2CO[C@H]1CN(C)S(=O)(=O)c1ccc(Cl)cc1,9.92041,-0.42196667726527276,-0.450082328789239,0.017697425869510675,-0.46777975465874966,-0.4630192247878589
correct_CP,C[C@@H]1CN([C@H](C)CO)C(=O)c2c(c3ccccc3n2C)-c2ccccc2CO[C@H]1CN(C)S(=O)(=O)c1cccc(F)c1,9.99108,-0.10344913995933205,-0.10382055583367024,-0.08301869577542711,-0.020801860058243124,0.03594335758392874
correct_CP,C[C@@H]1CN([C@H](C)CO)C(=O)c2cc(-c3ccc(C(=O)N(C)C)cc3)cnc2O[C@@H]1CN(C)C(=O)c1ccncc1,10.1791,0.31553480789551636,0.326680384040233,-0.01448668218316403,0.341167066223397,-0.007762918923881649
correct_CP,C[C@@H]1CN([C@H](C)CO)C(=O)c2cc(-c3ccc(C(=O)N(C)C)cc3)cnc2O[C@H]1CN(C)C(=O)c1ccncc1,10.057,-0.006461507424792819,-0.006461597352012827,0.010999267778349744,-0.01746086513036257,0.08783779808359422
correct_CP,C[C@@H]1CN([C@H](C)CO)C(=O)c2cc(-c3cccc(F)c3)cnc2O[C@@H]1CN(C)C(=O)C1CCC1,10.0674,0.17115636951724467,0.17285768831681297,0.003076256533717038,0.16978143178309593,-0.22948804546515825
correct_CP,C[C@@H]1CN([C@H](C)CO)C(=O)c2cc(-c3cccc(F)c3)cnc2O[C@H]1CN(C)Cc1ccccn1,10.0084,0.1942780103461045,0.19677917465861827,-0.06461156495050038,0.2613907396091186,0.00398131750435024
correct_CP,C[C@@H]1CN([C@H](C)CO)C(=O)c2cc(-c3ccccc3F)cnc2O[C@@H]1CN(C)C(=O)C1CCOCC1,10.0363,0.036937448848508525,0.03695426145937424,0.008351128613693545,0.028603132845680695,0.0637950847576783
correct_CP,C[C@@H]1CN([C@H](C)CO)C(=O)c2cc(-c3ccccc3F)cnc2O[C@H]1CN(C)C(=O)c1cnccn1,10.1526,0.0757915677987767,0.07593719477734828,0.22827018368100754,-0.15233298890365926,-0.1967359441274501
correct_CP,C[C@@H]1CN([C@H](C)CO)C(=O)c2cc(-c3ccccc3F)cnc2O[C@H]1CN(C)Cc1cccc(F)c1,10.0136,0.17541653947333852,0.17724975146826624,0.07057910689439778,0.10667064457386846,0.06397103909579108
correct_CP,C[C@@H]1CN([C@H](C)CO)C(=O)c2cc(-c3ccncc3)cnc2O[C@@H]1CN(C)S(=O)(=O)c1ccc(F)cc1,10.046,-0.09595182612862156,-0.09624793181333854,0.08821922058567033,-0.18446715239900888,-0.20150501387307684
correct_CP,C[C@@H]1CN([C@H](C)CO)C(=O)c2cc(/C=C/c3ccccc3)cnc2O[C@H]1CN(C)C(=O)c1ccc2c(c1)OCO2,10.0876,0.12046878042998085,0.1210566850873804,-0.027689631841967946,0.14874631692934837,-0.1070006498349184
correct_CP,C[C@@H]1CN([C@H](C)CO)C(=O)c2cc(Br)cnc2O[C@@H]1CN(C)C(=O)C1CCCCC1,10.003,0.18374680745842945,0.18585767785537088,0.038022266708132454,0.14783541114723842,0.05273770109520502
correct_CP,C[C@@H]1CN([C@H](C)CO)C(=O)c2cc(C#CC3(O)CCCC3)cnc2O[C@H]1CN(C)Cc1ccccn1,10.0155,-0.3918971228413002,-0.41403942932638627,0.05721398595275458,-0.47125341527914083,-0.26997998461439804
correct_CP,C[C@@H]1CN([C@H](C)CO)C(=O)c2cc(C#CCN(C)C)cnc2O[C@H]1CN(C)C(=O)c1cnccn1,10.0636,-0.04243064904728775,-0.042456140069571636,-0.11143373308073277,0.06897759301116113,-0.08929739309498826
correct_CP,C[C@@H]1CN([C@H](C)CO)C(=O)c2cc(C#CCc3ccccc3)cnc2O[C@@H]1CN(C)Cc1ccc(C(=O)O)cc1,10.0027,0.35753783666179667,0.374059999220531,0.018421012660901084,0.35563898655962994,0.23781123582554992
correct_CP,C[C@@H]1CN([C@H](C)CO)C(=O)c2cc(C#C[C@@H](C)O)cnc2O[C@@H]1CN(C)C(=O)Cc1ccncc1,10.0733,0.08482329110627462,0.08502760813365684,-0.001403350077434095,0.08643095821109094,0.2622487792953944
correct_CP,C[C@@H]1CN([C@H](C)CO)C(=O)c2cc(C#Cc3ccccc3F)cnc2O[C@H]1CN(C)C(=O)C1CCCCC1,9.96964,0.17331083794797036,0.17507802262821118,0.009587749393999145,0.16549027323421203,0.513944352735902
correct_CP,C[C@@H]1CN([C@H](C)CO)C(=O)c2cc(C#Cc3cccnc3)cnc2O[C@@H]1CN(C)C(=O)CN(C)C,10.0624,0.16027834027760743,0.16167236218977465,0.11960050842002212,0.04207185376975253,0.3130711788105301
correct_CP,C[C@@H]1CN([C@H](C)CO)C(=O)c2cc(C#Cc3cccnc3)cnc2O[C@@H]1CN(C)S(=O)(=O)c1ccccc1F,10.0683,0.26727671205443637,0.2739287157435939,-0.024110422337827044,0.29803913808142096,0.14635922601614076
correct_CP,C[C@@H]1CN([C@H](C)CO)C(=O)c2cc(C3=CCCC3)cnc2O[C@@H]1CN(C)C(=O)c1ccc2c(c1)OCO2,10.0535,0.03811783588619888,0.03813631334705997,-0.006490847625458221,0.04462716097251819,0.0270764376690865
correct_CP,C[C@@H]1CN([C@H](C)CO)C(=O)c2cc(C3=CCCCC3)cnc2O[C@@H]1CN(C)C(=O)Cc1ccncc1,10.0502,0.20674107441937042,0.20976449791010585,-0.06841447994813796,0.2781789778582438,0.23985889094704382
correct_CP,C[C@@H]1CN([C@H](C)CO)C(=O)c2cc(N(C)C)ccc2O[C@@H](C)CCCCO[C@@H]1CN(C)C(=O)C1CCCCC1,9.98252,-0.057533868949939115,-0.05759747716615799,-0.030087697164788953,-0.027509780001369038,-0.1655162213335757
correct_CP,C[C@@H]1CN([C@H](C)CO)C(=O)c2cc(N(C)C)ccc2O[C@@H](C)CCCCO[C@@H]1CN(C)C(=O)Cc1ccccc1,9.9333,0.0012446824466980963,0.0012446830894669789,0.05542462328926947,-0.05417994019980249,0.08626706401427778
correct_CP,C[C@@H]1CN([C@H](C)CO)C(=O)c2cc(N(C)C)ccc2O[C@@H](C)CCCCO[C@@H]1CN(C)C(=O)c1ccncc1,10.0157,-0.12277267935720208,-0.12339517512487903,0.0013596001041803786,-0.12475477522905941,-0.22283386486764073
correct_CP,C[C@@H]1CN([C@H](C)CO)C(=O)c2cc(N(C)C)ccc2O[C@@H](C)CCCCO[C@@H]1CN(C)Cc1ccc(C(=O)O)cc1,10.0179,0.15056483180152513,0.1517183191338287,-0.026787060914362414,0.1785053800481911,-0.035675914927445956
correct_CP,C[C@@H]1CN([C@H](C)CO)C(=O)c2cc(N(C)C)ccc2O[C@@H](C)CCCCO[C@@H]1CN(C)Cc1ccc2c(c1)OCO2,9.9551,-0.05958032247420438,-0.05965097271655111,-0.010980669871272183,-0.04867030284527892,0.08577773096343255
correct_CP,C[C@@H]1CN([C@H](C)CO)C(=O)c2cc(N(C)C)ccc2O[C@@H](C)CCCCO[C@@H]1CN(C)Cc1ccccc1,10.0287,0.4167938856690897,0.4438055530606028,0.02713947659449338,0.4166660764661094,0.5552430211432213
correct_CP,C[C@@H]1CN([C@H](C)CO)C(=O)c2cc(N(C)C)ccc2O[C@@H](C)CCCCO[C@@H]1CN(C)Cc1ccncc1,10.1063,-0.06704381546395419,-0.06714453839550641,0.0044920955555432796,-0.07163663395104969,0.14720549610032366
correct_CP,C[C@@H]1CN([C@H](C)CO)C(=O)c2cc(N(C)C)ccc2O[C@@H](C)CCCCO[C@H]1CN(C)C(=O)Nc1ccc(C(F)(F)F)cc1,10.1167,0.10536167342436861,0.10575416722366685,-0.02947000429334913,0.135224171517016,-0.052207156690668347
correct_CP,C[C@@H]1CN([C@H](C)CO)C(=O)c2cc(N(C)C)ccc2O[C@@H](C)CCCCO[C@H]1CN(C)C(=O)Nc1ccc2c(c1)OCO2,10.077,-0.13659371737872708,-0.13745287079512775,-0.02459136554694387,-0.11286150524818388,-0.3419010578269582
correct_CP,C[C@@H]1CN([C@H](C)CO)C(=O)c2cc(N(C)C)ccc2O[C@@H](C)CCCCO[C@H]1CN(C)C(=O)Nc1cccc2ccccc12,10.0713,-0.006003289858697449,-0.006003361978756822,-0.028330008190450905,0.022326646211694084,-0.23212168341269085
correct_CP,C[C@@H]1CN([C@H](C)CO)C(=O)c2cc(N(C)C)ccc2O[C@@H](C)CCCCO[C@H]1CN(C)C(=O)Nc1ccccc1,9.9318,-0.28788226487272456,-0.29625561857964544,-0.006665092926043878,-0.28959052565360155,-0.16531231931688078
correct_CP,C[C@@H]1CN([C@H](C)CO)C(=O)c2cc(N(C)C)ccc2O[C@@H](C)CCCCO[C@H]1CN(C)C(=O)c1ccncc1,10.3366,0.10126796190384786,0.10161628208959293,-0.06183967596259361,0.16345595805218655,0.15324855584567842
correct_CP,C[C@@H]1CN([C@H](C)CO)C(=O)c2cc(N(C)C)ccc2O[C@@H](C)CCCCO[C@H]1CN(C)Cc1ccccc1,10.061,0.2014396270197806,0.20423261656001307,0.007299045366838,0.19693357119317506,0.21009279884250226
correct_CP,C[C@@H]1CN([C@H](C)CO)C(=O)c2cc(N(C)C)ccc2O[C@@H](C)CCCCO[C@H]1CN(C)S(=O)(=O)c1ccc(F)cc1,10.0636,-0.23218904628776035,-0.236502015078798,0.06963768696202728,-0.3061397020408253,0.007072484206160412
correct_CP,C[C@@H]1CN([C@H](C)CO)C(=O)c2cc(N(C)C)ccc2O[C@@H]1CN(C)Cc1ccc(C(=O)Nc2ccccc2N)cc1,10.0581,-0.0549223125010371,-0.05497763632532104,0.020664575296567213,-0.07564221162188825,0.048128557321131894
correct_CP,C[C@@H]1CN([C@H](C)CO)C(=O)c2cc(N(C)C)ccc2O[C@H]1CN(C)C(=O)Nc1cccc2ccccc12,10.1609,0.2925049830236644,0.30130343768150464,0.01026954571495438,0.2910338919665503,0.28860773682159535
correct_CP,C[C@@H]1CN([C@H](C)CO)C(=O)c2cc(N(C)C)ccc2O[C@H]1CN(C)Cc1ccc(C(=O)Nc2ccccc2N)cc1,10.0581,0.3101115996973097,0.32066887867843885,0.010972230711559783,0.30969664796687907,0.1705719485795066
correct_CP,C[C@@H]1CN([C@H](C)CO)C(=O)c2cc(NC(=O)C3CC3)ccc2O[C@H]1CN(C)CC1CCCCC1,10.1658,0.23796854772061996,0.24261960820570047,-0.06823496391516695,0.3108545721208674,0.04482669373508809
correct_CP,C[C@@H]1CN([C@H](C)CO)C(=O)c2cc(NC(=O)C3CCCCC3)ccc2O[C@@H](C)CCCCO[C@H]1CN(C)Cc1ccncc1,9.99352,-0.23425651179380994,-0.23868840558578092,0.00017769019605205771,-0.238866095781833,0.1828846689017175
correct_CP,C[C@@H]1CN([C@H](C)CO)C(=O)c2cc(NC(=O)CCC(F)(F)F)ccc2O[C@@H](C)CCCCO[C@@H]1CN(C)Cc1ccncc1,9.9458,0.2906853325984066,0.2993146875852442,-0.030741616453093364,0.3300563040383376,0.2817512603120349
correct_CP,C[C@@H]1CN([C@H](C)CO)C(=O)c2cc(NC(=O)CCC(F)(F)F)ccc2O[C@@H](C)CCCCO[C@H]1CN(C)S(C)(=O)=O,10.1243,-0.3333416570196085,-0.34658295445626164,-0.03130551797960902,-0.31527743647665263,-0.05701425746130496
correct_CP,C[C@@H]1CN([C@H](C)CO)C(=O)c2cc(NC(=O)CCCN(C)C)ccc2O[C@@H](C)CCCCO[C@@H]1CN(C)S(C)(=O)=O,10.0279,0.39368404276786073,0.41615233937282436,0.05386910655437216,0.3622832328184522,-0.3738219554798999
correct_CP,C[C@@H]1CN([C@H](C)CO)C(=O)c2cc(NC(=O)CCCN(C)C)ccc2O[C@@H](C)CCCCO[C@H]1CN(C)Cc1ccccc1,10.0032,0.05532872010061471,0.055385282695559125,0.010683372697048164,0.04470190999851096,0.13561076332164432
correct_CP,C[C@@H]1CN([C@H](C)CO)C(=O)c2cc(NC(=O)Cc3ccccc3)ccc2O[C@@H](C)CCCCO[C@H]1CN(C)C,10.0021,-0.46270488664735426,-0.5007475799277856,0.07370095648995499,-0.5744485364177406,-0.0967326856124773
correct_CP,C[C@@H]1CN([C@H](C)CO)C(=O)c2cc(NC(=O)Cn3cnnn3)ccc2O[C@H]1CN(C)Cc1ccc(Cl)c(Cl)c1,9.75103,0.26496778650419245,0.271443804742712,0.0318540665140864,0.23958973822862561,0.1811349119700959
correct_CP,C[C@@H]1CN([C@H](C)CO)C(=O)c2cc(NC(=O)NC3CCCCC3)ccc2O[C@@H](C)CCCCO[C@@H]1CN(C)Cc1ccncc1,9.82253,0.32323887669140877,0.3352596699641598,0.07628979415495755,0.2589698758092022,0.051454835937411195
correct_CP,C[C@@H]1CN([C@H](C)CO)C(=O)c2cc(NC(=O)Nc3ccccc3)ccc2O[C@@H](C)CCCCO[C@H]1CN(C)C,9.99782,-0.19386839018387572,-0.19635352255542501,-0.016084550042077265,-0.18026897251334775,0.01576444351862515
correct_CP,C[C@@H]1CN([C@H](C)CO)C(=O)c2cc(NC(=O)c3ccncc3)ccc2O[C@@H](C)CCCCO[C@H]1CN(C)C(=O)c1ccccc1,10.1748,0.2655620539039856,0.2720830531894602,-0.00816185885197152,0.2802449120414317,0.026438172346236022
correct_CP,C[C@@H]1CN([C@H](C)CO)C(=O)c2cc(NC(=O)c3ccncc3)ccc2O[C@H]1CN(C)Cc1ccc2c(c1)OCO2,10.1933,0.4260825682549783,0.4551004812308035,-0.04211867773830265,0.4972191589691061,-0.002537993301485665
correct_CP,C[C@@H]1CN([C@H](C)CO)C(=O)c2cc(NC(=O)c3ccncc3)ccc2O[C@H]1CN(C)S(C)(=O)=O,9.79731,0.40434683635894575,0.42883451552430424,-0.0503047378221472,0.47913925334645147,0.023426369953940013
correct_CP,C[C@@H]1CN([C@H](C)CO)C(=O)c2cccc(N(C)C)c2O[C@@H]1CN(C)C(=O)Nc1ccc2c(c1)OCO2,10.0677,0.27039321180573794,0.2772880022077604,0.009739628182170517,0.2675483740255899,0.15842693594804375
correct_CP,C[C@@H]1CN([C@H](C)CO)C(=O)c2cccc(N(C)C)c2O[C@@H]1CN(C)C(=O)Nc1cccc2ccccc12,10.0061,-0.05008297808349859,-0.050124915673300664,-0.10710456268412843,0.05697964701082777,0.07940777143113559
correct_CP,C[C@@H]1CN([C@H](C)CO)C(=O)c2cccc(N(C)C)c2O[C@@H]1CN(C)Cc1ccc(C(=O)Nc2ccccc2N)cc1,10.0633,0.1363431851247925,0.13719758417409236,-0.012902098069343958,0.1500996822434363,0.19729477726389835
correct_CP,C[C@@H]1CN([C@H](C)CO)C(=O)c2cccc(N(C)C)c2O[C@@H]1CN(C)Cc1ccc(Oc2ccccc2)cc1,10.1194,-0.022792992429021948,-0.022796940802155326,-0.0031639586944933297,-0.019632982107661998,-0.14142916219030877
correct_CP,C[C@@H]1CN([C@H](C)CO)C(=O)c2cccc(N(C)C)c2O[C@@H]1CN(C)Cc1ccncc1,10.0061,-0.0743953008902475,-0.07453300940064188,0.030828446982780092,-0.10536145638342197,0.11714132208232916
correct_CP,C[C@@H]1CN([C@H](C)CO)C(=O)c2cccc(N(C)C)c2O[C@H]1CN(C)S(=O)(=O)c1cn(C)cn1,10.1653,0.13629267940956946,0.13714612216196942,0.0016500410937711398,0.13549608106819827,0.05783734246073853
correct_CP,C[C@@H]1CN([C@H](C)CO)C(=O)c2cccc(NC(=O)C3CC3)c2O[C@H]1CN(C)Cc1ccc(C(=O)O)cc1,9.98841,0.438504131351477,0.47037731926349724,0.019819010140872374,0.45055830912262484,-0.13194139152074166
correct_CP,C[C@@H]1CN([C@H](C)CO)C(=O)c2cccc(NC(=O)C3CCOCC3)c2O[C@@H]1CN(C)Cc1ccc2c(c1)OCO2,9.97721,0.5671109827724145,0.6432538404749708,-0.00276795024297036,0.6460217907179412,0.16884877417293098
correct_CP,C[C@@H]1CN([C@H](C)CO)C(=O)c2cccc(NC(=O)C3CCOCC3)c2O[C@H]1CN(C)CC1CCCCC1,9.86275,0.5167863163599492,0.5719450725308842,-0.021790442470343063,0.5937355150012273,-0.19207467734785175
correct_CP,C[C@@H]1CN([C@H](C)CO)C(=O)c2cccc(NC(=O)NC3CCCCC3)c2O[C@H]1CN(C)C(=O)Nc1cccc2ccccc12,10.0095,0.412950368622617,0.43916294504528497,-0.04415010316790143,0.4833130482131864,0.17524110296338713
correct_CP,C[C@@H]1CN([C@H](C)CO)C(=O)c2cccc(NC(=O)c3ccc(-c4nccs4)cc3)c2O[C@@H]1CN(C)CC1CCCCC1,9.75361,-0.2450378998477183,-0.25012685028249204,-0.01968451363238502,-0.23044233665010702,-0.08464568897712568
correct_CP,C[C@@H]1CN([C@H](C)CO)C(=O)c2cccc(NC(=O)c3ccc(-c4nccs4)cc3)c2O[C@H]1CN(C)CC1CCCCC1,10.2534,0.3016183919825971,0.31129900818402484,-0.04553094839349908,0.3568299565775239,0.08781670513090967
correct_CP,C[C@@H]1CN([C@H](C)CO)C(=O)c2cccc(NC(=O)c3ccncc3)c2O[C@H]1CN(C)CC1CC1,10.0419,0.3260728491975239,0.3384275440458899,0.06971342824727246,0.2687141157986175,0.328350481420299
correct_CP,C[C@@H]1CN([C@H](C)CO)C(=O)c2cccc(NC(=O)c3ccncc3)c2O[C@H]1CN(C)S(=O)(=O)c1ccccc1,10.0602,-0.30074389362619036,-0.3103372704327633,0.007772691538128051,-0.31810996197089136,0.13850560689587682
correct_CP,C[C@@H]1CN([C@H](C)CO)C(=O)c2cccc(NS(C)(=O)=O)c2O[C@H]1CN(C)Cc1ccc(-c2ccccc2)cc1,10.0197,0.19881067425580037,0.2014939793263674,0.00021547768280172006,0.20127850164356567,0.06912234065842315
correct_CP,C[C@@H]1CN([C@H](C)CO)C(=O)c2ccccc2-c2ccccc2CO[C@@H]1CN(C)C(=O)Nc1cccc(C(F)(F)F)c1,9.92815,-0.14662648941144124,-0.14769104618169687,0.004832433049880703,-0.15252347923157758,0.0005536442946152314
correct_CP,C[C@@H]1CN([C@H](C)CO)C(=O)c2ccccc2-c2ccccc2CO[C@@H]1CN(C)C(=O)[C@H]1CCCN1C,10.2543,-0.4287449194521374,-0.45835791162838424,-0.08931829908581221,-0.369039612542572,0.3602832578774541
correct_CP,C[C@@H]1CN([C@H](C)CO)C(=O)c2ccccc2-c2ccccc2CO[C@@H]1CN(C)Cc1cccc(F)c1,9.9766,-0.1253416330729398,-0.1260042850311392,0.06931990281426238,-0.19532418784540156,-0.018584897350761242
correct_CP,C[C@@H]1CN([C@H](C)CO)C(=O)c2ccccc2-c2ccccc2CO[C@@H]1CN(C)Cc1cccc(O)c1,10.1141,-0.03005119964628605,-0.030060250709432097,0.08051136981509588,-0.11057162052452797,0.032378871192717
correct_CP,C[C@@H]1CN([C@H](C)CO)C(=O)c2ccccc2-c2ccccc2CO[C@@H]1CN(C)S(=O)(=O)c1ccc(C#N)cc1,10.2641,0.1570380409452294,0.1583483871480058,-0.07119062631443829,0.2295390134624441,0.08167823650042395
correct_CP,C[C@@H]1CN([C@H](C)CO)C(=O)c2ccccc2-c2ccccc2CO[C@@H]1CN(C)S(=O)(=O)c1ccc(Cl)cc1,10.018,0.06478251350473384,0.06487336825012148,0.10076834447761664,-0.03589497622749516,0.026895895287943436
correct_CP,C[C@@H]1CN([C@H](C)CO)C(=O)c2ccccc2-c2ccccc2CO[C@@H]1CN(C)S(=O)(=O)c1cccc(C#N)c1,10.1894,-0.051371824522799675,-0.05141708739907782,0.008233809085153955,-0.059650896484231775,0.1405171860827796
correct_CP,C[C@@H]1CN([C@H](C)CO)C(=O)c2ccccc2-c2ccccc2CO[C@@H]1CN(C)S(=O)(=O)c1cccc(F)c1,9.84849,-0.09980367485181911,-0.10013704343052787,-0.0022834171789270635,-0.09785362625160081,-0.024149997590863066
correct_CP,C[C@@H]1CN([C@H](C)CO)C(=O)c2ccccc2-c2ccccc2CO[C@@H]1CN(C)S(=O)(=O)c1ccccc1,10.0212,-0.1932812905297436,-0.1957435671069652,0.06568607591865444,-0.26142964302561966,-0.16932474082494509
correct_CP,C[C@@H]1CN([C@H](C)CO)C(=O)c2ccccc2-c2ccccc2CO[C@@H]1CN(C)S(=O)(=O)c1ccccc1C#N,10.0025,0.3922928083726942,0.41450699818564,-0.05703814503622715,0.4715451432218672,0.13209741784236775
correct_CP,C[C@@H]1CN([C@H](C)CO)C(=O)c2ccccc2-c2ccccc2CO[C@@H]1CN(C)S(=O)(=O)c1ccccc1F,9.77378,-0.0008537525343758613,-0.0008537527418074783,-0.011396512513613387,0.01054275977180591,-7.411920032753677e-06
correct_CP,C[C@@H]1CN([C@H](C)CO)C(=O)c2ccccc2-c2ccccc2CO[C@H]1CN(C)C(=O)CCN(C)C,9.84062,-0.4796154989208688,-0.5224847857454056,-0.013403153514263137,-0.5090816322311424,-0.21290842035206914
correct_CP,C[C@@H]1CN([C@H](C)CO)C(=O)c2ccccc2-c2ccccc2CO[C@H]1CN(C)C(=O)[C@H]1CCCN1C,10.2807,0.39073430099127643,0.4126663503983316,0.13076561948711268,0.2819007309112189,-0.10711519330922184
correct_CP,C[C@@H]1CN([C@H](C)CO)C(=O)c2ccccc2-c2ccccc2CO[C@H]1CN(C)S(=O)(=O)c1cccc(C#N)c1,10.0389,0.1874477393812286,0.1896906465506426,-0.06692532220664463,0.2566159687572872,0.370268452774817
correct_CP,C[C@@H]1CN([C@H](C)CO)C(=O)c2ccccc2-c2ccccc2CO[C@H]1CN(C)S(=O)(=O)c1cccc(F)c1,10.0309,-0.49485567951066367,-0.5424703870631167,0.039351111393135865,-0.5818214984562525,0.134425282621828
correct_CP,C[C@@H]1CN([C@H](C)CO)C(=O)c2ccccc2-c2ccccc2CO[C@H]1CN(C)S(=O)(=O)c1ccccc1F,10.0661,0.05811592012385386,0.05818148110150233,0.04862412853237058,0.009557352569131747,-0.1525774610793198
correct_CP,C[C@@H]1CN([C@H](C)CO)C(=O)c2ccccc2-c2ccccc2CO[C@H]1CN(C)S(=O)(=O)c1ccsc1,10.0447,0.19034233373857887,0.19269234802960372,0.098783443525777,0.09390890450382672,0.14757239573573816
correct_CP,C[C@@H]1CN([C@H](C)CO)C(=O)c2ccccc2-c2ccccc2CO[C@H]1CN(C)S(=O)(=O)c1cn(C)cn1,10.0247,0.3673465166924559,0.38535221952742515,0.1934659265340456,0.19188629299337956,0.17978365147066827
correct_CP,C[C@@H]1CN([C@H](C)CO)S(=O)(=O)c2ccc(-c3cccc(C#N)c3)cc2O[C@@H]1CN(C)C(=O)c1ccncc1,10.0294,-0.08143123946890428,-0.08161195044965927,0.03441464972886975,-0.11602660017852902,-0.03623067390118175
correct_CP,C[C@@H]1CN([C@H](C)CO)S(=O)(=O)c2ccc(-c3cccc(C#N)c3)cc2O[C@H]1CN(C)C(=O)Nc1cc(F)ccc1F,10.0747,0.21237806055039968,0.21566042333889582,-0.01697716541895963,0.23263758875785545,0.12579548343602792
correct_CP,C[C@@H]1CN([C@H](C)CO)S(=O)(=O)c2ccc(-c3cccc(C(=O)N(C)C)c3)cc2O[C@@H]1CN(C)Cc1ccc2c(c1)OCO2,10.0643,0.029029643441792354,0.02903780218980806,0.011714382687461892,0.017323419502346168,0.13286486286287402
correct_CP,C[C@@H]1CN([C@H](C)CO)S(=O)(=O)c2ccc(-c3ccccc3)cc2O[C@@H]1CN(C)C,10.032,0.11396885164131408,0.11446617656174118,0.04603662032244348,0.0684295562392977,-0.0162742765580449
correct_CP,C[C@@H]1CN([C@H](C)CO)S(=O)(=O)c2ccc(-c3cncnc3)cc2O[C@@H]1CN(C)C(=O)Cc1ccccc1,9.97018,0.06963778260907155,0.06975067891697655,-0.022377467040428776,0.09212814595740532,0.19561387701591387
correct_CP,C[C@@H]1CN([C@H](C)CO)S(=O)(=O)c2ccc(/C=C/c3ccccc3)cc2O[C@H]1CN(C)C(=O)CN1CCOCC1,10.0937,-0.13176011749049324,-0.13253064357270825,0.027976060654530958,-0.1605067042272392,0.14460428401906214
correct_CP,C[C@@H]1CN([C@H](C)CO)S(=O)(=O)c2ccc(/C=C/c3ccccc3)cc2O[C@H]1CN(C)Cc1ccccc1,10.0447,-0.13749672760984324,-0.1383731655102973,-0.009581362266505215,-0.12879180324379208,0.04922159065529456
correct_CP,C[C@@H]1CN([C@H](C)CO)S(=O)(=O)c2ccc(C#CC(C)(C)O)cc2O[C@@H]1CN(C)Cc1ccc(F)cc1,10.062,0.36340706567221587,0.3808058127983904,0.20026362497655878,0.1805421878218316,0.12218622721859532
correct_CP,C[C@@H]1CN([C@H](C)CO)S(=O)(=O)c2ccc(C#CC(C)(C)O)cc2O[C@H]1CN(C)Cc1ccc(F)cc1,10.009,-0.30011996709394834,-0.30965144138935413,0.858439707249947,-1.168091148639301,-0.7289306189952891
correct_CP,C[C@@H]1CN([C@H](C)CO)S(=O)(=O)c2ccc(C#CC3CC3)cc2O[C@@H]1CN(C)C(=O)c1cccc(F)c1,10.0341,0.6141157979990293,0.7155026312935828,0.23429856377665673,0.4812040675169261,0.006593865847105473
correct_CP,C[C@@H]1CN([C@H](C)CO)S(=O)(=O)c2ccc(C#CC3CC3)cc2O[C@@H]1CN(C)S(C)(=O)=O,9.99498,0.2453476359137422,0.25045639863163277,-0.052522860554837264,0.30297925918647006,-0.06308858910452741
correct_CP,C[C@@H]1CN([C@H](C)CO)S(=O)(=O)c2ccc(C#CC3CCCC3)cc2O[C@@H]1CN(C)Cc1ccccc1C(=O)O,9.99368,-0.020956580357447394,-0.02095964905761275,-0.0051145477042804505,-0.0158451013533323,0.0019300024377091963
correct_CP,C[C@@H]1CN([C@H](C)CO)S(=O)(=O)c2ccc(C#CCN(C)C)cc2O[C@@H]1CN(C)C(=O)C1CCCCC1,10.0181,0.10200071086681446,0.10235667904581101,-0.02822857109988606,0.13058525014569708,0.2298471854933177
correct_CP,C[C@@H]1CN([C@H](C)CO)S(=O)(=O)c2ccc(C#CCN(C)C)cc2O[C@H]1CN(C)S(=O)(=O)c1cccc(F)c1,10.0382,0.1537623919597144,0.15499167280642986,0.0150434111462407,0.13994826166018917,-0.05411135302424308
correct_CP,C[C@@H]1CN([C@H](C)CO)S(=O)(=O)c2ccc(C#Cc3ccccn3)cc2O[C@H]1CN(C)C,10.021,0.21766017746742702,0.22119860354156712,0.045954578444410074,0.17524402509715703,-0.011577043013599846
correct_CP,C[C@@H]1CN([C@H](C)CO)S(=O)(=O)c2ccc(C3=CCCCC3)cc2O[C@@H]1CN(C)Cc1cccc(C(=O)O)c1,9.98785,0.09886393267212176,0.09918793614242824,0.011091730018876252,0.08809620612355198,0.09165267386248993
correct_CP,C[C@@H]1CN([C@H](C)CO)S(=O)(=O)c2ccc(C3=CCCCC3)cc2O[C@H]1CN(C)C(=O)Nc1ccc2c(c1)OCO2,10.0278,0.02128938846114411,0.021292605723149814,-0.0012702203848604515,0.022562826108010265,-0.002437377964286053
correct_CP,C[C@@H]1C[C@@H]([C@H](O)CC2CC(=O)NC(=O)C2)C(=O)[C@@H](C)C1,10.0,0.2785617069020948,0.2861221049699338,-0.06741070717677611,0.3535328121467099,0.6687302926880441
correct_CP,C[C@H](C(=O)N(C)C[C@@H]1OCc2ccccc2-c2ccccc2C(=O)N([C@@H](C)CO)C[C@@H]1C)c1ccccc1,10.3584,0.5429295119640951,0.6083002745402502,0.009546435365600736,0.5987538391746494,-0.215753503073427
correct_CP,C[C@H](C(=O)N(C)C[C@H]1OCc2ccccc2-c2ccccc2C(=O)N([C@@H](C)CO)C[C@@H]1C)c1ccccc1,10.1566,-0.2636413252754538,-0.27001772148930847,0.07247363496571882,-0.34249135645502726,0.03723877687655393
correct_CP,C[C@H](CO)N1C[C@H](C)[C@@H](CN(C)C(=O)C2CC2)Oc2cc(Br)ccc2S1(=O)=O,10.0619,-0.2316385534513547,-0.23592023157419903,-0.0024172433162674804,-0.23350298825793156,0.23232036739853895
correct_CP,C[C@H](CO)N1C[C@H](C)[C@@H](CN(C)C(=O)C2CCCCC2)OCCCC[C@H](C)Oc2ccc(NC(=O)c3ccncc3)cc2C1=O,10.0698,0.2627840675696335,0.2690966511032796,0.015205362530835494,0.25389128857244414,0.08507226964907852
correct_CP,C[C@H](CO)N1C[C@H](C)[C@@H](CN(C)C(=O)C2CCOCC2)Oc2ncc(-c3cccc(C#N)c3)cc2C1=O,9.99771,-0.09421074351212808,-0.09449096496459598,0.0386835938002065,-0.1331745587648025,0.027514531491120445
correct_CP,C[C@H](CO)N1C[C@H](C)[C@@H](CN(C)C(=O)C2CCOCC2)Oc2ncc(C#CC3(O)CCCC3)cc2C1=O,10.0876,0.5833180618183587,0.6674773852770941,0.13359718519788616,0.533880200079208,0.4787643262862688
correct_CP,C[C@H](CO)N1C[C@H](C)[C@@H](CN(C)C(=O)CCC(F)(F)F)OCc2ccccc2-c2ccccc2C1=O,9.78259,0.3097153824888955,0.32023056281322654,0.0875285655320921,0.23270199728113444,0.26347447052539896
correct_CP,C[C@H](CO)N1C[C@H](C)[C@@H](CN(C)C(=O)CCC(F)(F)F)OCc2cn(nn2)CCCC1=O,10.0284,0.1642087797810538,0.16570906548276007,0.1145597410755784,0.05114932440718167,0.08320605776225445
correct_CP,C[C@H](CO)N1C[C@H](C)[C@@H](CN(C)C(=O)CN2CCOCC2)Oc2cc(/C=C/c3ccccc3)ccc2S1(=O)=O,10.1453,-0.12780560974863964,-0.1285083808794442,-0.007643660509846462,-0.12086472036959772,0.05761877011127637
correct_CP,C[C@H](CO)N1C[C@H](C)[C@@H](CN(C)C(=O)Cc2ccccc2)OCc2ccccc2-c2ccccc2C1=O,10.0168,0.3988465591247041,0.42227653922846675,6.995111794590777e-05,0.42220658811052086,0.2587970806356415
correct_CP,C[C@H](CO)N1C[C@H](C)[C@@H](CN(C)C(=O)Cc2ccccc2)Oc2cc(-c3cncnc3)ccc2S1(=O)=O,10.1657,0.16187638844218438,0.16331297802345374,0.008209146859555606,0.15510383116389814,0.1551262843983051
correct_CP,C[C@H](CO)N1C[C@H](C)[C@@H](CN(C)C(=O)Cc2cccnc2)Oc2ncc(C#CC3(O)CCCC3)cc2C1=O,10.1939,0.24093486975628234,0.24576635872481625,-0.00105893014893026,0.24682528887374652,0.13184343286218578
correct_CP,C[C@H](CO)N1C[C@H](C)[C@@H](CN(C)C(=O)Cc2ccncc2)Oc2ncc(C#C[C@@H](C)O)cc2C1=O,10.0039,-0.13704565042302796,-0.1379134252550634,-0.08024840219339996,-0.057665023061663434,0.3062253245196743
correct_CP,C[C@H](CO)N1C[C@H](C)[C@@H](CN(C)C(=O)NC2CCCCC2)OCc2ccccc2-c2c(n(C)c3ccccc23)C1=O,10.0332,0.3892723809231602,0.4109421788112876,0.03644640691180545,0.37449577189948213,-0.024757447337177663
correct_CP,C[C@H](CO)N1C[C@H](C)[C@@H](CN(C)C(=O)NC2CCCCC2)Oc2c(NC(=O)c3ccncc3)cccc2C1=O,10.0408,0.312375053548575,0.32317511965848145,0.01909006659737381,0.3040850530611076,0.12989331357951486
correct_CP,C[C@H](CO)N1C[C@H](C)[C@@H](CN(C)C(=O)NC2CCCCC2)Oc2ccc(N(C)C)cc2CC1=O,9.88612,0.16688651986952627,0.16846226156054286,0.040601746605779775,0.12786051495476308,-0.07307243106111262
correct_CP,C[C@H](CO)N1C[C@H](C)[C@@H](CN(C)C(=O)Nc2ccc(F)cc2)Oc2c(NC(=O)c3cnccn3)cccc2C1=O,10.0482,0.13644538950585267,0.13730172594646614,-0.052967251429678376,0.1902689773761445,0.1527291239062058
correct_CP,C[C@H](CO)N1C[C@H](C)[C@@H](CN(C)C(=O)Nc2ccc(F)cc2)Oc2ccc(NC(=O)C3CCCCC3)cc2CC1=O,9.65199,0.2232345876494812,0.22705777020223541,-0.05865328032178798,0.2857110505240234,0.21560327311315083
correct_CP,C[C@H](CO)N1C[C@H](C)[C@@H](CN(C)C(=O)Nc2ccc(N3CCCCC3)cc2)OCc2cnnn2CCCC1=O,10.0731,0.05452527124742767,0.05457940247814459,0.02587385546476379,0.0287055470133808,-0.169835004626839
correct_CP,C[C@H](CO)N1C[C@H](C)[C@@H](CN(C)C(=O)Nc2ccc3c(c2)OCO3)OCc2ccccc2-c2c(n(C)c3ccccc23)C1=O,9.97504,0.14756260539772215,0.14864786474146802,0.04331678299617961,0.10533108174528841,0.25889861878895626
correct_CP,C[C@H](CO)N1C[C@H](C)[C@@H](CN(C)C(=O)Nc2cccc3ccccc23)OCc2cn(nn2)CCCC1=O,10.1484,-0.3359956988865228,-0.3495717538295506,-0.014256967084827443,-0.33531478674472315,-0.22071871736772322
correct_CP,C[C@H](CO)N1C[C@H](C)[C@@H](CN(C)C(=O)Nc2cccc3ccccc23)Oc2c(NC(=O)c3ccncc3)cccc2C1=O,10.048,-0.26231200280977446,-0.2685896371110235,0.08234042829634033,-0.3509300654073638,-0.005760599523299076
correct_CP,C[C@H](CO)N1C[C@H](C)[C@@H](CN(C)C(=O)Nc2cccc3ccccc23)Oc2ccc(NC(=O)c3ccncc3)cc2CC1=O,9.99608,0.25317507233600894,0.25880243862816654,0.008845681061924942,0.2499567575662416,-0.1069354815643924
correct_CP,C[C@H](CO)N1C[C@H](C)[C@@H](CN(C)C(=O)Nc2ccccc2)OCc2ccccc2-c2ccccc2C1=O,10.2371,0.06279779358652286,0.06288053847664404,-0.014903626421934078,0.07778416489857812,-0.14588297275378018
correct_CP,C[C@H](CO)N1C[C@H](C)[C@@H](CN(C)C(=O)Nc2ccccc2)Oc2ccc(N(C)C)cc2CC1=O,10.1456,-0.10220004439972491,-0.10255811241901966,0.0029607087743109464,-0.1055188211933306,0.15567378628619913
correct_CP,C[C@H](CO)N1C[C@H](C)[C@@H](CN(C)C(=O)[C@H](Cc2ccccc2)N(C)C)OCc2ccccc2-c2c(n(C)c3ccccc23)C1=O,10.0224,-0.1838070939732038,-0.18592007165638144,0.09676365006603056,-0.282683721722412,-0.19200033394712646
correct_CP,C[C@H](CO)N1C[C@H](C)[C@@H](CN(C)C(=O)c2ccc(F)cc2)Oc2cc(Br)ccc2S1(=O)=O,10.011,0.05106216479852248,0.05110661324252732,0.10033806672015115,-0.04923145347762383,0.026082167122741487
correct_CP,C[C@H](CO)N1C[C@H](C)[C@@H](CN(C)C(=O)c2ccccc2)OCCCC[C@H](C)Oc2ccc(N(C)C)cc2C1=O,10.0094,0.21958909017631842,0.22322434061359117,0.05687203981092824,0.16635230080266294,-0.032156532961792036
correct_CP,C[C@H](CO)N1C[C@H](C)[C@@H](CN(C)C(=O)c2ccccc2)OCCCC[C@H](C)Oc2ccc(NC(=O)CCCN(C)C)cc2C1=O,10.0817,0.24417869325019712,0.24921296278382465,0.02032274607770299,0.22889021670612167,0.020609850967528275
correct_CP,C[C@H](CO)N1C[C@H](C)[C@@H](CN(C)C(=O)c2ccccc2)OCc2ccccc2-c2c(n(C)c3ccccc23)C1=O,10.0589,-0.37794030068541307,-0.397654529868087,0.02441358563012725,-0.42206811549821427,-0.18267126254963695
correct_CP,C[C@H](CO)N1C[C@H](C)[C@@H](CN(C)C(=O)c2ccccn2)Oc2ncc(C3=CCCC3)cc2C1=O,10.008,0.20179733059085228,0.20460547691319086,0.12339274617027145,0.08121273074291942,-0.06507107635962592
correct_CP,C[C@H](CO)N1C[C@H](C)[C@@H](CN(C)C(=O)c2ccncc2)Oc2ncc(C#CC3CCCC3)cc2C1=O,10.0567,0.3175074315313951,0.32887264136075256,-0.05856006735706888,0.38743270871782143,0.3676214900016216
correct_CP,C[C@H](CO)N1C[C@H](C)[C@@H](CN(C)C)OCCCC[C@H](C)Oc2ccc(N(C)C)cc2C1=O,10.0456,0.4030476019244235,0.4272823166002002,-0.06450455684267613,0.49178687344287636,0.38442836767280875
correct_CP,C[C@H](CO)N1C[C@H](C)[C@@H](CN(C)C)OCCCC[C@H](C)Oc2ccc(NC(=O)NC3CCCCC3)cc2C1=O,10.0535,0.025192053597885955,0.025197384919421688,-0.01655798910897384,0.04175537402839553,0.04808733610119741
correct_CP,C[C@H](CO)N1C[C@H](C)[C@@H](CN(C)C)OCCCC[C@H](C)Oc2ccc(NC(=O)Nc3ccc(F)cc3)cc2C1=O,9.98569,-0.14495468901907163,-0.14598293973215684,-0.01592709757706159,-0.13005584215509525,-0.20922794252705554
correct_CP,C[C@H](CO)N1C[C@H](C)[C@@H](CN(C)C)OCCCC[C@H](C)Oc2ccc(NC(=O)c3ccncc3)cc2C1=O,10.0051,0.2520891042341798,0.25764243553636323,0.027966514084691065,0.22967592145167218,0.02538183251410287
correct_CP,C[C@H](CO)N1C[C@H](C)[C@@H](CN(C)C)OCCCC[C@H](C)Oc2ccc(NS(=O)(=O)c3ccccc3)cc2C1=O,10.0117,-0.42328071240902027,-0.45168210092413474,-0.06511114374831137,-0.38657095717582335,-0.06827823705496364
correct_CP,C[C@H](CO)N1C[C@H](C)[C@@H](CN(C)C)Oc2cc(-c3ccccc3)ccc2S1(=O)=O,10.0186,-0.1750437303092613,-0.17686513233793455,-0.0024161841529945667,-0.17444894818493997,0.05425571645382664
correct_CP,C[C@H](CO)N1C[C@H](C)[C@@H](CN(C)C)Oc2ccc(NC(=O)Cn3cnnn3)cc2CC1=O,10.1341,0.3639769731123427,0.38146259394777443,-0.04014665924479213,0.4216092531925666,-0.08796375442689844
correct_CP,C[C@H](CO)N1C[C@H](C)[C@@H](CN(C)C)Oc2ccc(NC(=O)Nc3ccccc3)cc2CC1=O,10.0481,0.14509365300244112,0.14612488919839295,-0.031955083074007684,0.17807997227240063,-0.09435672118670327
correct_CP,C[C@H](CO)N1C[C@H](C)[C@@H](CN(C)CC2CC2)OCCCC[C@H](C)Oc2ccc(NC(=O)c3ccncc3)cc2C1=O,10.0744,0.1605860349011004,0.16198818563356648,-0.03234255454399171,0.1943307401775582,-0.0705255498838059
correct_CP,C[C@H](CO)N1C[C@H](C)[C@@H](CN(C)CC2CC2)Oc2ccc(N(C)C)cc2CC1=O,9.99583,-0.1630022428746944,-0.16446934510757777,0.020334415984905457,-0.18480376109248323,-0.07712842765946319
correct_CP,C[C@H](CO)N1C[C@H](C)[C@@H](CN(C)CC2CCCCC2)Oc2ccc(NS(=O)(=O)c3ccc(Cl)cc3)cc2CC1=O,9.93811,0.5246123057661976,0.5826823807403829,-0.0350240808034035,0.6177064615437864,-0.02383331390978885
correct_CP,C[C@H](CO)N1C[C@H](C)[C@@H](CN(C)CC2CCOCC2)Oc2cc(-c3cccnc3)ccc2S1(=O)=O,10.0919,-0.20504247532644287,-0.2079907046968266,0.0527376905193025,-0.2607283952161291,0.21410030929629142
correct_CP,C[C@H](CO)N1C[C@H](C)[C@@H](CN(C)Cc2ccc(-c3ccccc3)cc2)OCc2cnnn2CCCC1=O,10.0545,0.38196286333375373,0.4023557924690532,0.0964722809090417,0.3058835115600115,-0.1517333226967523
correct_CP,C[C@H](CO)N1C[C@H](C)[C@@H](CN(C)Cc2ccc(C(=O)O)cc2)Oc2ccc(NC(=O)Cc3ccccc3)cc2CC1=O,9.92959,0.4418164011991531,0.474485524518107,-0.0016539244580775127,0.4761394489761845,-0.06794139476959932
correct_CP,C[C@H](CO)N1C[C@H](C)[C@@H](CN(C)Cc2ccc(C(F)(F)F)cc2)Oc2c(cccc2N(C)C)C1=O,10.0348,0.17529009770841,0.17711929843055785,0.05253639667686834,0.12458290175368951,0.09684951043745389
correct_CP,C[C@H](CO)N1C[C@H](C)[C@@H](CN(C)Cc2ccc(C(F)(F)F)cc2)Oc2ccc(N(C)C)cc2CC1=O,9.88912,-0.18329551779062667,-0.1853906589746331,-0.02412054731693794,-0.16127011165769517,0.1848113324903836
correct_CP,C[C@H](CO)N1C[C@H](C)[C@@H](CN(C)Cc2ccc(Cl)c(Cl)c2)Oc2ccc(N(C)C)cc2C1=O,10.0924,0.3615492706504917,0.37866699685968885,0.008126711909878136,0.3705402849498107,0.011027184375377645
correct_CP,C[C@H](CO)N1C[C@H](C)[C@@H](CN(C)Cc2ccc3c(c2)OCCN3C)OCc2cn(nn2)CCCC1=O,10.3046,0.33517846193967166,0.34865080021741734,0.05901588726335266,0.2896349129540647,0.11571849343694893
correct_CP,C[C@H](CO)N1C[C@H](C)[C@@H](CN(C)Cc2ccc3c(c2)OCO3)OCCCC[C@H](C)Oc2ccc(NS(C)(=O)=O)cc2C1=O,10.0617,0.2068605536731986,0.20988931517107245,-0.052931943786724535,0.262821258957797,0.07051878663940103
correct_CP,C[C@H](CO)N1C[C@H](C)[C@@H](CN(C)Cc2ccc3c(c2)OCO3)OCc2cnnn2CCCC1=O,10.0108,0.14612869971776288,0.14718235710077393,0.04144502854988107,0.10573732855089285,0.11921121815172186
correct_CP,C[C@H](CO)N1C[C@H](C)[C@@H](CN(C)Cc2ccc3c(c2)OCO3)Oc2c(NC(=O)NC3CCCCC3)cccc2C1=O,10.1083,0.1413856715429409,0.142339230401861,0.06102374583937173,0.08131548456248927,0.029901409081637992
correct_CP,C[C@H](CO)N1C[C@H](C)[C@@H](CN(C)Cc2ccc3c(c2)OCO3)Oc2ccc(NC(=O)C3CC3)cc2CC1=O,10.1075,0.25172729682649286,0.2572561129654835,0.01570441178265832,0.24155170118282518,-0.0626681252137897
correct_CP,C[C@H](CO)N1C[C@H](C)[C@@H](CN(C)Cc2ccc3c(c2)OCO3)Oc2ccc(NC(=O)c3ccncc3)cc2C1=O,10.097,0.027504116222817333,0.02751105477742757,-0.0024718939494374316,0.029982948726865,0.030463082006512168
correct_CP,C[C@H](CO)N1C[C@H](C)[C@@H](CN(C)Cc2ccc3cccnc3c2)OCc2cn(nn2)CCCC1=O,9.69064,-0.026277354874230816,-0.026283405546962603,0.0573800300565708,-0.0836634356035334,0.20031741423868324
correct_CP,C[C@H](CO)N1C[C@H](C)[C@@H](CN(C)Cc2ccc3cccnc3c2)OCc2cnnn2CCCC1=O,10.0185,0.27138577548216314,0.2783591694494977,0.06571599369803066,0.21264317575146702,0.06338722835185487
correct_CP,C[C@H](CO)N1C[C@H](C)[C@@H](CN(C)Cc2cccc(C(=O)O)c2)OCc2ccccc2-c2c(n(C)c3ccccc23)C1=O,10.1588,-0.637155377178996,-0.7533703911751604,-0.07697190014156488,-0.6763984910335955,-0.35083544655307564
correct_CP,C[C@H](CO)N1C[C@H](C)[C@@H](CN(C)Cc2cccc(C(=O)O)c2)OCc2ccccc2-c2ccccc2C1=O,9.87939,-0.22492723587089145,-0.22883990389033487,0.042401935667228205,-0.2712418395575631,0.3902794921938086
correct_CP,C[C@H](CO)N1C[C@H](C)[C@@H](CN(C)Cc2cccc(C(=O)O)c2)Oc2cc(C#CCC3CCCC3)ccc2S1(=O)=O,10.0075,0.19149631546470955,0.19388998396433302,0.03202359778187102,0.161866386182462,0.15280208751957616
correct_CP,C[C@H](CO)N1C[C@H](C)[C@@H](CN(C)Cc2cccc(C(F)(F)F)c2)OCc2cnnn2CCCC1=O,10.0509,0.037993861738324954,0.038012159393357045,-0.09059430585541531,0.12860646524877234,-0.05503688625206088
correct_CP,C[C@H](CO)N1C[C@H](C)[C@@H](CN(C)Cc2cccc(F)c2)Oc2ncc(-c3ccccc3F)cc2C1=O,10.0564,0.22629913840547772,0.2302853835066221,-0.04564574097099329,0.27593112447761536,0.09326562254545817
correct_CP,C[C@H](CO)N1C[C@H](C)[C@@H](CN(C)Cc2ccccc2)OCCCC[C@H](C)Oc2ccc(NC(=O)CCC(F)(F)F)cc2C1=O,9.95872,0.011042268093721823,0.011042716927342192,-0.07069679281798327,0.08173950974532547,0.34718322569502047
correct_CP,C[C@H](CO)N1C[C@H](C)[C@@H](CN(C)Cc2ccccc2)OCCCC[C@H](C)Oc2ccc(NC(=O)CCCN(C)C)cc2C1=O,10.0326,-0.025774046455443175,-0.02577975597697744,0.05215418530296506,-0.0779339412799425,-0.06438022184688429
correct_CP,C[C@H](CO)N1C[C@H](C)[C@@H](CN(C)Cc2ccccc2C(F)(F)F)OCc2cnnn2CCCC1=O,10.2485,0.14665263418603525,0.14771776550623208,0.08285737491050388,0.0648603905957282,-0.09079665360122982
correct_CP,C[C@H](CO)N1C[C@H](C)[C@@H](CN(C)Cc2cccnc2)OCc2ccccc2-c2ccccc2C1=O,9.77323,0.10778692061478594,0.10820727830558081,-0.009854744925812366,0.11806202323139318,0.22944301414954305
correct_CP,C[C@H](CO)N1C[C@H](C)[C@@H](CN(C)Cc2ccncc2)OCCCC[C@H](C)Oc2ccc(NC(=O)CCC(F)(F)F)cc2C1=O,10.01,0.03749929365757491,0.037516885634357885,0.08625050902845674,-0.048733623394098854,0.030382608869757882
correct_CP,C[C@H](CO)N1C[C@H](C)[C@@H](CN(C)Cc2ccncc2)OCCCC[C@H](C)Oc2ccc(NC(=O)NC3CCCCC3)cc2C1=O,10.0129,0.1793889155706343,0.18135121376462485,-0.02213669696526345,0.2034879107298883,0.26752589183467673
correct_CP,C[C@H](CO)N1C[C@H](C)[C@@H](CN(C)Cc2ccncc2)OCCCC[C@H](C)Oc2ccc(NS(C)(=O)=O)cc2C1=O,10.0131,-0.029492245287682364,-0.02950080046443247,-0.024351343921713432,-0.0051494565427190366,0.14165160346109879
correct_CP,C[C@H](CO)N1C[C@H](C)[C@@H](CN(C)S(=O)(=O)CC(F)(F)F)OCc2ccccc2-c2c(n(C)c3ccccc23)C1=O,10.031,0.26596507884115117,0.27251670723822324,0.014170814843392967,0.2583458923948303,0.027412552694594142
correct_CP,C[C@H](CO)N1C[C@H](C)[C@@H](CN(C)S(=O)(=O)c2ccc(C#N)cc2)OCc2ccccc2-c2c(n(C)c3ccccc23)C1=O,9.86742,0.3743230509408912,0.39344119009917733,-0.09090028560598165,0.48434147570515895,0.41192137016379626
correct_CP,C[C@H](CO)N1C[C@H](C)[C@@H](CN(C)S(=O)(=O)c2ccc(Cl)cc2)OCc2cnnn2CCCC1=O,10.0733,-0.08659494367717877,-0.08681237215595837,-0.008967700250829156,-0.07784467190512921,-0.058688923666072396
correct_CP,C[C@H](CO)N1C[C@H](C)[C@@H](CN(C)S(=O)(=O)c2ccc(F)cc2)OCc2cnnn2CCCC1=O,10.015,0.42281352689441054,0.4511130780036615,0.00951427774007493,0.4415988002635866,-0.2741811328549308
correct_CP,C[C@H](CO)N1C[C@H](C)[C@@H](CN(C)S(=O)(=O)c2ccc(F)cc2)Oc2ccc(NC(=O)CCCN(C)C)cc2CC1=O,9.95683,0.1618040481419742,0.16323869200476998,-0.044321861626769085,0.20756055363153908,0.13781385174780275
correct_CP,C[C@H](CO)N1C[C@H](C)[C@@H](CN(C)S(=O)(=O)c2ccc3ccccc3c2)OCc2cn(nn2)CCCC1=O,10.0,-0.10620113739555571,-0.10660313090068779,0.023739187447762253,-0.13034231834845006,0.1544729572183493
correct_CP,C[C@H](CO)N1C[C@H](C)[C@@H](CN(C)S(=O)(=O)c2cccc(C#N)c2)OCc2ccccc2-c2c(n(C)c3ccccc23)C1=O,10.0092,0.40171040475330283,0.42568678893921064,-0.0064909651481833445,0.432177754087394,-0.11527402622197744
correct_CP,C[C@H](CO)N1C[C@H](C)[C@@H](CN(C)S(=O)(=O)c2ccccc2)OCc2cnnn2CCCC1=O,10.0435,0.27552614461581876,0.28283418011561057,-0.07627970371947175,0.3591138838350823,0.5954877906523449
correct_CP,C[C@H](CO)N1C[C@H](C)[C@@H](CN(C)S(=O)(=O)c2ccccc2)Oc2ccc(NC(=O)C3CC3)cc2CC1=O,9.95792,0.23479647299554537,0.2392597947367641,0.06940124798605478,0.16985854675070933,0.13612302476911076
correct_CP,C[C@H](CO)N1C[C@H](C)[C@@H](CN(C)S(=O)(=O)c2ccsc2)OCc2ccccc2-c2ccccc2C1=O,10.0762,-0.09753972733111844,-0.09785083614164242,-0.03325748792745251,-0.06459334821418991,-0.03516716741948934
correct_CP,C[C@H](CO)N1C[C@H](C)[C@@H](CN(C)S(=O)(=O)c2cn(C)cn2)Oc2ccc(N(C)C)cc2CC1=O,10.0245,0.4700215325664813,0.5100979747164941,0.0420093285420313,0.4680886461744628,0.23763222626439304
correct_CP,C[C@H](CO)N1C[C@H](C)[C@@H](CN(C)S(C)(=O)=O)OCCCC[C@H](C)Oc2ccc(N(C)C)cc2C1=O,10.0221,0.25336571349778114,0.259006146835369,0.02127968679655899,0.23772646003880998,0.13080388467523407
correct_CP,C[C@H](CO)N1C[C@H](C)[C@@H](CN(C)S(C)(=O)=O)Oc2cc(-c3ccc(F)cc3)ccc2S1(=O)=O,10.0321,0.17811232274195712,0.18003248499666044,-0.06589466470040468,0.24592714969706514,0.09617102492988776
correct_CP,C[C@H](CO)N1C[C@H](C)[C@H](CN(C)C(=O)C2CC2)OCc2ccccc2-c2ccccc2C1=O,10.0757,-0.1986692787653517,-0.20134676940004714,0.03708699612041338,-0.23843376552046053,-0.30712123102629324
correct_CP,C[C@H](CO)N1C[C@H](C)[C@H](CN(C)C(=O)C2CC2)OCc2cn(nn2)CCCC1=O,10.121,-0.11728014864791056,-0.11782234550782254,-0.008043448357765222,-0.10977889715005731,-0.14217532592466697
correct_CP,C[C@H](CO)N1C[C@H](C)[C@H](CN(C)C(=O)C2CCC2)Oc2cc(-c3ccc(C(=O)N(C)C)cc3)ccc2S1(=O)=O,10.0786,0.23671862821430908,0.24129507490396468,-0.002018279722772894,0.24331335462673756,0.345558077924769
correct_CP,C[C@H](CO)N1C[C@H](C)[C@H](CN(C)C(=O)C2CCCCC2)Oc2cc(C#CCN(C)C)ccc2S1(=O)=O,10.0901,0.031146145964116415,0.031156223273022348,0.03815097475919582,-0.0069947514861734734,-0.08432448858647174
correct_CP,C[C@H](CO)N1C[C@H](C)[C@H](CN(C)C(=O)C2CCCCC2)Oc2ncc(Br)cc2C1=O,10.0116,-0.06150244134598424,-0.06158016317356513,0.1291030169394911,-0.19068318011305624,-0.20167960003687274
correct_CP,C[C@H](CO)N1C[C@H](C)[C@H](CN(C)C(=O)C2CCOCC2)Oc2ncc(C3=CCCC3)cc2C1=O,10.0807,0.1627547112936036,0.16421506769838054,0.041429286101272965,0.12278578159710757,0.08990753153544179
correct_CP,C[C@H](CO)N1C[C@H](C)[C@H](CN(C)C(=O)CCC(F)(F)F)OCc2ccccc2-c2c(n(C)c3ccccc23)C1=O,9.89643,0.38430481676303996,0.4051006732987408,0.054204749503467625,0.3508959237952731,-0.170973224603454
correct_CP,C[C@H](CO)N1C[C@H](C)[C@H](CN(C)C(=O)CCC(F)(F)F)OCc2cn(nn2)CCCC1=O,10.2147,0.377846226808061,0.3975447839024895,0.021663042345721896,0.37588174155676757,-0.13007535909621287
correct_CP,C[C@H](CO)N1C[C@H](C)[C@H](CN(C)C(=O)CN(C)C)Oc2ncc(C#CCC3CCCC3)cc2C1=O,10.0487,0.06115183401790784,0.061228232223254964,0.010023557591655186,0.05120467463159978,-0.12246336706319164
correct_CP,C[C@H](CO)N1C[C@H](C)[C@H](CN(C)C(=O)CN2CCOCC2)Oc2cc(/C=C/c3ccccc3)ccc2S1(=O)=O,10.0384,0.21420566378999384,0.2175751339438403,-0.04785079708463774,0.265425931028478,0.26555057170471946
correct_CP,C[C@H](CO)N1C[C@H](C)[C@H](CN(C)C(=O)Cc2ccccc2)OCc2ccccc2-c2c(n(C)c3ccccc23)C1=O,10.1263,-0.0663069547432309,-0.06640438721946179,0.049355826085829196,-0.11576021330529099,0.09167488989124381
correct_CP,C[C@H](CO)N1C[C@H](C)[C@H](CN(C)C(=O)NC2CCCCC2)Oc2cc(C#Cc3cccc(F)c3)ccc2S1(=O)=O,10.0134,0.2892363667463794,0.29773271323141964,0.03721920209400751,0.2605135111374121,0.34716836690057
correct_CP,C[C@H](CO)N1C[C@H](C)[C@H](CN(C)C(=O)NC2CCCCC2)Oc2ccc(NC(=O)Cc3cn(C)c4ccccc34)cc2C1=O,10.0413,-0.2756994916574872,-0.2830217775110849,0.02065853437714479,-0.3036803118882297,0.0014426336588720563
correct_CP,C[C@H](CO)N1C[C@H](C)[C@H](CN(C)C(=O)NC2CCCCC2)Oc2ncc(-c3cc4ccccc4o3)cc2C1=O,9.97957,0.3549662001105798,0.371114535041361,0.2305804036990738,0.1405341313422872,0.057421979461194705
correct_CP,C[C@H](CO)N1C[C@H](C)[C@H](CN(C)C(=O)N[C@H](C)c2ccccc2)OCc2ccccc2-c2ccccc2C1=O,9.86838,0.21732085142502877,0.2208424297166874,0.011136291187030363,0.20970613852965705,-0.0578144710888936
correct_CP,C[C@H](CO)N1C[C@H](C)[C@H](CN(C)C(=O)Nc2ccc(F)cc2)OCc2ccccc2-c2ccccc2C1=O,10.2032,0.4027910719985402,0.42697606925469733,0.0706696349590755,0.3563064342956218,0.12309218729860968
correct_CP,C[C@H](CO)N1C[C@H](C)[C@H](CN(C)C(=O)Nc2ccc3c(c2)OCO3)OCc2ccccc2-c2c(n(C)c3ccccc23)C1=O,10.0413,0.16578205865403847,0.1673263734924671,-0.009335703158299524,0.1766620766507666,-0.020937671719514196
correct_CP,C[C@H](CO)N1C[C@H](C)[C@H](CN(C)C(=O)Nc2ccc3c(c2)OCO3)OCc2ccccc2-c2ccccc2C1=O,10.0868,-0.17423438971181232,-0.17603033125690323,0.010439426694447182,-0.1864697579513504,0.11039716141507132
correct_CP,C[C@H](CO)N1C[C@H](C)[C@H](CN(C)C(=O)Nc2ccc3c(c2)OCO3)OCc2cnnn2CCCC1=O,10.0495,0.07820277620303576,0.07836278465083212,-0.05774262061146611,0.13610540526229822,0.11199757543743034
correct_CP,C[C@H](CO)N1C[C@H](C)[C@H](CN(C)C(=O)Nc2cccc(F)c2)OCc2cn(nn2)CCCC1=O,9.81445,0.26819594638287364,0.2749189315472569,0.1359089024140041,0.13901002913325278,0.021962099448972122
correct_CP,C[C@H](CO)N1C[C@H](C)[C@H](CN(C)C(=O)Nc2cccc(Oc3ccccn3)c2)OCc2cn(nn2)CCCC1=O,10.2425,0.027539872668924457,0.027546838328153234,-0.022716242273004277,0.050263080601157514,-0.07192855923560987
correct_CP,C[C@H](CO)N1C[C@H](C)[C@H](CN(C)C(=O)Nc2cccc3ccccc23)Oc2ncccc2C1=O,10.0023,0.08212275467935864,0.08230812131543003,0.06214229975590349,0.020165821559526537,-0.06590953205418373
correct_CP,C[C@H](CO)N1C[C@H](C)[C@H](CN(C)C(=O)Nc2ccnc(N3CCOCC3)c2)OCc2cn(nn2)CCCC1=O,10.0749,0.19647852640069208,0.19906702513922803,0.08855609900538879,0.11051092613383924,0.13578163279133887
correct_CP,C[C@H](CO)N1C[C@H](C)[C@H](CN(C)C(=O)OCc2ccccc2)OCc2cnnn2CCCC1=O,10.0219,-0.07104536348675519,-0.07116525928727341,-0.06607776275125349,-0.00508749653601992,0.18053462130407483
correct_CP,C[C@H](CO)N1C[C@H](C)[C@H](CN(C)C(=O)[C@@H](Cc2ccccc2)N(C)C)OCc2ccccc2-c2c(n(C)c3ccccc23)C1=O,10.4192,0.2867126485223802,0.2949807768105219,-0.058392115919264756,0.35337289272978667,0.028158185388551277
correct_CP,C[C@H](CO)N1C[C@H](C)[C@H](CN(C)C(=O)[C@H]2CCCN2C)OCc2ccccc2-c2ccccc2C1=O,9.84477,0.14535194368598292,0.14638874450248637,-0.07580077764322335,0.22218952214570972,0.04117954743988404
correct_CP,C[C@H](CO)N1C[C@H](C)[C@H](CN(C)C(=O)c2ccc(F)cc2)Oc2cc(C3=CCCC3)ccc2S1(=O)=O,10.0224,0.05550446681466529,0.05556157079060275,0.041579874486243174,0.013981696304359574,0.06981491819021464
correct_CP,C[C@H](CO)N1C[C@H](C)[C@H](CN(C)C(=O)c2ccc3c(c2)OCO3)Oc2cc(C#Cc3ccccc3F)ccc2S1(=O)=O,10.001,0.19215617367249735,0.19457505081682025,0.018511188620824473,0.1760638621959958,0.12568024350733648
correct_CP,C[C@H](CO)N1C[C@H](C)[C@H](CN(C)C(=O)c2ccc3c(c2)OCO3)Oc2ncc(C3=CCCC3)cc2C1=O,10.0142,0.2103814692266837,0.21357044816375392,-0.0390447248178159,0.2526151729815698,0.10053433087912722
correct_CP,C[C@H](CO)N1C[C@H](C)[C@H](CN(C)C(=O)c2cccc(F)c2)Oc2cc(C#CC3CC3)ccc2S1(=O)=O,9.94509,0.24822453068248446,0.2535198719107945,0.0021192123578157376,0.25140065955297874,0.203691928225488
correct_CP,C[C@H](CO)N1C[C@H](C)[C@H](CN(C)C(=O)c2ccccc2)OCCCC[C@H](C)Oc2ccc(NS(C)(=O)=O)cc2C1=O,10.0419,0.04249021641605722,0.04251581502564183,0.004607878542651194,0.03790793648299064,-0.13447640516654227
correct_CP,C[C@H](CO)N1C[C@H](C)[C@H](CN(C)C(=O)c2ccccc2)OCc2ccccc2-c2ccccc2C1=O,9.87273,-0.011397741886527571,-0.011398235479595007,0.03561713866007985,-0.04701537413967486,0.03491147922184871
correct_CP,C[C@H](CO)N1C[C@H](C)[C@H](CN(C)C(=O)c2ccncc2)Oc2cc(-c3cccc(C#N)c3)ccc2S1(=O)=O,10.0243,-0.1614413249853941,-0.16286623968406927,0.0419249414377344,-0.20479118112180367,-0.14753063164305782
correct_CP,C[C@H](CO)N1C[C@H](C)[C@H](CN(C)C)OCCCC[C@H](C)Oc2ccc(NC(=O)CCC(F)(F)F)cc2C1=O,10.0044,-0.0849518858004787,-0.08515713619464557,0.03431729320432864,-0.11947442939897421,0.3640629249294604
correct_CP,C[C@H](CO)N1C[C@H](C)[C@H](CN(C)C)OCCCC[C@H](C)Oc2ccc(NC(=O)Cc3ccccc3)cc2C1=O,10.0527,0.5651123943279233,0.6403126489596886,0.0008868365824667747,0.6394258123772218,0.4029918870244814
correct_CP,C[C@H](CO)N1C[C@H](C)[C@H](CN(C)C)Oc2ccc(N(C)C)cc2C1=O,10.073,-0.11574019577862511,-0.11626120036054222,-0.03242089062481579,-0.08384030973572643,0.06459874002012214
correct_CP,C[C@H](CO)N1C[C@H](C)[C@H](CN(C)CC2CC2)Oc2c(NC(=O)c3ccncc3)cccc2C1=O,10.1131,-0.2601410322127244,-0.26625967002291834,0.057957134570636386,-0.32421680459355473,-0.02302167851794834
correct_CP,C[C@H](CO)N1C[C@H](C)[C@H](CN(C)CC2CC2)Oc2cc(C#Cc3cccc(F)c3)ccc2S1(=O)=O,10.070014,0.3735610614654024,0.3925553281139248,0.04968910006633932,0.3428662280475855,0.30585486372490256
correct_CP,C[C@H](CO)N1C[C@H](C)[C@H](CN(C)CC2CCCC2)Oc2ncc(C#Cc3ccccn3)cc2C1=O,10.0347,-0.04065121339389268,-0.040673627952386916,0.02797858447168664,-0.06865221242407356,0.14000237430167223
correct_CP,C[C@H](CO)N1C[C@H](C)[C@H](CN(C)CC2CCCCC2)Oc2c(NC(=O)C3CCOCC3)cccc2C1=O,10.0303,-0.10118716530907408,-0.10153464899888971,-0.025323073990048475,-0.07621157500884124,0.057900177676204694
correct_CP,C[C@H](CO)N1C[C@H](C)[C@H](CN(C)CC2CCCCC2)Oc2ccc(NC(=O)C3CC3)cc2C1=O,10.1431,0.3805645701383147,0.40071966854419583,0.03488498488119547,0.36583468366300037,-0.008634594828509267
correct_CP,C[C@H](CO)N1C[C@H](C)[C@H](CN(C)Cc2ccc(C(=O)O)cc2)Oc2c(NC(=O)C3CC3)cccc2C1=O,10.1494,0.06435230708357473,0.0644413608045437,-0.03627689406247661,0.10071825486702031,0.07335704748331646
correct_CP,C[C@H](CO)N1C[C@H](C)[C@H](CN(C)Cc2ccc(C(F)(F)F)cc2)OCc2cn(nn2)CCCC1=O,9.78084,-0.3695461835731531,-0.3878974037410652,0.05426045732657371,-0.4421578610676389,-0.145947277442601
correct_CP,C[C@H](CO)N1C[C@H](C)[C@H](CN(C)Cc2ccc(C(F)(F)F)cc2)OCc2cnnn2CCCC1=O,9.90465,0.21069105488437653,0.21389439283997438,0.08037339363651066,0.13352099920346372,0.043529821354208145
correct_CP,C[C@H](CO)N1C[C@H](C)[C@H](CN(C)Cc2ccc(F)cc2)Oc2ncc(/C=C/c3ccccc3)cc2C1=O,10.0228,0.25062307443765125,0.25607753516026655,0.003971702657566488,0.2521058325027001,0.1624797806512278
correct_CP,C[C@H](CO)N1C[C@H](C)[C@H](CN(C)Cc2ccc(Oc3ccccc3)cc2)OCc2cnnn2CCCC1=O,9.8894,-0.06558585465850941,-0.06568013739224395,0.04171724543913244,-0.10739738283137638,-0.10136460286284474
correct_CP,C[C@H](CO)N1C[C@H](C)[C@H](CN(C)Cc2ccc3c(c2)OCCO3)OCc2cnnn2CCCC1=O,9.79128,0.12529379548916297,0.12595568419407244,0.050633402760586824,0.07532228143348561,-0.07044371560768162
correct_CP,C[C@H](CO)N1C[C@H](C)[C@H](CN(C)Cc2ccc3c(c2)OCO3)OCc2cn(nn2)CCCC1=O,9.73636,0.14359070923590192,0.14458996549682668,0.22128700577256458,-0.0766970402757379,-0.1649161819749257
correct_CP,C[C@H](CO)N1C[C@H](C)[C@H](CN(C)Cc2ccc3c(c2)OCO3)Oc2cc(-c3cccc(C(=O)N(C)C)c3)ccc2S1(=O)=O,10.0116,0.23841258906139776,0.2430903573919982,-0.01071610377570792,0.2538064611677061,0.06829755011525895
correct_CP,C[C@H](CO)N1C[C@H](C)[C@H](CN(C)Cc2ccc3c(c2)OCO3)Oc2ncc(-c3ccc(F)cc3)cc2C1=O,10.1717,0.20079311803452543,0.20355885539359372,0.08102851688777528,0.12253033850581845,-0.10159506964640488
correct_CP,C[C@H](CO)N1C[C@H](C)[C@H](CN(C)Cc2cccc(C(=O)O)c2)Oc2cc(C3=CCCCC3)ccc2S1(=O)=O,10.0294,-0.07450992578903334,-0.07464827322904595,0.0008746437560435451,-0.07552291698508949,-0.020607384579302387
correct_CP,C[C@H](CO)N1C[C@H](C)[C@H](CN(C)Cc2cccc(C(F)(F)F)c2)Oc2ncccc2C1=O,10.0137,0.0056020556591368275,0.0056021142633961435,0.045626000885075416,-0.04002388662167927,-0.017284579128086088
correct_CP,C[C@H](CO)N1C[C@H](C)[C@H](CN(C)Cc2cccc(O)c2)OCc2cnnn2CCCC1=O,10.5087,0.256626384094142,0.2624935850216683,0.05757837726963556,0.20491520775203276,0.30219638464480003
correct_CP,C[C@H](CO)N1C[C@H](C)[C@H](CN(C)Cc2cccc3c2OCCCO3)OCc2ccccc2-c2ccccc2C1=O,9.84538,-0.10102811919066369,-0.10137396019783049,-0.07143427442740022,-0.02993968577043027,0.26951877372081356
correct_CP,C[C@H](CO)N1C[C@H](C)[C@H](CN(C)Cc2ccccc2)OCCCC[C@H](C)Oc2ccc(N(C)C)cc2C1=O,10.0144,0.4690423673554312,0.508841893256261,0.009229542541824889,0.49961235071443605,0.1701817910442886
correct_CP,C[C@H](CO)N1C[C@H](C)[C@H](CN(C)Cc2ccccc2)OCCCC[C@H](C)Oc2ccc(NC(=O)CCC(F)(F)F)cc2C1=O,9.99828,0.12450373106117489,0.12515309964260576,0.02689647650133738,0.09825662314126839,-0.1184740513893308
correct_CP,C[C@H](CO)N1C[C@H](C)[C@H](CN(C)Cc2ccccc2)Oc2cc(/C=C/c3ccccc3)ccc2S1(=O)=O,10.1709,0.0172599857110609,0.017261699974954723,-0.11877315138258289,0.13603485135753762,0.10859560447406696
correct_CP,C[C@H](CO)N1C[C@H](C)[C@H](CN(C)Cc2ccccc2C(=O)O)Oc2cc(-c3ccc(F)cc3)ccc2S1(=O)=O,10.0896,0.36169970935295764,0.37884006853941427,0.04981530518194777,0.3290247633574665,-0.08971942999277611
correct_CP,C[C@H](CO)N1C[C@H](C)[C@H](CN(C)Cc2ccccc2F)Oc2ncc(C3=CCCC3)cc2C1=O,10.0515,0.03926151482098974,0.03928170693677936,0.059401132971001636,-0.020119426034222274,-0.12107679429735005
correct_CP,C[C@H](CO)N1C[C@H](C)[C@H](CN(C)Cc2ccccn2)Oc2ncc(-c3cccc(F)c3)cc2C1=O,9.9949,-0.0408844778183505,-0.0409072807128262,0.03966036611991634,-0.08056764683274253,0.043947310499938816
correct_CP,C[C@H](CO)N1C[C@H](C)[C@H](CN(C)Cc2cccnc2)OCc2cn(nn2)CCCC1=O,9.80361,-0.38339058147383803,-0.40402845881294264,0.027747775880995293,-0.43177623469393794,0.13489079880120414
correct_CP,C[C@H](CO)N1C[C@H](C)[C@H](CN(C)Cc2cccnc2)OCc2cnnn2CCCC1=O,10.1155,0.11223215461494772,0.11270697586080568,0.0621537809266581,0.050553194934147574,0.05868597685572767
correct_CP,C[C@H](CO)N1C[C@H](C)[C@H](CN(C)Cc2cccnc2)Oc2ncc(C#CC3CCCCC3)cc2C1=O,10.0191,0.17904266189108228,0.18099346995851917,5.902006239436042e-05,0.1809344498961248,0.1761109281607023
correct_CP,C[C@H](CO)N1C[C@H](C)[C@H](CN(C)Cc2ccncc2)OCCCC[C@H](C)Oc2ccc(NS(C)(=O)=O)cc2C1=O,10.0519,0.2784184348350779,0.2859667869461464,-0.03797557444235805,0.32394236138850446,0.23446526728363612
correct_CP,C[C@H](CO)N1C[C@H](C)[C@H](CN(C)S(=O)(=O)CC(F)(F)F)OCc2ccccc2-c2ccccc2C1=O,10.0147,-0.11347815939866124,-0.11396905501791345,0.07051220349857512,-0.18448125851648856,0.015953714050651976
correct_CP,C[C@H](CO)N1C[C@H](C)[C@H](CN(C)S(=O)(=O)c2ccc(C#N)cc2)OCc2ccccc2-c2ccccc2C1=O,10.1655,5.8353450715186766e-05,5.835345078142037e-05,-0.01407033881789152,0.01412869226867294,0.038187703970738666
correct_CP,C[C@H](CO)N1C[C@H](C)[C@H](CN(C)S(=O)(=O)c2ccc(F)cc2)OCc2ccccc2-c2ccccc2C1=O,9.90266,-0.34326575926164793,-0.35778981464045073,-0.012363104662635457,-0.34542670997781527,-0.2137359177170849
correct_CP,C[C@H](CO)N1C[C@H](C)[C@H](CN(C)S(=O)(=O)c2ccc(F)cc2)OCc2cn(nn2)CCCC1=O,10.0667,0.15824314864559708,0.1595842057950707,-0.017867367925523923,0.17745157372059464,0.09771405884011886
correct_CP,C[C@H](CO)N1C[C@H](C)[C@H](CN(C)S(=O)(=O)c2ccc(F)cc2)OCc2cnnn2CCCC1=O,10.0444,0.18846749101607152,0.190747743479647,-0.054455281726266264,0.24520302520591325,-0.03158339878146099
correct_CP,C[C@H](CO)N1C[C@H](C)[C@H](CN(C)S(=O)(=O)c2ccc(F)cc2)Oc2ccc(NC(=O)CCN3CCOCC3)cc2C1=O,9.98044,0.07735980402308044,0.0775146814552363,0.072982934195796,0.004531747259440291,-0.22845811122706572
correct_CP,C[C@H](CO)N1C[C@H](C)[C@H](CN(C)S(=O)(=O)c2ccc(Oc3ccccc3)cc2)OCc2cnnn2CCCC1=O,10.0207,0.28607711181329176,0.29428845438048556,0.05322336270664462,0.24106509167384094,0.48912325114155
correct_CP,C[C@H](CO)N1C[C@H](C)[C@H](CN(C)S(=O)(=O)c2ccc3ccccc3c2)OCc2cn(nn2)CCCC1=O,10.3357,0.26985549153670996,0.2767079577181638,-0.03183380867327101,0.3085417663914348,0.2706985019656611
correct_CP,C[C@H](CO)N1C[C@H](C)[C@H](CN(C)S(=O)(=O)c2cccc(F)c2)OCc2cn(nn2)CCCC1=O,9.92906,0.3902164466698267,0.4120553337184716,-0.03387124742280847,0.44592658114128003,-0.07888604024129856
correct_CP,C[C@H](CO)N1C[C@H](C)[C@H](CN(C)S(=O)(=O)c2cccc(F)c2)Oc2ncc(-c3cc4ccccc4o3)cc2C1=O,9.89733,0.015531056076521504,0.015532305025133072,0.0818590586909284,-0.06632675366579532,-0.08372660966655969
correct_CP,C[C@H](CO)N1C[C@H](C)[C@H](CN(C)S(=O)(=O)c2ccccc2F)OCc2ccccc2-c2c(n(C)c3ccccc23)C1=O,9.79256,0.10354048339838387,0.10391288826168005,0.06085591823221419,0.04305697002946586,-0.07482655423112494
correct_CP,C[C@H](CO)N1C[C@H](C)[C@H](CN(C)S(=O)(=O)c2ccccc2F)OCc2ccccc2-c2ccccc2C1=O,10.0185,-0.19445927928490508,-0.1969675606649926,-0.045307310086927816,-0.1516602505780648,0.0943973843171684
correct_CP,C[C@H](CO)N1C[C@H](C)[C@H](CN(C)S(=O)(=O)c2ccccc2F)Oc2ncc(C#Cc3cccnc3)cc2C1=O,10.051,-0.3289903307541429,-0.3416956180182124,-0.03189488030253183,-0.30980073771568056,0.07213925071830317
correct_CP,C[C@H](CO)N1C[C@H](C)[C@H](CN(C)S(=O)(=O)c2ccsc2)OCc2ccccc2-c2c(n(C)c3ccccc23)C1=O,10.2675,0.019147834696388668,0.019150175329293997,0.14062892843638597,-0.12147875310709197,-0.2908061769548007
correct_CP,C[C@H](CO)N1C[C@H](C)[C@H](CN(C)S(=O)(=O)c2cn(C)cn2)OCc2ccccc2-c2c(n(C)c3ccccc23)C1=O,10.3119,-0.06382532717629556,-0.06391220745278477,0.23116774195119677,-0.2950799494039815,-0.4265375234823118
correct_CP,C[C@H](CO)N1C[C@H](C)[C@H](CN(C)S(=O)(=O)c2cn(C)cn2)Oc2cc(C3=CCCCC3)ccc2S1(=O)=O,10.0678,0.2663063411922959,0.2728839830872385,0.03686448218745558,0.2360195008997829,-0.19916053665628197
correct_CP,C[C@H](CO)N1C[C@H](C)[C@H](CN(C)S(C)(=O)=O)OCCCC[C@H](C)Oc2ccc(NC(=O)CCCN(C)C)cc2C1=O,9.91048,0.12566515565803713,0.12633298500611945,0.03244723468278766,0.0938857503233318,0.4639855098519241
correct_CP,C[C@H](CO)N1C[C@H](C)[C@H](CN(C)S(C)(=O)=O)Oc2cc(C#CC3CC3)ccc2S1(=O)=O,10.0302,0.12759692982401338,0.12829624146626806,-0.05310962958783576,0.18140587105410383,-0.10811598207979799
correct_CP,C[C@H](NC(=O)C[C@@H]1C=C[C@@H](NC(=O)C2CCC2)[C@@H](CO)O1)c1ccccc1,10.0408,0.21674807257488193,0.22024133700100695,0.000722043938477912,0.21951929306252904,-0.1619008839225361
correct_CP,C[C@H](NC(=O)C[C@@H]1C=C[C@@H](NC(=O)CN2CCOCC2)[C@H](CO)O1)c1ccccc1,10.0407,-0.0634292581752993,-0.06351452847003738,0.055086864617541045,-0.11860139308757843,-0.09850375152407581
correct_CP,C[C@H](NC(=O)C[C@@H]1C=C[C@@H](NS(=O)(=O)c2cccc(F)c2)[C@@H](CO)O1)c1ccccc1,10.0402,0.2142490917569195,0.21762065083423893,0.0702286653865752,0.14739198544766374,-0.3304266587661285
correct_CP,C[C@H](NC(=O)C[C@@H]1C=C[C@H](NC(=O)Nc2ccc3c(c2)OCO3)[C@@H](CO)O1)c1ccccc1,10.0377,0.0497464069808137,0.049787503913919146,-0.06779601551515826,0.11758351942907741,0.13149921567244713
correct_CP,C[C@H](NC(=O)C[C@@H]1CC[C@@H](NC(=O)C2CCC2)[C@@H](CO)O1)c1ccccc1,10.1187,-0.23340192708139249,-0.23778439291493242,0.0876705652823288,-0.3254549581972612,-0.06030895806951802
correct_CP,C[C@H](NC(=O)C[C@@H]1CC[C@@H](NC(=O)Cc2ccccn2)[C@H](CO)O1)c1ccccc1,10.0067,0.17546836672736507,0.17730322462910308,0.017562182701766908,0.15974104192733618,0.09538724149634677
correct_CP,C[C@H](NC(=O)C[C@@H]1CC[C@H](NC(=O)Cc2ccccn2)[C@H](CO)O1)c1ccccc1,10.092,0.11350973690294205,0.11400104457573317,0.004493489316010086,0.10950755525972308,0.12865875106895613
correct_CP,C[C@H](NC(=O)C[C@@H]1CC[C@H](NS(=O)(=O)c2cccc(F)c2)[C@@H](CO)O1)c1ccccc1,10.0041,0.256274393713516,0.26211681572428813,0.08388122162688383,0.1782355940974043,0.14122270445442348
correct_CP,C[C@H](NC(=O)C[C@@H]1CC[C@H](NS(=O)(=O)c2cccc(F)c2)[C@H](CO)O1)c1ccccc1,10.0791,-0.0816294621551172,-0.08181149957913811,-0.008081201935028145,-0.07373029764410996,0.0751976142994549
correct_CP,C[C@H](NC(=O)C[C@@H]1CC[C@H]2[C@@H](COC[C@H](O)CN2C(=O)Nc2cccc(Cl)c2)O1)c1ccccc1,10.0602,-0.47414919190803195,-0.5154093728024027,-0.08042574577982554,-0.4349836270225772,0.027122067757128776
correct_CP,C[C@H](NC(=O)C[C@@H]1CC[C@H]2[C@@H](COc3ccc(NS(=O)(=O)c4ccc(Cl)cc4)cc3C(=O)N2C)O1)c1ccccc1,10.0597,0.29401510865721586,0.30295565701284677,0.0034402496215319763,0.29951540739131477,0.07497558426156167
correct_CP,C[C@H](NC(=O)C[C@@H]1C[C@H]2c3cc(NC(=O)CN(C)C)ccc3O[C@H]2[C@@H](CO)O1)c1ccccc1,9.88297,0.10962594567547823,0.11006829572358873,-0.05580799465615531,0.16587629037974405,0.200140002701313
correct_CP,C[C@H](NC(=O)C[C@@H]1C[C@H]2c3cc(NC(=O)NC4CCCCC4)ccc3O[C@H]2[C@@H](CO)O1)c1ccccc1,9.97043,0.4542809478548821,0.4900812883664315,-0.014106992606833645,0.5041882809732652,0.027873492985056453
correct_CP,C[C@H](NC(=O)C[C@@H]1C[C@H]2c3cc(NC(=O)NC4CCCCC4)ccc3O[C@H]2[C@H](CO)O1)c1ccccc1,10.0368,0.14628368132355163,0.14734072399730247,-0.0073201991132494995,0.15466092311055196,-0.05666235750237663
correct_CP,C[C@H](NC(=O)C[C@@H]1C[C@H]2c3cc(NS(=O)(=O)c4ccc(F)cc4)ccc3O[C@H]2[C@H](CO)O1)c1ccccc1,9.99168,0.4240466214149875,0.4526155568651011,-0.012754803070565954,0.46537035993566706,0.08968713461750737
correct_CP,C[C@H](NC(=O)C[C@H]1C=C[C@@H](NC(=O)C2CCC2)[C@H](CO)O1)c1ccccc1,10.0265,-0.08700289332591388,-0.08722341865637981,0.012666290723989983,-0.09988970938036978,-0.21268999313602224
correct_CP,C[C@H](NC(=O)C[C@H]1C=C[C@@H](NC(=O)c2cccnc2)[C@@H](CO)O1)c1ccccc1,10.0742,-0.10705784820935808,-0.10746969446659368,0.01534090315928572,-0.1228105976258794,-0.13788518374541595
correct_CP,C[C@H](NC(=O)C[C@H]1CC[C@@H](NC(=O)Cc2ccccn2)[C@H](CO)O1)c1ccccc1,10.07,-0.04238512700982403,-0.04241053601644983,-0.010326124661138102,-0.03208441135531173,-0.15515624542044068
correct_CP,C[C@H](NC(=O)C[C@H]1CC[C@@H]2[C@H](COC[C@H](O)CN2C(=O)Nc2cccc(Cl)c2)O1)c1ccccc1,10.0494,0.22772491882039245,0.23178863340500463,-0.044066888599607584,0.2758555220046122,-0.024760636972942604
correct_CP,C[C@H](NC(=O)C[C@H]1CC[C@H](NC(=O)C2CCC2)[C@H](CO)O1)c1ccccc1,10.0764,0.12186878209282356,0.12247754792464216,-0.01664873376646726,0.1391262816911094,0.3021243818912454
correct_CP,C[C@H](NC(=O)C[C@H]1CC[C@H](NC(=O)Cc2ccccn2)[C@H](CO)O1)c1ccccc1,9.9867,0.10160294697293497,0.10195474970653728,-0.02962678063177644,0.1315815303383137,-0.052205617393535145
correct_CP,C[C@H](NC(=O)C[C@H]1C[C@@H]2c3cc(NC(=O)Cc4ccncc4)ccc3O[C@@H]2[C@@H](CO)O1)c1ccccc1,10.0286,-0.0915749145016771,-0.09183219159930439,0.026951730128934058,-0.11878392172823846,0.13609737395883964
correct_CP,C[C@H](NC(=O)C[C@H]1C[C@@H]2c3cc(NC(=O)c4cccnc4)ccc3O[C@@H]2[C@@H](CO)O1)c1ccccc1,9.97888,-0.05901885909186864,-0.05908752799883494,-0.10834192769291094,0.049254399694076,0.1885408386279187
correct_CP,C[C@H](NC(=O)C[C@H]1C[C@H]2c3cc(N(C)C)ccc3O[C@H]2[C@@H](CO)O1)c1ccccc1,10.0292,0.10149643608299891,0.10184712899514452,0.10267171365973728,-0.000824584664592759,-0.005507406226727685
correct_CP,C[C@H](NC(=O)C[C@H]1C[C@H]2c3cc(NC(=O)NC4CCCCC4)ccc3O[C@H]2[C@@H](CO)O1)c1ccccc1,10.1535,0.024918170255328647,0.024923329534512977,0.07380135956332422,-0.04887803002881124,-0.2535257426214611
correct_CP,C[C@H](NC(=O)C[C@H]1C[C@H]2c3cc(NC(=O)Nc4ccc(C(F)(F)F)cc4)ccc3O[C@H]2[C@H](CO)O1)c1ccccc1,10.0819,0.17653410140303488,0.17840302739025413,0.015918535018528652,0.16248449237172546,0.25533483220846526
correct_CP,C[C@H](NC(=O)N(C)C[C@@H]1OCc2ccccc2-c2c(n(C)c3ccccc23)C(=O)N([C@H](C)CO)C[C@H]1C)c1ccccc1,10.1195,0.45083983708621506,0.4857538655226872,-0.018999351269845637,0.5047532167925328,0.05749272796954035
correct_CP,C[C@H](NC(=O)N(C)C[C@H]1OCc2ccccc2-c2ccccc2C(=O)N([C@@H](C)CO)C[C@@H]1C)c1ccccc1,10.3713,-0.47094144979400804,-0.5112794050808619,0.06150991286870147,-0.5727893179495633,0.097870661130593
correct_CP,C[C@H](NC(=O)N(C)C[C@H]1OCc2ccccc2-c2ccccc2C(=O)N([C@@H](C)CO)C[C@H]1C)c1ccccc1,9.75333,0.3980749922211717,0.4213593490531592,0.056019141541848144,0.365340207511311,-0.06898649098559798
correct_CP,C[C@H](NC(=O)[C@H]1[C@H](CO)[C@H]2Cn3c(cccc3=O)[C@@H]1N2CCC(F)(F)F)c1ccccc1,10.0574,0.3848857977177018,0.4057825066824275,-0.010015570143688944,0.4157980768261164,0.31176400525734466
correct_CP,C[C@H](NC(=O)[C@H]1[C@H](CO)[C@H]2Cn3c(cccc3=O)[C@H]2N1S(C)(=O)=O)c1ccccc1,10.016,-0.13613775912818848,-0.13698827305543282,0.010968117080767028,-0.14795639013619985,-0.03846106193106909
correct_CP,C[C@H](O)C#Cc1ccc2c(c1)O[C@H](CN(C)Cc1ccc(-c3ccccc3)cc1)[C@@H](C)CN([C@@H](C)CO)S2(=O)=O,10.0685,0.10755582656121537,0.10797347372526818,0.03450032968390279,0.07347314404136539,0.08054505860694101
correct_CP,C[C@H](O)C#Cc1ccc2c(c1)O[C@H](CN(C)Cc1ccc(-c3ccccc3)cc1)[C@@H](C)CN([C@H](C)CO)S2(=O)=O,10.0132,0.32759148918006437,0.34012780515678454,0.04057841615316303,0.2995493890036215,0.349866628658889
correct_CP,C[C@H](O)C#Cc1cnc2c(c1)C(=O)N([C@@H](C)CO)C[C@H](C)[C@@H](CN(C)Cc1ccc(-c3ccccc3)cc1)O2,10.0575,-0.02595118844402507,-0.025957016531173986,0.0069273263837506555,-0.03288434291492464,0.011790989352316742
correct_CP,C[C@H](O)C#Cc1cnc2c(c1)C(=O)N([C@@H](C)CO)C[C@H](C)[C@H](CN(C)Cc1ccc(-c3ccccc3)cc1)O2,10.0434,0.22457652632919123,0.22847053632973088,0.030999659333557496,0.19747087699617338,0.2085234100864006
correct_CP,C[C@H](O)C#Cc1cnc2c(c1)C(=O)N([C@H](C)CO)C[C@@H](C)[C@H](CN(C)Cc1ccc(-c3ccccc3)cc1)O2,10.0611,-0.08615679688793815,-0.08637093186571343,0.039130311385472516,-0.12550124325118595,-0.23112945664898904
correct_CP,C[C@H](O)C#Cc1cnc2c(c1)C(=O)N([C@H](C)CO)C[C@H](C)[C@@H](CN(C)C(=O)Cc1ccncc1)O2,10.0434,-0.15844140691369868,-0.15978756268414593,0.015129568043604357,-0.17491713072775028,-0.2653466453416568
correct_CP,C[C@H](O)C#Cc1cnc2c(c1)C(=O)N([C@H](C)CO)C[C@H](C)[C@H](CN(C)C(=O)Cc1ccncc1)O2,10.2654,0.017754072294982628,0.01775593805096853,-0.049816434990651706,0.06757237304162024,0.06047067270321517
correct_CP,C[C@H](O)C#Cc1cnc2c(c1)C(=O)N([C@H](C)CO)C[C@H](C)[C@H](CN(C)CC1CCOCC1)O2,10.0432,0.013000284879884789,0.013001017335639582,0.014590329972437015,-0.0015893126367974332,-0.11793474134294109
correct_CP,C[C@H](O)C#Cc1cnc2c(c1)C(=O)N([C@H](C)CO)C[C@H](C)[C@H](CN(C)Cc1ccc(-c3ccccc3)cc1)O2,10.074,0.07621999051345388,0.07636810682529985,0.006532033728272395,0.06983607309702745,0.07422279575422279
correct_CP,C[C@H]1CCCCO[C@@H](CN(C)C(=O)CCC(F)(F)F)[C@@H](C)CN([C@@H](C)CO)C(=O)c2cc(N(C)C)ccc2O1,10.0044,0.06562056741342494,0.06571500018901578,0.027899064248486635,0.03781593594052915,0.22657237107945116
correct_CP,C[C@H]1CCCCO[C@@H](CN(C)C(=O)Nc2ccc(F)cc2)[C@@H](C)CN([C@@H](C)CO)C(=O)c2cc(N(C)C)ccc2O1,10.0377,0.09946689153472782,0.09979688327572195,0.022924200984987732,0.07687268229073421,-0.11843437575251241
correct_CP,C[C@H]1CCCCO[C@@H](CN(C)C)[C@@H](C)CN([C@@H](C)CO)C(=O)c2cc(N(C)C)ccc2O1,10.1063,-0.19369972921021417,-0.1961782808592307,-0.025949477642134018,-0.17022880321709669,0.2227148651585597
correct_CP,C[C@H]1CCCCO[C@@H](CN(C)C)[C@@H](C)CN([C@@H](C)CO)C(=O)c2cc(NC(=O)CCC(F)(F)F)ccc2O1,10.0186,0.11925647628571222,0.11982670966570474,0.0055340462696240635,0.11429266339608068,0.09946337917730982
correct_CP,C[C@H]1CCCCO[C@@H](CN(C)C)[C@@H](C)CN([C@@H](C)CO)C(=O)c2cc(NC(=O)Nc3ccc4c(c3)OCO4)ccc2O1,10.1076,-0.3116812635866144,-0.3224064951634768,-0.025605266466584314,-0.2968012286968925,-0.23148184049302054
correct_CP,C[C@H]1CCCCO[C@@H](CN(C)C)[C@@H](C)CN([C@@H](C)CO)C(=O)c2cc(NC(=O)Nc3cccc4ccccc34)ccc2O1,10.1267,-0.08098888643630657,-0.08116666069055031,-0.07999957932272737,-0.0011670813678229391,0.03246694601116708
correct_CP,C[C@H]1CCCCO[C@@H](CN(C)C)[C@@H](C)CN([C@@H](C)CO)C(=O)c2cc(NC(=O)c3ccccc3)ccc2O1,10.0046,-0.006059308013440264,-0.0060593821713365685,0.045203588889188184,-0.051262971060524756,-0.09088747166489636
correct_CP,C[C@H]1CCCCO[C@@H](CN(C)CC2CCCCC2)[C@@H](C)CN([C@@H](C)CO)C(=O)c2cc(NS(C)(=O)=O)ccc2O1,10.0521,-0.12702024404255538,-0.1277100550652887,0.01174230440481774,-0.13945235947010645,0.46533524267919074
correct_CP,C[C@H]1CCCCO[C@@H](CN(C)Cc2ccncc2)[C@@H](C)CN([C@@H](C)CO)C(=O)c2cc(NC(=O)NC3CCCCC3)ccc2O1,10.0823,0.03331892715309886,0.033331265051361844,0.08011042772632163,-0.04677916267495978,-0.1645559914016096
correct_CP,C[C@H]1CCCCO[C@@H](CN(C)Cc2ccncc2)[C@@H](C)CN([C@@H](C)CO)C(=O)c2cc(NS(C)(=O)=O)ccc2O1,9.85088,-0.3681896565163612,-0.3863272333455636,0.03293576367598278,-0.4192629970215464,-0.12077749244770586
correct_CP,C[C@H]1CCCCO[C@@H](CN(C)S(=O)(=O)c2ccc(Cl)cc2)[C@@H](C)CN([C@@H](C)CO)C(=O)c2cc(N(C)C)ccc2O1,10.0838,0.031450594654467715,0.03146097049245109,0.09435293844391987,-0.06289196795146879,0.06149870866790663
correct_CP,C[C@H]1CCCCO[C@H](CN(C)C(=O)C2CCCCC2)[C@@H](C)CN([C@@H](C)CO)C(=O)c2cc(N(C)C)ccc2O1,9.97134,0.4067749840944092,0.43174066890910073,-0.04880626340506045,0.4805469323141612,-0.03731399789890672
correct_CP,C[C@H]1CCCCO[C@H](CN(C)C(=O)CCCN(C)C)[C@@H](C)CN([C@@H](C)CO)C(=O)c2cc(NC(=O)c3ccccc3)ccc2O1,10.0762,0.20899093055905102,0.2121159577439888,0.014957377346804513,0.19715858039718429,-0.08284984198568707
correct_CP,C[C@H]1CCCCO[C@H](CN(C)C)[C@@H](C)CN([C@@H](C)CO)C(=O)c2cc(NC(=O)CCC(F)(F)F)ccc2O1,10.05,0.060618114025727754,0.06069252636724185,-0.022584151187920416,0.08327667755516227,0.1579318877939101
correct_CP,C[C@H]1CCCCO[C@H](CN(C)C)[C@@H](C)CN([C@@H](C)CO)C(=O)c2cc(NC(=O)Nc3cccc4ccccc34)ccc2O1,10.0693,0.004024351074387861,0.0040243727999262095,-0.03849759691674357,0.04252196971666978,0.04302429561205897
correct_CP,C[C@H]1CCCCO[C@H](CN(C)C)[C@@H](C)CN([C@@H](C)CO)C(=O)c2cc(NC(=O)Nc3ccccc3)ccc2O1,9.99047,-0.02369495756065845,-0.023699393574431828,0.017431185495543323,-0.04113057906997515,-0.10784042070177824
correct_CP,C[C@H]1CCCCO[C@H](CN(C)C)[C@@H](C)CN([C@@H](C)CO)C(=O)c2cc(NC(=O)c3ccccc3)ccc2O1,10.0572,0.23184286989929348,0.23613614329367213,0.06864011079119839,0.16749603250247375,0.10842565405555618
correct_CP,C[C@H]1CCCCO[C@H](CN(C)C)[C@@H](C)CN([C@@H](C)CO)C(=O)c2cc(NC(=O)c3ccncc3)ccc2O1,10.0753,-0.03188807349685512,-0.03189888855033102,-0.009397351202758124,-0.022501537347572893,-0.2671000294917408
correct_CP,C[C@H]1CCCCO[C@H](CN(C)C)[C@@H](C)CN([C@@H](C)CO)C(=O)c2cc(NS(=O)(=O)c3ccc(F)cc3)ccc2O1,10.0465,0.020635575391249286,0.020638505201367265,0.07647037256912778,-0.05583186736776052,-0.08831801360449919
correct_CP,C[C@H]1CCCCO[C@H](CN(C)Cc2ccccc2)[C@@H](C)CN([C@@H](C)CO)C(=O)c2cc(N(C)C)ccc2O1,10.0466,0.3546102331220997,0.37070730854126704,0.03316054525609868,0.33754676328516836,-0.0646620228804676
correct_CP,C[C@H]1CCCCO[C@H](CN(C)Cc2ccncc2)[C@@H](C)CN([C@@H](C)CO)C(=O)c2cc(NC(=O)Cc3ccccc3)ccc2O1,10.0073,-0.322495326916721,-0.33442958996696004,0.03766810603404046,-0.3720976960010005,0.24577497611004084
correct_CP,C[C@H]1CCCCO[C@H](CN(C)Cc2ccncc2)[C@@H](C)CN([C@@H](C)CO)C(=O)c2cc(NC(=O)c3ccccc3)ccc2O1,10.0129,0.47669109218353484,0.518693589796745,0.03149303519320033,0.4872005546035446,0.026196808380506087
correct_CP,C[C@H]1CCCCO[C@H](CN(C)S(C)(=O)=O)[C@@H](C)CN([C@@H](C)CO)C(=O)c2cc(NC(=O)c3ccccc3)ccc2O1,10.2368,0.3631216753492675,0.38047703687071366,0.14490241450823627,0.2355746223624774,-0.4355104877570156
correct_CP,C[C@H]1CN([C@@H](C)CO)C(=O)CCCn2cc(nn2)CO[C@@H]1CN(C)C(=O)Cc1ccccc1,10.0042,-0.27865286995213756,-0.28622093977760055,0.01715987647513772,-0.3033808162527383,-0.08737840863159588
correct_CP,C[C@H]1CN([C@@H](C)CO)C(=O)CCCn2cc(nn2)CO[C@@H]1CN(C)C(=O)Nc1cccc(F)c1,10.0012,-0.05890615910676289,-0.05897443483646645,0.05493059416823794,-0.1139050290047044,-0.10663936223258555
correct_CP,C[C@H]1CN([C@@H](C)CO)C(=O)CCCn2cc(nn2)CO[C@@H]1CN(C)C(=O)Nc1ccccc1,10.0103,-0.01069323006861926,-0.01069363766965147,-0.02915684399780972,0.018463206328158246,0.12192074686217044
correct_CP,C[C@H]1CN([C@@H](C)CO)C(=O)CCCn2cc(nn2)CO[C@@H]1CN(C)C(=O)c1cc(-c2ccccc2)on1,10.0208,0.15963084407104042,0.16100786447004506,-0.0166273265321449,0.17763519100218997,0.2546169213589069
correct_CP,C[C@H]1CN([C@@H](C)CO)C(=O)CCCn2cc(nn2)CO[C@@H]1CN(C)CC1CCCCC1,10.1488,-0.030886752018260393,-0.030896579543215875,-0.050075107051187465,0.01917852750797159,0.004691499093242478
correct_CP,C[C@H]1CN([C@@H](C)CO)C(=O)CCCn2cc(nn2)CO[C@@H]1CN(C)Cc1ccc(-c2ccccc2)cc1,9.73866,0.47617744191051753,0.5180291093292451,0.001058587646912306,0.5169705216823327,0.5213074368309619
correct_CP,C[C@H]1CN([C@@H](C)CO)C(=O)CCCn2cc(nn2)CO[C@@H]1CN(C)Cc1cccc(O)c1,10.1239,0.10446551385341431,0.104848033904858,0.004086856614998375,0.10076117728985963,0.07030109939671579
correct_CP,C[C@H]1CN([C@@H](C)CO)C(=O)CCCn2cc(nn2)CO[C@@H]1CN(C)S(=O)(=O)c1ccc(F)cc1,10.0327,0.30430848779017394,0.31426097620195154,-0.15319584734181774,0.4674568235437693,0.0922822802806803
correct_CP,C[C@H]1CN([C@@H](C)CO)C(=O)CCCn2cc(nn2)CO[C@@H]1CN(C)S(=O)(=O)c1ccc(Oc2ccccc2)cc1,10.0248,0.3576978908179623,0.37424352452724957,0.0814578081885814,0.2927857163386682,0.22009942326416165
correct_CP,C[C@H]1CN([C@@H](C)CO)C(=O)CCCn2cc(nn2)CO[C@@H]1CN(C)S(=O)(=O)c1cccc(F)c1,10.0459,0.1096151766692937,0.11005739573587674,0.013466338110346426,0.09659105762553032,0.33669850724378
correct_CP,C[C@H]1CN([C@@H](C)CO)C(=O)CCCn2cc(nn2)CO[C@H]1CN(C)C(=O)CCC(F)(F)F,10.0686,-0.03761407165663815,-0.037631825757098294,0.009149121496079205,-0.046780947253177496,-0.14503667690567923
correct_CP,C[C@H]1CN([C@@H](C)CO)C(=O)CCCn2cc(nn2)CO[C@H]1CN(C)C(=O)Nc1ccc(N2CCCCC2)cc1,10.198,-0.012487478289111205,-0.012488127436956634,-0.03778677970365482,0.02529865226669819,0.2702848985124874
correct_CP,C[C@H]1CN([C@@H](C)CO)C(=O)CCCn2cc(nn2)CO[C@H]1CN(C)C(=O)Nc1ccccc1,10.2028,0.018186726723258457,0.018188732250511017,0.10445641507741861,-0.0862676828269076,-0.04942981704971426
correct_CP,C[C@H]1CN([C@@H](C)CO)C(=O)CCCn2cc(nn2)CO[C@H]1CN(C)C(=O)Nc1ccccc1C(F)(F)F,9.69457,0.23655621469084695,0.24112302717715578,-0.04468958886343427,0.28581261604059005,0.7299950788992011
correct_CP,C[C@H]1CN([C@@H](C)CO)C(=O)CCCn2cc(nn2)CO[C@H]1CN(C)C(=O)c1cc(-c2ccccc2)on1,10.2003,-0.12018821920204749,-0.12077200194509385,-0.030732459885682503,-0.09003954205941135,0.08248030741857038
correct_CP,C[C@H]1CN([C@@H](C)CO)C(=O)CCCn2cc(nn2)CO[C@H]1CN(C)Cc1ccc(O)cc1,10.1937,0.10859240316493636,0.10902230074189764,-0.110363532407727,0.21938583314962465,0.249857813161937
correct_CP,C[C@H]1CN([C@@H](C)CO)C(=O)CCCn2cc(nn2)CO[C@H]1CN(C)Cc1ccc2c(c1)OCCO2,10.0565,0.010604106672146896,0.010604504165903252,0.06640902586615323,-0.05580452170024998,0.013211981215228943
correct_CP,C[C@H]1CN([C@@H](C)CO)C(=O)CCCn2cc(nn2)CO[C@H]1CN(C)Cc1cccc(O)c1,9.96438,0.43134007309626154,0.46154190552295626,0.05933126795004557,0.4022106375729107,0.44230908469017133
correct_CP,C[C@H]1CN([C@@H](C)CO)C(=O)CCCn2nncc2CO[C@H]1CN(C)C(=O)Nc1ccc(N2CCN(C)CC2)cc1,10.0109,-0.14560449889500177,-0.14664676033764973,-0.01983522570029659,-0.12681153463735315,-0.11337904021857514
correct_CP,C[C@H]1CN([C@@H](C)CO)C(=O)CCCn2nncc2CO[C@H]1CN(C)C(=O)Oc1cccc2ccccc12,10.0515,-0.16221543094304144,-0.1636611634872192,0.026089782058979924,-0.18975094554619915,0.08974433439972128
correct_CP,C[C@H]1CN([C@@H](C)CO)C(=O)CCCn2nncc2CO[C@H]1CN(C)CC1CCCCC1,10.201,0.05025711457563623,0.05029949157929609,0.036365218502537974,0.013934273076758118,0.026478035888865353
correct_CP,C[C@H]1CN([C@@H](C)CO)C(=O)CCCn2nncc2CO[C@H]1CN(C)Cc1ccc2cccnc2c1,10.2668,-0.045676963420716095,-0.04570876982337683,0.01952616798308032,-0.06523493780645714,-0.31205706575233916
correct_CP,C[C@H]1CN([C@@H](C)CO)C(=O)CCCn2nncc2CO[C@H]1CN(C)Cc1ccncc1,10.2545,0.4208937144685253,0.44877765043445184,0.02415488858748579,0.42462276184696607,0.2918351210371106
correct_CP,C[C@H]1CN([C@@H](C)CO)C(=O)CCCn2nncc2CO[C@H]1CN(C)S(=O)(=O)c1ccc2ccccc2c1,10.0691,0.3015076840085169,0.3111772252361065,0.09200569182044774,0.2191715334156588,0.0033727891150742706
correct_CP,C[C@H]1CN([C@@H](C)CO)C(=O)CCCn2nncc2CO[C@H]1CN(C)S(=O)(=O)c1cccc(F)c1,10.0749,0.1596617531894609,0.16103958197052104,-0.05416512561250114,0.21520470758302218,-0.11988522018943401
correct_CP,C[C@H]1CN([C@@H](C)CO)C(=O)Cc2cc(N(C)C)ccc2O[C@H]1CN(C)CC1CC1,9.93932,0.3721402594079646,0.39090511721638815,-0.017468578818017298,0.40837369603440543,0.08414966089552067
correct_CP,C[C@H]1CN([C@@H](C)CO)C(=O)Cc2cc(NC(=O)C3CC3)ccc2O[C@@H]1CN(C)Cc1ccc2c(c1)OCO2,9.71361,-0.32388283908298826,-0.33597893323561445,0.01773878407679366,-0.3537177173124081,-0.17326047571121783
correct_CP,C[C@H]1CN([C@@H](C)CO)C(=O)Cc2cc(NC(=O)C3CC3)ccc2O[C@H]1CN(C)S(=O)(=O)c1ccccc1,10.2175,0.16773920140355533,0.16933950021602445,0.020621979813748442,0.148717520402276,0.06301540859167844
correct_CP,C[C@H]1CN([C@@H](C)CO)C(=O)Cc2cc(NC(=O)C3CCCCC3)ccc2O[C@@H]1CN(C)CC1CC1,10.3294,0.2380265778716219,0.24268112271311887,0.019211927736934593,0.22346919497618428,0.021930022573409175
correct_CP,C[C@H]1CN([C@@H](C)CO)C(=O)Cc2cc(NC(=O)CCC(F)(F)F)ccc2O[C@H]1CN(C)C(=O)Nc1cccc2ccccc12,10.132,0.020439708588764264,0.020442555747806214,0.04782007096907504,-0.027377515221268828,0.017767339337393613
correct_CP,C[C@H]1CN([C@@H](C)CO)C(=O)Cc2cc(NC(=O)CCCN(C)C)ccc2O[C@@H]1CN(C)CC1CCCCC1,10.0468,0.1776172888223358,0.17952127859622552,0.047422736529698487,0.13209854206652705,0.044751402788281394
correct_CP,C[C@H]1CN([C@@H](C)CO)C(=O)Cc2cc(NC(=O)Nc3ccccc3)ccc2O[C@H]1CN(C)C,10.0051,0.3205260521993732,0.332233283988598,-0.023638572110798495,0.35587185609939653,-0.11708013522656989
correct_CP,C[C@H]1CN([C@@H](C)CO)C(=O)Cc2cc(NC(=O)Nc3ccccc3)ccc2O[C@H]1CN(C)S(=O)(=O)c1ccc(F)cc1,9.90172,-0.135374924838102,-0.13621111588575602,-0.0008999230154965957,-0.13531119287025942,0.006210804151732421
correct_CP,C[C@H]1CN([C@@H](C)CO)C(=O)Cc2cc(NC(=O)c3ccncc3)ccc2O[C@@H]1CN(C)C(=O)NC1CCCCC1,9.95964,0.49123457572623846,0.5376862879470852,0.051204939163032565,0.4864813487840526,0.2343407562360396
correct_CP,C[C@H]1CN([C@@H](C)CO)C(=O)Cc2cc(NC(=O)c3ccncc3)ccc2O[C@@H]1CN(C)C(=O)Nc1cccc2ccccc12,10.2114,0.5705395468877623,0.6483224195649497,-0.07025187983575798,0.7185742994007077,0.40098008159229975
correct_CP,C[C@H]1CN([C@@H](C)CO)C(=O)Cc2cc(NC(=O)c3ccncc3)ccc2O[C@H]1CN(C)C(=O)NC1CCCCC1,9.91618,0.2977687677943299,0.3070694980013318,-0.0017945229594261893,0.308864020960758,-0.13659621206964537
correct_CP,C[C@H]1CN([C@@H](C)CO)C(=O)Cc2cc(NS(=O)(=O)c3ccc(F)cc3)ccc2O[C@H]1CN(C)Cc1ccc2c(c1)OCO2,9.75792,-0.11375174490632214,-0.114246218249431,0.007783984841004637,-0.12203020309043563,-0.10829838414784813
correct_CP,C[C@H]1CN([C@@H](C)CO)C(=O)Cc2cc(NS(=O)(=O)c3cn(C)cn3)ccc2O[C@H]1CN(C)Cc1ccc(Cl)c(Cl)c1,9.82651,-0.33755218693411204,-0.3513273571252781,-0.14372436638981362,-0.20760299073546445,0.10829822234540201
correct_CP,C[C@H]1CN([C@@H](C)CO)C(=O)Cc2cc(NS(C)(=O)=O)ccc2O[C@@H]1CN(C)CC1CC1,9.89864,-0.15929180421637265,-0.1606599785997408,-0.0017960063020615409,-0.15886397229767926,-0.22517492602110845
correct_CP,C[C@H]1CN([C@@H](C)CO)C(=O)Cc2cc(NS(C)(=O)=O)ccc2O[C@@H]1CN(C)Cc1ccncc1,10.203,0.052085179843316974,0.05213235669497049,-0.04201952918917914,0.09415188588414963,0.048617536355715404
correct_CP,C[C@H]1CN([C@@H](C)CO)C(=O)Cc2cc(NS(C)(=O)=O)ccc2O[C@H]1CN(C)Cc1ccncc1,10.1146,0.6082550723983178,0.7061470655846755,0.040302891027425396,0.6658441745572502,0.3884238581479036
correct_CP,C[C@H]1CN([C@@H](C)CO)C(=O)c2c(c3ccccc3n2C)-c2ccccc2CO[C@@H]1CN(C)C(=O)CCC(F)(F)F,10.1254,-0.04941907570245597,-0.0494593659223351,0.042418100614902865,-0.09187746653723797,-0.007544916570494747
correct_CP,C[C@H]1CN([C@@H](C)CO)C(=O)c2c(c3ccccc3n2C)-c2ccccc2CO[C@@H]1CN(C)C(=O)CCN(C)C,9.92959,0.2582307519793434,0.26421181989007414,-0.06670646942584403,0.33091828931591816,0.3928010516281991
correct_CP,C[C@H]1CN([C@@H](C)CO)C(=O)c2c(c3ccccc3n2C)-c2ccccc2CO[C@@H]1CN(C)C(=O)Cc1ccccc1,10.2643,0.2576070594527856,0.26354368131307626,0.061201943029968196,0.20234173828310806,0.34391955737968705
correct_CP,C[C@H]1CN([C@@H](C)CO)C(=O)c2c(c3ccccc3n2C)-c2ccccc2CO[C@@H]1CN(C)C(=O)NC1CCCCC1,10.1054,-0.1449548024779651,-0.1459830556262019,0.20877063769773446,-0.35475369332393636,-0.17839645407180824
correct_CP,C[C@H]1CN([C@@H](C)CO)C(=O)c2c(c3ccccc3n2C)-c2ccccc2CO[C@@H]1CN(C)C(=O)Nc1ccc2c(c1)OCO2,10.025,-0.12955077544157964,-0.13028293017745704,-0.00848869714960487,-0.12179423302785217,0.05159750088890244
correct_CP,C[C@H]1CN([C@@H](C)CO)C(=O)c2c(c3ccccc3n2C)-c2ccccc2CO[C@@H]1CN(C)C(=O)Nc1cccc(F)c1,10.0341,-0.0016638821678618173,-0.0016638837033524409,0.01182706394378442,-0.01349094764713686,0.12110005749869494
correct_CP,C[C@H]1CN([C@@H](C)CO)C(=O)c2c(c3ccccc3n2C)-c2ccccc2CO[C@@H]1CN(C)C(=O)[C@H](Cc1ccccc1)N(C)C,10.3092,0.3390010748597895,0.35296346734267253,0.12994908554088172,0.2230143818017908,-0.05178394920951408
correct_CP,C[C@H]1CN([C@@H](C)CO)C(=O)c2c(c3ccccc3n2C)-c2ccccc2CO[C@@H]1CN(C)C(=O)c1ccccc1,10.0292,0.37642627982546883,0.39588938636228266,-0.005729120268666487,0.40161850663094917,0.16556101924862102
correct_CP,C[C@H]1CN([C@@H](C)CO)C(=O)c2c(c3ccccc3n2C)-c2ccccc2CO[C@@H]1CN(C)Cc1ccncc1,10.2164,0.35686754838144435,0.37329167788359163,0.0504396365120109,0.32285204137158074,-0.131223766154999
correct_CP,C[C@H]1CN([C@@H](C)CO)C(=O)c2c(c3ccccc3n2C)-c2ccccc2CO[C@@H]1CN(C)S(=O)(=O)c1ccc(F)cc1,10.1819,0.20953355225491796,0.21268342943058965,-0.01069106161426226,0.2233744910448519,0.40197350585551983
correct_CP,C[C@H]1CN([C@@H](C)CO)C(=O)c2c(c3ccccc3n2C)-c2ccccc2CO[C@H]1CN(C)C,10.0318,0.233753856327227,0.23815663096404494,0.07277977578547018,0.16537685517857476,0.14956600981333867
correct_CP,C[C@H]1CN([C@@H](C)CO)C(=O)c2c(c3ccccc3n2C)-c2ccccc2CO[C@H]1CN(C)C(=O)CCC(F)(F)F,9.86928,0.6088467824085514,0.7070867865152307,-0.03682551906360501,0.7439123055788357,0.5410239747416917
correct_CP,C[C@H]1CN([C@@H](C)CO)C(=O)c2c(c3ccccc3n2C)-c2ccccc2CO[C@H]1CN(C)C(=O)CCN(C)C,9.80261,0.30182670877475787,0.31152818877568483,-0.1173083450795009,0.4288365338551857,0.1486869406794689
correct_CP,C[C@H]1CN([C@@H](C)CO)C(=O)c2c(c3ccccc3n2C)-c2ccccc2CO[C@H]1CN(C)C(=O)Nc1ccccc1,10.2479,0.10058049233850234,0.10092173807910344,-0.00448419625027258,0.10540593432937602,-0.030237007639105997
correct_CP,C[C@H]1CN([C@@H](C)CO)C(=O)c2c(c3ccccc3n2C)-c2ccccc2CO[C@H]1CN(C)C(=O)[C@H]1CCCN1C,10.0834,-0.004812529006104543,-0.004812566160043287,-0.013259463190565712,0.008446897030522425,0.16373972663939554
correct_CP,C[C@H]1CN([C@@H](C)CO)C(=O)c2c(c3ccccc3n2C)-c2ccccc2CO[C@H]1CN(C)Cc1cccc(C(=O)O)c1,10.0071,0.11429780487046368,0.11479947143189038,0.10292930526588871,0.011870166166001672,-0.15366980307120764
correct_CP,C[C@H]1CN([C@@H](C)CO)C(=O)c2c(c3ccccc3n2C)-c2ccccc2CO[C@H]1CN(C)S(=O)(=O)c1ccccc1C#N,10.0402,-0.021076339837109423,-0.02107946145754826,0.009080819449269521,-0.03016028090681778,0.1819629038013602
correct_CP,C[C@H]1CN([C@@H](C)CO)C(=O)c2c(c3ccccc3n2C)-c2ccccc2CO[C@H]1CN(C)S(=O)(=O)c1cccs1,9.90054,-0.12151680322449149,-0.12212027819648365,-0.031015847018721555,-0.0911044311777621,0.10964164562363397
correct_CP,C[C@H]1CN([C@@H](C)CO)C(=O)c2cc(-c3ccc(C#N)cc3)cnc2O[C@@H]1CN(C)C(=O)Nc1ccc(C(F)(F)F)cc1,10.0934,0.5630589565137375,0.6373008878725223,0.21816566345939709,0.4191352244131252,-0.19276863071821795
correct_CP,C[C@H]1CN([C@@H](C)CO)C(=O)c2cc(-c3ccc(C#N)cc3)cnc2O[C@@H]1CN(C)CC1CCCCC1,9.93682,0.18930696308779224,0.19161827475982782,-0.023314425262248105,0.21493270002207593,0.014594547387674227
correct_CP,C[C@H]1CN([C@@H](C)CO)C(=O)c2cc(-c3ccc(C#N)cc3)cnc2O[C@H]1CN(C)C(=O)Nc1ccc(C(F)(F)F)cc1,10.1931,0.5525829996365966,0.6220921139190594,0.010975314571045246,0.6111167993480141,0.19366227359514046
correct_CP,C[C@H]1CN([C@@H](C)CO)C(=O)c2cc(-c3cccc(F)c3)cnc2O[C@H]1CN(C)Cc1ccccn1,10.0432,-0.09046224400487561,-0.09071022619312562,-0.018229484657013115,-0.0724807415361125,0.007420550635319012
correct_CP,C[C@H]1CN([C@@H](C)CO)C(=O)c2cc(-c3cncnc3)cnc2O[C@@H]1CN(C)C(=O)CN1CCOCC1,10.0784,0.0031613982587652433,0.0031614087909623665,0.6543249906019876,-0.6511635818110252,-0.5831672745104255
correct_CP,C[C@H]1CN([C@@H](C)CO)C(=O)c2cc(-c3cncnc3)cnc2O[C@H]1CN(C)C(=O)CN1CCOCC1,10.0083,0.5390654712855002,0.6028373308056681,0.024875375712244692,0.5779619550934234,0.3291891230710751
correct_CP,C[C@H]1CN([C@@H](C)CO)C(=O)c2cc(-c3cncnc3)cnc2O[C@H]1CN(C)C(=O)Cc1ccccc1,10.0512,-0.46125933757187815,-0.49890979677212055,0.04734833579213889,-0.5462581325642595,-0.3764873161039325
correct_CP,C[C@H]1CN([C@@H](C)CO)C(=O)c2cc(/C=C/c3ccccc3)cnc2O[C@@H]1CN(C)C(=O)NC1CCCCC1,10.0482,0.13029615785130894,0.13104111079478714,0.03531261728859102,0.09572849350619612,0.1571185802991102
correct_CP,C[C@H]1CN([C@@H](C)CO)C(=O)c2cc(/C=C/c3ccccc3)cnc2O[C@@H]1CN(C)C(=O)c1ccc2c(c1)OCO2,10.0538,0.21638004143124742,0.21985519583502983,-0.0324785303588784,0.2523337261939082,-0.23131178612108064
correct_CP,C[C@H]1CN([C@@H](C)CO)C(=O)c2cc(/C=C/c3ccccc3)cnc2O[C@H]1CN(C)C(=O)Cc1cccnc1,10.0033,0.8767045149547412,1.3613444041134444,0.9880033923560296,0.37334101175741474,0.306500735362238
correct_CP,C[C@H]1CN([C@@H](C)CO)C(=O)c2cc(C#CC3(O)CCCC3)cnc2O[C@@H]1CN(C)Cc1ccccn1,10.0285,-0.05538042509959088,-0.055437146612263066,0.01658881291678227,-0.07202595952904534,-0.15752731246090093
correct_CP,C[C@H]1CN([C@@H](C)CO)C(=O)c2cc(C#CC3CCCCC3)cnc2O[C@@H]1CN(C)Cc1cccnc1,10.0252,0.0028960745581003418,0.002896082654839454,0.00813447531434065,-0.0052383926595011955,-0.1554263641499523
correct_CP,C[C@H]1CN([C@@H](C)CO)C(=O)c2cc(C#CC3CCCCC3)cnc2O[C@H]1CN(C)S(=O)(=O)c1cccc(F)c1,10.0503,0.2202646958856254,0.22393428482205385,0.0025098377438715343,0.22142444707818232,0.4520612073041204
correct_CP,C[C@H]1CN([C@@H](C)CO)C(=O)c2cc(C#CCc3ccccc3)cnc2O[C@@H]1CN(C)Cc1ccc(C(=O)O)cc1,10.0549,0.10569714344890195,0.10609341527250936,-0.029678713088213605,0.13577212836072297,0.06245043300432058
correct_CP,C[C@H]1CN([C@@H](C)CO)C(=O)c2cc(C#CCc3ccccc3)cnc2O[C@H]1CN(C)Cc1ccc(C(=O)O)cc1,10.0228,0.28585780907259317,0.2940496204210143,0.016929259250493923,0.27712036117052036,0.4540589902222151
correct_CP,C[C@H]1CN([C@@H](C)CO)C(=O)c2cc(C#Cc3ccccc3F)cnc2O[C@H]1CN(C)C(=O)C1CCCCC1,10.0299,-0.017806425377638664,-0.017808307689630022,-0.02099806903032559,0.0031897613406955683,0.11760861064783018
correct_CP,C[C@H]1CN([C@@H](C)CO)C(=O)c2cc(C#Cc3ccccn3)cnc2O[C@@H]1CN(C)CC1CCCC1,10.0392,-0.10771155853092118,-0.10813103099816852,-0.00606957187514931,-0.10206145912301921,-0.11980893175315285
correct_CP,C[C@H]1CN([C@@H](C)CO)C(=O)c2cc(C3=CCCC3)cnc2O[C@@H]1CN(C)C(=O)c1ccccn1,10.0919,0.15603211311458023,0.15731719159961652,-0.06356999490047749,0.220887186500094,-0.11531215873251369
correct_CP,C[C@H]1CN([C@@H](C)CO)C(=O)c2cc(C3=CCCCC3)cnc2O[C@@H]1CN(C)Cc1ccc(C(=O)O)cc1,10.0364,0.20116626759482925,0.2039477119798445,-0.017366981204104237,0.22131469318394872,0.11644500125082738
correct_CP,C[C@H]1CN([C@@H](C)CO)C(=O)c2cc(C3=CCCCC3)cnc2O[C@@H]1CN(C)S(=O)(=O)c1cn(C)cn1,9.99953,0.4289878828123763,0.45865563399074544,-0.07929123163043028,0.5379468656211757,0.07313969701834427
correct_CP,C[C@H]1CN([C@@H](C)CO)C(=O)c2cc(N(C)C)ccc2O[C@@H]1CN(C)C(=O)Nc1ccc(F)cc1,10.1025,0.012642924047141875,0.012643597741617732,0.009345978774597863,0.003297618967019869,0.09187970318211801
correct_CP,C[C@H]1CN([C@@H](C)CO)C(=O)c2cc(N(C)C)ccc2O[C@@H]1CN(C)Cc1ccc(C(F)(F)F)cc1,9.98566,0.11945399472352,0.12002708255064679,-0.0545162896996862,0.17454337225033298,0.10920335522485308
correct_CP,C[C@H]1CN([C@@H](C)CO)C(=O)c2cc(N(C)C)ccc2O[C@@H]1CN(C)Cc1ccc(Oc2ccccc2)cc1,10.2027,0.002517497453757632,0.002517502772237464,0.0767565989410082,-0.07423909616877074,-0.10945722687652111
correct_CP,C[C@H]1CN([C@@H](C)CO)C(=O)c2cc(N(C)C)ccc2O[C@@H]1CN(C)Cc1ccncc1,10.0199,0.31831285341635557,0.3297686167321826,0.018562113987351428,0.3112065027448312,0.1533951260559449
correct_CP,C[C@H]1CN([C@@H](C)CO)C(=O)c2cc(N(C)C)ccc2O[C@H]1CN(C)C(=O)Nc1cccc2ccccc12,10.2,-0.08770971433270223,-0.08793567501016002,-0.012706720106050794,-0.07522895490410922,-0.05621535460147835
correct_CP,C[C@H]1CN([C@@H](C)CO)C(=O)c2cc(N(C)C)ccc2O[C@H]1CN(C)CC1CCCCC1,9.98472,0.3931798701503912,0.4155558345201754,0.038463083561978584,0.37709275095819683,0.06856623207089263
correct_CP,C[C@H]1CN([C@@H](C)CO)C(=O)c2cc(N(C)C)ccc2O[C@H]1CN(C)S(=O)(=O)c1ccccc1,10.0777,0.06301553592207708,0.06309914589695537,-0.05975863476631699,0.12285778066327235,-0.11420344229005266
correct_CP,C[C@H]1CN([C@@H](C)CO)C(=O)c2cc(NC(=O)C3CC3)ccc2O[C@@H]1CN(C)CC1CCCCC1,10.1621,0.29715091236337693,0.30639166640337256,0.0019937066865963254,0.30439795971677625,-0.08219115614961346
correct_CP,C[C@H]1CN([C@@H](C)CO)C(=O)c2cc(NC(=O)C3CC3)ccc2O[C@@H]1CN(C)S(=O)(=O)c1ccc(F)cc1,10.0086,0.1472334724791396,0.14831142220790103,-0.027309418886948378,0.1756208410948494,0.10190238902815683
correct_CP,C[C@H]1CN([C@@H](C)CO)C(=O)c2cc(NC(=O)C3CC3)ccc2O[C@H]1CN(C)CC1CCCCC1,10.1122,0.22293652971796768,0.226744101884522,0.0351967155663455,0.19154738631817647,0.1652292304287432
correct_CP,C[C@H]1CN([C@@H](C)CO)C(=O)c2cc(NC(=O)C3CC3)ccc2O[C@H]1CN(C)S(=O)(=O)c1ccc(F)cc1,10.0137,-0.1823433394943429,-0.18440555553710314,0.045427764717089245,-0.2298333202541924,0.237756364841625
correct_CP,C[C@H]1CN([C@@H](C)CO)C(=O)c2cc(NC(=O)CCC(F)(F)F)ccc2O[C@H]1CN(C)Cc1ccc2c(c1)OCO2,10.2689,0.21350642888907462,0.2168423872716695,-0.12511440876758206,0.34195679603925155,0.3646168648912591
correct_CP,C[C@H]1CN([C@@H](C)CO)C(=O)c2cc(NC(=O)Cc3ccccc3)ccc2O[C@@H]1CN(C)C(=O)Nc1ccc2c(c1)OCO2,10.1196,0.04535635988598021,0.04538750069124464,0.009746364933416164,0.03564113575782848,-0.014897957387696835
correct_CP,C[C@H]1CN([C@@H](C)CO)C(=O)c2cc(NC(=O)Cc3ccccc3)ccc2O[C@@H]1CN(C)CC1CCCCC1,9.84049,0.0011459464438645021,0.0011459469454812765,0.08511504595191806,-0.08396909900643679,-0.05861050097808551
correct_CP,C[C@H]1CN([C@@H](C)CO)C(=O)c2cc(NC(=O)NC3CCCCC3)ccc2O[C@@H]1CN(C)Cc1ccc2c(c1)OCO2,9.87761,-0.24473477488731063,-0.2498043874423049,0.07569410956463707,-0.325498497006942,-0.06928635567655941
correct_CP,C[C@H]1CN([C@@H](C)CO)C(=O)c2cc(NC(=O)c3ccncc3)ccc2O[C@H]1CN(C)Cc1ccc(Oc2ccccc2)cc1,10.0903,0.5520379021939231,0.6213077481185811,0.04700800659487367,0.5742997415237074,-0.07914951617805148
correct_CP,C[C@H]1CN([C@@H](C)CO)C(=O)c2cc(NC(=O)c3ccncc3)ccc2O[C@H]1CN(C)Cc1ccc2c(c1)OCO2,10.1575,0.3271006261304299,0.33957803077413423,-0.007153431502193134,0.34673146227632734,-0.008529250429879067
correct_CP,C[C@H]1CN([C@@H](C)CO)C(=O)c2cc(NS(=O)(=O)c3ccccc3)ccc2O[C@@H]1CN(C)Cc1ccc2c(c1)OCO2,10.1866,0.01988752715927677,0.019890149711717126,0.05799041049778636,-0.038100260786069234,0.02103488201433501
correct_CP,C[C@H]1CN([C@@H](C)CO)C(=O)c2cc(NS(=O)(=O)c3cccs3)ccc2O[C@H]1CN(C)Cc1ccc(Cl)c(Cl)c1,9.93614,-0.23976061525231768,-0.24452011206522936,0.005958578683959506,-0.2504786907491889,-0.05680482415743613
correct_CP,C[C@H]1CN([C@@H](C)CO)C(=O)c2cc(NS(=O)(=O)c3cn(C)cn3)ccc2O[C@@H]1CN(C)CC1CC1,10.2553,0.1641707969505817,0.16567003033148714,-0.019380004832731963,0.1850500351642191,-0.07310816046670637
correct_CP,C[C@H]1CN([C@@H](C)CO)C(=O)c2cccc(N(C)C)c2O[C@@H]1CN(C)Cc1ccc2c(c1)OCO2,9.96725,0.354474591927976,0.3705521658619834,0.07866253450836001,0.2918896313536234,0.2222283324647718
correct_CP,C[C@H]1CN([C@@H](C)CO)C(=O)c2cccc(N(C)C)c2O[C@H]1CN(C)Cc1ccncc1,10.0434,-0.006572665618556012,-0.006572760267248163,0.03580796029339671,-0.042380720560644874,0.15453698733054166
correct_CP,C[C@H]1CN([C@@H](C)CO)C(=O)c2cccc(NC(=O)C3CC3)c2O[C@H]1CN(C)Cc1ccc(C(=O)O)cc1,10.0908,0.19392600748584993,0.1964133906663223,0.012122392174352348,0.18429099849196995,0.06262284468975086
correct_CP,C[C@H]1CN([C@@H](C)CO)C(=O)c2cccc(NC(=O)C3CCCCC3)c2O[C@H]1CN(C)S(=O)(=O)c1ccc(Cl)cc1,9.76679,-0.12680501366435307,-0.1274913012590192,-0.010371917578199608,-0.11711938368081959,0.14368101812014367
correct_CP,C[C@H]1CN([C@@H](C)CO)C(=O)c2cccc(NC(=O)Nc3ccc(F)cc3)c2O[C@H]1CN(C)Cc1ccncc1,9.93205,-0.07437490691329,-0.07451250195302946,-0.05821544831696132,-0.016297053636068135,0.09970847678365424
correct_CP,C[C@H]1CN([C@@H](C)CO)C(=O)c2cccc(NC(=O)Nc3cccc4ccccc34)c2O[C@H]1CN(C)C(=O)Nc1ccc(F)cc1,10.0363,-0.15059479068673462,-0.15174897307507393,0.04954670027750044,-0.20129567335257437,0.08348645168812835
correct_CP,C[C@H]1CN([C@@H](C)CO)C(=O)c2cccc(NC(=O)c3ccc(-c4nccs4)cc3)c2O[C@@H]1CN(C)CC1CCCCC1,10.1003,0.07529974684909933,0.07544255081197447,-0.014916846470478397,0.09035939728245287,0.13798674610752476
correct_CP,C[C@H]1CN([C@@H](C)CO)C(=O)c2cccc(NC(=O)c3ccncc3)c2O[C@@H]1CN(C)CC1CC1,9.78244,0.47735112388964157,0.5195480542108992,0.062224703375491616,0.4573233508354076,-0.26234948094562627
correct_CP,C[C@H]1CN([C@@H](C)CO)C(=O)c2ccccc2-c2ccccc2CO[C@@H]1CN(C)C(=O)c1ccc(F)cc1,10.0727,-0.08558154393170864,-0.08579140574884436,0.11882533996244136,-0.20461674571128574,-0.09525337326709321
correct_CP,C[C@H]1CN([C@@H](C)CO)C(=O)c2ccccc2-c2ccccc2CO[C@@H]1CN(C)CC1CC1,9.98901,0.1643076494967992,0.16581067674786387,0.0769255046476771,0.08888517210018677,-0.05868599292254274
correct_CP,C[C@H]1CN([C@@H](C)CO)C(=O)c2ccccc2-c2ccccc2CO[C@@H]1CN(C)Cc1ccc(F)cc1,10.0513,0.35804724390016696,0.37464419224176077,0.021185090580946,0.3534591016608148,0.016661748068287397
correct_CP,C[C@H]1CN([C@@H](C)CO)C(=O)c2ccccc2-c2ccccc2CO[C@@H]1CN(C)S(=O)(=O)c1ccc(F)cc1,10.2481,0.046483791041517744,0.046517314352809765,-0.09044870477996837,0.13696601913277814,0.3081988867563775
correct_CP,C[C@H]1CN([C@@H](C)CO)C(=O)c2ccccc2-c2ccccc2CO[C@@H]1CN(C)S(=O)(=O)c1cccs1,9.87761,0.10537373274533929,0.10576636193462163,0.025596246521863004,0.08017011541275863,0.06337407570539437
correct_CP,C[C@H]1CN([C@@H](C)CO)C(=O)c2ccccc2-c2ccccc2CO[C@H]1CN(C)C(=O)Nc1cccc(C(F)(F)F)c1,9.94774,0.3479221660566838,0.363077808737874,0.0625081736583599,0.30056963507951406,0.1025021498759077
correct_CP,C[C@H]1CN([C@@H](C)CO)C(=O)c2ccccc2-c2ccccc2CO[C@H]1CN(C)C(=O)Nc1cccc(F)c1,9.73429,0.19236500271902596,0.1947918953339989,-0.1007847229343319,0.2955766182683308,0.12076249364469033
correct_CP,C[C@H]1CN([C@@H](C)CO)C(=O)c2ccccc2-c2ccccc2CO[C@H]1CN(C)C(=O)[C@H](Cc1ccccc1)N(C)C,10.2631,-0.05641093458564079,-0.056470885930630696,-0.022136622561969216,-0.03433426336866148,0.20527410154473624
correct_CP,C[C@H]1CN([C@@H](C)CO)C(=O)c2ccccc2-c2ccccc2CO[C@H]1CN(C)Cc1ccc2c(c1)OCCN2C,9.92904,0.20816538583963978,0.21125286421373038,0.1730651371328019,0.03818772708092849,-0.09945678358965503
correct_CP,C[C@H]1CN([C@@H](C)CO)C(=O)c2ccccc2-c2ccccc2CO[C@H]1CN(C)S(=O)(=O)c1ccc(F)cc1,9.98643,0.21567966735619556,0.21912053595717013,-0.0937049999153467,0.3128255358725168,0.24514345802459944
correct_CP,C[C@H]1CN([C@@H](C)CO)S(=O)(=O)c2ccc(-c3ccc(C(=O)N(C)C)cc3)cc2O[C@@H]1CN(C)C(=O)C1CCC1,10.0824,-0.1156850391787459,-0.11620529522386065,0.03905979373447707,-0.15526508895833774,0.07003019699310352
correct_CP,C[C@H]1CN([C@@H](C)CO)S(=O)(=O)c2ccc(-c3ccc(F)cc3)cc2O[C@@H]1CN(C)S(C)(=O)=O,10.0674,-0.012507275312681542,-0.012507927552997395,0.006457720429052177,-0.018965647982049572,0.40543185287466565
correct_CP,C[C@H]1CN([C@@H](C)CO)S(=O)(=O)c2ccc(-c3cccc(C#N)c3)cc2O[C@H]1CN(C)CC1CC1,10.069,0.1201470629393441,0.12073024266747615,-0.13198478348024834,0.25271502614772445,0.17365725568596738
correct_CP,C[C@H]1CN([C@@H](C)CO)S(=O)(=O)c2ccc(-c3ccccc3)cc2O[C@@H]1CN(C)C,10.0184,-0.03611344277442967,-0.03612915455648138,0.021746620708458685,-0.05787577526494006,0.11621273771787312
correct_CP,C[C@H]1CN([C@@H](C)CO)S(=O)(=O)c2ccc(-c3cccnc3)cc2O[C@@H]1CN(C)C(=O)NC1CCCC1,10.0214,0.2031045029878724,0.20596851554835613,-0.051181736481517144,0.2571502520298733,0.19667496850965197
correct_CP,C[C@H]1CN([C@@H](C)CO)S(=O)(=O)c2ccc(-c3ccncc3)cc2O[C@@H]1CN(C)C(=O)CN(C)C,10.0288,0.16326553559828022,0.16473983632528036,-0.008206932074867805,0.17294676840014817,-0.1441320287196879
correct_CP,C[C@H]1CN([C@@H](C)CO)S(=O)(=O)c2ccc(/C=C/c3ccccc3)cc2O[C@@H]1CN(C)C(=O)CN1CCOCC1,10.0681,0.05509190610166719,0.055147744637044,0.01602463211620337,0.03912311252084063,0.12634744563786213
correct_CP,C[C@H]1CN([C@@H](C)CO)S(=O)(=O)c2ccc(Br)cc2O[C@H]1CN(C)CC1CC1,9.98096,0.11814358697842534,0.11869791587215331,-0.004754855590760269,0.12345277146291359,-0.08034730536075427
correct_CP,C[C@H]1CN([C@@H](C)CO)S(=O)(=O)c2ccc(C#CC3(O)CCCC3)cc2O[C@@H]1CN(C)C(=O)c1cccnc1,10.0548,-0.05641015235787064,-0.056470101205748725,0.0023550120909405035,-0.05882511329668923,0.09008748099918606
correct_CP,C[C@H]1CN([C@@H](C)CO)S(=O)(=O)c2ccc(C#CC3CCCC3)cc2O[C@@H]1CN(C)Cc1cncnc1,10.0078,0.27726141219456,0.28471297616688584,-0.015276009271973714,0.29998898543885955,0.2800452841072464
correct_CP,C[C@H]1CN([C@@H](C)CO)S(=O)(=O)c2ccc(C#CCN(C)C)cc2O[C@@H]1CN(C)C(=O)C1CCCCC1,9.9793,-0.11420712297555986,-0.11470759015311555,0.0014187763186950426,-0.11612636647181059,-0.011078811787543049
correct_CP,C[C@H]1CN([C@@H](C)CO)S(=O)(=O)c2ccc(C3=CCCC3)cc2O[C@@H]1CN(C)C(=O)c1cnccn1,10.096,-0.04254816411152124,-0.04257386767343254,0.09668907461152881,-0.13926294228496136,-0.0900716675210598
correct_CP,C[C@H]1CN([C@@H](C)CO)S(=O)(=O)c2ccc(C3=CCCC3)cc2O[C@H]1CN(C)Cc1ccccn1,10.0062,0.7941162605617211,1.0824781039621072,0.6413694743596212,0.441108629602486,0.25517337959239883
correct_CP,C[C@H]1CN([C@@H](C)CO)S(=O)(=O)c2ccc(C3=CCCCC3)cc2O[C@@H]1CN(C)C(=O)C1CCOCC1,10.0498,-0.09212644062042741,-0.09238841029780848,-0.00458993139579671,-0.08779847890201177,0.12564708373823494
correct_CP,C[C@H]1CN([C@@H](C)CO)S(=O)(=O)c2ccc(C3=CCCCC3)cc2O[C@H]1CN(C)C(=O)Cc1ccncc1,10.058,0.0645864617017113,0.06467649270283976,-0.026145286973378305,0.09082177967621807,0.07032058226200888
correct_CP,C[C@H]1OC(n2cc(F)c(=O)[nH]c2=O)C(O)[C@@H]1O,10.0,-0.09729752531111882,-0.09760631350552565,0.008015531048124806,-0.10562184455365045,-0.12360015776760835
correct_CP,C[C@]12CCC3c4ccc(OC(=O)c5ccccc5)cc4CCC3C1CCC2=O,10.0,0.16179303370681986,0.16322738147385246,0.03633888994741278,0.1268884915264397,0.020578298475287644
correct_CP,C[N+]1(C)CCCC(OC(=O)C(O)(c2ccccc2)c2ccccc2)C1,10.0,-0.19694185164908518,-0.19954900038066206,0.04530521351952287,-0.24485421390018494,0.04087021562797239
correct_CP,Cc1[nH]c2ccc(Cl)cc2c1C1=CCNCC1,10.0,0.01514572922836708,0.015146887496453616,0.033507369927437324,-0.018360482430983708,0.08745402676175645
correct_CP,Cc1[nH]c2nc(S)nc-2cc1Br,10.0,0.2956920046659421,0.30479222204506384,0.06012817573251311,0.24466404631255073,0.018955867245091768
correct_CP,Cc1c(-c2cc(C(=O)O)c3ccccc3n2)cnn1C,10.0,0.1240384410844095,0.124680511332389,-0.014729953469029333,0.13941046480141833,-0.16968619662731224
correct_CP,Cc1c(-c2ccccc2)n[nH]c1C(=O)NN,10.0,0.4725696247371215,0.5133736655725052,0.03672310138558665,0.47665056418691854,0.17540886802242983
correct_CP,Cc1c(C(=O)Nc2ccc3c(c2)OCO3)sc2nc(-c3ccccc3)cn12,10.0,-0.2677750429273267,-0.2744654615817101,-0.007446827425125719,-0.2670186341565844,0.29374351380490715
correct_CP,Cc1c(C2CCN(CCc3ccccc3)CC2)noc1-c1ccc(Cl)cc1,10.0,0.1786850593237256,0.18062404876005275,-0.0007159309956200066,0.18133997975567276,0.16773429996234757
correct_CP,Cc1c(Cl)cnc(NC(=O)COC(=O)c2ccc3ncsc3c2)c1Cl,10.0,0.6302679686706435,0.7418605873233718,-0.05711692553582375,0.7989775128591955,0.14089491200152537
correct_CP,Cc1c(NC(=O)c2ccc(Br)o2)cccc1C(=O)O,10.0,0.45498298745658783,0.49096623860775285,-0.1312044485439844,0.6221706871517372,0.2514299857069264
correct_CP,Cc1c[nH]c(=O)n(CCCN2CCN(c3ccccc3OCC(F)(F)F)CC2)c1=O,10.0,0.197926174883929,0.2005732491217415,-0.06846440228917547,0.26903765141091696,0.4569751722100074
correct_CP,Cc1cc(-c2ccccc2)nc(NN=Cc2ccco2)n1,10.0,0.1100558779205947,0.11050347846680614,0.02694310823787657,0.08356037022892956,-0.2050544238228553
correct_CP,Cc1cc(-c2nnc(S)n2-c2ccccc2C)cs1,10.0,0.250224227665787,0.2556520023665624,0.16028015958888103,0.09537184277768135,0.14488872334464142
correct_CP,Cc1cc(-c2nnnn2-c2cc(Cl)cc(Cl)c2)no1,10.0,0.2912656745218377,0.2999487101598614,-0.04692273846103674,0.34687144862089814,0.050027869806044
correct_CP,Cc1cc(/C=C2/NC(=O)N(c3ccccc3)C2=O)c(C)n1-c1cccnc1,10.0,0.11273868265925252,0.1132199951338075,0.11051066650776398,0.0027093286260435195,0.10878030102892042
correct_CP,Cc1cc(=O)oc2cc(NC(S)=NCc3ccccn3)ccc12,10.0,0.6042121090646128,0.699754789226145,0.09844322531539165,0.6013115639107534,0.6211192197754445
correct_CP,Cc1cc(C(=O)CSc2nnnn2C)c(C)n1-c1cccc(F)c1,10.0,0.27785396213586766,0.2853549854148475,-0.025915372307346522,0.311270357722194,0.08328115009942388
correct_CP,Cc1cc(C(=O)Nc2ccc3c(c2)C(=O)N(C)[C@@H]2CC[C@@H](CC(=O)NC4CCCC4)O[C@@H]2CO3)no1,10.1104,-0.03592321626660821,-0.03593868094284241,0.023763924674575145,-0.05970260561741755,-0.03705166898964637
correct_CP,Cc1cc(C(=O)Nc2ccc3c(c2)C(=O)N(C)[C@@H]2CC[C@@H](CC(=O)NCc4ccc(-c5ccccc5)cc4)O[C@@H]2CO3)no1,10.1602,0.2770394603994927,0.2844725572229904,-0.02854286717193317,0.3130154243949236,0.35708784097583407
correct_CP,Cc1cc(C(=O)Nc2ccc3c(c2)C(=O)N(C)[C@H]2CC[C@@H](CC(=O)NCc4ccc(-c5ccccc5)cc4)O[C@@H]2CO3)no1,9.78431,-0.07345224362137126,-0.07358477019429631,-0.4213364572627417,0.3477516870684454,0.0835290634611508
correct_CP,Cc1cc(C(=O)OCC(=O)N2CCc3ccccc32)c(C)o1,10.0,0.3693291008383054,0.38764600969675356,-0.0878262188887274,0.47547222858548094,-0.03892482880263724
correct_CP,Cc1cc(C(C)(C)C)c(O)c(C)c1CC1=NCCN1,10.0,0.10868739847347005,0.10911843063589036,-0.025521448510751252,0.1346398791466416,0.007564552394153216
correct_CP,Cc1cc(C)c(-c2nc3ccccc3s2)[nH]1,10.0,0.07458033908890635,0.0747190800005332,0.0805038823313794,-0.005784802330846189,-0.052604483544333405
correct_CP,Cc1cc(C)c(C#N)c(Nc2ccc3c(c2)OCCO3)n1,10.0,-0.03235308062733825,-0.0323643759472332,0.3254848838993988,-0.35784925984663196,-0.13779914125459403
correct_CP,Cc1cc(C)c(NC(=O)Cn2cc3c(n2)CCCC3)c(C)c1,10.0,-0.02835513031291585,-0.02836273328270597,-0.02276679605974593,-0.0055959372229600415,-0.10198291676573934
correct_CP,Cc1cc(C)cc(C(=O)N(C)C(Cc2ccc(-c3ccccc3)cc2)C(=O)NC(Cc2c[nH]c3ccccc23)C(=O)O)c1,10.0,0.5789928742599034,0.6609463710697842,0.33427266318725346,0.3266737078825307,0.10428893134008238
correct_CP,Cc1cc(C)cc(C(=O)OC2CC3CCC(C2)N3C)c1,10.0,0.5461761188462023,0.6129154729507938,0.2885162221148346,0.3243992508359593,0.2887973973379085
correct_CP,Cc1cc(C)cc(OCC2CNC(=O)O2)c1,10.0,-0.08916102574852351,-0.08939842659992465,0.006307983121085305,-0.09570640972100997,0.03329461223066172
correct_CP,Cc1cc(C)n(-c2cccc3cccnc23)n1,10.0,0.21386827134144626,0.21722154283796627,0.16316267083456026,0.054058872003406006,0.08880159399153653
correct_CP,Cc1cc(C)n2[nH]c(=O)c(N=Nc3cccc(C(F)(F)F)c3)c2n1,10.0,0.1952132842668831,0.19775131804224846,0.12771672483909638,0.07003459320315208,0.011012556895303172
correct_CP,Cc1cc(C)n2cc(CSCC(=O)O)nc2n1,10.0,0.36307136604796925,0.3804190875892468,0.08415815200765009,0.2962609355815967,0.16812319450809082
correct_CP,Cc1cc(C)n2nc3nc4c(cc3c2n1)CCCC4,10.0,0.25150383416931965,0.2570175465751693,0.037859800370945745,0.21915774620422354,0.13105984804477286
correct_CP,Cc1cc(C)nc(NS(=O)(=O)c2ccc(N)cc2)n1,10.0,-0.3369196185337053,-0.3506136163379905,-0.05127925935559975,-0.29933435698239075,-0.1547772607825985
correct_CP,Cc1cc(CNC(=O)c2ccc(C)c([N+](=O)[O-])c2)c2ccccc2n1,10.0,0.22107782750293914,0.22478903946200696,0.024195315981389177,0.20059372348061777,0.16066751233197551
correct_CP,Cc1cc(Cn2cnc3c2CC(C(=O)O)N(C(=O)C(c2ccccc2)c2ccccc2)C3)ccc1N(C)C,10.0,0.5817415721894336,0.66509114500915,0.28931459379775426,0.37577655121139575,0.08398123562440124
correct_CP,Cc1cc(NC(=O)C2C(=O)c3ccccc3S(=O)(=O)N2C)no1,10.0,-0.4307084205956199,-0.4607661274469851,-0.05668216693938496,-0.40408396050760015,-0.0034993405688901608
correct_CP,Cc1cc(NS(=O)(=O)c2ccccc2)c(C)c(Cl)c1O,10.0,0.5699145639636585,0.6473963007979135,0.04796857389326735,0.5994277269046462,0.35454750363038734
correct_CP,Cc1cc(O)c(C(=O)/C=C/c2cccc([N+](=O)[O-])c2)c(=O)o1,10.0,-0.015838234410536015,-0.01583955894851877,0.0798029631251215,-0.09564252207364027,-0.1904202126228459
correct_CP,Cc1cc(O)nc(NN=Cc2sccc2C)n1,10.0,-0.19944343474321874,-0.2021528657288245,0.1500193258324144,-0.3521721915612389,-0.2777920489240595
correct_CP,Cc1cc(OCC(=O)Nc2nnc[nH]2)ccc1Cl,20.0,-0.010494216279581825,-0.010494601542735234,-0.03432262929622835,0.023828027753493113,-0.04154190541730741
correct_CP,Cc1cc2cc3c(cc2n2c(SCC(=O)Nc4nc(-c5ccccc5)cs4)nnc12)OCCO3,20.0,0.30958192462027784,0.32008295164793904,0.07874198272487438,0.24134096892306467,0.3550664183149111
correct_CP,Cc1cc2n(n1)C(c1ccccc1)Nc1ccccc1-2,10.0,0.24799653296413637,0.25327691824633103,0.1342607494224141,0.11901616882391694,-0.21774349016947686
correct_CP,Cc1cc2ncc(-c3ccccc3)nc2cc1C,10.0,0.27937339208474865,0.28700228865885813,0.0265269983255593,0.2604752903332988,0.030334803687170685
correct_CP,Cc1ccc(-c2cc(C(=O)NCc3cnn(C)c3)c3cc(Br)ccc3n2)cc1,10.0,0.42619200016069675,0.4552341945347752,0.08981189572249469,0.3654222988122805,0.5202335650497201
correct_CP,Cc1ccc(-c2ccc3c(c2)O[C@@H](CN(C)Cc2cncnc2)[C@@H](C)CN([C@@H](C)CO)S3(=O)=O)cc1,9.97797,0.1400440309750433,0.1409704875881628,0.047200602595916345,0.09376988499224645,0.2376114117370955
correct_CP,Cc1ccc(-c2ccc3c(c2)O[C@@H](CN(C)Cc2cncnc2)[C@H](C)CN([C@@H](C)CO)S3(=O)=O)cc1,10.0191,0.11944857636272303,0.12002158575826516,0.06152484660817757,0.05849673915008759,0.3716743581727277
correct_CP,Cc1ccc(-c2ccc3c(c2)O[C@H](CN(C)C(=O)CC2CC2)[C@@H](C)CN([C@H](C)CO)S3(=O)=O)cc1,9.98551,0.8411152823355645,1.2249739527859904,0.7812595352531737,0.4437144175328167,0.478288577772745
correct_CP,Cc1ccc(-c2cnc3c(c2)C(=O)N([C@@H](C)CO)C[C@H](C)[C@@H](CN(C)C(=O)c2cccc(F)c2)O3)cc1,10.0928,0.10184571851339383,0.10220005967653999,0.03406204836665638,0.0681380113098836,0.31652117445361144
correct_CP,Cc1ccc(-c2cnc3c(c2)C(=O)N([C@@H](C)CO)C[C@H](C)[C@H](CN(C)S(C)(=O)=O)O3)cc1,10.0172,0.151350016325552,0.1525218138563298,-0.023517217809693305,0.17603903166602308,-0.02881890087800934
correct_CP,Cc1ccc(-c2cnc3c(c2)C(=O)N([C@H](C)CO)C[C@@H](C)[C@@H](CN(C)S(C)(=O)=O)O3)cc1,10.0273,-0.26376780109096226,-0.27015364977089007,-0.010655339770527338,-0.2594983100003627,-0.09006886637809443
correct_CP,Cc1ccc(-c2cnc3c(c2)C(=O)N([C@H](C)CO)C[C@@H](C)[C@H](CN(C)C(=O)c2cccc(F)c2)O3)cc1,10.0791,-0.01588487535298962,-0.015886211628278312,-0.0012891115256893834,-0.014597100102588929,0.3055041972294476
correct_CP,Cc1ccc(-c2csc(-c3c[nH]c4ccccc34)n2)cc1,10.0,0.3320043977914861,0.34507928137267924,0.08905144893826074,0.2560278324344185,0.13453164252903277
correct_CP,Cc1ccc(-c2nn(-c3ccccc3)cc2/C=C2\SC(=S)N(CCS(=O)(=O)O)C2=O)cc1,20.0,-0.0755141020541717,-0.07565813185573958,0.1329295693020714,-0.20858770115781097,-0.04619230847818151
correct_CP,Cc1ccc(-c2nnn(CC(=O)N(Cc3cccs3)C(C(=O)NC(C)(C)C)c3ccco3)n2)o1,10.0,0.7214756746634898,0.9107158763471954,0.20124819528167287,0.7094676810655225,0.21637406153417732
correct_CP,Cc1ccc(-n2c(S)nnc2-c2cnccn2)cc1,10.0,-0.020114800427077535,-0.020117513936772656,-0.008927795963549867,-0.011189717973222789,0.18808769861334929
correct_CP,Cc1ccc(-n2nc(C)c(C=C3C=Nc4ccccc43)c2O)cc1C,10.0,0.29555744662274924,0.30464477830667336,-0.11116522364570805,0.4158100019523814,0.028536973001459215
correct_CP,Cc1ccc(/C(=C\CN2CCCC2)c2ccccn2)cc1,10.0,-0.14114316225105636,-0.14209178314133306,0.03138349330840684,-0.1734752764497399,-0.08259827647998116
correct_CP,Cc1ccc(C(=O)NC(C)(COc2nonc2C)COc2nonc2C)cc1,10.0,0.2875860209472662,0.295932634496057,-0.08461365051018283,0.3805462850062398,0.12015079830301537
correct_CP,Cc1ccc(C(=O)NNc2ncnc3ccccc23)cc1,10.0,0.42452871122361396,0.4532034856487298,-0.03103567547778544,0.48423916112651527,-0.10000816090070985
correct_CP,Cc1ccc(C(=O)Nc2ccccc2SCC2CSc3nc4ccccc4c(=O)n32)cc1,10.0,0.08274679946995607,0.08293643583355352,0.19569864105113763,-0.11276220521758411,-0.03754809566073561
correct_CP,Cc1ccc(C(C(=O)NC2CCCC2)N(Cc2ccc(F)cc2)C(=O)c2csnn2)o1,10.0,0.3761081111066555,0.3955187430723355,0.18157045792845697,0.2139482851438785,0.04621722832316136
correct_CP,Cc1ccc(C)c(C(C)NC(=O)c2ccc(Br)o2)c1,10.0,0.4947883492447836,0.5423812257557283,0.10869357110848454,0.4336876546472438,-0.1079556354748386
correct_CP,Cc1ccc(C)c(OCCCC(C)(C)C(=O)O)c1,10.0,0.1175417742410467,0.11808762811182177,-0.01873236648137585,0.13681999459319763,-0.2853654530107968
correct_CP,Cc1ccc(C2c3c(C)noc3N=C3CC(C)(C)CC(=O)C32)cc1,10.0,0.44559489712937494,0.47919027859685986,0.11869007283086486,0.360500205765995,0.04619936109879036
correct_CP,Cc1ccc(C=C2CNCC(=Cc3ccc(C)cc3)C2=O)cc1,10.0,0.3972261824038609,0.42035111039413253,-0.024778853162387232,0.4451299635565198,0.9143576458624508
correct_CP,Cc1ccc(CC2(O)CCN(CCOc3ccc(O)cc3)CC2)cc1,10.0,0.12782592225422332,0.12852903073910216,-0.006697668800983162,0.13522669954008532,-0.2564424733106246
correct_CP,Cc1ccc(CN(C)C[C@H]2OCc3cnnn3CCCC(=O)N([C@H](C)CO)C[C@@H]2C)cc1,10.0072,0.12159098698218206,0.12219557448315604,0.04255619966873242,0.07963937481442362,-0.060443760714244746
correct_CP,Cc1ccc(C[N+](C)(C)C)o1,10.0,0.3147983510769197,0.3258627073666053,0.04706716818190111,0.2787955391847042,-0.18146778616160114
correct_CP,Cc1ccc(Cn2ncc3c(N4CCN(c5ccccc5C)CC4)ncnc32)cc1,10.0,0.719064417072344,0.9057050387252751,0.05879818687362667,0.8469068518516484,0.5438831489279982
correct_CP,Cc1ccc(N(C(=O)Cn2nnc3ccccc32)C(C(=O)NCc2ccco2)c2cccnc2)cc1,10.0,0.06282726972801674,0.06291013137437705,-0.015426575685156495,0.07833670705953355,-0.09407208421115691
correct_CP,Cc1ccc(N2CC(C(=O)Nc3nccs3)CC2=O)cc1Cl,10.0,0.1605925767982476,0.16199490070519326,-0.06860091128467133,0.2305958119898646,0.41691532321456437
correct_CP,Cc1ccc(NC(=O)CCC(=O)N/N=C/c2ccco2)c(C)c1,20.0,-0.17447752501543495,-0.17628108961599956,0.13905295719864483,-0.3153340468146444,0.40810701575013886
correct_CP,Cc1ccc(NC(=O)CCC(=O)NN=Cc2ccco2)c(C)c1,20.0,0.03281866167230952,0.0328304518982805,-0.07663210141172346,0.10946255331000396,0.20214586249098676
correct_CP,Cc1ccc(NC(=O)CN(C)CC(=O)Nc2cccc(F)c2)cc1S(=O)(=O)N1CCCCCC1,10.0,0.1506650952452227,0.15182090983403412,-0.07635798968159165,0.22817889951562575,0.1170806111259228
correct_CP,Cc1ccc(NC(=O)CSc2nc3sc(C)cc3c(=O)n2C)cc1,10.0,0.4671029810253393,0.5063583893704957,0.16682326870966319,0.3395351206608325,0.007744841035704386
correct_CP,Cc1ccc(NC(=O)Nc2ccc3c(c2)C(=O)N(C)[C@H]2CC[C@H](CC(=O)NCC(F)(F)F)O[C@@H]2CO3)cc1,10.0081,-0.2626212295147461,-0.26892174210918096,0.02210425564049845,-0.2910259977496794,0.06218490553193223
correct_CP,Cc1ccc(NC(=O)c2ccc(CN3CCN(C)CC3)cc2)cc1Nc1nccc(-c2cccnc2)n1,10.0,0.3255679604795791,0.33786269112505535,-0.01641525785472351,0.3542779489797789,0.30618277723987525
correct_CP,Cc1ccc(NC(S)=NN=Cc2ccc(OCCC(C)C)cc2)c(C)c1,10.0,0.34868007377232224,0.3639403551938369,-0.002011927871421078,0.36595228306525796,0.2368842020871606
correct_CP,Cc1ccc(NC2=CC(=O)c3sc(C)nc3C2=O)cc1,10.0,0.40850000933312186,0.43380946315150287,-0.04584722929723276,0.47965669244873566,0.6376333854007252
correct_CP,Cc1ccc(Nc2nc(-c3sc(NC(=O)c4ccco4)nc3C)cs2)cc1,10.0,0.39427746348068793,0.4168547960293775,-0.07015204666562697,0.48700684269500444,0.18466183641952494
correct_CP,Cc1ccc(Nc2nc(N)nc(CSC(=S)N3CCOCC3)n2)cc1,10.0,0.342759035859695,0.35721552129790124,-0.14853026516775475,0.505745786465656,-0.057857253133483166
correct_CP,Cc1ccc(O)c(NC(=S)NC(=O)c2ccccc2Cl)c1,10.0,0.35597518261902894,0.3722694523808915,-0.00777512901530487,0.38004458139619635,-0.010810744338400468
correct_CP,Cc1ccc(OC(=O)N(C)C[C@H]2OCc3cn(nn3)CCCC(=O)N([C@H](C)CO)C[C@H]2C)cc1,10.0472,-0.2583513154405486,-0.26434100161437685,0.032093580425382524,-0.29643458203975936,-0.4206688747575818
correct_CP,Cc1ccc(OCC(=O)c2c[nH]c3ccccc23)c([N+](=O)[O-])n1,10.0,0.24272239771731569,0.2476649170751207,0.04080416657574217,0.20686075049937852,0.1299086006789536
correct_CP,Cc1ccc(OCCCn2c(CO)nc3ccccc32)cc1,10.0,0.34524752522129465,0.3600380228070935,0.13492158404683244,0.22511643876026108,-0.09235810429092187
correct_CP,Cc1ccc(S(=O)(=O)N(C)C)cc1NC(S)=NNC(=O)C(N)=O,10.0,0.2673890280159104,0.27404967638270666,0.04674492770828149,0.22730474867442518,-0.1333150557721657
correct_CP,Cc1ccc(S(=O)(=O)N(C)C[C@@H]2Oc3cc(C#Cc4ccncc4)ccc3S(=O)(=O)N([C@@H](C)CO)C[C@@H]2C)cc1,10.0328,0.20258668436266253,0.20542847627210242,0.05606685579243816,0.14936162047966425,0.04427430945859263
correct_CP,Cc1ccc(S(=O)(=O)N(C)C[C@@H]2Oc3cc(C#Cc4ccncc4)ccc3S(=O)(=O)N([C@H](C)CO)C[C@@H]2C)cc1,10.0419,0.3423518809712634,0.356754237389034,0.006971913854113762,0.3497823235349202,0.24652526765676813
correct_CP,Cc1ccc(S(=O)(=O)N(C)C[C@@H]2Oc3ncc(Br)cc3C(=O)N([C@@H](C)CO)C[C@@H]2C)cc1,10.0176,0.01599790883672095,0.01599927384440296,0.017088805627831834,-0.001089531783428875,0.12246024511685877
correct_CP,Cc1ccc(S(=O)(=O)N(C)C[C@H]2OCCCC[C@@H](C)Oc3ccc(N(C)C)cc3C(=O)N([C@H](C)CO)C[C@@H]2C)cc1,10.2219,0.3477915171953869,0.3629291744796492,-0.1029670336256321,0.46589620810528126,0.170818824553832
correct_CP,Cc1ccc(S(=O)(=O)N(C)C[C@H]2OCCCC[C@@H](C)Oc3ccc(N(C)C)cc3C(=O)N([C@H](C)CO)C[C@H]2C)cc1,9.971203,0.02359772711009741,0.023602108727019615,-0.0005259942805304618,0.024128103007550077,0.20564789309609285
correct_CP,Cc1ccc(S(=O)(=O)N(C)C[C@H]2OCc3ccccc3-c3ccccc3C(=O)N([C@@H](C)CO)C[C@H]2C)cc1,10.2208,-0.001351082388835294,-0.00135108321093543,0.004682786665082161,-0.006033869876017591,0.2872717422376484
correct_CP,Cc1ccc(S(=O)(=O)N(C)C[C@H]2OCc3cn(nn3)CCCC(=O)N([C@H](C)CO)C[C@@H]2C)cc1,10.0337,-0.020861991043198743,-0.02086501837092484,0.09863566090420128,-0.11950067927512611,-0.09083568916297723
correct_CP,Cc1ccc(S(=O)(=O)N(C)C[C@H]2OCc3cnnn3CCCC(=O)N([C@H](C)CO)C[C@H]2C)cc1,10.0328,0.25582270575170774,0.2616334370290784,0.0905064439928632,0.17112699303621517,-0.11552185727002884
correct_CP,Cc1ccc(S(=O)(=O)N(C)C[C@H]2Oc3c(NC(=O)Nc4ccccc4)cccc3C(=O)N([C@H](C)CO)C[C@@H]2C)cc1,10.0662,0.24539582462919057,0.25050767452975775,-0.03289204642813552,0.2833997209578933,-0.08316369858703276
correct_CP,Cc1ccc(S(=O)(=O)N2C[C@@H](O)COC[C@@H]3O[C@@H](CC(=O)NCc4ccc5c(c4)OCO5)CC[C@H]32)cc1,10.0965,0.15381093941473584,0.15504139623743893,-0.030216120715241147,0.18525751695268008,-0.19498645960524624
correct_CP,Cc1ccc(S(=O)(=O)N2C[C@H](O)COC[C@H]3O[C@@H](CC(=O)N4CCc5ccccc5C4)CC[C@@H]32)cc1,9.981109,0.4250830088295911,0.45387983781116686,-0.031162514173918233,0.4850423519850851,-0.013851228865121159
correct_CP,Cc1ccc(S(=O)(=O)N2C[C@H](O)COC[C@H]3O[C@@H](CC(=O)NCc4ccc5c(c4)OCO5)CC[C@@H]32)cc1,10.0384,-0.16610658585833699,-0.16766009043640656,0.03853767900679541,-0.20619776944320198,-0.1328373249702445
correct_CP,Cc1ccc(S(=O)(=O)N2C[C@H](O)COC[C@H]3O[C@H](CC(=O)NCc4ccc5c(c4)OCO5)CC[C@@H]32)cc1,10.0571,-0.03803098871920334,-0.038049340098293784,0.05975048740546209,-0.09779982750375588,-0.14722308233147974
correct_CP,Cc1ccc(S(=O)(=O)NC(=O)Nc2c(C)n(C)n(-c3ccccc3)c2=O)cc1,10.0,0.23997219715280677,0.24474461069591485,0.1162076077914552,0.12853700290445966,0.1566741369127618
correct_CP,Cc1ccc(S(=O)(=O)NC2CCCCCCC2)cc1,20.0,0.003033631972955555,0.003033641279100707,0.10578847712696988,-0.10275483584786918,0.0019200967374629063
correct_CP,Cc1ccc(S(=O)(=O)NCCC(=O)NC2CCCC2)cc1,10.0,-0.24319993732172815,-0.24817241431935233,0.012936915417683407,-0.2611093297370357,-0.09873633322352035
correct_CP,Cc1ccc(S(=O)(=O)NCC[C@@H]2CC[C@@H](NC(=O)CC3CC3)[C@@H](CO)O2)cc1,10.0411,0.22261989940233923,0.22641093652443567,0.0582767484135542,0.16813418811088146,-0.2206742990514174
correct_CP,Cc1ccc(S(=O)(=O)NCC[C@@H]2CC[C@H](NC(=O)c3cccc(F)c3)[C@H](CO)O2)cc1,10.0578,-0.4624376946292726,-0.5004076529914356,0.026843477133445273,-0.5272511301248809,0.050948325327546284
correct_CP,Cc1ccc(S(=O)(=O)NCC[C@H]2CC[C@@H](NC(=O)c3cccc(F)c3)[C@@H](CO)O2)cc1,10.0759,0.05336480163265307,0.05341554583045981,0.02446070291492251,0.028954842915537297,-0.05134967063183277
correct_CP,Cc1ccc(S(=O)(=O)N[C@@H]2C=C[C@@H](CC(=O)NCCN3CCCCC3)O[C@@H]2CO)cc1,10.0236,0.5747935812944917,0.6546523705443285,0.1168828043851079,0.5377695661592206,-0.09558350030168836
correct_CP,Cc1ccc(S(=O)(=O)N[C@@H]2CC[C@@H](CC(=O)N3CCc4ccccc4C3)O[C@@H]2CO)cc1,10.0416,0.1700705495726121,0.17173931353050298,0.06269135649632514,0.10904795703417784,-0.0586224180043356
correct_CP,Cc1ccc(S(=O)(=O)N[C@@H]2CC[C@@H](CC(=O)N3CCc4ccccc4C3)O[C@H]2CO)cc1,10.0215,0.22177251022176708,0.2255195379012468,-0.04990606732956558,0.2754256052308124,-0.048584955191274676
correct_CP,Cc1ccc(S(=O)(=O)N[C@@H]2CC[C@@H](CC(=O)O)O[C@H]2CO)cc1,10.0446,-0.1610073733503499,-0.16242070718550683,0.0051573237677274095,-0.16757803095323423,0.09832851402504476
correct_CP,Cc1ccc(S(=O)(=O)N[C@@H]2CC[C@H](CC(=O)NCCCN(C)C)O[C@@H]2CO)cc1,10.0385,0.03655707952033738,0.036573377795979564,-0.08773722455617156,0.12431060235215112,0.14726836274243152
correct_CP,Cc1ccc(S(=O)(=O)N[C@@H]2CC[C@H](CCNC(=O)c3ccccc3F)O[C@H]2CO)cc1,10.0466,-0.2704463231880059,-0.27734530388094303,-0.05928973648287203,-0.218055567398071,0.3944169857096729
correct_CP,Cc1ccc(S(=O)(=O)N[C@@H]2CC[C@H](CCn3cc(-c4cccnc4)nn3)O[C@@H]2CO)cc1,10.0364,0.0858652402889659,0.0860772022839002,0.0037824421077198613,0.08229476017618034,0.24800254761802373
correct_CP,Cc1ccc(S(=O)(=O)N[C@H]2C=C[C@@H](CC(=O)N3CCC(Cc4ccccc4)CC3)O[C@H]2CO)cc1,10.0177,-0.14260480715945262,-0.1435834530075948,0.12457014242348899,-0.2681535954310838,-0.04384450944735668
correct_CP,Cc1ccc(S(=O)(=O)N[C@H]2C=C[C@H](CC(=O)NCCN3CCCCC3)O[C@@H]2CO)cc1,10.016,0.45500228582918945,0.4909905750742672,-0.09121022014811614,0.5822007952223833,-0.2378118257320882
correct_CP,Cc1ccc(S(=O)(=O)N[C@H]2CC[C@@H](CC(=O)N3CCc4ccccc4C3)O[C@H]2CO)cc1,10.0299,-0.32869485421374955,-0.3413643152359821,-0.01647957017359438,-0.32488474506238774,-0.25227992385883213
correct_CP,Cc1ccc(S(=O)(=O)N[C@H]2CC[C@H](CC(=O)NCc3ccncn3)O[C@@H]2CO)cc1,10.0181,0.11842378839808194,0.11898209322790408,-0.011732193579463823,0.1307142868073679,0.047817481919014165
correct_CP,Cc1ccc(S(=O)(=O)N[C@H]2CC[C@H](CC(=O)O)O[C@@H]2CO)cc1,10.0258,-0.0035781423445026403,-0.0035781576150611762,0.025016064628391618,-0.028594222243452795,-0.05335734756235997
correct_CP,Cc1ccc(S(=O)(=O)N[C@H]2CC[C@H](CCNC(=O)C3CCCCC3)O[C@H]2CO)cc1,10.0096,0.1191973248955749,0.11976670531040869,0.03843296889742564,0.08133373641298305,-0.2967115940969923
correct_CP,Cc1ccc(S(=O)(=O)Nc2ccc3c(c2)C(=O)N(C)[C@@H]2CC[C@@H](CC(=O)NCCc4ccncc4)O[C@H]2CO3)cc1,10.1024,0.3852044298777645,0.4061566021435298,-0.0009901388421998322,0.4071467409857296,0.2655593722680629
correct_CP,Cc1ccc(S(=O)(=O)Nc2ccc3c(c2)C(=O)N(C)[C@@H]2CC[C@H](CC(=O)NCCc4ccncc4)O[C@H]2CO3)cc1,9.95369,0.09403112018625848,0.09430973617774017,0.041182077341624976,0.0531276588361152,0.02210781421052982
correct_CP,Cc1ccc(S(=O)(=O)Nc2ccc3c(c2)C(=O)N([C@@H](C)CO)C[C@@H](C)[C@@H](CN(C)C(=O)NC(C)C)O3)cc1,10.4287,0.2638150483867356,0.27020443070444017,-0.06443582821103772,0.3346402589154779,0.13728677612652535
correct_CP,Cc1ccc(S(=O)(=O)Nc2ccc3c(c2)C(=O)N([C@@H](C)CO)C[C@H](C)[C@H](CN(C)C)OCCCC[C@@H](C)O3)cc1,9.81689,0.3688691286865478,0.38711349018288177,0.0864806211842756,0.3006328689986062,-0.06388981880238286
correct_CP,Cc1ccc(S(=O)(=O)Nc2ccc3c(c2)C(=O)N([C@H](C)CO)C[C@H](C)[C@@H](CN(C)C)OCCCC[C@@H](C)O3)cc1,9.8766,0.28157622812783284,0.2893932105448211,0.02874578812684838,0.26064742241797273,0.0657791564217082
correct_CP,Cc1ccc(S(=O)(=O)Nc2ccc3c(c2)C(=O)N([C@H](C)CO)C[C@H](C)[C@H](CN(C)C)OCCCC[C@@H](C)O3)cc1,10.1373,-0.24594818756972955,-0.2510955165374316,0.006886921646052556,-0.25798243818348415,0.12740798908027573
correct_CP,Cc1ccc2[nH]c(SCc3ccc([N+](=O)[O-])cc3)nc2c1,10.0,0.1432365399716895,0.14422835889643526,-0.051585597452681375,0.19581395634911664,0.19823171239093895
correct_CP,Cc1ccc2c(COn3nnc4ccc(S(=O)(=O)N(C)C)cc43)cc(=O)oc2c1C,10.0,0.45394559539546636,0.4896588136412776,0.059488476617416824,0.43017033702386076,0.267743952804677
correct_CP,Cc1ccc2c(c1)COc1c3ccc(C(=O)N[C@@H](C)CO)cc3nn1-2,10.0,-0.281535420823822,-0.2893488897697607,-0.03451941986185651,-0.25482946990790417,-0.17620337677736103
correct_CP,Cc1ccc2nc(NCCC(=O)O)nc(-c3ccccc3)c2c1,10.0,0.37277759915829095,0.3916451134724893,0.1250422915018073,0.266602821970682,-0.05501983601364051
correct_CP,Cc1ccc2nc(O)c(COC(=O)c3cccs3)cc2c1,10.0,0.5037225005992914,0.5542818675151711,-0.10080239210588815,0.6550842596210592,-0.2354993604008785
correct_CP,Cc1ccc2oc(Nc3nc(C)c(C)c(C)n3)nc2c1,10.0,0.40012606310258353,0.4237990143264097,0.15012719784235143,0.27367181648405825,0.39307955118482096
correct_CP,Cc1cccc(-n2c(Cc3cc(O)nc(O)n3)nnc2SC(C)C)c1,10.0,0.45880106736148957,0.4957916332615561,0.04748103331434569,0.44831059994721045,0.1515835187134426
correct_CP,Cc1cccc(-n2c(N)c(-c3nc4ccccc4n3C)c3nc4ccccc4nc32)c1,10.0,0.1783713354121981,0.1802999965506934,0.19276936507532838,-0.012469368524634983,-0.10392695082891854
correct_CP,Cc1cccc(-n2ncc3c(N4CCC5(CC4)OCCO5)ncnc32)c1,10.0,-0.2283743199918181,-0.23247366055876725,-0.045210847987139334,-0.1872628125716279,0.21163668890813803
correct_CP,Cc1cccc(C2CC(c3ccccc3)=NN2c2ccc(S(N)(=O)=O)cc2)c1,20.0,0.0018709155019797665,0.001870917684921671,-0.020234744893780847,0.022105662578702518,0.09177897221591419
correct_CP,Cc1cccc(C=Cc2ccccc2)n1,10.0,0.33499664704007426,0.3484459882812915,-0.00598609709811775,0.35443208537940923,0.8071883425759688
correct_CP,Cc1cccc(CN2CCN(C(c3ccccc3)c3ccc(Cl)cc3)CC2)c1,10.0,-0.23115147739830494,-0.23540560026853496,-0.015991948834869103,-0.21941365143366587,0.013342378512181643
correct_CP,Cc1cccc(COc2ccc(C=NNC(=O)c3nnn(-c4nonc4N)c3CN3CCCCC3)cc2)c1,20.0,0.24829735426337174,0.25359747866741444,0.10139290884211802,0.15220456982529643,0.08059958071303552
correct_CP,Cc1cccc(N2CCN(C(=O)c3cc(S(=O)(=O)N(C)C)ccc3Cl)CC2)c1C,20.0,0.4381445431658761,0.46993221373323374,0.019284266129793518,0.45064794760344024,0.1876077553007156
correct_CP,Cc1cccc(N=C(S)Nc2cccc(C(F)(F)F)c2)n1,10.0,-0.08815237655449885,-0.08838178651507342,0.031758601861146096,-0.12014038837621951,0.1795098796833319
correct_CP,Cc1cccc(N=Cc2c(O)cc(C)oc2=O)c1,10.0,0.3687447443335797,0.38696952371902466,0.012113948638736426,0.3748555750802882,0.06424182367852828
correct_CP,Cc1cccc(NC(=O)CSc2ccc(-c3ccco3)nn2)c1,10.0,-0.01206512526713026,-0.012065710747293295,-0.03971307617428415,0.027647365426990853,0.11408955899661505
correct_CP,Cc1cccc(Nc2cc(Cl)nc(SCC(=O)O)n2)c1C,10.0,0.0860559530777147,0.08626933478335985,-0.022770758149774008,0.10904009293313385,-0.03950056452828854
correct_CP,Cc1cccc(Nc2nc(N)nc(CCl)n2)c1,10.0,0.2614399492850242,0.2676533756066347,-0.002561545182407256,0.27021492078904197,-0.3849240163043961
correct_CP,Cc1cccc(Nc2nc3ccccc3n3nnnc23)c1,10.0,0.40917894688362866,0.43462466081948004,-0.0235288345418104,0.45815349536129046,-0.15320517771088923
correct_CP,Cc1cccc(OCCNC(=O)c2nc[nH]n2)c1,10.0,0.5941423565744878,0.6840443484832588,0.04594829519513416,0.6380960532881246,0.40484981960002203
correct_CP,Cc1cccc(S(=O)(=O)N(C)C[C@@H]2OCc3cnnn3CCCC(=O)N([C@H](C)CO)C[C@@H]2C)c1,10.0247,0.15949145194774406,0.16086483074211444,0.08076237384829871,0.08010245689381573,-0.056865785522962065
correct_CP,Cc1cccc(S(=O)(=O)N(C)C[C@@H]2OCc3cnnn3CCCC(=O)N([C@H](C)CO)C[C@H]2C)c1,10.0356,0.22901597490795988,0.23315072707781775,0.015208101676460261,0.2179426254013575,-0.3204594433571942
correct_CP,Cc1cccc(S(=O)(=O)N(C)C[C@H]2OCc3ccccc3-c3c(n(C)c4ccccc34)C(=O)N([C@H](C)CO)C[C@H]2C)c1,9.97374,0.17207278182135996,0.17380190948382143,0.008076074839656645,0.1657258346441648,0.00945527356245962
correct_CP,Cc1cccc(S(=O)(=O)N[C@@H]2CC[C@@H](CCNS(=O)(=O)c3ccccc3F)O[C@@H]2CO)c1,10.1029,0.1727284775945197,0.1744776908422352,0.013948477273427837,0.16052921356880734,0.10187198566157354
correct_CP,Cc1cccc(S(=O)(=O)N[C@@H]2CC[C@H](CCNC(=O)Nc3cc(F)ccc3F)O[C@@H]2CO)c1,10.1591,0.3153038546984413,0.3264239148914369,0.08150778068371275,0.24491613420772415,0.1538789498078029
correct_CP,Cc1cccc(S(=O)(=O)N[C@@H]2CC[C@H](CCNC(=O)c3cnccn3)O[C@@H]2CO)c1,10.0287,0.5752015425145738,0.655261833904059,0.11174503848425729,0.5435167954198017,-0.11291700571955132
correct_CP,Cc1cccc(S(=O)(=O)N[C@@H]2CC[C@H](CCNS(=O)(=O)c3ccccc3F)O[C@H]2CO)c1,10.0526,0.09123851031952143,0.09149295301198197,0.014113920553477478,0.0773790324585045,0.0879425558717173
correct_CP,Cc1cccc2cc(CN(Cc3ccc(F)cc3)C(=O)N3CCOCC3)c(O)nc12,10.0,0.11821366645942115,0.11876898795929719,0.12290833224281492,-0.004139344283517726,-0.17689535118862687
correct_CP,Cc1cccc2sc(N(CCCN(C)C)C(=O)c3ccc(S(=O)(=O)N4CCc5ccccc5C4)cc3)nc12,10.0,0.4139124881564735,0.44032341946652914,0.035301477935107795,0.40502194153142135,0.22126478975566388
correct_CP,Cc1ccccc1-c1ccc2c(c1)O[C@@H](CN(C)C(=O)Nc1ccc(F)cc1)[C@H](C)CN([C@H](C)CO)S2(=O)=O,10.067,0.09914827606201894,0.09947509431871118,-0.005819087200076185,0.10529418151878736,0.2962155334524722
correct_CP,Cc1ccccc1-c1ccc2c(c1)O[C@@H](CN(C)C(=O)c1ccccn1)[C@H](C)CN([C@H](C)CO)S2(=O)=O,10.1781,0.16077347611799783,0.1621805944590317,-0.038808750351210605,0.20098934481024233,0.07777466891541907
correct_CP,Cc1ccccc1-c1ccc2c(c1)O[C@H](CN(C)C(=O)c1ccccn1)[C@H](C)CN([C@@H](C)CO)S2(=O)=O,10.0654,-0.0526561645952407,-0.05270491180224714,-0.05702637792327232,0.004321466121025186,-0.09975151766902542
correct_CP,Cc1ccccc1-c1ccc2c(c1)O[C@H](CN(C)C(=O)c1ccccn1)[C@H](C)CN([C@H](C)CO)S2(=O)=O,10.0554,0.13858119116799758,0.1394786947737137,-0.0038041702775704926,0.14328286505128418,-0.08573588707903222
correct_CP,Cc1ccccc1-c1cnc2c(c1)C(=O)N([C@@H](C)CO)C[C@@H](C)[C@H](CN(C)C(=O)CC1CC1)O2,9.9746,0.2880241140707991,0.29641029291611287,-0.0029783426337724565,0.2993886355498853,0.0907500070673233
correct_CP,Cc1ccccc1-c1cnc2c(c1)C(=O)N([C@@H](C)CO)C[C@H](C)[C@H](CN(C)C(=O)CC1CC1)O2,10.0282,0.04031965503040679,0.04034152524612863,-0.01767936480782427,0.058020890053952896,0.19344282274223001
correct_CP,Cc1ccccc1-c1cnc2c(c1)C(=O)N([C@H](C)CO)C[C@@H](C)[C@@H](CN(C)Cc1cncnc1)O2,10.0203,-0.33311533777193414,-0.3463283653152153,0.05300096651065255,-0.3993293318258679,0.11303199353972809
correct_CP,Cc1ccccc1-c1cnc2c(c1)C(=O)N([C@H](C)CO)C[C@@H](C)[C@H](CN(C)Cc1cncnc1)O2,10.0352,0.4403910474875382,0.47271583786969773,0.06128490448759729,0.41143093338210046,-0.07985585369938328
correct_CP,Cc1ccccc1-c1cnc2c(c1)C(=O)N([C@H](C)CO)C[C@H](C)[C@H](CN(C)C(=O)CC1CC1)O2,10.0663,0.31185956103877416,0.322603989191974,0.07415331779946241,0.24845067139251162,-0.12511743172066161
correct_CP,Cc1ccccc1-n1nnnc1SCc1cc(=O)n2ccsc2n1,10.0,0.26623254381244355,0.2728045542491007,0.10082672397093034,0.17197783027817037,0.09191541318029622
correct_CP,Cc1ccccc1C(=O)C(C#N)N=Nc1c(C)n(C)n(-c2ccccc2)c1=O,10.0,0.42520442632688216,0.4540280429741618,0.06101514687149734,0.3930128961026645,0.04530662544060077
correct_CP,Cc1ccccc1C=NNC(=O)c1csnn1,10.0,0.3542446801655973,0.37028923805548747,0.11690097379104994,0.2533882642644375,-0.15524718062274753
correct_CP,Cc1ccccc1CN(C)C[C@@H]1OCc2cn(nn2)CCCC(=O)N([C@@H](C)CO)C[C@H]1C,10.1046,0.06370650638538135,0.06379290155294595,-0.05857967931920598,0.12237258087215193,-0.14811154569203716
correct_CP,Cc1ccccc1Cn1c(O)c(N=NC(S)=Nc2ccccc2F)c2ccccc21,10.0,-0.19649591164584487,-0.19908510853411712,-0.03918035084750288,-0.15990475768661425,-0.17704116900525055
correct_CP,Cc1ccccc1N(CC(=O)NN=Cc1cc(Br)c(C)o1)S(C)(=O)=O,10.0,0.2933514104485434,0.3022293115775612,0.07789872339190461,0.2243305881856566,-0.08969099703211555
correct_CP,Cc1ccccc1S(=O)(=O)Cc1ccc(C(=O)N2CCN(c3ncccn3)CC2)o1,10.0,0.19633928297958086,0.19892219467140929,0.16026713618398342,0.03865505848742587,-0.07098959271214783
correct_CP,Cc1ccccc1S(=O)(=O)N(C)C[C@@H]1OCc2ccccc2-c2ccccc2C(=O)N([C@@H](C)CO)C[C@H]1C,9.7943,-0.27990527786807323,-0.28757929531811677,0.00821794054855995,-0.2957972358666767,0.08435204687066584
correct_CP,Cc1ccccc1S(=O)(=O)N(C)C[C@@H]1OCc2ccccc2-c2ccccc2C(=O)N([C@H](C)CO)C[C@H]1C,10.2761,0.033290316369371936,0.033302622497374215,0.15484312083565027,-0.12154049833827606,-0.2825423632704418
correct_CP,Cc1ccccc1S(=O)(=O)N(C)C[C@@H]1OCc2cnnn2CCCC(=O)N([C@H](C)CO)C[C@H]1C,10.0311,-0.02553846657678671,-0.025544020926163327,0.030328319910379202,-0.05587234083654253,0.07702145826586079
correct_CP,Cc1ccccc1S(=O)(=O)N(C)C[C@H]1OCc2ccccc2-c2c(n(C)c3ccccc23)C(=O)N([C@H](C)CO)C[C@@H]1C,9.95353,0.5605139622355356,0.6335822803937375,0.07504229470528592,0.5585399856884516,-0.006393865113258304
correct_CP,Cc1ccccc1S(=O)(=O)N(C)C[C@H]1OCc2ccccc2-c2c(n(C)c3ccccc23)C(=O)N([C@H](C)CO)C[C@H]1C,9.87622,0.24322026393669854,0.24819401886830533,0.08166616041870753,0.1665278584495978,0.05074134685754536
correct_CP,Cc1ccccc1S(=O)(=O)N(C)C[C@H]1OCc2cn(nn2)CCCC(=O)N([C@H](C)CO)C[C@H]1C,10.1844,0.021807251560411727,0.021810709405149828,0.0010857102999156307,0.020724999105234197,-0.03438391274292227
correct_CP,Cc1ccccc1S(=O)(=O)NCC[C@@H]1CC[C@H](NS(=O)(=O)c2ccccc2C)[C@@H](CO)O1,10.1666,-0.50314533231067,-0.5535087578490755,-0.07478205982669722,-0.47872669802237827,0.5738449548251139
correct_CP,Cc1ccccc1S(=O)(=O)N[C@@H]1CC[C@@H](CCn2cc(-c3ccc(F)cc3)nn2)O[C@@H]1CO,10.103283,0.13318145791964867,0.1339773721939141,0.0805509763996836,0.05342639579423049,0.11017017797690494
correct_CP,Cc1ccccc1S(=O)(=O)N[C@@H]1CC[C@H](CCn2cc(-c3ccc(F)cc3)nn2)O[C@H]1CO,10.1042,0.06862832286046619,0.06873637132017643,0.02019755673370282,0.04853881458647361,-0.07969270908727363
correct_CP,Cc1ccccc1S(=O)(=O)Nc1ccc2c(c1)C(=O)N(C)[C@@H]1CC[C@H](CC(=O)O)O[C@H]1CO2,10.0104,0.1735223788154559,0.17529612248336043,-0.026910059731503733,0.20220618221486417,0.12226122258588584
correct_CP,Cc1cccn2c(=O)c3cc(C(=O)NCCN4CCOCC4)c(=N)n(Cc4cccnc4)c3nc12,10.0,0.07326040687307003,0.0733918955579539,-0.005787434280121944,0.07917932983807585,0.2363550365077399
correct_CP,Cc1ccnc(N)c1,10.0,0.3216213329647539,0.33345445321095213,0.06371340843847642,0.26974104477247574,0.02393690415282873
correct_CP,Cc1ccsc1C=Nn1c(S)nnc1-c1cc(-c2ccccc2)[nH]n1,10.0,0.30411292906318954,0.31404547400528265,0.11685724461222402,0.19718822939305863,-0.035129977093602896
correct_CP,Cc1cnc(NC(=O)C2C(=O)c3ccccc3S(=O)(=O)N2C)s1,10.0,0.012206048525138036,0.01220665476270765,0.03863492661805221,-0.026428271855344555,-0.02843159123002115
correct_CP,Cc1cnc(NC(=O)C2CCCC2)s1,10.0,0.4456063513701388,0.47920457067058764,-0.01970565708195237,0.49891022775254,0.17784162404194115
correct_CP,Cc1coc(C)c1C(=O)CC1(O)C(=O)N(CCc2ccccc2)c2ccccc21,10.0,0.7175050022724239,0.9024835466764073,0.1796564736117925,0.7228270730646148,-0.1934061227437597
correct_CP,Cc1nc(C(=N)NOC(=O)c2ccccc2Cl)c(C(F)(F)F)o1,10.0,0.24922116617739307,0.2545822281176379,0.10248943194640148,0.15209279617123644,-0.017308081067313075
correct_CP,Cc1nc(N2[C@@H](C#N)[C@@H](c3ccccc3)[C@@H]2CO)sc1C,10.0589,0.16008862769178658,0.1614776536252113,0.05640115781438089,0.10507649581083041,-0.05733752886264592
correct_CP,Cc1nc2c(cc1C(=O)/C=C/c1ccc(Br)cc1)CCCC2,10.0,0.397813090477846,0.421048169001807,-0.07272117709043946,0.4937693460922465,0.17632751918283568
correct_CP,Cc1nc2sccn2c(=O)c1CCN1CCC(=C(c2ccc(F)cc2)c2ccc(F)cc2)CC1,10.0,-0.04362844416624787,-0.04365615721507273,-0.01928702146421453,-0.024369135750858202,0.10405737856269814
correct_CP,Cc1nn(-c2cccc(Cl)c2)c(Cl)c1C=NNC(=O)c1cccs1,10.0,-0.4833560891815103,-0.5273542753488139,-0.029655202076636026,-0.4976990732721778,-0.377359562767723
correct_CP,Cc1nn(C)cc1NC(=O)C[C@@H]1CC[C@@H]2[C@H](COc3ccc(NC(=O)C4CCOCC4)cc3C(=O)N2C)O1,9.99537,0.31684940531788724,0.3281410115808158,0.041729180688917414,0.2864118308918984,-0.17303783428645797
correct_CP,Cc1nn(C)cc1NC(=O)C[C@H]1CC[C@H]2[C@H](COc3ccc(NC(=O)c4cccc(F)c4)cc3C(=O)N2C)O1,10.0021,0.033303236656313844,0.03331555712461838,0.04981461737210062,-0.01649906024748224,0.20963515918476988
correct_CP,Cc1nn(Cc2c(F)c(F)c(F)c(F)c2F)c(C)c1NC(=O)c1ccc(COc2ccc(Cl)cc2Cl)o1,10.0,0.3536651006376669,0.36962664631165143,0.15321468416055298,0.21641196215109845,0.08056975063266042
correct_CP,Cc1nn(Cc2ccc(C(=O)Nc3ccc(C(=O)OC(C)C)cc3)o2)c(C)c1Cl,10.0,0.10136709686015369,0.1017164452449898,0.02265710104678911,0.07905934419820068,0.09793450151403828
correct_CP,Cc1nnc2ccc(-c3cccc(C(F)(F)F)c3)nn12,10.0,-0.09460912309889685,-0.09489292734220868,-0.06549271407353867,-0.02940021326867001,0.15426117755453037
correct_CP,Cc1nnc2ccc(N3CCCC3)nn12,10.0,0.22032454563027823,0.22399718720159145,0.07967669152901168,0.14432049567257976,0.05423288525792393
correct_CP,Cc1noc(C)c1C(=O)N(C)C[C@@H]1OCc2ccccc2-c2c(n(C)c3ccccc23)C(=O)N([C@@H](C)CO)C[C@H]1C,10.1449,0.2327298823968603,0.23707374606233303,-0.0408664185351075,0.27794016459744053,0.10740017609170535
correct_CP,Cc1noc(C)c1C(=O)N(C)C[C@@H]1OCc2ccccc2-c2ccccc2C(=O)N([C@@H](C)CO)C[C@H]1C,9.67398,-0.04626089415755243,-0.046293937118812585,0.19462467624791635,-0.24091861336672893,-0.16020892085738234
correct_CP,Cc1noc(C)c1NC(=O)N(C)C[C@@H]1OCCCC[C@H](C)Oc2ccc(N(C)C)cc2C(=O)N([C@H](C)CO)C[C@@H]1C,9.97997,0.17914806630640134,0.18110236727154141,-0.012375276108680975,0.19347764338022239,0.16794805178261646
correct_CP,Cc1noc(C)c1NC(=O)N(C)C[C@@H]1OCc2ccccc2-c2ccccc2C(=O)N([C@@H](C)CO)C[C@H]1C,9.73238,-0.1960565514823974,-0.19862814410020302,0.10080032149193234,-0.2994284655921354,-0.04346630242338924
correct_CP,Cc1noc(C)c1NC(=O)N(C)C[C@H]1OCCCC[C@@H](C)Oc2ccc(N(C)C)cc2C(=O)N([C@H](C)CO)C[C@H]1C,10.0552,0.24821105962261625,0.25350551637669944,0.06646264317312392,0.18704287320357552,0.1202728182694858
correct_CP,Cc1noc(C)c1NC(=O)N(C)C[C@H]1OCc2ccccc2-c2c(n(C)c3ccccc23)C(=O)N([C@@H](C)CO)C[C@@H]1C,9.70671,0.3041068939802802,0.3140388239019414,0.1512921743947206,0.1627466495072208,0.16954516925450908
correct_CP,Cc1noc(C)c1NC(=O)N(C)C[C@H]1OCc2ccccc2-c2c(n(C)c3ccccc23)C(=O)N([C@@H](C)CO)C[C@H]1C,10.1045,0.12228001257518713,0.12289499934040188,0.0220304343010364,0.10086456503936547,-0.07274209985107151
correct_CP,Cc1noc(C)c1NC(=O)N(C)C[C@H]1Oc2cc(C#CCC3CCCC3)ccc2S(=O)(=O)N([C@@H](C)CO)C[C@H]1C,10.0732,0.2397613919076665,0.24452093608991649,0.035408771560890555,0.20911216452902592,-0.12556713226938962
correct_CP,Cc1noc(C)c1NC(=O)N(C)C[C@H]1Oc2cc(C#CCC3CCCC3)ccc2S(=O)(=O)N([C@H](C)CO)C[C@@H]1C,9.99848,0.7260306732384081,0.9202817443873482,0.20508074674764415,0.715200997639704,0.163027997931611
correct_CP,Cc1noc(C)c1NC(=O)N(C)C[C@H]1Oc2ccc(N(C)C)cc2CC(=O)N([C@@H](C)CO)C[C@@H]1C,10.3008,-0.005002500353088067,-0.0050025420829214,0.0987704156680852,-0.1037729577510066,-0.09411317398893423
correct_CP,Cc1noc(C)c1NC(=O)N(C)C[C@H]1Oc2ncc(/C=C/c3ccccc3)cc2C(=O)N([C@@H](C)CO)C[C@@H]1C,10.0301,-0.1369456004440134,-0.1378114616431399,-0.002087470723542222,-0.13572399091959766,0.10439447861558683
correct_CP,Cc1noc(C)c1NC(=O)N(C)C[C@H]1Oc2ncc(/C=C/c3ccccc3)cc2C(=O)N([C@@H](C)CO)C[C@H]1C,10.0727,0.0012179056723689483,0.0012179062745403019,0.017277949654373796,-0.016060043379833494,-0.07783428245511947
correct_CP,Cc1noc(C)c1NC(=O)N1C[C@@H](O)COC[C@@H]2O[C@@H](CC(=O)NCC3CC3)CC[C@H]21,10.0309,0.28087206534452347,0.2886285749694828,0.060205364203909525,0.22842321076557326,0.0716159533143687
correct_CP,Cc1noc(C)c1NC(=O)N1C[C@@H](O)COC[C@@H]2O[C@H](CC(=O)N3CCc4ccccc4C3)CC[C@H]21,10.0055,-0.2187594940246472,-0.22235288181271706,0.08165019355741072,-0.3040030753701278,0.3434396248805262
correct_CP,Cc1noc(C)c1NC(=O)N1C[C@H](O)COC[C@@H]2O[C@@H](CC(=O)NCC3CC3)CC[C@H]21,10.1165,-0.009592106391259883,-0.009592400592624492,0.01653851907789612,-0.026130919670520614,0.026890942387237243
correct_CP,Cc1noc(C)c1NC(=O)N1C[C@H](O)COC[C@H]2O[C@H](CC(=O)N3CCc4ccccc4C3)CC[C@@H]21,10.0137,-0.08037548230957656,-0.08054923735582936,0.0689817202088133,-0.14953095756464266,0.025623842676292863
correct_CP,Cc1noc(C)c1NC(=O)N1C[C@H](O)COC[C@H]2O[C@H](CC(=O)NCC3CC3)CC[C@@H]21,10.051,0.03496067485305019,0.034974928855141044,0.09815506316954564,-0.0631801343144046,-0.011023119882931337
correct_CP,Cc1noc(C)c1NC(=O)NCC[C@@H]1CC[C@H](NC(=O)c2ccc(F)cc2)[C@@H](CO)O1,10.0869,0.3025682041680351,0.3123442055701038,-0.04874569054599026,0.36108989611609404,0.4629351886442023
correct_CP,Cc1noc(C)c1NC(=O)NCC[C@H]1CC[C@H](NC(=O)Cc2cccnc2)[C@@H](CO)O1,10.1547,0.4491115429351951,0.483586783609253,0.14375133568578308,0.3398354479234699,-0.31842673608689975
correct_CP,Cc1noc(C)c1NC(=O)N[C@@H]1C=C[C@@H](CC(=O)NCCCN(C)C)O[C@@H]1CO,10.0176,0.29128658305904886,0.29997155706963996,-0.060627021022434946,0.3605985780920749,-0.173058709569491
correct_CP,Cc1noc(C)c1NC(=O)N[C@@H]1C=C[C@@H](CC(=O)NCc2ccc(Cl)c(Cl)c2)O[C@@H]1CO,10.0331,-0.14369992506443746,-0.1447014823619275,0.03616755138057059,-0.1808690337424981,-0.12305974422574445
correct_CP,Cc1noc(C)c1NC(=O)N[C@@H]1C=C[C@@H](CC(=O)NCc2ccc(Cl)c(Cl)c2)O[C@H]1CO,9.92431,-0.16417572901685443,-0.1656750990132307,0.07459189602745732,-0.240266995040688,-0.20357427822992408
correct_CP,Cc1noc(C)c1NC(=O)N[C@@H]1C=C[C@H](CC(=O)N2CCCCC2)O[C@@H]1CO,9.96875,-0.18571205456588846,-0.18789235913290409,-0.007679695523069857,-0.18021266360983423,-0.01325390722567694
correct_CP,Cc1noc(C)c1NC(=O)N[C@@H]1C=C[C@H](CC(=O)NCCCN(C)C)O[C@H]1CO,10.0953,-0.25849005786138124,-0.2644896724606613,0.128711063025371,-0.3932007354860323,-0.17935543375125385
correct_CP,Cc1noc(C)c1NC(=O)N[C@@H]1C=C[C@H](CC(=O)NCc2ccc(Cl)c(Cl)c2)O[C@H]1CO,10.0046,0.40921496250118433,0.43466791981639646,0.10361839457669131,0.33104952523970516,0.08924373114114822
correct_CP,Cc1noc(C)c1NC(=O)N[C@@H]1CC[C@@H](CC(=O)N2CCN(C)CC2)O[C@H]1CO,9.93451,0.09220022834866469,0.09246283015431202,-0.06583059307701872,0.15829342323133072,0.18190869440856278
correct_CP,Cc1noc(C)c1NC(=O)N[C@@H]1CC[C@H](CC(=O)N2CCN(C)CC2)O[C@H]1CO,10.0799,0.03015175643459103,0.03016089869485915,-0.0051735577690240585,0.03533445646388321,0.0026393074461142606
correct_CP,Cc1noc(C)c1NC(=O)N[C@@H]1CC[C@H](CC(=O)NCCCN(C)C)O[C@H]1CO,9.97089,-0.01916039283520535,-0.01916273807713271,-0.01097342242507673,-0.008189315652055978,-0.09228658607491114
correct_CP,Cc1noc(C)c1NC(=O)N[C@H]1C=C[C@@H](CC(=O)N2CCCCC2)O[C@H]1CO,9.93374,0.12405065193006,0.12469291300316195,-0.03938539050782763,0.16407830351098956,0.048489799044533335
correct_CP,Cc1noc(C)c1NC(=O)N[C@H]1C=C[C@H](CC(=O)NCCCN(C)C)O[C@@H]1CO,10.0401,0.07409963293016149,0.07423570247853291,0.0005494981178519216,0.07368620436068099,-0.08599610515151943
correct_CP,Cc1noc(C)c1NC(=O)N[C@H]1CC[C@H](CC(=O)Nc2ccc(-c3ccccc3)cc2)O[C@@H]1CO,9.8778,-0.0637616929054543,-0.06384831315693336,-0.1355094223654827,0.07166110920854933,-0.15574315387139015
correct_CP,Cc1noc(C)c1NC(=O)Nc1ccc2c(c1)C(=O)N(C)[C@H]1CC[C@@H](CC(=O)N[C@@H]3CCN(Cc4ccccc4)C3)O[C@@H]1CO2,9.72786,0.16879752653789878,0.17042866432024306,-0.07286417598891365,0.2432928403091567,0.0014929893052030713
correct_CP,Cc1noc(C)c1NC(=O)Nc1ccc2c(c1)C(=O)N(C)[C@H]1CC[C@@H](CC(=O)N[C@@H]3CCN(Cc4ccccc4)C3)O[C@H]1CO2,10.0717,0.11800486551477507,0.1185572330758377,0.07498031059948887,0.043576922476348826,0.17851584782334293
correct_CP,Cc1noc(C)c1NC(=O)Nc1ccc2c(c1)C(=O)N(C)[C@H]1CC[C@H](CC(=O)N[C@H]3CCN(Cc4ccccc4)C3)O[C@@H]1CO2,10.0227,0.378034102379069,0.3977639673712132,0.08157695312142932,0.3161870142497839,-0.17818390930210565
correct_CP,Cc1noc(C)c1NC(=O)Nc1ccc2c(c1)C(=O)N([C@@H](C)CO)C[C@H](C)[C@H](CN(C)C)OCCCC[C@H](C)O2,10.0625,0.09691415246909588,0.09721929121488411,-0.012235065878485175,0.10945435709336929,-0.061216530512189074
correct_CP,Cc1noc(C)c1NC(=O)Nc1ccc2c(c1)C(=O)N([C@H](C)CO)C[C@H](C)[C@H](CN(C)C)OCCCC[C@@H](C)O2,9.99558,0.05163872186917366,0.051684694653753915,0.025563467577121708,0.026121227076632208,0.16296983418503744
correct_CP,Cc1noc(C)c1NC(=O)Nc1ccc2c(c1)CC(=O)N([C@H](C)CO)C[C@@H](C)[C@H](CN(C)Cc1ccc(C(F)(F)F)cc1)O2,10.2046,-0.29906976005048497,-0.30849767554192103,-0.007570544135359877,-0.30092713140656113,-0.1806379627409903
correct_CP,Cc1noc(C)c1NC(=O)Nc1cccc2c1O[C@@H](CN(C)Cc1ccc3c(c1)OCO3)[C@@H](C)CN([C@H](C)CO)C2=O,10.0375,0.07907755139442435,0.07924300341496526,0.013525647427522014,0.06571735598744324,-0.15688267131083639
correct_CP,Cc1noc(C)c1NC(=O)Nc1cccc2c1O[C@H](CN(C)Cc1ccc3c(c1)OCO3)[C@@H](C)CN([C@H](C)CO)C2=O,9.98846,0.03786533204540463,0.03788344452405569,0.005795959032063997,0.032087485491991696,0.06632310783707537
correct_CP,Cc1noc(C)c1S(=O)(=O)N(C)C[C@@H]1OCc2ccccc2-c2c(n(C)c3ccccc23)C(=O)N([C@H](C)CO)C[C@H]1C,10.0774,0.21719786936317134,0.2207133551234858,0.1244301658412157,0.0962831892822701,-0.06925948152279475
correct_CP,Cc1noc(C)c1S(=O)(=O)N(C)C[C@H]1Oc2c(cccc2N(C)C)C(=O)N([C@H](C)CO)C[C@@H]1C,10.1194,0.02023701261039473,0.020239775889073334,-0.09101687854327534,0.11125665443234867,0.05910994973857038
correct_CP,Cc1noc(C)c1S(=O)(=O)Nc1ccc2c(c1)CC(=O)N([C@@H](C)CO)C[C@@H](C)[C@@H](CN(C)CC1CCCCC1)O2,9.90784,-0.08529489177071939,-0.08550264572744776,-0.03141390737420863,-0.05408873835323913,-0.015956053289673637
correct_CP,Cc1noc(C)c1S(=O)(=O)Nc1ccc2c(c1)CC(=O)N([C@H](C)CO)C[C@@H](C)[C@H](CN(C)CC1CCCCC1)O2,10.0353,-0.20518277934874474,-0.2081371707192534,-0.012164693869251028,-0.19597247685000235,0.0022539850738052605
correct_CP,Cc1onc(-c2c(Cl)cccc2Cl)c1C(=O)NC(=N)N1CCCC1,10.0,0.3646138781819453,0.38219695726268405,-0.048316591881549756,0.4305135491442338,-0.037363510827498614
correct_CP,Clc1ccc(-c2[nH]nc3c2CCC3)c(Cl)c1,10.0,0.2295108217223013,0.23367302687337982,-0.06488810651661556,0.29856113338999535,0.05650398979180196
correct_CP,Clc1ccc(Br)cc1-c1nc(-c2ccncc2)no1,10.0,0.6738620135282486,0.8177841276294843,0.1033377156488154,0.7144464119806688,0.5461962638806045
correct_CP,Clc1cccc(SC2CCNCC2)n1,10.0,0.040982108367254855,0.04100507511970978,0.02330445876312836,0.01770061635658142,0.1694221384962639
correct_CP,Clc1cccc2c1CN(C1=NCCN1)C2,10.0,0.30370218076876077,0.3135929287078654,-0.06990594557995722,0.38349887428782264,-0.3713339072500346
correct_CP,Cn1c(=NC(=O)c2ccccc2[N+](=O)[O-])sc2cccc(F)c21,10.0,0.5137787165573129,0.5678502145807227,-0.024791262627708473,0.5926414772084312,0.1457144601625367
correct_CP,Cn1c(CSc2nc3ccccc3s2)nnc1SCC(=O)NCCN1CCOCC1,10.0,0.048518495409074255,0.0485566208370347,0.10553176173386113,-0.056975140896826426,-0.1248206982750169
correct_CP,Cn1c(SCC(=O)NN=Cc2ccc([N+](=O)[O-])s2)nnc1-c1ccc(Cl)cc1,20.0,0.41221832170821626,0.4382807206725915,0.11803778463765158,0.3202429360349399,0.42231798693289224
correct_CP,Cn1ccc2cc3c(cc21)CCN3C(=O)Nc1cccnc1,10.0,0.26278550527202343,0.26909819545197183,-0.036042265047513865,0.3051404604994857,0.28726991279640446
correct_CP,Cn1cccc1-c1cc(C(=O)N2CCc3c([nH]c4ccccc34)C2c2ccccn2)[nH]n1,10.0,0.31278030179496047,0.32362425011739426,-0.07300947300512459,0.3966337231225189,0.18243162324089132
correct_CP,Cn1cnc(CCNC(=O)C[C@@H]2CC[C@H]3[C@@H](COC[C@@H](O)CN3C(=O)Nc3ccc(C(F)(F)F)cc3)O2)c1,10.0793,0.10445108971230474,0.10483345063789386,-0.09461975793308414,0.19945320857097798,0.03912895454512279
correct_CP,Cn1cnc(S(=O)(=O)N[C@@H]2C=C[C@@H](CC(=O)N3CCN(c4ccccc4)CC3)O[C@H]2CO)c1,10.0676,-0.012286367728098829,-0.012286986012958205,0.16172337730047992,-0.17401036331343814,0.1373949207007848
correct_CP,Cn1cnc(S(=O)(=O)N[C@@H]2C=C[C@H](CC(=O)N3CCN(c4ccccc4)CC3)O[C@H]2CO)c1,9.95473,0.0008748531903958401,0.000874853413590852,-0.05118265894520583,0.05205751235879668,0.13842896890716327
correct_CP,Cn1cnc(S(=O)(=O)N[C@@H]2CC[C@@H](CC(=O)NCC3CCCCC3)O[C@H]2CO)c1,10.0431,-0.10553867826359284,-0.10593316244361227,0.12585479176230763,-0.2317879542059199,-0.1533585737460556
correct_CP,Cn1cnc(S(=O)(=O)N[C@@H]2CC[C@H](CC(=O)Nc3ccc(-c4ccccc4)cc3)O[C@H]2CO)c1,9.96291,0.01332769648615378,0.013328485692040506,0.06835409598250149,-0.05502561029046098,-0.09450443486602818
correct_CP,Cn1cnc(S(=O)(=O)N[C@H]2C=C[C@H](CC(=O)N3CCN(c4ccccc4)CC3)O[C@@H]2CO)c1,9.94685,0.2002880205702546,0.20303259349408595,-0.030657955162331947,0.2336905486564179,0.11572128171678808
correct_CP,Cn1cnc(S(=O)(=O)N[C@H]2C=C[C@H](CC(=O)NCC3CC3)O[C@@H]2CO)c1,9.83588,-0.36325831708924683,-0.3806344413609916,-0.11694089718523679,-0.26369354417575486,0.0845299035528317
correct_CP,Cn1cnc(S(=O)(=O)N[C@H]2CC[C@@H](CC(=O)NCC3CCCCC3)O[C@@H]2CO)c1,9.9742,0.16697148817688848,0.1685496654015488,-0.06063834377888936,0.22918800918043816,0.17510798854900725
correct_CP,Cn1cnc(S(=O)(=O)N[C@H]2CC[C@@H](CC(=O)NCC3CCCCC3)O[C@H]2CO)c1,10.0036,-0.0335188252099888,-0.033531386608936294,0.09913503802700796,-0.13266642463594425,-0.1879694437579119
correct_CP,Cn1cnc(S(=O)(=O)N[C@H]2CC[C@H](CC(=O)NCC3CCCCC3)O[C@H]2CO)c1,10.0695,0.06910654640637692,0.06921687376568478,0.10386630980052844,-0.03464943603484366,-0.25234051736135665
correct_CP,Cn1cnnc1SCC(=O)N1N=C2/C(=C/c3ccco3)CCCC2C1c1ccco1,10.0,0.1449199039097673,0.14594740821874538,-0.035181446697834795,0.18112885491658018,-0.17871689434781451
correct_CP,Cn1cnnc1SCC(=O)c1ccc(O)c(O)c1,10.0,0.32543372182073343,0.33771254428882297,0.02835288845201465,0.3093596558368083,0.25955318504664804
correct_CP,Cn1cnnc1Sc1c([N+](=O)[O-])ncn1C,10.0,-0.07202192718060738,-0.07214684590070662,-0.03675143617980495,-0.035395409720901674,0.1564459586912874
correct_CP,Cn1nc(-c2ccccn2)nc2c(=O)n(C)c(=O)nc1-2,20.0,0.46266234632815373,0.5006934521416406,0.1243676959634102,0.37632575617823044,0.4857097157892533
correct_CP,Cn1nc(C(F)(F)F)c(C=NOC(=O)c2ccccc2)c1SCc1ccccc1Cl,10.0,0.24872351139577334,0.25405168652057,0.0018642565169252603,0.25218743000364474,0.046087388196719536
correct_CP,FC(F)(F)c1cc(Oc2ccccc2Cl)nc(-c2ccccn2)n1,10.0,0.04707254578845049,0.04710736025362988,0.1906707180384939,-0.143563357784864,-0.12383742180732514
correct_CP,FC(F)(F)c1cccc(Nc2nc(N3CCCC3)nc(N3CCCC3)n2)c1,10.0,0.07451249430002518,0.07465085607981975,0.02654230420539102,0.04810855187442873,-0.019759737148379673
correct_CP,FC(F)Sc1ccc(NC(S)=NCc2ccccc2)cc1,10.0,0.28815680192574766,0.296554990072769,0.059600851687533006,0.23695413838523596,0.35532294389533864
correct_CP,Fc1ccc(-c2cc3nc(-c4ccccc4)cc(N4CCOCC4)n3n2)cc1,10.0,0.3300280576077429,0.34285974122864593,0.15276539743385995,0.19009434379478599,0.27710736746309517
correct_CP,Fc1ccc(Nc2nnc(-c3ccncc3)s2)cc1Cl,20.0,0.4882633640328203,0.5337775409333498,0.16175529671756217,0.37202224421578767,-0.16582109886135032
correct_CP,Fc1cccc(Cl)c1C=NNc1ccccn1,10.0,0.0369679977987758,0.036984852181389874,0.031903812536390325,0.005081039644999549,-0.1882667896854218
correct_CP,Ic1ccc(N2CCN(Cc3c[nH]c4ncccc34)CC2)cc1,10.0,0.39603128851525715,0.41893315081611915,0.04081591451206774,0.3781172363040514,0.2267268060012912
correct_CP,N#CC(=Cc1ccc(O)c(O)c1)C(=O)NCCCCc1ccccc1,10.0,0.1716187226317342,0.17333403345571066,-0.01651906893768047,0.18985310239339112,0.10546372281466389
correct_CP,N#CC1(C#N)C(c2ccccc2)OC23CCCCCC2C1(C#N)C(=N)O3,10.0,0.01286682565630149,0.012867535783484199,-0.05457686532832173,0.06744440111180593,-0.12455989637215181
correct_CP,N#CC1=C(SCc2ccccc2)NC(=O)CC1c1ccccc1,10.0,0.3476266222370488,0.3627416016681587,0.07986207929664868,0.28287952237151004,0.11687444841362543
correct_CP,N#C[C@@H]1N[C@@H](CO)[C@@H]1c1ccc(C#Cc2ccccc2F)cc1,10.0484,0.04508535020780902,0.04511593568112083,-0.011783914588057304,0.05689985026917813,0.08064627766338385
correct_CP,N#C[C@@H]1N[C@@H](CO)[C@@H]1c1ccc(C2=CCCCC2)cc1,10.0361,0.16231585156570957,0.16376429970075274,-0.008059164183961694,0.17182346388471442,-0.18281830078239383
correct_CP,N#C[C@@H]1N[C@@H](CO)[C@H]1c1ccc(C#CC2CCCCC2)cc1,10.2592,-0.1155138113879921,-0.11603174828550564,0.08316783717136399,-0.1991995854568696,-0.3207402948643068
correct_CP,N#C[C@@H]1[C@@H](c2ccc(C#Cc3cccc(F)c3)cc2)[C@H](CO)N1C(=O)C1CCOCC1,9.88251,-0.27874753770523075,-0.286323579986202,-0.05367030081685409,-0.23265327916934792,0.2478890190766221
correct_CP,N#C[C@@H]1[C@@H](c2ccc(C3=CCCCC3)cc2)[C@H](CO)N1S(=O)(=O)c1ccccc1,9.80821,0.33308254316197977,0.3462914778613482,-0.025246089760308312,0.37153756762165646,0.2586593598353644
correct_CP,N#C[C@@H]1[C@@H](c2ccccc2)[C@H](CO)N1C(=O)c1ccc2c(c1)OCO2,10.0158,0.33639868764906705,0.3500260962698644,0.04219531220944278,0.30783078406042164,0.28856947559031276
correct_CP,N#C[C@@H]1[C@H](c2ccc(C#Cc3ccccc3F)cc2)[C@@H](CO)N1C(=O)c1cccnc1,10.3036,-0.07613249859049169,-0.07628010423909232,0.009279082922028874,-0.0855591871611212,0.16678826682336587
correct_CP,N#C[C@@H]1[C@H](c2ccc(C#Cc3ccccc3F)cc2)[C@H](CO)N1C(=O)c1cccnc1,9.97993,-0.06078802360379861,-0.060863064354774975,0.05485781225172918,-0.11572087660650415,0.08118029794125828
correct_CP,N#C[C@@H]1[C@H](c2ccccc2)[C@H](CO)N1S(=O)(=O)c1ccc(F)cc1,9.80086,0.08920203666931517,0.0894397663097175,0.1241883654028843,-0.0347485990931668,-0.03979731052116392
correct_CP,N#C[C@H]1N[C@@H](CO)[C@H]1c1ccc(C#Cc2ccccc2F)cc1,9.90533,0.34491017183872397,0.35965506730276314,0.0702110596438307,0.2894440076589324,0.23624670357528885
correct_CP,N#C[C@H]1N[C@H](CO)[C@@H]1c1ccc(/C=C/c2ccccc2)cc1,10.04,0.07438458631113182,0.0745222351985602,0.019629544320091404,0.0548926908784688,-0.09079368670894933
correct_CP,N#C[C@H]1N[C@H](CO)[C@@H]1c1ccc(C2=CCCCC2)cc1,10.0219,-0.1766975918554321,-0.17857178182675526,0.006423103264811042,-0.1849948850915663,0.019240704315290694
correct_CP,N#C[C@H]1N[C@H](CO)[C@H]1c1ccc(-c2cccc(F)c2)cc1,10.0615,-0.019705000574821073,-0.01970755156799042,-0.027470472186916457,0.0077629206189260384,-0.018540889935695685
correct_CP,N#C[C@H]1[C@@H](c2ccc(C#CC3(O)CCCC3)cc2)[C@@H](CO)N1C(=O)C1CC1,10.0042,-0.08944920347295587,-0.08968892113758316,0.07725058955238494,-0.1669395106899681,-0.012975122958305066
correct_CP,N#C[C@H]1[C@@H](c2ccc(C#CC3CC3)cc2)[C@@H](CO)N1C(=O)Cc1ccccn1,10.0195,0.086487219216484,0.08670383482010648,0.028761866170895628,0.05794196864921085,-0.09559373177318867
correct_CP,N#C[C@H]1[C@@H](c2ccccc2)[C@@H](CO)N1C(=O)c1ccc2c(c1)OCO2,10.0773,-0.12139150453768013,-0.12199310354198814,0.046100891539632725,-0.16809399508162087,0.02163797395917017
correct_CP,N#C[C@H]1[C@@H](c2ccccc2)[C@@H](CO)N1S(=O)(=O)Cc1ccccc1,10.0236,0.3399573991651084,0.35404436055740385,0.042366790011951386,0.3116775705454525,-0.1436541979162071
correct_CP,N#C[C@H]1[C@@H](c2ccccc2)[C@H](CO)N1C(=O)C1CCCC1,10.3227,0.2685643658886546,0.2753159472710317,0.0030244607067910715,0.2722914865642406,0.12978839785518315
correct_CP,N#C[C@H]1[C@@H](c2ccccc2)[C@H](CO)N1S(=O)(=O)c1ccc(F)cc1,9.9429,-0.2929771124863279,-0.30181981971419125,0.027744771883144313,-0.3295645915973356,-0.11293245467012483
correct_CP,N#C[C@H]1[C@H](c2ccc(C#CC3CC3)cc2)[C@H](CO)N1C(=O)Cc1ccccn1,10.0068,0.3086759707851417,0.3190812769762174,0.05428016553717399,0.2648011114390434,-0.02200528657621529
correct_CP,N#C[C@H]1[C@H](c2ccc(C3=CCCC3)cc2)[C@H](CO)N1c1nc(-c2ccccc2)cs1,10.0112,0.11842473689046773,0.11898305521144135,-0.0589862086776339,0.17796926388907525,0.31305766418761055
correct_CP,N#C[C@H]1[C@H](c2ccc(C3=CCCCC3)cc2)[C@@H](CO)N1C(=O)c1cccc(F)c1,9.46773,0.4018850614368316,0.42589507097016444,-0.019401244628638018,0.44529631559880245,0.3577765376584185
correct_CP,N#C[C@H]1[C@H](c2ccccc2)[C@H](CO)N1C(=O)C1CCCC1,10.0454,-0.06565333910027521,-0.06574791367406238,-0.0004214512691264362,-0.06532646240493595,-0.0011496610929221734
correct_CP,N#C[C@H]1[C@H](c2ccccc2)[C@H](CO)N1C(=O)Nc1cccc(F)c1,10.3796,-0.19472993245794476,-0.19724886604801548,-0.030503552621667485,-0.166745313426348,0.026540932071997127
correct_CP,N#C[C@H]1[C@H](c2ccccc2)[C@H](CO)N1C(=O)c1ccc2c(c1)OCO2,10.0168,0.08641279307618398,0.08662884825994763,0.041291834149013946,0.04533701411093368,-0.09161845179682106
correct_CP,N#Cc1c(Cl)cccc1Cl,10.0,0.0197081904077121,0.019710742640134015,0.015319385945606119,0.004391356694527896,-0.10383131716425051
correct_CP,N#Cc1c(N)n(CCNC(=O)Nc2ccccc2)c2nc3ccccc3nc12,10.0,0.14549307141400436,0.1465329212379382,0.13366982188263976,0.012863099355298446,0.1333156134700454
correct_CP,N#Cc1ccc(C(=O)Nc2nc(-c3cccs3)c(C(=O)C(F)(F)F)s2)cc1,10.0,0.18371535139095904,0.18582512282414193,-0.04705880034178839,0.23288392316593032,-0.19942210268456922
correct_CP,N#Cc1ccc(N=c2ssnc2Cl)cc1,20.0,0.3495001905414457,0.36487428430750213,-0.10462967092464816,0.46950395523215027,0.11967049964817011
correct_CP,N#Cc1ccc(Oc2ccc(-c3cnc4ccccc4n3)cc2)cc1C#N,10.0,0.40727714828954176,0.4323425462830084,-0.024330318487984934,0.45667286477099334,0.2538142878087868
correct_CP,N#Cc1nc(-c2ccc(OCc3ccc(Cl)cc3)cc2)oc1NCCCn1ccnc1,10.0,0.19727322811238976,0.19989377168955183,0.04568776418751551,0.15420600750203634,0.2922141095628305
correct_CP,NC(=NOC(=O)c1ccccc1[N+](=O)[O-])c1ccccn1,10.0,-0.07992651916651888,-0.08009737133501249,-0.08111207547287369,0.0010147041378611998,0.19832277383112126
correct_CP,NC(=O)CSc1nnc(-c2cc3ccccc3o2)n1Cc1ccccc1,10.0,0.09765203513939351,0.09796422396406461,0.14374394481593883,-0.04577972085187422,0.12199235220265697
correct_CP,NC(=O)NN=Cc1cn(-c2ccccc2)nc1-c1ccccc1,10.0,0.4877573294613267,0.5331133192023989,0.11942824914651338,0.4136850700558855,-0.17432071379341363
correct_CP,NC(=S)N=Nc1c(O)n(CCCl)c2ccccc12,10.0,0.33867543069485734,0.35259558624284487,-0.03524587674882701,0.3878414629916719,0.514259967011038
correct_CP,NC(S)=NN=Cc1c(O)c(Br)cc2oc3c(c12)CCCC3,10.0,0.31835491613200556,0.3298154225876453,0.16195712016098393,0.16785830242666136,0.08318310627182432
correct_CP,NC1CCN(c2cccc(Cl)n2)CC1,10.0,-0.11885397774867558,-0.11941842402207559,-0.08988429227560771,-0.02953413174646788,0.2442148930664841
correct_CP,NCCCCCCNS(=O)(=O)c1cccc2ccccc12,10.0,0.34185246163065774,0.3561886218392283,0.08364245729119707,0.2725461645480312,0.05607931569268662
correct_CP,NCC[C@@H]1CC[C@@H](NS(=O)(=O)c2ccc(Cl)cc2)[C@H](CO)O1,10.0742,-0.14393574427044992,-0.14494228216870575,-0.002140770392757615,-0.14280151177594813,-0.1602246468355084
correct_CP,NCC[C@@H]1CC[C@H](NC(=O)c2ccccc2F)[C@@H](CO)O1,10.0791,0.2887412294529916,0.297192456651053,0.059641488397246346,0.23755096825380664,-0.13156178595340537
correct_CP,NCC[C@H]1CC[C@@H](NC(=O)Cc2ccncc2)[C@H](CO)O1,10.04,-0.2112517689866349,-0.21448122629348124,0.04845405397931311,-0.26293528027279434,0.031358581740234946
correct_CP,NCC[C@H]1CC[C@@H](NS(=O)(=O)Cc2ccccc2)[C@@H](CO)O1,10.0742,0.2736892463014495,0.2808474640185204,0.059888841601878025,0.22095862241664238,0.06572979588403491
correct_CP,NCC[C@H]1CC[C@@H](NS(=O)(=O)c2ccc(Cl)cc2)[C@@H](CO)O1,10.0628,0.49819307876611546,0.5468998100763537,-0.07082971441099437,0.6177295244873481,0.06645813268539476
correct_CP,NCC[C@H]1CC[C@H](NC(=O)Nc2ccc(F)cc2)[C@@H](CO)O1,10.0208,0.14664564930797877,0.1477106271100356,0.02991453904684247,0.11779608806319314,-0.35099691402716116
correct_CP,NCC[C@H]1CC[C@H](NS(=O)(=O)c2ccc(Cl)cc2)[C@@H](CO)O1,10.027,0.35843063989716456,0.37508403560694503,-0.07232949993376639,0.4474135355407114,0.3357579742422663
correct_CP,NS(=O)(=O)Cc1noc2ccccc12,10.0,0.14561822787089895,0.14666078671008112,0.03543392473952765,0.11122686197055347,0.11197408632283463
correct_CP,NS(=O)(=O)c1ccc(Nc2nc(-c3ccccc3)cs2)cc1,10.0,0.23925157509923012,0.24398009479539162,-0.12825331196782125,0.37223340676321287,0.30269083605476765
correct_CP,N[C@H]1CC[C@@H](CCn2cc(-c3ccccn3)nn2)O[C@H]1CO,10.0218,0.0654032642240672,0.0654967603546377,-0.027915355762907955,0.09341211611754566,0.11937230060520707
correct_CP,N[C@](CC1c2ccccc2Oc2ccccc21)(C(=O)O)[C@H]1C[C@@H]1C(=O)O,10.0,0.006565046033047913,0.006565140352941739,0.009171003865155866,-0.002605863512214127,0.1503066286244435
correct_CP,Nc1c(-c2ccccc2)nc(Cl)nc1-c1ccccc1,10.0,0.46063306633612516,0.4981145605220764,-0.04482909912989706,0.5429436596519734,-0.03416508870633457
correct_CP,Nc1c(O)cccc1C(=O)O,10.0,0.32084345347657295,0.3325870679573427,0.05029430171102053,0.2822927662463222,-0.3948970800689109
correct_CP,Nc1c(S(=O)(=O)O)cc(Nc2cccc3ccccc23)c2c1C(=O)c1ccccc1C2=O,10.0,0.22773570042745137,0.2318000047420418,-0.009340251206933683,0.24114025594897548,-0.21997494599494902
correct_CP,Nc1ccc(-c2cc(=O)c3cc(O)ccc3o2)cc1,10.0,0.17336287931476863,0.17513167604777713,-0.03233713166461037,0.20746880771238752,0.20426443604460148
correct_CP,Nc1ccc(Nc2nc(-c3cc4ccccc4oc3=O)cs2)cc1,10.0,0.5680571361180952,0.6446496595664405,-0.10438653562995488,0.7490361951963954,-0.17282764205295298
correct_CP,Nc1ccc(S(=O)(=O)Nc2ccc(Cl)nn2)cc1,10.0,-0.012831349320650963,-0.012832053589753496,0.020345324294577555,-0.03317737788433105,0.3779146438750075
correct_CP,Nc1ccc(S(=O)(=O)Nc2cnc3ccccc3n2)cc1,10.0,0.21901826036250846,0.2226246701686706,-0.009432388957421057,0.23205705912609165,0.00636729148465277
correct_CP,Nc1ccc(S(=O)(=O)c2ccc(N)cc2)cc1,10.0,0.5472908743925248,0.6145055226493149,0.05223623952229809,0.5622692831270169,0.4541064526338648
correct_CP,Nc1cccc2c(=O)[nH]ccc12,10.0,0.06505968792822352,0.06515171584074116,-0.0617072849034761,0.12685900074421724,0.007574985168752567
correct_CP,Nc1nc(Nc2ccccc2)nc2c1ncn2C1OC(CO)C(O)C1O,10.0,0.1027733721226126,0.10313752604416412,0.0005122948722108269,0.1026252311719533,-0.009515323140137713
correct_CP,Nc1nc2ccccc2n1S(=O)(=O)c1ccc([N+](=O)[O-])cc1,20.0,0.3459376191062486,0.3608217166017583,0.07106024087990905,0.2897614757218493,0.0030498163312008414
correct_CP,Nc1ncnc2[nH]nc(Nc3ccc(F)cc3)c12,10.0,0.29773261948004287,0.30702983318377525,0.026557706683662557,0.28047212650011266,0.40231717243879284
correct_CP,Nc1ncnc2c1cnn2-c1ccccc1,10.0,-0.028609652244200034,-0.0286174618630678,-0.041931289013852256,0.013313827150784455,0.09680436074026547
correct_CP,Nn1c(SCC(=O)NC(=O)NCc2ccco2)nnc1-c1ccc(OC(F)F)cc1,10.0,0.33801591820104154,0.3518508138008239,0.20683802566340267,0.14501278813742122,0.18325147393077665
correct_CP,O=C(/C=C/N1CCOCC1)c1cc2ccccc2o1,10.0,0.19616946500361604,0.19874557401263698,0.16066664480191745,0.038078929210719537,0.03688990819048163
correct_CP,O=C(/C=C/c1ccc(O)c(O)c1)c1ccc(O)cc1O,10.0,0.22582575566796684,0.22978650600734293,-0.05808253722843476,0.28786904323577767,0.4261402963712809
correct_CP,O=C(/C=C/c1cccc(O)c1)c1cccnc1,10.0,0.41307209231673697,0.4393097023473914,0.03504128928819529,0.40426841305919614,0.09253561081074248
correct_CP,O=C(C=Cc1c(C(=O)O)[nH]c2cc(Cl)cc(Cl)c12)Nc1ccccc1,10.0,0.10267833429684456,0.10304147462603763,0.0029630817121524327,0.1000783929138852,0.33994036426055946
correct_CP,O=C(CC1C(=O)N(c2ccccc2)C(=S)N1c1ccccc1)c1ccc(Br)cc1,10.0,0.3075617821730536,0.3178502145078047,0.1361198801396874,0.1817303343681173,0.12060951930243946
correct_CP,O=C(CC1CC1)Nc1ccc2c(c1)[C@H]1C[C@H](CC(=O)N3CCCCC3)O[C@H](CO)[C@H]1O2,9.93562,0.02325097099340587,0.023255162237260533,0.040156157563330366,-0.016900995326069833,0.15719208853767763
correct_CP,O=C(CC1CC1)Nc1ccc2c(c1)[C@H]1C[C@H](CC(=O)NC3CCCCC3)O[C@H](CO)[C@H]1O2,9.94618,0.13451801176576547,0.13533830845326333,-0.014363034961547895,0.14970134341481123,0.13369978760866572
correct_CP,O=C(CC1SC(N2CCCCC2)=NC1=O)Nc1cccc(C(F)(F)F)c1,10.0,0.2391954832454685,0.24392059806909144,-0.06712892626963493,0.31104952433872635,0.037177012043423156
correct_CP,O=C(CC1c2ccccc2Oc2ccccc21)N1CCN(c2ccccn2)CC1,10.0,0.695150379322923,0.8578540635921942,0.09309155722583873,0.7647625063663555,0.5398287756687176
correct_CP,O=C(CCCn1c(=S)[nH]c2cc3c(cc2c1=O)OCO3)N1CCN(c2ccccc2F)CC1,10.0,0.05371609375728306,0.0537678478605456,0.06955080186965279,-0.01578295400910719,-0.02809513224188561
correct_CP,O=C(CCN1CCCCC1)NCC[C@@H]1CC[C@@H](NS(=O)(=O)c2cccc(Cl)c2)[C@H](CO)O1,10.0688,-0.14469834329475695,-0.14572110203393687,-0.08908980458904404,-0.05663129744489283,0.06046242210717487
correct_CP,O=C(CCN1CCCCC1)NCC[C@@H]1CC[C@H](NC(=O)c2ccc(F)cc2)[C@@H](CO)O1,10.0831,0.43924900134269745,0.47129988767605135,0.08816051142101386,0.38313937625503747,0.2052844785832992
correct_CP,O=C(CCN1CCCCC1)NCC[C@@H]1CC[C@H](NS(=O)(=O)c2cccc(Cl)c2)[C@@H](CO)O1,10.0055,0.5751092827740545,0.6551239674102907,-0.15452957860670502,0.8096535460169957,0.5293540469888229
correct_CP,O=C(CCN1CCCCC1)N[C@@H]1CC[C@@H](CC(=O)N2CCC(Cc3ccccc3)CC2)O[C@@H]1CO,10.0074,0.5931640670486981,0.6825336530377062,0.08988875718493793,0.5926448958527682,-0.125626620374988
correct_CP,O=C(CCN1CCCCC1)N[C@@H]1CC[C@H](CCNS(=O)(=O)c2ccccc2)O[C@H]1CO,10.0258,0.6365578293339221,0.7523651182652124,0.019782093089523903,0.7325830251756884,0.473131919490378
correct_CP,O=C(CCN1CCCCC1)N[C@H]1CC[C@@H](CCNS(=O)(=O)c2ccccc2)O[C@@H]1CO,10.0768,0.30539892364938787,0.3154631358786116,-0.005431621823452781,0.3208947577020644,-0.27823677388357276
correct_CP,O=C(CCN1CCCCC1)N[C@H]1CC[C@H](CC(=O)N2CCC(Cc3ccccc3)CC2)O[C@H]1CO,9.92374,0.47279347386674253,0.5136619184172146,0.07543454091205798,0.43822737750515667,0.16397859782474236
correct_CP,O=C(CCN1CCCCC1)N[C@H]1CC[C@H](CCNC(=O)c2cc(Cl)cc(Cl)c2)O[C@@H]1CO,10.043,0.20720295007978348,0.2102470446343643,-0.061725832325791964,0.27197287696015626,0.1691952971365646
correct_CP,O=C(CCN1CCN(Cc2ccccc2)CC1)Nc1ccc(OCc2ccccc2)cc1,10.0,0.37896389795313057,0.39884924099564545,-0.058275271128952894,0.45712451212459837,-0.36898606167932013
correct_CP,O=C(CCSc1nnc2ccc3ccccc3n12)Nc1ccc(F)cc1,10.0,0.48739502416061503,0.5326380209964532,-0.11745751480307687,0.65009553579953,0.13029993955934493
correct_CP,O=C(CCc1ccccc1)N1CCN(c2ccccn2)CC1,10.0,0.28777908230079396,0.29614311552351535,0.016066490215118766,0.2800766253083966,0.09207219837918601
correct_CP,O=C(CCc1ccccc1)Nc1ccccc1F,10.0,0.43732232721095643,0.4689151098150611,0.26722940207436463,0.2016857077406965,0.2613244409598826
correct_CP,O=C(CCl)c1cc(Br)c(Br)s1,10.0,0.2923530189476995,0.3011372632445504,0.03272008775144265,0.2684171754931078,-0.12616469732132585
correct_CP,O=C(CN(C1CCCCC1)C1CCCCC1)N1CCc2ccccc2C1,10.0,0.023256563864720286,0.023260758134487556,-0.015754844880867997,0.03901560301535555,0.14889280508994088
correct_CP,O=C(CN(c1ccccn1)S(=O)(=O)c1ccc(F)cc1)Nc1ccccc1,10.0,0.21013688428018543,0.21331455024475413,0.08613853984743505,0.12717601039731907,0.08787551780194586
correct_CP,O=C(CN1C(=O)CSc2ncccc21)N1CCOCC1,10.0,0.2603891065195534,0.26652576934227845,0.1707847535749824,0.09574101576729604,0.027253229517970545
correct_CP,O=C(CN1C(=O)c2ccccc2S1(=O)=O)Nc1ccc(S(=O)(=O)N2CCCC2)cc1,10.0,0.09569378369213381,0.09598749807013307,0.1618923747137841,-0.06590487664365102,-0.14843754996050837
correct_CP,O=C(CN1CCN(Cc2ccccc2F)C1=O)NCCc1ccc(Cl)cc1,10.0,0.4923502560362244,0.5391578899389831,-0.009485565180268574,0.5486434551192516,0.4243633116534578
correct_CP,O=C(CN1CCN(S(=O)(=O)N2CCCCC2)CC1)Nc1ccc(Cl)c(Cl)c1,10.0,0.5418754188384272,0.6068068002651095,0.04308443967653745,0.5637223605885721,0.1569451957281675
correct_CP,O=C(CN1CCOCC1)NCC[C@@H]1CC[C@@H](NC(=O)Cc2ccccn2)[C@@H](CO)O1,10.0732,-0.05475373927263684,-0.054808554632513135,-0.07031410140066194,0.015505546768148804,0.07182046464270586
correct_CP,O=C(CN1CCOCC1)NCC[C@@H]1CC[C@@H](NC(=O)c2ccc3c(c2)OCO3)[C@@H](CO)O1,10.1109,0.05677000523600883,0.05683111019638823,-0.004210468531809754,0.06104157872819799,0.11197226643589164
correct_CP,O=C(CN1CCOCC1)NCC[C@@H]1CC[C@H](NC(=O)Cc2ccccn2)[C@@H](CO)O1,9.9786,0.34413115607793443,0.35877113339009215,-0.035085845994647924,0.39385697938474007,0.039512301437510194
correct_CP,O=C(CN1CCOCC1)NCC[C@H]1CC[C@@H](NC(=O)c2ccccc2F)[C@H](CO)O1,10.068,-0.1056646453799279,-0.10606055015101871,0.04216545969331642,-0.14822600984433515,-0.042399304098309595
correct_CP,O=C(CN1CCOCC1)NCC[C@H]1CC[C@H](NC(=O)Cc2ccccn2)[C@@H](CO)O1,9.96628,0.014668796442310662,0.014669848690689562,-0.0021322416533915275,0.01680209034408109,-0.0003737022357288636
correct_CP,O=C(CN1CCOCC1)N[C@@H]1CC[C@@H](CCNC(=O)Nc2cc(F)ccc2F)O[C@H]1CO,10.131,0.22572214682796143,0.22967733215256714,-0.059984316663334654,0.2896616488159018,0.10189459137767856
correct_CP,O=C(CN1CCOCC1)N[C@@H]1CC[C@@H](CCNS(=O)(=O)c2ccccc2F)O[C@H]1CO,10.0163,0.5040599275569849,0.5547341257140846,-0.13005002033023208,0.6847841460443167,-0.004820867336963103
correct_CP,O=C(CN1CCOCC1)N[C@@H]1CC[C@@H](CCn2cc(C3CCCCC3)nn2)O[C@H]1CO,10.0358,-0.05793654686495966,-0.05800150184408097,0.154120322941605,-0.21212182478568598,0.2346688611294505
correct_CP,O=C(CN1CCOCC1)N[C@@H]1CC[C@H](CCNC(=O)C2CCC2)O[C@H]1CO,10.1004,-0.16401550144258498,-0.16551043753794584,0.04464039704710171,-0.21015083458504755,-0.0758354113252216
correct_CP,O=C(CN1CCOCC1)N[C@H]1CC[C@@H](CCNS(=O)(=O)c2ccccc2F)O[C@@H]1CO,10.0823,-0.2912801344372832,-0.29996451058158324,-0.058217970576018456,-0.24174654000556478,0.2243392634763401
correct_CP,O=C(CN1CCOCC1)Nc1c2c(nc3ccccc13)N(Cc1ccccc1)CC2,10.0,0.2636784383081297,0.27005760724118766,-0.04978270521206254,0.3198403124532502,0.13633786489148253
correct_CP,O=C(CNC(=O)c1ccccc1Cl)NN=Cc1ccc([N+](=O)[O-])s1,10.0,0.10885361522663992,0.10928663744815773,0.03550794330245008,0.07377869414570765,0.008132882634195454
correct_CP,O=C(CNC(=O)c1ccccc1Cl)Nc1ccc(Br)cc1C(=O)c1ccccc1,10.0,0.26020492133212125,0.26632819778504524,0.010228477594746188,0.25609972019029903,0.25211287253664494
correct_CP,O=C(COC(=O)c1ccccc1)NCc1ccco1,10.0,0.3573141464604413,0.3738035463005411,0.04292432266088947,0.3308792236396516,0.09268465401000847
correct_CP,O=C(COc1ccc(Cl)cc1Cl)NN=Cc1ccccn1,10.0,0.050106510225892784,0.05014850701778313,0.04454560193358466,0.005602905084198473,0.3618088980111857
correct_CP,O=C(COc1ccc(F)cc1)Nc1nnc(-c2ccncc2)s1,10.0,0.13132517342996433,0.13208804094448445,0.03400852328921082,0.09807951765527363,0.11248879987620271
correct_CP,O=C(COc1ccc(S(=O)(=O)N2CCc3ccccc32)cc1Cl)NCc1ccccn1,10.0,0.8527209656853301,1.2660408248373247,0.347925424479047,0.9181154003582777,0.7168055901579002
correct_CP,O=C(COc1ccccc1)OC(C(=O)c1ccccc1)c1ccccc1,10.0,0.08523381898396944,0.08544112568936776,0.04559240053165724,0.03984872515771053,0.18823106602478046
correct_CP,O=C(CSCCO)Nc1ccc(C2CCCCC2)cc1,10.0,0.09164780865577973,0.09190570270580901,-0.12885909677288998,0.22076479947869898,-0.03547811916739227
correct_CP,O=C(CSCc1cccc(F)c1)N1CCN(c2ccccc2)CC1,10.0,0.10015934776083021,0.10049630765740561,0.02878080892368183,0.07171549873372378,0.05018886663483893
correct_CP,O=C(CSc1nc2ccccc2c(=O)n1-c1ccccc1)Nc1ccc2c(c1)CCC2,20.0,-0.009597095136690785,-0.00959738979734345,0.17743217596880875,-0.1870295657661522,-0.04764718163116263
correct_CP,O=C(CSc1nc[nH]n1)c1cccc([N+](=O)[O-])c1,10.0,0.3184137165634111,0.3298808559006359,0.19158899055460366,0.13829186534603227,0.1569642945740109
correct_CP,O=C(C[C@@H]1C=C[C@@H](NC(=O)C2CC2)[C@H](CO)O1)NCc1ccccc1Cl,9.98087,0.5017724751835622,0.5516722448920751,-0.12922576391342727,0.6808980088055023,-0.00969009583586572
correct_CP,O=C(C[C@@H]1C=C[C@@H](NC(=O)C2CCC2)[C@@H](CO)O1)NCCCN1CCOCC1,10.0366,0.3726731616484506,0.3915238262279318,-0.16130619532451623,0.552830021552448,0.055759876574850056
correct_CP,O=C(C[C@@H]1C=C[C@@H](NC(=O)C2CCOCC2)[C@H](CO)O1)NCC1CC1,10.1299,0.18228397738936875,0.1843441525014265,-0.013136479727113792,0.1974806322285403,0.19061662784983147
correct_CP,O=C(C[C@@H]1C=C[C@@H](NC(=O)C2CCOCC2)[C@H](CO)O1)NCc1ccncc1,10.0387,0.1063581574988168,0.1067619448657482,-0.1517800036816703,0.2585419485474185,0.4224519555885009
correct_CP,O=C(C[C@@H]1C=C[C@@H](NC(=O)CC2CC2)[C@@H](CO)O1)NCc1ccc(-c2ccccc2)cc1,9.90619,-0.0019356699006829589,-0.001935672318222646,-0.022752323905088627,0.02081665158686598,0.23674358470167486
correct_CP,O=C(C[C@@H]1C=C[C@@H](NC(=O)Cc2cccnc2)[C@H](CO)O1)Nc1ccccc1,10.0212,0.04285658541734342,0.042882852413173404,0.07761526996478238,-0.034732417551608975,0.06411368321742775
correct_CP,O=C(C[C@@H]1C=C[C@@H](NC(=O)Nc2cc(F)ccc2F)[C@@H](CO)O1)NCc1ccncn1,10.0345,0.09722455143379774,0.09753264272397222,-0.029751549602380988,0.1272841923263532,0.04630299116153158
correct_CP,O=C(C[C@@H]1C=C[C@@H](NC(=O)Nc2ccc(F)cc2)[C@H](CO)O1)NCCN1CCCC1,9.97123,0.45835572959858645,0.4952277045775143,-0.043718842581108246,0.5389465471586226,-0.13496717659925764
correct_CP,O=C(C[C@@H]1C=C[C@@H](NC(=O)Nc2ccc3c(c2)OCO3)[C@H](CO)O1)NCc1ccc(Cl)cc1,10.0034,0.06095374071570485,0.06102939777635556,0.038861876577227776,0.022167521199127786,0.019312817913921573
correct_CP,O=C(C[C@@H]1C=C[C@@H](NC(=O)Nc2cccc(F)c2)[C@@H](CO)O1)NCC1CCCCC1,10.0338,-0.037701109129774694,-0.03771898683289875,0.0096598289033007,-0.04737881573619945,-0.21377966744435806
correct_CP,O=C(C[C@@H]1C=C[C@@H](NC(=O)Nc2cccc(F)c2)[C@H](CO)O1)NCC1CCCCC1,9.88612,0.11268256803546463,0.11316315847499009,-0.09084716095062394,0.20401031942561404,0.12607227056567882
correct_CP,O=C(C[C@@H]1C=C[C@@H](NC(=O)Nc2ccccc2)[C@H](CO)O1)NCc1ccccn1,10.0625,0.01641071129016771,0.016412184725720154,-0.041851886810842606,0.05826407153656276,0.14967479748432472
correct_CP,O=C(C[C@@H]1C=C[C@@H](NC(=O)c2ccc3c(c2)OCO3)[C@@H](CO)O1)NC1Cc2ccccc2C1,9.99385,0.4177193806123296,0.4449261470334326,0.16486833288284602,0.28005781415058656,-0.1219400922022647
correct_CP,O=C(C[C@@H]1C=C[C@@H](NC(=O)c2ccncc2)[C@@H](CO)O1)NCC1CC1,10.0915,-0.4365389375170284,-0.46794687609666274,0.19528534609161613,-0.6632322221882789,0.017835478718443293
correct_CP,O=C(C[C@@H]1C=C[C@@H](NC(=O)c2ccncc2)[C@H](CO)O1)Nc1ccc(-c2ccccc2)cc1,10.0369,-0.05015619517694596,-0.050198317149304394,-0.008870398561746397,-0.041327918587557994,0.07391318031613883
correct_CP,O=C(C[C@@H]1C=C[C@@H](NS(=O)(=O)c2ccc(F)cc2)[C@@H](CO)O1)N1CCN(c2ccccc2)CC1,10.0645,-0.03035229421828988,-0.03036162017652964,0.02072214358132899,-0.05108376375785863,0.18006133132547525
correct_CP,O=C(C[C@@H]1C=C[C@@H](NS(=O)(=O)c2ccccc2)[C@@H](CO)O1)NCc1ccc(Cl)c(Cl)c1,9.93008,0.4321076230949007,0.4624852885003776,-0.015912956808194385,0.478398245308572,-0.0893435135582839
correct_CP,O=C(C[C@@H]1C=C[C@@H](NS(=O)(=O)c2ccccc2F)[C@H](CO)O1)NCCCN1CCOCC1,10.0919,-0.16100753984075128,-0.16242087810676864,0.035156335692375,-0.19757721379914364,-0.039409322132332454
correct_CP,O=C(C[C@@H]1C=C[C@H](NC(=O)C2CCOCC2)[C@@H](CO)O1)Nc1ccc(-c2ccccc2)cc1,9.99825,0.5802642127039578,0.6628609499063879,-0.05567788178595876,0.7185388316923467,-0.042810661235865584
correct_CP,O=C(C[C@@H]1C=C[C@H](NC(=O)C2CCOCC2)[C@H](CO)O1)Nc1ccc(-c2ccccc2)cc1,9.97097,0.3699557529039189,0.3883718353725083,-0.019943834013413975,0.4083156693859223,-0.589211248511283
correct_CP,O=C(C[C@@H]1C=C[C@H](NC(=O)CC2CC2)[C@H](CO)O1)NCc1ccc(-c2ccccc2)cc1,9.93979,0.46320686881718975,0.5013865008647174,-0.027690625951184232,0.5290771268159016,0.33103621469423433
correct_CP,O=C(C[C@@H]1C=C[C@H](NC(=O)Cc2ccccn2)[C@H](CO)O1)NCCCN1CCOCC1,10.0917,0.18538787838737847,0.18755662399650797,0.005607693953490746,0.1819489300430172,0.22708773337672727
correct_CP,O=C(C[C@@H]1C=C[C@H](NC(=O)NC2CCCCC2)[C@@H](CO)O1)NCc1ccccc1,9.9939,0.25129559924920586,0.25679526292321797,0.09536476104383193,0.16143050187938604,0.024545650233604915
correct_CP,O=C(C[C@@H]1C=C[C@H](NC(=O)Nc2cc(F)ccc2F)[C@@H](CO)O1)NCc1ccc2c(c1)OCO2,10.0784,-0.49665790898698375,-0.5448599001208053,-0.044420325306918945,-0.5004395748138863,-0.0900574639939746
correct_CP,O=C(C[C@@H]1C=C[C@H](NC(=O)Nc2cc(F)ccc2F)[C@H](CO)O1)NCCCN1CCOCC1,9.88835,-0.2338404676892593,-0.23824825034339187,-0.18995664957079894,-0.048291600772592924,0.23685845840405342
correct_CP,O=C(C[C@@H]1C=C[C@H](NC(=O)Nc2ccc3c(c2)OCO3)[C@H](CO)O1)NCc1ccc(Cl)cc1,9.92122,-0.08487317403882161,-0.08507785278866897,-0.07487259835400376,-0.010205254434665217,0.008934340161819335
correct_CP,O=C(C[C@@H]1C=C[C@H](NC(=O)c2ccc(F)cc2)[C@@H](CO)O1)NCCc1ccncc1,9.99492,-0.2624553326027804,-0.26874356403237576,0.020581694125426875,-0.28932525815780263,-0.11952346256404112
correct_CP,O=C(C[C@@H]1C=C[C@H](NC(=O)c2ccccc2)[C@@H](CO)O1)NCc1ccc(Oc2ccccc2)cc1,10.0628,-0.10856660074708982,-0.1089961904971033,0.061626760326490664,-0.17062295082359397,-0.039293725076224514
correct_CP,O=C(C[C@@H]1C=C[C@H](NC(=O)c2ccncc2)[C@H](CO)O1)Nc1ccc(-c2ccccc2)cc1,9.99655,0.36952071015967347,0.38786790167370877,-0.008056025585392434,0.3959239272591012,-0.1758311183983231
correct_CP,O=C(C[C@@H]1C=C[C@H](NC(=O)c2cnccn2)[C@H](CO)O1)NCc1ccccc1F,9.92221,-0.2457066193901554,-0.2508384111944291,-0.06654331498337776,-0.18429509621105136,0.05171300282831813
correct_CP,O=C(C[C@@H]1C=C[C@H](NS(=O)(=O)c2ccc(F)cc2)[C@@H](CO)O1)NC1CCCCC1,9.99699,0.13643026583638396,0.1372863154054485,0.015336016938897646,0.12195029846655085,-0.20972402011681937
correct_CP,O=C(C[C@@H]1C=C[C@H](NS(=O)(=O)c2ccc(F)cc2)[C@@H](CO)O1)NCc1ccncn1,9.99989,0.33068005101106945,0.3435916058373087,-0.11258566545720637,0.4561772712945151,-0.27972319489073366
correct_CP,O=C(C[C@@H]1C=C[C@H](NS(=O)(=O)c2ccccc2F)[C@H](CO)O1)NCCCN1CCOCC1,9.95325,0.4153063590391143,0.44200663770241333,0.017238815322080363,0.42476782238033295,-0.21742420386423084
correct_CP,O=C(C[C@@H]1CC[C@@H](NC(=O)C2CC2)[C@H](CO)O1)NCc1ccncc1,10.0221,0.023270624126900594,0.023274826010129323,0.025924400838714744,-0.002649574828585421,-0.05810997040664461
correct_CP,O=C(C[C@@H]1CC[C@@H](NC(=O)CCN2CCCCC2)[C@@H](CO)O1)NCc1ccc(Cl)c(Cl)c1,10.0225,0.42857560100189507,0.4581504771755953,-0.06055069225201143,0.5187011694276067,-0.4535417735723058
correct_CP,O=C(C[C@@H]1CC[C@@H](NC(=O)CN2CCOCC2)[C@@H](CO)O1)NC1CCCCC1,10.0425,0.07959769089721967,0.07976643766482974,0.034095274468398794,0.04567116319643095,0.09759769813084915
correct_CP,O=C(C[C@@H]1CC[C@@H](NC(=O)CN2CCOCC2)[C@@H](CO)O1)NCCc1ccncc1,10.0666,0.29927872870890154,0.3087271866452478,0.02589433766471924,0.2828328489805285,-0.02669351076145905
correct_CP,O=C(C[C@@H]1CC[C@@H](NC(=O)Cc2ccccn2)[C@@H](CO)O1)NCCc1ccncc1,9.99253,0.01928750867533587,0.019289900911767816,0.07377345562899462,-0.05448355471722681,-0.1340200098656033
correct_CP,O=C(C[C@@H]1CC[C@@H](NC(=O)Cc2cccnc2)[C@@H](CO)O1)Nc1ccc(-c2ccccc2)cc1,10.0536,-0.5063388593598258,-0.5577940287846845,-0.0673278843306746,-0.49046614445400993,-0.20883905928381608
correct_CP,O=C(C[C@@H]1CC[C@@H](NC(=O)Cc2cccnc2)[C@H](CO)O1)Nc1ccc(-c2ccccc2)cc1,10.0565,0.11272904862867422,0.11321023708897446,0.11592527764321933,-0.002715040554244874,0.07729509735126214
correct_CP,O=C(C[C@@H]1CC[C@@H](NC(=O)NC2CCCC2)[C@@H](CO)O1)NCc1ccc(F)cc1,10.0291,-0.22711231081578787,-0.23114261373841574,-0.14253028339801788,-0.08861233034039787,-0.19921100823747317
correct_CP,O=C(C[C@@H]1CC[C@@H](NC(=O)Nc2cc(F)ccc2F)[C@@H](CO)O1)NCc1ccccn1,10.119,-0.21980400734940092,-0.2234501571796091,0.04323982301174166,-0.26668998019135076,-0.14315287299622353
correct_CP,O=C(C[C@@H]1CC[C@@H](NC(=O)Nc2ccc(C(F)(F)F)cc2)[C@H](CO)O1)NCCN1CCCC1,10.0718,-0.24461050999127412,-0.24967220976903942,-0.0732947809336083,-0.17637742883543112,0.32505217075591786
correct_CP,O=C(C[C@@H]1CC[C@@H](NC(=O)Nc2ccc3c(c2)OCO3)[C@@H](CO)O1)NCCCN1CCOCC1,10.0258,0.13388139175426242,0.13469001290063673,0.10650548536748897,0.028184527533147763,-0.2151640888015899
correct_CP,O=C(C[C@@H]1CC[C@@H](NC(=O)Nc2ccccc2F)[C@@H](CO)O1)NCc1ccccc1,9.97592,0.25221957244920745,0.2577817624062599,0.002298754143051907,0.25548300826320797,0.15196275637962092
correct_CP,O=C(C[C@@H]1CC[C@@H](NC(=O)c2cccc(F)c2)[C@@H](CO)O1)NCCN1CCCC1,10.0621,-0.12089776609404707,-0.12149201104269167,-0.07854209657905459,-0.04294991446363708,0.08974841952941937
correct_CP,O=C(C[C@@H]1CC[C@@H](NC(=O)c2cccc(F)c2)[C@@H](CO)O1)Nc1nccs1,10.0492,0.23747527172155233,0.24209678665557152,0.027185870638004556,0.21491091601756696,-0.038955197313262024
correct_CP,O=C(C[C@@H]1CC[C@@H](NC(=O)c2cccc(F)c2)[C@H](CO)O1)NCCN1CCCC1,10.0188,0.06236792515609271,0.06244897979054817,0.05393874393204859,0.008510235858499582,0.19974174965075778
correct_CP,O=C(C[C@@H]1CC[C@@H](NC(=O)c2ccccc2)[C@H](CO)O1)Nc1ccc(-c2ccccc2)cc1,10.0983,0.08921158506585015,0.08944939130053489,0.017950170819272297,0.07149922048126259,0.13410758340600493
correct_CP,O=C(C[C@@H]1CC[C@@H](NC(=O)c2ccccn2)[C@@H](CO)O1)NCc1cccc(F)c1,9.98254,0.14272012502972173,0.14370116665432706,0.03417758723015067,0.10952357942417638,0.05473994483136911
correct_CP,O=C(C[C@@H]1CC[C@@H](NC(=O)c2cnccn2)[C@@H](CO)O1)NCc1ccccc1F,10.0219,0.5310679568293615,0.5916314606163924,-0.019799973818236387,0.6114314344346288,-0.4868253702317189
correct_CP,O=C(C[C@@H]1CC[C@@H](NS(=O)(=O)c2ccc(F)cc2)[C@@H](CO)O1)NCCc1ccncc1,10.0473,0.602323080539881,0.6967849325312793,0.02277294186056676,0.6740119906707125,0.07684149045218784
correct_CP,O=C(C[C@@H]1CC[C@@H](NS(=O)(=O)c2cccc(F)c2)[C@H](CO)O1)NCc1ccc2c(c1)OCO2,10.0047,0.14250502125360548,0.1434815971977102,-0.02726182402831426,0.17074342122602446,0.010423379360108585
correct_CP,O=C(C[C@@H]1CC[C@@H](NS(=O)(=O)c2ccccc2)[C@@H](CO)O1)NCCN1CCCCC1,10.0416,-0.06452201632791046,-0.0646117776452068,0.017234087574359132,-0.08184586521956594,0.0109686785598073
correct_CP,O=C(C[C@@H]1CC[C@@H]2NC[C@H](O)COC[C@H]2O1)NC1Cc2ccccc2C1,10.0739,0.15293183744723404,0.1541411171366329,0.04379188655498645,0.11034923058164645,-0.03892456939779572
correct_CP,O=C(C[C@@H]1CC[C@@H]2NC[C@H](O)COC[C@H]2O1)NCCN1CCCCC1,10.0476,-0.44669621535629206,-0.4805652867844836,-0.06254910996410362,-0.41801617682038,0.025074345298516473
correct_CP,O=C(C[C@@H]1CC[C@@H]2NC[C@H](O)COC[C@H]2O1)Nc1ccc(-c2ccccc2)cc1,9.98187,0.33443689158868994,0.3478156079452008,-0.11030148850270324,0.458117096447904,0.25048437788549677
correct_CP,O=C(C[C@@H]1CC[C@@H]2[C@H](COC[C@@H](O)CN2C(=O)c2cnccn2)O1)NCc1ccc(F)cc1,10.0999,-0.17977113064607517,-0.18174616564258414,0.07463064230893678,-0.2563768079515209,-0.39409662355332115
correct_CP,O=C(C[C@@H]1CC[C@@H]2[C@H](COC[C@@H](O)CN2Cc2ccc(Oc3ccccc3)cc2)O1)N1CCc2ccccc2C1,10.0654,0.27434767526503334,0.28155934542677796,0.012176320487936964,0.269383024938841,-0.028913413820190803
correct_CP,O=C(C[C@@H]1CC[C@@H]2[C@H](COC[C@H](O)CN2CCC(F)(F)F)O1)NCc1ccc(Oc2ccccc2)cc1,10.1038,0.16145606919135352,0.16288137849341613,0.09083255813386275,0.07204882035955339,-0.09490398407457568
correct_CP,O=C(C[C@@H]1CC[C@@H]2[C@H](COC[C@H](O)CN2Cc2ccc3c(c2)OCO3)O1)Nc1ccc(-c2ccccc2)cc1,9.98817,-0.09568489523502884,-0.09597852747421787,-0.12626020046561454,0.03028167299139667,0.16117477965757093
correct_CP,O=C(C[C@@H]1CC[C@H](NC(=O)C2CCOCC2)[C@@H](CO)O1)NCc1ccccc1Cl,10.0724,0.057529841074666445,0.057593435914689114,-0.05550118515206884,0.11309462106675795,0.3178795857015101
correct_CP,O=C(C[C@@H]1CC[C@H](NC(=O)C2CCOCC2)[C@@H](CO)O1)Nc1nccs1,10.0065,0.12352909728754248,0.12416324170030378,-0.06633793058495628,0.19050117228526006,0.12062717154517524
correct_CP,O=C(C[C@@H]1CC[C@H](NC(=O)C2CCOCC2)[C@H](CO)O1)NCc1ccccc1Cl,10.0656,-0.002735378479846394,-0.00273538530218032,-0.10156329893958156,0.09882791363740125,0.10693630757862274
correct_CP,O=C(C[C@@H]1CC[C@H](NC(=O)C2CCOCC2)[C@H](CO)O1)Nc1nccs1,10.1016,0.07749870216236517,0.07765441735186784,-0.057544397752550075,0.13519881510441792,-0.027309550077726577
correct_CP,O=C(C[C@@H]1CC[C@H](NC(=O)Nc2ccc(C(F)(F)F)cc2)[C@@H](CO)O1)NCCN1CCCC1,10.0359,0.2359455862500625,0.24047630208144827,-0.0025070866271193057,0.24298338870856756,0.1872527171374948
correct_CP,O=C(C[C@@H]1CC[C@H](NC(=O)Nc2cccc(F)c2)[C@H](CO)O1)NCC1CC1,10.0473,-0.37021541522165313,-0.38867270592922,0.047774379813349435,-0.4364470857425694,0.2465164357285462
correct_CP,O=C(C[C@@H]1CC[C@H](NC(=O)c2ccc3c(c2)OCO3)[C@@H](CO)O1)NC1Cc2ccccc2C1,10.0303,0.07970780715132696,0.07987725701914179,-0.017307953416732823,0.09718521043587461,0.02312295630686131
correct_CP,O=C(C[C@@H]1CC[C@H](NC(=O)c2cccc(F)c2)[C@@H](CO)O1)NCCN1CCCC1,10.0234,0.08199116164677366,0.0821756362148408,-0.0373428814447684,0.11951851765960919,0.14253387818852636
correct_CP,O=C(C[C@@H]1CC[C@H](NC(=O)c2cccc(F)c2)[C@H](CO)O1)NCCN1CCCC1,10.0908,0.12337924206059615,0.124011067191716,-0.15532037290767808,0.2793314400993941,0.1996852742276029
correct_CP,O=C(C[C@@H]1CC[C@H](NC(=O)c2cccnc2)[C@@H](CO)O1)NCc1ccc(Cl)c(Cl)c1,10.084,0.08131175123539428,0.08149166577263388,-0.04757278747302991,0.1290644532456638,0.10111021984569005
correct_CP,O=C(C[C@@H]1CC[C@H](NC(=O)c2cnccn2)[C@@H](CO)O1)NCc1ccccc1F,10.0568,0.2806566857445587,0.28839476440039435,-0.02674968895350751,0.31514445335390184,0.19081603289551125
correct_CP,O=C(C[C@@H]1CC[C@H](NS(=O)(=O)c2ccc(F)cc2)[C@H](CO)O1)N1CCN(c2ccccc2)CC1,10.0485,0.38754532324610663,0.40890828397261403,0.026468855802079458,0.38243942817053456,-0.12022283509225185
correct_CP,O=C(C[C@@H]1CC[C@H]2[C@@H](COC[C@@H](O)CN2C(=O)Nc2cc(Cl)cc(Cl)c2)O1)N1CCOCC1,10.1608,0.2248617520849076,0.22877093165898488,0.12089516953942053,0.10787576211956434,-0.06854174854162218
correct_CP,O=C(C[C@@H]1CC[C@H]2[C@@H](COC[C@@H](O)CN2C(=O)c2cc(Cl)cc(Cl)c2)O1)N1CCc2ccccc2C1,10.0634,0.2859170205037286,0.29411410203887184,0.0018626874654723655,0.2922514145733995,0.09531843776284059
correct_CP,O=C(C[C@@H]1CC[C@H]2[C@@H](COC[C@@H](O)CN2CCC(F)(F)F)O1)NCC1CCCCC1,10.1214,-0.20821635154319337,-0.2113061390310278,-0.0769856157131111,-0.1343205233179167,0.28738943737109
correct_CP,O=C(C[C@@H]1CC[C@H]2[C@@H](COC[C@@H](O)CN2Cc2ccc(Cl)cc2)O1)NCCc1ccccc1,10.0615,-0.07415957677459104,-0.0742959775464325,0.06869597322685131,-0.1429919507732838,-0.06868710158102953
correct_CP,O=C(C[C@@H]1CC[C@H]2[C@@H](COC[C@@H](O)CN2Cc2cccc(C(F)(F)F)c2)O1)NCCc1ccncc1,10.0963,-0.17207510563118003,-0.17380430419984702,0.015993550125369658,-0.18979785432521667,0.3141555010184775
correct_CP,O=C(C[C@@H]1CC[C@H]2[C@@H](COC[C@@H](O)CN2Cc2cccc(Cl)c2)O1)NCC1CCCCC1,10.0817,0.3167611361937871,0.3280428949212165,0.08829943917495586,0.23974345574626066,0.03614882757846763
correct_CP,O=C(C[C@@H]1CC[C@H]2[C@@H](COC[C@H](O)CN2C(=O)Nc2ccc(Cl)cc2)O1)NCC1CCCCC1,10.019,0.12217089968089181,0.12278423168104535,0.13789431954390965,-0.015110087862864302,-0.2878173256480656
correct_CP,O=C(C[C@@H]1CC[C@H]2[C@@H](COC[C@H](O)CN2C(=O)Nc2ccccc2)O1)NCc1ccncn1,10.0559,-0.05553361025424626,-0.055590804338611265,0.018871621181833158,-0.07446242552044442,0.40365961002795675
correct_CP,O=C(C[C@@H]1CC[C@H]2[C@@H](COC[C@H](O)CN2C(=O)c2ccc(F)cc2)O1)N1CCCCC1,10.1572,-0.07387461744225746,-0.07400944845369653,-0.05220515513490564,-0.021804293318790892,-0.08842700261555811
correct_CP,O=C(C[C@@H]1CC[C@H]2[C@@H](COC[C@H](O)CN2C(=O)c2cnccn2)O1)N1CCN(c2ccccc2)CC1,10.0526,-0.45462280549788664,-0.4905121252565205,0.09618763825135905,-0.5866997635078796,-0.33438692831121664
correct_CP,O=C(C[C@@H]1CC[C@H]2[C@@H](COC[C@H](O)CN2CC2CCOCC2)O1)NCC1CC1,10.0039,-0.02741574814246498,-0.02742262001297124,-0.01058411937317374,-0.0168385006397975,0.20587132579787185
correct_CP,O=C(C[C@@H]1CC[C@H]2[C@@H](COC[C@H](O)CN2Cc2ccc3c(c2)OCO3)O1)N1CCCCC1,9.9821,0.03618005389793751,0.03619585282713507,0.10959268609259376,-0.07339683326545869,-0.12421553027008561
correct_CP,O=C(C[C@@H]1CC[C@H]2[C@@H](COC[C@H](O)CN2Cc2ccccc2F)O1)NC1CCC1,10.0368,0.2835182413226765,0.2915037121835305,0.07281853979301314,0.21868517239051735,-0.04805421435981305
correct_CP,O=C(C[C@@H]1C[C@@H]2c3cc(NC(=O)C4CCC4)ccc3O[C@@H]2[C@@H](CO)O1)NCc1cccc(F)c1,10.2759,0.2057670198386952,0.20874716515463818,-0.01444158294581668,0.22318874810045486,0.2235342584996021
correct_CP,O=C(C[C@@H]1C[C@@H]2c3cc(NC(=O)C4CCC4)ccc3O[C@@H]2[C@H](CO)O1)NCc1ccccn1,10.1031,0.6164541234527933,0.7192654885003104,0.21044527427416826,0.5088202142261421,0.33980481384453654
correct_CP,O=C(C[C@@H]1C[C@@H]2c3cc(NC(=O)CC4CC4)ccc3O[C@@H]2[C@@H](CO)O1)NCc1cc(F)ccc1F,9.98574,0.20132700890539967,0.20411523813520996,0.014144746887146948,0.189970491248063,-0.020782294015425345
correct_CP,O=C(C[C@@H]1C[C@@H]2c3cc(NC(=O)CC4CC4)ccc3O[C@@H]2[C@@H](CO)O1)NCc1ccc(-c2ccccc2)cc1,9.71738,-0.047418250815600575,-0.047453838668314804,-0.02033971903333011,-0.027114119634984696,0.43110357957433065
correct_CP,O=C(C[C@@H]1C[C@@H]2c3cc(NC(=O)CC4CC4)ccc3O[C@@H]2[C@@H](CO)O1)NCc1ccc(Cl)cc1,10.0037,0.08483194916137408,0.08503632894129108,0.04283439171005997,0.04220193723123111,0.3045219720493008
correct_CP,O=C(C[C@@H]1C[C@@H]2c3cc(NC(=O)CC4CC4)ccc3O[C@@H]2[C@H](CO)O1)NCc1ccncc1,9.96761,0.07205988587094685,0.07218500262031273,0.03985741414789513,0.0323275884724176,0.06185646642229602
correct_CP,O=C(C[C@@H]1C[C@@H]2c3cc(NC(=O)Cc4ccncc4)ccc3O[C@@H]2[C@H](CO)O1)NCc1cc(F)ccc1F,10.1333,-0.03416182612687734,-0.03417512473617884,-0.008448439293054407,-0.025726685443124432,0.019473597987650068
correct_CP,O=C(C[C@@H]1C[C@@H]2c3cc(NC(=O)Cc4ccncc4)ccc3O[C@@H]2[C@H](CO)O1)NCc1cccnc1,10.0481,-0.030581993262581156,-0.030591532637352554,-0.01000587543733742,-0.020585657200015133,-0.07428772952241941
correct_CP,O=C(C[C@@H]1C[C@@H]2c3cc(NC(=O)NC4CCCC4)ccc3O[C@@H]2[C@H](CO)O1)NCc1ccccc1F,10.0531,0.06287499929434594,0.06295805023291044,-0.05476769767748295,0.11772574791039339,0.10589206462537432
correct_CP,O=C(C[C@@H]1C[C@@H]2c3cc(NC(=O)Nc4ccc(C(F)(F)F)cc4)ccc3O[C@@H]2[C@H](CO)O1)NCc1ccc(Cl)cc1,9.94705,0.13702616405942963,0.13789356595688387,-0.019157824172140136,0.157051390129024,0.1811919788968145
correct_CP,O=C(C[C@@H]1C[C@@H]2c3cc(NC(=O)Nc4ccccc4)ccc3O[C@@H]2[C@H](CO)O1)NC1CCCC1,9.72733,-0.31875811408263044,-0.33026415736890014,-0.014690931544726471,-0.3155732258241737,-0.014171214257431246
correct_CP,O=C(C[C@@H]1C[C@@H]2c3cc(NC(=O)c4ccc5c(c4)OCO5)ccc3O[C@@H]2[C@H](CO)O1)NCc1ccccn1,10.0676,-0.1676689250784494,-0.16926719019669578,0.1622688122593913,-0.33153600245608705,-0.3308470147756709
correct_CP,O=C(C[C@@H]1C[C@@H]2c3cc(NS(=O)(=O)c4ccccc4)ccc3O[C@@H]2[C@H](CO)O1)NCC1CC1,10.0709,0.2539042033836966,0.25958165989230614,0.007496743572668406,0.25208491631963775,0.05483761112305014
correct_CP,O=C(C[C@@H]1C[C@H]2c3cc(NC(=O)C4CCC4)ccc3O[C@H]2[C@H](CO)O1)NCc1ccc(-c2ccccc2)cc1,10.1163,0.1408098696383343,0.14175173222473586,0.019640266781021917,0.12211146544371394,0.08858188629560376
correct_CP,O=C(C[C@@H]1C[C@H]2c3cc(NC(=O)C4CCC4)ccc3O[C@H]2[C@H](CO)O1)NCc1cccc(F)c1,9.93169,0.19237068701123658,0.19479779805883066,-0.010872703709178845,0.2056705017680095,-0.21363817518031752
correct_CP,O=C(C[C@@H]1C[C@H]2c3cc(NC(=O)C4CCC4)ccc3O[C@H]2[C@H](CO)O1)NCc1ccncc1,10.203,-0.17526963149739017,-0.1770981835050269,-0.03685030679596659,-0.1402478767090603,0.13851851169720997
correct_CP,O=C(C[C@@H]1C[C@H]2c3cc(NC(=O)C4CCOCC4)ccc3O[C@H]2[C@H](CO)O1)NCCN1CCCCC1,10.0337,-0.05390839173623065,-0.053960704305585645,-0.11679048463219495,0.0628297803266093,0.25387693873928674
correct_CP,O=C(C[C@@H]1C[C@H]2c3cc(NC(=O)C4CCOCC4)ccc3O[C@H]2[C@H](CO)O1)NCc1ccc2c(c1)OCO2,9.92487,0.19245804545855802,0.19488851515128955,-0.006005842663250566,0.20089435781454013,-0.024218874794864814
correct_CP,O=C(C[C@@H]1C[C@H]2c3cc(NC(=O)CC4CC4)ccc3O[C@H]2[C@H](CO)O1)NCC1CC1,10.0097,-0.006477911082911139,-0.0064780016967704345,-0.04618912232768846,0.03971112063091802,-0.08945575142435663
correct_CP,O=C(C[C@@H]1C[C@H]2c3cc(NC(=O)CC4CC4)ccc3O[C@H]2[C@H](CO)O1)NCc1ccc2c(c1)OCO2,10.0424,0.33251726870972925,0.34565579818726294,0.07123095024242418,0.2744248479448388,-0.11400043176079688
correct_CP,O=C(C[C@@H]1C[C@H]2c3cc(NC(=O)Cc4ccncc4)ccc3O[C@H]2[C@@H](CO)O1)NCCN1CCCCC1,10.0088,0.11364292833497863,0.11413597657454233,0.12073636239974381,-0.006600385825201477,-0.15378090118010862
correct_CP,O=C(C[C@@H]1C[C@H]2c3cc(NC(=O)Cc4ccncc4)ccc3O[C@H]2[C@@H](CO)O1)NCc1ccccn1,10.0104,-0.14096418366246002,-0.14190917128132294,0.014347811249537414,-0.15625698253086034,-0.1568151081608756
correct_CP,O=C(C[C@@H]1C[C@H]2c3cc(NC(=O)Cc4ccncc4)ccc3O[C@H]2[C@@H](CO)O1)NCc1cccnc1,9.99269,-0.1087134920103743,-0.10914483617501672,0.0557529630897932,-0.1648977992648099,0.061055984983346495
correct_CP,O=C(C[C@@H]1C[C@H]2c3cc(NC(=O)Cc4ccncc4)ccc3O[C@H]2[C@H](CO)O1)NCCN1CCCCC1,9.87737,0.2059777278975218,0.20896719900465377,0.0325393752597162,0.17642782374493757,0.11650355918251126
correct_CP,O=C(C[C@@H]1C[C@H]2c3cc(NC(=O)NC4CCCC4)ccc3O[C@H]2[C@@H](CO)O1)NCCN1CCCCC1,9.79875,0.02671692061284026,0.02672328012787385,-0.11464428624499133,0.14136756637286518,0.13101770638589952
correct_CP,O=C(C[C@@H]1C[C@H]2c3cc(NC(=O)NC4CCCC4)ccc3O[C@H]2[C@H](CO)O1)NCCN1CCCCC1,10.1145,0.24842168023467345,0.253729977490965,0.0700187487026577,0.18371122878830728,-0.07040090198686122
correct_CP,O=C(C[C@@H]1C[C@H]2c3cc(NC(=O)NC4CCCCC4)ccc3O[C@H]2[C@@H](CO)O1)NCc1cccnc1,9.79305,-0.14210904750251496,-0.14307743870932615,0.011788062183861674,-0.15486550089318782,0.07588476289898365
correct_CP,O=C(C[C@@H]1C[C@H]2c3cc(NC(=O)Nc4ccc(C(F)(F)F)cc4)ccc3O[C@H]2[C@@H](CO)O1)NCCc1ccccc1,9.95674,0.23158046311176295,0.2358588484625158,0.008654556292465643,0.22720429217005017,0.14950260765222428
correct_CP,O=C(C[C@@H]1C[C@H]2c3cc(NC(=O)Nc4ccc(C(F)(F)F)cc4)ccc3O[C@H]2[C@@H](CO)O1)NCc1ccc(Cl)cc1,9.84017,0.205152404895332,0.20810546150645134,0.02840877116180416,0.1796966903446472,0.0024788908557623127
correct_CP,O=C(C[C@@H]1C[C@H]2c3cc(NC(=O)Nc4ccc(C(F)(F)F)cc4)ccc3O[C@H]2[C@H](CO)O1)NCc1ccc(Cl)cc1,10.0025,-0.2505774195895458,-0.2560288210419522,-0.03814873629414124,-0.21788008474781095,0.22166476858418377
correct_CP,O=C(C[C@@H]1C[C@H]2c3cc(NC(=O)Nc4ccccc4F)ccc3O[C@H]2[C@@H](CO)O1)NCC1CC1,10.0633,-0.25723227806939813,-0.2631423026096883,0.03393751331169149,-0.2970798159213798,-0.17509374137826558
correct_CP,O=C(C[C@@H]1C[C@H]2c3cc(NC(=O)Nc4ccccc4F)ccc3O[C@H]2[C@@H](CO)O1)NCc1ccncc1,10.0641,0.14800393693945213,0.14909905013285576,-0.02000947829250093,0.1691085284253567,0.08809317620353072
correct_CP,O=C(C[C@@H]1C[C@H]2c3cc(NC(=O)Nc4ccccc4F)ccc3O[C@H]2[C@H](CO)O1)NC1CCCCC1,10.005,0.28081835776714825,0.28857026852789974,0.09674382354503805,0.1918264449828617,0.16844408923018714
correct_CP,O=C(C[C@@H]1C[C@H]2c3cc(NC(=O)Nc4ccccc4F)ccc3O[C@H]2[C@H](CO)O1)NCc1ccc2c(c1)OCO2,10.0957,0.025815461387174617,0.025821198483287473,-0.14708135269054884,0.17290255117383632,-0.22155203176488775
correct_CP,O=C(C[C@@H]1C[C@H]2c3cc(NC(=O)c4ccc5c(c4)OCO5)ccc3O[C@H]2[C@@H](CO)O1)NCC1CC1,10.0324,0.38914896687671724,0.41079673171925657,0.12058793787021405,0.2902087938490425,0.1258765150649383
correct_CP,O=C(C[C@@H]1C[C@H]2c3cc(NC(=O)c4ccc5c(c4)OCO5)ccc3O[C@H]2[C@@H](CO)O1)NCc1ccc(Cl)cc1,10.0189,-0.021764206014466343,-0.021767643419306627,-0.021581484414004155,-0.00018615900530247198,0.07537026279129541
correct_CP,O=C(C[C@@H]1C[C@H]2c3cc(NC(=O)c4ccc5c(c4)OCO5)ccc3O[C@H]2[C@@H](CO)O1)NCc1ccccn1,10.0584,0.4290462526785305,0.4587271705677111,0.09336833245560242,0.3653588381121087,0.2786612782767447
correct_CP,O=C(C[C@@H]1C[C@H]2c3cc(NC(=O)c4cccnc4)ccc3O[C@H]2[C@@H](CO)O1)NCCc1ccccc1,9.86644,0.19391958645634172,0.19640671873169913,0.03494217622469132,0.1614645425070078,0.19183904550246356
correct_CP,O=C(C[C@@H]1C[C@H]2c3cc(NS(=O)(=O)c4ccc(F)cc4)ccc3O[C@H]2[C@@H](CO)O1)N1CCc2ccccc2C1,9.91188,0.0555967324004547,0.0556541219773074,0.12980687925559395,-0.07415275727828655,0.22220300660806966
correct_CP,O=C(C[C@@H]1C[C@H]2c3cc(NS(=O)(=O)c4ccc(F)cc4)ccc3O[C@H]2[C@@H](CO)O1)NC1CCCCC1,9.88975,-0.004289119757029233,-0.004289146058985797,-0.04556361375245212,0.04127446769346632,-0.09043173757423921
correct_CP,O=C(C[C@@H]1C[C@H]2c3cc(NS(=O)(=O)c4ccc(F)cc4)ccc3O[C@H]2[C@H](CO)O1)NCCN1CCCCC1,10.0813,0.24757786677882898,0.252830865057698,0.009328067328826344,0.24350279772887162,0.4111576804194504
correct_CP,O=C(C[C@@H]1C[C@H]2c3cc(NS(=O)(=O)c4ccc(F)cc4)ccc3O[C@H]2[C@H](CO)O1)NCc1ccc(Cl)cc1,10.1022,0.34651643587588016,0.3614793681675502,-0.023067950758136183,0.3845473189256864,0.06162595497994175
correct_CP,O=C(C[C@@H]1C[C@H]2c3cc(NS(=O)(=O)c4ccccc4)ccc3O[C@H]2[C@@H](CO)O1)NCC1CC1,10.1007,0.12529606890538594,0.12595799386947387,0.01060328859892938,0.11535470527054449,0.001231078749963574
correct_CP,O=C(C[C@H]1C=C[C@@H](NC(=O)CC2CC2)[C@H](CO)O1)NCC(F)(F)F,10.0034,-0.027686673910994705,-0.027693751590802198,-0.04105593335598047,0.013362181765178272,0.08332408079008763
correct_CP,O=C(C[C@H]1C=C[C@@H](NC(=O)CCN2CCCCC2)[C@@H](CO)O1)Nc1ccc(-c2ccccc2)cc1,10.0083,0.2921350385197848,0.30089892736478535,-0.01683206843105471,0.3177309957958401,0.0509387957804694
correct_CP,O=C(C[C@H]1C=C[C@@H](NC(=O)CCN2CCCCC2)[C@H](CO)O1)Nc1nccs1,10.0531,-0.018563713028347726,-0.018565845892005436,0.03837078847959279,-0.056936634371598224,0.1058402939264449
correct_CP,O=C(C[C@H]1C=C[C@@H](NC(=O)CN2CCOCC2)[C@H](CO)O1)NC1CCCCC1,10.1016,0.145543868919676,0.14658481768329598,-0.02785381813196528,0.17443863581526126,0.17200851620002366
correct_CP,O=C(C[C@H]1C=C[C@@H](NC(=O)Cc2ccccn2)[C@@H](CO)O1)NCCCN1CCOCC1,9.96025,0.1765895824483835,0.17846029365909596,0.016984634878541356,0.16147565878055462,0.09970923360542783
correct_CP,O=C(C[C@H]1C=C[C@@H](NC(=O)Cc2ccccn2)[C@@H](CO)O1)NCCc1ccncc1,9.93381,-0.18842133722941243,-0.1906998903668676,-0.005530771796884281,-0.18516911856998333,0.2933861650499422
correct_CP,O=C(C[C@H]1C=C[C@@H](NC(=O)Nc2cc(F)ccc2F)[C@@H](CO)O1)Nc1ccccc1,10.0154,-0.169425381584308,-0.1710750038502936,0.007232209706345533,-0.17830721355663912,0.10561591066848974
correct_CP,O=C(C[C@H]1C=C[C@@H](NC(=O)Nc2cc(F)ccc2F)[C@H](CO)O1)NCCCN1CCOCC1,10.0001,0.12481016213821712,0.12546436762572039,-0.16137099192434978,0.28683535955007017,-0.07945947695960218
correct_CP,O=C(C[C@H]1C=C[C@@H](NC(=O)Nc2ccc(F)cc2)[C@@H](CO)O1)NCCN1CCCC1,10.037,-0.28430759637490216,-0.29236227291024236,-0.11545139447719935,-0.176910878433043,-0.09813635934844406
correct_CP,O=C(C[C@H]1C=C[C@@H](NC(=O)Nc2ccc3c(c2)OCO3)[C@H](CO)O1)NCc1ccc(Cl)cc1,10.08,-0.21155972604350634,-0.21480359058399753,-0.05581548984632831,-0.15898810073766922,-0.12740794413062462
correct_CP,O=C(C[C@H]1C=C[C@@H](NC(=O)c2ccc(F)cc2)[C@H](CO)O1)NCCc1ccncc1,10.0801,0.01822401296931155,0.01822603085865095,-0.019912887635284822,0.038138918493935775,-0.08877120383365436
correct_CP,O=C(C[C@H]1C=C[C@@H](NC(=O)c2cccc(F)c2)[C@@H](CO)O1)Nc1nccs1,10.104,0.31448666498425326,0.3255167738873339,-0.062206595480973896,0.3877233693683078,0.06080060807679907
correct_CP,O=C(C[C@H]1C=C[C@@H](NC(=O)c2ccccn2)[C@H](CO)O1)NCc1cc(F)cc(F)c1,10.0452,0.055052834669024026,0.05510855434156285,-0.0739784031152383,0.12908695745680115,0.24744262676937262
correct_CP,O=C(C[C@H]1C=C[C@@H](NC(=O)c2ccncc2)[C@H](CO)O1)Nc1ccc(-c2ccccc2)cc1,10.0003,0.23645999548299163,0.24102110695088866,-0.03499415136791541,0.2760152583188041,0.03334240138706366
correct_CP,O=C(C[C@H]1C=C[C@@H](NS(=O)(=O)c2ccc(F)cc2)[C@@H](CO)O1)NC1CCCCC1,10.0093,0.18868189979851382,0.19097005785466908,-0.022351429771504863,0.21332148762617395,0.21365624484950116
correct_CP,O=C(C[C@H]1C=C[C@@H](NS(=O)(=O)c2ccc(F)cc2)[C@@H](CO)O1)NCc1ccncn1,10.1337,-0.15583679573314857,-0.1571170066085084,0.03257866906170693,-0.18969567567021534,0.03436892948818391
correct_CP,O=C(C[C@H]1C=C[C@@H](NS(=O)(=O)c2ccc(F)cc2)[C@H](CO)O1)N1CCN(c2ccccc2)CC1,10.0011,0.3631904634657426,0.3805562751110602,0.06879177706358569,0.3117644980474745,-0.09271405270013415
correct_CP,O=C(C[C@H]1C=C[C@H](NC(=O)C2CC2)[C@H](CO)O1)NC1CCC1,9.99791,-0.026796168899722635,-0.026802585190298205,0.048566592764526254,-0.07536917795482445,-0.19787183836285022
correct_CP,O=C(C[C@H]1C=C[C@H](NC(=O)C2CC2)[C@H](CO)O1)NCc1ccccc1Cl,10.0886,0.09334509115465343,0.09361763220227728,-0.11921371249626138,0.21283134469853865,0.08426493037916688
correct_CP,O=C(C[C@H]1C=C[C@H](NC(=O)CCN2CCCCC2)[C@@H](CO)O1)Nc1ccc(-c2ccccc2)cc1,9.97032,0.26076958235525116,0.26693396212526455,-0.03503074069075568,0.3019647028160202,0.3129359736708343
correct_CP,O=C(C[C@H]1C=C[C@H](NC(=O)Cc2cccnc2)[C@@H](CO)O1)Nc1ccccc1,10.1657,0.16984523034434149,0.17150729220640137,-0.16587570383537042,0.3373829960417718,0.06526046934893606
correct_CP,O=C(C[C@H]1C=C[C@H](NC(=O)Nc2ccccc2)[C@@H](CO)O1)NCc1ccccn1,9.95468,0.5540556341001239,0.6242145633807191,-0.1587844817853624,0.7829990451660815,0.1798579661382728
correct_CP,O=C(C[C@H]1C=C[C@H](NC(=O)c2ccc(F)cc2)[C@H](CO)O1)NCCc1ccncc1,10.0311,0.036561111961350264,0.036577415633835236,0.0013249730305366567,0.03525244260329858,0.11233011709816129
correct_CP,O=C(C[C@H]1C=C[C@H](NC(=O)c2cccc(F)c2)[C@H](CO)O1)Nc1nccs1,10.0627,-0.0027025812435509545,-0.0027025878234150508,0.03905010010518733,-0.04175268792860238,-0.17483785949080546
correct_CP,O=C(C[C@H]1C=C[C@H](NC(=O)c2cccnc2)[C@@H](CO)O1)NCc1ccc(Cl)c(Cl)c1,10.0157,0.37135047407693744,0.38998868593685126,-0.0026393526664763925,0.3926280386033277,-0.2946343107065863
correct_CP,O=C(C[C@H]1C=C[C@H](NC(=O)c2cccnc2)[C@H](CO)O1)NCc1ccc(Cl)c(Cl)c1,10.0502,-0.476264377633072,-0.51814154361343,0.0003718709567431741,-0.5185134145701732,0.3886376887766879
correct_CP,O=C(C[C@H]1C=C[C@H](NS(=O)(=O)c2ccc(F)cc2)[C@H](CO)O1)NC1CCCCC1,10.0498,0.25516571028569773,0.2609305595964888,-0.0357761639792244,0.2967067235757132,0.16154416019689455
correct_CP,O=C(C[C@H]1C=C[C@H](NS(=O)(=O)c2ccc(F)cc2)[C@H](CO)O1)NCc1ccncn1,10.1089,0.2953164249031649,0.3043807077164839,0.07337694400017065,0.23100376371631326,0.18150762723713726
correct_CP,O=C(C[C@H]1CC[C@@H](NC(=O)C2CCC2)[C@@H](CO)O1)NCC1CC1,9.98617,0.3372455601903479,0.350981340541598,0.03679753777309547,0.31418380276850255,0.19808956983919235
correct_CP,O=C(C[C@H]1CC[C@@H](NC(=O)CC2CC2)[C@@H](CO)O1)NCC(F)(F)F,10.1832,0.13112881599769083,0.1318882428842035,0.06565720694425431,0.0662310359399492,0.1451612932322765
correct_CP,O=C(C[C@H]1CC[C@@H](NC(=O)CCN2CCCCC2)[C@@H](CO)O1)NCc1ccc(Cl)c(Cl)c1,9.98148,-0.6241899696174192,-0.7318403564380159,-0.03944316322948259,-0.6923971932085333,0.293984629868573
correct_CP,O=C(C[C@H]1CC[C@@H](NC(=O)CCN2CCCCC2)[C@H](CO)O1)Nc1ccc(-c2ccccc2)cc1,10.0534,-0.1369425479741002,-0.13780835083411128,-0.01839833480177054,-0.11941001603234074,-0.09283452348936916
correct_CP,O=C(C[C@H]1CC[C@@H](NC(=O)CN2CCOCC2)[C@@H](CO)O1)NCc1cccc(F)c1,9.96807,0.6735411175993303,0.8171965419205491,-0.09614829909780963,0.9133448410183588,0.473110251842728
correct_CP,O=C(C[C@H]1CC[C@@H](NC(=O)Cc2ccccn2)[C@@H](CO)O1)NCCc1ccncc1,10.0466,0.16243084245661366,0.1638824044353914,0.05745109606314503,0.10643130837224637,-0.1413835637651356
correct_CP,O=C(C[C@H]1CC[C@@H](NC(=O)NC2CCCC2)[C@@H](CO)O1)NCc1ccc(F)cc1,10.0012,0.5440548279395215,0.6098973373509364,-0.18257079262613904,0.7924681299770755,0.45820666861570436
correct_CP,O=C(C[C@H]1CC[C@@H](NC(=O)Nc2cc(F)ccc2F)[C@@H](CO)O1)NCc1ccccn1,10.0969,-0.020186359732491835,-0.02018910231038154,-0.034988653336336634,0.014799551025955093,-0.030595427857246504
correct_CP,O=C(C[C@H]1CC[C@@H](NC(=O)Nc2ccc(C(F)(F)F)cc2)[C@H](CO)O1)NCc1cc(F)cc(F)c1,10.092,0.4779656608539342,0.5203442490960849,0.005517475457015071,0.5148267736390698,0.18084922175356266
correct_CP,O=C(C[C@H]1CC[C@@H](NC(=O)Nc2ccc3c(c2)OCO3)[C@H](CO)O1)NCCCN1CCOCC1,10.0187,-0.09522141578017483,-0.09551078627803178,0.16793541728374117,-0.26344620356177295,-0.16814039516221285
correct_CP,O=C(C[C@H]1CC[C@@H](NC(=O)c2ccc(F)cc2)[C@H](CO)O1)NCCc1ccccc1,9.98156,0.287394198610902,0.2957235295143066,-0.1039554159826011,0.3996789454969077,-0.4609357338086307
correct_CP,O=C(C[C@H]1CC[C@@H](NC(=O)c2ccc(F)cc2)[C@H](CO)O1)NCc1ccncn1,10.0645,0.13901195937145036,0.13991792452126703,0.0795311965190809,0.06038672800218613,-0.0618769424969207
correct_CP,O=C(C[C@H]1CC[C@@H](NC(=O)c2cccc(F)c2)[C@@H](CO)O1)NCCN1CCCC1,10.0039,0.010018909558718926,0.010019244806777359,-0.08547252468036207,0.09549176948713943,-0.11905540551401586
correct_CP,O=C(C[C@H]1CC[C@@H](NC(=O)c2ccccn2)[C@@H](CO)O1)NCc1cccc(F)c1,9.99087,-0.21741379696841956,-0.22093998458666836,0.02756740897627724,-0.2485073935629456,0.10179042615631886
correct_CP,O=C(C[C@H]1CC[C@@H](NS(=O)(=O)c2ccc(F)cc2)[C@H](CO)O1)NC1CCC1,10.0287,0.5521553865278805,0.6214767442974485,0.09442119031756316,0.5270555539798853,0.17080395204609253
correct_CP,O=C(C[C@H]1CC[C@@H](NS(=O)(=O)c2cccc(F)c2)[C@@H](CO)O1)N1CCCCC1,10.0922,-0.18764012236845956,-0.18989004284998193,0.002693439131302256,-0.1925834819812842,-0.13647842226391504
correct_CP,O=C(C[C@H]1CC[C@@H](NS(=O)(=O)c2cccc(F)c2)[C@@H](CO)O1)NCc1ccc2c(c1)OCO2,9.90127,-0.08829377620431068,-0.088524295355787,0.006852882813009657,-0.09537717816879665,-0.20973307883130263
correct_CP,O=C(C[C@H]1CC[C@@H]2NC[C@H](O)COC[C@H]2O1)NCCN1CCCCC1,10.1375,0.0966896497738556,0.09699266489220992,-0.04481618354669474,0.14180884843890468,0.06175603564112822
correct_CP,O=C(C[C@H]1CC[C@@H]2NC[C@H](O)COC[C@H]2O1)Nc1ccc(-c2ccccc2)cc1,10.0206,0.15755578863579542,0.1588792701278881,-0.08517213956077163,0.24405140968865974,-0.10345432903537816
correct_CP,O=C(C[C@H]1CC[C@@H]2[C@H](COC[C@@H](O)CN2C(=O)Nc2ccccc2)O1)NCc1ccncn1,9.99661,-0.18296402887110422,-0.18504766730670152,0.09537541347613528,-0.2804230807828368,-0.046584549288175375
correct_CP,O=C(C[C@H]1CC[C@@H]2[C@H](COC[C@@H](O)CN2C(=O)c2ccncc2)O1)NCc1cccc(F)c1,10.084,-0.023524850899849313,-0.023529192038181275,0.05677438454225431,-0.08030357658043558,0.2640827072755578
correct_CP,O=C(C[C@H]1CC[C@@H]2[C@H](COC[C@@H](O)CN2CCC(F)(F)F)O1)NCc1ccc(Oc2ccccc2)cc1,10.0664,0.36601297745796085,0.38381152768486465,0.05419253181898682,0.32961899586587784,0.17106176924128458
correct_CP,O=C(C[C@H]1CC[C@@H]2[C@H](COC[C@@H](O)CN2Cc2ccc3c(c2)OCO3)O1)N1CCCCC1,9.9166,0.14839581623166717,0.14949972963609492,0.17863667195090477,-0.029136942314809844,-0.4680527210339248
correct_CP,O=C(C[C@H]1CC[C@@H]2[C@H](COC[C@H](O)CN2C(=O)c2cnccn2)O1)NCc1ccc(F)cc1,10.1187,0.1304457102579504,0.13119324903151122,-0.008014714735778122,0.13920796376728933,-0.2008753459337643
correct_CP,O=C(C[C@H]1CC[C@@H]2[C@H](COC[C@H](O)CN2Cc2cocn2)O1)N[C@@H]1CCN(Cc2ccccc2)C1,10.0387,0.18805951441973168,0.1903247755627536,0.029427502265364086,0.1608972732973895,0.08639044144639378
correct_CP,O=C(C[C@H]1CC[C@H](NC(=O)C2CC2)[C@@H](CO)O1)Nc1ccccc1,10.1143,0.3986630678334691,0.42205835555334226,-0.03222649155776131,0.45428484711110356,0.05812853086055836
correct_CP,O=C(C[C@H]1CC[C@H](NC(=O)C2CCOCC2)[C@@H](CO)O1)NCc1ccccc1Cl,10.013884,-0.010131335559383288,-0.010131682220867863,-0.21865574496857315,0.2085240627477053,0.21454101553050078
correct_CP,O=C(C[C@H]1CC[C@H](NC(=O)C2CCOCC2)[C@@H](CO)O1)Nc1nccs1,10.0528,-0.11950505930629815,-0.12007888665554783,0.04274359534150197,-0.1628224819970498,-0.0799756790747982
correct_CP,O=C(C[C@H]1CC[C@H](NC(=O)C2CCOCC2)[C@H](CO)O1)Nc1nccs1,10.0418,-0.16156458100474408,-0.16299279671646832,0.020223640549590412,-0.18321643726605874,-0.014956389792140704
correct_CP,O=C(C[C@H]1CC[C@H](NC(=O)CCN2CCCCC2)[C@@H](CO)O1)NCc1ccc(Cl)c(Cl)c1,10.0181,0.22073744340193532,0.22443119235225353,-0.15881263994836045,0.383243832300614,-0.16864311635184728
correct_CP,O=C(C[C@H]1CC[C@H](NC(=O)Cc2ccccn2)[C@H](CO)O1)NCCc1ccncc1,10.0751,0.5049193039816745,0.555886892793685,0.1394152103243088,0.41647168246937616,0.19512962947603202
correct_CP,O=C(C[C@H]1CC[C@H](NC(=O)Nc2cc(F)ccc2F)[C@@H](CO)O1)Nc1ccc(-c2ccccc2)cc1,10.1039,0.12399708431881692,0.12463850854691882,-0.038543548959576145,0.16318205750649498,0.2380571965924488
correct_CP,O=C(C[C@H]1CC[C@H](NC(=O)Nc2cc(F)ccc2F)[C@H](CO)O1)Nc1ccc(-c2ccccc2)cc1,10.0282,0.5806999489484284,0.6635181288277711,-0.043097951448565895,0.7066160802763369,0.6468170956386143
correct_CP,O=C(C[C@H]1CC[C@H](NC(=O)Nc2ccc(C(F)(F)F)cc2)[C@H](CO)O1)NCCN1CCCC1,10.0864,-0.1301817177327305,-0.13092469602773266,-0.09465763617809811,-0.03626705984963455,-0.04389770925433875
correct_CP,O=C(C[C@H]1CC[C@H](NC(=O)Nc2ccc3c(c2)OCO3)[C@@H](CO)O1)NCCCN1CCOCC1,9.98599,0.10703467405779052,0.10744625168650485,0.052819587861157355,0.05462666382534749,-0.21814445191014004
correct_CP,O=C(C[C@H]1CC[C@H](NC(=O)c2ccc3c(c2)OCO3)[C@@H](CO)O1)NC1Cc2ccccc2C1,9.97739,0.15030061322825045,0.15144798284759597,0.012282403777330772,0.1391655790702652,0.054071637066340585
correct_CP,O=C(C[C@H]1CC[C@H](NC(=O)c2ccc3c(c2)OCO3)[C@H](CO)O1)NCc1ccc(Oc2ccccc2)cc1,10.0728,0.052990991135245635,0.053040675236334135,0.01957806969821876,0.03346260553811538,-0.039163683966125615
correct_CP,O=C(C[C@H]1CC[C@H](NC(=O)c2cccc(F)c2)[C@H](CO)O1)NCCN1CCCC1,10.0193,0.36724074479937496,0.38522995336506466,-0.0546090650050449,0.4398390183701096,-0.1322991846581012
correct_CP,O=C(C[C@H]1CC[C@H](NC(=O)c2ccccn2)[C@@H](CO)O1)NCc1cccc(F)c1,9.97593,-0.025248876474541868,-0.025254243962530055,-0.008389220916437474,-0.01686502304609258,-0.028251555690180483
correct_CP,O=C(C[C@H]1CC[C@H](NC(=O)c2cccnc2)[C@@H](CO)O1)NCc1ccc(Cl)c(Cl)c1,10.0838,-0.12281376428563756,-0.1234368890227869,-0.0017612649264467438,-0.12167562409634017,-0.2852837343339873
correct_CP,O=C(C[C@H]1CC[C@H](NS(=O)(=O)c2ccc(F)cc2)[C@@H](CO)O1)NCCc1ccncc1,9.91465,-0.14410811563409995,-0.1451183046467452,0.07474712017698698,-0.21986542482373217,-0.21857096509788496
correct_CP,O=C(C[C@H]1CC[C@H](NS(=O)(=O)c2ccc(F)cc2)[C@@H](CO)O1)NCc1ccc(Cl)c(Cl)c1,10.0301,0.5716625351925454,0.6499889617974105,0.07390117300265679,0.5760877887947538,0.06335247893501379
correct_CP,O=C(C[C@H]1CC[C@H](NS(=O)(=O)c2ccc(F)cc2)[C@H](CO)O1)NCCc1ccncc1,10.01,0.04402573505125329,0.04405421269580823,0.012416553099510822,0.03163765959629741,0.03895425645180822
correct_CP,O=C(C[C@H]1CC[C@H](NS(=O)(=O)c2cccc(F)c2)[C@H](CO)O1)N1CCCCC1,9.92525,-0.21249657919976822,-0.21578454348272652,0.01040779573511134,-0.22619233921783785,-0.07635381345351648
correct_CP,O=C(C[C@H]1CC[C@H]2NC[C@@H](O)COC[C@@H]2O1)NCc1ccc2c(c1)OCO2,9.99917,0.16652273395504688,0.16808807688751662,0.1174363922350398,0.050651684652476825,0.1353884584158028
correct_CP,O=C(C[C@H]1CC[C@H]2NC[C@H](O)COC[C@@H]2O1)NCCN1CCCCC1,10.0597,0.315361294342126,0.32648769665096966,0.052634037663040076,0.27385365898792957,0.08231546977076691
correct_CP,O=C(C[C@H]1CC[C@H]2[C@@H](COC[C@@H](O)CN2Cc2ccc(Oc3ccccc3)cc2)O1)N1CCc2ccccc2C1,10.0497,0.5034513504473725,0.5539185903428141,-0.07253633723835862,0.6264549275811727,0.30916871043489536
correct_CP,O=C(C[C@H]1CC[C@H]2[C@@H](COC[C@@H](O)CN2Cc2ccc3c(c2)OCO3)O1)N1CCCCC1,10.0386,-0.0015658102563577193,-0.0015658115360241713,0.004894692275297909,-0.00646050381132208,-0.25700210107029653
correct_CP,O=C(C[C@H]1CC[C@H]2[C@@H](COC[C@@H](O)CN2Cc2cccc(C(F)(F)F)c2)O1)NCCc1ccncc1,10.136,-0.07430410599940868,-0.07444130759329781,-0.06680801290563416,-0.007633294687663647,0.04175122051184823
correct_CP,O=C(C[C@H]1CC[C@H]2[C@@H](COC[C@H](O)CN2Cc2ccc3c(c2)OCO3)O1)N1CCCCC1,10.0921,0.11500504959004947,0.11551613671204716,0.1324417793210781,-0.016925642609030928,-0.12009729122467651
correct_CP,O=C(C[C@H]1CC[C@H]2[C@@H](COC[C@H](O)CN2Cc2cccc(C(F)(F)F)c2)O1)NCCc1ccncc1,9.85493,0.06994740986034056,0.07006182174953644,0.10836932774133629,-0.03830750599179984,-0.0950162548853416
correct_CP,O=C(C[C@H]1C[C@@H]2c3cc(NC(=O)C4CCC4)ccc3O[C@@H]2[C@@H](CO)O1)NCc1ccccn1,9.9999,0.17600161982033033,0.17785347087484796,0.07849577102251434,0.09935769985233361,-0.2449256640126329
correct_CP,O=C(C[C@H]1C[C@@H]2c3cc(NC(=O)C4CCC4)ccc3O[C@@H]2[C@H](CO)O1)NCCc1ccccc1,10.1611,0.304869125161578,0.3148789452691494,0.001698409217678807,0.31318053605147056,0.15829880818488876
correct_CP,O=C(C[C@H]1C[C@@H]2c3cc(NC(=O)C4CCOCC4)ccc3O[C@@H]2[C@H](CO)O1)NCc1ccc(Cl)cc1,9.94042,-0.051706371459923114,-0.051752525356037145,0.012707222312749587,-0.06445974766878673,-0.04363103094419501
correct_CP,O=C(C[C@H]1C[C@@H]2c3cc(NC(=O)C4CCOCC4)ccc3O[C@@H]2[C@H](CO)O1)NCc1ccc(Oc2ccccc2)cc1,10.1099,-0.2196252622632615,-0.2232623455777999,0.044917791803847,-0.2681801373816469,0.02347303498422787
correct_CP,O=C(C[C@H]1C[C@@H]2c3cc(NC(=O)CC4CC4)ccc3O[C@@H]2[C@@H](CO)O1)NCc1ccc(-c2ccccc2)cc1,10.0199,0.4102322982507644,0.4358904934070768,0.0006288362201283932,0.4352616571869484,-0.13812778474235415
correct_CP,O=C(C[C@H]1C[C@@H]2c3cc(NC(=O)CC4CC4)ccc3O[C@@H]2[C@@H](CO)O1)NCc1ccc2c(c1)OCO2,10.0353,0.268945479151848,0.2757267311339813,0.0039014294610255048,0.27182530167295577,-0.06318036337088877
correct_CP,O=C(C[C@H]1C[C@@H]2c3cc(NC(=O)CC4CC4)ccc3O[C@@H]2[C@H](CO)O1)NCCN1CCCCC1,9.97841,0.1472528440286345,0.14833122305050833,-0.020827347038478754,0.16915857008898708,0.05098345758954302
correct_CP,O=C(C[C@H]1C[C@@H]2c3cc(NC(=O)Cc4ccncc4)ccc3O[C@@H]2[C@H](CO)O1)NCCN1CCCCC1,9.92051,0.10944392773646981,0.10988406743098045,0.10230544948040378,0.007578617950576669,-0.0758412807925332
correct_CP,O=C(C[C@H]1C[C@@H]2c3cc(NC(=O)Cc4ccncc4)ccc3O[C@@H]2[C@H](CO)O1)NCc1ccccn1,10.0228,-0.02800266673552635,-0.028009989605422527,-0.05760686954748119,0.029596879942058663,0.039290299738510774
correct_CP,O=C(C[C@H]1C[C@@H]2c3cc(NC(=O)NC4CCCC4)ccc3O[C@@H]2[C@@H](CO)O1)NCc1ccccc1F,10.0735,0.5504311412030799,0.6189996474556022,-0.01463399397391711,0.6336336414295193,-0.0105941934579029
correct_CP,O=C(C[C@H]1C[C@@H]2c3cc(NC(=O)NC4CCCCC4)ccc3O[C@@H]2[C@@H](CO)O1)NCc1cccnc1,10.0285,0.39220699582308255,0.41440558169632563,0.004889761110762744,0.4095158205855629,0.07517758905627893
correct_CP,O=C(C[C@H]1C[C@@H]2c3cc(NC(=O)NC4CCCCC4)ccc3O[C@@H]2[C@H](CO)O1)NCc1cccnc1,9.97203,0.1956846289487157,0.198241383374687,0.022202990188053197,0.1760383931866338,-0.04928428651483959
correct_CP,O=C(C[C@H]1C[C@@H]2c3cc(NC(=O)Nc4ccc(C(F)(F)F)cc4)ccc3O[C@@H]2[C@@H](CO)O1)NCCc1ccccc1,9.95324,0.42871319039398975,0.4583190370969295,0.1369785097640017,0.32134052733292784,0.21092945528613857
correct_CP,O=C(C[C@H]1C[C@@H]2c3cc(NC(=O)Nc4ccc(C(F)(F)F)cc4)ccc3O[C@@H]2[C@@H](CO)O1)NCc1ccc2c(c1)OCO2,10.0609,0.3585836535540428,0.3752596161735655,0.021414222284165545,0.35384539388939995,0.2475485472332187
correct_CP,O=C(C[C@H]1C[C@@H]2c3cc(NC(=O)Nc4ccc(C(F)(F)F)cc4)ccc3O[C@@H]2[C@@H](CO)O1)NCc1cccnc1,10.0498,0.0011000204238243222,0.0011000208675160242,0.03559288731339806,-0.03449286644588204,0.037767318897069
correct_CP,O=C(C[C@H]1C[C@@H]2c3cc(NC(=O)Nc4ccccc4)ccc3O[C@@H]2[C@H](CO)O1)NCCN1CCCCC1,9.97078,-0.3693518851658591,-0.3876723930393925,0.0053878161271223544,-0.39306020916651485,-0.015097009844262169
correct_CP,O=C(C[C@H]1C[C@@H]2c3cc(NC(=O)Nc4ccccc4F)ccc3O[C@@H]2[C@@H](CO)O1)NCC1CC1,9.9753,0.16375221564886827,0.16523988527161448,-0.030176682232231335,0.1954165675038458,0.19493635784305385
correct_CP,O=C(C[C@H]1C[C@@H]2c3cc(NC(=O)Nc4ccccc4F)ccc3O[C@@H]2[C@@H](CO)O1)NCc1ccc2c(c1)OCO2,9.96151,0.19777326874342524,0.20041411370248116,-0.15372949363285685,0.354143607335338,0.03353382083970627
correct_CP,O=C(C[C@H]1C[C@@H]2c3cc(NC(=O)Nc4ccccc4F)ccc3O[C@@H]2[C@H](CO)O1)NCC(F)(F)F,10.1154,0.40118364868138867,0.42505883138021466,0.01824321122073222,0.40681562015948247,-0.006924382517693985
correct_CP,O=C(C[C@H]1C[C@@H]2c3cc(NC(=O)Nc4ccccc4F)ccc3O[C@@H]2[C@H](CO)O1)NCC1CC1,10.2485,-0.07509381629326288,-0.0752354491876657,0.05451659502388741,-0.12975204421155312,0.019447469902645953
correct_CP,O=C(C[C@H]1C[C@@H]2c3cc(NC(=O)Nc4ccccc4F)ccc3O[C@@H]2[C@H](CO)O1)NCc1ccccn1,10.0161,0.3205088503035966,0.33221411258721595,0.008656856231066304,0.3235572563561496,0.1881010107768722
correct_CP,O=C(C[C@H]1C[C@@H]2c3cc(NC(=O)c4ccc5c(c4)OCO5)ccc3O[C@@H]2[C@@H](CO)O1)NC1CCCCC1,10.0037,0.0846981580549017,0.08490156957314697,-0.003861371643272252,0.08876294121641923,0.21469909255416983
correct_CP,O=C(C[C@H]1C[C@@H]2c3cc(NC(=O)c4ccc5c(c4)OCO5)ccc3O[C@@H]2[C@@H](CO)O1)NCC(F)(F)F,9.99389,0.11128111300975234,0.11174390587320623,-0.10917039132986334,0.22091429720306957,0.12062204289817621
correct_CP,O=C(C[C@H]1C[C@@H]2c3cc(NC(=O)c4ccc5c(c4)OCO5)ccc3O[C@@H]2[C@@H](CO)O1)NCCN1CCCCC1,10.0869,0.557115184514142,0.6286402107721916,-0.183401558378443,0.8120417691506345,0.10850309853092228
correct_CP,O=C(C[C@H]1C[C@@H]2c3cc(NC(=O)c4ccc5c(c4)OCO5)ccc3O[C@@H]2[C@@H](CO)O1)NCCc1ccccc1,9.9136,-0.1261608207216175,-0.12683663498808145,-0.05026783044495493,-0.07656880454312652,0.07204781497375536
correct_CP,O=C(C[C@H]1C[C@@H]2c3cc(NC(=O)c4ccc5c(c4)OCO5)ccc3O[C@@H]2[C@@H](CO)O1)NCc1ccccn1,10.0315,-0.04230231343778817,-0.04232757369369785,0.12225450159768306,-0.1645820752913809,0.06898609663341876
correct_CP,O=C(C[C@H]1C[C@@H]2c3cc(NC(=O)c4ccc5c(c4)OCO5)ccc3O[C@@H]2[C@H](CO)O1)NCc1ccccn1,9.71844,-0.4946817559643952,-0.5422400869495595,-0.011530642265099339,-0.5307094446844601,-0.08365617884309814
correct_CP,O=C(C[C@H]1C[C@@H]2c3cc(NS(=O)(=O)c4ccc(F)cc4)ccc3O[C@@H]2[C@@H](CO)O1)NCc1ccc(Cl)cc1,10.1358,-0.03135574174545407,-0.03136602395098216,0.01964468320400615,-0.05101070715498831,0.03672100071195657
correct_CP,O=C(C[C@H]1C[C@@H]2c3cc(NS(=O)(=O)c4ccccc4)ccc3O[C@@H]2[C@H](CO)O1)NCC1CC1,9.98994,0.04547596001267962,0.045507348018491205,0.005649563344648965,0.03985778467384224,-0.1677163976787198
correct_CP,O=C(C[C@H]1C[C@H]2c3cc(NC(=O)C4CCC4)ccc3O[C@H]2[C@@H](CO)O1)NC1CCCC1,10.0372,-0.20004103579657018,-0.20277530004097621,0.11294714573516483,-0.31572244577614106,0.26262989432457146
correct_CP,O=C(C[C@H]1C[C@H]2c3cc(NC(=O)C4CCC4)ccc3O[C@H]2[C@@H](CO)O1)NCc1ccncc1,9.9333,-0.17126399369170095,-0.17296856253929987,-0.04802833933762538,-0.1249402232016745,0.16703812644991256
correct_CP,O=C(C[C@H]1C[C@H]2c3cc(NC(=O)C4CCOCC4)ccc3O[C@H]2[C@H](CO)O1)NCCN1CCCCC1,10.0769,0.1603618254716889,0.16175804977146208,-0.12472466665853146,0.28648271642999357,0.06756223975174191
correct_CP,O=C(C[C@H]1C[C@H]2c3cc(NC(=O)C4CCOCC4)ccc3O[C@H]2[C@H](CO)O1)NCc1ccc(Oc2ccccc2)cc1,10.1311,0.13017943071069307,0.13092236957941775,0.06542761676728918,0.06549475281212856,0.10344942477744233
correct_CP,O=C(C[C@H]1C[C@H]2c3cc(NC(=O)CC4CC4)ccc3O[C@H]2[C@@H](CO)O1)NCC(F)(F)F,9.82753,-0.5640717797632043,-0.6387851088650845,-0.10438067615782556,-0.534404432707259,-0.011403732628551488
correct_CP,O=C(C[C@H]1C[C@H]2c3cc(NC(=O)CC4CC4)ccc3O[C@H]2[C@@H](CO)O1)NCc1ccc(Cl)cc1,10.0438,0.017200975784746247,0.017202672523994482,-0.05528359077547284,0.07248626329946732,-0.33860903080563504
correct_CP,O=C(C[C@H]1C[C@H]2c3cc(NC(=O)CC4CC4)ccc3O[C@H]2[C@H](CO)O1)NCc1ccc(Cl)cc1,9.98133,-0.16982701560064473,-0.17148853646634868,-0.0084762347267697,-0.16301230173957898,-0.016043968943378093
correct_CP,O=C(C[C@H]1C[C@H]2c3cc(NC(=O)CC4CC4)ccc3O[C@H]2[C@H](CO)O1)NCc1ccccn1,9.94485,-0.10432881922215612,-0.10470983305431499,-0.015520019692826514,-0.08918981336148847,-0.0607312364373659
correct_CP,O=C(C[C@H]1C[C@H]2c3cc(NC(=O)Cc4ccncc4)ccc3O[C@H]2[C@H](CO)O1)NCc1cccc(F)c1,10.0376,0.11419421834204486,0.11469451499610687,0.0880353588492204,0.02665915614688648,-0.16905002882392997
correct_CP,O=C(C[C@H]1C[C@H]2c3cc(NC(=O)Cc4ccncc4)ccc3O[C@H]2[C@H](CO)O1)NCc1ccccn1,10.0641,0.3327571636141977,0.34592553927546676,0.00019511842942481188,0.34573042084604194,0.1314933030756201
correct_CP,O=C(C[C@H]1C[C@H]2c3cc(NC(=O)Cc4ccncc4)ccc3O[C@H]2[C@H](CO)O1)NCc1cccnc1,9.95851,-0.2697774540376875,-0.27662379294544315,-0.016185197057360122,-0.26043859588808305,-0.12467230721020442
correct_CP,O=C(C[C@H]1C[C@H]2c3cc(NC(=O)NC4CCCC4)ccc3O[C@H]2[C@H](CO)O1)NCC1CC1,10.0513,0.09704831716052807,0.09735472975473969,-0.05850814014309424,0.15586286989783393,-0.14198127313141395
correct_CP,O=C(C[C@H]1C[C@H]2c3cc(NC(=O)Nc4ccc(C(F)(F)F)cc4)ccc3O[C@H]2[C@@H](CO)O1)NCCc1ccccc1,9.88278,0.058157627404312906,0.05822332982582067,-0.013071733535398651,0.07129506336121932,-0.09876829606742313
correct_CP,O=C(C[C@H]1C[C@H]2c3cc(NC(=O)Nc4ccc(C(F)(F)F)cc4)ccc3O[C@H]2[C@@H](CO)O1)NCc1ccccn1,10.0822,-0.0853634871898493,-0.08557174425788246,0.01585128675689683,-0.10142303101477929,-0.020447762852267383
correct_CP,O=C(C[C@H]1C[C@H]2c3cc(NC(=O)Nc4ccccc4)ccc3O[C@H]2[C@H](CO)O1)NC1CCCC1,9.91602,0.10960511697056619,0.11004721370633339,-0.05156219497056065,0.16160940867689405,0.35781912194627474
correct_CP,O=C(C[C@H]1C[C@H]2c3cc(NC(=O)Nc4ccccc4)ccc3O[C@H]2[C@H](CO)O1)NCCN1CCCCC1,10.1769,-0.027417700197619885,-0.027424573536544428,0.102992274688137,-0.13041684822468141,0.03966352899765012
correct_CP,O=C(C[C@H]1C[C@H]2c3cc(NC(=O)Nc4ccccc4F)ccc3O[C@H]2[C@@H](CO)O1)NCC(F)(F)F,10.056,0.17658252879386696,0.17845301297362143,-0.0180891124236286,0.19654212539725002,-0.0144482508067004
correct_CP,O=C(C[C@H]1C[C@H]2c3cc(NC(=O)Nc4ccccc4F)ccc3O[C@H]2[C@@H](CO)O1)NCc1ccc2c(c1)OCO2,10.0355,-0.0852921591337964,-0.08549989306494502,-0.006757599404389893,-0.07874229366055513,0.014082314056375115
correct_CP,O=C(C[C@H]1C[C@H]2c3cc(NC(=O)c4ccc5c(c4)OCO5)ccc3O[C@H]2[C@@H](CO)O1)NCC1CC1,9.85144,0.365734924803997,0.38349050122198874,0.18709632170543083,0.1963941795165579,-0.3414200669333071
correct_CP,O=C(C[C@H]1C[C@H]2c3cc(NC(=O)c4ccc5c(c4)OCO5)ccc3O[C@H]2[C@@H](CO)O1)NCc1ccc(Oc2ccccc2)cc1,10.0282,0.3350697298015118,0.34852831160887426,-0.017723306401259215,0.3662516180101335,-0.12488258411717482
correct_CP,O=C(C[C@H]1C[C@H]2c3cc(NC(=O)c4ccc5c(c4)OCO5)ccc3O[C@H]2[C@@H](CO)O1)NCc1cccnc1,10.0892,0.44686539833371214,0.4807766632777511,-0.05661028418974588,0.5373869474674969,0.1528365814456163
correct_CP,O=C(C[C@H]1C[C@H]2c3cc(NC(=O)c4cccnc4)ccc3O[C@H]2[C@@H](CO)O1)NCc1cc(F)ccc1F,10.0991,0.3533107200609722,0.3692216613588861,0.25482704623465047,0.11439461512423565,-0.4335896320149584
correct_CP,O=C(C[C@H]1C[C@H]2c3cc(NC(=O)c4cccnc4)ccc3O[C@H]2[C@H](CO)O1)NCC(F)(F)F,9.96604,-0.0970975282738278,-0.09740440900317521,0.030322462815827945,-0.12772687181900316,-0.4760875337058528
correct_CP,O=C(C[C@H]1C[C@H]2c3cc(NC(=O)c4cccnc4)ccc3O[C@H]2[C@H](CO)O1)NCC1CC1,9.96784,-0.056031299588352824,-0.05609004716821629,-0.018530541555287716,-0.037559505612928576,0.2978629828678432
correct_CP,O=C(C[C@H]1C[C@H]2c3cc(NS(=O)(=O)c4ccc(F)cc4)ccc3O[C@H]2[C@H](CO)O1)NCc1ccc(Cl)cc1,10.0966,0.030517507535514327,0.030526986670335255,0.007904351745795561,0.022622634924539694,0.32951789306193346
correct_CP,O=C(C[C@H]1C[C@H]2c3cc(NS(=O)(=O)c4ccccc4)ccc3O[C@H]2[C@@H](CO)O1)N1CCOCC1,9.94068,-0.062470103100990354,-0.06255155739154608,-0.10322864750301033,0.040677090111464254,0.15174425845318842
correct_CP,O=C(C[C@H]1C[C@H]2c3cc(NS(=O)(=O)c4ccccc4)ccc3O[C@H]2[C@@H](CO)O1)NCC1CC1,10.0178,0.03779324705616766,0.037811256229356535,0.030002927496435863,0.007808328732920672,0.15923501469479007
correct_CP,O=C(Cc1ccccc1)N[C@H]1C=C[C@@H](CC(=O)N2CCOCC2)O[C@@H]1CO,10.035,-0.25003535048728603,-0.255450519424913,0.045773606680841544,-0.30122412610575455,0.08487657880729399
correct_CP,O=C(Cc1ccccc1)N[C@H]1C=C[C@H](CC(=O)N2CCOCC2)O[C@H]1CO,10.0276,-0.17111089423604123,-0.17281084103229807,-0.03963600552399986,-0.13317483550829823,-0.09524385930603403
correct_CP,O=C(Cc1ccccn1)NCC[C@@H]1CC[C@@H](NC(=O)c2ccccc2F)[C@@H](CO)O1,10.0347,-0.09311005767044507,-0.09338053804134115,-0.030418782935743533,-0.06296175510559762,0.0847815011939445
correct_CP,O=C(Cc1ccccn1)NCC[C@@H]1CC[C@H](NC(=O)Nc2ccc(Cl)cc2)[C@@H](CO)O1,10.041,0.4953570113605086,0.5431345174121912,0.08138766851059384,0.46174684890159734,0.07899697070393388
correct_CP,O=C(Cc1ccccn1)NCC[C@@H]1CC[C@H](NC(=O)Nc2ccc(Cl)cc2)[C@H](CO)O1,10.1029,0.5317773320613376,0.5926200130842479,0.041118114384056374,0.5515018987001916,0.976721391908964
correct_CP,O=C(Cc1ccccn1)N[C@@H]1CC[C@@H](CCNC(=O)c2cc(Cl)cc(Cl)c2)O[C@H]1CO,10.057,-0.19985442804306447,-0.20258092119642296,-0.047274251210221545,-0.1553066699862014,-0.033525892304625486
correct_CP,O=C(Cc1ccccn1)N[C@@H]1CC[C@@H](CCn2cc(-c3ccccc3)nn2)O[C@H]1CO,10.0553,0.03288261140613808,0.03289447071895813,0.04441230805059674,-0.011517837331638608,0.07398513147787966
correct_CP,O=C(Cc1ccccn1)N[C@H]1CC[C@@H](CCNC(=O)c2cc(Cl)cc(Cl)c2)O[C@@H]1CO,10.03,0.3773552786147972,0.396972194569771,0.001424644157630937,0.39554755041214007,0.1870523481107213
correct_CP,O=C(Cc1ccccn1)N[C@H]1CC[C@H](CCNC(=O)c2cc(Cl)cc(Cl)c2)O[C@H]1CO,9.9083,0.4232634759616979,0.4516611023959143,0.08950469296189865,0.3621564094340156,-0.04454410148369114
correct_CP,O=C(Cc1ccccn1)N[C@H]1CC[C@H](CCn2cc(-c3ccccc3)nn2)O[C@@H]1CO,10.0251,0.5204786086244615,0.5769959666040678,0.11905324005056184,0.457942726553506,0.3671138634644231
correct_CP,O=C(Cc1cccnc1)N[C@H]1CC[C@@H](CCNS(=O)(=O)c2ccccc2Cl)O[C@H]1CO,9.94791,-0.13288742559095745,-0.13367804227327654,0.09730666207616122,-0.23098470434943774,-0.0006358760975937044
correct_CP,O=C(Cc1ccncc1)NCC[C@@H]1CC[C@@H](NC(=O)Nc2cccc(F)c2)[C@H](CO)O1,10.1054,-0.23939335083672084,-0.24413048411792992,0.011546420217307759,-0.2556769043352377,-0.006316359716470411
correct_CP,O=C(Cc1ccncc1)NCC[C@@H]1CC[C@H](NC(=O)Nc2cccc(F)c2)[C@@H](CO)O1,10.0223,0.07504948663600376,0.0751908682834409,0.0519554752350844,0.023235393048356506,0.02938675270734184
correct_CP,O=C(Cc1ccncc1)NCC[C@H]1CC[C@H](NC(=O)Nc2cccc(F)c2)[C@H](CO)O1,9.93299,0.4314030399646499,0.4616192681363279,0.06405838698038555,0.39756088115594235,0.2641732557916302
correct_CP,O=C(Cc1ccncc1)NCC[C@H]1CC[C@H](NS(=O)(=O)c2ccccc2Cl)[C@H](CO)O1,10.0637,0.07734064388162114,0.07749540598755172,0.07324105130538953,0.00425435468216219,-0.06838447112390036
correct_CP,O=C(Cc1ccncc1)N[C@@H]1CC[C@@H](CCn2cc(-c3ccccc3F)nn2)O[C@@H]1CO,9.96734,0.10230067399695973,0.10265980522849272,0.046751277962348896,0.05590852726614382,-0.18606414411642014
correct_CP,O=C(Cc1ccncc1)Nc1ccc2c(c1)[C@@H]1C[C@@H](CC(=O)N3CCc4ccccc4C3)O[C@@H](CO)[C@@H]1O2,10.2233,0.13274385743629802,0.13353189610064758,0.019298867264217832,0.11423302883642975,-0.023495471892152963
correct_CP,O=C(Cc1ccncc1)Nc1ccc2c(c1)[C@@H]1C[C@H](CC(=O)N3CCc4ccccc4C3)O[C@@H](CO)[C@@H]1O2,9.99644,-0.046562536844285504,-0.04659623096310746,-0.0004453744458510246,-0.046150856517256436,0.3157922651428628
correct_CP,O=C(Cn1ccnc1)c1ccc(O)c(O)c1,20.0,0.5576238646532387,0.6293781351119808,0.21018733373665383,0.419190801375327,-0.015173796463751749
correct_CP,O=C(Cn1nnc(-c2ccncc2)n1)N1CCc2ccccc21,10.0,0.41574369712193493,0.44253524583542847,0.014317133827682467,0.428218112007746,0.07036711749236196
correct_CP,O=C(NC(NC(=S)Nc1ccc(F)c([N+](=O)[O-])c1)C(Cl)(Cl)Cl)C(c1ccccc1)c1ccccc1,10.0,0.6993121269423049,0.8659530284036391,0.3568110191099352,0.5091420092937039,0.5062444932903369
correct_CP,O=C(NC1CCC1)[C@H]1[C@H](CO)[C@H]2Cn3c(ccc(-c4ccc(F)cc4)c3=O)[C@H]2N1Cc1ccccn1,10.1209,-0.423464456812518,-0.4519059731614419,0.02119809664568465,-0.47310406980712655,0.08896919239814105
correct_CP,O=C(NC1CCCC1)[C@@H]1[C@@H](CO)[C@@H]2Cn3c(ccc(C4=CCCC4)c3=O)[C@H]1N2C(=O)c1ccccc1,9.98508,-0.06732829898149757,-0.06743031188691748,0.046597723699111006,-0.11402803558602848,-0.17108836950753178
correct_CP,O=C(NC1CCCC1)[C@H]1[C@H](CO)[C@H]2Cn3c(ccc(C4=CCCC4)c3=O)[C@@H]1N2C(=O)c1ccccc1,10.1502,0.22626493774664513,0.23024933714575663,0.03228364901521506,0.19796568813054155,-0.10523004486506103
correct_CP,O=C(NC1CCCCC1)C(c1ccccc1F)N(Cc1ccco1)C(=O)Cn1nnc2ccccc21,10.0,0.4453667541158528,0.4789056501680504,0.08280628305528268,0.3960993671127677,0.12373912219602545
correct_CP,O=C(NC1CCCCC1)N1CCc2ccccc21,10.0,0.5014074811821132,0.5511845506651013,0.1465722803844667,0.4046122702806346,-0.06236553541919207
correct_CP,O=C(NC1CCCCC1)N[C@@H]1CC[C@@H](CCNS(=O)(=O)c2ccc(Cl)cc2)O[C@@H]1CO,10.067,0.04077254576467894,0.040795161760400975,0.0754635592197544,-0.03466839745935342,-0.029565476770992277
correct_CP,O=C(NC1CCCCC1)N[C@H]1CC[C@@H](CCNS(=O)(=O)c2ccc(Cl)cc2)O[C@@H]1CO,9.99186,0.24317608843001925,0.24814706633761954,0.06819253327973426,0.17995453305788528,0.1828593817555251
correct_CP,O=C(NC1CCCCC1)N[C@H]1CC[C@H](CCNS(=O)(=O)c2ccc(Cl)cc2)O[C@@H]1CO,10.0553,-0.1595626481250564,-0.1609378860963826,0.01118851060844722,-0.17212639670482982,-0.11752434885637451
correct_CP,O=C(NC1Cc2ccccc2C1)[C@@H]1N[C@@H]2c3cccc(=O)n3C[C@@H]2[C@H]1CO,9.98167,-0.20034900047329776,-0.20309612266428884,-0.04692729863323642,-0.15616882403105242,0.03465422866420906
correct_CP,O=C(NC1Cc2ccccc2C1)[C@H]1[C@H](CO)[C@H]2Cn3c(cccc3=O)[C@H]2N1C(=O)c1cnccn1,9.84123,0.2500519249325506,0.25546819924470193,-0.06224191795332311,0.31771011719802505,-0.06353119002066553
correct_CP,O=C(NCC(F)(F)F)[C@@H]1[C@@H](CO)[C@@H]2Cn3c(cccc3=O)[C@@H]2N1C(=O)C1CC1,10.0653,0.3353510679122504,0.34884526444927166,-0.002652317193785607,0.3514975816430573,0.3036415955781242
correct_CP,O=C(NCC(F)(F)F)[C@@H]1[C@@H](CO)[C@@H]2Cn3c(cccc3=O)[C@@H]2N1Cc1cccc(F)c1,10.049,-0.27543585956170213,-0.2827364806718687,-0.06871990679129743,-0.21401657388057127,-0.20481453394499083
correct_CP,O=C(NCC(F)(F)F)[C@@H]1[C@@H](CO)[C@@H]2Cn3c(cccc3=O)[C@H]1N2CC1CCOCC1,10.0459,0.39420012142004696,0.4167632209889219,-0.07957274691237738,0.49633596790129925,0.19244007281884712
correct_CP,O=C(NCC(F)(F)F)[C@H]1[C@H](CO)[C@H]2Cn3c(cccc3=O)[C@H]2N1Cc1cccc(F)c1,10.0908,0.1255176137277036,0.12618307857194222,-0.055856896604307066,0.18203997517624929,0.10742919846511931
correct_CP,O=C(NCC1CC1)[C@@H]1N[C@@H]2c3ccc(C4=CCCCC4)c(=O)n3C[C@@H]2[C@H]1CO,10.0021,-0.3128029786320521,-0.32364938623754885,0.07692867987645816,-0.40057806611400704,0.07053895517387365
correct_CP,O=C(NCC1CC1)[C@@H]1[C@@H](CO)[C@@H]2Cn3c(ccc(-c4cccc(F)c4)c3=O)[C@@H]2N1CC1CCOCC1,9.97662,0.17393641624990017,0.17572304526694754,0.04048484437406153,0.13523820089288602,-0.23356560995509507
correct_CP,O=C(NCC1CC1)[C@@H]1[C@@H](CO)[C@@H]2Cn3c(ccc(-c4ccncc4)c3=O)[C@H]1N2Cc1nccs1,10.0785,-0.37217736058363743,-0.39094818311256746,-0.06487122625027815,-0.3260769568622893,0.4024033797237984
correct_CP,O=C(NCC1CC1)[C@H]1[C@H](CO)[C@H]2Cn3c(ccc(-c4cccc(F)c4)c3=O)[C@H]2N1CC1CCOCC1,10.0274,0.01197345249366849,0.011974024728501965,-0.029926815488713485,0.04190084021721545,0.13733094894908268
correct_CP,O=C(NCC1CC1)[C@H]1[C@H](CO)[C@H]2Cn3c(ccc(-c4ccccc4F)c3=O)[C@@H]1N2Cc1cccnc1,10.0243,0.02409644462701537,0.02410111002811233,0.04262632803575108,-0.01852521800763875,0.002315997608617941
correct_CP,O=C(NCC1CC1)[C@H]1[C@H](CO)[C@H]2Cn3c(ccc(C4=CCCC4)c3=O)[C@@H]1N2CCC(F)(F)F,9.99778,-0.07177378733065125,-0.07189741667447648,0.07843610232345316,-0.15033351899792963,-0.2827590908521035
correct_CP,O=C(NCCCN1CCOCC1)c1cc2ccccc2oc1=O,10.0,0.4087927545990886,0.4341608946182108,0.15208733997049037,0.28207355464772044,0.1008144833842223
correct_CP,O=C(NCCCNCc1ccccc1)c1ccccn1,10.0,0.412056644793167,0.4380859626908445,0.09724917081085979,0.3408367918799847,0.2508401073966846
correct_CP,O=C(NCCN1CCCCC1)[C@@H]1N[C@@H]2c3ccc(-c4cccnc4)c(=O)n3C[C@@H]2[C@H]1CO,9.98998,0.18652265479483454,0.18873204588622494,-0.0656704204798428,0.2544024663660677,0.15714859538179066
correct_CP,O=C(NCCN1CCCCC1)[C@@H]1[C@@H](CO)[C@@H]2Cn3c(cccc3=O)[C@@H]2N1Cc1ccccn1,9.9049,0.17717612901326993,0.17906578456741445,-0.034403526485568256,0.21346931105298272,0.28529693003146667
correct_CP,O=C(NCCN1CCOCC1)c1cc2c(=O)n3ccccc3nc2n1Cc1ccccc1,10.0,0.5028369819543459,0.5530959728329862,0.03147949537781165,0.5216164774551745,0.20958490661636975
correct_CP,O=C(NCC[C@@H]1CC[C@@H](NC(=O)c2cccnc2)[C@H](CO)O1)Nc1ccc(C(F)(F)F)cc1,10.2174,0.27731148639653663,0.28476722114451003,-0.1251949132840566,0.40996213442856666,-0.33404142610514076
correct_CP,O=C(NCC[C@@H]1CC[C@@H](NS(=O)(=O)c2ccc(F)cc2)[C@@H](CO)O1)Nc1ccc(Cl)cc1,9.90708,-0.27991807050920864,-0.2875931754772934,-0.151707765234452,-0.1358854102428414,-0.12091386378685598
correct_CP,O=C(NCC[C@@H]1CC[C@@H](NS(=O)(=O)c2ccc(F)cc2)[C@H](CO)O1)Nc1ccc(Cl)cc1,10.1096,-0.12474419881942009,-0.1253973610585515,-0.1498214818245713,0.024424120766019797,-0.11192530250800667
correct_CP,O=C(NCC[C@@H]1CC[C@@H](NS(=O)(=O)c2ccccc2)[C@@H](CO)O1)c1cc(Cl)cc(Cl)c1,10.0348,-0.0759112809956514,-0.07605760072258105,0.014910163660356655,-0.09096776438293772,-0.12801802183538227
correct_CP,O=C(NCC[C@@H]1CC[C@H](NC(=O)C2CCC2)[C@H](CO)O1)c1cnccn1,10.0683,0.0019452944969196972,0.0019452969507007347,0.014835429067695657,-0.012890132116994923,0.04799869774028071
correct_CP,O=C(NCC[C@@H]1CC[C@H](NC(=O)C2CCCCC2)[C@@H](CO)O1)c1ccc(F)cc1,10.0264,0.7011578934328728,0.8695745248728741,0.03259250928654425,0.8369820155863299,-0.4902662738014153
correct_CP,O=C(NCC[C@@H]1CC[C@H](NC(=O)c2ccccc2F)[C@@H](CO)O1)c1ccc2c(c1)OCO2,10.005,-0.038464734826378445,-0.038483721668653596,-0.005021595175048817,-0.03346212649360478,0.17072404938151606
correct_CP,O=C(NCC[C@@H]1CC[C@H](NC(=O)c2ccccc2F)[C@H](CO)O1)c1ccc2c(c1)OCO2,10.087,-0.1371970621037349,-0.13806773837242056,0.009119627882378394,-0.14718736625479895,-0.05940621285783236
correct_CP,O=C(NCC[C@@H]1CC[C@H](NS(=O)(=O)c2ccccc2F)[C@@H](CO)O1)c1ccc(F)cc1,10.0613,0.03992525199873514,0.03994648627110667,0.019083661574529405,0.020862824696577263,0.06974098593539654
correct_CP,O=C(NCC[C@H]1CC[C@@H](NC(=O)C2CCCCC2)[C@@H](CO)O1)Nc1ccc(Cl)cc1,10.0343,0.4842259058756908,0.5284898861436639,-0.20374517569284833,0.7322350618365122,0.20887113313182099
correct_CP,O=C(NCC[C@H]1CC[C@@H](NC(=O)C2CCCCC2)[C@H](CO)O1)Nc1ccc(Cl)cc1,10.1258,0.6253279889068459,0.7337069537785069,-0.0971414685141723,0.8308484222926792,-0.25732526657750676
correct_CP,O=C(NCC[C@H]1CC[C@@H](NC(=O)C2CCOCC2)[C@H](CO)O1)c1cc(Cl)cc(Cl)c1,10.0724,0.721322481358615,0.9103964463633474,0.051601747996584534,0.8587946983667628,0.42078052501696545
correct_CP,O=C(NCC[C@H]1CC[C@@H](NC(=O)c2cnccn2)[C@H](CO)O1)Nc1ccc(Cl)cc1,10.1576,0.4437413688986358,0.4768799230267078,0.1446327701610694,0.3322471528656384,-0.026822673402778843
correct_CP,O=C(NCC[C@H]1CC[C@@H](NS(=O)(=O)c2ccc(F)cc2)[C@@H](CO)O1)Nc1ccc(Cl)cc1,10.0347,0.26166986187809904,0.2679001717653917,0.010097565799152337,0.2578026059662394,-0.0507291296477257
correct_CP,O=C(NCC[C@H]1CC[C@H](NC(=O)C2CCC2)[C@H](CO)O1)c1cnccn1,10.2331,0.26663368025470263,0.2732363418327838,0.05081469369214463,0.22242164814063914,0.10047746021707067
correct_CP,O=C(NCC[C@H]1CC[C@H](NC(=O)C2CCCCC2)[C@H](CO)O1)Nc1ccc(Cl)cc1,10.0124,0.24487725603562188,0.24995595184324398,0.03210814950509548,0.2178478023381485,0.19482179304790914
correct_CP,O=C(NCC[C@H]1CC[C@H](NC(=O)c2ccc3c(c2)OCO3)[C@@H](CO)O1)Nc1cc(F)ccc1F,9.96386,0.11819380922027067,0.11874884934087955,-0.05298087597996328,0.17172972532084282,-0.15268775643305543
correct_CP,O=C(NCC[C@H]1CC[C@H](NC(=O)c2cccnc2)[C@H](CO)O1)Nc1ccc(C(F)(F)F)cc1,10.1539,0.05938898249853023,0.05945895329417296,-0.008494381559981076,0.06795333485415403,0.021710478038042397
correct_CP,O=C(NCC[C@H]1CC[C@H](NS(=O)(=O)c2cccc(F)c2)[C@@H](CO)O1)C1CC1,10.0113,-0.2907764981180098,-0.2994142702788572,-0.14456188455697674,-0.15485238572188045,-0.043180173771717484
correct_CP,O=C(NCC[C@H]1CC[C@H](NS(=O)(=O)c2ccccc2F)[C@@H](CO)O1)c1ccc(F)cc1,10.0099,0.2920478249561807,0.3008035789191982,0.07789810434890443,0.22290547457029375,0.036703346723143834
correct_CP,O=C(NCCc1ccc2c(c1)OCCO2)c1ccccc1F,10.0,0.7169485597056828,0.9013376260480711,0.15957900384274742,0.7417586222053236,0.054015931337410145
correct_CP,O=C(NCCc1ccncc1)[C@@H]1[C@@H](CO)[C@@H]2Cn3c(ccc(-c4ccc(F)cc4)c3=O)[C@H]1N2,10.0286,-0.06687598809737452,-0.06697595516395131,-0.12582049137982906,0.05884453621587775,0.11125695485414912
correct_CP,O=C(NCCc1nc2ccccc2[nH]1)c1cc([N+](=O)[O-])cc([N+](=O)[O-])c1,10.0,0.0015096740294701534,0.00150967517637897,0.0773478547960677,-0.07583817961968874,-0.1185278598920031
correct_CP,O=C(NCCc1nc2ccccc2[nH]1)c1ccc(Cl)c([N+](=O)[O-])c1,10.0,0.17524638307299525,0.17707419836830296,0.015505499351337292,0.16156869901696566,-0.020812354212601733
correct_CP,O=C(NCSc1ccncn1)c1ccccc1,10.0,0.34453924024409965,0.35923411134807426,0.10384761396363669,0.2553864973844376,-0.024164716587226964
correct_CP,O=C(NCc1ccc(F)cc1)[C@@H]1[C@@H](CO)[C@@H]2Cn3c(cccc3=O)[C@H]1N2C(=O)Cc1ccccn1,10.1196,0.13158243106380746,0.13234982218646885,-0.08353982045171396,0.2158896426381828,0.1743510219324521
correct_CP,O=C(NCc1ccc(F)cc1)[C@H]1[C@H](CO)[C@H]2Cn3c(ccc(C4=CCCCC4)c3=O)[C@@H]1N2,9.98574,0.5600545249037502,0.6329126262481974,-0.022115155038316826,0.6550277812865143,0.5871562194505284
correct_CP,O=C(NCc1ccccc1)[C@H]1[C@H](CO)[C@H]2Cn3c(ccc(-c4cccc(F)c4)c3=O)[C@@H]1N2,10.0354,-0.3164116167864832,-0.32765444207000094,0.05775383576297613,-0.38540827783297704,0.035920339133292636
correct_CP,O=C(NCc1ccccn1)C(=O)Nc1nc(-c2ccccc2)cs1,10.0,0.15916749297412996,0.1605324335703105,0.05322751338767544,0.10730492018263506,0.003443744872455627
correct_CP,O=C(NCc1ccccn1)[C@H]1[C@H](CO)[C@H]2Cn3c(ccc(C4=CCCC4)c3=O)[C@@H]1N2Cc1cccnc1,10.0562,0.3581206816800131,0.37472843153073665,-0.07053502037180828,0.4452634519025449,-0.08896278535542249
correct_CP,O=C(NCc1ccncn1)[C@H]1[C@H](CO)[C@H]2Cn3c(cccc3=O)[C@@H]1N2CC1CC1,10.0165,-0.030114320693062347,-0.030123428930779798,0.010114578738764765,-0.040238007669544565,-0.09896213263616703
correct_CP,O=C(NN=C(S)Nc1ccc(F)cc1)c1ccccc1OC(F)F,10.0,0.30890025410479605,0.31932919975908836,0.02474946016922714,0.2945797395898612,0.04367286351665151
correct_CP,O=C(NN=C1CCCC1C(=O)C(F)(F)F)c1ccccc1O,10.0,0.07290296067386402,0.07303253000769151,0.07025031941145332,0.002782210596238191,-0.04696511433117178
correct_CP,O=C(NN=Cc1cc2c(cc1Br)OCO2)c1cc2ccccc2o1,10.0,0.187265869791183,0.18950216061897207,0.07810383124937098,0.11139832936960109,0.10886780035230309
correct_CP,O=C(NN=Cc1cccs1)c1cccc2cc[nH]c12,10.0,-0.007891415328697313,-0.007891579145964321,-0.019419494974255908,0.011527915828291586,-0.20051803529985734
correct_CP,O=C(NNC(=S)NC(=O)c1ccccc1[N+](=O)[O-])c1ccccc1Cl,10.0,0.46906072744943506,0.5088654321206079,-0.005474728369145341,0.5143401604897532,0.2326253191904171
correct_CP,O=C(NNc1c(Cl)cc(Cl)cc1Cl)c1cccc([N+](=O)[O-])c1,10.0,0.05477496529945224,0.05482984451053236,-0.018060880979464754,0.07289072548999712,-0.2542625478225909
correct_CP,O=C(NNc1nc2ccccc2s1)c1ccc(F)cc1,10.0,0.02987139450086432,0.02988028401114,0.31833951371144853,-0.2884592297003085,-0.19194678792595612
correct_CP,O=C(N[C@@H]1C=C[C@@H](CC(=O)N2CCCCC2)O[C@H]1CO)c1ccc2c(c1)OCO2,10.0542,-0.1814689524000721,-0.18350124487690747,0.014517694396172709,-0.19801893927308017,0.12107748500108012
correct_CP,O=C(N[C@@H]1C=C[C@@H](CC(=O)N2CCOCC2)O[C@@H]1CO)c1cccc(F)c1,9.97418,-0.3318189836345204,-0.34487091214125437,-0.09120790277043797,-0.25366300937081643,0.09422918902639191
correct_CP,O=C(N[C@@H]1C=C[C@@H](CC(=O)N2CCc3ccccc3C2)O[C@@H]1CO)C1CC1,10.014834,0.2809540833955911,0.2887176197349861,-0.15076685065562137,0.43948447039060745,-0.040608656177869074
correct_CP,O=C(N[C@@H]1C=C[C@H](CC(=O)N2CCC(Cc3ccccc3)CC2)O[C@@H]1CO)c1cnccn1,10.0345,0.21716051146093435,0.22067414794402168,0.05989103326071533,0.16078311468330636,0.8810156344662946
correct_CP,O=C(N[C@@H]1CC[C@@H](CC(=O)N2CCOCC2)O[C@@H]1CO)c1cccc(F)c1,9.96992,0.13471358904552946,0.13553749528061487,0.0716320718468122,0.06390542343380268,0.18849049977330262
correct_CP,O=C(N[C@@H]1CC[C@@H](CC(=O)N2CCOCC2)O[C@@H]1CO)c1ccccn1,9.9398,0.4844065963847317,0.5287259478038198,0.07271053370743458,0.4560154140963852,0.11896856018663865
correct_CP,O=C(N[C@@H]1CC[C@@H](CC(=O)N2CCOCC2)O[C@H]1CO)c1ccccn1,10.0649,0.1209414392054898,0.12153633219814591,-0.042867787982647926,0.16440412018079384,-0.13624018766139712
correct_CP,O=C(N[C@@H]1CC[C@@H](CCNC(=O)C2CCCCC2)O[C@@H]1CO)c1ccccn1,10.0473,0.05408888305282016,0.05414172344785249,-0.023992018129189375,0.07813374157704187,0.12621496881603037
correct_CP,O=C(N[C@@H]1CC[C@@H](CCNC(=O)c2ccccc2F)O[C@@H]1CO)c1cnccn1,10.0036,-0.07160473035149026,-0.07172748636358747,0.018412925989260857,-0.09014041235284834,-0.15148920471499983
correct_CP,O=C(N[C@@H]1CC[C@@H](CCNS(=O)(=O)Cc2ccccc2)O[C@@H]1CO)c1cnccn1,10.0141,0.04942078640386004,0.04946108081206509,0.06326073082557541,-0.013799650013510321,0.039932004668141244
correct_CP,O=C(N[C@@H]1CC[C@@H](CCNS(=O)(=O)c2ccc(F)cc2)O[C@@H]1CO)C1CCOCC1,10.1337,-0.3016731915342089,-0.31135929306835664,-0.10765580957759097,-0.20370348349076567,0.027785848890303097
correct_CP,O=C(N[C@@H]1CC[C@@H](CCn2cc(-c3ccccn3)nn2)O[C@@H]1CO)c1ccc(F)cc1,10.0807,-0.0226392304367048,-0.022643099424042124,-0.052715539031172216,0.030072439607130092,-0.16647535095681082
correct_CP,O=C(N[C@@H]1CC[C@@H](CCn2cc(C3(O)CCCC3)nn2)O[C@H]1CO)c1ccccc1F,9.9734,-0.3627158419324942,-0.380009642982796,0.024433220004144184,-0.40444286298694015,0.36942871472368194
correct_CP,O=C(N[C@@H]1CC[C@H](CC(=O)N2CCN(c3ccccc3)CC2)O[C@H]1CO)c1ccccc1,10.0296,-0.5811956676330617,-0.6642663839183786,0.08505558844167536,-0.7493219723600539,-0.40991919156582307
correct_CP,O=C(N[C@@H]1CC[C@H](CC(=O)N2CCOCC2)O[C@@H]1CO)c1ccccn1,9.86744,0.3037251905343979,0.3136182766152493,0.1444834756904016,0.16913480092484773,0.22141206276326825
correct_CP,O=C(N[C@@H]1CC[C@H](CCNC(=O)C2CCCCC2)O[C@H]1CO)c1ccccn1,10.0304,0.006482806417149567,0.00648289723659731,0.00722378769987985,-0.0007408904632825401,-0.1476362070135983
correct_CP,O=C(N[C@@H]1CC[C@H](CCNS(=O)(=O)Cc2ccccc2)O[C@@H]1CO)c1ccc2c(c1)OCO2,10.0522,0.26046857231080583,0.26661101689364364,-0.043923612083903114,0.31053462897754674,0.11625061802661499
correct_CP,O=C(N[C@@H]1CC[C@H](CCNS(=O)(=O)Cc2ccccc2)O[C@H]1CO)c1cnccn1,10.068,0.19583046865092604,0.19839303450280601,-0.02206637720886811,0.22045941171167413,0.07914404148061623
correct_CP,O=C(N[C@@H]1CC[C@H](CCn2cc(-c3ccccc3F)nn2)O[C@@H]1CO)c1ccc2c(c1)OCO2,10.0324,0.138483641157439,0.1393792360273607,-0.0036257893592109083,0.1430050253865716,-0.027553555148980512
correct_CP,O=C(N[C@@H]1CC[C@H](CCn2cc(Cc3ccccc3)nn2)O[C@H]1CO)c1ccccn1,10.0615,0.012826676404700013,0.012827379904590742,-0.0038362665154224942,0.016663646420013237,0.1748381802843124
correct_CP,O=C(N[C@H]1C=C[C@@H](CC(=O)N2CCC(Cc3ccccc3)CC2)O[C@H]1CO)c1cnccn1,10.0337,0.4255455818923861,0.45444456581144366,-0.04910616194941421,0.5035507277608579,-0.3340763067288401
correct_CP,O=C(N[C@H]1C=C[C@@H](CC(=O)N2CCOCC2)O[C@H]1CO)c1cccc(F)c1,10.0021,0.1352281927764458,0.1360616475805157,0.021010787978930204,0.1150508596015855,0.34277180056267964
correct_CP,O=C(N[C@H]1C=C[C@H](CC(=O)N2CCCCC2)O[C@H]1CO)c1ccc2c(c1)OCO2,9.98452,0.13828064842863713,0.13917228017222447,-0.009023583152981608,0.14819586332520607,-0.023943611188017945
correct_CP,O=C(N[C@H]1C=C[C@H](CC(=O)N2CCCCC2)O[C@H]1CO)c1ccccn1,10.0549,0.038505480742517036,0.03852452802323332,-0.0024991861574196698,0.04102371418065299,-0.06337097190888641
correct_CP,O=C(N[C@H]1C=C[C@H](CC(=O)N2CCN(c3ccccc3)CC2)O[C@@H]1CO)c1ccncc1,10.0121,0.6524704028749403,0.7795884140450894,0.022776476228584926,0.7568119378165045,0.28222311894715385
correct_CP,O=C(N[C@H]1C=C[C@H](CC(=O)N2CCc3ccccc3C2)O[C@@H]1CO)C1CC1,10.143,0.4663116316242134,0.5053466718985067,0.06642821670696028,0.4389184551915464,0.20743614993609186
correct_CP,O=C(N[C@H]1CC[C@@H](CC(=O)N2CCN(c3ccccc3)CC2)O[C@@H]1CO)c1ccccc1,10.082,-0.21941782797464143,-0.223044408987419,-0.08389125962359995,-0.13915314936381906,-0.30857705350737297
correct_CP,O=C(N[C@H]1CC[C@@H](CC(=O)N2CCOCC2)O[C@@H]1CO)c1ccccn1,10.0774,0.5622608003867735,0.6361329918885719,0.07123207912392797,0.5649009127646439,0.6631319481363488
correct_CP,O=C(N[C@H]1CC[C@@H](CC(=O)N2CCc3ccccc3C2)O[C@@H]1CO)C1CCOCC1,10.0293,0.07763028010479837,0.0777867916916561,-0.06616563121067554,0.14395242290233162,0.015214859881615334
correct_CP,O=C(N[C@H]1CC[C@@H](CC(=O)N2CCc3ccccc3C2)O[C@H]1CO)C1CCOCC1,10.1753,0.16133109348313132,0.1627530603688598,0.04195182712342459,0.12080123324543522,0.09945840098008103
correct_CP,O=C(N[C@H]1CC[C@@H](CCNC(=O)c2cnccn2)O[C@H]1CO)c1ccc2c(c1)OCO2,9.93443,-0.2655296478861807,-0.27204818871738623,-0.09182242262364722,-0.18022576609373903,0.09066533510710423
correct_CP,O=C(N[C@H]1CC[C@@H](CCNS(=O)(=O)Cc2ccccc2)O[C@H]1CO)c1ccc2c(c1)OCO2,10.1605,0.3276996522835782,0.3402489761644452,0.020856462244142226,0.319392513920303,0.14196244310182593
correct_CP,O=C(N[C@H]1CC[C@@H](CCn2cc(-c3cccnc3)nn2)O[C@H]1CO)c1ccccc1F,10.0186,-0.20306981839298516,-0.20593233886818368,-0.07929780129561576,-0.12663453757256793,-0.2580274819688246
correct_CP,O=C(N[C@H]1CC[C@@H](CCn2cc(C3CC3)nn2)O[C@H]1CO)c1cccnc1,10.073,0.32919704243230147,0.34192743622473853,-0.0026882369207081244,0.34461567314544667,0.035227708695145694
correct_CP,O=C(N[C@H]1CC[C@@H](CCn2cc(Cc3ccccc3)nn2)O[C@@H]1CO)c1ccccn1,10.0312,-0.013001924121244702,-0.013002656854125202,-0.0010503280142368891,-0.011952328839888313,-0.2521238211074815
correct_CP,O=C(N[C@H]1CC[C@H](CCNS(=O)(=O)c2cccc(Cl)c2)O[C@@H]1CO)c1ccncc1,10.0288,0.30024987520426105,0.3097942149680221,-0.05213130676710331,0.36192552173512543,0.030940900618479834
correct_CP,O=C(N[C@H]1CC[C@H](CCNS(=O)(=O)c2ccccc2)O[C@H]1CO)c1cccnc1,10.1115,0.40479554473458484,0.42937104130056575,0.04546368602369616,0.3839073552768696,0.09500067931339434
correct_CP,O=C(N[C@H]1CC[C@H](CCn2cc(C3(O)CCCC3)nn2)O[C@H]1CO)c1ccccc1F,10.2217,-0.057913807243534815,-0.057978685666939624,0.04349839326752336,-0.10147707893446298,-0.028645525171267366
correct_CP,O=C(N[C@H]1CN2CCC1CC2)c1ccc(Cl)cc1,10.0,0.12851299702908092,0.12922758091366815,-0.022741632692398955,0.1519692136060671,-0.060244553012628765
correct_CP,O=C(Nc1cc(F)ccc1F)N[C@H]1CC[C@@H](CCNC(=O)c2cnccn2)O[C@H]1CO,10.0039,0.5704047719185897,0.6481226231535142,-0.006235330838626159,0.6543579539921404,-0.21323452134735313
correct_CP,O=C(Nc1cc(F)ccc1F)N[C@H]1CC[C@H](CCNC(=O)c2cnccn2)O[C@@H]1CO,10.0598,0.39646608264248345,0.41944892881998586,-0.10411250232268052,0.5235614311426664,-0.4044485375018083
correct_CP,O=C(Nc1cc(Sc2ccccn2)cc([N+](=O)[O-])c1)c1cccc(Cl)c1,10.0,0.019143104900487574,0.019145443799055153,0.10590509105970454,-0.08675964726064939,-0.2318755638597348
correct_CP,O=C(Nc1ccc(-c2nc3ccccc3o2)cc1)c1ccc(N2C(=O)C3C4C=CC(C4)C3C2=O)cc1,10.0,-0.01710760813033806,-0.017109277386156134,0.013098448014634247,-0.03020772540079038,-0.04003873629043419
correct_CP,O=C(Nc1ccc(C(F)(F)F)cc1)N[C@@H]1CC[C@@H](CCNC(=O)c2ccccc2F)O[C@H]1CO,10.0997,0.07855030029358595,0.07871245673927839,-0.029126671417584883,0.10783912815686328,0.02582739935753702
correct_CP,O=C(Nc1ccc(C(F)(F)F)cc1)N[C@H]1C=C[C@H](CC(=O)N2CCCCC2)O[C@H]1CO,9.98224,-0.017934288826397783,-0.017936211984757162,0.027033068876702766,-0.04496928086145993,-0.16454777596161455
correct_CP,O=C(Nc1ccc(C(F)(F)F)cc1)Nc1ccc2c(c1)[C@@H]1C[C@H](CC(=O)N3CCc4ccccc4C3)O[C@@H](CO)[C@@H]1O2,10.0089,0.29708507583304133,0.3063194551262742,-0.10792557701345493,0.4142450321397291,0.24674602648327926
correct_CP,O=C(Nc1ccc(Cl)c(Cl)c1)C1CC(=O)N(c2ccc(Br)cc2)C1,10.0,-0.05465472248617469,-0.054709240643605724,0.045540806036250756,-0.10025004667985649,-0.05958556740336613
correct_CP,O=C(Nc1ccc(Cl)c(Cl)c1)N[C@@H]1CC[C@@H](CCn2cc(C3CCCCC3)nn2)O[C@@H]1CO,10.1242,-0.1358467524507252,-0.13669178312243488,-0.01934383019897789,-0.11734795292345698,-0.18922214383999503
correct_CP,O=C(Nc1ccc(Cl)c(Cl)c1)N[C@@H]1CC[C@H](CCn2cc(C3CCCCC3)nn2)O[C@@H]1CO,10.085,0.1937160966812747,0.196195286426017,-0.04641883775778416,0.24261412418380116,0.23805588541158548
correct_CP,O=C(Nc1ccc(Cl)cc1)Nc1nnc(SCc2ccc(Cl)cc2)s1,10.0,0.20273304402176032,0.2055811045298296,0.3127457590476027,-0.1071646545177731,0.01284701316527892
correct_CP,O=C(Nc1ccc(F)cc1)N[C@@H]1CC[C@@H](CC(=O)N2CCOCC2)O[C@@H]1CO,9.98049,-0.19961282267381833,-0.20232927684656898,-0.06505550266148995,-0.13727377418507902,-0.06387301599322344
correct_CP,O=C(Nc1ccc(F)cc1)N[C@@H]1CC[C@@H](CC(=O)N2CCOCC2)O[C@H]1CO,9.98593,-0.21011720180319868,-0.21329395857611544,-0.0742907387072483,-0.13900321986886716,-0.17637958952389082
correct_CP,O=C(Nc1ccc(F)cc1)Nc1ccc2c(c1)OCO2,10.0,0.2324702960615634,0.23679931207774702,0.10115257556269602,0.135646736515051,0.034139130427840364
correct_CP,O=C(Nc1ccc(F)cc1)Nc1ccc2c(c1)[C@@H]1C[C@H](CC(=O)N3CCOCC3)O[C@@H](CO)[C@@H]1O2,9.92091,-0.26145483938869013,-0.26766935819604476,-0.0238811933504001,-0.24378816484564467,0.0012981877141473273
correct_CP,O=C(Nc1ccc(F)cc1)Nc1ccc2c(c1)[C@H]1C[C@@H](CC(=O)N3CCOCC3)O[C@@H](CO)[C@H]1O2,10.0027,0.016890758336262007,0.016892364909546882,-0.00913504878327946,0.026027413692826344,-0.12021221671321285
correct_CP,O=C(Nc1ccc(N2CCCC2)cc1)c1ccc2ccccc2c1,10.0,0.6131708736252925,0.7139869730982651,0.29960323112364895,0.41438374197461614,-0.15165236980161556
correct_CP,O=C(Nc1ccc(N2CCN(C(=O)c3ccco3)CC2)cc1)c1ccccc1F,10.0,0.3401098329830262,0.35421672346858957,0.06694989501183479,0.2872668284567548,-0.1510286332608034
correct_CP,O=C(Nc1ccc(N2CCOCC2)c(Cl)c1)c1ccco1,10.0,0.6663434239709816,0.8041373449011422,-0.05188047815398171,0.8560178230551239,0.17634521364529265
correct_CP,O=C(Nc1ccc(Nc2ccccc2)cc1)C1CC1,10.0,0.4830418198098324,0.5269442796757655,-0.13505305311389987,0.6619973327896653,0.011761488704729636
correct_CP,O=C(Nc1ccc([N+](=O)[O-])cc1Cl)c1cc(Cl)ccc1O,10.0,0.3807717668543187,0.4009619778853284,0.01115533621686899,0.3898066416684594,0.16455936088922954
correct_CP,O=C(Nc1ccc2c(c1)OCO2)N[C@@H]1CC[C@H](CC(=O)N2CCN(c3ccccc3)CC2)O[C@H]1CO,10.0056,0.12339461553588738,0.12402667833628978,-0.027127600155962783,0.15115427849225255,-0.010636645192502538
correct_CP,O=C(Nc1ccc2c(c1)OCO2)N[C@H]1CC[C@@H](CCNC(=O)C2CC2)O[C@@H]1CO,9.99166,-0.12836418004400496,-0.12907626779583004,-0.07393181057103249,-0.05514445722479755,0.12349949425335688
correct_CP,O=C(Nc1ccc2c(c1)OCO2)c1cncc(Br)c1,10.0,0.2944107710197388,0.3033888139946747,-0.10640356130539703,0.40979237530007173,0.0962794472128536
correct_CP,O=C(Nc1ccc2c(c1)[C@@H]1C[C@@H](CC(=O)N3CCOCC3)O[C@H](CO)[C@@H]1O2)Nc1ccccc1F,10.0867,0.0429342246126702,0.04296063472922782,0.229436790504248,-0.1864761557750202,0.14240725284852626
correct_CP,O=C(Nc1ccc2c(c1)[C@@H]1C[C@@H](CC(=O)N3CCc4ccccc4C3)O[C@@H](CO)[C@@H]1O2)C1CCOCC1,9.93913,0.21054861587007254,0.21374534181533916,0.09707929122640838,0.11666605058893079,0.16429468588508886
correct_CP,O=C(Nc1ccc2c(c1)[C@@H]1C[C@@H](CC(=O)N3CCc4ccccc4C3)O[C@H](CO)[C@@H]1O2)c1cccnc1,10.29,0.4350799731301344,0.4661458406401171,0.03730214793977725,0.42884369270033984,-0.06594920480610747
correct_CP,O=C(Nc1ccc2c(c1)[C@@H]1C[C@H](CC(=O)N3CCCCC3)O[C@@H](CO)[C@@H]1O2)C1CCOCC1,10.0711,0.1682907528125477,0.16990707369117175,-0.020265967492011757,0.1901730411831835,0.10228580217335285
correct_CP,O=C(Nc1ccc2c(c1)[C@@H]1C[C@H](CC(=O)N3CCCCC3)O[C@@H](CO)[C@@H]1O2)NC1CCCC1,9.99641,0.1454287332852905,0.14646719236014902,-0.00017562496817273565,0.14664281732832174,-0.05422967812046961
correct_CP,O=C(Nc1ccc2c(c1)[C@@H]1C[C@H](CC(=O)N3CCCCC3)O[C@H](CO)[C@@H]1O2)C1CCOCC1,10.1036,0.23980623386545524,0.24456851357603215,0.024825940664830154,0.219742572911202,0.10069927698121364
correct_CP,O=C(Nc1ccc2c(c1)[C@@H]1C[C@H](CC(=O)N3CCCCC3)O[C@H](CO)[C@@H]1O2)NC1CCCC1,9.9468,-0.2420850250912237,-0.2469877546549971,0.0021063144217532276,-0.2490940690767503,-0.205703860921783
correct_CP,O=C(Nc1ccc2c(c1)[C@H]1C[C@@H](CC(=O)N3CCOCC3)O[C@@H](CO)[C@H]1O2)c1cccnc1,10.027,0.3341796008447677,0.3475259437478405,-0.036543728404081245,0.3840696721519218,0.3780957511897809
correct_CP,O=C(Nc1ccc2c(c1)[C@H]1C[C@@H](CC(=O)N3CCc4ccccc4C3)O[C@H](CO)[C@H]1O2)C1CCOCC1,9.63439,-0.09679704685292383,-0.09710107662667035,-0.14732683897854332,0.05022576235187297,0.17631475991292983
correct_CP,O=C(Nc1ccc2c(c1)[C@H]1C[C@H](CC(=O)N3CCc4ccccc4C3)O[C@H](CO)[C@H]1O2)c1ccc2c(c1)OCO2,10.0241,-0.1665491796919746,-0.16811527699844017,-0.006225602162690455,-0.16188967483574973,0.06486470578712894
correct_CP,O=C(Nc1cccc(Cl)c1)N[C@@H]1CC[C@@H](CCNC(=O)C2CCOCC2)O[C@@H]1CO,9.940199,-0.272223715193932,-0.2792639526404472,0.015220066633292013,-0.2944840192737392,0.25068108341709266
correct_CP,O=C(Nc1cccc(Cl)c1)N[C@H]1CC[C@@H](CCn2cc(Cc3ccccc3)nn2)O[C@H]1CO,10.0475,0.3275148812617623,0.34004199004120433,0.16262542849873643,0.1774165615424679,0.0011807451077971431
correct_CP,O=C(Nc1cccc(F)c1)N[C@@H]1CC[C@H](CCNS(=O)(=O)c2cccc(Cl)c2)O[C@@H]1CO,10.0347,-0.20894406611237798,-0.21206695340445636,-0.05725065412664096,-0.1548162992778154,0.48079826719522767
correct_CP,O=C(Nc1cccc(F)c1)N[C@H]1CC[C@@H](CCNS(=O)(=O)c2cccc(Cl)c2)O[C@@H]1CO,10.1488,0.33057162441729543,0.3434698721103425,-0.07528926161792245,0.41875913372826495,-0.0804535543145868
correct_CP,O=C(Nc1ccccc1)[C@@H]1[C@@H](CO)[C@@H]2Cn3c(ccc(C4=CCCCC4)c3=O)[C@@H]2N1Cc1cocn1,10.0514,-0.1683113613582661,-0.169928282995654,-0.021107447746016052,-0.14882083524963793,0.1461893561657565
correct_CP,O=C(Nc1ccccc1)[C@H]1[C@H](CO)[C@H]2Cn3c(ccc(C4=CCCCC4)c3=O)[C@H]2N1Cc1cocn1,10.0228,-0.3968242133549972,-0.419873922713411,0.02814332569488049,-0.4480172484082915,0.1026082758501975
correct_CP,O=C(Nc1ccccc1)c1ccccc1Oc1ccc(C(F)(F)F)cc1[N+](=O)[O-],10.0,-0.2619815932483118,-0.2682348459628559,-0.078913788960628,-0.1893210570022279,0.39516624069386413
correct_CP,O=C(Nc1ccccc1F)N[C@@H]1CC[C@@H](CCNC(=O)C2CCCCC2)O[C@@H]1CO,9.93465,-0.1855322974621976,-0.1877061873703038,0.04597153751645136,-0.23367772488675517,0.18749421525445711
correct_CP,O=C(Nc1ccccc1F)N[C@@H]1CC[C@H](CCNC(=O)C2CCCCC2)O[C@H]1CO,10.035568,0.465927320521121,0.5048556854503392,0.025969448082534936,0.4788862373678043,-0.03541844213142109
correct_CP,O=C(Nc1ccccc1F)N[C@H]1CC[C@H](CC(=O)N2CCCCC2)O[C@@H]1CO,9.98465,-0.05468670925683154,-0.05474132330572266,-0.029075749194019222,-0.025665574111703435,0.05398325689685922
correct_CP,O=C(Nc1ccncc1)Nc1cccc(Cl)c1Cl,10.0,0.35208799852616485,0.3678252276080931,0.019898789997049908,0.3479264376110432,0.15161948522899868
correct_CP,O=C(Nc1nc2ccccc2[nH]1)c1ccccc1[N+](=O)[O-],10.0,-0.46424266383697427,-0.5027060536272774,0.048663981666260084,-0.5513700352935375,-0.5789491098916949
correct_CP,O=C(Nc1nc[nH]n1)c1cccc(F)c1,20.0,0.25630466722068856,0.2621492175215979,0.013169518952138293,0.24897969856945962,-0.07369612272098405
correct_CP,O=C(Nc1nccs1)[C@@H]1[C@@H](CO)[C@@H]2Cn3c(cccc3=O)[C@H]1N2C(=O)C1CCCC1,10.0669,-0.08019692954475727,-0.08036952619486533,0.0019135328110947755,-0.0822830590059601,-0.2131062439618229
correct_CP,O=C(Nc1nccs1)[C@H]1[C@H](CO)[C@H]2Cn3c(ccc(-c4cncnc4)c3=O)[C@H]2N1CC1CCCC1,10.0759,0.6100872313670233,0.7090602967750724,0.03130773924346847,0.6777525575316039,0.08966026528931342
correct_CP,O=C(Nc1nccs1)c1cccnc1O,10.0,0.3691014330293016,0.3873824076820992,0.14120169846591657,0.24618070921618262,0.05337717055820923
correct_CP,O=C(Nc1nnc(COc2ccc(Cl)cc2)s1)c1cccs1,10.0,0.4286654774687831,0.4582605815256936,0.3084427985711267,0.14981778295456688,-0.11357307695932309
correct_CP,O=C(Nc1sc2c(c1C(=O)NC1CC1)CCCCCC2)c1ccco1,10.0,0.587686127119385,0.6741240413185958,0.10493834806314847,0.5691856932554473,0.21424678577402542
correct_CP,O=C(O)C(=O)/C(=C\c1cccc(Cl)c1)c1ccc2ccccc2n1,10.0,0.7476507426807473,0.9676068312849645,0.37107163850989944,0.5965351927750651,0.19193394664793784
correct_CP,O=C(O)C1=CCCN(CCOC(c2ccc(C(F)(F)F)cc2)c2ccc(C(F)(F)F)cc2)C1,10.0,0.06654910626276307,0.06664761201417789,0.0007325694526823384,0.06591504256149555,0.15559264539653306
correct_CP,O=C(O)C1=CCCN(CCON=C(c2ccccc2)c2ccccc2)C1,10.0,0.285524956092145,0.29368718566882357,0.0018228625143169707,0.2918643231545066,-0.06191655768609575
correct_CP,O=C(O)CC/C=C\CC[C@@H]1[C@@H](N2CCCCC2)[C@@H](O)C[C@@H]1OCc1ccc(-c2ccccc2)cc1,10.0,-0.14387679519165436,-0.14488208649685194,-0.03383803702451877,-0.11104404947233318,0.022745735320631538
correct_CP,O=C(O)CCC(=O)c1ccc(-c2ccccc2)cc1,10.0,0.1906473591281545,0.1930088590651468,0.010247830051115132,0.18276102901403168,-0.24720602684566317
correct_CP,O=C(O)CCC=CCC1COC(c2ccccc2Cl)OC1c1ccccc1O,10.0,0.2038242133333788,0.20671930700517788,0.33266205245715585,-0.12594274545197798,-0.5346758358969517
correct_CP,O=C(O)CCCc1ccccc1,10.0,0.11707895561357011,0.11761835142026239,0.12379929882673742,-0.006180947406475026,-0.0719385560727681
correct_CP,O=C(O)CCSCCCN1C(=O)c2cccc3cccc(c23)C1=O,10.0,0.2721671259716055,0.27920283520618794,0.18150330753907443,0.09769952766711351,0.000626739647620167
correct_CP,O=C(O)CCc1ccc(-c2ccccc2)n1Cc1ccco1,10.0,0.38820283666594113,0.40968223560032235,0.09305491691896717,0.3166273186813552,-0.26935866140479275
correct_CP,O=C(O)CCc1nc(-c2ccccc2)c(-c2ccccc2)o1,10.0,-0.4558564691749191,-0.49206829477509606,-0.06483446652467903,-0.427233828250417,0.0007233494792264761
correct_CP,O=C(O)COc1ccccc1/C=C1\SC(=S)N(N=Cc2ccccc2O)C1=O,10.0,-0.10599781557075261,-0.10639749420249289,0.048047658753673915,-0.15444515295616681,-0.3496400098515877
correct_CP,O=C(O)C[C@@H]1C=C[C@@H](NC(=O)c2ccccc2F)[C@H](CO)O1,10.0998,-0.18008424416214544,-0.18206975503583325,-0.00018895856605796735,-0.18188079646977529,-0.2059936172970729
correct_CP,O=C(O)C[C@@H]1CC[C@@H](NC(=O)c2ccncc2)[C@@H](CO)O1,10.0489,-0.17993616228262657,-0.18191671406642868,0.06617358702298407,-0.24809030108941274,-0.2483415964471033
correct_CP,O=C(O)C[C@@H]1CC[C@@H]2[C@H](COC[C@@H](O)CN2S(=O)(=O)c2ccc(Oc3ccccc3)cc2)O1,10.0018,0.11733363515883533,0.11787657831132017,-0.10986427579453929,0.22774085410585948,0.11576713534554883
correct_CP,O=C(O)C[C@@H]1C[C@@H]2c3cc(NC(=O)Nc4ccc(C(F)(F)F)cc4)ccc3O[C@@H]2[C@H](CO)O1,9.9947,0.16686409684026723,0.1684391962223085,-0.18831352124385992,0.35675271746616843,0.20451831142317894
correct_CP,O=C(O)C[C@@H]1C[C@H]2c3cc(NC(=O)Nc4ccc(C(F)(F)F)cc4)ccc3O[C@H]2[C@H](CO)O1,10.0442,0.48759402741452723,0.5328990605374666,0.012096964167512516,0.5208020963699541,0.1020213885005187
correct_CP,O=C(O)C[C@@H]1C[C@H]2c3cc(NC(=O)c4ccc5c(c4)OCO5)ccc3O[C@H]2[C@H](CO)O1,9.96195,0.2837276365727776,0.29173142511162625,-0.016047490629453775,0.30777891574108,0.009387569072167083
correct_CP,O=C(O)C[C@H]1C=C[C@@H](NC(=O)Nc2ccccc2)[C@H](CO)O1,9.9611,0.21793961318276586,0.22149195490763524,0.09117195611528381,0.13031999879235143,-0.021438323944872023
correct_CP,O=C(O)C[C@H]1C=C[C@H](NC(=O)c2ccccc2F)[C@H](CO)O1,9.95979,0.29123112952724484,0.29991096326069777,-0.147940230315058,0.44785119357575576,0.004473455491679601
correct_CP,O=C(O)C[C@H]1CC[C@@H](NC(=O)Nc2ccccc2)[C@@H](CO)O1,10.0504,-0.20276184102940215,-0.2056111360280185,-0.020603251161777004,-0.1850078848662415,0.2625506190561115
correct_CP,O=C(O)C[C@H]1CC[C@@H](NC(=O)c2ccncc2)[C@@H](CO)O1,9.92721,0.008793321228581858,0.008793547879618793,0.06674852733582856,-0.05795497945620977,0.02412922025292108
correct_CP,O=C(O)C[C@H]1CC[C@@H]2[C@H](COC[C@H](O)CN2S(=O)(=O)c2ccc(Oc3ccccc3)cc2)O1,10.0252,0.0866129514239543,0.08683051598588104,-0.015106140840089967,0.101936656825971,-0.08397017826109321
correct_CP,O=C(O)C[C@H]1CC[C@H]2[C@@H](COC[C@H](O)CN2S(=O)(=O)c2ccc(Oc3ccccc3)cc2)O1,9.98301,-0.21845667590306297,-0.22203486586681837,-0.12129649397252583,-0.10073837189429254,-0.00965208269269631
correct_CP,O=C(O)C[C@H]1C[C@@H]2c3cc(NC(=O)Nc4ccccc4)ccc3O[C@@H]2[C@H](CO)O1,10.1604,0.13912213419140168,0.14003027210353006,0.13844329129480176,0.0015869808087282944,-0.07034451063414932
correct_CP,O=C(O)C[C@H]1C[C@H]2c3cc(NC(=O)CC4CC4)ccc3O[C@H]2[C@H](CO)O1,10.0483,0.1268914786981047,0.12757918030870607,-0.026154059446775367,0.15373323975548145,-0.0869124122341165
correct_CP,O=C(O)C[C@H]1C[C@H]2c3cc(NC(=O)Nc4ccccc4)ccc3O[C@H]2[C@@H](CO)O1,9.99803,0.15314174272795547,0.1543560563502984,0.09842101933912009,0.0559350370111783,0.32570126289433043
correct_CP,O=C(O)Cc1cc(I)c(Oc2cc(I)c(O)c(I)c2)c(I)c1,10.0,0.25430556358422385,0.2600107244979082,-0.024947546575525562,0.28495827107343374,0.12563404856085733
correct_CP,O=C(O)Cc1nn(Cc2ccc(Br)cc2F)c(=O)c2ccccc12,10.0,0.2874712282161193,0.2958074962465146,0.007659550403851465,0.2881479458426631,0.14052511502360712
correct_CP,O=C(O)[C@@H]1[C@@H](CO)[C@@H]2Cn3c(ccc(-c4ccc(F)cc4)c3=O)[C@H]1N2CC1CCCCC1,10.0608,-0.006161158063736028,-0.00616123602442868,0.05477442565290326,-0.06093566167733194,0.015764464117396224
correct_CP,O=C(O)[C@@H]1[C@@H](CO)[C@@H]2Cn3c(ccc(/C=C/c4ccccc4)c3=O)[C@@H]2N1Cc1ccc2c(c1)OCO2,10.0572,0.12750357634459744,0.12820134409508283,-0.010471409883237352,0.13867275397832018,0.10791510658069958
correct_CP,O=C(O)[C@H]1[C@H](CO)[C@H]2Cn3c(ccc(-c4ccc(F)cc4)c3=O)[C@@H]1N2CC1CCCCC1,10.0003,-0.061347592469937325,-0.06142472783458589,-0.08531545224137738,0.023890724406791485,-0.04390277052212069
correct_CP,O=C(O)[C@H]1[C@H](CO)[C@H]2Cn3c(ccc(-c4ccncc4)c3=O)[C@@H]1N2S(=O)(=O)c1ccccc1F,9.96003,-0.20360290462811473,-0.20648841652534927,-0.015898475506703962,-0.19058994101864532,0.06163295881544034
correct_CP,O=C(O)c1cc(-c2ccc(F)cc2F)ccc1O,10.0,-0.034514589728504665,-0.03452830478049937,-0.0016637952052071976,-0.032864509575292175,-0.5530473505174593
correct_CP,O=C(O)c1cccc(NC(=O)c2ccc(Cl)c(S(=O)(=O)N3CCCCCC3)c2)c1,10.0,0.06026242989921689,0.06033553814950157,0.15697323198673746,-0.09663769383723589,-0.21463660895477948
correct_CP,O=C(OC1CCOC1=O)c1cc(-c2cccs2)nc2ccccc12,10.0,0.3676084199572819,0.3856550117648573,-0.07767436732353461,0.4633293790883919,0.011383594460263421
correct_CP,O=C(OCCN1CCOCC1)C1(c2ccccc2)CCCCC1,10.0,0.009366589240204181,0.009366863174263346,-0.002950911020659877,0.012317774194923223,-0.008710407646724592
correct_CP,O=C(O[C@H]1[C@H](Oc2ccccc2COC(=O)C2(O)C=CCCC2=O)O[C@H](CO)[C@@H](O)[C@@H]1O)c1ccccc1,10.0,0.49424044891568125,0.5416559674656819,0.2533439608437106,0.2883120066219713,0.526682025593002
correct_CP,O=C(Oc1cc(OC(=O)c2ccccc2)c2c(c1)O[C@H](c1ccc(OC(=O)c3ccccc3)c(OC(=O)c3ccccc3)c1)[C@@H](OC(=O)c1ccccc1)C2)c1ccccc1,10.0,0.22191758970109604,0.22567212709245882,0.011000881951456577,0.21467124514100225,-0.19143636414662227
correct_CP,O=C([C@@H]1[C@@H](CO)[C@@H]2Cn3c(ccc(-c4cccnc4)c3=O)[C@@H]2N1CCC(F)(F)F)N1CCOCC1,9.92373,-0.34734940492685235,-0.362426314028244,-0.07651369895818241,-0.2859126150700616,-0.06594792462678639
correct_CP,O=C([C@@H]1[C@@H](CO)[C@@H]2Cn3c(ccc(-c4ccncc4)c3=O)[C@@H]2N1Cc1cocn1)N1CCCCC1,9.9116,0.11810354655936846,0.11865730885620873,-0.059255693953265146,0.17791300280947386,0.059592850360630494
correct_CP,O=C([C@@H]1[C@@H](CO)[C@@H]2Cn3c(ccc(-c4ccncc4)c3=O)[C@H]1N2CCC(F)(F)F)N1CCCCC1,9.99353,0.12085763035934154,0.1214512801722091,-0.027488631097347133,0.14893991126955625,0.22163381815146166
correct_CP,O=C([C@@H]1[C@@H](CO)[C@@H]2Cn3c(ccc(C4=CCCC4)c3=O)[C@H]1N2C(=O)c1ccncc1)N1CCOCC1,9.96807,-0.023541139436951086,-0.023545489600903982,-0.043218687935208736,0.019673198334304753,0.24283692825567538
correct_CP,O=C([C@@H]1[C@@H](CO)[C@@H]2Cn3c(cccc3=O)[C@@H]2N1Cc1ccccc1Cl)N1CCCCC1,10.0518,-0.05846911956213216,-0.058535884813662176,-0.006347175041829,-0.052188709771833174,0.22548349436653914
correct_CP,O=C([C@@H]1[C@@H](CO)[C@@H]2Cn3c(cccc3=O)[C@H]1N2S(=O)(=O)c1ccccc1F)N1CCOCC1,10.0187,-0.41217543592622674,-0.43822905689018454,-0.06301797429804165,-0.37521108259214286,-0.06895504892218593
correct_CP,O=C([C@H]1[C@H](CO)[C@H]2Cn3c(ccc(-c4ccccc4)c3=O)[C@@H]1N2Cc1cccnc1)N1CCOCC1,10.055,0.560113084361076,0.6329979518116484,-0.00219001823174895,0.6351879700433973,0.11076073220050064
correct_CP,O=C([C@H]1[C@H](CO)[C@H]2Cn3c(ccc(-c4ccccc4F)c3=O)[C@@H]1N2C(=O)C1CCC1)N1CCCCC1,10.0685,0.09973140940575985,0.10006405145424033,-0.08735465949632579,0.18741871095056611,0.09231166696847369
correct_CP,O=C([C@H]1[C@H](CO)[C@H]2Cn3c(cccc3=O)[C@@H]1N2Cc1cccc(Cl)c1)N1CCOCC1,9.92512,0.12149965105051706,0.12210286898862448,-0.007530826247676363,0.12963369523630083,0.34126203064903615
correct_CP,O=C([C@H]1[C@H](CO)[C@H]2Cn3c(cccc3=O)[C@@H]1N2Cc1cocn1)N1CCCCC1,9.98112,0.5141508497073979,0.568355940094825,-0.028283471180267306,0.5966394112750923,-0.23165524085862343
correct_CP,O=C(c1c(O)c2ccc(Cl)cc2[nH]c1=O)C1CC1,10.0,0.19363072941082998,0.19610659229258678,-0.026144790357123845,0.22225138264971062,0.18604136652089814
correct_CP,O=C(c1cc2c(s1)CCCC2)N1CCC2(CC1)OCCO2,10.0,0.12385930591622706,0.1244985811108893,0.06415737350209352,0.06034120760879577,0.08873378975516594
correct_CP,O=C(c1cc2sccc2n1Cc1ccccc1)N1CCCc2ccccc21,10.0,0.373064040277112,0.3919778247287635,0.015270682177785431,0.3767071425509781,-0.09237067745528492
correct_CP,O=C(c1ccc(Cl)c(Cl)c1)N1CCN(c2ccnc3cc(Cl)ccc23)CC1,20.0,0.21305922289126264,0.21637386855237872,0.0674468538046013,0.14892701474777742,0.583277726612581
correct_CP,O=C(c1ccc(Cl)cc1)c1cc(-c2ccccn2)c(N2CCOCC2)s1,10.0,-0.04289779106165467,-0.04292413395167004,-0.03999331573319696,-0.0029308182184730747,-0.07640423210774774
correct_CP,O=C(c1cccc2cnccc12)N1CCCNCC1,20.0,-0.39408404676374215,-0.4166257979387649,0.03603480444297761,-0.45266060238174255,0.2940769119162085
correct_CP,O=C(c1ccco1)N1CCN(CC(=O)N2c3ccccc3CCc3ccccc32)CC1,10.0,0.15064689652902113,0.15180228846433788,0.10560544007157416,0.04619684839276372,-0.2660323217418517
correct_CP,O=C(c1cnn2c(C(F)(F)F)cc(-c3cccs3)nc12)N1CCOCC1,10.0,0.0828003147491588,0.08299032030013151,0.09851685252849895,-0.015526532228367446,0.013053077722891382
correct_CP,O=C1/C(=C/c2cccc([N+](=O)[O-])c2)N2CCC1CC2,10.0,0.23903830419522215,0.2437538869980368,0.0630269959758623,0.18072689102217449,0.13875023443438467
correct_CP,O=C1/C(=C/c2cn(-c3ccccc3)nc2-c2ccc(OCc3ccccc3)cc2)SC(=S)N1CCS(=O)(=O)O,20.0,-0.2104820966010339,-0.21367573793073869,0.046462833729935635,-0.26013857166067433,0.1377393716550847
correct_CP,O=C1CC(c2ccc(O)cc2)Oc2cc(O)cc(O)c21,10.0,-0.15129381449821164,-0.15246429494235472,-0.015973358430671734,-0.13649093651168298,-0.14459695028130717
correct_CP,O=C1NC(=O)C(c2c[nH]c3ccccc23)=C1c1c[nH]c2ccccc12,10.0,-0.07812544396759943,-0.07828497703978882,0.0014394725670655827,-0.0797244496068544,0.07678254851578255
correct_CP,O=C1NC(=S)N(C2CC2)C(=O)/C1=C/Nc1ccc2c(c1)OCO2,10.0,0.5657600404684936,0.6412646752470053,-0.048731174665909816,0.6899958499129151,-0.05268288449278427
correct_CP,O=C1NCCCC2c3c(cc(Br)c(O)c3Br)OC12N1CCOCC1,10.0,0.18598704463280735,0.1881771871782511,0.10438292401605782,0.08379426316219328,0.0033450387181708646
correct_CP,O=C1Nc2ccc(Br)cc2C12NNc1ccccc1O2,20.0,0.480950266716769,0.5242197645202487,-0.0032843310133547562,0.5275040955336034,0.2906538680255841
correct_CP,O=C1Nc2ccccc2C1=Nc1sc2c(c1C(=O)NCCc1ccccc1)CCCC2,10.0,0.0722873177037734,0.07241362535656169,-0.03610208225990199,0.10851570761646367,-0.013805220183889674
correct_CP,O=C1Nc2ccccc2N(O)N1c1cc(-c2cccc(Cl)c2)no1,10.0,0.2523566837629472,0.2579281939878996,-0.011255942650088469,0.26918413663798807,0.07362253803193684
correct_CP,O=C1OCCN1/N=C/c1ccc([N+](=O)[O-])o1,10.0,0.3372338203549633,0.3509680941906578,-0.048275166167028004,0.39924326035768576,0.15568961871765005
correct_CP,O=C1c2cccc(OCC(=O)N3N=C(c4cccs4)CC3c3ccc(F)cc3)c2CCN1Cc1ccccc1,10.0,0.5926003244905166,0.6816643381355256,0.13394413637304914,0.5477202017624765,-0.31995608013588117
correct_CP,O=C1c2ccccc2C(=O)c2ccccc21,10.0,0.1379916708629941,0.13887768118474425,-0.015166156225693233,0.15404383741043748,-0.017262660773871147
correct_CP,O=Cc1sc(N2CCOCC2)nc1-c1ccccc1,10.0,0.3200688080607073,0.3317237684074269,-0.07026695015761189,0.40199071856503876,0.1752949897077988
correct_CP,O=S(=O)(Cc1ccccc1)NCC[C@H]1CC[C@@H](NS(=O)(=O)c2ccc(F)cc2)[C@@H](CO)O1,10.0481,0.3499950582342145,0.3654381226405757,-0.06740788549833977,0.43284600813891544,0.3117564755336998
correct_CP,O=S(=O)(N[C@@H]1CC[C@@H](CCn2cc(Cc3ccccc3)nn2)O[C@H]1CO)c1ccccc1F,10.1829,-0.19768346723217803,-0.2003206584158454,0.10867516085317103,-0.3089958192690164,-0.06775915138782708
correct_CP,O=S(=O)(N[C@@H]1CC[C@H](CCn2cc(C3(O)CCCC3)nn2)O[C@H]1CO)c1ccc(Cl)cc1,9.98964,-0.3460885906024042,-0.3609932215387908,-0.03954863822163457,-0.32144458331715625,-0.08381391609720194
correct_CP,O=S(=O)(N[C@H]1CC[C@@H](CCn2cc(C3(O)CCCC3)nn2)O[C@H]1CO)c1ccc(Cl)cc1,10.0747,0.36671177852090336,0.3846186637236897,-0.11891512796919648,0.5035337916928861,0.4988967345757901
correct_CP,O=S(=O)(N[C@H]1CC[C@H](CCn2cc(-c3cccc(F)c3)nn2)O[C@@H]1CO)c1ccc(Cl)cc1,10.0497,0.09485477194888953,0.09514080064366894,-0.023417151375388568,0.1185579520190575,0.03984928139531862
correct_CP,O=S(=O)(N[C@H]1CC[C@H](CCn2cc(-c3ccccn3)nn2)O[C@@H]1CO)c1cccc(Cl)c1,10.1015,-0.15673475581598106,-0.15803744878383624,-0.15109852979822358,-0.006938918985612663,0.24727584120029578
correct_CP,O=S(=O)(N[C@H]1CC[C@H](CCn2cc(C3(O)CCCC3)nn2)O[C@H]1CO)c1ccc(Cl)cc1,10.0741,0.15601251204773445,0.15729710147974496,-0.01609101591398171,0.17338811739372667,0.07117428766195424
correct_CP,O=S(=O)(N[C@H]1CC[C@H](CCn2cc(C3CC3)nn2)O[C@H]1CO)c1ccc(F)cc1,9.91364,-0.025678568525557513,-0.025684214813778763,-0.17909366100259366,0.1534094461888149,0.11552202896408191
correct_CP,O=S(=O)(N[C@H]1CC[C@H](CCn2cc(Cc3ccccc3)nn2)O[C@H]1CO)c1ccccc1F,10.012,0.35858947276670206,0.3752662940573984,0.1260286114952974,0.24923768256210102,0.08354822160542019
correct_CP,O=S(=O)(Nc1c(S(=O)(=O)c2ccccc2)c2nc3ccccc3nc2n1C1CCCCC1)c1ccccc1,10.0,0.22800216542635998,0.2320810635088151,-0.04651986831000753,0.2786009318188226,0.26450748303724975
correct_CP,O=S(=O)(Nc1cc(O)nc(SCc2ccc(Cl)cc2)n1)c1ccccc1,10.0,0.6012416213799273,0.6950894772779944,-0.03482875322754253,0.729918230505537,-0.27011990544532494
correct_CP,O=S(=O)(Nc1nc(CN2CCOCC2)nc2sc3c(c12)CCCC3)c1cc(F)ccc1F,10.0,-0.044618374331475606,-0.044648018492096785,0.06839491589346187,-0.11304293438555865,0.009075123208674304
correct_CP,O=S(=O)(c1cccs1)N1CCN(S(=O)(=O)c2cccs2)CC1,10.0,0.6618637602386548,0.7961230540932469,0.2314477074122783,0.5646753466809686,0.14217999102919673
correct_CP,O=[N+]([O-])C(=C1Nc2ccccc2N1)C(Cl)=C(Cl)Cl,10.0,0.6100823223469916,0.7090524773311554,-0.010438841114652587,0.7194913184458079,-0.30146066795883847
correct_CP,O=[N+]([O-])c1ccc(-c2nc(-c3ccc(F)cc3)c(-c3ccncc3)[nH]2)cc1,10.0,0.3712873180982638,0.389915429531851,0.04898926136668988,0.3409261681651611,-0.09857632142585594
correct_CP,O=[N+]([O-])c1ccc(NN=C2CCCCC2c2ccccn2)c([N+](=O)[O-])c1,10.0,0.2968596468788702,0.30607222204665513,0.05759471183932818,0.24847751020732695,0.30258417533038245
correct_CP,O=[N+]([O-])c1ccccc1C=Nn1c(S)nnc1COc1ccccc1,10.0,0.3600902340556271,0.37698957469888367,0.03825769169998684,0.33873188299889684,-0.04702077545249108
correct_CP,O=[N+]([O-])c1ccccc1CSc1nc2ccccc2o1,10.0,0.4341694966447519,0.46502332167675053,0.29508763858162645,0.16993568309512408,-0.21741866949276084
correct_CP,O=[N+]([O-])c1cnc2ccccc2c1Sc1ccccc1,20.0,0.4900938466527659,0.5361838427727679,0.03226257961782144,0.5039212631549465,0.5754385833208996
correct_CP,O=c1c(O)c(-c2ccc(O)cc2)oc2cc(O)cc(O)c12,10.0,0.2587317500986229,0.2647486875232141,-0.054975238196662946,0.31972392571987707,0.24773260861961294
correct_CP,O=c1cc(CN2CCN(c3ccccc3)CC2)c2cc(O)c(-c3ccccc3)cc2o1,10.0,0.2558577891184293,0.2616709775840042,0.11614234431134524,0.14552863327265897,-0.1626259980379881
correct_CP,O=c1ccc2ccc(O)c(O)c2o1,10.0,0.055197138411054725,0.05525329792546018,0.0661119309864312,-0.01085863306097102,-0.05928284473252886
correct_CP,O=c1ccn(CCc2c[nH]c3ccccc23)c2c1CCCC2,10.0,-0.2962603747354319,-0.30541516294743265,-0.05412286960428742,-0.25129229334314523,-0.29436022163392744
correct_CP,O=c1n(CCCN2CCN(c3cccc(Cl)c3)CC2)nc2ccccn12,10.0,0.29059734351589994,0.2992185800715227,-0.03176736266534424,0.33098594273686693,0.08442499901300227
correct_CP,OC(CN1CCC(Cc2ccc(F)cc2)CC1)c1ccc(Cl)cc1,10.0,0.4600480718836637,0.4973722632596042,0.2758130781005735,0.22155918515903072,-0.044740208513728036
correct_CP,OC1(c2ccc(F)cc2)CC2CCC(C1)N2Cc1nnnn1C1CCCCC1,10.0,0.35368330356815497,0.3696474516923673,0.025045887691006297,0.344601564001361,-0.13510265749820483
correct_CP,Oc1c(Br)cc(Br)c2cccnc12,10.0,-0.0699856105147544,-0.0701002103280451,0.04559855366790165,-0.11569876399594675,-0.35971563281821556
correct_CP,Oc1cc(CSc2nnc(COc3ccc(Cl)cc3)o2)c2ccccc2n1,10.0,-0.3537530973493193,-0.3697272266411775,0.008600930943331118,-0.37832815758450866,0.06573814658576527
correct_CP,Oc1cc(O)c2c(c1)O[C@H](c1cc(O)c(O)c(O)c1)[C@H](O)C2,10.0,0.09754828727613257,0.09785947831550072,-0.00615541187459627,0.10401489019009699,-0.00925361541237454
correct_CP,Oc1ccc(Cl)cc1Cc1cc(Cl)ccc1O,10.0,0.4278858972900387,0.45730589205005195,0.08539809238563503,0.3719077996644169,-0.18309510005280544
correct_CP,Oc1ccc2c(c1)OCC1(O)Cc3cc(O)c(O)cc3C21,10.0,0.0920593963699478,0.09232079257424619,0.33149549304879655,-0.23917470047455036,-0.1282125120013234
correct_CP,Oc1ccc2c3c1OC1c4[nH]c5ccccc5c4CC4(O)C(C2)N(CC2CC2)CCC314,10.0,0.5286921484833299,0.5883281754264409,0.3038693355381552,0.2844588398882857,-0.11389033643068605
correct_CP,Oc1nc2ccc(Br)cc2c(-c2ccccc2)c1N1CCOCC1,10.0,-0.04797346654301029,-0.04801032034750368,-0.04600371157754064,-0.0020066087699630378,0.21544210950120002
correct_CP,Sc1nnc(-c2cc(-c3ccccc3)[nH]n2)n1N=Cc1c(Cl)cccc1Cl,10.0,0.2509786573284899,0.25645698591639143,-0.0903334909337384,0.3467904768501298,-0.20472449440488089
correct_CP,Sc1nnc(-c2ccccc2)n1N=Cc1cccc(Br)c1,10.0,0.3979926402984975,0.42126149383887046,0.03707064795262121,0.38419084588624924,-0.2336560062272167
correct_CP,[C-]#[N+]C(C#N)=Cc1cc(C(C)(C)C)c(O)c(C(C)(C)C)c1,10.0,0.41819650214284965,0.4455042581439282,-0.021583100063096952,0.4670873582070251,0.35222387904064545
correct_CP,[O-][N+]c1ccc(O)c2ncccc12,10.0,0.49396480302580736,0.5412912902121886,-0.04831019918148205,0.5896014893936706,0.995349674051143
correct_CP,c1ccc(-c2cnc(-c3ccccn3)nn2)cc1,20.0,0.2611994119002477,0.26739520851202603,0.16981067256813284,0.09758453594389319,0.40873096661079655
correct_CP,c1ccc(-c2nnc(-c3ccncc3)nc2-c2ccccc2)cc1,20.0,0.7045029083625215,0.8761849016189921,-0.0855936979705307,0.9617785995895228,0.10527366257534847
correct_CP,c1ccc(CC(c2ccccc2)N2CCCCC2)cc1,10.0,-0.029321643596147837,-0.029330051113842834,0.02964654797513447,-0.0589765990889773,0.0368091902869712
correct_CP,c1ccc(CCCCN2CCC(c3ccccc3)CC2)cc1,10.0,0.38367662761494264,0.40436383867326275,0.10004738666163253,0.3043164520116302,0.18197906336255493
correct_CP,c1ccc(CCc2nn3c(Cn4nnc5ccccc54)nnc3s2)cc1,10.0,0.31069680516359455,0.32131648116898476,0.07421459327806398,0.24710188789092077,0.13044667888439432
correct_CP,c1ccc(CNc2ncnc3ccccc23)cc1,10.0,0.10156275650832207,0.10191414018923273,0.014891461071445915,0.08702267911778681,0.12006640833609002
correct_CP,c1ccc(N2CCN(CC3CCCCC3)CC2)cc1,10.0,0.2985909246151198,0.3079718874392501,0.12313355681577258,0.1848383306234775,0.30532866826475663
correct_CP,c1ccc(OCCOc2nc3ccccc3nc2N2CCOCC2)cc1,10.0,0.4783136261117669,0.5207953421351439,0.09352911727118324,0.42726622486396065,0.09197162214361618
correct_CP,c1ccc2c(Nc3nnc(-c4ccncc4)s3)cccc2c1,20.0,-0.26905056975905617,-0.2758400192632404,0.02255470116223658,-0.298394720425477,-0.1478864842188527
correct_CP,c1ccc2c(c1)cc1ccc3cccc4ccc2c1c34,10.0,-0.032870217908809646,-0.03288206381151643,-0.006425578223545534,-0.026456485587970893,0.044462409919421644
correct_CP,c1ccc2nc(C3=NCCN3)ccc2c1,10.0,0.2947300812455326,0.30373846395894366,0.019803762258420392,0.28393470170052326,-0.04596060450397647
correct_CP,c1ccc2oc(C3=NCCN3)cc2c1,10.0,0.605849871766031,0.7023382688452744,0.002839700144532359,0.699498568700742,-0.3040545869199912
correct_CP,c1csc(-c2ncc3ccccn23)c1,10.0,-0.006833474269987185,-0.006833580639116429,-0.01788788223413086,0.011054301595014433,0.11109629269315413
correct_CP,c1nc(CCCC2CCNCC2)c[nH]1,10.0,-0.08492330437938536,-0.08512834707748561,-0.009925839463159421,-0.07520250761432619,-0.030494223665987877
