method,canonical_compound,dose,raw_pcc,model_z,null_z,model_excess_z,replicate_excess_z
correct_CP,Brc1c(CSc2nc3ccccc3s2)nc2ncccn12,10.0,0.1588691230508255,0.160226323083008,0.14088572103646188,0.019340602046546113,0.04130733543018167
correct_CP,Brc1c(NC2=NCCN2)ccc2nccnc12,10.0,-0.024811528546876297,-0.024816621852789437,-0.04915422468809633,0.024337602835306896,0.2673743908402419
correct_CP,C#C[C@]1(O)CC[C@H]2[C@@H]3CCC4=CC(=O)CC[C@@H]4[C@H]3CC[C@@]21CC,6.40111,0.046606425747679134,0.0466402153175671,0.08842517120417129,-0.041784955886604185,-0.034064735354373626
correct_CP,C/C(=N\NC(=O)C1CCCC1)c1ccc(NC(=O)C(F)(F)F)cc1,20.0,0.07399366541495864,0.07412915075008993,0.01943645274173276,0.05469269800835717,-0.1599772368542935
correct_CP,C/C(C=NNC(=O)c1cc(-c2cccnc2)nc2c1c(C)nn2-c1ccccc1)=C\c1ccccc1,10.0,0.39773396876620226,0.42095417524202694,0.13088454729129387,0.2900696279507331,0.101250777903715
correct_CP,C/C=C/c1ccc([C@@H]2[C@@H](CO)N(C(=O)CN3CCOCC3)[C@H]2C#N)cc1,10.1372,-0.10207880557103585,-0.10243559543639187,0.0061811659473367045,-0.10861676138372858,-0.04076097741638853
correct_CP,C/C=C/c1ccc([C@H]2[C@@H](C#N)N(C(=O)CN3CCOCC3)[C@H]2CO)cc1,10.1059,0.29307050162007636,0.30192198069104237,0.015614623395746086,0.28630735729529627,-0.04460109953314169
correct_CP,C/C=C/c1ccc2c(c1)O[C@@H](CN(C)C(=O)Cc1cccnc1)[C@H](C)CN([C@H](C)CO)S2(=O)=O,10.0786,0.028455106157778434,0.028462789858374485,0.030781081567308192,-0.002318291708933707,-0.019571110057784124
correct_CP,C/C=C/c1ccc2c(c1)O[C@@H](CN(C)C(=O)Nc1cccc(F)c1)[C@H](C)CN([C@H](C)CO)S2(=O)=O,10.0765,-0.03850513647155021,-0.03852418324107219,-0.03583516229305702,-0.0026890209480151667,0.08451668983640073
correct_CP,C/C=C/c1ccc2c(c1)O[C@@H](CN(C)C(=O)c1ccccc1)[C@@H](C)CN([C@@H](C)CO)S2(=O)=O,10.0279,-0.0465365767617793,-0.0465702145065485,-0.054303779817502805,0.007733565310954302,0.059177625233745014
correct_CP,C/C=C/c1ccc2c(c1)O[C@@H](CN(C)CC1CCOCC1)[C@H](C)CN([C@@H](C)CO)S2(=O)=O,10.1002,0.39456891627328433,0.4171999432612083,0.0001959785710660203,0.4170039646901423,0.08907115859304118
correct_CP,C/C=C/c1ccc2c(c1)O[C@@H](CN(C)Cc1ccccn1)[C@H](C)CN([C@@H](C)CO)S2(=O)=O,10.1091,0.025864564585784275,0.025870334490327072,0.03518687721147833,-0.00931654272115126,-0.0158488858364108
correct_CP,C/C=C/c1ccc2c(c1)O[C@@H](CNC)[C@H](C)CN([C@@H](C)CO)S2(=O)=O,9.99997,0.0711472820549688,0.07126769563928577,0.001638854936170369,0.0696288407031154,0.00040193683976760515
correct_CP,C/C=C/c1ccc2c(c1)O[C@H](CN(C)C(=O)Cc1cccnc1)[C@@H](C)CN([C@@H](C)CO)S2(=O)=O,10.0396,-0.032749960756590445,-0.032761677062580076,-0.011153475763658499,-0.021608201298921575,-0.12818769097432256
correct_CP,C/C=C/c1ccc2c(c1)O[C@H](CN(C)C(=O)Cc1cccnc1)[C@H](C)CN([C@@H](C)CO)S2(=O)=O,9.95401,-0.019979578204782026,-0.01998223734798955,0.04767581041880124,-0.0676580477667908,0.02206812707284378
correct_CP,C/C=C/c1ccc2c(c1)O[C@H](CN(C)C(=O)NCCC)[C@@H](C)CN([C@H](C)CO)S2(=O)=O,10.1028,-0.04970314464845996,-0.04974413434799393,0.11330092828876098,-0.16304506263675492,0.0816362058792281
correct_CP,C/C=C/c1ccc2c(c1)O[C@H](CN(C)C(=O)c1cnccn1)[C@@H](C)CN([C@@H](C)CO)S2(=O)=O,10.0232,0.2457320406743231,0.250865465992929,0.06718902861632403,0.183676437376605,0.3766998642721258
correct_CP,C/C=C/c1ccc2c(c1)O[C@H](CN(C)CC1CCOCC1)[C@H](C)CN([C@@H](C)CO)S2(=O)=O,10.0059,-0.0333034902140314,-0.033315810963872615,-0.04356752701336472,0.010251716049492106,0.02994025666688855
correct_CP,C/C=C/c1ccc2c(c1)O[C@H](CN(C)Cc1ccc(C(=O)O)cc1)[C@@H](C)CN([C@@H](C)CO)S2(=O)=O,10.0737,0.44979816267925343,0.4844472198598305,0.13698722230744104,0.3474599975523895,0.37634597651488794
correct_CP,C/C=C/c1ccc2c(c1)O[C@H](CN(C)Cc1ccc(C(=O)O)cc1)[C@H](C)CN([C@@H](C)CO)S2(=O)=O,10.0799,0.1858634295167678,0.18804914590653238,-0.047061141587008956,0.23511028749354135,-0.08583280136069661
correct_CP,C/C=C/c1ccc2c(c1)O[C@H](CN(C)Cc1ccccn1)[C@@H](C)CN([C@@H](C)CO)S2(=O)=O,10.0171,0.13570881694294548,0.13655125692876152,-0.03384010045178913,0.17039135738055067,-0.1228507589690928
correct_CP,C/C=C/c1ccc2c(c1)O[C@H](CN(C)Cc1ccccn1)[C@@H](C)CN([C@H](C)CO)S2(=O)=O,10.0533,0.37014589527356045,0.38859214664253977,-0.08497858262807895,0.4735707292706187,-0.04615681048703957
correct_CP,C/C=C/c1ccc2c(c1)O[C@H](CN(C)Cc1ccccn1)[C@H](C)CN([C@H](C)CO)S2(=O)=O,9.99822,0.07503821746057009,0.07517953528532463,-0.032816893598590635,0.10799642888391527,0.03386252123215474
correct_CP,C/C=C/c1ccc2c(c1)O[C@H](CN(C)S(=O)(=O)c1ccc(F)cc1)[C@H](C)CN([C@@H](C)CO)S2(=O)=O,10.0868,0.7903185602004428,1.0722797119748193,0.209356304677665,0.8629234072971543,0.007486286155284988
correct_CP,C/C=C/c1ccc2c(c1)O[C@H](CN(C)S(=O)(=O)c1ccc(F)cc1)[C@H](C)CN([C@H](C)CO)S2(=O)=O,10.0374,0.18113538425283948,0.18315633952279461,-0.022806285970183724,0.20596262549297834,-0.02154290706759254
correct_CP,C/C=C/c1ccc2n(c1=O)C[C@@H]1[C@@H](CO)[C@H](C(=O)NC3CCC3)[C@H]2N1S(=O)(=O)c1cn(C)cn1.C/C=C\c1ccc2n(c1=O)C[C@@H]1[C@@H](CO)[C@H](C(=O)NC3CCC3)[C@H]2N1S(=O)(=O)c1cn(C)cn1,9.98965,-0.2037866562202834,-0.20668012229007499,-0.020454952970049227,-0.18622516932002575,-0.22305065364640955
correct_CP,C/C=C/c1ccc2n(c1=O)C[C@@H]1[C@@H](CO)[C@H](C(=O)NCC3CC3)[C@H]2N1Cc1ccccc1OC.C/C=C\c1ccc2n(c1=O)C[C@@H]1[C@@H](CO)[C@H](C(=O)NCC3CC3)[C@H]2N1Cc1ccccc1OC,10.0236,-0.16853959235266797,-0.17016317727026214,0.09212710875141472,-0.26229028602167687,-0.34553020476521434
correct_CP,C/C=C/c1ccc2n(c1=O)C[C@@H]1[C@@H](CO)[C@H](C(=O)NCC3CCCCC3)[C@H]2N1C(C)=O.C/C=C\c1ccc2n(c1=O)C[C@@H]1[C@@H](CO)[C@H](C(=O)NCC3CCCCC3)[C@H]2N1C(C)=O,10.0122,-0.2054282024954294,-0.2083933937567773,0.05193705138171716,-0.26033044513849446,0.25600435388677373
correct_CP,C/C=C/c1ccc2n(c1=O)C[C@@H]1[C@@H](CO)[C@H](C(=O)NCCCN(C)C)[C@H]2N1C(=O)c1ccccc1F.C/C=C\c1ccc2n(c1=O)C[C@@H]1[C@@H](CO)[C@H](C(=O)NCCCN(C)C)[C@H]2N1C(=O)c1ccccc1F,10.0023,-0.00010749401692823022,-0.00010749401734226003,-0.004183231364407156,0.004075737347064896,0.10983747332831215
correct_CP,C/C=C/c1ccc2n(c1=O)C[C@@H]1[C@@H](CO)[C@H](C(=O)NCCc3cn(C)cn3)[C@H]2N1C(=O)CC.C/C=C\c1ccc2n(c1=O)C[C@@H]1[C@@H](CO)[C@H](C(=O)NCCc3cn(C)cn3)[C@H]2N1C(=O)CC,10.03,-0.20146616937627762,-0.20426028165660176,0.04577641706830809,-0.25003669872490986,-0.17540761766550295
correct_CP,C/C=C/c1ccc2n(c1=O)C[C@@H]1[C@@H](CO)[C@H](C(=O)NCc3cc(F)cc(F)c3)[C@H]2N1S(C)(=O)=O.C/C=C\c1ccc2n(c1=O)C[C@@H]1[C@@H](CO)[C@H](C(=O)NCc3cc(F)cc(F)c3)[C@H]2N1S(C)(=O)=O,9.98674,0.3903759046628682,0.4122434472550402,0.023085866949855677,0.38915758030518455,-0.09530651663681153
correct_CP,C/C=C/c1ccc2n(c1=O)C[C@@H]1[C@@H](CO)[C@H](C(=O)NCc3ccc(F)cc3)[C@H]2N1CCC.C/C=C\c1ccc2n(c1=O)C[C@@H]1[C@@H](CO)[C@H](C(=O)NCc3ccc(F)cc3)[C@H]2N1CCC,10.0363,-0.27113559018006833,-0.27808911273574133,0.022673772409870924,-0.3007628851456122,0.02236605654031361
correct_CP,C/C=C/c1ccc2n(c1=O)C[C@@H]1[C@@H](CO)[C@H](C(=O)NCc3ccncn3)N(C(=O)NC3CCCC3)[C@H]21.C/C=C\c1ccc2n(c1=O)C[C@@H]1[C@@H](CO)[C@H](C(=O)NCc3ccncn3)N(C(=O)NC3CCCC3)[C@H]21,10.0758,0.1393769213357363,0.14029009737334322,-0.009425429541770525,0.14971552691511375,-0.01093284781404062
correct_CP,C/C=C/c1ccc2n(c1=O)C[C@@H]1[C@@H](CO)[C@H](C(=O)N[C@@H](C)c3ccccc3)N(C(=O)c3cnccn3)[C@H]21.C/C=C\c1ccc2n(c1=O)C[C@@H]1[C@@H](CO)[C@H](C(=O)N[C@@H](C)c3ccccc3)N(C(=O)c3cnccn3)[C@H]21,10.0434,0.39774398407534073,0.42096607268208297,-0.0863305968336642,0.5072966695157471,-0.0362519111488661
correct_CP,C/C=C/c1ccc2n(c1=O)C[C@@H]1[C@@H](CO)[C@H](C(=O)O)[C@H]2N1S(=O)(=O)c1ccccc1F.C/C=C\c1ccc2n(c1=O)C[C@@H]1[C@@H](CO)[C@H](C(=O)O)[C@H]2N1S(=O)(=O)c1ccccc1F,9.94431,0.03683509953809637,0.03685177270295467,0.0068921730406455856,0.029959599662309086,-0.022717547998201724
correct_CP,C/C=C/c1ccc2n(c1=O)C[C@H]1[C@H](CO)[C@@H](C(=O)N(C)C)[C@@H]2N1CCc1ccccc1.C/C=C\c1ccc2n(c1=O)C[C@H]1[C@H](CO)[C@@H](C(=O)N(C)C)[C@@H]2N1CCc1ccccc1,9.83879,0.11885810363135703,0.11942260902528633,-0.03764981878600118,0.1570724278112875,-0.2743128580993468
correct_CP,C/C=C/c1ccc2n(c1=O)C[C@H]1[C@H](CO)[C@@H](C(=O)N3CCCCC3)[C@@H]2N1C(=O)C1CCC1.C/C=C\c1ccc2n(c1=O)C[C@H]1[C@H](CO)[C@@H](C(=O)N3CCCCC3)[C@@H]2N1C(=O)C1CCC1,9.94315,-0.037896958408873985,-0.03791511633598123,-0.023427165157865852,-0.014487951178115376,-0.12521598936569314
correct_CP,C/C=C/c1ccc2n(c1=O)C[C@H]1[C@H](CO)[C@@H](C(=O)N3CCCCC3)[C@@H]2N1Cc1ccccn1.C/C=C\c1ccc2n(c1=O)C[C@H]1[C@H](CO)[C@@H](C(=O)N3CCCCC3)[C@@H]2N1Cc1ccccn1,10.0521,-0.38058827784685034,-0.40074739161892203,-0.002781606268114978,-0.39796578535080707,0.2508785156377786
correct_CP,C/C=C/c1ccc2n(c1=O)C[C@H]1[C@H](CO)[C@@H](C(=O)N3CCc4ccccc4C3)N(C(=O)C3CC3)[C@@H]21.C/C=C\c1ccc2n(c1=O)C[C@H]1[C@H](CO)[C@@H](C(=O)N3CCc4ccccc4C3)N(C(=O)C3CC3)[C@@H]21,10.0466,-0.08903679258485159,-0.08927319930472546,-0.04804208757294506,-0.04123111173178041,0.2823028773453142
correct_CP,C/C=C/c1ccc2n(c1=O)C[C@H]1[C@H](CO)[C@@H](C(=O)NC3CCC3)[C@@H]2N1S(=O)(=O)c1cn(C)cn1.C/C=C\c1ccc2n(c1=O)C[C@H]1[C@H](CO)[C@@H](C(=O)NC3CCC3)[C@@H]2N1S(=O)(=O)c1cn(C)cn1,10.0274,0.42924529942183237,0.4589711500641841,-0.10436453969473987,0.563335689758924,0.08149209677030692
correct_CP,C/C=C/c1ccc2n(c1=O)C[C@H]1[C@H](CO)[C@@H](C(=O)NCC(F)(F)F)N(C(=O)c3cccnc3)[C@@H]21.C/C=C\c1ccc2n(c1=O)C[C@H]1[C@H](CO)[C@@H](C(=O)NCC(F)(F)F)N(C(=O)c3cccnc3)[C@@H]21,10.1379,-0.09935889732517611,-0.09968781111422331,0.056069459115969944,-0.15575727023019326,-0.01854456917104033
correct_CP,C/C=C/c1ccc2n(c1=O)C[C@H]1[C@H](CO)[C@@H](C(=O)NCCOC)[C@@H]2N1Cc1nccs1.C/C=C\c1ccc2n(c1=O)C[C@H]1[C@H](CO)[C@@H](C(=O)NCCOC)[C@@H]2N1Cc1nccs1,10.1001,0.04986758127050948,0.049908979552836255,-0.10062045523869702,0.15052943479153327,0.13521883865835288
correct_CP,C/C=C/c1ccc2n(c1=O)C[C@H]1[C@H](CO)[C@@H](C(=O)NCc3ccc(F)cc3)[C@@H]2N1CCC.C/C=C\c1ccc2n(c1=O)C[C@H]1[C@H](CO)[C@@H](C(=O)NCc3ccc(F)cc3)[C@@H]2N1CCC,10.0693,0.28064717721191773,0.2883844428886515,0.09230268067207834,0.19608176221657317,0.05835152360063714
correct_CP,C/C=C/c1ccc2n(c1=O)C[C@H]1[C@H](CO)[C@@H](C(=O)NCc3ccc4c(c3)OCO4)[C@@H]2N1C(=O)COC.C/C=C\c1ccc2n(c1=O)C[C@H]1[C@H](CO)[C@@H](C(=O)NCc3ccc4c(c3)OCO4)[C@@H]2N1C(=O)COC,9.95689,0.26102150189425427,0.2672042813449282,-0.015958406158052822,0.283162687502981,-0.10888598873541172
correct_CP,C/C=C/c1ccc2n(c1=O)C[C@H]1[C@H](CO)[C@@H](C(=O)Nc3ccc(-c4ccccc4)cc3)[C@@H]2N1C(=O)CC.C/C=C\c1ccc2n(c1=O)C[C@H]1[C@H](CO)[C@@H](C(=O)Nc3ccc(-c4ccccc4)cc3)[C@@H]2N1C(=O)CC,10.0346,0.2818684323462598,0.2897106056100312,-0.045786801721434484,0.3354974073314657,0.3710068234608709
correct_CP,C/C=C/c1ccc2n(c1=O)C[C@H]1[C@H](CO)[C@@H](C(=O)Nc3nccs3)N(Cc3cc(F)ccc3F)[C@@H]21.C/C=C\c1ccc2n(c1=O)C[C@H]1[C@H](CO)[C@@H](C(=O)Nc3nccs3)N(Cc3cc(F)ccc3F)[C@@H]21,10.0951,0.15076652907906246,0.15192470131810615,-0.06569853649038956,0.2176232378084957,0.0678262058620425
correct_CP,C/C=C/c1ccc2n(c1=O)C[C@H]1[C@H](CO)[C@@H](C(=O)OC)N(CCc3ccccc3)[C@@H]21.C/C=C\c1ccc2n(c1=O)C[C@H]1[C@H](CO)[C@@H](C(=O)OC)N(CCc3ccccc3)[C@@H]21,9.99932,-0.04124818359965846,-0.04127160090360155,0.03686379295550618,-0.07813539385910773,-0.0379683700992676
correct_CP,C/C=C/c1cnc2c(c1)C(=O)N([C@@H](C)CO)C[C@@H](C)[C@@H](CN(C)C(=O)C1CCOCC1)O2,10.0771,0.1448468780726751,0.1458728166145603,-0.02357979369344286,0.16945261030800318,0.16508521535112936
correct_CP,C/C=C/c1cnc2c(c1)C(=O)N([C@@H](C)CO)C[C@@H](C)[C@H](CN(C)C(=O)c1cnccn1)O2,10.0726,0.04349049349741799,0.04351794429705468,0.013662906873050513,0.02985503742400417,-0.16221106736229157
correct_CP,C/C=C/c1cnc2c(c1)C(=O)N([C@@H](C)CO)C[C@@H](C)[C@H](CN(C)S(=O)(=O)c1cn(C)cn1)O2,10.0895,0.0032393312163811134,0.003239342546841276,0.010195277036806852,-0.0069559344899655755,-0.19963126090707045
correct_CP,C/C=C/c1cnc2c(c1)C(=O)N([C@@H](C)CO)C[C@H](C)[C@@H](CN(C)C(=O)CCN1CCCCC1)O2,10.0604,-0.0013383972749648188,-0.001338398074125932,0.014531061620721715,-0.015869459694847647,-0.05617316398580214
correct_CP,C/C=C/c1cnc2c(c1)C(=O)N([C@@H](C)CO)C[C@H](C)[C@@H](CN(C)S(=O)(=O)c1ccccc1F)O2,9.993701,0.11398458262813828,0.114482114594643,0.034328129437803744,0.08015398515683925,0.15148972349319792
correct_CP,C/C=C/c1cnc2c(c1)C(=O)N([C@@H](C)CO)C[C@H](C)[C@@H](CN(C)S(=O)(=O)c1cn(C)cn1)O2,10.0224,0.8819512614360688,1.3844834223630578,0.7022375782691102,0.6822458440939476,0.5265685638553246
correct_CP,C/C=C/c1cnc2c(c1)C(=O)N([C@@H](C)CO)C[C@H](C)[C@H](CN(C)C(=O)c1cnccn1)O2,10.0676,0.06771271948363373,0.0678164930009976,-0.020025505072202843,0.08784199807320044,0.04754988788700304
correct_CP,C/C=C/c1cnc2c(c1)C(=O)N([C@H](C)CO)C[C@@H](C)[C@@H](CN(C)Cc1cccc(C(=O)O)c1)O2,10.0204,0.0009317465379446401,0.0009317468075771999,0.03999721029875479,-0.03906546349117759,-0.033509458230355456
correct_CP,C/C=C/c1cnc2c(c1)C(=O)N([C@H](C)CO)C[C@@H](C)[C@H](CN(C)C(=O)c1cnccn1)O2,10.018,-0.15242314459479941,-0.15362028342118308,0.01700650591124796,-0.17062678933243106,-0.023164463037871022
correct_CP,C/C=C/c1cnc2c(c1)C(=O)N([C@H](C)CO)C[C@H](C)[C@@H](CN(C)C(=O)Nc1ccc(F)cc1)O2,10.0195,-0.0420491262651695,-0.04207393535002411,0.039253939536718276,-0.08132787488674238,-0.2158085019539879
correct_CP,C/C=C/c1cnc2c(c1)C(=O)N([C@H](C)CO)C[C@H](C)[C@@H](CN(C)Cc1cccc(C(=O)O)c1)O2,10.2193,0.02180011159412663,0.0218035660429065,0.05780518673025344,-0.03600162068734694,-0.06494729215076532
correct_CP,C=C(C)[C@H]1CC=C(C(=O)O)CC1,10.0,0.6538332736974012,0.7819652708518635,0.037346460455023454,0.7446188103968401,-0.17800376267169984
correct_CP,C=C(C)[C@H]1Cc2c(ccc3c2O[C@@H]2COc4cc(OC)c(OC)cc4[C@@H]2C3=O)O1,10.0,0.14846330428751262,0.14956873803917067,0.006136507443603314,0.14343223059556737,-0.17046208629296314
correct_CP,C=C1CCC(C2CC(=O)OC2=O)C(=O)CCC2C1CC2(C)C,10.0,0.16975354460672393,0.17141288452222123,0.24663050586045185,-0.07521762133823062,-0.0946144490129246
correct_CP,C=C1CC[C@]2(O)[C@]3(C)C[C@@]4(O)O[C@@]2([C@@H]1O)[C@]1(O)[C@@]3(O)[C@H]([C@H](OO)c2ccc[nH]2)[C@](C)(C(C)C)[C@@]14C,10.0,0.5077198327414055,0.5596528719666658,-0.03529192877396237,0.5949448007406282,0.0023330447546897615
correct_CP,C=CC1=C(C(=O)O)N2C(=O)[C@@H](NC(=O)/C(=N\O)c3csc(N)n3)[C@H]2SC1,10.0,0.018733367037765396,0.018735558922599656,-0.04813964880700634,0.06687520772960599,-0.10576470379987513
correct_CP,C=CCN1C[C@H](C)N([C@@H](c2ccccc2)c2ccc(C(=O)N(CC)CC)cc2)C[C@H]1C,10.0,0.44232249645970767,0.475114546718793,0.021647900310956147,0.45346664640783685,0.20936709739191378
correct_CP,C=CCN1C[C@H](C)N([C@H](c2ccc(C(=O)N(CC)CC)cc2)c2cccc(O)c2)C[C@H]1C,10.0,0.27536001320104764,0.2826544097199686,0.006616901157228745,0.27603750856273984,0.09740914900723546
correct_CP,C=CCN=C(S)N1CCN(c2ccc([N+](=O)[O-])cc2)CC1,10.0,0.6236558395604973,0.7309657658763391,-0.008323508040273882,0.739289273916613,-0.33949718075820373
correct_CP,C=CCc1cccc(C=NNC(=O)CCCNc2ccc(C)cc2)c1O,10.0,0.04567022522121841,0.04570201753809062,0.009303195999132409,0.03639882153895821,0.18883177366676865
correct_CP,C=CCn1c(CCC(=O)O)ccc1-c1ccc(OC)cc1,10.0,0.10004738364312551,0.10038321022597621,0.15730860404040714,-0.05692539381443093,0.038271747474657586
correct_CP,CC(/C=C/c1ccco1)=NNC(=O)c1cc(Cl)ccc1O,10.0,0.5295440354201039,0.5895112960382989,0.058241411404217736,0.5312698846340811,0.26280602246469187
correct_CP,CC(=Cc1ccc(C(=O)O)cc1)c1ccc2c(c1)C(C)(C)CCC2(C)C,10.0,0.2149987607502475,0.21840651968610858,-0.0026522611000045666,0.22105878078611316,0.07280021426898733
correct_CP,CC(=NNC(=O)c1ccc(CN2CCc3ccccc3C2)cc1)c1ccccc1O,10.0,0.46337777121816304,0.5016041110725912,-0.04831991854108129,0.5499240296136725,0.02657213119933822
correct_CP,CC(=O)/C=C(/C)NC(Cc1c[nH]c2ccccc12)C(=O)O,10.0,0.358072089241591,0.3746726913620612,0.12510153351975284,0.24957115784230838,0.033828945463667964
correct_CP,CC(=O)/C=C/c1ccc2ccccc2n1,10.0,0.389397971296894,0.4110902076793794,-0.10894797211890206,0.5200381797982815,0.42311360453219166
correct_CP,CC(=O)/C=C\[C@@H]1[C@@]2(C)CCCC(C)(C)C2CC[C@@]1(C)O,10.0,0.6245843998880911,0.7324868144385853,0.3386616174382826,0.3938251970003027,0.1274169585329264
correct_CP,CC(=O)N(C)C[C@@H]1OCc2ccccc2-c2c(n(C)c3ccccc23)C(=O)N([C@H](C)CO)C[C@H]1C,9.78501,0.25686314949429534,0.26274705888162647,0.10559108556412158,0.1571559733175049,-0.07287097198959072
correct_CP,CC(=O)N(C)C[C@@H]1OCc2ccccc2-c2ccccc2C(=O)N([C@@H](C)CO)C[C@H]1C,9.76582,0.2623111446750536,0.2685887155673111,-0.03472122172315111,0.30330993729046224,-0.16006973288195048
correct_CP,CC(=O)N(C)C[C@@H]1Oc2cc(C#Cc3ccc(F)cc3)ccc2S(=O)(=O)N([C@@H](C)CO)C[C@@H]1C,10.074,-0.1729456224847635,-0.17470152216737658,-0.16345576829687586,-0.011245753870500724,0.1357135100272188
correct_CP,CC(=O)N(C)C[C@@H]1Oc2cc(C#Cc3ccc(F)cc3)ccc2S(=O)(=O)N([C@H](C)CO)C[C@@H]1C,10.0443,-0.19585225603663078,-0.1984156908462658,0.030249507989749475,-0.2286651988360153,0.2693357636932773
correct_CP,CC(=O)N(C)C[C@@H]1Oc2ncc(C#Cc3ccc(F)cc3)cc2C(=O)N([C@@H](C)CO)C[C@@H]1C,10.0062,-0.21101680570040116,-0.2142353001889188,0.024355828853199285,-0.23859112904211807,0.23391880055388484
correct_CP,CC(=O)N(C)C[C@H]1Oc2cc(C#Cc3ccc(F)cc3)ccc2S(=O)(=O)N([C@H](C)CO)C[C@@H]1C,10.0955,-0.21056482912357372,-0.2137623072151385,0.03298279581118527,-0.24674510302632377,-0.08982610552984117
correct_CP,CC(=O)N(C)C[C@H]1Oc2ncc(C#Cc3ccc(F)cc3)cc2C(=O)N([C@H](C)CO)C[C@@H]1C,10.0611,-0.06040916201199225,-0.06048280637902623,0.07787967629419726,-0.13836248267322349,0.049948741334459035
correct_CP,CC(=O)N(C)c1ccc(NC(=O)Nc2ccc(C)c(C)c2)cc1,10.0,0.49000163516041834,0.5360624884228347,0.04669594365069188,0.4893665447721428,-0.00036888386961410335
correct_CP,CC(=O)N1CCN(S(=O)(=O)c2cccc(C(=O)Nc3nc4ccccc4[nH]3)c2)CC1,20.0,0.0051480691406798635,0.005148114620502714,0.07748940116305507,-0.07234128654255235,-0.31058760591276974
correct_CP,CC(=O)N1[C@@H]2Cn3c(ccc(/C=C/c4ccccc4)c3=O)[C@H]1[C@@H](C(=O)N(C)C)[C@@H]2CO,10.0796,0.20729375237892483,0.21034192209897043,0.016499288083316466,0.19384263401565396,-0.03579337763401068
correct_CP,CC(=O)N1[C@@H]2c3ccc(-c4cccc(F)c4)c(=O)n3C[C@@H]2[C@@H](CO)[C@@H]1C(=O)NCCCN(C)C,10.125,0.37557153245828967,0.3948939021353818,-0.07264996812905002,0.4675438702644318,-0.06999455983464441
correct_CP,CC(=O)N1[C@@H]2c3ccc(-c4cncnc4)c(=O)n3C[C@@H]2[C@@H](CO)[C@@H]1C(=O)NCc1ccccc1Cl,10.0251,-0.36244346026769814,-0.37969603287455334,-0.07812336373532829,-0.30157266913922504,0.01533474447272859
correct_CP,CC(=O)N1[C@@H]2c3ccc(/C=C/c4ccccc4)c(=O)n3C[C@@H]2[C@@H](CO)[C@@H]1C(=O)Nc1nccs1,9.99873,-0.1908856499390032,-0.19325614922607326,0.05706098974368726,-0.2503171389697605,0.014283534298439218
correct_CP,CC(=O)N1[C@@H]2c3ccc(C4=CCCC4)c(=O)n3C[C@@H]2[C@@H](CO)[C@@H]1C(=O)Nc1ccccc1,9.97191,0.25190211096441667,0.25744276268300686,0.1214673621096388,0.13597540057336807,0.0842890522549217
correct_CP,CC(=O)N1[C@H](C(=O)NCCCN(C)C)[C@@H](CO)[C@@H]2Cn3c(ccc(-c4cccc(F)c4)c3=O)[C@@H]21,9.9777,-0.38003499809319097,-0.4001005554291542,-0.08888775460072587,-0.3112128008284283,-0.08185971966370606
correct_CP,CC(=O)N1[C@H](C(=O)NCc2ccccc2F)[C@@H](CO)[C@@H]2Cn3c(cccc3=O)[C@@H]21,9.92312,-0.08049999602840643,-0.08067456195378409,-0.09075161743901833,0.010077055485234243,0.23348075179605934
correct_CP,CC(=O)NC(Cc1c[nH]c2ccccc12)C(=O)OCc1cc(C(F)(F)F)cc(C(F)(F)F)c1,10.0,0.34659821042540373,0.3615723045619736,0.2982397444406514,0.06333256012132221,0.05960581463552206
correct_CP,CC(=O)Nc1ccc(S(=O)(=O)Nc2ccc([N+](=O)[O-])cc2)cc1,10.0,0.1586587467130088,0.1600105068840023,0.0916791433805837,0.06833136350341862,0.0883505693144171
correct_CP,CC(=O)Nc1ccc(S(=O)(=O)Nc2nc3ccccc3nc2Nc2ccc(O)c(C(=O)O)c2)cc1,10.0,0.29640470487446885,0.3055733872318468,0.07235189300889726,0.23322149422294952,-0.0653404583901676
correct_CP,CC(=O)Nc1cccc(C(=O)/C=C/c2ccc(F)cc2)c1,10.0,0.48630698776846604,0.5312119780175043,0.07586989701724989,0.4553420810002544,0.8280341412647051
correct_CP,CC(=O)Nc1cccc(NC(=O)c2ccc(C(=O)Nc3cccc(NC(C)=O)c3)nc2)c1,10.0,0.31127186302831605,0.3219531080434282,0.19393136629489666,0.12802174174853154,0.17565427974609377
correct_CP,CC(=O)Nc1nnc(S(N)(=O)=O)s1,10.0,0.33773705756510686,0.35153601563969283,0.00813925184682739,0.34339676379286543,0.2987173660454593
correct_CP,CC(=O)OCC(CCn1cnc2cnc(N)nc21)COC(C)=O,10.0,0.04474546069245593,0.044775359085402026,0.09074402575988519,-0.04596866667448316,-0.23423546659601602
correct_CP,CC(=O)O[C@@H]1C[C@@]2(C)C(CC[C@@H]2C(C)=O)C2CCC3=CC(=O)CC[C@]3(C)C21,10.0,0.07340026073603069,0.07353250552846605,-0.00312848801458831,0.07666099354305436,0.19304058003440838
correct_CP,CC(=O)O[C@]1(C(C)=O)CCC2C3C=C(Cl)C4=CC(=O)[C@@H]5C[C@@H]5[C@]4(C)C3CC[C@@]21C,10.0,0.3703792698161998,0.3888625986354886,0.3128022154763025,0.07606038315918612,-0.05280868822554752
correct_CP,CC(=O)O[C@]1(C(C)=O)CCC2C3C[C@H](C)C4=CC(=O)CC[C@]4(C)C3CC[C@@]21C,10.0,0.6559295627605112,0.7856357018227537,0.3321518271497231,0.4534838746730306,-0.4630337591705907
correct_CP,CC(=O)Oc1ccc(C(c2ccc(OC(C)=O)cc2)c2ccccn2)cc1,10.0,-0.17165143816124087,-0.17336774199152147,-0.03682236231530548,-0.136545379676216,0.09591287117067673
correct_CP,CC(=O)Oc1ccc(NC(=O)C2CCCCC2)c(C(=O)O)c1,10.0,0.2549947095803025,0.26074765824714874,0.07128396129863088,0.18946369694851786,-0.09095620909732771
correct_CP,CC(=O)Oc1ccc2c(c1C(C)C)CCC1C(C)(C)CCC[C@]21C,10.0,-0.17539286809176843,-0.1772253286752601,-0.01029147927875403,-0.16693384939650607,0.26743197141491454
correct_CP,CC(=O)[C@H]1CC[C@H]2[C@@H]3CC[C@H]4C[C@H](O)CC[C@]4(C)[C@H]3CC[C@]12C,10.0,0.09279649091043589,0.0930642383508916,-0.021926110192770208,0.1149903485436618,-0.16001333749486665
correct_CP,CC(=O)c1c(C)[nH]c(C2=NN=C(NC(C)(C)C)SC2)c1C,10.0,-0.48771184062187184,-0.533053631568647,0.050367578633393015,-0.5834212102020401,0.09906481209653441
correct_CP,CC(=O)c1ccc(O)c(CC=C(C)C)c1,10.0,0.13118360591035327,0.13194399178680924,-0.07991710183223284,0.2118610936190421,-0.07487045723078974
correct_CP,CC(=O)c1ccc(OCc2ccc(Oc3c(Cl)cccc3[N+](=O)[O-])cc2)cc1,10.0,0.0671130827789015,0.06721411878873725,0.09659990354807405,-0.0293857847593368,0.06471321786425929
correct_CP,CC(=O)c1cccc(NS(=O)(=O)c2ccc(-c3cc(C)no3)s2)c1,10.0,-0.10310902971318175,-0.10347677866100494,0.049372452552188736,-0.15284923121319366,-0.32191469290765967
correct_CP,CC(C(=O)O)c1cccc(C(=O)c2ccccc2)c1,10.0,0.3254166230807165,0.33769342028756655,-0.06694980240221111,0.40464322268977765,-0.227679886821735
correct_CP,CC(C(=O)OC1CC2CCC(C1)N2C)c1ccc(Br)cc1,10.0,0.460328111097101,0.49772754066892466,0.2798377677001338,0.21788977296879086,0.18545744933500508
correct_CP,CC(C)(C)CC(C)(C)N=C(S)NC1CCN(Cc2ccccc2)CC1,10.0,0.3360728760784036,0.34965875512439476,0.014870505563656666,0.3347882495607381,0.13880308538774438
correct_CP,CC(C)(C)CCNc1nc(-c2ccccn2)nnc1-c1ccccc1,20.0,0.4243178466548777,0.4529462913529441,0.020531478699648074,0.43241481265329607,0.8447203596176829
correct_CP,CC(C)(C)NCC(O)c1cc(Cl)c(N)c(Cl)c1,10.0,-0.32895567938222336,-0.34165676146419094,0.03770478962252358,-0.37936155108671454,-0.2371616705516715
correct_CP,CC(C)(C)Nc1ncnc2c1cnn2-c1ccccc1,10.0,0.3210996567283994,0.33287269755499144,-0.04895918852973221,0.3818318860847236,0.07982662289721414
correct_CP,CC(C)(C)OC(=O)NN=Cc1ccc(OC(=O)c2ccco2)cc1,10.0,0.3244700410921113,0.33663509114632795,0.013849786458331436,0.3227853046879965,-0.10729194306229647
correct_CP,CC(C)(C)[C@@H]1CCC(=O)N(CC[C@H](Sc2ccccc2)c2ccccc2)CC1,10.0,0.36530946017247184,0.38299942571144724,0.10784007699610926,0.275159348715338,-0.21681501181595808
correct_CP,CC(C)(C)[S@@](=O)N1Cc2cc(C(=O)N3CCCCC3)nc(-c3cccc(-c4cccc(C#N)c4)c3)c2[C@H]1CCO,10.0083,0.30882108030088506,0.3192416767006798,-0.21651269073771512,0.5357543674383949,0.16843835588233103
correct_CP,CC(C)(C)[S@@](=O)N1Cc2cc(C(=O)N3CCCCC3)nc(-c3cccc(-c4ccccc4F)c3)c2[C@H]1CCO,10.1202,0.12135872662272584,0.12195983552531435,-0.08148916169823864,0.20344899722355297,0.07364887422218418
correct_CP,CC(C)(C)[S@@](=O)N1Cc2cc(C(=O)N3CCc4ccccc4C3)nc(-c3cccc(-c4ccncc4)c3)c2[C@H]1CCO,10.027,-0.01016483642390845,-0.01016518653579278,0.031376713855895695,-0.04154190039168847,-0.02365536830930672
correct_CP,CC(C)(C)[S@@](=O)N1Cc2cc(C(=O)NC3CCC3)nc(-c3cccc(-c4ccccc4F)c3)c2[C@H]1CCO,10.0785,-0.0711177749503415,-0.07123803847424683,-0.09817905949298678,0.02694102101873995,0.029770347270028932
correct_CP,CC(C)(C)[S@@](=O)N1Cc2cc(C(=O)NCc3ccc4c(c3)OCO4)nc(-c3cccc(-c4ccccc4)c3)c2[C@H]1CCO,9.84483,0.0815300762329628,0.08171144778633044,-0.11792790885717934,0.1996393566435098,-0.17315207925755438
correct_CP,CC(C)(C)[S@@](=O)N1Cc2cc(C(=O)NCc3ccccc3F)nc(-c3cccc(-c4ccncc4)c3)c2[C@H]1CCO,10.0185,0.3892148363830863,0.41087435882530315,-0.16420621578480588,0.5750805746101091,0.457884086257585
correct_CP,CC(C)(C)[S@@](=O)N1Cc2cc(C(=O)N[C@H]3CCN(Cc4ccccc4)C3)nc(-c3cccc(-c4cccnc4)c3)c2[C@H]1CCO,10.1413,0.3750342595781103,0.39426854646903464,-0.06976944833670744,0.4640379948057421,0.11234479242911091
correct_CP,CC(C)(C)[S@](=O)N1Cc2cc(C(=O)NCCc3ccncc3)nc(-c3cccc(-c4ccncc4)c3)c2[C@@H]1CCO,10.5897,0.26596662037652913,0.2725183661192505,-0.2841565504646299,0.5566749165838805,0.2020499707543898
correct_CP,CC(C)(C)[S@](=O)N1Cc2cc(C(=O)NCc3ccccc3F)nc(-c3cccc(-c4ccncc4)c3)c2[C@@H]1CCO,10.5212,0.1786757545416802,0.18061443710985187,-0.11546467950762421,0.2960791166174761,0.19664917738880822
correct_CP,CC(C)(C)[S@](=O)N1Cc2cc(C(=O)NCc3ccccc3F)nc(-c3cccc(-c4cncnc4)c3)c2[C@@H]1CCO,10.5048,0.47414187763054716,0.5153999372896704,-0.320181418367585,0.8355813556572553,0.37438106718827074
correct_CP,CC(C)(C)c1ccc(C(=O)Nc2cccc3c(=O)[nH][nH]c(=O)c23)cc1,10.0,0.6067565968345638,0.7037720616566605,-0.07259819059628914,0.7763702522529496,-0.2754061184012426
correct_CP,CC(C)(C)c1ccc(C=CC(=O)Nc2ccc3c(c2)OCCO3)cc1,10.0,0.29446750090797774,0.3034509288974622,0.10856009401581194,0.19489083488165027,0.07367790437123191
correct_CP,CC(C)(C)c1ccc(Cn2cnc(-c3ccc([N+](=O)[O-])cc3)c2)cc1,10.0,0.39758116990198655,0.4207726755511149,0.07569245971518984,0.3450802158359251,-0.30819786509508035
correct_CP,CC(C)(C)c1ccc(NC(=O)COc2ccc(-n3ccnc3)cc2)cc1,10.0,0.2728469549769789,0.2799371981014942,0.10265022797018863,0.17728697013130557,0.14760781878629603
correct_CP,CC(C)(C)c1ccc2c(c1)OC(C(=O)NN=Cc1ccccn1)CO2,20.0,0.3550866639553537,0.3712523724301787,0.09320210100221271,0.278050271427966,0.22094587433481017
correct_CP,CC(C)(O)/C=C/C(=O)[C@](C)(O)C1[C@H](O)C[C@@]2(C)[C@@H]3CC=C4C(CC(=O)C(=O)C4(C)C)[C@]3(C)C(=O)C[C@@]12C,10.0,0.5131589757119414,0.5670085752430322,0.017914865218945815,0.5490937100240864,0.5571934941077612
correct_CP,CC(C)(Oc1ccc(Cl)cc1)C(=O)O,10.0,0.6966811532141127,0.8608224036132663,-0.002462639879148963,0.8632850434924153,0.08986099060150231
correct_CP,CC(C)(c1ccc(NS(=O)(=O)C(F)(F)F)cc1)c1ccc(C(C)(C)c2cccc(NS(=O)(=O)C(F)(F)F)c2)cc1,10.0,0.10175811733952544,0.10211154112909508,-0.0040138058850257945,0.10612534701412088,-0.1363927509560705
correct_CP,CC(C)C#Cc1ccc2c(c1)O[C@@H](CN(C)C(=O)Nc1ccccc1)[C@H](C)CN([C@H](C)CO)S2(=O)=O,10.0264,0.5086987497592812,0.5609726596133146,-0.027923844876481023,0.5888965044897956,0.2580977734012776
correct_CP,CC(C)C#Cc1cnc2c(c1)C(=O)N([C@@H](C)CO)C[C@@H](C)[C@H](CN(C)C(=O)c1cccnc1)O2,10.0102,-0.19501383707162714,-0.19754397753801575,0.021177533154742384,-0.21872151069275814,0.15145085373273964
correct_CP,CC(C)C#Cc1cnc2c(c1)C(=O)N([C@H](C)CO)C[C@@H](C)[C@@H](CN(C)Cc1cncnc1)O2,10.1643,0.1607867314546531,0.16219420154207365,-0.04441090594803843,0.20660510749011207,0.1427177153572009
correct_CP,CC(C)C#Cc1cnc2c(c1)C(=O)N([C@H](C)CO)C[C@H](C)[C@H](CN(C)Cc1cncnc1)O2,10.0568,0.03230976154798728,0.03232101153815709,0.01757477561976646,0.01474623591839063,-0.020030475616782287
correct_CP,CC(C)C(=O)OCC(=O)C(C#N)c1nc2ccccc2[nH]1,10.0,-0.15067726526804556,-0.15183336255612018,0.007981696759927014,-0.1598150593160472,-0.1424293840847693
correct_CP,CC(C)C1N=C2c3ccccc3N=C(SCC(=O)NCCc3ccc(S(N)(=O)=O)cc3)N2C1=O,10.0,0.37084879225684575,0.38940688084472436,0.14510296828355812,0.24430391256116624,0.21339692281593242
correct_CP,CC(C)CC#Cc1ccc2c(c1)O[C@@H](CN(C)C(=O)CC1CC1)[C@@H](C)CN([C@@H](C)CO)S2(=O)=O,10.0001,0.22799633110074752,0.23207490926299768,0.041904666071221786,0.1901702431917759,0.24070430921904906
correct_CP,CC(C)CC#Cc1ccc2c(c1)O[C@@H](CN(C)C(=O)CC1CC1)[C@H](C)CN([C@H](C)CO)S2(=O)=O,10.0733,0.31941766677733996,0.33099847631446105,0.055315663776321376,0.2756828125381397,0.2913176722217136
correct_CP,CC(C)CC#Cc1ccc2c(c1)O[C@@H](CN(C)C(=O)c1cnccn1)[C@@H](C)CN([C@@H](C)CO)S2(=O)=O,10.0125,0.4421931058943633,0.4749536948130591,0.19969874962419829,0.27525494518886084,0.18294921221916025
correct_CP,CC(C)CC#Cc1ccc2c(c1)O[C@@H](CN(C)S(=O)(=O)c1ccc(F)cc1)[C@@H](C)CN([C@H](C)CO)S2(=O)=O,9.97582,0.32869219883236606,0.3413613382194123,0.1071036523508207,0.23425768586859158,-0.2209657896799333
correct_CP,CC(C)CC#Cc1ccc2c(c1)O[C@@H](CN(C)S(=O)(=O)c1ccc(F)cc1)[C@H](C)CN([C@@H](C)CO)S2(=O)=O,10.0732,0.28393423872739443,0.29195612944900395,-0.05164151164996153,0.3435976410989655,0.26215005439112327
correct_CP,CC(C)CC#Cc1ccc2c(c1)O[C@H](CN(C)S(=O)(=O)c1ccc(F)cc1)[C@H](C)CN([C@@H](C)CO)S2(=O)=O,10.0442,0.27737106711708565,0.28483176658298404,0.011377635067215147,0.2734541315157689,-0.09125775922263517
correct_CP,CC(C)CC#Cc1cnc2c(c1)C(=O)N([C@@H](C)CO)C[C@H](C)[C@H](CN(C)C(=O)c1cccc(F)c1)O2,10.027,-0.05066940362239172,-0.05071283322321082,0.025669300403875522,-0.07638213362708635,0.06226372217976457
correct_CP,CC(C)COC(=O)N(C)C[C@@H]1OCc2ccccc2-c2c(n(C)c3ccccc23)C(=O)N([C@H](C)CO)C[C@@H]1C,9.75033,-0.2719284973475848,-0.27894513412012567,-0.04355559253691067,-0.235389541583215,0.2928301542067047
correct_CP,CC(C)COC(=O)N(C)C[C@@H]1OCc2ccccc2-c2ccccc2C(=O)N([C@H](C)CO)C[C@@H]1C,10.2633,-0.21354663613916547,-0.21688451528889435,-0.09816274560568591,-0.11872176968320844,0.20351029616662655
correct_CP,CC(C)COC(=O)N(C)C[C@@H]1OCc2ccccc2-c2ccccc2C(=O)N([C@H](C)CO)C[C@H]1C,10.1029,0.16455623462708605,0.16606616986773073,0.049319852457668796,0.11674631741006194,-0.3137930114848828
correct_CP,CC(C)COC(=O)N(C)C[C@@H]1OCc2cn(nn2)CCCC(=O)N([C@H](C)CO)C[C@@H]1C,10.0127,0.17425217500358867,0.1760486734302973,-0.026688147919891186,0.20273682135018847,-0.09525353399292205
correct_CP,CC(C)COC(=O)N(C)C[C@@H]1OCc2cnnn2CCCC(=O)N([C@@H](C)CO)C[C@H]1C,9.99401,0.06806506019682498,0.06817046514059553,0.004491306958622387,0.06367915818197314,-0.11064673979200143
correct_CP,CC(C)COC(=O)N(C)C[C@H]1OCc2ccccc2-c2c(n(C)c3ccccc23)C(=O)N([C@@H](C)CO)C[C@@H]1C,10.0439,0.027222738644324094,0.02722946635572373,0.049047447671189556,-0.021817981315465827,-0.017348223402577446
correct_CP,CC(C)COC(=O)N(C)C[C@H]1OCc2ccccc2-c2ccccc2C(=O)N([C@H](C)CO)C[C@H]1C,9.95358,0.21819807541946537,0.22176332172966104,0.0002713549248642422,0.2214919668047968,-0.039805899630586575
correct_CP,CC(C)COC(=O)N(C)C[C@H]1OCc2cn(nn2)CCCC(=O)N([C@@H](C)CO)C[C@@H]1C,10.0027,-0.24556108080561992,-0.2506835275519047,0.060967833000195246,-0.31165136055209997,0.10083321107160827
correct_CP,CC(C)COC(=O)N(C)C[C@H]1OCc2cnnn2CCCC(=O)N([C@@H](C)CO)C[C@@H]1C,10.0057,0.09916454269172978,0.09949152246989842,-0.023679423109427306,0.12317094557932573,0.033729188834000876
correct_CP,CC(C)COC(=O)N(C)C[C@H]1OCc2cnnn2CCCC(=O)N([C@H](C)CO)C[C@@H]1C,10.0003,0.08602258241348797,0.08623571524188114,0.09457319522974893,-0.008337479987867782,-0.1748030213057248
correct_CP,CC(C)NC(=O)N(C)C[C@@H]1OCCCC[C@@H](C)Oc2ccc(NC(=O)c3ccncc3)cc2C(=O)N([C@H](C)CO)C[C@H]1C,10.0933,-0.03617375949313505,-0.036189550173617704,-0.03215890856755829,-0.0040306416060594125,-0.20835599122136653
correct_CP,CC(C)NC(=O)N(C)C[C@@H]1OCc2cn(nn2)CCCC(=O)N([C@H](C)CO)C[C@@H]1C,10.1945,0.36957165763460376,0.38792690720219397,0.06318767733192115,0.3247392298702728,-0.14135938865285136
correct_CP,CC(C)NC(=O)N(C)C[C@@H]1Oc2ccc(N(C)C)cc2C(=O)N([C@@H](C)CO)C[C@@H]1C,10.0311,0.1809082512295373,0.18292151144076138,-0.01885599307165301,0.20177750451241439,-0.11851266097695726
correct_CP,CC(C)NC(=O)N(C)C[C@@H]1Oc2ccc(NC(=O)C3CC3)cc2CC(=O)N([C@@H](C)CO)C[C@@H]1C,10.1285,0.2046528400730117,0.20758400320023043,0.0414409863807054,0.16614301681952504,0.2832459625600616
correct_CP,CC(C)NC(=O)N(C)C[C@@H]1Oc2ncc(C#CC3CC3)cc2C(=O)N([C@H](C)CO)C[C@H]1C,10.076,0.15692464604803838,0.1582321272412629,0.019351391763640906,0.138880735477622,0.15259335823204329
correct_CP,CC(C)NC(=O)N(C)C[C@H]1OCCCC[C@H](C)Oc2ccc(NC(=O)c3ccncc3)cc2C(=O)N([C@H](C)CO)C[C@@H]1C,10.0641,-0.3390255015805685,-0.3529910659744709,0.031217750696360763,-0.3842088166708316,0.244234577601001
correct_CP,CC(C)NC(=O)N(C)C[C@H]1OCc2ccccc2-c2c(n(C)c3ccccc23)C(=O)N([C@H](C)CO)C[C@H]1C,10.0705,0.0878752925545857,0.08810253934323188,-0.06985888483637996,0.15796142417961184,0.27274948538242977
correct_CP,CC(C)NC(=O)N(C)C[C@H]1OCc2cn(nn2)CCCC(=O)N([C@@H](C)CO)C[C@@H]1C,10.0468,-0.38462698932984785,-0.4054787276013427,-0.0974238444877169,-0.3080548831136258,-0.14323866075477587
correct_CP,CC(C)NC(=O)N(C)C[C@H]1Oc2cc(C#C[C@@H](C)O)ccc2S(=O)(=O)N([C@H](C)CO)C[C@H]1C,10.0953,0.5627708119514244,0.636879085424308,0.2025252343964569,0.4343538510278512,-0.06780522040528922
correct_CP,CC(C)NC(=O)N(C)C[C@H]1Oc2ccc(N(C)C)cc2C(=O)N([C@@H](C)CO)C[C@@H]1C,9.75738,0.10712322480394636,0.10753582952336804,0.05637838367467719,0.05115744584869085,0.1083077300556365
correct_CP,CC(C)NC(=O)N(C)C[C@H]1Oc2ccc(NC(=O)C3CC3)cc2C(=O)N([C@@H](C)CO)C[C@@H]1C,9.85014,0.20745021002220443,0.21050541024609143,-0.02207381747337229,0.2325792277194637,0.12804945497401005
correct_CP,CC(C)NC(=O)N1[C@@H]2Cn3c(ccc(-c4cccc(C(=O)N(C)C)c4)c3=O)[C@H]1[C@@H](C(=O)O)[C@@H]2CO,10.0437,-0.1772696953207611,-0.17916238489424394,0.010386098522273308,-0.18954848341651725,0.06225281643338769
correct_CP,CC(C)NC(=O)N1[C@H](C#N)[C@@H](c2ccc(-c3ccc(F)cc3)cc2)[C@@H]1CO,10.1843,0.11444219218774127,0.11494577243925977,0.11201439609750682,0.002931376341752945,-0.08487349765584654
correct_CP,CC(C)NC(=O)N1[C@H](C#N)[C@@H](c2ccc(-c3ccc(F)cc3)cc2)[C@H]1CO,10.0013,-0.34107462978401837,-0.3553081264986802,-0.04770096801313683,-0.3076071584855434,0.35786447911860025
correct_CP,CC(C)NC(=O)N1[C@H](C#N)[C@@H](c2ccc(C#CC3CCCCC3)cc2)[C@@H]1CO,9.98957,0.1400587016947449,0.1409854518221138,0.050769141350096594,0.09021631047201721,-0.09125880638460658
correct_CP,CC(C)NC(=O)N1[C@H](C#N)[C@@H](c2ccc(C#CC3CCCCC3)cc2)[C@H]1CO,10.0301,-0.21622374976680286,-0.21969123291749876,0.023829680100834576,-0.24352091301833334,-0.0711756965465481
correct_CP,CC(C)NC(=O)NCC[C@@H]1CC[C@H](NC(=O)CCN2CCCCC2)[C@H](CO)O1,10.1369,0.1092506393480843,0.10968843995782603,0.07629755662213274,0.03339088333569329,-0.1101340071740098
correct_CP,CC(C)NC(=O)NCC[C@H]1CC[C@@H](NC(=O)Nc2ccccc2)[C@@H](CO)O1,10.2596,0.2905421595147962,0.29915830718341213,0.29581104463306,0.0033472625503521147,-0.22773891794880752
correct_CP,CC(C)NC(=O)NCC[C@H]1CC[C@@H](NS(=O)(=O)c2ccc(Oc3ccccc3)cc2)[C@H](CO)O1,10.0977,0.4772194202125417,0.5193774975059284,-0.09271058140267494,0.6120880789086034,0.14505035827566376
correct_CP,CC(C)NC(=O)N[C@@H]1C=C[C@@H](CC(=O)NC2Cc3ccccc3C2)O[C@@H]1CO,10.102,0.22782258241995043,0.23189164113657468,0.052200311261899786,0.1796913298746749,0.2694509021430751
correct_CP,CC(C)NC(=O)N[C@@H]1C=C[C@@H](CC(=O)NC2Cc3ccccc3C2)O[C@H]1CO,9.95058,0.198862886834493,0.20154834115799952,-0.03563656511173738,0.2371849062697369,-0.20228140491735785
correct_CP,CC(C)NC(=O)N[C@@H]1C=C[C@H](CC(=O)NC2Cc3ccccc3C2)O[C@@H]1CO,10.0034,0.23576599245774282,0.24028612936975852,0.10869717731490225,0.13158895205485627,0.26835976312539456
correct_CP,CC(C)NC(=O)N[C@@H]1C=C[C@H](CC(=O)NCCCN(C)C)O[C@@H]1CO,10.1322,-0.14249585967479192,-0.1434722457243671,0.018952681331762332,-0.16242492705612943,-0.06964118417808801
correct_CP,CC(C)NC(=O)N[C@@H]1CC[C@@H](CC(=O)NCc2ccc(Oc3ccccc3)cc2)O[C@H]1CO,10.0603,0.5028325088216723,0.5530899859636087,0.07832870992884138,0.4747612760347673,0.35619111059316055
correct_CP,CC(C)NC(=O)N[C@@H]1CC[C@@H](CCN)O[C@@H]1CO,10.0971,-0.040300979578804415,-0.04032281939898912,-0.037662337981392395,-0.0026604814175967273,-0.026790706344149436
correct_CP,CC(C)NC(=O)N[C@H]1C=C[C@@H](CC(=O)NCCCN(C)C)O[C@@H]1CO,10.0109,0.11157797371970053,0.11204449891190388,0.014171152064186933,0.09787334684771695,0.08794558724752369
correct_CP,CC(C)NC(=O)N[C@H]1C=C[C@H](CC(=O)NCCCN(C)C)O[C@@H]1CO,9.9989,0.17625240461199493,0.17811228424631848,-0.07775364908437025,0.25586593333068874,-0.01915109839523428
correct_CP,CC(C)NC(=O)N[C@H]1C=C[C@H](CC(=O)O)O[C@H]1CO,10.0087,0.3196524013966774,0.33125990332273664,0.05194200634675317,0.27931789697598347,0.06182492287915864
correct_CP,CC(C)NC(=O)N[C@H]1CC[C@@H](CC(=O)NCc2ccc(Oc3ccccc3)cc2)O[C@@H]1CO,9.96555,0.06497426206045574,0.06506592732711178,0.01589272794214921,0.04917319938496256,-0.17221242439662768
correct_CP,CC(C)NC(=O)N[C@H]1CC[C@@H](CCN)O[C@H]1CO,9.94691,-0.10955190385684738,-0.10999335387335271,-0.05042698590225952,-0.059566367971093194,-0.04360306730084696
correct_CP,CC(C)NC(=O)N[C@H]1CC[C@@H](CCNS(=O)(=O)Cc2ccccc2)O[C@H]1CO,9.98625,0.011863807009596418,0.011864363666556516,0.018631961440381286,-0.00676759777382477,-0.00975314043857745
correct_CP,CC(C)NC(=O)Nc1ccc2c(c1)C(=O)N(C)[C@H]1CC[C@H](CC(=O)NCc3ccc(F)cc3)O[C@@H]1CO2,10.022,-0.27570627183188695,-0.2830291154580924,0.03583922284791126,-0.31886833830600364,-0.3875590733793216
correct_CP,CC(C)NC(=O)Nc1ccc2c(c1)C(=O)N(C)[C@H]1CC[C@H](CC(=O)NCc3ccc(F)cc3)O[C@H]1CO2,9.83263,0.28805442219130684,0.2964433430985508,0.041287405139734196,0.25515593795881664,-0.1159093089933261
correct_CP,CC(C)NC(=O)Nc1ccc2c(c1)C(=O)N(C)[C@H]1CC[C@H](CC(=O)Nc3ccccc3Cl)O[C@@H]1CO2,10.0,0.25915533882490543,0.2652027199298438,-0.0009309011087644259,0.2661336210386082,0.16398630052600655
correct_CP,CC(C)NC(=O)Nc1ccc2c(c1)C(=O)N([C@@H](C)CO)C[C@@H](C)[C@@H](CN(C)C(=O)C1CCCCC1)OCCCC[C@@H](C)O2,10.0299,-0.016977707386999375,-0.016979338901717992,0.050502807973297606,-0.0674821468750156,0.10778657806747048
correct_CP,CC(C)NC(=O)Nc1ccc2c(c1)C(=O)N([C@@H](C)CO)C[C@@H](C)[C@H](CN(C)Cc1ccccc1)OCCCC[C@H](C)O2,10.0289,-0.1236951258777132,-0.124331846565492,-0.06440501388970499,-0.05992683267578701,0.05357975423283344
correct_CP,CC(C)NC(=O)Nc1ccc2c(c1)C(=O)N([C@H](C)CO)C[C@@H](C)[C@@H](CN(C)C(=O)c1ccccc1)OCCCC[C@H](C)O2,10.0416,-0.10003435549753824,-0.10037005037428233,0.0028766888638905985,-0.10324673923817293,0.03778534356570888
correct_CP,CC(C)NC(=O)Nc1ccc2c(c1)C(=O)N([C@H](C)CO)C[C@@H](C)[C@@H](CN(C)Cc1ccccc1)OCCCC[C@@H](C)O2,10.0511,0.4103493552890746,0.4360312442382773,-0.008936926033743086,0.4449681702720204,0.2836573788137762
correct_CP,CC(C)NC(=O)Nc1ccc2c(c1)C(=O)N([C@H](C)CO)C[C@@H](C)[C@H](CN(C)C(=O)C1CCCCC1)OCCCC[C@@H](C)O2,10.0429,0.1409041201695332,0.14184789060491343,0.05372771951452304,0.08812017109039039,0.058731198293633866
correct_CP,CC(C)NC(=O)Nc1ccc2c(c1)C(=O)N([C@H](C)CO)C[C@@H](C)[C@H](CN(C)C(=O)Nc1ccccc1)O2,10.1396,0.07426391221273002,0.0744008907820412,0.030918498759767717,0.04348239202227349,-0.13325908364274086
correct_CP,CC(C)NC(=O)Nc1ccc2c(c1)C(=O)N([C@H](C)CO)C[C@@H](C)[C@H](CN(C)C(=O)c1ccccc1)OCCCC[C@H](C)O2,10.0756,-0.15908143776217834,-0.16044414278298844,0.049671687587607684,-0.2101158303705961,0.008587125306933757
correct_CP,CC(C)NC(=O)Nc1ccc2c(c1)C(=O)N([C@H](C)CO)C[C@H](C)[C@@H](CN(C)C(=O)c1ccccc1)OCCCC[C@H](C)O2,10.0798,-0.06946921955885017,-0.06958129644654543,0.026214352768080623,-0.09579564921462605,0.1917801417058555
correct_CP,CC(C)NC(=O)Nc1ccc2c(c1)C(=O)N([C@H](C)CO)C[C@H](C)[C@H](CN(C)C(=O)C1CCCCC1)OCCCC[C@@H](C)O2,10.0402,-0.32320173658267315,-0.3352181971319595,0.02681338710340185,-0.36203158423536136,-0.19459681137777912
correct_CP,CC(C)NC(=O)Nc1ccc2c(c1)C(=O)N([C@H](C)CO)C[C@H](C)[C@H](CN(C)C(=O)Nc1ccccc1)O2,10.3344,0.26036204021783793,0.2664967346187252,-0.006323454161149756,0.27282018877987496,0.15042792164543406
correct_CP,CC(C)NC(=O)Nc1cccc2c1O[C@@H](CN(C)C(=O)Nc1ccccc1)[C@@H](C)CN([C@H](C)CO)C2=O,10.0594,0.06915225715082589,0.069262804004977,-0.0549325694430673,0.1241953734480443,-0.14339775695207035
correct_CP,CC(C)NC(=O)Nc1cccc2c1O[C@@H](CN(C)Cc1ccccc1)[C@@H](C)CN([C@@H](C)CO)C2=O,10.1156,0.4272620223784438,0.4565424438868326,-0.0010084236749550563,0.4575508675617877,0.024641956428227623
correct_CP,CC(C)NC(=O)Nc1cccc2c1O[C@@H](CN(C)Cc1ccccc1)[C@@H](C)CN([C@H](C)CO)C2=O,10.0459,-0.22030343365573313,-0.2239749982122437,-0.11616207991967878,-0.10781291829256492,-0.10875225913293313
correct_CP,CC(C)NC(=O)Nc1cccc2c1O[C@@H](CN(C)Cc1ccccc1)[C@H](C)CN([C@@H](C)CO)C2=O,10.0336,-0.25512116330107276,-0.26088291075961134,-0.0017512330857101903,-0.25913167767390116,-0.22677704798982284
correct_CP,CC(C)NCC(O)COc1cccc2[nH]ccc12,10.0,0.2202756504402754,0.2239457979831838,-0.038793083678292976,0.26273888166147674,0.3570696483905204
correct_CP,CC(C)NCC(O)c1ccc2ccccc2c1,10.0,-0.42387242156652527,-0.4524031849276956,0.01930592237808287,-0.4717091073057785,0.08086398819369531
correct_CP,CC(C)Nc1nc(Cl)nc(NC2CCCCC2)n1,10.0,0.526759320542671,0.5856492908847817,-0.05551046438900313,0.6411597552737848,-0.09849564286542468
correct_CP,CC(C)OC(=O)N(C)C[C@@H]1OCc2ccccc2-c2ccccc2C(=O)N([C@@H](C)CO)C[C@H]1C,10.1211,0.013526309698411886,0.013527134718274991,0.013400484068446985,0.00012665064982800636,-0.016958590722874214
correct_CP,CC(C)OC(=O)N(C)C[C@H]1OCc2ccccc2-c2ccccc2C(=O)N([C@H](C)CO)C[C@H]1C,10.1667,0.3813418746658724,0.4016289300498337,-0.04663464431044146,0.44826357436027514,0.31862584832933233
correct_CP,CC(C)OC(=O)N(C)C[C@H]1OCc2cn(nn2)CCCC(=O)N([C@@H](C)CO)C[C@@H]1C,10.0184,-0.030947386922326535,-0.03095727246154827,-0.010776052827072355,-0.020181219634475916,0.11214250965851848
correct_CP,CC(C)[C@@H](C)NC(=O)N(C)C[C@H]1OCc2ccccc2-c2ccccc2C(=O)N([C@@H](C)CO)C[C@H]1C,10.1637,0.35379336645203296,0.36977325665303157,-0.05457272191271746,0.424345978565749,0.03609793442722006
correct_CP,CC(C)[C@@]1(NC(=O)[C@@H]2CC3c4cccc5[nH]cc(c45)C[C@H]3N(C)C2)O[C@@]2(O)[C@@H]3CCCN3C(=O)[C@H](Cc3ccccc3)N2C1=O,10.0,0.27054493958884546,0.2774517054606114,0.02203384416442948,0.2554178612961819,0.26769842309569575
correct_CP,CC(C)[C@H](C)NC(=O)N(C)C[C@@H]1OCc2ccccc2-c2c(n(C)c3ccccc23)C(=O)N([C@@H](C)CO)C[C@@H]1C,9.76388,0.35171829372606545,0.36740326923789646,0.07601894799798961,0.2913843212399069,-0.23126737226306512
correct_CP,CC(C)[C@H](C)NC(=O)N(C)C[C@@H]1OCc2ccccc2-c2c(n(C)c3ccccc23)C(=O)N([C@@H](C)CO)C[C@H]1C,10.0263,-0.06935629159196546,-0.06946782174359502,0.03267212846591576,-0.10213995020951078,0.07347094767645247
correct_CP,CC(C)[C@H](C)NC(=O)N(C)C[C@H]1OCc2ccccc2-c2c(n(C)c3ccccc23)C(=O)N([C@@H](C)CO)C[C@H]1C,10.1992,0.45091224267912017,0.48584474617008006,0.0153834060706647,0.47046134009941537,-0.399093430579715
correct_CP,CC(C)[C@H](C)NC(=O)N(C)C[C@H]1OCc2ccccc2-c2ccccc2C(=O)N([C@H](C)CO)C[C@H]1C,10.1939,0.3960494570855904,0.41895469920814843,0.056405253272822614,0.3625494459353258,-0.06689137525175211
correct_CP,CC(C)[C@H](CO)Nc1nc(NCc2ccc(S(N)(=O)=O)cc2)c2ncn(C(C)C)c2n1,10.0,0.3705469371097736,0.38905693757104975,-0.005463784856042285,0.394520722427092,0.5712927161707491
correct_CP,CC(C)[C@H](NC(=O)c1cccc(S(=O)(=O)N2CCCC2)c1)c1nc2ccccc2[nH]1,20.0,0.17880918722263237,0.1807522735083356,0.07215880586835383,0.10859346763998176,0.20801200731111352
correct_CP,CC(C)[C@H]1C(=O)N2CCC[C@H]2[C@]2(O)O[C@](NC(=O)[C@@H]3C=C4c5cccc6[nH]cc(c56)C[C@H]4N(C)C3)(C(C)C)C(=O)N12,10.0,0.37892198490089085,0.39880030014759005,0.04089834202707693,0.3579019581205131,-0.4111010170607071
correct_CP,CC(C)c1ccc(NS(=O)(=O)c2cn(C)c(=O)n(C)c2=O)cc1,10.0,-0.019143541375426204,-0.01914588043400601,-0.15949425771548292,0.14034837728147692,0.07896592409400253
correct_CP,CC(C)c1ccc(OCC(=O)NNC(=O)c2cnccn2)cc1,10.0,0.7619641776490216,1.000881649679343,0.08312595620668872,0.9177556934726542,0.4009113584280096
correct_CP,CC(C)c1ccc(S(=O)(=O)N2CCN(C(=O)c3ccco3)CC2)cc1,10.0,0.15803757794166418,0.15937336223562298,-0.049677503348543484,0.20905086558416647,0.008434450820836846
correct_CP,CC(C)c1ccc2c(c1)CC[C@H]1[C@](C)(CN)CCC[C@]21C,10.0,0.5975265286231102,0.689291303693401,0.010130285712115977,0.679161017981285,0.18002400330740934
correct_CP,CC(C)c1ccc2nc(N)sc2c1,10.0,0.1828599319372192,0.18493996706816473,-0.05874954727572033,0.24368951434388506,0.05117053153454971
correct_CP,CC(C)c1cn(CC[C@@H]2CC[C@H](NC(=O)c3cccc(F)c3)[C@@H](CO)O2)nn1,10.1153,-0.07732437504964755,-0.07747903927746286,0.002571711417251938,-0.08005075069471479,-0.25632874276835954
correct_CP,CC(C)c1cn(CC[C@@H]2CC[C@H](NS(=O)(=O)Cc3ccccc3)[C@H](CO)O2)nn1,10.0341,0.1528945201660043,0.15410290639501542,0.028137073921729844,0.12596583247328558,0.07276803076387614
correct_CP,CC(C)c1cn(CC[C@H]2CC[C@@H](NC(=O)c3cccc(F)c3)[C@H](CO)O2)nn1,10.1373,-0.12162640006715691,-0.12223151914198865,-0.060018096308802275,-0.06221342283318638,0.28607834338598076
correct_CP,CC(C)c1cn(CC[C@H]2CC[C@@H](NS(=O)(=O)Cc3ccccc3)[C@H](CO)O2)nn1,9.98791,-0.4805018438070984,-0.523636565799161,-0.015875352000688375,-0.5077612137984726,-0.21925373782393334
correct_CP,CC(C)c1cn(CC[C@H]2CC[C@H](N)[C@@H](CO)O2)nn1,10.0629,-0.10955668946151169,-0.10999819761328075,0.03299513382820083,-0.14299333144148157,0.13718738102747888
correct_CP,CC(C)c1cn(CC[C@H]2CC[C@H](NC(=O)C3CC3)[C@@H](CO)O2)nn1,10.0408,0.45815730852479924,0.49497653896526,-0.1560149539477615,0.6509914929130215,0.17694040528491203
correct_CP,CC(C)n1nnnc1SCC(=O)c1ccc2c(c1)OCCO2,10.0,0.15156715021535683,0.15274404567897532,0.07183780597358638,0.08090623970538893,0.19827376402391209
correct_CP,CC(CC(=O)c1ccccc1)=NNC(=O)c1ccc(Cl)cc1,10.0,0.28266835600921664,0.29057978129613315,0.17599398792324575,0.1145857933728874,0.17287178183933913
correct_CP,CC(Nc1nc(N2CCCC2)nc2ccccc12)c1ccccc1,20.0,0.3151766454815279,0.3262826691819688,0.0805774318487166,0.2457052373332522,0.25341790898096106
correct_CP,CC/C(=C(/CC)c1ccc(O)cc1)c1ccc(O)cc1,10.0,0.21878316636520392,0.2223777440838198,0.0033368161751650763,0.21904092790865473,-0.18051490387218916
correct_CP,CC1(C)C(=O)CC[C@@]2(C)C1C[C@@H](O)[C@@]1(C)C3=CC(=O)O[C@@H](c4ccoc4)[C@]3(C)CCC21,10.0,-0.026787624654010637,-0.026794034807072053,0.01820819135369374,-0.045002226160765796,0.09801997355480382
correct_CP,CC1(C)C(=O)[C@@H]2C[C@@]3(O)C4=CC(=O)O[C@@H](c5ccoc5)[C@]4(C)CCC3[C@@](C)(C2=O)[C@H]1CC(=O)O,10.0,0.7150623613466962,0.8974671883285769,0.3175777300797761,0.5798894582488008,0.43040338303202985
correct_CP,CC1(C)Cc2c(cnn2-c2ccccc2)-c2c1c1ccccc1n2CC(O)CBr,10.0,0.162580955253875,0.1640365889637731,0.18553733873194242,-0.02150074976816932,-0.07545865159253659
correct_CP,CC1(CCc2ccccc2)NC(=O)N(CC(=O)Nc2ccc3c(c2)OCCO3)C1=O,10.0,0.19662161223480243,0.19921586078171793,0.08127397420272642,0.11794188657899152,-0.05908785262226745
correct_CP,CC12CC3CC(C)(C1)CC(C(=O)NC1=NCCS1)(C3)C2,10.0,0.3367579543857929,0.35043126222466137,0.28876909748037377,0.061662164744287595,-0.07255954522510416
correct_CP,CC12CCC(O)CC1CCC1C2[C@H](O)CC2(C)C(C3=CC(=O)OC3)CCC12O,10.0,0.3497671636791701,0.36517843836828434,0.27488880992697307,0.09028962844131128,0.7815058718390466
correct_CP,CC1=C(C(=O)OC(C)C)C(c2ccc(Cl)cc2)n2c(sc(=Cc3ccc(OCC(=O)O)cc3)c2=O)=N1,20.0,0.19902273683801527,0.2017147784577244,0.20655596977879653,-0.004841191321072136,-0.058156283918971485
correct_CP,CC1=C(C(=O)OCc2ccccc2)C(c2ccc([N+](=O)[O-])cc2)NC(=O)N1CCCCCC(=O)O,10.0,0.22602450763553297,0.22999594836726336,0.03218817181922422,0.19780777654803916,0.1050444264851088
correct_CP,CC1C(OC(=O)C(O)c2ccccc2)CCC(C)(C)N1C,10.0,-0.1933875357614821,-0.19585393779599428,0.30011082235819153,-0.4959647601541858,-0.5036617111935979
correct_CP,CC1CC(C)CN(c2oc(-c3ccco3)nc2C#N)C1,10.0,0.46734999417715994,0.506674384434952,0.1641562231817388,0.3425181612532132,0.22101917513996597
correct_CP,CC1CCCN(c2nc3c(c(=O)n(C)c(=O)n3C)n2CCSc2nc3ccccc3s2)C1,10.0,0.6733008584345503,0.8167569127542428,0.036990805711812416,0.7797661070424303,0.025703637932789847
correct_CP,CC1CCN(Cc2nc(-c3ccccc3)no2)CC1,10.0,0.6675740105328989,0.8063539568409345,0.09114145384293222,0.7152125029980022,0.1521021464509788
correct_CP,CC1CN(c2cc(-c3ccccc3)c3ccccc3n2)CC(C)O1,10.0,0.394219159795812,0.4167857623146789,0.07396857902302778,0.3428171832916511,-0.1048112524527493
correct_CP,CC1Cc2ccccc2N1NC(=O)c1ccc(Cl)c(S(N)(=O)=O)c1,10.0,0.34989958927372333,0.365329330675453,0.29367427876692775,0.07165505190852522,0.042750079977970645
correct_CP,CC1O[C@@H](Oc2c(-c3ccc(O)c(O)c3)oc3cc(O)cc(O)c3c2=O)[C@H](O)[C@H](O)[C@H]1O,10.0,0.2685124681530438,0.27526001618352347,0.23495202700768691,0.040307989175836556,-0.022141897429022783
correct_CP,CCC(=C(c1ccccc1)c1ccc(OCCN(C)C)cc1)c1ccccc1,10.0,0.46311929143288094,0.5012750054876449,0.04368497184971968,0.4575900336379252,0.27731397864328483
correct_CP,CCC(=O)N(C)C[C@@H]1Oc2cc(-c3ccc(OC)cc3)ccc2S(=O)(=O)N([C@@H](C)CO)C[C@H]1C,10.0025,0.04627773067908176,0.046310809762128466,0.015735628152239504,0.030575181609888962,0.06766646118394977
correct_CP,CCC(=O)N(C)C[C@@H]1Oc2cc(C#Cc3ccccc3)ccc2S(=O)(=O)N([C@H](C)CO)C[C@@H]1C,10.062206,-0.04971071712673111,-0.04975172558252782,0.04573242625504996,-0.09548415183757777,0.004774060981061451
correct_CP,CCC(=O)N(C)C[C@H]1Oc2cc(C#Cc3ccccc3)ccc2S(=O)(=O)N([C@@H](C)CO)C[C@H]1C,10.0427,0.11828614276161303,0.11884249207247341,0.048318818602242214,0.0705236734702312,-0.3526711718563086
correct_CP,CCC(=O)N(c1ccccc1)C1CCN(CCc2ccc(N=C=S)cc2)CC1,10.0,0.06145694225077224,0.061534491450535675,-0.008255557382338645,0.06979004883287432,0.4333371770952976
correct_CP,CCC(=O)N1C[C@@H](C)[C@@H](OC)CN(C)C(=O)c2cc(NC(=O)NC(C)C)ccc2OC[C@@H]1C,9.94756,0.20547192282591745,0.208439040838175,0.004652693208932988,0.203786347629242,-0.014759949409395328
correct_CP,CCC(=O)N1C[C@@H](C)[C@@H](OC)CN(C)C(=O)c2cc(NC(=O)NC(C)C)ccc2OC[C@H]1C,9.98107,0.25861775094643596,0.2646265133778962,0.016338184384168973,0.24828832899372724,0.17782694628969833
correct_CP,CCC(=O)N1C[C@@H](C)[C@@H](OC)CN(C)C(=O)c2cc(NC(=O)c3cnccn3)ccc2OC[C@H]1C,10.095,0.28511688901383797,0.29324295460707783,0.019111983308313638,0.2741309712987642,0.07870760837559782
correct_CP,CCC(=O)N1C[C@@H](C)[C@@H](OC)CN(C)C(=O)c2cc(NS(C)(=O)=O)ccc2OC[C@H]1C,9.9461,0.2704211163884131,0.2773181081370211,0.025981589251389554,0.2513365188856316,-0.02606380201256141
correct_CP,CCC(=O)N1C[C@@H](C)[C@@H](OC)CN(C)C(=O)c2ccc(NC(=O)C3CCOCC3)cc2OC[C@@H]1C,10.045,-0.24350610890995691,-0.24849785896871146,0.03544599284364835,-0.2839438518123598,-0.022145659061641648
correct_CP,CCC(=O)N1C[C@@H](C)[C@@H](OC)CN(C)C(=O)c2ccc(NC(=O)c3cc(C)on3)cc2OC[C@@H]1C,10.0235,0.23232129364614104,0.23664180293904458,0.011550385909773697,0.22509141702927088,0.1718948821428432
correct_CP,CCC(=O)N1C[C@@H](C)[C@@H](OC)CN(C)C(=O)c2ccc(NC(=O)c3cc(C)on3)cc2OC[C@H]1C,10.0462,-0.06974127815030033,-0.06985467955096607,0.02099806097882554,-0.09085274052979161,-0.012911142135323551
correct_CP,CCC(=O)N1C[C@@H](C)[C@H](OC)CN(C)C(=O)c2cc(NC(=O)C3CC3)ccc2OC[C@@H]1C,9.94469,0.5685015792733121,0.6453060919716558,0.0032979057811391467,0.6420081861905166,0.1363496541097624
correct_CP,CCC(=O)N1C[C@@H](C)[C@H](OC)CN(C)C(=O)c2ccc(NC(=O)C3CCOCC3)cc2OC[C@H]1C,10.098,-0.40807914642878257,-0.4333044072180085,0.07355748054970505,-0.5068618877677136,-0.3012555017623924
correct_CP,CCC(=O)N1C[C@@H](C)[C@H](OC)CN(C)C(=O)c2ccc(NC(=O)c3cc(C)on3)cc2OC[C@H]1C,10.0269,0.02039019535885983,0.020393021873645827,0.0314760154115437,-0.011082993537897871,0.038080032899040134
correct_CP,CCC(=O)N1C[C@@H](O)COC[C@H]2O[C@@H](CC(=O)NCc3cc(F)cc(F)c3)CC[C@@H]21,9.96981,-0.29144572112176137,-0.3001454583488471,-0.017606644180326005,-0.2825388141685211,-0.01999869196354233
correct_CP,CCC(=O)N1C[C@H](C)[C@@H](OC)CN(C)C(=O)c2cc(NC(=O)c3cnccn3)ccc2OC[C@H]1C,9.93465,0.2635400792395426,0.26990891561476826,-0.00628286239105736,0.2761917780058256,0.16490760407472146
correct_CP,CCC(=O)N1C[C@H](C)[C@@H](OC)CN(C)C(=O)c2ccc(NC(=O)Nc3cccc(F)c3)cc2OC[C@H]1C,9.9857,-0.03259036312758627,-0.032601908906374356,0.04341936342078156,-0.07602127232715591,-0.03254082705453225
correct_CP,CCC(=O)N1C[C@H](C)[C@@H](OC)CN(C)C(=O)c2ccc(NC(=O)Nc3ccccc3)cc2OC[C@H]1C,10.0375,-0.2423401211703063,-0.24725874915121335,-0.025025766706732948,-0.2222329824444804,-0.3022699832873487
correct_CP,CCC(=O)N1C[C@H](C)[C@@H](OC)CN(C)C(=O)c2ccc(NC(=O)c3ccc(F)cc3)cc2OC[C@H]1C,10.031,-0.09264303735832219,-0.09290945412549563,0.06202816643960597,-0.1549376205651016,-0.009617344119272286
correct_CP,CCC(=O)N1C[C@H](C)[C@H](OC)CN(C)C(=O)c2cc(NC(=O)NC(C)C)ccc2OC[C@@H]1C,10.0038,-0.08457470915798768,-0.08477722999112297,0.14393299214157473,-0.2287102221326977,-0.2499491637992428
correct_CP,CCC(=O)N1C[C@H](C)[C@H](OC)CN(C)C(=O)c2ccc(NC(=O)Nc3ccc(Cl)cc3)cc2OC[C@H]1C,9.73124,0.2675823374205822,0.27425788265342105,-0.19313257790335703,0.4673904605567781,0.17897606981290193
correct_CP,CCC(=O)N1C[C@H](O)COC[C@@H]2O[C@@H](CC(=O)NCc3cc(F)cc(F)c3)CC[C@H]21,9.99998,-0.11429523727334512,-0.11479686984848035,0.05131394294693306,-0.1661108127954134,-0.00630550117853821
correct_CP,CCC(=O)N1C[C@H](O)COC[C@@H]2O[C@H](CC(=O)NCc3cc(F)cc(F)c3)CC[C@H]21,10.1877,-0.0012247688425501748,-0.001224769454959119,0.05809690426705984,-0.05932167372201896,-0.03819640525662909
correct_CP,CCC(=O)N1[C@@H]2Cn3c(ccc(-c4ccncc4)c3=O)[C@H]1[C@@H](C(=O)NC1Cc3ccccc3C1)[C@@H]2CO,9.9921,0.21030055104257608,0.21348578416129907,0.0052423638188555145,0.20824342034244356,-0.08123966654707787
correct_CP,CCC(=O)N1[C@H](C(=O)N(C)C)[C@@H](CO)[C@@H]2Cn3c(ccc(-c4ccc(F)cc4)c3=O)[C@@H]21,9.96753,0.5372486599164318,0.6002798328651715,-0.03379098170331683,0.6340708145684884,-0.23971089971730308
correct_CP,CCC(=O)N1[C@H](C(=O)N2CCCCC2)[C@@H](CO)[C@@H]2Cn3c(cccc3=O)[C@@H]21,9.94511,-0.05981431664660655,-0.05988580377390861,-0.006598773286035944,-0.05328703048787267,-0.07010816245290194
correct_CP,CCC(=O)N1[C@H](C(=O)NCCCN(C)C)[C@@H](CO)[C@@H]2Cn3c(ccc(-c4ccccc4OC)c3=O)[C@@H]21,10.0679,0.1591052280076911,0.16046855081253694,-0.03473688792635625,0.19520543873889318,0.03772286869011751
correct_CP,CCC(=O)NCC(=O)OCC(=O)c1ccccc1,10.0,0.007208159173009772,0.007208284016352757,0.03627118270032023,-0.029062898683967473,0.2317752875423029
correct_CP,CCC(=O)N[C@@H]1C=C[C@H](CC(=O)NCc2cc(F)cc(F)c2)O[C@H]1CO,10.0137,-0.09310394138216257,-0.09337436826782658,0.029509574952826807,-0.12288394322065338,-0.0656365003500383
correct_CP,CCC(=O)N[C@@H]1CC[C@@H](CC(=O)NCC2CCCCC2)O[C@H]1CO,9.96946,0.5338413232572017,0.5955022262604116,0.003159945955481372,0.5923422803049302,0.10578393692173808
correct_CP,CCC(=O)N[C@@H]1CC[C@H](CC(=O)NCCN2CCCCC2)O[C@H]1CO,10.0665,0.04690409062052607,0.04693853232978393,-0.08357536682742503,0.13051389915720896,-0.28999160598300777
correct_CP,CCC(=O)N[C@@H]1CC[C@H](CC(=O)OC)O[C@H]1CO,10.0395,0.2988036567964064,0.3082054588826361,-0.12003285896695462,0.42823831784959077,0.28257006039137816
correct_CP,CCC(=O)N[C@H]1C=C[C@@H](CC(=O)NCC2CCCCC2)O[C@H]1CO,10.1413,-0.19269647887545438,-0.19513613167646374,-0.15114752426104527,-0.04398860741541846,0.040532350990471644
correct_CP,CCC(=O)N[C@H]1C=C[C@@H](CC(=O)NCc2cc(F)cc(F)c2)O[C@@H]1CO,10.0774,0.1396969832675798,0.14061651483939763,0.08854426572959206,0.05207224910980557,0.3023500197300493
correct_CP,CCC(=O)N[C@H]1C=C[C@@H](CC(=O)OC)O[C@@H]1CO,10.0543,-0.1448371010465695,-0.14586283007890644,-0.11168022335540255,-0.034182606723503886,0.37552106968251747
correct_CP,CCC(=O)N[C@H]1C=C[C@H](CC(=O)NCC2CCCCC2)O[C@H]1CO,10.0662,0.1397680930968651,0.14068904075034333,0.030954982084852898,0.10973405866549044,-0.34411721916088306
correct_CP,CCC(=O)N[C@H]1CC[C@@H](CC(=O)NCCN2CCCCC2)O[C@H]1CO,9.97289,-0.030753084899070908,-0.030762785337075212,-0.13181994489293578,0.10105715955586056,0.04327132958761479
correct_CP,CCC(=O)N[C@H]1CC[C@H](CC(=O)NCC2CCCCC2)O[C@@H]1CO,10.0016,0.11438140992032242,0.11488418397511643,-0.005247498426039436,0.12013168240115588,-0.1532876570130161
correct_CP,CCC(=O)N[C@H]1CC[C@H](CC(=O)NCCN2CCCCC2)O[C@@H]1CO,10.03,-0.10673550833915531,-0.10714362867226865,-0.016510626694019773,-0.09063300197824888,0.29220617651416175
correct_CP,CCC(=O)N[C@H]1CC[C@H](CC(=O)NCCN2CCCCC2)O[C@H]1CO,10.0187,0.2986508413814725,0.3080376703602281,0.004685760541225767,0.30335190981900234,-0.2200392520461768
correct_CP,CCC(=O)N[C@H]1CC[C@H](CCNC(=O)Nc2ccc(C(F)(F)F)cc2)O[C@H]1CO,10.0945,-0.04718618111381981,-0.0472212485451651,0.0071564339669179106,-0.05437768251208301,-0.11685288069135658
correct_CP,CCC(=O)Nc1ccc2c(c1)C(=O)N(C)C[C@@H](OC)[C@@H](C)CN(C(=O)C1CCC1)[C@@H](C)CO2,10.0122,0.17407110925499017,0.17586194374445982,0.104234586664358,0.07162735708010182,-0.014450147061980112
correct_CP,CCC(=O)Nc1ccc2c(c1)C(=O)N(C)C[C@@H](OC)[C@@H](C)CN(C(=O)C1CCC1)[C@H](C)CO2,9.94692,-0.18533756447082023,-0.18750451981471802,0.03171954461837285,-0.21922406443309086,-0.16275593439687977
correct_CP,CCC(=O)Nc1ccc2c(c1)C(=O)N(C)C[C@@H](OC)[C@@H](C)CN(C(=O)NC(C)C)[C@@H](C)CO2,10.0552,0.032653284563154,0.03266489737324322,0.07785266127891845,-0.04518776390567523,0.11158591489721421
correct_CP,CCC(=O)Nc1ccc2c(c1)C(=O)N(C)C[C@@H](OC)[C@@H](C)CN(Cc1ccncc1)[C@H](C)CO2,9.96716,0.12821554793278434,0.1289251485195597,0.06115548386992656,0.06776966464963313,0.31678608333700553
correct_CP,CCC(=O)Nc1ccc2c(c1)C(=O)N(C)C[C@@H](OC)[C@H](C)CN(C(=O)C1CCC1)[C@@H](C)CO2,9.94223,-0.32473191140782115,-0.3369278033144416,0.0039187135120112545,-0.34084651682645284,-0.12190800875093377
correct_CP,CCC(=O)Nc1ccc2c(c1)C(=O)N(C)C[C@@H](OC)[C@H](C)CN(C(=O)NC(C)C)[C@@H](C)CO2,10.0875,0.31395230722858175,0.3249238771087529,-0.03711488132039138,0.3620387584291443,0.29351950949256006
correct_CP,CCC(=O)Nc1ccc2c(c1)C(=O)N(C)C[C@@H](OC)[C@H](C)CN(C(=O)c1cccnc1)[C@@H](C)CO2,9.95082,0.5030110111994665,0.5533289226766053,0.10296273025565567,0.4503661924209496,0.030660796534339452
correct_CP,CCC(=O)Nc1ccc2c(c1)C(=O)N(C)C[C@H](OC)[C@@H](C)CN(C(=O)CC)[C@H](C)CO2,10.1138,0.0420213827476553,0.04204614272397674,0.05608418696746904,-0.014038044243492295,0.2829908545247629
correct_CP,CCC(=O)Nc1ccc2c(c1)C(=O)N(C)C[C@H](OC)[C@H](C)CN(C(=O)NC(C)C)[C@@H](C)CO2,10.0618,0.31269366228625994,0.32352821826942124,0.12598357581543598,0.19754464245398526,0.22856452980255718
correct_CP,CCC(=O)Nc1ccc2c(c1)C(=O)N(C)C[C@H](OC)[C@H](C)CN(C(=O)NC(C)C)[C@H](C)CO2,9.99718,0.09067519141604051,0.09092493479378444,0.08616835689034426,0.004756577903440182,-0.1179652793201898
correct_CP,CCC(=O)Nc1ccc2c(c1)C(=O)N(C)[C@H]1CC[C@H](CC(=O)Nc3c(F)cccc3F)O[C@@H]1CO2,10.0214,-0.1853886789594279,-0.18755745306257474,-0.043794018383904454,-0.14376343467867028,-0.20198592958371295
correct_CP,CCC(=O)Nc1ccc2c(c1)OC[C@@H](C)N(C(=O)CC1CC1)C[C@@H](C)[C@@H](OC)CN(C)C2=O,10.0162,0.2931853977247415,0.3020476771366462,0.05709295431955172,0.2449547228170945,0.1025129656879141
correct_CP,CCC(=O)Nc1ccc2c(c1)OC[C@@H](C)N(C(=O)CC1CC1)C[C@H](C)[C@@H](OC)CN(C)C2=O,10.0764,0.20145890218024498,0.20425270702795484,-0.0447111993640942,0.24896390639204904,0.02678976366610918
correct_CP,CCC(=O)Nc1ccc2c(c1)OC[C@@H](C)N(C(=O)COC)C[C@@H](C)[C@H](OC)CN(C)C2=O,9.87195,0.3245198855032187,0.33669080171181986,-0.08528595566312186,0.4219767573749417,0.261206546697545
correct_CP,CCC(=O)Nc1ccc2c(c1)OC[C@@H](C)N(C(=O)c1ccc(F)cc1)C[C@@H](C)[C@@H](OC)CN(C)C2=O,10.0935,0.16346526023458038,0.16494503742114835,-0.013760944811592863,0.17870598223274123,0.16060600562538632
correct_CP,CCC(=O)Nc1ccc2c(c1)OC[C@@H](C)N(C(=O)c1ccc(F)cc1)C[C@H](C)[C@@H](OC)CN(C)C2=O,9.9439,-0.03855142771560339,-0.03857054330333235,0.018773646111984583,-0.05734418941531694,-0.022650907915338903
correct_CP,CCC(=O)Nc1ccc2c(c1)OC[C@@H](C)N(C(=O)c1cnccn1)C[C@H](C)[C@H](OC)CN(C)C2=O,9.92882,-0.03310996888152752,-0.033122076001759114,-0.023723471480497162,-0.009398604521261952,-0.18105184115591197
correct_CP,CCC(=O)Nc1ccc2c(c1)OC[C@@H](C)N(C(C)=O)C[C@@H](C)[C@@H](OC)CN(C)C2=O,9.94506,0.2448007369349473,0.24987455320907181,0.1721133905868659,0.07776116262220592,-0.16486415690094888
correct_CP,CCC(=O)Nc1ccc2c(c1)OC[C@@H](C)N(CCc1ccccc1)C[C@@H](C)[C@H](OC)CN(C)C2=O,10.1224,0.5241265309654749,0.5820123804147177,0.016942882927535256,0.5650694974871825,0.45474270591170224
correct_CP,CCC(=O)Nc1ccc2c(c1)OC[C@@H](C)N(Cc1ccccc1)C[C@@H](C)[C@@H](OC)CN(C)C2=O,10.079,0.23913325190343737,0.24385459115849945,0.030882035303064465,0.21297255585543498,0.13618386802517662
correct_CP,CCC(=O)Nc1ccc2c(c1)OC[C@@H](C)N(Cc1cncnc1)C[C@H](C)[C@H](OC)CN(C)C2=O,9.97511,-0.08482834648630887,-0.08503270015290587,-0.03684282990383895,-0.04818987024906692,-0.015379797631383578
correct_CP,CCC(=O)Nc1ccc2c(c1)OC[C@@H](C)N(Cc1nccs1)C[C@H](C)[C@@H](OC)CN(C)C2=O,9.98046,-0.23042204309909411,-0.23463512866138075,-0.1919062322058302,-0.04272889645555056,0.5707929967301835
correct_CP,CCC(=O)Nc1ccc2c(c1)OC[C@H](C)N(C(=O)CC1CC1)C[C@H](C)[C@H](OC)CN(C)C2=O,9.9845,-0.042129771082933906,-0.042154723285412414,0.02708099821580904,-0.06923572150122145,0.24035414088634108
correct_CP,CCC(=O)Nc1ccc2c(c1)OC[C@H](C)N(C(=O)COC)C[C@@H](C)[C@H](OC)CN(C)C2=O,10.0096,0.18506414421392053,0.1872213883280196,-0.015986639531475836,0.20320802785949543,0.09810040771566007
correct_CP,CCC(=O)Nc1ccc2c(c1)OC[C@H](C)N(C(=O)c1cnccn1)C[C@H](C)[C@H](OC)CN(C)C2=O,9.94973,0.4768090104387247,0.5188461934240831,-0.03606533922186063,0.5549115326459437,0.13609275401757331
correct_CP,CCC(=O)Nc1ccc2c(c1)OC[C@H](C)N(CC1CCCCC1)C[C@@H](C)[C@H](OC)CN(C)C2=O,9.97762,0.2324911069528456,0.23682131200519346,-0.009917872021019973,0.24673918402621345,0.14362321530222424
correct_CP,CCC(=O)Nc1ccc2c(c1)OC[C@H](C)N(CCc1ccccc1)C[C@@H](C)[C@@H](OC)CN(C)C2=O,10.0737,-0.008268968722887123,-0.00826915719652384,-0.030653623475278613,0.022384466278754775,0.07157479452264101
correct_CP,CCC(=O)Nc1ccc2c(c1)OC[C@H](C)N(CCc1ccccc1)C[C@H](C)[C@H](OC)CN(C)C2=O,10.0097,0.34046679133308283,0.35462042941342475,-0.012885010291321242,0.367505439704746,0.40847586002462394
correct_CP,CCC(=O)Nc1ccc2c(c1)OC[C@H](C)N(Cc1ccccc1)C[C@@H](C)[C@@H](OC)CN(C)C2=O,10.0995,-0.0025386739342369456,-0.0025386793880619214,0.025451806013236558,-0.02799048540129848,-0.013852880293731709
correct_CP,CCC(=O)Nc1ccc2c(c1)OC[C@H](C)N(Cc1cncnc1)C[C@H](C)[C@H](OC)CN(C)C2=O,10.0329,0.042379493809801286,0.04240489267952536,-0.0017110305064563071,0.04411592318598167,-0.0938789545286806
correct_CP,CCC(=O)Nc1ccc2c(c1)OC[C@H](C)N(Cc1nccs1)C[C@@H](C)[C@@H](OC)CN(C)C2=O,10.0395,0.3155779654842241,0.326728314327212,0.058435071052101335,0.26829324327511067,-0.02763919594593981
correct_CP,CCC(=O)Nc1cccc(-c2csc(-c3ccccc3)n2)c1,10.0,0.509206138637564,0.5616574251063451,-0.07364569192533701,0.6353031170316821,-0.060001046651232126
correct_CP,CCC(=O)O[C@H]1[C@H](O[C@@H]2[C@@H](C)[C@H](O[C@H]3C[C@@](C)(OC)[C@@H](O)[C@H](C)O3)[C@@H](C)C(=O)O[C@H](CC)[C@@](C)(O)[C@H](O)[C@@H](C)C(=O)[C@H](C)C[C@@]2(C)O)O[C@H](C)C[C@@H]1N(C)C,10.0,0.5315760735959332,0.5923394430450978,0.009680657572337251,0.5826587854727605,0.49532795175665656
correct_CP,CCC(=O)Oc1ccc(NC(=O)c2ccco2)cc1,10.0,0.05165994742629301,0.05170597698476461,0.14805544346445593,-0.09634946647969131,0.07720214725317917
correct_CP,CCC(C(=O)N1CCc2cc(OC)c(OC)cc2C1)c1ccccc1,10.0,0.002174207990303199,0.0021742114162707042,0.13848639614815603,-0.13631218473188533,-0.0649283133210287
correct_CP,CCC(C)C(=O)O[C@H]1C[C@H](O)C=C2C=C[C@H](C)[C@H](CC[C@@H](O)C[C@@H](O)CC(=O)O)C21,10.0,0.15928006959832178,0.16064793850016662,-0.051666131296591304,0.21231406979675793,0.18533188207487772
correct_CP,CCC(NC(=O)Nc1nnc(C(F)(F)F)s1)(C(F)(F)F)C(F)(F)F,10.0,0.5096913801160569,0.5623127477759267,-0.051713527652017865,0.6140262754279445,0.19448510017992215
correct_CP,CCC1(c2ccccc2)C(=O)NCNC1=O,10.0,-0.02447714439570561,-0.02448203448909324,0.007161478675885374,-0.03164351316497861,-0.04973728164001977
correct_CP,CCC1=Nc2cc(C(=O)NCc3cccnc3)ccc2Sc2ccc(C)cc21,10.0,0.15189374204475878,0.15307833352940461,0.12407020138100941,0.029008132148395205,-0.08526849108821438
correct_CP,CCC1Oc2ccc(C)cc2N(CC(=O)N(Cc2cccnc2)Cc2ccc(C)o2)C1=O,10.0,0.28287868063812927,0.2908083852994993,0.019372407326869026,0.2714359779726303,0.21032102249571683
correct_CP,CCCC#Cc1ccc([C@@H]2[C@@H](C#N)N(S(C)(=O)=O)[C@H]2CO)cc1,10.2615,0.31432294835981833,0.3253350985896564,-0.12852860664204713,0.45386370523170355,0.2533181532724331
correct_CP,CCCC#Cc1ccc([C@@H]2[C@@H](CO)N(S(C)(=O)=O)[C@H]2C#N)cc1,10.0521,0.07128174312294676,0.07140284210368514,0.022155002794551994,0.049247839309133144,0.010610842635135426
correct_CP,CCCC#Cc1ccc([C@H]2[C@@H](C#N)N(S(C)(=O)=O)[C@H]2CO)cc1,9.87547,0.2873832424760195,0.2957115870217764,0.12946039786383712,0.1662511891579393,0.0018185532431442553
correct_CP,CCCC#Cc1ccc2c(c1)O[C@@H](CN(C)C(=O)CN(C)C)[C@@H](C)CN([C@@H](C)CO)S2(=O)=O,10.0657,0.13878327126254658,0.13968473764231903,0.022023619162972338,0.1176611184793467,0.01682932173108964
correct_CP,CCCC#Cc1ccc2c(c1)O[C@H](CN(C)C(=O)Nc1ccccc1F)[C@@H](C)CN([C@H](C)CO)S2(=O)=O,10.0701,-0.017153838357966508,-0.017155521184575546,0.011795234350562544,-0.028950755535138088,0.05568474984734526
correct_CP,CCCC#Cc1ccc2c(c1)O[C@H](CN(C)CC1CCOCC1)[C@@H](C)CN([C@@H](C)CO)S2(=O)=O,10.0627,0.2956507322240178,0.3047469958595229,0.19244322477266124,0.11230377108686168,0.012630431508699996
correct_CP,CCCC#Cc1ccc2c(c1)O[C@H](CN(C)CC1CCOCC1)[C@@H](C)CN([C@H](C)CO)S2(=O)=O,10.0112,0.10493303119594838,0.10532073295389457,0.031896874343653236,0.07342385861024134,0.08290707643490906
correct_CP,CCCC#Cc1cnc2c(c1)C(=O)N([C@@H](C)CO)C[C@@H](C)[C@@H](CN(C)C(=O)Nc1cccc(F)c1)O2,10.0012,-0.04801570930421069,-0.048052660638744395,-0.06448177504044439,0.016429114401699994,0.0018657461206014053
correct_CP,CCCC#Cc1cnc2c(c1)C(=O)N([C@@H](C)CO)C[C@@H](C)[C@H](CN(C)C(=O)Nc1cccc(F)c1)O2,9.98406,-0.03942022050433808,-0.03944065863061485,0.07008546785781129,-0.10952612648842613,-0.12912533885561756
correct_CP,CCCC#Cc1cnc2c(c1)C(=O)N([C@@H](C)CO)C[C@@H](C)[C@H](CN(C)S(=O)(=O)c1cn(C)cn1)O2,10.0467,0.06691794379488195,0.06701809946581554,-0.029132625128773577,0.09615072459458912,0.37772460538704844
correct_CP,CCCC#Cc1cnc2c(c1)C(=O)N([C@@H](C)CO)C[C@H](C)[C@@H](CN(C)C(=O)Nc1cccc(F)c1)O2,10.0698,0.07753839223996473,0.07769434737397325,0.035890031255313065,0.04180431611866019,0.03663653951641284
correct_CP,CCCC#Cc1cnc2c(c1)C(=O)N([C@@H](C)CO)C[C@H](C)[C@@H](CN(C)C(=O)c1ccccc1)O2,9.99578,0.28243332842094865,0.2903243623393764,0.10034733803120062,0.1899770243081758,0.25491629294481793
correct_CP,CCCC#Cc1cnc2c(c1)C(=O)N([C@@H](C)CO)C[C@H](C)[C@@H](CN(C)S(=O)(=O)c1cn(C)cn1)O2,10.056,-0.17058676423311156,-0.1722709520210865,-0.04123456584586687,-0.13103638617521962,-0.04769814397329495
correct_CP,CCCC#Cc1cnc2c(c1)C(=O)N([C@@H](C)CO)C[C@H](C)[C@H](CN(C)C(=O)Nc1cccc(F)c1)O2,10.0948,-0.1776652639165037,-0.1795708169434473,-0.05657807909236719,-0.1229927378510801,-0.12664075028962818
correct_CP,CCCC#Cc1cnc2c(c1)C(=O)N([C@@H](C)CO)C[C@H](C)[C@H](CN(C)Cc1ccccc1F)O2,10.0558,0.006899168502997977,0.006899277969541461,0.02578102392771585,-0.01888174595817439,0.00981692871441641
correct_CP,CCCC#Cc1cnc2c(c1)C(=O)N([C@H](C)CO)C[C@@H](C)[C@@H](CN(C)S(=O)(=O)c1cccc(OC)c1)O2,10.0147,0.02235296451298272,0.022356688553150077,0.03622801546763464,-0.013871326914484564,0.15120049935770385
correct_CP,CCCC#Cc1cnc2c(c1)C(=O)N([C@H](C)CO)C[C@@H](C)[C@H](CN(C)C(=O)CCN1CCCCC1)O2,10.0107,0.18836699503685633,0.19064354846720646,-0.0019163394325018733,0.19255988789970835,-0.0023579518860271714
correct_CP,CCCC#Cc1cnc2c(c1)C(=O)N([C@H](C)CO)C[C@H](C)[C@@H](CN(C)C(=O)c1ccccc1)O2,10.0087,-0.2055605620730297,-0.20853158903676555,-0.007335762571070867,-0.20119582646569467,-0.013259777286786619
correct_CP,CCCC#Cc1cnc2c(c1)C(=O)N([C@H](C)CO)C[C@H](C)[C@@H](CN(C)S(=O)(=O)c1cccc(OC)c1)O2,9.98846,0.3672604078242263,0.385252681848316,-0.008304292378373056,0.39355697422668906,0.21736473169211185
correct_CP,CCCC#Cc1cnc2c(c1)C(=O)N([C@H](C)CO)C[C@H](C)[C@@H](CN(C)S(=O)(=O)c1cn(C)cn1)O2,10.0333,0.3895946179093273,0.4113220222740791,-0.04149521450482849,0.4528172367789076,0.09418285642891722
correct_CP,CCCC#Cc1cnc2c(c1)C(=O)N([C@H](C)CO)C[C@H](C)[C@H](CN(C)C(=O)c1ccccc1)O2,10.0324,0.4181908069185153,0.4454973557960468,0.016950019069974804,0.42854733672607204,0.278851036759558
correct_CP,CCCC(=O)NC(=S)N1CCN(c2ccc([N+](=O)[O-])cc2)CC1,10.0,0.1130245610675878,0.113509563297203,0.0460474329329683,0.06746213036423471,0.14695131539500023
correct_CP,CCCC(=O)Nc1ccc2c(c1)C(=O)N(C)C[C@@H](OC)[C@@H](C)CN(C(=O)C1CCCC1)[C@H](C)CO2,10.0395,0.6020536380553344,0.6963621908904679,0.13938144849419504,0.5569807423962729,0.2943704640393676
correct_CP,CCCC(=O)Nc1ccc2c(c1)C(=O)N(C)C[C@@H](OC)[C@@H](C)CN(C(=O)CC1CC1)[C@H](C)CO2,10.0192,-0.43613037191744186,-0.4674422324175396,0.08975176185482342,-0.557193994272363,0.2034679304110481
correct_CP,CCCC(=O)Nc1ccc2c(c1)C(=O)N(C)C[C@@H](OC)[C@@H](C)CN(C(=O)c1ccccc1F)[C@H](C)CO2,10.0092,0.4216449668254743,0.4496909915648962,0.0496047390812504,0.4000862524836458,0.08927607997505677
correct_CP,CCCC(=O)Nc1ccc2c(c1)C(=O)N(C)C[C@@H](OC)[C@@H](C)CN(C(=O)c1ccccn1)[C@@H](C)CO2,10.031,0.32126214908925294,0.3330538802064369,-0.035034497107509256,0.36808837731394617,0.03984191320170221
correct_CP,CCCC(=O)Nc1ccc2c(c1)C(=O)N(C)C[C@@H](OC)[C@@H](C)CN(C(=O)c1ccccn1)[C@H](C)CO2,10.082,0.4771280033632264,0.5192591287007966,0.04930496338819486,0.46995416531260176,0.10756741798227014
correct_CP,CCCC(=O)Nc1ccc2c(c1)C(=O)N(C)C[C@@H](OC)[C@@H](C)CN(C)[C@@H](C)CO2,9.85625,0.06736428314072028,0.06746645999672471,0.13973211614257103,-0.07226565614584632,-0.24286105232118654
correct_CP,CCCC(=O)Nc1ccc2c(c1)C(=O)N(C)C[C@@H](OC)[C@@H](C)CN(CC1CCCC1)[C@@H](C)CO2,9.99451,0.08577335817310985,0.08598463843969643,0.03344992893185937,0.05253470950783706,-0.007704729863803248
correct_CP,CCCC(=O)Nc1ccc2c(c1)C(=O)N(C)C[C@@H](OC)[C@@H](C)CN(CCc1ccccc1)[C@@H](C)CO2,10.0459,0.08769353679357061,0.08791937207578349,0.04215922472248733,0.04576014735329616,0.18023300876721715
correct_CP,CCCC(=O)Nc1ccc2c(c1)C(=O)N(C)C[C@@H](OC)[C@@H](C)CN(CCc1ccccc1)[C@H](C)CO2,10.0584,0.5611662092318325,0.6345338291582309,0.06471186050581706,0.5698219686524137,0.5134221486364847
correct_CP,CCCC(=O)Nc1ccc2c(c1)C(=O)N(C)C[C@@H](OC)[C@@H](C)CN(Cc1cncnc1)[C@H](C)CO2,10.047,0.17977277629102134,0.18174786624760736,-0.013357227466562583,0.19510509371416995,0.5756180243856657
correct_CP,CCCC(=O)Nc1ccc2c(c1)C(=O)N(C)C[C@@H](OC)[C@@H](C)CN(Cc1nccs1)[C@H](C)CO2,10.0368,0.23638684353386344,0.24094362401283262,-0.004082261870761945,0.24502588588359456,0.27289455310344946
correct_CP,CCCC(=O)Nc1ccc2c(c1)C(=O)N(C)C[C@@H](OC)[C@H](C)CN(C(=O)c1ccccc1F)[C@H](C)CO2,10.0205,0.2637227078994639,0.2701051853163544,0.0914895392693974,0.178615646046957,0.1132394342941328
correct_CP,CCCC(=O)Nc1ccc2c(c1)C(=O)N(C)C[C@@H](OC)[C@H](C)CN(C(=O)c1ccncc1)[C@H](C)CO2,10.346,0.19683074727504687,0.1994334154472873,-0.05318741884529518,0.2526208342925825,-0.2463929560975405
correct_CP,CCCC(=O)Nc1ccc2c(c1)C(=O)N(C)C[C@@H](OC)[C@H](C)CN(C(C)=O)[C@@H](C)CO2,9.95139,-0.07231827220207476,-0.07244474252591002,0.12486101138196147,-0.19730575390787147,-0.204979365463926
correct_CP,CCCC(=O)Nc1ccc2c(c1)C(=O)N(C)C[C@@H](OC)[C@H](C)CN(C)[C@@H](C)CO2,10.0758,0.08705336639484017,0.08727427692048917,0.05228727776086116,0.03498699915962801,-0.013125713331912377
correct_CP,CCCC(=O)Nc1ccc2c(c1)C(=O)N(C)C[C@@H](OC)[C@H](C)CN(CCC(F)(F)F)[C@@H](C)CO2,10.081781,-0.019243681467036557,-0.019246057430376665,-0.009790808989441804,-0.009455248440934861,0.45904236971532214
correct_CP,CCCC(=O)Nc1ccc2c(c1)C(=O)N(C)C[C@H](OC)[C@@H](C)CN(C(=O)C1CCCC1)[C@@H](C)CO2,9.98859,0.32942425672820014,0.3421822880577217,0.012473757006635083,0.32970853105108666,0.07573838045807291
correct_CP,CCCC(=O)Nc1ccc2c(c1)C(=O)N(C)C[C@H](OC)[C@@H](C)CN(C(=O)c1ccccn1)[C@@H](C)CO2,10.04,0.08407023617826775,0.08426914436959242,-0.0329196682923682,0.11718881266196061,0.23699690282653013
correct_CP,CCCC(=O)Nc1ccc2c(c1)C(=O)N(C)C[C@H](OC)[C@@H](C)CN(C(C)=O)[C@@H](C)CO2,10.0026,0.39612256761044395,0.41904141389049643,0.026415976111954283,0.39262543777854214,-0.04348670054021874
correct_CP,CCCC(=O)Nc1ccc2c(c1)C(=O)N(C)C[C@H](OC)[C@@H](C)CN(Cc1ccccc1)[C@@H](C)CO2,9.96518,0.13276757192000824,0.13355603602837107,0.08215435464407686,0.05140168138429421,0.04072417252090911
correct_CP,CCCC(=O)Nc1ccc2c(c1)C(=O)N(C)C[C@H](OC)[C@H](C)CN(C(=O)c1cnccn1)[C@H](C)CO2,9.94223,0.3251594222010118,0.3374057839430141,0.14987063857051786,0.18753514537249627,0.17280728075214258
correct_CP,CCCC(=O)Nc1ccc2c(c1)C(=O)N(C)C[C@H](OC)[C@H](C)CN(C(C)=O)[C@H](C)CO2,10.062,0.11761990107072635,0.11816685020708459,0.07984699863988398,0.03831985156720061,0.15729210813096248
correct_CP,CCCC(=O)Nc1ccc2c(c1)C(=O)N(C)C[C@H](OC)[C@H](C)CN(CC1CCCC1)[C@H](C)CO2,9.99209,-0.09416921462618083,-0.09444906434674571,0.019628924283184395,-0.11407798862993011,0.025475769344575256
correct_CP,CCCC(=O)Nc1ccc2c(c1)C(=O)N(C)C[C@H](OC)[C@H](C)CN(CCC(F)(F)F)[C@@H](C)CO2,10.058555,-0.24840765270521245,-0.25371502739326945,-9.771448402368793e-05,-0.2536173129092458,0.39748570711311826
correct_CP,CCCC(=O)Nc1ccc2c(c1)C(=O)N(C)C[C@H](OC)[C@H](C)CN(Cc1ccccc1F)[C@H](C)CO2,10.0368,0.3407631272758194,0.35495565810702,0.051298855314417954,0.30365680279260204,0.2767779397607801
correct_CP,CCCC(=O)Nc1ccc2c(c1)C(=O)N(C)C[C@H](OC)[C@H](C)CN(Cc1nccs1)[C@@H](C)CO2,10.0897,0.21211858077349177,0.21538870272315727,0.04295052825001515,0.17243817447314214,-0.3882450289486965
correct_CP,CCCC(=O)Nc1ccc2c(c1)C(=O)N(C)C[C@H](OC)[C@H](C)CN(Cc1nccs1)[C@H](C)CO2,9.93833,-0.043336078324658425,-0.04336323754609979,0.047694290224205425,-0.09105752777030521,-0.1228493379295143
correct_CP,CCCC(=O)Nc1ccc2c(c1)C(=O)N(C)[C@@H]1CC[C@@H](CC(=O)NCc3cccc(F)c3)O[C@@H]1CO2,10.342,-0.10219183058751069,-0.1025498119162747,-0.09159449289411187,-0.010955319022162832,0.27464108272966564
correct_CP,CCCC(=O)Nc1ccc2c(c1)C(=O)N(C)[C@@H]1CC[C@@H](CC(=O)NCc3cccc(F)c3)O[C@H]1CO2,9.78312,0.5921656342221884,0.6809946384212602,0.05095539915483521,0.6300392392664249,-0.3836566499405172
correct_CP,CCCC(=O)Nc1ccc2c(c1)C(=O)N(C)[C@H]1CC[C@H](CC(=O)NCc3cccc(F)c3)O[C@@H]1CO2,10.0116,0.5478460500098998,0.615298439570373,0.003276531746247287,0.6120219078241257,0.006246831243871416
correct_CP,CCCC(=O)Nc1ccc2c(c1)C(=O)N(C)[C@H]1CC[C@H](CC(=O)NCc3cccc(F)c3)O[C@H]1CO2,9.90194,0.2886776513001532,0.2971230971673615,0.039268408522665034,0.25785468864469646,-0.19101806739874128
correct_CP,CCCC(=O)Nc1ccc2c(c1)OC[C@@H](C)N(C(=O)c1cccnc1)C[C@H](C)[C@H](OC)CN(C)C2=O,10.0663,0.11688479722422347,0.11742149915436481,0.002197915797456219,0.11522358335690859,-0.24291242802596402
correct_CP,CCCC(=O)Nc1ccc2c(c1)OC[C@@H](C)N(Cc1ccccn1)C[C@@H](C)[C@@H](OC)CN(C)C2=O,10.006,-0.39935298009674824,-0.4228789055000166,-0.05722230503575465,-0.36565660046426196,0.13571589053536168
correct_CP,CCCC(=O)Nc1ccc2c(c1)OC[C@@H](C)N(Cc1ccccn1)C[C@H](C)[C@@H](OC)CN(C)C2=O,9.98359,0.27576683354086545,0.2830946606071548,-0.04944141543924335,0.3325360760463982,0.2555746268748066
correct_CP,CCCC(=O)Nc1ccc2c(c1)OC[C@@H](C)N(Cc1ccncc1)C[C@@H](C)[C@@H](OC)CN(C)C2=O,10.0113,-0.05985737201450601,-0.05992901384806475,0.006745387194323178,-0.06667440104238792,0.1478119040865379
correct_CP,CCCC(=O)Nc1ccc2c(c1)OC[C@@H](C)N(S(=O)(=O)c1cn(C)cn1)C[C@H](C)[C@@H](OC)CN(C)C2=O,10.0162,0.2698998583809449,0.276755809820489,0.050850290612662635,0.22590551920782634,0.11746876176837798
correct_CP,CCCC(=O)Nc1ccc2c(c1)OC[C@H](C)N(C(=O)CN(C)C)C[C@H](C)[C@@H](OC)CN(C)C2=O,10.0698,0.34728772855157874,0.36235617701150497,-0.021552221852273033,0.383908398863778,-0.04467974778149151
correct_CP,CCCC(=O)Nc1ccc2c(c1)OC[C@H](C)N(Cc1ccc(-c3ccccn3)cc1)C[C@@H](C)[C@@H](OC)CN(C)C2=O,9.94223,-0.054056374253644325,-0.05410911931911902,-0.01781214866536388,-0.036296970653755145,0.013010352184736122
correct_CP,CCCC(=O)Nc1ccc2c(c1)OC[C@H](C)N(Cc1ccc(-c3ccccn3)cc1)C[C@@H](C)[C@H](OC)CN(C)C2=O,10.0194,-0.19334711221950632,-0.19581194406987457,0.04886868489111392,-0.2446806289609885,0.3468149614791846
correct_CP,CCCC(=O)Nc1ccc2c(c1)OC[C@H](C)N(Cc1ccc(-c3ccccn3)cc1)C[C@H](C)[C@H](OC)CN(C)C2=O,9.95711,0.3937739836688595,0.4162587811478292,-0.020921779049147413,0.43718056019697665,-0.27199525162954225
correct_CP,CCCC(=O)Nc1ccc2c(c1)OC[C@H](C)N(Cc1ccncc1)C[C@@H](C)[C@@H](OC)CN(C)C2=O,10.0911,-0.23164653514438352,-0.23592866583506034,0.0241280328393511,-0.26005669867441145,-0.009435256032463838
correct_CP,CCCC(=O)Nc1ccc2c(c1)OC[C@H](C)NC[C@@H](C)[C@@H](OC)CN(C)C2=O,10.0893,0.2933777800900431,0.30225816437082875,0.0027233883058255725,0.29953477606500317,-0.11281334546696636
correct_CP,CCCC(=O)Nc1ccc2c(c1)OC[C@H](C)NC[C@@H](C)[C@H](OC)CN(C)C2=O,10.0224,0.15832419846096263,0.1596673383913866,-0.027711484543058218,0.18737882293444483,0.17965878993238468
correct_CP,CCCC(O)C#Cc1cnc2c(c1)C(=O)N([C@H](C)CO)C[C@H](C)[C@H](CN(C)C(=O)NC1CCCCC1)O2,10.1217,0.4220284934756823,0.45015753849093754,0.04154864231406235,0.4086088961768752,-0.1919681993800637
correct_CP,CCCC(O)C#Cc1cnc2c(c1)C(=O)N([C@H](C)CO)C[C@H](C)[C@H](CN(C)Cc1ccc(F)cc1)O2,9.8853,0.6584612671643043,0.7900922058372705,-0.09041631156136648,0.8805085173986369,0.1816639082407896
correct_CP,CCCCC(=O)N(Cc1ccc(-c2ccccc2-c2nn[nH]n2)cc1)[C@H](C(=O)O)C(C)C,10.0,0.3331918829070807,0.3464144669896168,0.06693787794647105,0.27947658904314576,-0.044716413608724
correct_CP,CCCCC(=O)NCCc1c(Cc2ccccc2)[nH]c2ccccc12,10.0,-0.22273635594300975,-0.22653346890034753,-0.06281324759248473,-0.1637202213078628,0.10564287031824869
correct_CP,CCCCC(=O)Nc1ccc2c(c1)nc1n2CCSC1,10.0,0.31281382769492655,0.32366141201155146,0.05940088586816619,0.26426052614338524,0.19322213127892315
correct_CP,CCCCC(=O)Oc1ccccc1C(=O)O,10.0,0.2774718696574546,0.2849409740194967,0.07524587838635369,0.209695095633143,-0.05351611019921711
correct_CP,CCCCC(Sc1nc(C)c(Cc2ccccc2)c(O)n1)C(=O)O,10.0,0.5099126508979062,0.5626117211784976,0.12772534253795453,0.434886378640543,0.07056015743502442
correct_CP,CCCCCC=CCC=CCC=CCC=CCCCC(=O)NCCCC(=O)O,10.0,0.09805959429162503,0.09837572354362124,-0.03478676627545125,0.1331624898190725,0.11000053987197567
correct_CP,CCCCCCCCCc1ccc(O)cc1,10.0,0.21020133531569546,0.21338197971093165,0.002825162367284079,0.21055681734364756,0.10240009954277221
correct_CP,CCCCCCCCc1n[nH]c(S)n1,10.0,0.3107731144035649,0.3214009460148506,-0.052577166145183124,0.37397811216003374,-0.12072722312133408
correct_CP,CCCCCCN(CCCCCC)C(=O)Cc1c(-c2ccc(Cl)cc2)[nH]c2ccc(Cl)cc12,10.0,0.27535806618008185,0.28265230295889937,0.06247170752287304,0.22018059543602633,-0.0012684043763545733
correct_CP,CCCCC[C@H](O)/C=C/[C@H]1[C@H](O)CC(=O)[C@@H]1CCCCCCC(=O)O,10.0,0.35009367348210113,0.3655505086673809,-0.030035176355778757,0.39558568502315966,0.27081005545616915
correct_CP,CCCCCn1c(=O)c(-c2nc3ccccc3[nH]2)c(O)c2ccccc21,10.0,0.5015644408926001,0.5513942463639803,0.0015479073794733627,0.5498463389845069,0.10852304885578519
correct_CP,CCCCCn1c(=O)c(C(=O)NC(C)c2ccccc2)c(O)c2ccccc21,10.0,0.4765191683036224,0.5184711346939974,-0.1101011948399738,0.6285723295339712,-0.03739589224967127
correct_CP,CCCCCn1c(SCCc2ccccc2)nc2c1c(=O)[nH]c(=O)n2C,10.0,0.20813653934602058,0.2112227112896994,0.09858284569704348,0.11263986559265593,0.33720190800400085
correct_CP,CCCCN(C)CCOc1ccccc1OCC,10.0,0.46417144806043276,0.5026152764384751,-0.07896108591807646,0.5815763623565516,0.2268041722757099
correct_CP,CCCCN1C(=O)[C@H]2Cc3c([nH]c4ccccc34)[C@H](c3ccc(OC)cc3)N2C1=O,10.0,-0.06249657398227803,-0.06257813202465677,0.08461578841038726,-0.14719392043504403,0.039703589362981184
correct_CP,CCCCc1c(-c2ccc(OC)cc2)[nH]c2nccnc12,10.0,-0.025454381355476584,-0.025459881008165985,0.002159673559950737,-0.02761955456811672,-0.10092175222835491
correct_CP,CCCCn1c(S)nnc1-c1csc(CC)c1,10.0,0.11518353320094325,0.11569701638142378,0.06434587405188617,0.05135114232953761,-0.10442734956343402
correct_CP,CCCCn1c(S)nnc1Cc1ccccc1,10.0,-0.05846391043639006,-0.05853065782031425,0.015031207123059321,-0.07356186494337356,0.2209927462578391
correct_CP,CCCCn1c(SCN2C(=O)c3ccccc3C2=O)nc2cc(S(N)(=O)=O)ccc21,10.0,-0.11491858924432292,-0.11542851838315919,-0.09870029253408208,-0.016728225849077114,0.01741292017302934
correct_CP,CCCN(C)C[C@@H]1OCCCC[C@@H](C)Oc2ccc(NC(=O)CCC(F)(F)F)cc2C(=O)N([C@@H](C)CO)C[C@@H]1C,10.0451,-0.23556377434236075,-0.24007202006430017,-0.02480668820122554,-0.21526533186307464,-0.12146798280195105
correct_CP,CCCN(C)C[C@@H]1OCCCC[C@@H](C)Oc2ccc(NC(=O)NC3CCCCC3)cc2C(=O)N([C@H](C)CO)C[C@@H]1C,10.2564,-0.056609478669956276,-0.05667006607817984,0.05089253701965152,-0.10756260309783136,-0.0846267720075736
correct_CP,CCCN(C)C[C@@H]1OCCCC[C@@H](C)Oc2ccc(NS(=O)(=O)c3ccc(Cl)cc3)cc2C(=O)N([C@H](C)CO)C[C@@H]1C,10.223,0.23098054190765074,0.235225023513371,0.03448256181866724,0.20074246169470375,0.05137033314550986
correct_CP,CCCN(C)C[C@@H]1OCCCC[C@@H](C)Oc2ccc(NS(=O)(=O)c3ccc(OC)cc3)cc2C(=O)N([C@H](C)CO)C[C@@H]1C,10.4149,0.011503188317774297,0.011503695738166316,-0.03967649273122535,0.051180188469391666,0.24846208212591187
correct_CP,CCCN(C)C[C@@H]1OCCCC[C@@H](C)Oc2ccc(NS(C)(=O)=O)cc2C(=O)N([C@@H](C)CO)C[C@@H]1C,10.021,-0.10447076777124539,-0.10485334579448763,-0.016523064218141703,-0.08833028157634593,-0.3673598353818393
correct_CP,CCCN(C)C[C@@H]1OCCCC[C@@H](C)Oc2ccc(NS(C)(=O)=O)cc2C(=O)N([C@H](C)CO)C[C@@H]1C,9.82179,0.1757817730500341,0.17762660536354302,0.021762355582880907,0.1558642497806621,-0.04760704754096523
correct_CP,CCCN(C)C[C@@H]1OCCCC[C@H](C)Oc2ccc(N(C)C)cc2C(=O)N([C@H](C)CO)C[C@@H]1C,10.0948,-0.011345169038886984,-0.011345655832868222,-0.009375558281206012,-0.0019700975516622095,-0.049564547296662875
correct_CP,CCCN(C)C[C@@H]1OCCCC[C@H](C)Oc2ccc(NS(C)(=O)=O)cc2C(=O)N([C@@H](C)CO)C[C@H]1C,9.90925,0.5192130859748276,0.5752618037118131,0.021860278873170887,0.5534015248386422,-0.2620218861090478
correct_CP,CCCN(C)C[C@@H]1Oc2cc(C#Cc3cccc(OC)c3)ccc2S(=O)(=O)N([C@@H](C)CO)C[C@@H]1C,10.0218,0.16511066923036316,0.16663608923454776,0.06275678149931144,0.10387930773523632,0.014739566187370004
correct_CP,CCCN(C)C[C@@H]1Oc2ncc(-c3ccccc3)cc2C(=O)N([C@@H](C)CO)C[C@H]1C,10.0101,0.015509479008874718,0.015510722758777087,0.039974761530705304,-0.024464038771928216,0.03071337893302902
correct_CP,CCCN(C)C[C@H]1OCCCC[C@@H](C)Oc2ccc(NC(=O)CCCN(C)C)cc2C(=O)N([C@H](C)CO)C[C@@H]1C,10.3044,0.3198553620774964,0.33148597850684386,0.010369257668188442,0.3211167208386554,-0.00818991826466817
correct_CP,CCCN(C)C[C@H]1OCCCC[C@@H](C)Oc2ccc(NC(=O)Cc3ccccc3)cc2C(=O)N([C@H](C)CO)C[C@H]1C,9.97547,0.34625807054189633,0.36118577648917677,-0.03786228521669039,0.39904806170586715,-0.05806720161506431
correct_CP,CCCN(C)C[C@H]1OCCCC[C@@H](C)Oc2ccc(NC(=O)Nc3ccccc3)cc2C(=O)N([C@H](C)CO)C[C@@H]1C,9.97292,-0.36995926222913883,-0.3883759011787653,0.04455497211027662,-0.4329308732890419,0.27529734042840326
correct_CP,CCCN(C)C[C@H]1OCCCC[C@@H](C)Oc2ccc(NC(=O)c3ccccc3)cc2C(=O)N([C@@H](C)CO)C[C@H]1C,9.9644,-0.022231692481674538,-0.02223535622584645,0.030287353685441512,-0.05252270991128796,-0.22193861615843052
correct_CP,CCCN(C)C[C@H]1OCCCC[C@@H](C)Oc2ccc(NC(=O)c3ccncc3)cc2C(=O)N([C@H](C)CO)C[C@@H]1C,9.89101,-0.04516746802298206,-0.045198221061697005,-0.03753493806852644,-0.007663282993170567,0.2688094202598201
correct_CP,CCCN(C)C[C@H]1OCCCC[C@@H](C)Oc2ccc(NS(=O)(=O)c3ccc(Cl)cc3)cc2C(=O)N([C@@H](C)CO)C[C@H]1C,9.97116,0.1911427391754731,0.1935229739436192,-0.06813909689543579,0.261662070839055,0.15256322445385398
correct_CP,CCCN(C)C[C@H]1OCCCC[C@@H](C)Oc2ccc(NS(=O)(=O)c3ccc(OC)cc3)cc2C(=O)N([C@@H](C)CO)C[C@H]1C,10.106,-0.1926306869482342,-0.19506780345651448,-0.03772583867663023,-0.15734196477988424,-0.2016404145242581
correct_CP,CCCN(C)C[C@H]1OCCCC[C@@H](C)Oc2ccc(NS(=O)(=O)c3cn(C)cn3)cc2C(=O)N([C@H](C)CO)C[C@@H]1C,10.175,0.007582836944861727,0.0075829822861083005,0.0358203849338418,-0.0282374026477335,-0.03619069345805889
correct_CP,CCCN(C)C[C@H]1OCCCC[C@H](C)Oc2ccc(NC(=O)CCC(F)(F)F)cc2C(=O)N([C@@H](C)CO)C[C@H]1C,9.97595,0.04538550432825873,0.04541670525174035,0.010973177866894576,0.034443527384845775,-0.02376986305805953
correct_CP,CCCN(C)C[C@H]1OCCCC[C@H](C)Oc2ccc(NC(=O)CCCN(C)C)cc2C(=O)N([C@H](C)CO)C[C@@H]1C,10.063,0.2563427495563907,0.2621899778885566,0.07040334445221524,0.19178663343634134,0.13262539561294218
correct_CP,CCCN(C)C[C@H]1OCCCC[C@H](C)Oc2ccc(NC(=O)Nc3ccc(F)cc3)cc2C(=O)N([C@@H](C)CO)C[C@H]1C,10.0217,0.4716058436040182,0.5121334903041194,0.012247663680866362,0.499885826623253,0.4537450600881513
correct_CP,CCCN(C)C[C@H]1OCCCC[C@H](C)Oc2ccc(NC(=O)c3ccccc3)cc2C(=O)N([C@@H](C)CO)C[C@H]1C,10.0176,0.2622209951196714,0.26849190719392374,0.0335172422001085,0.23497466499381525,0.34240404241884287
correct_CP,CCCN(C)C[C@H]1OCCCC[C@H](C)Oc2ccc(NC(=O)c3ccncc3)cc2C(=O)N([C@H](C)CO)C[C@H]1C,9.8829,-0.0018303516348638184,-0.0018303536788747434,-0.026895412265107922,0.025065058586233178,0.17391356789544454
correct_CP,CCCN(C)C[C@H]1OCCCC[C@H](C)Oc2ccc(NS(=O)(=O)c3ccc(OC)cc3)cc2C(=O)N([C@@H](C)CO)C[C@H]1C,10.0628,0.10197263953697652,0.10232831266929195,-0.019764054574325906,0.12209236724361786,0.14579821284688377
correct_CP,CCCN(C)C[C@H]1OCCCC[C@H](C)Oc2ccc(NS(=O)(=O)c3ccc(OC)cc3)cc2C(=O)N([C@H](C)CO)C[C@H]1C,10.0927,0.16683834483251822,0.1684127067658405,0.037986849321636526,0.13042585744420399,0.05904992782250977
correct_CP,CCCN(C)C[C@H]1Oc2cc(C#CCC3CCCC3)ccc2S(=O)(=O)N([C@@H](C)CO)C[C@@H]1C,10.0208,0.09761550477327453,0.09792734202628986,0.034952708665667104,0.06297463336062276,0.08683254503478004
correct_CP,CCCN(C)C[C@H]1Oc2cc(C#CCC3CCCC3)ccc2S(=O)(=O)N([C@@H](C)CO)C[C@H]1C,10.0092,0.29597502458680736,0.3051023868032058,-0.012012493850321958,0.3171148806535277,-0.009844724324541188
correct_CP,CCCN(C)C[C@H]1Oc2ncc(-c3ccccc3)cc2C(=O)N([C@@H](C)CO)C[C@@H]1C,10.0572,0.05769365340316405,0.05775779376590881,-0.04893179217099716,0.10668958593690597,0.208687994037456
correct_CP,CCCN(CCC)CC1CCCCN1CCNC(=O)N1c2ccccc2C(=O)Nc2cccnc21,10.0,0.7454416802971775,0.9626164753749336,0.2657155718321752,0.6969009035427584,0.13774935060371624
correct_CP,CCCN(CCC)CCNC(=O)c1cc2c(C)nc3ccccc3c2o1,10.0,0.35238059868068683,0.3681592723657592,0.11301681980081324,0.25514245256494594,-0.020286242930030937
correct_CP,CCCN(CCC)CCc1cccc2c1CC(=O)N2,10.0,0.13494361177517936,0.1357717769597985,0.0050158451424259995,0.1307559318173725,-0.07013762531342413
correct_CP,CCCN(CCC)[C@@H]1CCc2c(OC)cccc2[C@@H]1C,10.0,0.2498069229525289,0.25520687363263456,0.020733792607547083,0.23447308102508746,0.13305121285820354
correct_CP,CCCN1CCO[C@@H]2c3cc(O)ccc3OC[C@H]21,10.0,0.6945996254904678,0.8567890818434875,0.1060829213221076,0.7507061605213798,0.2215563490259877
correct_CP,CCCN1CCc2cccc3c2[C@H]1Cc1ccc(O)c(O)c1-3,10.0,0.016811968972814232,0.01681355316600908,-0.0034077607106829527,0.020221313876692033,0.1403050297053921
correct_CP,CCCN1C[C@@H](C)[C@@H](OC)CN(C)C(=O)c2cc(NC(=O)Nc3ccccc3F)ccc2OC[C@@H]1C,10.0593,0.2696373689320965,0.27647271835867077,-0.022557923673191038,0.2990306420318618,0.31313227339807126
correct_CP,CCCN1C[C@@H](C)[C@@H](OC)CN(C)C(=O)c2cc(NC(=O)c3cccc(F)c3)ccc2OC[C@H]1C,10.08,0.015933177603200958,0.015934526106754575,-0.0018648484791092476,0.017799374585863822,-0.14883009359782207
correct_CP,CCCN1C[C@@H](C)[C@@H](OC)CN(C)C(=O)c2cc(NS(=O)(=O)CC)ccc2OC[C@@H]1C,9.99584,0.25323587807823517,0.2588674098726386,-0.027036621754425307,0.2859040316270639,0.03391501362686858
correct_CP,CCCN1C[C@@H](C)[C@@H](OC)CN(C)C(=O)c2cc(NS(=O)(=O)c3ccccc3)ccc2OC[C@H]1C,10.0184,0.2780881888501762,0.28560882585307734,0.031247254325832342,0.254361571527245,0.2525185937193055
correct_CP,CCCN1C[C@@H](C)[C@@H](OC)CN(C)C(=O)c2cc(NS(C)(=O)=O)ccc2OC[C@H]1C,10.0418,0.15087699418323758,0.15203773768364864,-0.0044652653480902705,0.15650300303173892,0.20268182427831938
correct_CP,CCCN1C[C@@H](C)[C@@H](OC)CN(C)C(=O)c2ccc(NC(=O)Nc3c(C)noc3C)cc2OC[C@@H]1C,10.0153,0.30331142542939343,0.3131625262440969,0.10112411798896064,0.21203840825513626,-0.11698394648287126
correct_CP,CCCN1C[C@@H](C)[C@@H](OC)CN(C)C(=O)c2ccc(NC(=O)Nc3c(C)noc3C)cc2OC[C@H]1C,9.98485,-0.061610205352747124,-0.061688337070904764,0.09144317766974633,-0.1531315147406511,-0.17756874963935948
correct_CP,CCCN1C[C@@H](C)[C@@H](OC)CN(C)C(=O)c2ccc(NS(=O)(=O)c3cn(C)cn3)cc2OC[C@@H]1C,10.099,0.3119512230255267,0.32270552952770726,-0.05287084444914486,0.3755763739768521,0.5408478179054608
correct_CP,CCCN1C[C@@H](C)[C@@H](OC)CN(C)C(=O)c2ccc(NS(=O)(=O)c3cn(C)cn3)cc2OC[C@H]1C,10.0766,0.02838641999142094,0.02839404816659131,0.012208051439586486,0.016185996727004822,-0.039222671109863425
correct_CP,CCCN1C[C@@H](C)[C@H](OC)CN(C)C(=O)c2cc(NC(=O)c3cccc(F)c3)ccc2OC[C@H]1C,10.0886,-0.5063966231917864,-0.5578717109739678,-0.0782528883962946,-0.4796188225776732,-0.07371108383494804
correct_CP,CCCN1C[C@@H](C)[C@H](OC)CN(C)C(=O)c2cc(NS(=O)(=O)CC)ccc2OC[C@@H]1C,10.061,-0.023516544642779226,-0.02352088118335324,-0.0019214552974383308,-0.02159942588591491,-0.0008357699551445907
correct_CP,CCCN1C[C@@H](C)[C@H](OC)CN(C)C(=O)c2ccc(NC(=O)c3cccc(OC)c3)cc2OC[C@H]1C,10.0605,0.1766608185263586,0.17853382361142936,-0.03604618585720475,0.21458000946863412,0.08922356430684039
correct_CP,CCCN1C[C@@H](C)[C@H](OC)CN(C)C(=O)c2ccc(NC(=O)c3ccccc3F)cc2OC[C@H]1C,10.0362,0.056533037540441464,0.05659337952810552,-0.00035466610252306123,0.05694804563062858,0.1280237432946949
correct_CP,CCCN1C[C@H](C)[C@@H](OC)CN(C)C(=O)c2cc(NC(=O)Nc3ccccc3F)ccc2OC[C@H]1C,9.93003,-0.02572801699754748,-0.025733695975966777,-0.09353895079849259,0.0678052548225258,0.18323813366443337
correct_CP,CCCN1C[C@H](C)[C@@H](OC)CN(C)C(=O)c2cc(NC(=O)c3cnccn3)ccc2OC[C@@H]1C,10.1003,0.21881801396497289,0.2224143438497433,-0.010866720621327007,0.2332810644710703,-0.02067034294833127
correct_CP,CCCN1C[C@H](C)[C@@H](OC)CN(C)C(=O)c2cc(NS(=O)(=O)CC)ccc2OC[C@H]1C,9.92847,-0.062267055064235764,-0.062347716445484536,0.049037170425448647,-0.11138488687093318,-0.04110916689282987
correct_CP,CCCN1C[C@H](C)[C@@H](OC)CN(C)C(=O)c2cc(NS(C)(=O)=O)ccc2OC[C@H]1C,10.0735,-0.06063391534893725,-0.06070838598268484,0.04538220057049937,-0.10609058655318421,-0.08062406808522438
correct_CP,CCCN1C[C@H](C)[C@@H](OC)CN(C)C(=O)c2ccc(NC(=O)Nc3c(C)noc3C)cc2OC[C@@H]1C,10.0845,0.3223719840166498,0.33429193609335073,0.060952470118423044,0.2733394659749277,-0.028538296812853366
correct_CP,CCCN1C[C@H](C)[C@@H](OC)CN(C)C(=O)c2ccc(NC(=O)c3ccc(F)cc3)cc2OC[C@@H]1C,9.9931,0.06774895476033697,0.06785289527189578,0.019265165107785615,0.048587730164110166,0.17591941232978925
correct_CP,CCCN1C[C@H](C)[C@H](OC)CN(C)C(=O)c2cc(NC(=O)C3CCC3)ccc2OC[C@H]1C,9.98569,0.015730067422846467,0.015731365005347362,0.011699583536552765,0.004031781468794597,-0.04078722409046289
correct_CP,CCCN1C[C@H](C)[C@H](OC)CN(C)C(=O)c2cc(NC(=O)c3ccccc3)ccc2OC[C@@H]1C,10.0334,0.4047285154322493,0.429290878789542,-0.01743964661313481,0.44673052540267677,0.059082433535944646
correct_CP,CCCN1C[C@H](C)[C@H](OC)CN(C)C(=O)c2cc(NS(C)(=O)=O)ccc2OC[C@@H]1C,9.96253,-0.14981655326855584,-0.15095277192659948,0.02567281498345799,-0.17662558691005747,0.04185078002409045
correct_CP,CCCN1C[C@H](C)[C@H](OC)CN(C)C(=O)c2ccc(NC(=O)Nc3c(C)noc3C)cc2OC[C@@H]1C,10.028,0.09663556907012218,0.09693807411075839,0.06625456044938101,0.03068351366137738,-0.0225570901966445
correct_CP,CCCN1C[C@H](C)[C@H](OC)CN(C)C(=O)c2ccc(NC(=O)c3ccc(F)cc3)cc2OC[C@@H]1C,9.99729,0.4503014991795782,0.48507839833725386,0.036602141692240034,0.44847625664501384,0.02942275246743653
correct_CP,CCCN1[C@@H]2Cn3c(ccc(/C=C/c4ccccc4)c3=O)[C@H]1[C@@H](C(=O)NCC)[C@@H]2CO,9.99964,0.08276148969785947,0.08295122735748799,-0.005264936724470199,0.08821616408195819,0.009215270138331353
correct_CP,CCCN1[C@@H]2c3ccc(-c4ccc(F)cc4)c(=O)n3C[C@H]1[C@H](CO)[C@H]2C(=O)NCCOC,9.98969,0.6540527140344571,0.7823486674815842,-0.015614202409749648,0.7979628698913338,0.3348626757604758
correct_CP,CCCN1[C@@H]2c3ccc(-c4cccc(F)c4)c(=O)n3C[C@@H]2[C@@H](CO)[C@@H]1C(=O)N[C@@H](C)c1ccccc1,9.95259,0.04551045346039313,0.04554191300300133,-0.005855951269227305,0.05139786427222864,0.14836004521916338
correct_CP,CCCN1[C@@H]2c3ccc(-c4ccccc4F)c(=O)n3C[C@@H]2[C@@H](CO)[C@@H]1C(=O)N1CCN(C)CC1,9.99515,0.19096944395119567,0.19334311337083335,-0.03594209637025442,0.22928520974108776,-0.19251242876195357
correct_CP,CCCN1[C@@H]2c3ccc(-c4ccccc4OC)c(=O)n3C[C@H]1[C@H](CO)[C@H]2C(=O)NCc1ccccn1,10.0351,-0.46658600890660973,-0.5056973471867214,0.0018776575735804735,-0.5075750047603019,0.31678550819296264
correct_CP,CCCN1[C@@H]2c3ccc(-c4ccncc4)c(=O)n3C[C@@H]2[C@@H](CO)[C@@H]1C(=O)NCCCN1CCOCC1,9.98945,-0.02256521737787619,-0.022569048535503802,-0.03707646392274064,0.014507415387236836,-0.3224311180880044
correct_CP,CCCN1[C@@H]2c3ccc(C4=CCCCC4)c(=O)n3C[C@@H]2[C@@H](CO)[C@@H]1C(=O)NC1Cc2ccccc2C1,10.0989,0.22692697448829185,0.23094720652949982,0.0800677000105128,0.15087950651898702,0.10320037349604907
correct_CP,CCCN1[C@@H]2c3ccc(C4=CCCCC4)c(=O)n3C[C@H]1[C@H](CO)[C@H]2C(=O)N1CCc2ccccc2C1,9.95682,-0.10318189045848128,-0.10355042290642981,0.05872564559449617,-0.16227606850092596,-0.2539470862856855
correct_CP,CCCN1[C@H](C(=O)N[C@H](C)c2ccccc2)[C@@H](CO)[C@@H]2Cn3c(ccc(-c4cccc(F)c4)c3=O)[C@@H]21,10.0514,-0.050151114341787706,-0.050193223501640384,-0.023884651860562496,-0.026308571641077888,0.12231678240744945
correct_CP,CCCN1[C@H](C(=O)OC)[C@@H](CO)[C@@H]2Cn3c(ccc(-c4cncnc4)c3=O)[C@@H]21,9.98411,0.28555935807918137,0.2937246415998622,-0.03614534236148459,0.3298699839613468,-0.13785088986640037
correct_CP,CCCNC(=O)C[C@@H]1C[C@@H]2c3cc(NS(=O)(=O)c4ccc(F)cc4)ccc3O[C@@H]2[C@@H](CO)O1,9.87212,-0.09840694325568863,-0.0987264570104212,0.029150916812745443,-0.12787737382316663,0.008936697093423578
correct_CP,CCCNC(=O)C[C@@H]1C[C@H]2c3cc(NC(=O)NC4CCCCC4)ccc3O[C@H]2[C@@H](CO)O1,9.75578,0.3175835344591763,0.3289572787066929,0.022554356418885698,0.3064029222878072,0.25490528572161386
correct_CP,CCCNC(=O)C[C@@H]1C[C@H]2c3cc(NS(=O)(=O)c4ccc(F)cc4)ccc3O[C@H]2[C@@H](CO)O1,10.0869,0.13197141411443894,0.13274567936462217,-0.06540379091029408,0.19814947027491625,0.08102927958817954
correct_CP,CCCNC(=O)C[C@H]1CC[C@@H]2[C@@H](COc3ccc(NC(=O)c4ccc5c(c4)OCO5)cc3C(=O)N2C)O1,9.90628,-0.15149833275361427,-0.1526736108812811,0.03823734203165582,-0.19091095291293692,-0.3047102990911945
correct_CP,CCCNC(=O)C[C@H]1CC[C@@H]2[C@H](COc3ccc(NC(=O)c4ccc5c(c4)OCO5)cc3C(=O)N2C)O1,9.95469,-0.21006116600390862,-0.21323533529372102,0.0035408099536555337,-0.21677614524737654,0.14131318096017692
correct_CP,CCCNC(=O)C[C@H]1C[C@@H]2c3cc(NS(=O)(=O)c4ccc(F)cc4)ccc3O[C@@H]2[C@H](CO)O1,10.1059,0.12543876386763467,0.12610296737905288,-0.028183708487131233,0.1542866758661841,0.2910102690560116
correct_CP,CCCNC(=O)N(C)C[C@@H]1Oc2ncc(Br)cc2C(=O)N([C@H](C)CO)C[C@@H]1C,10.0087,0.7180642726377412,0.9036371926763211,0.17603119623793345,0.7276059964383876,0.26521795845226614
correct_CP,CCCNC(=O)N(C)C[C@@H]1Oc2ncc(C#CCc3ccccc3)cc2C(=O)N([C@@H](C)CO)C[C@H]1C,9.98717,0.2856830277953833,0.2938592963814538,0.017276268879586467,0.27658302750186736,0.07472814395380657
correct_CP,CCCNC(=O)N(C)C[C@H]1Oc2cc(-c3cncnc3)ccc2S(=O)(=O)N([C@H](C)CO)C[C@H]1C,10.0918,0.6746219872120889,0.8191775584044261,0.19302552484565666,0.6261520335587694,-0.31359746918374637
correct_CP,CCCNC(=O)N(C)C[C@H]1Oc2ncc(-c3ccccc3F)cc2C(=O)N([C@@H](C)CO)C[C@H]1C,10.0869,0.4148665761460437,0.44147530848224253,0.04321524871359657,0.398260059768646,-0.0775908890082894
correct_CP,CCCNC(=O)N(C)C[C@H]1Oc2ncc(C#CC3(O)CCCC3)cc2C(=O)N([C@H](C)CO)C[C@@H]1C,10.1181,-0.3215673512491103,-0.3333942445385224,0.10793825352586665,-0.44133249806438907,-0.1674138037863379
correct_CP,CCCNC(=O)N(C)C[C@H]1Oc2ncc(C3=CCCC3)cc2C(=O)N([C@@H](C)CO)C[C@@H]1C,10.0488,-0.07013451496647438,-0.07024984926968238,0.04079014740592144,-0.11103999667560382,-0.0026874937668513385
correct_CP,CCCNC(=O)N1C[C@@H](C)[C@@H](OC)CN(C)C(=O)c2cc(NS(C)(=O)=O)ccc2OC[C@H]1C,9.95626,0.002888987220859483,0.0028889952583001973,-0.06113988525893188,0.06402888051723207,0.24539862692655479
correct_CP,CCCNC(=O)N1C[C@@H](C)[C@@H](OC)CN(C)C(=O)c2ccc(NC(=O)CC)cc2OC[C@@H]1C,10.0454,0.33443806147063926,0.3478169251549915,0.08137095980462339,0.26644596535036813,-0.18083145896444713
correct_CP,CCCNC(=O)N1C[C@@H](C)[C@@H](OC)CN(C)C(=O)c2ccc(NS(=O)(=O)CC(F)(F)F)cc2OC[C@H]1C,10.1025,0.13027836151493372,0.13102300715325965,0.00780459001253216,0.1232184171407275,0.012826260239984972
correct_CP,CCCNC(=O)N1C[C@@H](C)[C@H](OC)CN(C)C(=O)c2ccc(NC(=O)CC)cc2OC[C@@H]1C,9.99608,-0.08114195853823263,-0.08132074537612449,-0.024314770949104256,-0.05700597442702024,-0.1983468816027567
correct_CP,CCCNC(=O)N1C[C@@H](O)COC[C@@H]2O[C@@H](CC(=O)O)CC[C@H]21,10.0049,-0.16941262027172868,-0.1710618654282415,-0.002231139402822246,-0.16883072602541926,-0.10032154280013478
correct_CP,CCCNC(=O)N1C[C@H](C)[C@H](OC)CN(C)C(=O)c2cc(NC(C)=O)ccc2OC[C@@H]1C,9.95335,0.18227899901046654,0.18433900302317432,-0.04719834063477562,0.23153734365794995,0.10702684673115007
correct_CP,CCCNC(=O)N1C[C@H](C)[C@H](OC)CN(C)C(=O)c2ccc(NC(=O)CC)cc2OC[C@@H]1C,9.97001,0.33254428864468316,0.34568617735039797,0.06551158648141864,0.28017459086897933,0.03336078360308947
correct_CP,CCCNC(=O)N1C[C@H](O)COC[C@@H]2O[C@@H](CC(=O)N[C@@H]3CCN(Cc4ccccc4)C3)CC[C@H]21,10.0722,-0.19190668930357246,-0.19431601419351652,0.0327601582121987,-0.2270761724057152,-0.05059435760295371
correct_CP,CCCNC(=O)N1[C@@H](C#N)[C@@H](c2ccc(-c3ccccc3F)cc2)[C@@H]1CO,10.2293,0.2701877462914157,0.27706634294421606,-0.10931885038224151,0.3863851933264576,-0.023854963275922098
correct_CP,CCCNC(=O)N1[C@@H](C#N)[C@@H](c2ccc(C3=CCCCC3)cc2)[C@@H]1CO,10.2755,0.6084127761693517,0.7063974169152808,-0.021126644297473053,0.7275240612127538,0.28590209774587055
correct_CP,CCCNC(=O)N1[C@@H]2Cn3c(cccc3=O)[C@H]1[C@@H](C(=O)N1CCC(Cc3ccccc3)CC1)[C@@H]2CO,10.1858,-0.2512799678114916,-0.2567785779005688,-0.12908329982584926,-0.12769527807471953,-0.1316419118447516
correct_CP,CCCNC(=O)N1[C@@H]2Cn3c(cccc3=O)[C@H]1[C@@H](C(=O)NCC(F)(F)F)[C@@H]2CO,10.033,0.2702875600601725,0.2771740202103921,0.0577863963548893,0.2193876238555028,-0.2937048609724848
correct_CP,CCCNC(=O)N1[C@H](C#N)[C@H](c2ccc(C3=CCCCC3)cc2)[C@H]1CO,10.2333,0.07242798926079837,0.0725550372944114,-0.007250094839477954,0.07980513213388936,0.0974442196702295
correct_CP,CCCNC(=O)N1[C@H](C(=O)N2CCCCC2)[C@@H](CO)[C@@H]2Cn3c(ccc(-c4ccc(F)cc4)c3=O)[C@@H]21,10.0202,-0.27328807159306306,-0.2804138572287998,0.11350453130993106,-0.39391838853873085,-0.032629699550345795
correct_CP,CCCNC(=O)N[C@@H]1C=C[C@@H](CC(=O)N2CCN(C)CC2)O[C@H]1CO,10.0682,0.43940999344632425,0.47149938480206444,-0.0006534685722870762,0.47215285337435153,0.18563826100322775
correct_CP,CCCNC(=O)N[C@@H]1C=C[C@@H](CC(=O)NC2CCCCC2)O[C@@H]1CO,10.1005,-0.33660891020360884,-0.3502631630350546,0.009238235009400787,-0.3595013980444554,0.26542987795630846
correct_CP,CCCNC(=O)N[C@@H]1C=C[C@@H](CC(=O)NC2CCCCC2)O[C@H]1CO,10.075,-0.11100811433949057,-0.1114674926338027,-0.008821606002674834,-0.10264588663112788,-0.04490044830292554
correct_CP,CCCNC(=O)N[C@@H]1C=C[C@@H](CC(=O)NCCc2ccccc2)O[C@@H]1CO,10.0742,-0.5439641491428843,-0.6097685420617185,-0.13004149550423344,-0.47972704655748505,-0.023393600985617435
correct_CP,CCCNC(=O)N[C@@H]1C=C[C@@H](CC(=O)NCCc2ccccc2)O[C@H]1CO,10.1223,-0.01887344744392691,-0.018875688874474817,-0.036100602848872336,0.01722491397439752,0.064799719070046
correct_CP,CCCNC(=O)N[C@@H]1C=C[C@H](CC(=O)NC2CCCCC2)O[C@H]1CO,9.93267,-0.039795654165113006,-0.039816682197356665,0.011577256919620874,-0.05139393911697754,-0.0067093362057457934
correct_CP,CCCNC(=O)N[C@@H]1CC[C@@H](CC(=O)N2CCN(C)CC2)O[C@H]1CO,10.0816,0.23064039826183752,0.23486573955924858,-0.03573374475383544,0.270599484313084,-0.13464638970059306
correct_CP,CCCNC(=O)N[C@@H]1CC[C@H](CC(=O)N2CCN(C)CC2)O[C@@H]1CO,9.95975,0.2840930257335804,0.2921288486314769,-0.06409445365508833,0.35622330228656524,-0.05478759462710442
correct_CP,CCCNC(=O)N[C@@H]1CC[C@H](CC(=O)NC2CCC2)O[C@H]1CO,10.0692,-0.5743083435735409,-0.6539280174414849,-0.004995174388028278,-0.6489328430534566,0.38312400554021026
correct_CP,CCCNC(=O)N[C@@H]1CC[C@H](CC(=O)NCCc2ccccc2)O[C@@H]1CO,10.1751,0.6128358457836713,0.7134502646210562,0.00565628236754611,0.7077939822535101,0.16764872141784326
correct_CP,CCCNC(=O)N[C@H]1C=C[C@@H](CC(=O)NCCc2ccccc2)O[C@@H]1CO,9.98492,-0.01297508196545342,-0.012975810169264053,-0.051829053091721394,0.03885324292245734,0.34170725865599094
correct_CP,CCCNC(=O)N[C@H]1C=C[C@H](CC(=O)N2CCN(C)CC2)O[C@@H]1CO,10.1919,-0.01311044340815752,-0.013111194642923128,0.0016431234680251107,-0.014754318110948239,0.07026835713044889
correct_CP,CCCNC(=O)N[C@H]1C=C[C@H](CC(=O)NCCc2ccccc2)O[C@H]1CO,9.96996,0.3806925172537873,0.40086929295921886,0.12213141794443255,0.2787378750147863,0.06062666404056677
correct_CP,CCCNC(=O)N[C@H]1CC[C@@H](CC(=O)N2CCN(C)CC2)O[C@@H]1CO,10.0094,0.4598527997377461,0.4971245960161167,-0.05822867191581642,0.5553532679319331,0.045420588326445056
correct_CP,CCCNC(=O)N[C@H]1CC[C@@H](CCn2cc(-c3cccc(F)c3)nn2)O[C@H]1CO,10.0797,0.05700889285067353,0.05707077346065176,-0.03497200821071342,0.09204278167136518,0.03607618067944343
correct_CP,CCCNC(=O)N[C@H]1CC[C@H](CC(=O)N2CCN(C)CC2)O[C@@H]1CO,10.1052,-0.2640719664240958,-0.2704805875338044,-0.03977183178774593,-0.23070875574605845,0.18451203941261693
correct_CP,CCCNC(=O)N[C@H]1CC[C@H](CC(=O)NCCc2ccccc2)O[C@H]1CO,9.99157,0.17547656476446155,0.17731168310771472,0.07565911442566267,0.10165256868205205,-0.11206448955963064
correct_CP,CCCNC(=O)Nc1ccc2c(c1)C(=O)N(C)C[C@@H](OC)[C@@H](C)CN(C(=O)CC)[C@H](C)CO2,9.93749,-0.14885038609080695,-0.14996456722057644,0.0011815997046908128,-0.15114616692526725,-0.11171055358268264
correct_CP,CCCNC(=O)Nc1ccc2c(c1)C(=O)N(C)C[C@@H](OC)[C@@H](C)CN(CCC)[C@H](C)CO2,10.0566,0.3250307327282163,0.33726188639745697,-0.015621112741379853,0.3528829991388368,-0.2175427604201297
correct_CP,CCCNC(=O)Nc1ccc2c(c1)C(=O)N(C)C[C@@H](OC)[C@@H](C)CN(Cc1ccccn1)[C@@H](C)CO2,10.0273,-0.035878567759725456,-0.035893974815384755,-0.027987739143390415,-0.00790623567199434,-0.01670221734476284
correct_CP,CCCNC(=O)Nc1ccc2c(c1)C(=O)N(C)C[C@@H](OC)[C@@H](C)CN(Cc1ccccn1)[C@H](C)CO2,10.0325,0.0827866443465535,0.08297655554341873,0.0020408845970872917,0.08093567094633144,0.033705558408765414
correct_CP,CCCNC(=O)Nc1ccc2c(c1)C(=O)N(C)C[C@@H](OC)[C@H](C)CN(Cc1ccccn1)[C@@H](C)CO2,9.98586,0.30980160715827476,0.32032593884383503,-0.013312796272277765,0.3336387351161128,0.07356457373283438
correct_CP,CCCNC(=O)Nc1ccc2c(c1)C(=O)N(C)C[C@@H](OC)[C@H](C)CN(Cc1ccncc1)[C@@H](C)CO2,10.0489,0.5024206438467121,0.5525388976024935,0.03312284857942586,0.5194160490230677,-0.02747015573378449
correct_CP,CCCNC(=O)Nc1ccc2c(c1)C(=O)N(C)C[C@@H](OC)[C@H](C)CN[C@@H](C)CO2,10.0162,0.1281321752703103,0.1288403832881402,0.018117590669268466,0.11072279261887175,-0.0926444339568597
correct_CP,CCCNC(=O)Nc1ccc2c(c1)C(=O)N(C)C[C@H](OC)[C@@H](C)CN(C(=O)C1CCCCC1)[C@H](C)CO2,10.0536,0.056837883662027196,0.05689920835394805,-0.026662063112291766,0.08356127146623982,-0.043949270953025914
correct_CP,CCCNC(=O)Nc1ccc2c(c1)C(=O)N(C)C[C@H](OC)[C@@H](C)CN(C(=O)c1ccccc1F)[C@@H](C)CO2,10.0642,0.18217369384535592,0.18423008094329385,0.042997343614172095,0.14123273732912175,0.1692340225320535
correct_CP,CCCNC(=O)Nc1ccc2c(c1)C(=O)N(C)C[C@H](OC)[C@@H](C)CN(C)[C@H](C)CO2,9.96397,0.022956672870883186,0.02296070693631767,0.09850109434809702,-0.07554038741177935,-0.0142893909591007
correct_CP,CCCNC(=O)Nc1ccc2c(c1)C(=O)N(C)C[C@H](OC)[C@@H](C)CN(CCC)[C@H](C)CO2,10.1085,0.3155533369691539,0.32670096202380855,-0.042337351082900807,0.36903831310670937,0.3144121810464408
correct_CP,CCCNC(=O)Nc1ccc2c(c1)C(=O)N(C)C[C@H](OC)[C@@H](C)CN(Cc1ccncc1)[C@H](C)CO2,10.0322,0.08579324855972405,0.08600467628027435,-0.00951205353075622,0.09551672981103057,0.019579380007404872
correct_CP,CCCNC(=O)Nc1ccc2c(c1)C(=O)N(C)C[C@H](OC)[C@H](C)CN(Cc1ccc(-c3ccccn3)cc1)[C@@H](C)CO2,9.85814,0.11057761001706311,0.11103163816529359,0.04805074537448305,0.06298089279081054,-0.1275751391588848
correct_CP,CCCNC(=O)Nc1ccc2c(c1)OC[C@@H](C)N(C(C)=O)C[C@H](C)[C@@H](OC)CN(C)C2=O,10.0373,0.25329282803660585,0.258928263131417,0.0685683336968886,0.1903599294345284,0.16273788564863112
correct_CP,CCCNC(=O)Nc1ccc2c(c1)OC[C@@H](C)N(CCC(F)(F)F)C[C@H](C)[C@H](OC)CN(C)C2=O,10.0487,0.12815668575807052,0.128865302982073,0.06577208875109622,0.06309321423097677,0.2757990014627554
correct_CP,CCCNC(=O)Nc1ccc2c(c1)OC[C@H](C)N(CC1CCCC1)C[C@@H](C)[C@@H](OC)CN(C)C2=O,9.9737,0.2707944793807871,0.2777209723067473,-0.1315528020583786,0.4092737743651259,0.2509352303097534
correct_CP,CCCNC(=O)[C@H]1[C@H](CO)[C@H]2Cn3c(ccc(C4=CCCC4)c3=O)[C@@H]1N2C(=O)CC,10.0247,0.0765644722854835,0.07671461071890952,-0.0008461273576055965,0.07756073807651512,0.05741400080359159
correct_CP,CCCNC(=O)c1cc2c(c(-c3cccc(-c4cccc(OC)c4)c3)n1)[C@H](CCO)N([S@@](=O)C(C)(C)C)C2,10.1097,0.023034124852708636,0.023038199895557453,0.15333536198093578,-0.13029716208537834,-0.3059019317258276
correct_CP,CCCc1cc(N2CCN(c3ccccn3)CC2)n2nc(C)c(-c3ccccc3)c2n1,10.0,0.6280720866573257,0.7382258853487544,0.2800846262675031,0.45814125908125136,0.1321107101188832
correct_CP,CCCc1cn(CC[C@@H]2CC[C@@H](NC(=O)Nc3ccccc3F)[C@@H](CO)O2)nn1,10.0248,-0.034227821094440704,-0.03424119696109135,0.023837134433949234,-0.05807833139504058,0.29360381848181466
correct_CP,CCCc1cn(CC[C@@H]2CC[C@@H](NS(=O)(=O)c3ccccc3Cl)[C@@H](CO)O2)nn1,10.1213,0.4776518669175249,0.5199376216013536,0.0599567408138206,0.45998088078753296,0.09843923086215903
correct_CP,CCCc1cn(CC[C@@H]2CC[C@@H](NS(=O)(=O)c3ccccc3Cl)[C@H](CO)O2)nn1,9.96713,-0.001492882539123639,-0.0014928836481867024,-0.019884662334153,0.0183917786859663,-0.06579926214150658
correct_CP,CCCc1cn(CC[C@H]2CC[C@@H](NC(=O)Nc3ccccc3F)[C@@H](CO)O2)nn1,10.0961,0.4714331470909916,0.5119114209750838,-0.04468058490105953,0.5565920058761433,0.08449146915575477
correct_CP,CCCc1cn(CC[C@H]2CC[C@H](NC(=O)C3CCCCC3)[C@H](CO)O2)nn1,10.0297,0.2172383208850477,0.2207558098148249,-0.0013272221640195855,0.2220830319788445,0.012008182690889269
correct_CP,CCCc1cn(CC[C@H]2CC[C@H](NS(=O)(=O)c3ccccc3Cl)[C@H](CO)O2)nn1,10.1161,0.4786657171702104,0.5212519819757678,0.11912651733889265,0.40212546463687515,-0.06856366474242152
correct_CP,CCCc1nc(SCC(=O)Nc2nc3c(s2)CCCC3)c2ccccc2n1,10.0,0.352415260930994,0.368198849471251,-0.06517028101664832,0.43336913048789927,0.08608752175971623
correct_CP,CCCn1c(C)cc(-c2csc(N)n2)c1C,10.0,0.4063404959259597,0.4312201434995547,-0.056630289973870124,0.4878504334734248,0.07940159470431367
correct_CP,CCCn1cnc2cc(NCc3cccc(OC)c3O)ccc21,10.0,0.39015638260415814,0.4119844829458431,0.020439134450337324,0.39154534849550576,0.08897388272661573
correct_CP,CCCn1ncc(CN2CCCC(C(=O)c3cccc(OC(C)C)c3)C2)c1C,20.0,0.008487784004006486,0.008487987839812937,0.1950564964187011,-0.18656850857888815,0.256032029845432
correct_CP,CCN(CC)C(=O)N1CCN(C)CC1,10.0,0.09728826193411359,0.0975969616042916,0.0331162715381028,0.0644806900661888,0.05961656241992602
correct_CP,CCN(CC)C(=O)N[C@@H]1C[C@@H]2c3cccc4[nH]cc(c34)C[C@H]2N(C)C1,10.0,0.5814904464049763,0.6647116420151445,-0.054451293292422424,0.7191629353075669,0.42889060949172103
correct_CP,CCN(CC)C(=S)SCCC(=O)NC(=O)Oc1ccc(C(C)C)cc1,10.0,0.6424843408735645,0.762393026835767,0.04082609573668362,0.7215669310990834,0.2598660744069703
correct_CP,CCN(CC)CCNC(=S)NC(=O)c1cn(-c2ccccc2)nc1-c1ccc(OC)cc1,10.0,0.32444733154654165,0.33660970959785896,0.17207176752787995,0.16453794206997902,0.05293463469407378
correct_CP,CCN(CC)CCOC(=O)c1ccc(N)cc1,10.0,0.2487900893984527,0.25412265611812884,-0.0062012096682358755,0.26032386578636474,0.04487801472494823
correct_CP,CCN(CC)CCOC1CCC2(C)C(=CCC3C4CCC(=O)C4(C)CCC32)C1,10.0,0.19623009752107412,0.19880863398294843,0.010848395564015147,0.18796023841893328,0.10906090494932773
correct_CP,CCN(CC)CCn1c(=S)[nH]c2ccc(Cl)cc2c1=O,10.0,0.6056422496536722,0.7020103089743623,0.11164227371951918,0.5903680352548432,-0.31601543827409345
correct_CP,CCN(CC)CCn1c2ccc(Cl)cc2c2nc(C)sc21,10.0,0.052237559479972856,0.052285152058847754,0.04244536672044062,0.009839785338407132,0.15912444329272424
correct_CP,CCN(CC)c1ccc(C=C2C(=O)N(C)C(=S)N(C)C2=O)o1,10.0,0.23967689453047794,0.24443128700394376,0.06283395445611836,0.1815973325478254,0.09754368244557107
correct_CP,CCN(CC)c1ccc2ccc(=O)oc2c1,10.0,0.299363621986055,0.30882043427264044,-0.022304638578095844,0.3311250728507363,-0.25579395729541327
correct_CP,CCN(Cc1ccncc1)C(=O)C(CO)c1ccccc1,10.0,0.8302755265860504,1.1890227089396372,0.2913229933673198,0.8976997155723174,0.35280483648689
correct_CP,CCN1CCCC(OC(=O)C(c2ccccc2)c2ccccc2)C1,10.0,0.09397605415073652,0.09425417920330996,-0.02188879979046343,0.11614297899377339,-0.002924262806668139
correct_CP,CCN1CCCC1CNC(=O)c1cc(S(=O)(=O)CC)c(N)cc1OC,10.0,0.02373068234421017,0.02373513845725741,0.01846482287705069,0.005270315580206717,-0.00790210600227439
correct_CP,CCN1CCCc2cc(CN(CCN3CCOCC3)C(S)=Nc3ccc(C)cc3)ccc21,10.0,0.49579873937099905,0.543720050985775,0.06504166847445567,0.47867838251131933,0.2950158605274791
correct_CP,CCN1CCN(C(=O)CSc2cc(=O)n(C)c3ccccc23)CC1,10.0,0.22253824031334687,0.22632502105932484,0.06882239262224321,0.15750262843708163,0.07944052393462889
correct_CP,CCN1CCN(c2cc(-c3ccccc3)nc3cc(-c4cccc(F)c4)nn23)CC1,10.0,0.6378426726961212,0.7545282440805823,-0.0172156889377471,0.7717439330183293,-0.25848873356037233
correct_CP,CCN1C[C@@H](C)[C@H](OC)CN(C)C(=O)c2ccc(NC(=O)c3ccno3)cc2OC[C@H]1C,10.0104,0.020405386572706418,0.020408219410730084,-0.03600223459731286,0.05641045400804294,0.09360004187829882
correct_CP,CCN1[C@@H]2c3ccc(-c4cccc(C(=O)N(C)C)c4)c(=O)n3C[C@@H]2[C@@H](CO)[C@@H]1C(=O)N(C)C,10.0473,0.058539819276876244,0.05860682734862533,0.012224923059124121,0.04638190428950121,0.04432729159572355
correct_CP,CCN1[C@@H]2c3ccc(C4=CCCCC4)c(=O)n3C[C@H]1[C@H](CO)[C@H]2C(=O)NCCOC,9.98008,0.22346255539705948,0.22729770710368227,0.024519114149031105,0.20277859295465117,-0.39958735104095633
correct_CP,CCN1[C@H](C(=O)NCCc2cn(C)cn2)[C@@H](CO)[C@@H]2Cn3c(ccc(-c4ccc(F)cc4)c3=O)[C@@H]21,10.0304,0.45037030869879197,0.48516471259805843,0.01371290143001248,0.47145181116804596,0.0804014456684833
correct_CP,CCN=C(S)NNC(=O)CSc1nc2ccccc2n1C,10.0,0.4309448517702391,0.46105644491028686,0.09296072615787515,0.3680957187524117,0.19447701388027505
correct_CP,CCNC(=O)C[C@@H]1CC[C@@H]2[C@@H](COc3ccc(NC(C)=O)cc3C(=O)N2C)O1,10.325049,0.49205869666115853,0.5387731123107361,-0.044755684206456606,0.5835287965171927,0.11913346847898355
correct_CP,CCNC(=O)C[C@@H]1CC[C@@H]2[C@H](COC[C@@H](O)CN2C(=O)C2CCOCC2)O1,10.0559,0.1869411015482308,0.1891656105230086,0.23650054999906267,-0.04733493947605408,0.1438801572572722
correct_CP,CCNC(=O)C[C@@H]1CC[C@@H]2[C@H](COC[C@@H](O)CN2Cc2ccncc2)O1,10.1089,0.3217157374457748,0.3335597531442683,0.02303439102923127,0.310525362115037,0.13714485458051487
correct_CP,CCNC(=O)C[C@@H]1CC[C@H]2[C@@H](COC[C@@H](O)CN2C(=O)C2CCOCC2)O1,10.0422,-0.0815313077733553,-0.08171268756786537,0.2532810063508356,-0.334993693918701,0.21875782911564445
correct_CP,CCNC(=O)C[C@H]1CC[C@@H]2[C@H](COc3ccc(NC(C)=O)cc3C(=O)N2C)O1,10.0015,0.19398611499878968,0.19647584774939986,0.054158733873747686,0.14231711387565216,-0.14565119245708488
correct_CP,CCNC(=O)Nc1ccc2c(c1)C(=O)N(C)[C@@H]1CC[C@@H](CC(=O)N[C@H](C)c3ccccc3)O[C@H]1CO2,10.07,-0.17778641644170762,-0.17969592106700366,0.01927442495277073,-0.1989703460197744,0.013191071496973066
correct_CP,CCNC(=O)Nc1ccc2c(c1)C(=O)N(C)[C@H]1CC[C@H](CC(=O)N[C@H](C)c3ccccc3)O[C@H]1CO2,10.0608,0.15776784520484036,0.15909673220676826,0.03875000883213276,0.1203467233746355,0.09624869825153631
correct_CP,CCNC(=O)[C@@H]1[C@@H](CO)[C@@H]2Cn3c(ccc(-c4ccc(OC)cc4)c3=O)[C@H]1N2CC1CC1,9.95368,-0.0776745564642125,-0.07783133665265182,0.004857921857822536,-0.08268925851047436,0.05701682055683826
correct_CP,CCNC(=O)[C@H]1[C@H](CO)[C@H]2Cn3c(ccc(-c4ccc(F)cc4)c3=O)[C@H]2N1C(=O)Cc1cccnc1,10.0871,0.14475021133994884,0.14577407970258038,-0.04348858649982163,0.189262666202402,-0.08316479007144323
correct_CP,CCNC(=O)[C@H]1[C@H](CO)[C@H]2Cn3c(ccc(-c4ccccc4)c3=O)[C@@H]1N2CCC(F)(F)F,10.1006,-0.0013454685720976477,-0.0013454693839926918,0.06883564940276,-0.07018111878675269,-0.04134614396257409
correct_CP,CCNC(=O)[C@H]1[C@H](CO)[C@H]2Cn3c(ccc(-c4ccccc4)c3=O)[C@H]2N1CC,10.100153,-0.2438489497697101,-0.24886234239917,-0.047999303533054316,-0.20086303886611567,-0.3372172535924024
correct_CP,CCNc1nc(Cl)nc(NC(C)C)n1,10.0,0.4022200405043186,0.4262946386653052,0.012612290383739209,0.41368234828156597,0.11198266453689333
correct_CP,CCOC(=O)C(CC)Sc1ncnc2c1nnn2-c1ccc(F)cc1,10.0,0.5401856311375299,0.6044176828788174,0.15540316070789442,0.44901452217092297,0.37166800840927516
correct_CP,CCOC(=O)C1=C(C)N=c2sc(=Cc3ccc(OCC(=O)O)cc3)c(=O)n2C1c1ccc(Cl)cc1,20.0,-0.07697292819135297,-0.07712548810913558,-0.11967287945944546,0.04254739135030988,0.2018619058381374
correct_CP,CCOC(=O)C1C(=O)C=C(c2ccc(NS(C)(=O)=O)cc2)CC1c1ccco1,10.0,0.5138306882726965,0.5679208278709108,-0.08164621908321519,0.649567046954126,0.073827320850153
correct_CP,CCOC(=O)C1CCCN(c2nc3ccccc3nc2C(C#N)C(=O)NCc2ccccc2)C1,10.0,0.5644260591063537,0.6393048672611247,0.0936026042866356,0.5457022629744891,0.34757540221877015
correct_CP,CCOC(=O)C1CCN(S(=O)(=O)c2cc(Br)cc3c2N(C(=O)C2CC2)CC3)CC1,10.0,0.010576674366127517,0.01057706878282914,-0.06430685075956175,0.07488391954239089,0.163845148227316
correct_CP,CCOC(=O)C=c1sc(=Cc2ccc(C)cc2)c(=O)n1CC(=O)NCc1ccco1,10.0,0.2966303568801786,0.30582079169398346,-0.03803314823044822,0.3438539399244317,0.14112198739441428
correct_CP,CCOC(=O)CC(=NNc1ncnc2ccccc12)c1ccccc1,10.0,0.18755825147947694,0.1898051855389949,-0.12439399834847717,0.31419918388747203,0.04576721146848042
correct_CP,CCOC(=O)CC(=O)CSc1nc(-c2cccnc2)cc(C)c1C#N,10.0,0.5327945209140965,0.5940393368546126,0.09856355198499428,0.49547578486961835,0.3956486925223978
correct_CP,CCOC(=O)CC(Nc1nc(N2CCOCC2)nc(N2CCOCC2)n1)c1ccccc1Cl,10.0,0.1808558141577972,0.18286730068469845,0.18547561207009494,-0.0026083113853964945,0.19924972043340627
correct_CP,CCOC(=O)CN(C(=O)CNC(=O)c1cccs1)C(C(=O)NC1CCCCC1)c1cccs1,10.0,0.07255598588784597,0.0726837101086341,0.004040000827969018,0.06864370928066509,-0.023540287810205597
correct_CP,CCOC(=O)CSc1nc(N)c(C#N)c(-c2cccs2)c1C#N,10.0,0.15311137276646114,0.15432495718354156,0.1005972888170993,0.05372766836644226,0.06716351971829222
correct_CP,CCOC(=O)N(C)C[C@@H]1OCc2ccccc2-c2c(n(C)c3ccccc23)C(=O)N([C@@H](C)CO)C[C@@H]1C,10.1272,-0.09711365574556652,-0.09742068999647549,0.01078490861123847,-0.10820559860771396,0.030916336505869224
correct_CP,CCOC(=O)N(C)C[C@@H]1OCc2cnnn2CCCC(=O)N([C@H](C)CO)C[C@@H]1C,10.0028,-0.04199148052867799,-0.042016187648058555,-0.0186398909970781,-0.023376296650980455,0.24377326935793947
correct_CP,CCOC(=O)N(C)C[C@H]1OCc2ccccc2-c2ccccc2C(=O)N([C@@H](C)CO)C[C@H]1C,9.98581,0.497349099025658,0.5457778305081781,-0.07625958661108873,0.6220374171192669,-0.17856275516482062
correct_CP,CCOC(=O)N1CCN(C(=O)C2CCN(S(=O)(=O)CC)CC2)CC1,10.0,0.1381327984409109,0.1390215510932323,0.1254593979278625,0.013562153165369795,0.24392151324528624
correct_CP,CCOC(=O)NN1C(=O)c2ccccc2NC1c1ccc(N(C)C)cc1,10.0,0.6249467013773569,0.7330810747711044,-0.020985018193353334,0.7540660929644577,-0.1365123412084768
correct_CP,CCOC(=O)NN=Cc1cn(CCCOc2ccc(C)cc2)c2ccccc12,10.0,0.13445675213639757,0.13527592042051603,0.07746788857047715,0.05780803185003888,0.19624349395859841
correct_CP,CCOC(=O)c1[nH]c(COC(=O)c2ccccc2NC(=O)c2ccco2)c(C(=O)OCC)c1C,10.0,0.02726040228059951,0.02726715796306457,-0.02515271005694506,0.05241986802000963,0.1799598457107132
correct_CP,CCOC(=O)c1[nH]c2c(c1-c1ccccc1)C(=O)CC(c1ccc(OC)c(OC)c1)C2,10.0,0.27396044651695733,0.2811406471189114,-0.06272496219434176,0.34386560931325316,0.14241327284989957
correct_CP,CCOC(=O)c1c(-c2ccc(F)cc2)cn2ccccc12,10.0,0.6017157944394961,0.6958324352012707,0.13336566473410577,0.5624667704671649,0.1428261614321757
correct_CP,CCOC(=O)c1c(-c2ccccc2)csc1NC(=O)/C(C#N)=C/c1ccc(OC)c(OC)c1,10.0,0.48362921756202065,0.5277107305321775,0.12518706378089536,0.40252366675128215,0.12947451040769278
correct_CP,CCOC(=O)c1c(-n2c(C)cc(C=C3C(=O)NC(=O)NC3=O)c2C)sc2c1CCCC2,10.0,0.17729202588878415,0.17918544005135487,0.08540842542205195,0.09377701462930292,0.13221812606496997
correct_CP,CCOC(=O)c1c(C)[nH]c(C(=O)COC(=O)c2ccccc2NC(=O)c2ccco2)c1C,10.0,0.5317159835852477,0.5925344796415811,-0.009009767479684544,0.6015442471212656,-0.015006285471582427
correct_CP,CCOC(=O)c1c(C)cc(O)c(C)c1O,10.0,0.0964779517712327,0.096778973483287,0.0014975461148062138,0.09528142736848079,-0.011694947244994692
correct_CP,CCOC(=O)c1cc(C#N)c(N2CCN(c3ccccn3)CC2)nc1-c1ccccc1,10.0,0.12586189667270534,0.12653288777654856,0.1051804363076188,0.021352451468929765,0.11592639531708425
correct_CP,CCOC(=O)c1cnn(-c2ccccn2)c1N,10.0,0.13142760634915923,0.13219227288155952,0.1764851589994424,-0.044292886117882874,0.07202943843026172
correct_CP,CCOC(=O)c1nc(Nc2ccc(Nc3ccccc3)cc2)c2ccccc2n1,10.0,-0.039933764527774515,-0.03995501239390324,-0.10747674015435618,0.06752172776045294,0.43532523333891315
correct_CP,CCOC(=O)c1ncn2c1C1CCCN1C(=O)c1cc(OC)ccc1-2,10.0,0.24961293190490674,0.2549999818363314,-0.07517199874118104,0.3301719805775124,0.19578115813622365
correct_CP,CCOC(=O)c1nn(-c2ccc(C)cc2)c2nc(Nc3ccccc3)cc(=O)n12,10.0,0.3982821207595417,0.42160550461246427,0.010412778789007406,0.41119272582345684,0.0276563219466053
correct_CP,CCOC(=O)c1sc(C)c(C(=O)NCCCN2CCOCC2)c1N,10.0,0.22886047301047724,0.2329866240979747,0.09678976828379282,0.13619685581418187,-0.08922063059139092
correct_CP,CCOC(=O)c1sc2nc(C)nc(SCC(=O)NC3CCS(=O)(=O)C3)c2c1C,10.0,0.4092301006742554,0.43468610300168775,0.011737610682018694,0.4229484923196691,-0.2818762878200814
correct_CP,CCOCCCN=C(S)N(Cc1ccccc1)Cc1nc(O)c2ccccc2n1,10.0,0.09032605322567881,0.09057291341699567,0.1546414487405361,-0.06406853532354043,-0.03503201604374902
correct_CP,CCOCCCNc1nc2nc3ccc(C)cn3c(=O)c2cc1C(=O)NCC1CCCO1,10.0,-0.108813191007114,-0.10924572867609944,0.025901765163922296,-0.13514749384002173,-0.15570351971512214
correct_CP,CCOP(=S)(OCC)Oc1ccc2c(C)c(Cl)c(=O)oc2c1,10.0,0.2760136763266963,0.28336183985918406,0.06501525363329398,0.2183465862258901,0.06053822602511656
correct_CP,CCOP(=S)(OCC)SCn1c(=O)oc2cc(Cl)ccc21,10.0,0.10438196510711106,0.10476356407264506,-0.04156259379557979,0.14632615786822484,0.05515421639436605
correct_CP,CCOc1cc(/C=C(/C#N)C(N)=O)cc(CSc2ccccc2)c1O,10.0,0.17967016236307956,0.18164182728146844,0.062097944697695716,0.11954388258377271,0.41415251296267463
correct_CP,CCOc1ccc(-n2ccnc2SCC(=O)N2CCCc3ccccc32)cc1,10.0,-0.4876487595495487,-0.532970866248403,0.12349446598083758,-0.6564653322292405,-0.49741275766112736
correct_CP,CCOc1ccc(C(=O)Nc2cccc(C(=O)O)c2)cc1Cl,10.0,0.6429129990289785,0.7631233559192478,-0.0003858617402316498,0.7635092176594795,-0.11979085747804076
correct_CP,CCOc1ccc(C(=O)Nc2nnc(SCC(=O)NCC3CCCO3)s2)cc1,10.0,0.23892883592687097,0.2436377879474254,0.10936226358995352,0.1342755243574719,-0.03480674013890836
correct_CP,CCOc1ccc(NC(=O)c2ccc(NC(=O)COC(=O)Cc3ccccc3)cc2)cc1,10.0,0.19766250643413932,0.20029884527795588,0.1514589674956628,0.048839877782293095,0.2245683527819291
correct_CP,CCOc1ccc2nc(NC(=O)CSc3nnnn3C3CCCCC3)sc2c1,10.0,-0.06993326339639047,-0.07004760574586197,-0.015648362511064707,-0.054399243234797265,-0.10756161791255099
correct_CP,CCOc1ccc2nc(O)c(CN(Cc3cccs3)Cc3nnnn3C(C)(C)CC)cc2c1,10.0,0.5737804688657449,0.6531407005077389,0.1663561824549802,0.4867845180527587,-0.2939668049352044
correct_CP,CCOc1nc(Nc2ccc([N+](=O)[O-])cc2)nc(NC(C)(C)C)n1,10.0,0.22562291574654347,0.2295727762378671,0.1332810334866832,0.0962917427511839,0.03487263571777385
correct_CP,CCS(=O)(=O)C1=NN2C(=N)/C(=C\c3ccc(O)c(OC)c3)C(=O)N=C2S1,10.0,0.43808291760157625,0.4698559497899561,0.16863478651371602,0.30122116327624004,-0.023779155156782278
correct_CP,CCS(=O)(=O)N(C)C[C@@H]1OCc2ccccc2-c2c(n(C)c3ccccc23)C(=O)N([C@@H](C)CO)C[C@@H]1C,10.1754,-0.0726999545147154,-0.0728284421716369,-0.12811432236016376,0.055285880188526856,0.22305421729265185
correct_CP,CCS(=O)(=O)N1[C@H](CO)[C@H](c2ccc(-c3cccc(F)c3)cc2)[C@@H]1C#N,10.0026,0.1014119913674299,0.10176180605411843,-0.03990542486234342,0.14166723091646186,0.10216124448132506
correct_CP,CCS(=O)(=O)N1[C@H](CO)[C@H](c2ccc(C#Cc3ccccc3F)cc2)[C@@H]1C#N,10.0413,0.1626446788877519,0.16410204340476298,0.08000997076556096,0.08409207263920201,-0.13731643965500334
correct_CP,CCS(=O)(=O)NCC[C@@H]1CC[C@@H](NC(=O)Cc2ccccn2)[C@H](CO)O1,10.0929,0.14419193413292727,0.14520390178829048,-0.07127848118695909,0.21648238297524958,0.32148910884534865
correct_CP,CCS(=O)(=O)NCC[C@@H]1CC[C@H](NC(=O)Cc2ccccn2)[C@@H](CO)O1,10.0003,0.43198676826682214,0.46233669684302775,-0.07615714142098373,0.5384938382640114,0.3401777778768767
correct_CP,CCS(=O)(=O)NCC[C@H]1CC[C@@H](NC(=O)Cc2ccccn2)[C@H](CO)O1,10.001,0.24052113823941065,0.2453271766088556,0.11262844494090582,0.1326987316679498,-7.052620923930775e-07
correct_CP,CCS(=O)(=O)NCC[C@H]1CC[C@H](NC(=O)Nc2cc(Cl)cc(Cl)c2)[C@@H](CO)O1,9.8817,0.1140142665199376,0.11451218933380913,-0.2800482448267746,0.39456043416058373,0.09068231740947591
correct_CP,CCS(=O)(=O)N[C@@H]1CC[C@@H](CC(=O)NC2Cc3ccccc3C2)O[C@@H]1CO,10.0602,0.2271530540756876,0.23118557324740532,-0.06609759470654245,0.29728316795394777,-0.037328527962336364
correct_CP,CCS(=O)(=O)N[C@H]1CC[C@H](CC(=O)Nc2ccc(-c3ccccc3)cc2)O[C@@H]1CO,10.0423,-0.22652860696006752,-0.230527250972896,0.04706787097029501,-0.277595121943191,-0.08386171064630332
correct_CP,CCS(=O)(=O)N[C@H]1CC[C@H](CC(=O)Nc2ccc(-c3ccccc3)cc2)O[C@H]1CO,10.0589,-0.08208678100146999,-0.08227190348616377,0.014059771519400376,-0.09633167500556414,-0.20135610106914098
correct_CP,CCS(=O)(=O)Nc1ccc2c(c1)C(=O)N(C)C[C@@H](OC)[C@@H](C)CN(C(C)=O)[C@H](C)CO2,10.0091,0.3801785044242105,0.4002682972974006,0.12509818036360323,0.27517011693379734,-0.031549100530536583
correct_CP,CCS(=O)(=O)Nc1ccc2c(c1)C(=O)N(C)C[C@@H](OC)[C@@H](C)CN(C)[C@@H](C)CO2,10.0217,0.021606459440427737,0.021609822629136646,0.08086998316433203,-0.05926016053519538,0.0723580332556687
correct_CP,CCS(=O)(=O)Nc1ccc2c(c1)C(=O)N(C)C[C@@H](OC)[C@@H](C)CN(Cc1ccccn1)[C@H](C)CO2,10.0049,-0.18005829011715951,-0.18204293121057438,0.05892249850177929,-0.24096542971235368,0.08693888052823316
correct_CP,CCS(=O)(=O)Nc1ccc2c(c1)C(=O)N(C)C[C@@H](OC)[C@H](C)CN(C(=O)CN(C)C)[C@@H](C)CO2,10.0243,-0.08890168839312063,-0.0891370171595031,0.011000178229584996,-0.10013719538908811,0.04212588330119099
correct_CP,CCS(=O)(=O)Nc1ccc2c(c1)C(=O)N(C)C[C@@H](OC)[C@H](C)CN(CC1CCCC1)[C@@H](C)CO2,10.0592,0.33259988940781227,0.34574869255769164,-0.008704507219693148,0.35445319977738476,0.1509256038589709
correct_CP,CCS(=O)(=O)Nc1ccc2c(c1)C(=O)N(C)C[C@@H](OC)[C@H](C)CN(CCC(F)(F)F)[C@@H](C)CO2,10.049985,0.2199206600893165,0.22357273527698485,0.03857288525266003,0.1849998500243248,0.2624369102365569
correct_CP,CCS(=O)(=O)Nc1ccc2c(c1)C(=O)N(C)C[C@@H](OC)[C@H](C)CN(CCC(F)(F)F)[C@H](C)CO2,10.0186,0.0019958334859903897,0.0019958361360320294,0.030585848947337742,-0.02859001281130571,0.02463422604875795
correct_CP,CCS(=O)(=O)Nc1ccc2c(c1)C(=O)N(C)C[C@H](OC)[C@@H](C)CN(C(=O)CN(C)C)[C@@H](C)CO2,9.94684,-0.13965454248571946,-0.14057322959183916,0.004591052000412932,-0.1451642815922521,0.03787608565761117
correct_CP,CCS(=O)(=O)Nc1ccc2c(c1)C(=O)N(C)C[C@H](OC)[C@@H](C)CN(C(=O)COC)[C@@H](C)CO2,9.97351,-0.0304398837898687,-0.030449290748955207,-0.01303196882199866,-0.017417321926956546,-0.04640073512468624
correct_CP,CCS(=O)(=O)Nc1ccc2c(c1)C(=O)N(C)C[C@H](OC)[C@@H](C)CN(C(=O)COC)[C@H](C)CO2,10.0331,-0.28125393111139546,-0.2890431941711442,-0.019044815719633068,-0.26999837845151115,-0.00828414581617969
correct_CP,CCS(=O)(=O)Nc1ccc2c(c1)C(=O)N(C)C[C@H](OC)[C@@H](C)CN(C(=O)c1ccc3c(c1)OCO3)[C@H](C)CO2,10.0519,-0.023488549887432243,-0.023492870956002762,-0.003912717154930289,-0.019580153801072475,0.1519677549395032
correct_CP,CCS(=O)(=O)Nc1ccc2c(c1)C(=O)N(C)C[C@H](OC)[C@@H](C)CN(C(C)=O)[C@H](C)CO2,10.063,0.33851195198218453,0.35241093845715393,0.09657419291202146,0.25583674554513247,-0.09972382472390674
correct_CP,CCS(=O)(=O)Nc1ccc2c(c1)C(=O)N(C)C[C@H](OC)[C@@H](C)CN(CC1CCCC1)[C@@H](C)CO2,10.059,0.17040302954199538,0.1720817165358035,0.023437978527041166,0.14864373800876235,0.14229038018706133
correct_CP,CCS(=O)(=O)Nc1ccc2c(c1)C(=O)N(C)C[C@H](OC)[C@@H](C)CN(CC1CCCC1)[C@H](C)CO2,10.0455,0.06994960860758329,0.07006403130769194,0.0024967968208334593,0.06756723448685847,0.14325313462986308
correct_CP,CCS(=O)(=O)Nc1ccc2c(c1)C(=O)N(C)C[C@H](OC)[C@@H](C)CN(CCC(F)(F)F)[C@@H](C)CO2,10.0311,0.24420927577853188,0.2492454846115846,-0.00781941355875417,0.2570648981703388,0.043516229978134084
correct_CP,CCS(=O)(=O)Nc1ccc2c(c1)C(=O)N(C)C[C@H](OC)[C@@H](C)CN(Cc1ccccn1)[C@@H](C)CO2,10.0368,0.2011058470768795,0.2038847440493112,0.002774894624817287,0.20110984942449392,-0.12687010795410475
correct_CP,CCS(=O)(=O)Nc1ccc2c(c1)C(=O)N(C)C[C@H](OC)[C@@H](C)CN(Cc1nccs1)[C@H](C)CO2,10.0536,0.1996433875275004,0.20236111030761794,-0.03875292726707266,0.2411140375746906,0.20841382306065415
correct_CP,CCS(=O)(=O)Nc1ccc2c(c1)C(=O)N(C)C[C@H](OC)[C@H](C)CN(C(=O)COC)[C@H](C)CO2,9.98666,0.5140997760384437,0.5682865158820977,0.031787910760639436,0.5364986051214582,-0.15188820358942193
correct_CP,CCS(=O)(=O)Nc1ccc2c(c1)C(=O)N(C)C[C@H](OC)[C@H](C)CN(C(=O)c1ccc3c(c1)OCO3)[C@@H](C)CO2,9.95937,-0.007115844294673809,-0.0071159644024841266,-0.013788410375975741,0.0066724459734916145,-0.13436144769938022
correct_CP,CCS(=O)(=O)Nc1ccc2c(c1)C(=O)N(C)C[C@H](OC)[C@H](C)CN(C)[C@H](C)CO2,10.0725,0.0075123711745640875,0.007512512501376692,0.1351150047177085,-0.1276024922163318,-0.09189340544989338
correct_CP,CCS(=O)(=O)Nc1ccc2c(c1)C(=O)N(C)C[C@H](OC)[C@H](C)CN(CCC(F)(F)F)[C@H](C)CO2,10.043,0.05673827583847821,0.05679927826717739,-0.027929637618755318,0.0847289158859327,-0.07299488657589183
correct_CP,CCS(=O)(=O)Nc1ccc2c(c1)C(=O)N(C)[C@@H]1CC[C@@H](CC(=O)NCCOC)O[C@@H]1CO2,10.1388,0.12065424217454708,0.12124488229359096,0.0066276402589157575,0.1146172420346752,0.19555877800254368
correct_CP,CCS(=O)(=O)Nc1ccc2c(c1)C(=O)N(C)[C@@H]1CC[C@@H](CC(=O)N[C@H]3CCN(Cc4ccccc4)C3)O[C@H]1CO2,9.92713,-0.13835580605065959,-0.13924890375139098,0.03169763068763988,-0.17094653443903085,-0.11370060404772755
correct_CP,CCS(=O)(=O)Nc1ccc2c(c1)C(=O)N(C)[C@@H]1CC[C@H](CC(=O)NCc3ccccc3F)O[C@H]1CO2,9.9318,-0.21642890630139902,-0.2199064615233265,0.00928442020422441,-0.2291908817275509,-0.039924924099591516
correct_CP,CCS(=O)(=O)Nc1ccc2c(c1)C(=O)N(C)[C@@H]1CC[C@H](CC(=O)N[C@@H]3CCN(Cc4ccccc4)C3)O[C@@H]1CO2,10.121,0.10370131466834914,0.10407546516751269,0.01819832396838864,0.08587714119912405,0.04383076373136367
correct_CP,CCS(=O)(=O)Nc1ccc2c(c1)C(=O)N(C)[C@@H]1CC[C@H](CC(=O)N[C@H]3CCN(Cc4ccccc4)C3)O[C@H]1CO2,10.0721,0.04034346578739674,0.04036537479762931,0.0060573754373767705,0.03430799936025254,-0.015175234716014532
correct_CP,CCS(=O)(=O)Nc1ccc2c(c1)C(=O)N(C)[C@H]1CC[C@@H](CC(=O)N[C@@H]3CCN(Cc4ccccc4)C3)O[C@@H]1CO2,10.0682,-0.15366497720020603,-0.15489190064038955,0.05621312727072534,-0.21110502791111488,-0.13632062721736724
correct_CP,CCS(=O)(=O)Nc1ccc2c(c1)C(=O)N(C)[C@H]1CC[C@H](CC(=O)NCCOC)O[C@H]1CO2,10.1081,-0.22164054697793736,-0.22538075284645392,0.022895258042888975,-0.2482760108893429,0.007496554513701299
correct_CP,CCSc1nnc(NC(=O)C(CC)(C(F)(F)F)C(F)(F)F)s1,10.0,0.19029986837423074,0.19264828666930134,0.14325117879917687,0.04939710787012447,0.017217617798704704
correct_CP,CC[C@H](C)[C@H](N)C(=O)N1CCC[C@H]1C(=O)N[C@H](C(=O)O)[C@@H](C)CC,10.0,0.31913264714917733,0.33068110491340863,0.07515595451574593,0.2555251503976627,0.002772208812202276
correct_CP,CCc1c(C)c2ccc(OCC(=O)OC)cc2oc1=O,10.0,0.4420541152501769,0.4747809340550963,0.32519425646302147,0.14958667759207483,-0.20972250561463718
correct_CP,CCc1c(C)nc2ncnn2c1N1CCCC(C(=O)NCc2ccc3c(c2)OCO3)C1,10.0,-0.023374486801360953,-0.02337874521065882,0.12079734387934392,-0.14417608909000273,-0.2210248670232755
correct_CP,CCc1cc(-c2n[nH]c(C)c2-c2ccc3c(c2)OCCO3)c(O)cc1O,10.0,0.23599630871975041,0.24053001543349134,0.08895540925137371,0.15157460618211763,0.3677406122938275
correct_CP,CCc1cc(C(=O)Nc2ccc(C)cc2Br)cs1,10.0,0.7003029586777229,0.8678948115054157,0.07715021994688676,0.7907445915585289,0.3404332380423071
correct_CP,CCc1cc(Cl)c(OC)c(C(=O)NC[C@@H]2CCCN2CC)c1O,10.0,0.335087845966098,0.34854871907921403,-0.02353194584357578,0.3720806649227898,0.13268013558725478
correct_CP,CCc1ccc(NC(=O)c2onc(C)c2Cl)cc1,10.0,0.2333722966126531,0.23775305551215134,0.07359697294495152,0.16415608256719982,0.12964299717922725
correct_CP,CCc1ccc(OCC(O)CN2CCN(c3ccccc3)CC2)cc1,10.0,0.17627532207581975,0.17813593656277038,0.17038874919382788,0.007747187368942504,-0.08232525572403145
correct_CP,CCc1cnc(N2[C@@H](C#N)[C@H](c3ccc(C4=CCCCC4)cc3)[C@@H]2CO)s1,10.0827,0.029291865045927817,0.029300246965259152,0.01090147406031845,0.018398772904940703,-0.21669986061305074
correct_CP,CCc1cnc(N2[C@H](C#N)[C@@H](c3ccc(C#CC(C)C)cc3)[C@@H]2CO)s1,9.50755,0.44896402336406327,0.4834020065223321,-0.0010173452528989225,0.48441935177523104,0.09638657197114528
correct_CP,CCc1cnc(N2[C@H](C#N)[C@@H](c3ccc(C#CC(C)C)cc3)[C@H]2CO)s1,10.0092,0.08662039845544098,0.0868380193106747,0.06795571174614341,0.018882307564531284,-0.07997231934982849
correct_CP,CCc1cnc(N2[C@H](C#N)[C@@H](c3ccc(C4=CCCCC4)cc3)[C@@H]2CO)s1,9.9427,0.027386100786063308,0.02739295038029085,-0.020290975714289713,0.04768392609458057,0.07973382998624047
correct_CP,CCc1nnc(NC(=O)/C=C/c2ccco2)s1,10.0,0.18298756414571943,0.1850720178406552,-0.006562800737340953,0.19163481857799614,0.09223454966507108
correct_CP,CCn1c(=O)n(C2=C(CO)CN(CC3CCCCCCC3)CC2)c2ccccc21,10.0,-0.12627043988512845,-0.12694802869640848,-0.023310735309088684,-0.10363729338731979,0.15667459390118932
correct_CP,CCn1c(C)c(C(C)=O)c(N2CCN(c3ccc(F)cc3)CC2)nc1=S,10.0,0.43796114018458754,0.4697052606589965,0.1310631342527107,0.33864212640628577,0.15614030971480974
correct_CP,CCn1c(C)nc2cc(C(=O)NN=Cc3ccc(N4CCOCC4)cc3)ccc21,10.0,0.2933859589273403,0.30226711348448165,0.06843930265451323,0.23382781082996842,0.050697289364057777
correct_CP,CCn1c(C)nc2cc(C(=O)NN=Cc3ccccc3)ccc21,10.0,0.4055775911317492,0.43030670075421945,0.10011428278585155,0.3301924179683679,-0.1606731365679137
correct_CP,CCn1c(SCC(=O)N2CCCc3ccccc32)nc2ccccc2c1=O,10.0,0.12340052583676307,0.12403268002463658,0.09624388849785398,0.027788791526782597,0.24678536194119166
correct_CP,CCn1c(SCC(=O)Nc2ccc(NC(C)=O)cc2)nnc1C1CC1,10.0,0.47092078546434435,0.5112528518869395,0.09097129091251041,0.42028156097442904,0.00487513002895168
correct_CP,CCn1cc(C(=O)O)c(=O)c2cc3c(cc21)OCO3,10.0,-0.15615220680737607,-0.15744028441989444,-0.00764938352572455,-0.14979090089416988,0.09978992175309515
correct_CP,CCn1nc(C(=O)O)c(=O)c2cc3c(cc21)OCO3,10.0,0.15644648645530196,0.15774193319466223,-0.010748650664917203,0.16849058385957943,0.059403706840684536
correct_CP,CCn1nc(C)c(C=NNC(=O)Cn2nnnc2N)c1C,10.0,0.4168476156152044,0.4438705809163763,0.07033874779084409,0.37353183312553223,0.27851213848723694
correct_CP,CN(C(=O)CCCOc1ccc2[nH]c(=O)ccc2c1)C1CCCCC1,10.0,0.27409528023080687,0.28128642768055484,0.038973065940447985,0.24231336174010687,-0.08122471016488475
correct_CP,CN(C(=O)Cc1ccccc1)C(CN1CCCC1)c1ccccc1,10.0,0.1714350170498073,0.17314475914529442,-0.049086644539702774,0.2222314036849972,-0.18581911464931047
correct_CP,CN(C(=O)Oc1ccc(C(C)(C)C)cc1)c1ccccc1,10.0,0.4339719299403378,0.46477988779573826,0.004601431291247213,0.460178456504491,-0.015463979673544315
correct_CP,CN(C(S)=NC1=CCS(=O)(=O)C1)C1CCCCC1,10.0,0.20920436501072256,0.21233915059576125,0.02585449665936521,0.18648465393639604,0.03877534088223916
correct_CP,CN(C)C(=O)C[C@@H]1C=C[C@H](NC(=O)Nc2cccc(F)c2)[C@@H](CO)O1,10.1422,0.6838379532801154,0.8362880373406986,0.042238916090619805,0.7940491212500788,0.07395369985950147
correct_CP,CN(C)C(=O)C[C@@H]1C=C[C@H](NC(=O)c2ccc(F)cc2)[C@@H](CO)O1,10.0481,-0.2286522364731277,-0.23276688893507727,-0.06149182456311539,-0.17127506437196188,0.03329855748955024
correct_CP,CN(C)C(=O)C[C@@H]1CC[C@@H](NC(=O)C2CCOCC2)[C@@H](CO)O1,10.0543,0.30342875940691116,0.3132917534418844,0.025161595891539407,0.288130157550345,0.20137107446122857
correct_CP,CN(C)C(=O)C[C@@H]1CC[C@@H](NC(=O)c2ccc(F)cc2)[C@@H](CO)O1,10.0339,0.5075868836158192,0.5594737647817863,-0.14165521916277068,0.701128983944557,-0.09422182956945485
correct_CP,CN(C)C(=O)C[C@@H]1CC[C@@H](NS(=O)(=O)c2ccccc2)[C@@H](CO)O1,10.0973,0.053689721992122484,0.05374139981917095,0.019942252913893777,0.033799146905277175,0.23056107389281216
correct_CP,CN(C)C(=O)C[C@@H]1CC[C@@H]2[C@H](COC[C@@H](O)CN2Cc2ccc(C(F)(F)F)cc2)O1,10.0277,0.200064082611786,0.20279930766598878,-0.021346711681172303,0.22414601934716108,-0.00398493816957687
correct_CP,CN(C)C(=O)C[C@@H]1CC[C@@H]2[C@H](COC[C@H](O)CN2C(=O)C2CCCC2)O1,9.91998,-0.05671459807314484,-0.05677552406346038,-0.12061168865063995,0.06383616458717958,-0.05714659648869733
correct_CP,CN(C)C(=O)C[C@@H]1CC[C@@H]2[C@H](COC[C@H](O)CN2C(=O)c2ccncc2)O1,10.0764,0.4250373991335769,0.45382417032689204,0.3002088075056615,0.15361536282123056,-0.2667690476364949
correct_CP,CN(C)C(=O)C[C@@H]1CC[C@H](NC(=O)C2CCOCC2)[C@H](CO)O1,10.1456,-0.3824656962400255,-0.4029446503177493,-0.07337480079480818,-0.3295698495229411,-0.011460802789043836
correct_CP,CN(C)C(=O)C[C@@H]1CC[C@H](NS(=O)(=O)c2ccccc2)[C@H](CO)O1,10.0279,-0.6619773328280542,-0.7963251904790664,-0.1271240012770434,-0.669201189202023,0.5707321769075895
correct_CP,CN(C)C(=O)C[C@@H]1CC[C@H]2[C@@H](COC[C@@H](O)CN2C(=O)C2CCCC2)O1,10.0419,0.32563050134065386,0.3379326485082958,0.0020398157150839577,0.33589283279321186,-0.12556446590571532
correct_CP,CN(C)C(=O)C[C@@H]1C[C@@H]2c3cc(NC(=O)NC4CCCC4)ccc3O[C@@H]2[C@H](CO)O1,9.95903,0.35258715216824654,0.3683951299528074,-0.02835977923915208,0.39675490919195944,-0.060243300632640696
correct_CP,CN(C)C(=O)C[C@@H]1C[C@@H]2c3cc(NC(=O)c4cccnc4)ccc3O[C@@H]2[C@@H](CO)O1,10.1242,-0.14888829525825273,-0.15000333557543205,-0.01892884792006552,-0.13107448765536653,-0.18895423540578132
correct_CP,CN(C)C(=O)C[C@@H]1C[C@@H]2c3cc(NS(C)(=O)=O)ccc3O[C@@H]2[C@H](CO)O1,9.95365,0.039289396185255045,0.039309631376209006,0.0014057761166896415,0.037903855259519365,0.018401939465100232
correct_CP,CN(C)C(=O)C[C@@H]1C[C@H]2c3cc(NC(=O)CC4CC4)ccc3O[C@H]2[C@@H](CO)O1,10.0665,0.04241506757721554,0.042440530506986374,0.06220052994007795,-0.019759999433091577,0.024754317249457605
correct_CP,CN(C)C(=O)C[C@@H]1C[C@H]2c3cc(NC(=O)NC4CCCC4)ccc3O[C@H]2[C@@H](CO)O1,10.1845,0.059589882265235795,0.059660566569448494,-0.07962635360899095,0.13928692017843944,0.06639312599578195
correct_CP,CN(C)C(=O)C[C@@H]1C[C@H]2c3cc(NC(=O)NC4CCCC4)ccc3O[C@H]2[C@H](CO)O1,10.0587,0.06596468748304879,0.06606061632022832,0.007020277064361481,0.05904033925586684,-0.13787791548996203
correct_CP,CN(C)C(=O)C[C@@H]1C[C@H]2c3cc(NC(=O)Nc4ccc(F)cc4)ccc3O[C@H]2[C@@H](CO)O1,10.0388,0.5502514585276184,0.6187418991060556,-0.18007041893525252,0.7988123180413081,0.19225945442268583
correct_CP,CN(C)C(=O)C[C@@H]1C[C@H]2c3cc(NC(=O)Nc4ccccc4F)ccc3O[C@H]2[C@H](CO)O1,10.0531,0.06305766702470621,0.0631414450801805,0.003878622607914043,0.05926282247226646,0.058301478875020366
correct_CP,CN(C)C(=O)C[C@@H]1C[C@H]2c3cc(NS(C)(=O)=O)ccc3O[C@H]2[C@H](CO)O1,10.0525,0.14832865637319292,0.1494310582269539,-0.03153265092643599,0.18096370915338988,0.2443768656666802
correct_CP,CN(C)C(=O)C[C@H]1C=C[C@@H](NC(=O)Nc2cccc(F)c2)[C@@H](CO)O1,9.99917,0.35353354275521715,0.36947628886428435,0.05257661772770415,0.3168996711365802,0.06992161295540815
correct_CP,CN(C)C(=O)C[C@H]1C=C[C@@H](NC(=O)Nc2cccc(F)c2)[C@H](CO)O1,10.036,-0.06144071630255916,-0.061518204001588986,-0.031248338962471783,-0.030269865039117202,0.09104349195078545
correct_CP,CN(C)C(=O)C[C@H]1CC[C@@H]2[C@H](COc3ccc(NC(=O)c4ccc(F)cc4)cc3C(=O)N2C)O1,10.0611,0.14243615842285667,0.1434113076386721,-0.08699300941635875,0.23040431705503084,-0.2399371870027937
correct_CP,CN(C)C(=O)C[C@H]1CC[C@H](NC(=O)C2CCOCC2)[C@H](CO)O1,9.93412,-0.5017099380850563,-0.5515886677226338,0.06955875772250261,-0.6211474254451365,0.10430550190703972
correct_CP,CN(C)C(=O)C[C@H]1CC[C@H](NS(=O)(=O)c2ccccc2)[C@@H](CO)O1,10.096052,-0.11808098079956715,-0.11863442394845482,0.013179837767464786,-0.1318142617159196,-0.04177282443643185
correct_CP,CN(C)C(=O)C[C@H]1CC[C@H](NS(=O)(=O)c2ccccc2)[C@H](CO)O1,10.0352,0.001327557056477837,0.0013275578363776048,-0.1518914211822862,0.15321897901866383,0.07389296227117177
correct_CP,CN(C)C(=O)C[C@H]1CC[C@H]2[C@H](COc3ccc(NC(=O)c4ccc(F)cc4)cc3C(=O)N2C)O1,9.85927,0.21428546030392318,0.21765876942342427,-0.02121815434274077,0.23887692376616504,-0.13565810963453886
correct_CP,CN(C)C(=O)C[C@H]1C[C@@H]2c3cc(NC(=O)C4CCOCC4)ccc3O[C@@H]2[C@@H](CO)O1,9.95494,0.18954379570843938,0.19186392167822153,0.013069150260927552,0.17879477141729397,-0.07239767888625415
correct_CP,CN(C)C(=O)C[C@H]1C[C@@H]2c3cc(NC(=O)CC4CC4)ccc3O[C@@H]2[C@@H](CO)O1,9.99573,0.041952157633487544,0.04197679535808151,0.003660273259210924,0.03831652209887059,-0.051652531453043944
correct_CP,CN(C)C(=O)C[C@H]1C[C@@H]2c3cc(NC(=O)NC4CCCC4)ccc3O[C@@H]2[C@H](CO)O1,9.97571,-0.17327181648200077,-0.17503779307336698,0.018844923859270665,-0.19388271693263764,-0.1513441402648352
correct_CP,CN(C)C(=O)C[C@H]1C[C@@H]2c3cc(NC(=O)Nc4ccc(F)cc4)ccc3O[C@@H]2[C@H](CO)O1,10.043,0.4034824074082594,0.4278015633957277,-0.18336466134790935,0.6111662247436371,0.046987908286838104
correct_CP,CN(C)C(=O)C[C@H]1C[C@@H]2c3cc(NC(=O)Nc4ccccc4F)ccc3O[C@@H]2[C@@H](CO)O1,10.0703,0.10875685457278009,0.10918871756189477,0.007805724993398476,0.1013829925684963,0.14069770803351994
correct_CP,CN(C)C(=O)C[C@H]1C[C@H]2c3cc(NC(=O)CC4CC4)ccc3O[C@H]2[C@@H](CO)O1,9.97759,-0.3808045408656398,-0.4010003100451981,0.047230942135657455,-0.4482312521808556,-0.12494837251637919
correct_CP,CN(C)C(=O)C[C@H]1C[C@H]2c3cc(NC(=O)CC4CC4)ccc3O[C@H]2[C@H](CO)O1,9.95043,0.04670290332257902,0.04673690334929361,0.026877346610153258,0.019859556739140354,-0.1282594716469862
correct_CP,CN(C)C(=O)C[C@H]1C[C@H]2c3cc(NC(=O)NC4CCCC4)ccc3O[C@H]2[C@H](CO)O1,10.0655,-0.030694418232399687,-0.030704063239727287,-0.008914846828861997,-0.02178921641086529,0.02205343929208018
correct_CP,CN(C)C(=O)C[C@H]1C[C@H]2c3cc(NC(=O)Nc4ccccc4F)ccc3O[C@H]2[C@@H](CO)O1,10.0138,-0.1816621678423449,-0.18370104700743561,-0.004208025586379586,-0.17949302142105603,-0.06659402576464962
correct_CP,CN(C)C(=O)C[C@H]1C[C@H]2c3cc(NS(C)(=O)=O)ccc3O[C@H]2[C@H](CO)O1,10.0645,0.09078610701059461,0.09103677103002458,0.01552593039872931,0.07551084063129528,0.10824326746169759
correct_CP,CN(C)C(=O)Nc1ccc(Cl)c(Cl)c1,10.0,-0.16787951507905252,-0.16948387961281502,-0.0327999322132976,-0.13668394739951742,-0.08408121048823805
correct_CP,CN(C)C(=O)[C@@H]1[C@@H](CO)[C@@H]2Cn3c(ccc(-c4cccc(F)c4)c3=O)[C@H]1N2Cc1ccccc1,10.0035,-0.036777356661334096,-0.036793951495877976,0.01360761269763901,-0.05040156419351699,-0.04197344709466305
correct_CP,CN(C)C(=O)[C@@H]1[C@@H](CO)[C@@H]2Cn3c(ccc(-c4cncnc4)c3=O)[C@@H]2N1Cc1cc(F)ccc1F,9.96719,0.33692644718951625,0.3506213194262764,-0.07373347140643757,0.424354790832714,-0.15866507116505765
correct_CP,CN(C)C(=O)[C@@H]1[C@@H](CO)[C@@H]2Cn3c(ccc(/C=C/c4ccccc4)c3=O)[C@@H]2N1C(=O)c1cccnc1,10.076,0.05942042631925549,0.05949050847055939,0.051959188340806886,0.0075313201297525015,-0.11144671461485708
correct_CP,CN(C)C(=O)[C@@H]1[C@@H](CO)[C@@H]2Cn3c(ccc(C4=CCCC4)c3=O)[C@@H]2N1C(=O)c1ccccc1F,9.90384,0.24157716414794184,0.24644834796507023,-0.06304100936064402,0.30948935732571425,0.240844776400059
correct_CP,CN(C)C(=O)[C@@H]1[C@@H](CO)[C@@H]2Cn3c(ccc(C4=CCCC4)c3=O)[C@H]1N2CC1CCOCC1,9.98993,0.1743408826233945,0.1761401603571333,-0.025077394481324657,0.20121755483845796,0.1991532115753207
correct_CP,CN(C)C(=O)[C@@H]1[C@@H](CO)[C@@H]2Cn3c(cccc3=O)[C@H]1N2C(=O)c1ccc(F)cc1,10.035,0.06488571164226657,0.06497700200832816,-0.04448616725117093,0.10946316925949909,-0.10194989959644352
correct_CP,CN(C)C(=O)[C@H]1N[C@H]2c3ccc(-c4ccc(F)cc4)c(=O)n3C[C@H]2[C@@H]1CO,10.0581,0.2101549181419802,0.21333341730024322,-0.008623431249680218,0.22195684854992342,-0.13779688688274747
correct_CP,CN(C)C(=O)[C@H]1[C@H](CO)[C@H]2Cn3c(ccc(-c4ccccc4)c3=O)[C@@H]1N2C(=O)C1CCC1,10.0579,0.1317559001851395,0.132526351760757,0.033100610802329684,0.09942574095842732,-0.07301250489466615
correct_CP,CN(C)C(=O)c1cc2c(c(-c3cccc(-c4ccc(F)cc4)c3)n1)[C@@H](CCO)N([S@](=O)C(C)(C)C)C2,9.87558,-0.14225098339694273,-0.14322230305957112,-0.21146684570678653,0.06824454264721541,0.239554190598259
correct_CP,CN(C)C(=O)c1ccc(-c2ccc([C@H]3[C@@H](C#N)N[C@@H]3CO)cc2)cc1,10.0274,0.07679057283024437,0.07694204847184513,0.04102722262992815,0.03591482584191698,0.14153416528024265
correct_CP,CN(C)C(=O)c1cccc(-c2ccc([C@H]3[C@@H](C#N)N(C(=O)C4CC4)[C@H]3CO)cc2)c1,10.0348,0.24994439294265586,0.25535349856795575,-0.007949513414080966,0.2633030119820367,0.12324463501345254
correct_CP,CN(C)C(=O)c1cccc(-c2ccc3n(c2=O)C[C@H]2N[C@@H]3[C@@H](C(=O)NC3CCC3)[C@@H]2CO)c1,10.0113,0.030255384943827894,0.03026462182620514,-0.0576442528081868,0.08790887463439194,0.4174398009576533
correct_CP,CN(C)C(=O)c1cccc(-c2cccc(-c3nc(C(=O)N4CCOCC4)cc4c3[C@H](CCO)N([S@@](=O)C(C)(C)C)C4)c2)c1,10.0786,0.045291700051896006,0.04532270775510225,-0.04092551883411863,0.08624822658922088,0.03204233689494998
correct_CP,CN(C)CC(=O)N1[C@@H]2c3ccc(-c4cccnc4)c(=O)n3C[C@H]1[C@H](CO)[C@H]2C(=O)NC1CCC1,10.1544,-0.5420248916910225,-0.6070184312487896,-0.02778594226913813,-0.5792324889796515,0.1004392225102392
correct_CP,CN(C)CC(=O)N[C@@H]1C=C[C@@H](CC(=O)NCCN2CCCCC2)O[C@H]1CO,10.01,0.5033409723554683,0.5537707478167588,-0.04780695107073674,0.6015776988874956,0.3197952247469498
correct_CP,CN(C)CC(=O)N[C@H]1C=C[C@@H](CC(=O)NCCN2CCCCC2)O[C@H]1CO,10.0685,0.255348664634751,0.26112626539885386,-0.09113066129714571,0.35225692669599956,0.40195650746629863
correct_CP,CN(C)CC(=O)Nc1ccc2c(c1)[C@@H]1C[C@@H](CC(=O)NC3CCCCC3)O[C@H](CO)[C@@H]1O2,10.0937,0.05093016546203055,0.050974269732135806,-0.05293928760026499,0.10391355733240079,0.24872763692891575
correct_CP,CN(C)CC(=O)Nc1ccc2c(c1)[C@@H]1C[C@@H](CC(=O)NCc3ccncc3)O[C@@H](CO)[C@@H]1O2,10.0973,0.4135943570225385,0.43993957773306347,0.06126791716820013,0.37867166056486334,-0.3776694726353046
correct_CP,CN(C)CC(=O)Nc1ccc2c(c1)[C@@H]1C[C@H](CC(=O)NCc3cc(F)ccc3F)O[C@H](CO)[C@@H]1O2,10.0188,0.29118149081731615,0.2998567250937134,-0.04110928593454859,0.340966011028262,0.09474718354368228
correct_CP,CN(C)CC(=O)Nc1ccc2c(c1)[C@@H]1C[C@H](CC(=O)NCc3ccc(-c4ccccc4)cc3)O[C@H](CO)[C@@H]1O2,10.1054,0.05521989096575626,0.055276120041518155,-0.1287444499548171,0.18402056999633526,-0.1495999908262588
correct_CP,CN(C)CC(=O)Nc1ccc2c(c1)[C@@H]1C[C@H](CC(=O)NCc3ccc4c(c3)OCO4)O[C@H](CO)[C@@H]1O2,10.123,0.07119815882236823,0.0713188314379551,-0.020236721010320643,0.09155555244827575,0.04274410365410536
correct_CP,CN(C)CC(=O)Nc1ccc2c(c1)[C@@H]1C[C@H](CC(=O)NCc3ccncc3)O[C@H](CO)[C@@H]1O2,10.0252,-0.02924242361512582,-0.029250763148304885,-0.016085826194024336,-0.013164936954280549,0.09765455765757622
correct_CP,CN(C)CC(=O)Nc1ccc2c(c1)[C@H]1C[C@@H](CC(=O)NC3CCCCC3)O[C@@H](CO)[C@H]1O2,10.0073,0.09314399383812513,0.09341477110011967,0.005448313164131247,0.08796645793598842,-0.0777830563229834
correct_CP,CN(C)CC(=O)Nc1ccc2c(c1)[C@H]1C[C@@H](CC(=O)NCC3CC3)O[C@H](CO)[C@H]1O2,9.7129,0.2414824979252911,0.24634781710796788,-0.06084439196878879,0.30719220907675665,0.19635802557667736
correct_CP,CN(C)CC(=O)Nc1ccc2c(c1)[C@H]1C[C@@H](CC(=O)NCc3cccc(F)c3)O[C@H](CO)[C@H]1O2,9.98051,0.17577432481819397,0.17761891965941234,0.030170606587876216,0.14744831307153614,0.04446586902000268
correct_CP,CN(C)CC(=O)Nc1ccc2c(c1)[C@H]1C[C@H](CC(=O)NCc3ccncc3)O[C@@H](CO)[C@H]1O2,9.94813,0.10048514262137065,0.10082541483759369,-0.024078465380117077,0.12490388021771076,0.011151470700360116
correct_CP,CN(C)CCCNC(=O)C[C@@H]1C=C[C@@H](NC(=O)c2ccccc2F)[C@@H](CO)O1,10.0737,-0.11124658257157438,-0.1117089426021824,-0.031441019782060806,-0.0802679228201216,-0.08049524631395939
correct_CP,CN(C)CCCNC(=O)C[C@@H]1C=C[C@@H](NS(=O)(=O)c2ccccc2)[C@H](CO)O1,10.0407,0.19642015573282393,0.19900631138528618,0.0667068598223523,0.13229945156293388,-0.07745510757764042
correct_CP,CN(C)CCCNC(=O)C[C@@H]1C=C[C@H](NC(=O)Cc2cccnc2)[C@@H](CO)O1,10.0163,0.07483473571791345,0.0749749044424565,-0.043452357155334444,0.11842726159779093,0.023071566829726255
correct_CP,CN(C)CCCNC(=O)C[C@@H]1C=C[C@H](NC(=O)c2ccccc2F)[C@@H](CO)O1,9.98798,-0.20061899339152434,-0.20337742208651785,0.012201679797901557,-0.21557910188441942,-0.2751094584985095
correct_CP,CN(C)CCCNC(=O)C[C@@H]1CC[C@@H]2[C@H](COc3ccc(NS(C)(=O)=O)cc3C(=O)N2C)O1,10.2563,0.10106661391677403,0.10141285203174967,0.167837232428937,-0.06642438039718733,-0.135290139938883
correct_CP,CN(C)CCCNC(=O)C[C@@H]1CC[C@H](NC(=O)c2ccccc2F)[C@@H](CO)O1,10.0537,-0.13361312377819948,-0.134416858649719,-0.048125323711029,-0.08629153493869,-0.07991625169061163
correct_CP,CN(C)CCCNC(=O)C[C@@H]1CC[C@H]2[C@@H](COC[C@H](O)CN2CC2CCCC2)O1,10.0421,0.17259986753210516,0.1743451287160172,0.27689356328512693,-0.10254843456910973,-0.3764704171052843
correct_CP,CN(C)CCCNC(=O)C[C@H]1C=C[C@@H](NS(=O)(=O)c2ccccc2)[C@H](CO)O1,10.1283,0.47318654523637615,0.5141682707068169,-0.04624642778951872,0.5604146984963356,0.1820819568053907
correct_CP,CN(C)CCCNC(=O)C[C@H]1C=C[C@H](NC(=O)Cc2cccnc2)[C@H](CO)O1,10.0008,0.4625459894609025,0.500545414921681,0.0010372027831205312,0.4995082121385605,-0.35209209619986914
correct_CP,CN(C)CCCNC(=O)C[C@H]1C=C[C@H](NC(=O)c2ccccc2F)[C@@H](CO)O1,10.1689,0.03402854173530073,0.034041685223429846,-0.005935453314382326,0.03997713853781217,0.22830351113831793
correct_CP,CN(C)CCCNC(=O)C[C@H]1CC[C@H](NC(=O)c2ccccc2F)[C@H](CO)O1,9.9477,-0.037480697880159224,-0.037498263683794185,-0.0037385190233388994,-0.03375974466045528,0.08102983211077486
correct_CP,CN(C)CCCNC(=O)[C@H]1[C@H](CO)[C@H]2Cn3c(ccc(C4=CCCC4)c3=O)[C@@H]1N2Cc1cocn1,9.97376,-0.15051253285707888,-0.15166480751468128,-0.01795020961560192,-0.13371459789907936,-0.14703831479270443
correct_CP,CN(C)CCCNC(=O)[C@H]1[C@H](CO)[C@H]2Cn3c(ccc(C4=CCCC4)c3=O)[C@H]2N1CCC(F)(F)F,10.0957,0.04367545942216401,0.043703262229267494,0.014887146759679531,0.028816115469587962,0.07554571558356629
correct_CP,CN(C)CCCc1cc(C(=O)Nc2ccc(-c3ccncc3)cc2)ccc1O,10.0,0.1724920454123063,0.17423399800053457,0.017299394381040667,0.1569346036194939,0.07397123638047128
correct_CP,CN(C)CCCn1c(SCc2ccc(Cl)cc2)nnc1-c1ccncc1,10.0,0.12057478836615342,0.12116425553829983,0.07228574428341947,0.048878511254880366,0.17466130749512535
correct_CP,CN(C)CCOC(=O)C(c1ccccc1)C1(O)CCCC1,10.0,0.11865697897872571,0.11921860726293508,0.27057856703459837,-0.15135995977166328,-0.15614227458976043
correct_CP,CN(C)CCc1c[nH]c2ccc(CS(=O)(=O)N3CCCC3)cc12,10.0,0.0359787345359101,0.03599427106086482,-0.04399710363462713,0.07999137469549195,0.042779028136510314
correct_CP,CN(C)Cc1cn(CC[C@@H]2CC[C@@H](N)[C@H](CO)O2)nn1,10.1215,0.10485900345023326,0.10524588160570175,-0.05387394205698663,0.1591198236626884,-0.2037045411720697
correct_CP,CN(C)Cc1cn(CC[C@@H]2CC[C@@H](NC(=O)Cc3cccnc3)[C@@H](CO)O2)nn1,10.0959,0.26175271251035515,0.26798911432228256,-0.03300792917849454,0.3009970435007771,-0.28491804197635623
correct_CP,CN(C)Cc1cn(CC[C@@H]2CC[C@H](NC(=O)Cc3cccnc3)[C@@H](CO)O2)nn1,10.0188,0.14274572550012105,0.1437272995214757,0.05137428218455863,0.09235301733691706,0.15048275703141467
correct_CP,CN(C)Cc1cn(CC[C@H]2CC[C@@H](NC(=O)Cc3cccnc3)[C@@H](CO)O2)nn1,10.114,-0.19697701078917204,-0.19958557849623243,-0.15870347442911423,-0.0408821040671182,0.1395211516861026
correct_CP,CN(C)Cc1cn(CC[C@H]2CC[C@H](NC(=O)Cc3cccnc3)[C@@H](CO)O2)nn1,10.021,0.6321872664470081,0.7450511715529022,0.09543144400255235,0.6496197275503499,-0.20481971080829486
correct_CP,CN(C)Cc1cn(CC[C@H]2CC[C@H](NC(=O)Cc3cccnc3)[C@H](CO)O2)nn1,9.98849,0.46486569767271324,0.5035005477626068,0.06020649819358123,0.4432940495690255,0.03323251466914706
correct_CP,CN(C)S(=O)(=O)c1ccc(N2CCCC2)c(C(=O)N2CCN(c3ccc([N+](=O)[O-])cc3)CC2)c1,20.0,-0.11878172512103852,-0.1193451367479878,-0.08564728968759652,-0.03369784706039128,0.18034453673100773
correct_CP,CN(C)c1ccc2c(c1)[C@@H]1C[C@@H](CC(=O)NCc3ccccn3)O[C@@H](CO)[C@@H]1O2,10.073,0.04748911169717453,0.04752485947826205,-0.19472700951866623,0.24225186899692827,0.28106997508402043
correct_CP,CN(C)c1ccc2c(c1)[C@@H]1C[C@@H](CC(=O)NCc3ccccn3)O[C@H](CO)[C@@H]1O2,10.0586,-0.1931278517526397,-0.1955841786771876,0.023197629635610707,-0.2187818083127983,0.09788225088672886
correct_CP,CN(C)c1ccc2c(c1)[C@@H]1C[C@H](CC(=O)N3CCc4ccccc4C3)O[C@@H](CO)[C@@H]1O2,10.0419,0.20011697059746322,0.20285440139632532,-0.141666002374353,0.34452040377067833,0.23704073063583805
correct_CP,CN(C)c1ccc2c(c1)[C@@H]1C[C@H](CC(=O)N3CCc4ccccc4C3)O[C@H](CO)[C@@H]1O2,10.1031,-0.11796347454596073,-0.11851525780008115,-0.1870414571712813,0.06852619937120014,-0.14263412555292726
correct_CP,CN(C)c1ccc2c(c1)[C@@H]1C[C@H](CC(=O)NCC3CC3)O[C@H](CO)[C@@H]1O2,9.9718,0.2951582028130016,0.3042073772645894,0.035333692101225486,0.2688736851633639,0.3040007596953897
correct_CP,CN(C)c1ccc2c(c1)[C@@H]1C[C@H](CC(=O)NCc3ccc(Cl)cc3)O[C@H](CO)[C@@H]1O2,9.998544,0.07911617463372729,0.07928186981466356,-0.022264282663516297,0.10154615247817986,0.02774311958592886
correct_CP,CN(C)c1ccc2c(c1)[C@@H]1C[C@H](CC(=O)NCc3ccc(Oc4ccccc4)cc3)O[C@H](CO)[C@@H]1O2,10.0034,0.10740929704456532,0.10782523164150598,0.043484017225704795,0.06434121441580118,0.010654138497196687
correct_CP,CN(C)c1ccc2c(c1)[C@@H]1C[C@H](CC(=O)NCc3cccc(F)c3)O[C@@H](CO)[C@@H]1O2,9.91433,0.3309327113241826,0.34387531304424757,0.061843543775599405,0.28203176926864815,0.261334161431209
correct_CP,CN(C)c1ccc2c(c1)[C@H]1C[C@H](CC(=O)NCc3ccc(Cl)cc3)O[C@H](CO)[C@H]1O2,9.943933,0.1410246171285297,0.14197083049691467,-0.03037025856420868,0.17234108906112336,0.2625207069679807
correct_CP,CN(C)c1ccc2c(c1)[C@H]1C[C@H](CC(=O)NCc3ccc4c(c3)OCO4)O[C@@H](CO)[C@H]1O2,10.0281,0.12682196639742402,0.12750853107617352,-0.0039009433294376625,0.13140947440561118,0.26513052737271003
correct_CP,CN(C)c1ccc2c(c1)[C@H]1C[C@H](CC(=O)O)O[C@H](CO)[C@H]1O2,10.2478,0.08333962748080269,0.0835333804974175,0.10377976529504268,-0.02024638479762518,-0.11964400123474422
correct_CP,CN([N+][O-])c1cc(O)ccc1O,10.0,-0.021255356797007834,-0.021258558652239544,0.01436729600386969,-0.035625854656109235,-0.070310062014914
correct_CP,CN(c1ccccc1)S(=O)(=O)c1ccc(NC(=O)c2cccs2)cc1,10.0,0.22376169271546736,0.22761258928400596,0.09101069785131966,0.1366018914326863,-0.01921660639873636
correct_CP,CN1C(=O)/C(=C/c2ccccc2Cl)Sc2ccc(C(=O)NCc3cccnc3)cc21,10.0,0.4389823391311789,0.47096952386005964,0.099002862017199,0.37196666184286065,0.2940935753860451
correct_CP,CN1C(=O)NC2C1N(S(C)(=O)=O)CCN2S(C)(=O)=O,10.0,0.07013387598647558,0.070249207131129,0.052518937827872966,0.017730269303256038,0.08997324614747661
correct_CP,CN1C(=O)c2cc(NC(=O)C3CCCCC3)ccc2OC[C@@H]2O[C@H](CC(=O)NCc3ccccc3F)CC[C@@H]21,10.0797,0.05080182859413591,0.050845599950347375,0.007388618471795121,0.04345698147855225,-0.12350349609427194
correct_CP,CN1C(=O)c2cc(NC(=O)C3CCCCC3)ccc2OC[C@H]2O[C@H](CC(=O)NCc3ccccc3F)CC[C@@H]21,10.1669,0.19666489779213253,0.199260887456157,0.0031453773297686945,0.1961155101263883,0.25979492204772375
correct_CP,CN1C(=O)c2cc(NC(=O)C3CCOCC3)ccc2OC[C@@H]2O[C@@H](CC(=O)NCC3CCCCC3)CC[C@@H]21,9.8337,-0.3439409489254581,-0.3585553907658468,-0.1433118644904272,-0.2152435262754196,-0.2685762011795387
correct_CP,CN1C(=O)c2cc(NC(=O)C3CCOCC3)ccc2OC[C@@H]2O[C@@H](CC(=O)NCc3ccc4c(c3)OCO4)CC[C@@H]21,10.03,0.2089984853899359,0.2121238576324257,-0.05713282569140468,0.26925668332383035,-0.34797619301252847
correct_CP,CN1C(=O)c2cc(NC(=O)C3CCOCC3)ccc2OC[C@@H]2O[C@@H](CC(=O)NCc3ccc4c(c3)OCO4)CC[C@H]21,9.89398,0.2937048176524806,0.3026160387152625,0.06714393441709773,0.23547210429816476,0.06130490908237335
correct_CP,CN1C(=O)c2cc(NC(=O)C3CCOCC3)ccc2OC[C@@H]2O[C@H](CC(=O)NCc3ccc4c(c3)OCO4)CC[C@H]21,9.97377,0.2736481453324734,0.28080303560313313,-0.03982673010969427,0.3206297657128274,-0.0932577887332814
correct_CP,CN1C(=O)c2cc(NC(=O)C3CCOCC3)ccc2OC[C@H]2O[C@H](CC(=O)NCCc3ccncc3)CC[C@H]21,10.1712,0.1344665049769282,0.13528585283846353,-0.0001276363272704091,0.13541348916573395,0.10262864459741773
correct_CP,CN1C(=O)c2cc(NC(=O)CC(F)(F)F)ccc2OC[C@H]2O[C@@H](CC(=O)NC3CCC3)CC[C@@H]21,10.0,-0.16237253697889775,-0.1638225195347945,-0.01984344111340413,-0.14397907842139035,-0.06760627107995149
correct_CP,CN1C(=O)c2cc(NC(=O)Cc3cccs3)ccc2OC[C@@H]2O[C@H](CC(=O)N[C@H]3CCN(Cc4ccccc4)C3)CC[C@@H]21,9.9423,-0.3583145901666963,-0.37495088525218745,0.06792814333271732,-0.4428790285849048,-0.21964388536420057
correct_CP,CN1C(=O)c2cc(NC(=O)Cc3cccs3)ccc2OC[C@H]2O[C@@H](CC(=O)N[C@@H]3CCN(Cc4ccccc4)C3)CC[C@@H]21,10.0134,-0.011524475047846991,-0.011524985290560008,-0.00035286050042004913,-0.011172124790139959,-0.09186465496295873
correct_CP,CN1C(=O)c2cc(NC(=O)Cc3cccs3)ccc2OC[C@H]2O[C@H](CC(=O)N[C@H]3CCN(Cc4ccccc4)C3)CC[C@@H]21,9.98421,-0.03968678419230745,-0.039707640007078195,0.014904424330166359,-0.054612064337244554,0.00840784482437977
correct_CP,CN1C(=O)c2cc(NC(=O)NC3CCCC3)ccc2OC[C@@H]2O[C@@H](CC(=O)NCC3CC3)CC[C@@H]21,9.8291,0.29618358473109196,0.30533098669016,-0.08442565509603102,0.389756641786191,0.06558916014388405
correct_CP,CN1C(=O)c2cc(NC(=O)NC3CCCC3)ccc2OC[C@H]2O[C@@H](CC(=O)NCC3CC3)CC[C@H]21,9.82482,0.27826981662500005,0.2858056874818025,0.008476677422254754,0.27732901005954774,0.08930773033608763
correct_CP,CN1C(=O)c2cc(NC(=O)Nc3ccccc3)ccc2OC[C@@H]2O[C@H](CC(=O)O)CC[C@@H]21,10.1688,-0.16007706441148298,-0.16146578622476104,0.0024898277301419747,-0.16395561395490302,-0.0639083594408008
correct_CP,CN1C(=O)c2cc(NC(=O)Nc3ccccc3Cl)ccc2OC[C@H]2O[C@@H](CC(=O)NCCCN3CCOCC3)CC[C@@H]21,10.0241,-0.11064993071196748,-0.1111048546942028,-0.009516644709901987,-0.1015882099843008,0.026075884530739335
correct_CP,CN1C(=O)c2cc(NC(=O)Nc3ccccc3Cl)ccc2OC[C@H]2O[C@H](CC(=O)NCCCN3CCOCC3)CC[C@@H]21,10.1545,-0.04728675736289972,-0.04732204971036047,-0.012378112250680957,-0.03494393745967951,0.02652577363307343
correct_CP,CN1C(=O)c2cc(NC(=O)Nc3ccccc3F)ccc2OC[C@@H]2O[C@H](CC(=O)NCCc3ccncc3)CC[C@@H]21,9.79992,0.08961055747363156,0.08985157893840973,0.06295229904683311,0.026899279891576616,0.1536448295138037
correct_CP,CN1C(=O)c2cc(NC(=O)c3ccc(C(F)(F)F)cc3)ccc2OC[C@H]2O[C@H](CC(=O)NC3Cc4ccccc4C3)CC[C@@H]21,9.99072,0.14198943070988754,0.14295535858547076,0.05730164221248964,0.08565371637298112,-0.10849968963261229
correct_CP,CN1C(=O)c2cc(NC(=O)c3ccc(C(F)(F)F)cc3)ccc2OC[C@H]2O[C@H](CC(=O)NC3Cc4ccccc4C3)CC[C@H]21,9.92732,0.07879289308635419,0.07895656034421807,-0.0018632218233257383,0.0808197821675438,0.14238201132726822
correct_CP,CN1C(=O)c2cc(NC(=O)c3ccc(Cl)cc3)ccc2OC[C@@H]2O[C@H](CC(=O)O)CC[C@H]21,10.1725,-0.12360286482838252,-0.12423815302866806,0.014267086023041125,-0.1385052390517092,0.02537579638023539
correct_CP,CN1C(=O)c2cc(NC(=O)c3ccc(F)c(F)c3)ccc2OC[C@@H]2O[C@@H](CC(=O)N[C@@H]3CCN(Cc4ccccc4)C3)CC[C@@H]21,9.9261,0.028880345561243453,0.028888379033845942,-0.06534453491333811,0.09423291394718405,0.3786766816394792
correct_CP,CN1C(=O)c2cc(NC(=O)c3ccc(F)c(F)c3)ccc2OC[C@@H]2O[C@@H](CC(=O)N[C@@H]3CCN(Cc4ccccc4)C3)CC[C@H]21,10.0621,0.37214178160573536,0.3909068841092813,0.07171976015117762,0.31918712395810367,0.004687400658772017
correct_CP,CN1C(=O)c2cc(NC(=O)c3ccc(F)c(F)c3)ccc2OC[C@@H]2O[C@@H](CC(=O)N[C@H]3CCN(Cc4ccccc4)C3)CC[C@H]21,10.0511,0.10221231118079609,0.1025705086928414,-0.018975793594740234,0.12154630228758163,0.14933720015072555
correct_CP,CN1C(=O)c2cc(NC(=O)c3ccc(F)c(F)c3)ccc2OC[C@@H]2O[C@H](CC(=O)N3CCOCC3)CC[C@H]21,10.1999,0.08636389328535621,0.08657958078863984,0.015231812441293508,0.07134776834734632,0.13655887010187762
correct_CP,CN1C(=O)c2cc(NC(=O)c3cccc(C(F)(F)F)c3)ccc2OC[C@@H]2O[C@H](CC(=O)O)CC[C@H]21,9.88446,0.15961229518077258,0.16098883061532637,0.02667533463888901,0.13431349597643735,0.00823217508853254
correct_CP,CN1C(=O)c2cc(NC(=O)c3cccc(F)c3)ccc2OC[C@@H]2O[C@@H](CC(=O)NCC3CCCCC3)CC[C@H]21,10.08092,0.006551237523257607,0.006551331249232384,-0.12210461366340179,0.12865594491263418,0.25050200182618676
correct_CP,CN1C(=O)c2cc(NC(=O)c3cccc(F)c3)ccc2OC[C@H]2O[C@H](CC(=O)NCC3CCCCC3)CC[C@@H]21,10.003,-0.06055620198128681,-0.060630386218491886,0.07199732230566665,-0.13262770852415853,0.12057523297455235
correct_CP,CN1C(=O)c2cc(NC(=O)c3ccccc3Cl)ccc2OC[C@@H]2O[C@@H](CC(=O)NCC(F)(F)F)CC[C@@H]21,10.0,-0.016759139000538364,-0.016760708304426306,0.08571716273885274,-0.10247787104327905,-0.059551390562660816
correct_CP,CN1C(=O)c2cc(NC(=O)c3ccccc3Cl)ccc2OC[C@@H]2O[C@@H](CC(=O)NCC(F)(F)F)CC[C@H]21,10.0,-0.13316160113152833,-0.13395715689440474,-0.03275868515636093,-0.1011984717380438,-0.1441336212112304
correct_CP,CN1C(=O)c2cc(NC(=O)c3ccccc3Cl)ccc2OC[C@@H]2O[C@H](CC(=O)NCC(F)(F)F)CC[C@H]21,10.0,0.15920412462335637,0.16057001760351786,-0.1344020749901149,0.2949720925936328,0.2830292378791419
correct_CP,CN1C(=O)c2cc(NC(=O)c3ccccc3Cl)ccc2OC[C@H]2O[C@@H](CC(=O)NCC(F)(F)F)CC[C@H]21,10.0,0.5088676066259002,0.5612004936816053,0.0042491879468794826,0.5569513057347258,-0.00745473972689654
correct_CP,CN1C(=O)c2cc(NC(=O)c3ccccc3F)ccc2OC[C@@H]2O[C@@H](CC(=O)NCc3ccc4c(c3)OCO4)CC[C@H]21,9.96225,-0.37172949517493364,-0.3904284070011269,-0.006964774911334284,-0.3834636320897926,0.26802749789228464
correct_CP,CN1C(=O)c2cc(NC(=O)c3ccccc3F)ccc2OC[C@@H]2O[C@H](CC(=O)NCc3ccc4c(c3)OCO4)CC[C@H]21,10.0629,0.4457860849644129,0.4794288578119192,0.0036539037093340724,0.47577495410258513,-0.013246890075843972
correct_CP,CN1C(=O)c2cc(NC(=O)c3cccs3)ccc2OC[C@@H]2O[C@@H](CC(=O)N3CCCCC3)CC[C@H]21,10.0504,0.23954474689745145,0.24429109020332523,0.021762916781040555,0.22252817342228468,0.06981967878967929
correct_CP,CN1C(=O)c2cc(NC(=O)c3cccs3)ccc2OC[C@@H]2O[C@H](CC(=O)N3CCCCC3)CC[C@@H]21,10.0879,-0.12504128704592612,-0.1256991567562358,0.011029052696688697,-0.1367282094529245,-0.060995547711021156
correct_CP,CN1C(=O)c2cc(NC(=O)c3cccs3)ccc2OC[C@H]2O[C@H](CC(=O)N3CCCCC3)CC[C@@H]21,10.0335,0.16232788045936763,0.1637766541132677,-0.028494881119173084,0.19227153523244078,-0.025845276637654162
correct_CP,CN1C(=O)c2cc(NC(=O)c3cscn3)ccc2OC[C@@H]2O[C@@H](CC(=O)NCc3ccc(Cl)c(Cl)c3)CC[C@H]21,9.863,0.287171312730825,0.29548059381383657,0.010564015205912505,0.2849165786079241,0.19468591440637917
correct_CP,CN1C(=O)c2cc(NC(=O)c3cscn3)ccc2OC[C@H]2O[C@H](CC(=O)NCc3ccc(Cl)c(Cl)c3)CC[C@@H]21,10.1504,0.16382878092789716,0.165318561215999,0.05342853387167322,0.11189002734432578,-0.21928841958825562
correct_CP,CN1C(=O)c2cc(NS(=O)(=O)c3cccc(F)c3)ccc2OC[C@@H]2O[C@@H](CC(=O)N3CCc4ccccc4C3)CC[C@H]21,10.1525,-0.34970897202600604,-0.3651121369424044,-0.06594596177437206,-0.29916617516803234,0.20686529828889477
correct_CP,CN1C(=O)c2cc(NS(=O)(=O)c3cccc(F)c3)ccc2OC[C@@H]2O[C@@H](CC(=O)NCCN3CCCCC3)CC[C@@H]21,10.1709,-0.17701459119219876,-0.1788990164359554,0.005615819833287883,-0.18451483626924328,-0.08432907063039845
correct_CP,CN1C(=O)c2cc(NS(=O)(=O)c3cccc(F)c3)ccc2OC[C@@H]2O[C@H](CC(=O)N3CCc4ccccc4C3)CC[C@@H]21,9.99468,0.19648317650813096,0.19907186197123644,-0.0018208327280278113,0.20089269469926424,0.3007435197064805
correct_CP,CN1C(=O)c2cc(NS(=O)(=O)c3cccc(F)c3)ccc2OC[C@@H]2O[C@H](CC(=O)NCCN3CCCCC3)CC[C@H]21,10.034,-0.00683470226367452,-0.006834808690159596,-0.016914752258961368,0.010079943568801772,-0.18799423974963472
correct_CP,CN1C(=O)c2cc(NS(=O)(=O)c3cccc(F)c3)ccc2OC[C@H]2O[C@@H](CC(=O)N3CCc4ccccc4C3)CC[C@H]21,10.0167,0.3282506264591281,0.3408663610280226,0.14497617066279167,0.19589019036523092,-0.07505882733085369
correct_CP,CN1C(=O)c2cc(NS(=O)(=O)c3cccc(F)c3)ccc2OC[C@H]2O[C@H](CC(=O)NCCN3CCCCC3)CC[C@@H]21,10.0541,-0.04710213967896244,-0.04713701990605468,0.020006191043584212,-0.06714321094963889,-0.02442111884531279
correct_CP,CN1C(=O)c2cc(NS(=O)(=O)c3ccccc3F)ccc2OC[C@@H]2O[C@H](CC(=O)NC3Cc4ccccc4C3)CC[C@@H]21,10.025,-0.1563813799814601,-0.15767519392326287,0.008062588043911249,-0.16573778196717412,-0.16471043645837982
correct_CP,CN1C(=O)c2cc(NS(C)(=O)=O)ccc2OC[C@@H]2O[C@@H](CC(=O)NCc3ccc(-c4ccccc4)cc3)CC[C@H]21,9.97229,-0.15351605927582151,-0.15473938486125327,-0.048868284092358744,-0.10587110076889453,-0.05242592263803192
correct_CP,CN1C(=O)c2cc(NS(C)(=O)=O)ccc2OC[C@@H]2O[C@H](CC(=O)NC3CCCCC3)CC[C@@H]21,9.97918,0.10645644631274385,0.10686135930108481,0.06968791234889352,0.0371734469521913,-0.1280403373850545
correct_CP,CN1C(=O)c2cc(NS(C)(=O)=O)ccc2OC[C@@H]2O[C@H](CC(=O)NCc3ccc(-c4ccccc4)cc3)CC[C@H]21,10.0385,0.20307671577280056,0.2059395329217903,-0.04391477124887942,0.24985430417066973,0.08482787808195953
correct_CP,CN1C(=O)c2cc(NS(C)(=O)=O)ccc2OC[C@H]2O[C@@H](CC(=O)N3CCOCC3)CC[C@H]21,10.2659,0.07669352586149014,0.07684442657425741,-0.15695149856636964,0.23379592514062705,0.21921457010701062
correct_CP,CN1C(=O)c2cc(NS(C)(=O)=O)ccc2OC[C@H]2O[C@H](CC(=O)N3CCOCC3)CC[C@@H]21,10.1094,0.37568011311064176,0.3950203196344751,-0.008245629146204594,0.4032659487806797,-0.06878300747448533
correct_CP,CN1C(=O)c2cc(NS(C)(=O)=O)ccc2OC[C@H]2O[C@H](CC(=O)NCc3ccc(-c4ccccc4)cc3)CC[C@H]21,9.9014,-0.09117689276494813,-0.09143081857061258,-0.08353786766241447,-0.00789295090819811,-0.2319800823618586
correct_CP,CN1C(=O)c2cccc(NCCCN3C(=O)c4ccccc4C3=O)c2C1=O,20.0,-0.21526017447795398,-0.2186806189166015,-0.06558435773135879,-0.15309626118524272,0.2096478331890805
correct_CP,CN1C2CCC1CC(OC(=O)C(CO)c1ccccc1)C2,10.0,-0.18366492549504876,-0.18577293603819306,-0.025795928776169402,-0.15997700726202366,0.31797540043250994
correct_CP,CN1C2CCC1CC(OC(=O)c1c[nH]c3ccccc13)C2,10.0,0.15595153927612798,0.15723460822265423,-0.023672099360454293,0.1809067075831085,0.2723634420764398
correct_CP,CN1C2CCC1CC(OC(=O)c1cc(Cl)cc(Cl)c1)C2,10.0,0.7535679755887473,0.9811608210377486,0.2725538188490425,0.7086070021887061,0.5396561079127914
correct_CP,CN1C2CCC1CC(OC(c1ccc(F)cc1)c1ccc(F)cc1)C2,10.0,0.6761691278500179,0.8220224037948847,0.2577775473679025,0.5642448564269822,0.3681349401246229
correct_CP,CN1CC(C(=O)c2ccccc2)C(C(=O)c2ccccc2)C1,10.0,0.4390626179963036,0.4710689700589169,-0.0770174807035261,0.548086450762443,0.04896632927830394
correct_CP,CN1CCCC(n2nc(Cc3ccc(Cl)cc3)c3ccccc3c2=O)CC1,10.0,0.821778454245257,1.162270530084046,0.18628341513629537,0.9759871149477506,0.042334445476260224
correct_CP,CN1CCN(C(=O)C[C@@H]2C=C[C@@H](NC(=O)Cc3ccccn3)[C@@H](CO)O2)CC1,10.0619,-0.2780750628050506,-0.28559459970889056,0.005256729123586609,-0.29085132883247716,-0.004126034765990005
correct_CP,CN1CCN(C(=O)C[C@@H]2C=C[C@@H](NC(=O)Cc3ccccn3)[C@H](CO)O2)CC1,10.0575,0.1163386515480625,0.1168678244318796,-0.017275862393618512,0.1341436868254981,0.01141022009942002
correct_CP,CN1CCN(C(=O)C[C@@H]2CC[C@@H]3[C@H](COC[C@@H](O)CN3C(=O)c3ccccc3F)O2)CC1,10.0173,0.27907880357577863,0.2866827897034606,-0.008474380803171113,0.2951571705066317,0.12219442094707104
correct_CP,CN1CCN(C(=O)C[C@@H]2CC[C@@H]3[C@H](COC[C@H](O)CN3Cc3cccc(F)c3)O2)CC1,9.99742,0.006667452879163344,0.006667551682177723,0.06247781004433032,-0.055810258362152594,0.008255302157843349
correct_CP,CN1CCN(C(=O)C[C@@H]2CC[C@@H]3[C@H](COc4ccc(NC(=O)C5CCOCC5)cc4C(=O)N3C)O2)CC1,10.1177,-0.18462905276162764,-0.18677090462094542,0.009634622131412893,-0.1964055267523583,0.10738573324925695
correct_CP,CN1CCN(C(=O)C[C@@H]2CC[C@H](NC(=O)c3ccc4c(c3)OCO4)[C@@H](CO)O2)CC1,10.0488,0.25900815049307613,0.26504494094345615,-0.11803729018494921,0.38308223112840534,0.04854692992005555
correct_CP,CN1CCN(C(=O)C[C@@H]2C[C@@H]3c4cc(NC(=O)Cc5ccncc5)ccc4O[C@@H]3[C@@H](CO)O2)CC1,9.88658,0.2867206358075734,0.2949894795139179,-0.06974322653868896,0.3647327060526069,-0.050229627652473435
correct_CP,CN1CCN(C(=O)C[C@@H]2C[C@@H]3c4cc(NS(C)(=O)=O)ccc4O[C@@H]3[C@H](CO)O2)CC1,10.016,-0.06785814776579048,-0.06796259259131235,0.04553446776472744,-0.11349706035603979,-0.3623862159644088
correct_CP,CN1CCN(C(=O)C[C@@H]2C[C@H]3c4cc(NC(=O)C5CCC5)ccc4O[C@H]3[C@H](CO)O2)CC1,10.1747,-0.15768444923077987,-0.15901120861632334,0.07492093595671152,-0.23393214457303485,-0.1144621250962675
correct_CP,CN1CCN(C(=O)C[C@@H]2C[C@H]3c4cc(NC(=O)Cc5ccncc5)ccc4O[C@H]3[C@@H](CO)O2)CC1,10.0242,0.06547721676833845,0.06557103095723438,0.02706192739866304,0.03850910355857134,-0.08136898450957125
correct_CP,CN1CCN(C(=O)C[C@@H]2C[C@H]3c4cc(NC(=O)c5ccc6c(c5)OCO6)ccc4O[C@H]3[C@@H](CO)O2)CC1,9.94877,-0.39649335994881796,-0.41948129377295307,-0.06073842327890072,-0.35874287049405235,-0.11205352700035143
correct_CP,CN1CCN(C(=O)C[C@H]2C=C[C@@H](NC(=O)Nc3ccccc3F)[C@@H](CO)O2)CC1,10.0978,0.45510329883162537,0.4911179676441232,0.07590469999067427,0.4152132676534489,0.2765954168549996
correct_CP,CN1CCN(C(=O)C[C@H]2C=C[C@H](NC(=O)Cc3ccccn3)[C@H](CO)O2)CC1,10.0356,-0.09121957918412235,-0.09147386299536399,0.009253983882606946,-0.10072784687797093,0.11251349020356571
correct_CP,CN1CCN(C(=O)C[C@H]2CC[C@@H](NC(=O)Cc3ccccn3)[C@@H](CO)O2)CC1,9.97841,0.37585578150508997,0.3952248709996598,0.01850007091113339,0.37672480008852643,0.33045492794615455
correct_CP,CN1CCN(C(=O)C[C@H]2CC[C@@H](NC(=O)c3ccc4c(c3)OCO4)[C@@H](CO)O2)CC1,10.0328,0.6212018308429375,0.726959748018698,-0.09080935787780672,0.8177691058965048,-0.3159589331241651
correct_CP,CN1CCN(C(=O)C[C@H]2CC[C@@H]3[C@H](COC[C@@H](O)CN3CC3CCOCC3)O2)CC1,10.0706,-0.43756944217781196,-0.4692207027047929,0.02782989778317274,-0.4970506004879656,-0.18259818036728218
correct_CP,CN1CCN(C(=O)C[C@H]2CC[C@@H]3[C@H](COC[C@H](O)CN3C(=O)Nc3ccc4c(c3)OCO4)O2)CC1,10.1024,0.31286115250124835,0.3237138708195346,0.1129925708468217,0.21072129997271294,-0.08601005604630722
correct_CP,CN1CCN(C(=O)C[C@H]2CC[C@@H]3[C@H](COC[C@H](O)CN3C(=O)c3ccccc3F)O2)CC1,10.1031,-0.27824940044800084,-0.28578355784198284,0.19487344494513442,-0.48065700278711726,0.07921552624819383
correct_CP,CN1CCN(C(=O)C[C@H]2CC[C@@H]3[C@H](COc4ccc(NC(=O)c5cscn5)cc4C(=O)N3C)O2)CC1,10.066,0.5745591887520799,0.6543023987955904,-0.07245247307807126,0.7267548718736616,-0.00300637517256902
correct_CP,CN1CCN(C(=O)C[C@H]2CC[C@H](NC(=O)c3ccc4c(c3)OCO4)[C@H](CO)O2)CC1,10.0385,0.4930227635756287,0.5400459701400737,-0.07114780578454433,0.611193775924618,-0.17758578140291892
correct_CP,CN1CCN(C(=O)C[C@H]2CC[C@H]3[C@@H](COC[C@H](O)CN3C(=O)c3ccccc3F)O2)CC1,10.0781,0.46097943716572065,0.49855430850325466,-0.00391434150451998,0.5024686500077746,0.07507901296340046
correct_CP,CN1CCN(C(=O)C[C@H]2CC[C@H]3[C@@H](COC[C@H](O)CN3Cc3cccc(F)c3)O2)CC1,10.068,0.10839811272196398,0.10882569602065467,0.23681489211411355,-0.12798919609345888,0.0707065850870292
correct_CP,CN1CCN(C(=O)C[C@H]2C[C@@H]3c4cc(NC(=O)Cc5ccncc5)ccc4O[C@@H]3[C@@H](CO)O2)CC1,10.0102,0.2739158478081067,0.28109243010355356,-0.05860468157381635,0.33969711167736993,-0.097083659891509
correct_CP,CN1CCN(C(=O)C[C@H]2C[C@@H]3c4cc(NC(=O)c5ccc6c(c5)OCO6)ccc4O[C@@H]3[C@H](CO)O2)CC1,10.0498,-0.10336956545282691,-0.10374012119982816,0.022192049060932084,-0.12593217026076026,-0.10476816383818405
correct_CP,CN1CCN(C(=O)C[C@H]2C[C@H]3c4cc(NC(=O)Cc5ccncc5)ccc4O[C@H]3[C@@H](CO)O2)CC1,10.2176,0.16289927108368224,0.16436356453016351,0.0007987283363578256,0.16356483619380568,-0.018569893821719568
correct_CP,CN1CCN(C(=O)NC2CCCN2S(=O)(=O)c2ccc(Cl)cc2)CC1,10.0,0.5609732158478354,0.6342521695443378,0.1508697944440153,0.48338237510032256,0.08081598343065946
correct_CP,CN1CCN(C(=O)c2cc3c(c(-c4cccc(-c5ccc(C(=O)N(C)C)cc5)c4)n2)[C@H](CCO)N([S@@](=O)C(C)(C)C)C3)CC1,10.0069,-0.1791660465845966,-0.181120943805405,-0.03490129547408534,-0.14621964833131967,0.14232791306669995
correct_CP,CN1CCN(C(=O)c2cc3c(c(-c4cccc(-c5ccccc5F)c4)n2)[C@@H](CCO)N([S@](=O)C(C)(C)C)C3)CC1,10.0056,-0.18437677231302163,-0.18650973356192763,-0.0794826582939218,-0.10702707526800583,0.02781651297774452
correct_CP,CN1CCN(C(=O)c2nc3ccc(Cl)cc3[nH]2)CC1,10.0,0.23865926820048655,0.24335191924226407,0.047700390352726815,0.19565152888953724,-0.20251447312715892
correct_CP,CN1CCN(c2ccc(NC(=O)c3ccc(-c4ccc(Cl)cc4)o3)cc2)CC1,10.0,0.3315993798125247,0.3446241576825613,0.07164044333916339,0.27298371434339797,-0.032469257707369796
correct_CP,CN1[C@@H]2Cn3c(ccc(-c4ccncc4)c3=O)[C@H]1[C@@H](C(=O)N1CCC(Cc3ccccc3)CC1)[C@@H]2CO,10.0015,-0.054611325071593025,-0.054665713310055875,-0.03690162868369142,-0.017764084626364453,0.14919328333733245
correct_CP,CN1[C@@H]2c3ccc(-c4cccc(F)c4)c(=O)n3C[C@@H]2[C@@H](CO)[C@@H]1C(=O)NCc1ccccn1,9.99259,0.36245078998015506,0.3797044710989905,0.013862142314563381,0.36584232878442713,-0.006345981920543564
correct_CP,CN1[C@@H]2c3ccc(-c4ccccc4F)c(=O)n3C[C@@H]2[C@@H](CO)[C@@H]1C(=O)NCC(F)(F)F,10.0197,-0.22999235685937144,-0.2341813967282801,-0.02236448156497255,-0.21181691516330753,0.06210886475180348
correct_CP,CN1[C@@H]2c3ccc(-c4cccnc4)c(=O)n3C[C@@H]2[C@@H](CO)[C@@H]1C(=O)NCC1CCCCC1,10.0436,0.44912437859657117,0.48360286249314016,0.033882490207635306,0.4497203722855049,-0.02305237321942235
correct_CP,CN1[C@@H]2c3ccc(-c4cncnc4)c(=O)n3C[C@@H]2[C@@H](CO)[C@@H]1C(=O)NC1Cc2ccccc2C1,10.0609,0.5069193718283641,0.5585749940506037,0.043418321554176735,0.515156672496427,-0.35010007177105734
correct_CP,CN1[C@H](C(=O)NCCCN2CCOCC2)[C@@H](CO)[C@@H]2Cn3c(ccc(/C=C/c4ccccc4)c3=O)[C@@H]21,10.0484,0.4122058358168627,0.4382656789015913,-0.01999901027440359,0.4582646891759949,-0.1387397488162022
correct_CP,CN=C(S)NN=Cc1ccco1,10.0,0.2004808510861427,0.20323349082654274,-0.021866784388755674,0.2251002752152984,-0.013792470700170659
correct_CP,CNC(=Nc1ccc(C2=NNC(=O)CC2C)cc1)NC#N,10.0,0.02699417315054142,0.027000732771863843,0.011083266818772947,0.015917465953090897,-0.08559025714107152
correct_CP,CNC(=O)C1OC(n2cnc3c(NCc4cccc(I)c4)nc(Cl)nc32)C(O)C1O,10.0,0.25935356860865066,0.26541523335186995,-0.025466324313590097,0.29088155766546003,-0.12375791812942845
correct_CP,CNC(=O)C[C@@H]1CC[C@@H]2[C@H](COC[C@H](O)CN2Cc2ccc(Cl)c(Cl)c2)O1,9.98964,0.09947375586573666,0.0998038162035123,0.07707051437559212,0.022733301827920174,-0.18287923960391625
correct_CP,CNC(=O)C[C@@H]1CC[C@H]2[C@@H](COC[C@H](O)CN2Cc2ccc(Cl)c(Cl)c2)O1,10.0112,-0.4032937616294054,-0.4275762549939306,0.010289687143597015,-0.4378659421375276,0.09695922374988526
correct_CP,CNC(=O)C[C@H]1CC[C@H]2[C@@H](COC[C@@H](O)CN2Cc2ccc(Cl)c(Cl)c2)O1,10.058,-0.4151956824906861,-0.44187290036931076,-0.10492053816554517,-0.33695236220376557,0.04971800997941384
correct_CP,CNC(=O)C[C@H]1CC[C@H]2[C@H](COc3ccc(NC(=O)c4cc(F)cc(F)c4)cc3C(=O)N2C)O1,9.87832,-0.5490271988621434,-0.6169876847291603,0.02827079608551708,-0.6452584808146774,0.1854755305647809
correct_CP,CNC(=O)O/N=C/C(C)(C)SC,10.0,0.13951815550300573,0.14043413239050112,-0.006913388839451145,0.14734752122995226,0.13633418093866084
correct_CP,CNC(=O)c1cc2c(cn1)[nH]c1ccccc12,10.0,0.1742860765446042,0.17608363679933103,-0.029391500390699626,0.20547513719003066,0.14550222818537367
correct_CP,CNC(=S)N1N=C(c2ccc(C)cc2)CC1c1ccc(OC)cc1,10.0,0.418441718702224,0.4458014870540473,0.06680859226128952,0.3789928947927578,-0.057275316443156477
correct_CP,CNC(C)(C)Cc1ccccc1,10.0,-0.13153636602391425,-0.1323029458161934,0.015446604311337748,-0.14774955012753113,0.08454937942472225
correct_CP,CNCCCCOc1ccccc1Cc1ccccc1,10.0,0.38197337062367814,0.40236809464154494,0.022843070318403203,0.3795250243231417,0.23861023769295647
correct_CP,CNC[C@@H]1OCCCC[C@@H](C)Oc2ccc(N(C)C)cc2C(=O)N([C@H](C)CO)C[C@H]1C,10.0219,0.036421164240344354,0.03643728130929002,-0.0034312937843453024,0.039868575093635325,-0.11834835329487291
correct_CP,CNC[C@@H]1OCCCC[C@@H](C)Oc2ccc(N)cc2C(=O)N([C@H](C)CO)C[C@H]1C,10.1605,0.1628469285969786,0.16430979568245335,0.031235440682696108,0.13307435499975726,-0.014507727535444895
correct_CP,CNC[C@@H]1OCCCC[C@@H](C)Oc2ccc(NC(=O)CCC(F)(F)F)cc2C(=O)N([C@H](C)CO)C[C@H]1C,10.0865,-0.5830921945036955,-0.6671350955679682,0.04359584562599861,-0.7107309411939668,-0.49944995654827506
correct_CP,CNC[C@@H]1OCCCC[C@@H](C)Oc2ccc(NC(=O)CCCN(C)C)cc2C(=O)N([C@@H](C)CO)C[C@H]1C,10.061,-0.06737655424028267,-0.06747878704596941,0.05583462746112987,-0.12331341450709928,0.1542302714697199
correct_CP,CNC[C@@H]1OCCCC[C@@H](C)Oc2ccc(NC(=O)CCCN(C)C)cc2C(=O)N([C@H](C)CO)C[C@@H]1C,10.3866,-0.1911082940806092,-0.19348722290020534,0.016762430722882863,-0.2102496536230882,-0.002567678441427525
correct_CP,CNC[C@@H]1OCCCC[C@@H](C)Oc2ccc(NC(=O)Nc3ccc(C(F)(F)F)cc3)cc2C(=O)N([C@H](C)CO)C[C@@H]1C,9.75098,-0.5029662972494926,-0.5532690648378943,0.07276666724136176,-0.626035732079256,-0.34885147490218726
correct_CP,CNC[C@@H]1OCCCC[C@@H](C)Oc2ccc(NC(=O)Nc3ccc4c(c3)OCO4)cc2C(=O)N([C@H](C)CO)C[C@H]1C,10.014,-0.37068131135786125,-0.3892127075828708,0.10724941151698919,-0.49646211909986,-0.294772241384181
correct_CP,CNC[C@@H]1OCCCC[C@@H](C)Oc2ccc(NS(=O)(=O)c3ccc(Cl)cc3)cc2C(=O)N([C@H](C)CO)C[C@H]1C,10.0781,-0.20060437896734118,-0.20336219484110207,0.0410748482369442,-0.24443704307804626,-0.3053660199577849
correct_CP,CNC[C@@H]1OCCCC[C@@H](C)Oc2ccc(NS(=O)(=O)c3ccc(OC)cc3)cc2C(=O)N([C@@H](C)CO)C[C@H]1C,10.0549,0.2597756317664562,0.26586778675233175,0.042558297576985954,0.2233094891753458,-0.23130166124384752
correct_CP,CNC[C@@H]1OCCCC[C@@H](C)Oc2ccc(NS(C)(=O)=O)cc2C(=O)N([C@H](C)CO)C[C@@H]1C,9.80418,0.0862874562674311,0.08650256987594973,-0.012331540780374833,0.09883411065632457,-0.042596139359189114
correct_CP,CNC[C@@H]1OCCCC[C@H](C)Oc2ccc(NC(=O)Nc3ccc(C(F)(F)F)cc3)cc2C(=O)N([C@@H](C)CO)C[C@H]1C,10.02,0.43410996814508773,0.4649499675977613,-0.01628512060761009,0.4812350882053714,-0.07359638815725997
correct_CP,CNC[C@@H]1OCCCC[C@H](C)Oc2ccc(NC(=O)Nc3ccc(C(F)(F)F)cc3)cc2C(=O)N([C@H](C)CO)C[C@@H]1C,9.95556,0.21409501415433732,0.21745916597432124,0.11012085507046752,0.10733831090385372,-0.06898488492310151
correct_CP,CNC[C@@H]1OCCCC[C@H](C)Oc2ccc(NC(=O)Nc3ccc4c(c3)OCO4)cc2C(=O)N([C@@H](C)CO)C[C@@H]1C,10.05,0.14470186988566427,0.14572470404416976,-0.03333883198571594,0.1790635360298857,0.13173042357247622
correct_CP,CNC[C@@H]1OCCCC[C@H](C)Oc2ccc(NC(=O)Nc3cccc4ccccc34)cc2C(=O)N([C@H](C)CO)C[C@@H]1C,10.0479,0.2789031173907915,0.28649227459197724,-0.050121928646791186,0.33661420323876845,0.24141797214406596
correct_CP,CNC[C@@H]1OCCCC[C@H](C)Oc2ccc(NC(=O)c3ccncc3)cc2C(=O)N([C@H](C)CO)C[C@H]1C,10.0178,0.14305934556237376,0.14404745757734316,0.011746297726940878,0.13230115985040228,0.1534738068571502
correct_CP,CNC[C@@H]1OCCCC[C@H](C)Oc2ccc(NS(=O)(=O)c3ccc(F)cc3)cc2C(=O)N([C@@H](C)CO)C[C@@H]1C,9.99673,0.056776613219120524,0.056837739547281024,0.025323992087876127,0.0315137474594049,-0.07606167278939097
correct_CP,CNC[C@@H]1OCCCC[C@H](C)Oc2ccc(NS(=O)(=O)c3ccc(F)cc3)cc2C(=O)N([C@@H](C)CO)C[C@H]1C,9.98377,0.17171050181172143,0.17342859937414956,-0.033735658813348536,0.2071642581874981,0.06639892075086636
correct_CP,CNC[C@@H]1OCCCC[C@H](C)Oc2ccc(NS(=O)(=O)c3ccc(F)cc3)cc2C(=O)N([C@H](C)CO)C[C@@H]1C,9.9982,0.21122893538176035,0.21445732620733673,0.07379519504685629,0.14066213116048043,-0.01167853430655292
correct_CP,CNC[C@@H]1Oc2c(N)cccc2C(=O)N([C@@H](C)CO)C[C@@H]1C,9.99149,0.1557347951206355,0.1570124689490616,-0.016211468500560083,0.17322393744962167,-0.006516418534400905
correct_CP,CNC[C@@H]1Oc2c(NC(=O)C3CC3)cccc2C(=O)N([C@@H](C)CO)C[C@@H]1C,10.0843,0.1307415833439441,0.13149425569843148,-0.03071106143655978,0.16220531713499126,0.07042217492314355
correct_CP,CNC[C@@H]1Oc2c(NC(=O)Nc3c(C)noc3C)cccc2C(=O)N([C@@H](C)CO)C[C@H]1C,10.0363,0.05771390352438762,0.057778111539753915,-0.055600497954389226,0.11337860949414313,0.41211885022754424
correct_CP,CNC[C@@H]1Oc2c(NC(=O)Nc3ccc(C(F)(F)F)cc3)cccc2C(=O)N([C@@H](C)CO)C[C@@H]1C,10.2299,-0.17634943905506203,-0.17821243146689023,0.03933131378191618,-0.2175437452488064,0.30633182733270026
correct_CP,CNC[C@@H]1Oc2c(NC(=O)c3ccc(-c4nccs4)cc3)cccc2C(=O)N([C@H](C)CO)C[C@H]1C,10.0535,0.08224859700507309,0.08243481942181506,-0.055726011968730275,0.13816083139054533,0.03612615596442367
correct_CP,CNC[C@@H]1Oc2c(NC(=O)c3cnccn3)cccc2C(=O)N([C@@H](C)CO)C[C@H]1C,10.1469,0.04198131638057845,0.042006005550370075,0.06600216711321166,-0.023996161562841588,-0.020895368077734372
correct_CP,CNC[C@@H]1Oc2c(NC(=O)c3cnccn3)cccc2C(=O)N([C@H](C)CO)C[C@@H]1C,10.017,-0.0634966822294006,-0.06358222517593691,-0.0671896855165884,0.003607460340651486,0.03343451715218239
correct_CP,CNC[C@@H]1Oc2cc(-c3ccccc3F)ccc2S(=O)(=O)N([C@H](C)CO)C[C@H]1C,10.1416,0.1310479464734728,0.13180595938684958,0.050380434009534056,0.08142552537731552,0.1151831900376107
correct_CP,CNC[C@@H]1Oc2cc(-c3cccnc3)ccc2S(=O)(=O)N([C@H](C)CO)C[C@H]1C,10.0324,-0.17287799396099413,-0.1746318093349145,-0.02133340629121072,-0.1532984030437038,0.07195825402521129
correct_CP,CNC[C@@H]1Oc2cc(Br)ccc2S(=O)(=O)N([C@@H](C)CO)C[C@@H]1C,9.97125,0.410069049609376,0.43569422835635635,0.040913152096872546,0.3947810762594838,0.003146822233976776
correct_CP,CNC[C@@H]1Oc2ccc(NC(=O)C3CC3)cc2CC(=O)N([C@@H](C)CO)C[C@H]1C,10.0254,-0.006242105486200195,-0.006242186560313826,-0.010448815984136682,0.004206629423822856,0.13347931928632298
correct_CP,CNC[C@@H]1Oc2ccc(NC(=O)c3ccncc3)cc2CC(=O)N([C@@H](C)CO)C[C@@H]1C,10.1355,-0.059611232197336585,-0.05968199261170353,0.09128771355944225,-0.15096970617114577,-0.2489261423771526
correct_CP,CNC[C@@H]1Oc2ccc(NC(=O)c3ccncc3)cc2CC(=O)N([C@@H](C)CO)C[C@H]1C,10.0249,0.18605228231010973,0.18824476321031836,0.02299627623606135,0.165248486974257,-0.07363655924614845
correct_CP,CNC[C@@H]1Oc2ccc(NS(=O)(=O)c3ccc(OC)cc3)cc2CC(=O)N([C@@H](C)CO)C[C@@H]1C,10.3436,-0.13586946185168366,-0.13671491956250825,-0.03699757295627362,-0.09971734660623463,-0.0052972870605587155
correct_CP,CNC[C@@H]1Oc2ccc(NS(C)(=O)=O)cc2CC(=O)N([C@H](C)CO)C[C@H]1C,9.93895,0.15269721938515637,0.1539008892033635,-0.021779102431096157,0.17567999163445966,0.07781106037201016
correct_CP,CNC[C@@H]1Oc2ncc(-c3ccc(OC)cc3)cc2C(=O)N([C@@H](C)CO)C[C@H]1C,10.0424,0.23013207279722778,0.2343289209186395,0.014098884524336273,0.22023003639430322,0.010298055422359903
correct_CP,CNC[C@@H]1Oc2ncc(/C=C/c3ccccc3)cc2C(=O)N([C@H](C)CO)C[C@@H]1C,10.054,0.04233046468440497,0.042355775440529826,0.019431236364547577,0.02292453907598225,0.038013034478161206
correct_CP,CNC[C@@H]1Oc2ncc(/C=C/c3ccccc3)cc2C(=O)N([C@H](C)CO)C[C@H]1C,10.0785,0.25817878316922543,0.2641561388409907,0.04392998137915343,0.22022615746183727,0.03163402645591055
correct_CP,CNC[C@@H]1Oc2ncc(Br)cc2C(=O)N([C@@H](C)CO)C[C@H]1C,10.0831,-0.027045387934199354,-0.027051984973152806,-0.022849989355623906,-0.0042019956175289,0.12966956620090805
correct_CP,CNC[C@@H]1Oc2ncc(C#CC3(O)CCCC3)cc2C(=O)N([C@@H](C)CO)C[C@H]1C,10.0154,0.41874235946730076,0.4461659970000248,-0.0032764392653877976,0.4494424362654126,0.20688459308434007
correct_CP,CNC[C@@H]1Oc2ncc(C#Cc3cccc(OC)c3)cc2C(=O)N([C@@H](C)CO)C[C@@H]1C,10.0549,0.13715244009774855,0.13802226061545997,0.01730378370756437,0.1207184769078956,0.05456223283930446
correct_CP,CNC[C@@H]1Oc2ncc(C#Cc3ccccc3F)cc2C(=O)N([C@H](C)CO)C[C@@H]1C,10.006,0.22239930057320656,0.22617884681129727,-0.05743211696158253,0.2836109637728798,0.08044237657022733
correct_CP,CNC[C@@H]1Oc2ncc(C3=CCCCC3)cc2C(=O)N([C@H](C)CO)C[C@@H]1C,10.0645,-0.04904945099941733,-0.049088843062924686,0.0038465992573325815,-0.052935442320257264,-0.11897904032518189
correct_CP,CNC[C@H]1OCCCC[C@@H](C)Oc2ccc(N(C)C)cc2C(=O)N([C@H](C)CO)C[C@H]1C,10.0557,0.0543519304928736,0.05440554649027875,0.006382592461102481,0.048022954029176265,-0.19418272446442525
correct_CP,CNC[C@H]1OCCCC[C@@H](C)Oc2ccc(NC(=O)C3CCCCC3)cc2C(=O)N([C@H](C)CO)C[C@H]1C,9.98559,0.161147055317459,0.1625641098598741,0.15387651283540685,0.008687597024467253,-0.18536524573358557
correct_CP,CNC[C@H]1OCCCC[C@@H](C)Oc2ccc(NC(=O)Nc3c(C)noc3C)cc2C(=O)N([C@@H](C)CO)C[C@@H]1C,10.106,0.009120320272547616,0.009120573161984391,-0.00935683887059656,0.01847741203258095,-0.02805076433434965
correct_CP,CNC[C@H]1OCCCC[C@@H](C)Oc2ccc(NC(=O)Nc3ccc(F)cc3)cc2C(=O)N([C@@H](C)CO)C[C@H]1C,9.9903,-0.10523517533731254,-0.10562625083039709,0.01942532750633563,-0.12505157833673272,0.008321689318017435
correct_CP,CNC[C@H]1OCCCC[C@@H](C)Oc2ccc(NC(=O)Nc3ccc(OC)cc3)cc2C(=O)N([C@@H](C)CO)C[C@@H]1C,10.0,0.08376165519740046,0.08395837498361929,-0.018865865883594034,0.10282424086721331,0.05226306504211887
correct_CP,CNC[C@H]1OCCCC[C@@H](C)Oc2ccc(NC(=O)Nc3cccc4ccccc34)cc2C(=O)N([C@H](C)CO)C[C@H]1C,10.114,0.27295421619859567,0.280053090368508,0.048951994788069456,0.23110109558043856,-0.16564592107491732
correct_CP,CNC[C@H]1OCCCC[C@@H](C)Oc2ccc(NC(=O)Nc3ccccc3)cc2C(=O)N([C@@H](C)CO)C[C@H]1C,10.0633,0.14234711748177278,0.14332042399728934,0.11735643493017911,0.025963989067110227,0.1627428187409657
correct_CP,CNC[C@H]1OCCCC[C@@H](C)Oc2ccc(NC(=O)c3ccccc3)cc2C(=O)N([C@@H](C)CO)C[C@@H]1C,10.0666,0.06289982522852569,0.06298297473919245,-0.02799613863757739,0.09097911337676984,0.07055073465252025
correct_CP,CNC[C@H]1OCCCC[C@@H](C)Oc2ccc(NS(=O)(=O)c3ccc(Cl)cc3)cc2C(=O)N([C@@H](C)CO)C[C@H]1C,9.96128,0.36040466343408173,0.37735089567704944,-0.027080263251194357,0.4044311589282438,0.3601869966949874
correct_CP,CNC[C@H]1OCCCC[C@@H](C)Oc2ccc(NS(=O)(=O)c3ccc(F)cc3)cc2C(=O)N([C@@H](C)CO)C[C@@H]1C,10.2711,0.11754195210858655,0.11808780847122327,0.04054053997196748,0.07754726849925579,-0.1992359078805217
correct_CP,CNC[C@H]1OCCCC[C@@H](C)Oc2ccc(NS(=O)(=O)c3ccccc3)cc2C(=O)N([C@@H](C)CO)C[C@H]1C,10.0051,0.306956632604278,0.3171819778791298,0.035599769079410884,0.2815822087997189,0.036652434192611896
correct_CP,CNC[C@H]1OCCCC[C@@H](C)Oc2ccc(NS(C)(=O)=O)cc2C(=O)N([C@@H](C)CO)C[C@@H]1C,10.1238,0.11439820570837991,0.11490120245040222,0.03450535912684819,0.08039584332355404,0.03514188036173963
correct_CP,CNC[C@H]1OCCCC[C@@H](C)Oc2ccc(NS(C)(=O)=O)cc2C(=O)N([C@H](C)CO)C[C@H]1C,9.87973,0.35767139564097306,0.37421314229957725,-0.06004854994196228,0.43426169224153954,0.21515051098533805
correct_CP,CNC[C@H]1OCCCC[C@H](C)Oc2ccc(N(C)C)cc2C(=O)N([C@H](C)CO)C[C@H]1C,10.1398,0.08907181952401179,0.08930850625161363,0.013426245796599947,0.07588226045501369,-0.14819579663824134
correct_CP,CNC[C@H]1OCCCC[C@H](C)Oc2ccc(NC(=O)C3CCCCC3)cc2C(=O)N([C@@H](C)CO)C[C@@H]1C,10.0506,0.13556510181608133,0.13640484826511062,0.011186165344489999,0.12521868292062063,0.023722714584124414
correct_CP,CNC[C@H]1OCCCC[C@H](C)Oc2ccc(NC(=O)CCC(F)(F)F)cc2C(=O)N([C@@H](C)CO)C[C@@H]1C,10.0417,0.16744911562775217,0.16904103109635948,-0.07081372000801017,0.23985475110436966,0.08907447670285709
correct_CP,CNC[C@H]1OCCCC[C@H](C)Oc2ccc(NC(=O)Nc3c(C)noc3C)cc2C(=O)N([C@@H](C)CO)C[C@H]1C,9.984,-0.49268314539685487,-0.5395973900337133,0.09209782133383182,-0.6316952113675451,-0.08743174693818383
correct_CP,CNC[C@H]1OCCCC[C@H](C)Oc2ccc(NC(=O)c3ccccc3)cc2C(=O)N([C@H](C)CO)C[C@@H]1C,10.005308,0.3009074923676073,0.3105171473321809,0.0031005619990153773,0.3074165853331655,-0.05212476681183669
correct_CP,CNC[C@H]1OCCCC[C@H](C)Oc2ccc(NS(=O)(=O)c3ccc(Cl)cc3)cc2C(=O)N([C@@H](C)CO)C[C@H]1C,10.0401,0.28461016823125274,0.29269148345188933,0.028715273953268387,0.26397620949862094,0.13249395948396647
correct_CP,CNC[C@H]1OCCCC[C@H](C)Oc2ccc(NS(=O)(=O)c3ccc(Cl)cc3)cc2C(=O)N([C@H](C)CO)C[C@@H]1C,10.0308,0.06869817781370113,0.06880655717461386,-0.0543321336149442,0.12313869078955805,-0.267610642471492
correct_CP,CNC[C@H]1OCCCC[C@H](C)Oc2ccc(NS(=O)(=O)c3ccc(F)cc3)cc2C(=O)N([C@H](C)CO)C[C@@H]1C,9.91002,-0.03313337098305468,-0.03314550380464181,0.039335623164292594,-0.07248112696893441,0.055222574118412415
correct_CP,CNC[C@H]1OCCCC[C@H](C)Oc2ccc(NS(=O)(=O)c3ccc(OC)cc3)cc2C(=O)N([C@@H](C)CO)C[C@H]1C,9.95503,0.04467352605695646,0.04470328036892837,0.11738460300563824,-0.07268132263670987,-0.2664501681886886
correct_CP,CNC[C@H]1OCCCC[C@H](C)Oc2ccc(NS(=O)(=O)c3ccc(OC)cc3)cc2C(=O)N([C@H](C)CO)C[C@@H]1C,10.0188,0.33376198248051264,0.34705589813576077,0.05197981919818062,0.29507607893758014,0.029424370240512643
correct_CP,CNC[C@H]1Oc2c(NC(=O)Nc3ccc(C(F)(F)F)cc3)cccc2C(=O)N([C@@H](C)CO)C[C@H]1C,10.0344,0.04024118142745663,0.040262924111846995,0.005509093121156551,0.034753830990690446,-0.369538585756906
correct_CP,CNC[C@H]1Oc2c(NC(=O)c3cnccn3)cccc2C(=O)N([C@@H](C)CO)C[C@@H]1C,9.74167,-0.07913494354976197,-0.07930075698048844,0.0564573470720892,-0.13575810405257766,-0.05119613406143444
correct_CP,CNC[C@H]1Oc2c(NC(=O)c3cnccn3)cccc2C(=O)N([C@H](C)CO)C[C@H]1C,10.0324,0.07966773795656808,0.07983693175324928,0.04259293706280924,0.03724399469044004,-0.002797020816314194
correct_CP,CNC[C@H]1Oc2c(NC(=O)c3nc4ccccc4s3)cccc2C(=O)N([C@@H](C)CO)C[C@H]1C,10.2234,-0.3519509238900894,-0.3676687644120825,0.0085799772714842,-0.3762487416835667,-0.17146410694368702
correct_CP,CNC[C@H]1Oc2c(cccc2N(C)C)C(=O)N([C@@H](C)CO)C[C@H]1C,10.0981,-0.36664488531996436,-0.3845413794157132,0.03285227590779007,-0.41739365532350325,0.31584479449108205
correct_CP,CNC[C@H]1Oc2cc(-c3cccc(C(=O)N(C)C)c3)ccc2S(=O)(=O)N([C@@H](C)CO)C[C@H]1C,10.0511,-0.034557379580512804,-0.03457114573038171,0.025943213193252795,-0.060514358923634506,-0.1662868038616594
correct_CP,CNC[C@H]1Oc2cc(-c3cccc(C(=O)N(C)C)c3)ccc2S(=O)(=O)N([C@H](C)CO)C[C@@H]1C,9.99183,-0.1037804557871732,-0.10415546728284734,-0.05206276094888146,-0.052092706333965885,-0.1487895749514487
correct_CP,CNC[C@H]1Oc2cc(-c3cccnc3)ccc2S(=O)(=O)N([C@@H](C)CO)C[C@H]1C,9.99303,0.08509676721032128,0.08530307259887866,0.04193671064644719,0.04336636195243147,0.13947590500001608
correct_CP,CNC[C@H]1Oc2cc(Br)ccc2S(=O)(=O)N([C@@H](C)CO)C[C@@H]1C,10.0011,0.3002165098905689,0.3097575441476834,0.0831150092523232,0.22664253489536024,-0.07232449772980909
correct_CP,CNC[C@H]1Oc2cc(C#CC3(O)CCCC3)ccc2S(=O)(=O)N([C@H](C)CO)C[C@@H]1C,10.0057,0.24149256126802293,0.24635850364947995,-0.032629030244774065,0.278987533894254,0.005969225014195039
correct_CP,CNC[C@H]1Oc2cc(C#CC3CCCCC3)ccc2S(=O)(=O)N([C@H](C)CO)C[C@@H]1C,10.0624,0.16818265536709184,0.1697958275814723,0.0625879782652526,0.1072078493162197,0.05469456286245311
correct_CP,CNC[C@H]1Oc2cc(C#Cc3ccccc3F)ccc2S(=O)(=O)N([C@@H](C)CO)C[C@@H]1C,10.1847,-0.0021410995044943153,-0.0021411027763225264,0.044612458130573227,-0.04675356090689575,-0.11429065738076469
correct_CP,CNC[C@H]1Oc2ccc(N(C)C)cc2CC(=O)N([C@@H](C)CO)C[C@H]1C,9.82001,0.4515728867472513,0.48667430493167513,0.016802084304061986,0.46987222062761314,0.08291264790085898
correct_CP,CNC[C@H]1Oc2ccc(N(C)C)cc2CC(=O)N([C@H](C)CO)C[C@H]1C,10.0459,0.111848537898439,0.11231848236521547,-0.07879467511067066,0.19111315747588614,0.19178834651169754
correct_CP,CNC[C@H]1Oc2ccc(NC(=O)Cc3ccccc3)cc2CC(=O)N([C@@H](C)CO)C[C@@H]1C,10.3211,-0.006271159798199691,-0.006271242009704066,0.053694167763895434,-0.0599654097735995,0.02399318419206152
correct_CP,CNC[C@H]1Oc2ccc(NC(=O)NC3CCCCC3)cc2CC(=O)N([C@@H](C)CO)C[C@@H]1C,9.99422,0.3537641379905521,0.3697398466104831,0.03249286280590305,0.33724698380458007,0.12294721070050127
correct_CP,CNC[C@H]1Oc2ccc(NC(=O)Nc3ccc(C(F)(F)F)cc3)cc2CC(=O)N([C@@H](C)CO)C[C@@H]1C,10.16,0.2992388000706551,0.3086833304280209,-0.0633974149436149,0.37208074537163577,-0.1494178339044362
correct_CP,CNC[C@H]1Oc2ccc(NC(=O)Nc3ccc(C(F)(F)F)cc3)cc2CC(=O)N([C@H](C)CO)C[C@H]1C,10.0982,0.11591595764750838,0.11643935234243716,-0.038740474837570524,0.15517982718000767,0.08919417817608877
correct_CP,CNC[C@H]1Oc2ccc(NS(=O)(=O)c3ccc(F)cc3)cc2C(=O)N([C@@H](C)CO)C[C@@H]1C,9.7766,0.16210212925312345,0.163544802017635,0.03201812337085744,0.13152667864677756,0.09405925853183264
correct_CP,CNC[C@H]1Oc2ccc(NS(=O)(=O)c3cn(C)cn3)cc2CC(=O)N([C@@H](C)CO)C[C@@H]1C,10.0941,-0.018355250205470977,-0.018357312009938835,-0.031292907709097255,0.01293559569915842,0.003238144351626813
correct_CP,CNC[C@H]1Oc2ccc(NS(=O)(=O)c3cn(C)cn3)cc2CC(=O)N([C@H](C)CO)C[C@H]1C,10.0641,-0.2989467823211224,-0.3083626233426545,-0.02766577013974291,-0.2806968532029116,-0.0007816011145904272
correct_CP,CNC[C@H]1Oc2ccc(NS(C)(=O)=O)cc2CC(=O)N([C@@H](C)CO)C[C@@H]1C,9.93083,-0.3483356460870773,-0.36354831066460835,0.011395543903420256,-0.3749438545680286,0.20011318514223367
correct_CP,CNC[C@H]1Oc2ncc(-c3ccc(OC)cc3)cc2C(=O)N([C@H](C)CO)C[C@@H]1C,10.1767,0.0027385567912780844,0.0027385636374208963,0.02280451951216593,-0.020065955874745033,0.004331233132977227
correct_CP,CNC[C@H]1Oc2ncc(-c3ccccc3F)cc2C(=O)N([C@@H](C)CO)C[C@H]1C,10.0919,0.26216270944478803,0.2684293189148479,-0.03288265641142502,0.3013119753262729,-0.11435614257427631
correct_CP,CNC[C@H]1Oc2ncc(C#CC3(O)CCCC3)cc2C(=O)N([C@@H](C)CO)C[C@H]1C,10.1238,-0.12176156975685916,-0.12236872070835152,0.044020330252794365,-0.16638905096114587,0.014000081692227079
correct_CP,CNC[C@H]1Oc2ncc(C#Cc3cccc(OC)c3)cc2C(=O)N([C@@H](C)CO)C[C@H]1C,9.98346,0.07122633305548767,0.07134714927604309,0.0633670472090499,0.007980102066993192,0.09712757107834
correct_CP,CNC[C@H]1Oc2ncc(C3=CCCCC3)cc2C(=O)N([C@@H](C)CO)C[C@H]1C,10.1228,0.12752232922883971,0.1282204069325442,0.019960628683806693,0.1082597782487375,-0.11633076219039826
correct_CP,CNc1cc(NS(=O)(=O)c2ccc(N)cc2)nc(NC)n1,10.0,0.04229984138011186,0.0423250972046387,0.055881723235786614,-0.013556626031147913,-0.16824654483444595
correct_CP,CNc1cc2c(Nc3cccc(Br)c3)ncnc2cn1,10.0,0.3850994523501982,0.4060333396015875,0.013913429652848485,0.392119909948739,0.34925468925361
correct_CP,CNc1nc(-c2ccccn2)nnc1-c1ccccc1,10.0,0.2665801642853398,0.2731787309230925,-0.011246153435881765,0.2844248843589743,0.2300868598476098
correct_CP,COC(=O)C1=C(C)NC(C)=C(C(=O)OCCCN2CCC(c3ccccc3)(c3ccccc3)CC2)[C@@H]1c1cccc([N+](=O)[O-])c1,10.0,0.26297900356202397,0.2693060585548266,0.008503197606407026,0.26080286094841953,0.25354654587896674
correct_CP,COC(=O)C1=C(C)NC(C)=C(C(=O)OCCCN2CCC(c3ccccc3)(c3ccccc3)CC2)[C@H]1c1cccc([N+](=O)[O-])c1,10.0,0.5118494898988274,0.5652326137138717,0.05593985252411622,0.5092927611897554,0.17542589039387474
correct_CP,COC(=O)C[C@@H]1C=C[C@@H](NC(=O)Nc2ccc(C(F)(F)F)cc2)[C@H](CO)O1,10.0367,0.22647116609556764,0.23046670391098104,0.0016655260315747364,0.2288011778794063,-0.10313947665677739
correct_CP,COC(=O)C[C@@H]1C=C[C@@H](NS(=O)(=O)c2ccc(OC)cc2)[C@@H](CO)O1,10.053,-0.32133882022974913,-0.333139377583323,0.062216929992466474,-0.3953563075757895,-0.05239468177924361
correct_CP,COC(=O)C[C@@H]1C=C[C@@H](NS(=O)(=O)c2ccccc2F)[C@H](CO)O1,9.96609,0.5645368046666827,0.6394674031377666,-0.018696924072018808,0.6581643272097855,0.4105667053379602
correct_CP,COC(=O)C[C@@H]1C=C[C@H](NC(=O)Nc2ccc(C(F)(F)F)cc2)[C@H](CO)O1,10.0709,0.03816125574777696,0.03817979646026652,-0.00893831946622175,0.04711811592648827,-0.2692010023683687
correct_CP,COC(=O)C[C@@H]1C=C[C@H](NS(=O)(=O)c2ccc(OC)cc2)[C@@H](CO)O1,10.0307,-0.13804063757877671,-0.13892759875328667,-0.01775957342085048,-0.12116802533243619,0.005424191296670209
correct_CP,COC(=O)C[C@@H]1C=C[C@H](NS(=O)(=O)c2ccccc2F)[C@H](CO)O1,9.98991,-0.13431678189238405,-0.13513337584935767,-0.21480781991914744,0.07967444406978977,0.2889201441500633
correct_CP,COC(=O)C[C@@H]1CC[C@@H](NS(=O)(=O)c2ccc(OC)cc2)[C@@H](CO)O1,10.0477,-0.03084628317944765,-0.030856072111269554,0.01997948039697847,-0.05083555250824802,0.1798868345651658
correct_CP,COC(=O)C[C@@H]1CC[C@@H]2[C@@H](COc3ccc(NS(=O)(=O)c4ccccc4Cl)cc3C(=O)N2C)O1,9.96331,-0.11425989175625047,-0.11476105663365388,0.06399923909303658,-0.17876029572669044,-0.12881037055150701
correct_CP,COC(=O)C[C@@H]1CC[C@H](NC(=O)Nc2ccc(C(F)(F)F)cc2)[C@@H](CO)O1,10.0516,0.12253164267091345,0.1231504570074613,0.002013646484115373,0.12113681052334593,-0.04613911355003652
correct_CP,COC(=O)C[C@@H]1CC[C@H](NS(=O)(=O)c2ccccc2F)[C@@H](CO)O1,10.0275,-0.4927629848038954,-0.5397028270103006,0.03968020750852748,-0.5793830345188281,0.04786577081134438
correct_CP,COC(=O)C[C@@H]1CC[C@H](NS(=O)(=O)c2ccccc2F)[C@H](CO)O1,10.0458,-0.3545755984648018,-0.37066769274707995,0.02673467777168223,-0.39740237051876215,0.23954585108204587
correct_CP,COC(=O)C[C@@H]1CC[C@H]2[C@@H](COC[C@H](O)CN2CCC(F)(F)F)O1,10.0633,-0.04542173696339426,-0.04545301273434746,-0.01461028104422057,-0.03084273169012689,0.013886412559457955
correct_CP,COC(=O)C[C@@H]1CC[C@H]2[C@@H](COc3ccc(NC(=O)c4ccccc4F)cc3C(=O)N2C)O1,10.0048,-0.2574351591988903,-0.2633595714204333,0.08051941298738174,-0.34387898440781506,0.05404731980784616
correct_CP,COC(=O)C[C@@H]1CC[C@H]2[C@H](COc3ccc(NC(=O)c4cccc(Cl)c4)cc3C(=O)N2C)O1,10.0936,0.16062477579450396,0.16202795227145997,-0.009888645439989982,0.17191659771144996,0.28690292786544536
correct_CP,COC(=O)C[C@@H]1C[C@@H]2c3cc(N)ccc3O[C@@H]2[C@H](CO)O1,9.99477,-0.11027141239180677,-0.11072166080603818,0.04993010224744836,-0.16065176305348655,-0.029085100006028132
correct_CP,COC(=O)C[C@@H]1C[C@@H]2c3cc(NC(=O)CN(C)C)ccc3O[C@@H]2[C@@H](CO)O1,10.3424,0.0300298402831866,0.030038872053530674,-0.08760319460649058,0.11764206666002125,0.16013192179963648
correct_CP,COC(=O)C[C@@H]1C[C@@H]2c3cc(NC(=O)c4ccc5c(c4)OCO5)ccc3O[C@@H]2[C@@H](CO)O1,10.099,0.026489992565667034,0.02649619135903187,-0.08037563311878271,0.10687182447781457,-0.3756266522667981
correct_CP,COC(=O)C[C@@H]1C[C@@H]2c3cc(NS(C)(=O)=O)ccc3O[C@@H]2[C@@H](CO)O1,9.7017,0.23894380426451672,0.24365366257662252,0.20658380646501912,0.037069856111603405,-0.3974596327959425
correct_CP,COC(=O)C[C@@H]1C[C@H]2c3cc(N)ccc3O[C@H]2[C@@H](CO)O1,9.94729,0.12959956369283077,0.13033255155803122,-0.05042345332720837,0.1807560048852396,-0.056743395643423934
correct_CP,COC(=O)C[C@@H]1C[C@H]2c3cc(N)ccc3O[C@H]2[C@H](CO)O1,9.88185,0.3305798598249956,0.3434791179010183,0.19948140833124234,0.14399770956977598,0.3881760494333549
correct_CP,COC(=O)C[C@@H]1C[C@H]2c3cc(NC(=O)C4CCOCC4)ccc3O[C@H]2[C@H](CO)O1,10.1389,-0.0656063979500023,-0.06570076946046918,0.03355848925133567,-0.09925925871180485,-0.1914149860059133
correct_CP,COC(=O)C[C@@H]1C[C@H]2c3cc(NC(=O)CC4CC4)ccc3O[C@H]2[C@H](CO)O1,10.1405,-0.2652221926696583,-0.2717174407793028,0.043272864845709066,-0.3149903056250119,0.03305946903788749
correct_CP,COC(=O)C[C@@H]1C[C@H]2c3cc(NC(=O)Cc4ccncc4)ccc3O[C@H]2[C@H](CO)O1,10.0587,0.3645552613276159,0.38212935452316676,-0.039887176274745674,0.42201653079791246,0.12180626735860955
correct_CP,COC(=O)C[C@@H]1C[C@H]2c3cc(NC(=O)c4ccc5c(c4)OCO5)ccc3O[C@H]2[C@@H](CO)O1,9.95348,0.42854554572547676,0.45811365988161346,-0.0021681750992008017,0.46028183498081426,-0.1272794742035953
correct_CP,COC(=O)C[C@H]1C(C)(C)C(=O)[C@@H]2CC3=C4CC(=O)O[C@@H](c5ccoc5)[C@]4(C)CCC3[C@@]1(C)C2=O,10.0,0.4187379270645563,0.44616062215400076,0.2509608201723504,0.19519980198165038,0.1731002118878217
correct_CP,COC(=O)C[C@H]1C=C[C@H](NC(=O)Nc2ccc(C(F)(F)F)cc2)[C@@H](CO)O1,10.0604,0.22650115538452162,0.2304983147067155,-0.026486206267073806,0.2569845209737893,0.004245243183787287
correct_CP,COC(=O)C[C@H]1C=C[C@H](NS(=O)(=O)c2ccc(OC)cc2)[C@H](CO)O1,10.0709,-0.20416320363033572,-0.20707301636697428,0.03384789738451421,-0.2409209137514885,-0.1486121991984992
correct_CP,COC(=O)C[C@H]1C=C[C@H](NS(=O)(=O)c2ccccc2F)[C@@H](CO)O1,9.97727,0.08532443229316837,0.08553240281419291,-0.15407484763966234,0.23960725045385525,0.44725947767441215
correct_CP,COC(=O)C[C@H]1CC[C@@H](NC(=O)c2ccccc2)[C@H](CO)O1,10.0481,0.31581588483340367,0.32699257066699744,0.0910736492588678,0.23591892140812964,0.3738855410603522
correct_CP,COC(=O)C[C@H]1CC[C@@H]2[C@@H](COc3ccc(NC(=O)Cc4cccs4)cc3C(=O)N2C)O1,10.0776,0.28440592396227626,0.2924692505802305,0.01133273541448166,0.28113651516574883,0.11388747287916626
correct_CP,COC(=O)C[C@H]1CC[C@@H]2[C@@H](COc3ccc(NC(=O)c4ccccc4F)cc3C(=O)N2C)O1,9.94185,0.043478605667319,0.0435060339455999,0.030292594225332054,0.01321343972026785,-0.0369487402505891
correct_CP,COC(=O)C[C@H]1CC[C@@H]2[C@@H](COc3ccc(NS(=O)(=O)c4ccc(F)cc4)cc3C(=O)N2C)O1,9.97159,0.027913452827372297,0.027920705908329856,-0.012066899934399428,0.039987605842729285,0.1431179210052421
correct_CP,COC(=O)C[C@H]1CC[C@@H]2[C@H](COc3ccc(NC(=O)c4cccc(Cl)c4)cc3C(=O)N2C)O1,9.9519,0.275781187746341,0.2831101963241841,-0.0008837143374411487,0.28399391066162527,-0.13394470315578771
correct_CP,COC(=O)C[C@H]1CC[C@H]2NC[C@@H](O)COC[C@@H]2O1,10.062,-0.2836271427250766,-0.29162213649619945,0.0047238843425316274,-0.2963460208387311,-0.5552518585051398
correct_CP,COC(=O)C[C@H]1C[C@@H]2c3cc(NC(=O)Cc4ccncc4)ccc3O[C@@H]2[C@@H](CO)O1,10.145,0.15531168224508798,0.1565788683618393,0.03017897957278686,0.12639988878905242,-0.1712791546733698
correct_CP,COC(=O)C[C@H]1C[C@@H]2c3cc(NC(=O)Nc4ccc(C(F)(F)F)cc4)ccc3O[C@@H]2[C@H](CO)O1,10.1672,0.21836971304116964,0.22194354668506605,0.06530702553683108,0.15663652114823495,0.03194051447486261
correct_CP,COC(=O)C[C@H]1C[C@@H]2c3cc(NC(=O)c4ccc5c(c4)OCO5)ccc3O[C@@H]2[C@H](CO)O1,9.93377,-0.39937839059470426,-0.4229091378436691,0.01072424349756922,-0.43363338134123836,-0.30604820216612266
correct_CP,COC(=O)C[C@H]1C[C@@H]2c3cc(NS(=O)(=O)c4ccc(F)cc4)ccc3O[C@@H]2[C@@H](CO)O1,10.0326,0.3241449740433231,0.3362718165573575,0.0020471793904867277,0.3342246371668708,0.05356562040573544
correct_CP,COC(=O)C[C@H]1C[C@@H]2c3cc(NS(C)(=O)=O)ccc3O[C@@H]2[C@@H](CO)O1,9.94176,0.2845463133802915,0.2926220016312776,0.04861100298239393,0.24401099864888368,0.6836831602002647
correct_CP,COC(=O)C[C@H]1C[C@H]2c3cc(NC(=O)c4ccc5c(c4)OCO5)ccc3O[C@H]2[C@H](CO)O1,10.0851,0.4547635147416277,0.4906895075593569,-0.04801246589245935,0.5387019734518163,-0.014273550944587793
correct_CP,COC(=O)N(C)C[C@H]1OCc2ccccc2-c2ccccc2C(=O)N([C@H](C)CO)C[C@H]1C,10.1978,0.029313902686799776,0.029322303545212956,0.08436672026492768,-0.05504441671971473,-0.003109555264621297
correct_CP,COC(=O)N(C)c1ccc(C(O)(C(=O)OC)C(F)(F)F)cc1,10.0,0.22117668174444574,0.2248929759114942,-0.041872490296143344,0.2667654662076375,0.02094562637323203
correct_CP,COC(=O)NN=Cc1cc(N=Nc2ccccc2Cl)ccc1O,10.0,0.25037802722391567,0.255816081596212,0.13458753915933425,0.12122854243687775,0.11986731262604788
correct_CP,COC(=O)Nc1nc2ccc(C(=O)c3ccccc3)cc2[nH]1,10.0,0.24870592316080625,0.25403293855500164,0.11371840018605817,0.14031453836894348,0.29224631017870983
correct_CP,COC(=O)[C@@H]1[C@@H](CO)[C@@H]2Cn3c(ccc(-c4ccccc4OC)c3=O)[C@H]1N2Cc1ccccc1,9.96855,-0.43249178372301755,-0.46295774283982455,0.05527184746726162,-0.5182295903070862,-0.2395779191231328
correct_CP,COC(=O)[C@@H]1[C@@H](CO)[C@@H]2Cn3c(ccc(C4=CCCC4)c3=O)[C@@H]2N1C(=O)Cc1cccnc1,9.99078,-0.4025032490053583,-0.4266325539252594,-0.02791448838088317,-0.3987180655443762,0.10386169527903935
correct_CP,COC(=O)[C@@H]1[C@@H](CO)[C@@H]2Cn3c(cccc3=O)[C@@H]2N1CC1CCOCC1,10.0441,0.1263189133477118,0.12699728785966732,0.13879094201437148,-0.011793654154704153,0.20141379094892448
correct_CP,COC(=O)[C@H](NC(=O)c1cc(-c2ccccc2)nc2ccccc12)c1ccccc1,10.0,0.49263101315483,0.5395285494168467,-0.024926152864990593,0.5644547022818373,0.5467263659772411
correct_CP,COC(=O)[C@H]1[C@H](CO)[C@H]2Cn3c(ccc(-c4ccc(F)cc4)c3=O)[C@H]2N1C(=O)C1CCC1,10.0662,-0.06597218430014888,-0.06606814590483476,0.03515365545594311,-0.10122180136077787,-0.12945970677768576
correct_CP,COC(=O)[C@H]1[C@H](CO)[C@H]2Cn3c(ccc(-c4ccccc4F)c3=O)[C@@H]1N2CC1CCCC1,10.0659,-0.0017117533040576,-0.001711754975929634,-0.00619976179775203,0.004488006821822396,0.2341271278021421
correct_CP,COC(=O)[C@H]1[C@H](CO)[C@H]2Cn3c(ccc(-c4cccnc4)c3=O)[C@H]2N1Cc1cccc(F)c1,10.0371,0.004035645687831699,0.004035667596807687,-0.005937042928941115,0.009972710525748801,0.10363553457480959
correct_CP,COC(=O)[C@H]1[C@H](CO)[C@H]2Cn3c(ccc(C4=CCCCC4)c3=O)[C@H]2N1Cc1ccc2c(c1)OCO2,9.96294,0.10302765704391421,0.10339453228154112,-0.128352132170556,0.23174666445209713,0.2811393786561739
correct_CP,COC(=O)c1[nH]nc2ccccc12,10.0,0.2236206390054798,0.22746410579589166,0.048865587330978906,0.17859851846491276,-0.08172163402765112
correct_CP,COC(=O)c1c(C)cc(OC)cc1O,10.0,0.5379528066763082,0.6012702144064406,-0.07046819286745697,0.6717384072738976,0.08120664776894101
correct_CP,COC(=O)c1cc(-c2ccc(Br)cc2)[nH]n1,10.0,0.43308527769176103,0.4636880225587645,-0.13109407537133722,0.5947820979301017,-0.05714854009378051
correct_CP,COC(=O)c1cc(S(=O)(=O)NCCc2ccccc2)c[nH]1,10.0,0.5717735657289492,0.6501539063693262,-0.04275038105264456,0.6929042874219709,0.0877889929126795
correct_CP,COC(=O)c1cc2oc(C)cc2n1CC(=O)N1CCCc2ccccc21,10.0,0.21478170855520246,0.21817895924658628,0.06391083671415614,0.15426812253243016,0.22132447958203816
correct_CP,COC(=O)c1ccc(C(C(=O)NC2CCCCC2)N(Cc2ccccc2)C(=O)Cc2cccs2)cc1,10.0,-0.09703285390035078,-0.09733911949469073,0.05346146372270113,-0.15080058321739187,0.07199878053307288
correct_CP,COC(=O)c1ccc(C)c(-n2c(C)cc(C=O)c2C)c1,10.0,0.25903486107612933,0.26507357247740904,0.1352149471947045,0.12985862528270453,0.20630541198779123
correct_CP,COC(=O)c1ccc(C2c3c(C)n[nH]c3C(=O)N2c2ccc(C)cc2)cc1,10.0,-0.009518702806018579,-0.009518990304568289,-0.018840076112685563,0.009321085808117274,0.03601255377350812
correct_CP,COC(=O)c1ccc(CN2C(=O)NC3(CCCCC3)C2=O)cc1,10.0,0.6663701195171738,0.8041853611806071,-0.04035363383614675,0.8445389950167539,-0.056938670318377946
correct_CP,COC(=O)c1oc2ccc(OC)cc2c1N,10.0,0.37524585111689623,0.3945147921838374,-0.2350070989859299,0.6295218911697673,0.34414233203377687
correct_CP,COC(C[C@@H](O)C[C@@H](O)COCc1ccccc1)OC,10.0,0.05800953655064005,0.05807473766613264,0.10731749647863176,-0.049242758812499114,0.16577791147602594
correct_CP,COC1(C[S@@](=O)c2ccccc2)CCN(CCc2c[nH]c3ccc(F)cc23)CC1,10.0,-0.3110387144291418,-0.32169496682590387,0.021770991890336724,-0.3434659587162406,-0.08230182485716543
correct_CP,COCC#Cc1ccc([C@@H]2[C@H](C#N)N(C(=O)Cc3ccccc3)[C@H]2CO)cc1,9.78695,0.19088914351957426,0.19325977491966084,0.0987233371394115,0.09453643778024934,-0.015470998325084612
correct_CP,COCC#Cc1ccc2c(c1)O[C@@H](CN(C)C(=O)c1ccccc1F)[C@@H](C)CN([C@H](C)CO)S2(=O)=O,10.0758,-0.026487191760418933,-0.026493388587231503,0.03881270874481152,-0.06530609733204303,-0.08695839787520122
correct_CP,COCC#Cc1ccc2c(c1)O[C@@H](CN(C)Cc1ccc3c(c1)OCO3)[C@H](C)CN([C@@H](C)CO)S2(=O)=O,10.0569,0.035566026059914005,0.035581033774428075,0.023951482982552008,0.011629550791876067,-0.1438097662706856
correct_CP,COCC#Cc1ccc2c(c1)O[C@@H](CN(C)Cc1ccc3c(c1)OCO3)[C@H](C)CN([C@H](C)CO)S2(=O)=O,10.0088,-0.11006206252964947,-0.11050973890844606,0.014884145935969862,-0.12539388484441594,0.0132043897988042
correct_CP,COCC#Cc1ccc2c(c1)O[C@H](CN(C)Cc1ccccn1)[C@@H](C)CN([C@@H](C)CO)S2(=O)=O,9.95286,-0.14680064329563725,-0.14786903117022052,-0.005335711263211531,-0.142533319907009,-0.045580809052960095
correct_CP,COCC#Cc1ccc2c(c1)O[C@H](CN(C)S(=O)(=O)c1ccc(OC)cc1)[C@@H](C)CN([C@H](C)CO)S2(=O)=O,10.0813,0.6764743714711705,0.8225849727035909,0.14190206879828454,0.6806829039053064,0.24725499093337527
correct_CP,COCC#Cc1cnc2c(c1)C(=O)N([C@@H](C)CO)C[C@@H](C)[C@@H](CN(C)S(C)(=O)=O)O2,10.0789,0.08706236613302791,0.08728334538925539,0.011199210087933188,0.0760841353013222,0.10901238281606979
correct_CP,COCC#Cc1cnc2c(c1)C(=O)N([C@@H](C)CO)C[C@@H](C)[C@H](CN(C)C(=O)C1CCCCC1)O2,9.99496,0.2496420661973664,0.255031052246886,0.05060398776493792,0.20442706448194808,-0.03713716326749467
correct_CP,COCC#Cc1cnc2c(c1)C(=O)N([C@@H](C)CO)C[C@H](C)[C@@H](CN(C)Cc1ccc3c(c1)OCO3)O2,10.0292,0.14074528514932966,0.14168584189974598,0.004377801512275924,0.13730804038747005,-0.19188528310983574
correct_CP,COCC#Cc1cnc2c(c1)C(=O)N([C@H](C)CO)C[C@@H](C)[C@@H](CN(C)C(=O)CN1CCOCC1)O2,10.0948,-0.3475921712095786,-0.3627024157117254,0.009685391365742806,-0.3723878070774682,0.13180120973945614
correct_CP,COCC#Cc1cnc2c(c1)C(=O)N([C@H](C)CO)C[C@@H](C)[C@H](CN(C)S(C)(=O)=O)O2,10.019,-0.017194725277857793,-0.017196420167871252,-0.010883463682705992,-0.00631295648516526,-0.03471833579069845
correct_CP,COCC#Cc1cnc2c(c1)C(=O)N([C@H](C)CO)C[C@H](C)[C@H](CN(C)C(=O)Nc1cc(F)ccc1F)O2,10.0713,0.25398743586911987,0.2596706299195561,0.20191256331571805,0.05775806660383803,-0.15874068509001682
correct_CP,COCC#Cc1cnc2c(c1)C(=O)N([C@H](C)CO)C[C@H](C)[C@H](CN(C)Cc1ccc3c(c1)OCO3)O2,10.0679,0.35281520391547777,0.36865558136853516,-0.03549892432254756,0.4041545056910827,0.05780177732570535
correct_CP,COCC(=O)N(C)C[C@H]1Oc2cc(-c3ccc(C#N)cc3)ccc2S(=O)(=O)N([C@@H](C)CO)C[C@@H]1C,9.9934,-0.09798310682641634,-0.09829849404303154,-0.0020909506034830277,-0.09620754343954852,-0.09692770480120651
correct_CP,COCC(=O)N(C)C[C@H]1Oc2cc(-c3ccccc3F)ccc2S(=O)(=O)N([C@@H](C)CO)C[C@@H]1C,10.0918,0.13362415755343643,0.134428093002428,-0.005256375765317544,0.13968446876774554,0.15533803098633783
correct_CP,COCC(=O)N(C)C[C@H]1Oc2cc(-c3ccccc3F)ccc2S(=O)(=O)N([C@@H](C)CO)C[C@H]1C,10.0192,-0.18988495420902787,-0.19221781743757255,0.015340993333458203,-0.20755881077103075,0.11329953608248625
correct_CP,COCC(=O)N(C)C[C@H]1Oc2cc(C#Cc3cccnc3)ccc2S(=O)(=O)N([C@H](C)CO)C[C@H]1C,10.0221,0.03255009106276659,0.03256159407478192,0.015695730715507852,0.01686586335927407,-0.1566349520386594
correct_CP,COCC(=O)N(C)C[C@H]1Oc2ncc(-c3ccc(C#N)cc3)cc2C(=O)N([C@@H](C)CO)C[C@H]1C,10.0531,0.19731531639729596,0.1999375646154125,0.008757881837371008,0.1911796827780415,0.09203971262727945
correct_CP,COCC(=O)N(C)c1nnc(-c2ccccn2)s1,10.0,0.26759770794075977,0.2742744386566088,0.11861914145840045,0.1556552971982083,-0.04895604301296115
correct_CP,COCC(=O)N1C[C@@H](C)[C@@H](OC)CN(C)C(=O)c2cc(NC(=O)C3CCC3)ccc2OC[C@H]1C,10.0751,-0.16062847375700007,-0.16203174817164495,0.07909805811220091,-0.24112980628384587,0.0770843098995348
correct_CP,COCC(=O)N1C[C@@H](C)[C@@H](OC)CN(C)C(=O)c2cc(NC(=O)c3cc(C)on3)ccc2OC[C@@H]1C,10.0372,0.052576349811406194,0.05262487544006026,0.042226897075394246,0.010397978364666015,-0.05293488741469202
correct_CP,COCC(=O)N1C[C@@H](C)[C@@H](OC)CN(C)C(=O)c2ccc(NC(=O)c3ccccc3)cc2OC[C@@H]1C,9.98459,0.3169476320548122,0.32825020392291465,0.05494017002554657,0.2733100338973681,0.21209313213806147
correct_CP,COCC(=O)N1C[C@@H](C)[C@@H](OC)CN(C)C(=O)c2ccc(NS(C)(=O)=O)cc2OC[C@H]1C,9.92194,-0.05952042362607221,-0.059590860696333535,-0.08331112289346715,0.023720262197133614,0.03256017825749567
correct_CP,COCC(=O)N1C[C@@H](C)[C@H](OC)CN(C)C(=O)c2cc(NC(=O)c3cc(C)on3)ccc2OC[C@H]1C,9.87256,0.04323915193695527,0.0432661291949803,0.0025048896063235345,0.04076123958865677,-0.06696554108432867
correct_CP,COCC(=O)N1C[C@@H](C)[C@H](OC)CN(C)C(=O)c2ccc(NC(=O)NC(C)C)cc2OC[C@H]1C,10.0464,0.407092817345977,0.43212157905864745,-0.031217779927920016,0.4633393589865675,0.14811437088513105
correct_CP,COCC(=O)N1C[C@@H](C)[C@H](OC)CN(C)C(=O)c2ccc(NC(=O)c3ccc(OC)cc3)cc2OC[C@@H]1C,10.0648,0.23849563626994816,0.24317841138255253,-0.057248819336896364,0.3004272307194489,0.31926837383544576
correct_CP,COCC(=O)N1C[C@H](C)[C@@H](OC)CN(C)C(=O)c2ccc(NS(C)(=O)=O)cc2OC[C@@H]1C,9.91089,0.06145487089383714,0.061532412240782014,-0.12366321404745376,0.18519562628823577,0.1852804147785618
correct_CP,COCC(=O)N1C[C@H](C)[C@H](OC)CN(C)C(=O)c2cc(NC(=O)C3CCC3)ccc2OC[C@@H]1C,10.063,0.16482325808848353,0.16634063764147386,0.10908897333155901,0.05725166430991485,-0.2710564157096079
correct_CP,COCC(=O)N1C[C@H](C)[C@H](OC)CN(C)C(=O)c2cc(NC(=O)c3ccc(F)cc3)ccc2OC[C@H]1C,10.0228,0.19365051797162405,0.19612715176559095,-0.00682669171385532,0.20295384347944628,0.09139459970389778
correct_CP,COCC(=O)N1C[C@H](C)[C@H](OC)CN(C)C(=O)c2ccc(NC(=O)Nc3ccccc3)cc2OC[C@@H]1C,9.98898,0.046562344789374585,0.04659603849090509,-0.02289504536626117,0.06949108385716626,-0.13531908634591777
correct_CP,COCC(=O)N1C[C@H](C)[C@H](OC)CN(C)C(=O)c2ccc(NC(=O)c3ccc(OC)cc3)cc2OC[C@H]1C,10.1159,0.07976645613457509,0.0799362812792529,-0.026356244759876826,0.10629252603912973,-0.11609696330923064
correct_CP,COCC(=O)N1C[C@H](C)[C@H](OC)CN(C)C(=O)c2ccc(NC(=O)c3ccccc3)cc2OC[C@@H]1C,10.0663,0.49331100118397075,0.540426840626672,0.008189958207798314,0.5322368824188737,0.3007558116523546
correct_CP,COCC(=O)N1C[C@H](C)[C@H](OC)CN(C)C(=O)c2ccc(NC(=O)c3ccccc3)cc2OC[C@H]1C,10.1855,0.351553008022167,0.36721466279326237,-0.027803817563870202,0.39501848035713255,0.22100154069791114
correct_CP,COCC(=O)N1[C@@H](C#N)[C@H](c2ccc(C#CCC3CCCC3)cc2)[C@@H]1CO,9.48304,0.16683976944688728,0.16841417217013518,0.18665185153926728,-0.018237679369132093,-0.04115231334520894
correct_CP,COCC(=O)N1[C@H](C#N)[C@@H](c2ccc(-c3cccnc3)cc2)[C@@H]1CO,9.80567,-0.012551801067883216,-0.012552460299372325,0.013636683678467324,-0.026189143977839648,-0.011004507411241584
correct_CP,COCC(=O)N1[C@H](C(=O)Nc2ccccc2)[C@@H](CO)[C@@H]2Cn3c(ccc(-c4cccnc4)c3=O)[C@@H]21,10.1009,0.5503803125454051,0.618926728152987,0.10633637655581525,0.5125903515971717,0.2944991552478556
correct_CP,COCC(=O)N1[C@H](CO)[C@H](c2ccc(C#CCC3CCCC3)cc2)[C@@H]1C#N,10.0977,0.24297453873504407,0.24793286013819077,-0.042316519374158666,0.2902493795123494,0.26691568778027347
correct_CP,COCC(=O)N[C@@H]1C=C[C@@H](CC(=O)NCc2ccc(Cl)cc2)O[C@@H]1CO,10.0386,0.7146373874117737,0.8965981024562933,-0.11314197315708821,1.0097400756133816,-0.2282716882378347
correct_CP,COCC(=O)N[C@@H]1C=C[C@H](CC(=O)N2CCCCC2)O[C@@H]1CO,10.0359,-0.06549361383925087,-0.06558749864719443,0.10535002716873372,-0.17093752581592814,-0.011790387684957965
correct_CP,COCC(=O)N[C@@H]1C=C[C@H](CC(=O)N2CCCCC2)O[C@H]1CO,10.0688,0.3967740808468473,0.41981442181473655,0.11675586397918317,0.30305855783555335,-0.19964959820975656
correct_CP,COCC(=O)N[C@@H]1C=C[C@H](CC(=O)NCc2ccc(Cl)cc2)O[C@H]1CO,10.0907,0.15521604246390222,0.15648086605192524,-0.028706755636660284,0.18518762168858552,0.05833271759749671
correct_CP,COCC(=O)N[C@@H]1CC[C@H](CC(=O)NCc2ccccc2OC)O[C@@H]1CO,9.99335,0.19470335850423073,0.1972212448483348,0.012611697536736126,0.18460954731159868,0.016607307674791617
correct_CP,COCC(=O)N[C@H]1CC[C@@H](CC(=O)N2CCCCC2)O[C@H]1CO,10.0646,0.43593151934460167,0.4671966981316412,-0.0674083419970615,0.5346050401287027,0.2758543585487696
correct_CP,COCC(=O)N[C@H]1CC[C@@H](CC(=O)NCc2ccccc2OC)O[C@H]1CO,9.9722,0.2616623013486534,0.26789205552388407,-0.034797204995188985,0.3026892605190731,0.08071831615961711
correct_CP,COCC(=O)N[C@H]1CC[C@H](CC(=O)N2CCCCC2)O[C@H]1CO,10.0346,-0.06502733252717854,-0.06511922297347723,-0.05027388499290711,-0.014845337980570125,0.03929211013340718
correct_CP,COCC(=O)N[C@H]1CC[C@H](CC(=O)NCc2ccccc2OC)O[C@H]1CO,9.99713,0.04091529947457925,0.04093815401394304,0.021098410583377348,0.01983974343056569,0.0450928776689965
correct_CP,COCC(=O)Nc1ccc2c(c1)C(=O)N(C)C[C@@H](OC)[C@@H](C)CN(C)[C@H](C)CO2,10.0369,0.34732093619455146,0.362393939587729,-0.015786577961886684,0.3781805175496157,0.14898181130164223
correct_CP,COCC(=O)Nc1ccc2c(c1)C(=O)N(C)C[C@@H](OC)[C@@H](C)CN(Cc1cc(F)ccc1F)[C@H](C)CO2,9.99616,-0.4122794620149216,-0.43835437917997294,0.03818717418152444,-0.4765415533614974,-0.0969458342497719
correct_CP,COCC(=O)Nc1ccc2c(c1)C(=O)N(C)C[C@@H](OC)[C@@H](C)CN(Cc1ccccn1)[C@@H](C)CO2,9.94104,0.3172714565670904,0.32861023234448933,0.060061881088963015,0.26854835125552634,-0.1126130431542216
correct_CP,COCC(=O)Nc1ccc2c(c1)C(=O)N(C)C[C@@H](OC)[C@H](C)CN(C(=O)c1cnccn1)[C@@H](C)CO2,9.95553,0.3995750293985076,0.4231431151279803,0.002483871184495895,0.4206592439434844,0.11787088280760319
correct_CP,COCC(=O)Nc1ccc2c(c1)C(=O)N(C)C[C@@H](OC)[C@H](C)CN(C(=O)c1cnccn1)[C@H](C)CO2,10.0152,0.42175148432034704,0.4498205480027606,0.09550905545217274,0.35431149255058786,0.1919114348215244
correct_CP,COCC(=O)Nc1ccc2c(c1)C(=O)N(C)C[C@@H](OC)[C@H](C)CN(C)[C@H](C)CO2,10.0562,0.39252055332425734,0.41477619485004313,-0.08080491164313645,0.4955811064931796,0.019109939157717686
correct_CP,COCC(=O)Nc1ccc2c(c1)C(=O)N(C)C[C@@H](OC)[C@H](C)CN(Cc1cc(F)ccc1F)[C@@H](C)CO2,9.98975,-0.11632495637017833,-0.11685394137333369,-0.023032730257819045,-0.09382121111551464,-0.2811443288191973
correct_CP,COCC(=O)Nc1ccc2c(c1)C(=O)N(C)C[C@@H](OC)[C@H](C)CN(Cc1ccccn1)[C@@H](C)CO2,10.0488,0.0745222908900153,0.07466070737247961,0.01002917760903656,0.06463152976344305,0.03284312462967956
correct_CP,COCC(=O)Nc1ccc2c(c1)C(=O)N(C)C[C@@H](OC)[C@H](C)CN(Cc1cncnc1)[C@H](C)CO2,9.9888,0.11419648011525271,0.11469680665385586,-0.014355410682303511,0.12905221733615937,-0.2154928490095295
correct_CP,COCC(=O)Nc1ccc2c(c1)C(=O)N(C)C[C@@H](OC)[C@H](C)CN[C@@H](C)CO2,10.0124,-0.019350835040561003,-0.019353250921163582,0.019674412830908813,-0.039027663752072395,0.004110699374987151
correct_CP,COCC(=O)Nc1ccc2c(c1)C(=O)N(C)C[C@H](OC)[C@@H](C)CN(C(=O)Cc1cccnc1)[C@H](C)CO2,9.98412,0.2104199634301815,0.21361072537754278,0.02954056176119193,0.18407016361635084,0.16814542366778998
correct_CP,COCC(=O)Nc1ccc2c(c1)C(=O)N(C)C[C@H](OC)[C@@H](C)CN(Cc1cc(F)ccc1F)[C@@H](C)CO2,10.1286,-0.20548264338477865,-0.2084502339817888,0.01893604470979751,-0.2273862786915863,0.16005582720725206
correct_CP,COCC(=O)Nc1ccc2c(c1)C(=O)N(C)C[C@H](OC)[C@@H](C)CN(Cc1ccccc1OC)[C@@H](C)CO2,9.99621,0.12686114356575626,0.12754834886414473,-0.026290187915085257,0.15383853677922998,-0.04780280106595853
correct_CP,COCC(=O)Nc1ccc2c(c1)C(=O)N(C)C[C@H](OC)[C@H](C)CN(Cc1ccccn1)[C@@H](C)CO2,10.0676,0.19718316957341728,0.19980006818125812,0.06993230426626469,0.12986776391499344,-0.13791744946375656
correct_CP,COCC(=O)Nc1ccc2c(c1)OC[C@@H](C)N(C(=O)CC1CC1)C[C@@H](C)[C@@H](OC)CN(C)C2=O,9.9433,0.6090117905452604,0.7073490350767796,-0.019072156164227045,0.7264211912410067,-0.022236274118447943
correct_CP,COCC(=O)Nc1ccc2c(c1)OC[C@@H](C)N(C(=O)CC1CC1)C[C@H](C)[C@@H](OC)CN(C)C2=O,10.0782,0.25521213862599734,0.2609802220228975,0.025327902516823764,0.23565231950607374,0.24756013348511097
correct_CP,COCC(=O)Nc1ccc2c(c1)OC[C@@H](C)N(C(=O)Cc1ccccn1)C[C@@H](C)[C@H](OC)CN(C)C2=O,10.0375,0.11827355702463273,0.11882972776120973,0.09850061841566359,0.020329109345546145,-0.14008102575173226
correct_CP,COCC(=O)Nc1ccc2c(c1)OC[C@@H](C)N(C(=O)Cc1ccccn1)C[C@H](C)[C@@H](OC)CN(C)C2=O,10.0815,0.13391874690356903,0.1347280500262675,0.013719791252861206,0.12100825877340629,0.10720441024646046
correct_CP,COCC(=O)Nc1ccc2c(c1)OC[C@@H](C)N(C(=O)c1ccccn1)C[C@@H](C)[C@H](OC)CN(C)C2=O,9.99147,-0.16607281659266537,-0.16762536319230814,0.013832040976865204,-0.18145740416917333,0.015798678433460205
correct_CP,COCC(=O)Nc1ccc2c(c1)OC[C@@H](C)N(C(=O)c1cccnc1)C[C@H](C)[C@@H](OC)CN(C)C2=O,9.9565,0.17419057639916452,0.17598514659009531,0.05176568655090738,0.12421946003918793,-0.20865039003202004
correct_CP,COCC(=O)Nc1ccc2c(c1)OC[C@@H](C)N(C)C[C@H](C)[C@H](OC)CN(C)C2=O,9.94938,-0.03958811760435593,-0.039608818157318884,0.059527213003088573,-0.09913603116040745,-0.00602029098890873
correct_CP,COCC(=O)Nc1ccc2c(c1)OC[C@@H](C)N(CC1CC1)C[C@@H](C)[C@@H](OC)CN(C)C2=O,10.1038,0.2579509819473982,0.2639120841923437,-0.08359673855153395,0.3475088227438776,0.08678999174948712
correct_CP,COCC(=O)Nc1ccc2c(c1)OC[C@@H](C)N(CC1CC1)C[C@H](C)[C@H](OC)CN(C)C2=O,10.0252,0.1953933912343546,0.1979385673337594,0.01737948787755319,0.1805590794562062,0.050181102519898706
correct_CP,COCC(=O)Nc1ccc2c(c1)OC[C@@H](C)N(Cc1ccccc1)C[C@H](C)[C@@H](OC)CN(C)C2=O,10.0559,0.5792986695164201,0.6614064971427955,0.06836967030946207,0.5930368268333335,0.15634260894922236
correct_CP,COCC(=O)Nc1ccc2c(c1)OC[C@@H](C)N(Cc1ccccc1F)C[C@H](C)[C@H](OC)CN(C)C2=O,10.0687,0.02296910174251124,0.02297314236507526,0.005951977092149372,0.017021165272925888,0.002135564015214038
correct_CP,COCC(=O)Nc1ccc2c(c1)OC[C@@H](C)N(Cc1ccncc1)C[C@H](C)[C@H](OC)CN(C)C2=O,10.0102,0.18669267440819354,0.1889081995987164,0.07088605868221948,0.11802214091649693,0.15790748909950786
correct_CP,COCC(=O)Nc1ccc2c(c1)OC[C@H](C)N(C(=O)Cc1ccccn1)C[C@@H](C)[C@H](OC)CN(C)C2=O,9.95078,-0.07840754936426941,-0.07856882116660202,0.08438970580909,-0.16295852697569202,-0.10049407394202045
correct_CP,COCC(=O)Nc1ccc2c(c1)OC[C@H](C)N(C(=O)NC(C)C)C[C@H](C)[C@H](OC)CN(C)C2=O,9.81135,-0.4396296454136953,-0.4717716280975233,-0.027349402440984497,-0.4444222256565388,0.14498352506604067
correct_CP,COCC(=O)Nc1ccc2c(c1)OC[C@H](C)N(C(=O)c1ccccn1)C[C@H](C)[C@H](OC)CN(C)C2=O,10.0428,0.09177830144753678,0.09203730242039429,0.017433474805632357,0.07460382761476193,0.02409382862527127
correct_CP,COCC(=O)Nc1ccc2c(c1)OC[C@H](C)N(C)C[C@@H](C)[C@@H](OC)CN(C)C2=O,10.1097,0.43943081049910465,0.47152518329291876,0.051386146780050795,0.420139036512868,0.2211975037116636
correct_CP,COCC(=O)Nc1ccc2c(c1)OC[C@H](C)N(CC1CC1)C[C@@H](C)[C@H](OC)CN(C)C2=O,9.91797,0.06568265326746747,0.06577735479980298,-0.0011041977054451046,0.06688155250524809,0.03906570194822032
correct_CP,COCC(=O)Nc1ccc2c(c1)OC[C@H](C)N(CCC(F)(F)F)C[C@@H](C)[C@@H](OC)CN(C)C2=O,10.076,0.09204511969586271,0.09230639389121817,0.06515739143092023,0.027149002460297944,0.14122779917565145
correct_CP,COCC(=O)Nc1ccc2c(c1)OC[C@H](C)N(CCC(F)(F)F)C[C@@H](C)[C@H](OC)CN(C)C2=O,10.0098,0.40914539010369316,0.43458435655415484,-0.008324966990047063,0.4429093235442019,0.09238766524131742
correct_CP,COCC(=O)Nc1ccc2c(c1)OC[C@H](C)N(Cc1ccccc1)C[C@H](C)[C@@H](OC)CN(C)C2=O,10.0197,-0.08608007034955716,-0.08629363204207104,0.06925654575310293,-0.15555017779517397,-0.061082648987554514
correct_CP,COCC(=O)Nc1ccc2c(c1)OC[C@H](C)N(Cc1ccccc1)C[C@H](C)[C@H](OC)CN(C)C2=O,10.0072,0.32720335064328276,0.33969306748493955,0.1564261239354544,0.18326694354948514,0.048890669751156246
correct_CP,COCC(=O)Nc1ccc2c(c1)OC[C@H](C)N(Cc1cccnc1)C[C@H](C)[C@H](OC)CN(C)C2=O,10.0102,0.5126549373996735,0.5663246014967417,0.01638312759316172,0.54994147390358,-0.10183008893991302
correct_CP,COCC(=O)Nc1ccc2c(c1)[C@@H]1C[C@@H](CC(=O)NCCc3ccccc3)O[C@@H](CO)[C@@H]1O2,10.0838,-0.2739787189909397,-0.2811604024120028,-0.015115594678778673,-0.26604480773322414,0.01846995963271813
correct_CP,COCC(=O)Nc1ccc2c(c1)[C@@H]1C[C@@H](CC(=O)N[C@H](C)c3ccccc3)O[C@H](CO)[C@@H]1O2,9.95508,0.02889502706768001,0.02890307280220926,-0.007523012649808309,0.036426085452017566,-0.13001206253794242
correct_CP,COCC(=O)Nc1ccc2c(c1)[C@@H]1C[C@H](CC(=O)NCc3cccnc3)O[C@@H](CO)[C@@H]1O2,10.1451,0.19001091523329947,0.19234849327472203,0.015483704395861171,0.17686478887886087,-0.19312665821669345
correct_CP,COCC(=O)Nc1ccc2c(c1)[C@@H]1C[C@H](CC(=O)NCc3cccnc3)O[C@H](CO)[C@@H]1O2,10.0482,-0.027563446004784123,-0.02757042957198404,0.014366014757172838,-0.04193644432915688,0.19598778941378125
correct_CP,COCC(=O)Nc1ccc2c(c1)[C@@H]1C[C@H](CC(=O)N[C@H](C)c3ccccc3)O[C@@H](CO)[C@@H]1O2,9.98931,-0.3075763552589701,-0.31786631022848955,0.18903759718383398,-0.5069039074123235,-0.2708499407162004
correct_CP,COCC(=O)Nc1ccc2c(c1)[C@H]1C[C@@H](CC(=O)NCCc3ccccc3)O[C@H](CO)[C@H]1O2,10.1754,0.2807669786908177,0.2885144917588268,-0.026795567271574422,0.3153100590304012,0.18063203191422952
correct_CP,COCC(=O)Nc1ccc2c(c1)[C@H]1C[C@@H](CC(=O)NCc3ccccn3)O[C@H](CO)[C@H]1O2,9.81743,-0.13217064365135806,-0.13294844570621697,-0.1287606418662827,-0.004187803839934279,0.3140649786275863
correct_CP,COCC(=O)Nc1ccc2c(c1)[C@H]1C[C@H](CC(=O)NCc3ccc(-c4ccccc4)cc3)O[C@@H](CO)[C@H]1O2,10.0462,0.2861445659169961,0.29436192254498267,0.03788019757450471,0.25648172497047794,-0.12932862393666045
correct_CP,COCC(=O)Nc1ccc2c(c1)[C@H]1C[C@H](CC(=O)NCc3ccccn3)O[C@H](CO)[C@H]1O2,10.0458,0.4744315466910915,0.515773678694551,0.013060611474574421,0.5027130672199767,0.07956114910108063
correct_CP,COCC(=O)Nc1ccc2c(c1)[C@H]1C[C@H](CC(=O)N[C@@H](C)c3ccccc3)O[C@@H](CO)[C@H]1O2,10.0617,-0.2778560175854497,-0.28535721282831195,0.0012445698878162763,-0.28660178271612824,-0.5802002258975287
correct_CP,COCC(=O)O[C@]1(CCN(C)CCCc2nc3ccccc3[nH]2)CCc2cc(F)ccc2[C@@H]1C(C)C,10.0,0.38085534842984636,0.40105973628261266,-0.028558845231470925,0.4296185815140836,0.20609554593176668
correct_CP,COCCCCC(=NOCCN)c1ccc(C(F)(F)F)cc1,10.0,0.23098624019546507,0.23523104295861552,-0.00920798370088846,0.24443902665950398,-0.16769011109198237
correct_CP,COCCCNS(=O)(=O)c1ccc2c(c1)CCN2C(C)=O,10.0,0.24504749743080967,0.2501370609761186,0.1347280882131069,0.11540897276301171,-0.0399125465817001
correct_CP,COCCCn1c(-c2ccsc2)nc2c1c(=O)[nH]c(=O)n2Cc1ccccc1,10.0,0.30478578536344164,0.31478706828170944,0.10640219542637147,0.20838487285533797,0.08283536451085904
correct_CP,COCCN(C(=O)CN1CCc2ccccc2C1)c1c(N)n(Cc2ccccc2)c(=O)[nH]c1=O,10.0,0.4804088074471258,0.5235156078242429,-0.04736406888975341,0.5708796767139963,0.3467851019105372
correct_CP,COCCNC(=O)C[C@@H]1C=C[C@@H](NC(=O)NC2CCCC2)[C@@H](CO)O1,9.93684,0.12949533627773638,0.13022654508476594,-0.0410264028813477,0.17125294796611365,0.03323138602374411
correct_CP,COCCNC(=O)C[C@@H]1CC[C@@H](NC(=O)NC2CCCCC2)[C@H](CO)O1,9.99732,0.018137397823188895,0.01813938707340635,0.013185147590897,0.004954239482509351,-0.07145087378311843
correct_CP,COCCNC(=O)C[C@@H]1CC[C@@H]2[C@H](COC[C@H](O)CN2C(=O)c2cc(Cl)cc(Cl)c2)O1,10.0235,0.07193285323635572,0.07205730808382416,-0.08167071137339069,0.15372801945721484,-0.18213228722595212
correct_CP,COCCNC(=O)C[C@@H]1CC[C@H]2[C@@H](COc3ccc(NC(=O)Cc4ccccc4)cc3C(=O)N2C)O1,10.1389,0.006613685210309506,0.006613781642205022,-0.03807389117574244,0.044687672817947464,0.0070947664420567165
correct_CP,COCCNC(=O)C[C@@H]1CC[C@H]2[C@H](COc3ccc(NC(=O)Cc4ccccc4)cc3C(=O)N2C)O1,9.80212,0.030173677888825044,0.030182840111164358,0.0447472164417967,-0.014564376330632345,-0.03411025346818515
correct_CP,COCCNC(=O)C[C@@H]1C[C@@H]2c3cc(NC(=O)c4cccnc4)ccc3O[C@@H]2[C@H](CO)O1,10.0926,0.27044869624551504,0.2773478642053285,0.07042327965560827,0.2069245845497202,-0.21282418651059515
correct_CP,COCCNC(=O)C[C@@H]1C[C@@H]2c3cc(NS(C)(=O)=O)ccc3O[C@@H]2[C@H](CO)O1,9.85907,-0.1399030294007993,-0.14082666821986614,-0.005113101446744426,-0.1357135667731217,-0.1781530160962887
correct_CP,COCCNC(=O)C[C@@H]1C[C@H]2c3cc(NC(=O)CC4CC4)ccc3O[C@H]2[C@H](CO)O1,9.9577,0.07959760404084283,0.0797663502546407,-0.05758233614691036,0.13734868640155107,0.11002563263957826
correct_CP,COCCNC(=O)C[C@@H]1C[C@H]2c3cc(NC(=O)Nc4ccc(OC)cc4)ccc3O[C@H]2[C@H](CO)O1,9.96552,-0.029277048649761557,-0.029285417851950334,-0.08382027202488396,0.05453485417293362,0.10012126046691477
correct_CP,COCCNC(=O)C[C@H]1C=C[C@@H](NC(=O)NC2CCCC2)[C@H](CO)O1,10.0003,0.35137656303118725,0.36701335015552006,-0.005034785026471396,0.3720481351819915,-0.15967208252554804
correct_CP,COCCNC(=O)C[C@H]1CC[C@@H]2[C@@H](COc3ccc(NC(=O)Cc4ccccc4)cc3C(=O)N2C)O1,10.0327,0.3477211062407944,0.3628490769774421,0.009346941486225255,0.35350213549121684,-0.27938416709560443
correct_CP,COCCNC(=O)C[C@H]1CC[C@H]2[C@@H](COC[C@@H](O)CN2C(=O)c2cc(Cl)cc(Cl)c2)O1,10.0467,-0.04753126938126923,-0.04756711253673588,-0.12127313433828447,0.07370602180154859,-0.10344675088550652
correct_CP,COCCNC(=O)C[C@H]1CC[C@H]2[C@@H](COC[C@@H](O)CN2S(=O)(=O)c2ccccc2F)O1,9.97416,0.4512740513041847,0.48629898576063035,0.030084714650027218,0.45621427111060314,-0.16522609230597174
correct_CP,COCCNC(=O)C[C@H]1C[C@@H]2c3cc(NC(=O)CC4CC4)ccc3O[C@@H]2[C@H](CO)O1,9.85192,0.08001039052998579,0.08018178250405393,-0.0672361619226203,0.14741794442667422,-0.034566425211653234
correct_CP,COCCNC(=O)C[C@H]1C[C@@H]2c3cc(NC(=O)Nc4ccc(C(F)(F)F)cc4)ccc3O[C@@H]2[C@@H](CO)O1,10.0099,0.3197507225508695,0.3313694178578986,-0.03367393011322259,0.36504334797112115,0.18733306733124047
correct_CP,COCCNC(=O)C[C@H]1C[C@@H]2c3cc(NC(=O)Nc4ccc(C(F)(F)F)cc4)ccc3O[C@@H]2[C@H](CO)O1,10.1599,0.1737005138881185,0.17547979357487195,-0.07060869105291372,0.24608848462778565,0.18379019663776236
correct_CP,COCCNC(=O)C[C@H]1C[C@@H]2c3cc(NC(=O)Nc4ccc(OC)cc4)ccc3O[C@@H]2[C@@H](CO)O1,9.79264,-0.032615029185862086,-0.0326266012109859,0.12205633288914455,-0.15468293410013045,-0.18732099666870233
correct_CP,COCCNC(=O)C[C@H]1C[C@@H]2c3cc(NC(=O)c4cccnc4)ccc3O[C@@H]2[C@@H](CO)O1,10.0693,-0.2543453849371874,-0.26005329967492885,-0.0600234294581361,-0.20002987021679275,0.33572077752550794
correct_CP,COCCNC(=O)C[C@H]1C[C@H]2c3cc(NC(=O)CN(C)C)ccc3O[C@H]2[C@H](CO)O1,10.0704,0.4525808340785056,0.4879411651143851,-0.049667136115535436,0.5376083012299205,0.03909193345485218
correct_CP,COCCNC(=O)[C@H]1[C@H](CO)[C@H]2Cn3c(ccc(-c4ccccc4F)c3=O)[C@H]2N1C(=O)C1CCCC1,10.0995,0.35271323647364694,0.3685391213381447,0.04269472422766682,0.32584439711047786,0.22041247718792198
correct_CP,COCCSc1ccccc1C(=O)Nc1nncs1,10.0,0.5659335436174737,0.6415198954705557,0.11634092385843564,0.52517897161212,0.3526177510842976
correct_CP,COCCn1c(COc2ccc(C)cc2)nc2ccccc21,10.0,0.6186010534186694,0.7227357883492217,0.3217257486940518,0.4010100396551699,0.2165465115263857
correct_CP,COCc1cc(O)n2c(-c3ccccc3OC)nnc2n1,10.0,0.45973315108522006,0.49697287130592144,0.07925626750409184,0.4177166038018296,-0.037217514569305686
correct_CP,COCc1cn(CC[C@@H]2CC[C@@H](NC(=O)Nc3c(C)noc3C)[C@@H](CO)O2)nn1,10.1321,0.07782365744067125,0.07798134441486199,0.014865004670450259,0.06311633974441172,0.006417141433165019
correct_CP,COCc1cn(CC[C@@H]2CC[C@@H](NC(=O)c3ccncc3)[C@@H](CO)O2)nn1,10.0717,-0.04805718763032205,-0.04809423489747967,-0.023116214897563804,-0.024978019999915863,0.16375258979977161
correct_CP,COCc1cn(CC[C@@H]2CC[C@H](NC(=O)c3ccncc3)[C@H](CO)O2)nn1,10.1712,-0.2099409667001663,-0.21310959059214257,0.01061650862347588,-0.22372609921561845,-0.14342174161038898
correct_CP,COCc1cn(CC[C@H]2CC[C@@H](NC(=O)Nc3ccc(C(F)(F)F)cc3)[C@H](CO)O2)nn1,10.0453,-0.08185272312724907,-0.0820362623284137,-0.029553391415694907,-0.05248287091271879,-0.06274397843681603
correct_CP,COCc1n[nH]c2c1C(c1ccc(OC)cc1)C(C#N)=C(N)O2,10.0,0.4032820769524142,0.4275623007890714,0.08511097140862789,0.34245132938044354,-0.15347206054245766
correct_CP,CO[C@@H](C(=O)N(C)C[C@H]1OCc2ccccc2-c2c(n(C)c3ccccc23)C(=O)N([C@@H](C)CO)C[C@H]1C)c1ccccc1,9.86619,0.3227538223059951,0.3347181171798414,0.06118267658233115,0.2735354405975102,0.22107028022470768
correct_CP,CO[C@@H](CN(C)C(=O)Nc1ccc(C(F)(F)F)cc1)[C@H](C)CN(Cc1ccccc1Cl)[C@H](C)CO,10.0179,-0.2786268121452548,-0.28619268854008606,0.06773818003267579,-0.35393086857276185,0.09451320354117299
correct_CP,CO[C@@H](CN(C)C(=O)Nc1ccc(F)cc1)[C@@H](C)CN(Cc1ccccc1Cl)[C@@H](C)CO,10.1027,0.27492731218502214,0.2821862685161076,0.0020282770487262724,0.28015799146738135,0.11146516490930514
correct_CP,CO[C@@H](CN(C)C(=O)c1ccc2c(c1)OCO2)[C@H](C)CN([C@@H](C)CO)S(=O)(=O)c1ccc(F)cc1,9.45595,0.6038694034903334,0.6992152098947769,0.059803500628698096,0.6394117092660788,0.027088700962224883
correct_CP,CO[C@@H](CN(C)C(=O)c1ccccc1F)[C@@H](C)CN([C@@H](C)CO)S(=O)(=O)c1ccc(C)cc1,10.0232,0.1527915406805987,0.15399746366268674,-0.025775692413978302,0.17977315607666505,0.11982032553686257
correct_CP,CO[C@@H](CN(C)C(=O)c1ccccc1F)[C@@H](C)CN([C@@H](C)CO)S(=O)(=O)c1ccc(Cl)cc1,10.5412,-0.059240449291885815,-0.05930989566741339,0.008224184992594703,-0.0675340806600081,0.10080594811697055
correct_CP,CO[C@@H](CN(C)C(=O)c1ccccc1F)[C@H](C)CN([C@H](C)CO)S(=O)(=O)c1ccc(F)cc1,10.001,-0.28382210672229596,-0.2918341690428033,0.04667117826454558,-0.3385053473073489,0.0436721196428499
correct_CP,CO[C@@H](CN(C)C(=O)c1cnccn1)[C@@H](C)CN([C@H](C)CO)S(=O)(=O)c1ccc(Cl)cc1,10.0015,0.1480486535576099,0.14914476852250452,-0.0091404121222474,0.15828518064475192,-0.055347199642829185
correct_CP,CO[C@@H](CN(C)C(=O)c1cnccn1)[C@H](C)CN([C@@H](C)CO)S(=O)(=O)c1ccc(C)cc1,10.0466,0.1804731540395591,0.18247172924535157,0.035691972324653216,0.14677975692069836,-0.014941050099521774
correct_CP,CO[C@@H](CN(C)C(=O)c1cnccn1)[C@H](C)CN([C@@H](C)CO)S(=O)(=O)c1ccc(Cl)cc1,10.0294,0.0011613547388917313,0.001161355261015887,0.009937718285164838,-0.00877636302414895,-0.0044556080980561585
correct_CP,CO[C@@H](CN(C)Cc1cc(F)ccc1F)[C@@H](C)CN(C(=O)Nc1ccc(F)cc1)[C@@H](C)CO,9.69666,-0.008854751288351767,-0.008854982722947071,-0.09250159794530222,0.08364661522235514,0.08772027865907121
correct_CP,CO[C@@H](CN(C)Cc1cc(F)ccc1F)[C@@H](C)CN([C@H](C)CO)S(=O)(=O)c1ccc(C)cc1,10.0403,-0.21157295324431888,-0.21481743758076208,0.016378297423839085,-0.23119573500460117,0.16079082006365322
correct_CP,CO[C@@H](CN(C)Cc1cc(F)ccc1F)[C@H](C)CN(C(=O)Nc1ccc(C(F)(F)F)cc1)[C@H](C)CO,10.0253,0.38818652253987607,0.4096630268023467,-0.014106925181419377,0.42376995198376605,-0.037575882407197565
correct_CP,CO[C@@H](CN(C)Cc1cc(F)ccc1F)[C@H](C)CN([C@H](C)CO)S(=O)(=O)c1ccc(F)cc1,10.049798,-0.10322593089342788,-0.10359493746808021,-0.059672588773826904,-0.04392234869425331,0.3685253169645475
correct_CP,CO[C@@H](CN(C)Cc1ccc(-c2ccccn2)cc1)[C@@H](C)CN(C(=O)Nc1ccc(F)cc1)[C@H](C)CO,10.0806,-0.1695761453950902,-0.17123022731039464,0.09503883501443713,-0.2662690623248318,-0.21647087792525316
correct_CP,CO[C@@H](CN(C)Cc1ccc2c(c1)OCO2)[C@@H](C)CN(C(=O)Nc1ccc(F)cc1)[C@@H](C)CO,10.7238,-0.06832068002416108,-0.06842727922354837,-0.1837599937595226,0.11533271453597423,0.2954458582939259
correct_CP,CO[C@@H](CN(C)Cc1ccc2c(c1)OCO2)[C@H](C)CN(C(=O)c1ccccc1)[C@H](C)CO,10.012608,-0.05187954931765886,-0.051926169015193174,0.0970311864995427,-0.14895735551473588,-0.09671415361274303
correct_CP,CO[C@@H](CN(C)Cc1nccs1)[C@@H](C)CN([C@@H](C)CO)S(=O)(=O)c1ccc(F)cc1,10.0223,-0.12385086300294688,-0.12449000666490502,-0.005882832594525562,-0.11860717407037946,0.11238357570374503
correct_CP,CO[C@@H](CN(C)S(=O)(=O)c1ccc(C)cc1)[C@H](C)CN(C(=O)Nc1ccccc1F)[C@@H](C)CO,10.0208,0.10129393721666144,0.10164252661430045,0.011791531240470665,0.08985099537382979,0.019950670228402453
correct_CP,CO[C@@H](CN(C)S(=O)(=O)c1ccc(Cl)cc1)[C@@H](C)CN([C@H](C)CO)S(=O)(=O)c1cccc(Cl)c1,9.70291,0.3309119918497143,0.3438520455564294,-0.05776602111044662,0.401618066666876,-0.025765121434072828
correct_CP,CO[C@@H](CN(C)S(=O)(=O)c1ccc(F)cc1)[C@@H](C)CN(Cc1ccccc1Cl)[C@H](C)CO,10.0812,0.03389843369192129,0.03391142692450853,0.007298083425410195,0.02661334349909833,0.011856900203355598
correct_CP,CO[C@@H](CN(C)S(=O)(=O)c1ccc(F)cc1)[C@H](C)CN(C(=O)Nc1ccccc1F)[C@@H](C)CO,10.0595,0.18973709673822206,0.19206443382715815,0.07584463808430383,0.11621979574285432,-0.06142052538262611
correct_CP,CO[C@@H](CN(C)S(=O)(=O)c1ccc(F)cc1)[C@H](C)CN(C(=O)Nc1ccccc1F)[C@H](C)CO,10.0061,0.3357022041848872,0.34924094579099096,-0.08050234385673197,0.4297432896477229,0.09991615110595267
correct_CP,CO[C@@H](CN(C)S(=O)(=O)c1ccc(F)cc1)[C@H](C)CN([C@H](C)CO)S(=O)(=O)c1cccc(Cl)c1,10.0156,0.22393950871043658,0.22779978551250346,0.010144615463265963,0.2176551700492375,0.3264383183089765
correct_CP,CO[C@@H](CN(C)S(=O)(=O)c1cccc(Cl)c1)[C@@H](C)CN([C@H](C)CO)S(=O)(=O)c1ccc(Cl)cc1,9.9079,-0.0893916427309281,-0.08963089642927094,-0.03473889124800336,-0.05489200518126758,-0.38805103128683105
correct_CP,CO[C@@H](CN(C)S(=O)(=O)c1cccc(Cl)c1)[C@H](C)CN(C(=O)Nc1ccccc1F)[C@@H](C)CO,10.0117,0.11355565914278683,0.11404756646758404,-0.03198342512178049,0.14603099158936453,-0.13737730840116416
correct_CP,CO[C@@H](CN(C)S(=O)(=O)c1cccc(Cl)c1)[C@H](C)CN(C(=O)Nc1ccccc1F)[C@H](C)CO,10.0315,0.3370994858340556,0.35081652960206483,0.01523933983902516,0.3355771897630397,0.22455255423875992
correct_CP,CO[C@@H](CN(C)S(=O)(=O)c1cccc(Cl)c1)[C@H](C)CN([C@@H](C)CO)S(=O)(=O)c1ccc(Cl)cc1,10.0466,0.3759994847395145,0.3953922249618062,-0.03500142655902233,0.43039365152082854,-0.16957902775510783
correct_CP,CO[C@@H](CN(C)S(=O)(=O)c1ccccc1)[C@@H](C)CN(Cc1ccccc1Cl)[C@@H](C)CO,10.7035,0.11669837017304023,0.11723249402079021,-0.021055839996005944,0.13828833401679616,0.09522142987949828
correct_CP,CO[C@@H](CN(C)S(=O)(=O)c1ccccc1)[C@@H](C)CN(Cc1ccccc1Cl)[C@H](C)CO,10.0623,-0.32285121535835887,-0.33482683922928785,0.04732430898177005,-0.3821511482110579,0.00959141040004393
correct_CP,CO[C@@H](CN(C)S(=O)(=O)c1ccccc1)[C@H](C)CN(C(=O)Nc1ccccc1F)[C@H](C)CO,10.0303,0.00037108346816649675,0.00037108348519959304,0.009281096575610838,-0.008910013090411244,-0.06726471822342085
correct_CP,CO[C@@H](CN(C)S(=O)(=O)c1cn(C)cn1)[C@H](C)CN(C(=O)Nc1ccc(F)cc1)[C@@H](C)CO,9.53441,0.006057811614259888,0.006057885717227128,0.2285367334870665,-0.22247884776983937,-0.05599153855598682
correct_CP,CO[C@@H]1CC[C@@H]2CCN(C)C(=O)[C@H](C)[C@H](OC)CN(C)C(=O)c3cc(C#N)ccc3OC[C@@H]1O2,10.0242,-0.017894576741505124,-0.017896487151091475,0.12442857259734984,-0.1423250597484413,-0.2996096649336545
correct_CP,CO[C@@H]1CN(C)C(=O)c2cc(NC(=O)C3CC3)ccc2OC[C@@H](C)N(CCc2ccccc2)C[C@@H]1C,10.0224,0.28444917239960577,0.292516305733863,0.03448199826387795,0.25803430746998507,0.1296012920312576
correct_CP,CO[C@@H]1CN(C)C(=O)c2cc(NC(=O)C3CC3)ccc2OC[C@H](C)N(C(=O)NC(C)C)C[C@@H]1C,10.0823,-0.010081252682699717,-0.010081594228327464,0.0005201442126284992,-0.010601738440955962,0.028792016603931624
correct_CP,CO[C@@H]1CN(C)C(=O)c2cc(NC(=O)C3CC3)ccc2OC[C@H](C)N(C(=O)NC(C)C)C[C@H]1C,9.97793,0.3017579112472307,0.3114524973820765,0.057291587492345336,0.25416090988973117,0.0434299633713193
correct_CP,CO[C@@H]1CN(C)C(=O)c2cc(NC(=O)C3CC3)ccc2OC[C@H](C)N(CCc2ccccc2)C[C@@H]1C,10.0037,-0.07650781895852056,-0.07665762357368099,0.010142679197487625,-0.08680030277116861,-0.044669490606760835
correct_CP,CO[C@@H]1CN(C)C(=O)c2cc(NC(=O)C3CC3)ccc2OC[C@H](C)N(Cc2ccccc2)C[C@@H]1C,9.92788,-0.1219943419386919,-0.12260500267950628,0.04353053119572129,-0.16613553387522756,-0.1380957490381804
correct_CP,CO[C@@H]1CN(C)C(=O)c2cc(NC(=O)C3CCC3)ccc2OC[C@H](C)N(C)C[C@@H]1C,10.046,0.32805782029403796,0.3406502868747582,0.011010874130271311,0.3296394127444869,-0.32582163047494683
correct_CP,CO[C@@H]1CN(C)C(=O)c2cc(NC(=O)C3CCC3)ccc2OC[C@H](C)N(Cc2ccncc2)C[C@@H]1C,10.0412,0.3708992233382759,0.3894653548861177,0.05371498267152815,0.3357503722145896,0.04627293787574058
correct_CP,CO[C@@H]1CN(C)C(=O)c2cc(NC(=O)C3CCCC3)ccc2OC[C@@H](C)N(Cc2ccc(F)cc2)C[C@H]1C,10.0468,0.41727495729373276,0.444387906235824,-0.023751741774840567,0.4681396480106646,0.26372348582224275
correct_CP,CO[C@@H]1CN(C)C(=O)c2cc(NC(=O)C3CCCCC3)ccc2OC[C@H](C)N(C(=O)c2ccccc2)C[C@H]1C,10.1088,-0.06057369405453908,-0.06064794269086791,-0.0037663142682858204,-0.056881628422582084,0.06888596382379053
correct_CP,CO[C@@H]1CN(C)C(=O)c2cc(NC(=O)C3CCCCC3)ccc2OC[C@H](C)NC[C@@H]1C,10.0159,-0.0713661680298772,-0.07148769868514593,0.010579155087963057,-0.08206685377310899,0.007681735082631886
correct_CP,CO[C@@H]1CN(C)C(=O)c2cc(NC(=O)C3CCOCC3)ccc2OC[C@@H](C)N(Cc2cccnc2)C[C@@H]1C,9.74956,0.3312197298585551,0.34419766505802496,0.1379938136895333,0.20620385136849165,0.027812467265511787
correct_CP,CO[C@@H]1CN(C)C(=O)c2cc(NC(=O)C3CCOCC3)ccc2OC[C@@H](C)N(Cc2cccnc2)C[C@H]1C,10.0793,0.19363455468513588,0.19611056657712783,0.016989594243427032,0.1791209723337008,0.15066678181734613
correct_CP,CO[C@@H]1CN(C)C(=O)c2cc(NC(=O)C3CCOCC3)ccc2OC[C@H](C)N(CC2CC2)C[C@@H]1C,10.021,0.12231191132578519,0.12292738242216339,0.010581370372208736,0.11234601204995465,-0.03091850022859456
correct_CP,CO[C@@H]1CN(C)C(=O)c2cc(NC(=O)CN(C)C)ccc2OC[C@@H](C)N(C(=O)C2CC2)C[C@H]1C,10.0065,0.16582634331382654,0.16737190999783821,-0.04698953257246081,0.21436144257029902,0.03846404346186942
correct_CP,CO[C@@H]1CN(C)C(=O)c2cc(NC(=O)Cc3ccccc3)ccc2OC[C@@H](C)NC[C@@H]1C,10.0073,0.11573540179213002,0.11625634128558122,-0.09742346657439298,0.2136798078599742,0.3746385715095715
correct_CP,CO[C@@H]1CN(C)C(=O)c2cc(NC(=O)Cc3ccccc3)ccc2OC[C@H](C)NC[C@H]1C,9.94041,-0.14180438135476525,-0.14276650674865432,-0.07873385890498816,-0.06403264784366616,0.33997709927261244
correct_CP,CO[C@@H]1CN(C)C(=O)c2cc(NC(=O)NC(C)C)ccc2OC[C@@H](C)N(C(=O)C2CCC2)C[C@H]1C,10.0207,0.11681801677129781,0.11735379424151715,0.07897136334605546,0.038382430895461686,-0.03725804321483119
correct_CP,CO[C@@H]1CN(C)C(=O)c2cc(NC(=O)NC(C)C)ccc2OC[C@@H](C)N(CCC(F)(F)F)C[C@H]1C,10.0037,0.15026306003688233,0.15140956193409094,0.0001536311009273112,0.15125593083316363,0.11865936864881742
correct_CP,CO[C@@H]1CN(C)C(=O)c2cc(NC(=O)NC(C)C)ccc2OC[C@@H](C)N(Cc2ccc(-c3ccccn3)cc2)C[C@H]1C,10.0072,-0.24506850183964493,-0.25015940736191794,0.06757386330120907,-0.317733270663127,-0.12426744079736413
correct_CP,CO[C@@H]1CN(C)C(=O)c2cc(NC(=O)NC(C)C)ccc2OC[C@@H](C)N(Cc2cncnc2)C[C@@H]1C,10.0064,-0.02682716575480898,-0.026833604343986617,-0.026987713306161572,0.00015410896217495432,0.04050826186527339
correct_CP,CO[C@@H]1CN(C)C(=O)c2cc(NC(=O)NC(C)C)ccc2OC[C@H](C)N(C(=O)CN(C)C)C[C@@H]1C,10.0978,-0.2407314956471542,-0.2455504624994242,0.031105040379469377,-0.27665550287889357,-0.29078663421200257
correct_CP,CO[C@@H]1CN(C)C(=O)c2cc(NC(=O)NC(C)C)ccc2OC[C@H](C)N(CC2CC2)C[C@@H]1C,10.1016,0.5599001648135647,0.6326877509777538,-0.10444307023630223,0.7371308212140559,0.34391793643362767
correct_CP,CO[C@@H]1CN(C)C(=O)c2cc(NC(=O)NC(C)C)ccc2OC[C@H](C)N(Cc2ccc(-c3ccccn3)cc2)C[C@@H]1C,9.8979,0.03320677026363463,0.03321898393202849,0.04893263148052583,-0.015713647548497342,-0.039155170246413545
correct_CP,CO[C@@H]1CN(C)C(=O)c2cc(NC(=O)NC(C)C)ccc2OC[C@H](C)N(Cc2ccccc2)C[C@H]1C,10.0688,0.4577977886361783,0.4945215982350615,0.005723367126478824,0.48879823110858267,0.13911870312822178
correct_CP,CO[C@@H]1CN(C)C(=O)c2cc(NC(=O)NC3CCCCC3)ccc2OC[C@@H](C)N(C)C[C@H]1C,10.0847,-0.44172997471287456,-0.4743781406062987,-0.10580678276109325,-0.36857135784520545,-0.1425565853679372
correct_CP,CO[C@@H]1CN(C)C(=O)c2cc(NC(=O)Nc3c(C)noc3C)ccc2OC[C@@H](C)N(C)C[C@@H]1C,10.0933,-0.1714921002086663,-0.17320357136895795,0.11652993740140301,-0.28973350877036097,0.2706539602319775
correct_CP,CO[C@@H]1CN(C)C(=O)c2cc(NC(=O)Nc3cc(F)ccc3F)ccc2OC[C@@H](C)N(C(=O)c2ccccn2)C[C@H]1C,9.8862,-0.04634100921164283,-0.04637422429082953,-0.06069250763024374,0.014318283339414206,0.1998935727844916
correct_CP,CO[C@@H]1CN(C)C(=O)c2cc(NC(=O)Nc3cc(F)ccc3F)ccc2OC[C@H](C)N(C(=O)c2ccccn2)C[C@H]1C,9.94818,-0.04949650001971099,-0.049536980089531,0.003260578843958626,-0.05279755893348963,0.04154848583961394
correct_CP,CO[C@@H]1CN(C)C(=O)c2cc(NC(=O)Nc3ccc(C(F)(F)F)cc3)ccc2OC[C@H](C)NC[C@H]1C,10.035,0.14254843447161722,0.14352591059218228,0.008689646445095293,0.134836264147087,0.082526070771964
correct_CP,CO[C@@H]1CN(C)C(=O)c2cc(NC(=O)Nc3ccc(Cl)c(Cl)c3)ccc2OC[C@H](C)NC[C@H]1C,10.0353,0.18534861085270715,0.18751595916174205,-0.017657622492969413,0.20517358165471145,0.09854847576872243
correct_CP,CO[C@@H]1CN(C)C(=O)c2cc(NC(=O)Nc3ccc(Cl)cc3)ccc2OC[C@@H](C)N(C)C[C@@H]1C,10.0511,-0.4320738810378863,-0.46244380054102596,-0.11475506372303182,-0.34768873681799417,-0.4004021150641919
correct_CP,CO[C@@H]1CN(C)C(=O)c2cc(NC(=O)Nc3ccc(Cl)cc3)ccc2OC[C@H](C)N(C(=O)Nc2c(C)noc2C)C[C@@H]1C,9.9897,0.06122083551794213,0.06129749301964,0.03349196418544995,0.027805528834190046,-0.007508176459774207
correct_CP,CO[C@@H]1CN(C)C(=O)c2cc(NC(=O)Nc3ccc(Cl)cc3)ccc2OC[C@H](C)N(C)C[C@@H]1C,9.99201,0.2508912443730913,0.2563636988268542,-0.07258095163035251,0.3289446504572067,-0.048481207217123276
correct_CP,CO[C@@H]1CN(C)C(=O)c2cc(NC(=O)Nc3ccc(Cl)cc3)ccc2OC[C@H](C)NC[C@@H]1C,10.0733,-0.06163341174178948,-0.061711631916236465,0.0394716471917436,-0.10118327910798006,-0.02318278573608332
correct_CP,CO[C@@H]1CN(C)C(=O)c2cc(NC(=O)Nc3ccc(F)cc3)ccc2OC[C@H](C)NC[C@@H]1C,9.95245,-0.03213689494025519,-0.03214796524860908,0.044470344534157054,-0.07661830978276613,0.24903797497975694
correct_CP,CO[C@@H]1CN(C)C(=O)c2cc(NC(=O)Nc3ccc4c(c3)OCO4)ccc2OC[C@@H](C)N(C(C)=O)C[C@H]1C,10.0253,0.17375465224194098,0.17553561674299312,-0.09417420609224675,0.26970982283523987,0.29556593509946727
correct_CP,CO[C@@H]1CN(C)C(=O)c2cc(NC(=O)Nc3ccccc3)ccc2OC[C@@H](C)N(C(=O)CN(C)C)C[C@@H]1C,10.0276,0.4481415600875085,0.482372383352085,0.1610687238108931,0.3213036595411919,-0.09749590141669438
correct_CP,CO[C@@H]1CN(C)C(=O)c2cc(NC(=O)Nc3ccccc3Cl)ccc2OC[C@@H](C)N(Cc2ccccc2C(=O)O)C[C@H]1C,10.0222,0.5840710628005947,0.6686195063089708,0.0053825297933790175,0.6632369765155918,-0.059364808755200484
correct_CP,CO[C@@H]1CN(C)C(=O)c2cc(NC(=O)Nc3ccccc3F)ccc2OC[C@@H](C)N(C(C)=O)C[C@@H]1C,10.0613,-0.00924047618340614,-0.009240739200546615,0.053763569194176145,-0.06300430839472276,0.07325627253822699
correct_CP,CO[C@@H]1CN(C)C(=O)c2cc(NC(=O)Nc3ccccc3F)ccc2OC[C@@H](C)N(C(C)=O)C[C@H]1C,10.0344,0.2398572949801713,0.24462269093307354,0.06212018446410631,0.18250250646896723,-0.14827241164758367
correct_CP,CO[C@@H]1CN(C)C(=O)c2cc(NC(=O)Nc3ccccc3F)ccc2OC[C@H](C)N(C(C)=O)C[C@@H]1C,10.0268,-0.1174258067136291,-0.11797003754743499,-0.060595117107771816,-0.05737492043966317,0.24411480244368822
correct_CP,CO[C@@H]1CN(C)C(=O)c2cc(NC(=O)c3ccc(F)cc3)ccc2OC[C@H](C)NC[C@H]1C,10.0212,0.3617072627247621,0.3788487588608623,0.043076926042367514,0.33577183281849476,0.04639973876748518
correct_CP,CO[C@@H]1CN(C)C(=O)c2cc(NC(=O)c3ccc4c(c3)OCO4)ccc2OC[C@@H](C)NC[C@@H]1C,10.0376,0.40326169440288284,0.42753795969008984,-0.010003189925044863,0.4375411496151347,-0.31371768757869406
correct_CP,CO[C@@H]1CN(C)C(=O)c2cc(NC(=O)c3ccc4c(c3)OCO4)ccc2OC[C@H](C)N(CC2CC2)C[C@H]1C,10.0164,0.03438088396177257,0.034394440163577886,-0.011011903584657114,0.045406343748235004,-0.07079233548282718
correct_CP,CO[C@@H]1CN(C)C(=O)c2cc(NC(=O)c3ccc4c(c3)OCO4)ccc2OC[C@H](C)NC[C@@H]1C,10.0159,0.08825889613636355,0.08848914134275357,-0.004629944010746352,0.09311908535349991,0.3595426953399389
correct_CP,CO[C@@H]1CN(C)C(=O)c2cc(NC(=O)c3cccc(F)c3)ccc2OC[C@H](C)N(C)C[C@H]1C,10.0386,0.26766874922461187,0.2743509610518121,-0.022595288009053846,0.296946249060866,-0.051060466238250474
correct_CP,CO[C@@H]1CN(C)C(=O)c2cc(NC(=O)c3ccccc3)ccc2OC[C@@H](C)N(C(=O)CN(C)C)C[C@@H]1C,9.97951,-0.2710742090375308,-0.2780228623296693,0.05626323010921666,-0.33428609243888596,-0.22198267158292845
correct_CP,CO[C@@H]1CN(C)C(=O)c2cc(NC(=O)c3ccccc3)ccc2OC[C@@H](C)N(C)C[C@H]1C,10.0248,-0.1514497590020107,-0.15262389646283156,-0.024630729313207655,-0.12799316714962392,0.0006671734280022171
correct_CP,CO[C@@H]1CN(C)C(=O)c2cc(NC(=O)c3ccccc3F)ccc2OC[C@@H](C)NC[C@@H]1C,10.0291,0.13609152355586263,0.13694116469733364,0.01725680143424971,0.11968436326308393,-0.0601285857917513
correct_CP,CO[C@@H]1CN(C)C(=O)c2cc(NC(=O)c3ccccc3F)ccc2OC[C@H](C)N(CC2CCOCC2)C[C@H]1C,10.0979,0.2310165193045294,0.2352630288893205,0.04432854842009888,0.19093448046922162,0.06559577426500181
correct_CP,CO[C@@H]1CN(C)C(=O)c2cc(NC(=O)c3cnccn3)ccc2OC[C@@H](C)N(C(=O)C2CC2)C[C@@H]1C,9.97371,-0.1154273489664956,-0.11594411744205377,-0.07840678263716211,-0.03753733480489166,-0.10535628851151113
correct_CP,CO[C@@H]1CN(C)C(=O)c2cc(NC(=O)c3nc4ccccc4s3)ccc2OC[C@@H](C)N(Cc2cncnc2)C[C@@H]1C,10.0303,0.03008937514113726,0.030098460754658506,0.030828590481223758,-0.0007301297265652519,-0.02780438464331911
correct_CP,CO[C@@H]1CN(C)C(=O)c2cc(NC(C)=O)ccc2OC[C@@H](C)N(C(=O)c2cnccn2)C[C@@H]1C,10.0091,-0.08145881558160535,-0.08163971070425097,-0.011021040855656247,-0.07061866984859472,0.10969833738489365
correct_CP,CO[C@@H]1CN(C)C(=O)c2cc(NC(C)=O)ccc2OC[C@@H](C)N(CCc2ccccc2)C[C@@H]1C,10.053,-0.07693710973687365,-0.07708945627140894,0.15274141998400714,-0.2298308762554161,-0.07854181628416196
correct_CP,CO[C@@H]1CN(C)C(=O)c2cc(NC(C)=O)ccc2OC[C@H](C)N(C(=O)C2CC2)C[C@H]1C,9.98425,0.3453396496825991,0.36014261789642055,0.06110236786317652,0.299040250033244,-0.1992305467071743
correct_CP,CO[C@@H]1CN(C)C(=O)c2cc(NC(C)=O)ccc2OC[C@H](C)N(C(=O)CC2CC2)C[C@H]1C,9.80228,0.3586535006899487,0.37533977192270573,0.07455902847593034,0.3007807434467754,0.010507656088652687
correct_CP,CO[C@@H]1CN(C)C(=O)c2cc(NC(C)=O)ccc2OC[C@H](C)N(C(=O)c2ccccn2)C[C@H]1C,10.0756,0.5674948983892982,0.6438199479758276,0.06762139173653105,0.5761985562392966,-0.4070311052667349
correct_CP,CO[C@@H]1CN(C)C(=O)c2cc(NC(C)=O)ccc2OC[C@H](C)N(C(=O)c2ccncc2)C[C@@H]1C,9.98505,-0.11617740803629127,-0.11670437170419226,0.001694440718098142,-0.1183988124222904,0.21477671860952668
correct_CP,CO[C@@H]1CN(C)C(=O)c2cc(NC(C)=O)ccc2OC[C@H](C)N(C(=O)c2cnccn2)C[C@@H]1C,10.1226,0.21201347397764014,0.21527864647771902,0.017091064043872648,0.19818758243384638,-0.12465035682043304
correct_CP,CO[C@@H]1CN(C)C(=O)c2cc(NC(C)=O)ccc2OC[C@H](C)N(Cc2cccc(F)c2)C[C@@H]1C,10.0495,0.3904966739703459,0.4123859379087438,0.02487502571767395,0.3875109121910698,-0.027262044766388206
correct_CP,CO[C@@H]1CN(C)C(=O)c2cc(NC(C)=O)ccc2OC[C@H](C)N(Cc2cccnc2)C[C@H]1C,10.0582,0.07252947483796811,0.07265705880767646,0.04461547396207027,0.02804158484560619,-0.07433177936591596
correct_CP,CO[C@@H]1CN(C)C(=O)c2cc(NC(C)=O)ccc2OC[C@H](C)NC[C@H]1C,10.084,0.2561396528831603,0.26197260886114937,-0.02469101957370029,0.28666362843484966,-0.25687501583630984
correct_CP,CO[C@@H]1CN(C)C(=O)c2cc(NS(=O)(=O)c3ccc(-c4ccccc4)cc3)ccc2OC[C@@H](C)NC[C@@H]1C,10.066,0.32764376388247357,0.34018636531475677,0.06372233143853565,0.2764640338762211,0.06033290773824311
correct_CP,CO[C@@H]1CN(C)C(=O)c2cc(NS(=O)(=O)c3ccc(C)cc3)ccc2OC[C@@H](C)N(C)C[C@@H]1C,9.97517,0.10938902333047443,0.10982849774664798,0.02589413685336084,0.08393436089328714,-0.04380042656771736
correct_CP,CO[C@@H]1CN(C)C(=O)c2cc(NS(=O)(=O)c3ccc(Cl)cc3)ccc2OC[C@@H](C)N(C)C[C@@H]1C,10.0304,0.46805715267338216,0.5075795435109858,0.08118982771479691,0.4263897157961889,-0.1835626339643919
correct_CP,CO[C@@H]1CN(C)C(=O)c2cc(NS(=O)(=O)c3cccc(F)c3)ccc2OC[C@@H](C)N(C(=O)Cc2cccnc2)C[C@@H]1C,10.0199,0.18849018814986698,0.19077127661081922,0.025173204790945126,0.1655980718198741,-0.12909960231229942
correct_CP,CO[C@@H]1CN(C)C(=O)c2cc(NS(=O)(=O)c3cccc(F)c3)ccc2OC[C@H](C)N(Cc2cc(F)ccc2F)C[C@@H]1C,10.011,0.1948757844442001,0.1974004711690092,0.0002621680490693789,0.19713830311993982,0.10164897205441328
correct_CP,CO[C@@H]1CN(C)C(=O)c2cc(NS(=O)(=O)c3cccc(F)c3)ccc2OC[C@H](C)N(Cc2cc(F)ccc2F)C[C@H]1C,10.0289,0.2538964830574971,0.2595734075774587,0.1367012974337034,0.12287211014375532,-0.09508408423936456
correct_CP,CO[C@@H]1CN(C)C(=O)c2cc(NS(=O)(=O)c3ccccc3)ccc2OC[C@H](C)N(Cc2ccccn2)C[C@@H]1C,10.0745,0.2237262817844819,0.22757531221163507,0.03820840874942082,0.18936690346221424,-0.24136956393825437
correct_CP,CO[C@@H]1CN(C)C(=O)c2cc(NS(=O)(=O)c3ccccc3C)ccc2OC[C@@H](C)NC[C@@H]1C,10.0377,0.01747464828643701,0.01747642731801203,-0.05339425880958967,0.0708706861276017,-0.09783500886087479
correct_CP,CO[C@@H]1CN(C)C(=O)c2cc(NS(=O)(=O)c3cn(C)cn3)ccc2OC[C@@H](C)N(C)C[C@H]1C,10.0496,0.14113852334074883,0.1420870499422082,-0.010507975482088252,0.15259502542429645,0.13076616134992414
correct_CP,CO[C@@H]1CN(C)C(=O)c2cc(NS(=O)(=O)c3cn(C)cn3)ccc2OC[C@@H](C)N(Cc2cccc(Cl)c2)C[C@H]1C,10.0184,0.2832441983720684,0.2912057406516381,-0.022999917743400926,0.31420565839503906,0.10648721760526586
correct_CP,CO[C@@H]1CN(C)C(=O)c2cc(NS(=O)(=O)c3cn(C)cn3)ccc2OC[C@H](C)N(CCC(F)(F)F)C[C@H]1C,10.0164,0.51212986903253,0.5656125999496534,0.10111489246240557,0.46449770748724784,-0.20044633372793846
correct_CP,CO[C@@H]1CN(C)C(=O)c2cc(NS(C)(=O)=O)ccc2OC[C@@H](C)N(C(=O)C2CCOCC2)C[C@@H]1C,10.1032,0.16968065897920365,0.171337837240673,0.10299851535851254,0.06833932188216046,-0.04405775764025223
correct_CP,CO[C@@H]1CN(C)C(=O)c2cc(NS(C)(=O)=O)ccc2OC[C@@H](C)N(C)C[C@@H]1C,10.0477,0.2372717058099369,0.2418810656922794,-0.008592651256940163,0.25047371694921955,0.03619872307670788
correct_CP,CO[C@@H]1CN(C)C(=O)c2cc(NS(C)(=O)=O)ccc2OC[C@H](C)N(C(=O)CC2CC2)C[C@H]1C,9.96637,0.36699628026188835,0.38494740856694976,-0.0740043488174502,0.45895175738439997,0.054439946937601943
correct_CP,CO[C@@H]1CN(C)C(=O)c2cc(NS(C)(=O)=O)ccc2OC[C@H](C)N(CC2CCOCC2)C[C@H]1C,10.0172,0.25221308524737235,0.25777483449892524,-0.027049933410325508,0.28482476790925076,0.15337976201876502
correct_CP,CO[C@@H]1CN(C)C(=O)c2ccc(NC(=O)C3CCC3)cc2OC[C@H](C)N(C(=O)CN(C)C)C[C@@H]1C,9.95497,-0.3889129166496477,-0.4105185854174407,-0.025237473064783876,-0.38528111235265683,-0.07272887263000583
correct_CP,CO[C@@H]1CN(C)C(=O)c2ccc(NC(=O)C3CCC3)cc2OC[C@H](C)N(CC2CCCCC2)C[C@@H]1C,10.0228,0.06999262653977767,0.07010726089008236,-0.004519509032507679,0.07462676992259004,-0.02037531530237859
correct_CP,CO[C@@H]1CN(C)C(=O)c2ccc(NC(=O)C3CCCC3)cc2OC[C@@H](C)N(C(=O)CC2CC2)C[C@H]1C,9.80035,-0.08114001951894571,-0.08131879350599773,-0.06856525147939033,-0.012753542026607403,0.024023825553429655
correct_CP,CO[C@@H]1CN(C)C(=O)c2ccc(NC(=O)C3CCCC3)cc2OC[C@H](C)N(CCC(F)(F)F)C[C@H]1C,10.0518,0.3705472175428344,0.3890572626373886,-0.022485916644604795,0.4115431792819934,0.23044611055641967
correct_CP,CO[C@@H]1CN(C)C(=O)c2ccc(NC(=O)C3CCCCC3)cc2OC[C@@H](C)N(C)C[C@@H]1C,10.0043,0.17586928140286578,0.17771690530443954,0.04834160423470791,0.12937530106973164,0.21683485085422505
correct_CP,CO[C@@H]1CN(C)C(=O)c2ccc(NC(=O)C3CCCCC3)cc2OC[C@@H](C)N(Cc2cccnc2)C[C@@H]1C,10.0733,0.0539456088988058,0.05399803001586061,-0.16919961985727147,0.22319764987313206,0.2914561229058958
correct_CP,CO[C@@H]1CN(C)C(=O)c2ccc(NC(=O)C3CCOCC3)cc2OC[C@@H](C)N(C(=O)c2ccccc2)C[C@@H]1C,9.94605,0.3042253882220559,0.31416939852140596,-0.0032069470020143,0.31737634552342026,0.31560986079078934
correct_CP,CO[C@@H]1CN(C)C(=O)c2ccc(NC(=O)C3CCOCC3)cc2OC[C@@H](C)N(Cc2nccs2)C[C@@H]1C,10.0584,0.23299250736918953,0.2373514281642423,0.00877437626505527,0.22857705189918703,-0.0483589349459855
correct_CP,CO[C@@H]1CN(C)C(=O)c2ccc(NC(=O)C3CCOCC3)cc2OC[C@@H](C)NC[C@H]1C,10.0565,-0.23714464010878228,-0.24174642401082924,0.04087646016348122,-0.2826228841743105,-0.0502031509286214
correct_CP,CO[C@@H]1CN(C)C(=O)c2ccc(NC(=O)Cc3ccccc3)cc2OC[C@H](C)N(C(=O)c2ccccc2F)C[C@H]1C,9.73326,0.08484771297580566,0.08505220704307537,-0.05056692639502408,0.13561913343809945,0.2059376264165988
correct_CP,CO[C@@H]1CN(C)C(=O)c2ccc(NC(=O)NC(C)C)cc2OC[C@H](C)N(Cc2ccccn2)C[C@@H]1C,10.0574,0.15778160177943087,0.15911083996382802,0.02548411503894057,0.13362672492488745,0.21792168844718313
correct_CP,CO[C@@H]1CN(C)C(=O)c2ccc(NC(=O)Nc3c(C)noc3C)cc2OC[C@H](C)NC[C@@H]1C,10.0707,0.27851947381857106,0.286076319637795,0.03594265709225612,0.25013366254553887,-0.12328655062540489
correct_CP,CO[C@@H]1CN(C)C(=O)c2ccc(NC(=O)Nc3cc(Cl)cc(Cl)c3)cc2OC[C@H](C)NC[C@@H]1C,10.0717,0.3109230019252095,0.32156686578626387,0.050029784545231076,0.2715370812410328,0.376686838162254
correct_CP,CO[C@@H]1CN(C)C(=O)c2ccc(NC(=O)Nc3ccc4c(c3)OCO4)cc2OC[C@@H](C)NC[C@@H]1C,10.0113,0.07861844539331354,0.0787810252843338,0.08772324487342956,-0.00894221958909576,-0.004538311116115801
correct_CP,CO[C@@H]1CN(C)C(=O)c2ccc(NC(=O)Nc3ccc4c(c3)OCO4)cc2OC[C@H](C)NC[C@H]1C,10.0136,0.057603334562813475,0.05766717376361463,0.016999659056435454,0.04066751470717918,-0.22398838740658855
correct_CP,CO[C@@H]1CN(C)C(=O)c2ccc(NC(=O)Nc3cccc(F)c3)cc2OC[C@@H](C)N(C(C)=O)C[C@@H]1C,10.0266,-0.11532355886181332,-0.11583892709647425,0.01048094085927671,-0.12631986795575095,-0.027877155046692546
correct_CP,CO[C@@H]1CN(C)C(=O)c2ccc(NC(=O)Nc3cccc(F)c3)cc2OC[C@@H](C)N(C(C)=O)C[C@H]1C,10.0639,-0.0658657160341371,-0.06596121298223712,0.03831381251394653,-0.10427502549618364,-0.18650903235221758
correct_CP,CO[C@@H]1CN(C)C(=O)c2ccc(NC(=O)Nc3cccc(F)c3)cc2OC[C@H](C)NC[C@@H]1C,9.94541,0.054151107748399735,0.05420413093334875,0.007730422928053844,0.046473708005294906,-0.13159913717890923
correct_CP,CO[C@@H]1CN(C)C(=O)c2ccc(NC(=O)Nc3ccccc3Cl)cc2OC[C@@H](C)N(C(C)=O)C[C@H]1C,10.0485,-0.08805156340711363,-0.08828018473897058,0.03995426845541521,-0.12823445319438578,-0.07542197857417374
correct_CP,CO[C@@H]1CN(C)C(=O)c2ccc(NC(=O)Nc3ccccc3Cl)cc2OC[C@H](C)NC[C@H]1C,9.95305,0.10013236481902728,0.10046905135691563,0.030042238882152593,0.07042681247476304,-0.036769140632522186
correct_CP,CO[C@@H]1CN(C)C(=O)c2ccc(NC(=O)Nc3ccccc3F)cc2OC[C@@H](C)N(C)C[C@@H]1C,10.0121,0.3439176647531002,0.3585289828733913,0.1155972950777587,0.2429316877956326,0.06411242273332765
correct_CP,CO[C@@H]1CN(C)C(=O)c2ccc(NC(=O)Nc3ccccc3F)cc2OC[C@H](C)N(C)C[C@H]1C,9.97517,0.5016312146059365,0.5514834683674411,0.16549427843329612,0.385989189934145,-0.010164576891548538
correct_CP,CO[C@@H]1CN(C)C(=O)c2ccc(NC(=O)c3cc(C)on3)cc2OC[C@H](C)N(C)C[C@@H]1C,10.0043,-0.13040563310355793,-0.13115247833263205,0.02047330498678631,-0.15162578331941837,-0.23476404103028709
correct_CP,CO[C@@H]1CN(C)C(=O)c2ccc(NC(=O)c3ccc(F)cc3)cc2OC[C@H](C)N(C(=O)CC2CC2)C[C@H]1C,10.0993,-0.09827760589201515,-0.0985958565833203,0.04528536840343385,-0.14388122498675415,0.03321457475405949
correct_CP,CO[C@@H]1CN(C)C(=O)c2ccc(NC(=O)c3ccc4c(c3)OCO4)cc2OC[C@@H](C)N(CCC(F)(F)F)C[C@H]1C,9.84296,0.0664588571641481,0.06655696199042598,0.11203060006544224,-0.04547363807501627,0.03899477785441802
correct_CP,CO[C@@H]1CN(C)C(=O)c2ccc(NC(=O)c3ccc4c(c3)OCO4)cc2OC[C@H](C)N(CCC(F)(F)F)C[C@H]1C,10.0576,-0.12952401550124093,-0.13025571354372192,0.006438353633466924,-0.13669406717718885,-0.1753663804686209
correct_CP,CO[C@@H]1CN(C)C(=O)c2ccc(NC(=O)c3cccc(F)c3)cc2OC[C@@H](C)NC[C@@H]1C,10.1027,0.3887791423938716,0.41036098121059744,0.05681357605258512,0.3535474051580123,0.11714749265947767
correct_CP,CO[C@@H]1CN(C)C(=O)c2ccc(NC(=O)c3cccc(F)c3)cc2OC[C@H](C)N(CC2CC2)C[C@H]1C,9.93882,0.13898906171212091,0.13989457573675704,0.025646316959984705,0.11424825877677233,-0.3142925124933596
correct_CP,CO[C@@H]1CN(C)C(=O)c2ccc(NC(=O)c3cccc(Oc4ccccc4)c3)cc2OC[C@H](C)NC[C@@H]1C,10.0235,0.014105143017703027,0.01410607855924035,-0.10004590356007813,0.11415198211931848,-0.15159990839384774
correct_CP,CO[C@@H]1CN(C)C(=O)c2ccc(NC(=O)c3ccccc3)cc2OC[C@H](C)N(C(C)=O)C[C@H]1C,9.91213,0.39316533143608945,0.41553863739327296,-0.07653719126506572,0.49207582865833865,0.12480915092292835
correct_CP,CO[C@@H]1CN(C)C(=O)c2ccc(NC(=O)c3ccccc3F)cc2OC[C@H](C)N(C)C[C@@H]1C,9.99399,0.23394092619707316,0.23835452245193534,-0.06206724420419465,0.30042176665612996,0.07234621707927777
correct_CP,CO[C@@H]1CN(C)C(=O)c2ccc(NC(=O)c3ccccc3F)cc2OC[C@H](C)N(CC2CC2)C[C@H]1C,10.0442,0.2570848658677115,0.26298445163911,0.01016111906117866,0.2528233325779313,-0.3854348979941353
correct_CP,CO[C@@H]1CN(C)C(=O)c2ccc(NC(=O)c3cccnc3)cc2OC[C@@H](C)N(CC2CC2)C[C@H]1C,10.0081,0.3110242443753663,0.32167894700538013,-0.005210136039333953,0.3268890830447141,-0.000890320505173129
correct_CP,CO[C@@H]1CN(C)C(=O)c2ccc(NC(=O)c3cnccn3)cc2OC[C@@H](C)N(C(C)=O)C[C@H]1C,10.0392,0.19726257723884855,0.1998826895590532,0.02611994984626822,0.17376273971278497,0.16535642883902366
correct_CP,CO[C@@H]1CN(C)C(=O)c2ccc(NC(=O)c3cnccn3)cc2OC[C@H](C)N(C)C[C@@H]1C,9.99405,0.32997707824811884,0.3428025316487968,-0.017551778716833225,0.36035431036563004,0.06052056304987605
correct_CP,CO[C@@H]1CN(C)C(=O)c2ccc(NC(=O)c3nc4ccccc4s3)cc2OC[C@@H](C)N(Cc2cccnc2)C[C@@H]1C,10.0155,0.24277207733013687,0.2477177074237209,0.023826687373489926,0.22389102005023098,0.0624477561222526
correct_CP,CO[C@@H]1CN(C)C(=O)c2ccc(NC(=O)c3nc4ccccc4s3)cc2OC[C@@H](C)N(Cc2cccnc2)C[C@H]1C,9.93334,0.20376419306835694,0.20665668595796305,0.012963658982498296,0.19369302697546475,0.1367295030918264
correct_CP,CO[C@@H]1CN(C)C(=O)c2ccc(NC(=O)c3nc4ccccc4s3)cc2OC[C@@H](C)NC[C@@H]1C,10.1591,-0.007654949137757211,-0.007655098665212808,0.009832768709238958,-0.017487867374451765,0.11644204760036231
correct_CP,CO[C@@H]1CN(C)C(=O)c2ccc(NC(C)=O)cc2OC[C@@H](C)N(C(=O)C2CCC2)C[C@@H]1C,10.1387,0.2604722673200258,0.2666149808358895,0.013968771465459839,0.2526462093704297,-0.2795092732025142
correct_CP,CO[C@@H]1CN(C)C(=O)c2ccc(NC(C)=O)cc2OC[C@@H](C)N(C(=O)CN(C)C)C[C@@H]1C,9.98527,0.09507298957133863,0.09536100409225401,0.03032576286358839,0.06503524122866562,0.0444872674157598
correct_CP,CO[C@@H]1CN(C)C(=O)c2ccc(NC(C)=O)cc2OC[C@@H](C)N(C(=O)Cc2cccnc2)C[C@@H]1C,10.0581,-0.37142078717375854,-0.3900702487746329,0.01109303071789967,-0.4011632794925326,-0.14079890707221157
correct_CP,CO[C@@H]1CN(C)C(=O)c2ccc(NC(C)=O)cc2OC[C@@H](C)N(C(=O)c2cccnc2)C[C@@H]1C,10.0408,0.0034618517310396873,0.0034618655605645134,-0.05215219062971556,0.05561405619028007,0.1500686588555523
correct_CP,CO[C@@H]1CN(C)C(=O)c2ccc(NC(C)=O)cc2OC[C@H](C)N(C(=O)Cc2ccccn2)C[C@@H]1C,9.98205,0.1485103958274677,0.14961689127834837,0.05108399668010414,0.09853289459824424,-0.1889653265478515
correct_CP,CO[C@@H]1CN(C)C(=O)c2ccc(NC(C)=O)cc2OC[C@H](C)N(C(=O)c2ccccc2F)C[C@@H]1C,10.0386,0.24512091967089614,0.25021517524921144,0.019389182009087284,0.23082599324012415,-0.23037154381375802
correct_CP,CO[C@@H]1CN(C)C(=O)c2ccc(NC(C)=O)cc2OC[C@H](C)N(Cc2ccccc2F)C[C@@H]1C,9.99817,0.4535984358273111,0.4892216350363972,0.030534393241961364,0.4586872417944358,0.04375071257602632
correct_CP,CO[C@@H]1CN(C)C(=O)c2ccc(NS(=O)(=O)CC(F)(F)F)cc2OC[C@H](C)NC[C@H]1C,9.97216,-0.05946494056288425,-0.05953518056001347,-0.0007103839199338116,-0.05882479664007966,-0.35606091070617374
correct_CP,CO[C@@H]1CN(C)C(=O)c2ccc(NS(=O)(=O)c3ccc(F)cc3)cc2OC[C@H](C)NC[C@H]1C,10.0332,-0.10878786037988096,-0.10922009460414393,-0.16652147961300867,0.05730138500886474,0.432150112066212
correct_CP,CO[C@@H]1CN(C)C(=O)c2ccc(NS(=O)(=O)c3ccc(Oc4ccccc4)cc3)cc2OC[C@@H](C)NC[C@@H]1C,9.9631,0.44836552493166215,0.48265266567227916,0.0653835558625224,0.41726910980975673,0.29371915164813944
correct_CP,CO[C@@H]1CN(C)C(=O)c2ccc(NS(=O)(=O)c3ccc(Oc4ccccc4)cc3)cc2OC[C@H](C)NC[C@@H]1C,10.041,-0.07969861518533165,-0.07986800628692765,0.04334628515561946,-0.12321429144254711,-0.05631227824987249
correct_CP,CO[C@@H]1CN(C)C(=O)c2ccc(NS(=O)(=O)c3cccc(Cl)c3)cc2OC[C@H](C)NC[C@H]1C,10.0419,0.09350648235439683,0.09378044448951244,0.034113994018696796,0.05966645047081564,-0.0341272428476862
correct_CP,CO[C@@H]1CN(C)C(=O)c2ccc(NS(=O)(=O)c3ccccc3)cc2OC[C@@H](C)N(C)C[C@@H]1C,9.99468,0.23641302660659383,0.24097135693813476,0.0578726466224187,0.18309871031571606,0.3710388200603069
correct_CP,CO[C@@H]1CN(C)C(=O)c2ccc(NS(=O)(=O)c3ccccc3)cc2OC[C@@H](C)N(Cc2cccnc2)C[C@@H]1C,10.0277,-0.007056202890140071,-0.007056320003084204,-0.005548549237330731,-0.001507770765753473,0.3745894684236937
correct_CP,CO[C@@H]1CN(C)C(=O)c2ccc(NS(=O)(=O)c3ccccc3C)cc2OC[C@@H](C)N(C)C[C@@H]1C,9.94585,0.06501253197275757,0.06510435958271017,0.03820152752422072,0.02690283205848945,0.18109500255473515
correct_CP,CO[C@@H]1CN(C)C(=O)c2ccc(NS(=O)(=O)c3ccccc3C)cc2OC[C@@H](C)N(S(C)(=O)=O)C[C@H]1C,10.0262,0.42265066431032583,0.45091477888554277,-0.026055347064672434,0.4769701259502152,-0.15897118878946964
correct_CP,CO[C@@H]1CN(C)C(=O)c2ccc(NS(=O)(=O)c3ccccc3Cl)cc2OC[C@H](C)NC[C@@H]1C,9.9779,0.48769984971218244,0.5330378984194156,-0.006775294669436149,0.5398131930888518,0.24905203220534383
correct_CP,CO[C@@H]1CN(C)C(=O)c2ccc(NS(=O)(=O)c3ccccc3F)cc2OC[C@H](C)NC[C@H]1C,9.99456,0.4544461584668843,0.4902894791922729,0.03752707451120976,0.4527624046810631,0.17623697250619666
correct_CP,CO[C@@H]1CN(C)C(=O)c2ccc(NS(=O)(=O)c3cn(C)cn3)cc2OC[C@@H](C)N(Cc2cccc(C(F)(F)F)c2)C[C@H]1C,9.96955,-0.07254139605788945,-0.07266904308152931,0.039857666485503956,-0.11252670956703327,-0.277952473416807
correct_CP,CO[C@@H]1CN(C)C(=O)c2ccc(NS(=O)(=O)c3cn(C)cn3)cc2OC[C@H](C)N(Cc2cccc(F)c2)C[C@H]1C,9.96432,0.222415900543788,0.2261963106322408,-0.02974261895237013,0.25593892958461095,0.31919919355108034
correct_CP,CO[C@@H]1CN(C)C(=O)c2ccc(NS(=O)(=O)c3cn(C)cn3)cc2OC[C@H](C)NC[C@H]1C,10.0571,0.13987891335121264,0.1408020708116957,-0.03172425253121689,0.1725263233429126,0.14680505158460638
correct_CP,CO[C@@H]1CN(C)C(=O)c2ccc(NS(C)(=O)=O)cc2OC[C@@H](C)N(Cc2ccccn2)C[C@H]1C,9.97834,-0.04206238629404127,-0.04208721887328615,0.022832917715763748,-0.0649201365890499,-0.3777882163663067
correct_CP,CO[C@@H]1CN(C)C(=O)c2ccc(NS(C)(=O)=O)cc2OC[C@@H](C)N(Cc2nccs2)C[C@H]1C,10.2058,0.12558889199168333,0.12625549843510755,-0.03769936802939197,0.16395486646449953,0.10719689847131601
correct_CP,CO[C@@H]1CN(C)C(=O)c2ccc(NS(C)(=O)=O)cc2OC[C@@H](C)N(S(C)(=O)=O)C[C@H]1C,10.0512,0.09766165897424016,0.0979739404638069,-0.06203753837675717,0.16001147884056408,0.11189598797221809
correct_CP,CO[C@@H]1CN(C)C(=O)c2ccc(NS(C)(=O)=O)cc2OC[C@H](C)N(C)C[C@H]1C,10.0347,0.04254598591567612,0.042571685527349634,0.055785090344990795,-0.013213404817641161,-0.03090550526974945
correct_CP,CO[C@@H]1CN(C)C(=O)c2ccc(NS(C)(=O)=O)cc2OC[C@H](C)N(Cc2ccccc2)C[C@H]1C,9.97788,0.3166016124699699,0.327865589779662,0.04747290489238044,0.2803926848872816,-0.12404954232894477
correct_CP,CO[C@@H]1CN(C)C(=O)c2cccc(C#N)c2OC[C@H]2O[C@H](CC[C@H]2OC)CCN(C)C(=O)[C@H]1C,10.0074,0.2461369753315276,0.25129646937206185,-0.042189349466445765,0.2934858188385076,0.2923317631504563
correct_CP,CO[C@H](C(=O)N(C)C[C@@H]1OCc2ccccc2-c2c(n(C)c3ccccc23)C(=O)N([C@H](C)CO)C[C@H]1C)c1ccccc1,9.89076,0.09764750874012403,0.09795965398788802,0.13291796369602787,-0.03495830970813986,-0.1605217275636563
correct_CP,CO[C@H](CN(C)C(=O)C1CC1)[C@@H](C)CN(C(=O)Nc1ccc(C(F)(F)F)cc1)[C@@H](C)CO,9.54397,0.11390312279898701,0.11439958324428608,-0.008783999506147208,0.12318358275043328,0.15452196205280905
correct_CP,CO[C@H](CN(C)C(=O)C1CCOCC1)[C@@H](C)CN(C(=O)Nc1ccc(C(F)(F)F)cc1)[C@@H](C)CO,10.0047,0.24666295701000077,0.2518564490832541,-0.05420369910477697,0.30606014818803107,0.10799178228390585
correct_CP,CO[C@H](CN(C)C(=O)C1CCOCC1)[C@@H](C)CN(C(=O)Nc1ccc(C(F)(F)F)cc1)[C@H](C)CO,10.0397,-0.061157086835587814,-0.06123350475952479,0.05156372047080722,-0.112797225230332,-0.43901462309983474
correct_CP,CO[C@H](CN(C)C(=O)C1CCOCC1)[C@@H](C)CN(C(=O)Nc1ccc(F)cc1)[C@H](C)CO,10.0149,0.19573910269835668,0.19829802674289077,-0.01511896293237468,0.21341698967526546,-0.10402666110254795
correct_CP,CO[C@H](CN(C)C(=O)C1CCOCC1)[C@H](C)CN(C(=O)Nc1ccc(C(F)(F)F)cc1)[C@@H](C)CO,10.8327,0.08857624342984273,0.08880898910216231,-0.1010292039952509,0.1898381930974132,-0.1861819954570682
correct_CP,CO[C@H](CN(C)C(=O)C1CCOCC1)[C@H](C)CN([C@@H](C)CO)S(=O)(=O)c1ccccc1,10.0134,0.11490134828718426,0.11541104672498798,-0.019403638846167026,0.134814685571155,0.07706059647471372
correct_CP,CO[C@H](CN(C)C(=O)c1ccc2c(c1)OCO2)[C@@H](C)CN([C@@H](C)CO)S(=O)(=O)c1ccc(C)cc1,9.48517,0.3620053275770212,0.3791917327049006,0.2481601863405462,0.13103154636435438,-0.22975599246626677
correct_CP,CO[C@H](CN(C)C(=O)c1ccc2c(c1)OCO2)[C@@H](C)CN([C@H](C)CO)S(=O)(=O)c1ccccc1,10.0334,0.11468034518245862,0.11518709258943238,0.03727172263337408,0.0779153699560583,0.11060265653163151
correct_CP,CO[C@H](CN(C)C(=O)c1ccccc1F)[C@H](C)CN([C@H](C)CO)S(=O)(=O)c1ccc(Cl)cc1,9.54788,0.012623858106547455,0.01262452875756387,-0.07153667710711661,0.08416120586468048,-0.05119761698581518
correct_CP,CO[C@H](CN(C)CC1CCOCC1)[C@H](C)CN(C(=O)Nc1ccc(F)cc1)[C@H](C)CO,10.7651,0.3603071312378404,0.37723880820858074,0.0866850103047507,0.29055379790383007,-0.26881065035739415
correct_CP,CO[C@H](CN(C)Cc1ccc(-c2ccccn2)cc1)[C@@H](C)CN(C(=O)Nc1ccc(F)cc1)[C@@H](C)CO,10.7731,0.10816510920427218,0.10858992814536998,-0.00368819604582285,0.11227812419119283,-0.043065550512210365
correct_CP,CO[C@H](CN(C)Cc1nccs1)[C@@H](C)CN([C@H](C)CO)S(=O)(=O)c1ccc(F)cc1,10.8571,0.49862697405174083,0.5474771152312113,-0.12112015320047949,0.6685972684316909,0.09011518212980445
correct_CP,CO[C@H](CN(C)Cc1nccs1)[C@H](C)CN([C@@H](C)CO)S(=O)(=O)c1ccc(F)cc1,10.0346,0.2524451744797756,0.258022705688874,0.0391053051657572,0.21891740052311678,0.019769385955933007
correct_CP,CO[C@H](CN(C)Cc1nccs1)[C@H](C)CN([C@H](C)CO)S(=O)(=O)c1ccc(F)cc1,10.0145,0.008854755019004035,0.00885498645389187,-0.023900626476861194,0.03275561293075306,0.06953016637001837
correct_CP,CO[C@H](CN(C)S(=O)(=O)c1ccc(C)cc1)[C@@H](C)CN(C(=O)Nc1ccccc1F)[C@@H](C)CO,9.46685,0.3222577551917015,0.33416446465923627,0.19075501198713135,0.14340945267210492,-0.175097409376203
correct_CP,CO[C@H](CN(C)S(=O)(=O)c1ccc(C)cc1)[C@@H](C)CN(Cc1ccccc1Cl)[C@@H](C)CO,10.617,-0.1684510386250382,-0.1700720359801527,-0.037495889225186096,-0.1325761467549666,-0.04536368570434826
correct_CP,CO[C@H](CN(C)S(=O)(=O)c1ccc(C)cc1)[C@H](C)CN(Cc1ccccc1Cl)[C@H](C)CO,10.0893,-0.16513574440484202,-0.16666186726437093,-0.041658272525850214,-0.1250035947385207,0.019260533380584914
correct_CP,CO[C@H](CN(C)S(=O)(=O)c1cccc(Cl)c1)[C@H](C)CN([C@@H](C)CO)S(=O)(=O)c1cccc(Cl)c1,10.7871,-0.17918841879431946,-0.1811440580871412,0.07087503370084225,-0.25201909178798343,0.13929074057339486
correct_CP,CO[C@H](CN(C)S(=O)(=O)c1ccccc1)[C@@H](C)CN(Cc1ccccc1Cl)[C@H](C)CO,9.90679,0.14278321238572672,0.14376556634985704,0.05700158863440858,0.08676397771544847,0.2810620666117472
correct_CP,CO[C@H](CN(C)S(=O)(=O)c1cn(C)cn1)[C@@H](C)CN(C(=O)Nc1ccc(C(F)(F)F)cc1)[C@@H](C)CO,9.4895,-0.12365757126847747,-0.1242937086041272,0.16026477564102548,-0.2845584842451527,0.10396201618580914
correct_CP,CO[C@H](CN(C)S(=O)(=O)c1cn(C)cn1)[C@@H](C)CN(C(=O)Nc1ccc(F)cc1)[C@H](C)CO,10.0209,-0.03502528111061903,-0.03503961432063534,0.06606824632224946,-0.1011078606428848,-0.18844480702377442
correct_CP,CO[C@H](CN(C)S(=O)(=O)c1cn(C)cn1)[C@H](C)CN(C(=O)Nc1ccc(C(F)(F)F)cc1)[C@H](C)CO,9.77082,0.0969044024448285,0.09720944875606963,-0.02330394945132508,0.1205133982073947,0.21334873485002567
correct_CP,CO[C@H]1CC[C@@H]2CCN(C)C(=O)[C@@H](C)[C@H](OC)CN(C)C(=O)c3cc(C#N)ccc3OC[C@H]1O2,10.0221,0.4910487362379648,0.5374413691026327,-0.01526460337364239,0.5527059724762752,-0.05189939961563766
correct_CP,CO[C@H]1CC[C@@H]2CCOc3c(C#N)cccc3C(=O)N(C)C[C@@H](C)C(=O)N(C)C[C@@H]1O2,10.0379,-0.2744739444552143,-0.2816958971375207,-0.12902008985189528,-0.1526758072856254,-0.5392208589156112
correct_CP,CO[C@H]1CC[C@@H]2CCOc3c(C#N)cccc3C(=O)N(C)C[C@H](c3ccccc3)CC(=O)N(C)C[C@@H]1O2,10.0322,0.07715685971154208,0.07731051852510695,-0.16246165409981578,0.23977217262492273,0.12137546990163095
correct_CP,CO[C@H]1CC[C@@H]2CCOc3c(C#N)cccc3C(=O)N(C)C[C@H](c3ccccc3)CC(=O)N(C)C[C@H]1O2,10.0613,0.613686854599353,0.7148142568509814,0.10633268902169643,0.608481567829285,-0.12633060876484647
correct_CP,CO[C@H]1CC[C@@H]2CCOc3c(C#N)cccc3C(=O)N(C)[C@@H](C)C(=O)N(C)C[C@H]1O2,10.0383,0.5011312200663435,0.5508155772351961,-0.0951254365869216,0.6459410138221178,-0.19136609188652767
correct_CP,CO[C@H]1CC[C@H]2CCN(C)C(=O)[C@H](C)[C@H](OC)CN(C)C(=O)c3cccc(C#N)c3OC[C@@H]1O2,10.0367,0.21167055139698102,0.21491961146484218,-0.028690196918024945,0.2436098083828671,0.033900201617808004
correct_CP,CO[C@H]1CC[C@H]2CCOc3c(C#N)cccc3C(=O)N(C)C[C@@H](C)C(=O)N(C)C[C@@H]1O2,10.0097,0.21375658589721294,0.2171045070125082,-0.15622010983699258,0.3733246168495008,0.20370108452511085
correct_CP,CO[C@H]1CC[C@H]2CCOc3c(C#N)cccc3C(=O)N(C)C[C@H](c3ccccc3)CC(=O)N(C)C[C@@H]1O2,10.0322,-0.03359868262131639,-0.03361133405631948,0.11372673391212362,-0.14733806796844312,-0.1371772147678047
correct_CP,CO[C@H]1CN(C)C(=O)c2cc(NC(=O)C3CC3)ccc2OC[C@@H](C)N(C(=O)CN(C)C)C[C@H]1C,10.0373,0.09449725072420757,0.09478004577171079,0.012191221512779817,0.08258882425893097,0.09782735477937639
correct_CP,CO[C@H]1CN(C)C(=O)c2cc(NC(=O)C3CC3)ccc2OC[C@@H](C)N(C(=O)CN2CCOCC2)C[C@H]1C,10.0119,0.07852420748854211,0.07868620199232179,-0.00039882311112684945,0.07908502510344864,0.11837785144402135
correct_CP,CO[C@H]1CN(C)C(=O)c2cc(NC(=O)C3CC3)ccc2OC[C@@H](C)N(C(=O)NC(C)C)C[C@@H]1C,9.95577,-0.24891792296667808,-0.2542589288259548,-0.010395990047061598,-0.2438629387788932,0.04157040654602796
correct_CP,CO[C@H]1CN(C)C(=O)c2cc(NC(=O)C3CC3)ccc2OC[C@@H](C)N(CCC(F)(F)F)C[C@@H]1C,10.0886,0.15657211681061875,0.15787071815865694,-0.00176307921316457,0.1596337973718215,0.056948065649945784
correct_CP,CO[C@H]1CN(C)C(=O)c2cc(NC(=O)C3CC3)ccc2OC[C@@H](C)N(CCc2ccccc2)C[C@@H]1C,10.0335,0.19024468922998866,0.19259103480487408,0.00906557291144525,0.18352546189342883,0.003922105838856944
correct_CP,CO[C@H]1CN(C)C(=O)c2cc(NC(=O)C3CC3)ccc2OC[C@H](C)N(C(=O)CN(C)C)C[C@@H]1C,10.0339,0.027334985029231904,0.02734179632956129,0.0347011456187958,-0.0073593492892345125,-0.07977260545027545
correct_CP,CO[C@H]1CN(C)C(=O)c2cc(NC(=O)C3CC3)ccc2OC[C@H](C)N(C(=O)CN(C)C)C[C@H]1C,10.1564,-0.13026567487275023,-0.13101010149169112,0.06625829470646971,-0.19726839619816083,-0.0772051982277833
correct_CP,CO[C@H]1CN(C)C(=O)c2cc(NC(=O)C3CC3)ccc2OC[C@H](C)N(C(=O)c2cccnc2)C[C@H]1C,10.0078,0.10287181016860202,0.10323701594575438,-0.0009364682710028011,0.10417348421675718,0.3181345088473537
correct_CP,CO[C@H]1CN(C)C(=O)c2cc(NC(=O)C3CC3)ccc2OC[C@H](C)N(CC2CCCC2)C[C@@H]1C,10.0289,-0.09636296125824292,-0.09666290388217524,0.03897365679482107,-0.1356365606769963,-0.3495839219978172
correct_CP,CO[C@H]1CN(C)C(=O)c2cc(NC(=O)C3CCC3)ccc2OC[C@@H](C)N(C)C[C@@H]1C,9.91722,0.14680755618742464,0.1478760963263219,-0.06742794863270843,0.21530404495903033,0.01237682416011679
correct_CP,CO[C@H]1CN(C)C(=O)c2cc(NC(=O)C3CCC3)ccc2OC[C@@H](C)N(Cc2ccncc2)C[C@H]1C,9.9998,0.27329480588948957,0.28042113509611205,0.03931364701582262,0.24110748808028942,0.14483949130635132
correct_CP,CO[C@H]1CN(C)C(=O)c2cc(NC(=O)C3CCC3)ccc2OC[C@H](C)N(C)C[C@@H]1C,10.0538,0.2577999467231764,0.26375028967172826,0.04593181693253348,0.21781847273919477,0.2349787991886144
correct_CP,CO[C@H]1CN(C)C(=O)c2cc(NC(=O)C3CCCCC3)ccc2OC[C@H](C)N(C(=O)c2ccccc2)C[C@H]1C,10.0415,0.0809180299517985,0.08109533678749518,0.031200707980812595,0.04989462880668259,-0.20676191593075055
correct_CP,CO[C@H]1CN(C)C(=O)c2cc(NC(=O)C3CCOCC3)ccc2OC[C@H](C)N(CC2CC2)C[C@H]1C,10.0251,0.6807283268477099,0.8304700630078341,0.035493659205589945,0.7949764038022442,-0.26183127702007425
correct_CP,CO[C@H]1CN(C)C(=O)c2cc(NC(=O)Cc3ccccc3)ccc2OC[C@H](C)N(C(C)=O)C[C@@H]1C,9.99207,-0.39104788549732555,-0.413036490830337,0.030601110789563624,-0.4436376016199006,-0.085445925973267
correct_CP,CO[C@H]1CN(C)C(=O)c2cc(NC(=O)Cc3ccccc3)ccc2OC[C@H](C)NC[C@H]1C,10.0865,0.06758101211512843,0.06768418015569086,0.06992190827397593,-0.0022377281182850706,-0.09410463089811005
correct_CP,CO[C@H]1CN(C)C(=O)c2cc(NC(=O)NC(C)C)ccc2OC[C@@H](C)N(C(=O)C2CCC2)C[C@@H]1C,10.0525,0.0520078364545475,0.0520548032263006,0.003578239314562366,0.048476563911738234,-0.16404179981466085
correct_CP,CO[C@H]1CN(C)C(=O)c2cc(NC(=O)NC(C)C)ccc2OC[C@@H](C)N(C)C[C@H]1C,10.1107,0.23627868434630525,0.24082906641980995,-0.030700874728028363,0.2715299411478383,-0.007953005521413634
correct_CP,CO[C@H]1CN(C)C(=O)c2cc(NC(=O)NC(C)C)ccc2OC[C@@H](C)N(Cc2ccccc2)C[C@@H]1C,10.1047,-0.2549562227972492,-0.260706495362532,-0.03744586666080257,-0.2232606287017294,-0.03784463799624454
correct_CP,CO[C@H]1CN(C)C(=O)c2cc(NC(=O)NC(C)C)ccc2OC[C@@H](C)N(Cc2ccccc2)C[C@H]1C,10.0109,0.3520157982540981,0.3677428128002517,0.013181649762672002,0.3545611630375797,-0.2866047843095445
correct_CP,CO[C@H]1CN(C)C(=O)c2cc(NC(=O)NC(C)C)ccc2OC[C@H](C)N(C(=O)C2CCC2)C[C@@H]1C,10.0065,0.2540032784172721,0.25968756501220375,0.02794711252004472,0.23174045249215902,-0.07175426586161757
correct_CP,CO[C@H]1CN(C)C(=O)c2cc(NC(=O)NC(C)C)ccc2OC[C@H](C)N(C)C[C@@H]1C,10.1362,0.10737949027907573,0.10779507708677474,0.012126279267033635,0.09566879781974111,-0.22290695255547519
correct_CP,CO[C@H]1CN(C)C(=O)c2cc(NC(=O)NC(C)C)ccc2OC[C@H](C)N(C)C[C@H]1C,9.86182,0.3294413544690843,0.3422014672377928,0.0024619225464054496,0.3397395446913874,0.20629631702229548
correct_CP,CO[C@H]1CN(C)C(=O)c2cc(NC(=O)NC3CCCCC3)ccc2OC[C@@H](C)N(CC2CC2)C[C@H]1C,9.99196,-0.10318571897809699,-0.10355429262655932,0.006581083383928984,-0.11013537601048831,-0.17303229457263486
correct_CP,CO[C@H]1CN(C)C(=O)c2cc(NC(=O)Nc3ccc(Cl)c(Cl)c3)ccc2OC[C@@H](C)NC[C@H]1C,10.091,0.11276609648063375,0.11324776195763618,-0.005028769502734379,0.11827653146037057,0.12171892505481498
correct_CP,CO[C@H]1CN(C)C(=O)c2cc(NC(=O)Nc3ccc(Cl)cc3)ccc2OC[C@@H](C)N(C(=O)Nc2c(C)noc2C)C[C@H]1C,9.94028,-0.12912075313931662,-0.12984559219191477,0.010134244944485013,-0.13997983713639978,0.11733935330396393
correct_CP,CO[C@H]1CN(C)C(=O)c2cc(NC(=O)Nc3ccc(Cl)cc3)ccc2OC[C@@H](C)NC[C@@H]1C,10.0635,-0.18562092916343567,-0.18779798029884867,0.059858276954184636,-0.2476562572530333,0.021074033541947423
correct_CP,CO[C@H]1CN(C)C(=O)c2cc(NC(=O)Nc3ccc(Cl)cc3)ccc2OC[C@H](C)N(C)C[C@H]1C,10.0178,0.06346088162794651,0.0635462797303016,-0.005948334055155265,0.06949461378545686,0.06481695165707867
correct_CP,CO[C@H]1CN(C)C(=O)c2cc(NC(=O)Nc3cccc(Cl)c3)ccc2OC[C@@H](C)NC[C@H]1C,9.9504,0.11286006586893972,0.11334294269134802,0.05341755048530573,0.059925392206042295,0.01638049469915414
correct_CP,CO[C@H]1CN(C)C(=O)c2cc(NC(=O)Nc3cccc(Cl)c3)ccc2OC[C@H](C)NC[C@@H]1C,10.0555,-0.006583923994024314,-0.006584019129932186,0.04532236079809983,-0.051906379928032015,-0.030426733058954162
correct_CP,CO[C@H]1CN(C)C(=O)c2cc(NC(=O)Nc3cccc(F)c3)ccc2OC[C@@H](C)N(C(=O)Nc2c(C)noc2C)C[C@@H]1C,9.98754,-0.1955506937569192,-0.19810211905673603,-0.0019430563977412456,-0.19615906265899477,0.07541669330564191
correct_CP,CO[C@H]1CN(C)C(=O)c2cc(NC(=O)Nc3cccc(F)c3)ccc2OC[C@@H](C)N(C)C[C@@H]1C,10.0462,0.4124610839696403,0.43857321379645237,0.07708235135791722,0.3614908624385351,-0.1376214437933239
correct_CP,CO[C@H]1CN(C)C(=O)c2cc(NC(=O)Nc3cccc(F)c3)ccc2OC[C@H](C)N(C)C[C@H]1C,10.0149,0.2069431650185456,0.20997562113492232,0.0513528638353432,0.15862275729957911,-0.012343143026269765
correct_CP,CO[C@H]1CN(C)C(=O)c2cc(NC(=O)Nc3ccccc3)ccc2OC[C@@H](C)N(C(=O)CN(C)C)C[C@@H]1C,10.0476,-0.3340160410229944,-0.34734183326396323,0.055740693421813335,-0.40308252668577654,0.07873615411526755
correct_CP,CO[C@H]1CN(C)C(=O)c2cc(NC(=O)Nc3ccccc3)ccc2OC[C@@H](C)N(C(C)=O)C[C@H]1C,10.0922,0.19259956254060454,0.1950354798231326,0.09724222651556126,0.09779325330757134,-0.1350592854330432
correct_CP,CO[C@H]1CN(C)C(=O)c2cc(NC(=O)Nc3ccccc3F)ccc2OC[C@H](C)N(C(C)=O)C[C@H]1C,10.0528,0.05849481074460731,0.058561664165136314,0.058470544190178594,9.111997495771934e-05,-0.5042731987489172
correct_CP,CO[C@H]1CN(C)C(=O)c2cc(NC(=O)c3cc(C)on3)ccc2OC[C@@H](C)N(C(C)=O)C[C@H]1C,9.94768,0.0021120398957234633,0.0021120430361328043,-0.006989071384495715,0.009101114420628519,0.000824356465265845
correct_CP,CO[C@H]1CN(C)C(=O)c2cc(NC(=O)c3cc(C)on3)ccc2OC[C@@H](C)NC[C@H]1C,9.8982,0.32122837727731296,0.33301622213754967,-0.031005131693681173,0.36402135383123085,0.05205934109065648
correct_CP,CO[C@H]1CN(C)C(=O)c2cc(NC(=O)c3ccc(F)cc3)ccc2OC[C@H](C)NC[C@@H]1C,10.0095,0.29113198787040895,0.2998026369754797,0.01901229396071133,0.28079034301476835,0.11485094960022865
correct_CP,CO[C@H]1CN(C)C(=O)c2cc(NC(=O)c3ccc4c(c3)OCO4)ccc2OC[C@@H](C)N(CC2CC2)C[C@@H]1C,10.0567,-0.11195404915928436,-0.11242533158130986,0.04809410347607271,-0.1605194350573826,0.1735669758132126
correct_CP,CO[C@H]1CN(C)C(=O)c2cc(NC(=O)c3cccc(F)c3)ccc2OC[C@@H](C)N(C)C[C@@H]1C,10.0577,0.08148796447638992,0.08166905437981145,0.03314029820536357,0.04852875617444788,0.05715611494544649
correct_CP,CO[C@H]1CN(C)C(=O)c2cc(NC(=O)c3cccc(F)c3)ccc2OC[C@@H](C)N(C)C[C@H]1C,10.0249,0.010561276498402224,0.010561669194919653,0.08881597732920898,-0.07825430813428932,-0.022464707883297852
correct_CP,CO[C@H]1CN(C)C(=O)c2cc(NC(=O)c3ccccc3)ccc2OC[C@@H](C)N(CC2CC2)C[C@H]1C,10.0112,0.41093276057389155,0.43673298061195065,0.023336360391803528,0.4133966202201471,0.7865867715179282
correct_CP,CO[C@H]1CN(C)C(=O)c2cc(NC(=O)c3ccccc3F)ccc2OC[C@@H](C)N(C(C)=O)C[C@H]1C,10.0158,0.19993800625966804,0.20266797807516881,0.015149684033240445,0.18751829404192838,-0.17692570765920965
correct_CP,CO[C@H]1CN(C)C(=O)c2cc(NC(=O)c3ccccc3F)ccc2OC[C@H](C)N(CC2CCOCC2)C[C@H]1C,10.0742,0.16139317858864718,0.16281680524689165,0.019554174145817418,0.14326263110107423,-0.07333149305927739
correct_CP,CO[C@H]1CN(C)C(=O)c2cc(NC(=O)c3ccno3)ccc2OC[C@@H](C)N(S(C)(=O)=O)C[C@H]1C,10.0273,0.04202921228586513,0.042053986114599824,-0.09433973414276456,0.13639372025736438,-0.2650424214176583
correct_CP,CO[C@H]1CN(C)C(=O)c2cc(NC(=O)c3cnccn3)ccc2OC[C@@H](C)N(C(=O)C2CC2)C[C@H]1C,10.0584,0.035598342304139996,0.035613390985857966,-0.0065045189403673265,0.04211790992622529,0.14758390174625255
correct_CP,CO[C@H]1CN(C)C(=O)c2cc(NC(=O)c3cnccn3)ccc2OC[C@H](C)N(C(=O)C2CC2)C[C@@H]1C,10.0376,0.032315132693628214,0.032326388297641645,0.02706278714356975,0.005263601154071894,0.07852872409350037
correct_CP,CO[C@H]1CN(C)C(=O)c2cc(NC(C)=O)ccc2OC[C@@H](C)N(C(=O)C2CC2)C[C@@H]1C,10.0589,0.3017639530354615,0.3114591444500588,0.1008431366244218,0.210616007825637,-0.03820890261139209
correct_CP,CO[C@H]1CN(C)C(=O)c2cc(NC(C)=O)ccc2OC[C@@H](C)N(C(=O)CC2CC2)C[C@@H]1C,9.7775,0.11091016810058388,0.11136832545535223,-0.07346361079879307,0.1848319362541453,0.24568020392016415
correct_CP,CO[C@H]1CN(C)C(=O)c2cc(NC(C)=O)ccc2OC[C@@H](C)N(C(=O)CC2CC2)C[C@H]1C,10.1378,-0.20681811597453348,-0.20984498073387775,0.008414614680488241,-0.218259595414366,0.009282501007809871
correct_CP,CO[C@H]1CN(C)C(=O)c2cc(NC(C)=O)ccc2OC[C@@H](C)N(Cc2ccccn2)C[C@@H]1C,9.95434,-0.15830420590259808,-0.15964683187015155,0.19179544965204698,-0.35144228152219853,-0.11547132178533401
correct_CP,CO[C@H]1CN(C)C(=O)c2cc(NC(C)=O)ccc2OC[C@@H](C)N(Cc2ccccn2)C[C@H]1C,9.97721,0.01123311506125965,0.011233587572614594,0.12210323850763036,-0.11086965093501576,0.2295094302278657
correct_CP,CO[C@H]1CN(C)C(=O)c2cc(NC(C)=O)ccc2OC[C@@H](C)N(S(=O)(=O)c2cn(C)cn2)C[C@@H]1C,9.9714,0.08913500553053746,0.08937219793305112,-5.871406507745695e-05,0.08943091199812858,0.15973791153288142
correct_CP,CO[C@H]1CN(C)C(=O)c2cc(NC(C)=O)ccc2OC[C@H](C)N(C(=O)C2CC2)C[C@@H]1C,10.1042,0.33393188923992156,0.34724711695547106,0.07906969890954099,0.2681774180459301,0.11321998755636323
correct_CP,CO[C@H]1CN(C)C(=O)c2cc(NC(C)=O)ccc2OC[C@H](C)N(C(=O)c2ccc(F)cc2)C[C@H]1C,10.016,-0.017747024871626875,-0.017748888406396813,0.03232971605331672,-0.05007860445971353,-0.02765874821854545
correct_CP,CO[C@H]1CN(C)C(=O)c2cc(NC(C)=O)ccc2OC[C@H](C)N(C(=O)c2ccccn2)C[C@H]1C,10.1286,0.25497481359119223,0.2607263787223054,-0.0244853712364705,0.2852117499587759,0.12206785166599944
correct_CP,CO[C@H]1CN(C)C(=O)c2cc(NC(C)=O)ccc2OC[C@H](C)N(Cc2ccc(F)cc2)C[C@H]1C,9.9845,0.6368918272175329,0.7529268543888143,0.03285743852979706,0.7200694158590173,0.14969786056712048
correct_CP,CO[C@H]1CN(C)C(=O)c2cc(NC(C)=O)ccc2OC[C@H](C)N(Cc2cccnc2)C[C@@H]1C,10.065,0.1834007445556565,0.1854995461495439,0.01165964586162026,0.17383990028792362,-0.06360153634726409
correct_CP,CO[C@H]1CN(C)C(=O)c2cc(NC(C)=O)ccc2OC[C@H](C)N(S(=O)(=O)c2cn(C)cn2)C[C@@H]1C,10.0692,0.5737148729448324,0.6530429148933361,0.012972754751006718,0.6400701601423294,-0.43312482058265855
correct_CP,CO[C@H]1CN(C)C(=O)c2cc(NC(C)=O)ccc2OC[C@H](C)N(S(C)(=O)=O)C[C@H]1C,10.0069,0.10621641798749852,0.10661858582892683,0.12104454500366278,-0.01442595917473595,-0.1765891081313826
correct_CP,CO[C@H]1CN(C)C(=O)c2cc(NS(=O)(=O)CC(F)(F)F)ccc2OC[C@H](C)N(Cc2nccs2)C[C@H]1C,10.079,-0.19453683887032244,-0.19704816964755842,0.04990539341712538,-0.2469535630646838,-0.020123498630069802
correct_CP,CO[C@H]1CN(C)C(=O)c2cc(NS(=O)(=O)c3c(C)noc3C)ccc2OC[C@H](C)NC[C@H]1C,9.93892,0.017520656667397088,0.017522449789581052,0.059807156479232904,-0.042284706689651855,-0.13184474897206916
correct_CP,CO[C@H]1CN(C)C(=O)c2cc(NS(=O)(=O)c3ccc(-c4ccccc4)cc3)ccc2OC[C@@H](C)NC[C@@H]1C,10.0426,0.22336534700568483,0.22719539176554093,0.047337792632006215,0.17985759913353472,0.13002829951965042
correct_CP,CO[C@H]1CN(C)C(=O)c2cc(NS(=O)(=O)c3ccc(-c4ccccc4)cc3)ccc2OC[C@@H](C)NC[C@H]1C,9.9484,0.004739474266075739,0.004739509753551355,0.05048082337184684,-0.04574131361829548,0.03656987380848099
correct_CP,CO[C@H]1CN(C)C(=O)c2cc(NS(=O)(=O)c3ccc(C)cc3)ccc2OC[C@@H](C)N(C)C[C@H]1C,10.0885,0.1867418384642135,0.18895913959276708,-0.011289285932469126,0.2002484255252362,0.09535565971460085
correct_CP,CO[C@H]1CN(C)C(=O)c2cc(NS(=O)(=O)c3ccc(C)cc3)ccc2OC[C@@H](C)N(Cc2nccs2)C[C@H]1C,10.061844,-0.0935937435801529,-0.09386847613515709,-0.025194225934291853,-0.06867425020086523,-0.20274037049227758
correct_CP,CO[C@H]1CN(C)C(=O)c2cc(NS(=O)(=O)c3ccc(C)cc3)ccc2OC[C@H](C)N(C(=O)NC(C)C)C[C@@H]1C,9.9591,0.41965090098441815,0.4472682293322967,0.04749312061779776,0.39977510871449895,0.10287467502459607
correct_CP,CO[C@H]1CN(C)C(=O)c2cc(NS(=O)(=O)c3cccc(F)c3)ccc2OC[C@@H](C)N(Cc2cc(F)ccc2F)C[C@@H]1C,9.95291,0.29327972781897127,0.30215088127333783,0.048079277411935295,0.25407160386140254,0.23362465012489297
correct_CP,CO[C@H]1CN(C)C(=O)c2cc(NS(=O)(=O)c3cccc(F)c3)ccc2OC[C@H](C)N(C(=O)Cc2cccnc2)C[C@@H]1C,10.0575,-0.00697844528960168,-0.006978558573313184,0.03838612337602251,-0.0453646819493357,-0.08656717327310348
correct_CP,CO[C@H]1CN(C)C(=O)c2cc(NS(=O)(=O)c3cccc(F)c3)ccc2OC[C@H](C)N(Cc2cc(F)ccc2F)C[C@@H]1C,10.0227,0.062253784978688526,0.06233439472013515,0.10158032889764745,-0.03924593417751231,-0.015911416755164776
correct_CP,CO[C@H]1CN(C)C(=O)c2cc(NS(=O)(=O)c3cccc(F)c3)ccc2OC[C@H](C)NC[C@H]1C,9.94174,0.04647478561240074,0.04650828942692651,0.008266659140478689,0.03824163028644782,-0.0030748907748716324
correct_CP,CO[C@H]1CN(C)C(=O)c2cc(NS(=O)(=O)c3cn(C)cn3)ccc2OC[C@@H](C)N(C)C[C@@H]1C,10.0836,0.10624286830613434,0.10664533803922388,0.03643670604734406,0.07020863199187982,-0.1119972317422726
correct_CP,CO[C@H]1CN(C)C(=O)c2cc(NS(=O)(=O)c3cn(C)cn3)ccc2OC[C@H](C)N(C)C[C@H]1C,10.007,0.2258889839122994,0.22985313299785975,-0.05081542518949078,0.28066855818735054,0.2555507531363569
correct_CP,CO[C@H]1CN(C)C(=O)c2cc(NS(C)(=O)=O)ccc2OC[C@@H](C)N(C(=O)C2CCOCC2)C[C@@H]1C,10.0213,0.4124077699188242,0.43850897209337625,0.004048189854205467,0.4344607822391708,0.14268073965136735
correct_CP,CO[C@H]1CN(C)C(=O)c2cc(NS(C)(=O)=O)ccc2OC[C@@H](C)N(CC2CCOCC2)C[C@@H]1C,10.0899,0.31469425186644273,0.3257471615861678,-0.0037452476688503286,0.3294924092550181,0.1812371496448992
correct_CP,CO[C@H]1CN(C)C(=O)c2cc(NS(C)(=O)=O)ccc2OC[C@H](C)N(S(C)(=O)=O)C[C@@H]1C,10.0115,0.15827464966426755,0.1596165160525486,0.05848022717820166,0.10113628887434693,-0.034967553792884465
correct_CP,CO[C@H]1CN(C)C(=O)c2ccc(NC(=O)C3CC3)cc2OC[C@@H](C)N(C(=O)C2CCCCC2)C[C@H]1C,9.97075,0.03485901810209248,0.034873148064111785,0.05084044878677477,-0.015967300722662982,0.09010989189353999
correct_CP,CO[C@H]1CN(C)C(=O)c2ccc(NC(=O)C3CC3)cc2OC[C@@H](C)N(C(=O)c2ccncc2)C[C@H]1C,10.0458,0.5520270801111826,0.6212921826024613,-0.030055391022676167,0.6513475736251375,0.03914949884569641
correct_CP,CO[C@H]1CN(C)C(=O)c2ccc(NC(=O)C3CC3)cc2OC[C@@H](C)N(C(=O)c2cnccn2)C[C@H]1C,10.0459,-0.012546308851295275,-0.012546967217740573,0.007155621598202912,-0.019702588815943486,0.13749541741252796
correct_CP,CO[C@H]1CN(C)C(=O)c2ccc(NC(=O)C3CC3)cc2OC[C@@H](C)N(C(C)=O)C[C@H]1C,9.94852,-0.06591913946278204,-0.06601486937687502,-0.10347375548405983,0.03745888610718481,0.004064314226126395
correct_CP,CO[C@H]1CN(C)C(=O)c2ccc(NC(=O)C3CC3)cc2OC[C@H](C)N(C(C)=O)C[C@H]1C,10.0453,-0.22418603409578455,-0.22805934169037978,0.006846795681359961,-0.23490613737173974,-0.013622134399900579
correct_CP,CO[C@H]1CN(C)C(=O)c2ccc(NC(=O)C3CC3)cc2OC[C@H](C)N(Cc2cc(F)ccc2F)C[C@H]1C,9.97673,-0.11458779764437105,-0.11509331269243038,0.026169191720102083,-0.14126250441253246,-0.056107352289314336
correct_CP,CO[C@H]1CN(C)C(=O)c2ccc(NC(=O)C3CCC3)cc2OC[C@@H](C)N(C(=O)CN(C)C)C[C@@H]1C,10.0091,0.02346427238480175,0.0234685800656441,0.008324965871689197,0.015143614193954904,0.23800185716547628
correct_CP,CO[C@H]1CN(C)C(=O)c2ccc(NC(=O)C3CCC3)cc2OC[C@@H](C)N(C(=O)CN(C)C)C[C@H]1C,9.98711,-0.2296622356089589,-0.23383286586977825,0.024949700180434776,-0.25878256605021305,-0.02727935153974379
correct_CP,CO[C@H]1CN(C)C(=O)c2ccc(NC(=O)C3CCC3)cc2OC[C@@H](C)N(C(=O)NC(C)C)C[C@H]1C,10.0495,0.31890320854710436,0.3304256700843279,0.05357670390988155,0.2768489661744463,-0.00508322102041045
correct_CP,CO[C@H]1CN(C)C(=O)c2ccc(NC(=O)C3CCC3)cc2OC[C@H](C)N(C(=O)CN(C)C)C[C@H]1C,10.014,0.12115690319754832,0.12175500031353288,-0.028712388072349326,0.1504673883858822,-0.0069555425501295065
correct_CP,CO[C@H]1CN(C)C(=O)c2ccc(NC(=O)C3CCC3)cc2OC[C@H](C)N(C(=O)NC(C)C)C[C@H]1C,9.9593,-0.03843517076967003,-0.03845411383976222,0.08731170786078889,-0.12576582170055112,-0.06563696961653183
correct_CP,CO[C@H]1CN(C)C(=O)c2ccc(NC(=O)C3CCCC3)cc2OC[C@@H](C)N(S(C)(=O)=O)C[C@@H]1C,10.1113,0.06550317240902877,0.0655970984002924,-0.04251850225619582,0.10811560065648823,0.27466196027975387
correct_CP,CO[C@H]1CN(C)C(=O)c2ccc(NC(=O)C3CCCC3)cc2OC[C@H](C)N(CCC(F)(F)F)C[C@H]1C,10.0294,0.2975702755859823,0.30685170804602857,0.04323098539271075,0.2636207226533178,-0.01975511419944871
correct_CP,CO[C@H]1CN(C)C(=O)c2ccc(NC(=O)C3CCCCC3)cc2OC[C@H](C)N(C)C[C@H]1C,9.95259,-0.03692910844771238,-0.03694590966617196,0.012364488092879516,-0.04931039775905147,-0.10020351615423607
correct_CP,CO[C@H]1CN(C)C(=O)c2ccc(NC(=O)C3CCOCC3)cc2OC[C@@H](C)N(C)C[C@H]1C,10.0566,0.19011075466507352,0.1924520743793696,0.032977925341783836,0.15947414903758575,0.03032257812303526
correct_CP,CO[C@H]1CN(C)C(=O)c2ccc(NC(=O)C3CCOCC3)cc2OC[C@@H](C)N(Cc2nccs2)C[C@H]1C,10.0084,-0.20460824970253602,-0.20753746406586102,0.028339014084269084,-0.2358764781501301,0.36472905543718115
correct_CP,CO[C@H]1CN(C)C(=O)c2ccc(NC(=O)C3CCOCC3)cc2OC[C@@H](C)NC[C@H]1C,10.001,-0.23543123129961388,-0.23993169470694517,-0.004785467971415221,-0.23514622673552996,0.08414320947082243
correct_CP,CO[C@H]1CN(C)C(=O)c2ccc(NC(=O)Cc3ccccc3)cc2OC[C@@H](C)N(C)C[C@@H]1C,10.001,0.37030246232440583,0.3887735823502893,-0.02613751824183302,0.41491110059212233,0.5511681797378234
correct_CP,CO[C@H]1CN(C)C(=O)c2ccc(NC(=O)Cc3ccccc3)cc2OC[C@@H](C)N(C)C[C@H]1C,10.0354,-0.14278926741908465,-0.1437717474019507,0.00929617507040843,-0.15306792247235912,-0.14495730292693704
correct_CP,CO[C@H]1CN(C)C(=O)c2ccc(NC(=O)Nc3cc(Cl)cc(Cl)c3)cc2OC[C@H](C)NC[C@H]1C,10.0419,0.4520964584114464,0.4873321860676255,0.045797380017150016,0.4415348060504755,0.25169599647066376
correct_CP,CO[C@H]1CN(C)C(=O)c2ccc(NC(=O)Nc3cc(F)ccc3F)cc2OC[C@@H](C)N(C)C[C@@H]1C,9.98558,-0.16780514399214436,-0.16940735268205975,0.04445270004913321,-0.21386005273119296,-0.2042891868295883
correct_CP,CO[C@H]1CN(C)C(=O)c2ccc(NC(=O)Nc3cccc(F)c3)cc2OC[C@@H](C)N(C(C)=O)C[C@H]1C,10.0434,0.0029800365104946007,0.0029800453320631705,0.023665467053718317,-0.020685421721655148,0.12377554379415799
correct_CP,CO[C@H]1CN(C)C(=O)c2ccc(NC(=O)Nc3cccc(F)c3)cc2OC[C@H](C)N(C(C)=O)C[C@H]1C,9.96181,-0.12988563634586828,-0.130623522162772,0.06439322829078259,-0.1950167504535546,-0.30476890374962073
correct_CP,CO[C@H]1CN(C)C(=O)c2ccc(NC(=O)Nc3ccccc3)cc2OC[C@H](C)N(C(=O)Nc2c(C)noc2C)C[C@H]1C,10.0861,-0.0412398053883552,-0.04126320841611404,-0.008058712360867417,-0.03320449605524663,-0.1613980154979256
correct_CP,CO[C@H]1CN(C)C(=O)c2ccc(NC(=O)Nc3ccccc3Cl)cc2OC[C@@H](C)NC[C@H]1C,10.0693,-0.06585393136203198,-0.06594937697124031,0.05728930030913691,-0.12323867728037723,-0.14210769283538333
correct_CP,CO[C@H]1CN(C)C(=O)c2ccc(NC(=O)Nc3ccccc3F)cc2OC[C@@H](C)N(Cc2ccccc2C(=O)O)C[C@@H]1C,10.012,0.1237209673778095,0.12435808968186604,-0.07698410773703865,0.2013421974189047,0.06340608192961847
correct_CP,CO[C@H]1CN(C)C(=O)c2ccc(NC(=O)c3cc(C)on3)cc2OC[C@@H](C)N(C)C[C@@H]1C,10.0658,0.18780089918393758,0.1900566922214331,-0.02339574341358213,0.21345243563501523,0.4059582451044121
correct_CP,CO[C@H]1CN(C)C(=O)c2ccc(NC(=O)c3ccc(-c4ccccc4)cc3)cc2OC[C@@H](C)NC[C@@H]1C,9.98676,0.23467294039895836,0.2391290585246757,-0.054410594758915715,0.29353965328359144,0.17645610867923872
correct_CP,CO[C@H]1CN(C)C(=O)c2ccc(NC(=O)c3ccc(-c4ccccc4)cc3)cc2OC[C@H](C)NC[C@H]1C,10.0234,0.1831947476470819,0.18528638752299212,0.0034282826515454733,0.18185810487144666,0.3323820784787721
correct_CP,CO[C@H]1CN(C)C(=O)c2ccc(NC(=O)c3cccc(F)c3)cc2OC[C@@H](C)NC[C@H]1C,10.0472,0.5926968551838588,0.6818131289913307,0.05539099744760734,0.6264221315437234,0.10682417770963815
correct_CP,CO[C@H]1CN(C)C(=O)c2ccc(NC(=O)c3ccccc3)cc2OC[C@@H](C)N(C(=O)C2CC2)C[C@@H]1C,10.0316,0.1384678010718324,0.13936308626150945,-0.0008481014742111256,0.14021118773572058,-0.004369342662132922
correct_CP,CO[C@H]1CN(C)C(=O)c2ccc(NC(=O)c3ccccc3F)cc2OC[C@H](C)N(CC2CC2)C[C@H]1C,9.97283,-0.09528211438945366,-0.09557204064197225,0.07417576008290841,-0.16974780072488066,0.0014832683308590722
correct_CP,CO[C@H]1CN(C)C(=O)c2ccc(NC(=O)c3ccno3)cc2OC[C@@H](C)NC[C@H]1C,9.83674,0.030917972015940282,0.030927829383119748,0.020094286050119155,0.010833543333000593,-0.09563157301809513
correct_CP,CO[C@H]1CN(C)C(=O)c2ccc(NC(=O)c3cnccn3)cc2OC[C@H](C)NC[C@H]1C,9.93452,0.038287139347051385,0.03830586425601308,0.0700561183168141,-0.03175025406080102,0.1392368732251856
correct_CP,CO[C@H]1CN(C)C(=O)c2ccc(NC(=O)c3nc4ccccc4s3)cc2OC[C@@H](C)N(Cc2cccnc2)C[C@@H]1C,9.9667,0.455818745849856,0.4920206770648419,0.05177596646481404,0.4402447106000279,0.31096816541778344
correct_CP,CO[C@H]1CN(C)C(=O)c2ccc(NC(C)=O)cc2OC[C@@H](C)N(C(=O)CN2CCOCC2)C[C@H]1C,9.95004,0.20294448919002356,0.20580162259860432,0.04607846707349925,0.15972315552510508,0.019427372399514357
correct_CP,CO[C@H]1CN(C)C(=O)c2ccc(NC(C)=O)cc2OC[C@@H](C)N(C(=O)Cc2cccnc2)C[C@@H]1C,10.0257,-0.30660846431649863,-0.3167976371540267,0.008733858618390914,-0.32553149577241763,-0.069225220480152
correct_CP,CO[C@H]1CN(C)C(=O)c2ccc(NC(C)=O)cc2OC[C@@H](C)N(C(=O)c2ccccc2F)C[C@H]1C,10.0677,0.6692118870681132,0.8093144209547649,0.005359562084667932,0.803954858870097,-0.05435728114061244
correct_CP,CO[C@H]1CN(C)C(=O)c2ccc(NC(C)=O)cc2OC[C@@H](C)N(CC2CC2)C[C@H]1C,9.99204,0.3182490676656918,0.32969764093682213,0.04992442736059736,0.27977321357622476,0.14317322335318855
correct_CP,CO[C@H]1CN(C)C(=O)c2ccc(NC(C)=O)cc2OC[C@@H](C)NC[C@H]1C,10.0876,0.12752254986338166,0.1282206312143507,0.0937876467715118,0.034432984442838904,0.1204000799282503
correct_CP,CO[C@H]1CN(C)C(=O)c2ccc(NC(C)=O)cc2OC[C@H](C)N(C(=O)c2cccnc2)C[C@H]1C,9.96599,0.3318865037438611,0.3449467881954589,-0.04732508483833734,0.39227187303379624,-0.13029679534074426
correct_CP,CO[C@H]1CN(C)C(=O)c2ccc(NC(C)=O)cc2OC[C@H](C)N(Cc2ccccc2F)C[C@H]1C,10.0199,-0.197361814794002,-0.19998594714941742,0.02647425331266638,-0.2264602004620838,-0.006518161986275389
correct_CP,CO[C@H]1CN(C)C(=O)c2ccc(NC(C)=O)cc2OC[C@H](C)NC[C@@H]1C,9.94597,0.04146116649113771,0.0414849486651864,0.0186233683787633,0.0228615802864231,-0.27191131157771675
correct_CP,CO[C@H]1CN(C)C(=O)c2ccc(NS(=O)(=O)CC(F)(F)F)cc2OC[C@H](C)N(C(=O)c2ccc3c(c2)OCO3)C[C@@H]1C,10.1024,-0.21137586611621334,-0.2146111238056475,0.035784604299698174,-0.25039572810534566,-0.11612557566278137
correct_CP,CO[C@H]1CN(C)C(=O)c2ccc(NS(=O)(=O)CC(F)(F)F)cc2OC[C@H](C)N(C)C[C@H]1C,10.1019,0.11842550878349471,0.11898383808387032,-0.12162980967915624,0.24061364776302657,0.011344525104593953
correct_CP,CO[C@H]1CN(C)C(=O)c2ccc(NS(=O)(=O)CC(F)(F)F)cc2OC[C@H](C)N(Cc2ccccn2)C[C@@H]1C,10.0185,-0.15234325357958484,-0.15353849318432733,-0.0015660898869817585,-0.15197240329734557,-0.1137107707347603
correct_CP,CO[C@H]1CN(C)C(=O)c2ccc(NS(=O)(=O)c3ccc(C)cc3)cc2OC[C@@H](C)NC[C@H]1C,9.96309,0.05013077613921175,0.05017283403761883,-0.04609373767078829,0.09626657170840712,-0.009824847970451918
correct_CP,CO[C@H]1CN(C)C(=O)c2ccc(NS(=O)(=O)c3ccc(F)cc3)cc2OC[C@@H](C)NC[C@@H]1C,10.0383,0.2873312549945788,0.2956549203346168,0.01538502889752234,0.28026989143709446,0.48837195603491634
correct_CP,CO[C@H]1CN(C)C(=O)c2ccc(NS(=O)(=O)c3ccc(Oc4ccccc4)cc3)cc2OC[C@H](C)NC[C@H]1C,9.98449,-0.11079595096503486,-0.11125268731181479,0.041144386924385545,-0.15239707423620033,-0.1050093524509882
correct_CP,CO[C@H]1CN(C)C(=O)c2ccc(NS(=O)(=O)c3cccc(Cl)c3)cc2OC[C@@H](C)NC[C@H]1C,9.95143,0.048749951488270694,0.04878862567546517,0.038704935373475934,0.010083690301989238,-0.009257213993888243
correct_CP,CO[C@H]1CN(C)C(=O)c2ccc(NS(=O)(=O)c3ccccc3)cc2OC[C@@H](C)N(C)C[C@H]1C,10.0321,0.008861678118762291,0.00886191009693458,0.1658961131016805,-0.15703420300474594,0.10160014560168323
correct_CP,CO[C@H]1CN(C)C(=O)c2ccc(NS(=O)(=O)c3ccccc3)cc2OC[C@@H](C)N(Cc2cccnc2)C[C@@H]1C,10.0261,-0.017713308201925217,-0.017715161134226963,-0.013475403667639281,-0.004239757466587682,-0.07909235179844107
correct_CP,CO[C@H]1CN(C)C(=O)c2ccc(NS(=O)(=O)c3ccccc3)cc2OC[C@H](C)N(C(=O)NC(C)C)C[C@H]1C,10.0555,0.1628926711272255,0.16435678466944215,0.06616120396554279,0.09819558070389936,-0.023455559076500918
correct_CP,CO[C@H]1CN(C)C(=O)c2ccc(NS(=O)(=O)c3ccccc3)cc2OC[C@H](C)N(Cc2cccnc2)C[C@H]1C,10.0262,0.5105714351613866,0.5635023878692431,-0.025495621072919333,0.5889980089421625,-0.37953063187940106
correct_CP,CO[C@H]1CN(C)C(=O)c2ccc(NS(=O)(=O)c3ccccc3Cl)cc2OC[C@@H](C)NC[C@@H]1C,10.0183,-0.16170689312309616,-0.16313892664181606,0.039092936800702895,-0.20223186344251895,0.06728877557125135
correct_CP,CO[C@H]1CN(C)C(=O)c2ccc(NS(=O)(=O)c3cn(C)cn3)cc2OC[C@@H](C)N(Cc2cccc(F)c2)C[C@@H]1C,9.9693,0.15545800120116465,0.15672880751648804,0.04626359003293019,0.11046521748355786,0.09319834783742242
correct_CP,CO[C@H]1CN(C)C(=O)c2ccc(NS(=O)(=O)c3cn(C)cn3)cc2OC[C@@H](C)N(Cc2cccc(F)c2)C[C@H]1C,9.95446,0.16842571896265587,0.17004597698532403,-0.023120504632828005,0.19316648161815203,0.16989758347364864
correct_CP,CO[C@H]1CN(C)C(=O)c2ccc(NS(=O)(=O)c3cn(C)cn3)cc2OC[C@H](C)NC[C@H]1C,10.0195,0.07084156904368923,0.07096043396266297,-0.014558701048912485,0.08551913501157546,0.2472955390770682
correct_CP,CO[C@H]1CN(C)C(=O)c2ccc(NS(C)(=O)=O)cc2OC[C@@H](C)N(C(=O)C2CCCCC2)C[C@@H]1C,9.97152,0.20130794757811507,0.20409537164433877,-0.0671650909342657,0.2712604625786045,-0.022317905176318487
correct_CP,CO[C@H]1CN(C)C(=O)c2ccc(NS(C)(=O)=O)cc2OC[C@@H](C)N(C)C[C@@H]1C,10.0138,0.22068657448185372,0.22437771851902816,0.012054107032681892,0.21232361148634626,0.15578501777348394
correct_CP,CO[C@H]1CN(C)C(=O)c2ccc(NS(C)(=O)=O)cc2OC[C@@H](C)N(Cc2ccccn2)C[C@H]1C,10.0222,0.09258215779465097,0.09284804787466654,-0.0249141696543643,0.11776221752903084,0.06065418458016798
correct_CP,CO[C@H]1CN(C)C(=O)c2ccc(NS(C)(=O)=O)cc2OC[C@@H](C)N(Cc2cccnc2)C[C@@H]1C,10.0027,-0.04597831421579761,-0.04601075484138701,-0.07563593528236572,0.029625180440978706,0.1788558674708
correct_CP,CO[C@H]1CN(C)C(=O)c2ccc(NS(C)(=O)=O)cc2OC[C@@H](C)N(Cc2nccs2)C[C@H]1C,9.98771,-0.19075695004358442,-0.19312258592072026,0.021785898253760056,-0.21490848417448033,0.06554258204743914
correct_CP,CO[C@H]1CN(C)C(=O)c2ccc(NS(C)(=O)=O)cc2OC[C@@H](C)N(S(C)(=O)=O)C[C@@H]1C,9.94201,0.2690790992008433,0.2758707753167478,0.07939013910643836,0.19648063621030945,-0.06669013104165222
correct_CP,CO[C@H]1CN(C)C(=O)c2ccc(NS(C)(=O)=O)cc2OC[C@H](C)N(Cc2ccccc2)C[C@H]1C,9.98944,-0.10034478813824169,-0.10068363072154743,0.0010867901350299324,-0.10177042085657736,0.08543519069729345
correct_CP,CO[C@H]1CN(C)C(=O)c2ccc(NS(C)(=O)=O)cc2OC[C@H](C)N(Cc2ccccn2)C[C@H]1C,10.063,0.11904929565762183,0.1196165452463407,0.03249451199257072,0.08712203325376999,-0.04355671617136536
correct_CP,CO[C@H]1CN(C)C(=O)c2cccc(C#N)c2OC[C@@H]2O[C@H](CC[C@H]2OC)CCN(C)C(=O)[C@H]1C,10.0154,-0.18973070171018394,-0.1920577999878539,-0.018390517335451564,-0.17366728265240233,-0.09967460514847772
correct_CP,COc1c(C=NNC(=O)c2ccccc2O)c(CCN(C)C(C)=O)cc2c1OCO2,10.0,-0.015687768238171373,-0.015689055379915478,0.0804643718269499,-0.09615342720686539,-0.005086197961660113
correct_CP,COc1c2c(cc3occ(-c4ccc5c(c4)OCO5)c(=O)c13)OC(C)(C)C=C2,10.0,0.29308941859089704,0.301942675237819,-0.03391981178966781,0.3358624870274868,-0.27408698788742014
correct_CP,COc1cc(-c2coc3cc(OCc4ccccc4)c(OC)c(O)c3c2=O)cc(OCc2ccccc2)c1OC,10.0,0.3520349473333204,0.36776467053007805,0.06416844286111456,0.3035962276689635,0.22012007209104423
correct_CP,COc1cc(/C=C/C(=O)O)cc(OC)c1OC,10.0,0.625128425138567,0.7333793111082813,0.06812460572551796,0.6652547053827633,0.2797924955210631
correct_CP,COc1cc(/C=C2\SC(Nc3ccc(O)cc3)=NC2=O)cc(OC)c1O,20.0,0.3075530025432651,0.317840517635874,0.011649616228575937,0.3061909014072981,-0.12797053792527727
correct_CP,COc1cc(C(=O)N2CCN(c3cccc(C)c3C)CC2)cc(OC)c1OC,10.0,0.4100360652810529,0.43565457691110854,0.03254976438249269,0.40310481252861585,0.16917805048637058
correct_CP,COc1cc(C(=O)N=c2sc3ccccc3n2C)cc(OC)c1OC,10.0,0.4254265488959426,0.45429921956373015,-0.0003518375535740397,0.4546510571173042,0.199025409717337
correct_CP,COc1cc(C(=O)NN=Cc2ccc(OC)c(CN3CCN(c4ccc(F)cc4)CC3)c2)ccc1O,10.0,0.34178319118513967,0.3561101871268547,0.13345203125256372,0.222658155874291,0.1341196874239547
correct_CP,COc1cc(C2C(C#N)=C(N)OC3=C2C(=O)CCC3)cc(OC)c1OC(=O)N1CCOCC1,10.0,0.4615820823489543,0.499319844420789,0.0008360767298232429,0.4984837676909658,0.5237573593418772
correct_CP,COc1cc(C=Cc2ccc(OC)cc2OC)cc(OC)c1,10.0,-0.08294958020645042,-0.08314061804121003,-0.0046838931149449405,-0.0784567249262651,0.13873872980072158
correct_CP,COc1cc(C=Nn2nnnc2N)ccc1OCc1ccc(F)cc1,10.0,0.4131443089679254,0.4393967794335878,0.13184337917081718,0.3075534002627706,0.06427871370293939
correct_CP,COc1cc(NC(=O)c2ccc(C(C)(C)C)cc2)c(OC)cc1NC(=O)CN1CCCCC1,10.0,0.3080528945444268,0.31839272748018976,-0.06448027854058018,0.38287300602076996,0.0372725963342607
correct_CP,COc1cc(OC)cc(C(=O)Nc2nc[nH]n2)c1,20.0,-0.07489468570225091,-0.07503519232380276,0.14108173842488353,-0.2161169307486863,0.31710966524543654
correct_CP,COc1cc([C@@H]2c3cc4c(c(O)c3C[C@H]3COC(=O)[C@@H]32)OCO4)cc(OC)c1OC,10.0,0.47487711791652215,0.5163488295506867,-0.010707396214199208,0.527056225764886,0.8413328856313484
correct_CP,COc1cc([C@@H]2c3cc4c(cc3[C@H](O)[C@H]3COC(=O)[C@H]23)OCO4)cc(OC)c1OC,10.0,0.2761415047848604,0.2835002151188204,0.06196607774012308,0.22153413737869732,0.2981168957342562
correct_CP,COc1cc2c(cc1NC(=O)CSc1nc3ccccc3[nH]1)oc1ccccc12,10.0,0.3822929127769943,0.4027422770647061,0.01807892755088299,0.38466334951382314,0.06064434181224139
correct_CP,COc1cc2c(cc1O)CCNC2C,10.0,0.783493018480234,1.0543531480795765,0.17521859758828012,0.8791345504912964,0.9829624975494726
correct_CP,COc1cc2ccccc2cc1C(=O)Nc1ccc(O)cc1,10.0,-0.20367548893439635,-0.20656414104594314,-0.019119767762872806,-0.18744437328307034,-0.3152649935753973
correct_CP,COc1cc2ncnc(Nc3ccc(Cl)cc3F)c2cc1OC,10.0,0.19186845913995365,0.19427632255019892,0.05989648909697144,0.13437983345322746,0.0450835909900925
correct_CP,COc1ccc(-c2cc(C(=O)NN=Cc3ccc(OC)c(COCC(F)(F)C(F)F)c3)c3ccccc3n2)c(OC)c1,10.0,0.344358486515522,0.35902902516437696,0.06728089626670175,0.2917481288976752,-0.049620842314514246
correct_CP,COc1ccc(-c2ccc([C@H]3[C@@H](C#N)N(C(=O)NC4CCCCC4)[C@H]3CO)cc2)cc1,10.1014,0.41264166499384164,0.43879083337776403,-0.05681635283029274,0.49560718620805677,0.26257322915382497
correct_CP,COc1ccc(-c2ccc([C@H]3[C@H](C#N)N(C(=O)NC4CCCCC4)[C@H]3CO)cc2)cc1,9.85492,0.30918459127263,0.3196435606659148,0.011308052511062282,0.30833550815485256,0.24481724384895212
correct_CP,COc1ccc(-c2ccc3n(c2=O)C[C@@H]2[C@@H](CO)[C@H](C(=O)N(C)C)[C@H]3N2C(=O)c2cnccn2)cc1,9.93628,0.016221616493260708,0.016223039574555627,-0.002202635329280194,0.01842567490383582,0.19679114212230728
correct_CP,COc1ccc(-c2ccc3n(c2=O)C[C@@H]2[C@@H](CO)[C@H](C(=O)O)[C@H]3N2C(=O)c2ccccc2F)cc1,10.0589,-0.18206378765365785,-0.18411640441526325,0.038207904567357905,-0.22232430898262115,-0.011623635220232065
correct_CP,COc1ccc(-c2ccc3n(c2=O)C[C@H]2[C@H](CO)[C@@H](C(=O)N(C)C)[C@@H]3N2C(=O)c2cnccn2)cc1,9.95692,0.18306156729783835,0.1851485858679536,0.0007566465250875547,0.18439193934286605,0.17735204065026078
correct_CP,COc1ccc(-c2cn(CC[C@@H]3CC[C@@H](NC(=O)CCN4CCCCC4)[C@H](CO)O3)nn2)cc1,10.1492,-0.3049178534848377,-0.3149326676247396,-0.08582519350267609,-0.2291074741220635,-0.27123616914076953
correct_CP,COc1ccc(-c2cnc3c(c2)C(=O)N([C@@H](C)CO)C[C@H](C)[C@H](CN(C)C(=O)C2CCCCC2)O3)cc1,10.026732,0.8397786789902318,1.2204222222418784,0.6714101864251194,0.549012035816759,0.44704146184572147
correct_CP,COc1ccc(-c2cnc3c(c2)C(=O)N([C@H](C)CO)C[C@@H](C)[C@@H](CN(C)C(=O)C2CCCCC2)O3)cc1,9.97959,0.08689195628786882,0.08711163656182591,-0.008625495103090752,0.09573713166491667,0.14437140982412447
correct_CP,COc1ccc(-c2cnc3c(c2)C(=O)N([C@H](C)CO)C[C@@H](C)[C@@H](CN(C)C(=O)Cc2cccnc2)O3)cc1,10.0355,-0.05601108733217041,-0.05606977127870635,0.013504069651012356,-0.0695738409297187,0.3729268261978116
correct_CP,COc1ccc(-c2cnc3c(c2)C(=O)N([C@H](C)CO)C[C@H](C)[C@H](CN(C)C(=O)Nc2ccc(F)cc2)O3)cc1,10.1543,0.35161536428102985,0.3672858141771822,-0.007767898158859811,0.375053712336042,0.3704589345184058
correct_CP,COc1ccc(-c2csc(N=C(N)N)n2)cc1,10.0,0.5866014380290904,0.6724686892631973,-0.05822720708295484,0.7306958963461521,0.12010970819715694
correct_CP,COc1ccc(-c2csc(NC(=O)c3nc(-c4ccccc4)oc3C)n2)cc1,10.0,0.557729339070585,0.6295312191561451,0.0589514485747938,0.5705797705813512,0.4034637065320314
correct_CP,COc1ccc(-c2csc3nc(-c4ccc(C)cc4)oc(=O)c23)cc1OC,10.0,0.3079403650930997,0.3182684045127945,0.1160000331896136,0.20226837132318087,0.16042829198230768
correct_CP,COc1ccc(-n2ncc3c(NCC4CCCO4)ncnc32)cc1,10.0,0.5849097410658651,0.6698933754998593,0.33673866324803886,0.3331547122518204,-0.14210635984956094
correct_CP,COc1ccc(/C=C/C(=O)OCC(=O)c2c(N)n(C)c(=O)n(C)c2=O)c(OC)c1,10.0,0.1624439097616266,0.1638958258772426,0.0704879907158517,0.09340783516139091,0.123345026343523
correct_CP,COc1ccc(/C=C2\SC(=S)N(CCCC(=O)Nc3ccc(C(=O)O)c(O)c3)C2=O)cc1OC,20.0,0.09038071791057754,0.09062802804307099,0.05042326792814897,0.04020476011492202,0.23337431911693682
correct_CP,COc1ccc(C#Cc2ccc3c(c2)O[C@@H](CN(C)C(=O)CN2CCOCC2)[C@H](C)CN([C@H](C)CO)S3(=O)=O)cc1,10.1227,0.22334406095215517,0.2271729880506304,-0.03189842257830038,0.2590714106289308,0.13227199344756357
correct_CP,COc1ccc(C#Cc2ccc3c(c2)O[C@H](CN(C)S(=O)(=O)c2ccccc2F)[C@@H](C)CN([C@H](C)CO)S3(=O)=O)cc1,10.0526,-0.3556674508375986,-0.37191711108280123,0.06086552311090612,-0.4327826341937073,-0.005270188869400699
correct_CP,COc1ccc(C#Cc2cnc3c(c2)C(=O)N([C@H](C)CO)C[C@@H](C)[C@@H](CN(C)C(=O)CC2CC2)O3)cc1,10.0928,0.023197092969635246,0.023201255138377865,0.04733915720106096,-0.024137902062683094,0.0903440809026684
correct_CP,COc1ccc(C#Cc2cnc3c(c2)C(=O)N([C@H](C)CO)C[C@H](C)[C@@H](CN(C)C(=O)CC2CC2)O3)cc1,10.0517,-0.1314923322876987,-0.13225813706676304,0.015775036760497935,-0.14803317382726097,0.4076839343850873
correct_CP,COc1ccc(C(=C2C(=O)Nc3ccccc32)c2ccc(OC)cc2)cc1,10.0,0.029058975849481236,0.02906715936238557,0.013783541778438511,0.01528361758394706,-0.026421036539861414
correct_CP,COc1ccc(C(=O)C2CCCN(Cc3cccn3-c3ccc(Cl)cn3)C2)c(OC)c1,10.0,0.21215279856824268,0.2154245329329182,-0.041476346324760216,0.2569008792576784,-0.039414833029770585
correct_CP,COc1ccc(C(=O)Cn2c(Cl)nc3c2c(=O)n(C)c(=O)n3C)cc1,10.0,0.10808788284937661,0.1085117882301847,0.11805827026262358,-0.00954648203243888,-0.05117979700977557
correct_CP,COc1ccc(C(=O)NN=C(C)CC(=O)Nc2cccc(C(F)(F)F)c2)cc1,10.0,0.2815321273784516,0.2893453128100341,-0.0026006422338079576,0.2919459550438421,-0.41245901306869326
correct_CP,COc1ccc(C(=O)Nc2ccc3c(c2)C(=O)N(C)C[C@@H](OC)[C@H](C)CN(C)[C@H](C)CO3)cc1,10.0664,0.18781616684575395,0.19007251809414544,0.02657866413735975,0.16349385395678567,-0.1360191530189316
correct_CP,COc1ccc(C(=O)Nc2ccc3c(c2)C(=O)N(C)[C@H]2CC[C@@H](CC(=O)NCC4CC4)O[C@@H]2CO3)cc1,10.0055,0.14830662429367486,0.14940853058153275,-0.041208212662775405,0.19061674324430816,0.08653480129859265
correct_CP,COc1ccc(C(=O)Nc2ccc3c(c2)OC[C@@H](C)N(C(C)=O)C[C@@H](C)[C@@H](OC)CN(C)C3=O)cc1,10.0852,-0.2623538450038331,-0.2686345716344182,0.0011685820506111833,-0.2698031536850294,0.09801874684036091
correct_CP,COc1ccc(C(=O)Nc2ccc3c(c2)OC[C@@H](C)N(C(C)=O)C[C@H](C)[C@@H](OC)CN(C)C3=O)cc1,10.0281,-0.4437908133775466,-0.47694149222609905,0.08270537830891875,-0.5596468705350178,0.06720404209896197
correct_CP,COc1ccc(C(=O)Nc2ccc3c(c2)OC[C@@H](C)NC[C@@H](C)[C@@H](OC)CN(C)C3=O)cc1,9.95246,0.15010551481231896,0.1512483812266999,0.09625577781532098,0.05499260341137892,-0.027981656291726623
correct_CP,COc1ccc(C(=O)Nc2ccc3c(c2)OC[C@H](C)N(C(C)=O)C[C@@H](C)[C@H](OC)CN(C)C3=O)cc1,10.0878,-0.1590885481673456,-0.16045143781097937,0.05902264852261648,-0.21947408633359586,-0.148713428441612
correct_CP,COc1ccc(C(=O)Nc2ccc3c(c2)OC[C@H](C)NC[C@@H](C)[C@@H](OC)CN(C)C3=O)cc1,9.99286,-0.04830400341361024,-0.04834162496586524,0.042391823146542384,-0.09073344811240763,-0.1134653556055524
correct_CP,COc1ccc(C(=O)ON=C(C)c2cnccn2)cc1,10.0,0.4136039262954694,0.4399511217796688,0.04099529483004265,0.3989558269496261,-0.13231458484023773
correct_CP,COc1ccc(C(=O)c2c[nH]c3ccccc23)cc1,10.0,0.5268404547774481,0.585761590220396,0.05491591939732868,0.5308456708230673,0.30638215557024495
correct_CP,COc1ccc(C2=C(Oc3ccc(F)cc3)c3ccc(OC)cc3S2=O)cc1,10.0,0.12713424823908223,0.12782593049091673,0.09614857624565379,0.03167735424526294,0.08092121870824895
correct_CP,COc1ccc(C2=NN(C(=O)c3cccs3)C(O)(C(F)(F)F)C2)cc1,10.0,0.011384891698332294,0.011385383623715769,0.12289810103673876,-0.11151271741302299,0.16325292188474505
correct_CP,COc1ccc(C2CC(c3c(O)cc(C)oc3=O)=NCCS2)c(OC)c1,10.0,0.7362839326028805,0.9423147076991336,0.3488535673964277,0.5934611403027059,0.04477910541457886
correct_CP,COc1ccc(C2Sc3ccccc3N(CCN(C)C)C(=O)C2OC(C)=O)cc1,10.0,0.30370110878106515,0.3135917477994493,0.29263069202931136,0.02096105577013796,-0.008087397481297054
correct_CP,COc1ccc(C=NNC(=O)c2ccc(O)cc2O)cc1CSc1ccccn1,10.0,0.7336640563557253,0.9366169707387231,0.3336804373721051,0.6029365333666179,0.2994916238818472
correct_CP,COc1ccc(CC(=O)N2N=C(C)CC2(O)C(F)(F)F)cc1OC,10.0,0.0937818988817698,0.09405829757757202,-0.020027253408299743,0.11408555098587175,0.20999598087264426
correct_CP,COc1ccc(CC(=O)NN=C/C=C/c2cccc([N+](=O)[O-])c2)cc1OC,10.0,0.3466456856776754,0.36162626271195986,-0.04477758600681721,0.40640384871877705,0.09066448801569568
correct_CP,COc1ccc(CCNC(=O)c2cc(C(=O)c3cc(C)ccc3O)cn(CCc3ccc(OC)cc3)c2=O)cc1,10.0,0.3685190047978192,0.38670828452931144,0.023983547441814954,0.3627247370874965,-0.030953030947284233
correct_CP,COc1ccc(CN(C)C[C@@H]2OCCCC[C@@H](C)Oc3ccc(NC(=O)NC(C)C)cc3C(=O)N([C@H](C)CO)C[C@@H]2C)cc1,9.9869,0.3283488822234073,0.34097648615933424,0.08321196743841724,0.257764518720917,-0.4508525665771496
correct_CP,COc1ccc(CN(C)C[C@@H]2OCCCC[C@H](C)Oc3ccc(NC(=O)NC(C)C)cc3C(=O)N([C@H](C)CO)C[C@H]2C)cc1,9.98914,0.04696610153517859,0.04700068015009149,-0.014819057574978362,0.06181973772506985,0.13082555206029042
correct_CP,COc1ccc(CN(C)C[C@@H]2OCCCC[C@H](C)Oc3ccc(NS(C)(=O)=O)cc3C(=O)N([C@@H](C)CO)C[C@H]2C)cc1,10.1587,-0.06739119032456109,-0.06749348988977844,0.05956415224265728,-0.1270576421324357,-0.06596754142638422
correct_CP,COc1ccc(CN(C)C[C@@H]2OCc3cnnn3CCCC(=O)N([C@H](C)CO)C[C@H]2C)cc1,10.0132,0.29527534690426377,0.3043357055433687,0.05995943905151091,0.24437626649185779,0.423776205035882
correct_CP,COc1ccc(CN(C)C[C@@H]2Oc3c(NC(=O)c4nc5ccccc5s4)cccc3C(=O)N([C@@H](C)CO)C[C@H]2C)cc1,10.024,0.4011869550737103,0.4250627720165634,0.05165557813146478,0.37340719388509863,-0.04104426325537956
correct_CP,COc1ccc(CN(C)C[C@@H]2Oc3ccc(NC(=O)CCC(F)(F)F)cc3CC(=O)N([C@H](C)CO)C[C@H]2C)cc1,10.2955,0.3142499802989809,0.32525413308118767,-0.01499210146656033,0.340246234547748,0.20347060455809213
correct_CP,COc1ccc(CN(C)C[C@@H]2Oc3ccc(NC(=O)CCN4CCOCC4)cc3C(=O)N([C@H](C)CO)C[C@H]2C)cc1,9.94528,0.2656178976227671,0.2721431349581805,-0.008154457811297337,0.2802975927694778,-0.07908012384973888
correct_CP,COc1ccc(CN(C)C[C@@H]2Oc3ccc(NC(=O)Nc4ccc5c(c4)OCO5)cc3CC(=O)N([C@@H](C)CO)C[C@@H]2C)cc1,9.99165,0.010598782450144877,0.010599179345441311,-0.021506506674105304,0.032105686019546616,0.11813558170029179
correct_CP,COc1ccc(CN(C)C[C@H]2OCCCC[C@@H](C)Oc3ccc(N(C)C)cc3C(=O)N([C@@H](C)CO)C[C@@H]2C)cc1,10.0205,0.3865480744959485,0.407735318842928,0.07882863682823085,0.3289066820146972,0.37613828924699444
correct_CP,COc1ccc(CN(C)C[C@H]2OCCCC[C@@H](C)Oc3ccc(NC(=O)NC(C)C)cc3C(=O)N([C@@H](C)CO)C[C@H]2C)cc1,10.013,0.02493427305407684,0.02493944234441659,0.033773813957227616,-0.008834371612811025,0.2365125406619843
correct_CP,COc1ccc(CN(C)C[C@H]2OCCCC[C@@H](C)Oc3ccc(NS(C)(=O)=O)cc3C(=O)N([C@@H](C)CO)C[C@H]2C)cc1,10.0169,0.20499059771696648,0.20793655090714863,0.09877801759171433,0.1091585333154343,0.001837638391573998
correct_CP,COc1ccc(CN(C)C[C@H]2OCCCC[C@H](C)Oc3ccc(N(C)C)cc3C(=O)N([C@@H](C)CO)C[C@@H]2C)cc1,10.0608,0.2182458739838781,0.22181351031624716,0.01261564812837061,0.20919786218787656,-0.08593249527363628
correct_CP,COc1ccc(CN(C)C[C@H]2OCCCC[C@H](C)Oc3ccc(N(C)C)cc3C(=O)N([C@H](C)CO)C[C@H]2C)cc1,9.90503,-0.24603607062305707,-0.25118906011152436,0.05341192371595746,-0.3046009838274818,-0.15399892975433888
correct_CP,COc1ccc(CN(C)C[C@H]2Oc3ccc(NC(=O)Nc4c(C)noc4C)cc3C(=O)N([C@H](C)CO)C[C@@H]2C)cc1,10.1546,-0.11755048620623335,-0.11809646213756132,0.00286921346149521,-0.12096567559905654,0.23545019864177152
correct_CP,COc1ccc(CN2CCN(c3cccc(C)c3C)CC2)cc1OC,10.0,0.08577140285818315,0.08598266863309709,0.07018291466483467,0.015799753968262414,-0.0007849579269437051
correct_CP,COc1ccc(CN2C[C@@H](O)COC[C@H]3O[C@@H](CC(=O)NCCN4CCCC4)CC[C@@H]32)cc1,10.1432,0.251826735415964,0.25736228177261056,-0.014656691335936953,0.2720189731085475,0.1217606971803008
correct_CP,COc1ccc(CN2C[C@H](C)[C@@H](OC)CN(C)C(=O)c3ccc(NC(=O)c4nc5ccccc5s4)cc3OC[C@H]2C)cc1,9.90805,0.3483192963504579,0.36352970325301914,-0.045490266742203606,0.4090199699952227,0.30686893930331927
correct_CP,COc1ccc(CNC(=O)C[C@@H]2C=C[C@@H](NC(=O)c3ccc4c(c3)OCO4)[C@H](CO)O2)cc1,9.96174,0.28474964810111764,0.2928432640217003,-0.09976985581560835,0.3926131198373086,-0.004820676362460766
correct_CP,COc1ccc(CNC(=O)C[C@@H]2CC[C@@H](NC(=O)CN(C)C)[C@@H](CO)O2)cc1,10.1579,-0.08752005410296057,-0.0877445476156245,-0.030295310679166014,-0.05744923693645849,0.0010842334640240418
correct_CP,COc1ccc(CNC(=O)C[C@@H]2CC[C@@H](NC(=O)CN(C)C)[C@H](CO)O2)cc1,10.1382,0.010761641129904237,0.010762056604468743,-0.03167355643737213,0.042435613041840875,-0.2394799976961427
correct_CP,COc1ccc(CNC(=O)C[C@@H]2CC[C@@H](NC(=O)c3cccc(F)c3)[C@@H](CO)O2)cc1,10.02,0.30830239796308234,0.31866841378342353,-0.026113569312497305,0.34478198309592084,0.4203976087691081
correct_CP,COc1ccc(CNC(=O)C[C@@H]2CC[C@H](NC(=O)Nc3ccc4c(c3)OCO4)[C@@H](CO)O2)cc1,10.0739,0.12226354392529747,0.12287828074096754,-0.0669661201635298,0.18984440090449733,-0.0685731753165983
correct_CP,COc1ccc(CNC(=O)C[C@@H]2CC[C@H](NC(=O)c3cccc(F)c3)[C@@H](CO)O2)cc1,9.91708,0.36396624894750607,0.38145023214960005,0.02411800578737592,0.3573322263622241,0.19964164846451313
correct_CP,COc1ccc(CNC(=O)C[C@@H]2CC[C@H]3[C@H](COc4ccc(NC(=O)C(C)C)cc4C(=O)N3C)O2)cc1,9.85099,-0.30710335411102757,-0.3173439699614353,0.03386094818368027,-0.35120491814511556,0.3670512361265136
correct_CP,COc1ccc(CNC(=O)C[C@H]2CC[C@@H](NC(=O)Nc3ccc4c(c3)OCO4)[C@@H](CO)O2)cc1,9.92659,-0.21328625010531066,-0.21661170361496482,-0.07139068639647725,-0.14522101721848757,0.113779618189954
correct_CP,COc1ccc(CNC(=O)C[C@H]2CC[C@@H](NC(=O)Nc3ccc4c(c3)OCO4)[C@H](CO)O2)cc1,10.0182,-0.026048206913235835,-0.026054100627784196,-0.070796990357661,0.044742889729876806,-0.01996102160173331
correct_CP,COc1ccc(CNC(=O)C[C@H]2CC[C@@H](NC(=O)c3cccc(F)c3)[C@@H](CO)O2)cc1,9.91934,-0.005891788849022517,-0.005891857024676591,0.045980630233320864,-0.05187248725799745,0.11126181927417472
correct_CP,COc1ccc(CNC(=O)C[C@H]2CC[C@H](NC(=O)CN(C)C)[C@@H](CO)O2)cc1,10.0269,-0.24050525251853705,-0.2453103155320649,0.022811985051889555,-0.2681223005839545,0.004774092644270235
correct_CP,COc1ccc(CNC(=O)C[C@H]2CC[C@H]3[C@H](COc4ccc(NC(=O)C(C)C)cc4C(=O)N3C)O2)cc1,10.3362,0.006643507250869716,0.006643604993154426,-0.0981837801908807,0.10482738518403513,-0.01278472910768097
correct_CP,COc1ccc(CNC(=O)C[C@H]2C[C@H]3c4cc(NC(=O)C5CCC5)ccc4O[C@H]3[C@@H](CO)O2)cc1,9.89834,0.35202348134312395,0.36775158262717084,-0.0573861411559828,0.4251377237831536,-0.2132932169943666
correct_CP,COc1ccc(CNC(=O)C[C@H]2C[C@H]3c4cc(NC(=O)CN(C)C)ccc4O[C@H]3[C@H](CO)O2)cc1,10.0036,-0.019522308790714583,-0.019524789475629453,-0.0026891565164661683,-0.016835632959163287,0.13836138302331583
correct_CP,COc1ccc(CNC(=O)N(C)C[C@@H]2OCc3ccccc3-c3c(n(C)c4ccccc34)C(=O)N([C@H](C)CO)C[C@H]2C)cc1,9.93869,0.11083702674356193,0.11129427378446696,0.02583192175812802,0.08546235202633895,-0.06807977662310746
correct_CP,COc1ccc(CNC(=O)N(C)C[C@@H]2OCc3ccccc3-c3ccccc3C(=O)N([C@H](C)CO)C[C@H]2C)cc1,10.4034,0.4680687071232054,0.5075943395116337,0.17774456649625725,0.32984977301537644,-0.2105733280286589
correct_CP,COc1ccc(CNC(=O)N(C)C[C@H]2OCc3ccccc3-c3c(n(C)c4ccccc34)C(=O)N([C@@H](C)CO)C[C@H]2C)cc1,9.849794,0.007976663273962166,0.007976832457889814,-0.060324882678792796,0.06830171513668261,-0.262577222504903
correct_CP,COc1ccc(CNC(=O)c2cc3c(c(-c4cccc(-c5ccc(C#N)cc5)c4)n2)[C@@H](CCO)N([S@](=O)C(C)(C)C)C3)cc1,10.1091,0.5611936186309197,0.6345738383760638,-0.0303939952638677,0.6649678336399315,0.06942565786959279
correct_CP,COc1ccc(CNC(=O)c2cc3c(c(-c4cccc(-c5cccc(C#N)c5)c4)n2)[C@@H](CCO)N([S@](=O)C(C)(C)C)C3)cc1,9.62243,-0.035752831250611815,-0.035768076808631984,-0.21586363390955227,0.1800955571009203,0.17068551182313474
correct_CP,COc1ccc(CNC(=O)c2csc(Cc3ccccc3)n2)cc1,10.0,-0.12512518219910002,-0.12578438538080533,-0.04386588565789621,-0.08191849972290913,0.12338022704746657
correct_CP,COc1ccc(Cc2nccc3cc(OC)c(OC)cc23)cc1OC,10.0,0.007394770974813478,0.007394905767763542,-0.01395322074170624,0.02134812650946978,0.30262148084323176
correct_CP,COc1ccc(Cn2nnnc2CN2CCC(O)(c3ccccc3F)CC2)cc1,10.0,0.41346347381934395,0.4397816957345435,0.09507708821368949,0.344704607520854,-0.22182148178625902
correct_CP,COc1ccc(N2C(=O)C(Cl)=C(N3CCCC(C)C3)C2=O)cc1,10.0,0.05501075589843951,0.05506634774836818,0.011454098302543137,0.04361224944582504,-0.2641884255277916
correct_CP,COc1ccc(N2CCN(C(=O)Cn3nnc(-c4ccccc4N)n3)CC2)cc1,10.0,0.12193064114051408,0.12254034003419823,0.0339246569788969,0.08861568305530132,0.13653339192650266
correct_CP,COc1ccc(N=Cc2cc3c(cc2O)OC(N)=C(C#N)C3c2ccccc2)cc1,10.0,0.11434794605526652,0.11485027662636335,0.10110620075346265,0.013744075872900705,-0.0186465799357647
correct_CP,COc1ccc(NC(=O)C2CCN(C(=O)c3cccs3)CC2)cc1,10.0,0.23345179363539617,0.2378371331860719,0.03242567629021193,0.20541145689585996,0.19459025450032294
correct_CP,COc1ccc(NC(=O)CSc2ncccc2C(=O)OC(C)C)cc1OC,10.0,-0.04153479461270325,-0.04155870379920295,0.08012815796370103,-0.12168686176290397,-0.14377646101119884
correct_CP,COc1ccc(NC(=O)N(C)C[C@@H]2OCCCC[C@H](C)Oc3ccc(N(C)C)cc3C(=O)N([C@H](C)CO)C[C@@H]2C)cc1,10.0196,0.19889703420793337,0.20158389479284966,-0.013884849594256909,0.21546874438710656,0.10751931098085193
correct_CP,COc1ccc(NC(=O)N(C)C[C@@H]2OCc3ccccc3-c3c(n(C)c4ccccc34)C(=O)N([C@@H](C)CO)C[C@@H]2C)cc1,9.93272,0.41464732343284383,0.44121050305668214,0.06420467106925519,0.37700583198742693,0.0014082360031924118
correct_CP,COc1ccc(NC(=O)N(C)C[C@@H]2OCc3ccccc3-c3c(n(C)c4ccccc34)C(=O)N([C@H](C)CO)C[C@@H]2C)c(OC)c1,10.0489,0.11445966206151223,0.11496347418850514,-0.0302341009019789,0.14519757509048403,-0.292178538014516
correct_CP,COc1ccc(NC(=O)N(C)C[C@@H]2OCc3ccccc3-c3ccccc3C(=O)N([C@@H](C)CO)C[C@@H]2C)cc1,10.1292,-0.0036812884079592493,-0.003681305037559379,0.02902424840922465,-0.03270555344678403,0.47108795410853305
correct_CP,COc1ccc(NC(=O)N(C)C[C@@H]2OCc3cn(nn3)CCCC(=O)N([C@H](C)CO)C[C@@H]2C)c(OC)c1,10.0017,0.05778082960467364,0.057845261549119446,0.06801328413686854,-0.010168022587749091,-0.1904722935090008
correct_CP,COc1ccc(NC(=O)N(C)C[C@@H]2Oc3c(NC(=O)c4ccncc4)cccc3C(=O)N([C@@H](C)CO)C[C@@H]2C)cc1,9.94418,0.0861331337962007,0.08634709185835171,-0.016456526733858973,0.10280361859221068,0.056650611914286976
correct_CP,COc1ccc(NC(=O)N(C)C[C@@H]2Oc3cc(-c4cccc(C(=O)N(C)C)c4)ccc3S(=O)(=O)N([C@@H](C)CO)C[C@H]2C)cc1,10.0208,-0.01175890664973321,-0.011759448670099967,-0.053066958858059274,0.041307510187959307,0.015250448472068003
correct_CP,COc1ccc(NC(=O)N(C)C[C@@H]2Oc3ccc(NC(=O)Cc4ccccc4)cc3CC(=O)N([C@@H](C)CO)C[C@H]2C)cc1,10.1921,0.22873432217649942,0.2328535046961695,0.058644362020519425,0.17420914267565007,0.21877021679815412
correct_CP,COc1ccc(NC(=O)N(C)C[C@@H]2Oc3ncc(C#CCN(C)C)cc3C(=O)N([C@@H](C)CO)C[C@@H]2C)cc1,10.0668,-0.05630512849380988,-0.05636474270363974,0.056832487847918244,-0.11319723055155798,-0.13637954692444157
correct_CP,COc1ccc(NC(=O)N(C)C[C@H]2OCCCC[C@@H](C)Oc3ccc(N(C)C)cc3C(=O)N([C@@H](C)CO)C[C@@H]2C)cc1,10.045,-0.16811444996421304,-0.1697256376324533,-0.04979908554189143,-0.11992655209056187,0.33364253634739127
correct_CP,COc1ccc(NC(=O)N(C)C[C@H]2OCc3ccccc3-c3c(n(C)c4ccccc34)C(=O)N([C@@H](C)CO)C[C@H]2C)c(OC)c1,10.3507,0.2566415533655996,0.2625098237948691,0.11663049717013142,0.14587932662473768,0.007905467450456186
correct_CP,COc1ccc(NC(=O)N(C)C[C@H]2OCc3ccccc3-c3c(n(C)c4ccccc34)C(=O)N([C@H](C)CO)C[C@@H]2C)c(OC)c1,10.2096,0.26684419418489125,0.2734629810687931,-0.016002595249566154,0.28946557631835923,0.12411288003502773
correct_CP,COc1ccc(NC(=O)N(C)C[C@H]2Oc3c(NC(=O)C4CCCCC4)cccc3C(=O)N([C@H](C)CO)C[C@@H]2C)cc1,9.98552,-0.08152221818680915,-0.08170353716211258,0.057078593231406016,-0.1387821303935186,-0.049915335727383346
correct_CP,COc1ccc(NC(=O)N(C)C[C@H]2Oc3ccc(NC(=O)Cc4ccccc4)cc3CC(=O)N([C@H](C)CO)C[C@@H]2C)cc1,9.98704,-0.2796833603464486,-0.2873385294745717,0.028755729178617677,-0.3160942586531894,0.02971293940884502
correct_CP,COc1ccc(NC(=O)N(C)C[C@H]2Oc3ccc(NC(=O)NC4CCCCC4)cc3CC(=O)N([C@H](C)CO)C[C@@H]2C)cc1,10.04,0.277097367075235,0.2845352788434947,0.005294155352225543,0.27924112349126917,-0.2086760497542279
correct_CP,COc1ccc(NC(=O)N[C@@H]2CC[C@H](CCNC(=O)CCN3CCCCC3)O[C@@H]2CO)cc1,10.1014,0.40401210054359277,0.4284344196178288,-0.11523281462532259,0.5436672342431514,0.2642307531924241
correct_CP,COc1ccc(NC(=O)N[C@@H]2CC[C@H](CCNC(=O)Nc3cc(F)ccc3F)O[C@@H]2CO)cc1,10.0484,-0.04853894146772792,-0.048577115160569326,-0.08535914972319514,0.03678203456262581,0.08474531644214295
correct_CP,COc1ccc(NC(=O)N[C@H]2C=C[C@@H](CC(=O)NC3CCCCC3)O[C@H]2CO)cc1,9.95309,-0.014965253600382655,-0.014966370950686555,0.02512196762434796,-0.040088338575034514,0.057078616160465154
correct_CP,COc1ccc(NC(=O)N[C@H]2CC[C@@H](CCNS(=O)(=O)c3ccccc3F)O[C@H]2CO)cc1,10.0459,-0.10308596590703813,-0.10345346707380736,-0.04767038147739736,-0.055783085596409994,0.08160461084536501
correct_CP,COc1ccc(NC(=O)N[C@H]2CC[C@@H](CCn3cc(-c4ccccn4)nn3)O[C@@H]2CO)cc1,9.96973,0.10714427498533356,0.10755712411643706,0.1310833218435683,-0.023526197727131243,-0.3170205910619539
correct_CP,COc1ccc(NC(=O)N[C@H]2CC[C@H](CCNC(=O)CCN3CCCCC3)O[C@@H]2CO)cc1,10.053,0.3637044709967976,0.3811485138885521,0.057433884744222674,0.3237146291443294,0.07867679029752789
correct_CP,COc1ccc(NC(=O)N[C@H]2CC[C@H](CCNC(=O)CCN3CCCCC3)O[C@H]2CO)cc1,9.8569,0.29437820118752867,0.30335315353795134,0.2659880785603598,0.03736507497759156,-0.3034051953182213
correct_CP,COc1ccc(NC(=O)Nc2ccc3c(c2)C(=O)N(C)C[C@@H](OC)[C@@H](C)CN[C@H](C)CO3)cc1,10.0203,-0.22172047277928703,-0.22546480937465097,-0.011566699219761726,-0.21389811015488924,-0.11126213151597678
correct_CP,COc1ccc(NC(=O)Nc2ccc3c(c2)C(=O)N(C)C[C@@H](OC)[C@H](C)CN[C@@H](C)CO3)cc1,9.98787,0.1957545518806051,0.1983140914745783,0.014321387415266775,0.1839927040593115,0.14172746938848124
correct_CP,COc1ccc(NC(=O)Nc2ccc3c(c2)C(=O)N(C)C[C@H](OC)[C@@H](C)CN[C@@H](C)CO3)cc1,9.99937,0.25920436842229805,0.265255280222691,0.005565527790104285,0.25968975243258674,0.1779068060332126
correct_CP,COc1ccc(NC(=O)Nc2ccc3c(c2)C(=O)N(C)C[C@H](OC)[C@H](C)CN[C@@H](C)CO3)cc1,10.0554,0.272611762565073,0.2796831059853232,-0.013137577122649902,0.2928206831079731,0.20562664869518085
correct_CP,COc1ccc(NC(=O)Nc2ccc3c(c2)C(=O)N([C@@H](C)CO)C[C@H](C)[C@@H](CN(C)Cc2ccc4c(c2)OCO4)O3)cc1,10.2431,0.3394609176251386,0.35348310930791876,-0.020368218952764847,0.3738513282606836,-0.034423286579278255
correct_CP,COc1ccc(NC(=O)Nc2ccc3c(c2)C(=O)N([C@H](C)CO)C[C@@H](C)[C@@H](CN(C)Cc2ccc4c(c2)OCO4)O3)cc1,9.9348,0.049019322027857186,0.04905864147553954,0.04296468357296202,0.006093957902577517,0.0711683306769007
correct_CP,COc1ccc(NC(=O)Nc2ccc3c(c2)CC(=O)N([C@H](C)CO)C[C@H](C)[C@@H](CN(C)CC2CCCCC2)O3)cc1,10.0549,0.290513400874523,0.29912689735267983,-0.020622604949654864,0.3197495023023347,-0.1007799618039226
correct_CP,COc1ccc(NC(=O)Nc2ccc3c(c2)[C@@H]2C[C@@H](CC(=O)NCc4ccccn4)O[C@@H](CO)[C@@H]2O3)cc1,9.81468,0.026898434683768173,0.026904924738488503,0.215154201115914,-0.1882492763774255,-0.18921772228489564
correct_CP,COc1ccc(NC(=O)Nc2ccc3c(c2)[C@@H]2C[C@H](CC(=O)N4CCN(C)CC4)O[C@H](CO)[C@@H]2O3)cc1,9.94172,0.3119401961686546,0.3226933139737428,0.09416665718525302,0.22852665678848977,0.10758844052133143
correct_CP,COc1ccc(NC(=O)Nc2ccc3c(c2)[C@@H]2C[C@H](CC(=O)N4CCc5ccccc5C4)O[C@H](CO)[C@@H]2O3)cc1,10.0552,0.009842552779745798,0.00984287063342797,0.03629421316210288,-0.02645134252867491,0.09152623196910722
correct_CP,COc1ccc(NC(=O)Nc2ccc3c(c2)[C@@H]2C[C@H](CC(=O)NCCc4ccccc4)O[C@H](CO)[C@@H]2O3)cc1,9.98689,0.13128932999046042,0.13205156866472367,-0.11604601329871722,0.2480975819634409,-0.09854636308419892
correct_CP,COc1ccc(NC(=O)Nc2ccc3c(c2)[C@@H]2C[C@H](CC(=O)O)O[C@@H](CO)[C@@H]2O3)cc1,9.99227,0.2402329096585027,0.2450212725480068,0.011773208100525505,0.23324806444748128,0.20734084613109985
correct_CP,COc1ccc(NC(=O)Nc2ccc3c(c2)[C@H]2C[C@@H](CC(=O)N4CCN(C)CC4)O[C@@H](CO)[C@H]2O3)cc1,9.88105,-0.3625210419955444,-0.3797853503242997,0.05878417351343697,-0.4385695238377367,-0.17213771336562245
correct_CP,COc1ccc(NC(=O)Nc2ccc3c(c2)[C@H]2C[C@@H](CC(=O)N[C@@H](C)c4ccccc4)O[C@@H](CO)[C@H]2O3)cc1,10.0469,0.2185099230210627,0.22209078214573194,0.05139451804357801,0.17069626410215394,0.034682162055136904
correct_CP,COc1ccc(NC(=O)Nc2ccc3c(c2)[C@H]2C[C@@H](CC(=O)O)O[C@@H](CO)[C@H]2O3)cc1,9.95209,-0.01259415021546506,-0.012594816142560188,0.02829733696577045,-0.04089215310833064,-0.0574085791785872
correct_CP,COc1ccc(NC(=O)Nc2ccc3c(c2)[C@H]2C[C@H](CC(=O)N4CCc5ccccc5C4)O[C@H](CO)[C@H]2O3)cc1,10.1078,0.4078094827922578,0.4329809071634879,-0.008633520389522698,0.4416144275530106,0.2673229524147114
correct_CP,COc1ccc(NC(=O)Nc2ccc3c(c2)[C@H]2C[C@H](CC(=O)NC4CCCCC4)O[C@@H](CO)[C@H]2O3)cc1,10.0251,0.19011999723170672,0.19246166353506722,0.05464840033215948,0.13781326320290774,-0.16023009541978206
correct_CP,COc1ccc(NC(=O)Nc2ccc3c(c2)[C@H]2C[C@H](CC(=O)NCC4CC4)O[C@@H](CO)[C@H]2O3)cc1,10.1505,0.40430195150549647,0.4287808589976022,0.020966632760607118,0.4078142262369951,-0.1871994997701168
correct_CP,COc1ccc(NC(=O)Nc2ccc3c(c2)[C@H]2C[C@H](CC(=O)NCc4ccccn4)O[C@@H](CO)[C@H]2O3)cc1,10.0498,0.24338864254551298,0.2483729921704092,0.07608562556504554,0.17228736660536365,0.060390556875787996
correct_CP,COc1ccc(NC(=O)Nc2ccc3c(c2)[C@H]2C[C@H](CC(=O)O)O[C@@H](CO)[C@H]2O3)cc1,9.95489,0.15758729934623206,0.15891158313114756,-0.10031006125087513,0.25922164438202266,0.09192875780065177
correct_CP,COc1ccc(NC(=O)Nc2ccc3oc(C)nc3c2)cc1,10.0,0.2552146706019115,0.26098293040633885,0.10046090323622736,0.1605220271701115,0.07697249517823218
correct_CP,COc1ccc(NC(=O)Nc2cccc3c2O[C@@H](CN(C)C(=O)NC(C)C)[C@@H](C)CN([C@H](C)CO)C3=O)cc1,10.0873,-0.4768957787616761,-0.5189584986254858,-0.03630613280189956,-0.4826523658235863,-0.3737123632375846
correct_CP,COc1ccc(NC(=O)Nc2cccc3c2O[C@@H](CN(C)C(=O)NC(C)C)[C@H](C)CN([C@H](C)CO)C3=O)cc1,10.0409,-0.22171937213246534,-0.2254636518229049,-0.033420178934075985,-0.19204347288882892,-0.02193245953917944
correct_CP,COc1ccc(NC(=O)c2cccc(NC(=O)C(C)C)c2)c([N+](=O)[O-])c1,10.0,0.7249240614017642,0.9179455531082985,0.037013238472322206,0.8809323146359763,0.2912661935646098
correct_CP,COc1ccc(NC2=NC(N)=NC3(CCCCC3)N2)cc1,10.0,0.07830872137589812,0.07846938262576773,0.05479018174495919,0.02367920088080854,0.07972798927288782
correct_CP,COc1ccc(NCC(=O)Nc2ccc(Br)cc2F)c(OC)c1,10.0,0.4723833431569685,0.5131338487057391,-0.052538934906312784,0.5656727836120519,-0.18527483403580258
correct_CP,COc1ccc(OC(=O)N(C)C[C@@H]2OCc3ccccc3-c3ccccc3C(=O)N([C@@H](C)CO)C[C@H]2C)cc1,9.82979,0.18647333512471445,0.1886809489892628,0.07951070340074012,0.10917024558852267,-0.17706955325182963
correct_CP,COc1ccc(OC(=O)N(C)C[C@@H]2OCc3ccccc3-c3ccccc3C(=O)N([C@H](C)CO)C[C@@H]2C)cc1,10.0408,0.3663710306181103,0.38422503011552117,0.026052014356011684,0.3581730157595095,0.08194964515689795
correct_CP,COc1ccc(OC(=O)N(C)C[C@@H]2OCc3ccccc3-c3ccccc3C(=O)N([C@H](C)CO)C[C@H]2C)cc1,9.89865,0.40905871305487507,0.4344802569238249,0.03182706571138631,0.4026531912124386,0.3217290334574079
correct_CP,COc1ccc(OC(=O)N(C)C[C@@H]2OCc3cn(nn3)CCCC(=O)N([C@@H](C)CO)C[C@@H]2C)cc1,10.0155,-0.0802723007424447,-0.08044538574553743,-0.03883273294837798,-0.04161265279715945,0.05106814141223302
correct_CP,COc1ccc(OC(=O)N(C)C[C@@H]2OCc3cn(nn3)CCCC(=O)N([C@@H](C)CO)C[C@H]2C)cc1,10.0354,0.4457300265065428,0.47935889840221696,0.04326966889171441,0.43608922951050255,0.47255157464574477
correct_CP,COc1ccc(OC)c(C(C(=O)NCc2ccco2)N(C(=O)Cn2nnc3ccccc32)C(C)C)c1,10.0,-0.08899428488386814,-0.08923035209244566,0.05542132640029218,-0.14465167849273786,-0.10640050576619475
correct_CP,COc1ccc(S(=O)(=O)N(C)C[C@@H]2OCCCC[C@H](C)Oc3ccc(N(C)C)cc3C(=O)N([C@@H](C)CO)C[C@@H]2C)cc1,10.0966,0.3657474998670614,0.3835050181680729,0.05290771432501276,0.3305973038430602,-0.23920561867912546
correct_CP,COc1ccc(S(=O)(=O)N(C)C[C@@H]2OCc3ccccc3-c3ccccc3C(=O)N([C@H](C)CO)C[C@@H]2C)cc1,10.008,-0.10467476907840215,-0.10505960261642089,-0.023868578580376158,-0.08119102403604472,0.25140386166844647
correct_CP,COc1ccc(S(=O)(=O)N(C)C[C@@H]2OCc3cn(nn3)CCCC(=O)N([C@@H](C)CO)C[C@H]2C)cc1,10.0231,0.020750915757061394,0.02075389497841153,0.0642081923358315,-0.04345429735741997,0.161704024619014
correct_CP,COc1ccc(S(=O)(=O)N(C)C[C@@H]2OCc3cnnn3CCCC(=O)N([C@@H](C)CO)C[C@@H]2C)cc1,10.0216,0.13998518465737428,0.14091046457387682,0.08372862044543573,0.05718184412844109,-0.09111348364139253
correct_CP,COc1ccc(S(=O)(=O)N(C)C[C@@H]2OCc3cnnn3CCCC(=O)N([C@H](C)CO)C[C@H]2C)cc1,10.0155,0.3747515732327995,0.3939396330880483,-0.05333880701830735,0.44727844010635565,0.4237172730152369
correct_CP,COc1ccc(S(=O)(=O)N(C)C[C@@H]2Oc3ccc(N(C)C)cc3CC(=O)N([C@@H](C)CO)C[C@H]2C)cc1,9.91227,0.015589902540843581,0.015591165741330036,-0.03562749904549782,0.05121866478682786,-0.09879025912646443
correct_CP,COc1ccc(S(=O)(=O)N(C)C[C@@H]2Oc3ncc(/C=C/c4ccccc4)cc3C(=O)N([C@H](C)CO)C[C@@H]2C)cc1,10.0094,0.05552413015728442,0.055581294919780255,0.022758818227822577,0.032822476691957675,0.16064621100820184
correct_CP,COc1ccc(S(=O)(=O)N(C)C[C@@H]2Oc3ncc(C#CC4(O)CCCC4)cc3C(=O)N([C@@H](C)CO)C[C@H]2C)cc1,10.0455,-0.32196863475508264,-0.33384187311766256,0.0008326174866296228,-0.33467449060429216,-0.08733505793481686
correct_CP,COc1ccc(S(=O)(=O)N(C)C[C@H]2OCc3ccccc3-c3c(n(C)c4ccccc34)C(=O)N([C@H](C)CO)C[C@@H]2C)cc1,9.9424,-0.16170877499565106,-0.1631408590456165,-0.03415095136852152,-0.128989907677095,0.31866463915299803
correct_CP,COc1ccc(S(=O)(=O)N(C)C[C@H]2Oc3ncc(C#CC4(O)CCCC4)cc3C(=O)N([C@@H](C)CO)C[C@@H]2C)cc1,10.0359,0.2102963865804816,0.21348142700188633,-0.15617684329720768,0.36965827029909404,0.21507375171424967
correct_CP,COc1ccc(S(=O)(=O)N(C)C[C@H]2Oc3ncc(C#CC4(O)CCCC4)cc3C(=O)N([C@H](C)CO)C[C@H]2C)cc1,10.078,0.025086813771924184,0.025092078540665592,-0.05439850373209938,0.07949058227276498,0.042562550896602346
correct_CP,COc1ccc(S(=O)(=O)N2CCOCC2)cc1NC(=O)c1ccc(-n2nc(C)cc2C)cc1,20.0,0.5111170447364954,0.5642406577543029,0.06329796485246934,0.5009426929018336,0.3273698096393761
correct_CP,COc1ccc(S(=O)(=O)N2C[C@@H](O)COC[C@@H]3O[C@H](CC(=O)N[C@@H]4CCN(Cc5ccccc5)C4)CC[C@H]32)cc1,10.0475,0.09419054700868501,0.09447058763761117,0.009416616785816456,0.08505397085179471,0.10654774442500656
correct_CP,COc1ccc(S(=O)(=O)N2C[C@@H](O)COC[C@H]3O[C@@H](CC(=O)N[C@H]4CCN(Cc5ccccc5)C4)CC[C@@H]32)cc1,9.95434,-0.1067715609804374,-0.10718009691724092,0.05198134081982507,-0.15916143773706598,0.04664325341303578
correct_CP,COc1ccc(S(=O)(=O)N2C[C@H](O)COC[C@@H]3O[C@@H](CC(=O)N[C@@H]4CCN(Cc5ccccc5)C4)CC[C@H]32)cc1,10.1201,0.33116733456424535,0.34413881449513456,0.06551589712650699,0.27862291736862754,0.7152709159736821
correct_CP,COc1ccc(S(=O)(=O)N2C[C@H](O)COC[C@@H]3O[C@H](CC(=O)N[C@@H]4CCN(Cc5ccccc5)C4)CC[C@H]32)cc1,10.1162,0.6921791831634974,0.8521272923041501,0.25716480925261376,0.5949624830515363,0.3292070310315701
correct_CP,COc1ccc(S(=O)(=O)N[C@@H]2C=C[C@@H](CC(=O)NCCc3ccncc3)O[C@H]2CO)cc1,10.1019,0.21562580706448103,0.21906404866144222,0.04376919014802682,0.1752948585134154,-0.10115810311609025
correct_CP,COc1ccc(S(=O)(=O)N[C@@H]2CC[C@@H](CC(=O)NCc3ccccc3F)O[C@@H]2CO)cc1,10.0735,0.2087946959556477,0.21191076950316812,0.009800828400023715,0.2021099411031444,-0.09253515888829704
correct_CP,COc1ccc(S(=O)(=O)N[C@@H]2CC[C@H](CC(=O)NCc3ccccc3F)O[C@H]2CO)cc1,10.0025,-0.21031190192671848,-0.21349766031226552,0.009226765527498505,-0.22272442583976404,-0.19641929723347676
correct_CP,COc1ccc(S(=O)(=O)N[C@@H]2CC[C@H](CCNC(=O)Cc3ccccn3)O[C@H]2CO)cc1,10.0236,0.2068896062472204,0.20991966670892864,-0.03878025879188449,0.24869992550081313,0.2071848304065117
correct_CP,COc1ccc(S(=O)(=O)N[C@H]2C=C[C@H](CC(=O)N3CCc4ccccc4C3)O[C@H]2CO)cc1,9.92394,0.15742595778761057,0.15874613713185237,-0.22211888637535063,0.38086502350720297,0.00014391029121110788
correct_CP,COc1ccc(S(=O)(=O)N[C@H]2C=C[C@H](CC(=O)NCCc3ccncc3)O[C@@H]2CO)cc1,10.1227,0.3473718245106385,0.3624518099324506,0.07131370753289865,0.29113810239955196,-0.06863979034736287
correct_CP,COc1ccc(S(=O)(=O)N[C@H]2CC[C@@H](CC(=O)N3CCC(Cc4ccccc4)CC3)O[C@H]2CO)cc1,10.0153,0.3101238299692695,0.32068241032987227,-0.059836105598909006,0.3805185159287813,-0.13817785331901897
correct_CP,COc1ccc(S(=O)(=O)N[C@H]2CC[C@@H](CCNC(=O)Cc3ccccn3)O[C@H]2CO)cc1,9.99776,0.01951361809606117,0.019516095468986354,-0.09847533563613617,0.11799143110512253,-0.2737620110997748
correct_CP,COc1ccc(S(=O)(=O)N[C@H]2CC[C@H](CC(=O)NCc3ccccc3F)O[C@@H]2CO)cc1,10.0635,0.4270190146399589,0.45624520524611567,0.08734764243457102,0.3688975628115446,0.21239942370997536
correct_CP,COc1ccc(S(=O)(=O)N[C@H]2CC[C@H](CCNC(=O)Cc3ccccn3)O[C@@H]2CO)cc1,10.0563,-0.17638880773991414,-0.1782530640723232,-0.057951611501421835,-0.12030145257090136,0.07083627292794364
correct_CP,COc1ccc(S(=O)(=O)N[C@H]2CC[C@H](CCn3cc(C(C)C)nn3)O[C@H]2CO)cc1,10.1129,-0.483814950675254,-0.5279531978637192,0.01778032129157593,-0.5457335191552951,-0.1399788220277167
correct_CP,COc1ccc(S(=O)(=O)Nc2ccc3c(c2)C(=O)N(C)C[C@@H](OC)[C@@H](C)CN[C@@H](C)CO3)cc1,10.0733,0.2604755247676269,0.2666184753763564,0.0007399626512861988,0.26587851272507024,-0.0975070146348647
correct_CP,COc1ccc(S(=O)(=O)Nc2ccc3c(c2)[C@@H]2C[C@H](CC(=O)NCC4CC4)O[C@@H](CO)[C@@H]2O3)cc1,10.0042,0.08749398854639473,0.08771828092241121,-0.022796629323949998,0.1105149102463612,0.13396733594026872
correct_CP,COc1ccc(S(=O)(=O)Nc2cccc3c2O[C@@H](CN(C)CC2CCCCC2)[C@H](C)CN([C@@H](C)CO)C3=O)cc1,10.065,0.11065319828784566,0.11110816277343806,-0.05005845171130857,0.16116661448474662,0.1686889220828544
correct_CP,COc1ccc(S(=O)(=O)Nc2cccc3c2O[C@H](CN(C)CC2CCCCC2)[C@@H](C)CN([C@@H](C)CO)C3=O)cc1,10.0184,0.14972139906018278,0.15085543436398136,0.04042572916907256,0.1104297051949088,-0.0011549696280104063
correct_CP,COc1ccc(S(=O)(=O)Nc2cccc3c2O[C@H](CN(C)Cc2ccc4c(c2)OCO4)[C@H](C)CN([C@H](C)CO)C3=O)cc1,10.0086,0.18680266490103636,0.18902216458551807,0.10016874894437419,0.08885341564114388,-0.09558530613129922
correct_CP,COc1ccc(S(=O)(=O)Nc2ccccc2-c2nnn(CC(=O)Nc3ccccc3OC)n2)cc1,10.0,0.09912255602652253,0.09944911900219987,0.010345612279224,0.08910350672297587,0.22490652573641592
correct_CP,COc1ccc(S(=O)(=O)n2c(N)nc3ccccc32)cc1,20.0,0.28714947198503804,0.295456790195731,0.14491866824017618,0.15053812195555483,-0.056770652068159
correct_CP,COc1ccc([C@@H]2CNC(=O)C2)cc1OC1CCCC1,10.0,0.3791251065821505,0.3990374972999186,0.02261788644349661,0.376419610856422,-0.2696543151023107
correct_CP,COc1ccc([C@@H]2[C@@H]3C(=O)N(C(C)(C)C)C(=O)[C@@H]3[C@]3(C)C(=O)N(c4cccc(C)c4)C(=O)N23)cc1,10.0,0.4074739018747536,0.4325784490745209,0.03867983815956666,0.39389861091495426,0.08947047066105271
correct_CP,COc1ccc2[nH]c(C(=O)c3ccccc3)cc2c1,10.0,0.4466789430500339,0.4805437090841306,0.03044777240929518,0.4500959366748354,0.08580693842279666
correct_CP,COc1ccc2c(c1)[C@@]1(C)CCC(=O)C[C@@H]1CC2,10.0,0.24439149380689398,0.2494392681618533,0.034707129383081944,0.21473213877877134,-0.2064282813863691
correct_CP,COc1ccc2c(c1)[nH]c1c(C)nccc12,10.0,0.3418373065083131,0.3561714613813925,-0.04587433633607099,0.4020457977174635,0.09162694058442167
correct_CP,COc1ccc2c(c1)c(=O)oc1cc(OCC(=O)NC3CCCCC3)ccc12,10.0,0.423880903686631,0.45241352483339387,0.3390721858424902,0.11334133899090365,-0.4512671744740594
correct_CP,COc1ccc2c(c1)c(CC(=O)OCC(=O)O)c(C)n2C(=O)c1ccc(Cl)cc1,10.0,-0.1327985290818907,-0.13358754880264656,0.03504512601427541,-0.16863267481692196,-0.17207318694873214
correct_CP,COc1ccc2c(c1)sc(=N)n2C,10.0,-0.3099220408823042,-0.3204591641049406,0.07990480293241727,-0.4003639670373578,-0.0761206837510284
correct_CP,COc1ccc2c(c1O)-c1cc(O)cc3c1[C@@H](C2)N(C)CC3,10.0,0.4658005900793616,0.5046938269924783,8.224927746110569e-05,0.5046115777150172,0.32014745060569255
correct_CP,COc1ccc2cc([C@H](C)C(=O)O)ccc2c1,10.0,0.25941842566371515,0.2654847688301193,0.06209532998424599,0.2033894388458733,-0.23021301847285824
correct_CP,COc1ccc2cc1Oc1ccc(cc1)C[C@H]1c3cc(c(OC)cc3CCN1C)Oc1c(OC)c(OC)cc3c1[C@H](C2)N(C)CC3,10.0,0.13347555650865547,0.13427679344434976,-0.03750663928018536,0.1717834327245351,0.4613747839173553
correct_CP,COc1ccc2cc3c(N)nn(C(=O)Cc4ccc(Cl)cc4)c3nc2c1,10.0,0.6977936286282141,0.862987344331547,-0.033618149172400955,0.8966054935039479,0.03099587896208338
correct_CP,COc1ccc2cccc(N3CCN(CCNC(=O)c4ccc(F)cc4)CC3)c2c1,10.0,-0.14425689977116757,-0.14527024746184328,0.07205191770038494,-0.21732216516222821,0.05357239078034137
correct_CP,COc1ccc2nc(N=C(N)NC(=O)Nc3ccccc3)nc(C)c2c1,10.0,0.3251734831153831,0.33742150734314097,0.1239903975930567,0.21343110975008428,0.21358219559623148
correct_CP,COc1cccc(-c2cc(=O)c3cc(OC)ccc3o2)c1,10.0,0.0003724818542971752,0.00037248187152355994,-0.00881614783884271,0.00918862971036627,0.12804697194911036
correct_CP,COc1cccc(-c2cc(C(=O)Nc3nc4ccccc4s3)c3ccccc3n2)c1,10.0,0.5123830116849295,0.5659558007940058,0.0708204958790073,0.49513530491499846,0.23421679145931656
correct_CP,COc1cccc(-c2ccc([C@@H]3[C@@H](C#N)N(C(=O)Cc4ccncc4)[C@@H]3CO)cc2)c1,10.0349,0.08320581175674015,0.08339863036915791,-0.05710140080532555,0.14050003117448345,0.13995180159257542
correct_CP,COc1cccc(-c2ccc3c(c2)O[C@@H](CN(C)C(=O)C2CCOCC2)[C@H](C)CN([C@H](C)CO)S3(=O)=O)c1,10.0456,0.07293255788227798,0.07306228542565364,0.003363742006612095,0.06969854341904155,-0.039641091748118355
correct_CP,COc1cccc(-c2ccc3c(c2)O[C@@H](CN(C)C(=O)c2ccccc2F)[C@@H](C)CN([C@H](C)CO)S3(=O)=O)c1,9.98892,0.09202501809679586,0.0922861205678999,-0.010244593512516654,0.10253071408041656,0.14672999454630595
correct_CP,COc1cccc(-c2ccc3c(c2)O[C@@H](CN(C)C(=O)c2ccccc2F)[C@H](C)CN([C@@H](C)CO)S3(=O)=O)c1,10.0176,-0.0048584897516487065,-0.00485852798028176,0.043523125444901785,-0.048381653425183545,0.07303197679946227
correct_CP,COc1cccc(-c2ccc3c(c2)O[C@@H](CN(C)Cc2ccncc2)[C@@H](C)CN([C@@H](C)CO)S3(=O)=O)c1,10.0802,0.3837801826680628,0.4044852749070554,-0.0024387626774484347,0.4069240375845038,0.24312378874314042
correct_CP,COc1cccc(-c2ccc3c(c2)O[C@@H](CN(C)Cc2ccncc2)[C@@H](C)CN([C@H](C)CO)S3(=O)=O)c1,10.086,-0.29182007300312834,-0.3005546083398447,0.0326089164324951,-0.3331635247723398,-0.053722315709900534
correct_CP,COc1cccc(-c2ccc3n(c2=O)C[C@H]2[C@H](CO)[C@@H](C(=O)NCCN4CCCCC4)N(C)[C@@H]32)c1,10.0372,0.13126215264712754,0.13202391475266606,0.009829640118424854,0.1221942746342412,0.3088841311048558
correct_CP,COc1cccc(-c2cccc(-c3nc(C(=O)N(C)C)cc4c3[C@@H](CCO)N([S@](=O)C(C)(C)C)C4)c2)c1,10.0327,0.11562104855785056,0.11614043708469336,0.030262746794561216,0.08587769029013215,0.007388522164180067
correct_CP,COc1cccc(-c2cccc(-c3nc(C(=O)N4CCN(C)CC4)cc4c3[C@@H](CCO)N(S(=O)C(C)(C)C)C4)c2)c1,10.0598,0.3636242457456072,0.3810560616678673,-0.13035466827159745,0.5114107299394648,-0.14710681115695148
correct_CP,COc1cccc(-c2cn(CC[C@@H]3CC[C@@H](NS(=O)(=O)Cc4ccccc4)[C@@H](CO)O3)nn2)c1,10.0511,0.23533433527815092,0.23982911526584083,0.17853640653938252,0.06129270872645831,-0.0454941469821995
correct_CP,COc1cccc(-c2cn(CC[C@H]3CC[C@@H](NC(=O)CN(C)C)[C@@H](CO)O3)nn2)c1,9.99328,0.12182948398589309,0.12243765755699201,-0.004864942802161267,0.12730260035915328,0.1386106678205504
correct_CP,COc1cccc(-c2cnc3c(c2)C(=O)N([C@@H](C)CO)C[C@H](C)[C@@H](CN(C)Cc2ccc(C(=O)O)cc2)O3)c1,10.1787,0.1735272598775526,0.17530115508132463,0.08802506310793015,0.08727609197339448,0.07652181769067576
correct_CP,COc1cccc(-c2cnc3c(c2)C(=O)N([C@H](C)CO)C[C@H](C)[C@@H](CN(C)Cc2ccc(C(=O)O)cc2)O3)c1,10.0122,0.08385472283007617,0.0840521009298415,-0.039135324952095187,0.12318742588193668,0.012961975166018137
correct_CP,COc1cccc(-c2cnc3c(c2)C(=O)N([C@H](C)CO)C[C@H](C)[C@H](CN(C)C(=O)NC(C)C)O3)c1,10.0265,-0.029002091556353218,-0.029010227088322103,0.014317267469569133,-0.043327494557891234,-0.08181958494402558
correct_CP,COc1cccc(-c2cnc3c(c2)C(=O)N([C@H](C)CO)C[C@H](C)[C@H](CN(C)S(=O)(=O)c2cn(C)cn2)O3)c1,10.1273,-0.2339596817968799,-0.2383743640361044,0.057888512571337605,-0.296262876607442,0.14349476058286392
correct_CP,COc1cccc(C#Cc2ccc([C@@H]3[C@@H](CO)N(C(=O)c4ccccn4)[C@H]3C#N)cc2)c1,10.0721,0.08282239285312452,0.08301255085502614,0.016518220143306662,0.06649433071171948,0.011922393462557263
correct_CP,COc1cccc(C#Cc2ccc([C@H]3[C@@H](C#N)N(C(=O)c4ccccn4)[C@@H]3CO)cc2)c1,9.96222,-0.13022138614872536,-0.13096504851705382,-0.03841536018994031,-0.09254968832711351,-0.03398695047616189
correct_CP,COc1cccc(C#Cc2ccc([C@H]3[C@@H](CO)N(C(=O)c4ccccn4)[C@H]3C#N)cc2)c1,10.0988,-0.06041922947481562,-0.06049291072143692,-0.00047467744120422047,-0.0600182332802327,0.17744655384173696
correct_CP,COc1cccc(C(=O)Nc2ccc(C(=O)O)cc2)c1,10.0,0.4796544610114083,0.5225353891301466,-0.15460675092911783,0.6771421400592644,0.0006991913085334922
correct_CP,COc1cccc(C(=O)Nc2ccc(F)c(F)c2F)c1,10.0,0.34423022084590876,0.3588835103747246,0.07443959564109062,0.28444391473363395,0.37028979195621214
correct_CP,COc1cccc(C(=O)Nc2ccc3c(c2)C(=O)N(C)C[C@@H](OC)[C@@H](C)CN(C(C)=O)[C@H](C)CO3)c1,10.0321,0.5150689508432,0.5696047574358581,0.05094265654942112,0.518662100886437,0.07365403478888585
correct_CP,COc1cccc(C(=O)Nc2ccc3c(c2)C(=O)N(C)C[C@@H](OC)[C@@H](C)CN[C@H](C)CO3)c1,10.0484,0.6109620513757564,0.7104549668960912,0.06469641406352626,0.645758552832565,0.1862353378010872
correct_CP,COc1cccc(C(=O)Nc2ccc3c(c2)C(=O)N(C)C[C@@H](OC)[C@H](C)CN(CCc2ccccc2)[C@@H](C)CO3)c1,10.0187,0.31595946147004317,0.3271520621668632,-0.04949920095218677,0.37665126311904995,0.24363205040624494
correct_CP,COc1cccc(C(=O)Nc2ccc3c(c2)C(=O)N(C)C[C@H](OC)[C@@H](C)CN(C(C)=O)[C@@H](C)CO3)c1,10.0321,-0.09439823336784962,-0.09468013719318442,-0.05119634390474261,-0.04348379328844181,-0.3942795305120732
correct_CP,COc1cccc(C(=O)Nc2ccc3c(c2)C(=O)N(C)C[C@H](OC)[C@@H](C)CN(C(C)=O)[C@H](C)CO3)c1,10.0161,-0.05000747239796222,-0.05004922040707392,-0.12372994233757192,0.073680721930498,0.20670502472221713
correct_CP,COc1cccc(C(=O)Nc2ccc3c(c2)C(=O)N(C)[C@@H]2CC[C@H](CC(=O)NCC(F)(F)F)O[C@@H]2CO3)c1,9.95565,0.36480477037569653,0.3824171360783736,0.05021589874990088,0.3322012373284727,0.06129212656151551
correct_CP,COc1cccc(C(=O)Nc2ccc3c(c2)C(=O)N(C)[C@@H]2CC[C@H](CC(=O)NCCCN4CCOCC4)O[C@H]2CO3)c1,9.99054,0.3471513359883405,0.3622010865206314,0.025861151712273357,0.336339934808358,0.109557224084471
correct_CP,COc1cccc(C(=O)Nc2ccc3c(c2)C(=O)N(C)[C@H]2CC[C@H](CC(=O)NCC(F)(F)F)O[C@@H]2CO3)c1,10.0476,0.2840172215008764,0.29204639112398223,0.001181093228631967,0.29086529789535026,0.239014371752249
correct_CP,COc1cccc(C(=O)Nc2ccc3c(c2)C(=O)N(C)[C@H]2CC[C@H](CC(=O)NCC(F)(F)F)O[C@H]2CO3)c1,10.0911,0.037723407129338915,0.03774131659016653,0.08764940730927626,-0.049908090719109725,-0.08296264365910094
correct_CP,COc1cccc(C(=O)Nc2ccc3c(c2)OC[C@@H](C)N(C)C[C@H](C)[C@@H](OC)CN(C)C3=O)c1,9.99288,0.46267766784193703,0.5007129467375466,-0.03674263020079538,0.537455576938342,0.18651691133849513
correct_CP,COc1cccc(CN(C)C[C@H]2OCc3cn(nn3)CCCC(=O)N([C@H](C)CO)C[C@H]2C)c1,9.6374,0.13149999078672106,0.13226593032081552,0.05256500572692235,0.07970092459389316,0.19413397712518382
correct_CP,COc1cccc(CNC(=O)C[C@@H]2C=C[C@@H](NC(=O)C3CCC3)[C@@H](CO)O2)c1,10.1263,0.6021641227564437,0.6965355097702312,0.10315293785443089,0.5933825719158002,0.05905234325404976
correct_CP,COc1cccc(CNC(=O)C[C@@H]2CC[C@@H]3[C@@H](COc4ccc(NS(=O)(=O)c5ccccc5F)cc4C(=O)N3C)O2)c1,10.0425,-0.04925726493251832,-0.049297160302190064,-0.02765062903210253,-0.021646531270087536,-0.1032310609008116
correct_CP,COc1cccc(CNC(=O)C[C@@H]2CC[C@H]3[C@H](COc4ccc(NC(=O)c5cccs5)cc4C(=O)N3C)O2)c1,10.1524,-0.08699701006987225,-0.08721749053040247,0.049909185261147286,-0.13712667579154975,-0.5027688207573765
correct_CP,COc1cccc(CNC(=O)C[C@H]2C=C[C@@H](NC(=O)C3CCC3)[C@H](CO)O2)c1,10.0394,-0.08557105468440156,-0.08578083911890441,-0.14486020997956098,0.059079370860656566,0.015056103080033939
correct_CP,COc1cccc(CNC(=O)C[C@H]2CC[C@@H]3[C@H](COc4ccc(NC(=O)c5cccs5)cc4C(=O)N3C)O2)c1,10.1037,-0.3259707001863278,-0.338313246305096,0.061441550704480374,-0.3997547970095764,-0.14328038548426492
correct_CP,COc1cccc(CNC(=O)C[C@H]2CC[C@H](NC(C)=O)[C@@H](CO)O2)c1,10.0323,0.6644288356487706,0.8007016268402808,0.05865918444402253,0.7420424423962583,0.054782311567753955
correct_CP,COc1cccc(CNC(=O)[C@@H]2[C@@H](CO)[C@@H]3Cn4c(cccc4=O)[C@H]2N3C(=O)C2CCCCC2)c1,9.92915,0.613165810146662,0.7139788588688641,0.05269912500059727,0.6612797338682669,0.2921860726125563
correct_CP,COc1cccc(CNC(=O)[C@H]2[C@H](CO)[C@H]3Cn4c(cccc4=O)[C@@H]2N3C(=O)C2CCCCC2)c1,10.0097,0.16458897279801946,0.16609981940757934,0.03357760264691085,0.1325222167606685,-0.027017158511783827
correct_CP,COc1cccc(CNC(=O)c2cc3c(c(-c4cccc(-c5ccc(C#N)cc5)c4)n2)[C@@H](CCO)N([S@](=O)C(C)(C)C)C3)c1,9.9531,-0.11213614803998646,-0.11260974561553436,0.04869393095086602,-0.16130367656640038,0.16977297032391633
correct_CP,COc1cccc(CNC(=O)c2cc3c(c(-c4cccc(-c5ccc(C#N)cc5)c4)n2)[C@H](CCO)N([S@@](=O)C(C)(C)C)C3)c1,9.99719,-0.3305395973211168,-0.34343391622164166,-0.024756987503446508,-0.31867692871819514,0.16894932641575916
correct_CP,COc1cccc(NC(=O)/C=C/c2ccc([N+](=O)[O-])cc2)c1,10.0,0.33421134446682893,0.34756167845877023,-0.04294916298421959,0.3905108414429898,0.1319419897296231
correct_CP,COc1cccc(NC(=O)C[C@@H]2CC[C@H]3[C@H](COc4ccc(NC(=O)C5CCOCC5)cc4C(=O)N3C)O2)c1,9.91177,-0.10395171889144135,-0.10432859815178183,0.020784607282348558,-0.1251132054341304,0.060924124199389834
correct_CP,COc1cccc(NC(=O)C[C@H]2CC[C@H]3[C@@H](COc4ccc(NC(=O)C5CCOCC5)cc4C(=O)N3C)O2)c1,9.9375,-0.1924601139204955,-0.19489066317717413,0.006191215608964623,-0.20108187878613876,-0.0317580212062823
correct_CP,COc1cccc(NC(=O)N(C)C[C@@H]2OCc3ccccc3-c3c(n(C)c4ccccc34)C(=O)N([C@@H](C)CO)C[C@@H]2C)c1,10.0734,0.23628745691783082,0.24083835772184284,-0.07940089263452396,0.3202392503563668,0.17202970866084544
correct_CP,COc1cccc(NC(=O)N(C)C[C@@H]2Oc3cc(C#CC4(O)CCCC4)ccc3S(=O)(=O)N([C@@H](C)CO)C[C@H]2C)c1,10.0279,0.006472631039531658,0.006472721431994005,0.22335722766751331,-0.2168845062355193,-0.33491257865513563
correct_CP,COc1cccc(NC(=O)N(C)C[C@@H]2Oc3cc(C#CC4(O)CCCC4)ccc3S(=O)(=O)N([C@H](C)CO)C[C@H]2C)c1,10.0368,0.1597681437061342,0.1611487574293215,0.028731007451301017,0.13241774997802047,0.1696062600660393
correct_CP,COc1cccc(NC(=O)N(C)C[C@@H]2Oc3ncc(C#Cc4ccncc4)cc3C(=O)N([C@@H](C)CO)C[C@H]2C)c1,10.0559,-0.00753796398150254,-0.007538106757671852,-0.002852955534223784,-0.004685151223448068,0.24325622361376456
correct_CP,COc1cccc(NC(=O)N(C)C[C@H]2OCc3ccccc3-c3ccccc3C(=O)N([C@H](C)CO)C[C@@H]2C)c1,10.1784,0.39134810386228547,0.413390954920706,0.03682235648451809,0.3765685984361879,0.2798465845725768
correct_CP,COc1cccc(NC(=O)N(C)C[C@H]2OCc3cn(nn3)CCCC(=O)N([C@@H](C)CO)C[C@H]2C)c1,10.1993,0.2578790516664339,0.263835028130061,-0.07616177592658144,0.33999680405664245,0.2316115451274899
correct_CP,COc1cccc(NC(=O)N(C)C[C@H]2OCc3cn(nn3)CCCC(=O)N([C@H](C)CO)C[C@@H]2C)c1,10.0094,-0.12532141095134497,-0.12598374019139796,0.06660094405335948,-0.19258468424475744,-0.009755928226598397
correct_CP,COc1cccc(NC(=O)N(C)C[C@H]2OCc3cnnn3CCCC(=O)N([C@@H](C)CO)C[C@H]2C)c1,10.0059,0.171342590233958,0.1730495352098714,-0.07449049331315408,0.24754002852302548,0.09712237689690495
correct_CP,COc1cccc(NC(=O)N(C)C[C@H]2Oc3cc(-c4ccccc4OC)ccc3S(=O)(=O)N([C@@H](C)CO)C[C@H]2C)c1,10.0176,-0.1794219679288661,-0.18138536533601013,-0.010776233653795271,-0.17060913168221487,-0.23021611891862195
correct_CP,COc1cccc(NC(=O)N(C)C[C@H]2Oc3cc(C#CC4(O)CCCC4)ccc3S(=O)(=O)N([C@@H](C)CO)C[C@H]2C)c1,10.0262,-0.022183621491006396,-0.02218726151581855,-0.018478066708154446,-0.0037091948076641047,0.055600251463270654
correct_CP,COc1cccc(NC(=O)N(C)C[C@H]2Oc3ncc(/C=C/c4ccccc4)cc3C(=O)N([C@H](C)CO)C[C@@H]2C)c1,9.96699,0.0553734777579624,0.055430177900335525,0.03687283927516914,0.018557338625166384,-0.058628910430428685
correct_CP,COc1cccc(NC(=O)N(C)C[C@H]2Oc3ncc(C#Cc4ccncc4)cc3C(=O)N([C@H](C)CO)C[C@H]2C)c1,10.0925,0.22593489358705815,0.22990151173998455,0.006516552646279472,0.22338495909370507,0.08552620828499635
correct_CP,COc1cccc(NC(=O)N2C[C@@H](O)COC[C@H]3O[C@@H](CC(=O)N(C)C)CC[C@@H]32)c1,10.0024,0.2536869332419618,0.25934943140376376,0.004117757037368315,0.25523167436639543,-0.16709813733724113
correct_CP,COc1cccc(NC(=O)N2C[C@@H](O)COC[C@H]3O[C@H](CC(=O)N(C)C)CC[C@@H]32)c1,9.96364,-0.0005327762607659283,-0.0005327763111755473,0.09136593642128485,-0.09189871273246039,-0.23512928352067564
correct_CP,COc1cccc(NC(=O)N2C[C@H](O)COC[C@@H]3O[C@H](CC(=O)N(C)C)CC[C@H]32)c1,10.0378,-0.11276747797583833,-0.1132491612466877,0.08886354229088274,-0.20211270353757044,-0.1942364798544176
correct_CP,COc1cccc(NC(=O)NCCCCc2ccccc2)c1,10.0,0.0035388469980502826,0.003538861771005034,-0.0223557583597741,0.025894620130779134,0.12291909997698712
correct_CP,COc1cccc(NC(=O)N[C@@H]2C=C[C@@H](CC(=O)Nc3ccc(-c4ccccc4)cc3)O[C@@H]2CO)c1,10.0808,-0.08321059132864708,-0.08340344326364425,-0.042272077778234385,-0.04113136548540987,-0.09423888082832022
correct_CP,COc1cccc(NC(=O)N[C@@H]2CC[C@@H](CC(=O)N3CCCCC3)O[C@H]2CO)c1,10.021,0.06367041856632592,0.0637566667575757,0.09484952729398613,-0.03109286053641043,-0.0234698879050646
correct_CP,COc1cccc(NC(=O)Nc2ccc3c(c2)C(=O)N(C)C[C@@H](OC)[C@@H](C)CN(CC2CC2)[C@@H](C)CO3)c1,9.97027,-0.30707620278103603,-0.31731399154268103,0.01618921153182122,-0.33350320307450226,0.16961002415850446
correct_CP,COc1cccc(Nc2c(F)c(F)c(F)c(F)c2C(=O)O)c1,20.0,0.2600384020504628,0.2661495935550294,0.06645530151788344,0.19969429203714595,0.22851020562010377
correct_CP,COc1cccc(S(=O)(=O)N(C)C[C@@H]2OCc3ccccc3-c3c(n(C)c4ccccc34)C(=O)N([C@H](C)CO)C[C@@H]2C)c1,9.86023,0.25244264197959165,0.25802000081252824,0.15516597834744172,0.10285402246508651,-0.26559720676318227
correct_CP,COc1cccc(S(=O)(=O)N(C)C[C@@H]2OCc3ccccc3-c3c(n(C)c4ccccc34)C(=O)N([C@H](C)CO)C[C@H]2C)c1,9.89215,0.5492881629749624,0.6173613308675192,0.061658147689333156,0.555703183178186,-0.188948200321002
correct_CP,COc1cccc(S(=O)(=O)N(C)C[C@@H]2OCc3ccccc3-c3ccccc3C(=O)N([C@@H](C)CO)C[C@@H]2C)c1,10.0371,0.1744197347635111,0.17622148547138847,0.11984172904384681,0.05637975642754166,0.024240171296465565
correct_CP,COc1cccc(S(=O)(=O)N(C)C[C@@H]2OCc3cnnn3CCCC(=O)N([C@@H](C)CO)C[C@@H]2C)c1,10.0125,0.15829011272852503,0.15963237647286826,0.11639533266827301,0.043237043804595254,-0.012573466197602315
correct_CP,COc1cccc(S(=O)(=O)N2C[C@H](O)COC[C@@H]3O[C@@H](CC(=O)NCCCN4CCOCC4)CC[C@H]32)c1,10.0416,0.0837046741239863,0.08390099158121855,0.07865456380596787,0.005246427775250681,0.023422481277968227
correct_CP,COc1cccc(S(=O)(=O)N2C[C@H](O)COC[C@@H]3O[C@H](CC(=O)NCCCN4CCOCC4)CC[C@H]32)c1,10.1568,-0.288555696573445,-0.2969900605450719,0.08972009295328047,-0.38671015349835236,-0.1517900271160965
correct_CP,COc1cccc(S(=O)(=O)N2C[C@H](O)COC[C@H]3O[C@H](CC(=O)N4CCN(c5ccccc5)CC4)CC[C@@H]32)c1,10.0416,0.1035826088343593,0.10395547039073359,0.15797201632249463,-0.05401654593176104,0.06019295800635863
correct_CP,COc1cccc(S(=O)(=O)N2C[C@H](O)COC[C@H]3O[C@H](CC(=O)NCCCN4CCOCC4)CC[C@@H]32)c1,10.0273,-0.10216143041737072,-0.10251909101799357,0.08864368271224889,-0.19116277373024246,-0.29000867468131436
correct_CP,COc1cccc(S(=O)(=O)N[C@@H]2C=C[C@@H](CC(=O)NC3Cc4ccccc4C3)O[C@@H]2CO)c1,10.0065,0.2507678196033374,0.2562319873708193,0.06204070468434829,0.194191282686471,-0.16912949633130775
correct_CP,COc1cccc(S(=O)(=O)N[C@@H]2C=C[C@@H](CC(=O)NCc3ccc(F)cc3)O[C@@H]2CO)c1,10.0775,-0.1611602831793554,-0.1625776904156643,0.010852111321593185,-0.1734298017372575,-0.19573138083852826
correct_CP,COc1cccc(S(=O)(=O)N[C@@H]2C=C[C@H](CC(=O)NCc3ccc(F)cc3)O[C@H]2CO)c1,10.0934,-0.3900399506457702,-0.4118471525113995,0.03906777766575019,-0.4509149301771497,-0.3529956003170851
correct_CP,COc1cccc(S(=O)(=O)N[C@@H]2CC[C@@H](CC(=O)NCc3ccncc3)O[C@@H]2CO)c1,9.96238,0.40710114076218407,0.4321315559195655,0.013991421416690929,0.41814013450287457,-0.30914546397237685
correct_CP,COc1cccc(S(=O)(=O)N[C@@H]2CC[C@@H](CC(=O)NCc3ccncc3)O[C@H]2CO)c1,9.97563,0.2327247989961886,0.23706837156823055,-0.18816297423269945,0.42523134580093,0.3220679721650949
correct_CP,COc1cccc(S(=O)(=O)N[C@H]2C=C[C@@H](CC(=O)NCc3ccc(F)cc3)O[C@@H]2CO)c1,10.0205,0.05936801239615173,0.05943790899367357,-0.03469964480176269,0.09413755379543626,0.15171112682906068
correct_CP,COc1cccc(S(=O)(=O)N[C@H]2CC[C@@H](CCn3cc(-c4ccccc4OC)nn3)O[C@@H]2CO)c1,10.0503,0.26003723810917206,0.2661483452004142,0.052317463593291876,0.21383088160712233,-0.08570325125303364
correct_CP,COc1cccc(S(=O)(=O)N[C@H]2CC[C@@H](CCn3cc(-c4ccccc4OC)nn3)O[C@H]2CO)c1,10.0733,0.1611882705054067,0.16260642416249788,0.010888330661677553,0.15171809350082033,0.007195727671251611
correct_CP,COc1cccc(S(=O)(=O)N[C@H]2CC[C@H](CC(=O)NCc3ccncc3)O[C@@H]2CO)c1,9.95826,0.29033689889056435,0.29893413662360224,-0.02409354664210592,0.3230276832657082,0.001762080404013374
correct_CP,COc1cccc(S(=O)(=O)Nc2ccc3c(c2)OC[C@@H](C)N(Cc2ccccc2F)C[C@H](C)[C@H](OC)CN(C)C3=O)c1,9.9633,0.25539944963018907,0.2611805934473787,0.022296655341186522,0.23888393810619218,0.3252065223308697
correct_CP,COc1cccc(S(=O)(=O)Nc2ccc3c(c2)OC[C@H](C)N(Cc2ccccc2F)C[C@@H](C)[C@H](OC)CN(C)C3=O)c1,10.0535,-0.017693768933074585,-0.017695615739550405,0.09703023659650628,-0.11472585233605669,-0.20413004509823524
correct_CP,COc1cccc(S(=O)(=O)Nc2ccc3c(c2)OC[C@H](C)NC[C@H](C)[C@H](OC)CN(C)C3=O)c1,9.95773,0.13442594631252217,0.13524454754840193,0.042627368390677385,0.09261717915772455,-0.14801780298845835
correct_CP,COc1cccc(S(=O)(=O)Nc2ccc3c(c2)[C@@H]2C[C@@H](CC(=O)NCc4ccc(Cl)cc4)O[C@@H](CO)[C@@H]2O3)c1,10.0494,0.2422781452876053,0.24719290745800712,0.024121075131583066,0.22307183232642405,0.13424608993435627
correct_CP,COc1cccc(S(=O)(=O)Nc2ccc3c(c2)[C@@H]2C[C@H](CC(=O)NCC(F)(F)F)O[C@H](CO)[C@@H]2O3)c1,9.9949,-0.19967543631135531,-0.2023944897245738,-0.03534043521293707,-0.16705405451163674,0.09630494474768977
correct_CP,COc1cccc(S(=O)(=O)Nc2ccc3c(c2)[C@@H]2C[C@H](CC(=O)NCCc4ccccc4)O[C@@H](CO)[C@@H]2O3)c1,9.98032,0.2544072987244188,0.26011949690794445,-0.02355669826764176,0.28367619517558623,-0.13283966049630122
correct_CP,COc1cccc(S(=O)(=O)Nc2ccc3c(c2)[C@@H]2C[C@H](CC(=O)NCc4ccc(Cl)cc4)O[C@@H](CO)[C@@H]2O3)c1,10.0662,0.23331672856937144,0.23769428757453764,-0.02280759551914813,0.26050188309368577,-0.01321524228677538
correct_CP,COc1cccc(S(=O)(=O)Nc2ccc3c(c2)[C@H]2C[C@@H](CC(=O)NCc4cccc(F)c4)O[C@@H](CO)[C@H]2O3)c1,10.127,-0.04353250486549721,-0.043560035354057426,-0.04327400474291395,-0.0002860306111434757,0.2834237049922313
correct_CP,COc1cccc(S(=O)(=O)Nc2ccc3c(c2)[C@H]2C[C@H](CC(=O)N4CCCCC4)O[C@H](CO)[C@H]2O3)c1,10.1414,-0.04543198502390801,-0.045463281986486935,-0.043132980209548935,-0.002330301776938,-0.07094726175083864
correct_CP,COc1cccc(S(=O)(=O)Nc2ccc3c(c2)[C@H]2C[C@H](CC(=O)NCc4ccc(Cl)cc4)O[C@@H](CO)[C@H]2O3)c1,9.98124,0.2237363751720403,0.22758593745317454,-0.001782076853608653,0.2293680143067832,0.06005158920289269
correct_CP,COc1cccc(S(=O)(=O)Nc2ccc3c(c2)[C@H]2C[C@H](CC(=O)NCc4cccc(F)c4)O[C@H](CO)[C@H]2O3)c1,10.0425,0.09884100407101055,0.09916478127635246,0.03769031794616262,0.06147446333018984,-0.08811684093022701
correct_CP,COc1cccc(S(=O)(=O)Nc2ccc3c(c2)[C@H]2C[C@H](CC(=O)NCc4ccccc4F)O[C@@H](CO)[C@H]2O3)c1,10.0723,0.014055133673626484,0.014056059298820197,-0.1761664930851246,0.1902225523839448,0.2177208561921886
correct_CP,COc1ccccc1-c1c(C)nn2c(N3CCN(Cc4ccccc4)CC3)cc(C)nc12,10.0,0.1755861685718123,0.1774247713051238,0.09102985876416492,0.08639491254095888,0.24049637807754615
correct_CP,COc1ccccc1-c1cc(=O)c2cccc(OC)c2o1,10.0,-0.3223067413748478,-0.3342191285541775,0.03310170588410308,-0.36732083443828056,0.15706048863956706
correct_CP,COc1ccccc1-c1ccc([C@@H]2[C@@H](C#N)N(C(=O)CN(C)C)[C@H]2CO)cc1,10.0398,0.002097853976260946,0.002097857053814776,0.031007471416275353,-0.028909614362460576,0.036180456303518085
correct_CP,COc1ccccc1-c1ccc([C@@H]2[C@@H](C#N)N[C@@H]2CO)cc1,10.0193,0.2642236398315912,0.2706436376076511,-0.10206587286204147,0.3727095104696926,-0.10286140561781404
correct_CP,COc1ccccc1-c1ccc([C@H]2[C@@H](C#N)N(C(=O)CN(C)C)[C@H]2CO)cc1,10.3742,-0.15033468241095926,-0.1514828396331552,-0.05141682541870776,-0.10006601421444744,0.14945277326468234
correct_CP,COc1ccccc1-c1ccc2c(c1)O[C@@H](CN(C)Cc1ccc3c(c1)OCO3)[C@H](C)CN([C@@H](C)CO)S2(=O)=O,10.0596,0.4259188485704504,0.4549004628976873,0.043821906584794415,0.4110785563128929,0.2790264954220831
correct_CP,COc1ccccc1-c1ccc2c(c1)O[C@@H](CN(C)S(=O)(=O)c1ccc(F)cc1)[C@@H](C)CN([C@H](C)CO)S2(=O)=O,10.0285,0.05913812613443749,0.059207212773521464,-0.02126104370670452,0.08046825648022599,0.016164622752879353
correct_CP,COc1ccccc1-c1ccc2c(c1)O[C@H](CN(C)CC1CCOCC1)[C@H](C)CN([C@H](C)CO)S2(=O)=O,10.0486,-0.06846388406854775,-0.06857115625360416,0.043891648917354115,-0.11246280517095827,0.2686093190675999
correct_CP,COc1ccccc1-c1ccc2c(c1)O[C@H](CN(C)S(=O)(=O)c1ccc(F)cc1)[C@@H](C)CN([C@H](C)CO)S2(=O)=O,9.98793,0.2947060633182318,0.3037121614267828,-0.006526525568897589,0.3102386869956804,0.11412396802631672
correct_CP,COc1ccccc1-c1ccc2c(c1)O[C@H](CN(C)S(=O)(=O)c1ccc(F)cc1)[C@H](C)CN([C@@H](C)CO)S2(=O)=O,10.0127,0.06815141858526763,0.06825722598944269,0.022454716137073,0.04580250985236969,-0.015341739457103114
correct_CP,COc1ccccc1-c1ccc2n(c1=O)C[C@H]1[C@H](CO)[C@@H](C(=O)N3CCCCC3)N(C)[C@@H]21,10.1018,0.4384027989240915,0.47025187035741334,0.051426317598150306,0.41882555275926303,-0.2626815042612732
correct_CP,COc1ccccc1-c1cccc(-c2nc(C(=O)N3CCN(C)CC3)cc3c2[C@@H](CCO)N([S@](=O)C(C)(C)C)C3)c1,10.09,-0.13726126805399022,-0.13813317664604413,-0.058482327982502684,-0.07965084866354144,-0.03580436475899478
correct_CP,COc1ccccc1-c1cccc(-c2nc(C(=O)N3CCOCC3)cc3c2[C@@H](CCO)N([S@](=O)C(C)(C)C)C3)c1,10.104,-0.4686644972415616,-0.5083575539484566,0.06075825033326879,-0.5691158042817254,0.4377560568921762
correct_CP,COc1ccccc1-c1cn(CC[C@@H]2CC[C@H](NC(=O)c3cnccn3)[C@H](CO)O2)nn1,10.035,0.33345016659661253,0.34670503346076964,0.14468686658197197,0.20201816687879767,0.2459731189980773
correct_CP,COc1ccccc1-c1cnc2c(c1)C(=O)N([C@H](C)CO)C[C@@H](C)[C@H](CN(C)CC1CCOCC1)O2,10.0381,-0.13196391158477383,-0.13273804385908494,0.810181400612177,-0.942919444471262,-0.6583998473712162
correct_CP,COc1ccccc1-n1cc([C@@H]2C[C@H]3CN(c4ccccc4)C(=O)[C@]34CCCN24)cn1,10.0,-0.014323622528421847,-0.01432460222324645,0.04036330639323693,-0.05468790861648338,0.1924496012477217
correct_CP,COc1ccccc1C#Cc1ccc([C@@H]2[C@@H](C#N)N(C(=O)C3CC3)[C@@H]2CO)cc1,10.008,0.35127078163739767,0.36689267389285957,-0.019838790027809285,0.38673146392066887,-0.11241908337450854
correct_CP,COc1ccccc1C#Cc1ccc([C@H]2[C@@H](C#N)N(C(=O)C3CC3)[C@@H]2CO)cc1,10.1255,-0.07680617378738314,-0.07695774198919485,-0.09142396921384613,0.014466227224651282,0.15470215924250139
correct_CP,COc1ccccc1C#Cc1ccc([C@H]2[C@H](C#N)N(C(=O)C3CC3)[C@H]2CO)cc1,10.0531,0.152127317568042,0.15331743399647058,0.03653070891185471,0.11678672508461586,0.09713480283323668
correct_CP,COc1ccccc1C#Cc1ccc2c(c1)O[C@@H](CN(C)Cc1cccnc1)[C@H](C)CN([C@H](C)CO)S2(=O)=O,10.0481,0.09976824129830154,0.10010125350825275,0.047545454031321197,0.05255579947693155,0.02810544246657956
correct_CP,COc1ccccc1C#Cc1ccc2c(c1)O[C@H](CN(C)Cc1cccnc1)[C@H](C)CN([C@H](C)CO)S2(=O)=O,10.0395,-0.10257609509352683,-0.10293814714189484,0.8403861069443943,-0.9433242540862892,-0.7546213735730039
correct_CP,COc1ccccc1C#Cc1cnc2c(c1)C(=O)N([C@@H](C)CO)C[C@@H](C)[C@@H](CN(C)S(=O)(=O)c1cn(C)cn1)O2,10.0287,0.046750985293344725,0.04678509053231703,0.020054197004635368,0.026730893527681664,-0.10200601233504378
correct_CP,COc1ccccc1C#Cc1cnc2c(c1)C(=O)N([C@@H](C)CO)C[C@@H](C)[C@H](CN(C)C(=O)c1ccc3c(c1)OCO3)O2,10.0102,0.21358703307154123,0.21692684281322058,0.03904653351788317,0.1778803092953374,-0.07966546835497126
correct_CP,COc1ccccc1C#Cc1cnc2c(c1)C(=O)N([C@@H](C)CO)C[C@H](C)[C@H](CN(C)S(=O)(=O)c1cn(C)cn1)O2,10.0479,0.1699344077863968,0.17159912003384278,-0.024377055636938767,0.19597617567078154,0.1637471158691936
correct_CP,COc1ccccc1C(=O)Nc1ccc2c(c1)C(=O)N(C)C[C@@H](OC)[C@@H](C)CN(CC1CC1)[C@H](C)CO2,10.0588,0.2939326808115501,0.30286543184980314,0.05705536256461542,0.24581006928518773,-0.09270429064226854
correct_CP,COc1ccccc1C(=O)Nc1ccc2c(c1)C(=O)N(C)C[C@@H](OC)[C@H](C)CN(C)[C@@H](C)CO2,10.0216,-0.07638215941920588,-0.07653122538385701,0.07319739174668315,-0.14972861713054014,-0.27610941594202726
correct_CP,COc1ccccc1C(=O)Nc1ccc2c(c1)C(=O)N(C)C[C@@H](OC)[C@H](C)CN(CC1CC1)[C@@H](C)CO2,10.0541,-0.3633974009726165,-0.3807946775669521,-0.05337446527289037,-0.32742021229406176,-0.06365213992348069
correct_CP,COc1ccccc1C(=O)Nc1ccc2c(c1)C(=O)N(C)C[C@@H](OC)[C@H](C)CN(CC1CC1)[C@H](C)CO2,10.0193,0.28234570691601735,0.29022914808405026,-0.0017046234442874078,0.29193377152833766,0.2283304895376377
correct_CP,COc1ccccc1C(=O)Nc1ccc2c(c1)C(=O)N(C)C[C@H](OC)[C@@H](C)CN(C)[C@@H](C)CO2,9.96286,0.007224875077787467,0.007225000791709064,0.028961811075409783,-0.021736810283700718,0.07819237669002588
correct_CP,COc1ccccc1C(=O)Nc1ccc2c(c1)C(=O)N(C)[C@@H]1CC[C@H](CC(=O)NCCc3ccncc3)O[C@H]1CO2,9.86287,0.08353311329553771,0.08372822273191388,-0.09320340194066112,0.176931624672575,0.027378237944775313
correct_CP,COc1ccccc1C(=O)Nc1ccc2c(c1)OC[C@H](C)N(C(C)=O)C[C@@H](C)[C@H](OC)CN(C)C2=O,10.0652,0.24263332606672336,0.2475702715060473,0.04341657668372847,0.20415369482231882,0.04924074455957698
correct_CP,COc1ccccc1CN(C)C[C@@H]1OCc2ccccc2-c2ccccc2C(=O)N([C@H](C)CO)C[C@@H]1C,9.97715,0.3552617002440444,0.3714526768634654,0.1078934638506287,0.2635592130128367,0.0430142993500052
correct_CP,COc1ccccc1CN(C)C[C@@H]1OCc2cn(nn2)CCCC(=O)N([C@H](C)CO)C[C@@H]1C,10.2146,-0.06424535040275954,-0.06433396009263197,-0.004524873866134657,-0.05980908622649731,-0.15605989055412633
correct_CP,COc1ccccc1CN(C)C[C@@H]1OCc2cnnn2CCCC(=O)N([C@H](C)CO)C[C@@H]1C,10.0905,0.02073407917281165,0.020737051147082724,-0.09665461354360863,0.11739166469069136,0.17503956030705117
correct_CP,COc1ccccc1CN1C[C@@H](C)[C@H](OC)CN(C)C(=O)c2cc(NC(C)=O)ccc2OC[C@@H]1C,9.97519,-0.11817241043376356,-0.11872714743853136,-0.05229161076508464,-0.06643553667344672,0.19496576681488792
correct_CP,COc1ccccc1CN1C[C@H](C)[C@@H](OC)CN(C)C(=O)c2cc(NC(C)=O)ccc2OC[C@@H]1C,9.97004,-0.1860220120254392,-0.18821340771768508,0.001041036590321981,-0.18925444430800706,0.006633112160420349
correct_CP,COc1ccccc1CN1C[C@H](C)[C@@H](OC)CN(C)C(=O)c2cc(NC(C)=O)ccc2OC[C@H]1C,10.0049,0.1740979682648879,0.17588964216686762,-0.04051024393825428,0.2163998861051219,-0.044218554295002765
correct_CP,COc1ccccc1CNC(=O)C[C@@H]1CC[C@@H]2[C@@H](COc3ccc(NS(=O)(=O)c4ccc(C)cc4)cc3C(=O)N2C)O1,10.1381,0.10580152203088058,0.10619897431303883,-0.005220715846305589,0.11141969015934441,0.13635969665780054
correct_CP,COc1ccccc1CNC(=O)C[C@@H]1CC[C@H]2[C@@H](COC[C@H](O)CN2C(=O)Nc2ccc(F)cc2)O1,10.0963,-0.07482049082399338,-0.0749605793398268,0.015420311942038599,-0.09038089128186541,0.2935084223904842
correct_CP,COc1ccccc1CNC(=O)C[C@@H]1CC[C@H]2[C@@H](COC[C@H](O)CN2Cc2cccc(-c3ccncc3)c2)O1,10.0742,0.21217376283114478,0.21544648534542193,0.11068430312217392,0.10476218222324801,0.15958831940075846
correct_CP,COc1ccccc1CNC(=O)C[C@@H]1C[C@@H]2c3cc(NC(=O)Nc4ccccc4F)ccc3O[C@@H]2[C@@H](CO)O1,9.80771,0.006496938540930824,0.006497029955626948,-0.10261259334754078,0.10910962330316773,0.213493346363975
correct_CP,COc1ccccc1CNC(=O)C[C@@H]1C[C@H]2c3cc(N(C)C)ccc3O[C@H]2[C@@H](CO)O1,10.0247,0.23136957142422016,0.23563601732952272,-0.1000425814826152,0.3356785988121379,-0.005063736958015624
correct_CP,COc1ccccc1CNC(=O)C[C@@H]1C[C@H]2c3cc(NC(=O)C4CCOCC4)ccc3O[C@H]2[C@@H](CO)O1,10.0725,-0.21274014577614314,-0.216039642198039,0.12501826852706194,-0.34105791072510094,-0.05118372391073697
correct_CP,COc1ccccc1CNC(=O)C[C@@H]1C[C@H]2c3cc(NC(=O)C4CCOCC4)ccc3O[C@H]2[C@H](CO)O1,10.1036,0.3814929986356542,0.4018057823641744,-0.0022970602398253636,0.40410284260399976,0.05418969349088518
correct_CP,COc1ccccc1CNC(=O)C[C@@H]1C[C@H]2c3cc(NC(=O)CN(C)C)ccc3O[C@H]2[C@H](CO)O1,9.92629,-0.013728499423245194,-0.013729361998648432,-0.046177353260482945,0.032447991261834515,-0.019249534507258942
correct_CP,COc1ccccc1CNC(=O)C[C@@H]1C[C@H]2c3cc(NC(=O)NC4CCCC4)ccc3O[C@H]2[C@@H](CO)O1,9.75061,-0.25605893502216853,-0.26188622537980555,0.05486133814960466,-0.3167475635294102,-0.09108882279676479
correct_CP,COc1ccccc1CNC(=O)C[C@@H]1C[C@H]2c3cc(NC(=O)NC4CCCC4)ccc3O[C@H]2[C@H](CO)O1,9.92941,-0.1372566326336147,-0.13812845221733994,-0.04820143606752132,-0.08992701614981861,0.00041021087081994506
correct_CP,COc1ccccc1CNC(=O)C[C@@H]1C[C@H]2c3cc(NS(C)(=O)=O)ccc3O[C@H]2[C@H](CO)O1,10.0887,0.32422814804176664,0.33636475846466823,-0.04329612085223192,0.3796608793169002,-0.13793705694875952
correct_CP,COc1ccccc1CNC(=O)C[C@H]1CC[C@@H]2[C@H](COC[C@H](O)CN2C(=O)Nc2ccc(F)cc2)O1,10.0266,-0.046346832548224665,-0.04638006016145506,-0.058165866312173346,0.011785806150718288,0.36672777030693265
correct_CP,COc1ccccc1CNC(=O)C[C@H]1CC[C@H]2[C@@H](COC[C@H](O)CN2C(=O)Nc2ccc(F)cc2)O1,10.0007,0.026578548993414674,0.026584810180471936,-0.062034036682769286,0.08861884686324123,-0.05458022100354648
correct_CP,COc1ccccc1CNC(=O)C[C@H]1CC[C@H]2[C@@H](COC[C@H](O)CN2Cc2cccc(-c3ccncc3)c2)O1,10.1074,0.20850371147576396,0.2116065405691991,0.1299895078786668,0.08161703269053228,-0.020229508739690594
correct_CP,COc1ccccc1CNC(=O)C[C@H]1C[C@@H]2c3cc(NC(=O)CN(C)C)ccc3O[C@@H]2[C@H](CO)O1,10.0769,0.07451678656512997,0.07465517231050034,0.009658284660913072,0.06499688764958726,-0.04810727928205284
correct_CP,COc1ccccc1CNC(=O)C[C@H]1C[C@@H]2c3cc(NC(=O)c4ccc5c(c4)OCO5)ccc3O[C@@H]2[C@@H](CO)O1,10.0125,0.11584349221209417,0.1163659005887126,-0.06467726900305104,0.18104316959176364,0.1890070804376432
correct_CP,COc1ccccc1CNC(=O)C[C@H]1C[C@@H]2c3cc(NC(=O)c4cccnc4)ccc3O[C@@H]2[C@@H](CO)O1,10.0323,0.2218806814813262,0.22563330742214943,-0.057141735886390654,0.2827750433085401,0.28812844661460185
correct_CP,COc1ccccc1CNC(=O)C[C@H]1C[C@H]2c3cc(NC(=O)CN(C)C)ccc3O[C@H]2[C@@H](CO)O1,9.93909,0.4307891555475377,0.4608652549669627,-0.04642753241076579,0.5072927873777284,-0.043807545420960714
correct_CP,COc1ccccc1CNC(=O)C[C@H]1C[C@H]2c3cc(NC(=O)CN(C)C)ccc3O[C@H]2[C@H](CO)O1,10.0296,-0.44465829306373456,-0.47802224236585855,-0.08714607875335206,-0.3908761636125065,-0.19419875269696307
correct_CP,COc1ccccc1CNC(=O)C[C@H]1C[C@H]2c3cc(NC(=O)Cc4ccncc4)ccc3O[C@H]2[C@@H](CO)O1,10.0166,0.36017689407269915,0.37708914914125063,0.054194842367156326,0.3228943067740943,-0.024986899455532237
correct_CP,COc1ccccc1CNC(=O)C[C@H]1C[C@H]2c3cc(NC(=O)NC4CCCC4)ccc3O[C@H]2[C@H](CO)O1,10.0149,-0.04404215657830095,-0.04407066612586602,-0.02285977388336804,-0.021210892242497982,0.14116827931360937
correct_CP,COc1ccccc1CNC(=O)C[C@H]1C[C@H]2c3cc(NC(=O)c4cccnc4)ccc3O[C@H]2[C@@H](CO)O1,10.0845,0.08451887530360001,0.08472099415395415,0.012547912408079853,0.07217308174587429,0.20187072360355385
correct_CP,COc1ccccc1CNC(=O)C[C@H]1C[C@H]2c3cc(NS(=O)(=O)c4ccc(F)cc4)ccc3O[C@H]2[C@@H](CO)O1,10.0275,-0.05361471776042134,-0.05366617905991289,-0.16277052034037148,0.1091043412804586,-0.13813197616128442
correct_CP,COc1ccccc1N1CCN(C(=O)CSc2nnc3n2C(C)(C)Cc2ccccc2-3)CC1,10.0,0.3596891180977732,0.37652877578967575,-0.032524536412612964,0.4090533122022887,0.12237569357549599
correct_CP,COc1ccccc1N1CCN(CC(C(=O)NC(C)(C)C)c2ccccc2)CC1,10.0,0.7957079789144345,1.0868020971069796,0.17175629587746005,0.9150458012295195,-0.2553324202878458
correct_CP,COc1ccccc1N1CCN(CCCCN2C(=O)CCC2=O)CC1,10.0,0.36874663605847635,0.3869717131479864,0.018051315416519793,0.3689203977314666,0.4112808831896125
correct_CP,COc1ccccc1N1CCNCC1,10.0,0.3945691342237181,0.4172002013998891,0.004425843837774366,0.4127743575621147,0.054164942529633456
correct_CP,COc1ccccc1N=c1scc(-c2ccc3c(c2)NC(=O)CO3)n1CC1CCCO1,10.0,0.7360052347885491,0.9417063182208605,0.2983714045985947,0.6433349136222658,0.2869040140629676
correct_CP,COc1ccccc1NC(=O)CSc1nc2ccccc2n1C(C)=O,10.0,-0.23092430572566103,-0.23516561873877928,0.06453575168051073,-0.29970137041929,0.16127389166809564
correct_CP,COc1ccccc1NC(=O)N(C)C[C@@H]1OCc2ccccc2-c2c(n(C)c3ccccc23)C(=O)N([C@@H](C)CO)C[C@@H]1C,9.91131,0.1046117454096628,0.10499588118451667,-0.04245045970576804,0.1474463408902847,-0.05843245209327022
correct_CP,COc1ccccc1NC(=O)N(C)C[C@@H]1OCc2cnnn2CCCC(=O)N([C@H](C)CO)C[C@H]1C,10.0201,0.14017632232793661,0.14110542793657274,0.04506763973853346,0.09603778819803928,-0.12222206144958224
correct_CP,COc1ccccc1NC(=O)N(C)C[C@@H]1Oc2cc(Br)ccc2S(=O)(=O)N([C@@H](C)CO)C[C@@H]1C,10.0831,0.05989116363159121,0.05996292704150818,-0.08907438433176945,0.14903731137327764,0.0796727470356824
correct_CP,COc1ccccc1NC(=O)N(C)C[C@@H]1Oc2cc(Br)ccc2S(=O)(=O)N([C@@H](C)CO)C[C@H]1C,10.0115,0.020279993235993738,0.0202827741614684,0.1136316773958539,-0.09334890323438551,-0.20826508593569876
correct_CP,COc1ccccc1NC(=O)N(C)C[C@H]1OCc2cnnn2CCCC(=O)N([C@H](C)CO)C[C@@H]1C,10.0235,0.1595791818161088,0.16095485178261557,-0.08534571778137737,0.24630056956399293,-0.39408289188726053
correct_CP,COc1ccccc1NC(=O)N(C)C[C@H]1Oc2cc(Br)ccc2S(=O)(=O)N([C@@H](C)CO)C[C@@H]1C,10.0219,-0.12305640326902696,-0.12368325128896712,-0.04243615707039182,-0.0812470942185753,0.43829313958806504
correct_CP,COc1ccccc1NC(=O)N(C)C[C@H]1Oc2cc(Br)ccc2S(=O)(=O)N([C@@H](C)CO)C[C@H]1C,10.0871,0.16627858419902855,0.16783697430568753,0.017625865510848108,0.15021110879483943,0.01553324980310718
correct_CP,COc1ccccc1NC(=O)N(C)C[C@H]1Oc2ncc(C#CC(C)C)cc2C(=O)N([C@H](C)CO)C[C@H]1C,10.0225,0.08355765225477775,0.08375293417283619,0.033019452077746134,0.05073348209509006,-0.2023539309336025
correct_CP,COc1ccccc1NC(=O)N1C[C@@H](O)COC[C@@H]2O[C@H](CC(=O)N3CCC(Cc4ccccc4)CC3)CC[C@H]21,9.93399,0.08400055706651965,0.08419896968786993,-0.07217503291225441,0.15637400260012435,-0.08462977234819535
correct_CP,COc1ccccc1NC(=O)N1C[C@@H](O)COC[C@H]2O[C@H](CC(=O)NCCc3ccncc3)CC[C@@H]21,10.0133,-0.5530434692740489,-0.6227552350439964,0.0988184033619173,-0.7215736384059137,0.059595716580421954
correct_CP,COc1ccccc1NC(=O)N[C@@H]1C=C[C@H](CC(=O)N2CCC(Cc3ccccc3)CC2)O[C@@H]1CO,10.0019,-0.6404547067832109,-0.7589442919604177,-0.0856200303108795,-0.6733242616495382,-0.07053980930895368
correct_CP,COc1ccccc1NC(=O)N[C@@H]1CC[C@@H](CCNC(=O)c2ccc3c(c2)OCO3)O[C@@H]1CO,9.94104,0.0893447458136192,0.08958362194606022,-0.016776151720897296,0.10635977366695751,0.1847698312864034
correct_CP,COc1ccccc1NC(=O)N[C@@H]1CC[C@H](CC(=O)N[C@H](C)c2ccccc2)O[C@@H]1CO,10.1067,0.30299521882989505,0.31281431869211573,0.04400679506172311,0.2688075236303926,-0.16873655369383744
correct_CP,COc1ccccc1NC(=O)N[C@@H]1CC[C@H](CCNC(=O)c2ccc3c(c2)OCO3)O[C@H]1CO,10.0305,-0.06874872512581849,-0.0688573443501427,0.03210824074151611,-0.1009655850916588,0.16045316562988315
correct_CP,COc1ccccc1NC(=O)N[C@@H]1CC[C@H](CCNS(=O)(=O)c2ccccc2)O[C@H]1CO,10.1676,-0.048896809992833176,-0.04893583508668151,-0.023599983885118553,-0.02533585120156296,-0.059598422004390986
correct_CP,COc1ccccc1NC(=O)N[C@H]1C=C[C@@H](CC(=O)N2CCC(Cc3ccccc3)CC2)O[C@@H]1CO,10.0072,0.4648453967164883,0.5034746506904549,-0.16559302783879037,0.6690676785292453,-0.1982601532373987
correct_CP,COc1ccccc1NC(=O)N[C@H]1C=C[C@@H](CC(=O)N2CCC(Cc3ccccc3)CC2)O[C@H]1CO,10.1187,-0.2678581223448981,-0.2745549603641303,-0.06964323441905118,-0.20491172594507912,0.20665699760969963
correct_CP,COc1ccccc1NC(=O)N[C@H]1C=C[C@@H](CC(=O)N[C@H](C)c2ccccc2)O[C@@H]1CO,10.052,0.29297967511559747,0.3018226229641776,0.016648044332629345,0.28517457863154827,-0.2848017812450698
correct_CP,COc1ccccc1NC(=O)N[C@H]1CC[C@@H](CCn2cc(C3(O)CCCC3)nn2)O[C@H]1CO,10.1371,0.4125868752623137,0.438724801721307,-0.006179691279192937,0.44490449300049995,-0.38949365193679153
correct_CP,COc1ccccc1NC(=O)N[C@H]1CC[C@H](CC(=O)N[C@H](C)c2ccccc2)O[C@@H]1CO,9.8593,0.22309127574702736,0.2269069470510323,-0.05725296380794551,0.2841599108589778,0.3227789931741376
correct_CP,COc1ccccc1NC(=O)N[C@H]1CC[C@H](CC(=O)N[C@H](C)c2ccccc2)O[C@H]1CO,10.0888,0.3487332070052567,0.3640008435936807,0.05475830126202262,0.30924254233165804,-0.30599798554201185
correct_CP,COc1ccccc1NC(=O)N[C@H]1CC[C@H](CCn2cc(-c3cccnc3)nn2)O[C@@H]1CO,10.0082,-0.03444656684406489,-0.03446020092666135,0.003045863893478322,-0.03750606482013967,-0.0310864272985805
correct_CP,COc1ccccc1NC(=O)Nc1ccc2c(c1)C(=O)N(C)C[C@@H](OC)[C@@H](C)CN(C)[C@H](C)CO2,10.121,-0.09504068041745811,-0.09532840033730028,0.0932553397068455,-0.1885837400441458,-0.1722138994084984
correct_CP,COc1ccccc1NC(=O)Nc1ccc2c(c1)C(=O)N(C)C[C@H](OC)[C@@H](C)CN[C@@H](C)CO2,9.94079,0.4246126589638628,0.4533058934459192,-0.10029135384581428,0.5535972472917334,0.07647750888453977
correct_CP,COc1ccccc1NC(=O)Nc1ccc2c(c1)C(=O)N(C)C[C@H](OC)[C@@H](C)CN[C@H](C)CO2,10.041,0.19917487689911276,0.20187319833621556,-0.08860965941269017,0.2904828577489057,-0.08979214188184492
correct_CP,COc1ccccc1NC(=O)Nc1ccc2c(c1)C(=O)N(C)C[C@H](OC)[C@H](C)CN(C)[C@H](C)CO2,10.0042,0.056732526611728666,0.05679351047444664,0.01972346138055621,0.03707004909389043,0.06667034476334417
correct_CP,COc1ccccc1NC(=O)c1csc2c1CCC(C)C2,10.0,0.5835746532466044,0.6678664016349141,0.3380696304378738,0.32979677119704026,0.06474617073413114
correct_CP,COc1ccccc1Nc1nnc(SCC(=O)N2CCCC2=O)s1,10.0,0.30159804927143186,0.3112766297634668,-0.0417991745372494,0.3530758043007162,-0.10436021686211464
correct_CP,COc1ccccc1OCC(=O)NNC(=S)NC(=O)c1ccco1,10.0,0.14668589564705772,0.14775175821408135,-0.13183024170914992,0.2795819999232313,0.0885747784645804
correct_CP,COc1ccccc1S(=O)(=O)N(C)C[C@@H]1OCc2cnnn2CCCC(=O)N([C@H](C)CO)C[C@@H]1C,10.0251,0.05810645462650927,0.05817198353171835,-0.00916087176558861,0.06733285529730697,0.16992644810546773
correct_CP,COc1ccccc1S(=O)(=O)N(C)C[C@@H]1Oc2cc(C#CCC3CCCC3)ccc2S(=O)(=O)N([C@@H](C)CO)C[C@@H]1C,10.0399,0.26518416301260145,0.2716765340397543,-0.007864985059088484,0.2795415190988428,0.21455463453781295
correct_CP,COc1ccccc1S(=O)(=O)N(C)C[C@H]1OCc2cnnn2CCCC(=O)N([C@H](C)CO)C[C@H]1C,10.0245,0.37940122828010375,0.399360009305637,0.05068467149666735,0.34867533780896964,0.07380803973659149
correct_CP,COc1ccccc1S(=O)(=O)N[C@@H]1C=C[C@@H](CC(=O)N2CCCCC2)O[C@H]1CO,9.93972,-0.20257984759551262,-0.2054213469163369,-0.17999198215019843,-0.025429364766138468,0.12170113710043748
correct_CP,COc1ccccc1S(=O)(=O)N[C@@H]1CC[C@@H](CC(=O)N2CCN(C)CC2)O[C@H]1CO,10.072,-0.4073283868110965,-0.43240397566542954,-0.13144787387578608,-0.3009561017896435,0.10125907137223486
correct_CP,COc1ccccc1S(=O)(=O)N[C@@H]1CC[C@@H](CCn2cc(C3CCCCC3)nn2)O[C@@H]1CO,10.0975,0.24012880001888637,0.2449107894894072,0.12792603388156198,0.11698475560784521,0.0792601025191155
correct_CP,COc1ccccc1S(=O)(=O)N[C@@H]1CC[C@H](CC(=O)N2CCN(C)CC2)O[C@H]1CO,10.0688,-0.16015157808189065,-0.16154226043359401,-0.0647064842596678,-0.09683577617392622,0.39233004042496733
correct_CP,COc1ccccc1S(=O)(=O)N[C@H]1C=C[C@@H](CC(=O)NCc2cc(F)cc(F)c2)O[C@@H]1CO,10.0614,0.10282242377998638,0.10318710158652242,-0.16399813388771795,0.26718523547424033,-0.15227198067630898
correct_CP,COc1ccccc1S(=O)(=O)N[C@H]1C=C[C@H](CC(=O)N2CCCCC2)O[C@@H]1CO,10.1222,0.21704389772152213,0.2205517659279358,-0.015541288874089579,0.23609305480202536,-0.24519929501691756
correct_CP,COc1ccccc1S(=O)(=O)N[C@H]1C=C[C@H](CC(=O)N2CCCCC2)O[C@H]1CO,10.0259,0.16825209832226143,0.1698672927939277,0.09252886158505366,0.07733843120887404,0.22865207367494614
correct_CP,COc1ccccc1S(=O)(=O)N[C@H]1CC[C@@H](CCn2cc(C3CCCCC3)nn2)O[C@H]1CO,10.1379,0.06684738464474137,0.06694722326579343,-0.14987792000982786,0.2168251432756213,0.05928000721409882
correct_CP,COc1ccccc1S(=O)(=O)Nc1ccc2c(c1)C(=O)N(C)C[C@H](OC)[C@H](C)CN[C@@H](C)CO2,10.0642,-0.15650360419583736,-0.1578004845319077,0.0618539956519782,-0.2196544801838859,0.029981239790238937
correct_CP,COn1c(SCc2cccnc2)nc2ccccc2c1=O,10.0,0.4588485538656504,0.49585178236808847,0.2603885336637323,0.23546324870435614,0.0005733718522477615
correct_CP,CS(=O)(=O)N1[C@@H]2c3ccc(-c4cccc(F)c4)c(=O)n3C[C@H]1[C@H](CO)[C@H]2C(=O)N1CCCCC1,10.0398,-0.3000661228992417,-0.3095922683138662,-0.018660038156829987,-0.29093223015703623,-0.38271446614408616
correct_CP,CS(=O)(=O)Nc1ccc2c(c1)[C@@H]1C[C@@H](CC(=O)NCC3CC3)O[C@H](CO)[C@@H]1O2,10.0101,-0.08294417520137953,-0.08313517559107798,-0.0475129158195982,-0.035622259771479786,0.06404416787821215
correct_CP,CS(=O)(=O)Nc1ccc2c(c1)[C@@H]1C[C@@H](CC(=O)NCc3ccc(Cl)cc3)O[C@@H](CO)[C@@H]1O2,10.1686,-0.14036335016072238,-0.14129620951716992,0.11908095662535914,-0.26037716614252904,-0.07407667019340157
correct_CP,CS(=O)(=O)Nc1ccc2c(c1)[C@@H]1C[C@@H](CC(=O)NCc3ccccn3)O[C@@H](CO)[C@@H]1O2,10.0599,0.24645045401866494,0.2516301918673991,0.05401432889156038,0.19761586297583872,-0.07271328149638033
correct_CP,CS(=O)(=O)Nc1ccc2c(c1)[C@@H]1C[C@H](CC(=O)NC3CCCC3)O[C@@H](CO)[C@@H]1O2,10.0964,0.22053747641855537,0.2242209926602135,0.05107753343620546,0.17314345922400803,-0.007758001881545608
correct_CP,CS(=O)(=O)Nc1ccc2c(c1)[C@@H]1C[C@H](CC(=O)NCCc3ccccc3)O[C@@H](CO)[C@@H]1O2,9.88916,0.34129145049630916,0.35555351146178865,0.07352435864606088,0.28202915281572777,-0.13774557790311284
correct_CP,CS(=O)(=O)Nc1ccc2c(c1)[C@@H]1C[C@H](CC(=O)NCc3cc(F)ccc3F)O[C@H](CO)[C@@H]1O2,9.97189,-0.454481247849767,-0.49033370229313444,-0.08510738158938115,-0.4052263207037533,0.05293463528283558
correct_CP,CS(=O)(=O)Nc1ccc2c(c1)[C@@H]1C[C@H](CC(=O)NCc3ccc(Cl)cc3)O[C@@H](CO)[C@@H]1O2,10.0443,-0.12813366525947217,-0.12884189814834549,0.09451583069203033,-0.2233577288403758,0.12132658985272259
correct_CP,CS(=O)(=O)Nc1ccc2c(c1)[C@@H]1C[C@H](CC(=O)NCc3ccccn3)O[C@@H](CO)[C@@H]1O2,9.95269,0.2030636859962886,0.20592594271921105,-0.01208809038592734,0.2180140331051384,0.31117584548036364
correct_CP,CS(=O)(=O)Nc1ccc2c(c1)[C@H]1C[C@@H](CC(=O)NCc3ccccn3)O[C@H](CO)[C@H]1O2,10.1934,0.4486347342368404,0.48298966273891053,0.08984168280413915,0.39314797993477135,-0.002422005201998853
correct_CP,CS(=O)(=O)Nc1ccc2c(c1)[C@H]1C[C@H](CC(=O)NCc3ccccn3)O[C@@H](CO)[C@H]1O2,9.92933,-0.2862522583215355,-0.29447922297270873,-0.006931606036698925,-0.28754761693600983,-0.39861665555993947
correct_CP,CS(=O)(=O)Nc1ccc2c(c1)[C@H]1C[C@H](CC(=O)NCc3ccccn3)O[C@H](CO)[C@H]1O2,9.96482,0.12813284743017123,0.12884106666768583,0.020421976878117067,0.10841908978956877,0.01549211759626136
correct_CP,CS(=O)(=O)c1ccc(-c2cc(Br)sc2-c2ccc(F)cc2)cc1,10.0,0.1894934884787963,0.19181174023105413,-0.017779967624112603,0.20959170785516673,-0.13614668357439924
correct_CP,CSc1cc(-c2ccc(Cl)cc2)nc(O)c1C#N,10.0,0.12089845419686056,0.12149270935224409,0.052578592995566865,0.06891411635667721,0.06248037671964749
correct_CP,C[C@@H](NC(=O)C[C@@H]1C=C[C@H](NC(=O)C2CCC2)[C@H](CO)O1)c1ccccc1,9.99493,0.2597137108330998,0.26580138593549907,0.019488498001379126,0.24631288793411993,0.058659037166856734
correct_CP,C[C@@H](NC(=O)C[C@@H]1C=C[C@H](NC(=O)Cc2ccccn2)[C@@H](CO)O1)c1ccccc1,10.0242,-0.02718909109726866,-0.027195793885588865,0.019805569435849286,-0.04700136332143815,-0.15861207642457228
correct_CP,C[C@@H](NC(=O)C[C@@H]1C=C[C@H](NC(=O)Cc2ccccn2)[C@H](CO)O1)c1ccccc1,10.0273,0.13752396406977638,0.13840092691324382,-0.05380391955289997,0.19220484646614377,0.25085060710365376
correct_CP,C[C@@H](NC(=O)C[C@@H]1C=C[C@H](NC(=O)c2cccnc2)[C@@H](CO)O1)c1ccccc1,10.072,-0.009929385703057975,-0.009929712044013154,0.11072174562779899,-0.12065145767181215,-0.40126401994268934
correct_CP,C[C@@H](NC(=O)C[C@@H]1CC[C@@H](NC(=O)Cc2ccccn2)[C@@H](CO)O1)c1ccccc1,10.0352,0.029159532413839454,0.02916780120556146,0.007307111907355346,0.021860689298206115,0.30163899351755363
correct_CP,C[C@@H](NC(=O)C[C@@H]1CC[C@@H]2[C@H](COC[C@@H](O)CN2C(=O)Nc2cccc(Cl)c2)O1)c1ccccc1,9.90399,0.02633612824969737,0.026342219624413875,0.0006180782347604006,0.025724141389653475,0.06832333225003333
correct_CP,C[C@@H](NC(=O)C[C@@H]1CC[C@@H]2[C@H](COC[C@H](O)CN2C(=O)Nc2cccc(Cl)c2)O1)c1ccccc1,10.0542,-0.021219968915687847,-0.021223154802422785,-0.0002707253399410886,-0.020952429462481697,0.12476030335144982
correct_CP,C[C@@H](NC(=O)C[C@@H]1CC[C@H](NC(=O)C2CCC2)[C@@H](CO)O1)c1ccccc1,10.0244,0.042381341950241985,0.042406744145383556,0.0015682980588855693,0.04083844608649799,-0.0388521788133184
correct_CP,C[C@@H](NC(=O)C[C@@H]1CC[C@H](NC(=O)c2cccnc2)[C@H](CO)O1)c1ccccc1,9.97691,-0.3705298211614028,-0.3890370976239193,0.1607570152847643,-0.5497941129086836,-0.402805944855042
correct_CP,C[C@@H](NC(=O)C[C@@H]1C[C@@H]2c3cc(NC(=O)c4ccc5c(c4)OCO5)ccc3O[C@@H]2[C@H](CO)O1)c1ccccc1,9.82443,0.20335061293312692,0.20622522809296906,0.053309018504854894,0.15291620958811417,0.201421124771157
correct_CP,C[C@@H](NC(=O)C[C@@H]1C[C@@H]2c3cc(NC(=O)c4cccnc4)ccc3O[C@@H]2[C@H](CO)O1)c1ccccc1,9.89447,0.21321904193615157,0.21654129342323936,-0.012366380145552271,0.22890767356879163,-0.053297271734750795
correct_CP,C[C@@H](NC(=O)C[C@@H]1C[C@H]2c3cc(NC(=O)C4CCOCC4)ccc3O[C@H]2[C@@H](CO)O1)c1ccccc1,10.044,-0.38490755024096335,-0.40580804217232314,-0.02219019571767867,-0.3836178464546445,-0.1793924644475212
correct_CP,C[C@@H](NC(=O)C[C@@H]1C[C@H]2c3cc(NC(=O)C4CCOCC4)ccc3O[C@H]2[C@H](CO)O1)c1ccccc1,9.96448,0.15129873830348106,0.15246933409670554,-0.06277307692749366,0.21524241102419922,0.1220239761328136
correct_CP,C[C@@H](NC(=O)C[C@@H]1C[C@H]2c3cc(NC(=O)c4ccc5c(c4)OCO5)ccc3O[C@H]2[C@H](CO)O1)c1ccccc1,10.1455,0.1423479162264379,0.14332123926150284,-0.008433844498636796,0.15175508376013963,0.16774297230946317
correct_CP,C[C@@H](NC(=O)C[C@H]1C=C[C@@H](NC(=O)CN2CCOCC2)[C@H](CO)O1)c1ccccc1,9.98592,0.31522546305461807,0.3263368718861272,0.059866768876991855,0.2664701030091353,0.028313449980413963
correct_CP,C[C@@H](NC(=O)C[C@H]1C=C[C@@H](NC(=O)Nc2ccc3c(c2)OCO3)[C@H](CO)O1)c1ccccc1,10.0022,0.3258001143390954,0.3381223914205893,-0.08774740292883557,0.42586979434942485,0.1587568279615702
correct_CP,C[C@@H](NC(=O)C[C@H]1C=C[C@@H](NC(=O)c2cccnc2)[C@H](CO)O1)c1ccccc1,9.9988,0.669344933222068,0.8095554176050286,0.09271013875351974,0.7168452788515088,0.1604518975564222
correct_CP,C[C@@H](NC(=O)C[C@H]1C=C[C@@H](NS(=O)(=O)c2cccc(F)c2)[C@H](CO)O1)c1ccccc1,9.99713,0.5445692803765961,0.6106283799143932,-0.034458267258385945,0.6450866471727792,0.5298905667280691
correct_CP,C[C@@H](NC(=O)C[C@H]1C=C[C@H](NC(=O)CN2CCOCC2)[C@@H](CO)O1)c1ccccc1,9.96404,0.5342180584334285,0.5960292669927129,-0.07659797879720996,0.6726272457899228,0.15935788256558336
correct_CP,C[C@@H](NC(=O)C[C@H]1CC[C@@H](NC(=O)CN2CCOCC2)[C@@H](CO)O1)c1ccccc1,9.8853,-0.324780822587278,-0.3369824811887682,-0.12956106087084174,-0.20742142031792649,-0.37706440964263765
correct_CP,C[C@@H](NC(=O)C[C@H]1CC[C@@H](NC(=O)Cc2ccccn2)[C@H](CO)O1)c1ccccc1,10.0458,0.07029353407798329,0.0704096562313322,-0.06751381729279557,0.13792347352412776,0.07291433239540755
correct_CP,C[C@@H](NC(=O)C[C@H]1CC[C@@H](NC(=O)c2cccnc2)[C@H](CO)O1)c1ccccc1,10.0548,0.5440770849289048,0.6099289527413891,-0.05773837626981211,0.6676673290112013,0.35910252123773095
correct_CP,C[C@@H](NC(=O)C[C@H]1CC[C@H](NC(=O)Cc2ccccn2)[C@@H](CO)O1)c1ccccc1,10.095,-0.1763802185320327,-0.1782441990606627,-0.020081851493485115,-0.15816234756717756,0.1468222025907739
correct_CP,C[C@@H](NC(=O)C[C@H]1CC[C@H]2[C@@H](COC[C@H](O)CN2C(=O)Nc2cccc(Cl)c2)O1)c1ccccc1,9.9729,0.15664143486116314,0.15794177902547166,-0.01506153446034509,0.17300331348581674,0.06297469751531026
correct_CP,C[C@@H](NC(=O)C[C@H]1CC[C@H]2[C@H](COc3ccc(NS(=O)(=O)c4ccc(Cl)cc4)cc3C(=O)N2C)O1)c1ccccc1,9.96487,0.4396314106753937,0.4717738162802386,-0.026957971505481258,0.49873178778571986,0.2990212511024996
correct_CP,C[C@@H](NC(=O)C[C@H]1C[C@@H]2c3cc(NC(=O)C4CCOCC4)ccc3O[C@@H]2[C@@H](CO)O1)c1ccccc1,9.99549,0.07152007647913079,0.07164239673206269,0.01929593441186427,0.05234646232019842,0.09263420687927408
correct_CP,C[C@@H](NC(=O)C[C@H]1C[C@@H]2c3cc(NC(=O)CN(C)C)ccc3O[C@@H]2[C@@H](CO)O1)c1ccccc1,9.91282,-0.3024990817819857,-0.3122681192625879,0.20766387143012988,-0.5199319906927178,0.017384340366343343
correct_CP,C[C@@H](NC(=O)C[C@H]1C[C@@H]2c3cc(NC(=O)CN(C)C)ccc3O[C@@H]2[C@H](CO)O1)c1ccccc1,10.0608,-0.038035783696887815,-0.038054142022145826,0.0021008417486526147,-0.040154983770798444,0.06334772882790562
correct_CP,C[C@@H](NC(=O)C[C@H]1C[C@@H]2c3cc(NS(=O)(=O)c4ccc(F)cc4)ccc3O[C@@H]2[C@H](CO)O1)c1ccccc1,9.92929,0.289764772223678,0.2983094558612067,0.010073944266234702,0.288235511594972,0.0018865324571575807
correct_CP,C[C@@H](NC(=O)C[C@H]1C[C@H]2c3cc(NC(=O)CN(C)C)ccc3O[C@H]2[C@@H](CO)O1)c1ccccc1,10.0546,-0.04417512381647307,-0.04420389256588599,0.007224557757570413,-0.05142845032345641,-0.11622209310744143
correct_CP,C[C@@H](NC(=O)C[C@H]1C[C@H]2c3cc(NS(=O)(=O)c4ccc(F)cc4)ccc3O[C@H]2[C@@H](CO)O1)c1ccccc1,10.1088,-0.195680477514286,-0.19823706664552482,0.06367104019451557,-0.2619081068400404,-0.09409073388373235
correct_CP,C[C@@H](O)C#Cc1ccc2c(c1)O[C@H](CN(C)Cc1ccc(-c3ccccc3)cc1)[C@@H](C)CN([C@@H](C)CO)S2(=O)=O,10.0354,0.08289952982074557,0.0830902211018569,-0.0010880924692187616,0.08417831357107566,0.11260173464027726
correct_CP,C[C@@H](O)C#Cc1cnc2c(c1)C(=O)N([C@@H](C)CO)C[C@H](C)[C@H](CN(C)Cc1ccc(-c3ccccc3)cc1)O2,10.0672,0.36633080853812633,0.384178572869315,-0.014346714246328118,0.3985252871156431,-0.1151917789668113
correct_CP,C[C@@H]1CC=C[C@H]2[C@H]1C(=O)N(Cc1ccccc1)[C@H]2c1ccc2ccccc2c1,10.0,-0.023444649053231743,-0.023448945933106893,0.03800301188519885,-0.061451957818305744,0.17112094858724886
correct_CP,C[C@@H]1CCCCO[C@@H](CN(C)C(=O)C2CCCCC2)[C@H](C)CN([C@@H](C)CO)C(=O)c2cc(N(C)C)ccc2O1,9.99643,0.2583277664172876,0.2643157685538537,0.06642164604865503,0.19789412250519867,0.6737993014581989
correct_CP,C[C@@H]1CCCCO[C@@H](CN(C)C(=O)CCC(F)(F)F)[C@@H](C)CN([C@@H](C)CO)C(=O)c2cc(NS(C)(=O)=O)ccc2O1,10.0144,0.0818849936212305,0.08206875057519603,-0.010824856733214963,0.092893607308411,0.379780396129053
correct_CP,C[C@@H]1CCCCO[C@@H](CN(C)C(=O)CCC(F)(F)F)[C@H](C)CN([C@@H](C)CO)C(=O)c2cc(N(C)C)ccc2O1,10.031,-0.05478027859757409,-0.054835173799654496,0.02084017887851173,-0.07567535267816622,-0.17179485696636596
correct_CP,C[C@@H]1CCCCO[C@@H](CN(C)C(=O)CCC(F)(F)F)[C@H](C)CN([C@H](C)CO)C(=O)c2cc(N(C)C)ccc2O1,10.0798,0.16592928447176095,0.16747776376995993,0.00737563262124517,0.16010213114871477,0.3038225038344343
correct_CP,C[C@@H]1CCCCO[C@@H](CN(C)C(=O)Cc2ccccc2)[C@H](C)CN([C@@H](C)CO)C(=O)c2cc(N(C)C)ccc2O1,10.008,0.020443920901533574,0.020446769821501194,0.030348364391595647,-0.009901594570094454,0.03216920785883008
correct_CP,C[C@@H]1CCCCO[C@@H](CN(C)C(=O)Nc2ccccc2)[C@@H](C)CN([C@@H](C)CO)C(=O)c2cc(N(C)C)ccc2O1,10.0041,-0.3355915853090029,-0.34911628249258064,-0.009352176907927917,-0.33976410558465275,0.01359141256650428
correct_CP,C[C@@H]1CCCCO[C@@H](CN(C)C(=O)Nc2ccccc2)[C@H](C)CN([C@H](C)CO)C(=O)c2cc(N(C)C)ccc2O1,9.99506,0.11886964213966489,0.11943431289309842,0.10002630869809453,0.01940800419500388,-0.11148266559536314
correct_CP,C[C@@H]1CCCCO[C@@H](CN(C)C(=O)c2ccccc2)[C@@H](C)CN([C@@H](C)CO)C(=O)c2cc(NS(C)(=O)=O)ccc2O1,10.0293,0.08429015344249399,0.08449063115771482,-0.005160132442754776,0.0896507636004696,-0.011492296894511016
correct_CP,C[C@@H]1CCCCO[C@@H](CN(C)C(=O)c2ccccc2)[C@@H](C)CN([C@H](C)CO)C(=O)c2cc(NC(=O)CCCN(C)C)ccc2O1,9.95046,0.23583081421326776,0.24035476746424994,-0.0254043936102075,0.26575916107445746,0.04075484255974528
correct_CP,C[C@@H]1CCCCO[C@@H](CN(C)C(=O)c2ccccc2)[C@H](C)CN([C@@H](C)CO)C(=O)c2cc(NC(=O)CCCN(C)C)ccc2O1,9.98814,0.0008914700860426302,0.000891470322198789,0.052549948854815356,-0.05165847853261657,-0.14407174511567106
correct_CP,C[C@@H]1CCCCO[C@@H](CN(C)C(=O)c2ccncc2)[C@@H](C)CN([C@H](C)CO)C(=O)c2cc(NC(=O)C3CCCCC3)ccc2O1,10.0835,-0.011935344906616454,-0.011935911694801299,0.0058472771068581,-0.017783188801659397,0.03888422038496961
correct_CP,C[C@@H]1CCCCO[C@@H](CN(C)C)[C@@H](C)CN([C@@H](C)CO)C(=O)c2cc(NS(=O)(=O)c3ccc(Cl)cc3)ccc2O1,10.3832,-0.18344456487981478,-0.18554489208653144,-0.16702493664909263,-0.018519955437438812,0.16895211299799054
correct_CP,C[C@@H]1CCCCO[C@@H](CN(C)C)[C@@H](C)CN([C@@H](C)CO)C(=O)c2cc(NS(C)(=O)=O)ccc2O1,10.024,0.07428218545503205,0.07441926538759407,-0.02612847343153073,0.1005477388191248,-0.01149244893775624
correct_CP,C[C@@H]1CCCCO[C@@H](CN(C)C)[C@@H](C)CN([C@H](C)CO)C(=O)c2cc(NC(=O)c3ccccc3)ccc2O1,10.0612,0.3405858834999276,0.3547551426874639,0.011163853427418277,0.3435912892600456,0.05396750205344992
correct_CP,C[C@@H]1CCCCO[C@@H](CN(C)C)[C@H](C)CN([C@@H](C)CO)C(=O)c2cc(NC(=O)C3CCCCC3)ccc2O1,10.0424,0.34500561015768944,0.35976339633793575,-0.0004739870433328325,0.3602373833812686,0.10386786776708852
correct_CP,C[C@@H]1CCCCO[C@@H](CN(C)C)[C@H](C)CN([C@@H](C)CO)C(=O)c2cc(NC(=O)Cc3ccccc3)ccc2O1,10.078,0.09358462406532586,0.09385927603726754,0.0009442911104709621,0.09291498492679658,-0.032408343213613605
correct_CP,C[C@@H]1CCCCO[C@@H](CN(C)C)[C@H](C)CN([C@@H](C)CO)C(=O)c2cc(NC(=O)Nc3cccc4ccccc34)ccc2O1,10.0207,-0.13531997938091278,-0.13615514510355417,0.007591912513099,-0.14374705761665318,-0.008426185824984498
correct_CP,C[C@@H]1CCCCO[C@@H](CN(C)C)[C@H](C)CN([C@@H](C)CO)C(=O)c2cc(NC(=O)Nc3ccccc3)ccc2O1,10.0538,-0.052601183787554025,-0.05264977828698478,0.032179001398403656,-0.08482877968538843,-0.013638096267065244
correct_CP,C[C@@H]1CCCCO[C@@H](CN(C)C)[C@H](C)CN([C@@H](C)CO)C(=O)c2cc(NS(=O)(=O)c3ccc(F)cc3)ccc2O1,10.0252,0.1493449873933698,0.15047041355929758,0.031059681156546746,0.11941073240275082,-0.1581595921641811
correct_CP,C[C@@H]1CCCCO[C@@H](CN(C)C)[C@H](C)CN([C@H](C)CO)C(=O)c2cc(NC(=O)C3CCCCC3)ccc2O1,10.0558,0.21237236514455668,0.21565445891841803,-0.018955076942268775,0.2346095358606868,0.3054468829229412
correct_CP,C[C@@H]1CCCCO[C@@H](CN(C)C)[C@H](C)CN([C@H](C)CO)C(=O)c2cc(NC(=O)Nc3ccc4c(c3)OCO4)ccc2O1,10.1105,0.288481642681543,0.29690928243943665,0.08305720402032514,0.21385207841911152,0.03380489828748813
correct_CP,C[C@@H]1CCCCO[C@@H](CN(C)CC2CCCCC2)[C@@H](C)CN([C@@H](C)CO)C(=O)c2cc(NS(C)(=O)=O)ccc2O1,10.0713,0.10657162188742199,0.10697785656525613,-0.014602320751726433,0.12158017731698256,0.21321680132922327
correct_CP,C[C@@H]1CCCCO[C@@H](CN(C)CC2CCCCC2)[C@@H](C)CN([C@H](C)CO)C(=O)c2cc(NC(=O)CCCN(C)C)ccc2O1,10.1323,0.12859683793297247,0.12931283068663132,0.018707852326783563,0.11060497835984776,-0.105963057289681
correct_CP,C[C@@H]1CCCCO[C@@H](CN(C)CC2CCCCC2)[C@H](C)CN([C@H](C)CO)C(=O)c2cc(NS(C)(=O)=O)ccc2O1,10.0451,-0.09619802462579383,-0.096496423991852,-0.051400551944257876,-0.045095872047594125,0.09064005284502236
correct_CP,C[C@@H]1CCCCO[C@@H](CN(C)Cc2ccc3c(c2)OCO3)[C@@H](C)CN([C@@H](C)CO)C(=O)c2cc(N(C)C)ccc2O1,10.0119,0.39744964227905993,0.42061646354049376,0.04935351896990689,0.37126294457058684,-0.028577006887547707
correct_CP,C[C@@H]1CCCCO[C@@H](CN(C)Cc2ccc3c(c2)OCO3)[C@H](C)CN([C@H](C)CO)C(=O)c2cc(N(C)C)ccc2O1,9.97672,0.43100700797572483,0.4611327795267226,-0.10123309091827315,0.5623658704449958,-0.02504444728528593
correct_CP,C[C@@H]1CCCCO[C@@H](CN(C)Cc2ccccc2)[C@@H](C)CN([C@@H](C)CO)C(=O)c2cc(NS(C)(=O)=O)ccc2O1,10.313,-0.27502454047587604,-0.2822914497449064,0.09090061878687368,-0.37319206853178005,0.01145181191766409
correct_CP,C[C@@H]1CCCCO[C@@H](CN(C)Cc2ccccc2)[C@H](C)CN([C@@H](C)CO)C(=O)c2cc(NC(=O)CCC(F)(F)F)ccc2O1,10.017233,-0.2428828173891143,-0.24783538644632697,-0.025477779772403408,-0.22235760667392357,0.19784197753285596
correct_CP,C[C@@H]1CCCCO[C@@H](CN(C)Cc2ccccc2)[C@H](C)CN([C@H](C)CO)C(=O)c2cc(NC(=O)CCC(F)(F)F)ccc2O1,10.0412,0.4373794879249179,0.4689857899247382,-0.015390394243218157,0.48437618416795636,-0.06452014659859812
correct_CP,C[C@@H]1CCCCO[C@@H](CN(C)Cc2ccncc2)[C@@H](C)CN([C@@H](C)CO)C(=O)c2cc(N(C)C)ccc2O1,10.2259,-0.0757077120574703,-0.0758528550942191,-0.03216910623208198,-0.04368374886213712,-0.0284726185055396
correct_CP,C[C@@H]1CCCCO[C@@H](CN(C)Cc2ccncc2)[C@@H](C)CN([C@H](C)CO)C(=O)c2cc(N(C)C)ccc2O1,9.92372,-0.09821250853720045,-0.09853012477910808,0.06785909424331482,-0.1663892190224229,0.24299869184011763
correct_CP,C[C@@H]1CCCCO[C@@H](CN(C)Cc2ccncc2)[C@@H](C)CN([C@H](C)CO)C(=O)c2cc(NC(=O)C3CCCCC3)ccc2O1,10.0183,-0.11666528329676565,-0.1171989504607263,0.003551785993160723,-0.12075073645388702,-0.2836808777931445
correct_CP,C[C@@H]1CCCCO[C@@H](CN(C)Cc2ccncc2)[C@@H](C)CN([C@H](C)CO)C(=O)c2cc(NC(=O)c3ccccc3)ccc2O1,10.4119,0.01189269768034412,0.011893258414149349,0.03788079853576988,-0.02598754012162053,0.0742379472356079
correct_CP,C[C@@H]1CCCCO[C@@H](CN(C)Cc2ccncc2)[C@H](C)CN([C@@H](C)CO)C(=O)c2cc(NC(=O)c3ccccc3)ccc2O1,10.0152,-0.10426105394226316,-0.1046413225559847,0.03400143668343765,-0.13864275923942235,-0.17986077121755895
correct_CP,C[C@@H]1CCCCO[C@@H](CN(C)Cc2ccncc2)[C@H](C)CN([C@H](C)CO)C(=O)c2cc(NC(=O)Cc3ccccc3)ccc2O1,10.0148,0.19167188804590968,0.19407224639150678,0.046552514374066545,0.14751973201744023,0.2682755332149591
correct_CP,C[C@@H]1CCCCO[C@@H](CN(C)S(=O)(=O)c2cccs2)[C@H](C)CN([C@H](C)CO)C(=O)c2cc(N(C)C)ccc2O1,10.0457,0.0753535916217574,0.07549670284910416,0.03009573270714816,0.045400970141956,0.13790616990656382
correct_CP,C[C@@H]1CCCCO[C@@H](CN(C)S(C)(=O)=O)[C@@H](C)CN([C@@H](C)CO)C(=O)c2cc(NC(=O)CCCN(C)C)ccc2O1,10.4041,-0.6493878725811048,-0.7742394746942383,0.06523214072515746,-0.8394716154193957,0.12397849175289413
correct_CP,C[C@@H]1CCCCO[C@@H](CN(C)S(C)(=O)=O)[C@@H](C)CN([C@@H](C)CO)C(=O)c2cc(NC(=O)c3ccccc3)ccc2O1,10.0014,0.1656510700376274,0.16719168609321786,0.059965350055932676,0.10722633603728518,0.11221119461163687
correct_CP,C[C@@H]1CCCCO[C@@H](CN(C)S(C)(=O)=O)[C@H](C)CN([C@@H](C)CO)C(=O)c2cc(N(C)C)ccc2O1,9.97262,0.22073643618158448,0.22443013354156738,0.01518521379720849,0.20924491974435888,0.3741666456416601
correct_CP,C[C@@H]1CCCCO[C@H](CN(C)C(=O)C2CCCCC2)[C@@H](C)CN([C@@H](C)CO)C(=O)c2cc(NS(C)(=O)=O)ccc2O1,10.0923,-0.20516192468948294,-0.20811539958915948,0.006513589727068008,-0.21462898931622748,0.14277204502923768
correct_CP,C[C@@H]1CCCCO[C@H](CN(C)C(=O)CCC(F)(F)F)[C@H](C)CN([C@H](C)CO)C(=O)c2cc(N(C)C)ccc2O1,10.0091,0.5320722768650056,0.5930313405264149,0.07717363412125894,0.5158577064051559,-0.05117381877478051
correct_CP,C[C@@H]1CCCCO[C@H](CN(C)C(=O)CCCN(C)C)[C@@H](C)CN([C@@H](C)CO)C(=O)c2cc(NC(=O)c3ccccc3)ccc2O1,9.99917,0.3373991914131748,0.3511546974171641,0.055355057786569156,0.29579963963059497,0.07102432652444213
correct_CP,C[C@@H]1CCCCO[C@H](CN(C)C(=O)CCCN(C)C)[C@H](C)CN([C@H](C)CO)C(=O)c2cc(N(C)C)ccc2O1,10.0265,0.05670231843731163,0.05676320481076763,-0.047753511134130774,0.1045167159448984,0.2842966367238537
correct_CP,C[C@@H]1CCCCO[C@H](CN(C)C(=O)CCCN(C)C)[C@H](C)CN([C@H](C)CO)C(=O)c2cc(NC(=O)c3ccccc3)ccc2O1,10.0136,0.13384283617267748,0.13465075383324432,0.08592952655968462,0.048721227273559695,-0.13159533050720967
correct_CP,C[C@@H]1CCCCO[C@H](CN(C)C(=O)Cc2ccccc2)[C@H](C)CN([C@@H](C)CO)C(=O)c2cc(N(C)C)ccc2O1,10.0737,0.10889597341412176,0.1093295037609515,0.013170659816953912,0.0961588439439976,-0.3451114398160217
correct_CP,C[C@@H]1CCCCO[C@H](CN(C)C(=O)Cc2ccccc2)[C@H](C)CN([C@@H](C)CO)C(=O)c2cc(NS(C)(=O)=O)ccc2O1,10.0201,0.3802349729526601,0.4003343081704972,0.031668691555687814,0.3686656166148094,0.17523060308688804
correct_CP,C[C@@H]1CCCCO[C@H](CN(C)C(=O)Nc2ccc(C(F)(F)F)cc2)[C@@H](C)CN([C@H](C)CO)C(=O)c2cc(N(C)C)ccc2O1,9.80323,-0.20890978587286121,-0.2120311085191904,-0.32276636095869154,0.11073525243950114,0.21099673352763304
correct_CP,C[C@@H]1CCCCO[C@H](CN(C)C(=O)Nc2ccc(F)cc2)[C@H](C)CN([C@H](C)CO)C(=O)c2cc(N(C)C)ccc2O1,10.0012,0.12484699122211027,0.1255017796705943,0.0680976284664049,0.057404151204189416,0.04328747759052781
correct_CP,C[C@@H]1CCCCO[C@H](CN(C)C(=O)Nc2ccc3c(c2)OCO3)[C@@H](C)CN([C@@H](C)CO)C(=O)c2cc(N(C)C)ccc2O1,9.97268,-0.14427688861780474,-0.1452906611778617,-0.031689110274807746,-0.11360155090305396,-0.10660306367730568
correct_CP,C[C@@H]1CCCCO[C@H](CN(C)C(=O)c2ccccc2)[C@@H](C)CN([C@@H](C)CO)C(=O)c2cc(N(C)C)ccc2O1,9.96661,-0.17717743976752542,-0.17906713780188258,0.03813907330362578,-0.21720621110550836,-0.1382046993844388
correct_CP,C[C@@H]1CCCCO[C@H](CN(C)C(=O)c2ccccc2)[C@@H](C)CN([C@@H](C)CO)C(=O)c2cc(NS(C)(=O)=O)ccc2O1,10.0091,0.051720686010464485,0.05176687829047423,0.001863587130124756,0.04990329116034947,-0.18318696043993832
correct_CP,C[C@@H]1CCCCO[C@H](CN(C)C(=O)c2ccccc2)[C@H](C)CN([C@@H](C)CO)C(=O)c2cc(N(C)C)ccc2O1,10.0594,0.2715592393757268,0.27854643425867587,0.0005324697459794924,0.2780139645126964,0.24382920762036525
correct_CP,C[C@@H]1CCCCO[C@H](CN(C)C(=O)c2ccncc2)[C@@H](C)CN([C@@H](C)CO)C(=O)c2cc(NC(=O)C3CCCCC3)ccc2O1,10.063,0.12792819315929482,0.12863300183598725,-0.03827089796034331,0.16690389979633055,0.03256627274594184
correct_CP,C[C@@H]1CCCCO[C@H](CN(C)C(=O)c2ccncc2)[C@@H](C)CN([C@H](C)CO)C(=O)c2cc(N(C)C)ccc2O1,9.80102,-0.005319235223673136,-0.005319285392472271,-0.04341997330164615,0.03810068790917388,0.21254898214120216
correct_CP,C[C@@H]1CCCCO[C@H](CN(C)C(=O)c2ccncc2)[C@H](C)CN([C@@H](C)CO)C(=O)c2cc(N(C)C)ccc2O1,10.0459,0.30911645480340166,0.3195682239631582,0.09075209328611557,0.22881613067704265,0.08125228661070626
correct_CP,C[C@@H]1CCCCO[C@H](CN(C)C)[C@@H](C)CN([C@@H](C)CO)C(=O)c2cc(NC(=O)C3CCCCC3)ccc2O1,10.042,-0.08109601323947335,-0.08127449574135362,0.09339735724752138,-0.174671852988875,0.02179000808754289
correct_CP,C[C@@H]1CCCCO[C@H](CN(C)C)[C@@H](C)CN([C@@H](C)CO)C(=O)c2cc(NC(=O)NC3CCCCC3)ccc2O1,10.0686,0.043165227399640266,0.04319206642471485,0.05731286824971407,-0.014120801824999224,0.038481692125465816
correct_CP,C[C@@H]1CCCCO[C@H](CN(C)C)[C@@H](C)CN([C@@H](C)CO)C(=O)c2cc(NC(=O)c3ccncc3)ccc2O1,10.0263,0.3309436628512348,0.34388761149910496,0.011216911708781373,0.3326706997903236,0.21594968250849456
correct_CP,C[C@@H]1CCCCO[C@H](CN(C)C)[C@@H](C)CN([C@H](C)CO)C(=O)c2cc(NS(=O)(=O)c3ccccc3)ccc2O1,10.2865,0.09935719277106482,0.09968608956494115,0.09663582372055243,0.003050265844388722,-0.2720050274327086
correct_CP,C[C@@H]1CCCCO[C@H](CN(C)C)[C@@H](C)CN([C@H](C)CO)C(=O)c2cc(NS(C)(=O)=O)ccc2O1,9.98344,0.2852415875765175,0.293378692339424,0.0060190838358476495,0.28735960850357634,0.2091119478581853
correct_CP,C[C@@H]1CCCCO[C@H](CN(C)C)[C@H](C)CN([C@@H](C)CO)C(=O)c2cc(NC(=O)NC3CCCCC3)ccc2O1,10.0444,0.13767516959054824,0.13855505055602188,-0.008362157658951017,0.1469172082149729,0.16352165776175118
correct_CP,C[C@@H]1CCCCO[C@H](CN(C)C)[C@H](C)CN([C@@H](C)CO)C(=O)c2cc(NC(=O)Nc3ccc(C(F)(F)F)cc3)ccc2O1,10.0179,-0.06943603921782536,-0.0695479552788026,0.03450354554962934,-0.10405150082843194,0.04466627798188669
correct_CP,C[C@@H]1CCCCO[C@H](CN(C)C)[C@H](C)CN([C@@H](C)CO)C(=O)c2cc(NC(=O)Nc3ccc(F)cc3)ccc2O1,10.0205,0.20523151262164757,0.2081880463641907,0.006861963743475381,0.2013260826207153,0.27346941184404594
correct_CP,C[C@@H]1CCCCO[C@H](CN(C)C)[C@H](C)CN([C@@H](C)CO)C(=O)c2cc(NS(=O)(=O)c3ccc(F)cc3)ccc2O1,10.0294,0.2718135588540695,0.27882102202274645,-0.021061200178789027,0.2998822222015355,0.1813573116243481
correct_CP,C[C@@H]1CCCCO[C@H](CN(C)C)[C@H](C)CN([C@H](C)CO)C(=O)c2cc(N(C)C)ccc2O1,10.1476,0.3888880329301915,0.4104892675603362,-0.0061320075100386034,0.41662127507037483,-0.2076521303064221
correct_CP,C[C@@H]1CCCCO[C@H](CN(C)C)[C@H](C)CN([C@H](C)CO)C(=O)c2cc(NC(=O)C3CCCCC3)ccc2O1,9.98936,-0.047655211733924355,-0.04769133627078698,0.05761656915638878,-0.10530790542717576,-0.09928756004173862
correct_CP,C[C@@H]1CCCCO[C@H](CN(C)C)[C@H](C)CN([C@H](C)CO)C(=O)c2cc(NC(=O)c3ccccc3)ccc2O1,10.0806,0.30806884789298705,0.3184103535712367,0.005731290881286351,0.3126790626899503,-0.011523064824070905
correct_CP,C[C@@H]1CCCCO[C@H](CN(C)C)[C@H](C)CN([C@H](C)CO)C(=O)c2cc(NC(=O)c3ccncc3)ccc2O1,10.0688,-0.20563024835599927,-0.2086043509263246,0.040758767430236764,-0.24936311835656136,0.3651098071334041
correct_CP,C[C@@H]1CCCCO[C@H](CN(C)CC2CCCCC2)[C@@H](C)CN([C@H](C)CO)C(=O)c2cc(NC(=O)CCCN(C)C)ccc2O1,9.97667,0.34609892644497176,0.3610049638907196,0.029116136981741633,0.331888826908978,0.08128334129643809
correct_CP,C[C@@H]1CCCCO[C@H](CN(C)Cc2ccc(C(=O)O)cc2)[C@H](C)CN([C@H](C)CO)C(=O)c2cc(N(C)C)ccc2O1,10.1095,0.14736857094373723,0.1484495169969796,-0.06699006208841538,0.215439579085395,0.11115216117226251
correct_CP,C[C@@H]1CCCCO[C@H](CN(C)Cc2ccc3c(c2)OCO3)[C@@H](C)CN([C@@H](C)CO)C(=O)c2cc(NS(C)(=O)=O)ccc2O1,10.09107,0.3515662222826493,0.3672297405802018,0.08515219490380052,0.2820775456764013,0.10638950953031912
correct_CP,C[C@@H]1CCCCO[C@H](CN(C)Cc2ccc3c(c2)OCO3)[C@H](C)CN([C@@H](C)CO)C(=O)c2cc(NS(C)(=O)=O)ccc2O1,10.0656,0.02660877575528676,0.026615058334532916,0.0004627535882585961,0.02615230474627432,0.12811571485625933
correct_CP,C[C@@H]1CCCCO[C@H](CN(C)Cc2ccccc2)[C@@H](C)CN([C@H](C)CO)C(=O)c2cc(NC(=O)CCC(F)(F)F)ccc2O1,10.4259,0.11628220322179503,0.1168106019938441,-0.13029398822514388,0.24710459021898798,0.3186630573974378
correct_CP,C[C@@H]1CCCCO[C@H](CN(C)Cc2ccccc2)[C@H](C)CN([C@@H](C)CO)C(=O)c2cc(NC(=O)CCCN(C)C)ccc2O1,10.0325,-0.07064495596671708,-0.07076283196426435,-0.03311603263077868,-0.037646799333485664,0.14307894028882
correct_CP,C[C@@H]1CCCCO[C@H](CN(C)Cc2ccccc2)[C@H](C)CN([C@@H](C)CO)C(=O)c2cc(NS(C)(=O)=O)ccc2O1,10.0228,-0.04474336056607401,-0.04477325474600157,0.03904492064076348,-0.08381817538676506,-0.39185204891269776
correct_CP,C[C@@H]1CCCCO[C@H](CN(C)Cc2ccncc2)[C@@H](C)CN([C@@H](C)CO)C(=O)c2cc(NC(=O)CCCN(C)C)ccc2O1,10.0187,0.28666286486343173,0.29492653502637983,0.011959127990504484,0.28296740703587536,0.1693035741012452
correct_CP,C[C@@H]1CCCCO[C@H](CN(C)Cc2ccncc2)[C@@H](C)CN([C@H](C)CO)C(=O)c2cc(NC(=O)C3CCCCC3)ccc2O1,9.96987,0.20307193597735232,0.20593454753298665,-0.011868784564276202,0.21780333209726285,-0.13836365678470747
correct_CP,C[C@@H]1CCCCO[C@H](CN(C)Cc2ccncc2)[C@@H](C)CN([C@H](C)CO)C(=O)c2cc(NC(=O)c3ccccc3)ccc2O1,10.093,0.22898472813462137,0.23311775100070714,0.05191591898062282,0.18120183202008433,0.11995580567244529
correct_CP,C[C@@H]1CCCCO[C@H](CN(C)Cc2ccncc2)[C@H](C)CN([C@@H](C)CO)C(=O)c2cc(N(C)C)ccc2O1,10.0346,-0.15422390552146478,-0.1554643964948675,0.016866989334598983,-0.1723313858294665,-0.01270713130033857
correct_CP,C[C@@H]1CCCCO[C@H](CN(C)Cc2ccncc2)[C@H](C)CN([C@@H](C)CO)C(=O)c2cc(NC(=O)C3CCCCC3)ccc2O1,10.0439,0.16223243042756083,0.16367862243186612,0.009367197311395513,0.1543114251204706,0.1771190762787293
correct_CP,C[C@@H]1CCCCO[C@H](CN(C)Cc2ccncc2)[C@H](C)CN([C@@H](C)CO)C(=O)c2cc(NC(=O)NC3CCCCC3)ccc2O1,10.045,-0.2662138518949012,-0.27278443648955275,0.03913494716925503,-0.3119193836588078,0.20381034062890607
correct_CP,C[C@@H]1CCCCO[C@H](CN(C)Cc2ccncc2)[C@H](C)CN([C@@H](C)CO)C(=O)c2cc(NS(C)(=O)=O)ccc2O1,10.0399,-0.20467612353430495,-0.20760830458708462,0.031154649977953523,-0.23876295456503815,0.10610715210158186
correct_CP,C[C@@H]1CCCCO[C@H](CN(C)S(=O)(=O)c2ccccc2)[C@H](C)CN([C@@H](C)CO)C(=O)c2cc(N(C)C)ccc2O1,10.0784,0.03939992116887894,0.039420327718123385,0.011647760129348669,0.027772567588774714,0.2986713156244562
correct_CP,C[C@@H]1CCCCO[C@H](CN(C)S(=O)(=O)c2cn(C)cn2)[C@H](C)CN([C@H](C)CO)C(=O)c2cc(N(C)C)ccc2O1,9.97203,0.14601834834993213,0.14706959977629153,0.009181862153803328,0.1378877376224882,0.05223331638204053
correct_CP,C[C@@H]1CCCCO[C@H](CN(C)S(C)(=O)=O)[C@@H](C)CN([C@@H](C)CO)C(=O)c2cc(NC(=O)C3CCCCC3)ccc2O1,10.0111,0.2018343660855689,0.20464408489706734,-0.008234664261977057,0.2128787491590444,0.01960062617304871
correct_CP,C[C@@H]1CC[C@H]2[C@@H](C)C(=O)O[C@@H]3O[C@@]4(C)CC[C@@H]1[C@]32OO4,10.0,0.45121666084049195,0.4862269213760093,0.0020171171961330843,0.48420980417987625,0.10259603042763372
correct_CP,C[C@@H]1CN([C@@H](C)CO)C(=O)CCCn2cc(nn2)CO[C@@H]1CN(C)C(=O)C1CCCCC1,9.87175,0.22610993313700903,0.23008597479432985,-0.061021310025496565,0.2911072848198264,-0.01793199026182623
correct_CP,C[C@@H]1CN([C@@H](C)CO)C(=O)CCCn2cc(nn2)CO[C@@H]1CN(C)C(=O)Nc1cccc2ccccc12,10.0584,0.15829199921448123,0.15963431144151183,-0.12078048311206899,0.2804147945535808,-0.12568027106469595
correct_CP,C[C@@H]1CN([C@@H](C)CO)C(=O)CCCn2cc(nn2)CO[C@@H]1CN(C)C(=O)Nc1ccccc1,9.83928,0.19105868956961602,0.1934357385460827,-0.0823205527907535,0.2757562913368362,0.14069498340458195
correct_CP,C[C@@H]1CN([C@@H](C)CO)C(=O)CCCn2cc(nn2)CO[C@@H]1CN(C)C(=O)Nc1ccccc1F,9.98155,-0.07623346052988769,-0.07638165556688223,0.052891312765695433,-0.12927296833257768,-0.20096966312323866
correct_CP,C[C@@H]1CN([C@@H](C)CO)C(=O)CCCn2cc(nn2)CO[C@@H]1CN(C)C(=O)c1cc(-c2ccccc2)on1,10.1063,-0.2968819234528783,-0.30609665165755995,0.0690247073228868,-0.37512135898044674,-0.18954136014475387
correct_CP,C[C@@H]1CN([C@@H](C)CO)C(=O)CCCn2cc(nn2)CO[C@@H]1CN(C)C(=O)c1ccc(N2CCN(C)CC2)cc1,10.2313,0.3554106869010982,0.371623193615931,0.08058116626591941,0.2910420273500116,0.13091532793937097
correct_CP,C[C@@H]1CN([C@@H](C)CO)C(=O)CCCn2cc(nn2)CO[C@@H]1CN(C)Cc1ccc(Oc2ccccc2)cc1,9.90833,0.10384246606292359,0.10421815311248486,0.06829062293414684,0.035927530178338024,0.13285746207281612
correct_CP,C[C@@H]1CN([C@@H](C)CO)C(=O)CCCn2cc(nn2)CO[C@@H]1CN(C)Cc1ccc2c(c1)OCO2,9.79256,0.4751529169144509,0.5167049930168628,0.08250978298296117,0.4341952100339016,-0.07943134782080703
correct_CP,C[C@@H]1CN([C@@H](C)CO)C(=O)CCCn2cc(nn2)CO[C@@H]1CN(C)S(C)(=O)=O,10.0037,0.16689056375611933,0.1684664213034013,0.1283080582646951,0.04015836303870621,-0.01319042240253046
correct_CP,C[C@@H]1CN([C@@H](C)CO)C(=O)CCCn2cc(nn2)CO[C@H]1CN(C)C,10.177,0.06399151427445723,0.06407907609061811,-0.0820849727103925,0.1461640488010106,0.0228351287348705
correct_CP,C[C@@H]1CN([C@@H](C)CO)C(=O)CCCn2cc(nn2)CO[C@H]1CN(C)C(=O)C1CC1,10.0113,-0.052612171153457225,-0.052660796144395464,0.06865352475347827,-0.12131432089787374,0.06645898585924709
correct_CP,C[C@@H]1CN([C@@H](C)CO)C(=O)CCCn2cc(nn2)CO[C@H]1CN(C)C(=O)CCC(F)(F)F,10.056,0.17232000253697033,0.1740566846928334,0.0934069188458994,0.080649765846934,-0.08854563032082131
correct_CP,C[C@@H]1CN([C@@H](C)CO)C(=O)CCCn2cc(nn2)CO[C@H]1CN(C)C(=O)Nc1ccc(F)cc1,9.98871,0.3343941986641133,0.3477675393263859,0.1241363236642555,0.22363121566213037,-0.2747880284533015
correct_CP,C[C@@H]1CN([C@@H](C)CO)C(=O)CCCn2cc(nn2)CO[C@H]1CN(C)C(=O)Nc1ccc(N2CCN(C)CC2)cc1,10.0082,0.07864995495686576,0.07881273089437424,0.1108762099788466,-0.032063479084472365,-0.12957415516731188
correct_CP,C[C@@H]1CN([C@@H](C)CO)C(=O)CCCn2cc(nn2)CO[C@H]1CN(C)C(=O)Nc1cccc(F)c1,10.001909,0.6499605773911742,0.7752304449766417,0.08871224883502514,0.6865181961416166,0.40183993933339224
correct_CP,C[C@@H]1CN([C@@H](C)CO)C(=O)CCCn2cc(nn2)CO[C@H]1CN(C)C(=O)Nc1cccc(Oc2ccccn2)c1,10.0421,0.13765081127021528,0.13853022170161125,-0.05761678119185641,0.19614700289346765,0.11442144456684114
correct_CP,C[C@@H]1CN([C@@H](C)CO)C(=O)CCCn2cc(nn2)CO[C@H]1CN(C)C(=O)Nc1ccccc1F,10.055,0.39771551061762334,0.42093224863357886,0.11965181548320672,0.3012804331503721,-0.6564744807445444
correct_CP,C[C@@H]1CN([C@@H](C)CO)C(=O)CCCn2cc(nn2)CO[C@H]1CN(C)Cc1ccc2c(c1)OCCO2,10.0884,-0.12213820588880615,-0.1227510426510539,-0.042685325223053676,-0.08006571742800023,-0.07314265776006562
correct_CP,C[C@@H]1CN([C@@H](C)CO)C(=O)CCCn2cc(nn2)CO[C@H]1CN(C)S(=O)(=O)c1ccc(Cl)cc1,10.0638,0.07938354873193872,0.07955093378168103,-0.05314843378760993,0.13269936756929096,-0.011653818038232774
correct_CP,C[C@@H]1CN([C@@H](C)CO)C(=O)CCCn2cc(nn2)CO[C@H]1CN(C)S(=O)(=O)c1ccc(F)cc1,9.90118,-0.07814376756384131,-0.07830341318902871,0.12100347225952575,-0.19930688544855446,0.13935985222672354
correct_CP,C[C@@H]1CN([C@@H](C)CO)C(=O)CCCn2cc(nn2)CO[C@H]1CN(C)S(=O)(=O)c1ccccc1F,10.0162,0.34366609306502316,0.35824369181842397,0.11336863891850354,0.24487505289992043,0.013508185178530058
correct_CP,C[C@@H]1CN([C@@H](C)CO)C(=O)CCCn2nncc2CO[C@@H]1CN(C)C(=O)NC1CCCCC1,10.0571,0.2563824157030326,0.26223243434910065,0.09353135241341541,0.16870108193568523,-0.15422689225609712
correct_CP,C[C@@H]1CN([C@@H](C)CO)C(=O)CCCn2nncc2CO[C@@H]1CN(C)C(=O)Nc1ccc2c(c1)OCO2,10.011,0.47486041982261656,0.5163272697038153,0.13015366535862788,0.3861736043451874,0.006733654770857106
correct_CP,C[C@@H]1CN([C@@H](C)CO)C(=O)CCCn2nncc2CO[C@@H]1CN(C)C(=O)c1cc(-c2ccccc2)on1,10.046,-0.077886789016459,-0.07804486099232687,-0.01769773641742902,-0.06034712457489785,0.3311388293662867
correct_CP,C[C@@H]1CN([C@@H](C)CO)C(=O)CCCn2nncc2CO[C@@H]1CN(C)Cc1ccc(-c2ccccc2)cc1,10.3222,0.2626223098320415,0.2689229024558082,0.059458471935334385,0.2094644305204738,0.24092414908526444
correct_CP,C[C@@H]1CN([C@@H](C)CO)C(=O)CCCn2nncc2CO[C@@H]1CN(C)Cc1cccc(O)c1,9.87312,0.16317667012892453,0.1646485385809262,-0.031501775117300276,0.1961503136982265,0.1628461591751889
correct_CP,C[C@@H]1CN([C@@H](C)CO)C(=O)CCCn2nncc2CO[C@@H]1CN(C)Cc1cccnc1,10.0581,0.3632804541148477,0.3806599438079988,0.15289603527282186,0.22776390853517692,-0.007656741778767295
correct_CP,C[C@@H]1CN([C@@H](C)CO)C(=O)CCCn2nncc2CO[C@H]1CN(C)C(=O)c1ccccc1,10.024,-0.03710651948646605,-0.03712356414862711,-0.05429612088695245,0.017172556738325344,0.08488487487577785
correct_CP,C[C@@H]1CN([C@@H](C)CO)C(=O)CCCn2nncc2CO[C@H]1CN(C)Cc1ccc(O)cc1,10.085926,0.10736430662648552,0.10777971634441627,0.046780787804948744,0.06099892853946753,0.017654166044331156
correct_CP,C[C@@H]1CN([C@@H](C)CO)C(=O)CCCn2nncc2CO[C@H]1CN(C)Cc1ccc2c(c1)OCCN2C,9.98734,0.4914095421953572,0.5379169310565695,0.05930887817220299,0.4786080528843665,-0.2787802568225542
correct_CP,C[C@@H]1CN([C@@H](C)CO)C(=O)CCCn2nncc2CO[C@H]1CN(C)Cc1ccccc1,10.0124,0.38385877622452136,0.40457744701878295,-0.010788707008251104,0.4153661540270341,0.10917569433329488
correct_CP,C[C@@H]1CN([C@@H](C)CO)C(=O)CCCn2nncc2CO[C@H]1CN(C)Cc1cccnc1,10.0325,0.17137586993287643,0.1730838216967036,0.050723695477368234,0.12236012621933537,0.12353119009846511
correct_CP,C[C@@H]1CN([C@@H](C)CO)C(=O)CCCn2nncc2CO[C@H]1CN(C)S(=O)(=O)c1ccc(F)cc1,10.0255,0.26338200881028945,0.26973905485743715,-0.014428847863796784,0.28416790272123393,-0.1971158948615136
correct_CP,C[C@@H]1CN([C@@H](C)CO)C(=O)CCCn2nncc2CO[C@H]1CN(C)S(=O)(=O)c1ccc(Oc2ccccc2)cc1,10.0024,0.5449719191828775,0.6112009403761652,-0.08694221241917091,0.6981431527953361,-0.5663274258048032
correct_CP,C[C@@H]1CN([C@@H](C)CO)C(=O)CCCn2nncc2CO[C@H]1CN(C)S(=O)(=O)c1ccccc1,10.0228,0.29643431236435813,0.30560584676303154,0.01658762753542846,0.28901821922760307,0.10013389609944087
correct_CP,C[C@@H]1CN([C@@H](C)CO)C(=O)Cc2cc(N(C)C)ccc2O[C@H]1CN(C)C(=O)NC1CCCCC1,10.0707,0.14481612649387485,0.1458414061650147,0.01946949076443139,0.12637191540058332,0.22709938819150063
correct_CP,C[C@@H]1CN([C@@H](C)CO)C(=O)Cc2cc(N(C)C)ccc2O[C@H]1CN(C)C(=O)Nc1ccccc1,9.98088,0.3193268592901404,0.3308973545438405,0.03560101459432031,0.2952963399495202,0.03932601282507011
correct_CP,C[C@@H]1CN([C@@H](C)CO)C(=O)Cc2cc(NC(=O)C3CCCCC3)ccc2O[C@H]1CN(C)CC1CC1,10.066,0.25439080876753445,0.260101865891444,-0.017347302857453662,0.2774491687488977,0.34859290817989264
correct_CP,C[C@@H]1CN([C@@H](C)CO)C(=O)Cc2cc(NC(=O)CCC(F)(F)F)ccc2O[C@H]1CN(C)C(=O)Nc1ccc2c(c1)OCO2,10.0202,0.14315394930655867,0.14414403926754166,0.019537704821471498,0.12460633444607017,-0.1111276876818233
correct_CP,C[C@@H]1CN([C@@H](C)CO)C(=O)Cc2cc(NC(=O)CCCN(C)C)ccc2O[C@H]1CN(C)CC1CCCCC1,9.9715,0.021313906652595457,0.021317135045032118,-0.07289218604466036,0.09420932108969247,0.010132181577408361
correct_CP,C[C@@H]1CN([C@@H](C)CO)C(=O)Cc2cc(NC(=O)CCN3CCOCC3)ccc2O[C@H]1CN(C)C(=O)NC1CCCCC1,10.1796,-0.029153228637805877,-0.029161492066163,-0.13553874271593297,0.10637725064976997,0.1545647113981351
correct_CP,C[C@@H]1CN([C@@H](C)CO)C(=O)Cc2cc(NS(C)(=O)=O)ccc2O[C@@H]1CN(C)Cc1ccncc1,9.74082,-0.07924077069906228,-0.07940725192954788,-0.08882625654463908,0.009419004615091195,0.14050733445361213
correct_CP,C[C@@H]1CN([C@@H](C)CO)C(=O)Cc2cc(NS(C)(=O)=O)ccc2O[C@H]1CN(C)Cc1ccncc1,9.90592,0.016817207304583547,0.01681879297923276,-0.05621776613202982,0.07303655911126258,0.034077106604477755
correct_CP,C[C@@H]1CN([C@@H](C)CO)C(=O)c2c(c3ccccc3n2C)-c2ccccc2CO[C@@H]1CN(C)C(=O)N[C@H](C)c1ccccc1,9.9205,0.07402242725680115,0.07415807099362988,0.045067040603274516,0.029091030390355363,0.15378068357844693
correct_CP,C[C@@H]1CN([C@@H](C)CO)C(=O)c2c(c3ccccc3n2C)-c2ccccc2CO[C@@H]1CN(C)C(=O)Nc1ccc(F)cc1,9.86141,0.1682596161624781,0.1698750296652301,0.08204496290727434,0.08783006675795577,-0.11755458368704358
correct_CP,C[C@@H]1CN([C@@H](C)CO)C(=O)c2c(c3ccccc3n2C)-c2ccccc2CO[C@@H]1CN(C)Cc1cccc(C(=O)O)c1,9.88596,-0.28416190259279855,-0.2922037741055684,-0.02762733062804773,-0.2645764434775207,-0.14737080181030718
correct_CP,C[C@@H]1CN([C@@H](C)CO)C(=O)c2c(c3ccccc3n2C)-c2ccccc2CO[C@@H]1CN(C)Cc1ccncc1,10.1052,0.05227352434096355,0.05232121539589292,-0.21308851197347597,0.2654097273693689,0.259920426500506
correct_CP,C[C@@H]1CN([C@@H](C)CO)C(=O)c2c(c3ccccc3n2C)-c2ccccc2CO[C@@H]1CN(C)S(=O)(=O)c1ccc(C#N)cc1,9.79465,-0.022113970529999253,-0.02211757636939911,0.12100075570239119,-0.1431183320717903,-0.1335953471546965
correct_CP,C[C@@H]1CN([C@@H](C)CO)C(=O)c2c(c3ccccc3n2C)-c2ccccc2CO[C@@H]1CN(C)S(=O)(=O)c1cccc(C#N)c1,9.94266,0.39879822435972967,0.42221906220897776,0.02780969648035451,0.39440936572862323,0.6269411866559536
correct_CP,C[C@@H]1CN([C@@H](C)CO)C(=O)c2c(c3ccccc3n2C)-c2ccccc2CO[C@H]1CN(C)C,10.1291,0.09286746459078757,0.09313582898331496,0.1204905587678526,-0.027354729784537637,-0.05225248417050235
correct_CP,C[C@@H]1CN([C@@H](C)CO)C(=O)c2c(c3ccccc3n2C)-c2ccccc2CO[C@H]1CN(C)C(=O)Cc1ccccc1,9.79899,0.7322357954456316,0.933530730468007,-0.03807525038036272,0.9716059808483698,0.4152501384325237
correct_CP,C[C@@H]1CN([C@@H](C)CO)C(=O)c2c(c3ccccc3n2C)-c2ccccc2CO[C@H]1CN(C)C(=O)c1ccc(F)cc1,10.0696,0.04962977379800262,0.049670582061873976,0.07235965630763935,-0.022689074245765377,0.2598923600626917
correct_CP,C[C@@H]1CN([C@@H](C)CO)C(=O)c2c(c3ccccc3n2C)-c2ccccc2CO[C@H]1CN(C)S(=O)(=O)Cc1ccccc1,10.2576,0.19824140216264716,0.20090135016572866,-0.024334141282174312,0.22523549144790297,0.17703461175223065
correct_CP,C[C@@H]1CN([C@@H](C)CO)C(=O)c2cc(-c3ccc(C(=O)N(C)C)cc3)cnc2O[C@@H]1CN(C)C(=O)c1ccncc1,10.008,0.03393395649434667,0.033946990636169995,-0.013716296758628446,0.04766328739479844,-0.012269440516861062
correct_CP,C[C@@H]1CN([C@@H](C)CO)C(=O)c2cc(-c3ccc(F)cc3)cnc2O[C@@H]1CN(C)C(=O)Cc1ccccn1,10.0488,0.3053975679894455,0.31546164077302935,-0.011426135813953285,0.32688777658698265,0.13754682640952876
correct_CP,C[C@@H]1CN([C@@H](C)CO)C(=O)c2cc(-c3cccc(F)c3)cnc2O[C@@H]1CN(C)C(=O)C1CCC1,10.0337,0.3091267350585096,0.31957959034618677,-0.006563097638643403,0.32614268798483015,0.020607500402736595
correct_CP,C[C@@H]1CN([C@@H](C)CO)C(=O)c2cc(-c3cccc(F)c3)cnc2O[C@@H]1CN(C)CC1CCOCC1,10.0254,-0.16935349106104683,-0.17100098965385732,-0.0532927352176937,-0.11770825443616362,-0.07123141079623224
correct_CP,C[C@@H]1CN([C@@H](C)CO)C(=O)c2cc(-c3ccccc3F)cnc2O[C@@H]1CN(C)Cc1cccc(F)c1,10.0254,0.12238351582097896,0.12300007505065763,0.03560330726852687,0.08739676778213076,0.18754873273672412
correct_CP,C[C@@H]1CN([C@@H](C)CO)C(=O)c2cc(-c3cncnc3)cnc2O[C@@H]1CN(C)C(=O)CN1CCOCC1,9.99958,0.14645320519489072,0.14751395921203206,0.04051769028834998,0.10699626892368208,0.1526559810715221
correct_CP,C[C@@H]1CN([C@@H](C)CO)C(=O)c2cc(/C=C/c3ccccc3)cnc2O[C@@H]1CN(C)C(=O)Cc1cccnc1,10.0681,0.10257439526180968,0.10293642923490852,0.19539702648841573,-0.0924605972535072,-0.05362571726396326
correct_CP,C[C@@H]1CN([C@@H](C)CO)C(=O)c2cc(/C=C/c3ccccc3)cnc2O[C@H]1CN(C)C(=O)CN1CCOCC1,10.0595,-0.2231598778345138,-0.2269791434373054,0.032459897894146605,-0.259439041331452,-0.05851135142065902
correct_CP,C[C@@H]1CN([C@@H](C)CO)C(=O)c2cc(Br)cnc2O[C@H]1CN(C)C(=O)c1ccc(F)cc1,10.1115,0.3409860526138651,0.3552078918715302,-0.0031563054165708246,0.358364197288101,0.3353963353672145
correct_CP,C[C@@H]1CN([C@@H](C)CO)C(=O)c2cc(Br)cnc2O[C@H]1CN(C)C(=O)c1ccccn1,9.97744,-0.10899907787361539,-0.10943384672597485,-0.05604349769700018,-0.053390349028974673,0.1435732216233297
correct_CP,C[C@@H]1CN([C@@H](C)CO)C(=O)c2cc(Br)cnc2O[C@H]1CN(C)Cc1ccccc1C(=O)O,9.99724,0.06599791163083252,0.06609398574286078,-0.014801342049362821,0.08089532779222361,-0.01323950248536489
correct_CP,C[C@@H]1CN([C@@H](C)CO)C(=O)c2cc(C#CC3(O)CCCC3)cnc2O[C@@H]1CN(C)C(=O)Cc1cccnc1,10.0349,0.08653242956993606,0.08674938607688176,-0.03491175474810391,0.12166114082498566,0.15205681497175805
correct_CP,C[C@@H]1CN([C@@H](C)CO)C(=O)c2cc(C#CC3(O)CCCC3)cnc2O[C@@H]1CN(C)Cc1ccccn1,10.0801,0.3327510415912818,0.3459186549877811,0.006643664737357471,0.3392749902504237,-0.1154399752442587
correct_CP,C[C@@H]1CN([C@@H](C)CO)C(=O)c2cc(C#CC3(O)CCCC3)cnc2O[C@H]1CN(C)Cc1ccccn1,10.0313,0.11723492313285974,0.11777648950343944,-0.027515392123178106,0.14529188162661755,0.17489748639659636
correct_CP,C[C@@H]1CN([C@@H](C)CO)C(=O)c2cc(C#CC3CCCCC3)cnc2O[C@@H]1CN(C)C(=O)Cc1ccccn1,10.0428,-0.28008613115567543,-0.2877755331830015,-0.01972277872903597,-0.2680527544539655,0.16815992528351048
correct_CP,C[C@@H]1CN([C@@H](C)CO)C(=O)c2cc(C#CC3CCCCC3)cnc2O[C@@H]1CN(C)Cc1cccnc1,10.0166,-0.13639010355831396,-0.13724539162843186,-0.003929591659629846,-0.13331579996880202,0.07739176458497977
correct_CP,C[C@@H]1CN([C@@H](C)CO)C(=O)c2cc(C#CCC3CCCC3)cnc2O[C@@H]1CN(C)C(=O)CN(C)C,10.0818,-0.024738825553038676,-0.024743874205730258,0.00217801097600676,-0.026921885181737017,-0.002148995987959561
correct_CP,C[C@@H]1CN([C@@H](C)CO)C(=O)c2cc(C#CCN(C)C)cnc2O[C@H]1CN(C)C(=O)c1cnccn1,10.0428,0.030845019370852277,0.030854807099073015,0.023793468649016693,0.007061338450056322,-0.04607364740530336
correct_CP,C[C@@H]1CN([C@@H](C)CO)C(=O)c2cc(C#Cc3ccccn3)cnc2O[C@H]1CN(C)CC1CCCC1,10.0645,0.05718359365220767,0.05724604564663248,-0.13421038166352875,0.19145642731016121,-0.15381654214699872
correct_CP,C[C@@H]1CN([C@@H](C)CO)C(=O)c2cc(C#Cc3cccnc3)cnc2O[C@@H]1CN(C)C(=O)CN(C)C,10.0256,0.20356747947932696,0.2064514596265435,0.08706256085462066,0.11938889877192282,-0.0008531589948776869
correct_CP,C[C@@H]1CN([C@@H](C)CO)C(=O)c2cc(C#Cc3cccnc3)cnc2O[C@H]1CN(C)C(=O)CN(C)C,10.0916,-0.00725848702006906,-0.007258614496761876,0.03106560242762349,-0.03832421692438537,-0.006899418723751379
correct_CP,C[C@@H]1CN([C@@H](C)CO)C(=O)c2cc(C3=CCCC3)cnc2O[C@@H]1CN(C)C(=O)C1CCOCC1,10.0005,0.5485813870037917,0.6163497295879277,-0.0374320126734707,0.6537817422613984,-0.23705671366126183
correct_CP,C[C@@H]1CN([C@@H](C)CO)C(=O)c2cc(C3=CCCC3)cnc2O[C@@H]1CN(C)C(=O)Nc1cccc(F)c1,10.0119,0.21505400937264701,0.21846444663918677,0.059973244073213555,0.1584912025659732,-0.022119465221989806
correct_CP,C[C@@H]1CN([C@@H](C)CO)C(=O)c2cc(C3=CCCC3)cnc2O[C@H]1CN(C)C(=O)c1ccccn1,10.0482,-0.1265810521003021,-0.1272636862165516,-0.00996322099141993,-0.11730046522513167,0.012594692649926275
correct_CP,C[C@@H]1CN([C@@H](C)CO)C(=O)c2cc(C3=CCCC3)cnc2O[C@H]1CN(C)Cc1ccccc1F,10.0591,0.10286329540278755,0.10322841011533655,0.16945397516655772,-0.06622556505122117,-0.12089685567079186
correct_CP,C[C@@H]1CN([C@@H](C)CO)C(=O)c2cc(C3=CCCCC3)cnc2O[C@H]1CN(C)C(=O)Cc1ccncc1,10.034,-0.12541167597123917,-0.12607544653895056,0.0247437299073952,-0.15081917644634577,0.051579753428148654
correct_CP,C[C@@H]1CN([C@@H](C)CO)C(=O)c2cc(C3=CCCCC3)cnc2O[C@H]1CN(C)Cc1ccc(C(=O)O)cc1,9.89147,0.15691708224128306,0.15822437248004512,-0.2222350734323491,0.3804594459123942,0.2138984907088596
correct_CP,C[C@@H]1CN([C@@H](C)CO)C(=O)c2cc(N(C)C)ccc2O[C@@H](C)CCCCO[C@@H]1CN(C)C(=O)Cc1ccccc1,9.98102,0.0800088744444957,0.0801802566507509,-0.024082532130905533,0.10426278878165643,0.23581783764385997
correct_CP,C[C@@H]1CN([C@@H](C)CO)C(=O)c2cc(N(C)C)ccc2O[C@@H](C)CCCCO[C@@H]1CN(C)C(=O)Nc1ccc2c(c1)OCO2,10.0398,-0.04839649056482293,-0.048434328835280135,0.02883147413724547,-0.07726580297252561,-0.014204758748559277
correct_CP,C[C@@H]1CN([C@@H](C)CO)C(=O)c2cc(N(C)C)ccc2O[C@@H](C)CCCCO[C@@H]1CN(C)Cc1ccc2c(c1)OCO2,10.0354,0.012971106835730313,0.012971834370409307,0.01506998360385972,-0.0020981492334504123,0.1240136425452053
correct_CP,C[C@@H]1CN([C@@H](C)CO)C(=O)c2cc(N(C)C)ccc2O[C@@H](C)CCCCO[C@H]1CN(C)C(=O)C1CCCCC1,10.0598,0.18788752416398,0.1901464856011583,0.06578714825885579,0.1243593373423025,0.2174180793568522
correct_CP,C[C@@H]1CN([C@@H](C)CO)C(=O)c2cc(N(C)C)ccc2O[C@@H]1CN(C)Cc1ccncc1,10.0849,-0.14166880959917444,-0.1426281556207081,-0.012540086385166162,-0.13008806923554195,-0.08205421083920683
correct_CP,C[C@@H]1CN([C@@H](C)CO)C(=O)c2cc(NC(=O)C3CCCCC3)ccc2O[C@@H](C)CCCCO[C@@H]1CN(C)C(=O)c1ccncc1,10.0177,-0.24938930082518426,-0.25476150540503645,-0.009735283760760233,-0.2450262216442762,0.03758486806041534
correct_CP,C[C@@H]1CN([C@@H](C)CO)C(=O)c2cc(NC(=O)CCC(F)(F)F)ccc2O[C@@H](C)CCCCO[C@@H]1CN(C)C,10.0859,0.45055433769193437,0.4853955904789181,0.03919589049228988,0.44619969998662823,0.30504082508060615
correct_CP,C[C@@H]1CN([C@@H](C)CO)C(=O)c2cc(NC(=O)CCC(F)(F)F)ccc2O[C@@H](C)CCCCO[C@@H]1CN(C)Cc1ccncc1,9.97197,-0.001621917507015015,-0.0016219189292315242,-0.0078118787259291965,0.006189959796697672,0.14337823512913217
correct_CP,C[C@@H]1CN([C@@H](C)CO)C(=O)c2cc(NC(=O)CCC(F)(F)F)ccc2O[C@@H](C)CCCCO[C@H]1CN(C)Cc1ccccc1,10.0031,0.06534294098489472,0.06543617820901157,-0.04863881846050404,0.11407499666951561,0.05240875741944076
correct_CP,C[C@@H]1CN([C@@H](C)CO)C(=O)c2cc(NC(=O)CCC(F)(F)F)ccc2O[C@@H](C)CCCCO[C@H]1CN(C)Cc1ccncc1,10.0457,-0.14334370224228937,-0.1443377675521007,0.043433067167566564,-0.18777083471966727,-0.13412870827066006
correct_CP,C[C@@H]1CN([C@@H](C)CO)C(=O)c2cc(NC(=O)Cc3ccccc3)ccc2O[C@@H](C)CCCCO[C@H]1CN(C)C,10.0442,0.2492622203144659,0.25462600152075043,0.00377475678396395,0.2508512447367865,-0.08087448696021564
correct_CP,C[C@@H]1CN([C@@H](C)CO)C(=O)c2cc(NC(=O)NC3CCCCC3)ccc2O[C@@H](C)CCCCO[C@@H]1CN(C)C,9.96064,-0.3014129463397134,-0.3110730173273457,-0.04103032667327555,-0.27004269065407016,0.4554896918266712
correct_CP,C[C@@H]1CN([C@@H](C)CO)C(=O)c2cc(NC(=O)NC3CCCCC3)ccc2O[C@@H](C)CCCCO[C@@H]1CN(C)Cc1ccncc1,10.074,0.059781436832357274,0.0598528059665567,0.0766541675731075,-0.016801361606550803,0.029019042938356776
correct_CP,C[C@@H]1CN([C@@H](C)CO)C(=O)c2cc(NC(=O)NC3CCCCC3)ccc2O[C@H]1CN(C)Cc1ccc2c(c1)OCO2,9.97098,-0.12203597250621445,-0.12264726239697152,-0.04351999430115924,-0.07912726809581228,0.17896095317520958
correct_CP,C[C@@H]1CN([C@@H](C)CO)C(=O)c2cc(NC(=O)Nc3ccc(F)cc3)ccc2O[C@@H]1CN(C)S(C)(=O)=O,10.1308,-0.14015517258042745,-0.14108385434485737,0.030726536447320978,-0.17181039079217836,-0.011807050128968849
correct_CP,C[C@@H]1CN([C@@H](C)CO)C(=O)c2cc(NC(=O)c3ccncc3)ccc2O[C@@H](C)CCCCO[C@H]1CN(C)C(=O)c1ccccc1,10.3891,0.16380478564569373,0.1652939042407225,0.16054241453461499,0.004751489706107503,-0.28121250251750946
correct_CP,C[C@@H]1CN([C@@H](C)CO)C(=O)c2cc(NC(=O)c3ccncc3)ccc2O[C@@H]1CN(C)Cc1ccc(Oc2ccccc2)cc1,9.9464,0.1922653183378776,0.19468838251875814,0.03589008792725813,0.15879829459150002,0.023001579506089012
correct_CP,C[C@@H]1CN([C@@H](C)CO)C(=O)c2cc(NS(=O)(=O)c3ccccc3)ccc2O[C@H]1CN(C)Cc1ccc2c(c1)OCO2,10.2908,-0.1418787317793309,-0.1428423837446008,-0.020902443694813432,-0.12193994004978735,0.12890321664040447
correct_CP,C[C@@H]1CN([C@@H](C)CO)C(=O)c2cc(NS(C)(=O)=O)ccc2O[C@@H](C)CCCCO[C@@H]1CN(C)C(=O)CCC(F)(F)F,10.1094,-0.0878067966905412,-0.08803351085192995,0.0965740819589058,-0.18460759281083575,-0.0901487251992327
correct_CP,C[C@@H]1CN([C@@H](C)CO)C(=O)c2cc(NS(C)(=O)=O)ccc2O[C@@H](C)CCCCO[C@H]1CN(C)C(=O)Cc1ccccc1,10.035,-0.016414420553428764,-0.016415894988423285,-0.019439424297077346,0.003023529308654061,0.1715506455402817
correct_CP,C[C@@H]1CN([C@@H](C)CO)C(=O)c2cccc(N(C)C)c2O[C@@H]1CN(C)C(=O)Nc1ccc(C(F)(F)F)cc1,10.0933,0.251166020328526,0.25665695439394437,-0.013151617433734709,0.2698085718276791,0.10796535230551874
correct_CP,C[C@@H]1CN([C@@H](C)CO)C(=O)c2cccc(N(C)C)c2O[C@@H]1CN(C)Cc1ccc(C(=O)Nc2ccccc2N)cc1,10.2997,-0.0683219377858744,-0.06842854288377649,-0.02024326665711789,-0.0481852762266586,0.3122762337432384
correct_CP,C[C@@H]1CN([C@@H](C)CO)C(=O)c2cccc(N(C)C)c2O[C@@H]1CN(C)S(=O)(=O)c1cccs1,9.98631,0.06060561679299053,0.06067998305289845,-0.11985748883654765,0.1805374718894461,-0.011008318465279804
correct_CP,C[C@@H]1CN([C@@H](C)CO)C(=O)c2cccc(N(C)C)c2O[C@H]1CN(C)Cc1ccc(Oc2ccccc2)cc1,10.0554,-0.08788207261212594,-0.08810937216837707,0.04347215447298018,-0.13158152664135725,-0.0644296746656367
correct_CP,C[C@@H]1CN([C@@H](C)CO)C(=O)c2cccc(NC(=O)C3CC3)c2O[C@H]1CN(C)Cc1ccc(C(=O)O)cc1,10.0034,0.2739548076350439,0.2811345506824875,0.04039605543885347,0.24073849524363403,-0.1999557750328026
correct_CP,C[C@@H]1CN([C@@H](C)CO)C(=O)c2cccc(NC(=O)C3CCOCC3)c2O[C@@H]1CN(C)C(=O)Nc1ccc(C(F)(F)F)cc1,10.0404,0.1820076540313561,0.1840583469422482,-0.010199401290802344,0.19425774823305056,0.08048537853436885
correct_CP,C[C@@H]1CN([C@@H](C)CO)C(=O)c2cccc(NC(=O)NC3CCCCC3)c2O[C@@H]1CN(C)Cc1ccc2c(c1)OCO2,10.0854,0.33713376433941356,0.3508552032786917,0.05375309459107867,0.297102108687613,0.2347910689063734
correct_CP,C[C@@H]1CN([C@@H](C)CO)C(=O)c2cccc(NC(=O)NC3CCCCC3)c2O[C@H]1CN(C)Cc1ccc2c(c1)OCO2,10.0668,0.36472054533849946,0.3823199849026099,0.026820710542730452,0.35549927435987944,-0.05620080381996635
correct_CP,C[C@@H]1CN([C@@H](C)CO)C(=O)c2cccc(NC(=O)Nc3ccc(F)cc3)c2O[C@@H]1CN(C)CC1CCCCC1,10.0521,0.2813514944688224,0.28914914124987967,-0.07028368861778983,0.3594328298676695,0.1222890274647549
correct_CP,C[C@@H]1CN([C@@H](C)CO)C(=O)c2cccc(NC(=O)Nc3cccc4ccccc34)c2O[C@H]1CN(C)CC1CC1,10.0986,0.204410439308891,0.20733101931114195,-0.03397860057780397,0.24130961988894592,0.1288069329083154
correct_CP,C[C@@H]1CN([C@@H](C)CO)C(=O)c2cccc(NS(C)(=O)=O)c2O[C@@H]1CN(C)C,10.256,-0.16616950694542368,-0.16772479755986253,-0.005942453275182951,-0.16178234428467958,-0.05637764995437723
correct_CP,C[C@@H]1CN([C@@H](C)CO)C(=O)c2cccc(NS(C)(=O)=O)c2O[C@H]1CN(C)C,9.82204,0.06982456526954106,0.06993837423458799,-0.09432686646324015,0.16426524069782814,0.11467071732242938
correct_CP,C[C@@H]1CN([C@@H](C)CO)C(=O)c2ccccc2-c2ccccc2CO[C@@H]1CN(C)C(=O)N[C@H](C)c1ccccc1,9.75893,0.5609265183165572,0.6341840313133864,0.02376999987543976,0.6104140314379467,0.26511617085621064
correct_CP,C[C@@H]1CN([C@@H](C)CO)C(=O)c2ccccc2-c2ccccc2CO[C@@H]1CN(C)C(=O)Nc1ccccc1,9.91073,0.08023622529829688,0.08040907644235976,0.06134527916374411,0.019063797278615645,0.05189777783724422
correct_CP,C[C@@H]1CN([C@@H](C)CO)C(=O)c2ccccc2-c2ccccc2CO[C@@H]1CN(C)C(=O)Nc1ccccc1C(F)(F)F,10.0029,0.24324511365820234,0.24822043119989373,-0.0125684706598682,0.26078890185976195,0.18881000507415302
correct_CP,C[C@@H]1CN([C@@H](C)CO)C(=O)c2ccccc2-c2ccccc2CO[C@@H]1CN(C)C(=O)Nc1ccnc(N2CCOCC2)c1,10.2454,0.19683869071461824,0.19944167905115517,0.04444748551007516,0.15499419354108002,0.05045621652644089
correct_CP,C[C@@H]1CN([C@@H](C)CO)C(=O)c2ccccc2-c2ccccc2CO[C@@H]1CN(C)Cc1ccc(O)cc1,10.024,-0.18511264042653314,-0.18727160484362138,0.007901600375800217,-0.19517320521942158,0.07120610952200158
correct_CP,C[C@@H]1CN([C@@H](C)CO)C(=O)c2ccccc2-c2ccccc2CO[C@@H]1CN(C)Cc1ccc2c(c1)OCO2,10.2066,-0.23444526181851186,-0.2388881242264959,-0.0780186932280866,-0.1608694309984093,0.23653077001346942
correct_CP,C[C@@H]1CN([C@@H](C)CO)C(=O)c2ccccc2-c2ccccc2CO[C@@H]1CN(C)S(=O)(=O)c1cccc(F)c1,9.8493,-0.03583197009584266,-0.035847317168408055,0.0694534567477403,-0.10530077391614835,-0.2654220172524668
correct_CP,C[C@@H]1CN([C@@H](C)CO)C(=O)c2ccccc2-c2ccccc2CO[C@@H]1CN(C)S(=O)(=O)c1cccs1,9.75905,0.3602078199559661,0.3771246854535908,0.1091585375963581,0.2679661478572327,0.5436251938775046
correct_CP,C[C@@H]1CN([C@@H](C)CO)C(=O)c2ccccc2-c2ccccc2CO[C@H]1CN(C)C(=O)CCN(C)C,9.83688,0.05626153522786481,0.0563210109035032,-0.00808799205462741,0.06440900295813061,-0.13186986029409029
correct_CP,C[C@@H]1CN([C@@H](C)CO)C(=O)c2ccccc2-c2ccccc2CO[C@H]1CN(C)C(=O)Cc1ccccc1,10.256,-0.24375091852894576,-0.2487581161138407,0.09243305552358402,-0.34119117163742474,-0.04360738792323093
correct_CP,C[C@@H]1CN([C@@H](C)CO)C(=O)c2ccccc2-c2ccccc2CO[C@H]1CN(C)C(=O)Oc1ccccc1,10.1737,0.47880464694277675,0.521432220037019,0.11292874620134169,0.40850347383567726,0.29951173374649415
correct_CP,C[C@@H]1CN([C@@H](C)CO)C(=O)c2ccccc2-c2ccccc2CO[C@H]1CN(C)C(=O)c1ccccc1,10.2462,0.22271581815330727,0.22651185911602112,-0.060087366386730755,0.28659922550275185,-0.029770336300058105
correct_CP,C[C@@H]1CN([C@@H](C)CO)C(=O)c2ccccc2-c2ccccc2CO[C@H]1CN(C)C(=O)c1ccncc1,9.86434,0.34233471480501343,0.3567347922763079,0.006475638270233874,0.350259154006074,-0.25540108395837036
correct_CP,C[C@@H]1CN([C@@H](C)CO)C(=O)c2ccccc2-c2ccccc2CO[C@H]1CN(C)Cc1ccncc1,10.185,-0.0030898190318083252,-0.0030898288646798483,0.03474691277765181,-0.03783674164233166,-0.10092186611195354
correct_CP,C[C@@H]1CN([C@@H](C)CO)C(=O)c2ccccc2-c2ccccc2CO[C@H]1CN(C)S(=O)(=O)c1cccs1,10.0189,0.5164259852091515,0.5714535675861201,0.07667945824840028,0.4947741093377198,0.1174517454740808
correct_CP,C[C@@H]1CN([C@@H](C)CO)S(=O)(=O)c2ccc(-c3ccc(C(=O)N(C)C)cc3)cc2O[C@@H]1CN(C)C(=O)Nc1ccccc1F,10.009,-0.08075005455358211,-0.080926256594817,0.0089792833140326,-0.0899055399088496,-0.07357362045330133
correct_CP,C[C@@H]1CN([C@@H](C)CO)S(=O)(=O)c2ccc(-c3ccc(C(=O)N(C)C)cc3)cc2O[C@H]1CN(C)C(=O)C1CCC1,10.0685,0.3235327259828486,0.33558783860248004,0.0005051603203192808,0.33508267828216076,0.05991538822868594
correct_CP,C[C@@H]1CN([C@@H](C)CO)S(=O)(=O)c2ccc(-c3cccc(C#N)c3)cc2O[C@@H]1CN(C)CC1CC1,10.0838,-0.1264754538719816,-0.1271563699187147,0.005100189317284714,-0.1322565592359994,-0.09754699903689905
correct_CP,C[C@@H]1CN([C@@H](C)CO)S(=O)(=O)c2ccc(-c3cccc(C#N)c3)cc2O[C@H]1CN(C)C(=O)Nc1cc(F)ccc1F,9.96613,0.6906355311366758,0.8491698492238752,0.7525848541180342,0.09658499510584095,0.3300232545756514
correct_CP,C[C@@H]1CN([C@@H](C)CO)S(=O)(=O)c2ccc(-c3ccccc3)cc2O[C@H]1CN(C)C(=O)c1ccc2c(c1)OCO2,10.0031,0.21814171437255458,0.22170414393181181,-0.024252327183860497,0.24595647111567231,-0.07913880377340772
correct_CP,C[C@@H]1CN([C@@H](C)CO)S(=O)(=O)c2ccc(-c3ccncc3)cc2O[C@@H]1CN(C)S(=O)(=O)c1ccccc1F,10.054,0.1669925688919688,0.16857135076970375,0.013140478714383175,0.15543087205532058,-0.12240753421888183
correct_CP,C[C@@H]1CN([C@@H](C)CO)S(=O)(=O)c2ccc(-c3cncnc3)cc2O[C@@H]1CN(C)C(=O)Cc1ccccc1,10.0551,-0.1393970610394922,-0.14031063611891006,0.017658127009105233,-0.1579687631280153,0.014646587811200797
correct_CP,C[C@@H]1CN([C@@H](C)CO)S(=O)(=O)c2ccc(-c3cncnc3)cc2O[C@@H]1CN(C)C(=O)c1cccc(F)c1,10.084,0.36854434692698385,0.3867376094385013,-0.003927182186548896,0.3906647916250502,0.0328077379165556
correct_CP,C[C@@H]1CN([C@@H](C)CO)S(=O)(=O)c2ccc(-c3cncnc3)cc2O[C@@H]1CN(C)Cc1ccc(Oc2ccccc2)cc1,10.0406,0.22841643607174136,0.23251809451133826,-0.004326661426805249,0.2368447559381435,-0.02362117178637165
correct_CP,C[C@@H]1CN([C@@H](C)CO)S(=O)(=O)c2ccc(/C=C/c3ccccc3)cc2O[C@H]1CN(C)C(=O)CN1CCOCC1,10.0015,-0.23973227485393186,-0.24449004336746907,-0.02323265517438973,-0.22125738819307933,0.08478396712555233
correct_CP,C[C@@H]1CN([C@@H](C)CO)S(=O)(=O)c2ccc(/C=C/c3ccccc3)cc2O[C@H]1CN(C)Cc1ccccc1,10.0659,0.28266610027025074,0.2905773296704036,0.050394447657971415,0.2401828820124322,0.09323390428363867
correct_CP,C[C@@H]1CN([C@@H](C)CO)S(=O)(=O)c2ccc(C#CC(C)(C)O)cc2O[C@@H]1CN(C)Cc1ccc(F)cc1,10.0055,0.6784046914424569,0.826152541722829,0.21237825172907654,0.6137742899937525,0.201703445808465
correct_CP,C[C@@H]1CN([C@@H](C)CO)S(=O)(=O)c2ccc(C#CC3CC3)cc2O[C@H]1CN(C)C(=O)c1cccc(F)c1,10.0433,0.2836970455162576,0.29169815614652644,0.2353330074215279,0.05636514872499854,-0.0021654477575916153
correct_CP,C[C@@H]1CN([C@@H](C)CO)S(=O)(=O)c2ccc(C#CC3CCCC3)cc2O[C@@H]1CN(C)Cc1cncnc1,10.0342,-0.009900014970143228,-0.00990033842363173,0.011663390527966777,-0.021563728951598506,0.1970111639595743
correct_CP,C[C@@H]1CN([C@@H](C)CO)S(=O)(=O)c2ccc(C#CC3CCCC3)cc2O[C@H]1CN(C)Cc1cncnc1,9.99045,0.12445501790211275,0.12510361978750448,-0.03490315019063729,0.16000676997814178,0.07464813260267643
correct_CP,C[C@@H]1CN([C@@H](C)CO)S(=O)(=O)c2ccc(C#C[C@@H](C)O)cc2O[C@@H]1CN(C)Cc1ccc(-c2ccccc2)cc1,10.0021,0.14823968541025162,0.14934008697018328,-0.13562771692329487,0.28496780389347814,0.021373995558213413
correct_CP,C[C@@H]1CN([C@@H](C)CO)S(=O)(=O)c2ccc(C3=CCCCC3)cc2O[C@@H]1CN(C)C(=O)Cc1ccncc1,10.036,0.4621716792490627,0.500069329128485,-0.132453125738814,0.632522454867299,0.11846878812651143
correct_CP,C[C@@H]1CN([C@H](C)CO)C(=O)CCCn2cc(nn2)CO[C@@H]1CN(C)C(=O)CCC(F)(F)F,10.2775,0.07415560047874047,0.07429197926262807,0.12001557885743615,-0.04572359959480808,0.1513283218743156
correct_CP,C[C@@H]1CN([C@H](C)CO)C(=O)CCCn2cc(nn2)CO[C@@H]1CN(C)C(=O)NC1CCCCC1,10.1178,0.07014065882367897,0.07025602349965979,-0.008553557945812442,0.07880958144547223,0.08915294368663532
correct_CP,C[C@@H]1CN([C@H](C)CO)C(=O)CCCn2cc(nn2)CO[C@@H]1CN(C)C(=O)Nc1ccccc1F,10.1491,0.36062881455168794,0.37760853244453263,-0.07373218396777018,0.4513407164123028,0.05762105209376382
correct_CP,C[C@@H]1CN([C@H](C)CO)C(=O)CCCn2cc(nn2)CO[C@@H]1CN(C)C(=O)Oc1ccc2ccccc2c1,9.88249,0.26162398215101856,0.2678509203286885,0.033169663722552756,0.23468125660613576,-0.07908013542453818
correct_CP,C[C@@H]1CN([C@H](C)CO)C(=O)CCCn2cc(nn2)CO[C@@H]1CN(C)C(=O)Oc1ccccc1,10.0603,0.31557159956273056,0.32672124432197197,0.10037317888195692,0.22634806544001507,-0.026554410274662238
correct_CP,C[C@@H]1CN([C@H](C)CO)C(=O)CCCn2cc(nn2)CO[C@@H]1CN(C)Cc1ccc(Cl)c(Cl)c1,9.92289,0.33504076449188386,0.3484956833894677,-0.0006845432324480791,0.3491802266219158,0.18015141335480242
correct_CP,C[C@@H]1CN([C@H](C)CO)C(=O)CCCn2cc(nn2)CO[C@@H]1CN(C)Cc1ccc(Oc2ccccc2)cc1,10.4694,0.4167380247294654,0.44373794985998744,-0.08013492877042432,0.5238728786304118,0.4294412364053818
correct_CP,C[C@@H]1CN([C@H](C)CO)C(=O)CCCn2cc(nn2)CO[C@@H]1CN(C)Cc1cccc(O)c1,9.88594,-0.08891364426218336,-0.08914906828758927,0.08090791206689604,-0.1700569803544853,-0.11419186250812059
correct_CP,C[C@@H]1CN([C@H](C)CO)C(=O)CCCn2cc(nn2)CO[C@@H]1CN(C)Cc1ccccc1C(F)(F)F,10.2084,0.24905648052261894,0.25440664392458184,0.012096802975654481,0.24230984094892735,0.02606677638167296
correct_CP,C[C@@H]1CN([C@H](C)CO)C(=O)CCCn2cc(nn2)CO[C@H]1CN(C)C(=O)Nc1ccc(N2CCN(C)CC2)cc1,10.0243,-0.016107644819239913,-0.016109038112366834,0.06611178941532722,-0.08222082752769405,-0.07365592179482816
correct_CP,C[C@@H]1CN([C@H](C)CO)C(=O)CCCn2cc(nn2)CO[C@H]1CN(C)C(=O)Oc1cccc2ccccc12,10.0525,0.26737067948677995,0.27402991507870245,0.07226901002136704,0.2017609050573354,0.0646029257935122
correct_CP,C[C@@H]1CN([C@H](C)CO)C(=O)CCCn2cc(nn2)CO[C@H]1CN(C)Cc1ccc2c(c1)OCCO2,9.70189,0.35093027635876745,0.3665042921804687,0.037054761260474696,0.329449530919994,0.046464114470474806
correct_CP,C[C@@H]1CN([C@H](C)CO)C(=O)CCCn2cc(nn2)CO[C@H]1CN(C)Cc1cccnc1,9.90744,0.05946355662541758,0.05953379171158312,-0.026445577053857982,0.0859793687654411,0.07166453052150012
correct_CP,C[C@@H]1CN([C@H](C)CO)C(=O)CCCn2nncc2CO[C@@H]1CN(C)C(=O)c1ccc(N2CCN(C)CC2)cc1,10.0414,-0.059091314098607156,-0.05916023657700859,0.13506932936005434,-0.19422956593706292,-0.1869707335915276
correct_CP,C[C@@H]1CN([C@H](C)CO)C(=O)CCCn2nncc2CO[C@@H]1CN(C)Cc1ccc(-c2ccccc2)cc1,9.79476,0.49878321226891903,0.5476850742702536,0.0079957297423821,0.5396893445278715,0.3670642879382276
correct_CP,C[C@@H]1CN([C@H](C)CO)C(=O)CCCn2nncc2CO[C@@H]1CN(C)Cc1ccc(Cl)c(Cl)c1,10.442,0.11588075065236769,0.11640366599295492,0.13120180086406177,-0.014798134871106858,-0.24340937026625584
correct_CP,C[C@@H]1CN([C@H](C)CO)C(=O)CCCn2nncc2CO[C@@H]1CN(C)Cc1ccc2c(c1)OCCO2,9.85433,0.506643255823725,0.5582034572459302,0.07726058522475421,0.480942872021176,-0.02101332791429033
correct_CP,C[C@@H]1CN([C@H](C)CO)C(=O)CCCn2nncc2CO[C@@H]1CN(C)Cc1ccc2cccnc2c1,10.2924,0.03704701561089538,0.037063978361249826,-0.011162387172542077,0.04822636553379191,-0.30374562556823315
correct_CP,C[C@@H]1CN([C@H](C)CO)C(=O)CCCn2nncc2CO[C@@H]1CN(C)Cc1cccc(C(F)(F)F)c1,10.18162,0.2895903392070998,0.29811904487003715,-0.04210817582868074,0.3402272206987179,0.37382863233570235
correct_CP,C[C@@H]1CN([C@H](C)CO)C(=O)CCCn2nncc2CO[C@@H]1CN(C)Cc1ccccc1C(F)(F)F,10.088,0.17663198698199015,0.17850406343185538,0.005667537436753478,0.1728365259951019,0.34184601264101444
correct_CP,C[C@@H]1CN([C@H](C)CO)C(=O)CCCn2nncc2CO[C@@H]1CN(C)S(=O)(=O)c1ccc(Oc2ccccc2)cc1,10.0424,0.244575747947684,0.24963523572364632,0.013780009030242938,0.2358552266934034,-0.24246393101485228
correct_CP,C[C@@H]1CN([C@H](C)CO)C(=O)CCCn2nncc2CO[C@H]1CN(C)C(=O)Cc1ccccc1,10.0489,0.2872154463257829,0.2955286947781316,-0.09134019554530383,0.3868688903234354,0.040925343762251175
correct_CP,C[C@@H]1CN([C@H](C)CO)C(=O)CCCn2nncc2CO[C@H]1CN(C)Cc1ccc2c(c1)OCCN2C,10.0079,0.08346526775659326,0.08365990084490162,0.01337722731490634,0.07028267352999527,-0.11514911821405531
correct_CP,C[C@@H]1CN([C@H](C)CO)C(=O)CCCn2nncc2CO[C@H]1CN(C)Cc1ccc2c(c1)OCO2,10.0336,-0.42593877036468075,-0.4549247997750643,-0.05247808103603659,-0.4024467187390277,-0.07771163044003193
correct_CP,C[C@@H]1CN([C@H](C)CO)C(=O)CCCn2nncc2CO[C@H]1CN(C)Cc1ccccc1C(F)(F)F,9.98391,0.3798365595319292,0.39986863952906315,0.003728241321334168,0.396140398207729,0.22543796699619703
correct_CP,C[C@@H]1CN([C@H](C)CO)C(=O)CCCn2nncc2CO[C@H]1CN(C)Cc1cccnc1,10.0385,0.18680159451386408,0.18902105549665021,0.10891589823389072,0.08010515726275949,0.21234400184568855
correct_CP,C[C@@H]1CN([C@H](C)CO)C(=O)CCCn2nncc2CO[C@H]1CN(C)S(=O)(=O)c1ccc(Cl)cc1,10.027,-0.04176938538552526,-0.04179370227116048,0.011946076374711307,-0.05373977864587179,0.07512167974286554
correct_CP,C[C@@H]1CN([C@H](C)CO)C(=O)CCCn2nncc2CO[C@H]1CN(C)S(=O)(=O)c1ccccc1,10.0411,0.06212641949303342,0.06220653472184791,0.13153948773696478,-0.06933295301511687,-0.25049318674204846
correct_CP,C[C@@H]1CN([C@H](C)CO)C(=O)Cc2cc(N(C)C)ccc2O[C@@H]1CN(C)Cc1ccc(C(F)(F)F)cc1,9.8943,-0.14173148713425948,-0.14269211744085616,0.03542552831026831,-0.1781176457511245,-0.1962011726027863
correct_CP,C[C@@H]1CN([C@H](C)CO)C(=O)Cc2cc(NC(=O)Cc3ccccc3)ccc2O[C@@H]1CN(C)Cc1ccc(C(=O)O)cc1,9.91401,0.5107157060845356,0.5636975481831111,-0.05237601073609447,0.6160735589192056,0.4410530622856382
correct_CP,C[C@@H]1CN([C@H](C)CO)C(=O)Cc2cc(NC(=O)Cc3ccccc3)ccc2O[C@H]1CN(C)C(=O)NC1CCCCC1,9.96989,0.17924545224196792,0.18120298416439307,0.04518104227793061,0.13602194188646247,-0.1569736142503966
correct_CP,C[C@@H]1CN([C@H](C)CO)C(=O)Cc2cc(NC(=O)Nc3ccc(F)cc3)ccc2O[C@H]1CN(C)Cc1ccc(C(=O)O)cc1,9.86118,0.005439606100129838,0.0054396597524876255,-0.004118047643599928,0.009557707396087554,-0.1501357514183256
correct_CP,C[C@@H]1CN([C@H](C)CO)C(=O)Cc2cc(NC(=O)c3ccncc3)ccc2O[C@H]1CN(C)Cc1ccc(-c2ccccc2)cc1,9.9326,0.004255190953194427,0.00425521663589127,-0.011862267144040206,0.016117483779931475,0.035269350152059814
correct_CP,C[C@@H]1CN([C@H](C)CO)C(=O)Cc2cc(NS(=O)(=O)c3ccc(Cl)cc3)ccc2O[C@@H]1CN(C)CC1CCCCC1,10.2146,0.09296164466917224,0.09323082920959974,0.010975680584220472,0.08225514862537928,0.1158542954501269
correct_CP,C[C@@H]1CN([C@H](C)CO)C(=O)Cc2cc(NS(C)(=O)=O)ccc2O[C@H]1CN(C)Cc1ccncc1,10.0382,-0.3106959316927096,-0.32131551437092376,0.02115954055249384,-0.3424750549234176,-0.12208046540941075
correct_CP,C[C@@H]1CN([C@H](C)CO)C(=O)c2c(c3ccccc3n2C)-c2ccccc2CO[C@@H]1CN(C)C(=O)CCC(F)(F)F,10.0481,0.04236125986167113,0.042386625938048365,-0.0602765975853497,0.10266322352339807,-0.07350137192216027
correct_CP,C[C@@H]1CN([C@H](C)CO)C(=O)c2c(c3ccccc3n2C)-c2ccccc2CO[C@@H]1CN(C)C(=O)N[C@H](C)c1ccccc1,10.3415,-0.06330381117576174,-0.06338857573006368,-0.05683999957310851,-0.0065485761569551715,0.12424877943259853
correct_CP,C[C@@H]1CN([C@H](C)CO)C(=O)c2c(c3ccccc3n2C)-c2ccccc2CO[C@@H]1CN(C)C(=O)Nc1ccccc1,10.2715,0.3646666930354167,0.38225787141668804,0.031728170176150094,0.35052970124053795,0.4479265430724068
correct_CP,C[C@@H]1CN([C@H](C)CO)C(=O)c2c(c3ccccc3n2C)-c2ccccc2CO[C@@H]1CN(C)C(=O)[C@@H](Cc1ccccc1)N(C)C,10.0268,0.3115376485532074,0.322247435349688,0.07311628653213706,0.24913114881755097,0.020346100206972265
correct_CP,C[C@@H]1CN([C@H](C)CO)C(=O)c2c(c3ccccc3n2C)-c2ccccc2CO[C@@H]1CN(C)Cc1cccnc1,9.98432,-0.1153279260844784,-0.11584335318625233,0.035766067853070224,-0.15160942103932257,-0.1446932004905654
correct_CP,C[C@@H]1CN([C@H](C)CO)C(=O)c2c(c3ccccc3n2C)-c2ccccc2CO[C@@H]1CN(C)S(=O)(=O)c1ccc(C#N)cc1,10.1094,-0.07325276235851341,-0.0733842097975551,-0.0759337971677437,0.002549587370188608,0.21130885080492726
correct_CP,C[C@@H]1CN([C@H](C)CO)C(=O)c2c(c3ccccc3n2C)-c2ccccc2CO[C@@H]1CN(C)S(=O)(=O)c1ccc(Cl)cc1,9.771486,0.5119822299397988,0.5654124923685679,-0.03148603840979056,0.5968985307783585,-0.04344433328924498
correct_CP,C[C@@H]1CN([C@H](C)CO)C(=O)c2c(c3ccccc3n2C)-c2ccccc2CO[C@@H]1CN(C)S(=O)(=O)c1cccc(C#N)c1,9.87508,-0.09208887000635133,-0.09235051821410387,0.05937651289214495,-0.1517270311062488,0.03394386244130257
correct_CP,C[C@@H]1CN([C@H](C)CO)C(=O)c2c(c3ccccc3n2C)-c2ccccc2CO[C@@H]1CN(C)S(=O)(=O)c1cn(C)cn1,10.3556,0.09473469980331234,0.09501963974098673,-0.038084539854765995,0.13310417959575271,0.2145434949213258
correct_CP,C[C@@H]1CN([C@H](C)CO)C(=O)c2c(c3ccccc3n2C)-c2ccccc2CO[C@H]1CN(C)C(=O)Nc1ccc(F)cc1,10.0182,0.0038782501099498667,0.003878269554151009,0.06451342346468017,-0.06063515391052916,-0.01879890270025337
correct_CP,C[C@@H]1CN([C@H](C)CO)C(=O)c2c(c3ccccc3n2C)-c2ccccc2CO[C@H]1CN(C)C(=O)Nc1ccc2c(c1)OCO2,10.0438,-0.06433431159371569,-0.06442329050252327,-0.0313738565775106,-0.03304943392501267,0.019041011098801713
correct_CP,C[C@@H]1CN([C@H](C)CO)C(=O)c2c(c3ccccc3n2C)-c2ccccc2CO[C@H]1CN(C)C(=O)c1ccccc1,9.99405,-0.10095263360976554,-0.10129769680224272,-0.07972321966790417,-0.02157447713433855,0.04634538492263987
correct_CP,C[C@@H]1CN([C@H](C)CO)C(=O)c2c(c3ccccc3n2C)-c2ccccc2CO[C@H]1CN(C)C(=O)c1ccncc1,9.97114,0.19241848922545418,0.19484743771870203,-0.025970397188234524,0.22081783490693654,-0.003711103640483389
correct_CP,C[C@@H]1CN([C@H](C)CO)C(=O)c2c(c3ccccc3n2C)-c2ccccc2CO[C@H]1CN(C)S(=O)(=O)c1ccc(C#N)cc1,10.017,0.0463963406825173,0.0464296749837032,-0.06470329405924945,0.11113296904295264,0.22385113227724562
correct_CP,C[C@@H]1CN([C@H](C)CO)C(=O)c2c(c3ccccc3n2C)-c2ccccc2CO[C@H]1CN(C)S(=O)(=O)c1ccc(Cl)cc1,9.92041,-0.402437583814372,-0.4265541961510745,0.04250054177120536,-0.46905473792227986,-0.4878223406895536
correct_CP,C[C@@H]1CN([C@H](C)CO)C(=O)c2c(c3ccccc3n2C)-c2ccccc2CO[C@H]1CN(C)S(=O)(=O)c1cccc(F)c1,9.99108,-0.1540896642144307,-0.1553268873777251,-0.0409879708587792,-0.1143389165189459,-0.006087367332719175
correct_CP,C[C@@H]1CN([C@H](C)CO)C(=O)c2cc(-c3ccc(C(=O)N(C)C)cc3)cnc2O[C@@H]1CN(C)C(=O)c1ccncc1,10.1791,0.2784765814913267,0.2860298208077432,-0.008768545604642694,0.2947983664123859,-0.013481055502402984
correct_CP,C[C@@H]1CN([C@H](C)CO)C(=O)c2cc(-c3ccc(C(=O)N(C)C)cc3)cnc2O[C@H]1CN(C)C(=O)c1ccncc1,10.057,-0.053232166207689315,-0.05328253255069901,0.02036363226452912,-0.07364616481522812,0.07847343359741485
correct_CP,C[C@@H]1CN([C@H](C)CO)C(=O)c2cc(-c3cccc(F)c3)cnc2O[C@@H]1CN(C)C(=O)C1CCC1,10.0674,0.1507276392377946,0.15188490716735656,-0.014335207677200517,0.16622011484455707,-0.2120765812542407
correct_CP,C[C@@H]1CN([C@H](C)CO)C(=O)c2cc(-c3cccc(F)c3)cnc2O[C@H]1CN(C)Cc1ccccn1,10.0084,0.2825442351739606,0.290444886945498,-0.05239772622699128,0.3428426131724893,-0.008232521219158864
correct_CP,C[C@@H]1CN([C@H](C)CO)C(=O)c2cc(-c3ccccc3F)cnc2O[C@@H]1CN(C)C(=O)C1CCOCC1,10.0363,0.002040507408562766,0.0020405102405699977,0.06258060048029046,-0.060540090239720463,0.009565612891081376
correct_CP,C[C@@H]1CN([C@H](C)CO)C(=O)c2cc(-c3ccccc3F)cnc2O[C@H]1CN(C)C(=O)c1cnccn1,10.1526,0.09213660989725542,0.09239866663264196,0.20812136687959829,-0.11572270024695633,-0.17658712732604084
correct_CP,C[C@@H]1CN([C@H](C)CO)C(=O)c2cc(-c3ccccc3F)cnc2O[C@H]1CN(C)Cc1cccc(F)c1,10.0136,0.25094862194856155,0.25642493167205305,0.03493773333445881,0.22148719833759423,0.09961241265573004
correct_CP,C[C@@H]1CN([C@H](C)CO)C(=O)c2cc(-c3ccncc3)cnc2O[C@@H]1CN(C)S(=O)(=O)c1ccc(F)cc1,10.046,-0.0923340290648683,-0.0925977797265313,0.06479628381076927,-0.15739406353730057,-0.1780820770981758
correct_CP,C[C@@H]1CN([C@H](C)CO)C(=O)c2cc(/C=C/c3ccccc3)cnc2O[C@H]1CN(C)C(=O)c1ccc2c(c1)OCO2,10.0876,0.1470568501077998,0.14813089102940516,-0.07533126078762861,0.22346215181703377,-0.059359020889257735
correct_CP,C[C@@H]1CN([C@H](C)CO)C(=O)c2cc(Br)cnc2O[C@@H]1CN(C)C(=O)C1CCCCC1,10.003,0.18119380341621072,0.18321674110289274,0.040681892411295266,0.14253484869159747,0.05007807539204221
correct_CP,C[C@@H]1CN([C@H](C)CO)C(=O)c2cc(C#CC3(O)CCCC3)cnc2O[C@H]1CN(C)Cc1ccccn1,10.0155,-0.3810015160440022,-0.40123071384838055,0.010669340903599833,-0.4119000547519804,-0.22343533956524328
correct_CP,C[C@@H]1CN([C@H](C)CO)C(=O)c2cc(C#CCN(C)C)cnc2O[C@H]1CN(C)C(=O)c1cnccn1,10.0636,-0.21425804014318997,-0.21763002975607595,-0.13403027377829746,-0.0835997559777785,-0.06670085239742357
correct_CP,C[C@@H]1CN([C@H](C)CO)C(=O)c2cc(C#CCc3ccccc3)cnc2O[C@@H]1CN(C)Cc1ccc(C(=O)O)cc1,10.0027,0.3695826103647385,0.3879395925954038,0.04638455390958557,0.3415550386858182,0.20984769457686542
correct_CP,C[C@@H]1CN([C@H](C)CO)C(=O)c2cc(C#C[C@@H](C)O)cnc2O[C@@H]1CN(C)C(=O)Cc1ccncc1,10.0733,0.07671559675031656,0.07686662808768101,0.019186926052636104,0.057679702035044904,0.24165850316532422
correct_CP,C[C@@H]1CN([C@H](C)CO)C(=O)c2cc(C#Cc3ccccc3F)cnc2O[C@H]1CN(C)C(=O)C1CCCCC1,9.96964,0.20692700447387796,0.20995873760139872,0.03355851387240498,0.17640022372899372,0.4899735882574961
correct_CP,C[C@@H]1CN([C@H](C)CO)C(=O)c2cc(C#Cc3cccnc3)cnc2O[C@@H]1CN(C)C(=O)CN(C)C,10.0624,0.2007255013116893,0.2034883989740254,0.10984581356242076,0.09364258541160464,0.3228258736681314
correct_CP,C[C@@H]1CN([C@H](C)CO)C(=O)c2cc(C#Cc3cccnc3)cnc2O[C@@H]1CN(C)S(=O)(=O)c1ccccc1F,10.0683,0.2667474364056427,0.27335880826879944,-0.023603681579693052,0.2969624898484925,0.1458524852580068
correct_CP,C[C@@H]1CN([C@H](C)CO)C(=O)c2cc(C3=CCCC3)cnc2O[C@@H]1CN(C)C(=O)c1ccc2c(c1)OCO2,10.0535,0.04207670904433565,0.042101567017598665,0.02010545397431982,0.021996113043278843,0.00048013606930845734
correct_CP,C[C@@H]1CN([C@H](C)CO)C(=O)c2cc(C3=CCCCC3)cnc2O[C@@H]1CN(C)C(=O)Cc1ccncc1,10.0502,0.26144463037604065,0.2676584001345388,-0.03790232150101258,0.30556072163555137,0.20934673249991845
correct_CP,C[C@@H]1CN([C@H](C)CO)C(=O)c2cc(N(C)C)ccc2O[C@@H](C)CCCCO[C@@H]1CN(C)C(=O)C1CCCCC1,9.98252,-0.07270301753536555,-0.07283152146792629,-0.05589489908792905,-0.01693662237999724,-0.13970901941043562
correct_CP,C[C@@H]1CN([C@H](C)CO)C(=O)c2cc(N(C)C)ccc2O[C@@H](C)CCCCO[C@@H]1CN(C)C(=O)Cc1ccccc1,9.9333,-0.025554736011335785,-0.02556030098554899,0.044724537079784514,-0.0702848380653335,0.09696715022376273
correct_CP,C[C@@H]1CN([C@H](C)CO)C(=O)c2cc(N(C)C)ccc2O[C@@H](C)CCCCO[C@@H]1CN(C)C(=O)c1ccncc1,10.0157,-0.13682287667943738,-0.13768639445767522,0.022805059252586166,-0.16049145371026138,-0.24427932401604652
correct_CP,C[C@@H]1CN([C@H](C)CO)C(=O)c2cc(N(C)C)ccc2O[C@@H](C)CCCCO[C@@H]1CN(C)Cc1ccc(C(=O)O)cc1,10.0179,0.3219723294160659,0.33384599508204815,-0.007806582838023211,0.34165257792007137,-0.05465639300378516
correct_CP,C[C@@H]1CN([C@H](C)CO)C(=O)c2cc(N(C)C)ccc2O[C@@H](C)CCCCO[C@@H]1CN(C)Cc1ccc2c(c1)OCO2,9.9551,-0.004020600485038423,-0.004020622149890081,0.018325310986436798,-0.02234593313632688,0.05647175010572358
correct_CP,C[C@@H]1CN([C@H](C)CO)C(=O)c2cc(N(C)C)ccc2O[C@@H](C)CCCCO[C@@H]1CN(C)Cc1ccccc1,10.0287,0.2739506929305633,0.28113010211232997,0.02653480955187429,0.25459529256045565,0.5558476881858404
correct_CP,C[C@@H]1CN([C@H](C)CO)C(=O)c2cc(N(C)C)ccc2O[C@@H](C)CCCCO[C@@H]1CN(C)Cc1ccncc1,10.1063,-0.35754799626101197,-0.37407164795876324,-0.09565551999592413,-0.2784161279628391,0.24735311165179108
correct_CP,C[C@@H]1CN([C@H](C)CO)C(=O)c2cc(N(C)C)ccc2O[C@@H](C)CCCCO[C@H]1CN(C)C(=O)Nc1ccc(C(F)(F)F)cc1,10.1167,0.01815587174861114,0.01815786708430325,0.0010668024330966197,0.01709106465120663,-0.0827439634171141
correct_CP,C[C@@H]1CN([C@H](C)CO)C(=O)c2cc(N(C)C)ccc2O[C@@H](C)CCCCO[C@H]1CN(C)C(=O)Nc1ccc2c(c1)OCO2,10.077,-0.10300131007759529,-0.10336790272277373,-0.05223242325750106,-0.051135479465272665,-0.314260000116401
correct_CP,C[C@@H]1CN([C@H](C)CO)C(=O)c2cc(N(C)C)ccc2O[C@@H](C)CCCCO[C@H]1CN(C)C(=O)Nc1cccc2ccccc12,10.0713,-0.17672875820870085,-0.17860395280059993,-0.03641618820197918,-0.14218776459862076,-0.22403550340116257
correct_CP,C[C@@H]1CN([C@H](C)CO)C(=O)c2cc(N(C)C)ccc2O[C@@H](C)CCCCO[C@H]1CN(C)C(=O)Nc1ccccc1,9.9318,-0.17792355939516544,-0.17983754389003628,0.01885398984903594,-0.19869153373907222,-0.19083140209196062
correct_CP,C[C@@H]1CN([C@H](C)CO)C(=O)c2cc(N(C)C)ccc2O[C@@H](C)CCCCO[C@H]1CN(C)C(=O)c1ccncc1,10.3366,-0.07666433698843238,-0.07681506506555258,-0.082942850637548,0.00612778557199542,0.17435173052063282
correct_CP,C[C@@H]1CN([C@H](C)CO)C(=O)c2cc(N(C)C)ccc2O[C@@H](C)CCCCO[C@H]1CN(C)Cc1ccccc1,10.061,0.24085738890006472,0.24568410458295464,0.026377433410185988,0.21930667117276864,0.19101441079915427
correct_CP,C[C@@H]1CN([C@H](C)CO)C(=O)c2cc(N(C)C)ccc2O[C@@H](C)CCCCO[C@H]1CN(C)S(=O)(=O)c1ccc(F)cc1,10.0636,-0.21512603750153259,-0.2185399686994226,0.09786047443349294,-0.31640044313291554,-0.021150303265305245
correct_CP,C[C@@H]1CN([C@H](C)CO)C(=O)c2cc(N(C)C)ccc2O[C@@H]1CN(C)Cc1ccc(C(=O)Nc2ccccc2N)cc1,10.0581,0.15388773096145777,0.1551200494763171,-0.00808924630795109,0.16320929578426818,0.0768823789256502
correct_CP,C[C@@H]1CN([C@H](C)CO)C(=O)c2cc(N(C)C)ccc2O[C@H]1CN(C)C(=O)Nc1cccc2ccccc12,10.1609,0.20430518092065922,0.20722117353072594,-0.036450524155624026,0.24367169768634997,0.33532780669217377
correct_CP,C[C@@H]1CN([C@H](C)CO)C(=O)c2cc(N(C)C)ccc2O[C@H]1CN(C)Cc1ccc(C(=O)Nc2ccccc2N)cc1,10.0581,0.2728284670829268,0.2799172232728784,-0.04040182721474275,0.3203190504876211,0.22194600650580915
correct_CP,C[C@@H]1CN([C@H](C)CO)C(=O)c2cc(NC(=O)C3CC3)ccc2O[C@H]1CN(C)CC1CCCCC1,10.1658,0.1202905630107515,0.12087584709632812,-0.05502676435473766,0.17590261145106578,0.0316184941746588
correct_CP,C[C@@H]1CN([C@H](C)CO)C(=O)c2cc(NC(=O)C3CCCCC3)ccc2O[C@@H](C)CCCCO[C@H]1CN(C)Cc1ccncc1,9.99352,-0.21413071794413688,-0.2174965852241675,0.026172339074713967,-0.24366892429888148,0.15689002002305558
correct_CP,C[C@@H]1CN([C@H](C)CO)C(=O)c2cc(NC(=O)CCC(F)(F)F)ccc2O[C@@H](C)CCCCO[C@@H]1CN(C)Cc1ccncc1,9.9458,0.34781118357020363,0.3629515471863713,0.011023342018003597,0.3519282051683677,0.23998630184093794
correct_CP,C[C@@H]1CN([C@H](C)CO)C(=O)c2cc(NC(=O)CCC(F)(F)F)ccc2O[C@@H](C)CCCCO[C@H]1CN(C)S(C)(=O)=O,10.1243,-0.1067387667221416,-0.10714692460521427,-0.024070773968885125,-0.08307615063632914,-0.06424900147202885
correct_CP,C[C@@H]1CN([C@H](C)CO)C(=O)c2cc(NC(=O)CCCN(C)C)ccc2O[C@@H](C)CCCCO[C@@H]1CN(C)S(C)(=O)=O,10.0279,0.37999395409806946,0.40005258380348957,0.044569916658988955,0.3554826671445006,-0.3645227655845167
correct_CP,C[C@@H]1CN([C@H](C)CO)C(=O)c2cc(NC(=O)CCCN(C)C)ccc2O[C@@H](C)CCCCO[C@H]1CN(C)Cc1ccccc1,10.0032,0.08833705118472593,0.08856791051756133,0.026662612734758666,0.06190529778280266,0.11963152328393381
correct_CP,C[C@@H]1CN([C@H](C)CO)C(=O)c2cc(NC(=O)Cc3ccccc3)ccc2O[C@@H](C)CCCCO[C@H]1CN(C)C,10.0021,-0.42389254807507154,-0.45242771976686086,0.003928804541332001,-0.45635652430819285,-0.026960533663854307
correct_CP,C[C@@H]1CN([C@H](C)CO)C(=O)c2cc(NC(=O)Cn3cnnn3)ccc2O[C@H]1CN(C)Cc1ccc(Cl)c(Cl)c1,9.75103,0.1809509562583963,0.1829656617531282,0.05396640871536485,0.12899925303776336,0.15902256976881746
correct_CP,C[C@@H]1CN([C@H](C)CO)C(=O)c2cc(NC(=O)NC3CCCCC3)ccc2O[C@@H](C)CCCCO[C@@H]1CN(C)Cc1ccncc1,9.82253,0.1013862434696956,0.1017357906719199,0.08086912655485656,0.020866664117063338,0.046875503537512186
correct_CP,C[C@@H]1CN([C@H](C)CO)C(=O)c2cc(NC(=O)Nc3ccccc3)ccc2O[C@@H](C)CCCCO[C@H]1CN(C)C,9.99782,-0.23493043290053264,-0.23940157538170034,-0.07330768959507841,-0.16609388578662193,0.0729875830716263
correct_CP,C[C@@H]1CN([C@H](C)CO)C(=O)c2cc(NC(=O)c3ccncc3)ccc2O[C@@H](C)CCCCO[C@H]1CN(C)C(=O)c1ccccc1,10.1748,0.2176046034480794,0.2211402664526419,-0.0631122562359957,0.2842525226886376,0.08138856973026021
correct_CP,C[C@@H]1CN([C@H](C)CO)C(=O)c2cc(NC(=O)c3ccncc3)ccc2O[C@H]1CN(C)Cc1ccc2c(c1)OCO2,10.1933,0.4313007295454077,0.46149356970816463,-0.038862403898770485,0.5003559736069351,-0.005794267141017828
correct_CP,C[C@@H]1CN([C@H](C)CO)C(=O)c2cc(NC(=O)c3ccncc3)ccc2O[C@H]1CN(C)S(C)(=O)=O,9.79731,0.44821535630469234,0.4824647283482306,-0.011312840124295587,0.4937775684725262,-0.0155655277439116
correct_CP,C[C@@H]1CN([C@H](C)CO)C(=O)c2cccc(N(C)C)c2O[C@@H]1CN(C)C(=O)Nc1ccc2c(c1)OCO2,10.0677,0.27704083078301134,0.2844740415288259,-0.02790198139924728,0.31237602292807315,0.19606854552946157
correct_CP,C[C@@H]1CN([C@H](C)CO)C(=O)c2cccc(N(C)C)c2O[C@@H]1CN(C)C(=O)Nc1cccc2ccccc12,10.0061,0.004607027021427471,0.004607059616094925,-0.06431663246839237,0.06892369208448729,0.03661984121539952
correct_CP,C[C@@H]1CN([C@H](C)CO)C(=O)c2cccc(N(C)C)c2O[C@@H]1CN(C)Cc1ccc(C(=O)Nc2ccccc2N)cc1,10.0633,-0.009931936808890172,-0.009932263401455204,-0.01117030502576261,0.0012380416243074049,0.195562984220317
correct_CP,C[C@@H]1CN([C@H](C)CO)C(=O)c2cccc(N(C)C)c2O[C@@H]1CN(C)Cc1ccc(Oc2ccccc2)cc1,10.1194,-0.12922506088853297,-0.12995166991593898,-0.01934802049713643,-0.11060364941880255,-0.12524510038766565
correct_CP,C[C@@H]1CN([C@H](C)CO)C(=O)c2cccc(N(C)C)c2O[C@@H]1CN(C)Cc1ccncc1,10.0061,0.009104932032650318,0.009105183644141914,0.05632009206724024,-0.04721490842309833,0.09164967699786901
correct_CP,C[C@@H]1CN([C@H](C)CO)C(=O)c2cccc(N(C)C)c2O[C@H]1CN(C)S(=O)(=O)c1cn(C)cn1,10.1653,0.11844754517901684,0.11900618798618733,-0.03504697023689502,0.15405315822308235,0.0945343537914047
correct_CP,C[C@@H]1CN([C@H](C)CO)C(=O)c2cccc(NC(=O)C3CC3)c2O[C@H]1CN(C)Cc1ccc(C(=O)O)cc1,9.98841,0.3492165880419135,0.3645512557549373,-0.015412116410646395,0.3799633721655837,-0.0967102649692229
correct_CP,C[C@@H]1CN([C@H](C)CO)C(=O)c2cccc(NC(=O)C3CCOCC3)c2O[C@@H]1CN(C)Cc1ccc2c(c1)OCO2,9.97721,0.6507477906890105,0.7765946733580799,-0.011403905450744291,0.7879985788088242,0.17748472938070492
correct_CP,C[C@@H]1CN([C@H](C)CO)C(=O)c2cccc(NC(=O)C3CCOCC3)c2O[C@H]1CN(C)CC1CCCCC1,9.86275,0.47833313996138954,0.5208206451422117,-0.02119428863809415,0.5420149337803059,-0.19267083118010067
correct_CP,C[C@@H]1CN([C@H](C)CO)C(=O)c2cccc(NC(=O)NC3CCCCC3)c2O[C@H]1CN(C)C(=O)Nc1cccc2ccccc12,10.0095,0.44467490603922444,0.4780429497861077,-0.10482389389116906,0.5828668436772767,0.23591489368665475
correct_CP,C[C@@H]1CN([C@H](C)CO)C(=O)c2cccc(NC(=O)c3ccc(-c4nccs4)cc3)c2O[C@@H]1CN(C)CC1CCCCC1,9.75361,-0.01044944745151554,-0.010449827804806381,0.0012683153734881214,-0.011718143178294503,-0.10559851798299882
correct_CP,C[C@@H]1CN([C@H](C)CO)C(=O)c2cccc(NC(=O)c3ccc(-c4nccs4)cc3)c2O[C@H]1CN(C)CC1CCCCC1,10.2534,0.28966875809944864,0.29820464429367655,-0.05171470610799466,0.3499193504016712,0.09400046284540525
correct_CP,C[C@@H]1CN([C@H](C)CO)C(=O)c2cccc(NC(=O)c3ccncc3)c2O[C@H]1CN(C)CC1CC1,10.0419,0.6069690105010862,0.7041083095176386,0.0057239083514509445,0.6983844011661876,0.3923400013161205
correct_CP,C[C@@H]1CN([C@H](C)CO)C(=O)c2cccc(NC(=O)c3ccncc3)c2O[C@H]1CN(C)S(=O)(=O)c1ccccc1,10.0602,0.08757537914068757,0.0878002999730345,0.03068995782917588,0.057110342143858614,0.11558834060482898
correct_CP,C[C@@H]1CN([C@H](C)CO)C(=O)c2cccc(NS(C)(=O)=O)c2O[C@H]1CN(C)Cc1ccc(-c2ccccc2)cc1,10.0197,0.11543414979724106,0.11595101011251817,0.030486085733657638,0.08546492437886052,0.03885173260756724
correct_CP,C[C@@H]1CN([C@H](C)CO)C(=O)c2ccccc2-c2ccccc2CO[C@@H]1CN(C)C(=O)Nc1cccc(C(F)(F)F)c1,9.92815,0.11763363419275902,0.11818077600727525,0.08225876166014426,0.03592201434713099,-0.07687268431564832
correct_CP,C[C@@H]1CN([C@H](C)CO)C(=O)c2ccccc2-c2ccccc2CO[C@@H]1CN(C)C(=O)[C@H]1CCCN1C,10.2543,-0.4360515126104473,-0.4673448541725208,-0.06484512376379423,-0.40249973040872655,0.3358100825554361
correct_CP,C[C@@H]1CN([C@H](C)CO)C(=O)c2ccccc2-c2ccccc2CO[C@@H]1CN(C)Cc1cccc(F)c1,9.9766,-0.04279041652956271,-0.04281656195846977,0.07485713247580317,-0.11767369443427295,-0.024122127012302028
correct_CP,C[C@@H]1CN([C@H](C)CO)C(=O)c2ccccc2-c2ccccc2CO[C@@H]1CN(C)Cc1cccc(O)c1,10.1141,0.09797099677318188,0.09828626661254522,0.08183416589106249,0.016452100721482732,0.03105607511675039
correct_CP,C[C@@H]1CN([C@H](C)CO)C(=O)c2ccccc2-c2ccccc2CO[C@@H]1CN(C)S(=O)(=O)c1ccc(C#N)cc1,10.2641,0.09708551056412801,0.09739227692726929,-0.049517717452693684,0.14690999437996297,0.06000532763867936
correct_CP,C[C@@H]1CN([C@H](C)CO)C(=O)c2ccccc2-c2ccccc2CO[C@@H]1CN(C)S(=O)(=O)c1ccc(Cl)cc1,10.018,0.053391368931230254,0.05344218904140776,0.11792353174650816,-0.06448134270510039,0.009740708019051914
correct_CP,C[C@@H]1CN([C@H](C)CO)C(=O)c2ccccc2-c2ccccc2CO[C@@H]1CN(C)S(=O)(=O)c1cccc(C#N)c1,10.1894,-0.056963738222314333,-0.05702547171758508,-0.05120515731259127,-0.005820314404993809,0.19995615248052484
correct_CP,C[C@@H]1CN([C@H](C)CO)C(=O)c2ccccc2-c2ccccc2CO[C@@H]1CN(C)S(=O)(=O)c1cccc(F)c1,9.84849,-0.148399266459893,-0.14950325755556454,0.05225661125289619,-0.20175986880846072,-0.07869002602268632
correct_CP,C[C@@H]1CN([C@H](C)CO)C(=O)c2ccccc2-c2ccccc2CO[C@@H]1CN(C)S(=O)(=O)c1ccccc1,10.0212,-0.01911375796611935,-0.019116086122802405,0.06065811055523639,-0.0797741966780388,-0.16429677546152704
correct_CP,C[C@@H]1CN([C@H](C)CO)C(=O)c2ccccc2-c2ccccc2CO[C@@H]1CN(C)S(=O)(=O)c1ccccc1C#N,10.0025,0.07197004020957455,0.07209468857625614,-0.03505525998445473,0.10714994856071088,0.11011453279059534
correct_CP,C[C@@H]1CN([C@H](C)CO)C(=O)c2ccccc2-c2ccccc2CO[C@@H]1CN(C)S(=O)(=O)c1ccccc1F,9.77378,-0.06266671502022307,-0.06274894203397006,-0.022137686999577955,-0.04061125503439211,0.010733762565931814
correct_CP,C[C@@H]1CN([C@H](C)CO)C(=O)c2ccccc2-c2ccccc2CO[C@H]1CN(C)C(=O)CCN(C)C,9.84062,-0.3749381451616945,-0.39415670558557253,-0.03896626094198807,-0.35519044464358446,-0.1873453129243442
correct_CP,C[C@@H]1CN([C@H](C)CO)C(=O)c2ccccc2-c2ccccc2CO[C@H]1CN(C)C(=O)[C@H]1CCCN1C,10.2807,0.3064700315132809,0.3166448472465772,0.09409883749312536,0.22254600975345185,-0.07044841131523452
correct_CP,C[C@@H]1CN([C@H](C)CO)C(=O)c2ccccc2-c2ccccc2CO[C@H]1CN(C)S(=O)(=O)c1cccc(C#N)c1,10.0389,0.25242635380686396,0.2580026040637186,-0.02409645458038258,0.2820990586441012,0.327439585148555
correct_CP,C[C@@H]1CN([C@H](C)CO)C(=O)c2ccccc2-c2ccccc2CO[C@H]1CN(C)S(=O)(=O)c1cccc(F)c1,10.0309,-0.3561982720959822,-0.37252493669797726,0.044008487840744404,-0.41653342453872166,0.12976790617421946
correct_CP,C[C@@H]1CN([C@H](C)CO)C(=O)c2ccccc2-c2ccccc2CO[C@H]1CN(C)S(=O)(=O)c1ccccc1F,10.0661,0.024770606517508814,0.024775674657391573,0.042619835757573915,-0.017844161100182342,-0.14657316830452313
correct_CP,C[C@@H]1CN([C@H](C)CO)C(=O)c2ccccc2-c2ccccc2CO[C@H]1CN(C)S(=O)(=O)c1ccsc1,10.0447,0.2937394450994833,0.3026539356311655,0.03166287301276882,0.27099106261839667,0.21469296624874634
correct_CP,C[C@@H]1CN([C@H](C)CO)C(=O)c2ccccc2-c2ccccc2CO[C@H]1CN(C)S(=O)(=O)c1cn(C)cn1,10.0247,0.33572277561512187,0.3492641301670884,0.08506889610490624,0.26419523406218215,0.2881806818998076
correct_CP,C[C@@H]1CN([C@H](C)CO)S(=O)(=O)c2ccc(-c3cccc(C#N)c3)cc2O[C@@H]1CN(C)C(=O)c1ccncc1,10.0294,-0.06427866746264402,-0.06436741530937644,0.0009505890614281594,-0.0653180043708046,-0.0027666132337401655
correct_CP,C[C@@H]1CN([C@H](C)CO)S(=O)(=O)c2ccc(-c3cccc(C#N)c3)cc2O[C@H]1CN(C)C(=O)Nc1cc(F)ccc1F,10.0747,0.2326087833161144,0.23694571607570641,-0.018159976030569853,0.25510569210627626,0.12697829404763816
correct_CP,C[C@@H]1CN([C@H](C)CO)S(=O)(=O)c2ccc(-c3cccc(C(=O)N(C)C)c3)cc2O[C@@H]1CN(C)Cc1ccc2c(c1)OCO2,10.0643,0.06698923481341866,0.06708971150562643,-0.010495109485819172,0.07758482099144559,0.15507435503615508
correct_CP,C[C@@H]1CN([C@H](C)CO)S(=O)(=O)c2ccc(-c3ccccc3)cc2O[C@@H]1CN(C)C,10.032,0.10255635496611024,0.10291819714387963,0.04662450663529556,0.05629369050858407,-0.01686216287089698
correct_CP,C[C@@H]1CN([C@H](C)CO)S(=O)(=O)c2ccc(-c3cncnc3)cc2O[C@@H]1CN(C)C(=O)Cc1ccccc1,9.97018,0.10099381189827057,0.10133929925234943,-0.011148487583585626,0.11248778683593505,0.18438489755907073
correct_CP,C[C@@H]1CN([C@H](C)CO)S(=O)(=O)c2ccc(/C=C/c3ccccc3)cc2O[C@H]1CN(C)C(=O)CN1CCOCC1,10.0937,-0.16170156957539816,-0.16313346015500826,-0.006811119064387753,-0.15632234109062051,0.17939146373798084
correct_CP,C[C@@H]1CN([C@H](C)CO)S(=O)(=O)c2ccc(/C=C/c3ccccc3)cc2O[C@H]1CN(C)Cc1ccccc1,10.0447,-0.09037622252163391,-0.09062349563218107,-0.02993153669047371,-0.060691958941707355,0.06957176507926305
correct_CP,C[C@@H]1CN([C@H](C)CO)S(=O)(=O)c2ccc(C#CC(C)(C)O)cc2O[C@@H]1CN(C)Cc1ccc(F)cc1,10.062,0.3998882202613296,0.42351586615814363,0.1920583793043824,0.23145748685376122,0.1303914728907717
correct_CP,C[C@@H]1CN([C@H](C)CO)S(=O)(=O)c2ccc(C#CC(C)(C)O)cc2O[C@H]1CN(C)Cc1ccc(F)cc1,10.009,-0.14188782915024864,-0.14285166801593396,0.7539201784142834,-0.8967718464302173,-0.6244110901596255
correct_CP,C[C@@H]1CN([C@H](C)CO)S(=O)(=O)c2ccc(C#CC3CC3)cc2O[C@@H]1CN(C)C(=O)c1cccc(F)c1,10.0341,0.575069659134362,0.6550647633291823,0.19294484166111614,0.46211992166806615,0.04794758796264606
correct_CP,C[C@@H]1CN([C@H](C)CO)S(=O)(=O)c2ccc(C#CC3CC3)cc2O[C@@H]1CN(C)S(C)(=O)=O,9.99498,-0.06439571054777117,-0.06448494488173004,-0.10965738314781298,0.04517243826608294,-0.005954066511551698
correct_CP,C[C@@H]1CN([C@H](C)CO)S(=O)(=O)c2ccc(C#CC3CCCC3)cc2O[C@@H]1CN(C)Cc1ccccc1C(=O)O,9.99368,-0.004916158892189665,-0.004916198498353182,-0.011785544353545195,0.006869345855192013,0.00860099908697394
correct_CP,C[C@@H]1CN([C@H](C)CO)S(=O)(=O)c2ccc(C#CCN(C)C)cc2O[C@@H]1CN(C)C(=O)C1CCCCC1,10.0181,0.20088894588959313,0.20365871114207165,-0.019131699173547408,0.22279041031561905,0.22075031356697905
correct_CP,C[C@@H]1CN([C@H](C)CO)S(=O)(=O)c2ccc(C#CCN(C)C)cc2O[C@H]1CN(C)S(=O)(=O)c1cccc(F)c1,10.0382,0.16563295515490212,0.16717306016577366,-0.018138156602375048,0.1853112167681487,-0.020929785275627333
correct_CP,C[C@@H]1CN([C@H](C)CO)S(=O)(=O)c2ccc(C#Cc3ccccn3)cc2O[C@H]1CN(C)C,10.021,0.21563909093459785,0.2190779803166502,0.059384580947186946,0.15969339936946325,-0.025007045516376718
correct_CP,C[C@@H]1CN([C@H](C)CO)S(=O)(=O)c2ccc(C3=CCCCC3)cc2O[C@@H]1CN(C)Cc1cccc(C(=O)O)c1,9.98785,0.16862056493427446,0.17024651834208446,-0.031049358098170474,0.20129587644025493,0.13379376197953666
correct_CP,C[C@@H]1CN([C@H](C)CO)S(=O)(=O)c2ccc(C3=CCCCC3)cc2O[C@H]1CN(C)C(=O)Nc1ccc2c(c1)OCO2,10.0278,0.04882371155995034,0.0488625617264349,0.02043070152664586,0.028431860199789036,-0.024138299875792364
correct_CP,C[C@@H]1C[C@@H]([C@H](O)CC2CC(=O)NC(=O)C2)C(=O)[C@@H](C)C1,10.0,0.3905389742060086,0.4124358499368914,0.012713404019920847,0.3997224459169706,0.5886061814913471
correct_CP,C[C@H](C(=O)N(C)C[C@@H]1OCc2ccccc2-c2ccccc2C(=O)N([C@@H](C)CO)C[C@@H]1C)c1ccccc1,10.3584,0.16172925514563843,0.1631618891980182,-0.005806932272192892,0.16896882147021108,-0.20040013543563337
correct_CP,C[C@H](C(=O)N(C)C[C@H]1OCc2ccccc2-c2ccccc2C(=O)N([C@@H](C)CO)C[C@@H]1C)c1ccccc1,10.1566,-0.23563447376094154,-0.24014687441967497,0.09158878816719522,-0.3317356625868702,0.018123623675077527
correct_CP,C[C@H](CO)N1C[C@H](C)[C@@H](CN(C)C(=O)C2CC2)Oc2cc(Br)ccc2S1(=O)=O,10.0619,-0.04839160886081456,-0.04842943567156038,-0.001142936886766921,-0.047286498784793456,0.2310460609690384
correct_CP,C[C@H](CO)N1C[C@H](C)[C@@H](CN(C)C(=O)C2CCCCC2)OCCCC[C@H](C)Oc2ccc(NC(=O)c3ccncc3)cc2C1=O,10.0698,0.2863442939034914,0.29457947596172684,0.03490949706289086,0.259669978898836,0.06536813511702315
correct_CP,C[C@H](CO)N1C[C@H](C)[C@@H](CN(C)C(=O)C2CCOCC2)Oc2ncc(-c3cccc(C#N)c3)cc2C1=O,9.99771,-0.06436564405999343,-0.06445475325352737,0.011504646398470826,-0.07595939965199819,0.05469347889285612
correct_CP,C[C@H](CO)N1C[C@H](C)[C@@H](CN(C)C(=O)C2CCOCC2)Oc2ncc(C#CC3(O)CCCC3)cc2C1=O,10.0876,0.6112081185326453,0.7108476846970786,0.15325953339620693,0.5575881513008717,0.45910197808794806
correct_CP,C[C@H](CO)N1C[C@H](C)[C@@H](CN(C)C(=O)CCC(F)(F)F)OCc2ccccc2-c2ccccc2C1=O,9.78259,0.34978135541351096,0.3651946083739917,0.10792783624081141,0.2572667721331803,0.24307519981667963
correct_CP,C[C@H](CO)N1C[C@H](C)[C@@H](CN(C)C(=O)CCC(F)(F)F)OCc2cn(nn2)CCCC1=O,10.0284,0.2013496322702791,0.20413881733283873,0.07021978971465243,0.1339190276181863,0.12754600912318043
correct_CP,C[C@H](CO)N1C[C@H](C)[C@@H](CN(C)C(=O)CN2CCOCC2)Oc2cc(/C=C/c3ccccc3)ccc2S1(=O)=O,10.1453,-0.25081301813449697,-0.25628021950212265,0.020537384056159447,-0.2768176035582821,0.029437725545270462
correct_CP,C[C@H](CO)N1C[C@H](C)[C@@H](CN(C)C(=O)Cc2ccccc2)OCc2ccccc2-c2ccccc2C1=O,10.0168,0.2953760185900411,0.30444599650459314,-0.023239072946204906,0.32768506945079806,0.2821061046997923
correct_CP,C[C@H](CO)N1C[C@H](C)[C@@H](CN(C)C(=O)Cc2ccccc2)Oc2cc(-c3cncnc3)ccc2S1(=O)=O,10.1657,0.31902926867205583,0.3305660081263554,0.009411925530261885,0.3211540825960935,0.1539235057275988
correct_CP,C[C@H](CO)N1C[C@H](C)[C@@H](CN(C)C(=O)Cc2cccnc2)Oc2ncc(C#CC3(O)CCCC3)cc2C1=O,10.1939,0.16498555572107068,0.16650747208068756,0.025462005546952132,0.14104546653373543,0.10532249716630337
correct_CP,C[C@H](CO)N1C[C@H](C)[C@@H](CN(C)C(=O)Cc2ccncc2)Oc2ncc(C#C[C@@H](C)O)cc2C1=O,10.0039,-0.13259646259302718,-0.13338186042341366,-0.03785890349876079,-0.09552295692465287,0.2638358258250351
correct_CP,C[C@H](CO)N1C[C@H](C)[C@@H](CN(C)C(=O)NC2CCCCC2)OCc2ccccc2-c2c(n(C)c3ccccc23)C1=O,10.0332,0.369475783662033,0.38781587155887476,0.04635877147257082,0.3414571000863039,-0.034669811897943034
correct_CP,C[C@H](CO)N1C[C@H](C)[C@@H](CN(C)C(=O)NC2CCCCC2)Oc2c(NC(=O)c3ccncc3)cccc2C1=O,10.0408,0.3273208927404127,0.3398247083883854,0.04696093441285487,0.29286377397553054,0.1020224457640338
correct_CP,C[C@H](CO)N1C[C@H](C)[C@@H](CN(C)C(=O)NC2CCCCC2)Oc2ccc(N(C)C)cc2CC1=O,9.88612,0.1029332970450838,0.10329916087086262,0.02615919021160145,0.07713997065926118,-0.0586298746669343
correct_CP,C[C@H](CO)N1C[C@H](C)[C@@H](CN(C)C(=O)Nc2ccc(F)cc2)Oc2c(NC(=O)c3cnccn3)cccc2C1=O,10.0482,0.3170296549380409,0.32834138927448653,-0.0823003416704854,0.4106417309449719,0.18206221414701282
correct_CP,C[C@H](CO)N1C[C@H](C)[C@@H](CN(C)C(=O)Nc2ccc(F)cc2)Oc2ccc(NC(=O)C3CCCCC3)cc2CC1=O,9.65199,0.2850602985941714,0.2931813578824036,-0.050676541701078145,0.3438578995834818,0.207626534492441
correct_CP,C[C@H](CO)N1C[C@H](C)[C@@H](CN(C)C(=O)Nc2ccc(N3CCCCC3)cc2)OCc2cnnn2CCCC1=O,10.0731,0.10620908284334951,0.1066111669917753,0.08962806113323518,0.016983105858540112,-0.2335892102953104
correct_CP,C[C@H](CO)N1C[C@H](C)[C@@H](CN(C)C(=O)Nc2ccc3c(c2)OCO3)OCc2ccccc2-c2c(n(C)c3ccccc23)C1=O,9.97504,0.12287148661634018,0.12349549574718277,0.04031373940832081,0.08318175633886196,0.261901662376815
correct_CP,C[C@H](CO)N1C[C@H](C)[C@@H](CN(C)C(=O)Nc2cccc3ccccc23)OCc2cn(nn2)CCCC1=O,10.1484,-0.2776834807986377,-0.2851702507917093,-0.009603983243025306,-0.275566267548684,-0.22537170120952535
correct_CP,C[C@H](CO)N1C[C@H](C)[C@@H](CN(C)C(=O)Nc2cccc3ccccc23)Oc2c(NC(=O)c3ccncc3)cccc2C1=O,10.048,-0.34356213408244357,-0.35812581504767244,0.018031082015285478,-0.3761568970629579,0.05854874675775578
correct_CP,C[C@H](CO)N1C[C@H](C)[C@@H](CN(C)C(=O)Nc2cccc3ccccc23)Oc2ccc(NC(=O)c3ccncc3)cc2CC1=O,9.99608,0.32133233794571703,0.33313214888924797,-0.030651897074379604,0.36378404596362757,-0.06743790342808786
correct_CP,C[C@H](CO)N1C[C@H](C)[C@@H](CN(C)C(=O)Nc2ccccc2)OCc2ccccc2-c2ccccc2C1=O,10.2371,-0.1875988272253085,-0.18984724103733536,-0.11260089435760877,-0.07724634667972659,-0.04818570481810548
correct_CP,C[C@H](CO)N1C[C@H](C)[C@@H](CN(C)C(=O)Nc2ccccc2)Oc2ccc(N(C)C)cc2CC1=O,10.1456,-0.19960593207876842,-0.2023221003103002,-0.02343166905970811,-0.1788904312505921,0.1820661641202182
correct_CP,C[C@H](CO)N1C[C@H](C)[C@@H](CN(C)C(=O)[C@H](Cc2ccccc2)N(C)C)OCc2ccccc2-c2c(n(C)c3ccccc23)C1=O,10.0224,-0.20556868228330852,-0.20854006752076484,0.05897503963765205,-0.26751510715841686,-0.15421172351874796
correct_CP,C[C@H](CO)N1C[C@H](C)[C@@H](CN(C)C(=O)c2ccc(F)cc2)Oc2cc(Br)ccc2S1(=O)=O,10.011,-0.1256307306666029,-0.12629800781558712,0.09504470482182617,-0.22134271263741329,0.03137552902106647
correct_CP,C[C@H](CO)N1C[C@H](C)[C@@H](CN(C)C(=O)c2ccccc2)OCCCC[C@H](C)Oc2ccc(N(C)C)cc2C1=O,10.0094,0.19496491984118505,0.19749312692358617,0.028009338496103056,0.16948378842748313,-0.0032938316469668487
correct_CP,C[C@H](CO)N1C[C@H](C)[C@@H](CN(C)C(=O)c2ccccc2)OCCCC[C@H](C)Oc2ccc(NC(=O)CCCN(C)C)cc2C1=O,10.0817,0.2217337491516994,0.2254787722002249,0.008756202751184945,0.21672256944903995,0.03217639429404632
correct_CP,C[C@H](CO)N1C[C@H](C)[C@@H](CN(C)C(=O)c2ccccc2)OCc2ccccc2-c2c(n(C)c3ccccc23)C1=O,10.0589,-0.32163028827434953,-0.33346444176852785,-0.03790211773171549,-0.2955623240368124,-0.12035555918779421
correct_CP,C[C@H](CO)N1C[C@H](C)[C@@H](CN(C)C(=O)c2ccccn2)Oc2ncc(C3=CCCC3)cc2C1=O,10.008,0.02003615590379599,0.020038837704976057,0.13504707187748166,-0.11500823417250561,-0.07672540206683615
correct_CP,C[C@H](CO)N1C[C@H](C)[C@@H](CN(C)C(=O)c2ccncc2)Oc2ncc(C#CC3CCCC3)cc2C1=O,10.0567,0.35301186572578497,0.3688802216722239,-0.033619167562638226,0.4024993892348621,0.34268059020719094
correct_CP,C[C@H](CO)N1C[C@H](C)[C@@H](CN(C)C)OCCCC[C@H](C)Oc2ccc(N(C)C)cc2C1=O,10.0456,0.28048983578342457,0.28821365745458477,-0.03175408816719931,0.3199677456217841,0.35167789899733193
correct_CP,C[C@H](CO)N1C[C@H](C)[C@@H](CN(C)C)OCCCC[C@H](C)Oc2ccc(NC(=O)NC3CCCCC3)cc2C1=O,10.0535,0.014709636396264119,0.014710697458713153,0.025326697991629902,-0.01061600053291675,0.006202649000593672
correct_CP,C[C@H](CO)N1C[C@H](C)[C@@H](CN(C)C)OCCCC[C@H](C)Oc2ccc(NC(=O)Nc3ccc(F)cc3)cc2C1=O,9.98569,-0.13203636493047932,-0.13281178202125407,-0.038042342738140854,-0.09476943928311321,-0.18711269736597627
correct_CP,C[C@H](CO)N1C[C@H](C)[C@@H](CN(C)C)OCCCC[C@H](C)Oc2ccc(NC(=O)c3ccncc3)cc2C1=O,10.0051,0.1291976690462687,0.12992381298616132,0.07635026182454722,0.053573551161614094,-0.02300191522575329
correct_CP,C[C@H](CO)N1C[C@H](C)[C@@H](CN(C)C)OCCCC[C@H](C)Oc2ccc(NS(=O)(=O)c3ccccc3)cc2C1=O,10.0117,-0.3984076975307497,-0.42175476597857137,-0.04624931793577617,-0.3755054480427952,-0.08714006286749884
correct_CP,C[C@H](CO)N1C[C@H](C)[C@@H](CN(C)C)Oc2cc(-c3ccccc3)ccc2S1(=O)=O,10.0186,-0.12902209129429482,-0.12974525885032112,0.046518526995029175,-0.1762637858453503,0.005321005305802894
correct_CP,C[C@H](CO)N1C[C@H](C)[C@@H](CN(C)C)Oc2ccc(NC(=O)Cn3cnnn3)cc2CC1=O,10.1341,0.4609298636190144,0.49849135963119207,-0.013087718962555835,0.5115790785937478,-0.11502269470913473
correct_CP,C[C@H](CO)N1C[C@H](C)[C@@H](CN(C)C)Oc2ccc(NC(=O)Nc3ccccc3)cc2CC1=O,10.0481,0.5946170977324072,0.684778432060878,0.0033476301017446204,0.6814308019591333,-0.12965943436245558
correct_CP,C[C@H](CO)N1C[C@H](C)[C@@H](CN(C)CC2CC2)OCCCC[C@H](C)Oc2ccc(NC(=O)c3ccncc3)cc2C1=O,10.0744,0.12059992454880994,0.12118976262746219,-0.022342282624003416,0.1435320452514656,-0.0805258218037942
correct_CP,C[C@H](CO)N1C[C@H](C)[C@@H](CN(C)CC2CC2)Oc2ccc(N(C)C)cc2CC1=O,9.99583,-0.08911308876787762,-0.08935010568958451,-0.03280492786829105,-0.056545177821293466,-0.023989083806266687
correct_CP,C[C@H](CO)N1C[C@H](C)[C@@H](CN(C)CC2CCCCC2)Oc2ccc(NS(=O)(=O)c3ccc(Cl)cc3)cc2CC1=O,9.93811,0.5105789367609667,0.5635125345862471,-0.0007560938936534475,0.5642686284799006,-0.058101300819538904
correct_CP,C[C@H](CO)N1C[C@H](C)[C@@H](CN(C)CC2CCOCC2)Oc2cc(-c3cccnc3)ccc2S1(=O)=O,10.0919,-0.19981238388697276,-0.20253712823907247,0.045166776287406854,-0.24770390452647933,0.22167122352818708
correct_CP,C[C@H](CO)N1C[C@H](C)[C@@H](CN(C)Cc2ccc(-c3ccccc3)cc2)OCc2cnnn2CCCC1=O,10.0545,0.3511354451271167,0.3667382958323171,0.028090213833331573,0.33864808199898555,-0.08335125562104218
correct_CP,C[C@H](CO)N1C[C@H](C)[C@@H](CN(C)Cc2ccc(C(=O)O)cc2)Oc2ccc(NC(=O)Cc3ccccc3)cc2CC1=O,9.92959,0.32032530348016774,0.33200956550673655,0.019232047830393735,0.3127775176763428,-0.08882736705807057
correct_CP,C[C@H](CO)N1C[C@H](C)[C@@H](CN(C)Cc2ccc(C(F)(F)F)cc2)Oc2c(cccc2N(C)C)C1=O,10.0348,0.23620330408205625,0.24074923052987768,-0.021611557691787714,0.2623607882216654,0.17099746480610994
correct_CP,C[C@H](CO)N1C[C@H](C)[C@@H](CN(C)Cc2ccc(C(F)(F)F)cc2)Oc2ccc(N(C)C)cc2CC1=O,9.88912,-0.1996915250764823,-0.2024112466467097,-0.015024275001677094,-0.1873869716450326,0.17571506017512276
correct_CP,C[C@H](CO)N1C[C@H](C)[C@@H](CN(C)Cc2ccc(Cl)c(Cl)c2)Oc2ccc(N(C)C)cc2C1=O,10.0924,0.33132808664260666,0.3443193790254292,-0.013228580331973553,0.35754795935740274,0.03238247661722933
correct_CP,C[C@H](CO)N1C[C@H](C)[C@@H](CN(C)Cc2ccc3c(c2)OCCN3C)OCc2cn(nn2)CCCC1=O,10.3046,0.24549558768681148,0.25061383295247863,0.039067091744092744,0.2115467412083859,0.13566728895620883
correct_CP,C[C@H](CO)N1C[C@H](C)[C@@H](CN(C)Cc2ccc3c(c2)OCO3)OCCCC[C@H](C)Oc2ccc(NS(C)(=O)=O)cc2C1=O,10.0617,0.2830218789403307,0.29096404592579866,-0.013605595622300477,0.3045696415480991,0.03119243847497698
correct_CP,C[C@H](CO)N1C[C@H](C)[C@@H](CN(C)Cc2ccc3c(c2)OCO3)OCc2cnnn2CCCC1=O,10.0108,0.1426275335316877,0.14360665121683958,0.00605989092866375,0.13754676028817583,0.1545963557729392
correct_CP,C[C@H](CO)N1C[C@H](C)[C@@H](CN(C)Cc2ccc3c(c2)OCO3)Oc2c(NC(=O)NC3CCCCC3)cccc2C1=O,10.1083,0.14653803662810427,0.1476006511378568,0.008386035444380548,0.13921461569347626,0.08253911947662917
correct_CP,C[C@H](CO)N1C[C@H](C)[C@@H](CN(C)Cc2ccc3c(c2)OCO3)Oc2ccc(NC(=O)C3CC3)cc2CC1=O,10.1075,0.2833204714584215,0.2912886686142733,0.018353819086852508,0.2729348495274208,-0.06531753251798388
correct_CP,C[C@H](CO)N1C[C@H](C)[C@@H](CN(C)Cc2ccc3c(c2)OCO3)Oc2ccc(NC(=O)c3ccncc3)cc2C1=O,10.097,0.19725686823718167,0.1998767494182001,0.004638178736311246,0.19523857068188885,0.023353009320763493
correct_CP,C[C@H](CO)N1C[C@H](C)[C@@H](CN(C)Cc2ccc3cccnc3c2)OCc2cn(nn2)CCCC1=O,9.69064,0.10274705788329896,0.10311093096985902,0.01220946112242344,0.09090146984743558,0.2454879831728306
correct_CP,C[C@H](CO)N1C[C@H](C)[C@@H](CN(C)Cc2ccc3cccnc3c2)OCc2cnnn2CCCC1=O,10.0185,0.1719807235509478,0.17370704383486613,0.09662588514476217,0.07708115869010396,0.03247733690512336
correct_CP,C[C@H](CO)N1C[C@H](C)[C@@H](CN(C)Cc2cccc(C(=O)O)c2)OCc2ccccc2-c2c(n(C)c3ccccc23)C1=O,10.1588,-0.6156160452098844,-0.7179148398801909,-0.07494420586680192,-0.6429706340133889,-0.35286314082783865
correct_CP,C[C@H](CO)N1C[C@H](C)[C@@H](CN(C)Cc2cccc(C(=O)O)c2)OCc2ccccc2-c2ccccc2C1=O,9.87939,0.05803165848255439,0.05809693432063781,0.07088265038275164,-0.01278571606211383,0.36179877747828515
correct_CP,C[C@H](CO)N1C[C@H](C)[C@@H](CN(C)Cc2cccc(C(=O)O)c2)Oc2cc(C#CCC3CCCC3)ccc2S1(=O)=O,10.0075,0.20763826342965153,0.21070192860597053,-0.015591506757472607,0.22629343536344315,0.2004171920589198
correct_CP,C[C@H](CO)N1C[C@H](C)[C@@H](CN(C)Cc2cccc(C(F)(F)F)c2)OCc2cnnn2CCCC1=O,10.0509,0.09567070329415231,0.09596420441661604,-0.07503867369798306,0.1710028781145991,-0.07059251840949313
correct_CP,C[C@H](CO)N1C[C@H](C)[C@@H](CN(C)Cc2cccc(F)c2)Oc2ncc(-c3ccccc3F)cc2C1=O,10.0564,0.24948600850805683,0.25486462937297705,0.02870942264473645,0.2261552067282406,0.01891045892972843
correct_CP,C[C@H](CO)N1C[C@H](C)[C@@H](CN(C)Cc2ccccc2)OCCCC[C@H](C)Oc2ccc(NC(=O)CCC(F)(F)F)cc2C1=O,9.95872,-0.0675562384337349,-0.0676592928508298,-0.017638688425137102,-0.0500206044256927,0.29412512130217433
correct_CP,C[C@H](CO)N1C[C@H](C)[C@@H](CN(C)Cc2ccccc2)OCCCC[C@H](C)Oc2ccc(NC(=O)CCCN(C)C)cc2C1=O,10.0326,0.08151535543515531,0.0816966285002409,0.008103728354132114,0.07359290014610878,-0.020329764898051335
correct_CP,C[C@H](CO)N1C[C@H](C)[C@@H](CN(C)Cc2ccccc2C(F)(F)F)OCc2cnnn2CCCC1=O,10.2485,0.05418996409459231,0.05424310163700926,0.14880606825071413,-0.09456296661370486,-0.15674534694144007
correct_CP,C[C@H](CO)N1C[C@H](C)[C@@H](CN(C)Cc2cccnc2)OCc2ccccc2-c2ccccc2C1=O,9.77323,0.1282525039832568,0.12896272243418935,-0.015158872280366182,0.14412159471455555,0.23474714150409687
correct_CP,C[C@H](CO)N1C[C@H](C)[C@@H](CN(C)Cc2ccncc2)OCCCC[C@H](C)Oc2ccc(NC(=O)CCC(F)(F)F)cc2C1=O,10.01,-0.09912688969273104,-0.09945349567230255,0.07099110891831177,-0.17044460459061433,0.04564200897990285
correct_CP,C[C@H](CO)N1C[C@H](C)[C@@H](CN(C)Cc2ccncc2)OCCCC[C@H](C)Oc2ccc(NC(=O)NC3CCCCC3)cc2C1=O,10.0129,-0.08572717532946562,-0.08593811349307495,-0.005881676975331704,-0.08005643651774325,0.251270871844745
correct_CP,C[C@H](CO)N1C[C@H](C)[C@@H](CN(C)Cc2ccncc2)OCCCC[C@H](C)Oc2ccc(NS(C)(=O)=O)cc2C1=O,10.0131,-0.22805513156791157,-0.23213693479316044,-0.012401515400607981,-0.21973541939255245,0.12970177493999335
correct_CP,C[C@H](CO)N1C[C@H](C)[C@@H](CN(C)S(=O)(=O)CC(F)(F)F)OCc2ccccc2-c2c(n(C)c3ccccc23)C1=O,10.031,0.11272865698619129,0.11320984040551978,-0.029541597165337267,0.14275143757085704,0.07112496470332438
correct_CP,C[C@H](CO)N1C[C@H](C)[C@@H](CN(C)S(=O)(=O)c2ccc(C#N)cc2)OCc2ccccc2-c2c(n(C)c3ccccc23)C1=O,9.86742,0.4511897511875915,0.48619313292354216,-0.025179543802910945,0.5113726767264531,0.34620062836072557
correct_CP,C[C@H](CO)N1C[C@H](C)[C@@H](CN(C)S(=O)(=O)c2ccc(Cl)cc2)OCc2cnnn2CCCC1=O,10.0733,-0.07132750591315172,-0.07144883875695833,-0.02942745064681327,-0.04202138811014506,-0.03822917327008828
correct_CP,C[C@H](CO)N1C[C@H](C)[C@@H](CN(C)S(=O)(=O)c2ccc(F)cc2)OCc2cnnn2CCCC1=O,10.015,0.37999283537021367,0.40005127627509773,-0.0657384131064312,0.4657896893815289,-0.1989284420084247
correct_CP,C[C@H](CO)N1C[C@H](C)[C@@H](CN(C)S(=O)(=O)c2ccc(F)cc2)Oc2ccc(NC(=O)CCCN(C)C)cc2CC1=O,9.95683,0.31879842832812083,0.33030903172822457,-0.06400485225375278,0.39431388398197736,0.15749684237478645
correct_CP,C[C@H](CO)N1C[C@H](C)[C@@H](CN(C)S(=O)(=O)c2ccc3ccccc3c2)OCc2cn(nn2)CCCC1=O,10.0,-0.029403614425094544,-0.029412092676115692,0.05089459866982768,-0.08030669134594337,0.12731754599628387
correct_CP,C[C@H](CO)N1C[C@H](C)[C@@H](CN(C)S(=O)(=O)c2cccc(C#N)c2)OCc2ccccc2-c2c(n(C)c3ccccc23)C1=O,10.0092,0.4811604620625359,0.5244932478000364,-0.05443296526570668,0.5789262130657431,-0.0673320261044541
correct_CP,C[C@H](CO)N1C[C@H](C)[C@@H](CN(C)S(=O)(=O)c2ccccc2)OCc2cnnn2CCCC1=O,10.0435,0.5224383241492159,0.579687586754138,-0.0293525382895505,0.6090401250436885,0.5485606252224237
correct_CP,C[C@H](CO)N1C[C@H](C)[C@@H](CN(C)S(=O)(=O)c2ccccc2)Oc2ccc(NC(=O)C3CC3)cc2CC1=O,9.95792,0.21178056604932013,0.21503478927504893,0.0632605829955437,0.15177420627950522,0.14226368975962184
correct_CP,C[C@H](CO)N1C[C@H](C)[C@@H](CN(C)S(=O)(=O)c2ccsc2)OCc2ccccc2-c2ccccc2C1=O,10.0762,-0.13483004524264258,-0.135656105854229,-0.04933826553907911,-0.08631784031514989,-0.019086389807862744
correct_CP,C[C@H](CO)N1C[C@H](C)[C@@H](CN(C)S(=O)(=O)c2cn(C)cn2)Oc2ccc(N(C)C)cc2CC1=O,10.0245,0.460538203315705,0.4979941547196567,-0.03720102726737441,0.5351951819870311,0.31684258207379873
correct_CP,C[C@H](CO)N1C[C@H](C)[C@@H](CN(C)S(C)(=O)=O)OCCCC[C@H](C)Oc2ccc(N(C)C)cc2C1=O,10.0221,0.20042412609398935,0.20317439113795296,0.029127350277040522,0.17404704086091244,0.12295622119475255
correct_CP,C[C@H](CO)N1C[C@H](C)[C@@H](CN(C)S(C)(=O)=O)Oc2cc(-c3ccc(F)cc3)ccc2S1(=O)=O,10.0321,0.21559562262505688,0.21903239259544077,-0.0649755231140553,0.2840079157094961,0.09525188334353837
correct_CP,C[C@H](CO)N1C[C@H](C)[C@H](CN(C)C(=O)C2CC2)OCc2ccccc2-c2ccccc2C1=O,10.0757,-0.17888313786981502,-0.18082866769622077,0.07041189091095304,-0.2512405586071738,-0.34044612581683287
correct_CP,C[C@H](CO)N1C[C@H](C)[C@H](CN(C)C(=O)C2CC2)OCc2cn(nn2)CCCC1=O,10.121,-0.0471648647652761,-0.04719988465063314,-0.016822141587082527,-0.030377743063550615,-0.13339663269534965
correct_CP,C[C@H](CO)N1C[C@H](C)[C@H](CN(C)C(=O)C2CCC2)Oc2cc(-c3ccc(C(=O)N(C)C)cc3)ccc2S1(=O)=O,10.0786,-0.11012876235189291,-0.11057725711893433,-0.0049916570109048534,-0.10558560010802948,0.34853145521290096
correct_CP,C[C@H](CO)N1C[C@H](C)[C@H](CN(C)C(=O)C2CCCCC2)Oc2cc(C#CCN(C)C)ccc2S1(=O)=O,10.0901,-0.0537625343417203,-0.05381442294983788,0.01936423689659002,-0.07317865984642791,-0.06553775072386593
correct_CP,C[C@H](CO)N1C[C@H](C)[C@H](CN(C)C(=O)C2CCCCC2)Oc2ncc(Br)cc2C1=O,10.0116,-0.14895875312658144,-0.1500753915160117,0.11828702081823594,-0.2683624123342476,-0.19086360391561757
correct_CP,C[C@H](CO)N1C[C@H](C)[C@H](CN(C)C(=O)C2CCOCC2)Oc2ncc(C3=CCCC3)cc2C1=O,10.0807,0.09983996971415256,0.10017370358921152,-0.0040097380658472405,0.10418344165505876,0.135346555702562
correct_CP,C[C@H](CO)N1C[C@H](C)[C@H](CN(C)C(=O)CCC(F)(F)F)OCc2ccccc2-c2c(n(C)c3ccccc23)C1=O,9.89643,0.3787049266309043,0.3985468755370085,0.027837051995999024,0.3707098235410095,-0.1446055270959854
correct_CP,C[C@H](CO)N1C[C@H](C)[C@H](CN(C)C(=O)CCC(F)(F)F)OCc2cn(nn2)CCCC1=O,10.2147,0.3665287686490721,0.3844072357235446,0.022906246380128052,0.36150098934341657,-0.13131856313061904
correct_CP,C[C@H](CO)N1C[C@H](C)[C@H](CN(C)C(=O)CN(C)C)Oc2ncc(C#CCC3CCCC3)cc2C1=O,10.0487,0.019325746464657307,0.01932815295938662,0.03953218004034659,-0.020204027080959967,-0.15197198951188304
correct_CP,C[C@H](CO)N1C[C@H](C)[C@H](CN(C)C(=O)CN2CCOCC2)Oc2cc(/C=C/c3ccccc3)ccc2S1(=O)=O,10.0384,0.033693206107257984,0.03370596466887631,-0.09183193404450002,0.12553789871337634,0.30953170866458174
correct_CP,C[C@H](CO)N1C[C@H](C)[C@H](CN(C)C(=O)Cc2ccccc2)OCc2ccccc2-c2c(n(C)c3ccccc23)C1=O,10.1263,0.07941992018754589,0.0795875360009409,0.017983906158378422,0.06160362984256248,0.12304680981869459
correct_CP,C[C@H](CO)N1C[C@H](C)[C@H](CN(C)C(=O)NC2CCCCC2)Oc2cc(C#Cc3cccc(F)c3)ccc2S1(=O)=O,10.0134,0.3121208619715915,0.32289346731770985,-0.005149577199594042,0.3280430445173039,0.38953714619417157
correct_CP,C[C@H](CO)N1C[C@H](C)[C@H](CN(C)C(=O)NC2CCCCC2)Oc2ccc(NC(=O)Cc3cn(C)c4ccccc34)cc2C1=O,10.0413,-0.20188200361304753,-0.20469374594990927,0.023690710562376247,-0.2283844565122855,-0.0015895425263593999
correct_CP,C[C@H](CO)N1C[C@H](C)[C@H](CN(C)C(=O)NC2CCCCC2)Oc2ncc(-c3cc4ccccc4o3)cc2C1=O,9.97957,0.37123614264568766,0.38985607260044164,0.1357799399758587,0.25407613262458295,0.1522224431844098
correct_CP,C[C@H](CO)N1C[C@H](C)[C@H](CN(C)C(=O)N[C@H](C)c2ccccc2)OCc2ccccc2-c2ccccc2C1=O,9.86838,0.3768630269899287,0.3963983333710002,0.025325138492514818,0.3710731948784854,-0.07200331839437805
correct_CP,C[C@H](CO)N1C[C@H](C)[C@H](CN(C)C(=O)Nc2ccc(F)cc2)OCc2ccccc2-c2ccccc2C1=O,10.2032,0.39391048288885533,0.4164203400440672,0.05733928855969584,0.35908105148437136,0.13642253369798935
correct_CP,C[C@H](CO)N1C[C@H](C)[C@H](CN(C)C(=O)Nc2ccc3c(c2)OCO3)OCc2ccccc2-c2c(n(C)c3ccccc23)C1=O,10.0413,0.010850564134922884,0.01085098999446286,0.023616986707840903,-0.012765996713378044,-0.05389036158565462
correct_CP,C[C@H](CO)N1C[C@H](C)[C@H](CN(C)C(=O)Nc2ccc3c(c2)OCO3)OCc2ccccc2-c2ccccc2C1=O,10.0868,-0.16389174496576822,-0.16538326249526175,0.042649502061190024,-0.20803276455645178,0.07818708604832847
correct_CP,C[C@H](CO)N1C[C@H](C)[C@H](CN(C)C(=O)Nc2ccc3c(c2)OCO3)OCc2cnnn2CCCC1=O,10.0495,-0.006740556388049768,-0.006740658476784956,0.03900680375053999,-0.045747462227324946,0.015248151075424245
correct_CP,C[C@H](CO)N1C[C@H](C)[C@H](CN(C)C(=O)Nc2cccc(F)c2)OCc2cn(nn2)CCCC1=O,9.81445,0.41226814695055525,0.43834074707012294,0.14104090320762414,0.2972998438624988,0.016830098655352094
correct_CP,C[C@H](CO)N1C[C@H](C)[C@H](CN(C)C(=O)Nc2cccc(Oc3ccccn3)c2)OCc2cn(nn2)CCCC1=O,10.2425,0.1181261871829252,0.11868026981084066,-0.04087601718546055,0.1595562869963012,-0.05376878432315359
correct_CP,C[C@H](CO)N1C[C@H](C)[C@H](CN(C)C(=O)Nc2cccc3ccccc23)Oc2ncccc2C1=O,10.0023,0.04489594246779449,0.0449261437716735,0.026562329291536624,0.018363814480136874,-0.03032956158981686
correct_CP,C[C@H](CO)N1C[C@H](C)[C@H](CN(C)C(=O)Nc2ccnc(N3CCOCC3)c2)OCc2cn(nn2)CCCC1=O,10.0749,0.1804366544325962,0.1824340010587545,0.057795738215925624,0.12463826284282889,0.16654199358080204
correct_CP,C[C@H](CO)N1C[C@H](C)[C@H](CN(C)C(=O)OCc2ccccc2)OCc2cnnn2CCCC1=O,10.0219,-0.0299770283153521,-0.02998601250119399,-0.06461155728588883,0.03462554478469484,0.1790684158387102
correct_CP,C[C@H](CO)N1C[C@H](C)[C@H](CN(C)C(=O)[C@@H](Cc2ccccc2)N(C)C)OCc2ccccc2-c2c(n(C)c3ccccc23)C1=O,10.4192,0.04725236480059618,0.047287580128827396,-0.022772455742619897,0.0700600358714473,-0.007461474788093583
correct_CP,C[C@H](CO)N1C[C@H](C)[C@H](CN(C)C(=O)[C@H]2CCCN2C)OCc2ccccc2-c2ccccc2C1=O,9.84477,0.1204051209183244,0.12099208859983213,-0.012140482272312878,0.133132570872145,-0.02248074793102643
correct_CP,C[C@H](CO)N1C[C@H](C)[C@H](CN(C)C(=O)c2ccc(F)cc2)Oc2cc(C3=CCCC3)ccc2S1(=O)=O,10.0224,0.11490010492415016,0.11540978672724062,-0.00465316393481079,0.1200629506620514,0.1160479566112686
correct_CP,C[C@H](CO)N1C[C@H](C)[C@H](CN(C)C(=O)c2ccc3c(c2)OCO3)Oc2cc(C#Cc3ccccc3F)ccc2S1(=O)=O,10.001,0.15175657335400647,0.1529379283762846,0.0016440674623544433,0.15129386091393016,0.14254736466580653
correct_CP,C[C@H](CO)N1C[C@H](C)[C@H](CN(C)C(=O)c2ccc3c(c2)OCO3)Oc2ncc(C3=CCCC3)cc2C1=O,10.0142,-0.08907143153324915,-0.08930811515801036,-0.03887548490333181,-0.050432630254678555,0.10036509096464313
correct_CP,C[C@H](CO)N1C[C@H](C)[C@H](CN(C)C(=O)c2cccc(F)c2)Oc2cc(C#CC3CC3)ccc2S1(=O)=O,9.94509,0.3301806290479079,0.3430309714324,0.04327276536767255,0.2997582060647275,0.1625383752156312
correct_CP,C[C@H](CO)N1C[C@H](C)[C@H](CN(C)C(=O)c2ccccc2)OCCCC[C@H](C)Oc2ccc(NS(C)(=O)=O)cc2C1=O,10.0419,-0.04009734285556336,-0.040118853071049024,0.047814944666242594,-0.08793379773729162,-0.17768347129013368
correct_CP,C[C@H](CO)N1C[C@H](C)[C@H](CN(C)C(=O)c2ccccc2)OCc2ccccc2-c2ccccc2C1=O,9.87273,0.04350802686621506,0.0435355109051357,0.009006834509269708,0.034528676395865994,0.06152178337265885
correct_CP,C[C@H](CO)N1C[C@H](C)[C@H](CN(C)C(=O)c2ccncc2)Oc2cc(-c3cccc(C#N)c3)ccc2S1(=O)=O,10.0243,0.18571512984905417,0.18789554426997698,0.048976491239251324,0.13891905303072566,-0.15458218144457475
correct_CP,C[C@H](CO)N1C[C@H](C)[C@H](CN(C)C)OCCCC[C@H](C)Oc2ccc(NC(=O)CCC(F)(F)F)cc2C1=O,10.0044,-0.1734428639672716,-0.17521414028072718,-0.029348576843656528,-0.14586556343707066,0.4277287949774456
correct_CP,C[C@H](CO)N1C[C@H](C)[C@H](CN(C)C)OCCCC[C@H](C)Oc2ccc(NC(=O)Cc3ccccc3)cc2C1=O,10.0527,0.4329748468733789,0.46355210518997225,-0.03826283656695163,0.5018149417569239,0.44214156017389983
correct_CP,C[C@H](CO)N1C[C@H](C)[C@H](CN(C)C)Oc2ccc(N(C)C)cc2C1=O,10.073,-0.04004259867893979,-0.04006402085566644,0.03389404650291884,-0.07395806735858529,-0.001716197107612498
correct_CP,C[C@H](CO)N1C[C@H](C)[C@H](CN(C)CC2CC2)Oc2c(NC(=O)c3ccncc3)cccc2C1=O,10.1131,-0.2692661044707512,-0.2760723882269612,-0.012854689947410335,-0.2632176982795508,0.04779014600009838
correct_CP,C[C@H](CO)N1C[C@H](C)[C@H](CN(C)CC2CC2)Oc2cc(C#Cc3cccc(F)c3)ccc2S1(=O)=O,10.070014,0.49213056944016376,0.5388679509398795,0.020244785970545784,0.5186231649693337,0.33529917782069607
correct_CP,C[C@H](CO)N1C[C@H](C)[C@H](CN(C)CC2CCCC2)Oc2ncc(C#Cc3ccccn3)cc2C1=O,10.0347,-0.08823484662326865,-0.08846490307388884,0.019978989290119556,-0.10844389236400839,0.1480019694832393
correct_CP,C[C@H](CO)N1C[C@H](C)[C@H](CN(C)CC2CCCCC2)Oc2c(NC(=O)C3CCOCC3)cccc2C1=O,10.0303,-0.2143633578623137,-0.21774041748152043,-0.006704920745016158,-0.21103549673650426,0.039282024431172374
correct_CP,C[C@H](CO)N1C[C@H](C)[C@H](CN(C)CC2CCCCC2)Oc2ccc(NC(=O)C3CC3)cc2C1=O,10.1431,0.31731610154800305,0.3286598751298158,0.03954935134211002,0.2891105237877058,-0.013298961289423813
correct_CP,C[C@H](CO)N1C[C@H](C)[C@H](CN(C)Cc2ccc(C(=O)O)cc2)Oc2c(NC(=O)C3CC3)cccc2C1=O,10.1494,0.1146426300218854,0.1151488749720264,-0.020852052166231698,0.1360009271382581,0.05793220558707155
correct_CP,C[C@H](CO)N1C[C@H](C)[C@H](CN(C)Cc2ccc(C(F)(F)F)cc2)OCc2cn(nn2)CCCC1=O,9.78084,-0.37488115410656625,-0.39409039394951284,0.06390564484394215,-0.45799603879345496,-0.15559246495996942
correct_CP,C[C@H](CO)N1C[C@H](C)[C@H](CN(C)Cc2ccc(C(F)(F)F)cc2)OCc2cnnn2CCCC1=O,9.90465,0.3586914832044249,0.3753833621427397,0.010703375609475325,0.3646799865332644,0.11319983938124348
correct_CP,C[C@H](CO)N1C[C@H](C)[C@H](CN(C)Cc2ccc(F)cc2)Oc2ncc(/C=C/c3ccccc3)cc2C1=O,10.0228,0.3308678289285965,0.34380245281908767,0.020394215736918526,0.32340823708216915,0.1460572675718758
correct_CP,C[C@H](CO)N1C[C@H](C)[C@H](CN(C)Cc2ccc(Oc3ccccc3)cc2)OCc2cnnn2CCCC1=O,9.8894,-0.08055026480967577,-0.0807251588201544,0.02844308963671913,-0.10916824845687352,-0.08809044706043143
correct_CP,C[C@H](CO)N1C[C@H](C)[C@H](CN(C)Cc2ccc3c(c2)OCCO3)OCc2cnnn2CCCC1=O,9.79128,0.23484937479551216,0.23931578387915148,0.024722305170583325,0.21459347870856815,-0.04453261801767812
correct_CP,C[C@H](CO)N1C[C@H](C)[C@H](CN(C)Cc2ccc3c(c2)OCO3)OCc2cn(nn2)CCCC1=O,9.73636,0.188256389462921,0.19052887647600805,0.2285759111922382,-0.03804703471623014,-0.1722050873945993
correct_CP,C[C@H](CO)N1C[C@H](C)[C@H](CN(C)Cc2ccc3c(c2)OCO3)Oc2cc(-c3cccc(C(=O)N(C)C)c3)ccc2S1(=O)=O,10.0116,0.28499236839761727,0.2931074210573458,-0.008406885505272363,0.30151430656261813,0.06598833184482339
correct_CP,C[C@H](CO)N1C[C@H](C)[C@H](CN(C)Cc2ccc3c(c2)OCO3)Oc2ncc(-c3ccc(F)cc3)cc2C1=O,10.1717,0.1673003585276279,0.1688879865599648,0.11619294057814329,0.052695045981821495,-0.1367594933367729
correct_CP,C[C@H](CO)N1C[C@H](C)[C@H](CN(C)Cc2cccc(C(=O)O)c2)Oc2cc(C3=CCCCC3)ccc2S1(=O)=O,10.0294,-0.05820509154451067,-0.0582709551812174,0.0012899461520431213,-0.05956090133326052,-0.021022686975301963
correct_CP,C[C@H](CO)N1C[C@H](C)[C@H](CN(C)Cc2cccc(C(F)(F)F)c2)Oc2ncccc2C1=O,10.0137,0.07618345600938542,0.07633135893716862,-0.009800574492541842,0.08613193342971047,0.03814199624953117
correct_CP,C[C@H](CO)N1C[C@H](C)[C@H](CN(C)Cc2cccc(O)c2)OCc2cnnn2CCCC1=O,10.5087,0.289361438990582,0.29786920936336786,0.04382877023474037,0.2540404391286275,0.3159459916796952
correct_CP,C[C@H](CO)N1C[C@H](C)[C@H](CN(C)Cc2cccc3c2OCCCO3)OCc2ccccc2-c2ccccc2C1=O,9.84538,0.02958745788070596,0.029596096212868236,-0.047377535206676924,0.07697363141954516,0.24546203450009024
correct_CP,C[C@H](CO)N1C[C@H](C)[C@H](CN(C)Cc2ccccc2)OCCCC[C@H](C)Oc2ccc(N(C)C)cc2C1=O,10.0144,0.21272087114792537,0.2160194539661388,0.04986552168616355,0.16615393227997527,0.12954581189994996
correct_CP,C[C@H](CO)N1C[C@H](C)[C@H](CN(C)Cc2ccccc2)OCCCC[C@H](C)Oc2ccc(NC(=O)CCC(F)(F)F)cc2C1=O,9.99828,0.10916919168932032,0.10960600916294436,0.005676160299381136,0.10392984886356323,-0.09725373518737455
correct_CP,C[C@H](CO)N1C[C@H](C)[C@H](CN(C)Cc2ccccc2)Oc2cc(/C=C/c3ccccc3)ccc2S1(=O)=O,10.1709,-0.002994966253830128,-0.0029949752086505794,-0.12362841447404657,0.12063343926539599,0.11345086756553065
correct_CP,C[C@H](CO)N1C[C@H](C)[C@H](CN(C)Cc2ccccc2C(=O)O)Oc2cc(-c3ccc(F)cc3)ccc2S1(=O)=O,10.0896,0.3991854425185829,0.4226795945927526,0.036374072784839166,0.38630552180791344,-0.07627819759566751
correct_CP,C[C@H](CO)N1C[C@H](C)[C@H](CN(C)Cc2ccccc2F)Oc2ncc(C3=CCCC3)cc2C1=O,10.0515,0.008028523658741326,0.008028696164110257,0.07638533871002393,-0.06835664254591367,-0.13806100003637234
correct_CP,C[C@H](CO)N1C[C@H](C)[C@H](CN(C)Cc2ccccn2)Oc2ncc(-c3cccc(F)c3)cc2C1=O,9.9949,0.04049614981458651,0.04051830868251384,0.03599518468159006,0.004523124000923778,0.0476124919382651
correct_CP,C[C@H](CO)N1C[C@H](C)[C@H](CN(C)Cc2cccnc2)OCc2cn(nn2)CCCC1=O,9.80361,-0.3313841438495669,-0.34438235027931224,0.08221251405860691,-0.42659486433791916,0.0804260606235925
correct_CP,C[C@H](CO)N1C[C@H](C)[C@H](CN(C)Cc2cccnc2)OCc2cnnn2CCCC1=O,10.1155,0.2885429040357408,0.2969761061551091,0.06677005459957455,0.23020605155553456,0.05406970318281122
correct_CP,C[C@H](CO)N1C[C@H](C)[C@H](CN(C)Cc2cccnc2)Oc2ncc(C#CC3CCCCC3)cc2C1=O,10.0191,0.24057349132182865,0.24538274504850452,0.03324251622371418,0.21214022882479033,0.1429274319993825
correct_CP,C[C@H](CO)N1C[C@H](C)[C@H](CN(C)Cc2ccncc2)OCCCC[C@H](C)Oc2ccc(NS(C)(=O)=O)cc2C1=O,10.0519,-0.09196441425608795,-0.09222499945751604,0.05851395830123393,-0.15073895775874996,0.13797573454004414
correct_CP,C[C@H](CO)N1C[C@H](C)[C@H](CN(C)S(=O)(=O)CC(F)(F)F)OCc2ccccc2-c2ccccc2C1=O,10.0147,-0.07234740538270944,-0.07247402893419375,0.0694863518579018,-0.14196038079209555,0.01697956569132529
correct_CP,C[C@H](CO)N1C[C@H](C)[C@H](CN(C)S(=O)(=O)c2ccc(C#N)cc2)OCc2ccccc2-c2ccccc2C1=O,10.1655,0.10232517615423618,0.10268456658604283,0.032953845622415545,0.06973072096362729,-0.008836480469568399
correct_CP,C[C@H](CO)N1C[C@H](C)[C@H](CN(C)S(=O)(=O)c2ccc(F)cc2)OCc2ccccc2-c2ccccc2C1=O,9.90266,-0.26205359541563683,-0.26831215569205064,-0.07376659469388057,-0.19454556099817005,-0.15233242768583977
correct_CP,C[C@H](CO)N1C[C@H](C)[C@H](CN(C)S(=O)(=O)c2ccc(F)cc2)OCc2cn(nn2)CCCC1=O,10.0667,0.46718328659935326,0.5064611111748994,0.034387473526760026,0.4720736376481394,0.0454592173878349
correct_CP,C[C@H](CO)N1C[C@H](C)[C@H](CN(C)S(=O)(=O)c2ccc(F)cc2)OCc2cnnn2CCCC1=O,10.0444,0.05773870956489084,0.05780300051846092,-0.017859966093020006,0.07566296661148092,-0.06817871441470724
correct_CP,C[C@H](CO)N1C[C@H](C)[C@H](CN(C)S(=O)(=O)c2ccc(F)cc2)Oc2ccc(NC(=O)CCN3CCOCC3)cc2C1=O,9.98044,-0.008014624270308898,-0.008014795881254885,0.07219891505095881,-0.08021371093221369,-0.22767409208222855
correct_CP,C[C@H](CO)N1C[C@H](C)[C@H](CN(C)S(=O)(=O)c2ccc(Oc3ccccc3)cc2)OCc2cnnn2CCCC1=O,10.0207,0.120791833452364,0.12138450849108431,0.006096153039171067,0.11528835545191325,0.5362504608090235
correct_CP,C[C@H](CO)N1C[C@H](C)[C@H](CN(C)S(=O)(=O)c2ccc3ccccc3c2)OCc2cn(nn2)CCCC1=O,10.3357,0.3183385387252801,0.3297971982411001,-0.024461936016925326,0.3542591342580254,0.2633266293093154
correct_CP,C[C@H](CO)N1C[C@H](C)[C@H](CN(C)S(=O)(=O)c2cccc(F)c2)OCc2cn(nn2)CCCC1=O,9.92906,0.4064182102009178,0.43131323056087656,-0.06958963693705147,0.500902867497928,-0.04316765072705554
correct_CP,C[C@H](CO)N1C[C@H](C)[C@H](CN(C)S(=O)(=O)c2cccc(F)c2)Oc2ncc(-c3cc4ccccc4o3)cc2C1=O,9.89733,-0.022302972336681017,-0.022306671441398376,0.055234314540811805,-0.07754098598221018,-0.05710186551644309
correct_CP,C[C@H](CO)N1C[C@H](C)[C@H](CN(C)S(=O)(=O)c2ccccc2F)OCc2ccccc2-c2c(n(C)c3ccccc23)C1=O,9.79256,0.2797834487549215,0.28744711476671453,0.0569725217079132,0.23047459305880133,-0.07094315770682395
correct_CP,C[C@H](CO)N1C[C@H](C)[C@H](CN(C)S(=O)(=O)c2ccccc2F)OCc2ccccc2-c2ccccc2C1=O,10.0185,-0.1178828679217769,-0.11843351446328307,-0.0788897354072261,-0.039543779056056966,0.1279798096374667
correct_CP,C[C@H](CO)N1C[C@H](C)[C@H](CN(C)S(=O)(=O)c2ccccc2F)Oc2ncc(C#Cc3cccnc3)cc2C1=O,10.051,-0.3555981652815667,-0.37183779391177085,0.0006119117289990076,-0.37244970564076985,0.03963245868677233
correct_CP,C[C@H](CO)N1C[C@H](C)[C@H](CN(C)S(=O)(=O)c2ccsc2)OCc2ccccc2-c2c(n(C)c3ccccc23)C1=O,10.2675,0.06840104288685274,0.06850801940188145,0.14274625983736078,-0.07423824043547933,-0.2929235083557755
correct_CP,C[C@H](CO)N1C[C@H](C)[C@H](CN(C)S(=O)(=O)c2cn(C)cn2)OCc2ccccc2-c2c(n(C)c3ccccc23)C1=O,10.3119,-0.18657653147178846,-0.18878786511423237,0.22209673511758704,-0.4108846002318194,-0.41746651664870205
correct_CP,C[C@H](CO)N1C[C@H](C)[C@H](CN(C)S(=O)(=O)c2cn(C)cn2)Oc2cc(C3=CCCCC3)ccc2S1(=O)=O,10.0678,0.3433285489285523,0.35786099287081996,0.007570427042692953,0.350290565828127,-0.16986648151151934
correct_CP,C[C@H](CO)N1C[C@H](C)[C@H](CN(C)S(C)(=O)=O)OCCCC[C@H](C)Oc2ccc(NC(=O)CCCN(C)C)cc2C1=O,9.91048,0.0931893019032653,0.09346047588390063,0.019232365557922262,0.07422811032597837,0.4772003789767895
correct_CP,C[C@H](CO)N1C[C@H](C)[C@H](CN(C)S(C)(=O)=O)Oc2cc(C#CC3CC3)ccc2S1(=O)=O,10.0302,-0.1620617669938178,-0.16350335081202583,-0.001837351344566529,-0.1616659994674593,-0.15938826032306722
correct_CP,C[C@H](NC(=O)C[C@@H]1C=C[C@@H](NC(=O)C2CCC2)[C@@H](CO)O1)c1ccccc1,10.0408,0.4029321361514881,0.42714446334297435,0.012445331034263084,0.41469913230871125,-0.17362417101832128
correct_CP,C[C@H](NC(=O)C[C@@H]1C=C[C@@H](NC(=O)CN2CCOCC2)[C@H](CO)O1)c1ccccc1,10.0407,0.10826595925210672,0.10869197320232774,0.053978433864767784,0.05471353933755995,-0.09739532077130256
correct_CP,C[C@H](NC(=O)C[C@@H]1C=C[C@@H](NS(=O)(=O)c2cccc(F)c2)[C@@H](CO)O1)c1ccccc1,10.0402,0.5769178745157458,0.6578305991446879,0.030814544109181947,0.627016055035506,-0.29101253748873523
correct_CP,C[C@H](NC(=O)C[C@@H]1C=C[C@H](NC(=O)Nc2ccc3c(c2)OCO3)[C@@H](CO)O1)c1ccccc1,10.0377,0.30652489051127474,0.3167053940536441,-0.06851599009393942,0.38522138414758356,0.1322191902512283
correct_CP,C[C@H](NC(=O)C[C@@H]1CC[C@@H](NC(=O)C2CCC2)[C@@H](CO)O1)c1ccccc1,10.1187,-0.12469189120240722,-0.12534422696240527,0.03334724767642751,-0.15869147463883276,-0.005985640463616722
correct_CP,C[C@H](NC(=O)C[C@@H]1CC[C@@H](NC(=O)Cc2ccccn2)[C@H](CO)O1)c1ccccc1,10.0067,0.25738538553000484,0.26330626571276816,0.020068463785448257,0.24323780192731992,0.09288096041266541
correct_CP,C[C@H](NC(=O)C[C@@H]1CC[C@H](NC(=O)Cc2ccccn2)[C@H](CO)O1)c1ccccc1,10.092,0.15897497605136002,0.1603349188007577,-0.030901816410846085,0.19123673521160378,0.1640540567958123
correct_CP,C[C@H](NC(=O)C[C@@H]1CC[C@H](NS(=O)(=O)c2cccc(F)c2)[C@@H](CO)O1)c1ccccc1,10.0041,0.24734923213261717,0.25258731589584105,0.0953094873462979,0.15727782854954314,0.1297944387350094
correct_CP,C[C@H](NC(=O)C[C@@H]1CC[C@H](NS(=O)(=O)c2cccc(F)c2)[C@H](CO)O1)c1ccccc1,10.0791,0.010971465438643148,0.010971905693373899,0.0182863593384237,-0.007314453645049802,0.04883005302600305
correct_CP,C[C@H](NC(=O)C[C@@H]1CC[C@H]2[C@@H](COC[C@H](O)CN2C(=O)Nc2cccc(Cl)c2)O1)c1ccccc1,10.0602,-0.408325826587306,-0.43360041012804873,-0.04044490035207598,-0.39315550977597274,-0.01285877767062079
correct_CP,C[C@H](NC(=O)C[C@@H]1CC[C@H]2[C@@H](COc3ccc(NS(=O)(=O)c4ccc(Cl)cc4)cc3C(=O)N2C)O1)c1ccccc1,10.0597,0.28151492952678064,0.289326634608191,-0.017902247133249387,0.3072288817414404,0.09631808101634304
correct_CP,C[C@H](NC(=O)C[C@@H]1C[C@H]2c3cc(NC(=O)CN(C)C)ccc3O[C@H]2[C@@H](CO)O1)c1ccccc1,9.88297,0.08580265006784094,0.08601414750883345,-0.033413454059403686,0.11942760156823713,0.17774546210456135
correct_CP,C[C@H](NC(=O)C[C@@H]1C[C@H]2c3cc(NC(=O)NC4CCCCC4)ccc3O[C@H]2[C@@H](CO)O1)c1ccccc1,9.97043,0.3881633250339205,0.40963571377578956,-0.04621540661122794,0.45585112038701747,0.059981906989450745
correct_CP,C[C@H](NC(=O)C[C@@H]1C[C@H]2c3cc(NC(=O)NC4CCCCC4)ccc3O[C@H]2[C@H](CO)O1)c1ccccc1,10.0368,0.18048617075606285,0.1824851842298345,-0.015917222201299784,0.1984024064311343,-0.048065334414326345
correct_CP,C[C@H](NC(=O)C[C@@H]1C[C@H]2c3cc(NS(=O)(=O)c4ccc(F)cc4)ccc3O[C@H]2[C@H](CO)O1)c1ccccc1,9.99168,0.35962368714163284,0.37645362370652646,-0.04050635152568377,0.41695997523221023,0.11743868307262519
correct_CP,C[C@H](NC(=O)C[C@H]1C=C[C@@H](NC(=O)C2CCC2)[C@H](CO)O1)c1ccccc1,10.0265,-0.05418961780418798,-0.05424275432671664,0.005993695523733492,-0.06023644985045013,-0.20601739793576576
correct_CP,C[C@H](NC(=O)C[C@H]1C=C[C@@H](NC(=O)c2cccnc2)[C@@H](CO)O1)c1ccccc1,10.0742,-0.014303143136498712,-0.014304118634789854,0.0005444508850154857,-0.01484856951980534,-0.12308873147114571
correct_CP,C[C@H](NC(=O)C[C@H]1CC[C@@H](NC(=O)Cc2ccccn2)[C@H](CO)O1)c1ccccc1,10.07,0.09563115854871959,0.09592429453162579,-0.020029637883240074,0.11595393241486587,-0.1454527321983387
correct_CP,C[C@H](NC(=O)C[C@H]1CC[C@@H]2[C@H](COC[C@H](O)CN2C(=O)Nc2cccc(Cl)c2)O1)c1ccccc1,10.0494,0.14572715579925224,0.14677207626218325,-0.027263863050957973,0.1740359393131412,-0.041563662521592215
correct_CP,C[C@H](NC(=O)C[C@H]1CC[C@H](NC(=O)C2CCC2)[C@H](CO)O1)c1ccccc1,10.0764,0.2550571539884189,0.260814446440926,-0.07754350049656017,0.33835794693748616,0.36301914862133833
correct_CP,C[C@H](NC(=O)C[C@H]1CC[C@H](NC(=O)Cc2ccccn2)[C@H](CO)O1)c1ccccc1,9.9867,0.05524272857241654,0.0552990275274097,-0.003615742626340004,0.058914770153749706,-0.07821665539897159
correct_CP,C[C@H](NC(=O)C[C@H]1C[C@@H]2c3cc(NC(=O)Cc4ccncc4)ccc3O[C@@H]2[C@@H](CO)O1)c1ccccc1,10.0286,-0.0207749575541837,-0.020777947144412657,0.007007937073649962,-0.02778588421806262,0.15604116701412374
correct_CP,C[C@H](NC(=O)C[C@H]1C[C@@H]2c3cc(NC(=O)c4cccnc4)ccc3O[C@@H]2[C@@H](CO)O1)c1ccccc1,9.97888,-0.19380666328583326,-0.19628938584976574,-0.009268497226046231,-0.18702088862371952,0.089467408161054
correct_CP,C[C@H](NC(=O)C[C@H]1C[C@H]2c3cc(N(C)C)ccc3O[C@H]2[C@@H](CO)O1)c1ccccc1,10.0292,0.1716437153834452,0.17335978477100822,0.12164832495388708,0.051711459817121136,-0.02448401752087749
correct_CP,C[C@H](NC(=O)C[C@H]1C[C@H]2c3cc(NC(=O)NC4CCCCC4)ccc3O[C@H]2[C@@H](CO)O1)c1ccccc1,10.1535,0.19636106447375465,0.19894484958949277,0.027672833456679514,0.17127201613281326,-0.20739721651481638
correct_CP,C[C@H](NC(=O)C[C@H]1C[C@H]2c3cc(NC(=O)Nc4ccc(C(F)(F)F)cc4)ccc3O[C@H]2[C@H](CO)O1)c1ccccc1,10.0819,0.13406155885110066,0.1348734728016585,0.08384470456757015,0.05102876823408836,0.18740866265942374
correct_CP,C[C@H](NC(=O)N(C)C[C@@H]1OCc2ccccc2-c2c(n(C)c3ccccc23)C(=O)N([C@H](C)CO)C[C@H]1C)c1ccccc1,10.1195,0.43757557104713507,0.4692282829640758,0.008939246101440972,0.46028903686263484,0.029554130598253743
correct_CP,C[C@H](NC(=O)N(C)C[C@H]1OCc2ccccc2-c2ccccc2C(=O)N([C@@H](C)CO)C[C@@H]1C)c1ccccc1,10.3713,-0.4454032186109509,-0.47895113797963634,0.055042761159430145,-0.5339938991390665,0.10433781283986433
correct_CP,C[C@H](NC(=O)N(C)C[C@H]1OCc2ccccc2-c2ccccc2C(=O)N([C@@H](C)CO)C[C@H]1C)c1ccccc1,9.75333,0.4433974189451918,0.4764517230988464,0.03842013685394975,0.4380315862448967,-0.05138748629769959
correct_CP,C[C@H](NC(=O)[C@H]1[C@H](CO)[C@H]2Cn3c(cccc3=O)[C@@H]1N2CCC(F)(F)F)c1ccccc1,10.0574,0.21550528723878365,0.21893765553596373,0.013174458245331467,0.20576319729063225,0.28857397686832426
correct_CP,C[C@H](NC(=O)[C@H]1[C@H](CO)[C@H]2Cn3c(cccc3=O)[C@H]2N1S(C)(=O)=O)c1ccccc1,10.016,-0.18641697563492957,-0.18862255978588588,-0.07973507448597347,-0.1088874852999124,0.05224212963567142
correct_CP,C[C@H](O)C#Cc1ccc2c(c1)O[C@H](CN(C)Cc1ccc(-c3ccccc3)cc1)[C@@H](C)CN([C@@H](C)CO)S2(=O)=O,10.0685,0.09123420714709189,0.09148861371895986,0.017690575559340116,0.07379803815961974,0.09735481273150369
correct_CP,C[C@H](O)C#Cc1ccc2c(c1)O[C@H](CN(C)Cc1ccc(-c3ccccc3)cc1)[C@@H](C)CN([C@H](C)CO)S2(=O)=O,10.0132,0.3870341739449825,0.40830693653247546,0.005622501650169639,0.4026844348823058,0.3848225431618824
correct_CP,C[C@H](O)C#Cc1cnc2c(c1)C(=O)N([C@@H](C)CO)C[C@H](C)[C@@H](CN(C)Cc1ccc(-c3ccccc3)cc1)O2,10.0575,-0.10097887301244723,-0.10132420644644838,0.02968376075258367,-0.13100796719903204,-0.010965445016516272
correct_CP,C[C@H](O)C#Cc1cnc2c(c1)C(=O)N([C@@H](C)CO)C[C@H](C)[C@H](CN(C)Cc1ccc(-c3ccccc3)cc1)O2,10.0434,0.31550983548925404,0.32665265065525645,0.02154540038294158,0.3051072502723149,0.2179776690370165
correct_CP,C[C@H](O)C#Cc1cnc2c(c1)C(=O)N([C@H](C)CO)C[C@@H](C)[C@H](CN(C)Cc1ccc(-c3ccccc3)cc1)O2,10.0611,-0.12889948872627616,-0.1296205828091885,0.056648879258427265,-0.18626946206761577,-0.2486480245219438
correct_CP,C[C@H](O)C#Cc1cnc2c(c1)C(=O)N([C@H](C)CO)C[C@H](C)[C@@H](CN(C)C(=O)Cc1ccncc1)O2,10.0434,-0.2296421928983908,-0.2338117072506865,-0.01595883736716686,-0.21785286988351965,-0.23425823993088557
correct_CP,C[C@H](O)C#Cc1cnc2c(c1)C(=O)N([C@H](C)CO)C[C@H](C)[C@H](CN(C)C(=O)Cc1ccncc1)O2,10.2654,0.045251983555869284,0.045282909691360215,-0.05834446474867544,0.10362737444003566,0.0689987024612389
correct_CP,C[C@H](O)C#Cc1cnc2c(c1)C(=O)N([C@H](C)CO)C[C@H](C)[C@H](CN(C)CC1CCOCC1)O2,10.0432,-0.03571481672526163,-0.03573001368023342,0.06374164179549477,-0.0994716554757282,-0.16708605316599884
correct_CP,C[C@H](O)C#Cc1cnc2c(c1)C(=O)N([C@H](C)CO)C[C@H](C)[C@H](CN(C)Cc1ccc(-c3ccccc3)cc1)O2,10.074,0.0522811576572564,0.05232886963059985,-0.00985043891624138,0.06217930854684123,0.09060526839873656
correct_CP,C[C@H]1CCCCO[C@@H](CN(C)C(=O)CCC(F)(F)F)[C@@H](C)CN([C@@H](C)CO)C(=O)c2cc(N(C)C)ccc2O1,10.0044,0.07474251887151599,0.07488216889465672,0.013958808132173964,0.06092336076248276,0.24051262719576386
correct_CP,C[C@H]1CCCCO[C@@H](CN(C)C(=O)Nc2ccc(F)cc2)[C@@H](C)CN([C@@H](C)CO)C(=O)c2cc(N(C)C)ccc2O1,10.0377,0.09688213023596123,0.09718696546722695,-0.02148095592319561,0.11866792139042256,-0.07402921884432906
correct_CP,C[C@H]1CCCCO[C@@H](CN(C)C)[C@@H](C)CN([C@@H](C)CO)C(=O)c2cc(N(C)C)ccc2O1,10.1063,-0.034345964883305595,-0.03435947980234175,0.00028339047948442754,-0.03464287028182617,0.19648199703694127
correct_CP,C[C@H]1CCCCO[C@@H](CN(C)C)[C@@H](C)CN([C@@H](C)CO)C(=O)c2cc(NC(=O)CCC(F)(F)F)ccc2O1,10.0186,-0.06209768011415538,-0.06217768403972711,0.015060490290191346,-0.07723817432991845,0.08993693515674253
correct_CP,C[C@H]1CCCCO[C@@H](CN(C)C)[C@@H](C)CN([C@@H](C)CO)C(=O)c2cc(NC(=O)Nc3ccc4c(c3)OCO4)ccc2O1,10.1076,-0.35708719270513717,-0.37354339985542395,-0.09610636663256043,-0.2774370332228635,-0.1609807403270444
correct_CP,C[C@H]1CCCCO[C@@H](CN(C)C)[C@@H](C)CN([C@@H](C)CO)C(=O)c2cc(NC(=O)Nc3cccc4ccccc34)ccc2O1,10.1267,-0.060026256468345564,-0.06009850729584624,-0.0851842942065427,0.025085786910696455,0.0376516608949824
correct_CP,C[C@H]1CCCCO[C@@H](CN(C)C)[C@@H](C)CN([C@@H](C)CO)C(=O)c2cc(NC(=O)c3ccccc3)ccc2O1,10.0046,-0.015967460111283197,-0.01596881733896418,0.0037455557531899768,-0.019714373092154156,-0.049429438528898154
correct_CP,C[C@H]1CCCCO[C@@H](CN(C)CC2CCCCC2)[C@@H](C)CN([C@@H](C)CO)C(=O)c2cc(NS(C)(=O)=O)ccc2O1,10.0521,-0.007227434183305413,-0.007227560030863599,-0.003910268306450297,-0.003317291724413302,0.48098781539045876
correct_CP,C[C@H]1CCCCO[C@@H](CN(C)Cc2ccncc2)[C@@H](C)CN([C@@H](C)CO)C(=O)c2cc(NC(=O)NC3CCCCC3)ccc2O1,10.0823,0.1676999792195404,0.16929914278302421,0.08623926808347478,0.08305987469954944,-0.17068483175876273
correct_CP,C[C@H]1CCCCO[C@@H](CN(C)Cc2ccncc2)[C@@H](C)CN([C@@H](C)CO)C(=O)c2cc(NS(C)(=O)=O)ccc2O1,9.85088,-0.3036761565639677,-0.31356426051881126,0.04252611329366001,-0.3560903738124713,-0.1303678420653831
correct_CP,C[C@H]1CCCCO[C@@H](CN(C)S(=O)(=O)c2ccc(Cl)cc2)[C@@H](C)CN([C@@H](C)CO)C(=O)c2cc(N(C)C)ccc2O1,10.0838,0.10747102053381376,0.10788767594963485,0.05579756281530022,0.05209011313433463,0.10005408429652629
correct_CP,C[C@H]1CCCCO[C@H](CN(C)C(=O)C2CCCCC2)[C@@H](C)CN([C@@H](C)CO)C(=O)c2cc(N(C)C)ccc2O1,9.97134,0.39730457067159847,0.4204441881771333,0.04034630809237921,0.3800978800847541,-0.12646656939634637
correct_CP,C[C@H]1CCCCO[C@H](CN(C)C(=O)CCCN(C)C)[C@@H](C)CN([C@@H](C)CO)C(=O)c2cc(NC(=O)c3ccccc3)ccc2O1,10.0762,0.21175602621676878,0.21500909726339068,0.007703414459225623,0.20730568280416506,-0.07559587909810818
correct_CP,C[C@H]1CCCCO[C@H](CN(C)C)[C@@H](C)CN([C@@H](C)CO)C(=O)c2cc(NC(=O)CCC(F)(F)F)ccc2O1,10.05,0.13089822928929418,0.13165362913691386,0.010467329683853513,0.12118629945306035,0.12488040692213616
correct_CP,C[C@H]1CCCCO[C@H](CN(C)C)[C@@H](C)CN([C@@H](C)CO)C(=O)c2cc(NC(=O)Nc3cccc4ccccc34)ccc2O1,10.0693,0.06529248019390274,0.06538550120948983,-0.0703076133866693,0.13569311459615913,0.0748343120819847
correct_CP,C[C@H]1CCCCO[C@H](CN(C)C)[C@@H](C)CN([C@@H](C)CO)C(=O)c2cc(NC(=O)Nc3ccccc3)ccc2O1,9.99047,-0.05061812591152425,-0.05066142365754527,0.04171968070045548,-0.09238110435800076,-0.1321289159066904
correct_CP,C[C@H]1CCCCO[C@H](CN(C)C)[C@@H](C)CN([C@@H](C)CO)C(=O)c2cc(NC(=O)c3ccccc3)ccc2O1,10.0572,0.23962719638149943,0.24437856061482016,0.06454859831072969,0.17982996230409048,0.11251716653602488
correct_CP,C[C@H]1CCCCO[C@H](CN(C)C)[C@@H](C)CN([C@@H](C)CO)C(=O)c2cc(NC(=O)c3ccncc3)ccc2O1,10.0753,0.19410366719463884,0.19659799937172143,0.025811189078740273,0.17078681029298115,-0.30230856977323917
correct_CP,C[C@H]1CCCCO[C@H](CN(C)C)[C@@H](C)CN([C@@H](C)CO)C(=O)c2cc(NS(=O)(=O)c3ccc(F)cc3)ccc2O1,10.0465,0.08437622755443586,0.08457732182125464,0.06962633132708648,0.014950990494168162,-0.08147397236245789
correct_CP,C[C@H]1CCCCO[C@H](CN(C)Cc2ccccc2)[C@@H](C)CN([C@@H](C)CO)C(=O)c2cc(N(C)C)ccc2O1,10.0466,0.330557109316741,0.34345357632352325,0.027455663499565693,0.31599791282395756,-0.05895714112393462
correct_CP,C[C@H]1CCCCO[C@H](CN(C)Cc2ccncc2)[C@@H](C)CN([C@@H](C)CO)C(=O)c2cc(NC(=O)Cc3ccccc3)ccc2O1,10.0073,-0.03432078469567595,-0.0343342698977637,-0.0055497756031078335,-0.028784494294655863,0.28899285774718914
correct_CP,C[C@H]1CCCCO[C@H](CN(C)Cc2ccncc2)[C@@H](C)CN([C@@H](C)CO)C(=O)c2cc(NC(=O)c3ccccc3)ccc2O1,10.0129,0.42719467420782437,0.4564600583785704,0.059042088037852665,0.39741797034071774,-0.0013522444641462447
correct_CP,C[C@H]1CCCCO[C@H](CN(C)S(C)(=O)=O)[C@@H](C)CN([C@@H](C)CO)C(=O)c2cc(NC(=O)c3ccccc3)ccc2O1,10.2368,0.3900608627032681,0.4118718170087473,0.12703682724009324,0.28483498976865407,-0.4176449004888726
correct_CP,C[C@H]1CN([C@@H](C)CO)C(=O)CCCn2cc(nn2)CO[C@@H]1CN(C)C(=O)Cc1ccccc1,10.0042,-0.28555122927529103,-0.2937157911109469,-0.03384232579016962,-0.2598734653207773,-0.036376206366288535
correct_CP,C[C@H]1CN([C@@H](C)CO)C(=O)CCCn2cc(nn2)CO[C@@H]1CN(C)C(=O)Nc1cccc(F)c1,10.0012,0.1417307762271937,0.14269139196054972,0.024034821189280527,0.1186565707712692,-0.07574358925362813
correct_CP,C[C@H]1CN([C@@H](C)CO)C(=O)CCCn2cc(nn2)CO[C@@H]1CN(C)C(=O)Nc1ccccc1,10.0103,-0.12979446515274082,-0.13053078760979184,-0.049985553211784696,-0.08054523439800715,0.14274945607614542
correct_CP,C[C@H]1CN([C@@H](C)CO)C(=O)CCCn2cc(nn2)CO[C@@H]1CN(C)C(=O)c1cc(-c2ccccc2)on1,10.0208,0.20339814579076404,0.2062748117887081,0.003338735951102116,0.20293607583760598,0.23465085887565987
correct_CP,C[C@H]1CN([C@@H](C)CO)C(=O)CCCn2cc(nn2)CO[C@@H]1CN(C)CC1CCCCC1,10.1488,0.08324260920976062,0.08343568446885252,-0.08974009255204353,0.17317577702089604,0.04435648459409854
correct_CP,C[C@H]1CN([C@@H](C)CO)C(=O)CCCn2cc(nn2)CO[C@@H]1CN(C)Cc1ccc(-c2ccccc2)cc1,9.73866,0.6324281663352801,0.7454525463156589,0.00018326881554163403,0.7452692775001173,0.5221827556623326
correct_CP,C[C@H]1CN([C@@H](C)CO)C(=O)CCCn2cc(nn2)CO[C@@H]1CN(C)Cc1cccc(O)c1,10.1239,0.0409557516705772,0.04097867411017093,-0.030023074562761494,0.07100174867293242,0.10441103057447565
correct_CP,C[C@H]1CN([C@@H](C)CO)C(=O)CCCn2cc(nn2)CO[C@@H]1CN(C)S(=O)(=O)c1ccc(F)cc1,10.0327,0.35960899777137795,0.376436752483706,-0.12299219532749624,0.49942894781120223,0.06207862826635881
correct_CP,C[C@H]1CN([C@@H](C)CO)C(=O)CCCn2cc(nn2)CO[C@@H]1CN(C)S(=O)(=O)c1ccc(Oc2ccccc2)cc1,10.0248,0.35824273636062104,0.3748684497249688,0.059381977686908144,0.3154864720380607,0.2421752537658349
correct_CP,C[C@H]1CN([C@@H](C)CO)C(=O)CCCn2cc(nn2)CO[C@@H]1CN(C)S(=O)(=O)c1cccc(F)c1,10.0459,0.025015801673496128,0.025021021849300593,0.030394458566603298,-0.005373436717302706,0.3197703867875231
correct_CP,C[C@H]1CN([C@@H](C)CO)C(=O)CCCn2cc(nn2)CO[C@H]1CN(C)C(=O)CCC(F)(F)F,10.0686,0.12337485950481973,0.12400661689396714,0.004450591180177585,0.11955602571378955,-0.1403381465897776
correct_CP,C[C@H]1CN([C@@H](C)CO)C(=O)CCCn2cc(nn2)CO[C@H]1CN(C)C(=O)Nc1ccc(N2CCCCC2)cc1,10.198,-0.08085644716275431,-0.08103334842435549,-0.042967415752408464,-0.03806593267194702,0.27546553456124107
correct_CP,C[C@H]1CN([C@@H](C)CO)C(=O)CCCn2cc(nn2)CO[C@H]1CN(C)C(=O)Nc1ccccc1,10.2028,0.10235671476165255,0.10271643901473403,0.11005385149104002,-0.007337412476305996,-0.055027253463335674
correct_CP,C[C@H]1CN([C@@H](C)CO)C(=O)CCCn2cc(nn2)CO[C@H]1CN(C)C(=O)Nc1ccccc1C(F)(F)F,9.69457,0.28999943926949967,0.2985656514422498,-0.1278810877424775,0.4264467391847273,0.8131865777782444
correct_CP,C[C@H]1CN([C@@H](C)CO)C(=O)CCCn2cc(nn2)CO[C@H]1CN(C)C(=O)c1cc(-c2ccccc2)on1,10.2003,-0.15813592375348853,-0.15947422884747786,-0.03784375536791195,-0.1216304734795659,0.08959160290079983
correct_CP,C[C@H]1CN([C@@H](C)CO)C(=O)CCCn2cc(nn2)CO[C@H]1CN(C)Cc1ccc(O)cc1,10.1937,0.11150279998550071,0.1119683781395055,-0.12701129654151821,0.2389796746810237,0.2665055772957282
correct_CP,C[C@H]1CN([C@@H](C)CO)C(=O)CCCn2cc(nn2)CO[C@H]1CN(C)Cc1ccc2c(c1)OCCO2,10.0565,0.02759357568731884,0.02760058218782454,0.05535524180578945,-0.02775465961796491,0.024265765275592724
correct_CP,C[C@H]1CN([C@@H](C)CO)C(=O)CCCn2cc(nn2)CO[C@H]1CN(C)Cc1cccc(O)c1,9.96438,0.5110015248806817,0.5640843001770217,0.0678143023030239,0.49626999787399784,0.433826050337193
correct_CP,C[C@H]1CN([C@@H](C)CO)C(=O)CCCn2nncc2CO[C@H]1CN(C)C(=O)Nc1ccc(N2CCN(C)CC2)cc1,10.0109,-0.12216570446306188,-0.12277895774928803,0.02966942561656735,-0.15244838336585537,-0.16288369153543908
correct_CP,C[C@H]1CN([C@@H](C)CO)C(=O)CCCn2nncc2CO[C@H]1CN(C)C(=O)Oc1cccc2ccccc12,10.0515,-0.17826130821945896,-0.1801863559608747,0.050112212615920027,-0.23029856857679473,0.06572190384278118
correct_CP,C[C@H]1CN([C@@H](C)CO)C(=O)CCCn2nncc2CO[C@H]1CN(C)CC1CCCCC1,10.201,0.056458056968486554,0.05651815887081825,0.05324420120789943,0.003273957662918818,0.009599053183503896
correct_CP,C[C@H]1CN([C@@H](C)CO)C(=O)CCCn2nncc2CO[C@H]1CN(C)Cc1ccc2cccnc2c1,10.2668,-0.046015998585327914,-0.04604851911023545,-0.008679880546923866,-0.03736863856331158,-0.28385101722233497
correct_CP,C[C@H]1CN([C@@H](C)CO)C(=O)CCCn2nncc2CO[C@H]1CN(C)Cc1ccncc1,10.2545,0.48199031648454954,0.5255736678093317,0.013956306062052323,0.5116173617472793,0.30203370356254405
correct_CP,C[C@H]1CN([C@@H](C)CO)C(=O)CCCn2nncc2CO[C@H]1CN(C)S(=O)(=O)c1ccc2ccccc2c1,10.0691,0.2941175403563179,0.3030677849782522,0.1085880193460561,0.1944797656321961,-0.013209538410534086
correct_CP,C[C@H]1CN([C@@H](C)CO)C(=O)CCCn2nncc2CO[C@H]1CN(C)S(=O)(=O)c1cccc(F)c1,10.0749,0.13789034239781936,0.13877438727168348,-0.03821457691158964,0.17698896418327312,-0.13583576889034552
correct_CP,C[C@H]1CN([C@@H](C)CO)C(=O)Cc2cc(N(C)C)ccc2O[C@H]1CN(C)CC1CC1,9.93932,0.37566235287026123,0.3949996410485143,0.00043403116882819413,0.39456560987968614,0.06624705090867519
correct_CP,C[C@H]1CN([C@@H](C)CO)C(=O)Cc2cc(NC(=O)C3CC3)ccc2O[C@@H]1CN(C)Cc1ccc2c(c1)OCO2,9.71361,-0.32117576164260364,-0.33295755362749746,-0.017908015749446962,-0.3150495378780505,-0.1376136758849772
correct_CP,C[C@H]1CN([C@@H](C)CO)C(=O)Cc2cc(NC(=O)C3CC3)ccc2O[C@H]1CN(C)S(=O)(=O)c1ccccc1,10.2175,0.38100328505604447,0.40123278326241957,0.02686203403368055,0.37437074922873903,0.05677535437174633
correct_CP,C[C@H]1CN([C@@H](C)CO)C(=O)Cc2cc(NC(=O)C3CCCCC3)ccc2O[C@@H]1CN(C)CC1CC1,10.3294,0.3099008086914319,0.32043567599655465,0.05647090576628462,0.26396477023027004,-0.015328955455940853
correct_CP,C[C@H]1CN([C@@H](C)CO)C(=O)Cc2cc(NC(=O)CCC(F)(F)F)ccc2O[C@H]1CN(C)C(=O)Nc1cccc2ccccc12,10.132,0.03958422937360855,0.03960492382389739,0.034722889366810575,0.004882034457086813,0.03086452093965808
correct_CP,C[C@H]1CN([C@@H](C)CO)C(=O)Cc2cc(NC(=O)CCCN(C)C)ccc2O[C@@H]1CN(C)CC1CCCCC1,10.0468,0.20045124460130373,0.20320264474129066,0.05546817059628022,0.14773447414501045,0.036705968721699664
correct_CP,C[C@H]1CN([C@@H](C)CO)C(=O)Cc2cc(NC(=O)Nc3ccccc3)ccc2O[C@H]1CN(C)C,10.0051,0.40976961618752994,0.43533431776369447,-0.030577598944049395,0.46591191670774385,-0.11014110839331899
correct_CP,C[C@H]1CN([C@@H](C)CO)C(=O)Cc2cc(NC(=O)Nc3ccccc3)ccc2O[C@H]1CN(C)S(=O)(=O)c1ccc(F)cc1,9.90172,-0.08672344315702672,-0.08694184394527946,-0.00025856213454318426,-0.08668328181073627,0.00556944327077901
correct_CP,C[C@H]1CN([C@@H](C)CO)C(=O)Cc2cc(NC(=O)c3ccncc3)ccc2O[C@@H]1CN(C)C(=O)NC1CCCCC1,9.95964,0.5685661138818323,0.6454014488560856,0.023327367380105907,0.6220740814759798,0.2622183280189663
correct_CP,C[C@H]1CN([C@@H](C)CO)C(=O)Cc2cc(NC(=O)c3ccncc3)ccc2O[C@@H]1CN(C)C(=O)Nc1cccc2ccccc12,10.2114,0.5686438458166642,0.6455163199513413,-0.05005480759899125,0.6955711275503326,0.380783009355533
correct_CP,C[C@H]1CN([C@@H](C)CO)C(=O)Cc2cc(NC(=O)c3ccncc3)ccc2O[C@H]1CN(C)C(=O)NC1CCCCC1,9.91618,0.3315364727610698,0.3445534805822124,-0.02408543573934514,0.36863891632155754,-0.11430529928972642
correct_CP,C[C@H]1CN([C@@H](C)CO)C(=O)Cc2cc(NS(=O)(=O)c3ccc(F)cc3)ccc2O[C@H]1CN(C)Cc1ccc2c(c1)OCO2,9.75792,-0.050574524986264364,-0.050617710827952675,0.0834728526199911,-0.1340905634479438,-0.1839872519268346
correct_CP,C[C@H]1CN([C@@H](C)CO)C(=O)Cc2cc(NS(=O)(=O)c3cn(C)cn3)ccc2O[C@H]1CN(C)Cc1ccc(Cl)c(Cl)c1,9.82651,0.49776749070369747,0.5463338802447849,-0.10701375942546104,0.653347639670246,0.07158761538104944
correct_CP,C[C@H]1CN([C@@H](C)CO)C(=O)Cc2cc(NS(C)(=O)=O)ccc2O[C@@H]1CN(C)CC1CC1,9.89864,-0.07671242728567766,-0.07686343986019699,-0.017035676566757987,-0.059827763293439,-0.20993525575641198
correct_CP,C[C@H]1CN([C@@H](C)CO)C(=O)Cc2cc(NS(C)(=O)=O)ccc2O[C@@H]1CN(C)Cc1ccncc1,10.203,0.17197192682679416,0.17369797901077666,-0.04405303022384111,0.21775100923461777,0.05065103739037738
correct_CP,C[C@H]1CN([C@@H](C)CO)C(=O)Cc2cc(NS(C)(=O)=O)ccc2O[C@H]1CN(C)Cc1ccncc1,10.1146,0.5437170114703521,0.6094176125751943,0.015289587599210423,0.5941280249759839,0.4134371615761186
correct_CP,C[C@H]1CN([C@@H](C)CO)C(=O)c2c(c3ccccc3n2C)-c2ccccc2CO[C@@H]1CN(C)C(=O)CCC(F)(F)F,10.1254,0.005304670195521716,0.005304719953329905,0.05011814888771619,-0.04481342893438628,-0.015244964843308069
correct_CP,C[C@H]1CN([C@@H](C)CO)C(=O)c2c(c3ccccc3n2C)-c2ccccc2CO[C@@H]1CN(C)C(=O)CCN(C)C,9.92959,-0.3633016575840211,-0.38068437121604504,0.01048966699645201,-0.391174038212497,0.3156049152059031
correct_CP,C[C@H]1CN([C@@H](C)CO)C(=O)c2c(c3ccccc3n2C)-c2ccccc2CO[C@@H]1CN(C)C(=O)Cc1ccccc1,10.2643,-0.18100489001720932,-0.18302142182197453,0.05201177589175114,-0.23503319771372566,0.35310972451790407
correct_CP,C[C@H]1CN([C@@H](C)CO)C(=O)c2c(c3ccccc3n2C)-c2ccccc2CO[C@@H]1CN(C)C(=O)NC1CCCCC1,10.1054,-0.14684036691147487,-0.14790962994381235,0.1525359143084646,-0.300445544252277,-0.12216173068253838
correct_CP,C[C@H]1CN([C@@H](C)CO)C(=O)c2c(c3ccccc3n2C)-c2ccccc2CO[C@@H]1CN(C)C(=O)Nc1ccc2c(c1)OCO2,10.025,-0.07181067957448908,-0.07193450005066691,-0.041006890117873396,-0.030927609932793518,0.08411569385717096
correct_CP,C[C@H]1CN([C@@H](C)CO)C(=O)c2c(c3ccccc3n2C)-c2ccccc2CO[C@@H]1CN(C)C(=O)Nc1cccc(F)c1,10.0341,0.06412798059492887,0.06421610472904811,0.03214363067119924,0.03207247405784887,0.10078349077128013
correct_CP,C[C@H]1CN([C@@H](C)CO)C(=O)c2c(c3ccccc3n2C)-c2ccccc2CO[C@@H]1CN(C)C(=O)[C@H](Cc1ccccc1)N(C)C,10.3092,0.2417401563213534,0.24662144905351008,0.07105044081560066,0.17557100823790942,0.007114695515766975
correct_CP,C[C@H]1CN([C@@H](C)CO)C(=O)c2c(c3ccccc3n2C)-c2ccccc2CO[C@@H]1CN(C)C(=O)c1ccccc1,10.0292,0.21048488401053642,0.21367865455638116,-0.03172746142439893,0.2454061159807801,0.19155936040435345
correct_CP,C[C@H]1CN([C@@H](C)CO)C(=O)c2c(c3ccccc3n2C)-c2ccccc2CO[C@@H]1CN(C)Cc1ccncc1,10.2164,0.14990857562337662,0.15104690847428118,0.06647282085335648,0.08457408762092469,-0.14725695049634457
correct_CP,C[C@H]1CN([C@@H](C)CO)C(=O)c2c(c3ccccc3n2C)-c2ccccc2CO[C@@H]1CN(C)S(=O)(=O)c1ccc(F)cc1,10.1819,0.285922690598609,0.2941202769323016,-0.0038866333451395042,0.2980069102774411,0.3951690775863971
correct_CP,C[C@H]1CN([C@@H](C)CO)C(=O)c2c(c3ccccc3n2C)-c2ccccc2CO[C@H]1CN(C)C,10.0318,0.28239218129732135,0.29027964901688347,0.09516657844129674,0.19511307057558674,0.12717920715751213
correct_CP,C[C@H]1CN([C@@H](C)CO)C(=O)c2c(c3ccccc3n2C)-c2ccccc2CO[C@H]1CN(C)C(=O)CCC(F)(F)F,9.86928,0.49710987425980613,0.5454600348394691,-0.041944882449294396,0.5874049172887635,0.5461433381273811
correct_CP,C[C@H]1CN([C@@H](C)CO)C(=O)c2c(c3ccccc3n2C)-c2ccccc2CO[C@H]1CN(C)C(=O)CCN(C)C,9.80261,0.3419820432089691,0.3563353579569653,-0.08762118747022438,0.44395654542718965,0.11899978307019238
correct_CP,C[C@H]1CN([C@@H](C)CO)C(=O)c2c(c3ccccc3n2C)-c2ccccc2CO[C@H]1CN(C)C(=O)Nc1ccccc1,10.2479,0.050086156621656074,0.05012810220475723,-0.0263179238666313,0.07644602607138853,-0.008403280022747275
correct_CP,C[C@H]1CN([C@@H](C)CO)C(=O)c2c(c3ccccc3n2C)-c2ccccc2CO[C@H]1CN(C)C(=O)[C@H]1CCCN1C,10.0834,0.09438747830386297,0.0946692854399545,0.005323506438517485,0.089345779001437,0.14515675701031236
correct_CP,C[C@H]1CN([C@@H](C)CO)C(=O)c2c(c3ccccc3n2C)-c2ccccc2CO[C@H]1CN(C)Cc1cccc(C(=O)O)c1,10.0071,0.0955592870587446,0.09585176019041292,0.0565899401371618,0.039261820053251115,-0.10733043794248072
correct_CP,C[C@H]1CN([C@@H](C)CO)C(=O)c2c(c3ccccc3n2C)-c2ccccc2CO[C@H]1CN(C)S(=O)(=O)c1ccccc1C#N,10.0402,-0.030042477502042676,-0.030051520683612158,0.04612364970446412,-0.07617517038807628,0.14492007354616562
correct_CP,C[C@H]1CN([C@@H](C)CO)C(=O)c2c(c3ccccc3n2C)-c2ccccc2CO[C@H]1CN(C)S(=O)(=O)c1cccs1,9.90054,-0.03604798845327723,-0.036063614914617355,-0.04395684889989769,0.007893233985280336,0.12258264750481011
correct_CP,C[C@H]1CN([C@@H](C)CO)C(=O)c2cc(-c3ccc(C#N)cc3)cnc2O[C@@H]1CN(C)C(=O)Nc1ccc(C(F)(F)F)cc1,10.0934,0.4896100506856175,0.5355473068417198,0.1870980457294917,0.34844926111222807,-0.16170101298831258
correct_CP,C[C@H]1CN([C@@H](C)CO)C(=O)c2cc(-c3ccc(C#N)cc3)cnc2O[C@@H]1CN(C)CC1CCCCC1,9.93682,0.2455107715880767,0.25062999071112285,-0.054552206497146614,0.30518219720826945,0.045832328622572735
correct_CP,C[C@H]1CN([C@@H](C)CO)C(=O)c2cc(-c3ccc(C#N)cc3)cnc2O[C@H]1CN(C)C(=O)Nc1ccc(C(F)(F)F)cc1,10.1931,0.519637668567224,0.5758432665947291,0.0119103737772886,0.5639328928174404,0.19272721438889712
correct_CP,C[C@H]1CN([C@@H](C)CO)C(=O)c2cc(-c3cccc(F)c3)cnc2O[C@H]1CN(C)Cc1ccccn1,10.0432,-0.1208114891138218,-0.12140445523621973,-0.03545000708964054,-0.0859544481465792,0.024641073067946433
correct_CP,C[C@H]1CN([C@@H](C)CO)C(=O)c2cc(-c3cncnc3)cnc2O[C@@H]1CN(C)C(=O)CN1CCOCC1,10.0784,-0.09133471273975927,-0.09158996384739945,0.7326935074670907,-0.8242834713144902,-0.6615357913755286
correct_CP,C[C@H]1CN([C@@H](C)CO)C(=O)c2cc(-c3cncnc3)cnc2O[C@H]1CN(C)C(=O)CN1CCOCC1,10.0083,0.5472209192006731,0.6144056595584888,-0.003277392688574148,0.617683052247063,0.35734189147189394
correct_CP,C[C@H]1CN([C@@H](C)CO)C(=O)c2cc(-c3cncnc3)cnc2O[C@H]1CN(C)C(=O)Cc1ccccc1,10.0512,-0.4334253807872482,-0.4641067193034624,0.007418901158650567,-0.471525620462113,-0.3365578814704442
correct_CP,C[C@H]1CN([C@@H](C)CO)C(=O)c2cc(/C=C/c3ccccc3)cnc2O[C@@H]1CN(C)C(=O)NC1CCCCC1,10.0482,-0.07352272407218777,-0.07365563333517743,0.018481419085698687,-0.09213705242087611,0.17394977850200252
correct_CP,C[C@H]1CN([C@@H](C)CO)C(=O)c2cc(/C=C/c3ccccc3)cnc2O[C@@H]1CN(C)C(=O)c1ccc2c(c1)OCO2,10.0538,0.2766700595590218,0.28407249195014056,-0.05093457176777501,0.33500706371791555,-0.21285574471218405
correct_CP,C[C@H]1CN([C@@H](C)CO)C(=O)c2cc(/C=C/c3ccccc3)cnc2O[C@H]1CN(C)C(=O)Cc1cccnc1,10.0033,0.8331850134917367,1.1984624222437388,0.7462756712200422,0.45218675102369654,0.5482284564982254
correct_CP,C[C@H]1CN([C@@H](C)CO)C(=O)c2cc(C#CC3(O)CCCC3)cnc2O[C@@H]1CN(C)Cc1ccccn1,10.0285,-0.038135273408811676,-0.03815377625435194,0.0737518940359885,-0.11190567029034044,-0.21469039358010716
correct_CP,C[C@H]1CN([C@@H](C)CO)C(=O)c2cc(C#CC3CCCCC3)cnc2O[C@@H]1CN(C)Cc1cccnc1,10.0252,-0.018855369234280293,-0.018857604229119078,-0.009863122202063099,-0.008994482027055979,-0.13742876663354858
correct_CP,C[C@H]1CN([C@@H](C)CO)C(=O)c2cc(C#CC3CCCCC3)cnc2O[C@H]1CN(C)S(=O)(=O)c1cccc(F)c1,10.0503,0.09335416694899719,0.09362678777972604,-0.014983627296103572,0.10861041507582961,0.46955467234409554
correct_CP,C[C@H]1CN([C@@H](C)CO)C(=O)c2cc(C#CCc3ccccc3)cnc2O[C@@H]1CN(C)Cc1ccc(C(=O)O)cc1,10.0549,0.04952781171499952,0.04956836873262356,-0.03049568960804329,0.08006405834066685,0.06326740952415026
correct_CP,C[C@H]1CN([C@@H](C)CO)C(=O)c2cc(C#CCc3ccccc3)cnc2O[C@H]1CN(C)Cc1ccc(C(=O)O)cc1,10.0228,0.3326729246232723,0.34583081429541834,-0.012343898908280283,0.35817471320369865,0.4833321483809893
correct_CP,C[C@H]1CN([C@@H](C)CO)C(=O)c2cc(C#Cc3ccccc3F)cnc2O[C@H]1CN(C)C(=O)C1CCCCC1,10.0299,0.09424957096755524,0.09453014027020207,-0.0043632536868708095,0.09889339395707288,0.1009737953043754
correct_CP,C[C@H]1CN([C@@H](C)CO)C(=O)c2cc(C#Cc3ccccn3)cnc2O[C@@H]1CN(C)CC1CCCC1,10.0392,-0.08742485981995834,-0.0876486193440227,-0.012853889681889769,-0.07479472966213292,-0.11302461394641239
correct_CP,C[C@H]1CN([C@@H](C)CO)C(=O)c2cc(C3=CCCC3)cnc2O[C@@H]1CN(C)C(=O)c1ccccn1,10.0919,0.1394849726662119,0.14040029097656054,-0.05973799318025018,0.20013828415681073,-0.119144160452741
correct_CP,C[C@H]1CN([C@@H](C)CO)C(=O)c2cc(C3=CCCCC3)cnc2O[C@@H]1CN(C)Cc1ccc(C(=O)O)cc1,10.0364,0.004956316362771081,0.004956356947458512,-0.013140260406649737,0.01809661735410825,0.11221828045337288
correct_CP,C[C@H]1CN([C@@H](C)CO)C(=O)c2cc(C3=CCCCC3)cnc2O[C@@H]1CN(C)S(=O)(=O)c1cn(C)cn1,9.99953,0.4988006639353422,0.5477083057838836,-0.05498174712999855,0.6026900529138822,0.04883021251791255
correct_CP,C[C@H]1CN([C@@H](C)CO)C(=O)c2cc(N(C)C)ccc2O[C@@H]1CN(C)C(=O)Nc1ccc(F)cc1,10.1025,0.02833006685525181,0.02833764967530619,-0.07015602310586887,0.09849367278117506,0.17138170506258474
correct_CP,C[C@H]1CN([C@@H](C)CO)C(=O)c2cc(N(C)C)ccc2O[C@@H]1CN(C)Cc1ccc(C(F)(F)F)cc1,9.98566,0.2562109208597256,0.26204888234440515,-0.06243300420965426,0.3244818865540594,0.11712006973482114
correct_CP,C[C@H]1CN([C@@H](C)CO)C(=O)c2cc(N(C)C)ccc2O[C@@H]1CN(C)Cc1ccc(Oc2ccccc2)cc1,10.2027,0.11033312287928881,0.11078413134701552,0.06849307428521181,0.04229105706180371,-0.10119370222072473
correct_CP,C[C@H]1CN([C@@H](C)CO)C(=O)c2cc(N(C)C)ccc2O[C@@H]1CN(C)Cc1ccncc1,10.0199,0.21939432330064143,0.22301971559768663,-0.03551597367592489,0.25853568927361154,0.20747321371922123
correct_CP,C[C@H]1CN([C@@H](C)CO)C(=O)c2cc(N(C)C)ccc2O[C@H]1CN(C)C(=O)Nc1cccc2ccccc12,10.2,-0.13160372485178073,-0.13237149121127184,0.02986214020890706,-0.1622336314201789,-0.09878421491643621
correct_CP,C[C@H]1CN([C@@H](C)CO)C(=O)c2cc(N(C)C)ccc2O[C@H]1CN(C)CC1CCCCC1,9.98472,0.26299550158075674,0.2693237823950244,0.016803905155251774,0.25251987723977265,0.09022541047761944
correct_CP,C[C@H]1CN([C@@H](C)CO)C(=O)c2cc(N(C)C)ccc2O[C@H]1CN(C)S(=O)(=O)c1ccccc1,10.0777,0.07035938233445359,0.07047583177956299,-0.10259608422941001,0.17307191600897298,-0.07136599282695964
correct_CP,C[C@H]1CN([C@@H](C)CO)C(=O)c2cc(NC(=O)C3CC3)ccc2O[C@@H]1CN(C)CC1CCCCC1,10.1621,0.17908431043932072,0.18103649815120676,-0.020730757562784283,0.20176725571399104,-0.05946669190023286
correct_CP,C[C@H]1CN([C@@H](C)CO)C(=O)c2cc(NC(=O)C3CC3)ccc2O[C@@H]1CN(C)S(=O)(=O)c1ccc(F)cc1,10.0086,0.23900867858111746,0.24372246624633392,0.014311320999706544,0.22941114524662737,0.060281649141501914
correct_CP,C[C@H]1CN([C@@H](C)CO)C(=O)c2cc(NC(=O)C3CC3)ccc2O[C@H]1CN(C)CC1CCCCC1,10.1122,0.16391172593595185,0.16540379504738634,0.0065096526722770685,0.15889414237510927,0.19391629332281163
correct_CP,C[C@H]1CN([C@@H](C)CO)C(=O)c2cc(NC(=O)C3CC3)ccc2O[C@H]1CN(C)S(=O)(=O)c1ccc(F)cc1,10.0137,-0.14885846282178222,-0.14997282696806039,0.0576263166472478,-0.20759914361530818,0.22555781291146645
correct_CP,C[C@H]1CN([C@@H](C)CO)C(=O)c2cc(NC(=O)CCC(F)(F)F)ccc2O[C@H]1CN(C)Cc1ccc2c(c1)OCO2,10.2689,0.0037620046460890943,0.003762022393721131,-0.1408969952264534,0.14465901762017455,0.3803994513501304
correct_CP,C[C@H]1CN([C@@H](C)CO)C(=O)c2cc(NC(=O)Cc3ccccc3)ccc2O[C@@H]1CN(C)C(=O)Nc1ccc2c(c1)OCO2,10.1196,0.10989673040331288,0.11034238252802465,-0.022884902247574675,0.13322728477559934,0.017733309793294003
correct_CP,C[C@H]1CN([C@@H](C)CO)C(=O)c2cc(NC(=O)Cc3ccccc3)ccc2O[C@@H]1CN(C)CC1CCCCC1,9.84049,-0.04236519094746774,-0.042390564091423846,0.12366739526112365,-0.1660579593525475,-0.0971628502872911
correct_CP,C[C@H]1CN([C@@H](C)CO)C(=O)c2cc(NC(=O)NC3CCCCC3)ccc2O[C@@H]1CN(C)Cc1ccc2c(c1)OCO2,9.87761,-0.2692832458092149,-0.2760908696307748,0.05995552033838307,-0.33604638996915787,-0.053547766450305415
correct_CP,C[C@H]1CN([C@@H](C)CO)C(=O)c2cc(NC(=O)c3ccncc3)ccc2O[C@H]1CN(C)Cc1ccc(Oc2ccccc2)cc1,10.0903,0.4861293440556896,0.5309793357968663,0.059919863945068125,0.4710594718517982,-0.09206137352824594
correct_CP,C[C@H]1CN([C@@H](C)CO)C(=O)c2cc(NC(=O)c3ccncc3)ccc2O[C@H]1CN(C)Cc1ccc2c(c1)OCO2,10.1575,0.31819539248256745,0.32963791787462854,-0.006433166935721123,0.33607108481034964,-0.009249514996351078
correct_CP,C[C@H]1CN([C@@H](C)CO)C(=O)c2cc(NS(=O)(=O)c3ccccc3)ccc2O[C@@H]1CN(C)Cc1ccc2c(c1)OCO2,10.1866,-0.06957494643050592,-0.0696875368119877,0.040056867866326284,-0.10974440467831398,0.038968424645795086
correct_CP,C[C@H]1CN([C@@H](C)CO)C(=O)c2cc(NS(=O)(=O)c3cccs3)ccc2O[C@H]1CN(C)Cc1ccc(Cl)c(Cl)c1,9.93614,-0.23342856147823007,-0.23781256204115672,0.036411272421183624,-0.27422383446234033,-0.08725751789466024
correct_CP,C[C@H]1CN([C@@H](C)CO)C(=O)c2cc(NS(=O)(=O)c3cn(C)cn3)ccc2O[C@@H]1CN(C)CC1CC1,10.2553,0.18385019438295783,0.18596467949760223,-0.026538697323962333,0.21250337682156456,-0.065949467975476
correct_CP,C[C@H]1CN([C@@H](C)CO)C(=O)c2cccc(N(C)C)c2O[C@@H]1CN(C)Cc1ccc2c(c1)OCO2,9.96725,0.37543487037033113,0.3947348072452189,0.013267370105958338,0.38146743713926057,0.2876234968671735
correct_CP,C[C@H]1CN([C@@H](C)CO)C(=O)c2cccc(N(C)C)c2O[C@H]1CN(C)Cc1ccncc1,10.0434,0.00835409242360383,0.008354286778174605,-0.016896426506804868,0.02525071328497947,0.20724137413074323
correct_CP,C[C@H]1CN([C@@H](C)CO)C(=O)c2cccc(NC(=O)C3CC3)c2O[C@H]1CN(C)Cc1ccc(C(=O)O)cc1,10.0908,0.36697843609301,0.38492678710537814,0.029010626499781353,0.3559161606055968,0.04573461036432186
correct_CP,C[C@H]1CN([C@@H](C)CO)C(=O)c2cccc(NC(=O)C3CCCCC3)c2O[C@H]1CN(C)S(=O)(=O)c1ccc(Cl)cc1,9.76679,-0.13277070381837752,-0.13355922412537938,0.013567446190726749,-0.14712667031610613,0.11974165435121731
correct_CP,C[C@H]1CN([C@@H](C)CO)C(=O)c2cccc(NC(=O)Nc3ccc(F)cc3)c2O[C@H]1CN(C)Cc1ccncc1,9.93205,-0.08122578322545615,-0.08140512620231079,-0.011999515323227648,-0.06940561087908315,0.05349254378992056
correct_CP,C[C@H]1CN([C@@H](C)CO)C(=O)c2cccc(NC(=O)Nc3cccc4ccccc34)c2O[C@H]1CN(C)C(=O)Nc1ccc(F)cc1,10.0363,-0.05563489640663434,-0.0556924043955598,0.04413504843981475,-0.09982745283537456,0.08889810352581404
correct_CP,C[C@H]1CN([C@@H](C)CO)C(=O)c2cccc(NC(=O)c3ccc(-c4nccs4)cc3)c2O[C@@H]1CN(C)CC1CCCCC1,10.1003,-0.014397423868197168,-0.014398418785848358,-0.011295960287918785,-0.0031024584979295732,0.13436585992496516
correct_CP,C[C@H]1CN([C@@H](C)CO)C(=O)c2cccc(NC(=O)c3ccncc3)c2O[C@@H]1CN(C)CC1CC1,9.78244,0.35411057527930606,0.3701358979056576,0.07353379654887092,0.29660210135678666,-0.27365857411900557
correct_CP,C[C@H]1CN([C@@H](C)CO)C(=O)c2ccccc2-c2ccccc2CO[C@@H]1CN(C)C(=O)c1ccc(F)cc1,10.0727,-0.014466361972383601,-0.014467371251449474,0.10386021145602345,-0.11832758270747293,-0.08028824476067528
correct_CP,C[C@H]1CN([C@@H](C)CO)C(=O)c2ccccc2-c2ccccc2CO[C@@H]1CN(C)CC1CC1,9.98901,0.29783162388599427,0.30713847095657276,0.09552769224503063,0.21161077871154213,-0.07728818051989628
correct_CP,C[C@H]1CN([C@@H](C)CO)C(=O)c2ccccc2-c2ccccc2CO[C@@H]1CN(C)Cc1ccc(F)cc1,10.0513,0.2709193721173409,0.2778557530253038,0.04163477293197565,0.23622098009332815,-0.003787934282742253
correct_CP,C[C@H]1CN([C@@H](C)CO)C(=O)c2ccccc2-c2ccccc2CO[C@@H]1CN(C)S(=O)(=O)c1ccc(F)cc1,10.2481,-0.01579993036834963,-0.01580124531859592,-0.14803751042825714,0.13223626510966122,0.3657876924046663
correct_CP,C[C@H]1CN([C@@H](C)CO)C(=O)c2ccccc2-c2ccccc2CO[C@@H]1CN(C)S(=O)(=O)c1cccs1,9.87761,0.2106409923377211,0.2138420053263624,0.04870190097778551,0.1651401043485769,0.04026842124947186
correct_CP,C[C@H]1CN([C@@H](C)CO)C(=O)c2ccccc2-c2ccccc2CO[C@H]1CN(C)C(=O)Nc1cccc(C(F)(F)F)c1,9.94774,0.34423813626310434,0.3588924898322186,0.030970928648469835,0.32792156118374877,0.13403939488579775
correct_CP,C[C@H]1CN([C@@H](C)CO)C(=O)c2ccccc2-c2ccccc2CO[C@H]1CN(C)C(=O)Nc1cccc(F)c1,9.73429,0.3171123410614876,0.3284333172908388,-0.07695040381724694,0.40538372110808574,0.09692817452760535
correct_CP,C[C@H]1CN([C@@H](C)CO)C(=O)c2ccccc2-c2ccccc2CO[C@H]1CN(C)C(=O)[C@H](Cc1ccccc1)N(C)C,10.2631,-0.0788104541787668,-0.07897423116720723,0.07677032236713094,-0.15574455353433816,0.10636715661563609
correct_CP,C[C@H]1CN([C@@H](C)CO)C(=O)c2ccccc2-c2ccccc2CO[C@H]1CN(C)Cc1ccc2c(c1)OCCN2C,9.92904,0.34480442745831763,0.3595350496340509,0.10633389166097769,0.25320115797307324,-0.03272553811783083
correct_CP,C[C@H]1CN([C@@H](C)CO)C(=O)c2ccccc2-c2ccccc2CO[C@H]1CN(C)S(=O)(=O)c1ccc(F)cc1,9.98643,0.44792605770129496,0.48210275788628065,-0.06701107860215588,0.5491138364884365,0.21844953671140863
correct_CP,C[C@H]1CN([C@@H](C)CO)S(=O)(=O)c2ccc(-c3ccc(C(=O)N(C)C)cc3)cc2O[C@@H]1CN(C)C(=O)C1CCC1,10.0824,-0.041588999374141865,-0.04161300235550772,0.0017715416244928625,-0.04338454398000058,0.10731844910308773
correct_CP,C[C@H]1CN([C@@H](C)CO)S(=O)(=O)c2ccc(-c3ccc(F)cc3)cc2O[C@@H]1CN(C)S(C)(=O)=O,10.0674,-0.07375806313218497,-0.07389225557683604,-0.020787997047557356,-0.053104258529278685,0.4326775703512752
correct_CP,C[C@H]1CN([C@@H](C)CO)S(=O)(=O)c2ccc(-c3cccc(C#N)c3)cc2O[C@H]1CN(C)CC1CC1,10.069,0.20645783568487755,0.20946863056847478,-0.1565625066219825,0.3660311371904573,0.19823497882770155
correct_CP,C[C@H]1CN([C@@H](C)CO)S(=O)(=O)c2ccc(-c3ccccc3)cc2O[C@@H]1CN(C)C,10.0184,-0.07774630411736273,-0.07790352021594643,-0.00523476397381906,-0.07266875624212737,0.14319412240015086
correct_CP,C[C@H]1CN([C@@H](C)CO)S(=O)(=O)c2ccc(-c3cccnc3)cc2O[C@@H]1CN(C)C(=O)NC1CCCC1,10.0214,0.2097275386575465,0.21288633239788712,-0.011547254880871684,0.2244335872787588,0.15704048690900652
correct_CP,C[C@H]1CN([C@@H](C)CO)S(=O)(=O)c2ccc(-c3ccncc3)cc2O[C@@H]1CN(C)C(=O)CN(C)C,10.0288,-0.33787503692761595,-0.35169176840645505,-0.005875423209931266,-0.34581634519652377,-0.14646353758462444
correct_CP,C[C@H]1CN([C@@H](C)CO)S(=O)(=O)c2ccc(/C=C/c3ccccc3)cc2O[C@@H]1CN(C)C(=O)CN1CCOCC1,10.0681,0.0327594884836786,0.03277121502267849,0.019926509200580596,0.012844705822097895,0.1224455685534849
correct_CP,C[C@H]1CN([C@@H](C)CO)S(=O)(=O)c2ccc(Br)cc2O[C@H]1CN(C)CC1CC1,9.98096,0.24746524433483438,0.252710892249016,0.04731922827634662,0.2053916639726694,-0.13242138922786115
correct_CP,C[C@H]1CN([C@@H](C)CO)S(=O)(=O)c2ccc(C#CC3(O)CCCC3)cc2O[C@@H]1CN(C)C(=O)c1cccnc1,10.0548,-0.21627074137684738,-0.2197405297908962,-0.004619518138513431,-0.21512101165238276,0.09706201122864
correct_CP,C[C@H]1CN([C@@H](C)CO)S(=O)(=O)c2ccc(C#CC3CCCC3)cc2O[C@@H]1CN(C)Cc1cncnc1,10.0078,0.31952203018098996,0.3311147018063419,0.031327569692566844,0.29978713211377506,0.23344170514270585
correct_CP,C[C@H]1CN([C@@H](C)CO)S(=O)(=O)c2ccc(C#CCN(C)C)cc2O[C@@H]1CN(C)C(=O)C1CCCCC1,9.9793,-0.16092518955885204,-0.16233633735963873,0.01616381806376781,-0.17850015542340655,-0.025823853532615817
correct_CP,C[C@H]1CN([C@@H](C)CO)S(=O)(=O)c2ccc(C3=CCCC3)cc2O[C@@H]1CN(C)C(=O)c1cnccn1,10.096,-0.03658315861318629,-0.03659949181302718,0.08887241944325412,-0.1254719112562813,-0.08225501235278511
correct_CP,C[C@H]1CN([C@@H](C)CO)S(=O)(=O)c2ccc(C3=CCCC3)cc2O[C@H]1CN(C)Cc1ccccn1,10.0062,0.7365945115877106,0.9429933356485531,0.8054958917369437,0.13749744391160945,0.09104696221507635
correct_CP,C[C@H]1CN([C@@H](C)CO)S(=O)(=O)c2ccc(C3=CCCCC3)cc2O[C@@H]1CN(C)C(=O)C1CCOCC1,10.0498,-0.1280304215740241,-0.12873693250030843,0.013684350283458813,-0.14242128278376726,0.10737280205897942
correct_CP,C[C@H]1CN([C@@H](C)CO)S(=O)(=O)c2ccc(C3=CCCCC3)cc2O[C@H]1CN(C)C(=O)Cc1ccncc1,10.058,0.07446829153119147,0.07460640666926094,-0.049644371979299294,0.12425077864856024,0.09381966726792987
correct_CP,C[C@H]1OC(n2cc(F)c(=O)[nH]c2=O)C(O)[C@@H]1O,10.0,-0.06959147087216855,-0.06970414165134259,0.01148204607743205,-0.08118618772877464,-0.1270666727969156
correct_CP,C[C@]12CCC3c4ccc(OC(=O)c5ccccc5)cc4CCC3C1CCC2=O,10.0,-0.03318711249970545,-0.033199304480616705,-0.00887650544684125,-0.024322799033775454,0.06579369386954168
correct_CP,C[N+]1(C)CCCC(OC(=O)C(O)(c2ccccc2)c2ccccc2)C1,10.0,-0.11278248809404093,-0.11326436472572907,-0.022033060990633416,-0.09123130373509565,0.10820849013812868
correct_CP,Cc1[nH]c2ccc(Cl)cc2c1C1=CCNCC1,10.0,0.04816277391873468,0.048200066139836614,0.0493218304629114,-0.0011217643230747865,0.07163956622628238
correct_CP,Cc1[nH]c2nc(S)nc-2cc1Br,10.0,0.4624494018987289,0.5004225449707662,0.0509667931867695,0.4494557517839967,0.02811724979083538
correct_CP,Cc1c(-c2cc(C(=O)O)c3ccccc3n2)cnn1C,10.0,0.2779023168777752,0.2854073863619459,-0.02612717087304541,0.3115345572349913,-0.15828897922329616
correct_CP,Cc1c(-c2ccccc2)n[nH]c1C(=O)NN,10.0,0.41046110471278874,0.43616562829925365,0.07624307454474125,0.35992255375451243,0.13588889486327524
correct_CP,Cc1c(C(=O)Nc2ccc3c(c2)OCO3)sc2nc(-c3ccccc3)cn12,10.0,-0.2560051811648274,-0.26182870063662184,-0.02332232226016602,-0.23850637837645583,0.30961900863994746
correct_CP,Cc1c(C2CCN(CCc3ccccc3)CC2)noc1-c1ccc(Cl)cc1,10.0,-0.03432692997213084,-0.034340422422675446,0.0063027462075777845,-0.04064316863025323,0.16071562275914977
correct_CP,Cc1c(Cl)cnc(NC(=O)COC(=O)c2ccc3ncsc3c2)c1Cl,10.0,0.6523997271949635,0.7794653561054027,-0.01168927244179014,0.7911546285471929,0.09546725890749175
correct_CP,Cc1c(NC(=O)c2ccc(Br)o2)cccc1C(=O)O,10.0,0.42151403695554,0.4495317619260403,-0.14266890006214872,0.592200661988189,0.2628944372250907
correct_CP,Cc1c[nH]c(=O)n(CCCN2CCN(c3ccccc3OCC(F)(F)F)CC2)c1=O,10.0,0.5248025351744622,0.582944881227489,-0.03775750727462723,0.6207023885021162,0.4262682771954592
correct_CP,Cc1cc(-c2ccccc2)nc(NN=Cc2ccco2)n1,10.0,0.16956692324298137,0.1712207321290437,-0.08063890915540861,0.2518596412844523,-0.09747240642957011
correct_CP,Cc1cc(-c2nnc(S)n2-c2ccccc2C)cs1,10.0,0.3202510272232866,0.3319267986527316,0.0995102961821589,0.23241650247057272,0.20565858675136356
correct_CP,Cc1cc(-c2nnnn2-c2cc(Cl)cc(Cl)c2)no1,10.0,0.2681008554545959,0.27481647352157745,-0.05778718125117492,0.3326036547727524,0.06089231259618218
correct_CP,Cc1cc(/C=C2/NC(=O)N(c3ccccc3)C2=O)c(C)n1-c1cccnc1,10.0,0.029146730110215284,0.029154988011938988,0.20123726228198568,-0.1720822742700467,0.01805370525469871
correct_CP,Cc1cc(=O)oc2cc(NC(S)=NCc3ccccn3)ccc12,10.0,0.5894055471509375,0.676754680481751,0.18111502666405127,0.49563965381769975,0.5384474184267849
correct_CP,Cc1cc(C(=O)CSc2nnnn2C)c(C)n1-c1cccc(F)c1,10.0,0.24956310505221638,0.2549468448592681,0.03686410352217423,0.21808274133709388,0.020501674269903125
correct_CP,Cc1cc(C(=O)Nc2ccc3c(c2)C(=O)N(C)[C@@H]2CC[C@@H](CC(=O)NC4CCCC4)O[C@@H]2CO3)no1,10.1104,0.12576233597839426,0.1264317258210554,-0.024393063344159152,0.15082478916521458,0.011105319029087929
correct_CP,Cc1cc(C(=O)Nc2ccc3c(c2)C(=O)N(C)[C@@H]2CC[C@@H](CC(=O)NCc4ccc(-c5ccccc5)cc4)O[C@@H]2CO3)no1,10.1602,0.22392579129693074,0.22778534391297744,-0.08994154986711357,0.317726893780091,0.41848652367101447
correct_CP,Cc1cc(C(=O)Nc2ccc3c(c2)C(=O)N(C)[C@H]2CC[C@@H](CC(=O)NCc4ccc(-c5ccccc5)cc4)O[C@@H]2CO3)no1,9.78431,0.31243523938875545,0.32324181473659847,-0.4405816985122663,0.7638235132488648,0.10277430471067539
correct_CP,Cc1cc(C(=O)OCC(=O)N2CCc3ccccc32)c(C)o1,10.0,0.3344096273861884,0.34778491058296496,-0.12609387207215045,0.4738787826551154,-0.0006571756192141898
correct_CP,Cc1cc(C(C)(C)C)c(O)c(C)c1CC1=NCCN1,10.0,0.1961493550447651,0.1987246592861878,-0.07414978462785013,0.2728744439140379,0.05619288851125209
correct_CP,Cc1cc(C)c(-c2nc3ccccc3s2)[nH]1,10.0,0.006278787496607551,0.006278870008466659,0.08262438598881364,-0.07634551598034697,-0.05472498720176765
correct_CP,Cc1cc(C)c(C#N)c(Nc2ccc3c(c2)OCCO3)n1,10.0,0.1441080967047183,0.14511828531591742,0.35320005550380046,-0.20808177018788304,-0.1655143128589957
correct_CP,Cc1cc(C)c(NC(=O)Cn2cc3c(n2)CCCC3)c(C)c1,10.0,-0.00018080004910641103,-0.00018080005107644806,0.0015447582377263128,-0.0017255582888027609,-0.12629447106321157
correct_CP,Cc1cc(C)cc(C(=O)N(C)C(Cc2ccc(-c3ccccc3)cc2)C(=O)NC(Cc2c[nH]c3ccccc23)C(=O)O)c1,10.0,0.5685747265611901,0.6454141758061537,0.3412048336116041,0.3042093421945496,0.09735676091573175
correct_CP,Cc1cc(C)cc(C(=O)OC2CC3CCC(C2)N3C)c1,10.0,0.5538826871676976,0.6239650432528848,0.2743802464191301,0.3495847968337547,0.30293337303361295
correct_CP,Cc1cc(C)cc(OCC2CNC(=O)O2)c1,10.0,-0.3201948226968113,-0.3318641722438134,0.009106750765011159,-0.3409709230088246,0.030495844586735866
correct_CP,Cc1cc(C)n(-c2cccc3cccnc23)n1,10.0,0.057970893591376735,0.0580359643173251,0.10168643836626606,-0.043650474048940964,0.15027782645983073
correct_CP,Cc1cc(C)n2[nH]c(=O)c(N=Nc3cccc(C(F)(F)F)c3)c2n1,10.0,0.17979686918867477,0.18177276390174166,0.12721385992922496,0.0545589039725167,0.011515421805174592
correct_CP,Cc1cc(C)n2cc(CSCC(=O)O)nc2n1,10.0,0.3454688834858076,0.36028935845079985,0.09182635443059849,0.26846300402020135,0.1604549920851424
correct_CP,Cc1cc(C)n2nc3nc4c(cc3c2n1)CCCC4,10.0,0.2043699704643233,0.2072887861617216,0.05645118134756273,0.15083760481415887,0.11246846706815587
correct_CP,Cc1cc(C)nc(NS(=O)(=O)c2ccc(N)cc2)n1,10.0,-0.23447440335620046,-0.23891896089968775,-0.04068634188730928,-0.19823261901237849,-0.16537017825088896
correct_CP,Cc1cc(CNC(=O)c2ccc(C)c([N+](=O)[O-])c2)c2ccccc2n1,10.0,0.3013749127082154,0.31103118359024856,0.07846847175114152,0.23256271183910704,0.10639435656222318
correct_CP,Cc1cc(Cn2cnc3c2CC(C(=O)O)N(C(=O)C(c2ccccc2)c2ccccc2)C3)ccc1N(C)C,10.0,0.5783937677406049,0.6600456133586765,0.31882111923755896,0.34122449412111755,0.05447471018459654
correct_CP,Cc1cc(NC(=O)C2C(=O)c3ccccc3S(=O)(=O)N2C)no1,10.0,-0.49354677353675436,-0.5407384911894133,0.003262498350008908,-0.5440009895394222,-0.06344400585828402
correct_CP,Cc1cc(NS(=O)(=O)c2ccccc2)c(C)c(Cl)c1O,10.0,0.572171917189928,0.6507459449392757,0.0987553842978707,0.5519905606414051,0.30376069322578403
correct_CP,Cc1cc(O)c(C(=O)/C=C/c2cccc([N+](=O)[O-])c2)c(=O)o1,10.0,0.11364038449275614,0.11413339945023852,0.027004485270910948,0.08712891417932758,-0.13762173476863535
correct_CP,Cc1cc(O)nc(NN=Cc2sccc2C)n1,10.0,-0.20969527683241168,-0.21285258646458183,0.07268380538703156,-0.2855363918516134,-0.20045652847867668
correct_CP,Cc1cc(OCC(=O)Nc2nnc[nH]2)ccc1Cl,20.0,-0.11050502090857807,-0.11095815109009965,-0.04762598520682191,-0.06333216588327775,-0.028238549506713846
correct_CP,Cc1cc2cc3c(cc2n2c(SCC(=O)Nc4nc(-c5ccccc5)cs4)nnc12)OCCO3,20.0,0.2194196366537117,0.22304630914896922,0.047106084883839,0.17594022426513023,0.38670231615594647
correct_CP,Cc1cc2n(n1)C(c1ccccc1)Nc1ccccc1-2,10.0,0.07498638580195863,0.07512741032762299,0.17378140034496645,-0.09865399001734346,-0.2572641410920292
correct_CP,Cc1cc2ncc(-c3ccccc3)nc2cc1C,10.0,0.2507594857587436,0.2562230943090751,-0.006772828329065388,0.2629959226381405,0.06363463034179537
correct_CP,Cc1ccc(-c2cc(C(=O)NCc3cnn(C)c3)c3cc(Br)ccc3n2)cc1,10.0,0.5342892392015363,0.5961288799984653,0.13606895818410264,0.46005992181436267,0.47397650258811214
correct_CP,Cc1ccc(-c2ccc3c(c2)O[C@@H](CN(C)Cc2cncnc2)[C@@H](C)CN([C@@H](C)CO)S3(=O)=O)cc1,9.97797,0.2047087121889225,0.20764231838536112,0.012092552529570661,0.19554976585579045,0.2727194618034412
correct_CP,Cc1ccc(-c2ccc3c(c2)O[C@@H](CN(C)Cc2cncnc2)[C@H](C)CN([C@@H](C)CO)S3(=O)=O)cc1,10.0191,0.03631562595369063,0.03633160324637387,0.056132633698216694,-0.019801030451842824,0.3770665710826886
correct_CP,Cc1ccc(-c2ccc3c(c2)O[C@H](CN(C)C(=O)CC2CC2)[C@@H](C)CN([C@H](C)CO)S3(=O)=O)cc1,9.98551,0.8869204905586484,1.4073051072257707,0.7546531121710554,0.6526519950547154,0.5048950008548634
correct_CP,Cc1ccc(-c2cnc3c(c2)C(=O)N([C@@H](C)CO)C[C@H](C)[C@@H](CN(C)C(=O)c2cccc(F)c2)O3)cc1,10.0928,0.08225582069809374,0.082442092319083,0.04791004543980826,0.03453204687927475,0.30267317738045957
correct_CP,Cc1ccc(-c2cnc3c(c2)C(=O)N([C@@H](C)CO)C[C@H](C)[C@H](CN(C)S(C)(=O)=O)O3)cc1,10.0172,0.12222174260758166,0.12283584529924363,-0.019672948378791397,0.14250879367803504,-0.03266317030891125
correct_CP,Cc1ccc(-c2cnc3c(c2)C(=O)N([C@H](C)CO)C[C@@H](C)[C@@H](CN(C)S(C)(=O)=O)O3)cc1,10.0273,-0.2623568484460897,-0.2686377970855328,-0.03327066104968602,-0.2353671360358468,-0.06745354509893575
correct_CP,Cc1ccc(-c2cnc3c(c2)C(=O)N([C@H](C)CO)C[C@@H](C)[C@H](CN(C)C(=O)c2cccc(F)c2)O3)cc1,10.0791,0.06560513531934858,0.06569950137181402,-0.0005252122681150533,0.06622471363992907,0.30474029797187324
correct_CP,Cc1ccc(-c2csc(-c3c[nH]c4ccccc34)n2)cc1,10.0,0.3373601103651079,0.35111059659131477,0.11115332394902067,0.2399572726422941,0.11242976751827283
correct_CP,Cc1ccc(-c2nn(-c3ccccc3)cc2/C=C2\SC(=S)N(CCS(=O)(=O)O)C2=O)cc1,20.0,0.0968381017472156,0.09714251999630716,0.10622188120525583,-0.009079361208948672,-0.019484620381365947
correct_CP,Cc1ccc(-c2nnn(CC(=O)N(Cc3cccs3)C(C(=O)NC(C)(C)C)c3ccco3)n2)o1,10.0,0.6843517190056173,0.8372537366927353,0.33493822617479485,0.5023155105179404,0.08268403064105534
correct_CP,Cc1ccc(-n2c(S)nnc2-c2cnccn2)cc1,10.0,-0.09257793597983195,-0.09284378956156882,-0.015087786592445643,-0.07775600296912318,0.19424768924224506
correct_CP,Cc1ccc(-n2nc(C)c(C=C3C=Nc4ccccc43)c2O)cc1C,10.0,0.4227586323794374,0.4510462355245861,-0.1023101558348368,0.5533563913594229,0.01968190519058796
correct_CP,Cc1ccc(/C(=C\CN2CCCC2)c2ccccn2)cc1,10.0,-0.2080220123168517,-0.21110300117325634,-0.016127730108126383,-0.19497527106512996,-0.03508705306344794
correct_CP,Cc1ccc(C(=O)NC(C)(COc2nonc2C)COc2nonc2C)cc1,10.0,0.3227631838774486,0.3347285673805944,-0.0470665155562581,0.3817950829368525,0.08260366334909064
correct_CP,Cc1ccc(C(=O)NNc2ncnc3ccccc23)cc1,10.0,0.4022475275488528,0.42632743129564965,-0.007202227138637919,0.4335296584342876,-0.12384160923985738
correct_CP,Cc1ccc(C(=O)Nc2ccccc2SCC2CSc3nc4ccccc4c(=O)n32)cc1,10.0,0.14994723484393796,0.15108645667418583,0.10560050158720068,0.04548595508698515,0.05255004380320134
correct_CP,Cc1ccc(C(C(=O)NC2CCCC2)N(Cc2ccc(F)cc2)C(=O)c2csnn2)o1,10.0,0.38067894024472976,0.4008534148719695,0.1550867040940117,0.2457667107779578,0.07270098215760662
correct_CP,Cc1ccc(C)c(C(C)NC(=O)c2ccc(Br)o2)c1,10.0,0.4107552461490698,0.436519418428188,0.07635894905520699,0.36016046937298096,-0.07562101342156104
correct_CP,Cc1ccc(C)c(OCCCC(C)(C)C(=O)O)c1,10.0,0.15728077255129405,0.1585972658296682,0.03953935098082157,0.11905791484884665,-0.3436371704729942
correct_CP,Cc1ccc(C2c3c(C)noc3N=C3CC(C)(C)CC(=O)C32)cc1,10.0,0.44086992551861753,0.4733100938214823,0.03789702371061776,0.43541307011086455,0.12699241021903745
correct_CP,Cc1ccc(C=C2CNCC(=Cc3ccc(C)cc3)C2=O)cc1,10.0,0.3925439434972488,0.4148038454745652,-0.003977015375982121,0.41878086085054733,0.8935558080760457
correct_CP,Cc1ccc(CC2(O)CCN(CCOc3ccc(O)cc3)CC2)cc1,10.0,0.11697157023083463,0.11750947498418791,0.004925589958006625,0.11258388502618129,-0.26806573206961437
correct_CP,Cc1ccc(CN(C)C[C@H]2OCc3cnnn3CCCC(=O)N([C@H](C)CO)C[C@@H]2C)cc1,10.0072,0.1558019179033174,0.15708126088421345,0.028769400382308043,0.1283118605019054,-0.046656961427820366
correct_CP,Cc1ccc(C[N+](C)(C)C)o1,10.0,0.3895128821089238,0.41122566388306836,0.03294289507142859,0.37828276881163975,-0.16734351305112863
correct_CP,Cc1ccc(Cn2ncc3c(N4CCN(c5ccccc5C)CC4)ncnc32)cc1,10.0,0.6672666316615236,0.8057996716979781,0.09900729658963614,0.7067923751083419,0.5036740392119887
correct_CP,Cc1ccc(N(C(=O)Cn2nnc3ccccc32)C(C(=O)NCc2ccco2)c2cccnc2)cc1,10.0,-0.1970296161242894,-0.19964030789609358,0.030300395292950165,-0.22994070318904375,-0.13979905518926358
correct_CP,Cc1ccc(N2CC(C(=O)Nc3nccs3)CC2=O)cc1Cl,10.0,0.14256947435279224,0.14354738693833255,-0.04450592420789484,0.1880533111462274,0.3928203361377879
correct_CP,Cc1ccc(NC(=O)CCC(=O)N/N=C/c2ccco2)c(C)c1,20.0,-0.5887961027610111,-0.6758213242627992,0.05188434125284762,-0.7277056655156467,0.4952756316959361
correct_CP,Cc1ccc(NC(=O)CCC(=O)NN=Cc2ccco2)c(C)c1,20.0,0.07321356239288501,0.0733447984651596,0.06392021680126675,0.009424581663892845,0.06159354427799657
correct_CP,Cc1ccc(NC(=O)CN(C)CC(=O)Nc2cccc(F)c2)cc1S(=O)(=O)N1CCCCCC1,10.0,0.12320748959971202,0.12383666357671648,-0.06774984557913179,0.19158650915584827,0.10847246702346294
correct_CP,Cc1ccc(NC(=O)CSc2nc3sc(C)cc3c(=O)n2C)cc1,10.0,0.4771507768764975,0.5192886151603561,0.15477404982529977,0.36451456533505633,0.019794059920067802
correct_CP,Cc1ccc(NC(=O)Nc2ccc3c(c2)C(=O)N(C)[C@H]2CC[C@H](CC(=O)NCC(F)(F)F)O[C@@H]2CO3)cc1,10.0081,-0.25246095704629684,-0.2580395625886078,-0.025767880484138334,-0.23227168210446944,0.11005704165656902
correct_CP,Cc1ccc(NC(=O)c2ccc(CN3CCN(C)CC3)cc2)cc1Nc1nccc(-c2cccnc2)n1,10.0,0.3628852528101169,0.3802047323503535,-0.024797651756380025,0.40500238410673356,0.31456517114153176
correct_CP,Cc1ccc(NC(S)=NN=Cc2ccc(OCCC(C)C)cc2)c(C)c1,10.0,0.17842182652417818,0.1803521473805838,-0.056401720878846984,0.2367538682594308,0.2912739950945865
correct_CP,Cc1ccc(NC2=CC(=O)c3sc(C)nc3C2=O)cc1,10.0,0.3972524380806155,0.42038228546864276,-0.04875269369409312,0.4691349791627359,0.6405388497975856
correct_CP,Cc1ccc(Nc2nc(-c3sc(NC(=O)c4ccco4)nc3C)cs2)cc1,10.0,0.44523560747036595,0.4787420658796266,-0.1094438936528476,0.5881859595324742,0.22395368340674554
correct_CP,Cc1ccc(Nc2nc(N)nc(CSC(=S)N3CCOCC3)n2)cc1,10.0,0.37857664135863783,0.3983971199839835,-0.14440810476831056,0.5428052247522941,-0.06197941353292735
correct_CP,Cc1ccc(O)c(NC(=S)NC(=O)c2ccccc2Cl)c1,10.0,0.33390739980126394,0.34721955420605827,-0.06454266709211358,0.41176222129817186,0.04595679373840824
correct_CP,Cc1ccc(OC(=O)N(C)C[C@H]2OCc3cn(nn3)CCCC(=O)N([C@H](C)CO)C[C@H]2C)cc1,10.0472,-0.2710416172426827,-0.2779876860493507,-0.03126641227471449,-0.2467212737746362,-0.3573088820574848
correct_CP,Cc1ccc(OCC(=O)c2c[nH]c3ccccc23)c([N+](=O)[O-])n1,10.0,0.10379622369213322,0.10417140688956152,0.08102018027293129,0.02315122661663023,0.0896925869817645
correct_CP,Cc1ccc(OCCCn2c(CO)nc3ccccc32)cc1,10.0,0.35719645017313406,0.37366863053149324,0.1344191456907406,0.23924948484075265,-0.09185566593483002
correct_CP,Cc1ccc(S(=O)(=O)N(C)C)cc1NC(S)=NNC(=O)C(N)=O,10.0,0.38031842978024355,0.40043187403371616,0.03948000857363749,0.3609518654600787,-0.1260501366375217
correct_CP,Cc1ccc(S(=O)(=O)N(C)C[C@@H]2Oc3cc(C#Cc4ccncc4)ccc3S(=O)(=O)N([C@@H](C)CO)C[C@@H]2C)cc1,10.0328,0.10702786069544996,0.10743935936788362,0.020462293303943085,0.08697706606394054,0.0798788719470877
correct_CP,Cc1ccc(S(=O)(=O)N(C)C[C@@H]2Oc3cc(C#Cc4ccncc4)ccc3S(=O)(=O)N([C@H](C)CO)C[C@@H]2C)cc1,10.0419,0.32541208244660164,0.3376883418777817,0.00802000393388571,0.329668337943896,0.2454771775769962
correct_CP,Cc1ccc(S(=O)(=O)N(C)C[C@@H]2Oc3ncc(Br)cc3C(=O)N([C@@H](C)CO)C[C@@H]2C)cc1,10.0176,0.005211783358951817,0.005211830548398807,0.027432259591207805,-0.022220429042809,0.11211679115348279
correct_CP,Cc1ccc(S(=O)(=O)N(C)C[C@H]2OCCCC[C@@H](C)Oc3ccc(N(C)C)cc3C(=O)N([C@H](C)CO)C[C@@H]2C)cc1,10.2219,0.21704270434569528,0.22055051355561078,-0.15271679344427108,0.37326730699988186,0.22056858437247095
correct_CP,Cc1ccc(S(=O)(=O)N(C)C[C@H]2OCCCC[C@@H](C)Oc3ccc(N(C)C)cc3C(=O)N([C@H](C)CO)C[C@H]2C)cc1,9.971203,0.08688975899190408,0.08710942255002527,-0.019595050383483498,0.10670447293350876,0.2247169491990459
correct_CP,Cc1ccc(S(=O)(=O)N(C)C[C@H]2OCc3ccccc3-c3ccccc3C(=O)N([C@@H](C)CO)C[C@H]2C)cc1,10.2208,0.14298118268915294,0.14396766251230508,0.0017830370754300853,0.142184625436875,0.29017149182730045
correct_CP,Cc1ccc(S(=O)(=O)N(C)C[C@H]2OCc3cn(nn3)CCCC(=O)N([C@H](C)CO)C[C@@H]2C)cc1,10.0337,0.16395469787442413,0.1654479537100938,0.0820620974188512,0.0833858562912426,-0.07426212567762715
correct_CP,Cc1ccc(S(=O)(=O)N(C)C[C@H]2OCc3cnnn3CCCC(=O)N([C@H](C)CO)C[C@H]2C)cc1,10.0328,0.30662120200226933,0.31681169660624103,0.08710119250509504,0.229710504101146,-0.11211660578226068
correct_CP,Cc1ccc(S(=O)(=O)N(C)C[C@H]2Oc3c(NC(=O)Nc4ccccc4)cccc3C(=O)N([C@H](C)CO)C[C@@H]2C)cc1,10.0662,-0.2408802328944528,-0.2457083555656196,0.0038181008714888495,-0.24952645643710844,-0.11987384588665713
correct_CP,Cc1ccc(S(=O)(=O)N2C[C@@H](O)COC[C@@H]3O[C@@H](CC(=O)NCc4ccc5c(c4)OCO5)CC[C@H]32)cc1,10.0965,0.37645576305862166,0.39592373740802345,-0.011202695819288257,0.4071264332273117,-0.21399988450119914
correct_CP,Cc1ccc(S(=O)(=O)N2C[C@H](O)COC[C@H]3O[C@@H](CC(=O)N4CCc5ccccc5C4)CC[C@@H]32)cc1,9.981109,0.38730512705993464,0.4086256675359982,0.025009387602474422,0.3836162799335238,-0.07002313064151382
correct_CP,Cc1ccc(S(=O)(=O)N2C[C@H](O)COC[C@H]3O[C@@H](CC(=O)NCc4ccc5c(c4)OCO5)CC[C@@H]32)cc1,10.0384,-0.16759148355284104,-0.16918750965700924,0.1053807172677903,-0.27456822692479954,-0.1996803632312394
correct_CP,Cc1ccc(S(=O)(=O)N2C[C@H](O)COC[C@H]3O[C@H](CC(=O)NCc4ccc5c(c4)OCO5)CC[C@@H]32)cc1,10.0571,0.11512884815448089,0.11564159641362176,0.0508757807180431,0.06476581569557865,-0.13834837564406074
correct_CP,Cc1ccc(S(=O)(=O)NC(=O)Nc2c(C)n(C)n(-c3ccccc3)c2=O)cc1,10.0,0.3498933090598118,0.36532217432758257,0.126455855333449,0.23886631899413358,0.146425889370768
correct_CP,Cc1ccc(S(=O)(=O)NC2CCCCCCC2)cc1,20.0,-0.031161361674974273,-0.031171453765932524,0.104812334333306,-0.13598378809923853,0.0028962395311267902
correct_CP,Cc1ccc(S(=O)(=O)NCCC(=O)NC2CCCC2)cc1,10.0,-0.26251158729177104,-0.2688039813259003,-0.041940289173766784,-0.22686369215213348,-0.04385912863207016
correct_CP,Cc1ccc(S(=O)(=O)NCC[C@@H]2CC[C@@H](NC(=O)CC3CC3)[C@@H](CO)O2)cc1,10.0411,0.09693844752461085,0.09724381667997438,0.021921854526507408,0.07532196215346697,-0.1843194051643706
correct_CP,Cc1ccc(S(=O)(=O)NCC[C@@H]2CC[C@H](NC(=O)c3cccc(F)c3)[C@H](CO)O2)cc1,10.0578,-0.5589272288421003,-0.6312716570356448,0.06292151021079698,-0.6941931672464418,0.01487029225019458
correct_CP,Cc1ccc(S(=O)(=O)NCC[C@H]2CC[C@@H](NC(=O)c3cccc(F)c3)[C@@H](CO)O2)cc1,10.0759,0.13426102659979375,0.13507659662810853,0.0296441418483277,0.10543245477978083,-0.05653310956523795
correct_CP,Cc1ccc(S(=O)(=O)N[C@@H]2C=C[C@@H](CC(=O)NCCN3CCCCC3)O[C@@H]2CO)cc1,10.0236,0.5623552389090526,0.6362710983293097,0.07014221196142528,0.5661288863678844,-0.04884290787800575
correct_CP,Cc1ccc(S(=O)(=O)N[C@@H]2CC[C@@H](CC(=O)N3CCc4ccccc4C3)O[C@@H]2CO)cc1,10.0416,0.1859511568773671,0.18814001379986217,-0.0170553258381489,0.20519533963801107,0.02112426433013844
correct_CP,Cc1ccc(S(=O)(=O)N[C@@H]2CC[C@@H](CC(=O)N3CCc4ccccc4C3)O[C@H]2CO)cc1,10.0215,0.07652894105875165,0.07667887007349676,-0.044784001833878054,0.12146287190737481,-0.053707020686962204
correct_CP,Cc1ccc(S(=O)(=O)N[C@@H]2CC[C@@H](CC(=O)O)O[C@H]2CO)cc1,10.0446,-0.16791880167800033,-0.1695243058320382,-0.002310935474490565,-0.16721337035754763,0.10579677326726275
correct_CP,Cc1ccc(S(=O)(=O)N[C@@H]2CC[C@H](CC(=O)NCCCN(C)C)O[C@@H]2CO)cc1,10.0385,-0.039128298867345,-0.03914828601628479,-0.05812974673288883,0.01898146071660404,0.11766088491914878
correct_CP,Cc1ccc(S(=O)(=O)N[C@@H]2CC[C@H](CCNC(=O)c3ccccc3F)O[C@H]2CO)cc1,10.0466,-0.37917778298644067,-0.39909901760618915,-0.10391640740798017,-0.295182610198209,0.43904365663478107
correct_CP,Cc1ccc(S(=O)(=O)N[C@@H]2CC[C@H](CCn3cc(-c4cccnc4)nn3)O[C@@H]2CO)cc1,10.0364,-0.12876293262180458,-0.12948172196427316,-0.012953798246667153,-0.11652792371760601,0.26473878797241074
correct_CP,Cc1ccc(S(=O)(=O)N[C@H]2C=C[C@@H](CC(=O)N3CCC(Cc4ccccc4)CC3)O[C@H]2CO)cc1,10.0177,0.010476343038694672,0.010476726336627969,0.08716905696328664,-0.07669233062665867,-0.006443423987154334
correct_CP,Cc1ccc(S(=O)(=O)N[C@H]2C=C[C@H](CC(=O)NCCN3CCCCC3)O[C@@H]2CO)cc1,10.016,0.41666637901071535,0.443651249412628,-0.05844805768954493,0.502099307102173,-0.2705739881906594
correct_CP,Cc1ccc(S(=O)(=O)N[C@H]2CC[C@@H](CC(=O)N3CCc4ccccc4C3)O[C@H]2CO)cc1,10.0299,-0.18613576225880815,-0.18833123786143102,-0.03384247773687904,-0.15448876012455198,-0.23491701629554745
correct_CP,Cc1ccc(S(=O)(=O)N[C@H]2CC[C@H](CC(=O)NCc3ccncn3)O[C@@H]2CO)cc1,10.0181,0.1462807348531645,0.1473377130982387,-0.08074173439012228,0.22807944748836098,0.11682702272967263
correct_CP,Cc1ccc(S(=O)(=O)N[C@H]2CC[C@H](CC(=O)O)O[C@@H]2CO)cc1,10.0258,-0.09219275587489144,-0.09245529361852883,-0.02071112752584065,-0.07174416609268819,-0.007630155408127701
correct_CP,Cc1ccc(S(=O)(=O)N[C@H]2CC[C@H](CCNC(=O)C3CCCCC3)O[C@H]2CO)cc1,10.0096,0.099288756727907,0.09961697167003718,0.02024601625172457,0.0793709554183126,-0.27852464145129124
correct_CP,Cc1ccc(S(=O)(=O)Nc2ccc3c(c2)C(=O)N(C)[C@@H]2CC[C@@H](CC(=O)NCCc4ccncc4)O[C@H]2CO3)cc1,10.1024,0.10611019966634568,0.10651115671189015,0.0023818540087687315,0.10412930270312143,0.26218737941709436
correct_CP,Cc1ccc(S(=O)(=O)Nc2ccc3c(c2)C(=O)N(C)[C@@H]2CC[C@H](CC(=O)NCCc4ccncc4)O[C@H]2CO3)cc1,9.95369,0.1435664491482127,0.1445651947652507,0.018004075232937646,0.12656111953231305,0.045285816319217145
correct_CP,Cc1ccc(S(=O)(=O)Nc2ccc3c(c2)C(=O)N([C@@H](C)CO)C[C@@H](C)[C@@H](CN(C)C(=O)NC(C)C)O3)cc1,10.4287,0.1626420530187397,0.16409934618660432,-0.06007475164916966,0.22417409783577397,0.13292569956465727
correct_CP,Cc1ccc(S(=O)(=O)Nc2ccc3c(c2)C(=O)N([C@@H](C)CO)C[C@H](C)[C@H](CN(C)C)OCCCC[C@@H](C)O3)cc1,9.81689,0.44258224863601814,0.4754375268052725,0.0864806211842756,0.38895690562099694,-0.06388981880238286
correct_CP,Cc1ccc(S(=O)(=O)Nc2ccc3c(c2)C(=O)N([C@H](C)CO)C[C@H](C)[C@@H](CN(C)C)OCCCC[C@@H](C)O3)cc1,9.8766,0.21179947621761186,0.21505458749265027,0.027414948474205204,0.18763963901844508,0.06710999607435136
correct_CP,Cc1ccc(S(=O)(=O)Nc2ccc3c(c2)C(=O)N([C@H](C)CO)C[C@H](C)[C@H](CN(C)C)OCCCC[C@@H](C)O3)cc1,10.1373,0.34152417125198403,0.3558169369024924,0.0232989942461614,0.332517942656331,0.11099591648016689
correct_CP,Cc1ccc2[nH]c(SCc3ccc([N+](=O)[O-])cc3)nc2c1,10.0,0.12548886361255218,0.12615386836498102,-0.13822913137759618,0.2643829997425772,0.28487524631585376
correct_CP,Cc1ccc2c(COn3nnc4ccc(S(=O)(=O)N(C)C)cc43)cc(=O)oc2c1C,10.0,0.3710923006469386,0.3896892484220469,0.08222023628483431,0.30746901213721256,0.24501219313725953
correct_CP,Cc1ccc2c(c1)COc1c3ccc(C(=O)N[C@@H](C)CO)cc3nn1-2,10.0,0.3179960527522415,0.32941613730052,0.007648980469353884,0.32176715683116613,-0.21837177710857142
correct_CP,Cc1ccc2nc(NCCC(=O)O)nc(-c3ccccc3)c2c1,10.0,0.4104561968058274,0.43615972599366104,0.07632592048750565,0.3598338055061554,-0.00630346499933887
correct_CP,Cc1ccc2nc(O)c(COC(=O)c3cccs3)cc2c1,10.0,0.5204365141122126,0.5769382336032404,-0.056051763181816504,0.6329899967850569,-0.28024998932495016
correct_CP,Cc1ccc2oc(Nc3nc(C)c(C)c(C)n3)nc2c1,10.0,0.46172499261533834,0.4995014616831916,0.14062675744229214,0.35887470424089946,0.4025799915848802
correct_CP,Cc1cccc(-n2c(Cc3cc(O)nc(O)n3)nnc2SC(C)C)c1,10.0,0.4543832915134702,0.4902102525023386,0.06323931034997245,0.42697094215236614,0.13582524167781584
correct_CP,Cc1cccc(-n2c(N)c(-c3nc4ccccc4n3C)c3nc4ccccc4nc32)c1,10.0,0.05790016316850966,0.05796499568641233,0.10311150274322567,-0.04514650705681334,-0.014269088496815824
correct_CP,Cc1cccc(-n2ncc3c(N4CCC5(CC4)OCCO5)ncnc32)c1,10.0,-0.40891979781446613,-0.4343134374148113,-0.0281565013044478,-0.4061569361103635,0.1945823422254465
correct_CP,Cc1cccc(C2CC(c3ccccc3)=NN2c2ccc(S(N)(=O)=O)cc2)c1,20.0,-0.004424480785595548,-0.00442450965719119,-0.07928241527208998,0.0748579056148988,0.15082664259422332
correct_CP,Cc1cccc(C=Cc2ccccc2)n1,10.0,0.3015471690310396,0.311220659224237,-0.020743568006930238,0.3319642272311672,0.8219458134847814
correct_CP,Cc1cccc(CN2CCN(C(c3ccccc3)c3ccc(Cl)cc3)CC2)c1,10.0,-0.23936177821054364,-0.2440969923598058,-0.007556712231472658,-0.23654028012833314,0.004907141908785197
correct_CP,Cc1cccc(COc2ccc(C=NNC(=O)c3nnn(-c4nonc4N)c3CN3CCCCC3)cc2)c1,20.0,0.19669317062711747,0.19929029796743775,0.07404512928910313,0.12524516867833463,0.10794736026605041
correct_CP,Cc1cccc(N2CCN(C(=O)c3cc(S(=O)(=O)N(C)C)ccc3Cl)CC2)c1C,20.0,0.23058869972240092,0.23481113709300122,0.11851625894255248,0.11629487815044874,0.08837576248795663
correct_CP,Cc1cccc(N=C(S)Nc2cccc(C(F)(F)F)c2)n1,10.0,0.12863681154571538,0.12935347667704344,-0.02882203458615376,0.1581755112631972,0.24009051613063176
correct_CP,Cc1cccc(N=Cc2c(O)cc(C)oc2=O)c1,10.0,0.355991169428583,0.3722877590902828,-0.06773883959994546,0.44002659869022825,0.14409461191721018
correct_CP,Cc1cccc(NC(=O)CSc2ccc(-c3ccco3)nn2)c1,10.0,-0.06060765338331524,-0.06068202715153311,-0.0021857191678071337,-0.05849630798372598,0.07656220199013802
correct_CP,Cc1cccc(Nc2cc(Cl)nc(SCC(=O)O)n2)c1C,10.0,0.17782200407940935,0.1797326705141224,-0.014751605667733824,0.1944842761818562,-0.04751971701032873
correct_CP,Cc1cccc(Nc2nc(N)nc(CCl)n2)c1,10.0,0.42273074199345084,0.45101227615546624,-0.02128091396447987,0.4722931901199461,-0.3662046475223235
correct_CP,Cc1cccc(Nc2nc3ccccc3n3nnnc23)c1,10.0,0.5081270430226432,0.5602016627164569,-0.05600119628849192,0.6162028590049488,-0.12073281596420771
correct_CP,Cc1cccc(OCCNC(=O)c2nc[nH]n2)c1,10.0,0.60926358848792,0.7077493807946288,0.08994431549342181,0.6178050653012069,0.3608537993017344
correct_CP,Cc1cccc(S(=O)(=O)N(C)C[C@@H]2OCc3cnnn3CCCC(=O)N([C@H](C)CO)C[C@@H]2C)c1,10.0247,0.20251466338633062,0.20535337409559848,0.08314566397682893,0.12220771011876955,-0.05924907565149229
correct_CP,Cc1cccc(S(=O)(=O)N(C)C[C@@H]2OCc3cnnn3CCCC(=O)N([C@H](C)CO)C[C@H]2C)c1,10.0356,0.29971925959653783,0.3092111268055882,0.034665567227339926,0.2745455595782483,-0.33991690890807386
correct_CP,Cc1cccc(S(=O)(=O)N(C)C[C@H]2OCc3ccccc3-c3c(n(C)c4ccccc34)C(=O)N([C@H](C)CO)C[C@H]2C)c1,9.97374,0.1473417996862344,0.14842215153820004,0.049780838196219465,0.09864131334198058,-0.0322494897941032
correct_CP,Cc1cccc(S(=O)(=O)N[C@@H]2CC[C@@H](CCNS(=O)(=O)c3ccccc3F)O[C@@H]2CO)c1,10.1029,0.13014700512856936,0.13088938515997509,-0.05510204847883145,0.18599143363880655,0.17092251141383283
correct_CP,Cc1cccc(S(=O)(=O)N[C@@H]2CC[C@H](CCNC(=O)Nc3cc(F)ccc3F)O[C@@H]2CO)c1,10.1591,0.24454484380152477,0.2496023656255162,0.053935602171086755,0.19566676345442943,0.1814511283204289
correct_CP,Cc1cccc(S(=O)(=O)N[C@@H]2CC[C@H](CCNC(=O)c3cnccn3)O[C@@H]2CO)c1,10.0287,0.5447113979516875,0.6108304331753758,0.03717482634941481,0.573655606825961,-0.03834679358470884
correct_CP,Cc1cccc(S(=O)(=O)N[C@@H]2CC[C@H](CCNS(=O)(=O)c3ccccc3F)O[C@H]2CO)c1,10.0526,-0.021137813786637885,-0.021140962806481617,0.04103671545512151,-0.06217767826160313,0.061019760970073264
correct_CP,Cc1cccc2cc(CN(Cc3ccc(F)cc3)C(=O)N3CCOCC3)c(O)nc12,10.0,-0.0931634507871692,-0.09343439836704953,0.09392964353178089,-0.18736404189883044,-0.14791666247759283
correct_CP,Cc1cccc2sc(N(CCCN(C)C)C(=O)c3ccc(S(=O)(=O)N4CCc5ccccc5C4)cc3)nc12,10.0,0.4565487935147873,0.49294257515423967,0.01950408056841339,0.47343849458582626,0.2370621871223583
correct_CP,Cc1ccccc1-c1ccc2c(c1)O[C@@H](CN(C)C(=O)Nc1ccc(F)cc1)[C@H](C)CN([C@H](C)CO)S2(=O)=O,10.067,0.1264291628737138,0.12710932669045422,-0.05500287673715805,0.18211220342761225,0.34539932298955406
correct_CP,Cc1ccccc1-c1ccc2c(c1)O[C@@H](CN(C)C(=O)c1ccccn1)[C@H](C)CN([C@H](C)CO)S2(=O)=O,10.1781,0.18526842233516827,0.18743291911140936,-0.07859992013148909,0.26603283924289844,0.11756583869569753
correct_CP,Cc1ccccc1-c1ccc2c(c1)O[C@H](CN(C)C(=O)c1ccccn1)[C@H](C)CN([C@@H](C)CO)S2(=O)=O,10.0654,-0.05686531891624397,-0.056926732569308795,-0.05588978785991691,-0.0010369447093918835,-0.10088810773238083
correct_CP,Cc1ccccc1-c1ccc2c(c1)O[C@H](CN(C)C(=O)c1ccccn1)[C@H](C)CN([C@H](C)CO)S2(=O)=O,10.0554,0.1135803864175485,0.11407261683435733,0.01889633162448447,0.09517628520987287,-0.10843638898108718
correct_CP,Cc1ccccc1-c1cnc2c(c1)C(=O)N([C@@H](C)CO)C[C@@H](C)[C@H](CN(C)C(=O)CC1CC1)O2,9.9746,0.2288434878609596,0.23296870021693095,-0.009043815461880426,0.24201251567881138,0.09681547989543127
correct_CP,Cc1ccccc1-c1cnc2c(c1)C(=O)N([C@@H](C)CO)C[C@H](C)[C@H](CN(C)C(=O)CC1CC1)O2,10.0282,0.11099418558994435,0.11145339012362811,-0.06286709547043065,0.17432048559405877,0.23863055340483638
correct_CP,Cc1ccccc1-c1cnc2c(c1)C(=O)N([C@H](C)CO)C[C@@H](C)[C@@H](CN(C)Cc1cncnc1)O2,10.0203,-0.14582921257693568,-0.14687634896833396,0.07321121359810627,-0.22008756256644024,0.09282174645227438
correct_CP,Cc1ccccc1-c1cnc2c(c1)C(=O)N([C@H](C)CO)C[C@@H](C)[C@H](CN(C)Cc1cncnc1)O2,10.0352,0.5322907115613774,0.5933360837234645,0.12614558473261583,0.46719049899084863,-0.14471653394440182
correct_CP,Cc1ccccc1-c1cnc2c(c1)C(=O)N([C@H](C)CO)C[C@H](C)[C@H](CN(C)C(=O)CC1CC1)O2,10.0663,0.24569524496591164,0.2508263059918386,0.01754841873341151,0.23327788725842707,-0.06851253265461071
correct_CP,Cc1ccccc1-n1nnnc1SCc1cc(=O)n2ccsc2n1,10.0,0.3472327526091069,0.3622936624595219,0.14009694569793812,0.22219671676158376,0.05264519145328844
correct_CP,Cc1ccccc1C(=O)C(C#N)N=Nc1c(C)n(C)n(-c2ccccc2)c1=O,10.0,0.10986197860455585,0.1103072060267414,0.008410633225892285,0.10189657280084913,0.09791113908620583
correct_CP,Cc1ccccc1C=NNC(=O)c1csnn1,10.0,0.5307422008706549,0.5911778498148992,0.1681596952947958,0.4230181545201034,-0.2065059021264934
correct_CP,Cc1ccccc1CN(C)C[C@@H]1OCc2cn(nn2)CCCC(=O)N([C@@H](C)CO)C[C@H]1C,10.1046,0.3921631245444616,0.41435373609062787,-0.09430932311526641,0.5086630592058943,-0.11238190189597672
correct_CP,Cc1ccccc1Cn1c(O)c(N=NC(S)=Nc2ccccc2F)c2ccccc21,10.0,-0.1846796504154467,-0.18682328841709997,0.04510739136069973,-0.2319306797777997,-0.26132891121345314
correct_CP,Cc1ccccc1N(CC(=O)NN=Cc1cc(Br)c(C)o1)S(C)(=O)=O,10.0,0.3099020886459983,0.3204370919364414,0.08135817614740834,0.23907891578903304,-0.09315044978761929
correct_CP,Cc1ccccc1S(=O)(=O)Cc1ccc(C(=O)N2CCN(c3ncccn3)CC2)o1,10.0,0.20052878358113527,0.2032834310265448,0.1186799084280954,0.08460352259844942,-0.029402364956259808
correct_CP,Cc1ccccc1S(=O)(=O)N(C)C[C@@H]1OCc2ccccc2-c2ccccc2C(=O)N([C@@H](C)CO)C[C@H]1C,9.7943,-0.22574068763365687,-0.2296968684225042,0.07373281429097146,-0.30342968271347565,0.018837173128254336
correct_CP,Cc1ccccc1S(=O)(=O)N(C)C[C@@H]1OCc2ccccc2-c2ccccc2C(=O)N([C@H](C)CO)C[C@H]1C,10.2761,0.0010770088500206007,0.001077009266445667,0.09083766551950577,-0.08976065625306011,-0.2185369079542973
correct_CP,Cc1ccccc1S(=O)(=O)N(C)C[C@@H]1OCc2cnnn2CCCC(=O)N([C@H](C)CO)C[C@H]1C,10.0311,-0.018396530254308454,-0.018398606002662705,0.028178681049040526,-0.046577287051703234,0.07917109712719947
correct_CP,Cc1ccccc1S(=O)(=O)N(C)C[C@H]1OCc2ccccc2-c2c(n(C)c3ccccc23)C(=O)N([C@H](C)CO)C[C@@H]1C,9.95353,0.46595041029893297,0.5048851780408332,0.04099366889091293,0.4638915091499203,0.027654760701114688
correct_CP,Cc1ccccc1S(=O)(=O)N(C)C[C@H]1OCc2ccccc2-c2c(n(C)c3ccccc23)C(=O)N([C@H](C)CO)C[C@H]1C,9.87622,0.2607464988875456,0.2669091945954149,0.02475653720439822,0.24215265739101668,0.10765097007185467
correct_CP,Cc1ccccc1S(=O)(=O)N(C)C[C@H]1OCc2cn(nn2)CCCC(=O)N([C@H](C)CO)C[C@H]1C,10.1844,0.03996318503595116,0.039984479928750316,-0.017711840529177573,0.057696320457927885,-0.015586361913829064
correct_CP,Cc1ccccc1S(=O)(=O)NCC[C@@H]1CC[C@H](NS(=O)(=O)c2ccccc2C)[C@@H](CO)O1,10.1666,-0.5302319997133645,-0.5904678401334098,-0.10913721316666247,-0.48133062696674733,0.6082001081650792
correct_CP,Cc1ccccc1S(=O)(=O)N[C@@H]1CC[C@@H](CCn2cc(-c3ccc(F)cc3)nn2)O[C@@H]1CO,10.103283,0.38704183720203517,0.408315949991416,0.18334259665144043,0.2249733533399756,0.007378557725148116
correct_CP,Cc1ccccc1S(=O)(=O)N[C@@H]1CC[C@H](CCn2cc(-c3ccc(F)cc3)nn2)O[C@H]1CO,10.1042,-0.12010217375530029,-0.12068469625211514,0.030872354779417417,-0.15155705103153255,-0.09036750713298822
correct_CP,Cc1ccccc1S(=O)(=O)Nc1ccc2c(c1)C(=O)N(C)[C@@H]1CC[C@H](CC(=O)O)O[C@H]1CO2,10.0104,0.29455250739441363,0.30354400877335935,0.0007377293268261819,0.30280627944653316,0.09461343352755593
correct_CP,Cc1cccn2c(=O)c3cc(C(=O)NCCN4CCOCC4)c(=N)n(Cc4cccnc4)c3nc12,10.0,0.11543029301650352,0.11594710124772971,-0.006231322068675264,0.12217842331640497,0.23679892429629323
correct_CP,Cc1ccnc(N)c1,10.0,0.27563749687812866,0.2829546840936614,0.04852966305504439,0.23442502103861704,0.03912064953626076
correct_CP,Cc1ccsc1C=Nn1c(S)nnc1-c1cc(-c2ccccc2)[nH]n1,10.0,0.22193735904717166,0.2256929205540264,0.06057343392618007,0.1651194866278463,0.02115383359244105
correct_CP,Cc1cnc(NC(=O)C2C(=O)c3ccccc3S(=O)(=O)N2C)s1,10.0,0.09382953785187322,0.09410635946891281,0.03286524523190743,0.06124111423700538,-0.022661909843876376
correct_CP,Cc1cnc(NC(=O)C2CCCC2)s1,10.0,0.41987090141786193,0.44753528471659404,0.012288331231184293,0.43524695348540976,0.1458476357288045
correct_CP,Cc1coc(C)c1C(=O)CC1(O)C(=O)N(CCc2ccccc2)c2ccccc21,10.0,0.7422852867049042,0.9555498514729479,0.1615338012546303,0.7940160502183176,-0.1752834503865975
correct_CP,Cc1nc(C(=N)NOC(=O)c2ccccc2Cl)c(C(F)(F)F)o1,10.0,0.2676301465239386,0.274309379613802,0.025997131614283433,0.24831224799951854,0.059184219264804966
correct_CP,Cc1nc(N2[C@@H](C#N)[C@@H](c3ccccc3)[C@@H]2CO)sc1C,10.0589,0.15179351732356633,0.15297574344098847,0.009883698658676747,0.14309204478231172,-0.010820069706941772
correct_CP,Cc1nc2c(cc1C(=O)/C=C/c1ccc(Br)cc1)CCCC2,10.0,0.5924675440263104,0.6814597153254512,-0.02883445367726257,0.7102941690027138,0.1324407957696588
correct_CP,Cc1nc2sccn2c(=O)c1CCN1CCC(=C(c2ccc(F)cc2)c2ccc(F)cc2)CC1,10.0,0.30832758259418486,0.31869624389277024,0.027298159513982748,0.2913980843787875,0.05747219758450087
correct_CP,Cc1nn(-c2cccc(Cl)c2)c(Cl)c1C=NNC(=O)c1cccs1,10.0,-0.5853078789615214,-0.6704987724808632,0.19552826196259532,-0.8660270344434585,-0.6025430268069543
correct_CP,Cc1nn(C)cc1NC(=O)C[C@@H]1CC[C@@H]2[C@H](COc3ccc(NC(=O)C4CCOCC4)cc3C(=O)N2C)O1,9.99537,0.37842673139055494,0.3982221420610374,-0.013729155655549573,0.41195129771658695,-0.11757949794199099
correct_CP,Cc1nn(C)cc1NC(=O)C[C@H]1CC[C@H]2[C@H](COc3ccc(NC(=O)c4cccc(F)c4)cc3C(=O)N2C)O1,10.0021,0.19391705631552483,0.19640408972903703,0.0583277285078507,0.13807636122118633,0.2011220480490198
correct_CP,Cc1nn(Cc2c(F)c(F)c(F)c(F)c2F)c(C)c1NC(=O)c1ccc(COc2ccc(Cl)cc2Cl)o1,10.0,0.32586668976070066,0.33819687451964464,0.1474017564360484,0.19079511808359625,0.08638267835716501
correct_CP,Cc1nn(Cc2ccc(C(=O)Nc3ccc(C(=O)OC(C)C)cc3)o2)c(C)c1Cl,10.0,0.1071865875890804,0.1075999283018472,0.13284718341155877,-0.02524725510971157,-0.012255580850731376
correct_CP,Cc1nnc2ccc(-c3cccc(C(F)(F)F)c3)nn12,10.0,-0.3256759082144932,-0.33798344203628855,-0.06984013205683223,-0.26814330997945635,0.15860859553782392
correct_CP,Cc1nnc2ccc(N3CCCC3)nn12,10.0,0.1360368458630571,0.13688545563692003,0.0808071028733118,0.05607835276360823,0.0531024739136238
correct_CP,Cc1noc(C)c1C(=O)N(C)C[C@@H]1OCc2ccccc2-c2c(n(C)c3ccccc23)C(=O)N([C@@H](C)CO)C[C@H]1C,10.1449,0.270020474274048,0.27688590699997634,0.009062319639870631,0.2678235873601057,0.05747143791672722
correct_CP,Cc1noc(C)c1C(=O)N(C)C[C@@H]1OCc2ccccc2-c2ccccc2C(=O)N([C@@H](C)CO)C[C@H]1C,9.67398,-0.05324449490166313,-0.05329489628745737,0.30026463878952886,-0.35355953507698623,-0.2658488833989949
correct_CP,Cc1noc(C)c1NC(=O)N(C)C[C@@H]1OCCCC[C@H](C)Oc2ccc(N(C)C)cc2C(=O)N([C@H](C)CO)C[C@@H]1C,9.97997,0.18396204000301647,0.18608044031773946,0.014706681383812717,0.17137375893392676,0.14086609429012276
correct_CP,Cc1noc(C)c1NC(=O)N(C)C[C@@H]1OCc2ccccc2-c2ccccc2C(=O)N([C@@H](C)CO)C[C@H]1C,9.73238,-0.09215062579447207,-0.09241280255010714,0.043486656933581905,-0.13589945948368903,0.013847362134961197
correct_CP,Cc1noc(C)c1NC(=O)N(C)C[C@H]1OCCCC[C@@H](C)Oc2ccc(N(C)C)cc2C(=O)N([C@H](C)CO)C[C@H]1C,10.0552,-0.2761737764204826,-0.28353515107690125,0.017291204622174546,-0.3008263556990758,0.16944425682043518
correct_CP,Cc1noc(C)c1NC(=O)N(C)C[C@H]1OCc2ccccc2-c2c(n(C)c3ccccc23)C(=O)N([C@@H](C)CO)C[C@@H]1C,9.70671,0.30884054607035943,0.31926319478953674,0.11091784080799207,0.2083453539815447,0.20991950284123762
correct_CP,Cc1noc(C)c1NC(=O)N(C)C[C@H]1OCc2ccccc2-c2c(n(C)c3ccccc23)C(=O)N([C@@H](C)CO)C[C@H]1C,10.1045,0.06686693026619739,0.06696685664609427,0.04080640102403774,0.026160455622056523,-0.09151806657407285
correct_CP,Cc1noc(C)c1NC(=O)N(C)C[C@H]1Oc2cc(C#CCC3CCCC3)ccc2S(=O)(=O)N([C@@H](C)CO)C[C@H]1C,10.0732,0.22249103742493564,0.22627535927886117,0.02213707529283179,0.20413828398602937,-0.11229543600133086
correct_CP,Cc1noc(C)c1NC(=O)N(C)C[C@H]1Oc2cc(C#CCC3CCCC3)ccc2S(=O)(=O)N([C@H](C)CO)C[C@@H]1C,9.99848,0.7232830750065489,0.9144957313710786,0.1124390432619343,0.8020566881091443,0.2556697014173208
correct_CP,Cc1noc(C)c1NC(=O)N(C)C[C@H]1Oc2ccc(N(C)C)cc2CC(=O)N([C@@H](C)CO)C[C@@H]1C,10.3008,0.018134239751971475,0.018136227963132526,0.10476790162080002,-0.0866316736576675,-0.10011065994164906
correct_CP,Cc1noc(C)c1NC(=O)N(C)C[C@H]1Oc2ncc(/C=C/c3ccccc3)cc2C(=O)N([C@@H](C)CO)C[C@@H]1C,10.0301,-0.229255115546549,-0.2334031190799189,0.0411824170475861,-0.274585536127505,0.06112459084445851
correct_CP,Cc1noc(C)c1NC(=O)N(C)C[C@H]1Oc2ncc(/C=C/c3ccccc3)cc2C(=O)N([C@@H](C)CO)C[C@H]1C,10.0727,-0.03417220638862693,-0.034185517129853016,0.027940198878924252,-0.06212571600877727,-0.08849653167966992
correct_CP,Cc1noc(C)c1NC(=O)N1C[C@@H](O)COC[C@@H]2O[C@@H](CC(=O)NCC3CC3)CC[C@H]21,10.0309,0.3168100099971125,0.3280972204608301,0.06715670031874131,0.2609405201420888,0.06466461719953691
correct_CP,Cc1noc(C)c1NC(=O)N1C[C@@H](O)COC[C@@H]2O[C@H](CC(=O)N3CCc4ccccc4C3)CC[C@H]21,10.0055,-0.25663861085185113,-0.26250667381010945,0.07262862358635838,-0.33513529739646786,0.35246119485157856
correct_CP,Cc1noc(C)c1NC(=O)N1C[C@H](O)COC[C@@H]2O[C@@H](CC(=O)NCC3CC3)CC[C@H]21,10.1165,-0.046341095181466466,-0.04637431044567009,0.028078370377200054,-0.07445268082287015,0.01535109108793331
correct_CP,Cc1noc(C)c1NC(=O)N1C[C@H](O)COC[C@H]2O[C@H](CC(=O)N3CCc4ccccc4C3)CC[C@@H]21,10.0137,-0.33467535699949147,-0.348084128244335,0.16838628766045943,-0.5164704159047944,-0.07378072477535327
correct_CP,Cc1noc(C)c1NC(=O)N1C[C@H](O)COC[C@H]2O[C@H](CC(=O)NCC3CC3)CC[C@@H]21,10.051,0.06706640959596477,0.06716723457836485,0.09015074508625473,-0.02298351050788988,-0.003018801799640425
correct_CP,Cc1noc(C)c1NC(=O)NCC[C@@H]1CC[C@H](NC(=O)c2ccc(F)cc2)[C@@H](CO)O1,10.0869,0.32074670471474076,0.33247922068875957,-0.007635387411919716,0.3401146081006793,0.42182488551013175
correct_CP,Cc1noc(C)c1NC(=O)NCC[C@H]1CC[C@H](NC(=O)Cc2cccnc2)[C@@H](CO)O1,10.1547,0.5601488184345328,0.6330500230695533,0.09653584731226593,0.5365141757572873,-0.2712112477133826
correct_CP,Cc1noc(C)c1NC(=O)N[C@@H]1C=C[C@@H](CC(=O)NCCCN(C)C)O[C@@H]1CO,10.0176,0.35470198706636313,0.37081226386688476,-0.09183822659405866,0.4626504904609434,-0.14184750399786727
correct_CP,Cc1noc(C)c1NC(=O)N[C@@H]1C=C[C@@H](CC(=O)NCc2ccc(Cl)c(Cl)c2)O[C@@H]1CO,10.0331,-0.1276358187956842,-0.12833577426672055,0.004202404374084308,-0.13253817864080486,-0.09109459721925817
correct_CP,Cc1noc(C)c1NC(=O)N[C@@H]1C=C[C@@H](CC(=O)NCc2ccc(Cl)c(Cl)c2)O[C@H]1CO,9.92431,-0.3225846729807902,-0.3345293101236047,-0.004786207527711814,-0.3297431025958929,-0.12419617467475495
correct_CP,Cc1noc(C)c1NC(=O)N[C@@H]1C=C[C@H](CC(=O)N2CCCCC2)O[C@@H]1CO,9.96875,-0.18425994234983195,-0.1863887949190019,0.008377596788641885,-0.1947663917076438,-0.029311199537388682
correct_CP,Cc1noc(C)c1NC(=O)N[C@@H]1C=C[C@H](CC(=O)NCCCN(C)C)O[C@H]1CO,10.0953,-0.22819376468823704,-0.23228317855061542,0.06429370128874567,-0.2965768798393611,-0.11493807201462854
correct_CP,Cc1noc(C)c1NC(=O)N[C@@H]1C=C[C@H](CC(=O)NCc2ccc(Cl)c(Cl)c2)O[C@H]1CO,10.0046,0.4205001438545846,0.44829944401199695,0.08683178553459668,0.36146765847740026,0.10603034018324285
correct_CP,Cc1noc(C)c1NC(=O)N[C@@H]1CC[C@@H](CC(=O)N2CCN(C)CC2)O[C@H]1CO,9.93451,0.04941760435335601,0.049457890971150165,-0.08187882172133729,0.13133671269248745,0.19795692305288135
correct_CP,Cc1noc(C)c1NC(=O)N[C@@H]1CC[C@H](CC(=O)N2CCN(C)CC2)O[C@H]1CO,10.0799,0.028035364699847836,0.02804271325995069,-0.03988226684853811,0.0679249801084888,0.03734801652562831
correct_CP,Cc1noc(C)c1NC(=O)N[C@@H]1CC[C@H](CC(=O)NCCCN(C)C)O[C@H]1CO,9.97089,0.34434901874694074,0.3590182836753192,0.026280085179909755,0.3327381984954094,-0.12954009367989763
correct_CP,Cc1noc(C)c1NC(=O)N[C@H]1C=C[C@@H](CC(=O)N2CCCCC2)O[C@H]1CO,9.93374,0.1441004678622797,0.1451104946930604,-0.06508993946550969,0.2102004341585701,0.07419434800221539
correct_CP,Cc1noc(C)c1NC(=O)N[C@H]1C=C[C@H](CC(=O)NCCCN(C)C)O[C@@H]1CO,10.0401,0.044145053391126794,0.044173763385217696,0.08593189545991246,-0.04175813207469477,-0.17137850249357997
correct_CP,Cc1noc(C)c1NC(=O)N[C@H]1CC[C@H](CC(=O)Nc2ccc(-c3ccccc3)cc2)O[C@@H]1CO,9.8778,-0.23572639295565623,-0.24024419956566165,-0.14075232951518957,-0.09949187005047208,-0.15050024672168327
correct_CP,Cc1noc(C)c1NC(=O)Nc1ccc2c(c1)C(=O)N(C)[C@H]1CC[C@@H](CC(=O)N[C@@H]3CCN(Cc4ccccc4)C3)O[C@@H]1CO2,9.72786,0.17721768840219912,0.1791086911697942,-0.14692002751773342,0.3260287186875276,0.07554884083402284
correct_CP,Cc1noc(C)c1NC(=O)Nc1ccc2c(c1)C(=O)N(C)[C@H]1CC[C@@H](CC(=O)N[C@@H]3CCN(Cc4ccccc4)C3)O[C@H]1CO2,10.0717,0.16189197975438946,0.16332898892518014,0.017334897488805328,0.14599409143637482,0.23616126093402648
correct_CP,Cc1noc(C)c1NC(=O)Nc1ccc2c(c1)C(=O)N(C)[C@H]1CC[C@H](CC(=O)N[C@H]3CCN(Cc4ccccc4)C3)O[C@@H]1CO2,10.0227,0.3922444810459511,0.41444988214600675,0.09538017927721329,0.31906970286879344,-0.19198713545788965
correct_CP,Cc1noc(C)c1NC(=O)Nc1ccc2c(c1)C(=O)N([C@@H](C)CO)C[C@H](C)[C@H](CN(C)C)OCCCC[C@H](C)O2,10.0625,-0.005216410283046026,-0.00521645759828773,0.01194618562576438,-0.01716264322405211,-0.08539778201643863
correct_CP,Cc1noc(C)c1NC(=O)Nc1ccc2c(c1)C(=O)N([C@H](C)CO)C[C@H](C)[C@H](CN(C)C)OCCCC[C@@H](C)O2,9.99558,0.004660026692447966,0.0046600604250324655,-0.0022089308652239632,0.006868991290256429,0.19074223262738313
correct_CP,Cc1noc(C)c1NC(=O)Nc1ccc2c(c1)CC(=O)N([C@H](C)CO)C[C@@H](C)[C@H](CN(C)Cc1ccc(C(F)(F)F)cc1)O2,10.2046,-0.05192968750246048,-0.05197644264165019,0.0028646305971276025,-0.05484107323877779,-0.1910731374734778
correct_CP,Cc1noc(C)c1NC(=O)Nc1cccc2c1O[C@@H](CN(C)Cc1ccc3c(c1)OCO3)[C@@H](C)CN([C@H](C)CO)C2=O,10.0375,0.03257560360161545,0.03258713369428745,0.007061605628618876,0.025525528065668573,-0.15041862951193324
correct_CP,Cc1noc(C)c1NC(=O)Nc1cccc2c1O[C@H](CN(C)Cc1ccc3c(c1)OCO3)[C@@H](C)CN([C@H](C)CO)C2=O,9.98846,0.021711369634959125,0.021714782061134474,-0.055163542526072584,0.07687832458720706,0.12728260939521197
correct_CP,Cc1noc(C)c1S(=O)(=O)N(C)C[C@@H]1OCc2ccccc2-c2c(n(C)c3ccccc23)C(=O)N([C@H](C)CO)C[C@H]1C,10.0774,0.15012190842720333,0.151265152773746,0.16514391070070047,-0.013878757926954477,-0.10997322638227952
correct_CP,Cc1noc(C)c1S(=O)(=O)N(C)C[C@H]1Oc2c(cccc2N(C)C)C(=O)N([C@H](C)CO)C[C@@H]1C,10.1194,0.07046268762999032,0.07057965178507282,-0.07669370947244278,0.1472733612575156,0.04478678066773782
correct_CP,Cc1noc(C)c1S(=O)(=O)Nc1ccc2c(c1)CC(=O)N([C@@H](C)CO)C[C@@H](C)[C@@H](CN(C)CC1CCCCC1)O2,9.90784,-0.05198158479612324,-0.05202848040544654,-0.013373653188866632,-0.03865482721657991,-0.033996307475015634
correct_CP,Cc1noc(C)c1S(=O)(=O)Nc1ccc2c(c1)CC(=O)N([C@H](C)CO)C[C@@H](C)[C@H](CN(C)CC1CCCCC1)O2,10.0353,-0.02259406575998352,-0.022597911633181016,-0.10061640517370916,0.07801849354052814,0.0907056963782634
correct_CP,Cc1onc(-c2c(Cl)cccc2Cl)c1C(=O)NC(=N)N1CCCC1,10.0,0.3532300335752551,0.3691294693090365,-0.006025898882622112,0.3751553681916586,-0.07965420382642625
correct_CP,Clc1ccc(-c2[nH]nc3c2CCC3)c(Cl)c1,10.0,0.330642150594123,0.34354905281007636,-0.02188591429340689,0.3654349671034832,0.013501797568593292
correct_CP,Clc1ccc(Br)cc1-c1nc(-c2ccncc2)no1,10.0,0.6521934908507692,0.7791063777409484,0.08390863529401237,0.695197742446936,0.5656253442354076
correct_CP,Clc1cccc(SC2CCNCC2)n1,10.0,0.05175665237533294,0.05180294119176247,-0.010460725845037017,0.06226366703679949,0.20318732310442927
correct_CP,Clc1cccc2c1CN(C1=NCCN1)C2,10.0,0.4488363132561907,0.48324206672846515,-0.013380144423003282,0.49662221115146843,-0.42785970840698856
correct_CP,Cn1c(=NC(=O)c2ccccc2[N+](=O)[O-])sc2cccc(F)c21,10.0,0.4655659234831033,0.5043941783121201,-0.057040601972980436,0.5614347802851005,0.17796379950780866
correct_CP,Cn1c(CSc2nc3ccccc3s2)nnc1SCC(=O)NCCN1CCOCC1,10.0,0.02669916789735604,0.026705514739989285,0.10961677353326713,-0.08291125879327785,-0.12890571007442292
correct_CP,Cn1c(SCC(=O)NN=Cc2ccc([N+](=O)[O-])s2)nnc1-c1ccc(Cl)cc1,20.0,0.268794977377853,0.27556450159132795,0.20176761485376343,0.07379688673756452,0.3385881567167804
correct_CP,Cn1ccc2cc3c(cc21)CCN3C(=O)Nc1cccnc1,10.0,0.17782009926038203,0.17973070349738374,-0.0027185678820715823,0.18244927137945532,0.2539462156309622
correct_CP,Cn1cccc1-c1cc(C(=O)N2CCc3c([nH]c4ccccc34)C2c2ccccn2)[nH]n1,10.0,0.24803044500486668,0.25331305295814854,-0.02725579477758562,0.28056884773573415,0.13667794501335234
correct_CP,Cn1cnc(CCNC(=O)C[C@@H]2CC[C@H]3[C@@H](COC[C@@H](O)CN3C(=O)Nc3ccc(C(F)(F)F)cc3)O2)c1,10.0793,0.20003647378364353,0.20277054786743293,-0.12346074256660733,0.32623129043404026,0.06796993917864598
correct_CP,Cn1cnc(S(=O)(=O)N[C@@H]2C=C[C@@H](CC(=O)N3CCN(c4ccccc4)CC3)O[C@H]2CO)c1,10.0676,0.49032085431644024,0.5364826563000418,0.06716585069932896,0.4693168056007128,0.23195244730193576
correct_CP,Cn1cnc(S(=O)(=O)N[C@@H]2C=C[C@H](CC(=O)N3CCN(c4ccccc4)CC3)O[C@H]2CO)c1,9.95473,-0.13735444868006896,-0.13822814780602005,-0.02963587679864066,-0.10859227100737939,0.11688218676059811
correct_CP,Cn1cnc(S(=O)(=O)N[C@@H]2CC[C@@H](CC(=O)NCC3CCCCC3)O[C@H]2CO)c1,10.0431,-0.032105755949399,-0.032116794095992586,0.18109730878262215,-0.21321410287861473,-0.20860109076637012
correct_CP,Cn1cnc(S(=O)(=O)N[C@@H]2CC[C@H](CC(=O)Nc3ccc(-c4ccccc4)cc3)O[C@H]2CO)c1,9.96291,-0.0204362111525098,-0.02043905685002644,0.04662733219622764,-0.06706638904625407,-0.07277767107975433
correct_CP,Cn1cnc(S(=O)(=O)N[C@H]2C=C[C@H](CC(=O)N3CCN(c4ccccc4)CC3)O[C@@H]2CO)c1,9.94685,0.43134331696649103,0.4615458908940211,-0.08575330376288748,0.5472991946569086,0.17081663031734362
correct_CP,Cn1cnc(S(=O)(=O)N[C@H]2C=C[C@H](CC(=O)NCC3CC3)O[C@@H]2CO)c1,9.83588,-0.3989611258702763,-0.4224127861702015,-0.136165324218068,-0.28624746195213346,0.10375433058566293
correct_CP,Cn1cnc(S(=O)(=O)N[C@H]2CC[C@@H](CC(=O)NCC3CCCCC3)O[C@@H]2CO)c1,9.9742,0.1337751010068496,0.13458178376942553,0.013349083882560463,0.12123269988686507,0.10112056088755743
correct_CP,Cn1cnc(S(=O)(=O)N[C@H]2CC[C@@H](CC(=O)NCC3CCCCC3)O[C@H]2CO)c1,10.0036,-0.14529071683073788,-0.1463261967456124,0.1372966512735519,-0.28362284801916426,-0.22613105700445585
correct_CP,Cn1cnc(S(=O)(=O)N[C@H]2CC[C@H](CC(=O)NCC3CCCCC3)O[C@H]2CO)c1,10.0695,0.09373574581374959,0.09401173519280673,0.05629720742771451,0.037714527765092216,-0.20477141498854273
correct_CP,Cn1cnnc1SCC(=O)N1N=C2/C(=C/c3ccco3)CCCC2C1c1ccco1,10.0,0.06656340261482133,0.06666197197706668,0.018701391976524248,0.04796058000054243,-0.23259973302217357
correct_CP,Cn1cnnc1SCC(=O)c1ccc(O)c(O)c1,10.0,0.3636311416472176,0.3810640083157912,0.07074770533620152,0.3103163029795897,0.2171583681624612
correct_CP,Cn1cnnc1Sc1c([N+](=O)[O-])ncn1C,10.0,0.12181052119127335,0.12241840911329148,0.02314547363248283,0.09927293548080865,0.09654904887899965
correct_CP,Cn1nc(-c2ccccn2)nc2c(=O)n(C)c(=O)nc1-2,20.0,0.4273088750414519,0.456599761120908,0.1853947301611667,0.2712050309597413,0.4246826815914968
correct_CP,Cn1nc(C(F)(F)F)c(C=NOC(=O)c2ccccc2)c1SCc1ccccc1Cl,10.0,0.2568013725515383,0.2626809191781271,-0.018894599242708927,0.281575518420836,0.06684624395635372
correct_CP,FC(F)(F)c1cc(Oc2ccccc2Cl)nc(-c2ccccn2)n1,10.0,-0.06754219914986602,-0.06764518921351687,0.07342772089022019,-0.14107291010373707,-0.00659442465905144
correct_CP,FC(F)(F)c1cccc(Nc2nc(N3CCCC3)nc(N3CCCC3)n2)c1,10.0,0.06253387444250294,0.06261557883275115,-0.00866942714794375,0.0712850059806949,0.015451994204955095
correct_CP,FC(F)Sc1ccc(NC(S)=NCc2ccccc2)cc1,10.0,0.43965397026815395,0.4718017810660751,0.07173035656666732,0.4000714244994078,0.3431934390162043
correct_CP,Fc1ccc(-c2cc3nc(-c4ccccc4)cc(N4CCOCC4)n3n2)cc1,10.0,0.34612406615763136,0.36103352503310604,0.15979111813372068,0.20124240689938536,0.27008164676323443
correct_CP,Fc1ccc(Nc2nnc(-c3ccncc3)s2)cc1Cl,20.0,0.5400782606192476,0.6042660847361334,0.1220478952101867,0.4822181895259467,-0.12611369735397487
correct_CP,Fc1cccc(Cl)c1C=NNc1ccccn1,10.0,0.009223229946950842,0.0092234914941187,0.057120402768287705,-0.04789691127416901,-0.21348337991731917
correct_CP,Ic1ccc(N2CCN(Cc3c[nH]c4ncccc34)CC2)cc1,10.0,0.411896122713712,0.43789262675826307,-0.05361801030548996,0.49151063706375303,0.3211607308188489
correct_CP,N#CC(=Cc1ccc(O)c(O)c1)C(=O)NCCCCc1ccccc1,10.0,-0.045428364427744145,-0.04545965390231734,-0.04023034122020061,-0.005229312682116731,0.12917499509718403
correct_CP,N#CC1(C#N)C(c2ccccc2)OC23CCCCCC2C1(C#N)C(=N)O3,10.0,-0.09199802858487423,-0.09225890060852245,-0.07407210626467198,-0.018186794343850468,-0.10506465543580157
correct_CP,N#CC1=C(SCc2ccccc2)NC(=O)CC1c1ccccc1,10.0,0.42036389381807876,0.4481339387557587,0.0792930590571215,0.3688408796986372,0.11744346865315261
correct_CP,N#C[C@@H]1N[C@@H](CO)[C@@H]1c1ccc(C#Cc2ccccc2F)cc1,10.0484,0.06570042782625753,0.06579520639498354,0.019286623982594956,0.04650858241238859,0.049575739092731594
correct_CP,N#C[C@@H]1N[C@@H](CO)[C@@H]1c1ccc(C2=CCCCC2)cc1,10.0361,0.18626782229982694,0.18846804101967593,-0.011863791270296273,0.2003318322899722,-0.17901367369605925
correct_CP,N#C[C@@H]1N[C@@H](CO)[C@H]1c1ccc(C#CC2CCCCC2)cc1,10.2592,-0.0737004874581004,-0.07383436521035354,0.08316783717136399,-0.15700220238171753,-0.3207402948643068
correct_CP,N#C[C@@H]1[C@@H](c2ccc(C#Cc3cccc(F)c3)cc2)[C@H](CO)N1C(=O)C1CCOCC1,9.88251,-0.19639827067993998,-0.19898354820684916,-0.0455156733377816,-0.15346787486906754,0.2397343915975496
correct_CP,N#C[C@@H]1[C@@H](c2ccc(C3=CCCCC3)cc2)[C@H](CO)N1S(=O)(=O)c1ccccc1,9.80821,0.19959201178221234,0.20230760242148374,-0.02037295628825049,0.22268055870973424,0.2537862263633066
correct_CP,N#C[C@@H]1[C@@H](c2ccccc2)[C@H](CO)N1C(=O)c1ccc2c(c1)OCO2,10.0158,0.33652345813123286,0.3501667946620263,0.03875942768297918,0.31140736697904714,0.29200536011677636
correct_CP,N#C[C@@H]1[C@H](c2ccc(C#Cc3ccccc3F)cc2)[C@@H](CO)N1C(=O)c1cccnc1,10.3036,-0.1813847371206317,-0.18341416324452148,0.0009294076197031934,-0.18434357086422468,0.17513794212569153
correct_CP,N#C[C@@H]1[C@H](c2ccc(C#Cc3ccccc3F)cc2)[C@H](CO)N1C(=O)c1cccnc1,9.97993,-0.04595083147413712,-0.04598321391284953,0.03154988987356455,-0.07753310378641408,0.1044882203194229
correct_CP,N#C[C@@H]1[C@H](c2ccccc2)[C@H](CO)N1S(=O)(=O)c1ccc(F)cc1,9.80086,0.1305844933144981,0.13133443711316314,0.12398229376438641,0.007352143348776735,-0.039591238882666024
correct_CP,N#C[C@H]1N[C@@H](CO)[C@H]1c1ccc(C#Cc2ccccc2F)cc1,9.90533,0.3616897775614187,0.3788286418765615,0.0076065026587272076,0.3712221392178343,0.29885126056039235
correct_CP,N#C[C@H]1N[C@H](CO)[C@@H]1c1ccc(/C=C/c2ccccc2)cc1,10.04,0.05772503036616308,0.05778927557492422,0.03787409124860878,0.019915184326315442,-0.1090382336374667
correct_CP,N#C[C@H]1N[C@H](CO)[C@@H]1c1ccc(C2=CCCCC2)cc1,10.0219,-0.08350660351801266,-0.08370152673467658,-0.00979867346928065,-0.07390285326539593,0.03546248104938239
correct_CP,N#C[C@H]1N[C@H](CO)[C@H]1c1ccc(-c2cccc(F)c2)cc1,10.0615,-0.01062874895871061,-0.010629149230177416,-0.09301501934102357,0.08238587011084617,0.04700365721841143
correct_CP,N#C[C@H]1[C@@H](c2ccc(C#CC3(O)CCCC3)cc2)[C@@H](CO)N1C(=O)C1CC1,10.0042,-0.1560729770238565,-0.15735907548181907,0.024791079411199256,-0.18215015489301833,0.039484387182880616
correct_CP,N#C[C@H]1[C@@H](c2ccc(C#CC3CC3)cc2)[C@@H](CO)N1C(=O)Cc1ccccn1,10.0195,0.0964718121560672,0.09677277618739201,0.00578170960277295,0.09099106658461906,-0.07261357520506599
correct_CP,N#C[C@H]1[C@@H](c2ccccc2)[C@@H](CO)N1C(=O)c1ccc2c(c1)OCO2,10.0773,-0.10585518172935247,-0.10625324178770768,0.033443658922279046,-0.13969690070998672,0.03429520657652385
correct_CP,N#C[C@H]1[C@@H](c2ccccc2)[C@@H](CO)N1S(=O)(=O)Cc1ccccc1,10.0236,0.19380339877048935,0.19628599393269358,0.02287077570157862,0.17341521823111497,-0.12415818360583432
correct_CP,N#C[C@H]1[C@@H](c2ccccc2)[C@H](CO)N1C(=O)C1CCCC1,10.3227,0.006307328935242259,0.006307412577462726,0.008341347173710052,-0.002033934596247326,0.12447151138826418
correct_CP,N#C[C@H]1[C@@H](c2ccccc2)[C@H](CO)N1S(=O)(=O)c1ccc(F)cc1,9.9429,-0.22575607753700241,-0.22971308474759722,0.05292800666116628,-0.2826410914087635,-0.1381156894481468
correct_CP,N#C[C@H]1[C@H](c2ccc(C#CC3CC3)cc2)[C@H](CO)N1C(=O)Cc1ccccn1,10.0068,0.4992208271770366,0.5482677862370016,0.0463395630284266,0.501928223208575,-0.0140646840674679
correct_CP,N#C[C@H]1[C@H](c2ccc(C3=CCCC3)cc2)[C@H](CO)N1c1nc(-c2ccccc2)cs1,10.0112,0.23279913627405244,0.2371469669999364,-0.08631540647631714,0.3234623734762535,0.3403868619862938
correct_CP,N#C[C@H]1[C@H](c2ccc(C3=CCCCC3)cc2)[C@@H](CO)N1C(=O)c1cccc(F)c1,9.46773,0.4268434592561736,0.4560305189252363,-0.02120847554869911,0.47723899447393536,0.35958376857847957
correct_CP,N#C[C@H]1[C@H](c2ccccc2)[C@H](CO)N1C(=O)C1CCCC1,10.0454,-0.19603090730880823,-0.19860147494721958,0.01368800546673064,-0.2122894804139502,-0.01525911782877925
correct_CP,N#C[C@H]1[C@H](c2ccccc2)[C@H](CO)N1C(=O)Nc1cccc(F)c1,10.3796,-0.0338824621652822,-0.03389543703247935,-0.03503670809598933,0.0011412710635099743,0.03107408754631897
correct_CP,N#C[C@H]1[C@H](c2ccccc2)[C@H](CO)N1C(=O)c1ccc2c(c1)OCO2,10.0168,0.17861529499923579,0.18055198443888523,0.037425277691573486,0.14312670674731176,-0.0877518953393806
correct_CP,N#Cc1c(Cl)cccc1Cl,10.0,0.09609594491300608,0.09639339182461362,0.030449065895606205,0.06594432592900742,-0.1189609971142506
correct_CP,N#Cc1c(N)n(CCNC(=O)Nc2ccccc2)c2nc3ccccc3nc12,10.0,0.09111084189061179,0.09136421440179687,0.09531657672505109,-0.003952362323254216,0.17166885862763406
correct_CP,N#Cc1ccc(C(=O)Nc2nc(-c3cccs3)c(C(=O)C(F)(F)F)s2)cc1,10.0,0.2671419942536602,0.2737836393676549,-0.030022665387202732,0.3038063047548576,-0.2164582376391549
correct_CP,N#Cc1ccc(N=c2ssnc2Cl)cc1,20.0,0.29685543697477706,0.30606760529400373,-0.09736657994064096,0.4034341852346447,0.11240740866416292
correct_CP,N#Cc1ccc(Oc2ccc(-c3cnc4ccccc4n3)cc2)cc1C#N,10.0,0.27054685083276697,0.2774537676463887,-0.009903642587326905,0.2873574102337156,0.23938761190812874
correct_CP,N#Cc1nc(-c2ccc(OCc3ccc(Cl)cc3)cc2)oc1NCCCn1ccnc1,10.0,0.4054942870651199,0.43020699995389566,0.07536230891276675,0.3548446910411289,0.2625395648375793
correct_CP,NC(=NOC(=O)c1ccccc1[N+](=O)[O-])c1ccccn1,10.0,-0.08827152849967715,-0.08850187289437392,0.059030181550078054,-0.14753205444445197,0.05818051680816952
correct_CP,NC(=O)CSc1nnc(-c2cc3ccccc3o2)n1Cc1ccccc1,10.0,0.12774712682580797,0.12844892726937618,0.17740049742222697,-0.04895157015285079,0.08833579959636884
correct_CP,NC(=O)NN=Cc1cn(-c2ccccc2)nc1-c1ccccc1,10.0,0.5050214480181611,0.5560239979779787,0.16620134573951234,0.3898226522384664,-0.22109381038641257
correct_CP,NC(=S)N=Nc1c(O)n(CCCl)c2ccccc12,10.0,0.3182307764377668,0.3296772884803239,-0.10349327614576341,0.43317056462608733,0.5825073664079744
correct_CP,NC(S)=NN=Cc1c(O)c(Br)cc2oc3c(c12)CCCC3,10.0,0.24682263659859296,0.252026480528045,0.13640636219515995,0.11562011833288505,0.1087338642376483
correct_CP,NC1CCN(c2cccc(Cl)n2)CC1,10.0,-0.1987512915633241,-0.20143215366204034,-0.044008302853949924,-0.1574238508080904,0.19833890364482631
correct_CP,NCCCCCCNS(=O)(=O)c1cccc2ccccc12,10.0,0.3317577104093033,0.34480205936040764,0.03645792722601021,0.30834413213439743,0.10326384575787348
correct_CP,NCC[C@@H]1CC[C@@H](NS(=O)(=O)c2ccc(Cl)cc2)[C@H](CO)O1,10.0742,0.10135569870564451,0.10170492876867156,-0.0888926342650775,0.19059756303374906,-0.07347278296318853
correct_CP,NCC[C@@H]1CC[C@H](NC(=O)c2ccccc2F)[C@@H](CO)O1,10.0791,0.2308648235341766,0.23510278683391184,0.1384970824934716,0.09660570434044025,-0.21041738004963062
correct_CP,NCC[C@H]1CC[C@@H](NC(=O)Cc2ccncc2)[C@H](CO)O1,10.04,-0.1932221515665006,-0.1956821338430393,0.05748570718757867,-0.25316784103061796,0.02232692853196938
correct_CP,NCC[C@H]1CC[C@@H](NS(=O)(=O)Cc2ccccc2)[C@@H](CO)O1,10.0742,0.2586762745982017,0.2646892328546261,0.03486992729581392,0.22981930555881216,0.090748710190099
correct_CP,NCC[C@H]1CC[C@@H](NS(=O)(=O)c2ccc(Cl)cc2)[C@@H](CO)O1,10.0628,0.3614908688545903,0.3785998145540207,-0.08675310481203072,0.4653529193660514,0.08238152308643111
correct_CP,NCC[C@H]1CC[C@H](NC(=O)Nc2ccc(F)cc2)[C@@H](CO)O1,10.0208,0.11416828285294507,0.11466823691019222,0.03129922966100075,0.08336900724919147,-0.3523816046413194
correct_CP,NCC[C@H]1CC[C@H](NS(=O)(=O)c2ccc(Cl)cc2)[C@@H](CO)O1,10.027,0.5040866856859249,0.5547699988426149,-0.016956294820845774,0.5717262936634607,0.2803847691293457
correct_CP,NS(=O)(=O)Cc1noc2ccccc12,10.0,0.1907102652915301,0.19307413869194548,0.021234668562469444,0.17183947012947604,0.12617334249989284
correct_CP,NS(=O)(=O)c1ccc(Nc2nc(-c3ccccc3)cs2)cc1,10.0,0.20064015205830052,0.20339946815668153,-0.20322331734027374,0.4066227854969553,0.3776608414272202
correct_CP,N[C@H]1CC[C@@H](CCn2cc(-c3ccccn3)nn2)O[C@H]1CO,10.0218,0.04980159348958657,0.04984282748414608,-0.05231262497991931,0.10215545246406538,0.14376956982221842
correct_CP,N[C@](CC1c2ccccc2Oc2ccccc21)(C(=O)O)[C@H]1C[C@@H]1C(=O)O,10.0,-0.071300503904431,-0.07142169872250752,0.023616497751939587,-0.09503819647444711,0.1358611347376598
correct_CP,Nc1c(-c2ccccc2)nc(Cl)nc1-c1ccccc1,10.0,0.47012603778299544,0.5102321224789561,-0.026827086370518744,0.5370592088494749,-0.05216710146571289
correct_CP,Nc1c(O)cccc1C(=O)O,10.0,0.28294935417174866,0.29088520772642845,0.07754501865947025,0.2133401890669582,-0.4221477970173606
correct_CP,Nc1c(S(=O)(=O)O)cc(Nc2cccc3ccccc23)c2c1C(=O)c1ccccc1C2=O,10.0,0.18244917727032206,0.18451503553709064,-0.053052011540400276,0.23756704707749093,-0.1762631856614824
correct_CP,Nc1ccc(-c2cc(=O)c3cc(O)ccc3o2)cc1,10.0,-0.003830057060060471,-0.0038300757883579974,-0.04027201971080709,0.036441943922449094,0.2121993240907982
correct_CP,Nc1ccc(Nc2nc(-c3cc4ccccc4oc3=O)cs2)cc1,10.0,0.573887890759897,0.653300860935436,-0.08331983261066844,0.7366206935461045,-0.1938943450722394
correct_CP,Nc1ccc(S(=O)(=O)Nc2ccc(Cl)nn2)cc1,10.0,0.35626431009090176,0.3726005729943761,-0.04362488265886609,0.4162254556532422,0.44188485082845114
correct_CP,Nc1ccc(S(=O)(=O)Nc2cnc3ccccc3n2)cc1,10.0,0.21536407503321456,0.21878957038709076,0.004560875979599689,0.21422869440749107,-0.007625973452367978
correct_CP,Nc1ccc(S(=O)(=O)c2ccc(N)cc2)cc1,10.0,0.5468424623338426,0.6138655903954069,0.02088740919192903,0.5929781812034779,0.48545528296423385
correct_CP,Nc1cccc2c(=O)[nH]ccc12,10.0,0.06696803051726766,0.06706841165542354,-0.008633450213408785,0.07570186186883232,-0.04549884952131475
correct_CP,Nc1nc(Nc2ccccc2)nc2c1ncn2C1OC(CO)C(O)C1O,10.0,0.19934466578066506,0.20205000732298223,0.023708594599471576,0.17834141272351064,-0.03271162286739846
correct_CP,Nc1nc2ccccc2n1S(=O)(=O)c1ccc([N+](=O)[O-])cc1,20.0,0.39187426432810113,0.4140124233933006,0.09997844292815922,0.31403398046514136,-0.02586838571704933
correct_CP,Nc1ncnc2[nH]nc(Nc3ccc(F)cc3)c12,10.0,0.40206897072830566,0.4261144246398302,0.028432144244624452,0.3976822803952057,0.400442734877831
correct_CP,Nc1ncnc2c1cnn2-c1ccccc1,10.0,0.12425825984814726,0.12490377115902329,-0.005949853604878277,0.13085362476390155,0.06082292533129149
correct_CP,Nn1c(SCC(=O)NC(=O)NCc2ccco2)nnc1-c1ccc(OC(F)F)cc1,10.0,0.3720666445093644,0.3908196714073583,0.15946378160305347,0.23135588980430483,0.23062571799112586
correct_CP,O=C(/C=C/N1CCOCC1)c1cc2ccccc2o1,10.0,0.2682007331819879,0.27492408934884155,0.16834022695020373,0.10658386239863782,0.029216326042195345
correct_CP,O=C(/C=C/c1ccc(O)c(O)c1)c1ccc(O)cc1O,10.0,0.28615639583386826,0.2943748075098034,-0.07965873481917984,0.3740335423289832,0.447716493962026
correct_CP,O=C(/C=C/c1cccc(O)c1)c1cccnc1,10.0,0.4402179777970411,0.47250114634863516,0.10716474747936561,0.36533639886926955,0.02041215261957216
correct_CP,O=C(C=Cc1c(C(=O)O)[nH]c2cc(Cl)cc(Cl)c12)Nc1ccccc1,10.0,0.35896884205512586,0.3757017113494494,0.011499923153920174,0.36420178819552923,0.3314035228187917
correct_CP,O=C(CC1C(=O)N(c2ccccc2)C(=S)N1c1ccccc1)c1ccc(Br)cc1,10.0,0.48012985179923207,0.5231530176093246,0.14382083418389777,0.37933218342542685,0.1129085652582291
correct_CP,O=C(CC1CC1)Nc1ccc2c(c1)[C@H]1C[C@H](CC(=O)N3CCCCC3)O[C@H](CO)[C@H]1O2,9.93562,0.3138187304641841,0.3247757014697581,0.007998188897192563,0.31677751257256553,0.18935005720381543
correct_CP,O=C(CC1CC1)Nc1ccc2c(c1)[C@H]1C[C@H](CC(=O)NC3CCCCC3)O[C@H](CO)[C@H]1O2,9.94618,-0.18849658926721244,-0.19077791353652618,-0.0124653907360017,-0.17831252280052448,0.13180214338311952
correct_CP,O=C(CC1SC(N2CCCCC2)=NC1=O)Nc1cccc(C(F)(F)F)c1,10.0,0.3877548033497399,0.40915481020933997,-0.09636856252721143,0.5055233727365513,0.06641664830099966
correct_CP,O=C(CC1c2ccccc2Oc2ccccc21)N1CCN(c2ccccn2)CC1,10.0,0.6851089081216826,0.8386793178114839,0.1252947726383474,0.7133845451731364,0.5076255602562089
correct_CP,O=C(CCCn1c(=S)[nH]c2cc3c(cc2c1=O)OCO3)N1CCN(c2ccccc2F)CC1,10.0,0.1581156141239865,0.15945339837793895,0.05605042289666695,0.103402975481272,-0.014594753268899772
correct_CP,O=C(CCN1CCCCC1)NCC[C@@H]1CC[C@@H](NS(=O)(=O)c2cccc(Cl)c2)[C@H](CO)O1,10.0688,-0.1410971043334716,-0.14204478934740766,-0.011766564529641444,-0.13027822481776621,-0.016860817952227734
correct_CP,O=C(CCN1CCCCC1)NCC[C@@H]1CC[C@H](NC(=O)c2ccc(F)cc2)[C@@H](CO)O1,10.0831,0.45552927161105455,0.4916553458941054,0.11147858327933398,0.38017676261477146,0.1819664067249791
correct_CP,O=C(CCN1CCCCC1)NCC[C@@H]1CC[C@H](NS(=O)(=O)c2cccc(Cl)c2)[C@@H](CO)O1,10.0055,0.5389794903332105,0.6027161378040753,-0.13088257415665122,0.7335987119607266,0.5057070425387691
correct_CP,O=C(CCN1CCCCC1)N[C@@H]1CC[C@@H](CC(=O)N2CCC(Cc3ccccc3)CC2)O[C@@H]1CO,10.0074,0.5587727612932301,0.6310470379555552,-0.017289764446948408,0.6483368024025036,-0.01844809874310168
correct_CP,O=C(CCN1CCCCC1)N[C@@H]1CC[C@H](CCNS(=O)(=O)c2ccccc2)O[C@H]1CO,10.0258,0.21513048573896423,0.21854463279183928,0.030283618871584643,0.18826101392025463,0.4626303937083172
correct_CP,O=C(CCN1CCCCC1)N[C@H]1CC[C@@H](CCNS(=O)(=O)c2ccccc2)O[C@@H]1CO,10.0768,0.4436436935934628,0.47675830577717343,0.17411733032508325,0.3026409754520902,-0.4577857260321088
correct_CP,O=C(CCN1CCCCC1)N[C@H]1CC[C@H](CC(=O)N2CCC(Cc3ccccc3)CC2)O[C@H]1CO,9.92374,0.440048675013714,0.47229116690375506,0.07364347132034045,0.3986476955834146,0.16576966741645988
correct_CP,O=C(CCN1CCCCC1)N[C@H]1CC[C@H](CCNC(=O)c2cc(Cl)cc(Cl)c2)O[C@@H]1CO,10.043,0.14757366290700702,0.14865916840329693,0.025811196238787117,0.12284797216450982,0.08165826857198549
correct_CP,O=C(CCN1CCN(Cc2ccccc2)CC1)Nc1ccc(OCc2ccccc2)cc1,10.0,0.5446708886882385,0.6107728352829667,-0.053175509166066844,0.6639483444490335,-0.3740858236422062
correct_CP,O=C(CCSc1nnc2ccc3ccccc3n12)Nc1ccc(F)cc1,10.0,0.47010958754511534,0.5102110050655316,-0.03381403247951417,0.5440250375450458,0.04665645723578223
correct_CP,O=C(CCc1ccccc1)N1CCN(c2ccccn2)CC1,10.0,0.23599735180680723,0.24053112004112215,0.03941566701762293,0.2011154530234992,0.06872302157668184
correct_CP,O=C(CCc1ccccc1)Nc1ccccc1F,10.0,0.3407355960764692,0.3549245103360033,0.3258001434425048,0.02912436689349851,0.20275369959174244
correct_CP,O=C(CCl)c1cc(Br)c(Br)s1,10.0,0.13792963440478553,0.13881444106842025,-0.0229768279251053,0.16179126899352556,-0.0704677816447779
correct_CP,O=C(CN(C1CCCCC1)C1CCCCC1)N1CCc2ccccc2C1,10.0,0.10616848985211484,0.1065701110513551,0.03087509640878383,0.07569501464257126,0.10226286380028904
correct_CP,O=C(CN(c1ccccn1)S(=O)(=O)c1ccc(F)cc1)Nc1ccccc1,10.0,0.18578533789566412,0.18796826128256927,0.07562750919360581,0.11234075208896346,0.0983865484557751
correct_CP,O=C(CN1C(=O)CSc2ncccc21)N1CCOCC1,10.0,0.3095140384196839,0.3200078712468066,0.1745223064928207,0.14548556475398589,0.023515676600132263
correct_CP,O=C(CN1C(=O)c2ccccc2S1(=O)=O)Nc1ccc(S(=O)(=O)N2CCCC2)cc1,10.0,0.08739727116462458,0.087620818269171,0.1099819758803857,-0.02236115761121471,-0.09652715112711
correct_CP,O=C(CN1CCN(Cc2ccccc2F)C1=O)NCCc1ccc(Cl)cc1,10.0,0.3066926167859342,0.3168905242170892,0.036735810306619536,0.28015471391046964,0.3781419361665697
correct_CP,O=C(CN1CCN(S(=O)(=O)N2CCCCC2)CC1)Nc1ccc(Cl)c(Cl)c1,10.0,0.3695134366139923,0.3878594779252589,0.0552991792247182,0.33256029870054066,0.14473045617998678
correct_CP,O=C(CN1CCOCC1)NCC[C@@H]1CC[C@@H](NC(=O)Cc2ccccn2)[C@@H](CO)O1,10.0732,-0.06762061498945397,-0.06772396484086063,-0.024743059983128778,-0.04298090485773185,0.026249423225172697
correct_CP,O=C(CN1CCOCC1)NCC[C@@H]1CC[C@@H](NC(=O)c2ccc3c(c2)OCO3)[C@@H](CO)O1,10.1109,0.01931846009816606,0.0193208638715605,0.010929953930752306,0.008390909940808195,0.09683184397332958
correct_CP,O=C(CN1CCOCC1)NCC[C@@H]1CC[C@H](NC(=O)Cc2ccccn2)[C@@H](CO)O1,9.9786,0.31733970244493565,0.32868611867272157,0.013467053871725084,0.3152190648009965,-0.009040598428862814
correct_CP,O=C(CN1CCOCC1)NCC[C@H]1CC[C@@H](NC(=O)c2ccccc2F)[C@H](CO)O1,10.068,0.2420563708915078,0.24695731685424793,0.010152803084574039,0.2368045137696739,-0.01038664748956721
correct_CP,O=C(CN1CCOCC1)NCC[C@H]1CC[C@H](NC(=O)Cc2ccccn2)[C@@H](CO)O1,9.96628,-0.08020936886212512,-0.08038204604674573,0.0039022405949645997,-0.08428428664171034,-0.006408184484084991
correct_CP,O=C(CN1CCOCC1)N[C@@H]1CC[C@@H](CCNC(=O)Nc2cc(F)ccc2F)O[C@H]1CO,10.131,0.23383502065640327,0.23824248823809616,-0.03963885601857722,0.2778813442566734,0.08154913073292112
correct_CP,O=C(CN1CCOCC1)N[C@@H]1CC[C@@H](CCNS(=O)(=O)c2ccccc2F)O[C@H]1CO,10.0163,0.4794429571752466,0.5222607206047345,-0.1273206613745934,0.6495813819793279,-0.007550226292601769
correct_CP,O=C(CN1CCOCC1)N[C@@H]1CC[C@@H](CCn2cc(C3CCCCC3)nn2)O[C@H]1CO,10.0358,0.1278219476696806,0.12852499013530225,0.18881585081207755,-0.060290860676775304,0.19997333325897795
correct_CP,O=C(CN1CCOCC1)N[C@@H]1CC[C@H](CCNC(=O)C2CCC2)O[C@H]1CO,10.1004,-0.13868586278270384,-0.13958541752018255,0.10569419862090398,-0.24527961614108654,-0.13688921289902387
correct_CP,O=C(CN1CCOCC1)N[C@H]1CC[C@@H](CCNS(=O)(=O)c2ccccc2F)O[C@@H]1CO,10.0823,-0.3118055486719666,-0.3225441589608582,-0.07038105924262514,-0.25216309971823303,0.23650235214294676
correct_CP,O=C(CN1CCOCC1)Nc1c2c(nc3ccccc13)N(Cc1ccccc1)CC2,10.0,0.27819562843388723,0.2857252742230225,-0.09980756765435354,0.3855328418773761,0.18636272733377354
correct_CP,O=C(CNC(=O)c1ccccc1Cl)NN=Cc1ccc([N+](=O)[O-])s1,10.0,-0.01478573990976986,-0.014786817527937281,0.030019669988608114,-0.044806487516545396,0.013621155948037419
correct_CP,O=C(CNC(=O)c1ccccc1Cl)Nc1ccc(Br)cc1C(=O)c1ccccc1,10.0,0.3088234011027932,0.3192442421748804,-0.056598106481040945,0.37584234865592137,0.3189394566124321
correct_CP,O=C(COC(=O)c1ccccc1)NCc1ccco1,10.0,0.42719725859331176,0.4564632196924381,0.0780581123538876,0.3784051073385505,0.05755086431701034
correct_CP,O=C(COc1ccc(Cl)cc1Cl)NN=Cc1ccccn1,10.0,0.015718313103974445,0.01571960777949924,-0.04480472675205502,0.06052433453155426,0.4511592266968254
correct_CP,O=C(COc1ccc(F)cc1)Nc1nnc(-c2ccncc2)s1,10.0,0.09432577237354166,0.09460702519590478,-0.011447321647851394,0.10605434684375617,0.15794464481326492
correct_CP,O=C(COc1ccc(S(=O)(=O)N2CCc3ccccc32)cc1Cl)NCc1ccccn1,10.0,0.8561189231223454,1.2786279414490025,0.2698992541583292,1.0087286872906733,0.7948317604786181
correct_CP,O=C(COc1ccccc1)OC(C(=O)c1ccccc1)c1ccccc1,10.0,0.18039863532597408,0.182394702772206,0.13630209612249958,0.046092606649706436,0.09752137043393813
correct_CP,O=C(CSCCO)Nc1ccc(C2CCCCC2)cc1,10.0,0.10374028786890116,0.10411486220154387,-0.0921620858284799,0.19627694803002377,-0.07217513011180235
correct_CP,O=C(CSCc1cccc(F)c1)N1CCN(c2ccccc2)CC1,10.0,0.15810237611804934,0.1594398209574761,0.06386484842020052,0.0955749725372756,0.015104827138320245
correct_CP,O=C(CSc1nc2ccccc2c(=O)n1-c1ccccc1)Nc1ccc2c(c1)CCC2,20.0,-0.1776803305358875,-0.17958637468370878,0.14759766364853039,-0.3271840383322392,-0.017812669310884266
correct_CP,O=C(CSc1nc[nH]n1)c1cccc([N+](=O)[O-])c1,10.0,0.26145467443441184,0.2676691811383523,0.12798365881004373,0.13968552232830858,0.22056962631857083
correct_CP,O=C(C[C@@H]1C=C[C@@H](NC(=O)C2CC2)[C@H](CO)O1)NCc1ccccc1Cl,9.98087,0.28507837303264977,0.29320103105166173,-0.02791153005824261,0.3211125611099043,-0.11100432969105038
correct_CP,O=C(C[C@@H]1C=C[C@@H](NC(=O)C2CCC2)[C@@H](CO)O1)NCCCN1CCOCC1,10.0366,0.3308475842016893,0.3437797195538839,-0.14232233479963347,0.4861020543535174,0.03677601604996729
correct_CP,O=C(C[C@@H]1C=C[C@@H](NC(=O)C2CCOCC2)[C@H](CO)O1)NCC1CC1,10.1299,0.17733314210973966,0.17922789091702485,-0.031957923565385266,0.2111858144824101,0.20943807168810294
correct_CP,O=C(C[C@@H]1C=C[C@@H](NC(=O)C2CCOCC2)[C@H](CO)O1)NCc1ccncc1,10.0387,0.13409277637542577,0.13490526178661502,-0.08933610628171731,0.22424136806833234,0.360008058188548
correct_CP,O=C(C[C@@H]1C=C[C@@H](NC(=O)CC2CC2)[C@@H](CO)O1)NCc1ccc(-c2ccccc2)cc1,9.90619,0.06333823392138622,0.06342313705110195,0.004419633318422664,0.059003503732679284,0.20957162747816357
correct_CP,O=C(C[C@@H]1C=C[C@@H](NC(=O)Cc2cccnc2)[C@H](CO)O1)Nc1ccccc1,10.0212,0.05349407805371755,0.05354519235429217,0.11014310901530758,-0.05659791666101541,0.03158584416690255
correct_CP,O=C(C[C@@H]1C=C[C@@H](NC(=O)Nc2cc(F)ccc2F)[C@@H](CO)O1)NCc1ccncn1,10.0345,0.10917792193575866,0.10961484471918932,-0.04854696736986795,0.15816181208905727,0.06509840892901855
correct_CP,O=C(C[C@@H]1C=C[C@@H](NC(=O)Nc2ccc(F)cc2)[C@H](CO)O1)NCCN1CCCC1,9.97123,0.4140794833498019,0.44052495665958985,-0.15823725685242723,0.5987622135120171,-0.020448762327938658
correct_CP,O=C(C[C@@H]1C=C[C@@H](NC(=O)Nc2ccc3c(c2)OCO3)[C@H](CO)O1)NCc1ccc(Cl)cc1,10.0034,0.0669045272061209,0.06700462253932563,0.02148952633172458,0.045515096207601045,0.03668516815942477
correct_CP,O=C(C[C@@H]1C=C[C@@H](NC(=O)Nc2cccc(F)c2)[C@@H](CO)O1)NCC1CCCCC1,10.0338,0.2976023821999221,0.30688693420487223,-0.044422298441920804,0.35130923264679303,-0.15969754009913656
correct_CP,O=C(C[C@@H]1C=C[C@@H](NC(=O)Nc2cccc(F)c2)[C@H](CO)O1)NCC1CCCCC1,9.88612,0.022595826913720925,0.02259967368650232,-0.13201573325090987,0.1546154069374122,0.16724084286596475
correct_CP,O=C(C[C@@H]1C=C[C@@H](NC(=O)Nc2ccccc2)[C@H](CO)O1)NCc1ccccn1,10.0625,-0.11252529516212682,-0.1130038658270141,-0.0406187935790039,-0.0723850722480102,0.14844170425248598
correct_CP,O=C(C[C@@H]1C=C[C@@H](NC(=O)c2ccc3c(c2)OCO3)[C@@H](CO)O1)NC1Cc2ccccc2C1,9.99385,0.3262658672590652,0.3386435412883049,0.14546387320840376,0.1931796680799011,-0.10253563252782244
correct_CP,O=C(C[C@@H]1C=C[C@@H](NC(=O)c2ccncc2)[C@@H](CO)O1)NCC1CC1,10.0915,-0.1522920920193474,-0.15348611644853402,0.13399596071698017,-0.2874820771655142,0.07912486409307926
correct_CP,O=C(C[C@@H]1C=C[C@@H](NC(=O)c2ccncc2)[C@H](CO)O1)Nc1ccc(-c2ccccc2)cc1,10.0369,-0.06681614864145967,-0.06691584712142996,0.01849448536631675,-0.08541033248774671,0.046548296388075686
correct_CP,O=C(C[C@@H]1C=C[C@@H](NS(=O)(=O)c2ccc(F)cc2)[C@@H](CO)O1)N1CCN(c2ccccc2)CC1,10.0645,-0.11054581733207637,-0.11099945204057446,-0.04032760783312737,-0.0706718442074471,0.2411110827399316
correct_CP,O=C(C[C@@H]1C=C[C@@H](NS(=O)(=O)c2ccccc2)[C@@H](CO)O1)NCc1ccc(Cl)c(Cl)c1,9.93008,0.43248775674687656,0.4629527893208276,0.011982949911548177,0.4509698394092794,-0.11723942027802647
correct_CP,O=C(C[C@@H]1C=C[C@@H](NS(=O)(=O)c2ccccc2F)[C@H](CO)O1)NCCCN1CCOCC1,10.0919,-0.053748277672408605,-0.053800124964442884,0.08928196192225213,-0.14308208688669502,-0.09353494836220957
correct_CP,O=C(C[C@@H]1C=C[C@H](NC(=O)C2CCOCC2)[C@@H](CO)O1)Nc1ccc(-c2ccccc2)cc1,9.99825,0.19527379326910463,0.19781422506258803,-0.07719475052578083,0.27500897558836884,-0.021293792496043518
correct_CP,O=C(C[C@@H]1C=C[C@H](NC(=O)C2CCOCC2)[C@H](CO)O1)Nc1ccc(-c2ccccc2)cc1,9.97097,0.1440563713918849,0.1450654634372357,-0.019032722621454348,0.16409818605869003,-0.5901223599032426
correct_CP,O=C(C[C@@H]1C=C[C@H](NC(=O)CC2CC2)[C@H](CO)O1)NCc1ccc(-c2ccccc2)cc1,9.93979,0.3537678912629281,0.3697441368020159,0.04728322292574229,0.3224609138762736,0.25606236581730785
correct_CP,O=C(C[C@@H]1C=C[C@H](NC(=O)Cc2ccccn2)[C@H](CO)O1)NCCCN1CCOCC1,10.0917,0.0936795386901624,0.09395503013516263,-0.013786051386502636,0.10774108152166526,0.24648147871672066
correct_CP,O=C(C[C@@H]1C=C[C@H](NC(=O)NC2CCCCC2)[C@@H](CO)O1)NCc1ccccc1,9.9939,0.23938102731385622,0.2441174114497862,0.13133786487576288,0.11277954657402331,-0.011427453598326032
correct_CP,O=C(C[C@@H]1C=C[C@H](NC(=O)Nc2cc(F)ccc2F)[C@@H](CO)O1)NCc1ccc2c(c1)OCO2,10.0784,0.32007449981412084,0.3317301098114527,-0.03987006177638973,0.3716001715878424,-0.09460772752450382
correct_CP,O=C(C[C@@H]1C=C[C@H](NC(=O)Nc2cc(F)ccc2F)[C@H](CO)O1)NCCCN1CCOCC1,9.88835,0.2709254984479785,0.2778623646417519,-0.1356840004920274,0.4135463651337793,0.18258580932528187
correct_CP,O=C(C[C@@H]1C=C[C@H](NC(=O)Nc2ccc3c(c2)OCO3)[C@H](CO)O1)NCc1ccc(Cl)cc1,9.92122,-0.050910485334467716,-0.05095453844371831,-0.03150123924797382,-0.01945329919574449,-0.0344370189442106
correct_CP,O=C(C[C@@H]1C=C[C@H](NC(=O)c2ccc(F)cc2)[C@@H](CO)O1)NCCc1ccncc1,9.99492,-0.2643483057317909,-0.27077766492415956,0.042164468355438446,-0.312942133279598,-0.14110623679405268
correct_CP,O=C(C[C@@H]1C=C[C@H](NC(=O)c2ccccc2)[C@@H](CO)O1)NCc1ccc(Oc2ccccc2)cc1,10.0628,-0.16081318238036058,-0.16222135455303605,0.06308982714450319,-0.22531118169753922,-0.04075679189423704
correct_CP,O=C(C[C@@H]1C=C[C@H](NC(=O)c2ccncc2)[C@H](CO)O1)Nc1ccc(-c2ccccc2)cc1,9.99655,0.049347619706575696,0.049387735239601424,-0.00739317603038895,0.056780911269990374,-0.17649396795332659
correct_CP,O=C(C[C@@H]1C=C[C@H](NC(=O)c2cnccn2)[C@H](CO)O1)NCc1ccccc1F,9.92221,0.09963547744015536,0.099967156665498,-0.05524686220115963,0.15521401886665764,0.040416550046099994
correct_CP,O=C(C[C@@H]1C=C[C@H](NS(=O)(=O)c2ccc(F)cc2)[C@@H](CO)O1)NC1CCCCC1,9.99699,0.08290606935830001,0.08309680589587215,-0.026341402144742163,0.10943820804061431,-0.1680466010331796
correct_CP,O=C(C[C@@H]1C=C[C@H](NS(=O)(=O)c2ccc(F)cc2)[C@@H](CO)O1)NCc1ccncn1,9.99989,0.34042478807341675,0.35457291960892706,-0.048639266748582495,0.40321218635750955,-0.34366959359935756
correct_CP,O=C(C[C@@H]1C=C[C@H](NS(=O)(=O)c2ccccc2F)[C@H](CO)O1)NCCCN1CCOCC1,9.95325,0.40737780442715127,0.43246322489371203,-0.08809418512382156,0.5205574100175336,-0.11209120341832893
correct_CP,O=C(C[C@@H]1CC[C@@H](NC(=O)C2CC2)[C@H](CO)O1)NCc1ccncc1,10.0221,-0.06900561558092232,-0.06911545932078696,-0.0021206801229147407,-0.06699477919787222,-0.030064889445015126
correct_CP,O=C(C[C@@H]1CC[C@@H](NC(=O)CCN2CCCCC2)[C@@H](CO)O1)NCc1ccc(Cl)c(Cl)c1,10.0225,0.43714924492935414,0.4687011175286934,-0.07718431534843666,0.5458854328771301,-0.43690815047588055
correct_CP,O=C(C[C@@H]1CC[C@@H](NC(=O)CN2CCOCC2)[C@@H](CO)O1)NC1CCCCC1,10.0425,0.04445156364378623,0.04448087630030046,0.039818249553659785,0.004662626746640676,0.09187472304558816
correct_CP,O=C(C[C@@H]1CC[C@@H](NC(=O)CN2CCOCC2)[C@@H](CO)O1)NCCc1ccncc1,10.0666,0.2852184100832748,0.2933534622208088,-0.010191869302628241,0.30354533152343705,0.009392696205888434
correct_CP,O=C(C[C@@H]1CC[C@@H](NC(=O)Cc2ccccn2)[C@@H](CO)O1)NCCc1ccncc1,9.99253,0.016553574574070876,0.016555086830800498,0.06414228609742828,-0.047587199266627786,-0.12438884033403695
correct_CP,O=C(C[C@@H]1CC[C@@H](NC(=O)Cc2cccnc2)[C@@H](CO)O1)Nc1ccc(-c2ccccc2)cc1,10.0536,-0.5615991664996641,-0.6351660225232578,-0.061962358515401814,-0.573203664007856,-0.21420458509908885
correct_CP,O=C(C[C@@H]1CC[C@@H](NC(=O)Cc2cccnc2)[C@H](CO)O1)Nc1ccc(-c2ccccc2)cc1,10.0565,-0.14939044810897123,-0.15051691168125983,0.12862509564322488,-0.2791420073244847,0.06459527935125658
correct_CP,O=C(C[C@@H]1CC[C@@H](NC(=O)NC2CCCC2)[C@@H](CO)O1)NCc1ccc(F)cc1,10.0291,-0.33561909589719285,-0.34914728491262986,-0.18944596576857803,-0.15970131914405183,-0.15229532586691302
correct_CP,O=C(C[C@@H]1CC[C@@H](NC(=O)Nc2cc(F)ccc2F)[C@@H](CO)O1)NCc1ccccn1,10.119,-0.24228908839491842,-0.24720453300036266,0.05988366698829925,-0.3070881999886619,-0.15979671697278114
correct_CP,O=C(C[C@@H]1CC[C@@H](NC(=O)Nc2ccc(C(F)(F)F)cc2)[C@H](CO)O1)NCCN1CCCC1,10.0718,-0.5385580068135293,-0.6021222716990831,0.016082753055090854,-0.6182050247541739,0.2356746367672187
correct_CP,O=C(C[C@@H]1CC[C@@H](NC(=O)Nc2ccc3c(c2)OCO3)[C@@H](CO)O1)NCCCN1CCOCC1,10.0258,0.16392070280976984,0.1654130197760605,0.04167391885400633,0.12373910092205416,-0.15033252228810728
correct_CP,O=C(C[C@@H]1CC[C@@H](NC(=O)Nc2ccccc2F)[C@@H](CO)O1)NCc1ccccc1,9.97592,0.22315510328687935,0.22697411865942263,0.03757247371556843,0.1894016449438542,0.11668903680710441
correct_CP,O=C(C[C@@H]1CC[C@@H](NC(=O)c2cccc(F)c2)[C@@H](CO)O1)NCCN1CCCC1,10.0621,-0.1504153407684898,-0.15156536408683613,0.01995308585254308,-0.1715184499393792,-0.0087467629021783
correct_CP,O=C(C[C@@H]1CC[C@@H](NC(=O)c2cccc(F)c2)[C@@H](CO)O1)Nc1nccs1,10.0492,0.21252687371491827,0.21581627084469374,0.007613911291937795,0.20820235955275593,-0.019383237967195266
correct_CP,O=C(C[C@@H]1CC[C@@H](NC(=O)c2cccc(F)c2)[C@H](CO)O1)NCCN1CCCC1,10.0188,-0.09902520425482274,-0.09935080218858781,0.0535851978011094,-0.1529359999896972,0.20009529578169696
correct_CP,O=C(C[C@@H]1CC[C@@H](NC(=O)c2ccccc2)[C@H](CO)O1)Nc1ccc(-c2ccccc2)cc1,10.0983,0.16322128601418723,0.16469437527645783,0.034663731517308394,0.13003064375914944,0.11739402270796884
correct_CP,O=C(C[C@@H]1CC[C@@H](NC(=O)c2ccccn2)[C@@H](CO)O1)NCc1cccc(F)c1,9.98254,0.08012728539988741,0.08029943162481953,0.013921794032159873,0.06637763759265966,0.07499573802935991
correct_CP,O=C(C[C@@H]1CC[C@@H](NC(=O)c2cnccn2)[C@@H](CO)O1)NCc1ccccc1F,10.0219,0.40030002578279983,0.42400615479621884,0.00831143881559699,0.41569471598062185,-0.5149367828655523
correct_CP,O=C(C[C@@H]1CC[C@@H](NS(=O)(=O)c2ccc(F)cc2)[C@@H](CO)O1)NCCc1ccncc1,10.0473,0.5454915840817961,0.6119404429027692,0.010795236248987906,0.6011452066537812,0.0888191960637667
correct_CP,O=C(C[C@@H]1CC[C@@H](NS(=O)(=O)c2cccc(F)c2)[C@H](CO)O1)NCc1ccc2c(c1)OCO2,10.0047,0.19227232728268343,0.1946956605112993,-0.004318186895688336,0.19901384740698763,-0.01252025777251734
correct_CP,O=C(C[C@@H]1CC[C@@H](NS(=O)(=O)c2ccccc2)[C@@H](CO)O1)NCCN1CCCCC1,10.0416,-0.057321186639837755,-0.05738409112494617,0.05879175258480354,-0.1161758437097497,-0.03058898645063711
correct_CP,O=C(C[C@@H]1CC[C@@H]2NC[C@H](O)COC[C@H]2O1)NC1Cc2ccccc2C1,10.0739,0.012686560856811985,0.012687241551574281,0.022211427288144257,-0.009524185736569976,-0.01734411013095353
correct_CP,O=C(C[C@@H]1CC[C@@H]2NC[C@H](O)COC[C@H]2O1)NCCN1CCCCC1,10.0476,-0.2789868526792372,-0.28658307509532405,-0.06040442972043972,-0.22617864537488433,0.02292966505485257
correct_CP,O=C(C[C@@H]1CC[C@@H]2NC[C@H](O)COC[C@H]2O1)Nc1ccc(-c2ccccc2)cc1,9.98187,0.3615403757606857,0.378656764443026,-0.05459870980182026,0.43325547424484623,0.1947815991846138
correct_CP,O=C(C[C@@H]1CC[C@@H]2[C@H](COC[C@@H](O)CN2C(=O)c2cnccn2)O1)NCc1ccc(F)cc1,10.0999,-0.5398825566679336,-0.6039898310537587,-0.00881713104572442,-0.5951727000080342,-0.31064885019865995
correct_CP,O=C(C[C@@H]1CC[C@@H]2[C@H](COC[C@@H](O)CN2Cc2ccc(Oc3ccccc3)cc2)O1)N1CCc2ccccc2C1,10.0654,0.2929545143920684,0.30179509994790454,0.008692088701213675,0.29310301124669086,-0.02542918203346751
correct_CP,O=C(C[C@@H]1CC[C@@H]2[C@H](COC[C@H](O)CN2CCC(F)(F)F)O1)NCc1ccc(Oc2ccccc2)cc1,10.1038,0.1832496374027139,0.1853431839560158,0.057782947260901496,0.1275602366951143,-0.061854373201614424
correct_CP,O=C(C[C@@H]1CC[C@@H]2[C@H](COC[C@H](O)CN2Cc2ccc3c(c2)OCO3)O1)Nc1ccc(-c2ccccc2)cc1,9.98817,-0.016030060960668162,-0.016031434215806616,-0.09570917808572256,0.07967774386991594,0.13062375727767894
correct_CP,O=C(C[C@@H]1CC[C@H](NC(=O)C2CCOCC2)[C@@H](CO)O1)NCc1ccccc1Cl,10.0724,0.08810527740369377,0.08833431869641996,-0.058439930193389854,0.1467742488898098,0.3208183307428311
correct_CP,O=C(C[C@@H]1CC[C@H](NC(=O)C2CCOCC2)[C@@H](CO)O1)Nc1nccs1,10.0065,0.08528587208467207,0.0854935599473542,-0.07658718283664225,0.16208074278399645,0.1308764237968612
correct_CP,O=C(C[C@@H]1CC[C@H](NC(=O)C2CCOCC2)[C@H](CO)O1)NCc1ccccc1Cl,10.0656,-0.05275060786373316,-0.05279961813155468,-0.06123500532580855,0.008435387194253866,0.06660801396484974
correct_CP,O=C(C[C@@H]1CC[C@H](NC(=O)C2CCOCC2)[C@H](CO)O1)Nc1nccs1,10.1016,-0.08672899779336798,-0.08694744067708822,-0.048233995411049835,-0.038713445266038385,-0.03661995241922682
correct_CP,O=C(C[C@@H]1CC[C@H](NC(=O)Nc2ccc(C(F)(F)F)cc2)[C@@H](CO)O1)NCCN1CCCC1,10.0359,0.2047012480331431,0.20763452777065913,0.025829692582352962,0.18180483518830617,0.15891593792802255
correct_CP,O=C(C[C@@H]1CC[C@H](NC(=O)Nc2cccc(F)c2)[C@H](CO)O1)NCC1CC1,10.0473,0.4667601405697309,0.5059199603915017,0.041379725926166844,0.4645402344653348,0.2529110896157288
correct_CP,O=C(C[C@@H]1CC[C@H](NC(=O)c2ccc3c(c2)OCO3)[C@@H](CO)O1)NC1Cc2ccccc2C1,10.0303,-0.15380071003077903,-0.15503091900156238,-0.02450778808586166,-0.13052313091570072,0.03032279097599015
correct_CP,O=C(C[C@@H]1CC[C@H](NC(=O)c2cccc(F)c2)[C@@H](CO)O1)NCCN1CCCC1,10.0234,0.16090216252154774,0.1623126982293414,0.0013318987636534545,0.16098079946568797,0.10385909798010452
correct_CP,O=C(C[C@@H]1CC[C@H](NC(=O)c2cccc(F)c2)[C@H](CO)O1)NCCN1CCCC1,10.0908,0.12389539526113881,0.1245352328994176,-0.011415109333590343,0.13595034223300795,0.05578001065351518
correct_CP,O=C(C[C@@H]1CC[C@H](NC(=O)c2cccnc2)[C@@H](CO)O1)NCc1ccc(Cl)c(Cl)c1,10.084,0.05862714420591528,0.05869445301112671,0.02526899828849738,0.03342545472262933,0.028268434084162748
correct_CP,O=C(C[C@@H]1CC[C@H](NC(=O)c2cnccn2)[C@@H](CO)O1)NCc1ccccc1F,10.0568,-0.00968435108692562,-0.009684653858264593,-0.017815927097514898,0.008131273239250305,0.18188227103951862
correct_CP,O=C(C[C@@H]1CC[C@H](NS(=O)(=O)c2ccc(F)cc2)[C@H](CO)O1)N1CCN(c2ccccc2)CC1,10.0485,0.38868290704757386,0.41024761487150396,0.025184974898480855,0.3850626399730231,-0.11893895418865325
correct_CP,O=C(C[C@@H]1CC[C@H]2[C@@H](COC[C@@H](O)CN2C(=O)Nc2cc(Cl)cc(Cl)c2)O1)N1CCOCC1,10.1608,-0.04881449658459339,-0.04885332473651433,0.12271764091435079,-0.17157096565086513,-0.07036421991655242
correct_CP,O=C(C[C@@H]1CC[C@H]2[C@@H](COC[C@@H](O)CN2C(=O)c2cc(Cl)cc(Cl)c2)O1)N1CCc2ccccc2C1,10.0634,0.3555645330587309,0.37179929380927923,0.08005132893903281,0.2917479648702464,0.017129796289280144
correct_CP,O=C(C[C@@H]1CC[C@H]2[C@@H](COC[C@@H](O)CN2CCC(F)(F)F)O1)NCC1CCCCC1,10.1214,-0.2212195442328859,-0.22493804349388852,-0.06426249637840745,-0.16067554711548107,0.2746663180363863
correct_CP,O=C(C[C@@H]1CC[C@H]2[C@@H](COC[C@@H](O)CN2Cc2ccc(Cl)cc2)O1)NCCc1ccccc1,10.0615,-0.0210109982094484,-0.0210140908814191,0.01574283585635833,-0.03675692673777743,-0.015733964210536553
correct_CP,O=C(C[C@@H]1CC[C@H]2[C@@H](COC[C@@H](O)CN2Cc2cccc(C(F)(F)F)c2)O1)NCCc1ccncc1,10.0963,-0.09862855945716255,-0.09895024524490681,-0.010482434840700045,-0.08846781040420676,0.34063148598454723
correct_CP,O=C(C[C@@H]1CC[C@H]2[C@@H](COC[C@@H](O)CN2Cc2cccc(Cl)c2)O1)NCC1CCCCC1,10.0817,0.3589012023984807,0.37562406864543985,0.10654932589046673,0.2690747427549731,0.017898940862956764
correct_CP,O=C(C[C@@H]1CC[C@H]2[C@@H](COC[C@H](O)CN2C(=O)Nc2ccc(Cl)cc2)O1)NCC1CCCCC1,10.019,0.24406994566372817,0.2490973234781284,0.11811141919243176,0.13098590428569665,-0.2680344252965877
correct_CP,O=C(C[C@@H]1CC[C@H]2[C@@H](COC[C@H](O)CN2C(=O)Nc2ccccc2)O1)NCc1ccncn1,10.0559,-0.028094625621567563,-0.028102020894987957,0.0456845758481358,-0.07378659674312377,0.3768466553616541
correct_CP,O=C(C[C@@H]1CC[C@H]2[C@@H](COC[C@H](O)CN2C(=O)c2ccc(F)cc2)O1)N1CCCCC1,10.1572,-0.06597560859365238,-0.06607158516792004,-0.03892935920931237,-0.02714222595860767,-0.10170279854115138
correct_CP,O=C(C[C@@H]1CC[C@H]2[C@@H](COC[C@H](O)CN2C(=O)c2cnccn2)O1)N1CCN(c2ccccc2)CC1,10.0526,-0.2766568479894966,-0.28405818531241256,0.09532558800658858,-0.37938377331900114,-0.33352487806644615
correct_CP,O=C(C[C@@H]1CC[C@H]2[C@@H](COC[C@H](O)CN2CC2CCOCC2)O1)NCC1CC1,10.0039,-0.051853348539125876,-0.05189989756307595,0.03359661424269903,-0.08549651180577497,0.16169059218199908
correct_CP,O=C(C[C@@H]1CC[C@H]2[C@@H](COC[C@H](O)CN2Cc2ccc3c(c2)OCO3)O1)N1CCCCC1,9.9821,-0.04873172481942737,-0.04877035560297093,0.040695967401482014,-0.08946632300445295,-0.055318811578973864
correct_CP,O=C(C[C@@H]1CC[C@H]2[C@@H](COC[C@H](O)CN2Cc2ccccc2F)O1)NC1CCC1,10.0368,0.31710608605305507,0.32842636296783156,0.041442024654884266,0.2869843383129473,-0.01667769922168418
correct_CP,O=C(C[C@@H]1C[C@@H]2c3cc(NC(=O)C4CCC4)ccc3O[C@@H]2[C@@H](CO)O1)NCc1cccc(F)c1,10.2759,0.16912791503895538,0.1707687620717518,0.01493459202996966,0.15583417004178213,0.19415808352381575
correct_CP,O=C(C[C@@H]1C[C@@H]2c3cc(NC(=O)C4CCC4)ccc3O[C@@H]2[C@H](CO)O1)NCc1ccccn1,10.1031,0.38634233033759824,0.4074934547206242,0.16196250419448432,0.24553095052613988,0.38828758392422047
correct_CP,O=C(C[C@@H]1C[C@@H]2c3cc(NC(=O)CC4CC4)ccc3O[C@@H]2[C@@H](CO)O1)NCc1cc(F)ccc1F,9.98574,0.2669888850367089,0.27361877109392674,-0.00283857199897428,0.27645734309290104,-0.0037989751293041173
correct_CP,O=C(C[C@@H]1C[C@@H]2c3cc(NC(=O)CC4CC4)ccc3O[C@@H]2[C@@H](CO)O1)NCc1ccc(-c2ccccc2)cc1,9.71738,-0.15624505597837773,-0.15753545557807339,-0.010245119222725377,-0.147290336355348,0.4210089797637259
correct_CP,O=C(C[C@@H]1C[C@@H]2c3cc(NC(=O)CC4CC4)ccc3O[C@@H]2[C@@H](CO)O1)NCc1ccc(Cl)cc1,10.0037,0.20222285964598843,0.2050491097810713,-0.05011972527809853,0.2551688350591698,0.39747608903745935
correct_CP,O=C(C[C@@H]1C[C@@H]2c3cc(NC(=O)CC4CC4)ccc3O[C@@H]2[C@H](CO)O1)NCc1ccncc1,9.96761,0.19284728831600148,0.19529276164341525,0.06598070541017213,0.1293120562332431,0.03573317516001902
correct_CP,O=C(C[C@@H]1C[C@@H]2c3cc(NC(=O)Cc4ccncc4)ccc3O[C@@H]2[C@H](CO)O1)NCc1cc(F)ccc1F,10.1333,0.07985067698652876,0.0800210420068548,0.011462130270578684,0.06855891173627611,-0.00043697157598302123
correct_CP,O=C(C[C@@H]1C[C@@H]2c3cc(NC(=O)Cc4ccncc4)ccc3O[C@@H]2[C@H](CO)O1)NCc1cccnc1,10.0481,0.21855262138451922,0.22213562187141134,0.05807816320982529,0.16405745866158605,-0.1423717681695821
correct_CP,O=C(C[C@@H]1C[C@@H]2c3cc(NC(=O)NC4CCCC4)ccc3O[C@@H]2[C@H](CO)O1)NCc1ccccc1F,10.0531,0.02975462299060985,0.02976340862009423,-0.0817279839375808,0.11149139255767503,0.13285235088547215
correct_CP,O=C(C[C@@H]1C[C@@H]2c3cc(NC(=O)Nc4ccc(C(F)(F)F)cc4)ccc3O[C@@H]2[C@H](CO)O1)NCc1ccc(Cl)cc1,9.94705,-0.1910519709642183,-0.1934287654061607,-0.004433226182486257,-0.18899553922367443,0.16646738090716062
correct_CP,O=C(C[C@@H]1C[C@@H]2c3cc(NC(=O)Nc4ccccc4)ccc3O[C@@H]2[C@H](CO)O1)NC1CCCC1,9.72733,-0.2862390193226945,-0.29446480240181205,-0.023835540374446008,-0.27062926202736604,-0.00502660542771171
correct_CP,O=C(C[C@@H]1C[C@@H]2c3cc(NC(=O)c4ccc5c(c4)OCO5)ccc3O[C@@H]2[C@H](CO)O1)NCc1ccccn1,10.0676,-0.1137028189221241,-0.11419665116983688,0.11883780628144272,-0.2330344574512796,-0.28741600879772233
correct_CP,O=C(C[C@@H]1C[C@@H]2c3cc(NS(=O)(=O)c4ccccc4)ccc3O[C@@H]2[C@H](CO)O1)NCC1CC1,10.0709,0.25971449555041537,0.26580222741156645,0.008287385473633016,0.25751484193793345,0.05404696922208553
correct_CP,O=C(C[C@@H]1C[C@H]2c3cc(NC(=O)C4CCC4)ccc3O[C@H]2[C@H](CO)O1)NCc1ccc(-c2ccccc2)cc1,10.1163,0.11794788342662364,0.1184994466922273,0.0031321442006102384,0.11536730249161706,0.10509000887601544
correct_CP,O=C(C[C@@H]1C[C@H]2c3cc(NC(=O)C4CCC4)ccc3O[C@H]2[C@H](CO)O1)NCc1cccc(F)c1,9.93169,0.3386114029423879,0.3525232647020543,-0.023608318054887365,0.3761315827569417,-0.200902560834609
correct_CP,O=C(C[C@@H]1C[C@H]2c3cc(NC(=O)C4CCC4)ccc3O[C@H]2[C@H](CO)O1)NCc1ccncc1,10.203,-0.18188706620045558,-0.18393363038941796,-0.04694630058660651,-0.13698732980281145,0.14861450548784988
correct_CP,O=C(C[C@@H]1C[C@H]2c3cc(NC(=O)C4CCOCC4)ccc3O[C@H]2[C@H](CO)O1)NCCN1CCCCC1,10.0337,0.029530587536860706,0.02953917613589726,-0.17472912956993245,0.2042683057058297,0.3118155836770242
correct_CP,O=C(C[C@@H]1C[C@H]2c3cc(NC(=O)C4CCOCC4)ccc3O[C@H]2[C@H](CO)O1)NCc1ccc2c(c1)OCO2,9.92487,0.2702248557495765,0.2771063752164282,-0.011154675871242173,0.2882610510876704,-0.019070041586873206
correct_CP,O=C(C[C@@H]1C[C@H]2c3cc(NC(=O)CC4CC4)ccc3O[C@H]2[C@H](CO)O1)NCC1CC1,10.0097,0.036096200267063575,0.036111889543166256,-0.030646043335915717,0.06675793287908197,-0.10499883041612937
correct_CP,O=C(C[C@@H]1C[C@H]2c3cc(NC(=O)CC4CC4)ccc3O[C@H]2[C@H](CO)O1)NCc1ccc2c(c1)OCO2,10.0424,0.295298091018912,0.30436062225161675,-0.012494055327482812,0.3168546775790996,-0.030275426190889885
correct_CP,O=C(C[C@@H]1C[C@H]2c3cc(NC(=O)Cc4ccncc4)ccc3O[C@H]2[C@@H](CO)O1)NCCN1CCCCC1,10.0088,0.07978433437267753,0.07995427402523683,0.15420973575491567,-0.07425546172967884,-0.18725427453528048
correct_CP,O=C(C[C@@H]1C[C@H]2c3cc(NC(=O)Cc4ccncc4)ccc3O[C@H]2[C@@H](CO)O1)NCc1ccccn1,10.0104,-0.2760621516506337,-0.28341431351458,-0.038687840928601176,-0.24472647258597885,-0.10377945598273702
correct_CP,O=C(C[C@@H]1C[C@H]2c3cc(NC(=O)Cc4ccncc4)ccc3O[C@H]2[C@@H](CO)O1)NCc1cccnc1,9.99269,-0.01012051101791751,-0.01012085656940114,0.0751601644415627,-0.08528102101096384,0.041648783631576994
correct_CP,O=C(C[C@@H]1C[C@H]2c3cc(NC(=O)Cc4ccncc4)ccc3O[C@H]2[C@H](CO)O1)NCCN1CCCCC1,9.87737,0.2791972390266187,0.2868112332209875,0.04614182286310371,0.2406694103578838,0.10290111157912375
correct_CP,O=C(C[C@@H]1C[C@H]2c3cc(NC(=O)NC4CCCC4)ccc3O[C@H]2[C@@H](CO)O1)NCCN1CCCCC1,9.79875,0.007316194154942576,0.007316324696370767,-0.14431151693874592,0.1516278416351167,0.1606849370796541
correct_CP,O=C(C[C@@H]1C[C@H]2c3cc(NC(=O)NC4CCCC4)ccc3O[C@H]2[C@H](CO)O1)NCCN1CCCCC1,10.1145,0.21871985320572718,0.22231124898606813,0.037786734533588204,0.18452451445247992,-0.03816888781779172
correct_CP,O=C(C[C@@H]1C[C@H]2c3cc(NC(=O)NC4CCCCC4)ccc3O[C@H]2[C@@H](CO)O1)NCc1cccnc1,9.79305,-0.08235472011989682,-0.08254166627060366,-0.07672540665646387,-0.005816259614139799,0.16439823173930918
correct_CP,O=C(C[C@@H]1C[C@H]2c3cc(NC(=O)Nc4ccc(C(F)(F)F)cc4)ccc3O[C@H]2[C@@H](CO)O1)NCCc1ccccc1,9.95674,0.14140116900016295,0.14235504400623222,0.03737445782836352,0.1049805861778687,0.12078270611632641
correct_CP,O=C(C[C@@H]1C[C@H]2c3cc(NC(=O)Nc4ccc(C(F)(F)F)cc4)ccc3O[C@H]2[C@@H](CO)O1)NCc1ccc(Cl)cc1,9.84017,0.11777060143922209,0.11831966742631685,-0.01476913365496993,0.1330888010812868,0.0456567956725364
correct_CP,O=C(C[C@@H]1C[C@H]2c3cc(NC(=O)Nc4ccc(C(F)(F)F)cc4)ccc3O[C@H]2[C@H](CO)O1)NCc1ccc(Cl)cc1,10.0025,-0.1942038210180637,-0.1967020764511485,-0.062134335499596564,-0.13456774095155194,0.24565036778963908
correct_CP,O=C(C[C@@H]1C[C@H]2c3cc(NC(=O)Nc4ccccc4F)ccc3O[C@H]2[C@@H](CO)O1)NCC1CC1,10.0633,-0.26570997739543917,-0.2722422069686951,0.03713825496799708,-0.3093804619366922,-0.17829448303457118
correct_CP,O=C(C[C@@H]1C[C@H]2c3cc(NC(=O)Nc4ccccc4F)ccc3O[C@H]2[C@@H](CO)O1)NCc1ccncc1,10.0641,0.41387667865825795,0.4402802073568388,-0.02479210058988473,0.46507230794672355,0.09287579850091451
correct_CP,O=C(C[C@@H]1C[C@H]2c3cc(NC(=O)Nc4ccccc4F)ccc3O[C@H]2[C@H](CO)O1)NC1CCCCC1,10.005,0.2903018684130934,0.2988958818274528,0.1049476350287307,0.1939482467987221,0.1602402777464945
correct_CP,O=C(C[C@@H]1C[C@H]2c3cc(NC(=O)Nc4ccccc4F)ccc3O[C@H]2[C@H](CO)O1)NCc1ccc2c(c1)OCO2,10.0957,0.22746196749781136,0.23151131745381456,-0.08985737735978427,0.32136869481359887,-0.2787760070956523
correct_CP,O=C(C[C@@H]1C[C@H]2c3cc(NC(=O)c4ccc5c(c4)OCO5)ccc3O[C@H]2[C@@H](CO)O1)NCC1CC1,10.0324,0.3977850492459828,0.42101485621853274,0.113213966206597,0.3078008900119357,0.13325048672855533
correct_CP,O=C(C[C@@H]1C[C@H]2c3cc(NC(=O)c4ccc5c(c4)OCO5)ccc3O[C@H]2[C@@H](CO)O1)NCc1ccc(Cl)cc1,10.0189,-0.16444180094473443,-0.165948553494788,0.018248251272842006,-0.18419680476763,0.03554052710444925
correct_CP,O=C(C[C@@H]1C[C@H]2c3cc(NC(=O)c4ccc5c(c4)OCO5)ccc3O[C@H]2[C@@H](CO)O1)NCc1ccccn1,10.0584,0.4208083825125366,0.44867395183884606,0.1486166142029578,0.30005733763588827,0.22341299652938934
correct_CP,O=C(C[C@@H]1C[C@H]2c3cc(NC(=O)c4cccnc4)ccc3O[C@H]2[C@@H](CO)O1)NCCc1ccccc1,9.86644,0.14818310266517526,0.14928223337735572,0.11010498365085056,0.03917724972650516,0.11667623807630431
correct_CP,O=C(C[C@@H]1C[C@H]2c3cc(NS(=O)(=O)c4ccc(F)cc4)ccc3O[C@H]2[C@@H](CO)O1)N1CCc2ccccc2C1,9.91188,0.443382242403317,0.47643283283400767,0.11010089507713815,0.3663319377568695,0.24190899078652545
correct_CP,O=C(C[C@@H]1C[C@H]2c3cc(NS(=O)(=O)c4ccc(F)cc4)ccc3O[C@H]2[C@@H](CO)O1)NC1CCCCC1,9.88975,-0.01555447106143562,-0.015555725667948586,-0.06606498069767881,0.05050925502973023,-0.06993037062901251
correct_CP,O=C(C[C@@H]1C[C@H]2c3cc(NS(=O)(=O)c4ccc(F)cc4)ccc3O[C@H]2[C@H](CO)O1)NCCN1CCCCC1,10.0813,0.15512670094034178,0.15638932027492672,0.03863301634944743,0.11775630392547928,0.3818527313988293
correct_CP,O=C(C[C@@H]1C[C@H]2c3cc(NS(=O)(=O)c4ccc(F)cc4)ccc3O[C@H]2[C@H](CO)O1)NCc1ccc(Cl)cc1,10.1022,0.2921318017413802,0.3008953885796054,0.00483578194299618,0.29605960663660924,0.03372222227880939
correct_CP,O=C(C[C@@H]1C[C@H]2c3cc(NS(=O)(=O)c4ccccc4)ccc3O[C@H]2[C@@H](CO)O1)NCC1CC1,10.1007,0.24644181395433018,0.2516209931101304,-0.019194596916068635,0.27081559002619904,0.03102896426496159
correct_CP,O=C(C[C@H]1C=C[C@@H](NC(=O)CC2CC2)[C@H](CO)O1)NCC(F)(F)F,10.0034,-0.00924125462790925,-0.009241517711529576,-0.08785005123827658,0.078608533526747,0.13011819867238372
correct_CP,O=C(C[C@H]1C=C[C@@H](NC(=O)CCN2CCCCC2)[C@@H](CO)O1)Nc1ccc(-c2ccccc2)cc1,10.0083,0.1950599261477353,0.1975918891420963,0.030801248565155953,0.16679064057694035,0.003305478784258735
correct_CP,O=C(C[C@H]1C=C[C@@H](NC(=O)CCN2CCCCC2)[C@H](CO)O1)Nc1nccs1,10.0531,-0.1263575971019725,-0.12703659907417297,-0.04470345862525446,-0.08233314044891851,0.18891454103129215
correct_CP,O=C(C[C@H]1C=C[C@@H](NC(=O)CN2CCOCC2)[C@H](CO)O1)NC1CCCCC1,10.1016,0.19488010099590952,0.197404958123646,-0.03593647016614962,0.23334142828979562,0.180091168234208
correct_CP,O=C(C[C@H]1C=C[C@@H](NC(=O)Cc2ccccn2)[C@@H](CO)O1)NCCCN1CCOCC1,9.96025,0.07705203972705889,0.07720507164870422,0.05459792754354429,0.022607144105159925,0.062095940940424886
correct_CP,O=C(C[C@H]1C=C[C@@H](NC(=O)Cc2ccccn2)[C@@H](CO)O1)NCCc1ccncc1,9.93381,-0.12225841726188653,-0.12287307628262811,0.027927403686254626,-0.15080047996888274,0.2599279895668033
correct_CP,O=C(C[C@H]1C=C[C@@H](NC(=O)Nc2cc(F)ccc2F)[C@@H](CO)O1)Nc1ccccc1,10.0154,-0.1522421323156531,-0.15343497092180522,0.011053866583774429,-0.16448883750557966,0.10179425379106084
correct_CP,O=C(C[C@H]1C=C[C@@H](NC(=O)Nc2cc(F)ccc2F)[C@H](CO)O1)NCCCN1CCOCC1,10.0001,0.1909721497828814,0.1933459216188912,-0.2186664638343838,0.412012385453275,-0.02216400504956817
correct_CP,O=C(C[C@H]1C=C[C@@H](NC(=O)Nc2ccc(F)cc2)[C@@H](CO)O1)NCCN1CCCC1,10.037,-0.23726175201906002,-0.24187051812057256,-0.11710391576573041,-0.12476660235484215,-0.096483838059913
correct_CP,O=C(C[C@H]1C=C[C@@H](NC(=O)Nc2ccc3c(c2)OCO3)[C@H](CO)O1)NCc1ccc(Cl)cc1,10.08,-0.358717146888222,-0.37541281556226197,0.005786199256340219,-0.3811990148186022,-0.18900963323329315
correct_CP,O=C(C[C@H]1C=C[C@@H](NC(=O)c2ccc(F)cc2)[C@H](CO)O1)NCCc1ccncc1,10.0801,-0.052841918297657824,-0.052891183799844116,0.03602057981839889,-0.088911763618243,-0.14470467128733805
correct_CP,O=C(C[C@H]1C=C[C@@H](NC(=O)c2cccc(F)c2)[C@@H](CO)O1)Nc1nccs1,10.104,0.42709512862462157,0.4563382971159164,-0.09142791839213646,0.5477662155080528,0.09002193098796163
correct_CP,O=C(C[C@H]1C=C[C@@H](NC(=O)c2ccccn2)[C@H](CO)O1)NCc1cc(F)cc(F)c1,10.0452,0.024095267619147622,0.024099932336464704,-0.06972056804245816,0.09382050037892287,0.24318479169659246
correct_CP,O=C(C[C@H]1C=C[C@@H](NC(=O)c2ccncc2)[C@H](CO)O1)Nc1ccc(-c2ccccc2)cc1,10.0003,0.23372627173194,0.2381274522042076,-0.017892692577702207,0.2560201447819098,0.016240942596850456
correct_CP,O=C(C[C@H]1C=C[C@@H](NS(=O)(=O)c2ccc(F)cc2)[C@@H](CO)O1)NC1CCCCC1,10.0093,0.0955570116726352,0.09584946383545996,-0.03069450942931031,0.12654397326477027,0.2219993245073066
correct_CP,O=C(C[C@H]1C=C[C@@H](NS(=O)(=O)c2ccc(F)cc2)[C@@H](CO)O1)NCc1ccncn1,10.1337,-0.08844368530226578,-0.08867538431261957,0.018528021301206024,-0.10720340561382559,0.048419577248684814
correct_CP,O=C(C[C@H]1C=C[C@@H](NS(=O)(=O)c2ccc(F)cc2)[C@H](CO)O1)N1CCN(c2ccccc2)CC1,10.0011,0.36725134397563136,0.38524220490189237,0.041780058816561,0.3434621460853314,-0.06570233445310947
correct_CP,O=C(C[C@H]1C=C[C@H](NC(=O)C2CC2)[C@H](CO)O1)NC1CCC1,9.99791,-0.0318952381262836,-0.0319060604741634,0.03111376518734569,-0.0630198256615091,-0.18041901078566966
correct_CP,O=C(C[C@H]1C=C[C@H](NC(=O)C2CC2)[C@H](CO)O1)NCc1ccccc1Cl,10.0886,0.1254678484495452,0.12613251702907893,-0.05393181734653797,0.18006433437561692,0.01898303522944348
correct_CP,O=C(C[C@H]1C=C[C@H](NC(=O)CCN2CCCCC2)[C@@H](CO)O1)Nc1ccc(-c2ccccc2)cc1,9.97032,0.17379233889185275,0.17557447686073638,0.003746068464499956,0.17182840839623642,0.2741591645155787
correct_CP,O=C(C[C@H]1C=C[C@H](NC(=O)Cc2cccnc2)[C@@H](CO)O1)Nc1ccccc1,10.1657,0.16578319140087688,0.16732753825139873,-0.12263216235192742,0.28995970060332615,0.022016927865493058
correct_CP,O=C(C[C@H]1C=C[C@H](NC(=O)Nc2ccccc2)[C@@H](CO)O1)NCc1ccccn1,9.95468,0.6074950959160335,0.7049416868645955,-0.15231337101306652,0.857255057877662,0.17338685536597692
correct_CP,O=C(C[C@H]1C=C[C@H](NC(=O)c2ccc(F)cc2)[C@H](CO)O1)NCCc1ccncc1,10.0311,0.07960406698379552,0.07977285440982645,0.01956787271902441,0.060204981690802045,0.09408721740967355
correct_CP,O=C(C[C@H]1C=C[C@H](NC(=O)c2cccc(F)c2)[C@H](CO)O1)Nc1nccs1,10.0627,0.07335913854923756,0.07349116071720996,-0.019784410911593525,0.09327557162880348,-0.1160033484740246
correct_CP,O=C(C[C@H]1C=C[C@H](NC(=O)c2cccnc2)[C@@H](CO)O1)NCc1ccc(Cl)c(Cl)c1,10.0157,0.33939802560496496,0.3534120278214617,0.00155853141249487,0.35185349640896685,-0.29883219478555756
correct_CP,O=C(C[C@H]1C=C[C@H](NC(=O)c2cccnc2)[C@H](CO)O1)NCc1ccc(Cl)c(Cl)c1,10.0502,-0.4749226550165307,-0.5164076273017657,-0.01742842197852555,-0.49897920532324014,0.40643798171195666
correct_CP,O=C(C[C@H]1C=C[C@H](NS(=O)(=O)c2ccc(F)cc2)[C@H](CO)O1)NC1CCCCC1,10.0498,0.3853382960006972,0.4063138020868842,-0.059954447280572115,0.46626824936745637,0.18572244349824227
correct_CP,O=C(C[C@H]1C=C[C@H](NS(=O)(=O)c2ccc(F)cc2)[C@H](CO)O1)NCc1ccncn1,10.1089,0.4764756599547634,0.518414846011917,0.009757581959900646,0.5086572640520164,0.24512698927740725
correct_CP,O=C(C[C@H]1CC[C@@H](NC(=O)C2CCC2)[C@@H](CO)O1)NCC1CC1,9.98617,0.41056255465308683,0.4362876395753985,0.07002754812149112,0.36626009145390737,0.1648595594907967
correct_CP,O=C(C[C@H]1CC[C@@H](NC(=O)CC2CC2)[C@@H](CO)O1)NCC(F)(F)F,10.1832,0.36497139277751345,0.3826093505526415,0.009140429124502485,0.37346892142813903,0.2016780710520283
correct_CP,O=C(C[C@H]1CC[C@@H](NC(=O)CCN2CCCCC2)[C@@H](CO)O1)NCc1ccc(Cl)c(Cl)c1,9.98148,-0.3025551813485294,-0.31232987046366434,-0.03491885872244635,-0.27741101174121796,0.28946032536153676
correct_CP,O=C(C[C@H]1CC[C@@H](NC(=O)CCN2CCCCC2)[C@H](CO)O1)Nc1ccc(-c2ccccc2)cc1,10.0534,-0.0463106619295088,-0.046343811740835364,-0.017374374597171265,-0.0289694371436641,-0.09385848369396843
correct_CP,O=C(C[C@H]1CC[C@@H](NC(=O)CN2CCOCC2)[C@@H](CO)O1)NCc1cccc(F)c1,9.96807,0.6304900555810256,0.7422291215038982,-0.1400825564818997,0.8823116779857979,0.5170445092268181
correct_CP,O=C(C[C@H]1CC[C@@H](NC(=O)Cc2ccccn2)[C@@H](CO)O1)NCCc1ccncc1,10.0466,0.08689826472850602,0.08711799299839156,0.08256100864721205,0.004556984351179502,-0.16649347634920264
correct_CP,O=C(C[C@H]1CC[C@@H](NC(=O)NC2CCCC2)[C@@H](CO)O1)NCc1ccc(F)cc1,10.0012,0.6198069037601667,0.724691477127912,-0.12161182621468511,0.8463033033425972,0.39724770220425043
correct_CP,O=C(C[C@H]1CC[C@@H](NC(=O)Nc2cc(F)ccc2F)[C@@H](CO)O1)NCc1ccccn1,10.0969,0.055559193551875455,0.05561646681531845,-0.09638301421159944,0.15199948102691788,0.030798933018016297
correct_CP,O=C(C[C@H]1CC[C@@H](NC(=O)Nc2ccc(C(F)(F)F)cc2)[C@H](CO)O1)NCc1cc(F)cc(F)c1,10.092,0.3306079481678312,0.34351065276230286,0.016602707414708547,0.3269079453475943,0.16976398979586918
correct_CP,O=C(C[C@H]1CC[C@@H](NC(=O)Nc2ccc3c(c2)OCO3)[C@H](CO)O1)NCCCN1CCOCC1,10.0187,0.0327666795267154,0.032778413793017026,0.08676557541946897,-0.053987161626451945,-0.08697055329794065
correct_CP,O=C(C[C@H]1CC[C@@H](NC(=O)c2ccc(F)cc2)[C@H](CO)O1)NCCc1ccccc1,9.98156,0.42469498506760434,0.4534063316601811,-0.15753705363707354,0.6109433852972546,-0.40735409615415824
correct_CP,O=C(C[C@H]1CC[C@@H](NC(=O)c2ccc(F)cc2)[C@H](CO)O1)NCc1ccncn1,10.0645,0.237852082084302,0.2424961549523672,0.09840210250021275,0.14409405245215445,-0.08074784847805255
correct_CP,O=C(C[C@H]1CC[C@@H](NC(=O)c2cccc(F)c2)[C@@H](CO)O1)NCCN1CCCC1,10.0039,0.09242972605682465,0.09269430046625579,-0.08357634286275642,0.1762706433290122,-0.12095158733162151
correct_CP,O=C(C[C@H]1CC[C@@H](NC(=O)c2ccccn2)[C@@H](CO)O1)NCc1cccc(F)c1,9.99087,-0.1864284613683497,-0.1886344590598921,-0.014300786399169896,-0.1743336726607222,0.143658621531766
correct_CP,O=C(C[C@H]1CC[C@@H](NS(=O)(=O)c2ccc(F)cc2)[C@H](CO)O1)NC1CCC1,10.0287,0.6143713676083529,0.7159130498552497,0.05505555510906448,0.6608574947461853,0.2101695872545912
correct_CP,O=C(C[C@H]1CC[C@@H](NS(=O)(=O)c2cccc(F)c2)[C@@H](CO)O1)N1CCCCC1,10.0922,-0.22408338301175007,-0.22795126102625943,-0.003734172011521736,-0.2242170890147377,-0.13005081112109104
correct_CP,O=C(C[C@H]1CC[C@@H](NS(=O)(=O)c2cccc(F)c2)[C@@H](CO)O1)NCc1ccc2c(c1)OCO2,9.90127,-0.18397649344886458,-0.18609540007184447,-0.018502171268568977,-0.16759322880327548,-0.18437802474972398
correct_CP,O=C(C[C@H]1CC[C@@H]2NC[C@H](O)COC[C@H]2O1)NCCN1CCCCC1,10.1375,0.1426176253301779,0.14359653728583469,-0.0113797721377526,0.15497630942358728,0.028319624232186077
correct_CP,O=C(C[C@H]1CC[C@@H]2NC[C@H](O)COC[C@H]2O1)Nc1ccc(-c2ccccc2)cc1,10.0206,0.1766096317606325,0.1784809883865274,-0.04134131777770645,0.21982230616423384,-0.14728515081844334
correct_CP,O=C(C[C@H]1CC[C@@H]2[C@H](COC[C@@H](O)CN2C(=O)Nc2ccccc2)O1)NCc1ccncn1,9.99661,-0.14580217288947472,-0.14684872186747852,0.07869808852061774,-0.22554681038809626,-0.029907224332657842
correct_CP,O=C(C[C@H]1CC[C@@H]2[C@H](COC[C@@H](O)CN2C(=O)c2ccncc2)O1)NCc1cccc(F)c1,10.084,0.04652068650642273,0.046554289775525434,0.0671074223300905,-0.020553132554565062,0.25374966948772165
correct_CP,O=C(C[C@H]1CC[C@@H]2[C@H](COC[C@@H](O)CN2CCC(F)(F)F)O1)NCc1ccc(Oc2ccccc2)cc1,10.0664,0.4197145827097225,0.4473455255124138,0.07478203541326894,0.37256349009914486,0.15047226564700245
correct_CP,O=C(C[C@H]1CC[C@@H]2[C@H](COC[C@@H](O)CN2Cc2ccc3c(c2)OCO3)O1)N1CCCCC1,9.9166,0.009472578157385317,0.00947286149662194,0.18468934217500577,-0.17521648067838383,-0.4741053912580258
correct_CP,O=C(C[C@H]1CC[C@@H]2[C@H](COC[C@H](O)CN2C(=O)c2cnccn2)O1)NCc1ccc(F)cc1,10.1187,0.012726120794131364,0.012726807876925464,0.00022342422692038337,0.012503383650005081,-0.20911348489646278
correct_CP,O=C(C[C@H]1CC[C@@H]2[C@H](COC[C@H](O)CN2Cc2cocn2)O1)N[C@@H]1CCN(Cc2ccccc2)C1,10.0387,0.03792597815062706,0.03794417784724862,-0.09823732198862639,0.13618149983587502,0.21405526570038425
correct_CP,O=C(C[C@H]1CC[C@H](NC(=O)C2CC2)[C@@H](CO)O1)Nc1ccccc1,10.1143,0.44597671966746116,0.47966679732439954,-0.11942056553577557,0.5990873628601752,0.14532260483857262
correct_CP,O=C(C[C@H]1CC[C@H](NC(=O)C2CCOCC2)[C@@H](CO)O1)NCc1ccccc1Cl,10.013884,-0.06801142952288611,-0.06811658504475494,-0.1349896564991974,0.06687307145444245,0.13087492706112502
correct_CP,O=C(C[C@H]1CC[C@H](NC(=O)C2CCOCC2)[C@@H](CO)O1)Nc1nccs1,10.0528,-0.07194787765903639,-0.07207241066866708,-0.01397159566527104,-0.05810081500339605,-0.023260488068025196
correct_CP,O=C(C[C@H]1CC[C@H](NC(=O)C2CCOCC2)[C@H](CO)O1)Nc1nccs1,10.0418,-0.21671165563900463,-0.22020312518609803,0.023127161988599862,-0.2433302871746979,-0.017859911231150154
correct_CP,O=C(C[C@H]1CC[C@H](NC(=O)CCN2CCCCC2)[C@@H](CO)O1)NCc1ccc(Cl)c(Cl)c1,10.0181,0.3918192139645348,0.4139473871067794,-0.12601915113548737,0.5399665382422668,-0.20143660516472037
correct_CP,O=C(C[C@H]1CC[C@H](NC(=O)Cc2ccccn2)[C@H](CO)O1)NCCc1ccncc1,10.0751,0.5145857269881179,0.5689472677589289,0.08112107493278152,0.48782619282614736,0.2534237648675593
correct_CP,O=C(C[C@H]1CC[C@H](NC(=O)Nc2cc(F)ccc2F)[C@@H](CO)O1)Nc1ccc(-c2ccccc2)cc1,10.1039,0.10388693238378995,0.10426310436185168,0.02492447951823081,0.07933862484362088,0.17458916811464184
correct_CP,O=C(C[C@H]1CC[C@H](NC(=O)Nc2cc(F)ccc2F)[C@H](CO)O1)Nc1ccc(-c2ccccc2)cc1,10.0282,0.614788726724522,0.7165837311029667,0.06775637702976467,0.648827354073202,0.5359627671602838
correct_CP,O=C(C[C@H]1CC[C@H](NC(=O)Nc2ccc(C(F)(F)F)cc2)[C@H](CO)O1)NCCN1CCCC1,10.0864,-0.0358300617554488,-0.035845406374819484,-0.031468971918179336,-0.004376434456640148,-0.10708637351425752
correct_CP,O=C(C[C@H]1CC[C@H](NC(=O)Nc2ccc3c(c2)OCO3)[C@@H](CO)O1)NCCCN1CCOCC1,9.98599,0.09719165669190089,0.09749943418074934,0.12389981554436211,-0.026400381363612765,-0.2892246795933448
correct_CP,O=C(C[C@H]1CC[C@H](NC(=O)c2ccc3c(c2)OCO3)[C@@H](CO)O1)NC1Cc2ccccc2C1,9.97739,0.2456124816411581,0.25073822749804026,0.04796885498213242,0.20276937251590782,0.018385185861538936
correct_CP,O=C(C[C@H]1CC[C@H](NC(=O)c2ccc3c(c2)OCO3)[C@H](CO)O1)NCc1ccc(Oc2ccccc2)cc1,10.0728,0.06479422869168047,0.06488513281923569,-0.014706209977610112,0.07959134279684581,-0.004879404290296742
correct_CP,O=C(C[C@H]1CC[C@H](NC(=O)c2cccc(F)c2)[C@H](CO)O1)NCCN1CCCC1,10.0193,0.3013230881213734,0.31097418268130333,-0.05831888086753717,0.3692930635488405,-0.12858936879560892
correct_CP,O=C(C[C@H]1CC[C@H](NC(=O)c2ccccn2)[C@@H](CO)O1)NCc1cccc(F)c1,9.97593,-0.021830045146494427,-0.021833513847366134,-0.027686814130657725,0.00585330028329159,-0.008953962475960232
correct_CP,O=C(C[C@H]1CC[C@H](NC(=O)c2cccnc2)[C@@H](CO)O1)NCc1ccc(Cl)c(Cl)c1,10.0838,0.26729779871486253,0.2739514247948939,0.02281857781578698,0.2511328469791069,-0.30986357707622103
correct_CP,O=C(C[C@H]1CC[C@H](NS(=O)(=O)c2ccc(F)cc2)[C@@H](CO)O1)NCCc1ccncc1,9.91465,-0.24606687033685062,-0.251221844644419,0.06443636168936212,-0.3156582063337811,-0.2082602066102601
correct_CP,O=C(C[C@H]1CC[C@H](NS(=O)(=O)c2ccc(F)cc2)[C@@H](CO)O1)NCc1ccc(Cl)c(Cl)c1,10.0301,0.5581886786707004,0.6301982030522191,0.05619228919361859,0.5740059138586004,0.08106136274405198
correct_CP,O=C(C[C@H]1CC[C@H](NS(=O)(=O)c2ccc(F)cc2)[C@H](CO)O1)NCCc1ccncc1,10.01,0.20272593234694375,0.205573688043001,-0.009425928564689316,0.21499961660769032,0.06079673811600836
correct_CP,O=C(C[C@H]1CC[C@H](NS(=O)(=O)c2cccc(F)c2)[C@H](CO)O1)N1CCCCC1,9.92525,-0.22352544789985646,-0.22736390622401967,0.0024542737422590874,-0.22981817996627876,-0.06840029146066423
correct_CP,O=C(C[C@H]1CC[C@H]2NC[C@@H](O)COC[C@@H]2O1)NCc1ccc2c(c1)OCO2,9.99917,0.07446294131744043,0.07460102662246157,0.0407786522195257,0.03382237440293587,0.2120461984313169
correct_CP,O=C(C[C@H]1CC[C@H]2NC[C@H](O)COC[C@@H]2O1)NCCN1CCCCC1,10.0597,0.3116425383873461,0.3223636037904359,0.03391608642446525,0.28844751736597063,0.10103342100934173
correct_CP,O=C(C[C@H]1CC[C@H]2[C@@H](COC[C@@H](O)CN2Cc2ccc(Oc3ccccc3)cc2)O1)N1CCc2ccccc2C1,10.0497,0.34535155320190825,0.36015613331272334,-0.06615870325839442,0.42631483657111774,0.30279107645493114
correct_CP,O=C(C[C@H]1CC[C@H]2[C@@H](COC[C@@H](O)CN2Cc2ccc3c(c2)OCO3)O1)N1CCCCC1,10.0386,0.2048047386550941,0.20774254696662564,-0.0398929889371608,0.24763553590378645,-0.2122144198578378
correct_CP,O=C(C[C@H]1CC[C@H]2[C@@H](COC[C@@H](O)CN2Cc2cccc(C(F)(F)F)c2)O1)NCCc1ccncc1,10.136,0.09008049874583003,0.09032534455942128,-0.08959155829234816,0.17991690285176942,0.06453476589856222
correct_CP,O=C(C[C@H]1CC[C@H]2[C@@H](COC[C@H](O)CN2Cc2ccc3c(c2)OCO3)O1)N1CCCCC1,10.0921,0.06409080724835846,0.06417877796895223,0.15695770577140558,-0.09277892780245335,-0.144613217675004
correct_CP,O=C(C[C@H]1CC[C@H]2[C@@H](COC[C@H](O)CN2Cc2cccc(C(F)(F)F)c2)O1)NCCc1ccncc1,9.85493,0.04502265168722486,0.04505310963224378,0.19477245348032135,-0.14971934384807756,-0.18141938062432666
correct_CP,O=C(C[C@H]1C[C@@H]2c3cc(NC(=O)C4CCC4)ccc3O[C@@H]2[C@@H](CO)O1)NCc1ccccn1,9.9999,0.20926869803825404,0.21240642906994994,0.10912360042625632,0.10328282864369362,-0.2755534934163749
correct_CP,O=C(C[C@H]1C[C@@H]2c3cc(NC(=O)C4CCC4)ccc3O[C@@H]2[C@H](CO)O1)NCCc1ccccc1,10.1611,0.2897623206832152,0.29830677961534596,0.009627688852956404,0.28867909076238957,0.15036952854961116
correct_CP,O=C(C[C@H]1C[C@@H]2c3cc(NC(=O)C4CCOCC4)ccc3O[C@@H]2[C@H](CO)O1)NCc1ccc(Cl)cc1,9.94042,-0.016327444974917636,-0.016328896093506184,0.012146161826529098,-0.028475057920035282,-0.04306997045797452
correct_CP,O=C(C[C@H]1C[C@@H]2c3cc(NC(=O)C4CCOCC4)ccc3O[C@@H]2[C@H](CO)O1)NCc1ccc(Oc2ccccc2)cc1,10.1099,-0.1551950369291393,-0.15645934203017695,0.007855307282766686,-0.16431464931294362,0.06053551950530819
correct_CP,O=C(C[C@H]1C[C@@H]2c3cc(NC(=O)CC4CC4)ccc3O[C@@H]2[C@@H](CO)O1)NCc1ccc(-c2ccccc2)cc1,10.0199,0.3906848577919943,0.4126079997388975,0.013046901056772496,0.399561098682125,-0.15054584957899828
correct_CP,O=C(C[C@H]1C[C@@H]2c3cc(NC(=O)CC4CC4)ccc3O[C@@H]2[C@@H](CO)O1)NCc1ccc2c(c1)OCO2,10.0353,0.3113368387125071,0.3220250562578091,-0.009289958717974372,0.3313150149757835,-0.0499889751918889
correct_CP,O=C(C[C@H]1C[C@@H]2c3cc(NC(=O)CC4CC4)ccc3O[C@@H]2[C@H](CO)O1)NCCN1CCCCC1,9.97841,0.0751603914177491,0.0753024022004537,-0.06612751817369766,0.14142992037415136,0.09628362872476193
correct_CP,O=C(C[C@H]1C[C@@H]2c3cc(NC(=O)Cc4ccncc4)ccc3O[C@@H]2[C@H](CO)O1)NCCN1CCCCC1,9.92051,0.13451653791288157,0.13533680743969315,0.058953393288335335,0.07638341415135781,-0.03248922460046476
correct_CP,O=C(C[C@H]1C[C@@H]2c3cc(NC(=O)Cc4ccncc4)ccc3O[C@@H]2[C@H](CO)O1)NCc1ccccn1,10.0228,-0.05674780543507357,-0.05680883864601925,-0.02351410265359735,-0.0332947359924219,0.005197532844626932
correct_CP,O=C(C[C@H]1C[C@@H]2c3cc(NC(=O)NC4CCCC4)ccc3O[C@@H]2[C@@H](CO)O1)NCc1ccccc1F,10.0735,0.21489624155912285,0.2182990344143132,-0.02332778913452251,0.24162682354883572,-0.0019003982972975002
correct_CP,O=C(C[C@H]1C[C@@H]2c3cc(NC(=O)NC4CCCCC4)ccc3O[C@@H]2[C@@H](CO)O1)NCc1cccnc1,10.0285,0.2445152895782278,0.24957093181923068,0.02652317303955248,0.2230477587796782,0.053544177127489184
correct_CP,O=C(C[C@H]1C[C@@H]2c3cc(NC(=O)NC4CCCCC4)ccc3O[C@@H]2[C@H](CO)O1)NCc1cccnc1,9.97203,0.16198164093520254,0.16342106465682268,-0.04068976287245379,0.20411082752927648,0.013608466545667393
correct_CP,O=C(C[C@H]1C[C@@H]2c3cc(NC(=O)Nc4ccc(C(F)(F)F)cc4)ccc3O[C@@H]2[C@@H](CO)O1)NCCc1ccccc1,9.95324,0.4373737867345107,0.46897874011815505,0.19158355315063857,0.27739518696751647,0.1563244118995017
correct_CP,O=C(C[C@H]1C[C@@H]2c3cc(NC(=O)Nc4ccc(C(F)(F)F)cc4)ccc3O[C@@H]2[C@@H](CO)O1)NCc1ccc2c(c1)OCO2,10.0609,0.37889335837968,0.39876687470075867,0.03034854373277787,0.3684183309679808,0.23861422578460637
correct_CP,O=C(C[C@H]1C[C@@H]2c3cc(NC(=O)Nc4ccc(C(F)(F)F)cc4)ccc3O[C@@H]2[C@@H](CO)O1)NCc1cccnc1,10.0498,-0.13228369347136432,-0.1330635072654294,0.06838366418420827,-0.20144717144963767,0.004976542026258787
correct_CP,O=C(C[C@H]1C[C@@H]2c3cc(NC(=O)Nc4ccccc4)ccc3O[C@@H]2[C@H](CO)O1)NCCN1CCCCC1,9.97078,-0.2938328143454863,-0.30275612485917713,0.01439086003987704,-0.3171469848990542,-0.024100053757016855
correct_CP,O=C(C[C@H]1C[C@@H]2c3cc(NC(=O)Nc4ccccc4F)ccc3O[C@@H]2[C@@H](CO)O1)NCC1CC1,9.9753,0.18490598139805145,0.18705762149703398,-0.05812012947790325,0.24517775097493721,0.2228798050887258
correct_CP,O=C(C[C@H]1C[C@@H]2c3cc(NC(=O)Nc4ccccc4F)ccc3O[C@@H]2[C@@H](CO)O1)NCc1ccc2c(c1)OCO2,9.96151,0.3387608977297379,0.352692129709205,-0.21501649316611254,0.5677086228753175,0.09482082037296197
correct_CP,O=C(C[C@H]1C[C@@H]2c3cc(NC(=O)Nc4ccccc4F)ccc3O[C@@H]2[C@H](CO)O1)NCC(F)(F)F,10.1154,0.3583685661760489,0.37501281336981496,0.05444995576340693,0.320562857606408,-0.043131127060368694
correct_CP,O=C(C[C@H]1C[C@@H]2c3cc(NC(=O)Nc4ccccc4F)ccc3O[C@@H]2[C@H](CO)O1)NCC1CC1,10.2485,-0.0784422455419691,-0.0786037320625328,0.07016952334011753,-0.14877325540265032,0.003794541586415831
correct_CP,O=C(C[C@H]1C[C@@H]2c3cc(NC(=O)Nc4ccccc4F)ccc3O[C@@H]2[C@H](CO)O1)NCc1ccccn1,10.0161,0.3182031958012353,0.3296466002952504,-0.0027971002876200014,0.33244370058287037,0.1995549672955585
correct_CP,O=C(C[C@H]1C[C@@H]2c3cc(NC(=O)c4ccc5c(c4)OCO5)ccc3O[C@@H]2[C@@H](CO)O1)NC1CCCCC1,10.0037,0.2604386112836626,0.2665788755220523,0.022997354547460443,0.24358152097459185,0.18784036636343715
correct_CP,O=C(C[C@H]1C[C@@H]2c3cc(NC(=O)c4ccc5c(c4)OCO5)ccc3O[C@@H]2[C@@H](CO)O1)NCC(F)(F)F,9.99389,-0.48299589093946543,-0.5268843744943581,-0.0873495707633391,-0.439534803731019,0.09880122233165198
correct_CP,O=C(C[C@H]1C[C@@H]2c3cc(NC(=O)c4ccc5c(c4)OCO5)ccc3O[C@@H]2[C@@H](CO)O1)NCCN1CCCCC1,10.0869,0.5671786879310964,0.643353649547862,-0.1616984969802821,0.8050521465281442,0.0868000371327614
correct_CP,O=C(C[C@H]1C[C@@H]2c3cc(NC(=O)c4ccc5c(c4)OCO5)ccc3O[C@@H]2[C@@H](CO)O1)NCCc1ccccc1,9.9136,0.31312214691810153,0.3240032099960949,-0.03153423136683921,0.3555374413629341,0.05331421589563963
correct_CP,O=C(C[C@H]1C[C@@H]2c3cc(NC(=O)c4ccc5c(c4)OCO5)ccc3O[C@@H]2[C@@H](CO)O1)NCc1ccccn1,10.0315,-0.02306369523586663,-0.023067785996400372,0.08770184796306339,-0.11076963395946376,0.10353875026803842
correct_CP,O=C(C[C@H]1C[C@@H]2c3cc(NC(=O)c4ccc5c(c4)OCO5)ccc3O[C@@H]2[C@H](CO)O1)NCc1ccccn1,9.71844,-0.39241870934456874,-0.414655807282889,0.033874219107900574,-0.44853002639078954,-0.12906104021609804
correct_CP,O=C(C[C@H]1C[C@@H]2c3cc(NS(=O)(=O)c4ccc(F)cc4)ccc3O[C@@H]2[C@@H](CO)O1)NCc1ccc(Cl)cc1,10.1358,-0.12212492194117266,-0.12273755755817131,0.0285349544140826,-0.15127251197225391,0.027830729501880116
correct_CP,O=C(C[C@H]1C[C@@H]2c3cc(NS(=O)(=O)c4ccccc4)ccc3O[C@@H]2[C@H](CO)O1)NCC1CC1,9.98994,0.42384791556272505,0.4523733120366956,0.06079499254574869,0.3915783194909469,-0.2228618268798195
correct_CP,O=C(C[C@H]1C[C@H]2c3cc(NC(=O)C4CCC4)ccc3O[C@H]2[C@@H](CO)O1)NC1CCCC1,10.0372,-0.2070381023594401,-0.2100748081559652,0.16474540794498982,-0.374820216100955,0.21083163211474648
correct_CP,O=C(C[C@H]1C[C@H]2c3cc(NC(=O)C4CCC4)ccc3O[C@H]2[C@@H](CO)O1)NCc1ccncc1,9.9333,-0.13558798703515462,-0.13642816201419286,-0.00010322345934759419,-0.13632493855484526,0.11911301057163476
correct_CP,O=C(C[C@H]1C[C@H]2c3cc(NC(=O)C4CCOCC4)ccc3O[C@H]2[C@H](CO)O1)NCCN1CCCCC1,10.0769,0.4610377322040347,0.49862833666692874,-0.1729743225761963,0.671602659243125,0.11581189566940675
correct_CP,O=C(C[C@H]1C[C@H]2c3cc(NC(=O)C4CCOCC4)ccc3O[C@H]2[C@H](CO)O1)NCc1ccc(Oc2ccccc2)cc1,10.1311,0.11778787959363315,0.11833718863403699,0.029220852348043013,0.08911633628599397,0.1396561891966885
correct_CP,O=C(C[C@H]1C[C@H]2c3cc(NC(=O)CC4CC4)ccc3O[C@H]2[C@@H](CO)O1)NCC(F)(F)F,9.82753,-0.5292745158719804,-0.5891368207216453,-0.09936149421336939,-0.48977532650827593,-0.016422914573007666
correct_CP,O=C(C[C@H]1C[C@H]2c3cc(NC(=O)CC4CC4)ccc3O[C@H]2[C@@H](CO)O1)NCc1ccc(Cl)cc1,10.0438,0.14942385623859641,0.15055108259092104,-0.07381728208441854,0.22436836467533958,-0.3200753394966893
correct_CP,O=C(C[C@H]1C[C@H]2c3cc(NC(=O)CC4CC4)ccc3O[C@H]2[C@H](CO)O1)NCc1ccc(Cl)cc1,9.98133,-0.11135341470889958,-0.11181711474252408,0.04406359260918828,-0.15588070735171236,-0.06858379627933607
correct_CP,O=C(C[C@H]1C[C@H]2c3cc(NC(=O)CC4CC4)ccc3O[C@H]2[C@H](CO)O1)NCc1ccccn1,9.94485,-0.019109480519902827,-0.019111807113660714,-0.004293960598204494,-0.01481784651545622,-0.07195729553198792
correct_CP,O=C(C[C@H]1C[C@H]2c3cc(NC(=O)Cc4ccncc4)ccc3O[C@H]2[C@H](CO)O1)NCc1cccc(F)c1,10.0376,0.05470026126044227,0.054754915970121734,0.13546604527082043,-0.0807111293006987,-0.21648071524553
correct_CP,O=C(C[C@H]1C[C@H]2c3cc(NC(=O)Cc4ccncc4)ccc3O[C@H]2[C@H](CO)O1)NCc1ccccn1,10.0641,0.3668821363374205,0.3848155045006868,0.00593038804772624,0.3788851164529606,0.12575803345731867
correct_CP,O=C(C[C@H]1C[C@H]2c3cc(NC(=O)Cc4ccncc4)ccc3O[C@H]2[C@H](CO)O1)NCc1cccnc1,9.95851,-0.1856492679505873,-0.18782733050556727,0.057684625860915384,-0.24551195636648265,-0.19854213012847993
correct_CP,O=C(C[C@H]1C[C@H]2c3cc(NC(=O)NC4CCCC4)ccc3O[C@H]2[C@H](CO)O1)NCC1CC1,10.0513,0.13060515449201063,0.1313554567812851,-0.02601317373784729,0.15736863051913239,-0.17447623953666092
correct_CP,O=C(C[C@H]1C[C@H]2c3cc(NC(=O)Nc4ccc(C(F)(F)F)cc4)ccc3O[C@H]2[C@@H](CO)O1)NCCc1ccccc1,9.88278,0.0644166621064202,0.0645059837127506,-0.029929324125234386,0.09443530783798498,-0.08191070547758739
correct_CP,O=C(C[C@H]1C[C@H]2c3cc(NC(=O)Nc4ccc(C(F)(F)F)cc4)ccc3O[C@H]2[C@@H](CO)O1)NCc1ccccn1,10.0822,-0.08569543424251252,-0.08590613749677194,0.04366064476658915,-0.1295667822633611,-0.048257120861959706
correct_CP,O=C(C[C@H]1C[C@H]2c3cc(NC(=O)Nc4ccccc4)ccc3O[C@H]2[C@H](CO)O1)NC1CCCC1,9.91602,0.11246692688916012,0.11294474941365021,-0.03157598600414412,0.14452073541779434,0.33783291297985824
correct_CP,O=C(C[C@H]1C[C@H]2c3cc(NC(=O)Nc4ccccc4)ccc3O[C@H]2[C@H](CO)O1)NCCN1CCCCC1,10.1769,0.05680951075876991,0.056870743539723226,0.09015348455606648,-0.03328274101634325,0.05250231912972064
correct_CP,O=C(C[C@H]1C[C@H]2c3cc(NC(=O)Nc4ccccc4F)ccc3O[C@H]2[C@@H](CO)O1)NCC(F)(F)F,10.056,-0.008303951294033442,-0.008304142169931602,0.036228115603090756,-0.04453225777302236,-0.06876547883341975
correct_CP,O=C(C[C@H]1C[C@H]2c3cc(NC(=O)Nc4ccccc4F)ccc3O[C@H]2[C@@H](CO)O1)NCc1ccc2c(c1)OCO2,10.0355,0.03623128510071595,0.036247151274520384,0.06707091257075107,-0.030823761296230684,-0.05974619791876585
correct_CP,O=C(C[C@H]1C[C@H]2c3cc(NC(=O)c4ccc5c(c4)OCO5)ccc3O[C@H]2[C@@H](CO)O1)NCC1CC1,9.85144,0.3744834197616077,0.39362770402977754,0.18033549205042265,0.21329221197935488,-0.33465923727829894
correct_CP,O=C(C[C@H]1C[C@H]2c3cc(NC(=O)c4ccc5c(c4)OCO5)ccc3O[C@H]2[C@@H](CO)O1)NCc1ccc(Oc2ccccc2)cc1,10.0282,0.47531242532507995,0.5169110352648777,-0.09631480833295494,0.6132258435978326,-0.04629108218547909
correct_CP,O=C(C[C@H]1C[C@H]2c3cc(NC(=O)c4ccc5c(c4)OCO5)ccc3O[C@H]2[C@@H](CO)O1)NCc1cccnc1,10.0892,0.440961249276045,0.47342345591271207,-0.036729406733056386,0.5101528626457684,0.13295570398892678
correct_CP,O=C(C[C@H]1C[C@H]2c3cc(NC(=O)c4cccnc4)ccc3O[C@H]2[C@@H](CO)O1)NCc1cc(F)ccc1F,10.0991,0.38515474232486613,0.40609825854031345,0.17817402184585407,0.22792423669445938,-0.35693660762616203
correct_CP,O=C(C[C@H]1C[C@H]2c3cc(NC(=O)c4cccnc4)ccc3O[C@H]2[C@H](CO)O1)NCC(F)(F)F,9.96604,0.09615041247560906,0.09644836734262686,0.014593816167906351,0.08185455117472051,-0.46035888705793115
correct_CP,O=C(C[C@H]1C[C@H]2c3cc(NC(=O)c4cccnc4)ccc3O[C@H]2[C@H](CO)O1)NCC1CC1,9.96784,-0.14293441884846467,-0.14391992302286988,0.048810121226357646,-0.19273004424922752,0.23052232008619783
correct_CP,O=C(C[C@H]1C[C@H]2c3cc(NS(=O)(=O)c4ccc(F)cc4)ccc3O[C@H]2[C@H](CO)O1)NCc1ccc(Cl)cc1,10.0966,0.0320438086813078,0.03205478303141538,0.010497079897749464,0.021557703133665916,0.3269251649099796
correct_CP,O=C(C[C@H]1C[C@H]2c3cc(NS(=O)(=O)c4ccccc4)ccc3O[C@H]2[C@@H](CO)O1)N1CCOCC1,9.94068,-0.04284136453689372,-0.042867603535255074,-0.0989353604697772,0.05606775693452213,0.14745097141995528
correct_CP,O=C(C[C@H]1C[C@H]2c3cc(NS(=O)(=O)c4ccccc4)ccc3O[C@H]2[C@@H](CO)O1)NCC1CC1,10.0178,0.04897209585225729,0.04901130165693294,0.0769241275063109,-0.027912825849377966,0.11231381468491504
correct_CP,O=C(Cc1ccccc1)N[C@H]1C=C[C@@H](CC(=O)N2CCOCC2)O[C@@H]1CO,10.035,-0.004827858317277638,-0.004827895827390264,0.01993240369844084,-0.024760299525831107,0.11071778178969469
correct_CP,O=C(Cc1ccccc1)N[C@H]1C=C[C@H](CC(=O)N2CCOCC2)O[C@H]1CO,10.0276,0.2812262899874711,0.28901317896443385,-0.048545499237844625,0.3375586782022785,-0.08633436559218927
correct_CP,O=C(Cc1ccccn1)NCC[C@@H]1CC[C@@H](NC(=O)c2ccccc2F)[C@@H](CO)O1,10.0347,-0.1029662898537834,-0.10333250710496192,-0.01806952292267087,-0.08526298418229104,0.07243224118087184
correct_CP,O=C(Cc1ccccn1)NCC[C@@H]1CC[C@H](NC(=O)Nc2ccc(Cl)cc2)[C@@H](CO)O1,10.041,0.3657045227081071,0.3834554049702664,0.06463963737619118,0.31881576759407526,0.09574500183833655
correct_CP,O=C(Cc1ccccn1)NCC[C@@H]1CC[C@H](NC(=O)Nc2ccc(Cl)cc2)[C@H](CO)O1,10.1029,0.4973444735254651,0.5457716848578692,0.039383729342166274,0.5063879555157029,0.9784557769508541
correct_CP,O=C(Cc1ccccn1)N[C@@H]1CC[C@@H](CCNC(=O)c2cc(Cl)cc(Cl)c2)O[C@H]1CO,10.057,-0.17778324886281335,-0.17969265010123306,-0.008901020480094703,-0.17079162962113836,-0.07189912303475232
correct_CP,O=C(Cc1ccccn1)N[C@@H]1CC[C@@H](CCn2cc(-c3ccccc3)nn2)O[C@H]1CO,10.0553,0.07271069070904111,0.0728392354197624,0.06709294752533483,0.0057462878944275625,0.051304492003141564
correct_CP,O=C(Cc1ccccn1)N[C@H]1CC[C@@H](CCNC(=O)c2cc(Cl)cc(Cl)c2)O[C@@H]1CO,10.03,-0.011406151614868968,-0.011406646301380207,0.050047797184784054,-0.06145444348616426,0.13842919508356819
correct_CP,O=C(Cc1ccccn1)N[C@H]1CC[C@H](CCNC(=O)c2cc(Cl)cc(Cl)c2)O[C@H]1CO,9.9083,0.42358771394271927,0.4520561721343913,-1.830269253711228e-05,0.4520744748269284,0.04497889417074463
correct_CP,O=C(Cc1ccccn1)N[C@H]1CC[C@H](CCn2cc(-c3ccccc3)nn2)O[C@@H]1CO,10.0251,0.46911797752907775,0.5089388338765021,-0.011087310255612326,0.5200261441321143,0.49725441377059726
correct_CP,O=C(Cc1cccnc1)N[C@H]1CC[C@@H](CCNS(=O)(=O)c2ccccc2Cl)O[C@H]1CO,9.94791,-0.2076196342218229,-0.21068246011580571,0.07313211988236731,-0.28381457999817306,0.0235386660962002
correct_CP,O=C(Cc1ccncc1)NCC[C@@H]1CC[C@@H](NC(=O)Nc2cccc(F)c2)[C@H](CO)O1,10.1054,-0.31978803799639566,-0.3314109834915846,0.005179539792657568,-0.33659052328424216,5.0520708179778787e-05
correct_CP,O=C(Cc1ccncc1)NCC[C@@H]1CC[C@H](NC(=O)Nc2cccc(F)c2)[C@@H](CO)O1,10.0223,0.14892720383441546,0.15004312645538823,0.06994987793394283,0.08009324852144539,0.011392350008483404
correct_CP,O=C(Cc1ccncc1)NCC[C@H]1CC[C@H](NC(=O)Nc2cccc(F)c2)[C@H](CO)O1,9.93299,0.17569309914650175,0.17753510561402913,0.08529121653456428,0.09224388907946485,0.2429404262374515
correct_CP,O=C(Cc1ccncc1)NCC[C@H]1CC[C@H](NS(=O)(=O)c2ccccc2Cl)[C@H](CO)O1,10.0637,0.10640093006302817,0.10680520701067306,0.025492246483715755,0.0813129605269573,-0.020635666302226588
correct_CP,O=C(Cc1ccncc1)N[C@@H]1CC[C@@H](CCn2cc(-c3ccccc3F)nn2)O[C@@H]1CO,9.96734,0.16358033445459977,0.16506327323204611,0.0018323340169296987,0.16323093921511642,-0.14114520017100093
correct_CP,O=C(Cc1ccncc1)Nc1ccc2c(c1)[C@@H]1C[C@@H](CC(=O)N3CCc4ccccc4C3)O[C@@H](CO)[C@@H]1O2,10.2233,0.04043259931112362,0.04045465395296438,0.026107938648824547,0.014346715304139834,-0.030304543276759677
correct_CP,O=C(Cc1ccncc1)Nc1ccc2c(c1)[C@@H]1C[C@H](CC(=O)N3CCc4ccccc4C3)O[C@@H](CO)[C@@H]1O2,9.99644,-0.09680340682961437,-0.09710749676185035,0.008323600495166124,-0.10543109725701647,0.30702329020184566
correct_CP,O=C(Cn1ccnc1)c1ccc(O)c(O)c1,20.0,0.4775547966476787,0.5198118658148354,0.1310207825539343,0.3887910832609011,0.06399275471896779
correct_CP,O=C(Cn1nnc(-c2ccncc2)n1)N1CCc2ccccc21,10.0,0.3563307921493973,0.37267672201453367,-0.07732830992483963,0.4500050319393733,0.16201256124488406
correct_CP,O=C(NC(NC(=S)Nc1ccc(F)c([N+](=O)[O-])c1)C(Cl)(Cl)Cl)C(c1ccccc1)c1ccccc1,10.0,0.5753078635527255,0.6554207397397631,0.19741054292405547,0.45801019681570765,0.6656449694762167
correct_CP,O=C(NC1CCC1)[C@H]1[C@H](CO)[C@H]2Cn3c(ccc(-c4ccc(F)cc4)c3=O)[C@H]2N1Cc1ccccn1,10.1209,0.41658263562390635,0.4435499171849807,-0.021979605111325295,0.465529522296306,0.132146894155151
correct_CP,O=C(NC1CCCC1)[C@@H]1[C@@H](CO)[C@@H]2Cn3c(ccc(C4=CCCC4)c3=O)[C@H]1N2C(=O)c1ccccc1,9.98508,0.07846381443067509,0.07862543452726048,0.03747522603342208,0.0411502084938384,-0.16196587184184286
correct_CP,O=C(NC1CCCC1)[C@H]1[C@H](CO)[C@H]2Cn3c(ccc(C4=CCCC4)c3=O)[C@@H]1N2C(=O)c1ccccc1,10.1502,0.24954277622764237,0.2549251659440395,0.06757420446982497,0.18735096147421454,-0.14052060031967095
correct_CP,O=C(NC1CCCCC1)C(c1ccccc1F)N(Cc1ccco1)C(=O)Cn1nnc2ccccc21,10.0,0.48754182224481335,0.5328305747583774,0.07552833429938775,0.4573022404589896,0.1310170709519204
correct_CP,O=C(NC1CCCCC1)N1CCc2ccccc21,10.0,0.48431584018863666,0.5286073733554317,0.14367361908436255,0.3849337542710692,-0.05946687411908791
correct_CP,O=C(NC1CCCCC1)N[C@@H]1CC[C@@H](CCNS(=O)(=O)c2ccc(Cl)cc2)O[C@@H]1CO,10.067,-0.0127887038073221,-0.012789401077278184,0.08278539566971958,-0.09557479674699777,-0.036887313220957466
correct_CP,O=C(NC1CCCCC1)N[C@H]1CC[C@@H](CCNS(=O)(=O)c2ccc(Cl)cc2)O[C@@H]1CO,9.99186,0.30238229487585405,0.3121395743010647,0.05055880475758755,0.26158076954347714,0.2004931102776718
correct_CP,O=C(NC1CCCCC1)N[C@H]1CC[C@H](CCNS(=O)(=O)c2ccc(Cl)cc2)O[C@@H]1CO,10.0553,-0.17082587435450883,-0.17251723910899763,0.024762010445896123,-0.19727924955489376,-0.1310978486938234
correct_CP,O=C(NC1Cc2ccccc2C1)[C@@H]1N[C@@H]2c3cccc(=O)n3C[C@@H]2[C@H]1CO,9.98167,-0.2341853307042133,-0.23861309288347543,-0.036076889816313906,-0.20253620306716152,0.023803819847286543
correct_CP,O=C(NC1Cc2ccccc2C1)[C@H]1[C@H](CO)[C@H]2Cn3c(cccc3=O)[C@H]2N1C(=O)c1cnccn1,9.84123,0.2983624814560732,0.3077211022411229,-0.0456158982641727,0.3533370005052956,-0.08015720970981594
correct_CP,O=C(NCC(F)(F)F)[C@@H]1[C@@H](CO)[C@@H]2Cn3c(cccc3=O)[C@@H]2N1C(=O)C1CC1,10.0653,0.24770008449855188,0.2529610674472717,-0.02675408732859287,0.27971515477586456,0.32774336571293144
correct_CP,O=C(NCC(F)(F)F)[C@@H]1[C@@H](CO)[C@@H]2Cn3c(cccc3=O)[C@@H]2N1Cc1cccc(F)c1,10.049,-0.3523698208363889,-0.36814696652645695,0.004337013018026073,-0.37248397954448303,-0.2778714537543143
correct_CP,O=C(NCC(F)(F)F)[C@@H]1[C@@H](CO)[C@@H]2Cn3c(cccc3=O)[C@H]1N2CC1CCOCC1,10.0459,0.4690874805874908,0.5088997323574462,0.01093442711334352,0.4979653052441027,0.10193289879312623
correct_CP,O=C(NCC(F)(F)F)[C@H]1[C@H](CO)[C@H]2Cn3c(cccc3=O)[C@H]2N1Cc1cccc(F)c1,10.0908,0.25126188750401623,0.25675927912475816,-0.059402952294313006,0.3161622314190712,0.11097525415512524
correct_CP,O=C(NCC1CC1)[C@@H]1N[C@@H]2c3ccc(C4=CCCCC4)c(=O)n3C[C@@H]2[C@H]1CO,10.0021,-0.31543502013609254,-0.32656956653319674,0.13307651565470713,-0.45964608218790387,0.01439111939562468
correct_CP,O=C(NCC1CC1)[C@@H]1[C@@H](CO)[C@@H]2Cn3c(ccc(-c4cccc(F)c4)c3=O)[C@@H]2N1CC1CCOCC1,9.97662,0.00830127399347949,0.008301464684809556,0.04319081622182515,-0.03488935153701559,-0.23627158180285868
correct_CP,O=C(NCC1CC1)[C@@H]1[C@@H](CO)[C@@H]2Cn3c(ccc(-c4ccncc4)c3=O)[C@H]1N2Cc1nccs1,10.0785,-0.3604725335363219,-0.3774288997559471,-0.06754888923595372,-0.3098800105199934,0.405081042709474
correct_CP,O=C(NCC1CC1)[C@H]1[C@H](CO)[C@H]2Cn3c(ccc(-c4cccc(F)c4)c3=O)[C@H]2N1CC1CCOCC1,10.0274,0.3101372890780153,0.3206973017054788,-0.0020297072614940403,0.3227270089669728,0.10943384072186323
correct_CP,O=C(NCC1CC1)[C@H]1[C@H](CO)[C@H]2Cn3c(ccc(-c4ccccc4F)c3=O)[C@@H]1N2Cc1cccnc1,10.0243,-0.12830013470711288,-0.12901115002506053,0.010612496491696648,-0.13962364651675718,0.034329829152672374
correct_CP,O=C(NCC1CC1)[C@H]1[C@H](CO)[C@H]2Cn3c(ccc(C4=CCCC4)c3=O)[C@@H]1N2CCC(F)(F)F,9.99778,-0.24481571846437689,-0.24989048983768014,0.009048172292510781,-0.2589386621301909,-0.21337116082116114
correct_CP,O=C(NCCCN1CCOCC1)c1cc2ccccc2oc1=O,10.0,0.40708389887398616,0.4321108890241905,0.11652818770002107,0.31558270132416943,0.1363736356546916
correct_CP,O=C(NCCCNCc1ccccc1)c1ccccn1,10.0,0.3962985024543906,0.41925011051305205,0.18562846215982226,0.2336216483532298,0.1624608160477221
correct_CP,O=C(NCCN1CCCCC1)[C@@H]1N[C@@H]2c3ccc(-c4cccnc4)c(=O)n3C[C@@H]2[C@H]1CO,9.98998,0.1648074858310708,0.16632442498163688,-0.15209234174841268,0.3184167667300496,0.24357051665036056
correct_CP,O=C(NCCN1CCCCC1)[C@@H]1[C@@H](CO)[C@@H]2Cn3c(cccc3=O)[C@@H]2N1Cc1ccccn1,9.9049,0.3093820945099659,0.31986195463879347,-0.05674449312289895,0.3766064477616924,0.3076378966687974
correct_CP,O=C(NCCN1CCOCC1)c1cc2c(=O)n3ccccc3nc2n1Cc1ccccc1,10.0,0.49910417015490394,0.5481124168910207,-0.00745563326559283,0.5555680501566136,0.24852003525977423
correct_CP,O=C(NCC[C@@H]1CC[C@@H](NC(=O)c2cccnc2)[C@H](CO)O1)Nc1ccc(C(F)(F)F)cc1,10.2174,0.24410295992474823,0.2491324292794816,-0.1322223768614984,0.38135480614098,-0.327013962527699
correct_CP,O=C(NCC[C@@H]1CC[C@@H](NS(=O)(=O)c2ccc(F)cc2)[C@@H](CO)O1)Nc1ccc(Cl)cc1,9.90708,0.050300314663782986,0.0503428011518465,-0.17358487309435527,0.22392767424620177,-0.09903675592695271
correct_CP,O=C(NCC[C@@H]1CC[C@@H](NS(=O)(=O)c2ccc(F)cc2)[C@H](CO)O1)Nc1ccc(Cl)cc1,10.1096,-0.2086377024868656,-0.21174662551961274,-0.11391903393369016,-0.09782759158592258,-0.14782775039888782
correct_CP,O=C(NCC[C@@H]1CC[C@@H](NS(=O)(=O)c2ccccc2)[C@@H](CO)O1)c1cc(Cl)cc(Cl)c1,10.0348,-0.04010248546507327,-0.040124003963209594,-0.01037992767972036,-0.029744076283489233,-0.10272793049530526
correct_CP,O=C(NCC[C@@H]1CC[C@H](NC(=O)C2CCC2)[C@H](CO)O1)c1cnccn1,10.0683,-0.1201910493844162,-0.12077487361023982,-0.011153646261895082,-0.10962122734834474,0.07398777306987145
correct_CP,O=C(NCC[C@@H]1CC[C@H](NC(=O)C2CCCCC2)[C@@H](CO)O1)c1ccc(F)cc1,10.0264,0.6835842297011924,0.8358115961370596,-0.012325001624400474,0.84813659776146,-0.4453487628904706
correct_CP,O=C(NCC[C@@H]1CC[C@H](NC(=O)c2ccccc2F)[C@@H](CO)O1)c1ccc2c(c1)OCO2,10.005,0.14589689610090267,0.14694550383335545,-0.02364088643345059,0.17058639026680603,0.1893433406399178
correct_CP,O=C(NCC[C@@H]1CC[C@H](NC(=O)c2ccccc2F)[C@H](CO)O1)c1ccc2c(c1)OCO2,10.087,0.016295904378086177,0.01629734710240899,0.03694254326309938,-0.020645196160690386,-0.08722912823855335
correct_CP,O=C(NCC[C@@H]1CC[C@H](NS(=O)(=O)c2ccccc2F)[C@@H](CO)O1)c1ccc(F)cc1,10.0613,-0.10757711869685345,-0.1079950151064497,0.01203908095490756,-0.12003409606135726,0.07678556655501839
correct_CP,O=C(NCC[C@H]1CC[C@@H](NC(=O)C2CCCCC2)[C@@H](CO)O1)Nc1ccc(Cl)cc1,10.0343,0.4754703151079538,0.5171150264310459,-0.1874353742312353,0.7045504006622811,0.19256133167020795
correct_CP,O=C(NCC[C@H]1CC[C@@H](NC(=O)C2CCCCC2)[C@H](CO)O1)Nc1ccc(Cl)cc1,10.1258,0.6162305874237207,0.7189050174996321,-0.11015497872269801,0.8290599962223301,-0.244311756368981
correct_CP,O=C(NCC[C@H]1CC[C@@H](NC(=O)C2CCOCC2)[C@H](CO)O1)c1cc(Cl)cc(Cl)c1,10.0724,0.725086634873547,0.9182882695954462,0.11921793170568078,0.7990703378897654,0.35316434130786917
correct_CP,O=C(NCC[C@H]1CC[C@@H](NC(=O)c2cnccn2)[C@H](CO)O1)Nc1ccc(Cl)cc1,10.1576,0.46995095842292006,0.5100073920281437,0.09625053896827407,0.41375685305986964,0.02155955779001649
correct_CP,O=C(NCC[C@H]1CC[C@@H](NS(=O)(=O)c2ccc(F)cc2)[C@@H](CO)O1)Nc1ccc(Cl)cc1,10.0347,0.2363788327638667,0.24093513913460005,-0.05901267074435089,0.2999478098789509,0.01838110689577753
correct_CP,O=C(NCC[C@H]1CC[C@H](NC(=O)C2CCC2)[C@H](CO)O1)c1cnccn1,10.2331,0.22636868163479382,0.230358681579183,-0.007535900411599211,0.2378945819907822,0.1588280543208145
correct_CP,O=C(NCC[C@H]1CC[C@H](NC(=O)C2CCCCC2)[C@H](CO)O1)Nc1ccc(Cl)cc1,10.0124,0.07430069377212967,0.07443787642305413,-0.0026484419739999897,0.07708631839705413,0.22957838452700463
correct_CP,O=C(NCC[C@H]1CC[C@H](NC(=O)c2ccc3c(c2)OCO3)[C@@H](CO)O1)Nc1cc(F)ccc1F,9.96386,0.106110514116036,0.10651147474241587,-0.16488186713373315,0.27139334187614905,-0.04078676527928557
correct_CP,O=C(NCC[C@H]1CC[C@H](NC(=O)c2cccnc2)[C@H](CO)O1)Nc1ccc(C(F)(F)F)cc1,10.1539,0.249778730555025,0.2551768050629328,-0.010389462315550949,0.2655662673784837,0.023605558793612272
correct_CP,O=C(NCC[C@H]1CC[C@H](NS(=O)(=O)c2cccc(F)c2)[C@@H](CO)O1)C1CC1,10.0113,0.3078510255224545,0.3181697085925876,-0.16387496668316698,0.48204467527575456,-0.02386709164552725
correct_CP,O=C(NCC[C@H]1CC[C@H](NS(=O)(=O)c2ccccc2F)[C@@H](CO)O1)c1ccc(F)cc1,10.0099,0.37527069284757575,0.3945437054443167,-0.026350613052652315,0.420894318496969,0.14095206412470057
correct_CP,O=C(NCCc1ccc2c(c1)OCCO2)c1ccccc1F,10.0,0.6603281334688367,0.7933952397077775,0.13226309078201717,0.6611321489257603,0.0813318443981404
correct_CP,O=C(NCCc1ccncc1)[C@@H]1[C@@H](CO)[C@@H]2Cn3c(ccc(-c4ccc(F)cc4)c3=O)[C@H]1N2,10.0286,-0.10323800675244885,-0.10360714340379783,-0.05836807818690903,-0.0452390652168888,0.04380454166122909
correct_CP,O=C(NCCc1nc2ccccc2[nH]1)c1cc([N+](=O)[O-])cc([N+](=O)[O-])c1,10.0,0.01024301729111582,0.010243375544089177,0.09387385569919185,-0.08363048015510267,-0.13505386079512724
correct_CP,O=C(NCCc1nc2ccccc2[nH]1)c1ccc(Cl)c([N+](=O)[O-])c1,10.0,0.2303183655473849,0.23452564052706984,-0.012257038944938773,0.2467826794720086,0.006950184083674332
correct_CP,O=C(NCSc1ccncn1)c1ccccc1,10.0,0.3736581600098664,0.39266817882863575,0.11553324396168298,0.2771349348669528,-0.03585034658527325
correct_CP,O=C(NCc1ccc(F)cc1)[C@@H]1[C@@H](CO)[C@@H]2Cn3c(cccc3=O)[C@H]1N2C(=O)Cc1ccccn1,10.1196,0.13574315470800724,0.13658623911977089,0.0043137812851730215,0.13227245783459787,0.08649742019556513
correct_CP,O=C(NCc1ccc(F)cc1)[C@H]1[C@H](CO)[C@H]2Cn3c(ccc(C4=CCCCC4)c3=O)[C@@H]1N2,9.98574,0.5891024824624607,0.6762904125261306,-0.026713456064193213,0.7030038685903238,0.5917545204764048
correct_CP,O=C(NCc1ccccc1)[C@H]1[C@H](CO)[C@H]2Cn3c(ccc(-c4cccc(F)c4)c3=O)[C@@H]1N2,10.0354,-0.368913054890916,-0.3871643354426286,0.05976698432278477,-0.4469313197654134,0.03390719057348399
correct_CP,O=C(NCc1ccccn1)C(=O)Nc1nc(-c2ccccc2)cs1,10.0,0.1949845370365133,0.19751351933955982,0.11134246452763549,0.08617105481192433,-0.05467120626750443
correct_CP,O=C(NCc1ccccn1)[C@H]1[C@H](CO)[C@H]2Cn3c(ccc(C4=CCCC4)c3=O)[C@@H]1N2Cc1cccnc1,10.0562,0.34571009350134196,0.3605632839664723,-0.07314527507767979,0.43370855904415206,-0.08635253064955098
correct_CP,O=C(NCc1ccncn1)[C@H]1[C@H](CO)[C@H]2Cn3c(cccc3=O)[C@@H]1N2CC1CC1,10.0165,0.007824437459042306,0.007824597140345885,0.0468060232400524,-0.03898142609970651,-0.13565357713745466
correct_CP,O=C(NN=C(S)Nc1ccc(F)cc1)c1ccccc1OC(F)F,10.0,0.33383196132399556,0.34713465173868424,0.00037197693342740003,0.34676267480525685,0.06805034675245125
correct_CP,O=C(NN=C1CCCC1C(=O)C(F)(F)F)c1ccccc1O,10.0,0.0918671596438402,0.09212691618751545,0.06820238072636224,0.02392453546115321,-0.0449171756460807
correct_CP,O=C(NN=Cc1cc2c(cc1Br)OCO2)c1cc2ccccc2o1,10.0,-0.03628326020529395,-0.03629919479499239,0.030503392993637954,-0.06680258778863035,0.1564682386080361
correct_CP,O=C(NN=Cc1cccs1)c1cccc2cc[nH]c12,10.0,0.1215593518065416,0.12216346470828482,0.02591305171700267,0.09625041299128215,-0.24585058199111592
correct_CP,O=C(NNC(=S)NC(=O)c1ccccc1[N+](=O)[O-])c1ccccc1Cl,10.0,0.4347064080886071,0.46568514285444307,0.0243851212975429,0.4413000215569002,0.20276546952372887
correct_CP,O=C(NNc1c(Cl)cc(Cl)cc1Cl)c1cccc([N+](=O)[O-])c1,10.0,0.4487365130274891,0.4831170962999475,0.016179150485191918,0.46693794581475556,-0.28850257928724754
correct_CP,O=C(NNc1nc2ccccc2s1)c1ccc(F)cc1,10.0,0.018978639514329997,0.018980918637762953,0.32802584784701394,-0.309044929209251,-0.20163312206152154
correct_CP,O=C(N[C@@H]1C=C[C@@H](CC(=O)N2CCCCC2)O[C@H]1CO)c1ccc2c(c1)OCO2,10.0542,-0.1640436115156822,-0.1655393248441056,-0.02020603241672777,-0.14533329242737783,0.1558012118139806
correct_CP,O=C(N[C@@H]1C=C[C@@H](CC(=O)N2CCOCC2)O[C@@H]1CO)c1cccc(F)c1,9.97418,-0.07254215959436755,-0.07266981065722833,0.02271211343997607,-0.09538192409720439,-0.019690827184022132
correct_CP,O=C(N[C@@H]1C=C[C@@H](CC(=O)N2CCc3ccccc3C2)O[C@@H]1CO)C1CC1,10.014834,0.3017872086534371,0.311484730116314,-0.041173274458534734,0.35265800457484875,-0.15020223237495572
correct_CP,O=C(N[C@@H]1C=C[C@H](CC(=O)N2CCC(Cc3ccccc3)CC2)O[C@@H]1CO)c1cnccn1,10.0345,0.35291388831993475,0.36876830085874474,0.027010614867209626,0.3417576859915351,0.9138960528598004
correct_CP,O=C(N[C@@H]1CC[C@@H](CC(=O)N2CCOCC2)O[C@@H]1CO)c1cccc(F)c1,9.96992,0.0442858124823646,0.04431479820038989,0.0023129744677737995,0.042001823732616086,0.25780959715234103
correct_CP,O=C(N[C@@H]1CC[C@@H](CC(=O)N2CCOCC2)O[C@@H]1CO)c1ccccn1,9.9398,0.47828458748637165,0.5207576897788556,0.11658583379441011,0.4041718559844455,0.07509326009966312
correct_CP,O=C(N[C@@H]1CC[C@@H](CC(=O)N2CCOCC2)O[C@H]1CO)c1ccccn1,10.0649,0.23517518805454304,0.23966064403471532,-0.008386034345238188,0.2480466783799535,-0.17072194129880686
correct_CP,O=C(N[C@@H]1CC[C@@H](CCNC(=O)C2CCCCC2)O[C@@H]1CO)c1ccccn1,10.0473,-0.05154951085038681,-0.05159524552554597,-0.033347730120424184,-0.01824751540512179,0.13557068080726517
correct_CP,O=C(N[C@@H]1CC[C@@H](CCNC(=O)c2ccccc2F)O[C@@H]1CO)c1cnccn1,10.0036,-0.06908965611146455,-0.06919990244037148,-0.015643723573645574,-0.05355617886672591,-0.11743255515209339
correct_CP,O=C(N[C@@H]1CC[C@@H](CCNS(=O)(=O)Cc2ccccc2)O[C@@H]1CO)c1cnccn1,10.0141,-0.11373281963938738,-0.11422704493139832,0.009566433045979726,-0.12379347797737805,0.09362630244773693
correct_CP,O=C(N[C@@H]1CC[C@@H](CCNS(=O)(=O)c2ccc(F)cc2)O[C@@H]1CO)C1CCOCC1,10.1337,-0.046353226415855674,-0.04638646779476642,-0.0849103882660818,0.03852392047131538,0.0050404275787939296
correct_CP,O=C(N[C@@H]1CC[C@@H](CCn2cc(-c3ccccn3)nn2)O[C@@H]1CO)c1ccc(F)cc1,10.0807,0.08609223624049851,0.0863058887654543,-0.008020547512196316,0.09432643627765061,-0.2111703424757867
correct_CP,O=C(N[C@@H]1CC[C@@H](CCn2cc(C3(O)CCCC3)nn2)O[C@H]1CO)c1ccccc1F,9.9734,-0.3038294758921306,-0.31373316384329747,0.10667053016588594,-0.4204036940091834,0.28719140456194014
correct_CP,O=C(N[C@@H]1CC[C@H](CC(=O)N2CCN(c3ccccc3)CC2)O[C@H]1CO)c1ccccc1,10.0296,-0.624379448787232,-0.7321508413171958,0.03865911473879728,-0.770809956055993,-0.363522717862945
correct_CP,O=C(N[C@@H]1CC[C@H](CC(=O)N2CCOCC2)O[C@@H]1CO)c1ccccn1,9.86744,0.3300857027114435,0.342924433780047,0.20311335740127884,0.13981107637876816,0.162782181052391
correct_CP,O=C(N[C@@H]1CC[C@H](CCNC(=O)C2CCCCC2)O[C@H]1CO)c1ccccn1,10.0304,0.0018240558236383153,0.0018240578466294914,0.012065816335644573,-0.010241758489015082,-0.15247823564936303
correct_CP,O=C(N[C@@H]1CC[C@H](CCNS(=O)(=O)Cc2ccccc2)O[C@@H]1CO)c1ccc2c(c1)OCO2,10.0522,0.2450619977986615,0.25015248774996063,0.0008474415987753791,0.24930504615118526,0.07147956434393649
correct_CP,O=C(N[C@@H]1CC[C@H](CCNS(=O)(=O)Cc2ccccc2)O[C@H]1CO)c1cnccn1,10.068,0.2399469478094897,0.24471781865065018,-0.07736725034073443,0.3220850689913846,0.13444491461248254
correct_CP,O=C(N[C@@H]1CC[C@H](CCn2cc(-c3ccccc3F)nn2)O[C@@H]1CO)c1ccc2c(c1)OCO2,10.0324,0.2560170213583537,0.26184137128583473,0.0960046862834114,0.16583668500242332,-0.12718403079160281
correct_CP,O=C(N[C@@H]1CC[C@H](CCn2cc(Cc3ccccc3)nn2)O[C@H]1CO)c1ccccn1,10.0615,-0.005123285731461107,-0.005123330557598502,0.023891483918932775,-0.029014814476531276,0.14711042984995712
correct_CP,O=C(N[C@H]1C=C[C@@H](CC(=O)N2CCC(Cc3ccccc3)CC2)O[C@H]1CO)c1cnccn1,10.0337,-0.16308635318539402,-0.16455575242226916,-0.018370608628123397,-0.14618514379414577,-0.3648118600501309
correct_CP,O=C(N[C@H]1C=C[C@@H](CC(=O)N2CCOCC2)O[C@H]1CO)c1cccc(F)c1,10.0021,0.27321142010246713,0.28033102071473776,0.011081427987443498,0.26924959272729426,0.35270116055416634
correct_CP,O=C(N[C@H]1C=C[C@H](CC(=O)N2CCCCC2)O[C@H]1CO)c1ccc2c(c1)OCO2,9.98452,0.12849401881832886,0.1292082840508961,-0.010916631687315766,0.14012491573821187,-0.022050562653683787
correct_CP,O=C(N[C@H]1C=C[C@H](CC(=O)N2CCCCC2)O[C@H]1CO)c1ccccn1,10.0549,-0.0837966707774423,-0.08399363807346408,-0.02718405188742074,-0.05680958618604334,-0.03868610617888535
correct_CP,O=C(N[C@H]1C=C[C@H](CC(=O)N2CCN(c3ccccc3)CC2)O[C@@H]1CO)c1ccncc1,10.0121,0.3130292168815119,0.3239001814766152,0.05220198982577243,0.27169819165084275,0.2527976053499663
correct_CP,O=C(N[C@H]1C=C[C@H](CC(=O)N2CCc3ccccc3C2)O[C@@H]1CO)C1CC1,10.143,0.12690528231541198,0.12759320984645142,0.09419828895095633,0.03339492089549509,0.1796660776920958
correct_CP,O=C(N[C@H]1CC[C@@H](CC(=O)N2CCN(c3ccccc3)CC2)O[C@@H]1CO)c1ccccc1,10.082,-0.03637603727214143,-0.036392094474934196,-0.11315069979617198,0.0767586053212378,-0.27931761333480093
correct_CP,O=C(N[C@H]1CC[C@@H](CC(=O)N2CCOCC2)O[C@@H]1CO)c1ccccn1,10.0774,0.5774440771018874,0.6586196717640955,0.08736483011933058,0.5712548416447649,0.6469991971409461
correct_CP,O=C(N[C@H]1CC[C@@H](CC(=O)N2CCc3ccccc3C2)O[C@@H]1CO)C1CCOCC1,10.0293,0.1671393158739039,0.168722311213275,-0.039166229559845174,0.20788854077312016,-0.011784541769215028
correct_CP,O=C(N[C@H]1CC[C@@H](CC(=O)N2CCc3ccccc3C2)O[C@H]1CO)C1CCOCC1,10.1753,0.25701001988978855,0.262904310462062,0.026881480226913713,0.23602283023514825,0.11452874787659191
correct_CP,O=C(N[C@H]1CC[C@@H](CCNC(=O)c2cnccn2)O[C@H]1CO)c1ccc2c(c1)OCO2,9.93443,-0.17650577315836946,-0.17837378806915183,-0.06303729726003635,-0.11533649080911548,0.061880209743493356
correct_CP,O=C(N[C@H]1CC[C@@H](CCNS(=O)(=O)Cc2ccccc2)O[C@H]1CO)c1ccc2c(c1)OCO2,10.1605,0.3316594814591623,0.3446916859594135,-0.00949170618063998,0.3541833921400535,0.17231061152660815
correct_CP,O=C(N[C@H]1CC[C@@H](CCn2cc(-c3cccnc3)nn2)O[C@H]1CO)c1ccccc1F,10.0186,-0.25888903165777705,-0.26491726058136095,-0.01662617139855377,-0.24829108918280718,-0.32069911186588657
correct_CP,O=C(N[C@H]1CC[C@@H](CCn2cc(C3CC3)nn2)O[C@H]1CO)c1cccnc1,10.073,0.21266874029214208,0.21596485301345344,0.03766343383864816,0.1783014191748053,-0.005123962064210591
correct_CP,O=C(N[C@H]1CC[C@@H](CCn2cc(Cc3ccccc3)nn2)O[C@@H]1CO)c1ccccn1,10.0312,-0.0500912112489117,-0.05013316954534336,-0.011686478741523822,-0.03844669080381954,-0.24148767038019456
correct_CP,O=C(N[C@H]1CC[C@H](CCNS(=O)(=O)c2cccc(Cl)c2)O[C@@H]1CO)c1ccncc1,10.0288,0.29189630684053675,0.3006379405119818,-0.06179592565951955,0.3624338661715013,0.04060551951089608
correct_CP,O=C(N[C@H]1CC[C@H](CCNS(=O)(=O)c2ccccc2)O[C@H]1CO)c1cccnc1,10.1115,0.40303908526370685,0.42727214813376424,0.007115837651563872,0.42015631048220037,0.13334852768552663
correct_CP,O=C(N[C@H]1CC[C@H](CCn2cc(C3(O)CCCC3)nn2)O[C@H]1CO)c1ccccc1F,10.2217,-0.11863170464561991,-0.11919297207664474,0.022248237623618747,-0.1414412097002635,-0.007395369527362755
correct_CP,O=C(N[C@H]1CN2CCC1CC2)c1ccc(Cl)cc1,10.0,0.1489346725633086,0.1500507646016058,0.03314959864037649,0.1169011659612293,-0.11613578434540421
correct_CP,O=C(Nc1cc(F)ccc1F)N[C@H]1CC[C@@H](CCNC(=O)c2cnccn2)O[C@H]1CO,10.0039,0.5755262938900237,0.655747293654184,-0.05836995753657126,0.7141172511907553,-0.16109989464940802
correct_CP,O=C(Nc1cc(F)ccc1F)N[C@H]1CC[C@H](CCNC(=O)c2cnccn2)O[C@@H]1CO,10.0598,0.3925133200863585,0.41476764422054246,-0.1034180961315478,0.5181857403520903,-0.40514294369294107
correct_CP,O=C(Nc1cc(Sc2ccccn2)cc([N+](=O)[O-])c1)c1cccc(Cl)c1,10.0,0.06203140573854526,0.06211115338752173,0.10566547577308372,-0.043554322385561985,-0.23163594857311395
correct_CP,O=C(Nc1ccc(-c2nc3ccccc3o2)cc1)c1ccc(N2C(=O)C3C4C=CC(C4)C3C2=O)cc1,10.0,-0.07600662114025822,-0.07615349414953682,0.017434970837033274,-0.09358846498657009,-0.044375259112833215
correct_CP,O=C(Nc1ccc(C(F)(F)F)cc1)N[C@@H]1CC[C@@H](CCNC(=O)c2ccccc2F)O[C@H]1CO,10.0997,0.06792401426207152,0.06802876408519332,-0.041531468299152066,0.10956023238434538,0.038232196239104205
correct_CP,O=C(Nc1ccc(C(F)(F)F)cc1)N[C@H]1C=C[C@H](CC(=O)N2CCCCC2)O[C@H]1CO,9.98224,0.18198757079465103,0.18403757569686197,0.04830213956863072,0.13573543612823125,-0.1858168466535425
correct_CP,O=C(Nc1ccc(C(F)(F)F)cc1)Nc1ccc2c(c1)[C@@H]1C[C@H](CC(=O)N3CCc4ccccc4C3)O[C@@H](CO)[C@@H]1O2,10.0089,0.3014676032953356,0.311133137144698,-0.17914460744171837,0.4902777445864164,0.3179650569115427
correct_CP,O=C(Nc1ccc(Cl)c(Cl)c1)C1CC(=O)N(c2ccc(Br)cc2)C1,10.0,0.17979911656857536,0.18177508636050582,0.05463895029212085,0.12713613606838498,-0.06868371165923623
correct_CP,O=C(Nc1ccc(Cl)c(Cl)c1)N[C@@H]1CC[C@@H](CCn2cc(C3CCCCC3)nn2)O[C@@H]1CO,10.1242,0.08169956033685766,0.08188206839083378,0.023126835550222803,0.05875523284061098,-0.23169280958919572
correct_CP,O=C(Nc1ccc(Cl)c(Cl)c1)N[C@@H]1CC[C@H](CCn2cc(C3CCCCC3)nn2)O[C@@H]1CO,10.085,0.3011228589263515,0.31075397266809346,-0.011268057185672403,0.3220220298537659,0.20290510483947372
correct_CP,O=C(Nc1ccc(Cl)cc1)Nc1nnc(SCc2ccc(Cl)cc2)s1,10.0,0.20344803020960678,0.20632684958098596,0.35869336014086795,-0.15236651055988198,-0.033100587927986314
correct_CP,O=C(Nc1ccc(F)cc1)N[C@@H]1CC[C@@H](CC(=O)N2CCOCC2)O[C@@H]1CO,9.98049,-0.1961531288771957,-0.19872858412812763,-0.04345239920868661,-0.155276184919441,-0.08547611944602677
correct_CP,O=C(Nc1ccc(F)cc1)N[C@@H]1CC[C@@H](CC(=O)N2CCOCC2)O[C@H]1CO,9.98593,-0.3081287212813534,-0.31847650651900716,-0.06505506142255371,-0.2534214450964535,-0.1856152668085854
correct_CP,O=C(Nc1ccc(F)cc1)Nc1ccc2c(c1)OCO2,10.0,0.27132182994153187,0.27829014115638057,0.0496005738750656,0.22868956728131495,0.08569113211547079
correct_CP,O=C(Nc1ccc(F)cc1)Nc1ccc2c(c1)[C@@H]1C[C@H](CC(=O)N3CCOCC3)O[C@@H](CO)[C@@H]1O2,9.92091,-0.32801281591217,-0.34059985574133383,-0.0908432734820403,-0.24975658225929354,0.06826026784578752
correct_CP,O=C(Nc1ccc(F)cc1)Nc1ccc2c(c1)[C@H]1C[C@@H](CC(=O)N3CCOCC3)O[C@@H](CO)[C@H]1O2,10.0027,0.027918205148866577,0.02792546193616576,0.038036545114771544,-0.010111083178605783,-0.16738381061126384
correct_CP,O=C(Nc1ccc(N2CCCC2)cc1)c1ccc2ccccc2c1,10.0,0.5752051192817265,0.6552671792146405,0.24170359399075675,0.41356358522388376,-0.09375273266872336
correct_CP,O=C(Nc1ccc(N2CCN(C(=O)c3ccco3)CC2)cc1)c1ccccc1F,10.0,0.1916125639296643,0.19401066042322454,0.10773435402635943,0.08627630639686511,-0.19181309227532806
correct_CP,O=C(Nc1ccc(N2CCOCC2)c(Cl)c1)c1ccco1,10.0,0.677611405357861,0.8246843222969241,-0.0778183941842541,0.9025027164811782,0.20228312967556505
correct_CP,O=C(Nc1ccc(Nc2ccccc2)cc1)C1CC1,10.0,0.4909415352774962,0.537300115179548,-0.04897278188841966,0.5862728970679677,-0.07431878252075058
correct_CP,O=C(Nc1ccc([N+](=O)[O-])cc1Cl)c1cc(Cl)ccc1O,10.0,0.5369126702226921,0.5998076350309297,0.039307902895109915,0.5604997321358198,0.1364067942109886
correct_CP,O=C(Nc1ccc2c(c1)OCO2)N[C@@H]1CC[C@H](CC(=O)N2CCN(c3ccccc3)CC2)O[C@H]1CO,10.0056,0.10150716969934294,0.10185797434698395,-0.03187354723495578,0.13373152158193974,-0.005890698113509542
correct_CP,O=C(Nc1ccc2c(c1)OCO2)N[C@H]1CC[C@@H](CCNC(=O)C2CC2)O[C@@H]1CO,9.99166,-0.1975149894303222,-0.20014533503221496,-0.10968265051189069,-0.09046268452032427,0.15925033419421508
correct_CP,O=C(Nc1ccc2c(c1)OCO2)c1cncc(Br)c1,10.0,0.3309567248223161,0.34390228009231555,-0.035037038534523446,0.378939318626839,0.02491292444198001
correct_CP,O=C(Nc1ccc2c(c1)[C@@H]1C[C@@H](CC(=O)N3CCOCC3)O[C@H](CO)[C@@H]1O2)Nc1ccccc1F,10.0867,0.41131182018398726,0.43718914119513597,0.13689568681016484,0.3002934543849711,0.23494835654260943
correct_CP,O=C(Nc1ccc2c(c1)[C@@H]1C[C@@H](CC(=O)N3CCc4ccccc4C3)O[C@@H](CO)[C@@H]1O2)C1CCOCC1,9.93913,0.26364736180798565,0.27002420895479645,0.05891743694322607,0.21110677201157038,0.20245654016827117
correct_CP,O=C(Nc1ccc2c(c1)[C@@H]1C[C@@H](CC(=O)N3CCc4ccccc4C3)O[C@H](CO)[C@@H]1O2)c1cccnc1,10.29,0.38864235514363143,0.41019984725656256,0.036953620183634746,0.3732462270729278,-0.06560067704996496
correct_CP,O=C(Nc1ccc2c(c1)[C@@H]1C[C@H](CC(=O)N3CCCCC3)O[C@@H](CO)[C@@H]1O2)C1CCOCC1,10.0711,0.23607099088476127,0.24060910375810135,0.03183086067504604,0.20877824308305531,0.05018897400629505
correct_CP,O=C(Nc1ccc2c(c1)[C@@H]1C[C@H](CC(=O)N3CCCCC3)O[C@@H](CO)[C@@H]1O2)NC1CCCC1,9.99641,0.195946793118084,0.19851400072918982,0.010208117830885592,0.18830588289830422,-0.06461342091952793
correct_CP,O=C(Nc1ccc2c(c1)[C@@H]1C[C@H](CC(=O)N3CCCCC3)O[C@H](CO)[C@@H]1O2)C1CCOCC1,10.1036,0.14247910671277988,0.14345514558362005,0.00841171691541744,0.1350434286682026,0.11711350073062636
correct_CP,O=C(Nc1ccc2c(c1)[C@@H]1C[C@H](CC(=O)N3CCCCC3)O[C@H](CO)[C@@H]1O2)NC1CCCC1,9.9468,-0.2888599765673012,-0.2973220091978631,-0.005597872533328929,-0.2917241366645342,-0.19799967396670082
correct_CP,O=C(Nc1ccc2c(c1)[C@H]1C[C@@H](CC(=O)N3CCOCC3)O[C@@H](CO)[C@H]1O2)c1cccnc1,10.027,0.3334272430312794,0.346679242411215,-0.03524021844766666,0.3819194608588817,0.3767922412333663
correct_CP,O=C(Nc1ccc2c(c1)[C@H]1C[C@@H](CC(=O)N3CCc4ccccc4C3)O[C@H](CO)[C@H]1O2)C1CCOCC1,9.63439,-0.12436629211571626,-0.1250134991122348,-0.10835618360482249,-0.016657315507412312,0.137344104539209
correct_CP,O=C(Nc1ccc2c(c1)[C@H]1C[C@H](CC(=O)N3CCc4ccccc4C3)O[C@H](CO)[C@H]1O2)c1ccc2c(c1)OCO2,10.0241,0.023349116050898375,0.023353360605943566,-0.06538449266284883,0.0887378532687924,0.12402359628728732
correct_CP,O=C(Nc1cccc(Cl)c1)N[C@@H]1CC[C@@H](CCNC(=O)C2CCOCC2)O[C@@H]1CO,9.940199,-0.28779812183127174,-0.29616387434708097,0.0007954938679213958,-0.29695936821500235,0.2651056561824633
correct_CP,O=C(Nc1cccc(Cl)c1)N[C@H]1CC[C@@H](CCn2cc(Cc3ccccc3)nn2)O[C@H]1CO,10.0475,0.08665913785869654,0.08687705170865671,0.10595959855923945,-0.019082546850582735,0.057846575047294124
correct_CP,O=C(Nc1cccc(F)c1)N[C@@H]1CC[C@H](CCNS(=O)(=O)c2cccc(Cl)c2)O[C@@H]1CO,10.0347,0.010756045516157602,0.010756460342939657,-0.05728557094791337,0.06804203129085303,0.48083318401650005
correct_CP,O=C(Nc1cccc(F)c1)N[C@H]1CC[C@@H](CCNS(=O)(=O)c2cccc(Cl)c2)O[C@@H]1CO,10.1488,0.37964197421324986,0.39964126659806803,-0.05032772729275644,0.44996899389082445,-0.1054150886397528
correct_CP,O=C(Nc1ccccc1)[C@@H]1[C@@H](CO)[C@@H]2Cn3c(ccc(C4=CCCCC4)c3=O)[C@@H]2N1Cc1cocn1,10.0514,-0.2993658688817043,-0.3088229023560784,0.05594154374401346,-0.36476444610009184,0.069140364675727
correct_CP,O=C(Nc1ccccc1)[C@H]1[C@H](CO)[C@H]2Cn3c(ccc(C4=CCCCC4)c3=O)[C@H]2N1Cc1cocn1,10.0228,-0.3655702397880792,-0.38330039922397885,0.0011455972079310421,-0.3844459964319099,0.12960600433714695
correct_CP,O=C(Nc1ccccc1)c1ccccc1Oc1ccc(C(F)(F)F)cc1[N+](=O)[O-],10.0,-0.2761236919620329,-0.2834809319711822,-0.014764772969288988,-0.2687161590018932,0.3310172247025251
correct_CP,O=C(Nc1ccccc1F)N[C@@H]1CC[C@@H](CCNC(=O)C2CCCCC2)O[C@@H]1CO,9.93465,-0.21570659823533692,-0.21914878089023465,-0.011010795261775352,-0.2081379856284593,0.24447654803268382
correct_CP,O=C(Nc1ccccc1F)N[C@@H]1CC[C@H](CCNC(=O)C2CCCCC2)O[C@H]1CO,10.035568,0.05087756182841666,0.0509215294376828,0.014743978906794198,0.0361775505308886,-0.024192972955680354
correct_CP,O=C(Nc1ccccc1F)N[C@H]1CC[C@H](CC(=O)N2CCCCC2)O[C@@H]1CO,9.98465,-0.06954719420479112,-0.06965964964746278,0.032201306273041644,-0.10186095592050443,-0.00729379857020165
correct_CP,O=C(Nc1ccncc1)Nc1cccc(Cl)c1Cl,10.0,0.3942115025207128,0.4167766960975057,0.04624214854323078,0.3705345475542749,0.12527612668281782
correct_CP,O=C(Nc1nc2ccccc2[nH]1)c1ccccc1[N+](=O)[O-],10.0,-0.4181483989571711,-0.44544596056576435,0.0743377418786877,-0.519783702444452,-0.6046228701041225
correct_CP,O=C(Nc1nc[nH]n1)c1cccc(F)c1,20.0,0.4251491789267146,0.4539606043323463,-0.008801346950983509,0.4627619512833298,-0.051725256817862254
correct_CP,O=C(Nc1nccs1)[C@@H]1[C@@H](CO)[C@@H]2Cn3c(cccc3=O)[C@H]1N2C(=O)C1CCCC1,10.0669,-0.24934943169588583,-0.25471899261440945,-0.043084846634773404,-0.21163414597963603,-0.16810786451595472
correct_CP,O=C(Nc1nccs1)[C@H]1[C@H](CO)[C@H]2Cn3c(ccc(-c4cncnc4)c3=O)[C@H]2N1CC1CCCC1,10.0759,0.557200412130506,0.6287638051504192,0.04196297440350444,0.5868008307469148,0.07900503012927745
correct_CP,O=C(Nc1nccs1)c1cccnc1O,10.0,0.2323340050096684,0.23665523955943005,0.14827020555038575,0.0883850340090443,0.04630866347374005
correct_CP,O=C(Nc1nnc(COc2ccc(Cl)cc2)s1)c1cccs1,10.0,0.4287542224674747,0.45836930995466707,0.21516405307680164,0.24320525687786543,-0.02029433146499801
correct_CP,O=C(Nc1sc2c(c1C(=O)NC1CC1)CCCCCC2)c1ccco1,10.0,0.5432632639991715,0.6087736506015085,0.07164624620117,0.5371274044003385,0.2475388876360039
correct_CP,O=C(O)C(=O)/C(=C\c1cccc(Cl)c1)c1ccc2ccccc2n1,10.0,0.6581087757066201,0.7894701556357726,0.3278498456473106,0.461620309988462,0.23515573951052665
correct_CP,O=C(O)C1=CCCN(CCOC(c2ccc(C(F)(F)F)cc2)c2ccc(C(F)(F)F)cc2)C1,10.0,-0.0893065768058887,-0.08954514593539749,-0.023548087581426465,-0.06599705835397102,0.17987330243064184
correct_CP,O=C(O)C1=CCCN(CCON=C(c2ccccc2)c2ccccc2)C1,10.0,0.6502150688117223,0.7756712099211251,-0.035401368183168525,0.8110725781042937,-0.02469232698861025
correct_CP,O=C(O)CC/C=C\CC[C@@H]1[C@@H](N2CCCCC2)[C@@H](O)C[C@@H]1OCc1ccc(-c2ccccc2)cc1,10.0,-0.19308923630047034,-0.19554406744050434,-0.024897446606844016,-0.17064662083366033,0.013805144902956784
correct_CP,O=C(O)CCC(=O)c1ccc(-c2ccccc2)cc1,10.0,0.1488892687220674,0.15000433110808453,-0.02292045639783083,0.17292478750591536,-0.21403774039671722
correct_CP,O=C(O)CCC=CCC1COC(c2ccccc2Cl)OC1c1ccccc1O,10.0,0.3043971411115871,0.3143586798769794,0.2527245414692051,0.06163413840777432,-0.4547383249090009
correct_CP,O=C(O)CCCc1ccccc1,10.0,0.2879522322800007,0.2963319102907408,0.0682355628344372,0.22809634745630358,-0.01637482008046788
correct_CP,O=C(O)CCSCCCN1C(=O)c2cccc3cccc(c23)C1=O,10.0,0.24787554548726912,0.2531480062553168,0.1503931399612512,0.1027548662940656,0.031736907225443395
correct_CP,O=C(O)CCc1ccc(-c2ccccc2)n1Cc1ccco1,10.0,0.3534492026401374,0.3693799049913795,0.05744391998212458,0.31193598500925496,-0.23374766446795017
correct_CP,O=C(O)CCc1nc(-c2ccccc2)c(-c2ccccc2)o1,10.0,-0.35277319508093247,-0.36860760067736215,-0.059668590471936137,-0.308939010205426,-0.004442526573516417
correct_CP,O=C(O)COc1ccccc1/C=C1\SC(=S)N(N=Cc2ccccc2O)C1=O,10.0,-0.027425765902635606,-0.027432645311142752,0.029573614867198,-0.05700626017834075,-0.33116596596511183
correct_CP,O=C(O)C[C@@H]1C=C[C@@H](NC(=O)c2ccccc2F)[C@H](CO)O1,10.0998,-0.18967510810549934,-0.19200013103963265,-0.03059273297620267,-0.16140739806343,-0.17558984288692822
correct_CP,O=C(O)C[C@@H]1CC[C@@H](NC(=O)c2ccncc2)[C@@H](CO)O1,10.0489,-0.176167389393417,-0.17802454472177864,0.043988462894012044,-0.22201300761579068,-0.22615647231813127
correct_CP,O=C(O)C[C@@H]1CC[C@@H]2[C@H](COC[C@@H](O)CN2S(=O)(=O)c2ccc(Oc3ccccc3)cc2)O1,10.0018,0.16408155828054038,0.16557832125715963,-0.06190968089201269,0.2274880021491723,0.06781254044302222
correct_CP,O=C(O)C[C@@H]1C[C@@H]2c3cc(NC(=O)Nc4ccc(C(F)(F)F)cc4)ccc3O[C@@H]2[C@H](CO)O1,9.9947,-0.06267007745473475,-0.06275231772593093,-0.11553922137472494,0.052786903648794015,0.13174401155404397
correct_CP,O=C(O)C[C@@H]1C[C@H]2c3cc(NC(=O)Nc4ccc(C(F)(F)F)cc4)ccc3O[C@H]2[C@H](CO)O1,10.0442,0.32665688253262976,0.3390812010470357,-0.01825145007117686,0.35733265111821255,0.13236980273920806
correct_CP,O=C(O)C[C@@H]1C[C@H]2c3cc(NC(=O)c4ccc5c(c4)OCO5)ccc3O[C@H]2[C@H](CO)O1,9.96195,0.19523121517306505,0.19776995940287403,0.009307569800338382,0.18846238960253564,-0.015967491357625076
correct_CP,O=C(O)C[C@H]1C=C[C@@H](NC(=O)Nc2ccccc2)[C@H](CO)O1,9.9611,0.21398016585028753,0.21733880361907035,0.007730912484567252,0.2096078911345031,0.06200271968584453
correct_CP,O=C(O)C[C@H]1C=C[C@H](NC(=O)c2ccccc2F)[C@H](CO)O1,9.95979,0.29779951053363934,0.30710323212756424,-0.12793014069447764,0.4350333728220419,-0.015536634128900773
correct_CP,O=C(O)C[C@H]1CC[C@@H](NC(=O)Nc2ccccc2)[C@@H](CO)O1,10.0504,-0.41429997493110077,-0.44079110720190473,-0.009934306672650498,-0.43085680052925424,0.251881674566985
correct_CP,O=C(O)C[C@H]1CC[C@@H](NC(=O)c2ccncc2)[C@@H](CO)O1,9.92721,0.11837185158507213,0.11892941801139062,0.09700948793031819,0.02191993008107243,-0.006131740341568548
correct_CP,O=C(O)C[C@H]1CC[C@@H]2[C@H](COC[C@H](O)CN2S(=O)(=O)c2ccc(Oc3ccccc3)cc2)O1,10.0252,-0.04372222590012324,-0.04375011818284183,-0.07514292343390948,0.03139280525106765,-0.02393339566727369
correct_CP,O=C(O)C[C@H]1CC[C@H]2[C@@H](COC[C@H](O)CN2S(=O)(=O)c2ccc(Oc3ccccc3)cc2)O1,9.98301,-0.051065884266686005,-0.05111034243468844,-0.045029870014959034,-0.0060804724197294074,-0.0859187066502631
correct_CP,O=C(O)C[C@H]1C[C@@H]2c3cc(NC(=O)Nc4ccccc4)ccc3O[C@@H]2[C@H](CO)O1,10.1604,0.18447056040887222,0.1866068239031586,0.11564216197578697,0.07096466192737164,-0.047543381315134525
correct_CP,O=C(O)C[C@H]1C[C@H]2c3cc(NC(=O)CC4CC4)ccc3O[C@H]2[C@H](CO)O1,10.0483,0.19012840725105223,0.19247038895398255,-0.03656550567259397,0.22903589462657653,-0.0765009660082979
correct_CP,O=C(O)C[C@H]1C[C@H]2c3cc(NC(=O)Nc4ccccc4)ccc3O[C@H]2[C@@H](CO)O1,9.99803,0.22404960758943512,0.22791570024675906,0.07727302221065226,0.15064267803610681,0.3468492600227983
correct_CP,O=C(O)Cc1cc(I)c(Oc2cc(I)c(O)c(I)c2)c(I)c1,10.0,0.20107092422235326,0.20384834952623457,0.009782552309584481,0.1940657972166501,0.09090394967574729
correct_CP,O=C(O)Cc1nn(Cc2ccc(Br)cc2F)c(=O)c2ccccc12,10.0,0.016493233856975424,0.016494729634790813,-0.010069783287000181,0.026564512921790996,0.15825444871445876
correct_CP,O=C(O)[C@@H]1[C@@H](CO)[C@@H]2Cn3c(ccc(-c4ccc(F)cc4)c3=O)[C@H]1N2CC1CCCCC1,10.0608,-0.15517885751473862,-0.15644276335165008,0.0317860723471126,-0.1882288356987627,0.03875281742318688
correct_CP,O=C(O)[C@@H]1[C@@H](CO)[C@@H]2Cn3c(ccc(/C=C/c4ccccc4)c3=O)[C@@H]2N1Cc1ccc2c(c1)OCO2,10.0572,0.17028441170463265,0.1719595539073483,-0.14854148479468554,0.32050103870203384,0.24598518149214776
correct_CP,O=C(O)[C@H]1[C@H](CO)[C@H]2Cn3c(ccc(-c4ccc(F)cc4)c3=O)[C@@H]1N2CC1CCCCC1,10.0003,-0.07743619958946586,-0.07759153742354791,-0.05031561596749057,-0.02727592145605734,-0.0789026067960075
correct_CP,O=C(O)[C@H]1[C@H](CO)[C@H]2Cn3c(ccc(-c4ccncc4)c3=O)[C@@H]1N2S(=O)(=O)c1ccccc1F,9.96003,0.11076097254375752,0.11121727430682551,0.023085289457737586,0.08813198484908794,0.02264919385099879
correct_CP,O=C(O)c1cc(-c2ccc(F)cc2F)ccc1O,10.0,0.6715826583680282,0.8136204868167246,-0.0851233463200895,0.898743833136814,-0.46958779940257706
correct_CP,O=C(O)c1cccc(NC(=O)c2ccc(Cl)c(S(=O)(=O)N3CCCCCC3)c2)c1,10.0,0.05841181116374055,0.058478380019822744,0.08633787982326341,-0.027859499803440664,-0.14400125679130543
correct_CP,O=C(OC1CCOC1=O)c1cc(-c2cccs2)nc2ccccc12,10.0,0.45881262616113777,0.4958062739887894,-0.04582719959559949,0.5416334735843888,-0.020463573267671696
correct_CP,O=C(OCCN1CCOCC1)C1(c2ccccc2)CCCCC1,10.0,-0.024238778535707117,-0.024243527119086675,0.040201593718989785,-0.06444512083807646,-0.051862912386374256
correct_CP,O=C(O[C@H]1[C@H](Oc2ccccc2COC(=O)C2(O)C=CCCC2=O)O[C@H](CO)[C@@H](O)[C@@H]1O)c1ccccc1,10.0,0.4918441672618011,0.5384900859385916,0.3179591556695006,0.22053093026909099,0.462066830767212
correct_CP,O=C(Oc1cc(OC(=O)c2ccccc2)c2c(c1)O[C@H](c1ccc(OC(=O)c3ccccc3)c(OC(=O)c3ccccc3)c1)[C@@H](OC(=O)c1ccccc1)C2)c1ccccc1,10.0,0.1750859419041541,0.17690867852311667,-0.03574448798408039,0.21265316650719707,-0.1446909942110853
correct_CP,O=C([C@@H]1[C@@H](CO)[C@@H]2Cn3c(ccc(-c4cccnc4)c3=O)[C@@H]2N1CCC(F)(F)F)N1CCOCC1,9.92373,-0.183588128152594,-0.18569345882735722,-0.0636072637503399,-0.12208619507701732,-0.0788543598346289
correct_CP,O=C([C@@H]1[C@@H](CO)[C@@H]2Cn3c(ccc(-c4ccncc4)c3=O)[C@@H]2N1Cc1cocn1)N1CCCCC1,9.9116,0.20062702256603157,0.203385787985021,0.01355257799654266,0.18983320998847833,-0.013215421589177313
correct_CP,O=C([C@@H]1[C@@H](CO)[C@@H]2Cn3c(ccc(-c4ccncc4)c3=O)[C@H]1N2CCC(F)(F)F)N1CCCCC1,9.99353,0.15828590129290004,0.15962805680762826,0.05440205451995121,0.10522600228767705,0.13974313253416332
correct_CP,O=C([C@@H]1[C@@H](CO)[C@@H]2Cn3c(ccc(C4=CCCC4)c3=O)[C@H]1N2C(=O)c1ccncc1)N1CCOCC1,9.96807,-0.08388392285224273,-0.0840815078018095,-0.07626926392992786,-0.007812243871881633,0.2758875042503945
correct_CP,O=C([C@@H]1[C@@H](CO)[C@@H]2Cn3c(cccc3=O)[C@@H]2N1Cc1ccccc1Cl)N1CCCCC1,10.0518,0.007459134903397106,0.007459273246855725,0.03176553693448658,-0.024306263687630857,0.18737078239022356
correct_CP,O=C([C@@H]1[C@@H](CO)[C@@H]2Cn3c(cccc3=O)[C@H]1N2S(=O)(=O)c1ccccc1F)N1CCOCC1,10.0187,-0.27491683692691604,-0.28217493678114264,-0.025962737397285142,-0.2562121993838575,-0.10601028582294245
correct_CP,O=C([C@H]1[C@H](CO)[C@H]2Cn3c(ccc(-c4ccccc4)c3=O)[C@@H]1N2Cc1cccnc1)N1CCOCC1,10.055,0.5484307816646184,0.6161343147802872,0.021776787115341895,0.5943575276649453,0.0867939268534098
correct_CP,O=C([C@H]1[C@H](CO)[C@H]2Cn3c(ccc(-c4ccccc4F)c3=O)[C@@H]1N2C(=O)C1CCC1)N1CCCCC1,10.0685,0.1991652617418573,0.20186318600253356,-0.05618804020029737,0.25805122620283094,0.06114504767244528
correct_CP,O=C([C@H]1[C@H](CO)[C@H]2Cn3c(cccc3=O)[C@@H]1N2Cc1cccc(Cl)c1)N1CCOCC1,9.92512,0.22101645125342123,0.22472451019382778,-0.020690430077243298,0.24541494027107108,0.3544216344786031
correct_CP,O=C([C@H]1[C@H](CO)[C@H]2Cn3c(cccc3=O)[C@@H]1N2Cc1cocn1)N1CCCCC1,9.98112,0.45347911211874625,0.4890714105352353,0.001440008332724835,0.48763140220251044,-0.2613787203716156
correct_CP,O=C(c1c(O)c2ccc(Cl)cc2[nH]c1=O)C1CC1,10.0,0.17098305344392312,0.1726791472666188,-0.0787027461368845,0.25138189340350325,0.23859932230065878
correct_CP,O=C(c1cc2c(s1)CCCC2)N1CCC2(CC1)OCCO2,10.0,0.15825604900839682,0.159597437519082,0.05479649082026855,0.10480094669881346,0.09809467243699091
correct_CP,O=C(c1cc2sccc2n1Cc1ccccc1)N1CCCc2ccccc21,10.0,0.2569734386232616,0.2628651423472195,0.030943130017271923,0.2319220123299476,-0.1080431252947714
correct_CP,O=C(c1ccc(Cl)c(Cl)c1)N1CCN(c2ccnc3cc(Cl)ccc23)CC1,20.0,0.31807226282010215,0.32950092308847667,0.1211758314287738,0.20832509165970287,0.5295487489884085
correct_CP,O=C(c1ccc(Cl)cc1)c1cc(-c2ccccn2)c(N2CCOCC2)s1,10.0,-0.003699967473023875,-0.0036999843570506012,0.017854516186469632,-0.021554500543520233,-0.13425206402741435
correct_CP,O=C(c1cccc2cnccc12)N1CCCNCC1,20.0,-0.4244370127400215,-0.4530916328989635,0.11535537062862214,-0.5684470035275856,0.21475634573056399
correct_CP,O=C(c1ccco1)N1CCN(CC(=O)N2c3ccccc3CCc3ccccc32)CC1,10.0,0.24656825087555315,0.25175560999007796,0.07153968412868233,0.18021592586139562,-0.23196656579895988
correct_CP,O=C(c1cnn2c(C(F)(F)F)cc(-c3cccs3)nc12)N1CCOCC1,10.0,0.052089338905872765,0.05213652707210387,0.08572204205068593,-0.03358551497858205,0.02584788820070441
correct_CP,O=C1/C(=C/c2cccc([N+](=O)[O-])c2)N2CCC1CC2,10.0,0.19995047085211667,0.20268096172401714,0.10297294863319188,0.09970801309082526,0.0988042817770551
correct_CP,O=C1/C(=C/c2cn(-c3ccccc3)nc2-c2ccc(OCc3ccccc3)cc2)SC(=S)N1CCS(=O)(=O)O,20.0,-0.005780976988546795,-0.005781041389333961,0.07183637163011297,-0.07761741301944693,0.11236583375490738
correct_CP,O=C1CC(c2ccc(O)cc2)Oc2cc(O)cc(O)c21,10.0,-0.12979264020095327,-0.13052893138740196,-0.03513105905997074,-0.09539787232743122,-0.12543924965200817
correct_CP,O=C1NC(=O)C(c2c[nH]c3ccccc23)=C1c1c[nH]c2ccccc12,10.0,0.17469600669467916,0.17650644010044014,0.02790620479051979,0.14860023530992036,0.05031581629232834
correct_CP,O=C1NC(=S)N(C2CC2)C(=O)/C1=C/Nc1ccc2c(c1)OCO2,10.0,0.5918809653189843,0.6805563547792606,-0.07423758972931532,0.7547939445085758,-0.027176469429378763
correct_CP,O=C1NCCCC2c3c(cc(Br)c(O)c3Br)OC12N1CCOCC1,10.0,0.29404316713976436,0.3029863707984154,0.19309817807880597,0.10988819271960942,-0.08537021534457728
correct_CP,O=C1Nc2ccc(Br)cc2C12NNc1ccccc1O2,20.0,0.619865951372368,0.7247873643372672,0.10016453024381597,0.6246228340934512,0.18720500676841337
correct_CP,O=C1Nc2ccccc2C1=Nc1sc2c(c1C(=O)NCCc1ccccc1)CCCC2,10.0,0.08263470220293914,0.08282356679498708,-0.036426840993883214,0.11925040778887029,-0.01348046144990845
correct_CP,O=C1Nc2ccccc2N(O)N1c1cc(-c2cccc(Cl)c2)no1,10.0,0.2617295788449954,0.2679642792448217,-0.0013706934961137422,0.26933497274093543,0.06373728887796211
correct_CP,O=C1OCCN1/N=C/c1ccc([N+](=O)[O-])o1,10.0,0.37457183158545454,0.3937305408749152,-0.016558733412836493,0.4102892742877517,0.12397318596345853
correct_CP,O=C1c2cccc(OCC(=O)N3N=C(c4cccs4)CC3c3ccc(F)cc3)c2CCN1Cc1ccccc1,10.0,0.5977378659398553,0.6896200615735619,0.10513332868811665,0.5844867328854453,-0.2911452724509487
correct_CP,O=C1c2ccccc2C(=O)c2ccccc21,10.0,0.08460052010618284,0.08480322694923297,-0.045879688256188746,0.13068291520542172,0.013450871256624364
correct_CP,O=Cc1sc(N2CCOCC2)nc1-c1ccccc1,10.0,0.23119434319917576,0.23545088619049587,-0.020218861812637396,0.25566974800313325,0.12524690136282432
correct_CP,O=S(=O)(Cc1ccccc1)NCC[C@H]1CC[C@@H](NS(=O)(=O)c2ccc(F)cc2)[C@@H](CO)O1,10.0481,0.32077282967301896,0.332508341828771,-0.09798692799547001,0.430495269824241,0.34233551803083
correct_CP,O=S(=O)(N[C@@H]1CC[C@@H](CCn2cc(Cc3ccccc3)nn2)O[C@H]1CO)c1ccccc1F,10.1829,0.07616034014607537,0.07630810816922697,0.042691362278876085,0.03361674589035088,-0.0017753528135321384
correct_CP,O=S(=O)(N[C@@H]1CC[C@H](CCn2cc(C3(O)CCCC3)nn2)O[C@H]1CO)c1ccc(Cl)cc1,9.98964,-0.4939424208213948,-0.5412616845066157,-0.08234031087164628,-0.45892137363496943,-0.04102224344719023
correct_CP,O=S(=O)(N[C@H]1CC[C@@H](CCn2cc(C3(O)CCCC3)nn2)O[C@H]1CO)c1ccc(Cl)cc1,10.0747,0.3444479523698274,0.35913053098762543,0.021493121423825496,0.33763740956379995,0.35848848518276816
correct_CP,O=S(=O)(N[C@H]1CC[C@H](CCn2cc(-c3cccc(F)c3)nn2)O[C@@H]1CO)c1ccc(Cl)cc1,10.0497,0.1732434592658172,0.17500855828107367,-0.060458057079579984,0.23546661536065366,0.07689018709951004
correct_CP,O=S(=O)(N[C@H]1CC[C@H](CCn2cc(-c3ccccn3)nn2)O[C@@H]1CO)c1cccc(Cl)c1,10.1015,-0.28918561547464106,-0.2976773294982136,-0.11179235482946293,-0.1858849746687507,0.20796966623153512
correct_CP,O=S(=O)(N[C@H]1CC[C@H](CCn2cc(C3(O)CCCC3)nn2)O[C@H]1CO)c1ccc(Cl)cc1,10.0741,0.1382379861913477,0.13912878652609748,0.0037669267040216434,0.13536185982207583,0.05131634504395089
correct_CP,O=S(=O)(N[C@H]1CC[C@H](CCn2cc(C3CC3)nn2)O[C@H]1CO)c1ccc(F)cc1,9.91364,-0.083787942271288,-0.08398484784982546,-0.061004438705861766,-0.022980409143963695,-0.0025671933326499863
correct_CP,O=S(=O)(N[C@H]1CC[C@H](CCn2cc(Cc3ccccc3)nn2)O[C@H]1CO)c1ccccc1F,10.012,0.2892551438038527,0.2977532046659743,0.07929602873956841,0.2184571759264059,0.1302808043611492
correct_CP,O=S(=O)(Nc1c(S(=O)(=O)c2ccccc2)c2nc3ccccc3nc2n1C1CCCCC1)c1ccccc1,10.0,0.3024657754432448,0.31223145863720747,-0.07968800803241104,0.3919194666696185,0.29767562275965326
correct_CP,O=S(=O)(Nc1cc(O)nc(SCc2ccc(Cl)cc2)n1)c1ccccc1,10.0,0.565965121174218,0.6415663534577418,-0.13203785132266088,0.7736042047804027,-0.17291080735020659
correct_CP,O=S(=O)(Nc1nc(CN2CCOCC2)nc2sc3c(c12)CCCC3)c1cc(F)ccc1F,10.0,-0.10022550142685141,-0.10056313214251245,0.02724744965221479,-0.12781058179472723,0.05022258944992139
correct_CP,O=S(=O)(c1cccs1)N1CCN(S(=O)(=O)c2cccs2)CC1,10.0,0.5803602297871264,0.6630057201445092,0.2580107054950688,0.4049950146494404,0.1156169929464062
correct_CP,O=[N+]([O-])C(=C1Nc2ccccc2N1)C(Cl)=C(Cl)Cl,10.0,0.6564655157492496,0.7865769532651867,-0.04399511084030203,0.8305720641054888,-0.267904398233189
correct_CP,O=[N+]([O-])c1ccc(-c2nc(-c3ccc(F)cc3)c(-c3ccncc3)[nH]2)cc1,10.0,0.38519826929805295,0.40614936818908026,0.08012562497523149,0.32602374321384875,-0.12971268503439753
correct_CP,O=[N+]([O-])c1ccc(NN=C2CCCCC2c2ccccn2)c([N+](=O)[O-])c1,10.0,0.32798353309825634,0.3405670428215487,0.10324498747737168,0.23732205534417702,0.25693389969233893
correct_CP,O=[N+]([O-])c1ccccc1C=Nn1c(S)nnc1COc1ccccc1,10.0,0.3325405672074172,0.3456819932124723,0.023056805264185524,0.32262518794828676,-0.031819889016689765
correct_CP,O=[N+]([O-])c1ccccc1CSc1nc2ccccc2o1,10.0,0.4793832198112662,0.5221831560411225,0.2449571651257619,0.2772259909153606,-0.1672881960368963
correct_CP,O=[N+]([O-])c1cnc2ccccc2c1Sc1ccccc1,20.0,0.5279435288655594,0.5872896954159113,0.050257258171472814,0.5370324372444384,0.5574439047672481
correct_CP,O=c1c(O)c(-c2ccc(O)cc2)oc2cc(O)cc(O)c12,10.0,0.22474655379212463,0.2286496017265034,-0.04111485637837181,0.2697644581048752,0.2338722268013218
correct_CP,O=c1cc(CN2CCN(c3ccccc3)CC2)c2cc(O)c(-c3ccccc3)cc2o1,10.0,0.30196749853688554,0.31168309717830023,0.06923781468489354,0.2424452824934067,-0.11572146841153641
correct_CP,O=c1ccc2ccc(O)c(O)c2o1,10.0,0.01757952041496566,0.017581331673116974,0.12935212062388907,-0.1117707889507721,-0.12252303436998672
correct_CP,O=c1ccn(CCc2c[nH]c3ccccc23)c2c1CCCC2,10.0,-0.012727990589818735,-0.012728677975527566,-0.006700828928135097,-0.0060278490473924685,-0.34178226231007974
correct_CP,O=c1n(CCCN2CCN(c3cccc(Cl)c3)CC2)nc2ccccn12,10.0,0.21015604107280372,0.21333459211724204,-0.014914753634036007,0.22824934575127803,0.06757238998169403
correct_CP,OC(CN1CCC(Cc2ccc(F)cc2)CC1)c1ccc(Cl)cc1,10.0,0.46788362542860684,0.5073573585935114,0.32821446490621686,0.17914289368729452,-0.09714159531937142
correct_CP,OC1(c2ccc(F)cc2)CC2CCC(C1)N2Cc1nnnn1C1CCCCC1,10.0,0.25524890584487325,0.2610195512507003,0.006189804010033335,0.254829747240667,-0.11624657381723189
correct_CP,Oc1c(Br)cc(Br)c2cccnc12,10.0,0.08406808961797195,0.08426698253022852,-0.003776424493000691,0.08804340702322921,-0.3103406546573132
correct_CP,Oc1cc(CSc2nnc(COc3ccc(Cl)cc3)o2)c2ccccc2n1,10.0,-0.3735253169911744,-0.3925137872563007,0.0036478734003336927,-0.3961616606566344,0.07069120412876269
correct_CP,Oc1cc(O)c2c(c1)O[C@H](c1cc(O)c(O)c(O)c1)[C@H](O)C2,10.0,0.11993374428720664,0.12051380521605087,-0.014147298824900479,0.13466110404095136,-0.0012617284620703318
correct_CP,Oc1ccc(Cl)cc1Cc1cc(Cl)ccc1O,10.0,0.3904002680238575,0.4122721912889489,0.06457418796334924,0.34769800332559964,-0.16227119563051967
correct_CP,Oc1ccc2c(c1)OCC1(O)Cc3cc(O)c(O)cc3C21,10.0,0.11978314964824224,0.12036101559383978,0.32922535199477476,-0.208864336400935,-0.1259423709473016
correct_CP,Oc1ccc2c3c1OC1c4[nH]c5ccccc5c4CC4(O)C(C2)N(CC2CC2)CCC314,10.0,0.5343432692590324,0.5962044987433354,0.3921940429385649,0.20401045580477045,-0.20221504383109576
correct_CP,Oc1nc2ccc(Br)cc2c(-c2ccccc2)c1N1CCOCC1,10.0,-0.07006364787975428,-0.07017863223086254,-0.06910488707806096,-0.001073745152801578,0.23854328500172034
correct_CP,Sc1nnc(-c2cc(-c3ccccc3)[nH]n2)n1N=Cc1c(Cl)cccc1Cl,10.0,0.24997858292101524,0.2553899671292124,-0.11943640993590648,0.3748263770651189,-0.17562157540271278
correct_CP,Sc1nnc(-c2ccccc2)n1N=Cc1cccc(Br)c1,10.0,0.405746645726677,0.43050905514326654,0.02892545425018292,0.40158360089308365,-0.2255108125247784
correct_CP,[C-]#[N+]C(C#N)=Cc1cc(C(C)(C)C)c(O)c(C(C)(C)C)c1,10.0,0.43530170868692186,0.46641938260370175,-0.049571240032459996,0.5159906226361617,0.3802120190100085
correct_CP,[O-][N+]c1ccc(O)c2ncccc12,10.0,0.5321187686280742,0.59309619395965,-0.0008809126350406149,0.5939771065946906,0.9479203875047016
correct_CP,c1ccc(-c2cnc(-c3ccccn3)nn2)cc1,20.0,-0.04265825035981535,-0.04268415409536352,0.23626981010183337,-0.27895396419719687,0.3422718290770961
correct_CP,c1ccc(-c2nnc(-c3ccncc3)nc2-c2ccccc2)cc1,20.0,0.6621578696448821,0.7966466211201905,-0.04125112707692606,0.8378977481971165,0.060931091681743835
correct_CP,c1ccc(CC(c2ccccc2)N2CCCCC2)cc1,10.0,0.020229384723991765,0.020232144878669527,-0.0039011063758235907,0.024133251254493115,0.07035684463792927
correct_CP,c1ccc(CCCCN2CCC(c3ccccc3)CC2)cc1,10.0,0.3715591879728998,0.39023080744283256,0.1070118396802629,0.28321896776256966,0.17501461034392457
correct_CP,c1ccc(CCc2nn3c(Cn4nnc5ccccc54)nnc3s2)cc1,10.0,0.2954248590804524,0.304499506339125,0.06397327811160924,0.24052622822751574,0.14068799405084906
correct_CP,c1ccc(CNc2ncnc3ccccc23)cc1,10.0,0.13598716996054627,0.1368348434460004,0.006367717965332191,0.1304671254806682,0.12859015144220373
correct_CP,c1ccc(N2CCN(CC3CCCCC3)CC2)cc1,10.0,0.4550189726098384,0.49101161859291237,0.13205123054889709,0.3589603880440153,0.2964109945316321
correct_CP,c1ccc(OCCOc2nc3ccccc3nc2N2CCOCC2)cc1,10.0,0.4609064106480907,0.4984615801406371,0.0867427302536185,0.41171884988701857,0.09875800916118091
correct_CP,c1ccc2c(Nc3nnc(-c4ccncc4)s3)cccc2c1,20.0,-0.2807153687783557,-0.288458466154344,-0.017988241133138294,-0.2704702250212057,-0.10734354192347784
correct_CP,c1ccc2c(c1)cc1ccc3cccc4ccc2c1c34,10.0,-0.4849608148080241,-0.5294503390166824,0.001076129396392185,-0.5305264684130746,0.03696070229948392
correct_CP,c1ccc2nc(C3=NCCN3)ccc2c1,10.0,0.19222637504178902,0.19464794470304386,0.036684013949528776,0.15796393075351509,-0.06284085619508485
correct_CP,c1ccc2oc(C3=NCCN3)cc2c1,10.0,0.7384831588671953,0.9471347903846432,-0.023219838662591297,0.9703546290472345,-0.27799504811286757
correct_CP,c1csc(-c2ncc3ccccn23)c1,10.0,-0.05834283285828624,-0.058409165838520606,-0.05080242512828048,-0.007606740710240124,0.14401083558730376
correct_CP,c1nc(CCCC2CCNCC2)c[nH]1,10.0,0.07646712936265342,0.07661669452923991,-0.0071856856820031465,0.08380238021124306,-0.03323437744714415
