method,canonical_compound,dose,raw_pcc,model_z,null_z,model_excess_z,replicate_excess_z
frozen_GE_teacher,Brc1c(CSc2nc3ccccc3s2)nc2ncccn12,10.0,0.18015592279123335,0.18214383712839716,0.14088572103646188,0.041258116091935276,0.04130733543018167
frozen_GE_teacher,Brc1c(NC2=NCCN2)ccc2nccnc12,10.0,-0.004856303544890454,-0.004856341721940267,-0.04915422468809633,0.04429788296615607,0.2673743908402419
frozen_GE_teacher,C#C[C@]1(O)CC[C@H]2[C@@H]3CCC4=CC(=O)CC[C@@H]4[C@H]3CC[C@@]21CC,6.40111,0.020095920517882344,0.020098626392749605,0.08842517120417129,-0.06832654481142168,-0.034064735354373626
frozen_GE_teacher,C/C(=N\NC(=O)C1CCCC1)c1ccc(NC(=O)C(F)(F)F)cc1,20.0,-0.006981364565593738,-0.006981477991536594,0.01943645274173276,-0.026417930733269354,-0.1599772368542935
frozen_GE_teacher,C/C(C=NNC(=O)c1cc(-c2cccnc2)nc2c1c(C)nn2-c1ccccc1)=C\c1ccccc1,10.0,0.5359562892354721,0.5984648518752467,0.13088454729129387,0.46758030458395283,0.101250777903715
frozen_GE_teacher,C/C=C/c1ccc([C@@H]2[C@@H](CO)N(C(=O)CN3CCOCC3)[C@H]2C#N)cc1,10.1372,-0.10547141327689494,-0.10586514028078775,0.0061811659473367045,-0.11204630622812445,-0.04076097741638853
frozen_GE_teacher,C/C=C/c1ccc([C@H]2[C@@H](C#N)N(C(=O)CN3CCOCC3)[C@H]2CO)cc1,10.1059,0.2750158912711283,0.28228209281856287,0.015614623395746086,0.26666746942281677,-0.04460109953314169
frozen_GE_teacher,C/C=C/c1ccc2c(c1)O[C@@H](CN(C)C(=O)Cc1cccnc1)[C@H](C)CN([C@H](C)CO)S2(=O)=O,10.0786,0.08472437772826531,0.08492797875879954,0.030781081567308192,0.05414689719149135,-0.019571110057784124
frozen_GE_teacher,C/C=C/c1ccc2c(c1)O[C@@H](CN(C)C(=O)Nc1cccc(F)c1)[C@H](C)CN([C@H](C)CO)S2(=O)=O,10.0765,0.07117310040976955,0.07129364539776958,-0.03583516229305702,0.10712880769082661,0.08451668983640073
frozen_GE_teacher,C/C=C/c1ccc2c(c1)O[C@@H](CN(C)C(=O)c1ccccc1)[C@@H](C)CN([C@@H](C)CO)S2(=O)=O,10.0279,-0.004274199899148608,-0.004274225927579932,-0.054303779817502805,0.050029553889922876,0.059177625233745014
frozen_GE_teacher,C/C=C/c1ccc2c(c1)O[C@@H](CN(C)CC1CCOCC1)[C@H](C)CN([C@@H](C)CO)S2(=O)=O,10.1002,0.34012100261125694,0.35422935420096274,0.0001959785710660203,0.35403337562989673,0.08907115859304118
frozen_GE_teacher,C/C=C/c1ccc2c(c1)O[C@@H](CN(C)Cc1ccccn1)[C@H](C)CN([C@@H](C)CO)S2(=O)=O,10.1091,0.003323177171259712,0.0033231894045170143,0.03518687721147833,-0.03186368780696132,-0.0158488858364108
frozen_GE_teacher,C/C=C/c1ccc2c(c1)O[C@@H](CNC)[C@H](C)CN([C@@H](C)CO)S2(=O)=O,9.99997,0.02178058322124753,0.02178402839317478,0.001638854936170369,0.020145173457004412,0.00040193683976760515
frozen_GE_teacher,C/C=C/c1ccc2c(c1)O[C@H](CN(C)C(=O)Cc1cccnc1)[C@@H](C)CN([C@@H](C)CO)S2(=O)=O,10.0396,0.00825601262428525,0.008256200213364713,-0.011153475763658499,0.019409675977023214,-0.12818769097432256
frozen_GE_teacher,C/C=C/c1ccc2c(c1)O[C@H](CN(C)C(=O)Cc1cccnc1)[C@H](C)CN([C@@H](C)CO)S2(=O)=O,9.95401,0.08080183025094279,0.08097837233451183,0.04767581041880124,0.033302561915710585,0.02206812707284378
frozen_GE_teacher,C/C=C/c1ccc2c(c1)O[C@H](CN(C)C(=O)NCCC)[C@@H](C)CN([C@H](C)CO)S2(=O)=O,10.1028,-0.014643998691613452,-0.014645045612042013,0.11330092828876098,-0.127945973900803,0.0816362058792281
frozen_GE_teacher,C/C=C/c1ccc2c(c1)O[C@H](CN(C)C(=O)c1cnccn1)[C@@H](C)CN([C@@H](C)CO)S2(=O)=O,10.0232,0.2656580069958369,0.2721862894652546,0.06718902861632403,0.20499726084893055,0.3766998642721258
frozen_GE_teacher,C/C=C/c1ccc2c(c1)O[C@H](CN(C)CC1CCOCC1)[C@H](C)CN([C@@H](C)CO)S2(=O)=O,10.0059,-0.04536550488348231,-0.045396664544421116,-0.04356752701336472,-0.0018291375310563948,0.02994025666688855
frozen_GE_teacher,C/C=C/c1ccc2c(c1)O[C@H](CN(C)Cc1ccc(C(=O)O)cc1)[C@@H](C)CN([C@@H](C)CO)S2(=O)=O,10.0737,0.3389570343108485,0.3529137092506144,0.13698722230744104,0.21592648694317335,0.37634597651488794
frozen_GE_teacher,C/C=C/c1ccc2c(c1)O[C@H](CN(C)Cc1ccc(C(=O)O)cc1)[C@H](C)CN([C@@H](C)CO)S2(=O)=O,10.0799,0.2649767470485968,0.2714534419159623,-0.047061141587008956,0.3185145835029713,-0.08583280136069661
frozen_GE_teacher,C/C=C/c1ccc2c(c1)O[C@H](CN(C)Cc1ccccn1)[C@@H](C)CN([C@@H](C)CO)S2(=O)=O,10.0171,0.039278259709785976,0.03929847768815495,-0.03384010045178913,0.07313857813994408,-0.1228507589690928
frozen_GE_teacher,C/C=C/c1ccc2c(c1)O[C@H](CN(C)Cc1ccccn1)[C@@H](C)CN([C@H](C)CO)S2(=O)=O,10.0533,0.2710637570333162,0.27801158142251914,-0.08497858262807895,0.3629901640505981,-0.04615681048703957
frozen_GE_teacher,C/C=C/c1ccc2c(c1)O[C@H](CN(C)Cc1ccccn1)[C@H](C)CN([C@H](C)CO)S2(=O)=O,9.99822,0.0969780799168501,0.09728382518840213,-0.032816893598590635,0.13010071878699275,0.03386252123215474
frozen_GE_teacher,C/C=C/c1ccc2c(c1)O[C@H](CN(C)S(=O)(=O)c1ccc(F)cc1)[C@H](C)CN([C@@H](C)CO)S2(=O)=O,10.0868,0.7852697626825148,1.0589711400898754,0.209356304677665,0.8496148354122104,0.007486286155284988
frozen_GE_teacher,C/C=C/c1ccc2c(c1)O[C@H](CN(C)S(=O)(=O)c1ccc(F)cc1)[C@H](C)CN([C@H](C)CO)S2(=O)=O,10.0374,0.046600723320230894,0.0466345004780981,-0.022806285970183724,0.06944078644828182,-0.02154290706759254
frozen_GE_teacher,C/C=C/c1ccc2n(c1=O)C[C@@H]1[C@@H](CO)[C@H](C(=O)NC3CCC3)[C@H]2N1S(=O)(=O)c1cn(C)cn1.C/C=C\c1ccc2n(c1=O)C[C@@H]1[C@@H](CO)[C@H](C(=O)NC3CCC3)[C@H]2N1S(=O)(=O)c1cn(C)cn1,9.98965,0.41858223814390894,0.44597184509484566,-0.020454952970049227,0.4664267980648949,-0.22305065364640955
frozen_GE_teacher,C/C=C/c1ccc2n(c1=O)C[C@@H]1[C@@H](CO)[C@H](C(=O)NCC3CC3)[C@H]2N1Cc1ccccc1OC.C/C=C\c1ccc2n(c1=O)C[C@@H]1[C@@H](CO)[C@H](C(=O)NCC3CC3)[C@H]2N1Cc1ccccc1OC,10.0236,-0.17077703281162962,-0.17246692988834353,0.09212710875141472,-0.2645940386397583,-0.34553020476521434
frozen_GE_teacher,C/C=C/c1ccc2n(c1=O)C[C@@H]1[C@@H](CO)[C@H](C(=O)NCC3CCCCC3)[C@H]2N1C(C)=O.C/C=C\c1ccc2n(c1=O)C[C@@H]1[C@@H](CO)[C@H](C(=O)NCC3CCCCC3)[C@H]2N1C(C)=O,10.0122,-0.21874947893776248,-0.22234236338183322,0.05193705138171716,-0.2742794147635504,0.25600435388677373
frozen_GE_teacher,C/C=C/c1ccc2n(c1=O)C[C@@H]1[C@@H](CO)[C@H](C(=O)NCCCN(C)C)[C@H]2N1C(=O)c1ccccc1F.C/C=C\c1ccc2n(c1=O)C[C@@H]1[C@@H](CO)[C@H](C(=O)NCCCN(C)C)[C@H]2N1C(=O)c1ccccc1F,10.0023,0.1927961262512764,0.19523962390641364,-0.004183231364407156,0.1994228552708208,0.10983747332831215
frozen_GE_teacher,C/C=C/c1ccc2n(c1=O)C[C@@H]1[C@@H](CO)[C@H](C(=O)NCCc3cn(C)cn3)[C@H]2N1C(=O)CC.C/C=C\c1ccc2n(c1=O)C[C@@H]1[C@@H](CO)[C@H](C(=O)NCCc3cn(C)cn3)[C@H]2N1C(=O)CC,10.03,-0.1504224982899794,-0.1515726873023105,0.04577641706830809,-0.1973491043706186,-0.17540761766550295
frozen_GE_teacher,C/C=C/c1ccc2n(c1=O)C[C@@H]1[C@@H](CO)[C@H](C(=O)NCc3cc(F)cc(F)c3)[C@H]2N1S(C)(=O)=O.C/C=C\c1ccc2n(c1=O)C[C@@H]1[C@@H](CO)[C@H](C(=O)NCc3cc(F)cc(F)c3)[C@H]2N1S(C)(=O)=O,9.98674,0.38281316485402617,0.403351719068752,0.023085866949855677,0.3802658521188963,-0.09530651663681153
frozen_GE_teacher,C/C=C/c1ccc2n(c1=O)C[C@@H]1[C@@H](CO)[C@H](C(=O)NCc3ccc(F)cc3)[C@H]2N1CCC.C/C=C\c1ccc2n(c1=O)C[C@@H]1[C@@H](CO)[C@H](C(=O)NCc3ccc(F)cc3)[C@H]2N1CCC,10.0363,-0.27438587483828347,-0.2816006546388484,0.022673772409870924,-0.3042744270487193,0.02236605654031361
frozen_GE_teacher,C/C=C/c1ccc2n(c1=O)C[C@@H]1[C@@H](CO)[C@H](C(=O)NCc3ccncn3)N(C(=O)NC3CCCC3)[C@H]21.C/C=C\c1ccc2n(c1=O)C[C@@H]1[C@@H](CO)[C@H](C(=O)NCc3ccncn3)N(C(=O)NC3CCCC3)[C@H]21,10.0758,0.1858933781654415,0.18808016633524827,-0.009425429541770525,0.1975055958770188,-0.01093284781404062
frozen_GE_teacher,C/C=C/c1ccc2n(c1=O)C[C@@H]1[C@@H](CO)[C@H](C(=O)N[C@@H](C)c3ccccc3)N(C(=O)c3cnccn3)[C@H]21.C/C=C\c1ccc2n(c1=O)C[C@@H]1[C@@H](CO)[C@H](C(=O)N[C@@H](C)c3ccccc3)N(C(=O)c3cnccn3)[C@H]21,10.0434,0.40599402957375047,0.43080522771773105,-0.0863305968336642,0.5171358245513953,-0.0362519111488661
frozen_GE_teacher,C/C=C/c1ccc2n(c1=O)C[C@@H]1[C@@H](CO)[C@H](C(=O)O)[C@H]2N1S(=O)(=O)c1ccccc1F.C/C=C\c1ccc2n(c1=O)C[C@@H]1[C@@H](CO)[C@H](C(=O)O)[C@H]2N1S(=O)(=O)c1ccccc1F,9.94431,0.11240648239119094,0.11288353099160159,0.0068921730406455856,0.105991357950956,-0.022717547998201724
frozen_GE_teacher,C/C=C/c1ccc2n(c1=O)C[C@H]1[C@H](CO)[C@@H](C(=O)N(C)C)[C@@H]2N1CCc1ccccc1.C/C=C\c1ccc2n(c1=O)C[C@H]1[C@H](CO)[C@@H](C(=O)N(C)C)[C@@H]2N1CCc1ccccc1,9.83879,0.1145499416980504,0.11505495323892477,-0.03764981878600118,0.15270477202492594,-0.2743128580993468
frozen_GE_teacher,C/C=C/c1ccc2n(c1=O)C[C@H]1[C@H](CO)[C@@H](C(=O)N3CCCCC3)[C@@H]2N1C(=O)C1CCC1.C/C=C\c1ccc2n(c1=O)C[C@H]1[C@H](CO)[C@@H](C(=O)N3CCCCC3)[C@@H]2N1C(=O)C1CCC1,9.94315,-0.0798069732401517,-0.07997705796595413,-0.023427165157865852,-0.056549892808088274,-0.12521598936569314
frozen_GE_teacher,C/C=C/c1ccc2n(c1=O)C[C@H]1[C@H](CO)[C@@H](C(=O)N3CCCCC3)[C@@H]2N1Cc1ccccn1.C/C=C\c1ccc2n(c1=O)C[C@H]1[C@H](CO)[C@@H](C(=O)N3CCCCC3)[C@@H]2N1Cc1ccccn1,10.0521,-0.27801497124986624,-0.28552947329358835,-0.002781606268114978,-0.2827478670254734,0.2508785156377786
frozen_GE_teacher,C/C=C/c1ccc2n(c1=O)C[C@H]1[C@H](CO)[C@@H](C(=O)N3CCc4ccccc4C3)N(C(=O)C3CC3)[C@@H]21.C/C=C\c1ccc2n(c1=O)C[C@H]1[C@H](CO)[C@@H](C(=O)N3CCc4ccccc4C3)N(C(=O)C3CC3)[C@@H]21,10.0466,-0.14330534532495057,-0.14429860618512375,-0.04804208757294506,-0.09625651861217868,0.2823028773453142
frozen_GE_teacher,C/C=C/c1ccc2n(c1=O)C[C@H]1[C@H](CO)[C@@H](C(=O)NC3CCC3)[C@@H]2N1S(=O)(=O)c1cn(C)cn1.C/C=C\c1ccc2n(c1=O)C[C@H]1[C@H](CO)[C@@H](C(=O)NC3CCC3)[C@@H]2N1S(=O)(=O)c1cn(C)cn1,10.0274,0.17776029792156806,0.1796689501759055,-0.10436453969473987,0.28403348987064536,0.08149209677030692
frozen_GE_teacher,C/C=C/c1ccc2n(c1=O)C[C@H]1[C@H](CO)[C@@H](C(=O)NCC(F)(F)F)N(C(=O)c3cccnc3)[C@@H]21.C/C=C\c1ccc2n(c1=O)C[C@H]1[C@H](CO)[C@@H](C(=O)NCC(F)(F)F)N(C(=O)c3cccnc3)[C@@H]21,10.1379,-0.08763844833078228,-0.08786385696121331,0.056069459115969944,-0.14393331607718324,-0.01854456917104033
frozen_GE_teacher,C/C=C/c1ccc2n(c1=O)C[C@H]1[C@H](CO)[C@@H](C(=O)NCCOC)[C@@H]2N1Cc1nccs1.C/C=C\c1ccc2n(c1=O)C[C@H]1[C@H](CO)[C@@H](C(=O)NCCOC)[C@@H]2N1Cc1nccs1,10.1001,-0.1724953968688111,-0.17423745223460962,-0.10062045523869702,-0.0736169969959126,0.13521883865835288
frozen_GE_teacher,C/C=C/c1ccc2n(c1=O)C[C@H]1[C@H](CO)[C@@H](C(=O)NCc3ccc(F)cc3)[C@@H]2N1CCC.C/C=C\c1ccc2n(c1=O)C[C@H]1[C@H](CO)[C@@H](C(=O)NCc3ccc(F)cc3)[C@@H]2N1CCC,10.0693,0.26887412161453395,0.2756498113351529,0.09230268067207834,0.18334713066307454,0.05835152360063714
frozen_GE_teacher,C/C=C/c1ccc2n(c1=O)C[C@H]1[C@H](CO)[C@@H](C(=O)NCc3ccc4c(c3)OCO4)[C@@H]2N1C(=O)COC.C/C=C\c1ccc2n(c1=O)C[C@H]1[C@H](CO)[C@@H](C(=O)NCc3ccc4c(c3)OCO4)[C@@H]2N1C(=O)COC,9.95689,0.19664746977216027,0.1992427583160824,-0.015958406158052822,0.21520116447413523,-0.10888598873541172
frozen_GE_teacher,C/C=C/c1ccc2n(c1=O)C[C@H]1[C@H](CO)[C@@H](C(=O)Nc3ccc(-c4ccccc4)cc3)[C@@H]2N1C(=O)CC.C/C=C\c1ccc2n(c1=O)C[C@H]1[C@H](CO)[C@@H](C(=O)Nc3ccc(-c4ccccc4)cc3)[C@@H]2N1C(=O)CC,10.0346,0.3018974795053843,0.31160605470632197,-0.045786801721434484,0.3573928564277564,0.3710068234608709
frozen_GE_teacher,C/C=C/c1ccc2n(c1=O)C[C@H]1[C@H](CO)[C@@H](C(=O)Nc3nccs3)N(Cc3cc(F)ccc3F)[C@@H]21.C/C=C\c1ccc2n(c1=O)C[C@H]1[C@H](CO)[C@@H](C(=O)Nc3nccs3)N(Cc3cc(F)ccc3F)[C@@H]21,10.0951,0.03737983902860587,0.03739726332813179,-0.06569853649038956,0.10309579981852135,0.0678262058620425
frozen_GE_teacher,C/C=C/c1ccc2n(c1=O)C[C@H]1[C@H](CO)[C@@H](C(=O)OC)N(CCc3ccccc3)[C@@H]21.C/C=C\c1ccc2n(c1=O)C[C@H]1[C@H](CO)[C@@H](C(=O)OC)N(CCc3ccccc3)[C@@H]21,9.99932,-0.49422821781516046,-0.5416397830330212,0.03686379295550618,-0.5785035759885273,-0.0379683700992676
frozen_GE_teacher,C/C=C/c1cnc2c(c1)C(=O)N([C@@H](C)CO)C[C@@H](C)[C@@H](CN(C)C(=O)C1CCOCC1)O2,10.0771,0.10820523230406213,0.10863052640850285,-0.02357979369344286,0.13221032010194572,0.16508521535112936
frozen_GE_teacher,C/C=C/c1cnc2c(c1)C(=O)N([C@@H](C)CO)C[C@@H](C)[C@H](CN(C)C(=O)c1cnccn1)O2,10.0726,0.016502413999262753,0.01650391227639302,0.013662906873050513,0.002841005403342506,-0.16221106736229157
frozen_GE_teacher,C/C=C/c1cnc2c(c1)C(=O)N([C@@H](C)CO)C[C@@H](C)[C@H](CN(C)S(=O)(=O)c1cn(C)cn1)O2,10.0895,0.04271522769152858,0.04274123543830021,0.010195277036806852,0.03254595840149336,-0.19963126090707045
frozen_GE_teacher,C/C=C/c1cnc2c(c1)C(=O)N([C@@H](C)CO)C[C@H](C)[C@@H](CN(C)C(=O)CCN1CCCCC1)O2,10.0604,0.18732267124713284,0.18956102705926214,0.014531061620721715,0.17502996543854044,-0.05617316398580214
frozen_GE_teacher,C/C=C/c1cnc2c(c1)C(=O)N([C@@H](C)CO)C[C@H](C)[C@@H](CN(C)S(=O)(=O)c1ccccc1F)O2,9.993701,0.3692167892799135,0.38751596490406093,0.034328129437803744,0.3531878354662572,0.15148972349319792
frozen_GE_teacher,C/C=C/c1cnc2c(c1)C(=O)N([C@@H](C)CO)C[C@H](C)[C@@H](CN(C)S(=O)(=O)c1cn(C)cn1)O2,10.0224,0.8786435501506922,1.369786598985469,0.7022375782691102,0.6675490207163588,0.5265685638553246
frozen_GE_teacher,C/C=C/c1cnc2c(c1)C(=O)N([C@@H](C)CO)C[C@H](C)[C@H](CN(C)C(=O)c1cnccn1)O2,10.0676,0.032230947755983175,0.03224211558577729,-0.020025505072202843,0.05226762065798013,0.04754988788700304
frozen_GE_teacher,C/C=C/c1cnc2c(c1)C(=O)N([C@H](C)CO)C[C@@H](C)[C@@H](CN(C)Cc1cccc(C(=O)O)c1)O2,10.0204,0.05091970568121798,0.050963782754930624,0.03999721029875479,0.010966572456175834,-0.033509458230355456
frozen_GE_teacher,C/C=C/c1cnc2c(c1)C(=O)N([C@H](C)CO)C[C@@H](C)[C@H](CN(C)C(=O)c1cnccn1)O2,10.018,-0.16763514233226914,-0.16923243045124126,0.01700650591124796,-0.18623893636248923,-0.023164463037871022
frozen_GE_teacher,C/C=C/c1cnc2c(c1)C(=O)N([C@H](C)CO)C[C@H](C)[C@@H](CN(C)C(=O)Nc1ccc(F)cc1)O2,10.0195,-0.08345400343644034,-0.08364855751264554,0.039253939536718276,-0.12290249704936382,-0.2158085019539879
frozen_GE_teacher,C/C=C/c1cnc2c(c1)C(=O)N([C@H](C)CO)C[C@H](C)[C@@H](CN(C)Cc1cccc(C(=O)O)c1)O2,10.2193,-0.021579404150668526,-0.02158275471883529,0.05780518673025344,-0.07938794144908873,-0.06494729215076532
frozen_GE_teacher,C=C(C)[C@H]1CC=C(C(=O)O)CC1,10.0,0.6541099465168092,0.7824486932098236,0.037346460455023454,0.7451022327548001,-0.17800376267169984
frozen_GE_teacher,C=C(C)[C@H]1Cc2c(ccc3c2O[C@@H]2COc4cc(OC)c(OC)cc4[C@@H]2C3=O)O1,10.0,-0.09716227812942016,-0.09746977554096498,0.006136507443603314,-0.1036062829845683,-0.17046208629296314
frozen_GE_teacher,C=C1CCC(C2CC(=O)OC2=O)C(=O)CCC2C1CC2(C)C,10.0,0.18976005487946682,0.19208824943809244,0.24663050586045185,-0.05454225642235941,-0.0946144490129246
frozen_GE_teacher,C=C1CC[C@]2(O)[C@]3(C)C[C@@]4(O)O[C@@]2([C@@H]1O)[C@]1(O)[C@@]3(O)[C@H]([C@H](OO)c2ccc[nH]2)[C@](C)(C(C)C)[C@@]14C,10.0,0.5030663554823644,0.5534030161615792,-0.03529192877396237,0.5886949449355415,0.0023330447546897615
frozen_GE_teacher,C=CC1=C(C(=O)O)N2C(=O)[C@@H](NC(=O)/C(=N\O)c3csc(N)n3)[C@H]2SC1,10.0,0.2597549930568223,0.26584565460958026,-0.04813964880700634,0.3139853034165866,-0.10576470379987513
frozen_GE_teacher,C=CCN1C[C@H](C)N([C@@H](c2ccccc2)c2ccc(C(=O)N(CC)CC)cc2)C[C@H]1C,10.0,0.4246753466270123,0.4533823718968012,0.021647900310956147,0.43173447158584505,0.20936709739191378
frozen_GE_teacher,C=CCN1C[C@H](C)N([C@H](c2ccc(C(=O)N(CC)CC)cc2)c2cccc(O)c2)C[C@H]1C,10.0,0.2619619159438343,0.26821371871205235,0.006616901157228745,0.2615968175548236,0.09740914900723546
frozen_GE_teacher,C=CCN=C(S)N1CCN(c2ccc([N+](=O)[O-])cc2)CC1,10.0,0.5845523400978234,0.6693502868682991,-0.008323508040273882,0.677673794908573,-0.33949718075820373
frozen_GE_teacher,C=CCc1cccc(C=NNC(=O)CCCNc2ccc(C)cc2)c1O,10.0,-0.021043992116785797,-0.021047099383652047,0.009303195999132409,-0.030350295382784456,0.18883177366676865
frozen_GE_teacher,C=CCn1c(CCC(=O)O)ccc1-c1ccc(OC)cc1,10.0,0.03977703880669021,0.0397980373249698,0.15730860404040714,-0.11751056671543733,0.038271747474657586
frozen_GE_teacher,CC(/C=C/c1ccco1)=NNC(=O)c1cc(Cl)ccc1O,10.0,0.3783725511558334,0.39815890750488925,0.058241411404217736,0.3399174961006715,0.26280602246469187
frozen_GE_teacher,CC(=Cc1ccc(C(=O)O)cc1)c1ccc2c(c1)C(C)(C)CCC2(C)C,10.0,0.2261574687829287,0.23013607224613597,-0.0026522611000045666,0.23278833334614055,0.07280021426898733
frozen_GE_teacher,CC(=NNC(=O)c1ccc(CN2CCc3ccccc3C2)cc1)c1ccccc1O,10.0,0.5061005259678826,0.5574735769123441,-0.04831991854108129,0.6057934954534254,0.02657213119933822
frozen_GE_teacher,CC(=O)/C=C(/C)NC(Cc1c[nH]c2ccccc12)C(=O)O,10.0,0.3465307216963782,0.36149560350441867,0.12510153351975284,0.23639406998466583,0.033828945463667964
frozen_GE_teacher,CC(=O)/C=C/c1ccc2ccccc2n1,10.0,0.35343395558931157,0.3693624813645383,-0.10894797211890206,0.47831045348344037,0.42311360453219166
frozen_GE_teacher,CC(=O)/C=C\[C@@H]1[C@@]2(C)CCCC(C)(C)C2CC[C@@]1(C)O,10.0,0.6207345464291099,0.726199192034608,0.3386616174382826,0.38753757459632543,0.1274169585329264
frozen_GE_teacher,CC(=O)N(C)C[C@@H]1OCc2ccccc2-c2c(n(C)c3ccccc23)C(=O)N([C@H](C)CO)C[C@H]1C,9.78501,0.2893696716812724,0.2978781943923176,0.10559108556412158,0.19228710882819602,-0.07287097198959072
frozen_GE_teacher,CC(=O)N(C)C[C@@H]1OCc2ccccc2-c2ccccc2C(=O)N([C@@H](C)CO)C[C@H]1C,9.76582,0.3674996735020714,0.38552927936848314,-0.03472122172315111,0.42025050109163425,-0.16006973288195048
frozen_GE_teacher,CC(=O)N(C)C[C@@H]1Oc2cc(C#Cc3ccc(F)cc3)ccc2S(=O)(=O)N([C@@H](C)CO)C[C@@H]1C,10.074,-0.14270053627212542,-0.14368117065340677,-0.16345576829687586,0.01977459764346909,0.1357135100272188
frozen_GE_teacher,CC(=O)N(C)C[C@@H]1Oc2cc(C#Cc3ccc(F)cc3)ccc2S(=O)(=O)N([C@H](C)CO)C[C@@H]1C,10.0443,-0.20896712745967913,-0.21209106763807156,0.030249507989749475,-0.24234057562782105,0.2693357636932773
frozen_GE_teacher,CC(=O)N(C)C[C@@H]1Oc2ncc(C#Cc3ccc(F)cc3)cc2C(=O)N([C@@H](C)CO)C[C@@H]1C,10.0062,0.10993291125482012,0.11037900583552308,0.024355828853199285,0.0860231769823238,0.23391880055388484
frozen_GE_teacher,CC(=O)N(C)C[C@H]1Oc2cc(C#Cc3ccc(F)cc3)ccc2S(=O)(=O)N([C@H](C)CO)C[C@@H]1C,10.0955,-0.2701541845559241,-0.27703013856605774,0.03298279581118527,-0.310012934377243,-0.08982610552984117
frozen_GE_teacher,CC(=O)N(C)C[C@H]1Oc2ncc(C#Cc3ccc(F)cc3)cc2C(=O)N([C@H](C)CO)C[C@@H]1C,10.0611,-0.03194320500498381,-0.03195407627313128,0.07787967629419726,-0.10983375256732854,0.049948741334459035
frozen_GE_teacher,CC(=O)N(C)c1ccc(NC(=O)Nc2ccc(C)c(C)c2)cc1,10.0,0.40479704649718923,0.4293728373666288,0.04669594365069188,0.38267689371593694,-0.00036888386961410335
frozen_GE_teacher,CC(=O)N1CCN(S(=O)(=O)c2cccc(C(=O)Nc3nc4ccccc4[nH]3)c2)CC1,20.0,-0.17787049151169673,-0.17978274166114322,0.07748940116305507,-0.2572721428241983,-0.31058760591276974
frozen_GE_teacher,CC(=O)N1[C@@H]2Cn3c(ccc(/C=C/c4ccccc4)c3=O)[C@H]1[C@@H](C(=O)N(C)C)[C@@H]2CO,10.0796,0.22273988368141698,0.22653718079423668,0.016499288083316466,0.21003789271092022,-0.03579337763401068
frozen_GE_teacher,CC(=O)N1[C@@H]2c3ccc(-c4cccc(F)c4)c(=O)n3C[C@@H]2[C@@H](CO)[C@@H]1C(=O)NCCCN(C)C,10.125,0.365268442728953,0.38295209228381344,-0.07264996812905002,0.45560206041286344,-0.06999455983464441
frozen_GE_teacher,CC(=O)N1[C@@H]2c3ccc(-c4cncnc4)c(=O)n3C[C@@H]2[C@@H](CO)[C@@H]1C(=O)NCc1ccccc1Cl,10.0251,-0.3113295324368818,-0.3220169657860895,-0.07812336373532829,-0.24389360205076122,0.01533474447272859
frozen_GE_teacher,CC(=O)N1[C@@H]2c3ccc(/C=C/c4ccccc4)c(=O)n3C[C@@H]2[C@@H](CO)[C@@H]1C(=O)Nc1nccs1,9.99873,-0.421799690848539,-0.4498791858987373,0.05706098974368726,-0.5069401756424246,0.014283534298439218
frozen_GE_teacher,CC(=O)N1[C@@H]2c3ccc(C4=CCCC4)c(=O)n3C[C@@H]2[C@@H](CO)[C@@H]1C(=O)Nc1ccccc1,9.97191,0.2687076582259425,0.27547038462793527,0.1214673621096388,0.15400302251829648,0.0842890522549217
frozen_GE_teacher,CC(=O)N1[C@H](C(=O)NCCCN(C)C)[C@@H](CO)[C@@H]2Cn3c(ccc(-c4cccc(F)c4)c3=O)[C@@H]21,9.9777,-0.27293826183078324,-0.280035851728023,-0.08888775460072587,-0.1911480971272971,-0.08185971966370606
frozen_GE_teacher,CC(=O)N1[C@H](C(=O)NCc2ccccc2F)[C@@H](CO)[C@@H]2Cn3c(cccc3=O)[C@@H]21,9.92312,-0.02169305263953113,-0.021696456434593003,-0.09075161743901833,0.06905516100442533,0.23348075179605934
frozen_GE_teacher,CC(=O)NC(Cc1c[nH]c2ccccc12)C(=O)OCc1cc(C(F)(F)F)cc(C(F)(F)F)c1,10.0,0.35381029614362863,0.36979260875869413,0.2982397444406514,0.07155286431804275,0.05960581463552206
frozen_GE_teacher,CC(=O)Nc1ccc(S(=O)(=O)Nc2ccc([N+](=O)[O-])cc2)cc1,10.0,0.1466323292102881,0.1476970142960996,0.0916791433805837,0.05601787091551591,0.0883505693144171
frozen_GE_teacher,CC(=O)Nc1ccc(S(=O)(=O)Nc2nc3ccccc3nc2Nc2ccc(O)c(C(=O)O)c2)cc1,10.0,0.04407699829150175,0.044105575606973646,0.07235189300889726,-0.028246317401923612,-0.0653404583901676
frozen_GE_teacher,CC(=O)Nc1cccc(C(=O)/C=C/c2ccc(F)cc2)c1,10.0,0.49419279425522117,0.5415929113428349,0.07586989701724989,0.46572301432558505,0.8280341412647051
frozen_GE_teacher,CC(=O)Nc1cccc(NC(=O)c2ccc(C(=O)Nc3cccc(NC(C)=O)c3)nc2)c1,10.0,0.3018783772526912,0.3115850369749044,0.19393136629489666,0.11765367068000776,0.17565427974609377
frozen_GE_teacher,CC(=O)Nc1nnc(S(N)(=O)=O)s1,10.0,0.2949513751768454,0.303980826744244,0.00813925184682739,0.2958415748974166,0.2987173660454593
frozen_GE_teacher,CC(=O)OCC(CCn1cnc2cnc(N)nc21)COC(C)=O,10.0,0.12976721410649467,0.1305030697091039,0.09074402575988519,0.039759043949218725,-0.23423546659601602
frozen_GE_teacher,CC(=O)O[C@@H]1C[C@@]2(C)C(CC[C@@H]2C(C)=O)C2CCC3=CC(=O)CC[C@]3(C)C21,10.0,0.046780193923037575,0.04681436318189293,-0.00312848801458831,0.04994285119648124,0.19304058003440838
frozen_GE_teacher,CC(=O)O[C@]1(C(C)=O)CCC2C3C=C(Cl)C4=CC(=O)[C@@H]5C[C@@H]5[C@]4(C)C3CC[C@@]21C,10.0,0.39744226452936154,0.4206077017494997,0.3128022154763025,0.10780548627319719,-0.05280868822554752
frozen_GE_teacher,CC(=O)O[C@]1(C(C)=O)CCC2C3C[C@H](C)C4=CC(=O)CC[C@]4(C)C3CC[C@@]21C,10.0,0.6101742466491963,0.7091989134248787,0.3321518271497231,0.37704708627515565,-0.4630337591705907
frozen_GE_teacher,CC(=O)Oc1ccc(C(c2ccc(OC(C)=O)cc2)c2ccccn2)cc1,10.0,-0.18114196175604777,-0.18316314016330718,-0.03682236231530548,-0.1463407778480017,0.09591287117067673
frozen_GE_teacher,CC(=O)Oc1ccc(NC(=O)C2CCCCC2)c(C(=O)O)c1,10.0,0.28629812158822787,0.2945291804268509,0.07128396129863088,0.22324521912822,-0.09095620909732771
frozen_GE_teacher,CC(=O)Oc1ccc2c(c1C(C)C)CCC1C(C)(C)CCC[C@]21C,10.0,-0.2365635680131418,-0.24113081638823763,-0.01029147927875403,-0.2308393371094836,0.26743197141491454
frozen_GE_teacher,CC(=O)[C@H]1CC[C@H]2[C@@H]3CC[C@H]4C[C@H](O)CC[C@]4(C)[C@H]3CC[C@]12C,10.0,0.04927131619118153,0.04931124574580717,-0.021926110192770208,0.07123735593857738,-0.16001333749486665
frozen_GE_teacher,CC(=O)c1c(C)[nH]c(C2=NN=C(NC(C)(C)C)SC2)c1C,10.0,-0.4415062137304719,-0.4741001674852911,0.050367578633393015,-0.5244677461186841,0.09906481209653441
frozen_GE_teacher,CC(=O)c1ccc(O)c(CC=C(C)C)c1,10.0,0.23848455708208097,0.2431666640345937,-0.07991710183223284,0.3230837658668265,-0.07487045723078974
frozen_GE_teacher,CC(=O)c1ccc(OCc2ccc(Oc3c(Cl)cccc3[N+](=O)[O-])cc2)cc1,10.0,-0.07269175851603965,-0.0728202026295556,0.09659990354807405,-0.16942010617762965,0.06471321786425929
frozen_GE_teacher,CC(=O)c1cccc(NS(=O)(=O)c2ccc(-c3cc(C)no3)s2)c1,10.0,-0.04846275167890956,-0.048500745725438554,0.049372452552188736,-0.09787319827762729,-0.32191469290765967
frozen_GE_teacher,CC(C(=O)O)c1cccc(C(=O)c2ccccc2)c1,10.0,0.3654742927368381,0.38318965617894996,-0.06694980240221111,0.45013945858116106,-0.227679886821735
frozen_GE_teacher,CC(C(=O)OC1CC2CCC(C1)N2C)c1ccc(Br)cc1,10.0,0.4470777802222262,0.48104206884921696,0.2798377677001338,0.20120430114908316,0.18545744933500508
frozen_GE_teacher,CC(C)(C)CC(C)(C)N=C(S)NC1CCN(Cc2ccccc2)CC1,10.0,0.371900726034974,0.3906271075067388,0.014870505563656666,0.37575660194308214,0.13880308538774438
frozen_GE_teacher,CC(C)(C)CCNc1nc(-c2ccccn2)nnc1-c1ccccc1,20.0,0.4196440505239529,0.4472599146172139,0.020531478699648074,0.4267284359175659,0.8447203596176829
frozen_GE_teacher,CC(C)(C)NCC(O)c1cc(Cl)c(N)c(Cl)c1,10.0,-0.37327892394015527,-0.3922274737568778,0.03770478962252358,-0.4299322633794014,-0.2371616705516715
frozen_GE_teacher,CC(C)(C)Nc1ncnc2c1cnn2-c1ccccc1,10.0,0.36238700591335526,0.3796310423530587,-0.04895918852973221,0.4285902308827909,0.07982662289721414
frozen_GE_teacher,CC(C)(C)OC(=O)NN=Cc1ccc(OC(=O)c2ccco2)cc1,10.0,0.3080787140317904,0.31842125429144935,0.013849786458331436,0.3045714678331179,-0.10729194306229647
frozen_GE_teacher,CC(C)(C)[C@@H]1CCC(=O)N(CC[C@H](Sc2ccccc2)c2ccccc2)CC1,10.0,0.35981808969761186,0.3766769206971713,0.10784007699610926,0.26883684370106203,-0.21681501181595808
frozen_GE_teacher,CC(C)(C)[S@@](=O)N1Cc2cc(C(=O)N3CCCCC3)nc(-c3cccc(-c4cccc(C#N)c4)c3)c2[C@H]1CCO,10.0083,0.20964799639560708,0.21280313189638572,-0.21651269073771512,0.42931582263410084,0.16843835588233103
frozen_GE_teacher,CC(C)(C)[S@@](=O)N1Cc2cc(C(=O)N3CCCCC3)nc(-c3cccc(-c4ccccc4F)c3)c2[C@H]1CCO,10.1202,0.1763617898255525,0.17822517869271026,-0.08148916169823864,0.2597143403909489,0.07364887422218418
frozen_GE_teacher,CC(C)(C)[S@@](=O)N1Cc2cc(C(=O)N3CCc4ccccc4C3)nc(-c3cccc(-c4ccncc4)c3)c2[C@H]1CCO,10.027,-0.19621363974248332,-0.19879151715474908,0.031376713855895695,-0.23016823101064476,-0.02365536830930672
frozen_GE_teacher,CC(C)(C)[S@@](=O)N1Cc2cc(C(=O)NC3CCC3)nc(-c3cccc(-c4ccccc4F)c3)c2[C@H]1CCO,10.0785,-0.0574395471342191,-0.05750284260950326,-0.09817905949298678,0.04067621688348352,0.029770347270028932
frozen_GE_teacher,CC(C)(C)[S@@](=O)N1Cc2cc(C(=O)NCc3ccc4c(c3)OCO4)nc(-c3cccc(-c4ccccc4)c3)c2[C@H]1CCO,9.84483,-0.2309363272674041,-0.23517831748981757,-0.11792790885717934,-0.11725040863263823,-0.17315207925755438
frozen_GE_teacher,CC(C)(C)[S@@](=O)N1Cc2cc(C(=O)NCc3ccccc3F)nc(-c3cccc(-c4ccncc4)c3)c2[C@H]1CCO,10.0185,0.5260561169726257,0.5846765303101349,-0.16420621578480588,0.7488827460949408,0.457884086257585
frozen_GE_teacher,CC(C)(C)[S@@](=O)N1Cc2cc(C(=O)N[C@H]3CCN(Cc4ccccc4)C3)nc(-c3cccc(-c4cccnc4)c3)c2[C@H]1CCO,10.1413,0.3639345207583677,0.381413659559459,-0.06976944833670744,0.45118310789616645,0.11234479242911091
frozen_GE_teacher,CC(C)(C)[S@](=O)N1Cc2cc(C(=O)NCCc3ccncc3)nc(-c3cccc(-c4ccncc4)c3)c2[C@@H]1CCO,10.5897,0.2667170647692471,0.2733261102996286,-0.2841565504646299,0.5574826607642585,0.2020499707543898
frozen_GE_teacher,CC(C)(C)[S@](=O)N1Cc2cc(C(=O)NCc3ccccc3F)nc(-c3cccc(-c4ccncc4)c3)c2[C@@H]1CCO,10.5212,0.13040106823534534,0.13114783449581713,-0.11546467950762421,0.24661251400344134,0.19664917738880822
frozen_GE_teacher,CC(C)(C)[S@](=O)N1Cc2cc(C(=O)NCc3ccccc3F)nc(-c3cccc(-c4cncnc4)c3)c2[C@@H]1CCO,10.5048,0.5249870429773482,0.5831995554960457,-0.320181418367585,0.9033809738636307,0.37438106718827074
frozen_GE_teacher,CC(C)(C)c1ccc(C(=O)Nc2cccc3c(=O)[nH][nH]c(=O)c23)cc1,10.0,0.671667589086618,0.8137752102125948,-0.07259819059628914,0.8863734008088839,-0.2754061184012426
frozen_GE_teacher,CC(C)(C)c1ccc(C=CC(=O)Nc2ccc3c(c2)OCCO3)cc1,10.0,0.28248689791258225,0.29038257636205395,0.10856009401581194,0.181822482346242,0.07367790437123191
frozen_GE_teacher,CC(C)(C)c1ccc(Cn2cnc(-c3ccc([N+](=O)[O-])cc3)c2)cc1,10.0,0.2236177084516868,0.22746102098445276,0.07569245971518984,0.1517685612692629,-0.30819786509508035
frozen_GE_teacher,CC(C)(C)c1ccc(NC(=O)COc2ccc(-n3ccnc3)cc2)cc1,10.0,0.21617397023448054,0.21963901250123055,0.10265022797018863,0.11698878453104192,0.14760781878629603
frozen_GE_teacher,CC(C)(C)c1ccc2c(c1)OC(C(=O)NN=Cc1ccccn1)CO2,20.0,0.45494232402662627,0.49091496121883904,0.09320210100221271,0.39771286021662633,0.22094587433481017
frozen_GE_teacher,CC(C)(O)/C=C/C(=O)[C@](C)(O)C1[C@H](O)C[C@@]2(C)[C@@H]3CC=C4C(CC(=O)C(=O)C4(C)C)[C@]3(C)C(=O)C[C@@]12C,10.0,0.5145757262913736,0.5689336651937262,0.017914865218945815,0.5510187999747804,0.5571934941077612
frozen_GE_teacher,CC(C)(Oc1ccc(Cl)cc1)C(=O)O,10.0,0.6978342776673586,0.8630665736242792,-0.002462639879148963,0.8655292135034282,0.08986099060150231
frozen_GE_teacher,CC(C)(c1ccc(NS(=O)(=O)C(F)(F)F)cc1)c1ccc(C(C)(C)c2cccc(NS(=O)(=O)C(F)(F)F)c2)cc1,10.0,-0.03204313626041691,-0.03205410991938374,-0.0040138058850257945,-0.028040304034357946,-0.1363927509560705
frozen_GE_teacher,CC(C)C#Cc1ccc2c(c1)O[C@@H](CN(C)C(=O)Nc1ccccc1)[C@H](C)CN([C@H](C)CO)S2(=O)=O,10.0264,0.3973912230670186,0.4205470867499711,-0.027923844876481023,0.44847093162645213,0.2580977734012776
frozen_GE_teacher,CC(C)C#Cc1cnc2c(c1)C(=O)N([C@@H](C)CO)C[C@@H](C)[C@H](CN(C)C(=O)c1cccnc1)O2,10.0102,-0.23438750459851343,-0.23882700864147566,0.021177533154742384,-0.260004541796218,0.15145085373273964
frozen_GE_teacher,CC(C)C#Cc1cnc2c(c1)C(=O)N([C@H](C)CO)C[C@@H](C)[C@@H](CN(C)Cc1cncnc1)O2,10.1643,0.04314901116800183,0.04317581993338573,-0.04441090594803843,0.08758672588142416,0.1427177153572009
frozen_GE_teacher,CC(C)C#Cc1cnc2c(c1)C(=O)N([C@H](C)CO)C[C@H](C)[C@H](CN(C)Cc1cncnc1)O2,10.0568,-0.12436723611963175,-0.12501445794652857,0.01757477561976646,-0.14258923356629505,-0.020030475616782287
frozen_GE_teacher,CC(C)C(=O)OCC(=O)C(C#N)c1nc2ccccc2[nH]1,10.0,-0.04691062130184272,-0.04694507741224582,0.007981696759927014,-0.054926774172172836,-0.1424293840847693
frozen_GE_teacher,CC(C)C1N=C2c3ccccc3N=C(SCC(=O)NCCc3ccc(S(N)(=O)=O)cc3)N2C1=O,10.0,0.2837739193318658,0.29178176060827204,0.14510296828355812,0.14667879232471392,0.21339692281593242
frozen_GE_teacher,CC(C)CC#Cc1ccc2c(c1)O[C@@H](CN(C)C(=O)CC1CC1)[C@@H](C)CN([C@@H](C)CO)S2(=O)=O,10.0001,0.22234461220921464,0.22612131346430095,0.041904666071221786,0.18421664739307916,0.24070430921904906
frozen_GE_teacher,CC(C)CC#Cc1ccc2c(c1)O[C@@H](CN(C)C(=O)CC1CC1)[C@H](C)CN([C@H](C)CO)S2(=O)=O,10.0733,0.25221097617434074,0.25777258215206367,0.055315663776321376,0.20245691837574228,0.2913176722217136
frozen_GE_teacher,CC(C)CC#Cc1ccc2c(c1)O[C@@H](CN(C)C(=O)c1cnccn1)[C@@H](C)CN([C@@H](C)CO)S2(=O)=O,10.0125,0.43653533430436203,0.46794242458270313,0.19969874962419829,0.2682436749585049,0.18294921221916025
frozen_GE_teacher,CC(C)CC#Cc1ccc2c(c1)O[C@@H](CN(C)S(=O)(=O)c1ccc(F)cc1)[C@@H](C)CN([C@H](C)CO)S2(=O)=O,9.97582,0.34479283192398597,0.3595218895485426,0.1071036523508207,0.2524182371977219,-0.2209657896799333
frozen_GE_teacher,CC(C)CC#Cc1ccc2c(c1)O[C@@H](CN(C)S(=O)(=O)c1ccc(F)cc1)[C@H](C)CN([C@@H](C)CO)S2(=O)=O,10.0732,0.28518681354611664,0.29331906804300245,-0.05164151164996153,0.344960579692964,0.26215005439112327
frozen_GE_teacher,CC(C)CC#Cc1ccc2c(c1)O[C@H](CN(C)S(=O)(=O)c1ccc(F)cc1)[C@H](C)CN([C@@H](C)CO)S2(=O)=O,10.0442,0.08872467386519792,0.08895859527835016,0.011377635067215147,0.07758096021113502,-0.09125775922263517
frozen_GE_teacher,CC(C)CC#Cc1cnc2c(c1)C(=O)N([C@@H](C)CO)C[C@H](C)[C@H](CN(C)C(=O)c1cccc(F)c1)O2,10.027,-0.09752474918983746,-0.09783571415186632,0.025669300403875522,-0.12350501455574184,0.06226372217976457
frozen_GE_teacher,CC(C)COC(=O)N(C)C[C@@H]1OCc2ccccc2-c2c(n(C)c3ccccc23)C(=O)N([C@H](C)CO)C[C@@H]1C,9.75033,-0.29570228197413667,-0.30480348406856106,-0.04355559253691067,-0.2612478915316504,0.2928301542067047
frozen_GE_teacher,CC(C)COC(=O)N(C)C[C@@H]1OCc2ccccc2-c2ccccc2C(=O)N([C@H](C)CO)C[C@@H]1C,10.2633,-0.24655202241796872,-0.2517383311169487,-0.09816274560568591,-0.1535755855112628,0.20351029616662655
frozen_GE_teacher,CC(C)COC(=O)N(C)C[C@@H]1OCc2ccccc2-c2ccccc2C(=O)N([C@H](C)CO)C[C@H]1C,10.1029,0.42114813313008875,0.44908688328735163,0.049319852457668796,0.39976703082968285,-0.3137930114848828
frozen_GE_teacher,CC(C)COC(=O)N(C)C[C@@H]1OCc2cn(nn2)CCCC(=O)N([C@H](C)CO)C[C@@H]1C,10.0127,0.10825960655230159,0.10868554516053647,-0.026688147919891186,0.13537369308042765,-0.09525353399292205
frozen_GE_teacher,CC(C)COC(=O)N(C)C[C@@H]1OCc2cnnn2CCCC(=O)N([C@@H](C)CO)C[C@H]1C,9.99401,-0.11537706210991427,-0.11589315184247334,0.004491306958622387,-0.12038445880109573,-0.11064673979200143
frozen_GE_teacher,CC(C)COC(=O)N(C)C[C@H]1OCc2ccccc2-c2c(n(C)c3ccccc23)C(=O)N([C@@H](C)CO)C[C@@H]1C,10.0439,-0.059900352154127194,-0.059972148646569114,0.049047447671189556,-0.10901959631775868,-0.017348223402577446
frozen_GE_teacher,CC(C)COC(=O)N(C)C[C@H]1OCc2ccccc2-c2ccccc2C(=O)N([C@H](C)CO)C[C@H]1C,9.95358,0.3275527775921874,0.34008444037603713,0.0002713549248642422,0.3398130854511729,-0.039805899630586575
frozen_GE_teacher,CC(C)COC(=O)N(C)C[C@H]1OCc2cn(nn2)CCCC(=O)N([C@@H](C)CO)C[C@@H]1C,10.0027,-0.15390497561596236,-0.15513771246253422,0.060967833000195246,-0.21610554546272948,0.10083321107160827
frozen_GE_teacher,CC(C)COC(=O)N(C)C[C@H]1OCc2cnnn2CCCC(=O)N([C@@H](C)CO)C[C@@H]1C,10.0057,0.23417554496520934,0.2386027393518538,-0.023679423109427306,0.2622821624612811,0.033729188834000876
frozen_GE_teacher,CC(C)COC(=O)N(C)C[C@H]1OCc2cnnn2CCCC(=O)N([C@H](C)CO)C[C@@H]1C,10.0003,0.08302885440268497,0.08322044200188279,0.09457319522974893,-0.011352753227866136,-0.1748030213057248
frozen_GE_teacher,CC(C)NC(=O)N(C)C[C@@H]1OCCCC[C@@H](C)Oc2ccc(NC(=O)c3ccncc3)cc2C(=O)N([C@H](C)CO)C[C@H]1C,10.0933,-0.09986873040794166,-0.10020275394089946,-0.03215890856755829,-0.06804384537334117,-0.20835599122136653
frozen_GE_teacher,CC(C)NC(=O)N(C)C[C@@H]1OCc2cn(nn2)CCCC(=O)N([C@H](C)CO)C[C@@H]1C,10.1945,0.13350534361655575,0.13430712097984454,0.06318767733192115,0.07111944364792339,-0.14135938865285136
frozen_GE_teacher,CC(C)NC(=O)N(C)C[C@@H]1Oc2ccc(N(C)C)cc2C(=O)N([C@@H](C)CO)C[C@@H]1C,10.0311,0.15921876214887246,0.1605850358149175,-0.01885599307165301,0.1794410288865705,-0.11851266097695726
frozen_GE_teacher,CC(C)NC(=O)N(C)C[C@@H]1Oc2ccc(NC(=O)C3CC3)cc2CC(=O)N([C@@H](C)CO)C[C@@H]1C,10.1285,0.20370359963571086,0.2065934685277778,0.0414409863807054,0.1651524821470724,0.2832459625600616
frozen_GE_teacher,CC(C)NC(=O)N(C)C[C@@H]1Oc2ncc(C#CC3CC3)cc2C(=O)N([C@H](C)CO)C[C@H]1C,10.076,0.09456633761082447,0.0948497556035458,0.019351391763640906,0.0754983638399049,0.15259335823204329
frozen_GE_teacher,CC(C)NC(=O)N(C)C[C@H]1OCCCC[C@H](C)Oc2ccc(NC(=O)c3ccncc3)cc2C(=O)N([C@H](C)CO)C[C@@H]1C,10.0641,-0.4819620686776765,-0.5255368723872637,0.031217750696360763,-0.5567546230836244,0.244234577601001
frozen_GE_teacher,CC(C)NC(=O)N(C)C[C@H]1OCc2ccccc2-c2c(n(C)c3ccccc23)C(=O)N([C@H](C)CO)C[C@H]1C,10.0705,-0.04454049370606342,-0.04456998278425861,-0.06985888483637996,0.02528890205212135,0.27274948538242977
frozen_GE_teacher,CC(C)NC(=O)N(C)C[C@H]1OCc2cn(nn2)CCCC(=O)N([C@@H](C)CO)C[C@@H]1C,10.0468,-0.36740266571385743,-0.38541712899626585,-0.0974238444877169,-0.28799328450854894,-0.14323866075477587
frozen_GE_teacher,CC(C)NC(=O)N(C)C[C@H]1Oc2cc(C#C[C@@H](C)O)ccc2S(=O)(=O)N([C@H](C)CO)C[C@H]1C,10.0953,0.42515135491378847,0.45396326041336754,0.2025252343964569,0.2514380260169107,-0.06780522040528922
frozen_GE_teacher,CC(C)NC(=O)N(C)C[C@H]1Oc2ccc(N(C)C)cc2C(=O)N([C@@H](C)CO)C[C@@H]1C,9.75738,0.10690205754421866,0.10731210018016488,0.05637838367467719,0.05093371650548768,0.1083077300556365
frozen_GE_teacher,CC(C)NC(=O)N(C)C[C@H]1Oc2ccc(NC(=O)C3CC3)cc2C(=O)N([C@@H](C)CO)C[C@@H]1C,9.85014,0.12695766369295794,0.12764644899176214,-0.02207381747337229,0.14972026646513442,0.12804945497401005
frozen_GE_teacher,CC(C)NC(=O)N1[C@@H]2Cn3c(ccc(-c4cccc(C(=O)N(C)C)c4)c3=O)[C@H]1[C@@H](C(=O)O)[C@@H]2CO,10.0437,-0.13991330252683254,-0.1408371464498635,0.010386098522273308,-0.15122324497213682,0.06225281643338769
frozen_GE_teacher,CC(C)NC(=O)N1[C@H](C#N)[C@@H](c2ccc(-c3ccc(F)cc3)cc2)[C@@H]1CO,10.1843,-0.11582200488460445,-0.11634412104010407,0.11201439609750682,-0.2283585171376109,-0.08487349765584654
frozen_GE_teacher,CC(C)NC(=O)N1[C@H](C#N)[C@@H](c2ccc(-c3ccc(F)cc3)cc2)[C@H]1CO,10.0013,-0.13192134154583218,-0.1326947195942174,-0.04770096801313683,-0.08499375158108055,0.35786447911860025
frozen_GE_teacher,CC(C)NC(=O)N1[C@H](C#N)[C@@H](c2ccc(C#CC3CCCCC3)cc2)[C@@H]1CO,9.98957,0.21480117675411026,0.2181993690596462,0.050769141350096594,0.16743022770954963,-0.09125880638460658
frozen_GE_teacher,CC(C)NC(=O)N1[C@H](C#N)[C@@H](c2ccc(C#CC3CCCCC3)cc2)[C@H]1CO,10.0301,-0.13605106760781036,-0.1368999455605744,0.023829680100834576,-0.16072962566140897,-0.0711756965465481
frozen_GE_teacher,CC(C)NC(=O)NCC[C@@H]1CC[C@H](NC(=O)CCN2CCCCC2)[C@H](CO)O1,10.1369,-0.14713717781814165,-0.1482129952729525,0.07629755662213274,-0.22451055189508523,-0.1101340071740098
frozen_GE_teacher,CC(C)NC(=O)NCC[C@H]1CC[C@@H](NC(=O)Nc2ccccc2)[C@@H](CO)O1,10.2596,0.28586971531795163,0.29406258620552556,0.29581104463306,-0.0017484584275344606,-0.22773891794880752
frozen_GE_teacher,CC(C)NC(=O)NCC[C@H]1CC[C@@H](NS(=O)(=O)c2ccc(Oc3ccccc3)cc2)[C@H](CO)O1,10.0977,0.4869353254870095,0.5320352719153107,-0.09271058140267494,0.6247458533179857,0.14505035827566376
frozen_GE_teacher,CC(C)NC(=O)N[C@@H]1C=C[C@@H](CC(=O)NC2Cc3ccccc3C2)O[C@@H]1CO,10.102,0.2074636613241914,0.21051946650676934,0.052200311261899786,0.15831915524486956,0.2694509021430751
frozen_GE_teacher,CC(C)NC(=O)N[C@@H]1C=C[C@@H](CC(=O)NC2Cc3ccccc3C2)O[C@H]1CO,9.95058,0.1582798106371381,0.1596218096386527,-0.03563656511173738,0.19525837475039007,-0.20228140491735785
frozen_GE_teacher,CC(C)NC(=O)N[C@@H]1C=C[C@H](CC(=O)NC2Cc3ccccc3C2)O[C@@H]1CO,10.0034,0.07537641341429635,0.07551965500723078,0.10869717731490225,-0.03317752230767147,0.26835976312539456
frozen_GE_teacher,CC(C)NC(=O)N[C@@H]1C=C[C@H](CC(=O)NCCCN(C)C)O[C@@H]1CO,10.1322,-0.16686848154143735,-0.1684437065095329,0.018952681331762332,-0.18739638784129523,-0.06964118417808801
frozen_GE_teacher,CC(C)NC(=O)N[C@@H]1CC[C@@H](CC(=O)NCc2ccc(Oc3ccccc3)cc2)O[C@H]1CO,10.0603,0.4814241123839383,0.5248363826629151,0.07832870992884138,0.4465076727340737,0.35619111059316055
frozen_GE_teacher,CC(C)NC(=O)N[C@@H]1CC[C@@H](CCN)O[C@@H]1CO,10.0971,-0.046674113611506376,-0.046708050744826354,-0.037662337981392395,-0.00904571276343396,-0.026790706344149436
frozen_GE_teacher,CC(C)NC(=O)N[C@H]1C=C[C@@H](CC(=O)NCCCN(C)C)O[C@@H]1CO,10.0109,0.06819335019851028,0.06829935338868402,0.014171152064186933,0.05412820132449709,0.08794558724752369
frozen_GE_teacher,CC(C)NC(=O)N[C@H]1C=C[C@H](CC(=O)NCCCN(C)C)O[C@@H]1CO,9.9989,0.14678250525610093,0.14785049368937908,-0.07775364908437025,0.22560414277374935,-0.01915109839523428
frozen_GE_teacher,CC(C)NC(=O)N[C@H]1C=C[C@H](CC(=O)O)O[C@H]1CO,10.0087,0.31259570887457716,0.3234196529566156,0.05194200634675317,0.27147764660986246,0.06182492287915864
frozen_GE_teacher,CC(C)NC(=O)N[C@H]1CC[C@@H](CC(=O)NCc2ccc(Oc3ccccc3)cc2)O[C@@H]1CO,9.96555,0.13921472673103333,0.1401246933805571,0.01589272794214921,0.1242319654384079,-0.17221242439662768
frozen_GE_teacher,CC(C)NC(=O)N[C@H]1CC[C@@H](CCN)O[C@H]1CO,9.94691,-0.11086656596092871,-0.11132418049915753,-0.05042698590225952,-0.06089719459689801,-0.04360306730084696
frozen_GE_teacher,CC(C)NC(=O)N[C@H]1CC[C@@H](CCNS(=O)(=O)Cc2ccccc2)O[C@H]1CO,9.98625,0.11341222363929016,0.11390225961426428,0.018631961440381286,0.095270298173883,-0.00975314043857745
frozen_GE_teacher,CC(C)NC(=O)Nc1ccc2c(c1)C(=O)N(C)[C@H]1CC[C@H](CC(=O)NCc3ccc(F)cc3)O[C@@H]1CO2,10.022,-0.3369957473461217,-0.3506994959644928,0.03583922284791126,-0.38653871881240404,-0.3875590733793216
frozen_GE_teacher,CC(C)NC(=O)Nc1ccc2c(c1)C(=O)N(C)[C@H]1CC[C@H](CC(=O)NCc3ccc(F)cc3)O[C@H]1CO2,9.83263,0.3235219894046445,0.3355758468479104,0.041287405139734196,0.29428844170817625,-0.1159093089933261
frozen_GE_teacher,CC(C)NC(=O)Nc1ccc2c(c1)C(=O)N(C)[C@H]1CC[C@H](CC(=O)Nc3ccccc3Cl)O[C@@H]1CO2,10.0,0.2774374596353483,0.2849036941525588,-0.0009309011087644259,0.2858345952613232,0.16398630052600655
frozen_GE_teacher,CC(C)NC(=O)Nc1ccc2c(c1)C(=O)N([C@@H](C)CO)C[C@@H](C)[C@@H](CN(C)C(=O)C1CCCCC1)OCCCC[C@@H](C)O2,10.0299,-0.12391984688393624,-0.12456006578393994,0.050502807973297606,-0.17506287375723756,0.10778657806747048
frozen_GE_teacher,CC(C)NC(=O)Nc1ccc2c(c1)C(=O)N([C@@H](C)CO)C[C@@H](C)[C@H](CN(C)Cc1ccccc1)OCCCC[C@H](C)O2,10.0289,-0.1582806664397559,-0.15962268743231373,-0.06440501388970499,-0.09521767354260874,0.05357975423283344
frozen_GE_teacher,CC(C)NC(=O)Nc1ccc2c(c1)C(=O)N([C@H](C)CO)C[C@@H](C)[C@@H](CN(C)C(=O)c1ccccc1)OCCCC[C@H](C)O2,10.0416,-0.07158614027967394,-0.07170880050983405,0.0028766888638905985,-0.07458548937372465,0.03778534356570888
frozen_GE_teacher,CC(C)NC(=O)Nc1ccc2c(c1)C(=O)N([C@H](C)CO)C[C@@H](C)[C@@H](CN(C)Cc1ccccc1)OCCCC[C@@H](C)O2,10.0511,0.416021873771528,0.44287159733729015,-0.008936926033743086,0.4518085233710332,0.2836573788137762
frozen_GE_teacher,CC(C)NC(=O)Nc1ccc2c(c1)C(=O)N([C@H](C)CO)C[C@@H](C)[C@H](CN(C)C(=O)C1CCCCC1)OCCCC[C@@H](C)O2,10.0429,0.08463352460032951,0.0848364694611132,0.05372771951452304,0.03110874994659016,0.058731198293633866
frozen_GE_teacher,CC(C)NC(=O)Nc1ccc2c(c1)C(=O)N([C@H](C)CO)C[C@@H](C)[C@H](CN(C)C(=O)Nc1ccccc1)O2,10.1396,0.03739036026917565,0.03740779929424915,0.030918498759767717,0.006489300534481435,-0.13325908364274086
frozen_GE_teacher,CC(C)NC(=O)Nc1ccc2c(c1)C(=O)N([C@H](C)CO)C[C@@H](C)[C@H](CN(C)C(=O)c1ccccc1)OCCCC[C@H](C)O2,10.0756,-0.16298770942476482,-0.16445441500418256,0.049671687587607684,-0.21412610259179024,0.008587125306933757
frozen_GE_teacher,CC(C)NC(=O)Nc1ccc2c(c1)C(=O)N([C@H](C)CO)C[C@H](C)[C@@H](CN(C)C(=O)c1ccccc1)OCCCC[C@H](C)O2,10.0798,-0.15854433227120823,-0.1598931401465271,0.026214352768080623,-0.18610749291460774,0.1917801417058555
frozen_GE_teacher,CC(C)NC(=O)Nc1ccc2c(c1)C(=O)N([C@H](C)CO)C[C@H](C)[C@H](CN(C)C(=O)C1CCCCC1)OCCCC[C@@H](C)O2,10.0402,-0.3148455421497999,-0.32591509025753324,0.02681338710340185,-0.3527284773609351,-0.19459681137777912
frozen_GE_teacher,CC(C)NC(=O)Nc1ccc2c(c1)C(=O)N([C@H](C)CO)C[C@H](C)[C@H](CN(C)C(=O)Nc1ccccc1)O2,10.3344,0.27180821015609175,0.278815246632236,-0.006323454161149756,0.28513870079338577,0.15042792164543406
frozen_GE_teacher,CC(C)NC(=O)Nc1cccc2c1O[C@@H](CN(C)C(=O)Nc1ccccc1)[C@@H](C)CN([C@H](C)CO)C2=O,10.0594,0.16373272054302138,0.1652198530704861,-0.0549325694430673,0.22015242251355338,-0.14339775695207035
frozen_GE_teacher,CC(C)NC(=O)Nc1cccc2c1O[C@@H](CN(C)Cc1ccccc1)[C@@H](C)CN([C@@H](C)CO)C2=O,10.1156,0.41467995288364423,0.44124990803287834,-0.0010084236749550563,0.4422583317078334,0.024641956428227623
frozen_GE_teacher,CC(C)NC(=O)Nc1cccc2c1O[C@@H](CN(C)Cc1ccccc1)[C@@H](C)CN([C@H](C)CO)C2=O,10.0459,-0.19403343819554908,-0.1965250218491249,-0.11616207991967878,-0.08036294192944612,-0.10875225913293313
frozen_GE_teacher,CC(C)NC(=O)Nc1cccc2c1O[C@@H](CN(C)Cc1ccccc1)[C@H](C)CN([C@@H](C)CO)C2=O,10.0336,-0.16635783141878002,-0.16791847600480636,-0.0017512330857101903,-0.16616724291909618,-0.22677704798982284
frozen_GE_teacher,CC(C)NCC(O)COc1cccc2[nH]ccc12,10.0,0.2050892430375978,0.20803952541724954,-0.038793083678292976,0.24683260909554253,0.3570696483905204
frozen_GE_teacher,CC(C)NCC(O)c1ccc2ccccc2c1,10.0,-0.3625983606861092,-0.37987437070242736,0.01930592237808287,-0.39918029308051023,0.08086398819369531
frozen_GE_teacher,CC(C)Nc1nc(Cl)nc(NC2CCCCC2)n1,10.0,0.5521827697261938,0.6215161383869237,-0.05551046438900313,0.6770266027759267,-0.09849564286542468
frozen_GE_teacher,CC(C)OC(=O)N(C)C[C@@H]1OCc2ccccc2-c2ccccc2C(=O)N([C@@H](C)CO)C[C@H]1C,10.1211,0.02059733145101611,0.020600244999083757,0.013400484068446985,0.007199760930636772,-0.016958590722874214
frozen_GE_teacher,CC(C)OC(=O)N(C)C[C@H]1OCc2ccccc2-c2ccccc2C(=O)N([C@H](C)CO)C[C@H]1C,10.1667,0.40775924990164214,0.432920655066808,-0.04663464431044146,0.47955529937724944,0.31862584832933233
frozen_GE_teacher,CC(C)OC(=O)N(C)C[C@H]1OCc2cn(nn2)CCCC(=O)N([C@@H](C)CO)C[C@@H]1C,10.0184,0.07155582307613062,0.07167832720969058,-0.010776052827072355,0.08245438003676293,0.11214250965851848
frozen_GE_teacher,CC(C)[C@@H](C)NC(=O)N(C)C[C@H]1OCc2ccccc2-c2ccccc2C(=O)N([C@@H](C)CO)C[C@H]1C,10.1637,0.334853340843516,0.3482845756640821,-0.05457272191271746,0.40285729757679956,0.03609793442722006
frozen_GE_teacher,CC(C)[C@@]1(NC(=O)[C@@H]2CC3c4cccc5[nH]cc(c45)C[C@H]3N(C)C2)O[C@@]2(O)[C@@H]3CCCN3C(=O)[C@H](Cc3ccccc3)N2C1=O,10.0,0.22546888817695096,0.22941049317360548,0.02203384416442948,0.20737664900917602,0.26769842309569575
frozen_GE_teacher,CC(C)[C@H](C)NC(=O)N(C)C[C@@H]1OCc2ccccc2-c2c(n(C)c3ccccc23)C(=O)N([C@@H](C)CO)C[C@@H]1C,9.76388,0.2269886489699117,0.23101223037981042,0.07601894799798961,0.1549932823818208,-0.23126737226306512
frozen_GE_teacher,CC(C)[C@H](C)NC(=O)N(C)C[C@@H]1OCc2ccccc2-c2c(n(C)c3ccccc23)C(=O)N([C@@H](C)CO)C[C@H]1C,10.0263,0.15934837127271584,0.16071801888633203,0.03267212846591576,0.12804589042041625,0.07347094767645247
frozen_GE_teacher,CC(C)[C@H](C)NC(=O)N(C)C[C@H]1OCc2ccccc2-c2c(n(C)c3ccccc23)C(=O)N([C@@H](C)CO)C[C@H]1C,10.1992,0.4056432826987391,0.4303853280743244,0.0153834060706647,0.4150019220036597,-0.399093430579715
frozen_GE_teacher,CC(C)[C@H](C)NC(=O)N(C)C[C@H]1OCc2ccccc2-c2ccccc2C(=O)N([C@H](C)CO)C[C@H]1C,10.1939,0.2557144821361429,0.26151763813038525,0.056405253272822614,0.20511238485756264,-0.06689137525175211
frozen_GE_teacher,CC(C)[C@H](CO)Nc1nc(NCc2ccc(S(N)(=O)=O)cc2)c2ncn(C(C)C)c2n1,10.0,0.3843385379618888,0.4051402383856258,-0.005463784856042285,0.41060402324166806,0.5712927161707491
frozen_GE_teacher,CC(C)[C@H](NC(=O)c1cccc(S(=O)(=O)N2CCCC2)c1)c1nc2ccccc2[nH]1,20.0,0.22304413249623117,0.2268573351517767,0.07215880586835383,0.15469852928342287,0.20801200731111352
frozen_GE_teacher,CC(C)[C@H]1C(=O)N2CCC[C@H]2[C@]2(O)O[C@](NC(=O)[C@@H]3C=C4c5cccc6[nH]cc(c56)C[C@H]4N(C)C3)(C(C)C)C(=O)N12,10.0,0.4270710900195655,0.45630889569158,0.04089834202707693,0.4154105536645031,-0.4111010170607071
frozen_GE_teacher,CC(C)c1ccc(NS(=O)(=O)c2cn(C)c(=O)n(C)c2=O)cc1,10.0,0.13352955314314857,0.13433176992086773,-0.15949425771548292,0.2938260276363507,0.07896592409400253
frozen_GE_teacher,CC(C)c1ccc(OCC(=O)NNC(=O)c2cnccn2)cc1,10.0,0.7532623402480942,0.9804539299826296,0.08312595620668872,0.8973279737759409,0.4009113584280096
frozen_GE_teacher,CC(C)c1ccc(S(=O)(=O)N2CCN(C(=O)c3ccco3)CC2)cc1,10.0,0.1339954249855576,0.13480612920010027,-0.049677503348543484,0.18448363254864375,0.008434450820836846
frozen_GE_teacher,CC(C)c1ccc2c(c1)CC[C@H]1[C@](C)(CN)CCC[C@]21C,10.0,0.585516507261178,0.6708161780238221,0.010130285712115977,0.6606858923117062,0.18002400330740934
frozen_GE_teacher,CC(C)c1ccc2nc(N)sc2c1,10.0,0.2534941087260117,0.2591433544594739,-0.05874954727572033,0.31789290173519424,0.05117053153454971
frozen_GE_teacher,CC(C)c1cn(CC[C@@H]2CC[C@H](NC(=O)c3cccc(F)c3)[C@@H](CO)O2)nn1,10.1153,-0.10968364226907147,-0.11012669451441193,0.002571711417251938,-0.11269840593166386,-0.25632874276835954
frozen_GE_teacher,CC(C)c1cn(CC[C@@H]2CC[C@H](NS(=O)(=O)Cc3ccccc3)[C@H](CO)O2)nn1,10.0341,-4.461006719523753e-05,-4.4610067224829735e-05,0.028137073921729844,-0.028181683988954674,0.07276803076387614
frozen_GE_teacher,CC(C)c1cn(CC[C@H]2CC[C@@H](NC(=O)c3cccc(F)c3)[C@H](CO)O2)nn1,10.1373,-0.16375661166211292,-0.16524440241433588,-0.060018096308802275,-0.1052263061055336,0.28607834338598076
frozen_GE_teacher,CC(C)c1cn(CC[C@H]2CC[C@@H](NS(=O)(=O)Cc3ccccc3)[C@H](CO)O2)nn1,9.98791,-0.4181105035271918,-0.4454000360498848,-0.015875352000688375,-0.4295246840491964,-0.21925373782393334
frozen_GE_teacher,CC(C)c1cn(CC[C@H]2CC[C@H](N)[C@@H](CO)O2)nn1,10.0629,-0.12469690347815703,-0.12534931840340677,0.03299513382820083,-0.1583444522316076,0.13718738102747888
frozen_GE_teacher,CC(C)c1cn(CC[C@H]2CC[C@H](NC(=O)C3CC3)[C@@H](CO)O2)nn1,10.0408,0.38429606181042714,0.40509040130847146,-0.1560149539477615,0.561105355256233,0.17694040528491203
frozen_GE_teacher,CC(C)n1nnnc1SCC(=O)c1ccc2c(c1)OCCO2,10.0,0.1444239513160273,0.14544085343909546,0.07183780597358638,0.07360304746550908,0.19827376402391209
frozen_GE_teacher,CC(CC(=O)c1ccccc1)=NNC(=O)c1ccc(Cl)cc1,10.0,0.34332642878879843,0.3578585894282414,0.17599398792324575,0.18186460150499564,0.17287178183933913
frozen_GE_teacher,CC(Nc1nc(N2CCCC2)nc2ccccc12)c1ccccc1,20.0,0.285148973182294,0.29327787808154565,0.0805774318487166,0.21270044623282905,0.25341790898096106
frozen_GE_teacher,CC/C(=C(/CC)c1ccc(O)cc1)c1ccc(O)cc1,10.0,0.30254563257306005,0.31231935955366735,0.0033368161751650763,0.3089825433785023,-0.18051490387218916
frozen_GE_teacher,CC1(C)C(=O)CC[C@@]2(C)C1C[C@@H](O)[C@@]1(C)C3=CC(=O)O[C@@H](c4ccoc4)[C@]3(C)CCC21,10.0,-0.17857016922726265,-0.18050537194442715,0.01820819135369374,-0.1987135632981209,0.09801997355480382
frozen_GE_teacher,CC1(C)C(=O)[C@@H]2C[C@@]3(O)C4=CC(=O)O[C@@H](c5ccoc5)[C@]4(C)CCC3[C@@](C)(C2=O)[C@H]1CC(=O)O,10.0,0.7208253386212286,0.9093608451785408,0.3175777300797761,0.5917831150987647,0.43040338303202985
frozen_GE_teacher,CC1(C)Cc2c(cnn2-c2ccccc2)-c2c1c1ccccc1n2CC(O)CBr,10.0,0.06172082653166625,0.06179938050769321,0.18553733873194242,-0.12373795822424921,-0.07545865159253659
frozen_GE_teacher,CC1(CCc2ccccc2)NC(=O)N(CC(=O)Nc2ccc3c(c2)OCCO3)C1=O,10.0,0.1884539122566933,0.19073366467730657,0.08127397420272642,0.10945969047458015,-0.05908785262226745
frozen_GE_teacher,CC12CC3CC(C)(C1)CC(C(=O)NC1=NCCS1)(C3)C2,10.0,0.3312631304254092,0.34424641445148635,0.28876909748037377,0.05547731697111258,-0.07255954522510416
frozen_GE_teacher,CC12CCC(O)CC1CCC1C2[C@H](O)CC2(C)C(C3=CC(=O)OC3)CCC12O,10.0,0.4493331805457985,0.48386445564091185,0.27488880992697307,0.20897564571393878,0.7815058718390466
frozen_GE_teacher,CC1=C(C(=O)OC(C)C)C(c2ccc(Cl)cc2)n2c(sc(=Cc3ccc(OCC(=O)O)cc3)c2=O)=N1,20.0,0.2816880177247964,0.28951463078931344,0.20655596977879653,0.08295866101051691,-0.058156283918971485
frozen_GE_teacher,CC1=C(C(=O)OCc2ccccc2)C(c2ccc([N+](=O)[O-])cc2)NC(=O)N1CCCCCC(=O)O,10.0,0.1965825319562042,0.1991752092238653,0.03218817181922422,0.1669870374046411,0.1050444264851088
frozen_GE_teacher,CC1C(OC(=O)C(O)c2ccccc2)CCC(C)(C)N1C,10.0,-0.19710216513049672,-0.19971578817640212,0.30011082235819153,-0.49982661053459365,-0.5036617111935979
frozen_GE_teacher,CC1CC(C)CN(c2oc(-c3ccco3)nc2C#N)C1,10.0,0.4390444084510244,0.47104641205205167,0.1641562231817388,0.30689018887031283,0.22101917513996597
frozen_GE_teacher,CC1CCCN(c2nc3c(c(=O)n(C)c(=O)n3C)n2CCSc2nc3ccccc3s2)C1,10.0,0.6350283305937539,0.749797839128268,0.036990805711812416,0.7128070334164556,0.025703637932789847
frozen_GE_teacher,CC1CCN(Cc2nc(-c3ccccc3)no2)CC1,10.0,0.48243403103335675,0.5261518190714205,0.09114145384293222,0.4350103652284883,0.1521021464509788
frozen_GE_teacher,CC1CN(c2cc(-c3ccccc3)c3ccccc3n2)CC(C)O1,10.0,0.12094857501481131,0.12154357393741894,0.07396857902302778,0.047574994914391155,-0.1048112524527493
frozen_GE_teacher,CC1Cc2ccccc2N1NC(=O)c1ccc(Cl)c(S(N)(=O)=O)c1,10.0,0.3821789291125049,0.4026087904285348,0.29367427876692775,0.10893451166160706,0.042750079977970645
frozen_GE_teacher,CC1O[C@@H](Oc2c(-c3ccc(O)c(O)c3)oc3cc(O)cc(O)c3c2=O)[C@H](O)[C@H](O)[C@H]1O,10.0,0.27298002726364556,0.28008097948057065,0.23495202700768691,0.04512895247288373,-0.022141897429022783
frozen_GE_teacher,CCC(=C(c1ccccc1)c1ccc(OCCN(C)C)cc1)c1ccccc1,10.0,0.420875222043193,0.4487551769768943,0.04368497184971968,0.4050702051271746,0.27731397864328483
frozen_GE_teacher,CCC(=O)N(C)C[C@@H]1Oc2cc(-c3ccc(OC)cc3)ccc2S(=O)(=O)N([C@@H](C)CO)C[C@H]1C,10.0025,-0.04420702128830666,-0.04423585245061175,0.015735628152239504,-0.05997148060285125,0.06766646118394977
frozen_GE_teacher,CCC(=O)N(C)C[C@@H]1Oc2cc(C#Cc3ccccc3)ccc2S(=O)(=O)N([C@H](C)CO)C[C@@H]1C,10.062206,-0.03711848249115811,-0.03713554365314286,0.04573242625504996,-0.08286796990819281,0.004774060981061451
frozen_GE_teacher,CCC(=O)N(C)C[C@H]1Oc2cc(C#Cc3ccccc3)ccc2S(=O)(=O)N([C@@H](C)CO)C[C@H]1C,10.0427,0.24814206617443604,0.25343199460442467,0.048318818602242214,0.20511317600218246,-0.3526711718563086
frozen_GE_teacher,CCC(=O)N(c1ccccc1)C1CCN(CCc2ccc(N=C=S)cc2)CC1,10.0,0.2982781590279762,0.307628542453394,-0.008255557382338645,0.3158840998357326,0.4333371770952976
frozen_GE_teacher,CCC(=O)N1C[C@@H](C)[C@@H](OC)CN(C)C(=O)c2cc(NC(=O)NC(C)C)ccc2OC[C@@H]1C,9.94756,0.18176538015274002,0.183807783754179,0.004652693208932988,0.179155090545246,-0.014759949409395328
frozen_GE_teacher,CCC(=O)N1C[C@@H](C)[C@@H](OC)CN(C)C(=O)c2cc(NC(=O)NC(C)C)ccc2OC[C@H]1C,9.98107,0.2651502833793788,0.2716400920360019,0.016338184384168973,0.25530190765183297,0.17782694628969833
frozen_GE_teacher,CCC(=O)N1C[C@@H](C)[C@@H](OC)CN(C)C(=O)c2cc(NC(=O)c3cnccn3)ccc2OC[C@H]1C,10.095,0.3213231314696482,0.33312188238063006,0.019111983308313638,0.3140098990723164,0.07870760837559782
frozen_GE_teacher,CCC(=O)N1C[C@@H](C)[C@@H](OC)CN(C)C(=O)c2cc(NS(C)(=O)=O)ccc2OC[C@H]1C,9.9461,0.2622742434145002,0.26854908803316135,0.025981589251389554,0.2425674987817718,-0.02606380201256141
frozen_GE_teacher,CCC(=O)N1C[C@@H](C)[C@@H](OC)CN(C)C(=O)c2ccc(NC(=O)C3CCOCC3)cc2OC[C@@H]1C,10.045,-0.23358629756163526,-0.2379793948012938,0.03544599284364835,-0.2734253876449421,-0.022145659061641648
frozen_GE_teacher,CCC(=O)N1C[C@@H](C)[C@@H](OC)CN(C)C(=O)c2ccc(NC(=O)c3cc(C)on3)cc2OC[C@@H]1C,10.0235,0.21695351661995435,0.2204569186143592,0.011550385909773697,0.2089065327045855,0.1718948821428432
frozen_GE_teacher,CCC(=O)N1C[C@@H](C)[C@@H](OC)CN(C)C(=O)c2ccc(NC(=O)c3cc(C)on3)cc2OC[C@H]1C,10.0462,-0.059838298734797735,-0.05990987200680949,0.02099806097882554,-0.08090793298563503,-0.012911142135323551
frozen_GE_teacher,CCC(=O)N1C[C@@H](C)[C@H](OC)CN(C)C(=O)c2cc(NC(=O)C3CC3)ccc2OC[C@@H]1C,9.94469,0.5570697915966292,0.6285743903533785,0.0032979057811391467,0.6252764845722393,0.1363496541097624
frozen_GE_teacher,CCC(=O)N1C[C@@H](C)[C@H](OC)CN(C)C(=O)c2ccc(NC(=O)C3CCOCC3)cc2OC[C@H]1C,10.098,-0.32481591149461864,-0.3370217083225515,0.07355748054970505,-0.4105791888722566,-0.3012555017623924
frozen_GE_teacher,CCC(=O)N1C[C@@H](C)[C@H](OC)CN(C)C(=O)c2ccc(NC(=O)c3cc(C)on3)cc2OC[C@H]1C,10.0269,0.017572755747526193,0.017574564915286386,0.0314760154115437,-0.013901450496257312,0.038080032899040134
frozen_GE_teacher,CCC(=O)N1C[C@@H](O)COC[C@H]2O[C@@H](CC(=O)NCc3cc(F)cc(F)c3)CC[C@@H]21,9.96981,-0.24249625227614807,-0.24742462841398694,-0.017606644180326005,-0.22981798423366093,-0.01999869196354233
frozen_GE_teacher,CCC(=O)N1C[C@H](C)[C@@H](OC)CN(C)C(=O)c2cc(NC(=O)c3cnccn3)ccc2OC[C@H]1C,9.93465,0.27094315934458696,0.2778814246457824,-0.00628286239105736,0.28416428703683977,0.16490760407472146
frozen_GE_teacher,CCC(=O)N1C[C@H](C)[C@@H](OC)CN(C)C(=O)c2ccc(NC(=O)Nc3cccc(F)c3)cc2OC[C@H]1C,9.9857,0.021527399521739706,0.02153072591996143,0.04341936342078156,-0.021888637500820127,-0.03254082705453225
frozen_GE_teacher,CCC(=O)N1C[C@H](C)[C@@H](OC)CN(C)C(=O)c2ccc(NC(=O)Nc3ccccc3)cc2OC[C@H]1C,10.0375,-0.2190701796585605,-0.22267920611987174,-0.025025766706732948,-0.1976534394131388,-0.3022699832873487
frozen_GE_teacher,CCC(=O)N1C[C@H](C)[C@@H](OC)CN(C)C(=O)c2ccc(NC(=O)c3ccc(F)cc3)cc2OC[C@H]1C,10.031,-0.0025188271984522372,-0.0025188325253642217,0.06202816643960597,-0.0645469989649702,-0.009617344119272286
frozen_GE_teacher,CCC(=O)N1C[C@H](C)[C@H](OC)CN(C)C(=O)c2cc(NC(=O)NC(C)C)ccc2OC[C@@H]1C,10.0038,-0.12035721543718994,-0.12094347868195499,0.14393299214157473,-0.2648764708235297,-0.2499491637992428
frozen_GE_teacher,CCC(=O)N1C[C@H](C)[C@H](OC)CN(C)C(=O)c2ccc(NC(=O)Nc3ccc(Cl)cc3)cc2OC[C@H]1C,9.73124,0.24542372522952022,0.2505373631560383,-0.19313257790335703,0.44366994105939533,0.17897606981290193
frozen_GE_teacher,CCC(=O)N1C[C@H](O)COC[C@@H]2O[C@@H](CC(=O)NCc3cc(F)cc(F)c3)CC[C@H]21,9.99998,-0.0735853459144993,-0.07371859581688066,0.05131394294693306,-0.1250325387638137,-0.00630550117853821
frozen_GE_teacher,CCC(=O)N1C[C@H](O)COC[C@@H]2O[C@H](CC(=O)NCc3cc(F)cc(F)c3)CC[C@H]21,10.1877,0.10756809859172962,0.10798588939987093,0.05809690426705984,0.04988898513281109,-0.03819640525662909
frozen_GE_teacher,CCC(=O)N1[C@@H]2Cn3c(ccc(-c4ccncc4)c3=O)[C@H]1[C@@H](C(=O)NC1Cc3ccccc3C1)[C@@H]2CO,9.9921,0.029141063608883494,0.029149316693578082,0.0052423638188555145,0.023906952874722567,-0.08123966654707787
frozen_GE_teacher,CCC(=O)N1[C@H](C(=O)N(C)C)[C@@H](CO)[C@@H]2Cn3c(ccc(-c4ccc(F)cc4)c3=O)[C@@H]21,9.96753,0.5361074083339712,0.5986768983060734,-0.03379098170331683,0.6324678800093902,-0.23971089971730308
frozen_GE_teacher,CCC(=O)N1[C@H](C(=O)N2CCCCC2)[C@@H](CO)[C@@H]2Cn3c(cccc3=O)[C@@H]21,9.94511,-0.04850220222354687,-0.048540289219062574,-0.006598773286035944,-0.04194151593302663,-0.07010816245290194
frozen_GE_teacher,CCC(=O)N1[C@H](C(=O)NCCCN(C)C)[C@@H](CO)[C@@H]2Cn3c(ccc(-c4ccccc4OC)c3=O)[C@@H]21,10.0679,0.14728094160763686,0.1483599435054629,-0.03473688792635625,0.18309683143181915,0.03772286869011751
frozen_GE_teacher,CCC(=O)NCC(=O)OCC(=O)c1ccccc1,10.0,-0.01680916600312325,-0.016810749403988468,0.03627118270032023,-0.0530819321043087,0.2317752875423029
frozen_GE_teacher,CCC(=O)N[C@@H]1C=C[C@H](CC(=O)NCc2cc(F)cc(F)c2)O[C@H]1CO,10.0137,-0.1050641426773628,-0.10545330601415687,0.029509574952826807,-0.13496288096698367,-0.0656365003500383
frozen_GE_teacher,CCC(=O)N[C@@H]1CC[C@@H](CC(=O)NCC2CCCCC2)O[C@H]1CO,9.96946,0.5353582208007169,0.5976261300031466,0.003159945955481372,0.5944661840476652,0.10578393692173808
frozen_GE_teacher,CCC(=O)N[C@@H]1CC[C@H](CC(=O)NCCN2CCCCC2)O[C@H]1CO,10.0665,0.3264755471975619,0.33887821854187544,-0.08357536682742503,0.42245358536930044,-0.28999160598300777
frozen_GE_teacher,CCC(=O)N[C@@H]1CC[C@H](CC(=O)OC)O[C@H]1CO,10.0395,0.2848127219500737,0.2929119046476459,-0.12003285896695462,0.41294476361460053,0.28257006039137816
frozen_GE_teacher,CCC(=O)N[C@H]1C=C[C@@H](CC(=O)NCC2CCCCC2)O[C@H]1CO,10.1413,-0.16337443869134427,-0.16485172384096441,-0.15114752426104527,-0.01370419957991914,0.040532350990471644
frozen_GE_teacher,CCC(=O)N[C@H]1C=C[C@@H](CC(=O)NCc2cc(F)cc(F)c2)O[C@@H]1CO,10.0774,0.12098734745336849,0.12158292216838953,0.08854426572959206,0.03303865643879747,0.3023500197300493
frozen_GE_teacher,CCC(=O)N[C@H]1C=C[C@@H](CC(=O)OC)O[C@@H]1CO,10.0543,-0.08732380067159527,-0.08754678274712854,-0.11168022335540255,0.024133440608274007,0.37552106968251747
frozen_GE_teacher,CCC(=O)N[C@H]1C=C[C@H](CC(=O)NCC2CCCCC2)O[C@H]1CO,10.0662,0.40789752740322993,0.43308651986460206,0.030954982084852898,0.40213153777974914,-0.34411721916088306
frozen_GE_teacher,CCC(=O)N[C@H]1CC[C@@H](CC(=O)NCCN2CCCCC2)O[C@H]1CO,9.97289,0.04961919720292592,0.04965997935668607,-0.13181994489293578,0.18147992424962184,0.04327132958761479
frozen_GE_teacher,CCC(=O)N[C@H]1CC[C@H](CC(=O)NCC2CCCCC2)O[C@@H]1CO,10.0016,0.01914054119766226,0.01914287915652073,-0.005247498426039436,0.024390377582560165,-0.1532876570130161
frozen_GE_teacher,CCC(=O)N[C@H]1CC[C@H](CC(=O)NCCN2CCCCC2)O[C@@H]1CO,10.03,-0.04183364980188857,-0.04185807917761984,-0.016510626694019773,-0.02534745248360007,0.29220617651416175
frozen_GE_teacher,CCC(=O)N[C@H]1CC[C@H](CC(=O)NCCN2CCCCC2)O[C@H]1CO,10.0187,0.23583066117814783,0.2403546054166696,0.004685760541225767,0.23566884487544382,-0.2200392520461768
frozen_GE_teacher,CCC(=O)N[C@H]1CC[C@H](CCNC(=O)Nc2ccc(C(F)(F)F)cc2)O[C@H]1CO,10.0945,-0.11464767040896612,-0.11515398248982073,0.0071564339669179106,-0.12231041645673864,-0.11685288069135658
frozen_GE_teacher,CCC(=O)Nc1ccc2c(c1)C(=O)N(C)C[C@@H](OC)[C@@H](C)CN(C(=O)C1CCC1)[C@@H](C)CO2,10.0122,0.12587343524704825,0.1265446120953983,0.104234586664358,0.022310025431040298,-0.014450147061980112
frozen_GE_teacher,CCC(=O)Nc1ccc2c(c1)C(=O)N(C)C[C@@H](OC)[C@@H](C)CN(C(=O)C1CCC1)[C@H](C)CO2,9.94692,-0.15362771277096168,-0.15485373523275492,0.03171954461837285,-0.18657327985112776,-0.16275593439687977
frozen_GE_teacher,CCC(=O)Nc1ccc2c(c1)C(=O)N(C)C[C@@H](OC)[C@@H](C)CN(C(=O)NC(C)C)[C@@H](C)CO2,10.0552,-0.09696263564124738,-0.09726823430784702,0.07785266127891845,-0.17512089558676547,0.11158591489721421
frozen_GE_teacher,CCC(=O)Nc1ccc2c(c1)C(=O)N(C)C[C@@H](OC)[C@@H](C)CN(Cc1ccncc1)[C@H](C)CO2,9.96716,0.0927041888414563,0.09297113535160342,0.06115548386992656,0.031815651481676865,0.31678608333700553
frozen_GE_teacher,CCC(=O)Nc1ccc2c(c1)C(=O)N(C)C[C@@H](OC)[C@H](C)CN(C(=O)C1CCC1)[C@@H](C)CO2,9.94223,-0.3170517460297376,-0.3283659489802379,0.0039187135120112545,-0.33228466249224914,-0.12190800875093377
frozen_GE_teacher,CCC(=O)Nc1ccc2c(c1)C(=O)N(C)C[C@@H](OC)[C@H](C)CN(C(=O)NC(C)C)[C@@H](C)CO2,10.0875,0.10311490935010728,0.10348272148247342,-0.03711488132039138,0.14059760280286482,0.29351950949256006
frozen_GE_teacher,CCC(=O)Nc1ccc2c(c1)C(=O)N(C)C[C@@H](OC)[C@H](C)CN(C(=O)c1cccnc1)[C@@H](C)CO2,9.95082,0.23104494675162096,0.23529305921081867,0.10296273025565567,0.132330328955163,0.030660796534339452
frozen_GE_teacher,CCC(=O)Nc1ccc2c(c1)C(=O)N(C)C[C@H](OC)[C@@H](C)CN(C(=O)CC)[C@H](C)CO2,10.1138,0.21248450337812566,0.21577189662735974,0.05608418696746904,0.1596877096598907,0.2829908545247629
frozen_GE_teacher,CCC(=O)Nc1ccc2c(c1)C(=O)N(C)C[C@H](OC)[C@H](C)CN(C(=O)NC(C)C)[C@@H](C)CO2,10.0618,0.49625758998804786,0.5443286416797204,0.12598357581543598,0.41834506586428444,0.22856452980255718
frozen_GE_teacher,CCC(=O)Nc1ccc2c(c1)C(=O)N(C)C[C@H](OC)[C@H](C)CN(C(=O)NC(C)C)[C@H](C)CO2,9.99718,0.12343146163905616,0.12406409431391542,0.08616835689034426,0.03789573742357116,-0.1179652793201898
frozen_GE_teacher,CCC(=O)Nc1ccc2c(c1)C(=O)N(C)[C@H]1CC[C@H](CC(=O)Nc3c(F)cccc3F)O[C@@H]1CO2,10.0214,-0.15258085857552886,-0.15378175267007357,-0.043794018383904454,-0.10998773428616912,-0.20198592958371295
frozen_GE_teacher,CCC(=O)Nc1ccc2c(c1)OC[C@@H](C)N(C(=O)CC1CC1)C[C@@H](C)[C@@H](OC)CN(C)C2=O,10.0162,0.2821814736543259,0.2900506971477689,0.05709295431955172,0.23295774282821716,0.1025129656879141
frozen_GE_teacher,CCC(=O)Nc1ccc2c(c1)OC[C@@H](C)N(C(=O)CC1CC1)C[C@H](C)[C@@H](OC)CN(C)C2=O,10.0764,0.24635376642878926,0.2515272545405693,-0.0447111993640942,0.29623845390466347,0.02678976366610918
frozen_GE_teacher,CCC(=O)Nc1ccc2c(c1)OC[C@@H](C)N(C(=O)COC)C[C@@H](C)[C@H](OC)CN(C)C2=O,9.87195,0.31024348718421035,0.32081480583300875,-0.08528595566312186,0.4061007614961306,0.261206546697545
frozen_GE_teacher,CCC(=O)Nc1ccc2c(c1)OC[C@@H](C)N(C(=O)c1ccc(F)cc1)C[C@@H](C)[C@@H](OC)CN(C)C2=O,10.0935,0.1203803085102122,0.1209669112611559,-0.013760944811592863,0.13472785607274876,0.16060600562538632
frozen_GE_teacher,CCC(=O)Nc1ccc2c(c1)OC[C@@H](C)N(C(=O)c1ccc(F)cc1)C[C@H](C)[C@@H](OC)CN(C)C2=O,9.9439,-0.05979926359365587,-0.05987069668513477,0.018773646111984583,-0.07864434279711935,-0.022650907915338903
frozen_GE_teacher,CCC(=O)Nc1ccc2c(c1)OC[C@@H](C)N(C(=O)c1cnccn1)C[C@H](C)[C@H](OC)CN(C)C2=O,9.92882,0.0287772522398138,0.028785199960233047,-0.023723471480497162,0.05250867144073021,-0.18105184115591197
frozen_GE_teacher,CCC(=O)Nc1ccc2c(c1)OC[C@@H](C)N(C(C)=O)C[C@@H](C)[C@@H](OC)CN(C)C2=O,9.94506,0.22557736997398734,0.22952478808804677,0.1721133905868659,0.05741139750118088,-0.16486415690094888
frozen_GE_teacher,CCC(=O)Nc1ccc2c(c1)OC[C@@H](C)N(CCc1ccccc1)C[C@@H](C)[C@H](OC)CN(C)C2=O,10.1224,0.2632637256334948,0.26961195898859175,0.016942882927535256,0.2526690760610565,0.45474270591170224
frozen_GE_teacher,CCC(=O)Nc1ccc2c(c1)OC[C@@H](C)N(Cc1ccccc1)C[C@@H](C)[C@@H](OC)CN(C)C2=O,10.079,0.2944284766754912,0.30340820009402847,0.030882035303064465,0.27252616479096403,0.13618386802517662
frozen_GE_teacher,CCC(=O)Nc1ccc2c(c1)OC[C@@H](C)N(Cc1cncnc1)C[C@H](C)[C@H](OC)CN(C)C2=O,9.97511,0.10557653842017195,0.10597144920696037,-0.03684282990383895,0.14281427911079933,-0.015379797631383578
frozen_GE_teacher,CCC(=O)Nc1ccc2c(c1)OC[C@@H](C)N(Cc1nccs1)C[C@H](C)[C@@H](OC)CN(C)C2=O,9.98046,-0.17375900795066973,-0.17554010805075268,-0.1919062322058302,0.016366124155077516,0.5707929967301835
frozen_GE_teacher,CCC(=O)Nc1ccc2c(c1)OC[C@H](C)N(C(=O)CC1CC1)C[C@H](C)[C@H](OC)CN(C)C2=O,9.9845,0.012558285409540786,0.012558945663312069,0.02708099821580904,-0.01452205255249697,0.24035414088634108
frozen_GE_teacher,CCC(=O)Nc1ccc2c(c1)OC[C@H](C)N(C(=O)COC)C[C@@H](C)[C@H](OC)CN(C)C2=O,10.0096,0.12980646615228839,0.13054299426909943,-0.015986639531475836,0.14652963380057527,0.09810040771566007
frozen_GE_teacher,CCC(=O)Nc1ccc2c(c1)OC[C@H](C)N(C(=O)c1cnccn1)C[C@H](C)[C@H](OC)CN(C)C2=O,9.94973,0.3876446726806172,0.40902519727966313,-0.03606533922186063,0.44509053650152375,0.13609275401757331
frozen_GE_teacher,CCC(=O)Nc1ccc2c(c1)OC[C@H](C)N(CC1CCCCC1)C[C@@H](C)[C@H](OC)CN(C)C2=O,9.97762,0.2548816863951277,0.2606267786773264,-0.009917872021019973,0.2705446506983464,0.14362321530222424
frozen_GE_teacher,CCC(=O)Nc1ccc2c(c1)OC[C@H](C)N(CCc1ccccc1)C[C@@H](C)[C@@H](OC)CN(C)C2=O,10.0737,0.03476766659103868,0.0347816857034661,-0.030653623475278613,0.06543530917874471,0.07157479452264101
frozen_GE_teacher,CCC(=O)Nc1ccc2c(c1)OC[C@H](C)N(CCc1ccccc1)C[C@H](C)[C@H](OC)CN(C)C2=O,10.0097,0.2917291542633814,0.30045522921401124,-0.012885010291321242,0.31334023950533246,0.40847586002462394
frozen_GE_teacher,CCC(=O)Nc1ccc2c(c1)OC[C@H](C)N(Cc1ccccc1)C[C@@H](C)[C@@H](OC)CN(C)C2=O,10.0995,0.0020014050503862073,0.0020014077226834476,0.025451806013236558,-0.02345039829055311,-0.013852880293731709
frozen_GE_teacher,CCC(=O)Nc1ccc2c(c1)OC[C@H](C)N(Cc1cncnc1)C[C@H](C)[C@H](OC)CN(C)C2=O,10.0329,0.0887896313422469,0.08902406854280986,-0.0017110305064563071,0.09073509904926617,-0.0938789545286806
frozen_GE_teacher,CCC(=O)Nc1ccc2c(c1)OC[C@H](C)N(Cc1nccs1)C[C@@H](C)[C@@H](OC)CN(C)C2=O,10.0395,0.2848337021291217,0.2929347370918864,0.058435071052101335,0.23449966603978506,-0.02763919594593981
frozen_GE_teacher,CCC(=O)Nc1cccc(-c2csc(-c3ccccc3)n2)c1,10.0,0.5436858082760525,0.6093733143192702,-0.07364569192533701,0.6830190062446072,-0.060001046651232126
frozen_GE_teacher,CCC(=O)O[C@H]1[C@H](O[C@@H]2[C@@H](C)[C@H](O[C@H]3C[C@@](C)(OC)[C@@H](O)[C@H](C)O3)[C@@H](C)C(=O)O[C@H](CC)[C@@](C)(O)[C@H](O)[C@@H](C)C(=O)[C@H](C)C[C@@]2(C)O)O[C@H](C)C[C@@H]1N(C)C,10.0,0.5111405217897101,0.5642724372966328,0.009680657572337251,0.5545917797242955,0.49532795175665656
frozen_GE_teacher,CCC(=O)Oc1ccc(NC(=O)c2ccco2)cc1,10.0,0.10457496396813061,0.10495869291183604,0.14805544346445593,-0.043096750552619884,0.07720214725317917
frozen_GE_teacher,CCC(C(=O)N1CCc2cc(OC)c(OC)cc2C1)c1ccccc1,10.0,-0.06913956536504363,-0.06925005124625237,0.13848639614815603,-0.20773644739440839,-0.0649283133210287
frozen_GE_teacher,CCC(C)C(=O)O[C@H]1C[C@H](O)C=C2C=C[C@H](C)[C@H](CC[C@@H](O)C[C@@H](O)CC(=O)O)C21,10.0,0.27446755188725286,0.2816889837555146,-0.051666131296591304,0.3333551150521059,0.18533188207487772
frozen_GE_teacher,CCC(NC(=O)Nc1nnc(C(F)(F)F)s1)(C(F)(F)F)C(F)(F)F,10.0,0.3456376378911633,0.36048099569613745,-0.051713527652017865,0.4121945233481553,0.19448510017992215
frozen_GE_teacher,CCC1(c2ccccc2)C(=O)NCNC1=O,10.0,-0.26942364894330434,-0.2762422560431227,0.007161478675885374,-0.28340373471900804,-0.04973728164001977
frozen_GE_teacher,CCC1=Nc2cc(C(=O)NCc3cccnc3)ccc2Sc2ccc(C)cc21,10.0,0.1569955178926685,0.15830478922040184,0.12407020138100941,0.03423458783939243,-0.08526849108821438
frozen_GE_teacher,CCC1Oc2ccc(C)cc2N(CC(=O)N(Cc2cccnc2)Cc2ccc(C)o2)C1=O,10.0,0.09828686438556149,0.09860520538061823,0.019372407326869026,0.0792327980537492,0.21032102249571683
frozen_GE_teacher,CCCC#Cc1ccc([C@@H]2[C@@H](C#N)N(S(C)(=O)=O)[C@H]2CO)cc1,10.2615,0.2832167113080376,0.291175856278409,-0.12852860664204713,0.4197044629204561,0.2533181532724331
frozen_GE_teacher,CCCC#Cc1ccc([C@@H]2[C@@H](CO)N(S(C)(=O)=O)[C@H]2C#N)cc1,10.0521,0.10593348481037942,0.10633243288686398,0.022155002794551994,0.08417743009231199,0.010610842635135426
frozen_GE_teacher,CCCC#Cc1ccc([C@H]2[C@@H](C#N)N(S(C)(=O)=O)[C@H]2CO)cc1,9.87547,0.31432188015030277,0.3253339132724876,0.12946039786383712,0.1958735154086505,0.0018185532431442553
frozen_GE_teacher,CCCC#Cc1ccc2c(c1)O[C@@H](CN(C)C(=O)CN(C)C)[C@@H](C)CN([C@@H](C)CO)S2(=O)=O,10.0657,0.0655298645535048,0.06562390561242792,0.022023619162972338,0.043600286449455586,0.01682932173108964
frozen_GE_teacher,CCCC#Cc1ccc2c(c1)O[C@H](CN(C)C(=O)Nc1ccccc1F)[C@@H](C)CN([C@H](C)CO)S2(=O)=O,10.0701,-0.05936678211572121,-0.05943667436179801,0.011795234350562544,-0.07123190871236056,0.05568474984734526
frozen_GE_teacher,CCCC#Cc1ccc2c(c1)O[C@H](CN(C)CC1CCOCC1)[C@@H](C)CN([C@@H](C)CO)S2(=O)=O,10.0627,0.13636782787964247,0.13722269378757168,0.19244322477266124,-0.055220530985089555,0.012630431508699996
frozen_GE_teacher,CCCC#Cc1ccc2c(c1)O[C@H](CN(C)CC1CCOCC1)[C@@H](C)CN([C@H](C)CO)S2(=O)=O,10.0112,0.09224623556571687,0.092509232025061,0.031896874343653236,0.06061235768140777,0.08290707643490906
frozen_GE_teacher,CCCC#Cc1cnc2c(c1)C(=O)N([C@@H](C)CO)C[C@@H](C)[C@@H](CN(C)C(=O)Nc1cccc(F)c1)O2,10.0012,-0.11139334475499356,-0.11185754630289996,-0.06448177504044439,-0.04737577126245557,0.0018657461206014053
frozen_GE_teacher,CCCC#Cc1cnc2c(c1)C(=O)N([C@@H](C)CO)C[C@@H](C)[C@H](CN(C)C(=O)Nc1cccc(F)c1)O2,9.98406,-0.03470868677212337,-0.034722634625181104,0.07008546785781129,-0.1048081024829924,-0.12912533885561756
frozen_GE_teacher,CCCC#Cc1cnc2c(c1)C(=O)N([C@@H](C)CO)C[C@@H](C)[C@H](CN(C)S(=O)(=O)c1cn(C)cn1)O2,10.0467,-0.017017667758665637,-0.0170193108221321,-0.029132625128773577,0.012113314306641476,0.37772460538704844
frozen_GE_teacher,CCCC#Cc1cnc2c(c1)C(=O)N([C@@H](C)CO)C[C@H](C)[C@@H](CN(C)C(=O)Nc1cccc(F)c1)O2,10.0698,-0.10545384727491283,-0.10584737670581602,0.035890031255313065,-0.1417374079611291,0.03663653951641284
frozen_GE_teacher,CCCC#Cc1cnc2c(c1)C(=O)N([C@@H](C)CO)C[C@H](C)[C@@H](CN(C)C(=O)c1ccccc1)O2,9.99578,0.2661288695134257,0.272692974266191,0.10034733803120062,0.17234563623499038,0.25491629294481793
frozen_GE_teacher,CCCC#Cc1cnc2c(c1)C(=O)N([C@@H](C)CO)C[C@H](C)[C@@H](CN(C)S(=O)(=O)c1cn(C)cn1)O2,10.056,-0.22362333540182014,-0.22746694412812493,-0.04123456584586687,-0.18623237828225805,-0.04769814397329495
frozen_GE_teacher,CCCC#Cc1cnc2c(c1)C(=O)N([C@@H](C)CO)C[C@H](C)[C@H](CN(C)C(=O)Nc1cccc(F)c1)O2,10.0948,-0.04329804967622279,-0.04332513740777791,-0.05657807909236719,0.013252941684589278,-0.12664075028962818
frozen_GE_teacher,CCCC#Cc1cnc2c(c1)C(=O)N([C@@H](C)CO)C[C@H](C)[C@H](CN(C)Cc1ccccc1F)O2,10.0558,0.06416578674934766,0.06425406709186317,0.02578102392771585,0.03847304316414732,0.00981692871441641
frozen_GE_teacher,CCCC#Cc1cnc2c(c1)C(=O)N([C@H](C)CO)C[C@@H](C)[C@@H](CN(C)S(=O)(=O)c1cccc(OC)c1)O2,10.0147,-0.05154466710227598,-0.05159038887281158,0.03622801546763464,-0.08781840434044622,0.15120049935770385
frozen_GE_teacher,CCCC#Cc1cnc2c(c1)C(=O)N([C@H](C)CO)C[C@@H](C)[C@H](CN(C)C(=O)CCN1CCCCC1)O2,10.0107,0.01154402265828033,0.01154453550193252,-0.0019163394325018733,0.013460874934434392,-0.0023579518860271714
frozen_GE_teacher,CCCC#Cc1cnc2c(c1)C(=O)N([C@H](C)CO)C[C@H](C)[C@@H](CN(C)C(=O)c1ccccc1)O2,10.0087,-0.22580646521372186,-0.2297661790207845,-0.007335762571070867,-0.22243041644971362,-0.013259777286786619
frozen_GE_teacher,CCCC#Cc1cnc2c(c1)C(=O)N([C@H](C)CO)C[C@H](C)[C@@H](CN(C)S(=O)(=O)c1cccc(OC)c1)O2,9.98846,0.321493800828014,0.33331221360240865,-0.008304292378373056,0.3416165059807817,0.21736473169211185
frozen_GE_teacher,CCCC#Cc1cnc2c(c1)C(=O)N([C@H](C)CO)C[C@H](C)[C@@H](CN(C)S(=O)(=O)c1cn(C)cn1)O2,10.0333,0.41672983332752644,0.4437280369028618,-0.04149521450482849,0.4852232514076903,0.09418285642891722
frozen_GE_teacher,CCCC#Cc1cnc2c(c1)C(=O)N([C@H](C)CO)C[C@H](C)[C@H](CN(C)C(=O)c1ccccc1)O2,10.0324,0.42302344530997676,0.45136872068219813,0.016950019069974804,0.43441870161222335,0.278851036759558
frozen_GE_teacher,CCCC(=O)NC(=S)N1CCN(c2ccc([N+](=O)[O-])cc2)CC1,10.0,0.1357868857194133,0.13663079132367606,0.0460474329329683,0.09058335839070776,0.14695131539500023
frozen_GE_teacher,CCCC(=O)Nc1ccc2c(c1)C(=O)N(C)C[C@@H](OC)[C@@H](C)CN(C(=O)C1CCCC1)[C@H](C)CO2,10.0395,0.5497493797416263,0.6180220723544851,0.13938144849419504,0.4786406238602901,0.2943704640393676
frozen_GE_teacher,CCCC(=O)Nc1ccc2c(c1)C(=O)N(C)C[C@@H](OC)[C@@H](C)CN(C(=O)CC1CC1)[C@H](C)CO2,10.0192,-0.40691706815228895,-0.4319109362450524,0.08975176185482342,-0.5216626980998758,0.2034679304110481
frozen_GE_teacher,CCCC(=O)Nc1ccc2c(c1)C(=O)N(C)C[C@@H](OC)[C@@H](C)CN(C(=O)c1ccccc1F)[C@H](C)CO2,10.0092,0.4928427222130491,0.539808140223327,0.0496047390812504,0.4902034011420766,0.08927607997505677
frozen_GE_teacher,CCCC(=O)Nc1ccc2c(c1)C(=O)N(C)C[C@@H](OC)[C@@H](C)CN(C(=O)c1ccccn1)[C@@H](C)CO2,10.031,0.2271839242391562,0.23121812316645593,-0.035034497107509256,0.2662526202739652,0.03984191320170221
frozen_GE_teacher,CCCC(=O)Nc1ccc2c(c1)C(=O)N(C)C[C@@H](OC)[C@@H](C)CN(C(=O)c1ccccn1)[C@H](C)CO2,10.082,0.48649824768150624,0.5314625108767208,0.04930496338819486,0.48215754748852596,0.10756741798227014
frozen_GE_teacher,CCCC(=O)Nc1ccc2c(c1)C(=O)N(C)C[C@@H](OC)[C@@H](C)CN(C)[C@@H](C)CO2,9.85625,0.13445930224969577,0.13527851748606115,0.13973211614257103,-0.004453598656509877,-0.24286105232118654
frozen_GE_teacher,CCCC(=O)Nc1ccc2c(c1)C(=O)N(C)C[C@@H](OC)[C@@H](C)CN(CC1CCCC1)[C@@H](C)CO2,9.99451,-0.20177430263058568,-0.20458147151264747,0.03344992893185937,-0.23803140044450682,-0.007704729863803248
frozen_GE_teacher,CCCC(=O)Nc1ccc2c(c1)C(=O)N(C)C[C@@H](OC)[C@@H](C)CN(CCc1ccccc1)[C@@H](C)CO2,10.0459,0.0805017143310628,0.08067629146433936,0.04215922472248733,0.03851706674185203,0.18023300876721715
frozen_GE_teacher,CCCC(=O)Nc1ccc2c(c1)C(=O)N(C)C[C@@H](OC)[C@@H](C)CN(CCc1ccccc1)[C@H](C)CO2,10.0584,0.6174912130968352,0.720939984332042,0.06471186050581706,0.6562281238262249,0.5134221486364847
frozen_GE_teacher,CCCC(=O)Nc1ccc2c(c1)C(=O)N(C)C[C@@H](OC)[C@@H](C)CN(Cc1cncnc1)[C@H](C)CO2,10.047,0.19659987789553537,0.199193252501634,-0.013357227466562583,0.2125504799681966,0.5756180243856657
frozen_GE_teacher,CCCC(=O)Nc1ccc2c(c1)C(=O)N(C)C[C@@H](OC)[C@@H](C)CN(Cc1nccs1)[C@H](C)CO2,10.0368,0.237957229236443,0.2426076103255258,-0.004082261870761945,0.24668987219628774,0.27289455310344946
frozen_GE_teacher,CCCC(=O)Nc1ccc2c(c1)C(=O)N(C)C[C@@H](OC)[C@H](C)CN(C(=O)c1ccccc1F)[C@H](C)CO2,10.0205,0.21458168706174138,0.21796927371709188,0.0914895392693974,0.12647973444769448,0.1132394342941328
frozen_GE_teacher,CCCC(=O)Nc1ccc2c(c1)C(=O)N(C)C[C@@H](OC)[C@H](C)CN(C(=O)c1ccncc1)[C@H](C)CO2,10.346,0.06908640133531338,0.06919663205415769,-0.05318741884529518,0.12238405089945287,-0.2463929560975405
frozen_GE_teacher,CCCC(=O)Nc1ccc2c(c1)C(=O)N(C)C[C@@H](OC)[C@H](C)CN(C(C)=O)[C@@H](C)CO2,9.95139,-0.027279538171673036,-0.027286308095158855,0.12486101138196147,-0.15214731947712032,-0.204979365463926
frozen_GE_teacher,CCCC(=O)Nc1ccc2c(c1)C(=O)N(C)C[C@@H](OC)[C@H](C)CN(C)[C@@H](C)CO2,10.0758,0.2066687879691805,0.20968898502628322,0.05228727776086116,0.15740170726542208,-0.013125713331912377
frozen_GE_teacher,CCCC(=O)Nc1ccc2c(c1)C(=O)N(C)C[C@@H](OC)[C@H](C)CN(CCC(F)(F)F)[C@@H](C)CO2,10.081781,-0.20275896759610004,-0.20560813939791417,-0.009790808989441804,-0.19581733040847238,0.45904236971532214
frozen_GE_teacher,CCCC(=O)Nc1ccc2c(c1)C(=O)N(C)C[C@H](OC)[C@@H](C)CN(C(=O)C1CCCC1)[C@@H](C)CO2,9.98859,0.21502597267613127,0.21843505060546456,0.012473757006635083,0.20596129359882948,0.07573838045807291
frozen_GE_teacher,CCCC(=O)Nc1ccc2c(c1)C(=O)N(C)C[C@H](OC)[C@@H](C)CN(C(=O)c1ccccn1)[C@@H](C)CO2,10.04,-0.062418900395030744,-0.06250015424848723,-0.0329196682923682,-0.029580485956119035,0.23699690282653013
frozen_GE_teacher,CCCC(=O)Nc1ccc2c(c1)C(=O)N(C)C[C@H](OC)[C@@H](C)CN(C(C)=O)[C@@H](C)CO2,10.0026,0.37320650887989576,0.39214333769062065,0.026415976111954283,0.36572736157866637,-0.04348670054021874
frozen_GE_teacher,CCCC(=O)Nc1ccc2c(c1)C(=O)N(C)C[C@H](OC)[C@@H](C)CN(Cc1ccccc1)[C@@H](C)CO2,9.96518,0.1496632547494159,0.1507959573035537,0.08215435464407686,0.06864160265947683,0.04072417252090911
frozen_GE_teacher,CCCC(=O)Nc1ccc2c(c1)C(=O)N(C)C[C@H](OC)[C@H](C)CN(C(=O)c1cnccn1)[C@H](C)CO2,9.94223,0.38195660682634236,0.40234846726370566,0.14987063857051786,0.2524778286931878,0.17280728075214258
frozen_GE_teacher,CCCC(=O)Nc1ccc2c(c1)C(=O)N(C)C[C@H](OC)[C@H](C)CN(C(C)=O)[C@H](C)CO2,10.062,0.21368036434067955,0.21702463736282743,0.07984699863988398,0.13717763872294345,0.15729210813096248
frozen_GE_teacher,CCCC(=O)Nc1ccc2c(c1)C(=O)N(C)C[C@H](OC)[C@H](C)CN(CC1CCCC1)[C@H](C)CO2,9.99209,0.1285183351587344,0.12923300868997556,0.019628924283184395,0.10960408440679116,0.025475769344575256
frozen_GE_teacher,CCCC(=O)Nc1ccc2c(c1)C(=O)N(C)C[C@H](OC)[C@H](C)CN(CCC(F)(F)F)[C@@H](C)CO2,10.058555,-0.38944997336320264,-0.4111515056454112,-9.771448402368793e-05,-0.4110537911613875,0.39748570711311826
frozen_GE_teacher,CCCC(=O)Nc1ccc2c(c1)C(=O)N(C)C[C@H](OC)[C@H](C)CN(Cc1ccccc1F)[C@H](C)CO2,10.0368,0.42843482839470065,0.4579780427186243,0.051298855314417954,0.40667918740420633,0.2767779397607801
frozen_GE_teacher,CCCC(=O)Nc1ccc2c(c1)C(=O)N(C)C[C@H](OC)[C@H](C)CN(Cc1nccs1)[C@@H](C)CO2,10.0897,0.2221263532694306,0.22589171497312743,0.04295052825001515,0.18294118672311227,-0.3882450289486965
frozen_GE_teacher,CCCC(=O)Nc1ccc2c(c1)C(=O)N(C)C[C@H](OC)[C@H](C)CN(Cc1nccs1)[C@H](C)CO2,9.93833,-0.021474219863737782,-0.02147752166642831,0.047694290224205425,-0.06917181189063373,-0.1228493379295143
frozen_GE_teacher,CCCC(=O)Nc1ccc2c(c1)C(=O)N(C)[C@@H]1CC[C@@H](CC(=O)NCc3cccc(F)c3)O[C@@H]1CO2,10.342,-0.02938909687957825,-0.029397562574473915,-0.09159449289411187,0.06219693031963795,0.27464108272966564
frozen_GE_teacher,CCCC(=O)Nc1ccc2c(c1)C(=O)N(C)[C@@H]1CC[C@@H](CC(=O)NCc3cccc(F)c3)O[C@H]1CO2,9.78312,0.5810228822766067,0.6640055018028914,0.05095539915483521,0.6130501026480561,-0.3836566499405172
frozen_GE_teacher,CCCC(=O)Nc1ccc2c(c1)C(=O)N(C)[C@H]1CC[C@H](CC(=O)NCc3cccc(F)c3)O[C@@H]1CO2,10.0116,0.5490874178148555,0.6170738920922202,0.003276531746247287,0.6137973603459729,0.006246831243871416
frozen_GE_teacher,CCCC(=O)Nc1ccc2c(c1)C(=O)N(C)[C@H]1CC[C@H](CC(=O)NCc3cccc(F)c3)O[C@H]1CO2,9.90194,0.48986154063946447,0.5358781455310853,0.039268408522665034,0.4966097370084202,-0.19101806739874128
frozen_GE_teacher,CCCC(=O)Nc1ccc2c(c1)OC[C@@H](C)N(C(=O)c1cccnc1)C[C@H](C)[C@H](OC)CN(C)C2=O,10.0663,0.021009467289156095,0.021012559285034385,0.002197915797456219,0.018814643487578164,-0.24291242802596402
frozen_GE_teacher,CCCC(=O)Nc1ccc2c(c1)OC[C@@H](C)N(Cc1ccccn1)C[C@@H](C)[C@@H](OC)CN(C)C2=O,10.006,-0.401832146370968,-0.425831964880565,-0.05722230503575465,-0.36860965984481037,0.13571589053536168
frozen_GE_teacher,CCCC(=O)Nc1ccc2c(c1)OC[C@@H](C)N(Cc1ccccn1)C[C@H](C)[C@@H](OC)CN(C)C2=O,9.98359,0.1958255355220993,0.1983879046513239,-0.04944141543924335,0.24782932009056724,0.2555746268748066
frozen_GE_teacher,CCCC(=O)Nc1ccc2c(c1)OC[C@@H](C)N(Cc1ccncc1)C[C@@H](C)[C@@H](OC)CN(C)C2=O,10.0113,-0.2111263519379264,-0.2143499544110672,0.006745387194323178,-0.22109534160539038,0.1478119040865379
frozen_GE_teacher,CCCC(=O)Nc1ccc2c(c1)OC[C@@H](C)N(S(=O)(=O)c1cn(C)cn1)C[C@H](C)[C@@H](OC)CN(C)C2=O,10.0162,0.3481968346575466,0.363390338943491,0.050850290612662635,0.3125400483308284,0.11746876176837798
frozen_GE_teacher,CCCC(=O)Nc1ccc2c(c1)OC[C@H](C)N(C(=O)CN(C)C)C[C@H](C)[C@@H](OC)CN(C)C2=O,10.0698,0.34443492134765485,0.35911574585924994,-0.021552221852273033,0.38066796771152295,-0.04467974778149151
frozen_GE_teacher,CCCC(=O)Nc1ccc2c(c1)OC[C@H](C)N(Cc1ccc(-c3ccccn3)cc1)C[C@@H](C)[C@@H](OC)CN(C)C2=O,9.94223,-0.15593936351127619,-0.1572221289751851,-0.01781214866536388,-0.1394099803098212,0.013010352184736122
frozen_GE_teacher,CCCC(=O)Nc1ccc2c(c1)OC[C@H](C)N(Cc1ccc(-c3ccccn3)cc1)C[C@@H](C)[C@H](OC)CN(C)C2=O,10.0194,-0.2676866045937184,-0.27437019452502304,0.04886868489111392,-0.32323887941613694,0.3468149614791846
frozen_GE_teacher,CCCC(=O)Nc1ccc2c(c1)OC[C@H](C)N(Cc1ccc(-c3ccccn3)cc1)C[C@H](C)[C@H](OC)CN(C)C2=O,9.95711,0.2844890416148667,0.29255968534305427,-0.020921779049147413,0.3134814643922017,-0.27199525162954225
frozen_GE_teacher,CCCC(=O)Nc1ccc2c(c1)OC[C@H](C)N(Cc1ccncc1)C[C@@H](C)[C@@H](OC)CN(C)C2=O,10.0911,-0.2150536394803402,-0.2184640588105227,0.0241280328393511,-0.2425920916498738,-0.009435256032463838
frozen_GE_teacher,CCCC(=O)Nc1ccc2c(c1)OC[C@H](C)NC[C@@H](C)[C@@H](OC)CN(C)C2=O,10.0893,0.02456947563433487,0.024574421288538206,0.0027233883058255725,0.021851032982712633,-0.11281334546696636
frozen_GE_teacher,CCCC(=O)Nc1ccc2c(c1)OC[C@H](C)NC[C@@H](C)[C@H](OC)CN(C)C2=O,10.0224,0.1250109631533431,0.12566835132760823,-0.027711484543058218,0.15337983587066645,0.17965878993238468
frozen_GE_teacher,CCCC(O)C#Cc1cnc2c(c1)C(=O)N([C@H](C)CO)C[C@H](C)[C@H](CN(C)C(=O)NC1CCCCC1)O2,10.1217,0.5750383211891069,0.6550179422610791,0.04154864231406235,0.6134692999470168,-0.1919681993800637
frozen_GE_teacher,CCCC(O)C#Cc1cnc2c(c1)C(=O)N([C@H](C)CO)C[C@H](C)[C@H](CN(C)Cc1ccc(F)cc1)O2,9.8853,0.591289883057081,0.6796470346571396,-0.09041631156136648,0.770063346218506,0.1816639082407896
frozen_GE_teacher,CCCCC(=O)N(Cc1ccc(-c2ccccc2-c2nn[nH]n2)cc1)[C@H](C(=O)O)C(C)C,10.0,0.30868812792411254,0.3190947145048293,0.06693787794647105,0.25215683655835824,-0.044716413608724
frozen_GE_teacher,CCCCC(=O)NCCc1c(Cc2ccccc2)[nH]c2ccccc12,10.0,-0.12608235848132668,-0.12675690450238922,-0.06281324759248473,-0.06394365690990449,0.10564287031824869
frozen_GE_teacher,CCCCC(=O)Nc1ccc2c(c1)nc1n2CCSC1,10.0,0.33546641878044353,0.34897523711597783,0.05940088586816619,0.2895743512478116,0.19322213127892315
frozen_GE_teacher,CCCCC(=O)Oc1ccccc1C(=O)O,10.0,0.29672473809305083,0.3059242818595639,0.07524587838635369,0.2306784034732102,-0.05351611019921711
frozen_GE_teacher,CCCCC(Sc1nc(C)c(Cc2ccccc2)c(O)n1)C(=O)O,10.0,0.6007649887263705,0.6943433338685271,0.12772534253795453,0.5666179913305726,0.07056015743502442
frozen_GE_teacher,CCCCCC=CCC=CCC=CCC=CCCCC(=O)NCCCC(=O)O,10.0,0.12393493629107935,0.1245753905487973,-0.03478676627545125,0.15936215682424854,0.11000053987197567
frozen_GE_teacher,CCCCCCCCCc1ccc(O)cc1,10.0,0.26546089401428796,0.2719742210304521,0.002825162367284079,0.269149058663168,0.10240009954277221
frozen_GE_teacher,CCCCCCCCc1n[nH]c(S)n1,10.0,0.14700055492000755,0.14807335199500932,-0.052577166145183124,0.20065051814019244,-0.12072722312133408
frozen_GE_teacher,CCCCCCN(CCCCCC)C(=O)Cc1c(-c2ccc(Cl)cc2)[nH]c2ccc(Cl)cc12,10.0,-0.10035115499750813,-0.100690062345436,0.06247170752287304,-0.16316176986830905,-0.0012684043763545733
frozen_GE_teacher,CCCCC[C@H](O)/C=C/[C@H]1[C@H](O)CC(=O)[C@@H]1CCCCCCC(=O)O,10.0,0.305772320688739,0.3158749932230351,-0.030035176355778757,0.3459101695788138,0.27081005545616915
frozen_GE_teacher,CCCCCn1c(=O)c(-c2nc3ccccc3[nH]2)c(O)c2ccccc21,10.0,0.45678724194494996,0.4932438539856167,0.0015479073794733627,0.49169594660614335,0.10852304885578519
frozen_GE_teacher,CCCCCn1c(=O)c(C(=O)NC(C)c2ccccc2)c(O)c2ccccc21,10.0,0.585938468435941,0.6714585074978923,-0.1101011948399738,0.7815597023378661,-0.03739589224967127
frozen_GE_teacher,CCCCCn1c(SCCc2ccccc2)nc2c1c(=O)[nH]c(=O)n2C,10.0,0.23488335393297985,0.23935174681141308,0.09858284569704348,0.1407689011143696,0.33720190800400085
frozen_GE_teacher,CCCCN(C)CCOc1ccccc1OCC,10.0,0.5387309033975178,0.6023658353055488,-0.07896108591807646,0.6813269212236253,0.2268041722757099
frozen_GE_teacher,CCCCN1C(=O)[C@H]2Cc3c([nH]c4ccccc34)[C@H](c3ccc(OC)cc3)N2C1=O,10.0,-0.1071946511964229,-0.10760808563555825,0.08461578841038726,-0.19222387404594551,0.039703589362981184
frozen_GE_teacher,CCCCc1c(-c2ccc(OC)cc2)[nH]c2nccnc12,10.0,0.07836674820561194,0.07852776775338995,0.002159673559950737,0.0763680941934392,-0.10092175222835491
frozen_GE_teacher,CCCCn1c(S)nnc1-c1csc(CC)c1,10.0,0.17083294880266017,0.1725245262144735,0.06434587405188617,0.10817865216258733,-0.10442734956343402
frozen_GE_teacher,CCCCn1c(S)nnc1Cc1ccccc1,10.0,-0.1390384814012324,-0.13994496927232108,0.015031207123059321,-0.15497617639538042,0.2209927462578391
frozen_GE_teacher,CCCCn1c(SCN2C(=O)c3ccccc3C2=O)nc2cc(S(N)(=O)=O)ccc21,10.0,-0.17788382770306307,-0.17979651360058369,-0.09870029253408208,-0.0810962210665016,0.01741292017302934
frozen_GE_teacher,CCCN(C)C[C@@H]1OCCCC[C@@H](C)Oc2ccc(NC(=O)CCC(F)(F)F)cc2C(=O)N([C@@H](C)CO)C[C@@H]1C,10.0451,-0.4024474211487025,-0.42656593465276027,-0.02480668820122554,-0.4017592464515347,-0.12146798280195105
frozen_GE_teacher,CCCN(C)C[C@@H]1OCCCC[C@@H](C)Oc2ccc(NC(=O)NC3CCCCC3)cc2C(=O)N([C@H](C)CO)C[C@@H]1C,10.2564,0.023493537172400394,0.023497860994619573,0.05089253701965152,-0.027394676025031945,-0.0846267720075736
frozen_GE_teacher,CCCN(C)C[C@@H]1OCCCC[C@@H](C)Oc2ccc(NS(=O)(=O)c3ccc(Cl)cc3)cc2C(=O)N([C@H](C)CO)C[C@@H]1C,10.223,0.28812465605640336,0.2965199336403226,0.03448256181866724,0.2620373718216553,0.05137033314550986
frozen_GE_teacher,CCCN(C)C[C@@H]1OCCCC[C@@H](C)Oc2ccc(NS(=O)(=O)c3ccc(OC)cc3)cc2C(=O)N([C@H](C)CO)C[C@@H]1C,10.4149,-0.05061880789199447,-0.050662107389894476,-0.03967649273122535,-0.010985614658669124,0.24846208212591187
frozen_GE_teacher,CCCN(C)C[C@@H]1OCCCC[C@@H](C)Oc2ccc(NS(C)(=O)=O)cc2C(=O)N([C@@H](C)CO)C[C@@H]1C,10.021,-0.03762956419926371,-0.03764734025896848,-0.016523064218141703,-0.021124276040826777,-0.3673598353818393
frozen_GE_teacher,CCCN(C)C[C@@H]1OCCCC[C@@H](C)Oc2ccc(NS(C)(=O)=O)cc2C(=O)N([C@H](C)CO)C[C@@H]1C,9.82179,0.00636673699856475,0.006366823026606727,0.021762355582880907,-0.01539553255627418,-0.04760704754096523
frozen_GE_teacher,CCCN(C)C[C@@H]1OCCCC[C@H](C)Oc2ccc(N(C)C)cc2C(=O)N([C@H](C)CO)C[C@@H]1C,10.0948,0.144765203367461,0.14578939260888757,-0.009375558281206012,0.15516495089009358,-0.049564547296662875
frozen_GE_teacher,CCCN(C)C[C@@H]1OCCCC[C@H](C)Oc2ccc(NS(C)(=O)=O)cc2C(=O)N([C@@H](C)CO)C[C@H]1C,9.90925,0.4525670826927157,0.48792387161993256,0.021860278873170887,0.4660635927467617,-0.2620218861090478
frozen_GE_teacher,CCCN(C)C[C@@H]1Oc2cc(C#Cc3cccc(OC)c3)ccc2S(=O)(=O)N([C@@H](C)CO)C[C@@H]1C,10.0218,0.08647954871179762,0.08669610651250396,0.06275678149931144,0.023939325013192528,0.014739566187370004
frozen_GE_teacher,CCCN(C)C[C@@H]1Oc2ncc(-c3ccccc3)cc2C(=O)N([C@@H](C)CO)C[C@H]1C,10.0101,-0.05235180419194778,-0.05239971005657116,0.039974761530705304,-0.09237447158727646,0.03071337893302902
frozen_GE_teacher,CCCN(C)C[C@H]1OCCCC[C@@H](C)Oc2ccc(NC(=O)CCCN(C)C)cc2C(=O)N([C@H](C)CO)C[C@@H]1C,10.3044,0.1372914911036209,0.13816398018229248,0.010369257668188442,0.12779472251410404,-0.00818991826466817
frozen_GE_teacher,CCCN(C)C[C@H]1OCCCC[C@@H](C)Oc2ccc(NC(=O)Cc3ccccc3)cc2C(=O)N([C@H](C)CO)C[C@H]1C,9.97547,0.39456421898690386,0.41719437984706886,-0.03786228521669039,0.45505666506375925,-0.05806720161506431
frozen_GE_teacher,CCCN(C)C[C@H]1OCCCC[C@@H](C)Oc2ccc(NC(=O)Nc3ccccc3)cc2C(=O)N([C@H](C)CO)C[C@@H]1C,9.97292,-0.49932580158567,-0.5484076167302874,0.04455497211027662,-0.592962588840564,0.27529734042840326
frozen_GE_teacher,CCCN(C)C[C@H]1OCCCC[C@@H](C)Oc2ccc(NC(=O)c3ccccc3)cc2C(=O)N([C@@H](C)CO)C[C@H]1C,9.9644,0.025566866035908634,0.02557243894051008,0.030287353685441512,-0.004714914744931433,-0.22193861615843052
frozen_GE_teacher,CCCN(C)C[C@H]1OCCCC[C@@H](C)Oc2ccc(NC(=O)c3ccncc3)cc2C(=O)N([C@H](C)CO)C[C@@H]1C,9.89101,0.014041678007926212,0.014042600977016194,-0.03753493806852644,0.05157753904554263,0.2688094202598201
frozen_GE_teacher,CCCN(C)C[C@H]1OCCCC[C@@H](C)Oc2ccc(NS(=O)(=O)c3ccc(Cl)cc3)cc2C(=O)N([C@@H](C)CO)C[C@H]1C,9.97116,0.17282441311267002,0.1745765783197913,-0.06813909689543579,0.24271567521522708,0.15256322445385398
frozen_GE_teacher,CCCN(C)C[C@H]1OCCCC[C@@H](C)Oc2ccc(NS(=O)(=O)c3ccc(OC)cc3)cc2C(=O)N([C@@H](C)CO)C[C@H]1C,10.106,-0.16293092355871494,-0.16439608000922445,-0.03772583867663023,-0.12667024133259422,-0.2016404145242581
frozen_GE_teacher,CCCN(C)C[C@H]1OCCCC[C@@H](C)Oc2ccc(NS(=O)(=O)c3cn(C)cn3)cc2C(=O)N([C@H](C)CO)C[C@@H]1C,10.175,0.025080303142839443,0.02508556381261228,0.0358203849338418,-0.010734821121229518,-0.03619069345805889
frozen_GE_teacher,CCCN(C)C[C@H]1OCCCC[C@H](C)Oc2ccc(NC(=O)CCC(F)(F)F)cc2C(=O)N([C@@H](C)CO)C[C@H]1C,9.97595,-0.2522398281316393,-0.2578033943063176,0.010973177866894576,-0.26877657217321216,-0.02376986305805953
frozen_GE_teacher,CCCN(C)C[C@H]1OCCCC[C@H](C)Oc2ccc(NC(=O)CCCN(C)C)cc2C(=O)N([C@H](C)CO)C[C@@H]1C,10.063,0.11245358864950948,0.11293124032031383,0.07040334445221524,0.04252789586809859,0.13262539561294218
frozen_GE_teacher,CCCN(C)C[C@H]1OCCCC[C@H](C)Oc2ccc(NC(=O)Nc3ccc(F)cc3)cc2C(=O)N([C@@H](C)CO)C[C@H]1C,10.0217,0.47669625977279445,0.5187002769548106,0.012247663680866362,0.5064526132739442,0.4537450600881513
frozen_GE_teacher,CCCN(C)C[C@H]1OCCCC[C@H](C)Oc2ccc(NC(=O)c3ccccc3)cc2C(=O)N([C@@H](C)CO)C[C@H]1C,10.0176,0.37199872230798314,0.3907408380077184,0.0335172422001085,0.35722359580760993,0.34240404241884287
frozen_GE_teacher,CCCN(C)C[C@H]1OCCCC[C@H](C)Oc2ccc(NC(=O)c3ccncc3)cc2C(=O)N([C@H](C)CO)C[C@H]1C,9.8829,0.09023695571654528,0.09048308372846248,-0.026895412265107922,0.11737849599357039,0.17391356789544454
frozen_GE_teacher,CCCN(C)C[C@H]1OCCCC[C@H](C)Oc2ccc(NS(=O)(=O)c3ccc(OC)cc3)cc2C(=O)N([C@@H](C)CO)C[C@H]1C,10.0628,0.1169804098609482,0.1175184372483884,-0.019764054574325906,0.1372824918227143,0.14579821284688377
frozen_GE_teacher,CCCN(C)C[C@H]1OCCCC[C@H](C)Oc2ccc(NS(=O)(=O)c3ccc(OC)cc3)cc2C(=O)N([C@H](C)CO)C[C@H]1C,10.0927,0.1307864686540408,0.13153992186484173,0.037986849321636526,0.0935530725432052,0.05904992782250977
frozen_GE_teacher,CCCN(C)C[C@H]1Oc2cc(C#CCC3CCCC3)ccc2S(=O)(=O)N([C@@H](C)CO)C[C@@H]1C,10.0208,-0.02026011137415126,-0.020262884127307073,0.034952708665667104,-0.05521559279297418,0.08683254503478004
frozen_GE_teacher,CCCN(C)C[C@H]1Oc2cc(C#CCC3CCCC3)ccc2S(=O)(=O)N([C@@H](C)CO)C[C@H]1C,10.0092,0.2825643524993042,0.29046674972827846,-0.012012493850321958,0.3024792435786004,-0.009844724324541188
frozen_GE_teacher,CCCN(C)C[C@H]1Oc2ncc(-c3ccccc3)cc2C(=O)N([C@@H](C)CO)C[C@@H]1C,10.0572,0.08262539290265175,0.08281419349639677,-0.04893179217099716,0.13174598566739393,0.208687994037456
frozen_GE_teacher,CCCN(CCC)CC1CCCCN1CCNC(=O)N1c2ccccc2C(=O)Nc2cccnc21,10.0,0.7386757128236097,0.9475584510829138,0.2657155718321752,0.6818428792507386,0.13774935060371624
frozen_GE_teacher,CCCN(CCC)CCNC(=O)c1cc2c(C)nc3ccccc3c2o1,10.0,0.3697692361857037,0.38815575990411183,0.11301681980081324,0.2751389401032986,-0.020286242930030937
frozen_GE_teacher,CCCN(CCC)CCc1cccc2c1CC(=O)N2,10.0,0.09933398837743,0.09966265387164362,0.0050158451424259995,0.09464680872921763,-0.07013762531342413
frozen_GE_teacher,CCCN(CCC)[C@@H]1CCc2c(OC)cccc2[C@@H]1C,10.0,0.22296952154818814,0.22677881945766476,0.020733792607547083,0.20604502685011766,0.13305121285820354
frozen_GE_teacher,CCCN1CCO[C@@H]2c3cc(O)ccc3OC[C@H]21,10.0,0.6264641639526721,0.7355748832533981,0.1060829213221076,0.6294919619312905,0.2215563490259877
frozen_GE_teacher,CCCN1CCc2cccc3c2[C@H]1Cc1ccc(O)c(O)c1-3,10.0,-0.0054336860708265365,-0.005433739548200115,-0.0034077607106829527,-0.002025978837517162,0.1403050297053921
frozen_GE_teacher,CCCN1C[C@@H](C)[C@@H](OC)CN(C)C(=O)c2cc(NC(=O)Nc3ccccc3F)ccc2OC[C@@H]1C,10.0593,0.16437697160517195,0.16588192310605532,-0.022557923673191038,0.18843984677924636,0.31313227339807126
frozen_GE_teacher,CCCN1C[C@@H](C)[C@@H](OC)CN(C)C(=O)c2cc(NC(=O)c3cccc(F)c3)ccc2OC[C@H]1C,10.08,-0.035977690292677306,-0.035993225464178456,-0.0018648484791092476,-0.03412837698506921,-0.14883009359782207
frozen_GE_teacher,CCCN1C[C@@H](C)[C@@H](OC)CN(C)C(=O)c2cc(NS(=O)(=O)CC)ccc2OC[C@@H]1C,9.99584,0.1608600544243624,0.16226947130119304,-0.027036621754425307,0.18930609305561835,0.03391501362686858
frozen_GE_teacher,CCCN1C[C@@H](C)[C@@H](OC)CN(C)C(=O)c2cc(NS(=O)(=O)c3ccccc3)ccc2OC[C@H]1C,10.0184,0.19337903574429968,0.19584510755338835,0.031247254325832342,0.16459785322755602,0.2525185937193055
frozen_GE_teacher,CCCN1C[C@@H](C)[C@@H](OC)CN(C)C(=O)c2cc(NS(C)(=O)=O)ccc2OC[C@H]1C,10.0418,0.20336112828077132,0.20623619704643867,-0.0044652653480902705,0.21070146239452894,0.20268182427831938
frozen_GE_teacher,CCCN1C[C@@H](C)[C@@H](OC)CN(C)C(=O)c2ccc(NC(=O)Nc3c(C)noc3C)cc2OC[C@@H]1C,10.0153,0.4092625701256537,0.4347251045288186,0.10112411798896064,0.3336009865398579,-0.11698394648287126
frozen_GE_teacher,CCCN1C[C@@H](C)[C@@H](OC)CN(C)C(=O)c2ccc(NC(=O)Nc3c(C)noc3C)cc2OC[C@H]1C,9.98485,-0.0041341998634603855,-0.004134223417077118,0.09144317766974633,-0.09557740108682344,-0.17756874963935948
frozen_GE_teacher,CCCN1C[C@@H](C)[C@@H](OC)CN(C)C(=O)c2ccc(NS(=O)(=O)c3cn(C)cn3)cc2OC[C@@H]1C,10.099,0.3505129644445759,0.36602844883283614,-0.05287084444914486,0.418899293281981,0.5408478179054608
frozen_GE_teacher,CCCN1C[C@@H](C)[C@@H](OC)CN(C)C(=O)c2ccc(NS(=O)(=O)c3cn(C)cn3)cc2OC[C@H]1C,10.0766,0.03848093758458373,0.03849994844507043,0.012208051439586486,0.026291897005483945,-0.039222671109863425
frozen_GE_teacher,CCCN1C[C@@H](C)[C@H](OC)CN(C)C(=O)c2cc(NC(=O)c3cccc(F)c3)ccc2OC[C@H]1C,10.0886,-0.41507257690498156,-0.44172416170548234,-0.0782528883962946,-0.3634712733091877,-0.07371108383494804
frozen_GE_teacher,CCCN1C[C@@H](C)[C@H](OC)CN(C)C(=O)c2cc(NS(=O)(=O)CC)ccc2OC[C@@H]1C,10.061,0.03128380680514521,0.031294018378341,-0.0019214552974383308,0.03321547367577933,-0.0008357699551445907
frozen_GE_teacher,CCCN1C[C@@H](C)[C@H](OC)CN(C)C(=O)c2ccc(NC(=O)c3cccc(OC)c3)cc2OC[C@H]1C,10.0605,0.20904525758763892,0.21217276667310903,-0.03604618585720475,0.24821895253031379,0.08922356430684039
frozen_GE_teacher,CCCN1C[C@@H](C)[C@H](OC)CN(C)C(=O)c2ccc(NC(=O)c3ccccc3F)cc2OC[C@H]1C,10.0362,0.16675223816838397,0.1683241360037669,-0.00035466610252306123,0.16867880210628994,0.1280237432946949
frozen_GE_teacher,CCCN1C[C@H](C)[C@@H](OC)CN(C)C(=O)c2cc(NC(=O)Nc3ccccc3F)ccc2OC[C@H]1C,9.93003,-0.08005232473583167,-0.08022398703066741,-0.09353895079849259,0.013314963767825178,0.18323813366443337
frozen_GE_teacher,CCCN1C[C@H](C)[C@@H](OC)CN(C)C(=O)c2cc(NC(=O)c3cnccn3)ccc2OC[C@@H]1C,10.1003,0.21797564922700619,0.2215297882445652,-0.010866720621327007,0.23239650886589222,-0.02067034294833127
frozen_GE_teacher,CCCN1C[C@H](C)[C@@H](OC)CN(C)C(=O)c2cc(NS(=O)(=O)CC)ccc2OC[C@H]1C,9.92847,-0.037648996735845805,-0.03766680036498373,0.049037170425448647,-0.08670397079043238,-0.04110916689282987
frozen_GE_teacher,CCCN1C[C@H](C)[C@@H](OC)CN(C)C(=O)c2cc(NS(C)(=O)=O)ccc2OC[C@H]1C,10.0735,-0.08040027020791346,-0.0805741864806678,0.04538220057049937,-0.12595638705116718,-0.08062406808522438
frozen_GE_teacher,CCCN1C[C@H](C)[C@@H](OC)CN(C)C(=O)c2ccc(NC(=O)Nc3c(C)noc3C)cc2OC[C@@H]1C,10.0845,0.27670444386496124,0.2841097268012092,0.060952470118423044,0.2231572566827862,-0.028538296812853366
frozen_GE_teacher,CCCN1C[C@H](C)[C@@H](OC)CN(C)C(=O)c2ccc(NC(=O)c3ccc(F)cc3)cc2OC[C@@H]1C,9.9931,0.15498823048869237,0.15624743858748585,0.019265165107785615,0.13698227347970024,0.17591941232978925
frozen_GE_teacher,CCCN1C[C@H](C)[C@H](OC)CN(C)C(=O)c2cc(NC(=O)C3CCC3)ccc2OC[C@H]1C,9.98569,0.01849219805365656,0.018494306358825322,0.011699583536552765,0.006794722822272557,-0.04078722409046289
frozen_GE_teacher,CCCN1C[C@H](C)[C@H](OC)CN(C)C(=O)c2cc(NC(=O)c3ccccc3)ccc2OC[C@@H]1C,10.0334,0.33600707996467516,0.3495845833175603,-0.01743964661313481,0.3670242299306951,0.059082433535944646
frozen_GE_teacher,CCCN1C[C@H](C)[C@H](OC)CN(C)C(=O)c2cc(NS(C)(=O)=O)ccc2OC[C@@H]1C,9.96253,-0.15475419859158726,-0.1560076554687538,0.02567281498345799,-0.1816804704522118,0.04185078002409045
frozen_GE_teacher,CCCN1C[C@H](C)[C@H](OC)CN(C)C(=O)c2ccc(NC(=O)Nc3c(C)noc3C)cc2OC[C@@H]1C,10.028,0.09457579051334736,0.09485929381281902,0.06625456044938101,0.02860473336343801,-0.0225570901966445
frozen_GE_teacher,CCCN1C[C@H](C)[C@H](OC)CN(C)C(=O)c2ccc(NC(=O)c3ccc(F)cc3)cc2OC[C@@H]1C,9.99729,0.16408758857738237,0.16558451840442828,0.036602141692240034,0.12898237671218826,0.02942275246743653
frozen_GE_teacher,CCCN1[C@@H]2Cn3c(ccc(/C=C/c4ccccc4)c3=O)[C@H]1[C@@H](C(=O)NCC)[C@@H]2CO,9.99964,0.09977716824720326,0.1001102702147949,-0.005264936724470199,0.10537520693926511,0.009215270138331353
frozen_GE_teacher,CCCN1[C@@H]2c3ccc(-c4ccc(F)cc4)c(=O)n3C[C@H]1[C@H](CO)[C@H]2C(=O)NCCOC,9.98969,0.6502994348523929,0.7758173829686654,-0.015614202409749648,0.7914315853784151,0.3348626757604758
frozen_GE_teacher,CCCN1[C@@H]2c3ccc(-c4cccc(F)c4)c(=O)n3C[C@@H]2[C@@H](CO)[C@@H]1C(=O)N[C@@H](C)c1ccccc1,9.95259,0.06852933450612676,0.06863691521816245,-0.005855951269227305,0.07449286648738976,0.14836004521916338
frozen_GE_teacher,CCCN1[C@@H]2c3ccc(-c4ccccc4F)c(=O)n3C[C@@H]2[C@@H](CO)[C@@H]1C(=O)N1CCN(C)CC1,9.99515,0.13511216771238282,0.13594346317161943,-0.03594209637025442,0.17188555954187384,-0.19251242876195357
frozen_GE_teacher,CCCN1[C@@H]2c3ccc(-c4ccccc4OC)c(=O)n3C[C@H]1[C@H](CO)[C@H]2C(=O)NCc1ccccn1,10.0351,-0.47396347715728643,-0.5151698245024632,0.0018776575735804735,-0.5170474820760437,0.31678550819296264
frozen_GE_teacher,CCCN1[C@@H]2c3ccc(-c4ccncc4)c(=O)n3C[C@@H]2[C@@H](CO)[C@@H]1C(=O)NCCCN1CCOCC1,9.98945,0.07970588014691175,0.07987531769384208,-0.03707646392274064,0.11695178161658272,-0.3224311180880044
frozen_GE_teacher,CCCN1[C@@H]2c3ccc(C4=CCCCC4)c(=O)n3C[C@@H]2[C@@H](CO)[C@@H]1C(=O)NC1Cc2ccccc2C1,10.0989,-0.1731106832113008,-0.1748716771195049,0.0800677000105128,-0.2549393771300177,0.10320037349604907
frozen_GE_teacher,CCCN1[C@@H]2c3ccc(C4=CCCCC4)c(=O)n3C[C@H]1[C@H](CO)[C@H]2C(=O)N1CCc2ccccc2C1,9.95682,0.13647049730768143,0.13732731014579586,0.05872564559449617,0.07860166455129969,-0.2539470862856855
frozen_GE_teacher,CCCN1[C@H](C(=O)N[C@H](C)c2ccccc2)[C@@H](CO)[C@@H]2Cn3c(ccc(-c4cccc(F)c4)c3=O)[C@@H]21,10.0514,-0.06759554624943968,-0.06769878098917191,-0.023884651860562496,-0.043814129128609415,0.12231678240744945
frozen_GE_teacher,CCCN1[C@H](C(=O)OC)[C@@H](CO)[C@@H]2Cn3c(ccc(-c4cncnc4)c3=O)[C@@H]21,9.98411,0.2533710627878339,0.2590118630830276,-0.03614534236148459,0.2951572054445122,-0.13785088986640037
frozen_GE_teacher,CCCNC(=O)C[C@@H]1C[C@@H]2c3cc(NS(=O)(=O)c4ccc(F)cc4)ccc3O[C@@H]2[C@@H](CO)O1,9.87212,0.060276960135258344,0.060350121358117265,0.029150916812745443,0.031199204545371822,0.008936697093423578
frozen_GE_teacher,CCCNC(=O)C[C@@H]1C[C@H]2c3cc(NC(=O)NC4CCCCC4)ccc3O[C@H]2[C@@H](CO)O1,9.75578,0.27134874588174457,0.2783191962122829,0.022554356418885698,0.2557648397933972,0.25490528572161386
frozen_GE_teacher,CCCNC(=O)C[C@@H]1C[C@H]2c3cc(NS(=O)(=O)c4ccc(F)cc4)ccc3O[C@H]2[C@@H](CO)O1,10.0869,0.10080333234823069,0.10114686057554856,-0.06540379091029408,0.16655065148584264,0.08102927958817954
frozen_GE_teacher,CCCNC(=O)C[C@H]1CC[C@@H]2[C@@H](COc3ccc(NC(=O)c4ccc5c(c4)OCO5)cc3C(=O)N2C)O1,9.90628,-0.2256409577830933,-0.22959178606011266,0.03823734203165582,-0.26782912809176845,-0.3047102990911945
frozen_GE_teacher,CCCNC(=O)C[C@H]1CC[C@@H]2[C@H](COc3ccc(NC(=O)c4ccc5c(c4)OCO5)cc3C(=O)N2C)O1,9.95469,-0.1925999462564259,-0.19503587832110283,0.0035408099536555337,-0.19857668827475836,0.14131318096017692
frozen_GE_teacher,CCCNC(=O)C[C@H]1C[C@@H]2c3cc(NS(=O)(=O)c4ccc(F)cc4)ccc3O[C@@H]2[C@H](CO)O1,10.1059,0.18072852417328428,0.1827357095369368,-0.028183708487131233,0.21091941802406802,0.2910102690560116
frozen_GE_teacher,CCCNC(=O)N(C)C[C@@H]1Oc2ncc(Br)cc2C(=O)N([C@H](C)CO)C[C@@H]1C,10.0087,0.7082950530846879,0.8837541357463994,0.17603119623793345,0.7077229395084659,0.26521795845226614
frozen_GE_teacher,CCCNC(=O)N(C)C[C@@H]1Oc2ncc(C#CCc3ccccc3)cc2C(=O)N([C@@H](C)CO)C[C@H]1C,9.98717,0.1449139089724999,0.14594128468162743,0.017276268879586467,0.12866501580204096,0.07472814395380657
frozen_GE_teacher,CCCNC(=O)N(C)C[C@H]1Oc2cc(-c3cncnc3)ccc2S(=O)(=O)N([C@H](C)CO)C[C@H]1C,10.0918,0.5932447036121309,0.6826580713357642,0.19302552484565666,0.4896325464901075,-0.31359746918374637
frozen_GE_teacher,CCCNC(=O)N(C)C[C@H]1Oc2ncc(-c3ccccc3F)cc2C(=O)N([C@@H](C)CO)C[C@H]1C,10.0869,0.15508045698455356,0.15634193639954325,0.04321524871359657,0.11312668768594668,-0.0775908890082894
frozen_GE_teacher,CCCNC(=O)N(C)C[C@H]1Oc2ncc(C#CC3(O)CCCC3)cc2C(=O)N([C@H](C)CO)C[C@@H]1C,10.1181,-0.2579233986633398,-0.26388253495009,0.10793825352586665,-0.3718207884759567,-0.1674138037863379
frozen_GE_teacher,CCCNC(=O)N(C)C[C@H]1Oc2ncc(C3=CCCC3)cc2C(=O)N([C@@H](C)CO)C[C@@H]1C,10.0488,-0.00853445146101689,-0.00853465867762647,0.04079014740592144,-0.04932480608354791,-0.0026874937668513385
frozen_GE_teacher,CCCNC(=O)N1C[C@@H](C)[C@@H](OC)CN(C)C(=O)c2cc(NS(C)(=O)=O)ccc2OC[C@H]1C,9.95626,-0.15979118604462647,-0.16117240343961137,-0.06113988525893188,-0.10003251818067949,0.24539862692655479
frozen_GE_teacher,CCCNC(=O)N1C[C@@H](C)[C@@H](OC)CN(C)C(=O)c2ccc(NC(=O)CC)cc2OC[C@@H]1C,10.0454,0.3042924323894625,0.31424328237458904,0.08137095980462339,0.23287232256996565,-0.18083145896444713
frozen_GE_teacher,CCCNC(=O)N1C[C@@H](C)[C@@H](OC)CN(C)C(=O)c2ccc(NS(=O)(=O)CC(F)(F)F)cc2OC[C@H]1C,10.1025,0.11221740596342382,0.11269203908959051,0.00780459001253216,0.10488744907705835,0.012826260239984972
frozen_GE_teacher,CCCNC(=O)N1C[C@@H](C)[C@H](OC)CN(C)C(=O)c2ccc(NC(=O)CC)cc2OC[C@@H]1C,9.99608,0.1598203920642991,0.1612023748662905,-0.024314770949104256,0.18551714581539475,-0.1983468816027567
frozen_GE_teacher,CCCNC(=O)N1C[C@@H](O)COC[C@@H]2O[C@@H](CC(=O)O)CC[C@H]21,10.0049,-0.20291327384729235,-0.20576906659539446,-0.002231139402822246,-0.20353792719257222,-0.10032154280013478
frozen_GE_teacher,CCCNC(=O)N1C[C@H](C)[C@H](OC)CN(C)C(=O)c2cc(NC(C)=O)ccc2OC[C@@H]1C,9.95335,0.3088463908639008,0.3192696558684943,-0.04719834063477562,0.36646799650326994,0.10702684673115007
frozen_GE_teacher,CCCNC(=O)N1C[C@H](C)[C@H](OC)CN(C)C(=O)c2ccc(NC(=O)CC)cc2OC[C@@H]1C,9.97001,0.3095349256690365,0.3200309716385463,0.06551158648141864,0.2545193851571277,0.03336078360308947
frozen_GE_teacher,CCCNC(=O)N1C[C@H](O)COC[C@@H]2O[C@@H](CC(=O)N[C@@H]3CCN(Cc4ccccc4)C3)CC[C@H]21,10.0722,-0.21461517335758815,-0.21800437658739444,0.0327601582121987,-0.25076453479959315,-0.05059435760295371
frozen_GE_teacher,CCCNC(=O)N1[C@@H](C#N)[C@@H](c2ccc(-c3ccccc3F)cc2)[C@@H]1CO,10.2293,0.003527818398499609,0.003527833033766641,-0.10931885038224151,0.11284668341600815,-0.023854963275922098
frozen_GE_teacher,CCCNC(=O)N1[C@@H](C#N)[C@@H](c2ccc(C3=CCCCC3)cc2)[C@@H]1CO,10.2755,-0.014321774932378968,-0.014322754248110508,-0.021126644297473053,0.006803890049362545,0.28590209774587055
frozen_GE_teacher,CCCNC(=O)N1[C@@H]2Cn3c(cccc3=O)[C@H]1[C@@H](C(=O)N1CCC(Cc3ccccc3)CC1)[C@@H]2CO,10.1858,0.08702426513626593,0.08724495351496357,-0.12908329982584926,0.21632825334081285,-0.1316419118447516
frozen_GE_teacher,CCCNC(=O)N1[C@@H]2Cn3c(cccc3=O)[C@H]1[C@@H](C(=O)NCC(F)(F)F)[C@@H]2CO,10.033,0.3145742766999312,0.32561400457872364,0.0577863963548893,0.26782760822383433,-0.2937048609724848
frozen_GE_teacher,CCCNC(=O)N1[C@H](C#N)[C@H](c2ccc(C3=CCCCC3)cc2)[C@H]1CO,10.2333,-0.027951127536378878,-0.027958410034584137,-0.007250094839477954,-0.020708315195106183,0.0974442196702295
frozen_GE_teacher,CCCNC(=O)N1[C@H](C(=O)N2CCCCC2)[C@@H](CO)[C@@H]2Cn3c(ccc(-c4ccc(F)cc4)c3=O)[C@@H]21,10.0202,-0.27301782804537394,-0.28012182436692595,0.11350453130993106,-0.393626355676857,-0.032629699550345795
frozen_GE_teacher,CCCNC(=O)N[C@@H]1C=C[C@@H](CC(=O)N2CCN(C)CC2)O[C@H]1CO,10.0682,0.19446214443525098,0.19697053841901283,-0.0006534685722870762,0.1976240069912999,0.18563826100322775
frozen_GE_teacher,CCCNC(=O)N[C@@H]1C=C[C@@H](CC(=O)NC2CCCCC2)O[C@@H]1CO,10.1005,-0.3300993563160161,-0.3429397570215312,0.009238235009400787,-0.352177992030932,0.26542987795630846
frozen_GE_teacher,CCCNC(=O)N[C@@H]1C=C[C@@H](CC(=O)NC2CCCCC2)O[C@H]1CO,10.075,-0.15676877741938416,-0.1580723273936218,-0.008821606002674834,-0.14925072139094694,-0.04490044830292554
frozen_GE_teacher,CCCNC(=O)N[C@@H]1C=C[C@@H](CC(=O)NCCc2ccccc2)O[C@@H]1CO,10.0742,-0.37166872528844486,-0.3903578951861268,-0.13004149550423344,-0.26031639968189335,-0.023393600985617435
frozen_GE_teacher,CCCNC(=O)N[C@@H]1C=C[C@@H](CC(=O)NCCc2ccccc2)O[C@H]1CO,10.1223,-0.027854795127747207,-0.027862002565408158,-0.036100602848872336,0.008238600283464178,0.064799719070046
frozen_GE_teacher,CCCNC(=O)N[C@@H]1C=C[C@H](CC(=O)NC2CCCCC2)O[C@H]1CO,9.93267,-0.05613585760288295,-0.05619493509394613,0.011577256919620874,-0.067772192013567,-0.0067093362057457934
frozen_GE_teacher,CCCNC(=O)N[C@@H]1CC[C@@H](CC(=O)N2CCN(C)CC2)O[C@H]1CO,10.0816,0.37618605930723614,0.39560953746570704,-0.03573374475383544,0.4313432822195425,-0.13464638970059306
frozen_GE_teacher,CCCNC(=O)N[C@@H]1CC[C@H](CC(=O)N2CCN(C)CC2)O[C@@H]1CO,9.95975,0.09428688452022983,0.09456778838278707,-0.06409445365508833,0.15866224203787538,-0.05478759462710442
frozen_GE_teacher,CCCNC(=O)N[C@@H]1CC[C@H](CC(=O)NC2CCC2)O[C@H]1CO,10.0692,-0.5558016699458396,-0.6267375415663053,-0.004995174388028278,-0.621742367178277,0.38312400554021026
frozen_GE_teacher,CCCNC(=O)N[C@@H]1CC[C@H](CC(=O)NCCc2ccccc2)O[C@@H]1CO,10.1751,0.5999411809777417,0.6930552809050154,0.00565628236754611,0.6873989985374693,0.16764872141784326
frozen_GE_teacher,CCCNC(=O)N[C@H]1C=C[C@@H](CC(=O)NCCc2ccccc2)O[C@@H]1CO,9.98492,0.011774038975556775,0.011774583091282655,-0.051829053091721394,0.06360363618300405,0.34170725865599094
frozen_GE_teacher,CCCNC(=O)N[C@H]1C=C[C@H](CC(=O)N2CCN(C)CC2)O[C@@H]1CO,10.1919,0.009150719230632223,0.00915097465731086,0.0016431234680251107,0.007507851189285749,0.07026835713044889
frozen_GE_teacher,CCCNC(=O)N[C@H]1C=C[C@H](CC(=O)NCCc2ccccc2)O[C@H]1CO,9.96996,-0.3602690603054339,-0.37719505819586746,0.12213141794443255,-0.4993264761403,0.06062666404056677
frozen_GE_teacher,CCCNC(=O)N[C@H]1CC[C@@H](CC(=O)N2CCN(C)CC2)O[C@@H]1CO,10.0094,0.4373515978399596,0.4689513028560671,-0.05822867191581642,0.5271799747718835,0.045420588326445056
frozen_GE_teacher,CCCNC(=O)N[C@H]1CC[C@@H](CCn2cc(-c3cccc(F)c3)nn2)O[C@H]1CO,10.0797,0.1620993643548606,0.16354196250652658,-0.03497200821071342,0.19851397071724,0.03607618067944343
frozen_GE_teacher,CCCNC(=O)N[C@H]1CC[C@H](CC(=O)N2CCN(C)CC2)O[C@@H]1CO,10.1052,-0.23813349101547457,-0.24279446005602734,-0.03977183178774593,-0.2030226282682814,0.18451203941261693
frozen_GE_teacher,CCCNC(=O)N[C@H]1CC[C@H](CC(=O)NCCc2ccccc2)O[C@H]1CO,9.99157,-0.10839957676377586,-0.10882717746995439,0.07565911442566267,-0.18448629189561705,-0.11206448955963064
frozen_GE_teacher,CCCNC(=O)Nc1ccc2c(c1)C(=O)N(C)C[C@@H](OC)[C@@H](C)CN(C(=O)CC)[C@H](C)CO2,9.93749,-0.13648396459979573,-0.13734103304103143,0.0011815997046908128,-0.13852263274572224,-0.11171055358268264
frozen_GE_teacher,CCCNC(=O)Nc1ccc2c(c1)C(=O)N(C)C[C@@H](OC)[C@@H](C)CN(CCC)[C@H](C)CO2,10.0566,0.10912597411906645,0.10956227052577612,-0.015621112741379853,0.12518338326715597,-0.2175427604201297
frozen_GE_teacher,CCCNC(=O)Nc1ccc2c(c1)C(=O)N(C)C[C@@H](OC)[C@@H](C)CN(Cc1ccccn1)[C@@H](C)CO2,10.0273,-0.007101436592566254,-0.007101555972278447,-0.027987739143390415,0.020886183171111967,-0.01670221734476284
frozen_GE_teacher,CCCNC(=O)Nc1ccc2c(c1)C(=O)N(C)C[C@@H](OC)[C@@H](C)CN(Cc1ccccn1)[C@H](C)CO2,10.0325,0.10841158717988404,0.10883933070812493,0.0020408845970872917,0.10679844611103764,0.033705558408765414
frozen_GE_teacher,CCCNC(=O)Nc1ccc2c(c1)C(=O)N(C)C[C@@H](OC)[C@H](C)CN(Cc1ccccn1)[C@@H](C)CO2,9.98586,0.28491080816465436,0.29301865309596886,-0.013312796272277765,0.30633144936824663,0.07356457373283438
frozen_GE_teacher,CCCNC(=O)Nc1ccc2c(c1)C(=O)N(C)C[C@@H](OC)[C@H](C)CN(Cc1ccncc1)[C@@H](C)CO2,10.0489,0.45774065205863346,0.4944493143843497,0.03312284857942586,0.4613264658049238,-0.02747015573378449
frozen_GE_teacher,CCCNC(=O)Nc1ccc2c(c1)C(=O)N(C)C[C@@H](OC)[C@H](C)CN[C@@H](C)CO2,10.0162,0.048236877152205315,0.04827434193258511,0.018117590669268466,0.030156751263316645,-0.0926444339568597
frozen_GE_teacher,CCCNC(=O)Nc1ccc2c(c1)C(=O)N(C)C[C@H](OC)[C@@H](C)CN(C(=O)C1CCCCC1)[C@H](C)CO2,10.0536,0.06458258415341618,0.06467259891292153,-0.026662063112291766,0.09133466202521329,-0.043949270953025914
frozen_GE_teacher,CCCNC(=O)Nc1ccc2c(c1)C(=O)N(C)C[C@H](OC)[C@@H](C)CN(C(=O)c1ccccc1F)[C@@H](C)CO2,10.0642,0.21734049215498144,0.22086304411888497,0.042997343614172095,0.17786570050471287,0.1692340225320535
frozen_GE_teacher,CCCNC(=O)Nc1ccc2c(c1)C(=O)N(C)C[C@H](OC)[C@@H](C)CN(C)[C@H](C)CO2,9.96397,-0.023453321391387002,-0.02345762304241334,0.09850109434809702,-0.12195871739051037,-0.0142893909591007
frozen_GE_teacher,CCCNC(=O)Nc1ccc2c(c1)C(=O)N(C)C[C@H](OC)[C@@H](C)CN(CCC)[C@H](C)CO2,10.1085,0.3123808060192563,0.3231814941520616,-0.042337351082900807,0.3655188452349624,0.3144121810464408
frozen_GE_teacher,CCCNC(=O)Nc1ccc2c(c1)C(=O)N(C)C[C@H](OC)[C@@H](C)CN(Cc1ccncc1)[C@H](C)CO2,10.0322,0.14876146252832703,0.14987363001706355,-0.00951205353075622,0.15938568354781976,0.019579380007404872
frozen_GE_teacher,CCCNC(=O)Nc1ccc2c(c1)C(=O)N(C)C[C@H](OC)[C@H](C)CN(Cc1ccc(-c3ccccn3)cc1)[C@@H](C)CO2,9.85814,0.049711794896942184,0.049752806022732424,0.04805074537448305,0.001702060648249376,-0.1275751391588848
frozen_GE_teacher,CCCNC(=O)Nc1ccc2c(c1)OC[C@@H](C)N(C(C)=O)C[C@H](C)[C@@H](OC)CN(C)C2=O,10.0373,0.2045049084081304,0.20742960978204666,0.0685683336968886,0.13886127608515808,0.16273788564863112
frozen_GE_teacher,CCCNC(=O)Nc1ccc2c(c1)OC[C@@H](C)N(CCC(F)(F)F)C[C@H](C)[C@H](OC)CN(C)C2=O,10.0487,0.23417738204195102,0.2386046830164733,0.06577208875109622,0.1728325942653771,0.2757990014627554
frozen_GE_teacher,CCCNC(=O)Nc1ccc2c(c1)OC[C@H](C)N(CC1CCCC1)C[C@@H](C)[C@@H](OC)CN(C)C2=O,9.9737,0.269844568266863,0.2766961765553679,-0.1315528020583786,0.4082489786137465,0.2509352303097534
frozen_GE_teacher,CCCNC(=O)[C@H]1[C@H](CO)[C@H]2Cn3c(ccc(C4=CCCC4)c3=O)[C@@H]1N2C(=O)CC,10.0247,0.09184012168110763,0.09209964816195991,-0.0008461273576055965,0.09294577551956551,0.05741400080359159
frozen_GE_teacher,CCCNC(=O)c1cc2c(c(-c3cccc(-c4cccc(OC)c4)c3)n1)[C@H](CCO)N([S@@](=O)C(C)(C)C)C2,10.1097,-0.24612514650200187,-0.25128387773486976,0.15333536198093578,-0.40461923971580555,-0.3059019317258276
frozen_GE_teacher,CCCc1cc(N2CCN(c3ccccn3)CC2)n2nc(C)c(-c3ccccc3)c2n1,10.0,0.5921129439646418,0.6809134979752749,0.2800846262675031,0.4008288717077718,0.1321107101188832
frozen_GE_teacher,CCCc1cn(CC[C@@H]2CC[C@@H](NC(=O)Nc3ccccc3F)[C@@H](CO)O2)nn1,10.0248,-0.07990216344909491,-0.08007285907489277,0.023837134433949234,-0.103909993508842,0.29360381848181466
frozen_GE_teacher,CCCc1cn(CC[C@@H]2CC[C@@H](NS(=O)(=O)c3ccccc3Cl)[C@@H](CO)O2)nn1,10.1213,0.49153052305918243,0.5380764402063889,0.0599567408138206,0.47811969939256826,0.09843923086215903
frozen_GE_teacher,CCCc1cn(CC[C@@H]2CC[C@@H](NS(=O)(=O)c3ccccc3Cl)[C@H](CO)O2)nn1,9.96713,-0.08492930464178365,-0.08513439093103985,-0.019884662334153,-0.06524972859688685,-0.06579926214150658
frozen_GE_teacher,CCCc1cn(CC[C@H]2CC[C@@H](NC(=O)Nc3ccccc3F)[C@@H](CO)O2)nn1,10.0961,0.32289382304336545,0.33487440554390635,-0.04468058490105953,0.3795549904449659,0.08449146915575477
frozen_GE_teacher,CCCc1cn(CC[C@H]2CC[C@H](NC(=O)C3CCCCC3)[C@H](CO)O2)nn1,10.0297,0.1002261839946655,0.10056382163644445,-0.0013272221640195855,0.10189104380046404,0.012008182690889269
frozen_GE_teacher,CCCc1cn(CC[C@H]2CC[C@H](NS(=O)(=O)c3ccccc3Cl)[C@H](CO)O2)nn1,10.1161,0.49123015145918153,0.5376804564973545,0.11912651733889265,0.41855393915846184,-0.06856366474242152
frozen_GE_teacher,CCCc1nc(SCC(=O)Nc2nc3c(s2)CCCC3)c2ccccc2n1,10.0,-0.16048885851431896,-0.16188843853742568,-0.06517028101664832,-0.09671815752077736,0.08608752175971623
frozen_GE_teacher,CCCn1c(C)cc(-c2csc(N)n2)c1C,10.0,0.4065450546517141,0.4314651814498077,-0.056630289973870124,0.4880954714236778,0.07940159470431367
frozen_GE_teacher,CCCn1cnc2cc(NCc3cccc(OC)c3O)ccc21,10.0,0.3652524122041673,0.3829335937774768,0.020439134450337324,0.3624944593271395,0.08897388272661573
frozen_GE_teacher,CCCn1ncc(CN2CCCC(C(=O)c3cccc(OC(C)C)c3)C2)c1C,20.0,0.2224340926477258,0.22621544959581022,0.1950564964187011,0.031158953177109122,0.256032029845432
frozen_GE_teacher,CCN(CC)C(=O)N1CCN(C)CC1,10.0,-0.051986757921875446,-0.05203366754869644,0.0331162715381028,-0.08514993908679924,0.05961656241992602
frozen_GE_teacher,CCN(CC)C(=O)N[C@@H]1C[C@@H]2c3cccc4[nH]cc(c34)C[C@H]2N(C)C1,10.0,0.5691172653652307,0.6462162565948073,-0.054451293292422424,0.7006675498872297,0.42889060949172103
frozen_GE_teacher,CCN(CC)C(=S)SCCC(=O)NC(=O)Oc1ccc(C(C)C)cc1,10.0,0.6280721999928415,0.7382260725176477,0.04082609573668362,0.6973999767809641,0.2598660744069703
frozen_GE_teacher,CCN(CC)CCNC(=S)NC(=O)c1cn(-c2ccccc2)nc1-c1ccc(OC)cc1,10.0,0.26603252900137636,0.272589293248005,0.17207176752787995,0.10051752572012507,0.05293463469407378
frozen_GE_teacher,CCN(CC)CCOC(=O)c1ccc(N)cc1,10.0,0.2356268088293201,0.24013875889978864,-0.0062012096682358755,0.2463399685680245,0.04487801472494823
frozen_GE_teacher,CCN(CC)CCOC1CCC2(C)C(=CCC3C4CCC(=O)C4(C)CCC32)C1,10.0,0.12147143383579069,0.1220742290850915,0.010848395564015147,0.11122583352107634,0.10906090494932773
frozen_GE_teacher,CCN(CC)CCn1c(=S)[nH]c2ccc(Cl)cc2c1=O,10.0,0.5871197679458742,0.6732593149728329,0.11164227371951918,0.5616170412533137,-0.31601543827409345
frozen_GE_teacher,CCN(CC)CCn1c2ccc(Cl)cc2c2nc(C)sc21,10.0,0.04848565360434674,0.04852370159138423,0.04244536672044062,0.006078334870943607,0.15912444329272424
frozen_GE_teacher,CCN(CC)c1ccc(C=C2C(=O)N(C)C(=S)N(C)C2=O)o1,10.0,0.25453973587168505,0.2602611040785978,0.06283395445611836,0.19742714962247945,0.09754368244557107
frozen_GE_teacher,CCN(CC)c1ccc2ccc(=O)oc2c1,10.0,0.21543900825006534,0.21886814950403463,-0.022304638578095844,0.24117278808213047,-0.25579395729541327
frozen_GE_teacher,CCN(Cc1ccncc1)C(=O)C(CO)c1ccccc1,10.0,0.8296187980456724,1.186912312958638,0.2913229933673198,0.8955893195913183,0.35280483648689
frozen_GE_teacher,CCN1CCCC(OC(=O)C(c2ccccc2)c2ccccc2)C1,10.0,0.16443517820469386,0.16594174669887107,-0.02188879979046343,0.1878305464893345,-0.002924262806668139
frozen_GE_teacher,CCN1CCCC1CNC(=O)c1cc(S(=O)(=O)CC)c(N)cc1OC,10.0,-0.07838228866775022,-0.07854340426381239,0.01846482287705069,-0.09700822714086307,-0.00790210600227439
frozen_GE_teacher,CCN1CCCc2cc(CN(CCN3CCOCC3)C(S)=Nc3ccc(C)cc3)ccc21,10.0,0.47349835870451296,0.5145701196810771,0.06504166847445567,0.44952845120662144,0.2950158605274791
frozen_GE_teacher,CCN1CCN(C(=O)CSc2cc(=O)n(C)c3ccccc23)CC1,10.0,0.2142917076886354,0.21766531749284707,0.06882239262224321,0.14884292487060385,0.07944052393462889
frozen_GE_teacher,CCN1CCN(c2cc(-c3ccccc3)nc3cc(-c4cccc(F)c4)nn23)CC1,10.0,0.6553131863321073,0.7845546440444175,-0.0172156889377471,0.8017703329821646,-0.25848873356037233
frozen_GE_teacher,CCN1C[C@@H](C)[C@H](OC)CN(C)C(=O)c2ccc(NC(=O)c3ccno3)cc2OC[C@H]1C,10.0104,-0.0647142899610227,-0.06480485748489809,-0.03600223459731286,-0.028802622887585227,0.09360004187829882
frozen_GE_teacher,CCN1[C@@H]2c3ccc(-c4cccc(C(=O)N(C)C)c4)c(=O)n3C[C@@H]2[C@@H](CO)[C@@H]1C(=O)N(C)C,10.0473,0.07530481960277483,0.07544765249440276,0.012224923059124121,0.06322272943527864,0.04432729159572355
frozen_GE_teacher,CCN1[C@@H]2c3ccc(C4=CCCCC4)c(=O)n3C[C@H]1[C@H](CO)[C@H]2C(=O)NCCOC,9.98008,0.39579741645939953,0.41865580536486613,0.024519114149031105,0.394136691215835,-0.39958735104095633
frozen_GE_teacher,CCN1[C@H](C(=O)NCCc2cn(C)cn2)[C@@H](CO)[C@@H]2Cn3c(ccc(-c4ccc(F)cc4)c3=O)[C@@H]21,10.0304,0.32434235841215847,0.3364923907662131,0.01371290143001248,0.32277948933620065,0.0804014456684833
frozen_GE_teacher,CCN=C(S)NNC(=O)CSc1nc2ccccc2n1C,10.0,0.39669629888793767,0.41972211010191773,0.09296072615787515,0.3267613839440426,0.19447701388027505
frozen_GE_teacher,CCNC(=O)C[C@@H]1CC[C@@H]2[C@@H](COc3ccc(NC(C)=O)cc3C(=O)N2C)O1,10.325049,0.5219737786293791,0.5790488613147181,-0.044755684206456606,0.6238045455211747,0.11913346847898355
frozen_GE_teacher,CCNC(=O)C[C@@H]1CC[C@@H]2[C@H](COC[C@@H](O)CN2C(=O)C2CCOCC2)O1,10.0559,-0.39782754878337256,-0.4210653457105521,0.23650054999906267,-0.6575658957096148,0.1438801572572722
frozen_GE_teacher,CCNC(=O)C[C@@H]1CC[C@@H]2[C@H](COC[C@@H](O)CN2Cc2ccncc2)O1,10.1089,0.1765066293570901,0.17837467180001174,0.02303439102923127,0.15534028077078046,0.13714485458051487
frozen_GE_teacher,CCNC(=O)C[C@@H]1CC[C@H]2[C@@H](COC[C@@H](O)CN2C(=O)C2CCOCC2)O1,10.0422,0.2445288470802358,0.249585351488275,0.2532810063508356,-0.0036956548625606267,0.21875782911564445
frozen_GE_teacher,CCNC(=O)C[C@H]1CC[C@@H]2[C@H](COc3ccc(NC(C)=O)cc3C(=O)N2C)O1,10.0015,0.21490927111851812,0.21831269485657306,0.054158733873747686,0.16415396098282536,-0.14565119245708488
frozen_GE_teacher,CCNC(=O)Nc1ccc2c(c1)C(=O)N(C)[C@@H]1CC[C@@H](CC(=O)N[C@H](C)c3ccccc3)O[C@H]1CO2,10.07,-0.2599454032534505,-0.2660498526958052,0.01927442495277073,-0.28532427764857593,0.013191071496973066
frozen_GE_teacher,CCNC(=O)Nc1ccc2c(c1)C(=O)N(C)[C@H]1CC[C@H](CC(=O)N[C@H](C)c3ccccc3)O[C@H]1CO2,10.0608,0.1542615298194229,0.155502937720025,0.03875000883213276,0.11675292888789224,0.09624869825153631
frozen_GE_teacher,CCNC(=O)[C@@H]1[C@@H](CO)[C@@H]2Cn3c(ccc(-c4ccc(OC)cc4)c3=O)[C@H]1N2CC1CC1,9.95368,-0.09484847091384715,-0.09513444240463026,0.004857921857822536,-0.0999923642624528,0.05701682055683826
frozen_GE_teacher,CCNC(=O)[C@H]1[C@H](CO)[C@H]2Cn3c(ccc(-c4ccc(F)cc4)c3=O)[C@H]2N1C(=O)Cc1cccnc1,10.0871,0.3194504030459784,0.3310349325034599,-0.04348858649982163,0.3745235190032815,-0.08316479007144323
frozen_GE_teacher,CCNC(=O)[C@H]1[C@H](CO)[C@H]2Cn3c(ccc(-c4ccccc4)c3=O)[C@@H]1N2CCC(F)(F)F,10.1006,-0.004205387648754016,-0.004205412440177172,0.06883564940276,-0.07304106184293718,-0.04134614396257409
frozen_GE_teacher,CCNC(=O)[C@H]1[C@H](CO)[C@H]2Cn3c(ccc(-c4ccccc4)c3=O)[C@H]2N1CC,10.100153,-0.302711535656471,-0.31250198854186495,-0.047999303533054316,-0.26450268500881063,-0.3372172535924024
frozen_GE_teacher,CCNc1nc(Cl)nc(NC(C)C)n1,10.0,0.31003877006218433,0.32058830185391163,0.012612290383739209,0.3079760114701724,0.11198266453689333
frozen_GE_teacher,CCOC(=O)C(CC)Sc1ncnc2c1nnn2-c1ccc(F)cc1,10.0,0.5685996776075902,0.645451046989172,0.15540316070789442,0.4900478862812776,0.37166800840927516
frozen_GE_teacher,CCOC(=O)C1=C(C)N=c2sc(=Cc3ccc(OCC(=O)O)cc3)c(=O)n2C1c1ccc(Cl)cc1,20.0,-0.020636613742598998,-0.020639543995085618,-0.11967287945944546,0.09903333546435984,0.2018619058381374
frozen_GE_teacher,CCOC(=O)C1C(=O)C=C(c2ccc(NS(C)(=O)=O)cc2)CC1c1ccco1,10.0,0.5043370239155472,0.5551056761930795,-0.08164621908321519,0.6367518952762947,0.073827320850153
frozen_GE_teacher,CCOC(=O)C1CCCN(c2nc3ccccc3nc2C(C#N)C(=O)NCc2ccccc2)C1,10.0,0.5273319125385642,0.5864421098836543,0.0936026042866356,0.4928395055970187,0.34757540221877015
frozen_GE_teacher,CCOC(=O)C1CCN(S(=O)(=O)c2cc(Br)cc3c2N(C(=O)C2CC2)CC3)CC1,10.0,-0.017693145767630765,-0.0176949923789583,-0.06430685075956175,0.046611858380603444,0.163845148227316
frozen_GE_teacher,CCOC(=O)C=c1sc(=Cc2ccc(C)cc2)c(=O)n1CC(=O)NCc1ccco1,10.0,0.2649087353219633,0.27138029571701117,-0.03803314823044822,0.3094134439474594,0.14112198739441428
frozen_GE_teacher,CCOC(=O)CC(=NNc1ncnc2ccccc12)c1ccccc1,10.0,0.020545878951720567,0.020548770716326704,-0.12439399834847717,0.14494276906480388,0.04576721146848042
frozen_GE_teacher,CCOC(=O)CC(=O)CSc1nc(-c2cccnc2)cc(C)c1C#N,10.0,0.3364778296490092,0.35011533980867315,0.09856355198499428,0.2515517878236789,0.3956486925223978
frozen_GE_teacher,CCOC(=O)CC(Nc1nc(N2CCOCC2)nc(N2CCOCC2)n1)c1ccccc1Cl,10.0,0.11205506618936971,0.11252763197203038,0.18547561207009494,-0.07294798009806457,0.19924972043340627
frozen_GE_teacher,CCOC(=O)CN(C(=O)CNC(=O)c1cccs1)C(C(=O)NC1CCCCC1)c1cccs1,10.0,0.004342485651715094,0.004342512947704158,0.004040000827969018,0.0003025121197351398,-0.023540287810205597
frozen_GE_teacher,CCOC(=O)CSc1nc(N)c(C#N)c(-c2cccs2)c1C#N,10.0,0.04949576886029437,0.04953624713447173,0.1005972888170993,-0.05106104168262757,0.06716351971829222
frozen_GE_teacher,CCOC(=O)N(C)C[C@@H]1OCc2ccccc2-c2c(n(C)c3ccccc23)C(=O)N([C@@H](C)CO)C[C@@H]1C,10.1272,-0.1477462850499951,-0.1488356382003197,0.01078490861123847,-0.15962054681155816,0.030916336505869224
frozen_GE_teacher,CCOC(=O)N(C)C[C@@H]1OCc2cnnn2CCCC(=O)N([C@H](C)CO)C[C@@H]1C,10.0028,-0.08389933400136955,-0.0840970281803392,-0.0186398909970781,-0.0654571371832611,0.24377326935793947
frozen_GE_teacher,CCOC(=O)N(C)C[C@H]1OCc2ccccc2-c2ccccc2C(=O)N([C@@H](C)CO)C[C@H]1C,9.98581,0.5377418856702167,0.6009734436105315,-0.07625958661108873,0.6772330302216203,-0.17856275516482062
frozen_GE_teacher,CCOC(=O)N1CCN(C(=O)C2CCN(S(=O)(=O)CC)CC2)CC1,10.0,0.15413729876704435,0.15537568082173847,0.1254593979278625,0.029916282893875962,0.24392151324528624
frozen_GE_teacher,CCOC(=O)NN1C(=O)c2ccccc2NC1c1ccc(N(C)C)cc1,10.0,0.6354246939752872,0.7504623351340202,-0.020985018193353334,0.7714473533273735,-0.1365123412084768
frozen_GE_teacher,CCOC(=O)NN=Cc1cn(CCCOc2ccc(C)cc2)c2ccccc12,10.0,0.10428043516689085,0.10466091681702495,0.07746788857047715,0.027193028246547804,0.19624349395859841
frozen_GE_teacher,CCOC(=O)c1[nH]c(COC(=O)c2ccccc2NC(=O)c2ccco2)c(C(=O)OCC)c1C,10.0,0.07137435830482843,0.07149593089261144,-0.02515271005694506,0.0966486409495565,0.1799598457107132
frozen_GE_teacher,CCOC(=O)c1[nH]c2c(c1-c1ccccc1)C(=O)CC(c1ccc(OC)c(OC)c1)C2,10.0,0.27351772895942134,0.2806620681510367,-0.06272496219434176,0.3433870303453785,0.14241327284989957
frozen_GE_teacher,CCOC(=O)c1c(-c2ccc(F)cc2)cn2ccccc12,10.0,0.549129800562566,0.6171345706568119,0.13336566473410577,0.4837689059227061,0.1428261614321757
frozen_GE_teacher,CCOC(=O)c1c(-c2ccccc2)csc1NC(=O)/C(C#N)=C/c1ccc(OC)c(OC)c1,10.0,0.3965087638629978,0.41949957112638125,0.12518706378089536,0.29431250734548586,0.12947451040769278
frozen_GE_teacher,CCOC(=O)c1c(-n2c(C)cc(C=C3C(=O)NC(=O)NC3=O)c2C)sc2c1CCCC2,10.0,0.18805283970225437,0.1903178561389847,0.08540842542205195,0.10490943071693275,0.13221812606496997
frozen_GE_teacher,CCOC(=O)c1c(C)[nH]c(C(=O)COC(=O)c2ccccc2NC(=O)c2ccco2)c1C,10.0,0.5452666229193249,0.6116202415775148,-0.009009767479684544,0.6206300090571993,-0.015006285471582427
frozen_GE_teacher,CCOC(=O)c1c(C)cc(O)c(C)c1O,10.0,0.12980766633884966,0.13054421502524854,0.0014975461148062138,0.12904666891044234,-0.011694947244994692
frozen_GE_teacher,CCOC(=O)c1cc(C#N)c(N2CCN(c3ccccn3)CC2)nc1-c1ccccc1,10.0,0.05583751431958685,0.0558956537082036,0.1051804363076188,-0.04928478259941519,0.11592639531708425
frozen_GE_teacher,CCOC(=O)c1cnn(-c2ccccn2)c1N,10.0,0.043868075317050885,0.043896247879011384,0.1764851589994424,-0.132588911120431,0.07202943843026172
frozen_GE_teacher,CCOC(=O)c1nc(Nc2ccc(Nc3ccccc3)cc2)c2ccccc2n1,10.0,-0.043191225908671936,-0.04321811349484431,-0.10747674015435618,0.06425862665951187,0.43532523333891315
frozen_GE_teacher,CCOC(=O)c1ncn2c1C1CCCN1C(=O)c1cc(OC)ccc1-2,10.0,0.12329210530552642,0.12392258446491775,-0.07517199874118104,0.1990945832060988,0.19578115813622365
frozen_GE_teacher,CCOC(=O)c1nn(-c2ccc(C)cc2)c2nc(Nc3ccccc3)cc(=O)n12,10.0,0.3774614629996506,0.3970960156706687,0.010412778789007406,0.3866832368816613,0.0276563219466053
frozen_GE_teacher,CCOC(=O)c1sc(C)c(C(=O)NCCCN2CCOCC2)c1N,10.0,0.16856283966733296,0.1701871043413516,0.09678976828379282,0.07339733605755877,-0.08922063059139092
frozen_GE_teacher,CCOC(=O)c1sc2nc(C)nc(SCC(=O)NC3CCS(=O)(=O)C3)c2c1C,10.0,0.3079069363892973,0.3182314741872444,0.011737610682018694,0.3064938635052257,-0.2818762878200814
frozen_GE_teacher,CCOCCCN=C(S)N(Cc1ccccc1)Cc1nc(O)c2ccccc2n1,10.0,0.11849619543490623,0.11905553079725927,0.1546414487405361,-0.035585917943276826,-0.03503201604374902
frozen_GE_teacher,CCOCCCNc1nc2nc3ccc(C)cn3c(=O)c2cc1C(=O)NCC1CCCO1,10.0,-0.2397724260639095,-0.24453264327055815,0.025901765163922296,-0.27043440843448047,-0.15570351971512214
frozen_GE_teacher,CCOP(=S)(OCC)Oc1ccc2c(C)c(Cl)c(=O)oc2c1,10.0,0.31181916518987624,0.32255924195192515,0.06501525363329398,0.2575439883186312,0.06053822602511656
frozen_GE_teacher,CCOP(=S)(OCC)SCn1c(=O)oc2cc(Cl)ccc21,10.0,0.11487520193594793,0.11538455064360553,-0.04156259379557979,0.15694714443918534,0.05515421639436605
frozen_GE_teacher,CCOc1cc(/C=C(/C#N)C(N)=O)cc(CSc2ccccc2)c1O,10.0,0.16200823314733725,0.16344837351791291,0.062097944697695716,0.10135042882021719,0.41415251296267463
frozen_GE_teacher,CCOc1ccc(-n2ccnc2SCC(=O)N2CCCc3ccccc32)cc1,10.0,-0.4608786699841975,-0.4984263573924607,0.12349446598083758,-0.6219208233732982,-0.49741275766112736
frozen_GE_teacher,CCOc1ccc(C(=O)Nc2cccc(C(=O)O)c2)cc1Cl,10.0,0.649186504960231,0.7738913444675902,-0.0003858617402316498,0.7742772062078219,-0.11979085747804076
frozen_GE_teacher,CCOc1ccc(C(=O)Nc2nnc(SCC(=O)NCC3CCCO3)s2)cc1,10.0,0.2014232282001214,0.20421552422536987,0.10936226358995352,0.09485326063541635,-0.03480674013890836
frozen_GE_teacher,CCOc1ccc(NC(=O)c2ccc(NC(=O)COC(=O)Cc3ccccc3)cc2)cc1,10.0,0.1816200237240393,0.18365746496556115,0.1514589674956628,0.03219849746989836,0.2245683527819291
frozen_GE_teacher,CCOc1ccc2nc(NC(=O)CSc3nnnn3C3CCCCC3)sc2c1,10.0,-0.22234839855855498,-0.22612529673863202,-0.015648362511064707,-0.2104769342275673,-0.10756161791255099
frozen_GE_teacher,CCOc1ccc2nc(O)c(CN(Cc3cccs3)Cc3nnnn3C(C)(C)CC)cc2c1,10.0,0.5596370421821532,0.6323045584538074,0.1663561824549802,0.4659483759988272,-0.2939668049352044
frozen_GE_teacher,CCOc1nc(Nc2ccc([N+](=O)[O-])cc2)nc(NC(C)(C)C)n1,10.0,-0.04462359734862069,-0.04465325192918456,0.1332810334866832,-0.17793428541586775,0.03487263571777385
frozen_GE_teacher,CCS(=O)(=O)C1=NN2C(=N)/C(=C\c3ccc(O)c(OC)c3)C(=O)N=C2S1,10.0,0.4539818635212701,0.4897044961608672,0.16863478651371602,0.3210697096471512,-0.023779155156782278
frozen_GE_teacher,CCS(=O)(=O)N(C)C[C@@H]1OCc2ccccc2-c2c(n(C)c3ccccc23)C(=O)N([C@@H](C)CO)C[C@@H]1C,10.1754,-0.09745554520582585,-0.09776584611906938,-0.12811432236016376,0.03034847624109438,0.22305421729265185
frozen_GE_teacher,CCS(=O)(=O)N1[C@H](CO)[C@H](c2ccc(-c3cccc(F)c3)cc2)[C@@H]1C#N,10.0026,-0.12760347203196873,-0.12830289195624617,-0.03990542486234342,-0.08839746709390275,0.10216124448132506
frozen_GE_teacher,CCS(=O)(=O)N1[C@H](CO)[C@H](c2ccc(C#Cc3ccccc3F)cc2)[C@@H]1C#N,10.0413,0.18230933341981628,0.18437038013028892,0.08000997076556096,0.10436040936472796,-0.13731643965500334
frozen_GE_teacher,CCS(=O)(=O)NCC[C@@H]1CC[C@@H](NC(=O)Cc2ccccn2)[C@H](CO)O1,10.0929,-0.09199781100870236,-0.0922586811751505,-0.07127848118695909,-0.02098019998819141,0.32148910884534865
frozen_GE_teacher,CCS(=O)(=O)NCC[C@@H]1CC[C@H](NC(=O)Cc2ccccn2)[C@@H](CO)O1,10.0003,0.40510980555073195,0.42974694538014757,-0.07615714142098373,0.5059040868011313,0.3401777778768767
frozen_GE_teacher,CCS(=O)(=O)NCC[C@H]1CC[C@@H](NC(=O)Cc2ccccn2)[C@H](CO)O1,10.001,0.09996809944539921,0.10030312505246983,0.11262844494090582,-0.012325319888435993,-7.052620923930775e-07
frozen_GE_teacher,CCS(=O)(=O)NCC[C@H]1CC[C@H](NC(=O)Nc2cc(Cl)cc(Cl)c2)[C@@H](CO)O1,9.8817,0.11296720358597852,0.1134514639997132,-0.2800482448267746,0.39349970882648777,0.09068231740947591
frozen_GE_teacher,CCS(=O)(=O)N[C@@H]1CC[C@@H](CC(=O)NC2Cc3ccccc3C2)O[C@@H]1CO,10.0602,0.25835593163695453,0.2643459479626893,-0.06609759470654245,0.3304435426692317,-0.037328527962336364
frozen_GE_teacher,CCS(=O)(=O)N[C@H]1CC[C@H](CC(=O)Nc2ccc(-c3ccccc3)cc2)O[C@@H]1CO,10.0423,-0.30519058381367076,-0.3152333818428608,0.04706787097029501,-0.36230125281315584,-0.08386171064630332
frozen_GE_teacher,CCS(=O)(=O)N[C@H]1CC[C@H](CC(=O)Nc2ccc(-c3ccccc3)cc2)O[C@H]1CO,10.0589,-0.07473243020362105,-0.07487202355805547,0.014059771519400376,-0.08893179507745586,-0.20135610106914098
frozen_GE_teacher,CCS(=O)(=O)Nc1ccc2c(c1)C(=O)N(C)C[C@@H](OC)[C@@H](C)CN(C(C)=O)[C@H](C)CO2,10.0091,0.29755401463960734,0.3068338674342581,0.12509818036360323,0.18173568707065488,-0.031549100530536583
frozen_GE_teacher,CCS(=O)(=O)Nc1ccc2c(c1)C(=O)N(C)C[C@@H](OC)[C@@H](C)CN(C)[C@@H](C)CO2,10.0217,0.07736652558696998,0.07752144349030653,0.08086998316433203,-0.0033485396740254997,0.0723580332556687
frozen_GE_teacher,CCS(=O)(=O)Nc1ccc2c(c1)C(=O)N(C)C[C@@H](OC)[C@@H](C)CN(Cc1ccccn1)[C@H](C)CO2,10.0049,-0.1736587331684968,-0.1754367133572085,0.05892249850177929,-0.23435921185898778,0.08693888052823316
frozen_GE_teacher,CCS(=O)(=O)Nc1ccc2c(c1)C(=O)N(C)C[C@@H](OC)[C@H](C)CN(C(=O)CN(C)C)[C@@H](C)CO2,10.0243,-0.0395563192936363,-0.03957696997359972,0.011000178229584996,-0.050577148203184714,0.04212588330119099
frozen_GE_teacher,CCS(=O)(=O)Nc1ccc2c(c1)C(=O)N(C)C[C@@H](OC)[C@H](C)CN(CC1CCCC1)[C@@H](C)CO2,10.0592,0.35194677110720024,0.3676640245066256,-0.008704507219693148,0.37636853172631873,0.1509256038589709
frozen_GE_teacher,CCS(=O)(=O)Nc1ccc2c(c1)C(=O)N(C)C[C@@H](OC)[C@H](C)CN(CCC(F)(F)F)[C@@H](C)CO2,10.049985,0.2672167147504644,0.273864103802713,0.03857288525266003,0.23529121855005294,0.2624369102365569
frozen_GE_teacher,CCS(=O)(=O)Nc1ccc2c(c1)C(=O)N(C)C[C@@H](OC)[C@H](C)CN(CCC(F)(F)F)[C@H](C)CO2,10.0186,0.09338751513742526,0.0936604292584021,0.030585848947337742,0.06307458031106436,0.02463422604875795
frozen_GE_teacher,CCS(=O)(=O)Nc1ccc2c(c1)C(=O)N(C)C[C@H](OC)[C@@H](C)CN(C(=O)CN(C)C)[C@@H](C)CO2,9.94684,-0.13195275570922513,-0.13272669028370743,0.004591052000412932,-0.13731774228412036,0.03787608565761117
frozen_GE_teacher,CCS(=O)(=O)Nc1ccc2c(c1)C(=O)N(C)C[C@H](OC)[C@@H](C)CN(C(=O)COC)[C@@H](C)CO2,9.97351,0.05484700359181137,0.05490209987567145,-0.01303196882199866,0.0679340686976701,-0.04640073512468624
frozen_GE_teacher,CCS(=O)(=O)Nc1ccc2c(c1)C(=O)N(C)C[C@H](OC)[C@@H](C)CN(C(=O)COC)[C@H](C)CO2,10.0331,-0.04269365732419909,-0.042719625661881665,-0.019044815719633068,-0.023674809942248597,-0.00828414581617969
frozen_GE_teacher,CCS(=O)(=O)Nc1ccc2c(c1)C(=O)N(C)C[C@H](OC)[C@@H](C)CN(C(=O)c1ccc3c(c1)OCO3)[C@H](C)CO2,10.0519,0.041145263307360125,0.0411685056410224,-0.003912717154930289,0.04508122279595269,0.1519677549395032
frozen_GE_teacher,CCS(=O)(=O)Nc1ccc2c(c1)C(=O)N(C)C[C@H](OC)[C@@H](C)CN(C(C)=O)[C@H](C)CO2,10.063,0.281757596750451,0.2895902082253078,0.09657419291202146,0.19301601531328633,-0.09972382472390674
frozen_GE_teacher,CCS(=O)(=O)Nc1ccc2c(c1)C(=O)N(C)C[C@H](OC)[C@@H](C)CN(CC1CCCC1)[C@@H](C)CO2,10.059,0.23654045843433963,0.241106337021034,0.023437978527041166,0.21766835849399285,0.14229038018706133
frozen_GE_teacher,CCS(=O)(=O)Nc1ccc2c(c1)C(=O)N(C)C[C@H](OC)[C@@H](C)CN(CC1CCCC1)[C@H](C)CO2,10.0455,-0.08035481485311347,-0.08052843554971278,0.0024967968208334593,-0.08302523237054624,0.14325313462986308
frozen_GE_teacher,CCS(=O)(=O)Nc1ccc2c(c1)C(=O)N(C)C[C@H](OC)[C@@H](C)CN(CCC(F)(F)F)[C@@H](C)CO2,10.0311,0.23570090590007847,0.2402172131181062,-0.00781941355875417,0.24803662667686038,0.043516229978134084
frozen_GE_teacher,CCS(=O)(=O)Nc1ccc2c(c1)C(=O)N(C)C[C@H](OC)[C@@H](C)CN(Cc1ccccn1)[C@@H](C)CO2,10.0368,0.25550877343562917,0.2612975494262524,0.002774894624817287,0.2585226548014351,-0.12687010795410475
frozen_GE_teacher,CCS(=O)(=O)Nc1ccc2c(c1)C(=O)N(C)C[C@H](OC)[C@@H](C)CN(Cc1nccs1)[C@H](C)CO2,10.0536,0.20937262620227448,0.21251511952138807,-0.03875292726707266,0.2512680467884607,0.20841382306065415
frozen_GE_teacher,CCS(=O)(=O)Nc1ccc2c(c1)C(=O)N(C)C[C@H](OC)[C@H](C)CN(C(=O)COC)[C@H](C)CO2,9.98666,0.5022469954355715,0.552306641975445,0.031787910760639436,0.5205187312148055,-0.15188820358942193
frozen_GE_teacher,CCS(=O)(=O)Nc1ccc2c(c1)C(=O)N(C)C[C@H](OC)[C@H](C)CN(C(=O)c1ccc3c(c1)OCO3)[C@@H](C)CO2,9.95937,-0.013817561370172564,-0.013818440843567923,-0.013788410375975741,-3.0030467592182322e-05,-0.13436144769938022
frozen_GE_teacher,CCS(=O)(=O)Nc1ccc2c(c1)C(=O)N(C)C[C@H](OC)[C@H](C)CN(C)[C@H](C)CO2,10.0725,0.043449364737602324,0.0434767376717626,0.1351150047177085,-0.09163826704594588,-0.09189340544989338
frozen_GE_teacher,CCS(=O)(=O)Nc1ccc2c(c1)C(=O)N(C)C[C@H](OC)[C@H](C)CN(CCC(F)(F)F)[C@H](C)CO2,10.043,0.19389697158305821,0.19638322030779035,-0.027929637618755318,0.22431285792654565,-0.07299488657589183
frozen_GE_teacher,CCS(=O)(=O)Nc1ccc2c(c1)C(=O)N(C)[C@@H]1CC[C@@H](CC(=O)NCCOC)O[C@@H]1CO2,10.1388,0.1304268886658103,0.13117410167333718,0.0066276402589157575,0.12454646141442142,0.19555877800254368
frozen_GE_teacher,CCS(=O)(=O)Nc1ccc2c(c1)C(=O)N(C)[C@@H]1CC[C@@H](CC(=O)N[C@H]3CCN(Cc4ccccc4)C3)O[C@H]1CO2,9.92713,-0.22096661892264344,-0.2246721192320913,0.03169763068763988,-0.25636974991973116,-0.11370060404772755
frozen_GE_teacher,CCS(=O)(=O)Nc1ccc2c(c1)C(=O)N(C)[C@@H]1CC[C@H](CC(=O)NCc3ccccc3F)O[C@H]1CO2,9.9318,-0.18815050714561626,-0.19041910603034903,0.00928442020422441,-0.19970352623457344,-0.039924924099591516
frozen_GE_teacher,CCS(=O)(=O)Nc1ccc2c(c1)C(=O)N(C)[C@@H]1CC[C@H](CC(=O)N[C@@H]3CCN(Cc4ccccc4)C3)O[C@@H]1CO2,10.121,0.11835228034973935,0.11890956869550491,0.01819832396838864,0.10071124472711628,0.04383076373136367
frozen_GE_teacher,CCS(=O)(=O)Nc1ccc2c(c1)C(=O)N(C)[C@@H]1CC[C@H](CC(=O)N[C@H]3CCN(Cc4ccccc4)C3)O[C@H]1CO2,10.0721,0.09854382016382188,0.09886467426691277,0.0060573754373767705,0.092807298829536,-0.015175234716014532
frozen_GE_teacher,CCS(=O)(=O)Nc1ccc2c(c1)C(=O)N(C)[C@H]1CC[C@@H](CC(=O)N[C@@H]3CCN(Cc4ccccc4)C3)O[C@@H]1CO2,10.0682,-0.24145327669507363,-0.2463167865893477,0.05621312727072534,-0.30252991386007305,-0.13632062721736724
frozen_GE_teacher,CCS(=O)(=O)Nc1ccc2c(c1)C(=O)N(C)[C@H]1CC[C@H](CC(=O)NCCOC)O[C@H]1CO2,10.1081,-0.231604781219017,-0.23588454479629928,0.022895258042888975,-0.2587798028391883,0.007496554513701299
frozen_GE_teacher,CCSc1nnc(NC(=O)C(CC)(C(F)(F)F)C(F)(F)F)s1,10.0,0.18145428396542324,0.18348607698921574,0.14325117879917687,0.040234898190038865,0.017217617798704704
frozen_GE_teacher,CC[C@H](C)[C@H](N)C(=O)N1CCC[C@H]1C(=O)N[C@H](C(=O)O)[C@@H](C)CC,10.0,0.2618812500692926,0.26812711131767947,0.07515595451574593,0.19297115680193355,0.002772208812202276
frozen_GE_teacher,CCc1c(C)c2ccc(OCC(=O)OC)cc2oc1=O,10.0,0.32924954319035804,0.3419863191880619,0.32519425646302147,0.016792062725040413,-0.20972250561463718
frozen_GE_teacher,CCc1c(C)nc2ncnn2c1N1CCCC(C(=O)NCc2ccc3c(c2)OCO3)C1,10.0,-0.0517600862982933,-0.05180638433866822,0.12079734387934392,-0.17260372821801215,-0.2210248670232755
frozen_GE_teacher,CCc1cc(-c2n[nH]c(C)c2-c2ccc3c(c2)OCCO3)c(O)cc1O,10.0,0.2113121848786517,0.21454446517380402,0.08895540925137371,0.1255890559224303,0.3677406122938275
frozen_GE_teacher,CCc1cc(C(=O)Nc2ccc(C)cc2Br)cs1,10.0,0.6794163696150086,0.8280292167202035,0.07715021994688676,0.7508789967733167,0.3404332380423071
frozen_GE_teacher,CCc1cc(Cl)c(OC)c(C(=O)NC[C@@H]2CCCN2CC)c1O,10.0,0.3320766245787041,0.34516045795083755,-0.02353194584357578,0.3686924037944133,0.13268013558725478
frozen_GE_teacher,CCc1ccc(NC(=O)c2onc(C)c2Cl)cc1,10.0,0.2105546531914984,0.21375165919895756,0.07359697294495152,0.14015468625400604,0.12964299717922725
frozen_GE_teacher,CCc1ccc(OCC(O)CN2CCN(c3ccccc3)CC2)cc1,10.0,0.08959337218163646,0.0898342545574117,0.17038874919382788,-0.08055449463641617,-0.08232525572403145
frozen_GE_teacher,CCc1cnc(N2[C@@H](C#N)[C@H](c3ccc(C4=CCCCC4)cc3)[C@@H]2CO)s1,10.0827,0.052086512007971035,0.05213369248353256,0.01090147406031845,0.041232218423214104,-0.21669986061305074
frozen_GE_teacher,CCc1cnc(N2[C@H](C#N)[C@@H](c3ccc(C#CC(C)C)cc3)[C@@H]2CO)s1,9.50755,0.17696059908870007,0.17884327835898314,-0.0010173452528989225,0.17986062361188207,0.09638657197114528
frozen_GE_teacher,CCc1cnc(N2[C@H](C#N)[C@@H](c3ccc(C#CC(C)C)cc3)[C@H]2CO)s1,10.0092,0.03659076665351253,0.03660711005117149,0.06795571174614341,-0.031348601694971924,-0.07997231934982849
frozen_GE_teacher,CCc1cnc(N2[C@H](C#N)[C@@H](c3ccc(C4=CCCCC4)cc3)[C@@H]2CO)s1,9.9427,0.07027123904729297,0.07038725052510389,-0.020290975714289713,0.0906782262393936,0.07973382998624047
frozen_GE_teacher,CCc1nnc(NC(=O)/C=C/c2ccco2)s1,10.0,0.11157737217406713,0.11204388978287162,-0.006562800737340953,0.11860669052021258,0.09223454966507108
frozen_GE_teacher,CCn1c(=O)n(C2=C(CO)CN(CC3CCCCCCC3)CC2)c2ccccc21,10.0,-0.11289799471076431,-0.11338136104740273,-0.023310735309088684,-0.09007062573831405,0.15667459390118932
frozen_GE_teacher,CCn1c(C)c(C(C)=O)c(N2CCN(c3ccc(F)cc3)CC2)nc1=S,10.0,0.4110737329880945,0.43690260692596167,0.1310631342527107,0.30583947267325096,0.15614030971480974
frozen_GE_teacher,CCn1c(C)nc2cc(C(=O)NN=Cc3ccc(N4CCOCC4)cc3)ccc21,10.0,0.3624636690662841,0.37971929808386407,0.06843930265451323,0.3112799954293508,0.050697289364057777
frozen_GE_teacher,CCn1c(C)nc2cc(C(=O)NN=Cc3ccccc3)ccc21,10.0,0.43447486725841084,0.4653996885455333,0.10011428278585155,0.36528540575968177,-0.1606731365679137
frozen_GE_teacher,CCn1c(SCC(=O)N2CCCc3ccccc32)nc2ccccc2c1=O,10.0,0.2278984721363417,0.23197168686061548,0.09624388849785398,0.1357277983627615,0.24678536194119166
frozen_GE_teacher,CCn1c(SCC(=O)Nc2ccc(NC(C)=O)cc2)nnc1C1CC1,10.0,0.4560908397975551,0.49236418439543717,0.09097129091251041,0.4013928934829267,0.00487513002895168
frozen_GE_teacher,CCn1cc(C(=O)O)c(=O)c2cc3c(cc21)OCO3,10.0,-0.0432557873448835,-0.043282795775140964,-0.00764938352572455,-0.035633412249416414,0.09978992175309515
frozen_GE_teacher,CCn1nc(C(=O)O)c(=O)c2cc3c(cc21)OCO3,10.0,0.13054941271555415,0.13129874809754083,-0.010748650664917203,0.14204739876245803,0.059403706840684536
frozen_GE_teacher,CCn1nc(C)c(C=NNC(=O)Cn2nnnc2N)c1C,10.0,0.5314755206378348,0.5921992957063923,0.07033874779084409,0.5218605479155483,0.27851213848723694
frozen_GE_teacher,CN(C(=O)CCCOc1ccc2[nH]c(=O)ccc2c1)C1CCCCC1,10.0,0.10733489038202254,0.10774995715697061,0.038973065940447985,0.06877689121652263,-0.08122471016488475
frozen_GE_teacher,CN(C(=O)Cc1ccccc1)C(CN1CCCC1)c1ccccc1,10.0,0.049979640823035965,0.05002131909684702,-0.049086644539702774,0.09910796363654979,-0.18581911464931047
frozen_GE_teacher,CN(C(=O)Oc1ccc(C(C)(C)C)cc1)c1ccccc1,10.0,0.43334168217247665,0.4640036648729801,0.004601431291247213,0.4594022335817329,-0.015463979673544315
frozen_GE_teacher,CN(C(S)=NC1=CCS(=O)(=O)C1)C1CCCCC1,10.0,0.20669341110044206,0.20971470692173236,0.02585449665936521,0.18386021026236715,0.03877534088223916
frozen_GE_teacher,CN(C)C(=O)C[C@@H]1C=C[C@H](NC(=O)Nc2cccc(F)c2)[C@@H](CO)O1,10.1422,0.5342013377131735,0.5960058689345954,0.042238916090619805,0.5537669528439756,0.07395369985950147
frozen_GE_teacher,CN(C)C(=O)C[C@@H]1C=C[C@H](NC(=O)c2ccc(F)cc2)[C@@H](CO)O1,10.0481,-0.2624820343313972,-0.26877224133491207,-0.06149182456311539,-0.20728041677179668,0.03329855748955024
frozen_GE_teacher,CN(C)C(=O)C[C@@H]1CC[C@@H](NC(=O)C2CCOCC2)[C@@H](CO)O1,10.0543,0.17671939350076626,0.17859428619092155,0.025161595891539407,0.15343269029938214,0.20137107446122857
frozen_GE_teacher,CN(C)C(=O)C[C@@H]1CC[C@@H](NC(=O)c2ccc(F)cc2)[C@@H](CO)O1,10.0339,0.3518485980549564,0.36755197630332437,-0.14165521916277068,0.509207195466095,-0.09422182956945485
frozen_GE_teacher,CN(C)C(=O)C[C@@H]1CC[C@@H](NS(=O)(=O)c2ccccc2)[C@@H](CO)O1,10.0973,-0.032902599784201715,-0.03291448074634135,0.019942252913893777,-0.05285673366023513,0.23056107389281216
frozen_GE_teacher,CN(C)C(=O)C[C@@H]1CC[C@@H]2[C@H](COC[C@@H](O)CN2Cc2ccc(C(F)(F)F)cc2)O1,10.0277,0.24390826504670865,0.24892540865362775,-0.021346711681172303,0.2702721203348001,-0.00398493816957687
frozen_GE_teacher,CN(C)C(=O)C[C@@H]1CC[C@@H]2[C@H](COC[C@H](O)CN2C(=O)C2CCCC2)O1,9.91998,-0.0772319879247374,-0.07738609710954134,-0.12061168865063995,0.04322559154109862,-0.05714659648869733
frozen_GE_teacher,CN(C)C(=O)C[C@@H]1CC[C@@H]2[C@H](COC[C@H](O)CN2C(=O)c2ccncc2)O1,10.0764,0.35823144768296106,0.37485549903599774,0.3002088075056615,0.07464669153033626,-0.2667690476364949
frozen_GE_teacher,CN(C)C(=O)C[C@@H]1CC[C@H](NC(=O)C2CCOCC2)[C@H](CO)O1,10.1456,-0.3594144843588191,-0.3762133667570512,-0.07337480079480818,-0.302838565962243,-0.011460802789043836
frozen_GE_teacher,CN(C)C(=O)C[C@@H]1CC[C@H](NS(=O)(=O)c2ccccc2)[C@H](CO)O1,10.0279,-0.6108567442353904,-0.7102869565736465,-0.1271240012770434,-0.5831629552966031,0.5707321769075895
frozen_GE_teacher,CN(C)C(=O)C[C@@H]1CC[C@H]2[C@@H](COC[C@@H](O)CN2C(=O)C2CCCC2)O1,10.0419,0.3000913665701629,0.3096200100521132,0.0020398157150839577,0.30758019433702927,-0.12556446590571532
frozen_GE_teacher,CN(C)C(=O)C[C@@H]1C[C@@H]2c3cc(NC(=O)NC4CCCC4)ccc3O[C@@H]2[C@H](CO)O1,9.95903,0.2935731059085836,0.3024718986622258,-0.02835977923915208,0.33083167790137785,-0.060243300632640696
frozen_GE_teacher,CN(C)C(=O)C[C@@H]1C[C@@H]2c3cc(NC(=O)c4cccnc4)ccc3O[C@@H]2[C@@H](CO)O1,10.1242,-0.11470398069142917,-0.11521104315109147,-0.01892884792006552,-0.09628219523102595,-0.18895423540578132
frozen_GE_teacher,CN(C)C(=O)C[C@@H]1C[C@@H]2c3cc(NS(C)(=O)=O)ccc3O[C@@H]2[C@H](CO)O1,9.95365,0.05710312051094241,0.05716530887042042,0.0014057761166896415,0.05575953275373078,0.018401939465100232
frozen_GE_teacher,CN(C)C(=O)C[C@@H]1C[C@H]2c3cc(NC(=O)CC4CC4)ccc3O[C@H]2[C@@H](CO)O1,10.0665,0.46683621890076205,0.5060172348880076,0.06220052994007795,0.4438167049479297,0.024754317249457605
frozen_GE_teacher,CN(C)C(=O)C[C@@H]1C[C@H]2c3cc(NC(=O)NC4CCCC4)ccc3O[C@H]2[C@@H](CO)O1,10.1845,0.0565770536361453,0.05663753685985795,-0.07962635360899095,0.1362638904688489,0.06639312599578195
frozen_GE_teacher,CN(C)C(=O)C[C@@H]1C[C@H]2c3cc(NC(=O)NC4CCCC4)ccc3O[C@H]2[C@H](CO)O1,10.0587,0.01145904606951216,0.01145954767047302,0.007020277064361481,0.004439270606111539,-0.13787791548996203
frozen_GE_teacher,CN(C)C(=O)C[C@@H]1C[C@H]2c3cc(NC(=O)Nc4ccc(F)cc4)ccc3O[C@H]2[C@@H](CO)O1,10.0388,0.4841533432002319,0.5283951024076693,-0.18007041893525252,0.7084655213429218,0.19225945442268583
frozen_GE_teacher,CN(C)C(=O)C[C@@H]1C[C@H]2c3cc(NC(=O)Nc4ccccc4F)ccc3O[C@H]2[C@H](CO)O1,10.0531,0.06430578070811206,0.06439464109234996,0.003878622607914043,0.06051601848443592,0.058301478875020366
frozen_GE_teacher,CN(C)C(=O)C[C@@H]1C[C@H]2c3cc(NS(C)(=O)=O)ccc3O[C@H]2[C@H](CO)O1,10.0525,0.10485759473723687,0.10524445723133474,-0.03153265092643599,0.13677710815777072,0.2443768656666802
frozen_GE_teacher,CN(C)C(=O)C[C@H]1C=C[C@@H](NC(=O)Nc2cccc(F)c2)[C@@H](CO)O1,9.99917,0.3149535421118212,0.3260349785491199,0.05257661772770415,0.2734583608214157,0.06992161295540815
frozen_GE_teacher,CN(C)C(=O)C[C@H]1C=C[C@@H](NC(=O)Nc2cccc(F)c2)[C@H](CO)O1,10.036,-0.1420286833101399,-0.14299541906835203,-0.031248338962471783,-0.11174708010588025,0.09104349195078545
frozen_GE_teacher,CN(C)C(=O)C[C@H]1CC[C@@H]2[C@H](COc3ccc(NC(=O)c4ccc(F)cc4)cc3C(=O)N2C)O1,10.0611,0.18784613462771538,0.19010358182121173,-0.08699300941635875,0.27709659123757047,-0.2399371870027937
frozen_GE_teacher,CN(C)C(=O)C[C@H]1CC[C@H](NC(=O)C2CCOCC2)[C@H](CO)O1,9.93412,-0.4913787196194305,-0.5378762965365607,0.06955875772250261,-0.6074350542590633,0.10430550190703972
frozen_GE_teacher,CN(C)C(=O)C[C@H]1CC[C@H](NS(=O)(=O)c2ccccc2)[C@@H](CO)O1,10.096052,-0.09186615512429934,-0.09212590311819355,0.013179837767464786,-0.10530574088565833,-0.04177282443643185
frozen_GE_teacher,CN(C)C(=O)C[C@H]1CC[C@H](NS(=O)(=O)c2ccccc2)[C@H](CO)O1,10.0352,0.0580447710712919,0.05811009122755302,-0.1518914211822862,0.21000151240983922,0.07389296227117177
frozen_GE_teacher,CN(C)C(=O)C[C@H]1CC[C@H]2[C@H](COc3ccc(NC(=O)c4ccc(F)cc4)cc3C(=O)N2C)O1,9.85927,0.28360802550034653,0.2916013469853794,-0.02121815434274077,0.31281950132812014,-0.13565810963453886
frozen_GE_teacher,CN(C)C(=O)C[C@H]1C[C@@H]2c3cc(NC(=O)C4CCOCC4)ccc3O[C@@H]2[C@@H](CO)O1,9.95494,0.1760643536249813,0.17791821081571832,0.013069150260927552,0.16484906055479076,-0.07239767888625415
frozen_GE_teacher,CN(C)C(=O)C[C@H]1C[C@@H]2c3cc(NC(=O)CC4CC4)ccc3O[C@@H]2[C@@H](CO)O1,9.99573,0.06670775395118128,0.0668069671357284,0.003660273259210924,0.06314669387651747,-0.051652531453043944
frozen_GE_teacher,CN(C)C(=O)C[C@H]1C[C@@H]2c3cc(NC(=O)NC4CCCC4)ccc3O[C@@H]2[C@H](CO)O1,9.97571,-0.25760841817700775,-0.26354513661358253,0.018844923859270665,-0.2823900604728532,-0.1513441402648352
frozen_GE_teacher,CN(C)C(=O)C[C@H]1C[C@@H]2c3cc(NC(=O)Nc4ccc(F)cc4)ccc3O[C@@H]2[C@H](CO)O1,10.043,0.529513838585036,0.5894693326244044,-0.18336466134790935,0.7728339939723137,0.046987908286838104
frozen_GE_teacher,CN(C)C(=O)C[C@H]1C[C@@H]2c3cc(NC(=O)Nc4ccccc4F)ccc3O[C@@H]2[C@@H](CO)O1,10.0703,0.1594158896395277,0.16078729710443593,0.007805724993398476,0.15298157211103744,0.14069770803351994
frozen_GE_teacher,CN(C)C(=O)C[C@H]1C[C@H]2c3cc(NC(=O)CC4CC4)ccc3O[C@H]2[C@@H](CO)O1,9.97759,-0.4938204495547185,-0.5411003641633072,0.047230942135657455,-0.5883313062989647,-0.12494837251637919
frozen_GE_teacher,CN(C)C(=O)C[C@H]1C[C@H]2c3cc(NC(=O)CC4CC4)ccc3O[C@H]2[C@H](CO)O1,9.95043,0.03686728978814517,0.03688400672715114,0.026877346610153258,0.010006660116997884,-0.1282594716469862
frozen_GE_teacher,CN(C)C(=O)C[C@H]1C[C@H]2c3cc(NC(=O)NC4CCCC4)ccc3O[C@H]2[C@H](CO)O1,10.0655,-0.06447822671091827,-0.06456780509069826,-0.008914846828861997,-0.05565295826183626,0.02205343929208018
frozen_GE_teacher,CN(C)C(=O)C[C@H]1C[C@H]2c3cc(NC(=O)Nc4ccccc4F)ccc3O[C@H]2[C@@H](CO)O1,10.0138,-0.2867964766507071,-0.2950721155577971,-0.004208025586379586,-0.29086408997141755,-0.06659402576464962
frozen_GE_teacher,CN(C)C(=O)C[C@H]1C[C@H]2c3cc(NS(C)(=O)=O)ccc3O[C@H]2[C@H](CO)O1,10.0645,0.06338400843164062,0.06346909606989719,0.01552593039872931,0.04794316567116788,0.10824326746169759
frozen_GE_teacher,CN(C)C(=O)Nc1ccc(Cl)c(Cl)c1,10.0,-0.1930767412000547,-0.1955310884705847,-0.0327999322132976,-0.1627311562572871,-0.08408121048823805
frozen_GE_teacher,CN(C)C(=O)[C@@H]1[C@@H](CO)[C@@H]2Cn3c(ccc(-c4cccc(F)c4)c3=O)[C@H]1N2Cc1ccccc1,10.0035,-0.043295333827925886,-0.04332241645878045,0.01360761269763901,-0.056930029156419454,-0.04197344709466305
frozen_GE_teacher,CN(C)C(=O)[C@@H]1[C@@H](CO)[C@@H]2Cn3c(ccc(-c4cncnc4)c3=O)[C@@H]2N1Cc1cc(F)ccc1F,9.96719,0.3271664291321656,0.3396517196948656,-0.07373347140643757,0.4133851911013031,-0.15866507116505765
frozen_GE_teacher,CN(C)C(=O)[C@@H]1[C@@H](CO)[C@@H]2Cn3c(ccc(/C=C/c4ccccc4)c3=O)[C@@H]2N1C(=O)c1cccnc1,10.076,0.04749877072319662,0.04753454034115934,0.051959188340806886,-0.004424647999647549,-0.11144671461485708
frozen_GE_teacher,CN(C)C(=O)[C@@H]1[C@@H](CO)[C@@H]2Cn3c(ccc(C4=CCCC4)c3=O)[C@@H]2N1C(=O)c1ccccc1F,9.90384,0.2242282595128294,0.228103802079845,-0.06304100936064402,0.291144811440489,0.240844776400059
frozen_GE_teacher,CN(C)C(=O)[C@@H]1[C@@H](CO)[C@@H]2Cn3c(ccc(C4=CCCC4)c3=O)[C@H]1N2CC1CCOCC1,9.98993,0.16476914054510355,0.16628500935695956,-0.025077394481324657,0.1913624038382842,0.1991532115753207
frozen_GE_teacher,CN(C)C(=O)[C@@H]1[C@@H](CO)[C@@H]2Cn3c(cccc3=O)[C@H]1N2C(=O)c1ccc(F)cc1,10.035,0.05509237611960619,0.055148216085898163,-0.04448616725117093,0.09963438333706909,-0.10194989959644352
frozen_GE_teacher,CN(C)C(=O)[C@H]1N[C@H]2c3ccc(-c4ccc(F)cc4)c(=O)n3C[C@H]2[C@@H]1CO,10.0581,0.08326222155000507,0.08345543369025334,-0.008623431249680218,0.09207886493993356,-0.13779688688274747
frozen_GE_teacher,CN(C)C(=O)[C@H]1[C@H](CO)[C@H]2Cn3c(ccc(-c4ccccc4)c3=O)[C@@H]1N2C(=O)C1CCC1,10.0579,0.09571230063845283,0.09600618618222204,0.033100610802329684,0.06290557537989236,-0.07301250489466615
frozen_GE_teacher,CN(C)C(=O)c1cc2c(c(-c3cccc(-c4ccc(F)cc4)c3)n1)[C@@H](CCO)N([S@](=O)C(C)(C)C)C2,9.87558,-0.10689548772599639,-0.10730545441851419,-0.21146684570678653,0.10416139128827234,0.239554190598259
frozen_GE_teacher,CN(C)C(=O)c1ccc(-c2ccc([C@H]3[C@@H](C#N)N[C@@H]3CO)cc2)cc1,10.0274,0.051400188952836975,0.051445526924300204,0.04102722262992815,0.01041830429437205,0.14153416528024265
frozen_GE_teacher,CN(C)C(=O)c1cccc(-c2ccc([C@H]3[C@@H](C#N)N(C(=O)C4CC4)[C@H]3CO)cc2)c1,10.0348,0.24900380073369252,0.25435048114402553,-0.007949513414080966,0.2622999945581065,0.12324463501345254
frozen_GE_teacher,CN(C)C(=O)c1cccc(-c2ccc3n(c2=O)C[C@H]2N[C@@H]3[C@@H](C(=O)NC3CCC3)[C@@H]2CO)c1,10.0113,0.35190976241336347,0.3676217842031454,-0.0576442528081868,0.4252660370113322,0.4174398009576533
frozen_GE_teacher,CN(C)C(=O)c1cccc(-c2cccc(-c3nc(C(=O)N4CCOCC4)cc4c3[C@H](CCO)N([S@@](=O)C(C)(C)C)C4)c2)c1,10.0786,0.03499198014929148,0.035006272495423055,-0.04092551883411863,0.07593179132954168,0.03204233689494998
frozen_GE_teacher,CN(C)CC(=O)N1[C@@H]2c3ccc(-c4cccnc4)c(=O)n3C[C@H]1[C@H](CO)[C@H]2C(=O)NC1CCC1,10.1544,-0.5443665347435335,-0.6103402066758455,-0.02778594226913813,-0.5825542644067074,0.1004392225102392
frozen_GE_teacher,CN(C)CC(=O)N[C@@H]1C=C[C@@H](CC(=O)NCCN2CCCCC2)O[C@H]1CO,10.01,0.5110939387035976,0.5642093814489443,-0.04780695107073674,0.612016332519681,0.3197952247469498
frozen_GE_teacher,CN(C)CC(=O)N[C@H]1C=C[C@@H](CC(=O)NCCN2CCCCC2)O[C@H]1CO,10.0685,0.23889526931761823,0.24360218941038006,-0.09113066129714571,0.3347328507075258,0.40195650746629863
frozen_GE_teacher,CN(C)CC(=O)Nc1ccc2c(c1)[C@@H]1C[C@@H](CC(=O)NC3CCCCC3)O[C@H](CO)[C@@H]1O2,10.0937,0.03882799358225546,0.03884752378209698,-0.05293928760026499,0.09178681138236197,0.24872763692891575
frozen_GE_teacher,CN(C)CC(=O)Nc1ccc2c(c1)[C@@H]1C[C@@H](CC(=O)NCc3ccncc3)O[C@@H](CO)[C@@H]1O2,10.0973,0.12844699123209577,0.12916046726433938,0.06126791716820013,0.06789255009613926,-0.3776694726353046
frozen_GE_teacher,CN(C)CC(=O)Nc1ccc2c(c1)[C@@H]1C[C@H](CC(=O)NCc3cc(F)ccc3F)O[C@H](CO)[C@@H]1O2,10.0188,-0.06751089408734243,-0.06761374075120731,-0.04110928593454859,-0.026504454816658723,0.09474718354368228
frozen_GE_teacher,CN(C)CC(=O)Nc1ccc2c(c1)[C@@H]1C[C@H](CC(=O)NCc3ccc(-c4ccccc4)cc3)O[C@H](CO)[C@@H]1O2,10.1054,-0.04699369741519545,-0.04702833707200545,-0.1287444499548171,0.08171611288281165,-0.1495999908262588
frozen_GE_teacher,CN(C)CC(=O)Nc1ccc2c(c1)[C@@H]1C[C@H](CC(=O)NCc3ccc4c(c3)OCO4)O[C@H](CO)[C@@H]1O2,10.123,0.04411204890303242,0.044140694501122436,-0.020236721010320643,0.06437741551144308,0.04274410365410536
frozen_GE_teacher,CN(C)CC(=O)Nc1ccc2c(c1)[C@@H]1C[C@H](CC(=O)NCc3ccncc3)O[C@H](CO)[C@@H]1O2,10.0252,-0.0030540339154368277,-0.003054043410606783,-0.016085826194024336,0.013031782783417552,0.09765455765757622
frozen_GE_teacher,CN(C)CC(=O)Nc1ccc2c(c1)[C@H]1C[C@@H](CC(=O)NC3CCCCC3)O[C@@H](CO)[C@H]1O2,10.0073,0.13142122219742405,0.13218577652225955,0.005448313164131247,0.1267374633581283,-0.0777830563229834
frozen_GE_teacher,CN(C)CC(=O)Nc1ccc2c(c1)[C@H]1C[C@@H](CC(=O)NCC3CC3)O[C@H](CO)[C@H]1O2,9.7129,0.24230092380051477,0.2472171065603081,-0.06084439196878879,0.30806149852909687,0.19635802557667736
frozen_GE_teacher,CN(C)CC(=O)Nc1ccc2c(c1)[C@H]1C[C@@H](CC(=O)NCc3cccc(F)c3)O[C@H](CO)[C@H]1O2,9.98051,0.21270908905603456,0.2160071134968554,0.030170606587876216,0.18583650690897918,0.04446586902000268
frozen_GE_teacher,CN(C)CC(=O)Nc1ccc2c(c1)[C@H]1C[C@H](CC(=O)NCc3ccncc3)O[C@@H](CO)[C@H]1O2,9.94813,0.05662406828620416,0.05668470261123517,-0.024078465380117077,0.08076316799135225,0.011151470700360116
frozen_GE_teacher,CN(C)CCCNC(=O)C[C@@H]1C=C[C@@H](NC(=O)c2ccccc2F)[C@@H](CO)O1,10.0737,-0.11126569547804743,-0.11172829505189433,-0.031441019782060806,-0.08028727526983352,-0.08049524631395939
frozen_GE_teacher,CN(C)CCCNC(=O)C[C@@H]1C=C[C@@H](NS(=O)(=O)c2ccccc2)[C@H](CO)O1,10.0407,0.19180913210056003,0.19421472872730727,0.0667068598223523,0.12750786890495497,-0.07745510757764042
frozen_GE_teacher,CN(C)CCCNC(=O)C[C@@H]1C=C[C@H](NC(=O)Cc2cccnc2)[C@@H](CO)O1,10.0163,-0.18511459523321877,-0.18727362901261,-0.043452357155334444,-0.14382127185727556,0.023071566829726255
frozen_GE_teacher,CN(C)CCCNC(=O)C[C@@H]1C=C[C@H](NC(=O)c2ccccc2F)[C@@H](CO)O1,9.98798,-0.2188836090761598,-0.22248323872783643,0.012201679797901557,-0.23468491852573797,-0.2751094584985095
frozen_GE_teacher,CN(C)CCCNC(=O)C[C@@H]1CC[C@@H]2[C@H](COc3ccc(NS(C)(=O)=O)cc3C(=O)N2C)O1,10.2563,0.10194665401638905,0.10230205417140967,0.167837232428937,-0.06553517825752733,-0.135290139938883
frozen_GE_teacher,CN(C)CCCNC(=O)C[C@@H]1CC[C@H](NC(=O)c2ccccc2F)[C@@H](CO)O1,10.0537,-0.04162233121912714,-0.04164639199901694,-0.048125323711029,0.006478931712012054,-0.07991625169061163
frozen_GE_teacher,CN(C)CCCNC(=O)C[C@@H]1CC[C@H]2[C@@H](COC[C@H](O)CN2CC2CCCC2)O1,10.0421,0.24428290724221327,0.2493237873132801,0.27689356328512693,-0.027569775971846844,-0.3764704171052843
frozen_GE_teacher,CN(C)CCCNC(=O)C[C@H]1C=C[C@@H](NS(=O)(=O)c2ccccc2)[C@H](CO)O1,10.1283,0.4074586662315712,0.43256018028696186,-0.04624642778951872,0.47880660807648057,0.1820819568053907
frozen_GE_teacher,CN(C)CCCNC(=O)C[C@H]1C=C[C@H](NC(=O)Cc2cccnc2)[C@H](CO)O1,10.0008,0.2652604424975712,0.27175858524180513,0.0010372027831205312,0.2707213824586846,-0.35209209619986914
frozen_GE_teacher,CN(C)CCCNC(=O)C[C@H]1C=C[C@H](NC(=O)c2ccccc2F)[C@@H](CO)O1,10.1689,0.021433610226396414,0.021436893329057384,-0.005935453314382326,0.02737234664343971,0.22830351113831793
frozen_GE_teacher,CN(C)CCCNC(=O)C[C@H]1CC[C@H](NC(=O)c2ccccc2F)[C@H](CO)O1,9.9477,-0.01950530659598474,-0.01950778080418947,-0.0037385190233388994,-0.01576926178085057,0.08102983211077486
frozen_GE_teacher,CN(C)CCCNC(=O)[C@H]1[C@H](CO)[C@H]2Cn3c(ccc(C4=CCCC4)c3=O)[C@@H]1N2Cc1cocn1,9.97376,-0.1496870120023941,-0.15082025897833964,-0.01795020961560192,-0.13287004936273772,-0.14703831479270443
frozen_GE_teacher,CN(C)CCCNC(=O)[C@H]1[C@H](CO)[C@H]2Cn3c(ccc(C4=CCCC4)c3=O)[C@H]2N1CCC(F)(F)F,10.0957,0.06037749964084051,0.06045102810123018,0.014887146759679531,0.04556388134155065,0.07554571558356629
frozen_GE_teacher,CN(C)CCCc1cc(C(=O)Nc2ccc(-c3ccncc3)cc2)ccc1O,10.0,0.25983690209914556,0.26593349215338424,0.017299394381040667,0.24863409777234358,0.07397123638047128
frozen_GE_teacher,CN(C)CCCn1c(SCc2ccc(Cl)cc2)nnc1-c1ccncc1,10.0,0.01796735674712736,0.017969290564467937,0.07228574428341947,-0.05431645371895153,0.17466130749512535
frozen_GE_teacher,CN(C)CCOC(=O)C(c1ccccc1)C1(O)CCCC1,10.0,0.1608772079710344,0.16228708055269292,0.27057856703459837,-0.10829148648190545,-0.15614227458976043
frozen_GE_teacher,CN(C)CCc1c[nH]c2ccc(CS(=O)(=O)N3CCCC3)cc12,10.0,0.006250620317558969,0.00625070172390921,-0.04399710363462713,0.05024780535853634,0.042779028136510314
frozen_GE_teacher,CN(C)Cc1cn(CC[C@@H]2CC[C@@H](N)[C@H](CO)O2)nn1,10.1215,0.0849346717227338,0.08513979700841898,-0.05387394205698663,0.1390137390654056,-0.2037045411720697
frozen_GE_teacher,CN(C)Cc1cn(CC[C@@H]2CC[C@@H](NC(=O)Cc3cccnc3)[C@@H](CO)O2)nn1,10.0959,0.31734313388568525,0.3286899343760739,-0.03300792917849454,0.36169786355456846,-0.28491804197635623
frozen_GE_teacher,CN(C)Cc1cn(CC[C@@H]2CC[C@H](NC(=O)Cc3cccnc3)[C@@H](CO)O2)nn1,10.0188,0.14719377875831946,0.14827084919475658,0.05137428218455863,0.09689656701019794,0.15048275703141467
frozen_GE_teacher,CN(C)Cc1cn(CC[C@H]2CC[C@@H](NC(=O)Cc3cccnc3)[C@@H](CO)O2)nn1,10.114,-0.20181145820962754,-0.20462020430520653,-0.15870347442911423,-0.0459167298760923,0.1395211516861026
frozen_GE_teacher,CN(C)Cc1cn(CC[C@H]2CC[C@H](NC(=O)Cc3cccnc3)[C@@H](CO)O2)nn1,10.021,0.07179185049562724,0.07191557339692382,0.09543144400255235,-0.023515870605628528,-0.20481971080829486
frozen_GE_teacher,CN(C)Cc1cn(CC[C@H]2CC[C@H](NC(=O)Cc3cccnc3)[C@H](CO)O2)nn1,9.98849,0.3967465644551739,0.4197817645584832,0.06020649819358123,0.359575266364902,0.03323251466914706
frozen_GE_teacher,CN(C)S(=O)(=O)c1ccc(N2CCCC2)c(C(=O)N2CCN(c3ccc([N+](=O)[O-])cc3)CC2)c1,20.0,-0.060014129410202996,-0.06008633639295619,-0.08564728968759652,0.02556095329464033,0.18034453673100773
frozen_GE_teacher,CN(C)c1ccc2c(c1)[C@@H]1C[C@@H](CC(=O)NCc3ccccn3)O[C@@H](CO)[C@@H]1O2,10.073,0.17555118668210906,0.17738867682618317,-0.19472700951866623,0.3721156863448494,0.28106997508402043
frozen_GE_teacher,CN(C)c1ccc2c(c1)[C@@H]1C[C@@H](CC(=O)NCc3ccccn3)O[C@H](CO)[C@@H]1O2,10.0586,-0.014614462437854536,-0.014615503035744591,0.023197629635610707,-0.0378131326713553,0.09788225088672886
frozen_GE_teacher,CN(C)c1ccc2c(c1)[C@@H]1C[C@H](CC(=O)N3CCc4ccccc4C3)O[C@@H](CO)[C@@H]1O2,10.0419,0.2224832028320709,0.22626711667271743,-0.141666002374353,0.36793311904707043,0.23704073063583805
frozen_GE_teacher,CN(C)c1ccc2c(c1)[C@@H]1C[C@H](CC(=O)N3CCc4ccccc4C3)O[C@H](CO)[C@@H]1O2,10.1031,-0.03595697653267443,-0.03597248487312845,-0.1870414571712813,0.15106897229815283,-0.14263412555292726
frozen_GE_teacher,CN(C)c1ccc2c(c1)[C@@H]1C[C@H](CC(=O)NCC3CC3)O[C@H](CO)[C@@H]1O2,9.9718,0.3763840803161113,0.3958402210723776,0.035333692101225486,0.3605065289711521,0.3040007596953897
frozen_GE_teacher,CN(C)c1ccc2c(c1)[C@@H]1C[C@H](CC(=O)NCc3ccc(Cl)cc3)O[C@H](CO)[C@@H]1O2,9.998544,-0.03543712902612618,-0.03545197407852318,-0.022264282663516297,-0.013187691415006881,0.02774311958592886
frozen_GE_teacher,CN(C)c1ccc2c(c1)[C@@H]1C[C@H](CC(=O)NCc3ccc(Oc4ccccc4)cc3)O[C@H](CO)[C@@H]1O2,10.0034,0.05834134301019292,0.058407670901963395,0.043484017225704795,0.0149236536762586,0.010654138497196687
frozen_GE_teacher,CN(C)c1ccc2c(c1)[C@@H]1C[C@H](CC(=O)NCc3cccc(F)c3)O[C@@H](CO)[C@@H]1O2,9.91433,0.3988949198735084,0.42233404978399547,0.061843543775599405,0.36049050600839605,0.261334161431209
frozen_GE_teacher,CN(C)c1ccc2c(c1)[C@H]1C[C@H](CC(=O)NCc3ccc(Cl)cc3)O[C@H](CO)[C@H]1O2,9.943933,0.18703719859080775,0.18926518933301384,-0.03037025856420868,0.21963544789722253,0.2625207069679807
frozen_GE_teacher,CN(C)c1ccc2c(c1)[C@H]1C[C@H](CC(=O)NCc3ccc4c(c3)OCO4)O[C@@H](CO)[C@H]1O2,10.0281,0.17439399900223743,0.17619494232725214,-0.0039009433294376625,0.1800958856566898,0.26513052737271003
frozen_GE_teacher,CN(C)c1ccc2c(c1)[C@H]1C[C@H](CC(=O)O)O[C@H](CO)[C@H]1O2,10.2478,0.06377628828222807,0.06386296812791478,0.10377976529504268,-0.0399167971671279,-0.11964400123474422
frozen_GE_teacher,CN([N+][O-])c1cc(O)ccc1O,10.0,0.039239051031916786,0.03925920848693763,0.01436729600386969,0.024891912483067942,-0.070310062014914
frozen_GE_teacher,CN(c1ccccc1)S(=O)(=O)c1ccc(NC(=O)c2cccs2)cc1,10.0,0.2687462381026083,0.27551196736776173,0.09101069785131966,0.18450126951644208,-0.01921660639873636
frozen_GE_teacher,CN1C(=O)/C(=C/c2ccccc2Cl)Sc2ccc(C(=O)NCc3cccnc3)cc21,10.0,0.40412042410082066,0.4285638801349182,0.099002862017199,0.3295610181177192,0.2940935753860451
frozen_GE_teacher,CN1C(=O)NC2C1N(S(C)(=O)=O)CCN2S(C)(=O)=O,10.0,-0.03300967712386498,-0.03302167451001119,0.052518937827872966,-0.08554061233788415,0.08997324614747661
frozen_GE_teacher,CN1C(=O)c2cc(NC(=O)C3CCCCC3)ccc2OC[C@@H]2O[C@H](CC(=O)NCc3ccccc3F)CC[C@@H]21,10.0797,0.07600779591272432,0.0761546757482116,0.007388618471795121,0.06876605727641648,-0.12350349609427194
frozen_GE_teacher,CN1C(=O)c2cc(NC(=O)C3CCCCC3)ccc2OC[C@H]2O[C@H](CC(=O)NCc3ccccc3F)CC[C@@H]21,10.1669,0.19964169086291414,0.2023593432116335,0.0031453773297686945,0.19921396588186482,0.25979492204772375
frozen_GE_teacher,CN1C(=O)c2cc(NC(=O)C3CCOCC3)ccc2OC[C@@H]2O[C@@H](CC(=O)NCC3CCCCC3)CC[C@@H]21,9.8337,-0.02906164560340123,-0.029069831372822815,-0.1433118644904272,0.11424203311760439,-0.2685762011795387
frozen_GE_teacher,CN1C(=O)c2cc(NC(=O)C3CCOCC3)ccc2OC[C@@H]2O[C@@H](CC(=O)NCc3ccc4c(c3)OCO4)CC[C@@H]21,10.03,0.23883361669195732,0.24353680626969482,-0.05713282569140468,0.3006696319610995,-0.34797619301252847
frozen_GE_teacher,CN1C(=O)c2cc(NC(=O)C3CCOCC3)ccc2OC[C@@H]2O[C@@H](CC(=O)NCc3ccc4c(c3)OCO4)CC[C@H]21,9.89398,0.31246536216816406,0.3232751964080432,0.06714393441709773,0.2561312619909455,0.06130490908237335
frozen_GE_teacher,CN1C(=O)c2cc(NC(=O)C3CCOCC3)ccc2OC[C@@H]2O[C@H](CC(=O)NCc3ccc4c(c3)OCO4)CC[C@H]21,9.97377,-0.03186519941973235,-0.031875991206759595,-0.03982673010969427,0.007950738902934677,-0.0932577887332814
frozen_GE_teacher,CN1C(=O)c2cc(NC(=O)C3CCOCC3)ccc2OC[C@H]2O[C@H](CC(=O)NCCc3ccncc3)CC[C@H]21,10.1712,0.136998961098864,0.13786584256045648,-0.0001276363272704091,0.1379934788877269,0.10262864459741773
frozen_GE_teacher,CN1C(=O)c2cc(NC(=O)CC(F)(F)F)ccc2OC[C@H]2O[C@@H](CC(=O)NC3CCC3)CC[C@@H]21,10.0,-0.11395554469018605,-0.11445269451410187,-0.01984344111340413,-0.09460925340069773,-0.06760627107995149
frozen_GE_teacher,CN1C(=O)c2cc(NC(=O)Cc3cccs3)ccc2OC[C@@H]2O[C@H](CC(=O)N[C@H]3CCN(Cc4ccccc4)C3)CC[C@@H]21,9.9423,-0.356389291022782,-0.3727437304560692,0.06792814333271732,-0.4406718737887865,-0.21964388536420057
frozen_GE_teacher,CN1C(=O)c2cc(NC(=O)Cc3cccs3)ccc2OC[C@H]2O[C@@H](CC(=O)N[C@@H]3CCN(Cc4ccccc4)C3)CC[C@@H]21,10.0134,-0.006552723939409973,-0.006552817729197034,-0.00035286050042004913,-0.006199957228776985,-0.09186465496295873
frozen_GE_teacher,CN1C(=O)c2cc(NC(=O)Cc3cccs3)ccc2OC[C@H]2O[C@H](CC(=O)N[C@H]3CCN(Cc4ccccc4)C3)CC[C@@H]21,9.98421,-0.1992247830551119,-0.20192516662361062,0.014904424330166359,-0.216829590953777,0.00840784482437977
frozen_GE_teacher,CN1C(=O)c2cc(NC(=O)NC3CCCC3)ccc2OC[C@@H]2O[C@@H](CC(=O)NCC3CC3)CC[C@@H]21,9.8291,-0.12401888736749708,-0.12466065211902111,-0.08442565509603102,-0.04023499702299009,0.06558916014388405
frozen_GE_teacher,CN1C(=O)c2cc(NC(=O)NC3CCCC3)ccc2OC[C@H]2O[C@@H](CC(=O)NCC3CC3)CC[C@H]21,9.82482,0.14165757173868646,0.14261668761501106,0.008476677422254754,0.13414001019275631,0.08930773033608763
frozen_GE_teacher,CN1C(=O)c2cc(NC(=O)Nc3ccccc3)ccc2OC[C@@H]2O[C@H](CC(=O)O)CC[C@@H]21,10.1688,-0.1859967985168022,-0.18818729056878314,0.0024898277301419747,-0.1906771182989251,-0.0639083594408008
frozen_GE_teacher,CN1C(=O)c2cc(NC(=O)Nc3ccccc3Cl)ccc2OC[C@H]2O[C@@H](CC(=O)NCCCN3CCOCC3)CC[C@@H]21,10.0241,-0.08340339200552069,-0.08359759133943312,-0.009516644709901987,-0.07408094662953113,0.026075884530739335
frozen_GE_teacher,CN1C(=O)c2cc(NC(=O)Nc3ccccc3Cl)ccc2OC[C@H]2O[C@H](CC(=O)NCCCN3CCOCC3)CC[C@@H]21,10.1545,0.0599439086392265,0.06001586209186974,-0.012378112250680957,0.0723939743425507,0.02652577363307343
frozen_GE_teacher,CN1C(=O)c2cc(NC(=O)Nc3ccccc3F)ccc2OC[C@@H]2O[C@H](CC(=O)NCCc3ccncc3)CC[C@@H]21,9.79992,0.09407245354807543,0.09435143842675767,0.06295229904683311,0.03139913937992456,0.1536448295138037
frozen_GE_teacher,CN1C(=O)c2cc(NC(=O)c3ccc(C(F)(F)F)cc3)ccc2OC[C@H]2O[C@H](CC(=O)NC3Cc4ccccc4C3)CC[C@@H]21,9.99072,-0.002970157003051932,-0.002970165737174144,0.05730164221248964,-0.06027180794966378,-0.10849968963261229
frozen_GE_teacher,CN1C(=O)c2cc(NC(=O)c3ccc(C(F)(F)F)cc3)ccc2OC[C@H]2O[C@H](CC(=O)NC3Cc4ccccc4C3)CC[C@H]21,9.92732,-0.03466240869896416,-0.034676300808390674,-0.0018632218233257383,-0.032813078985064935,0.14238201132726822
frozen_GE_teacher,CN1C(=O)c2cc(NC(=O)c3ccc(Cl)cc3)ccc2OC[C@@H]2O[C@H](CC(=O)O)CC[C@H]21,10.1725,-0.0985736283525761,-0.09889477484735365,0.014267086023041125,-0.11316186087039477,0.02537579638023539
frozen_GE_teacher,CN1C(=O)c2cc(NC(=O)c3ccc(F)c(F)c3)ccc2OC[C@@H]2O[C@@H](CC(=O)N[C@@H]3CCN(Cc4ccccc4)C3)CC[C@@H]21,9.9261,-0.12239386536011937,-0.12301058197289796,-0.06534453491333811,-0.057666047059559855,0.3786766816394792
frozen_GE_teacher,CN1C(=O)c2cc(NC(=O)c3ccc(F)c(F)c3)ccc2OC[C@@H]2O[C@@H](CC(=O)N[C@@H]3CCN(Cc4ccccc4)C3)CC[C@H]21,10.0621,0.12833483267563048,0.12904642887310164,0.07171976015117762,0.05732666872192402,0.004687400658772017
frozen_GE_teacher,CN1C(=O)c2cc(NC(=O)c3ccc(F)c(F)c3)ccc2OC[C@@H]2O[C@@H](CC(=O)N[C@H]3CCN(Cc4ccccc4)C3)CC[C@H]21,10.0511,0.15691128593734677,0.15821842985646759,-0.018975793594740234,0.17719422345120783,0.14933720015072555
frozen_GE_teacher,CN1C(=O)c2cc(NC(=O)c3ccc(F)c(F)c3)ccc2OC[C@@H]2O[C@H](CC(=O)N3CCOCC3)CC[C@H]21,10.1999,0.22236010685953514,0.22613761402359378,0.015231812441293508,0.21090580158230027,0.13655887010187762
frozen_GE_teacher,CN1C(=O)c2cc(NC(=O)c3cccc(C(F)(F)F)c3)ccc2OC[C@@H]2O[C@H](CC(=O)O)CC[C@H]21,9.88446,0.12500559846624448,0.12566290147528436,0.02667533463888901,0.09898756683639535,0.00823217508853254
frozen_GE_teacher,CN1C(=O)c2cc(NC(=O)c3cccc(F)c3)ccc2OC[C@@H]2O[C@@H](CC(=O)NCC3CCCCC3)CC[C@H]21,10.08092,0.2562717570404274,0.26211399371310584,-0.12210461366340179,0.38421860737650765,0.25050200182618676
frozen_GE_teacher,CN1C(=O)c2cc(NC(=O)c3cccc(F)c3)ccc2OC[C@H]2O[C@H](CC(=O)NCC3CCCCC3)CC[C@@H]21,10.003,-0.13617814102264664,-0.13702941773050853,0.07199732230566665,-0.20902674003617516,0.12057523297455235
frozen_GE_teacher,CN1C(=O)c2cc(NC(=O)c3ccccc3Cl)ccc2OC[C@@H]2O[C@@H](CC(=O)NCC(F)(F)F)CC[C@@H]21,10.0,-0.40676715597210966,-0.4317312887144328,0.08571716273885274,-0.5174484514532856,-0.059551390562660816
frozen_GE_teacher,CN1C(=O)c2cc(NC(=O)c3ccccc3Cl)ccc2OC[C@@H]2O[C@@H](CC(=O)NCC(F)(F)F)CC[C@H]21,10.0,-0.1340277720406888,-0.13483906780318233,-0.03275868515636093,-0.1020803826468214,-0.1441336212112304
frozen_GE_teacher,CN1C(=O)c2cc(NC(=O)c3ccccc3Cl)ccc2OC[C@@H]2O[C@H](CC(=O)NCC(F)(F)F)CC[C@H]21,10.0,0.1464075214108556,0.14746727441961122,-0.1344020749901149,0.2818693494097261,0.2830292378791419
frozen_GE_teacher,CN1C(=O)c2cc(NC(=O)c3ccccc3Cl)ccc2OC[C@H]2O[C@@H](CC(=O)NCC(F)(F)F)CC[C@H]21,10.0,0.4957657274583968,0.5436762802172563,0.0042491879468794826,0.5394270922703769,-0.00745473972689654
frozen_GE_teacher,CN1C(=O)c2cc(NC(=O)c3ccccc3F)ccc2OC[C@@H]2O[C@@H](CC(=O)NCc3ccc4c(c3)OCO4)CC[C@H]21,9.96225,-0.42499083558963197,-0.4537673413707861,-0.006964774911334284,-0.4468025664594518,0.26802749789228464
frozen_GE_teacher,CN1C(=O)c2cc(NC(=O)c3ccccc3F)ccc2OC[C@@H]2O[C@H](CC(=O)NCc3ccc4c(c3)OCO4)CC[C@H]21,10.0629,0.42656182768528944,0.4556861944145061,0.0036539037093340724,0.45203229070517204,-0.013246890075843972
frozen_GE_teacher,CN1C(=O)c2cc(NC(=O)c3cccs3)ccc2OC[C@@H]2O[C@@H](CC(=O)N3CCCCC3)CC[C@H]21,10.0504,0.2033330999473645,0.20620695974936842,0.021762916781040555,0.18444404296832786,0.06981967878967929
frozen_GE_teacher,CN1C(=O)c2cc(NC(=O)c3cccs3)ccc2OC[C@@H]2O[C@H](CC(=O)N3CCCCC3)CC[C@@H]21,10.0879,-0.11863713348766669,-0.11919847841559637,0.011029052696688697,-0.13022753111228508,-0.060995547711021156
frozen_GE_teacher,CN1C(=O)c2cc(NC(=O)c3cccs3)ccc2OC[C@H]2O[C@H](CC(=O)N3CCCCC3)CC[C@@H]21,10.0335,0.18244045826922198,0.1845060163213701,-0.028494881119173084,0.21300089744054318,-0.025845276637654162
frozen_GE_teacher,CN1C(=O)c2cc(NC(=O)c3cscn3)ccc2OC[C@@H]2O[C@@H](CC(=O)NCc3ccc(Cl)c(Cl)c3)CC[C@H]21,9.863,0.3039852308501297,0.3139047681175434,0.010564015205912505,0.30334075291163093,0.19468591440637917
frozen_GE_teacher,CN1C(=O)c2cc(NC(=O)c3cscn3)ccc2OC[C@H]2O[C@H](CC(=O)NCc3ccc(Cl)c(Cl)c3)CC[C@@H]21,10.1504,-0.09848227645999637,-0.09880252743924807,0.05342853387167322,-0.1522310613109213,-0.21928841958825562
frozen_GE_teacher,CN1C(=O)c2cc(NS(=O)(=O)c3cccc(F)c3)ccc2OC[C@@H]2O[C@@H](CC(=O)N3CCc4ccccc4C3)CC[C@H]21,10.1525,-0.3415893917769722,-0.3558907709884008,-0.06594596177437206,-0.2899448092140287,0.20686529828889477
frozen_GE_teacher,CN1C(=O)c2cc(NS(=O)(=O)c3cccc(F)c3)ccc2OC[C@@H]2O[C@@H](CC(=O)NCCN3CCCCC3)CC[C@@H]21,10.1709,-0.013496558287511265,-0.013497377874997128,0.005615819833287883,-0.019113197708285012,-0.08432907063039845
frozen_GE_teacher,CN1C(=O)c2cc(NS(=O)(=O)c3cccc(F)c3)ccc2OC[C@@H]2O[C@H](CC(=O)N3CCc4ccccc4C3)CC[C@@H]21,9.99468,0.036342628784889135,0.03635864176315706,-0.0018208327280278113,0.038179474491184875,0.3007435197064805
frozen_GE_teacher,CN1C(=O)c2cc(NS(=O)(=O)c3cccc(F)c3)ccc2OC[C@@H]2O[C@H](CC(=O)NCCN3CCCCC3)CC[C@H]21,10.034,-0.13969665252755165,-0.14061617751644429,-0.016914752258961368,-0.12370142525748291,-0.18799423974963472
frozen_GE_teacher,CN1C(=O)c2cc(NS(=O)(=O)c3cccc(F)c3)ccc2OC[C@H]2O[C@@H](CC(=O)N3CCc4ccccc4C3)CC[C@H]21,10.0167,0.25440727217420134,0.2601194685203979,0.14497617066279167,0.11514329785760624,-0.07505882733085369
frozen_GE_teacher,CN1C(=O)c2cc(NS(=O)(=O)c3cccc(F)c3)ccc2OC[C@H]2O[C@H](CC(=O)NCCN3CCCCC3)CC[C@@H]21,10.0541,-0.037371065338253344,-0.03738847736445194,0.020006191043584212,-0.05739466840803615,-0.02442111884531279
frozen_GE_teacher,CN1C(=O)c2cc(NS(=O)(=O)c3ccccc3F)ccc2OC[C@@H]2O[C@H](CC(=O)NC3Cc4ccccc4C3)CC[C@@H]21,10.025,-0.23621262577218616,-0.24075910304936082,0.008062588043911249,-0.24882169109327207,-0.16471043645837982
frozen_GE_teacher,CN1C(=O)c2cc(NS(C)(=O)=O)ccc2OC[C@@H]2O[C@@H](CC(=O)NCc3ccc(-c4ccccc4)cc3)CC[C@H]21,9.97229,-0.13292486977321008,-0.133716159764581,-0.048868284092358744,-0.08484787567222227,-0.05242592263803192
frozen_GE_teacher,CN1C(=O)c2cc(NS(C)(=O)=O)ccc2OC[C@@H]2O[C@H](CC(=O)NC3CCCCC3)CC[C@@H]21,9.97918,0.117482702165366,0.11802772888007657,0.06968791234889352,0.04833981653118305,-0.1280403373850545
frozen_GE_teacher,CN1C(=O)c2cc(NS(C)(=O)=O)ccc2OC[C@@H]2O[C@H](CC(=O)NCc3ccc(-c4ccccc4)cc3)CC[C@H]21,10.0385,-0.09442353992804882,-0.09470567134993405,-0.04391477124887942,-0.05079090010105462,0.08482787808195953
frozen_GE_teacher,CN1C(=O)c2cc(NS(C)(=O)=O)ccc2OC[C@H]2O[C@@H](CC(=O)N3CCOCC3)CC[C@H]21,10.2659,0.08305506562574126,0.08324683523178633,-0.15695149856636964,0.24019833379815597,0.21921457010701062
frozen_GE_teacher,CN1C(=O)c2cc(NS(C)(=O)=O)ccc2OC[C@H]2O[C@H](CC(=O)N3CCOCC3)CC[C@@H]21,10.1094,0.38534748071890695,0.40632458846514286,-0.008245629146204594,0.41457021761134744,-0.06878300747448533
frozen_GE_teacher,CN1C(=O)c2cc(NS(C)(=O)=O)ccc2OC[C@H]2O[C@H](CC(=O)NCc3ccc(-c4ccccc4)cc3)CC[C@H]21,9.9014,-0.13440595256964652,-0.13522418591877974,-0.08353786766241447,-0.05168631825636527,-0.2319800823618586
frozen_GE_teacher,CN1C(=O)c2cccc(NCCCN3C(=O)c4ccccc4C3=O)c2C1=O,20.0,-0.15479436316824288,-0.1560488058049292,-0.06558435773135879,-0.0904644480735704,0.2096478331890805
frozen_GE_teacher,CN1C2CCC1CC(OC(=O)C(CO)c1ccccc1)C2,10.0,-0.21385824749255944,-0.2172110385492396,-0.025795928776169402,-0.1914151097730702,0.31797540043250994
frozen_GE_teacher,CN1C2CCC1CC(OC(=O)c1c[nH]c3ccccc13)C2,10.0,0.16908611851702937,0.1707257350996174,-0.023672099360454293,0.1943978344600717,0.2723634420764398
frozen_GE_teacher,CN1C2CCC1CC(OC(=O)c1cc(Cl)cc(Cl)c1)C2,10.0,0.7520986044447331,0.9777692412270677,0.2725538188490425,0.7052154223780251,0.5396561079127914
frozen_GE_teacher,CN1C2CCC1CC(OC(c1ccc(F)cc1)c1ccc(F)cc1)C2,10.0,0.6777208393272299,0.8248866897510774,0.2577775473679025,0.5671091423831749,0.3681349401246229
frozen_GE_teacher,CN1CC(C(=O)c2ccccc2)C(C(=O)c2ccccc2)C1,10.0,0.5087456065377963,0.5610358769206534,-0.0770174807035261,0.6380533576241795,0.04896632927830394
frozen_GE_teacher,CN1CCCC(n2nc(Cc3ccc(Cl)cc3)c3ccccc3c2=O)CC1,10.0,0.8240631647928103,1.1693483800510633,0.18628341513629537,0.983064964914768,0.042334445476260224
frozen_GE_teacher,CN1CCN(C(=O)C[C@@H]2C=C[C@@H](NC(=O)Cc3ccccn3)[C@@H](CO)O2)CC1,10.0619,-0.25606201569860276,-0.2618895222200558,0.005256729123586609,-0.2671462513436424,-0.004126034765990005
frozen_GE_teacher,CN1CCN(C(=O)C[C@@H]2C=C[C@@H](NC(=O)Cc3ccccn3)[C@H](CO)O2)CC1,10.0575,0.11145834826344522,0.11192336702295837,-0.017275862393618512,0.12919922941657688,0.01141022009942002
frozen_GE_teacher,CN1CCN(C(=O)C[C@@H]2CC[C@@H]3[C@H](COC[C@@H](O)CN3C(=O)c3ccccc3F)O2)CC1,10.0173,0.27377776687481126,0.2809431546976764,-0.008474380803171113,0.2894175355008475,0.12219442094707104
frozen_GE_teacher,CN1CCN(C(=O)C[C@@H]2CC[C@@H]3[C@H](COC[C@H](O)CN3Cc3cccc(F)c3)O2)CC1,9.99742,-0.002383407624023574,-0.0023834121371260845,0.06247781004433032,-0.0648612221814564,0.008255302157843349
frozen_GE_teacher,CN1CCN(C(=O)C[C@@H]2CC[C@@H]3[C@H](COc4ccc(NC(=O)C5CCOCC5)cc4C(=O)N3C)O2)CC1,10.1177,-0.14502720965822763,-0.14605701766547033,0.009634622131412893,-0.15569163979688322,0.10738573324925695
frozen_GE_teacher,CN1CCN(C(=O)C[C@@H]2CC[C@H](NC(=O)c3ccc4c(c3)OCO4)[C@@H](CO)O2)CC1,10.0488,0.24132453380274158,0.2461800778706444,-0.11803729018494921,0.36421736805559357,0.04854692992005555
frozen_GE_teacher,CN1CCN(C(=O)C[C@@H]2C[C@@H]3c4cc(NC(=O)Cc5ccncc5)ccc4O[C@@H]3[C@@H](CO)O2)CC1,9.88658,0.27433599113973267,0.28154671034147416,-0.06974322653868896,0.35128993688016313,-0.050229627652473435
frozen_GE_teacher,CN1CCN(C(=O)C[C@@H]2C[C@@H]3c4cc(NS(C)(=O)=O)ccc4O[C@@H]3[C@H](CO)O2)CC1,10.016,-0.06837547709031584,-0.06848233347343467,0.04553446776472744,-0.11401680123816212,-0.3623862159644088
frozen_GE_teacher,CN1CCN(C(=O)C[C@@H]2C[C@H]3c4cc(NC(=O)C5CCC5)ccc4O[C@H]3[C@H](CO)O2)CC1,10.1747,-0.15030083555693996,-0.15144821031484054,0.07492093595671152,-0.22636914627155208,-0.1144621250962675
frozen_GE_teacher,CN1CCN(C(=O)C[C@@H]2C[C@H]3c4cc(NC(=O)Cc5ccncc5)ccc4O[C@H]3[C@@H](CO)O2)CC1,10.0242,-0.052872587742643674,-0.05292193917193424,0.02706192739866304,-0.07998386657059728,-0.08136898450957125
frozen_GE_teacher,CN1CCN(C(=O)C[C@@H]2C[C@H]3c4cc(NC(=O)c5ccc6c(c5)OCO6)ccc4O[C@H]3[C@@H](CO)O2)CC1,9.94877,-0.31773817823234785,-0.3291292787309938,-0.06073842327890072,-0.26839085545209307,-0.11205352700035143
frozen_GE_teacher,CN1CCN(C(=O)C[C@H]2C=C[C@@H](NC(=O)Nc3ccccc3F)[C@@H](CO)O2)CC1,10.0978,0.3168362857978659,0.3281264280267113,0.07590469999067427,0.25222172803603704,0.2765954168549996
frozen_GE_teacher,CN1CCN(C(=O)C[C@H]2C=C[C@H](NC(=O)Cc3ccccn3)[C@H](CO)O2)CC1,10.0356,-0.1458323655974309,-0.14687957049991407,0.009253983882606946,-0.15613355438252102,0.11251349020356571
frozen_GE_teacher,CN1CCN(C(=O)C[C@H]2CC[C@@H](NC(=O)Cc3ccccn3)[C@@H](CO)O2)CC1,9.97841,0.4353380869276228,0.46646426649502615,0.01850007091113339,0.4479641955838928,0.33045492794615455
frozen_GE_teacher,CN1CCN(C(=O)C[C@H]2CC[C@@H](NC(=O)c3ccc4c(c3)OCO4)[C@@H](CO)O2)CC1,10.0328,0.6249660410637519,0.7331128088524335,-0.09080935787780672,0.8239221667302402,-0.3159589331241651
frozen_GE_teacher,CN1CCN(C(=O)C[C@H]2CC[C@@H]3[C@H](COC[C@@H](O)CN3CC3CCOCC3)O2)CC1,10.0706,-0.10874810259753144,-0.10917986083726403,0.02782989778317274,-0.13700975862043677,-0.18259818036728218
frozen_GE_teacher,CN1CCN(C(=O)C[C@H]2CC[C@@H]3[C@H](COC[C@H](O)CN3C(=O)Nc3ccc4c(c3)OCO4)O2)CC1,10.1024,0.28868964428163735,0.2971361804900427,0.1129925708468217,0.18414360964322102,-0.08601005604630722
frozen_GE_teacher,CN1CCN(C(=O)C[C@H]2CC[C@@H]3[C@H](COC[C@H](O)CN3C(=O)c3ccccc3F)O2)CC1,10.1031,-0.23981622912126746,-0.24457911872805807,0.19487344494513442,-0.4394525636731925,0.07921552624819383
frozen_GE_teacher,CN1CCN(C(=O)C[C@H]2CC[C@@H]3[C@H](COc4ccc(NC(=O)c5cscn5)cc4C(=O)N3C)O2)CC1,10.066,0.6159439227781541,0.7184429804350843,-0.07245247307807126,0.7908954535131555,-0.00300637517256902
frozen_GE_teacher,CN1CCN(C(=O)C[C@H]2CC[C@H](NC(=O)c3ccc4c(c3)OCO4)[C@H](CO)O2)CC1,10.0385,0.4233709289755169,0.4517920145313192,-0.07114780578454433,0.5229398203158635,-0.17758578140291892
frozen_GE_teacher,CN1CCN(C(=O)C[C@H]2CC[C@H]3[C@@H](COC[C@H](O)CN3C(=O)c3ccccc3F)O2)CC1,10.0781,0.4340322292410119,0.46485418075524143,-0.00391434150451998,0.4687685222597614,0.07507901296340046
frozen_GE_teacher,CN1CCN(C(=O)C[C@H]2CC[C@H]3[C@@H](COC[C@H](O)CN3Cc3cccc(F)c3)O2)CC1,10.068,0.011150146180751625,0.011150608298689475,0.23681489211411355,-0.22566428381542408,0.0707065850870292
frozen_GE_teacher,CN1CCN(C(=O)C[C@H]2C[C@@H]3c4cc(NC(=O)Cc5ccncc5)ccc4O[C@@H]3[C@@H](CO)O2)CC1,10.0102,0.28720130775923924,0.29551328508693553,-0.05860468157381635,0.3541179666607519,-0.097083659891509
frozen_GE_teacher,CN1CCN(C(=O)C[C@H]2C[C@@H]3c4cc(NC(=O)c5ccc6c(c5)OCO6)ccc4O[C@@H]3[C@H](CO)O2)CC1,10.0498,-0.0985078715350793,-0.09882837325178644,0.022192049060932084,-0.12102042231271852,-0.10476816383818405
frozen_GE_teacher,CN1CCN(C(=O)C[C@H]2C[C@H]3c4cc(NC(=O)Cc5ccncc5)ccc4O[C@H]3[C@@H](CO)O2)CC1,10.2176,0.12470134790736968,0.1253538330345557,0.0007987283363578256,0.12455510469819786,-0.018569893821719568
frozen_GE_teacher,CN1CCN(C(=O)NC2CCCN2S(=O)(=O)c2ccc(Cl)cc2)CC1,10.0,0.5225886217983923,0.5798943293306316,0.1508697944440153,0.4290245348866163,0.08081598343065946
frozen_GE_teacher,CN1CCN(C(=O)c2cc3c(c(-c4cccc(-c5ccc(C(=O)N(C)C)cc5)c4)n2)[C@H](CCO)N([S@@](=O)C(C)(C)C)C3)CC1,10.0069,-0.18232359367257273,-0.18438513068091816,-0.03490129547408534,-0.14948383520683284,0.14232791306669995
frozen_GE_teacher,CN1CCN(C(=O)c2cc3c(c(-c4cccc(-c5ccccc5F)c4)n2)[C@@H](CCO)N([S@](=O)C(C)(C)C)C3)CC1,10.0056,-0.1904576554988376,-0.19281200771171114,-0.0794826582939218,-0.11332934941778934,0.02781651297774452
frozen_GE_teacher,CN1CCN(C(=O)c2nc3ccc(Cl)cc3[nH]2)CC1,10.0,-0.1895054879394406,-0.19182418664305081,0.047700390352726815,-0.23952457699577762,-0.20251447312715892
frozen_GE_teacher,CN1CCN(c2ccc(NC(=O)c3ccc(-c4ccc(Cl)cc4)o3)cc2)CC1,10.0,0.3411958273344083,0.35544528571194056,0.07164044333916339,0.28380484237277714,-0.032469257707369796
frozen_GE_teacher,CN1[C@@H]2Cn3c(ccc(-c4ccncc4)c3=O)[C@H]1[C@@H](C(=O)N1CCC(Cc3ccccc3)CC1)[C@@H]2CO,10.0015,-0.05248321548916398,-0.052531483413841173,-0.03690162868369142,-0.015629854730149752,0.14919328333733245
frozen_GE_teacher,CN1[C@@H]2c3ccc(-c4cccc(F)c4)c(=O)n3C[C@@H]2[C@@H](CO)[C@@H]1C(=O)NCc1ccccn1,9.99259,0.32917067708630116,0.34189786666130273,0.013862142314563381,0.32803572434673933,-0.006345981920543564
frozen_GE_teacher,CN1[C@@H]2c3ccc(-c4ccccc4F)c(=O)n3C[C@@H]2[C@@H](CO)[C@@H]1C(=O)NCC(F)(F)F,10.0197,-0.24577126933479002,-0.25090721610445876,-0.02236448156497255,-0.2285427345394862,0.06210886475180348
frozen_GE_teacher,CN1[C@@H]2c3ccc(-c4cccnc4)c(=O)n3C[C@@H]2[C@@H](CO)[C@@H]1C(=O)NCC1CCCCC1,10.0436,0.23773326703294936,0.24237021879602816,0.033882490207635306,0.20848772858839285,-0.02305237321942235
frozen_GE_teacher,CN1[C@@H]2c3ccc(-c4cncnc4)c(=O)n3C[C@@H]2[C@@H](CO)[C@@H]1C(=O)NC1Cc2ccccc2C1,10.0609,0.502147720000363,0.5521738849205043,0.043418321554176735,0.5087555633663277,-0.35010007177105734
frozen_GE_teacher,CN1[C@H](C(=O)NCCCN2CCOCC2)[C@@H](CO)[C@@H]2Cn3c(ccc(/C=C/c4ccccc4)c3=O)[C@@H]21,10.0484,0.41127491104435576,0.43714471719193243,-0.01999901027440359,0.457143727466336,-0.1387397488162022
frozen_GE_teacher,CN=C(S)NN=Cc1ccco1,10.0,0.2467784546836771,0.25197943291930863,-0.021866784388755674,0.2738462173080643,-0.013792470700170659
frozen_GE_teacher,CNC(=Nc1ccc(C2=NNC(=O)CC2C)cc1)NC#N,10.0,0.021176426049500513,0.02117959236085401,0.011083266818772947,0.010096325542081064,-0.08559025714107152
frozen_GE_teacher,CNC(=O)C1OC(n2cnc3c(NCc4cccc(I)c4)nc(Cl)nc32)C(O)C1O,10.0,0.274502539445975,0.28172682213495,-0.025466324313590097,0.30719314644854007,-0.12375791812942845
frozen_GE_teacher,CNC(=O)C[C@@H]1CC[C@@H]2[C@H](COC[C@H](O)CN2Cc2ccc(Cl)c(Cl)c2)O1,9.98964,0.15755179239373523,0.15887517216119376,0.07707051437559212,0.08180465778560164,-0.18287923960391625
frozen_GE_teacher,CNC(=O)C[C@@H]1CC[C@H]2[C@@H](COC[C@H](O)CN2Cc2ccc(Cl)c(Cl)c2)O1,10.0112,-0.5047359286997292,-0.5556408007175534,0.010289687143597015,-0.5659304878611504,0.09695922374988526
frozen_GE_teacher,CNC(=O)C[C@H]1CC[C@H]2[C@@H](COC[C@@H](O)CN2Cc2ccc(Cl)c(Cl)c2)O1,10.058,-0.3953527970910375,-0.4181287055842289,-0.10492053816554517,-0.31320816741868374,0.04971800997941384
frozen_GE_teacher,CNC(=O)C[C@H]1CC[C@H]2[C@H](COc3ccc(NC(=O)c4cc(F)cc(F)c4)cc3C(=O)N2C)O1,9.87832,-0.5057093843035614,-0.5569478913661111,0.02827079608551708,-0.5852186874516282,0.1854755305647809
frozen_GE_teacher,CNC(=O)O/N=C/C(C)(C)SC,10.0,0.0036956939056549732,0.0036957107312443394,-0.006913388839451145,0.010609099570695484,0.13633418093866084
frozen_GE_teacher,CNC(=O)c1cc2c(cn1)[nH]c1ccccc12,10.0,-0.04987401311467505,-0.04991542743350273,-0.029391500390699626,-0.020523927042803106,0.14550222818537367
frozen_GE_teacher,CNC(=S)N1N=C(c2ccc(C)cc2)CC1c1ccc(OC)cc1,10.0,0.4306658220161202,0.46071382771763947,0.06680859226128952,0.3939052354563499,-0.057275316443156477
frozen_GE_teacher,CNC(C)(C)Cc1ccccc1,10.0,0.4055077316211939,0.4302230902554481,0.015446604311337748,0.4147764859441103,0.08454937942472225
frozen_GE_teacher,CNCCCCOc1ccccc1Cc1ccccc1,10.0,0.3712780916062823,0.3899047277966017,0.022843070318403203,0.36706165747819847,0.23861023769295647
frozen_GE_teacher,CNC[C@@H]1OCCCC[C@@H](C)Oc2ccc(N(C)C)cc2C(=O)N([C@H](C)CO)C[C@H]1C,10.0219,0.028365162909259025,0.02837277395474082,-0.0034312937843453024,0.031804067739086124,-0.11834835329487291
frozen_GE_teacher,CNC[C@@H]1OCCCC[C@@H](C)Oc2ccc(N)cc2C(=O)N([C@H](C)CO)C[C@H]1C,10.1605,0.019875596800089684,0.019878214634874415,0.031235440682696108,-0.011357226047821693,-0.014507727535444895
frozen_GE_teacher,CNC[C@@H]1OCCCC[C@@H](C)Oc2ccc(NC(=O)CCC(F)(F)F)cc2C(=O)N([C@H](C)CO)C[C@H]1C,10.0865,-0.7250425002578736,-0.918195213830913,0.04359584562599861,-0.9617910594569116,-0.49944995654827506
frozen_GE_teacher,CNC[C@@H]1OCCCC[C@@H](C)Oc2ccc(NC(=O)CCCN(C)C)cc2C(=O)N([C@@H](C)CO)C[C@H]1C,10.061,-0.08951593853329931,-0.08975619486748782,0.05583462746112987,-0.1455908223286177,0.1542302714697199
frozen_GE_teacher,CNC[C@@H]1OCCCC[C@@H](C)Oc2ccc(NC(=O)CCCN(C)C)cc2C(=O)N([C@H](C)CO)C[C@@H]1C,10.3866,-0.20939546401655726,-0.21253900449291085,0.016762430722882863,-0.22930143521579371,-0.002567678441427525
frozen_GE_teacher,CNC[C@@H]1OCCCC[C@@H](C)Oc2ccc(NC(=O)Nc3ccc(C(F)(F)F)cc3)cc2C(=O)N([C@H](C)CO)C[C@@H]1C,9.75098,-0.509179904402037,-0.5616220080146453,0.07276666724136176,-0.6343886752560071,-0.34885147490218726
frozen_GE_teacher,CNC[C@@H]1OCCCC[C@@H](C)Oc2ccc(NC(=O)Nc3ccc4c(c3)OCO4)cc2C(=O)N([C@H](C)CO)C[C@H]1C,10.014,-0.3784819888008737,-0.39828663692217925,0.10724941151698919,-0.5055360484391684,-0.294772241384181
frozen_GE_teacher,CNC[C@@H]1OCCCC[C@@H](C)Oc2ccc(NS(=O)(=O)c3ccc(Cl)cc3)cc2C(=O)N([C@H](C)CO)C[C@H]1C,10.0781,-0.2693140926980883,-0.27612412851274915,0.0410748482369442,-0.31719897674969333,-0.3053660199577849
frozen_GE_teacher,CNC[C@@H]1OCCCC[C@@H](C)Oc2ccc(NS(=O)(=O)c3ccc(OC)cc3)cc2C(=O)N([C@@H](C)CO)C[C@H]1C,10.0549,0.2629241321344432,0.2692471113065735,0.042558297576985954,0.22668881372958752,-0.23130166124384752
frozen_GE_teacher,CNC[C@@H]1OCCCC[C@@H](C)Oc2ccc(NS(C)(=O)=O)cc2C(=O)N([C@H](C)CO)C[C@@H]1C,9.80418,0.12090683495620252,0.12150121443419167,-0.012331540780374833,0.1338327552145665,-0.042596139359189114
frozen_GE_teacher,CNC[C@@H]1OCCCC[C@H](C)Oc2ccc(NC(=O)Nc3ccc(C(F)(F)F)cc3)cc2C(=O)N([C@@H](C)CO)C[C@H]1C,10.02,0.43361746002077556,0.4643432528469769,-0.01628512060761009,0.48062837345458703,-0.07359638815725997
frozen_GE_teacher,CNC[C@@H]1OCCCC[C@H](C)Oc2ccc(NC(=O)Nc3ccc(C(F)(F)F)cc3)cc2C(=O)N([C@H](C)CO)C[C@@H]1C,9.95556,0.3125409994837746,0.32335901976506304,0.11012085507046752,0.2132381646945955,-0.06898488492310151
frozen_GE_teacher,CNC[C@@H]1OCCCC[C@H](C)Oc2ccc(NC(=O)Nc3ccc4c(c3)OCO4)cc2C(=O)N([C@@H](C)CO)C[C@@H]1C,10.05,0.13522457871669907,0.13605796620244381,-0.03333883198571594,0.16939679818815975,0.13173042357247622
frozen_GE_teacher,CNC[C@@H]1OCCCC[C@H](C)Oc2ccc(NC(=O)Nc3cccc4ccccc34)cc2C(=O)N([C@H](C)CO)C[C@@H]1C,10.0479,0.2951310405718781,0.3041776231304967,-0.050121928646791186,0.3542995517772879,0.24141797214406596
frozen_GE_teacher,CNC[C@@H]1OCCCC[C@H](C)Oc2ccc(NC(=O)c3ccncc3)cc2C(=O)N([C@H](C)CO)C[C@H]1C,10.0178,0.044806875685776175,0.044836897457346,0.011746297726940878,0.033090599730405124,0.1534738068571502
frozen_GE_teacher,CNC[C@@H]1OCCCC[C@H](C)Oc2ccc(NS(=O)(=O)c3ccc(F)cc3)cc2C(=O)N([C@@H](C)CO)C[C@@H]1C,9.99673,0.05966721986078509,0.05973818012500899,0.025323992087876127,0.034414188037132865,-0.07606167278939097
frozen_GE_teacher,CNC[C@@H]1OCCCC[C@H](C)Oc2ccc(NS(=O)(=O)c3ccc(F)cc3)cc2C(=O)N([C@@H](C)CO)C[C@H]1C,9.98377,0.08059411725672155,0.08076929781215715,-0.033735658813348536,0.1145049566255057,0.06639892075086636
frozen_GE_teacher,CNC[C@@H]1OCCCC[C@H](C)Oc2ccc(NS(=O)(=O)c3ccc(F)cc3)cc2C(=O)N([C@H](C)CO)C[C@@H]1C,9.9982,0.20972506986457387,0.21288375001864673,0.07379519504685629,0.13908855497179046,-0.01167853430655292
frozen_GE_teacher,CNC[C@@H]1Oc2c(N)cccc2C(=O)N([C@@H](C)CO)C[C@@H]1C,9.99149,-0.001991761386853096,-0.0019917640207071426,-0.016211468500560083,0.01421970447985294,-0.006516418534400905
frozen_GE_teacher,CNC[C@@H]1Oc2c(NC(=O)C3CC3)cccc2C(=O)N([C@@H](C)CO)C[C@@H]1C,10.0843,0.06832148742915754,0.06842809041500035,-0.03071106143655978,0.09913915185156014,0.07042217492314355
frozen_GE_teacher,CNC[C@@H]1Oc2c(NC(=O)Nc3c(C)noc3C)cccc2C(=O)N([C@@H](C)CO)C[C@H]1C,10.0363,0.29161908670978265,0.300334927103447,-0.055600497954389226,0.3559354250578362,0.41211885022754424
frozen_GE_teacher,CNC[C@@H]1Oc2c(NC(=O)Nc3ccc(C(F)(F)F)cc3)cccc2C(=O)N([C@@H](C)CO)C[C@@H]1C,10.2299,-0.033909160928879634,-0.033922166506266865,0.03933131378191618,-0.07325348028818304,0.30633182733270026
frozen_GE_teacher,CNC[C@@H]1Oc2c(NC(=O)c3ccc(-c4nccs4)cc3)cccc2C(=O)N([C@H](C)CO)C[C@H]1C,10.0535,0.3958511953487518,0.418719575571299,-0.055726011968730275,0.4744455875400293,0.03612615596442367
frozen_GE_teacher,CNC[C@@H]1Oc2c(NC(=O)c3cnccn3)cccc2C(=O)N([C@@H](C)CO)C[C@H]1C,10.1469,0.0309850696336595,0.0309949913417951,0.06600216711321166,-0.035007175771416564,-0.020895368077734372
frozen_GE_teacher,CNC[C@@H]1Oc2c(NC(=O)c3cnccn3)cccc2C(=O)N([C@H](C)CO)C[C@@H]1C,10.017,-0.26265008565129927,-0.26895273613585985,-0.0671896855165884,-0.20176305061927147,0.03343451715218239
frozen_GE_teacher,CNC[C@@H]1Oc2cc(-c3ccccc3F)ccc2S(=O)(=O)N([C@H](C)CO)C[C@H]1C,10.1416,0.05063161127846471,0.050674943674631094,0.050380434009534056,0.0002945096650970383,0.1151831900376107
frozen_GE_teacher,CNC[C@@H]1Oc2cc(-c3cccnc3)ccc2S(=O)(=O)N([C@H](C)CO)C[C@H]1C,10.0324,-0.15967127119721827,-0.1610493489723143,-0.02133340629121072,-0.13971594268110357,0.07195825402521129
frozen_GE_teacher,CNC[C@@H]1Oc2cc(Br)ccc2S(=O)(=O)N([C@@H](C)CO)C[C@@H]1C,9.97125,0.36107998402032826,0.3781272467799674,0.040913152096872546,0.3372140946830948,0.003146822233976776
frozen_GE_teacher,CNC[C@@H]1Oc2ccc(NC(=O)C3CC3)cc2CC(=O)N([C@@H](C)CO)C[C@H]1C,10.0254,0.004203092614988205,0.0042031173658444625,-0.010448815984136682,0.014651933349981144,0.13347931928632298
frozen_GE_teacher,CNC[C@@H]1Oc2ccc(NC(=O)c3ccncc3)cc2CC(=O)N([C@@H](C)CO)C[C@@H]1C,10.1355,-0.10695744870334381,-0.10736813200563432,0.09128771355944225,-0.19865584556507657,-0.2489261423771526
frozen_GE_teacher,CNC[C@@H]1Oc2ccc(NC(=O)c3ccncc3)cc2CC(=O)N([C@@H](C)CO)C[C@H]1C,10.0249,0.24393889849586323,0.24895798005954228,0.02299627623606135,0.22596170382348094,-0.07363655924614845
frozen_GE_teacher,CNC[C@@H]1Oc2ccc(NS(=O)(=O)c3ccc(OC)cc3)cc2CC(=O)N([C@@H](C)CO)C[C@@H]1C,10.3436,-0.17891876254629765,-0.18086547025896946,-0.03699757295627362,-0.14386789730269584,-0.0052972870605587155
frozen_GE_teacher,CNC[C@@H]1Oc2ccc(NS(C)(=O)=O)cc2CC(=O)N([C@H](C)CO)C[C@H]1C,9.93895,0.17785643727180458,0.179768228284605,-0.021779102431096157,0.20154733071570116,0.07781106037201016
frozen_GE_teacher,CNC[C@@H]1Oc2ncc(-c3ccc(OC)cc3)cc2C(=O)N([C@@H](C)CO)C[C@H]1C,10.0424,0.2424693006864853,0.24739599312983712,0.014098884524336273,0.23329710860550085,0.010298055422359903
frozen_GE_teacher,CNC[C@@H]1Oc2ncc(/C=C/c3ccccc3)cc2C(=O)N([C@H](C)CO)C[C@@H]1C,10.054,0.17238267063969914,0.1741212713408827,0.019431236364547577,0.15469003497633513,0.038013034478161206
frozen_GE_teacher,CNC[C@@H]1Oc2ncc(/C=C/c3ccccc3)cc2C(=O)N([C@H](C)CO)C[C@H]1C,10.0785,0.18571473364636817,0.18789513391410212,0.04392998137915343,0.14396515253494868,0.03163402645591055
frozen_GE_teacher,CNC[C@@H]1Oc2ncc(Br)cc2C(=O)N([C@@H](C)CO)C[C@H]1C,10.0831,-0.007377894085936767,-0.007378027958068438,-0.022849989355623906,0.015471961397555469,0.12966956620090805
frozen_GE_teacher,CNC[C@@H]1Oc2ncc(C#CC3(O)CCCC3)cc2C(=O)N([C@@H](C)CO)C[C@H]1C,10.0154,0.41901773970167183,0.4464999776485228,-0.0032764392653877976,0.44977641691391057,0.20688459308434007
frozen_GE_teacher,CNC[C@@H]1Oc2ncc(C#Cc3cccc(OC)c3)cc2C(=O)N([C@@H](C)CO)C[C@@H]1C,10.0549,0.08404942980944675,0.08424818993557644,0.01730378370756437,0.06694440622801207,0.05456223283930446
frozen_GE_teacher,CNC[C@@H]1Oc2ncc(C#Cc3ccccc3F)cc2C(=O)N([C@H](C)CO)C[C@@H]1C,10.006,0.05267055805695116,0.052719345294232126,-0.05743211696158253,0.11015146225581465,0.08044237657022733
frozen_GE_teacher,CNC[C@@H]1Oc2ncc(C3=CCCCC3)cc2C(=O)N([C@H](C)CO)C[C@@H]1C,10.0645,-0.11608872778605961,-0.11661447908204,0.0038465992573325815,-0.12046107833937258,-0.11897904032518189
frozen_GE_teacher,CNC[C@H]1OCCCC[C@@H](C)Oc2ccc(N(C)C)cc2C(=O)N([C@H](C)CO)C[C@H]1C,10.0557,0.02116936631571361,0.0211725294608288,0.006382592461102481,0.01478993699972632,-0.19418272446442525
frozen_GE_teacher,CNC[C@H]1OCCCC[C@@H](C)Oc2ccc(NC(=O)C3CCCCC3)cc2C(=O)N([C@H](C)CO)C[C@H]1C,9.98559,0.15205833457369092,0.1532468174848599,0.15387651283540685,-0.0006296953505469383,-0.18536524573358557
frozen_GE_teacher,CNC[C@H]1OCCCC[C@@H](C)Oc2ccc(NC(=O)Nc3c(C)noc3C)cc2C(=O)N([C@@H](C)CO)C[C@@H]1C,10.106,0.3435264629491042,0.35808537054559625,-0.00935683887059656,0.3674422094161928,-0.02805076433434965
frozen_GE_teacher,CNC[C@H]1OCCCC[C@@H](C)Oc2ccc(NC(=O)Nc3ccc(F)cc3)cc2C(=O)N([C@@H](C)CO)C[C@H]1C,9.9903,-0.2235635667429879,-0.2274040301456574,0.01942532750633563,-0.24682935765199304,0.008321689318017435
frozen_GE_teacher,CNC[C@H]1OCCCC[C@@H](C)Oc2ccc(NC(=O)Nc3ccc(OC)cc3)cc2C(=O)N([C@@H](C)CO)C[C@@H]1C,10.0,0.03373979444093209,0.03375260602456354,-0.018865865883594034,0.05261847190815758,0.05226306504211887
frozen_GE_teacher,CNC[C@H]1OCCCC[C@@H](C)Oc2ccc(NC(=O)Nc3cccc4ccccc34)cc2C(=O)N([C@H](C)CO)C[C@H]1C,10.114,-0.1349613146478122,-0.13578980822077386,0.048951994788069456,-0.1847418030088433,-0.16564592107491732
frozen_GE_teacher,CNC[C@H]1OCCCC[C@@H](C)Oc2ccc(NC(=O)Nc3ccccc3)cc2C(=O)N([C@@H](C)CO)C[C@H]1C,10.0633,0.049158602149922986,0.049198258035515606,0.11735643493017911,-0.0681581768946635,0.1627428187409657
frozen_GE_teacher,CNC[C@H]1OCCCC[C@@H](C)Oc2ccc(NC(=O)c3ccccc3)cc2C(=O)N([C@@H](C)CO)C[C@@H]1C,10.0666,0.07471064700364442,0.07485011805288846,-0.02799613863757739,0.10284625669046585,0.07055073465252025
frozen_GE_teacher,CNC[C@H]1OCCCC[C@@H](C)Oc2ccc(NS(=O)(=O)c3ccc(Cl)cc3)cc2C(=O)N([C@@H](C)CO)C[C@H]1C,9.96128,-0.1485829018726266,-0.14969103335042988,-0.027080263251194357,-0.12261077009923552,0.3601869966949874
frozen_GE_teacher,CNC[C@H]1OCCCC[C@@H](C)Oc2ccc(NS(=O)(=O)c3ccc(F)cc3)cc2C(=O)N([C@@H](C)CO)C[C@@H]1C,10.2711,0.23215791223179955,0.23646910713581615,0.04054053997196748,0.19592856716384865,-0.1992359078805217
frozen_GE_teacher,CNC[C@H]1OCCCC[C@@H](C)Oc2ccc(NS(=O)(=O)c3ccccc3)cc2C(=O)N([C@@H](C)CO)C[C@H]1C,10.0051,0.3773211057136234,0.3969323481750981,0.035599769079410884,0.3613325790956872,0.036652434192611896
frozen_GE_teacher,CNC[C@H]1OCCCC[C@@H](C)Oc2ccc(NS(C)(=O)=O)cc2C(=O)N([C@@H](C)CO)C[C@@H]1C,10.1238,0.13990887749058775,0.14083263306357158,0.03450535912684819,0.1063272739367234,0.03514188036173963
frozen_GE_teacher,CNC[C@H]1OCCCC[C@@H](C)Oc2ccc(NS(C)(=O)=O)cc2C(=O)N([C@H](C)CO)C[C@H]1C,9.87973,0.3668480347901839,0.3847760994246091,-0.06004854994196228,0.4448246493665714,0.21515051098533805
frozen_GE_teacher,CNC[C@H]1OCCCC[C@H](C)Oc2ccc(N(C)C)cc2C(=O)N([C@H](C)CO)C[C@H]1C,10.1398,0.05267864128788014,0.052727451015404145,0.013426245796599947,0.039301205218804196,-0.14819579663824134
frozen_GE_teacher,CNC[C@H]1OCCCC[C@H](C)Oc2ccc(NC(=O)C3CCCCC3)cc2C(=O)N([C@@H](C)CO)C[C@@H]1C,10.0506,0.08357116647500842,0.08376654342662937,0.011186165344489999,0.07258037808213937,0.023722714584124414
frozen_GE_teacher,CNC[C@H]1OCCCC[C@H](C)Oc2ccc(NC(=O)CCC(F)(F)F)cc2C(=O)N([C@@H](C)CO)C[C@@H]1C,10.0417,0.40484252361938644,0.42942722796965027,-0.07081372000801017,0.5002409479776604,0.08907447670285709
frozen_GE_teacher,CNC[C@H]1OCCCC[C@H](C)Oc2ccc(NC(=O)Nc3c(C)noc3C)cc2C(=O)N([C@@H](C)CO)C[C@H]1C,9.984,-0.5172502270163122,-0.5725782316437251,0.09209782133383182,-0.6646760529775569,-0.08743174693818383
frozen_GE_teacher,CNC[C@H]1OCCCC[C@H](C)Oc2ccc(NC(=O)c3ccccc3)cc2C(=O)N([C@H](C)CO)C[C@@H]1C,10.005308,0.3110381822257678,0.3216943776198383,0.0031005619990153773,0.31859381562082295,-0.05212476681183669
frozen_GE_teacher,CNC[C@H]1OCCCC[C@H](C)Oc2ccc(NS(=O)(=O)c3ccc(Cl)cc3)cc2C(=O)N([C@@H](C)CO)C[C@H]1C,10.0401,0.29516934344666323,0.3042195811181456,0.028715273953268387,0.2755043071648772,0.13249395948396647
frozen_GE_teacher,CNC[C@H]1OCCCC[C@H](C)Oc2ccc(NS(=O)(=O)c3ccc(Cl)cc3)cc2C(=O)N([C@H](C)CO)C[C@@H]1C,10.0308,0.14356544333601787,0.14456416778579653,-0.0543321336149442,0.19889630140074072,-0.267610642471492
frozen_GE_teacher,CNC[C@H]1OCCCC[C@H](C)Oc2ccc(NS(=O)(=O)c3ccc(F)cc3)cc2C(=O)N([C@H](C)CO)C[C@@H]1C,9.91002,-0.021061481435981428,-0.021064596457861566,0.039335623164292594,-0.06040021962215416,0.055222574118412415
frozen_GE_teacher,CNC[C@H]1OCCCC[C@H](C)Oc2ccc(NS(=O)(=O)c3ccc(OC)cc3)cc2C(=O)N([C@@H](C)CO)C[C@H]1C,9.95503,-0.04507988350455755,-0.04511045784448221,0.11738460300563824,-0.16249506085012044,-0.2664501681886886
frozen_GE_teacher,CNC[C@H]1OCCCC[C@H](C)Oc2ccc(NS(=O)(=O)c3ccc(OC)cc3)cc2C(=O)N([C@H](C)CO)C[C@@H]1C,10.0188,0.5515259711255599,0.620571724963049,0.05197981919818062,0.5685919057648684,0.029424370240512643
frozen_GE_teacher,CNC[C@H]1Oc2c(NC(=O)Nc3ccc(C(F)(F)F)cc3)cccc2C(=O)N([C@@H](C)CO)C[C@H]1C,10.0344,0.08982795714405195,0.09007074277894704,0.005509093121156551,0.08456164965779049,-0.369538585756906
frozen_GE_teacher,CNC[C@H]1Oc2c(NC(=O)c3cnccn3)cccc2C(=O)N([C@@H](C)CO)C[C@@H]1C,9.74167,-0.030807973411245616,-0.030817725902206362,0.0564573470720892,-0.08727507297429557,-0.05119613406143444
frozen_GE_teacher,CNC[C@H]1Oc2c(NC(=O)c3cnccn3)cccc2C(=O)N([C@H](C)CO)C[C@H]1C,10.0324,0.06337808143966665,0.06346314517223385,0.04259293706280924,0.02087020810942461,-0.002797020816314194
frozen_GE_teacher,CNC[C@H]1Oc2c(NC(=O)c3nc4ccccc4s3)cccc2C(=O)N([C@@H](C)CO)C[C@H]1C,10.2234,-0.36673440764172854,-0.3846448090157403,0.0085799772714842,-0.39322478628722446,-0.17146410694368702
frozen_GE_teacher,CNC[C@H]1Oc2c(cccc2N(C)C)C(=O)N([C@@H](C)CO)C[C@H]1C,10.0981,-0.32443313363465326,-0.33659384137342707,0.03285227590779007,-0.3694461172812171,0.31584479449108205
frozen_GE_teacher,CNC[C@H]1Oc2cc(-c3cccc(C(=O)N(C)C)c3)ccc2S(=O)(=O)N([C@@H](C)CO)C[C@H]1C,10.0511,-0.03242097690910652,-0.03243234352155077,0.025943213193252795,-0.058375556714803566,-0.1662868038616594
frozen_GE_teacher,CNC[C@H]1Oc2cc(-c3cccc(C(=O)N(C)C)c3)ccc2S(=O)(=O)N([C@H](C)CO)C[C@@H]1C,9.99183,-0.06742036559099579,-0.06752279832020908,-0.05206276094888146,-0.015460037371327617,-0.1487895749514487
frozen_GE_teacher,CNC[C@H]1Oc2cc(-c3cccnc3)ccc2S(=O)(=O)N([C@@H](C)CO)C[C@H]1C,9.99303,0.18747502402515553,0.1897189249474787,0.04193671064644719,0.1477822143010315,0.13947590500001608
frozen_GE_teacher,CNC[C@H]1Oc2cc(Br)ccc2S(=O)(=O)N([C@@H](C)CO)C[C@@H]1C,10.0011,0.30674826413571327,0.31695195038258955,0.0831150092523232,0.23383694113026637,-0.07232449772980909
frozen_GE_teacher,CNC[C@H]1Oc2cc(C#CC3(O)CCCC3)ccc2S(=O)(=O)N([C@H](C)CO)C[C@@H]1C,10.0057,0.27626967852058953,0.28363897476265526,-0.032629030244774065,0.31626800500742935,0.005969225014195039
frozen_GE_teacher,CNC[C@H]1Oc2cc(C#CC3CCCCC3)ccc2S(=O)(=O)N([C@H](C)CO)C[C@@H]1C,10.0624,0.19132991557135579,0.19371725547470633,0.0625879782652526,0.13112927720945372,0.05469456286245311
frozen_GE_teacher,CNC[C@H]1Oc2cc(C#Cc3ccccc3F)ccc2S(=O)(=O)N([C@@H](C)CO)C[C@@H]1C,10.1847,-0.1040167288392473,-0.10439431871761047,0.044612458130573227,-0.1490067768481837,-0.11429065738076469
frozen_GE_teacher,CNC[C@H]1Oc2ccc(N(C)C)cc2CC(=O)N([C@@H](C)CO)C[C@H]1C,9.82001,0.10431709086687482,0.10469797565161233,0.016802084304061986,0.08789589134755035,0.08291264790085898
frozen_GE_teacher,CNC[C@H]1Oc2ccc(N(C)C)cc2CC(=O)N([C@H](C)CO)C[C@H]1C,10.0459,0.12820971258594044,0.1289192156452893,-0.07879467511067066,0.20771389075595997,0.19178834651169754
frozen_GE_teacher,CNC[C@H]1Oc2ccc(NC(=O)Cc3ccccc3)cc2CC(=O)N([C@@H](C)CO)C[C@@H]1C,10.3211,0.026074739823789782,0.02608065157175131,0.053694167763895434,-0.027613516192144125,0.02399318419206152
frozen_GE_teacher,CNC[C@H]1Oc2ccc(NC(=O)NC3CCCCC3)cc2CC(=O)N([C@@H](C)CO)C[C@@H]1C,9.99422,0.40305941589026056,0.42729642202184265,0.03249286280590305,0.39480355921593957,0.12294721070050127
frozen_GE_teacher,CNC[C@H]1Oc2ccc(NC(=O)Nc3ccc(C(F)(F)F)cc3)cc2CC(=O)N([C@@H](C)CO)C[C@@H]1C,10.16,0.12650726861233336,0.12718870197403895,-0.0633974149436149,0.19058611691765384,-0.1494178339044362
frozen_GE_teacher,CNC[C@H]1Oc2ccc(NC(=O)Nc3ccc(C(F)(F)F)cc3)cc2CC(=O)N([C@H](C)CO)C[C@H]1C,10.0982,0.11458491449825384,0.11509039118684847,-0.038740474837570524,0.15383086602441898,0.08919417817608877
frozen_GE_teacher,CNC[C@H]1Oc2ccc(NS(=O)(=O)c3ccc(F)cc3)cc2C(=O)N([C@@H](C)CO)C[C@@H]1C,9.7766,0.2680780731380196,0.2747919269982347,0.03201812337085744,0.24277380362737724,0.09405925853183264
frozen_GE_teacher,CNC[C@H]1Oc2ccc(NS(=O)(=O)c3cn(C)cn3)cc2CC(=O)N([C@@H](C)CO)C[C@@H]1C,10.0941,-0.09558053990976088,-0.09587320894596311,-0.031292907709097255,-0.06458030123686587,0.003238144351626813
frozen_GE_teacher,CNC[C@H]1Oc2ccc(NS(=O)(=O)c3cn(C)cn3)cc2CC(=O)N([C@H](C)CO)C[C@H]1C,10.0641,-0.2503205688323666,-0.2557547812174383,-0.02766577013974291,-0.22808901107769536,-0.0007816011145904272
frozen_GE_teacher,CNC[C@H]1Oc2ccc(NS(C)(=O)=O)cc2CC(=O)N([C@@H](C)CO)C[C@@H]1C,9.93083,-0.2658751819443616,-0.2724199696891487,0.011395543903420256,-0.28381551359256896,0.20011318514223367
frozen_GE_teacher,CNC[C@H]1Oc2ncc(-c3ccc(OC)cc3)cc2C(=O)N([C@H](C)CO)C[C@@H]1C,10.1767,0.013129962293914903,0.013130716889235203,0.02280451951216593,-0.009673802622930727,0.004331233132977227
frozen_GE_teacher,CNC[C@H]1Oc2ncc(-c3ccccc3F)cc2C(=O)N([C@@H](C)CO)C[C@H]1C,10.0919,0.25521632257182897,0.2609846974741279,-0.03288265641142502,0.2938673538855529,-0.11435614257427631
frozen_GE_teacher,CNC[C@H]1Oc2ncc(C#CC3(O)CCCC3)cc2C(=O)N([C@@H](C)CO)C[C@H]1C,10.1238,-0.18127139720887508,-0.1832969700353822,0.044020330252794365,-0.22731730028817657,0.014000081692227079
frozen_GE_teacher,CNC[C@H]1Oc2ncc(C#Cc3cccc(OC)c3)cc2C(=O)N([C@@H](C)CO)C[C@H]1C,9.98346,0.15241426806137526,0.1536111957682958,0.0633670472090499,0.0902441485592459,0.09712757107834
frozen_GE_teacher,CNC[C@H]1Oc2ncc(C3=CCCCC3)cc2C(=O)N([C@@H](C)CO)C[C@H]1C,10.1228,0.26015095795388327,0.26627031625803294,0.019960628683806693,0.24630968757422625,-0.11633076219039826
frozen_GE_teacher,CNc1cc(NS(=O)(=O)c2ccc(N)cc2)nc(NC)n1,10.0,0.06127161162421042,0.061348460309314706,0.055881723235786614,0.005466737073528093,-0.16824654483444595
frozen_GE_teacher,CNc1cc2c(Nc3cccc(Br)c3)ncnc2cn1,10.0,0.3262284428876756,0.3386016590930566,0.013913429652848485,0.32468822944020814,0.34925468925361
frozen_GE_teacher,CNc1nc(-c2ccccn2)nnc1-c1ccccc1,10.0,0.27510444718584603,0.2823778971031943,-0.011246153435881765,0.29362405053907603,0.2300868598476098
frozen_GE_teacher,COC(=O)C1=C(C)NC(C)=C(C(=O)OCCCN2CCC(c3ccccc3)(c3ccccc3)CC2)[C@@H]1c1cccc([N+](=O)[O-])c1,10.0,0.23898526782229393,0.24369763726732138,0.008503197606407026,0.23519443966091436,0.25354654587896674
frozen_GE_teacher,COC(=O)C1=C(C)NC(C)=C(C(=O)OCCCN2CCC(c3ccccc3)(c3ccccc3)CC2)[C@H]1c1cccc([N+](=O)[O-])c1,10.0,0.49636887554677944,0.544476299262314,0.05593985252411622,0.4885364467381978,0.17542589039387474
frozen_GE_teacher,COC(=O)C[C@@H]1C=C[C@@H](NC(=O)Nc2ccc(C(F)(F)F)cc2)[C@H](CO)O1,10.0367,0.19639265201007675,0.19897770412382376,0.0016655260315747364,0.19731217809224902,-0.10313947665677739
frozen_GE_teacher,COC(=O)C[C@@H]1C=C[C@@H](NS(=O)(=O)c2ccc(OC)cc2)[C@@H](CO)O1,10.053,0.05340530097966647,0.05345616092903555,0.062216929992466474,-0.008760769063430922,-0.05239468177924361
frozen_GE_teacher,COC(=O)C[C@@H]1C=C[C@@H](NS(=O)(=O)c2ccccc2F)[C@H](CO)O1,9.96609,0.34925380566475794,0.3645936431680729,-0.018696924072018808,0.3832905672400917,0.4105667053379602
frozen_GE_teacher,COC(=O)C[C@@H]1C=C[C@H](NC(=O)Nc2ccc(C(F)(F)F)cc2)[C@H](CO)O1,10.0709,0.052316225850231345,0.05236403400352413,-0.00893831946622175,0.06130235346974588,-0.2692010023683687
frozen_GE_teacher,COC(=O)C[C@@H]1C=C[C@H](NS(=O)(=O)c2ccc(OC)cc2)[C@@H](CO)O1,10.0307,0.003153633648126084,0.0031536441029099502,-0.01775957342085048,0.02091321752376043,0.005424191296670209
frozen_GE_teacher,COC(=O)C[C@@H]1C=C[C@H](NS(=O)(=O)c2ccccc2F)[C@H](CO)O1,9.98991,0.015355843198959501,0.015357050348858037,-0.21480781991914744,0.23016487026800547,0.2889201441500633
frozen_GE_teacher,COC(=O)C[C@@H]1CC[C@@H](NS(=O)(=O)c2ccc(OC)cc2)[C@@H](CO)O1,10.0477,-0.1647725232885497,-0.16628848650292646,0.01997948039697847,-0.18626796689990494,0.1798868345651658
frozen_GE_teacher,COC(=O)C[C@@H]1CC[C@@H]2[C@@H](COc3ccc(NS(=O)(=O)c4ccccc4Cl)cc3C(=O)N2C)O1,9.96331,-0.1215009986688985,-0.1221042367990737,0.06399923909303658,-0.1861034758921103,-0.12881037055150701
frozen_GE_teacher,COC(=O)C[C@@H]1CC[C@H](NC(=O)Nc2ccc(C(F)(F)F)cc2)[C@@H](CO)O1,10.0516,0.1404010045131776,0.14133462084770204,0.002013646484115373,0.13932097436358667,-0.04613911355003652
frozen_GE_teacher,COC(=O)C[C@@H]1CC[C@H](NS(=O)(=O)c2ccccc2F)[C@@H](CO)O1,10.0275,-0.49808837997571054,-0.5467605562609459,0.03968020750852748,-0.5864407637694734,0.04786577081134438
frozen_GE_teacher,COC(=O)C[C@@H]1CC[C@H](NS(=O)(=O)c2ccccc2F)[C@H](CO)O1,10.0458,-0.13508787740303171,-0.13591872127273028,0.02673467777168223,-0.1626533990444125,0.23954585108204587
frozen_GE_teacher,COC(=O)C[C@@H]1CC[C@H]2[C@@H](COC[C@H](O)CN2CCC(F)(F)F)O1,10.0633,-0.041172073271826384,-0.04119536109960325,-0.01461028104422057,-0.02658508005538268,0.013886412559457955
frozen_GE_teacher,COC(=O)C[C@@H]1CC[C@H]2[C@@H](COc3ccc(NC(=O)c4ccccc4F)cc3C(=O)N2C)O1,10.0048,-0.31605713040561084,-0.32726056647794155,0.08051941298738174,-0.4077799794653233,0.05404731980784616
frozen_GE_teacher,COC(=O)C[C@@H]1CC[C@H]2[C@H](COc3ccc(NC(=O)c4cccc(Cl)c4)cc3C(=O)N2C)O1,10.0936,0.18143108605410335,0.18346208937076244,-0.009888645439989982,0.19335073481075243,0.28690292786544536
frozen_GE_teacher,COC(=O)C[C@@H]1C[C@@H]2c3cc(N)ccc3O[C@@H]2[C@H](CO)O1,9.99477,-0.09573195297074827,-0.09602602024862533,0.04993010224744836,-0.1459561224960737,-0.029085100006028132
frozen_GE_teacher,COC(=O)C[C@@H]1C[C@@H]2c3cc(NC(=O)CN(C)C)ccc3O[C@@H]2[C@@H](CO)O1,10.3424,0.001512684798370789,0.001512685952155206,-0.08760319460649058,0.08911588055864578,0.16013192179963648
frozen_GE_teacher,COC(=O)C[C@@H]1C[C@@H]2c3cc(NC(=O)c4ccc5c(c4)OCO5)ccc3O[C@@H]2[C@@H](CO)O1,10.099,-0.06590500447404816,-0.06600067271213311,-0.08037563311878271,0.014374960406649595,-0.3756266522667981
frozen_GE_teacher,COC(=O)C[C@@H]1C[C@@H]2c3cc(NS(C)(=O)=O)ccc3O[C@@H]2[C@@H](CO)O1,9.7017,0.25178519488942974,0.2573179290035684,0.20658380646501912,0.05073412253854931,-0.3974596327959425
frozen_GE_teacher,COC(=O)C[C@@H]1C[C@H]2c3cc(N)ccc3O[C@H]2[C@@H](CO)O1,9.94729,-0.016098378905009814,-0.016099769794797127,-0.05042345332720837,0.03432368353241125,-0.056743395643423934
frozen_GE_teacher,COC(=O)C[C@@H]1C[C@H]2c3cc(N)ccc3O[C@H]2[C@H](CO)O1,9.88185,0.017851941689760033,0.017853838475075573,0.19948140833124234,-0.18162756985616677,0.3881760494333549
frozen_GE_teacher,COC(=O)C[C@@H]1C[C@H]2c3cc(NC(=O)C4CCOCC4)ccc3O[C@H]2[C@H](CO)O1,10.1389,-0.19420936632957245,-0.19670783910818865,0.03355848925133567,-0.23026632835952432,-0.1914149860059133
frozen_GE_teacher,COC(=O)C[C@@H]1C[C@H]2c3cc(NC(=O)CC4CC4)ccc3O[C@H]2[C@H](CO)O1,10.1405,-0.28680190630939056,-0.2950780318542011,0.043272864845709066,-0.3383508966999102,0.03305946903788749
frozen_GE_teacher,COC(=O)C[C@@H]1C[C@H]2c3cc(NC(=O)Cc4ccncc4)ccc3O[C@H]2[C@H](CO)O1,10.0587,0.3311102051802424,0.3440746492015531,-0.039887176274745674,0.3839618254762988,0.12180626735860955
frozen_GE_teacher,COC(=O)C[C@@H]1C[C@H]2c3cc(NC(=O)c4ccc5c(c4)OCO5)ccc3O[C@H]2[C@@H](CO)O1,9.95348,0.22922197016305101,0.23336813528728556,-0.0021681750992008017,0.23553631038648637,-0.1272794742035953
frozen_GE_teacher,COC(=O)C[C@H]1C(C)(C)C(=O)[C@@H]2CC3=C4CC(=O)O[C@@H](c5ccoc5)[C@]4(C)CCC3[C@@]1(C)C2=O,10.0,0.4597773281087928,0.4970288890797535,0.2509608201723504,0.24606806890740313,0.1731002118878217
frozen_GE_teacher,COC(=O)C[C@H]1C=C[C@H](NC(=O)Nc2ccc(C(F)(F)F)cc2)[C@@H](CO)O1,10.0604,0.24678442509650214,0.2519857905166736,-0.026486206267073806,0.2784719967837474,0.004245243183787287
frozen_GE_teacher,COC(=O)C[C@H]1C=C[C@H](NS(=O)(=O)c2ccc(OC)cc2)[C@H](CO)O1,10.0709,0.18912745622855726,0.19143210234051145,0.03384789738451421,0.15758420495599723,-0.1486121991984992
frozen_GE_teacher,COC(=O)C[C@H]1C=C[C@H](NS(=O)(=O)c2ccccc2F)[C@@H](CO)O1,9.97727,0.07853125387969367,0.07869329210539648,-0.15407484763966234,0.23276813974505883,0.44725947767441215
frozen_GE_teacher,COC(=O)C[C@H]1CC[C@@H](NC(=O)c2ccccc2)[C@H](CO)O1,10.0481,0.3045291391978042,0.31450416402443854,0.0910736492588678,0.22343051476557074,0.3738855410603522
frozen_GE_teacher,COC(=O)C[C@H]1CC[C@@H]2[C@@H](COc3ccc(NC(=O)Cc4cccs4)cc3C(=O)N2C)O1,10.0776,0.4940262043196471,0.5413725122453561,0.01133273541448166,0.5300397768308744,0.11388747287916626
frozen_GE_teacher,COC(=O)C[C@H]1CC[C@@H]2[C@@H](COc3ccc(NC(=O)c4ccccc4F)cc3C(=O)N2C)O1,9.94185,0.04466120028449656,0.044690929955252305,0.030292594225332054,0.014398335729920251,-0.0369487402505891
frozen_GE_teacher,COC(=O)C[C@H]1CC[C@@H]2[C@@H](COc3ccc(NS(=O)(=O)c4ccc(F)cc4)cc3C(=O)N2C)O1,9.97159,0.046366313610229935,0.046399583177091405,-0.012066899934399428,0.05846648311149083,0.1431179210052421
frozen_GE_teacher,COC(=O)C[C@H]1CC[C@@H]2[C@H](COc3ccc(NC(=O)c4cccc(Cl)c4)cc3C(=O)N2C)O1,9.9519,0.24584292675059102,0.2509834815656009,-0.0008837143374411487,0.2518671959030421,-0.13394470315578771
frozen_GE_teacher,COC(=O)C[C@H]1CC[C@H]2NC[C@@H](O)COC[C@@H]2O1,10.062,0.19079865844506058,0.1931658696854901,0.0047238843425316274,0.18844198534295847,-0.5552518585051398
frozen_GE_teacher,COC(=O)C[C@H]1C[C@@H]2c3cc(NC(=O)Cc4ccncc4)ccc3O[C@@H]2[C@@H](CO)O1,10.145,-0.10765804799282304,-0.10807689267110379,0.03017897957278686,-0.13825587224389066,-0.1712791546733698
frozen_GE_teacher,COC(=O)C[C@H]1C[C@@H]2c3cc(NC(=O)Nc4ccc(C(F)(F)F)cc4)ccc3O[C@@H]2[C@H](CO)O1,10.1672,0.21343346806007377,0.2167659429178462,0.06530702553683108,0.15145891738101513,0.03194051447486261
frozen_GE_teacher,COC(=O)C[C@H]1C[C@@H]2c3cc(NC(=O)c4ccc5c(c4)OCO5)ccc3O[C@@H]2[C@H](CO)O1,9.93377,-0.02534779394154674,-0.02535322477790824,0.01072424349756922,-0.03607746827547746,-0.30604820216612266
frozen_GE_teacher,COC(=O)C[C@H]1C[C@@H]2c3cc(NS(=O)(=O)c4ccc(F)cc4)ccc3O[C@@H]2[C@@H](CO)O1,10.0326,0.2556563619707173,0.2614554525825691,0.0020471793904867277,0.2594082731920824,0.05356562040573544
frozen_GE_teacher,COC(=O)C[C@H]1C[C@@H]2c3cc(NS(C)(=O)=O)ccc3O[C@@H]2[C@@H](CO)O1,9.94176,0.32562857304572823,0.337930491495378,0.04861100298239393,0.28931948851298406,0.6836831602002647
frozen_GE_teacher,COC(=O)C[C@H]1C[C@H]2c3cc(NC(=O)c4ccc5c(c4)OCO5)ccc3O[C@H]2[C@H](CO)O1,10.0851,0.5140166021198883,0.5681734685469314,-0.04801246589245935,0.6161859344393907,-0.014273550944587793
frozen_GE_teacher,COC(=O)N(C)C[C@H]1OCc2ccccc2-c2ccccc2C(=O)N([C@H](C)CO)C[C@H]1C,10.1978,0.15062067110781951,0.15177545415832577,0.08436672026492768,0.06740873389339809,-0.003109555264621297
frozen_GE_teacher,COC(=O)N(C)c1ccc(C(O)(C(=O)OC)C(F)(F)F)cc1,10.0,0.29884842559427216,0.3082546173876806,-0.041872490296143344,0.35012710768382393,0.02094562637323203
frozen_GE_teacher,COC(=O)NN=Cc1cc(N=Nc2ccccc2Cl)ccc1O,10.0,0.2466506699528744,0.25184336606046853,0.13458753915933425,0.11725582690113429,0.11986731262604788
frozen_GE_teacher,COC(=O)Nc1nc2ccc(C(=O)c3ccccc3)cc2[nH]1,10.0,0.22439049422806945,0.2282746320538428,0.11371840018605817,0.11455623186778463,0.29224631017870983
frozen_GE_teacher,COC(=O)[C@@H]1[C@@H](CO)[C@@H]2Cn3c(ccc(-c4ccccc4OC)c3=O)[C@H]1N2Cc1ccccc1,9.96855,-0.47277490116031,-0.5136379991619211,0.05527184746726162,-0.5689098466291828,-0.2395779191231328
frozen_GE_teacher,COC(=O)[C@@H]1[C@@H](CO)[C@@H]2Cn3c(ccc(C4=CCCC4)c3=O)[C@@H]2N1C(=O)Cc1cccnc1,9.99078,-0.38167974449529,-0.40202435404491255,-0.02791448838088317,-0.3741098656640294,0.10386169527903935
frozen_GE_teacher,COC(=O)[C@@H]1[C@@H](CO)[C@@H]2Cn3c(cccc3=O)[C@@H]2N1CC1CCOCC1,10.0441,0.22267371051804125,0.2264675542725005,0.13879094201437148,0.08767661225812903,0.20141379094892448
frozen_GE_teacher,COC(=O)[C@H](NC(=O)c1cc(-c2ccccc2)nc2ccccc12)c1ccccc1,10.0,0.47079008847302295,0.5110849246030842,-0.024926152864990593,0.5360110774680747,0.5467263659772411
frozen_GE_teacher,COC(=O)[C@H]1[C@H](CO)[C@H]2Cn3c(ccc(-c4ccc(F)cc4)c3=O)[C@H]2N1C(=O)C1CCC1,10.0662,-0.06056732914845694,-0.06064155434731476,0.03515365545594311,-0.09579520980325787,-0.12945970677768576
frozen_GE_teacher,COC(=O)[C@H]1[C@H](CO)[C@H]2Cn3c(ccc(-c4ccccc4F)c3=O)[C@@H]1N2CC1CCCC1,10.0659,-0.010813404696628453,-0.010813826195665533,-0.00619976179775203,-0.004614064397913503,0.2341271278021421
frozen_GE_teacher,COC(=O)[C@H]1[C@H](CO)[C@H]2Cn3c(ccc(-c4cccnc4)c3=O)[C@H]2N1Cc1cccc(F)c1,10.0371,0.010826790829979286,0.010827213896375141,-0.005937042928941115,0.016764256825316258,0.10363553457480959
frozen_GE_teacher,COC(=O)[C@H]1[C@H](CO)[C@H]2Cn3c(ccc(C4=CCCCC4)c3=O)[C@H]2N1Cc1ccc2c(c1)OCO2,9.96294,0.09135449547792632,0.09160991303835883,-0.128352132170556,0.21996204520891482,0.2811393786561739
frozen_GE_teacher,COC(=O)c1[nH]nc2ccccc12,10.0,0.2012323994784381,0.20401663390372518,0.048865587330978906,0.15515104657274628,-0.08172163402765112
frozen_GE_teacher,COC(=O)c1c(C)cc(OC)cc1O,10.0,0.5375771821309223,0.600741767718658,-0.07046819286745697,0.6712099605861149,0.08120664776894101
frozen_GE_teacher,COC(=O)c1cc(-c2ccc(Br)cc2)[nH]n1,10.0,0.4415011593293435,0.47409388930710855,-0.13109407537133722,0.6051879646784457,-0.05714854009378051
frozen_GE_teacher,COC(=O)c1cc(S(=O)(=O)NCCc2ccccc2)c[nH]1,10.0,0.4847131053077021,0.5291265074334544,-0.04275038105264456,0.571876888486099,0.0877889929126795
frozen_GE_teacher,COC(=O)c1cc2oc(C)cc2n1CC(=O)N1CCCc2ccccc21,10.0,0.22936512742306858,0.23351923678940562,0.06391083671415614,0.16960840007524947,0.22132447958203816
frozen_GE_teacher,COC(=O)c1ccc(C(C(=O)NC2CCCCC2)N(Cc2ccccc2)C(=O)Cc2cccs2)cc1,10.0,-0.07417380911521457,-0.0743102886078883,0.05346146372270113,-0.12777175233058943,0.07199878053307288
frozen_GE_teacher,COC(=O)c1ccc(C)c(-n2c(C)cc(C=O)c2C)c1,10.0,0.2887074724183908,0.2971556296534496,0.1352149471947045,0.1619406824587451,0.20630541198779123
frozen_GE_teacher,COC(=O)c1ccc(C2c3c(C)n[nH]c3C(=O)N2c2ccc(C)cc2)cc1,10.0,0.19061742834652262,0.19297779955902164,-0.018840076112685563,0.2118178756717072,0.03601255377350812
frozen_GE_teacher,COC(=O)c1ccc(CN2C(=O)NC3(CCCCC3)C2=O)cc1,10.0,0.6877206299697389,0.8436179769797751,-0.04035363383614675,0.8839716108159219,-0.056938670318377946
frozen_GE_teacher,COC(=O)c1oc2ccc(OC)cc2c1N,10.0,0.3694917411285984,0.3878343519339128,-0.2350070989859299,0.6228414509198427,0.34414233203377687
frozen_GE_teacher,COC(C[C@@H](O)C[C@@H](O)COCc1ccccc1)OC,10.0,0.0014253399624740608,0.0014253409277126133,0.10731749647863176,-0.10589215555091915,0.16577791147602594
frozen_GE_teacher,COC1(C[S@@](=O)c2ccccc2)CCN(CCc2c[nH]c3ccc(F)cc23)CC1,10.0,-0.2555335340087591,-0.2613240395688755,0.021770991890336724,-0.2830950314592122,-0.08230182485716543
frozen_GE_teacher,COCC#Cc1ccc([C@@H]2[C@H](C#N)N(C(=O)Cc3ccccc3)[C@H]2CO)cc1,9.78695,0.128754094009369,0.12947273434835743,0.0987233371394115,0.030749397208945928,-0.015470998325084612
frozen_GE_teacher,COCC#Cc1ccc2c(c1)O[C@@H](CN(C)C(=O)c1ccccc1F)[C@@H](C)CN([C@H](C)CO)S2(=O)=O,10.0758,-0.10302318092668139,-0.10339000814404083,0.03881270874481152,-0.14220271688885233,-0.08695839787520122
frozen_GE_teacher,COCC#Cc1ccc2c(c1)O[C@@H](CN(C)Cc1ccc3c(c1)OCO3)[C@H](C)CN([C@@H](C)CO)S2(=O)=O,10.0569,0.11940513163060137,0.11997751241806952,0.023951482982552008,0.09602602943551751,-0.1438097662706856
frozen_GE_teacher,COCC#Cc1ccc2c(c1)O[C@@H](CN(C)Cc1ccc3c(c1)OCO3)[C@H](C)CN([C@H](C)CO)S2(=O)=O,10.0088,-0.10852085776416343,-0.10894990215692572,0.014884145935969862,-0.12383404809289558,0.0132043897988042
frozen_GE_teacher,COCC#Cc1ccc2c(c1)O[C@H](CN(C)Cc1ccccn1)[C@@H](C)CN([C@@H](C)CO)S2(=O)=O,9.95286,-0.16249516864744842,-0.16394847449446603,-0.005335711263211531,-0.1586127632312545,-0.045580809052960095
frozen_GE_teacher,COCC#Cc1ccc2c(c1)O[C@H](CN(C)S(=O)(=O)c1ccc(OC)cc1)[C@@H](C)CN([C@H](C)CO)S2(=O)=O,10.0813,0.5386417899019048,0.6022402909845063,0.14190206879828454,0.4603382221862217,0.24725499093337527
frozen_GE_teacher,COCC#Cc1cnc2c(c1)C(=O)N([C@@H](C)CO)C[C@@H](C)[C@@H](CN(C)S(C)(=O)=O)O2,10.0789,-0.060496765782701765,-0.06057073147741457,0.011199210087933188,-0.07176994156534776,0.10901238281606979
frozen_GE_teacher,COCC#Cc1cnc2c(c1)C(=O)N([C@@H](C)CO)C[C@@H](C)[C@H](CN(C)C(=O)C1CCCCC1)O2,9.99496,0.3833062120891738,0.40392955490634214,0.05060398776493792,0.35332556714140423,-0.03713716326749467
frozen_GE_teacher,COCC#Cc1cnc2c(c1)C(=O)N([C@@H](C)CO)C[C@H](C)[C@@H](CN(C)Cc1ccc3c(c1)OCO3)O2,10.0292,0.1282065045644986,0.12891595401132927,0.004377801512275924,0.12453815249905334,-0.19188528310983574
frozen_GE_teacher,COCC#Cc1cnc2c(c1)C(=O)N([C@H](C)CO)C[C@@H](C)[C@@H](CN(C)C(=O)CN1CCOCC1)O2,10.0948,-0.13217944401734588,-0.13295740255044294,0.009685391365742806,-0.14264279391618576,0.13180120973945614
frozen_GE_teacher,COCC#Cc1cnc2c(c1)C(=O)N([C@H](C)CO)C[C@@H](C)[C@H](CN(C)S(C)(=O)=O)O2,10.019,-0.1294198912922403,-0.13014981414439492,-0.010883463682705992,-0.11926635046168893,-0.03471833579069845
frozen_GE_teacher,COCC#Cc1cnc2c(c1)C(=O)N([C@H](C)CO)C[C@H](C)[C@H](CN(C)C(=O)Nc1cc(F)ccc1F)O2,10.0713,0.19289950110500018,0.19534699180227638,0.20191256331571805,-0.00656557151344167,-0.15874068509001682
frozen_GE_teacher,COCC#Cc1cnc2c(c1)C(=O)N([C@H](C)CO)C[C@H](C)[C@H](CN(C)Cc1ccc3c(c1)OCO3)O2,10.0679,0.2701406703216766,0.2770155604243876,-0.03549892432254756,0.3125144847469351,0.05780177732570535
frozen_GE_teacher,COCC(=O)N(C)C[C@H]1Oc2cc(-c3ccc(C#N)cc3)ccc2S(=O)(=O)N([C@@H](C)CO)C[C@@H]1C,9.9934,-0.14181090401178392,-0.14277316326425796,-0.0020909506034830277,-0.14068221266077494,-0.09692770480120651
frozen_GE_teacher,COCC(=O)N(C)C[C@H]1Oc2cc(-c3ccccc3F)ccc2S(=O)(=O)N([C@@H](C)CO)C[C@@H]1C,10.0918,0.13363190365544522,0.13443597993709586,-0.005256375765317544,0.1396923557024134,0.15533803098633783
frozen_GE_teacher,COCC(=O)N(C)C[C@H]1Oc2cc(-c3ccccc3F)ccc2S(=O)(=O)N([C@@H](C)CO)C[C@H]1C,10.0192,0.16795808104821747,0.16956472516154908,0.015340993333458203,0.15422373182809088,0.11329953608248625
frozen_GE_teacher,COCC(=O)N(C)C[C@H]1Oc2cc(C#Cc3cccnc3)ccc2S(=O)(=O)N([C@H](C)CO)C[C@H]1C,10.0221,0.000574544740276543,0.0005745448034959461,0.015695730715507852,-0.015121185912011906,-0.1566349520386594
frozen_GE_teacher,COCC(=O)N(C)C[C@H]1Oc2ncc(-c3ccc(C#N)cc3)cc2C(=O)N([C@@H](C)CO)C[C@H]1C,10.0531,0.21020603858005837,0.21338690039879085,0.008757881837371008,0.20462901856141985,0.09203971262727945
frozen_GE_teacher,COCC(=O)N(C)c1nnc(-c2ccccn2)s1,10.0,0.201303573558469,0.20409081288550773,0.11861914145840045,0.08547167142710728,-0.04895604301296115
frozen_GE_teacher,COCC(=O)N1C[C@@H](C)[C@@H](OC)CN(C)C(=O)c2cc(NC(=O)C3CCC3)ccc2OC[C@H]1C,10.0751,-0.19456001158388717,-0.19707225392926445,0.07909805811220091,-0.27617031204146536,0.0770843098995348
frozen_GE_teacher,COCC(=O)N1C[C@@H](C)[C@@H](OC)CN(C)C(=O)c2cc(NC(=O)c3cc(C)on3)ccc2OC[C@@H]1C,10.0372,0.03127699647004543,0.03128720137305015,0.042226897075394246,-0.010939695702344099,-0.05293488741469202
frozen_GE_teacher,COCC(=O)N1C[C@@H](C)[C@@H](OC)CN(C)C(=O)c2ccc(NC(=O)c3ccccc3)cc2OC[C@@H]1C,9.98459,0.2945411402035997,0.3035315617015913,0.05494017002554657,0.24859139167604472,0.21209313213806147
frozen_GE_teacher,COCC(=O)N1C[C@@H](C)[C@@H](OC)CN(C)C(=O)c2ccc(NS(C)(=O)=O)cc2OC[C@H]1C,9.92194,-0.008252337405080986,-0.008252524743745536,-0.08331112289346715,0.07505859814972161,0.03256017825749567
frozen_GE_teacher,COCC(=O)N1C[C@@H](C)[C@H](OC)CN(C)C(=O)c2cc(NC(=O)c3cc(C)on3)ccc2OC[C@H]1C,9.87256,0.07280263354875098,0.07293166755197775,0.0025048896063235345,0.07042677794565422,-0.06696554108432867
frozen_GE_teacher,COCC(=O)N1C[C@@H](C)[C@H](OC)CN(C)C(=O)c2ccc(NC(=O)NC(C)C)cc2OC[C@H]1C,10.0464,0.4152669459080805,0.44195901067036236,-0.031217779927920016,0.4731767905982824,0.14811437088513105
frozen_GE_teacher,COCC(=O)N1C[C@@H](C)[C@H](OC)CN(C)C(=O)c2ccc(NC(=O)c3ccc(OC)cc3)cc2OC[C@@H]1C,10.0648,0.2195571316782405,0.2231907632729771,-0.057248819336896364,0.28043958260987345,0.31926837383544576
frozen_GE_teacher,COCC(=O)N1C[C@H](C)[C@@H](OC)CN(C)C(=O)c2ccc(NS(C)(=O)=O)cc2OC[C@@H]1C,9.91089,0.2619451970270714,0.2681957680251539,-0.12366321404745376,0.3918589820726076,0.1852804147785618
frozen_GE_teacher,COCC(=O)N1C[C@H](C)[C@H](OC)CN(C)C(=O)c2cc(NC(=O)C3CCC3)ccc2OC[C@@H]1C,10.063,0.15655859364530172,0.157856855174011,0.10908897333155901,0.04876788184245198,-0.2710564157096079
frozen_GE_teacher,COCC(=O)N1C[C@H](C)[C@H](OC)CN(C)C(=O)c2cc(NC(=O)c3ccc(F)cc3)ccc2OC[C@H]1C,10.0228,0.19861635455638008,0.20129167106769366,-0.00682669171385532,0.208118362781549,0.09139459970389778
frozen_GE_teacher,COCC(=O)N1C[C@H](C)[C@H](OC)CN(C)C(=O)c2ccc(NC(=O)Nc3ccccc3)cc2OC[C@@H]1C,9.98898,6.309940332680257e-05,6.309940341054672e-05,-0.02289504536626117,0.022958144769671715,-0.13531908634591777
frozen_GE_teacher,COCC(=O)N1C[C@H](C)[C@H](OC)CN(C)C(=O)c2ccc(NC(=O)c3ccc(OC)cc3)cc2OC[C@H]1C,10.1159,0.26368715296295153,0.2700669730905608,-0.026356244759876826,0.2964232178504376,-0.11609696330923064
frozen_GE_teacher,COCC(=O)N1C[C@H](C)[C@H](OC)CN(C)C(=O)c2ccc(NC(=O)c3ccccc3)cc2OC[C@@H]1C,10.0663,0.24893211253065764,0.2542740557069106,0.008189958207798314,0.24608409749911228,0.3007558116523546
frozen_GE_teacher,COCC(=O)N1C[C@H](C)[C@H](OC)CN(C)C(=O)c2ccc(NC(=O)c3ccccc3)cc2OC[C@H]1C,10.1855,0.27576485909154974,0.2830925236490059,-0.027803817563870202,0.31089634121287607,0.22100154069791114
frozen_GE_teacher,COCC(=O)N1[C@@H](C#N)[C@H](c2ccc(C#CCC3CCCC3)cc2)[C@@H]1CO,9.48304,0.23559726920350035,0.2401074830570799,0.18665185153926728,0.05345563151781263,-0.04115231334520894
frozen_GE_teacher,COCC(=O)N1[C@H](C#N)[C@@H](c2ccc(-c3cccnc3)cc2)[C@@H]1CO,9.80567,0.0807069008456288,0.08088281980551706,0.013636683678467324,0.06724613612704974,-0.011004507411241584
frozen_GE_teacher,COCC(=O)N1[C@H](C(=O)Nc2ccccc2)[C@@H](CO)[C@@H]2Cn3c(ccc(-c4cccnc4)c3=O)[C@@H]21,10.1009,0.5167540467760928,0.5719010454534454,0.10633637655581525,0.4655646688976302,0.2944991552478556
frozen_GE_teacher,COCC(=O)N1[C@H](CO)[C@H](c2ccc(C#CCC3CCCC3)cc2)[C@@H]1C#N,10.0977,-0.34406091149453916,-0.35869145468181785,-0.042316519374158666,-0.3163749353076592,0.26691568778027347
frozen_GE_teacher,COCC(=O)N[C@@H]1C=C[C@@H](CC(=O)NCc2ccc(Cl)cc2)O[C@@H]1CO,10.0386,0.6937202869574718,0.8550919811930627,-0.11314197315708821,0.9682339543501509,-0.2282716882378347
frozen_GE_teacher,COCC(=O)N[C@@H]1C=C[C@H](CC(=O)N2CCCCC2)O[C@@H]1CO,10.0359,-0.05247978035227253,-0.05252803878939434,0.10535002716873372,-0.15787806595812806,-0.011790387684957965
frozen_GE_teacher,COCC(=O)N[C@@H]1C=C[C@H](CC(=O)N2CCCCC2)O[C@H]1CO,10.0688,0.3989076229870259,0.4223491567518399,0.11675586397918317,0.3055932927726568,-0.19964959820975656
frozen_GE_teacher,COCC(=O)N[C@@H]1C=C[C@H](CC(=O)NCc2ccc(Cl)cc2)O[C@H]1CO,10.0907,-0.17424012721995719,-0.17603624840140272,-0.028706755636660284,-0.14732949276474244,0.05833271759749671
frozen_GE_teacher,COCC(=O)N[C@@H]1CC[C@H](CC(=O)NCc2ccccc2OC)O[C@@H]1CO,9.99335,0.21251752867169293,0.215806483761125,0.012611697536736126,0.20319478622438886,0.016607307674791617
frozen_GE_teacher,COCC(=O)N[C@H]1CC[C@@H](CC(=O)N2CCCCC2)O[C@H]1CO,10.0646,0.4132307217541812,0.43950098210957833,-0.0674083419970615,0.5069093241066398,0.2758543585487696
frozen_GE_teacher,COCC(=O)N[C@H]1CC[C@@H](CC(=O)NCc2ccccc2OC)O[C@H]1CO,9.9722,0.24841558713571704,0.25372348364496916,-0.034797204995188985,0.2885206886401581,0.08071831615961711
frozen_GE_teacher,COCC(=O)N[C@H]1CC[C@H](CC(=O)N2CCCCC2)O[C@H]1CO,10.0346,-0.04688902209860307,-0.04692343059481126,-0.05027388499290711,0.0033504543980958507,0.03929211013340718
frozen_GE_teacher,COCC(=O)N[C@H]1CC[C@H](CC(=O)NCc2ccccc2OC)O[C@H]1CO,9.99713,-0.08612322053891665,-0.08633710451432133,0.021098410583377348,-0.10743551509769868,0.0450928776689965
frozen_GE_teacher,COCC(=O)Nc1ccc2c(c1)C(=O)N(C)C[C@@H](OC)[C@@H](C)CN(C)[C@H](C)CO2,10.0369,0.06167205458350884,0.06175042220214574,-0.015786577961886684,0.07753700016403242,0.14898181130164223
frozen_GE_teacher,COCC(=O)Nc1ccc2c(c1)C(=O)N(C)C[C@@H](OC)[C@@H](C)CN(Cc1cc(F)ccc1F)[C@H](C)CO2,9.99616,-0.18808899903048745,-0.190355341344068,0.03818717418152444,-0.22854251552559246,-0.0969458342497719
frozen_GE_teacher,COCC(=O)Nc1ccc2c(c1)C(=O)N(C)C[C@@H](OC)[C@@H](C)CN(Cc1ccccn1)[C@@H](C)CO2,9.94104,0.27533095960225423,0.28262297272077525,0.060061881088963015,0.22256109163181223,-0.1126130431542216
frozen_GE_teacher,COCC(=O)Nc1ccc2c(c1)C(=O)N(C)C[C@@H](OC)[C@H](C)CN(C(=O)c1cnccn1)[C@@H](C)CO2,9.95553,0.42828739674355204,0.4577974788096761,0.002483871184495895,0.4553136076251802,0.11787088280760319
frozen_GE_teacher,COCC(=O)Nc1ccc2c(c1)C(=O)N(C)C[C@@H](OC)[C@H](C)CN(C(=O)c1cnccn1)[C@H](C)CO2,10.0152,0.29448973839665454,0.30347527787218964,0.09550905545217274,0.2079662224200169,0.1919114348215244
frozen_GE_teacher,COCC(=O)Nc1ccc2c(c1)C(=O)N(C)C[C@@H](OC)[C@H](C)CN(C)[C@H](C)CO2,10.0562,0.2996824165499578,0.30917064792167104,-0.08080491164313645,0.3899755595648075,0.019109939157717686
frozen_GE_teacher,COCC(=O)Nc1ccc2c(c1)C(=O)N(C)C[C@@H](OC)[C@H](C)CN(Cc1cc(F)ccc1F)[C@@H](C)CO2,9.98975,-0.19021140902754577,-0.19255650508546143,-0.023032730257819045,-0.1695237748276424,-0.2811443288191973
frozen_GE_teacher,COCC(=O)Nc1ccc2c(c1)C(=O)N(C)C[C@@H](OC)[C@H](C)CN(Cc1ccccn1)[C@@H](C)CO2,10.0488,0.04225316618640959,0.04227833843885618,0.01002917760903656,0.03224916082981962,0.03284312462967956
frozen_GE_teacher,COCC(=O)Nc1ccc2c(c1)C(=O)N(C)C[C@@H](OC)[C@H](C)CN(Cc1cncnc1)[C@H](C)CO2,9.9888,0.09084676668699641,0.0910979351653094,-0.014355410682303511,0.1054533458476129,-0.2154928490095295
frozen_GE_teacher,COCC(=O)Nc1ccc2c(c1)C(=O)N(C)C[C@@H](OC)[C@H](C)CN[C@@H](C)CO2,10.0124,-0.031898860926681025,-0.03190968696423077,0.019674412830908813,-0.05158409979513959,0.004110699374987151
frozen_GE_teacher,COCC(=O)Nc1ccc2c(c1)C(=O)N(C)C[C@H](OC)[C@@H](C)CN(C(=O)Cc1cccnc1)[C@H](C)CO2,9.98412,0.2187242871438073,0.2223159056982018,0.02954056176119193,0.19277534393700987,0.16814542366778998
frozen_GE_teacher,COCC(=O)Nc1ccc2c(c1)C(=O)N(C)C[C@H](OC)[C@@H](C)CN(Cc1cc(F)ccc1F)[C@@H](C)CO2,10.1286,-0.17918634866027033,-0.18114191928001958,0.01893604470979751,-0.2000779639898171,0.16005582720725206
frozen_GE_teacher,COCC(=O)Nc1ccc2c(c1)C(=O)N(C)C[C@H](OC)[C@@H](C)CN(Cc1ccccc1OC)[C@@H](C)CO2,9.99621,0.13330848570574874,0.1341066960242609,-0.026290187915085257,0.16039688393934615,-0.04780280106595853
frozen_GE_teacher,COCC(=O)Nc1ccc2c(c1)C(=O)N(C)C[C@H](OC)[C@H](C)CN(Cc1ccccn1)[C@@H](C)CO2,10.0676,0.052846309968811254,0.05289558776908341,0.06993230426626469,-0.017036716497181283,-0.13791744946375656
frozen_GE_teacher,COCC(=O)Nc1ccc2c(c1)OC[C@@H](C)N(C(=O)CC1CC1)C[C@@H](C)[C@@H](OC)CN(C)C2=O,9.9433,0.5554728384256489,0.6262618477792006,-0.019072156164227045,0.6453340039434277,-0.022236274118447943
frozen_GE_teacher,COCC(=O)Nc1ccc2c(c1)OC[C@@H](C)N(C(=O)CC1CC1)C[C@H](C)[C@@H](OC)CN(C)C2=O,10.0782,0.1942689072313847,0.19676971449679853,0.025327902516823764,0.17144181197997477,0.24756013348511097
frozen_GE_teacher,COCC(=O)Nc1ccc2c(c1)OC[C@@H](C)N(C(=O)Cc1ccccn1)C[C@@H](C)[C@H](OC)CN(C)C2=O,10.0375,0.14299116992591832,0.1439778582003887,0.09850061841566359,0.04547723978472511,-0.14008102575173226
frozen_GE_teacher,COCC(=O)Nc1ccc2c(c1)OC[C@@H](C)N(C(=O)Cc1ccccn1)C[C@H](C)[C@@H](OC)CN(C)C2=O,10.0815,0.08691896013926087,0.08713884591344406,0.013719791252861206,0.07341905466058285,0.10720441024646046
frozen_GE_teacher,COCC(=O)Nc1ccc2c(c1)OC[C@@H](C)N(C(=O)c1ccccn1)C[C@@H](C)[C@H](OC)CN(C)C2=O,9.99147,-0.17494555785859014,-0.17676385856780344,0.013832040976865204,-0.19059589954466866,0.015798678433460205
frozen_GE_teacher,COCC(=O)Nc1ccc2c(c1)OC[C@@H](C)N(C(=O)c1cccnc1)C[C@H](C)[C@@H](OC)CN(C)C2=O,9.9565,0.3961093211248773,0.419025702102133,0.05176568655090738,0.36726001555122567,-0.20865039003202004
frozen_GE_teacher,COCC(=O)Nc1ccc2c(c1)OC[C@@H](C)N(C)C[C@H](C)[C@H](OC)CN(C)C2=O,9.94938,-0.04103553859527566,-0.04105859535398463,0.059527213003088573,-0.1005858083570732,-0.00602029098890873
frozen_GE_teacher,COCC(=O)Nc1ccc2c(c1)OC[C@@H](C)N(CC1CC1)C[C@@H](C)[C@@H](OC)CN(C)C2=O,10.1038,0.23859136782700677,0.24327991902958707,-0.08359673855153395,0.326876657581121,0.08678999174948712
frozen_GE_teacher,COCC(=O)Nc1ccc2c(c1)OC[C@@H](C)N(CC1CC1)C[C@H](C)[C@H](OC)CN(C)C2=O,10.0252,0.19117529662287533,0.19355676622064388,0.01737948787755319,0.1761772783430907,0.050181102519898706
frozen_GE_teacher,COCC(=O)Nc1ccc2c(c1)OC[C@@H](C)N(Cc1ccccc1)C[C@H](C)[C@@H](OC)CN(C)C2=O,10.0559,0.5484417591516333,0.6161500144510559,0.06836967030946207,0.5477803441415938,0.15634260894922236
frozen_GE_teacher,COCC(=O)Nc1ccc2c(c1)OC[C@@H](C)N(Cc1ccccc1F)C[C@H](C)[C@H](OC)CN(C)C2=O,10.0687,0.012400922894989385,0.012401558636898381,0.005951977092149372,0.006449581544749009,0.002135564015214038
frozen_GE_teacher,COCC(=O)Nc1ccc2c(c1)OC[C@@H](C)N(Cc1ccncc1)C[C@H](C)[C@H](OC)CN(C)C2=O,10.0102,0.24741051076521603,0.2526525890358098,0.07088605868221948,0.1817665303535903,0.15790748909950786
frozen_GE_teacher,COCC(=O)Nc1ccc2c(c1)OC[C@H](C)N(C(=O)Cc1ccccn1)C[C@@H](C)[C@H](OC)CN(C)C2=O,9.95078,-0.098201671413432,-0.09851918211738842,0.08438970580909,-0.18290888792647841,-0.10049407394202045
frozen_GE_teacher,COCC(=O)Nc1ccc2c(c1)OC[C@H](C)N(C(=O)NC(C)C)C[C@H](C)[C@H](OC)CN(C)C2=O,9.81135,-0.36670582167635646,-0.38461178137261387,-0.027349402440984497,-0.3572623789316294,0.14498352506604067
frozen_GE_teacher,COCC(=O)Nc1ccc2c(c1)OC[C@H](C)N(C(=O)c1ccccn1)C[C@H](C)[C@H](OC)CN(C)C2=O,10.0428,0.18781867675352817,0.19007511977729152,0.017433474805632357,0.17264164497165918,0.02409382862527127
frozen_GE_teacher,COCC(=O)Nc1ccc2c(c1)OC[C@H](C)N(C)C[C@@H](C)[C@@H](OC)CN(C)C2=O,10.1097,0.3584223124183669,0.37507448060093135,0.051386146780050795,0.3236883338208806,0.2211975037116636
frozen_GE_teacher,COCC(=O)Nc1ccc2c(c1)OC[C@H](C)N(CC1CC1)C[C@@H](C)[C@H](OC)CN(C)C2=O,9.91797,0.06645954354282048,0.06655765141416257,-0.0011041977054451046,0.06766184911960768,0.03906570194822032
frozen_GE_teacher,COCC(=O)Nc1ccc2c(c1)OC[C@H](C)N(CCC(F)(F)F)C[C@@H](C)[C@@H](OC)CN(C)C2=O,10.076,0.19660430612873417,0.19919785877840482,0.06515739143092023,0.1340404673474846,0.14122779917565145
frozen_GE_teacher,COCC(=O)Nc1ccc2c(c1)OC[C@H](C)N(CCC(F)(F)F)C[C@@H](C)[C@H](OC)CN(C)C2=O,10.0098,0.2736005402269633,0.28075157784046123,-0.008324966990047063,0.2890765448305083,0.09238766524131742
frozen_GE_teacher,COCC(=O)Nc1ccc2c(c1)OC[C@H](C)N(Cc1ccccc1)C[C@H](C)[C@@H](OC)CN(C)C2=O,10.0197,-0.0978984812397996,-0.09821304883179138,0.06925654575310293,-0.1674695945848943,-0.061082648987554514
frozen_GE_teacher,COCC(=O)Nc1ccc2c(c1)OC[C@H](C)N(Cc1ccccc1)C[C@H](C)[C@H](OC)CN(C)C2=O,10.0072,0.28416841554403993,0.29221085917501743,0.1564261239354544,0.13578473523956303,0.048890669751156246
frozen_GE_teacher,COCC(=O)Nc1ccc2c(c1)OC[C@H](C)N(Cc1cccnc1)C[C@H](C)[C@H](OC)CN(C)C2=O,10.0102,0.4478528726928895,0.4820112073936973,0.01638312759316172,0.46562807980053555,-0.10183008893991302
frozen_GE_teacher,COCC(=O)Nc1ccc2c(c1)[C@@H]1C[C@@H](CC(=O)NCCc3ccccc3)O[C@@H](CO)[C@@H]1O2,10.0838,-0.21407315226869494,-0.2174362539865773,-0.015115594678778673,-0.2023206593077986,0.01846995963271813
frozen_GE_teacher,COCC(=O)Nc1ccc2c(c1)[C@@H]1C[C@@H](CC(=O)N[C@H](C)c3ccccc3)O[C@H](CO)[C@@H]1O2,9.95508,-0.5189436552559817,-0.5748930022542504,-0.007523012649808309,-0.5673699896044422,-0.13001206253794242
frozen_GE_teacher,COCC(=O)Nc1ccc2c(c1)[C@@H]1C[C@H](CC(=O)NCc3cccnc3)O[C@@H](CO)[C@@H]1O2,10.1451,0.21864124483638778,0.2222286926763211,0.015483704395861171,0.20674498828045992,-0.19312665821669345
frozen_GE_teacher,COCC(=O)Nc1ccc2c(c1)[C@@H]1C[C@H](CC(=O)NCc3cccnc3)O[C@H](CO)[C@@H]1O2,10.0482,0.012384497111928888,0.012385130330790398,0.014366014757172838,-0.0019808844263824402,0.19598778941378125
frozen_GE_teacher,COCC(=O)Nc1ccc2c(c1)[C@@H]1C[C@H](CC(=O)N[C@H](C)c3ccccc3)O[C@@H](CO)[C@@H]1O2,9.98931,0.262131876925074,0.2683962111926196,0.18903759718383398,0.0793586140087856,-0.2708499407162004
frozen_GE_teacher,COCC(=O)Nc1ccc2c(c1)[C@H]1C[C@@H](CC(=O)NCCc3ccccc3)O[C@H](CO)[C@H]1O2,10.1754,0.2722276086045358,0.2792681576725719,-0.026795567271574422,0.30606372494414635,0.18063203191422952
frozen_GE_teacher,COCC(=O)Nc1ccc2c(c1)[C@H]1C[C@@H](CC(=O)NCc3ccccn3)O[C@H](CO)[C@H]1O2,9.81743,-0.1050373122438706,-0.1054261761852214,-0.1287606418662827,0.02333446568106129,0.3140649786275863
frozen_GE_teacher,COCC(=O)Nc1ccc2c(c1)[C@H]1C[C@H](CC(=O)NCc3ccc(-c4ccccc4)cc3)O[C@@H](CO)[C@H]1O2,10.0462,0.2311759905834535,0.23543149730513332,0.03788019757450471,0.19755129973062863,-0.12932862393666045
frozen_GE_teacher,COCC(=O)Nc1ccc2c(c1)[C@H]1C[C@H](CC(=O)NCc3ccccn3)O[C@H](CO)[C@H]1O2,10.0458,0.3896269760268294,0.411360171279945,0.013060611474574421,0.3982995598053706,0.07956114910108063
frozen_GE_teacher,COCC(=O)Nc1ccc2c(c1)[C@H]1C[C@H](CC(=O)N[C@@H](C)c3ccccc3)O[C@@H](CO)[C@H]1O2,10.0617,-0.21042352467377873,-0.21361445160863038,0.0012445698878162763,-0.21485902149644664,-0.5802002258975287
frozen_GE_teacher,COCC(=O)O[C@]1(CCN(C)CCCc2nc3ccccc3[nH]2)CCc2cc(F)ccc2[C@@H]1C(C)C,10.0,0.3239163123784336,0.33601632984424845,-0.028558845231470925,0.36457517507571935,0.20609554593176668
frozen_GE_teacher,COCCCCC(=NOCCN)c1ccc(C(F)(F)F)cc1,10.0,0.2112261431696086,0.21445440359685894,-0.00920798370088846,0.2236623872977474,-0.16769011109198237
frozen_GE_teacher,COCCCNS(=O)(=O)c1ccc2c(c1)CCN2C(C)=O,10.0,0.2831556373371367,0.291109457496375,0.1347280882131069,0.15638136928326812,-0.0399125465817001
frozen_GE_teacher,COCCCn1c(-c2ccsc2)nc2c1c(=O)[nH]c(=O)n2Cc1ccccc1,10.0,0.31216094747739265,0.3229378800415605,0.10640219542637147,0.21653568461518902,0.08283536451085904
frozen_GE_teacher,COCCN(C(=O)CN1CCc2ccccc2C1)c1c(N)n(Cc2ccccc2)c(=O)[nH]c1=O,10.0,0.48072099344620406,0.5239215411341511,-0.04736406888975341,0.5712856100239045,0.3467851019105372
frozen_GE_teacher,COCCNC(=O)C[C@@H]1C=C[C@@H](NC(=O)NC2CCCC2)[C@@H](CO)O1,9.93684,0.08019272256872206,0.08036529198775447,-0.0410264028813477,0.12139169486910217,0.03323138602374411
frozen_GE_teacher,COCCNC(=O)C[C@@H]1CC[C@@H](NC(=O)NC2CCCCC2)[C@H](CO)O1,9.99732,-0.10705358772913895,-0.10746538459120844,0.013185147590897,-0.12065053218210545,-0.07145087378311843
frozen_GE_teacher,COCCNC(=O)C[C@@H]1CC[C@@H]2[C@H](COC[C@H](O)CN2C(=O)c2cc(Cl)cc(Cl)c2)O1,10.0235,0.07312491674369247,0.07325567567587775,-0.08167071137339069,0.15492638704926842,-0.18213228722595212
frozen_GE_teacher,COCCNC(=O)C[C@@H]1CC[C@H]2[C@@H](COc3ccc(NC(=O)Cc4ccccc4)cc3C(=O)N2C)O1,10.1389,-0.027892790560757667,-0.027900027541865068,-0.03807389117574244,0.010173863633877372,0.0070947664420567165
frozen_GE_teacher,COCCNC(=O)C[C@@H]1CC[C@H]2[C@H](COc3ccc(NC(=O)Cc4ccccc4)cc3C(=O)N2C)O1,9.80212,0.06218177240904073,0.062262102302749756,0.0447472164417967,0.017514885860953053,-0.03411025346818515
frozen_GE_teacher,COCCNC(=O)C[C@@H]1C[C@@H]2c3cc(NC(=O)c4cccnc4)ccc3O[C@@H]2[C@H](CO)O1,10.0926,-0.22302253700914704,-0.2268346091873053,0.07042327965560827,-0.2972578888429136,-0.21282418651059515
frozen_GE_teacher,COCCNC(=O)C[C@@H]1C[C@@H]2c3cc(NS(C)(=O)=O)ccc3O[C@@H]2[C@H](CO)O1,9.85907,0.1306673513319383,0.13141873349083916,-0.005113101446744426,0.13653183493758358,-0.1781530160962887
frozen_GE_teacher,COCCNC(=O)C[C@@H]1C[C@H]2c3cc(NC(=O)CC4CC4)ccc3O[C@H]2[C@H](CO)O1,9.9577,-0.0005218869481454568,-0.0005218869955268824,-0.05758233614691036,0.057060449151383474,0.11002563263957826
frozen_GE_teacher,COCCNC(=O)C[C@@H]1C[C@H]2c3cc(NC(=O)Nc4ccc(OC)cc4)ccc3O[C@H]2[C@H](CO)O1,9.96552,0.04995994891356079,0.050001577893974566,-0.08382027202488396,0.13382184991885854,0.10012126046691477
frozen_GE_teacher,COCCNC(=O)C[C@H]1C=C[C@@H](NC(=O)NC2CCCC2)[C@H](CO)O1,10.0003,0.021799917906704647,0.021803372263392618,-0.005034785026471396,0.026838157289864016,-0.15967208252554804
frozen_GE_teacher,COCCNC(=O)C[C@H]1CC[C@@H]2[C@@H](COc3ccc(NC(=O)Cc4ccccc4)cc3C(=O)N2C)O1,10.0327,-0.11094644501007003,-0.11140505431675825,0.009346941486225255,-0.1207519958029835,-0.27938416709560443
frozen_GE_teacher,COCCNC(=O)C[C@H]1CC[C@H]2[C@@H](COC[C@@H](O)CN2C(=O)c2cc(Cl)cc(Cl)c2)O1,10.0467,-0.09069959551294479,-0.09094954125926542,-0.12127313433828447,0.03032359307901905,-0.10344675088550652
frozen_GE_teacher,COCCNC(=O)C[C@H]1CC[C@H]2[C@@H](COC[C@@H](O)CN2S(=O)(=O)c2ccccc2F)O1,9.97416,0.5353966256011782,0.5976799656646546,0.030084714650027218,0.5675952510146274,-0.16522609230597174
frozen_GE_teacher,COCCNC(=O)C[C@H]1C[C@@H]2c3cc(NC(=O)CC4CC4)ccc3O[C@@H]2[C@H](CO)O1,9.85192,0.15410881374232885,0.1553465027024116,-0.0672361619226203,0.2225826646250319,-0.034566425211653234
frozen_GE_teacher,COCCNC(=O)C[C@H]1C[C@@H]2c3cc(NC(=O)Nc4ccc(C(F)(F)F)cc4)ccc3O[C@@H]2[C@@H](CO)O1,10.0099,0.1434050478880852,0.14440040069810944,-0.03367393011322259,0.17807433081133203,0.18733306733124047
frozen_GE_teacher,COCCNC(=O)C[C@H]1C[C@@H]2c3cc(NC(=O)Nc4ccc(C(F)(F)F)cc4)ccc3O[C@@H]2[C@H](CO)O1,10.1599,0.11927257397383956,0.11984303963170909,-0.07060869105291372,0.1904517306846228,0.18379019663776236
frozen_GE_teacher,COCCNC(=O)C[C@H]1C[C@@H]2c3cc(NC(=O)Nc4ccc(OC)cc4)ccc3O[C@@H]2[C@@H](CO)O1,9.79264,0.13596238183098244,0.13680958837184143,0.12205633288914455,0.014753255482696875,-0.18732099666870233
frozen_GE_teacher,COCCNC(=O)C[C@H]1C[C@@H]2c3cc(NC(=O)c4cccnc4)ccc3O[C@@H]2[C@@H](CO)O1,10.0693,-0.03350395710206323,-0.03351650178515482,-0.0600234294581361,0.02650692767298128,0.33572077752550794
frozen_GE_teacher,COCCNC(=O)C[C@H]1C[C@H]2c3cc(NC(=O)CN(C)C)ccc3O[C@H]2[C@H](CO)O1,10.0704,0.4637170410694087,0.5020362338269297,-0.049667136115535436,0.5517033699424652,0.03909193345485218
frozen_GE_teacher,COCCNC(=O)[C@H]1[C@H](CO)[C@H]2Cn3c(ccc(-c4ccccc4F)c3=O)[C@H]2N1C(=O)C1CCCC1,10.0995,0.3113290051795398,0.32201638193881726,0.04269472422766682,0.2793216577111505,0.22041247718792198
frozen_GE_teacher,COCCSc1ccccc1C(=O)Nc1nncs1,10.0,0.5497640478742676,0.6180430938716425,0.11634092385843564,0.5017021700132068,0.3526177510842976
frozen_GE_teacher,COCCn1c(COc2ccc(C)cc2)nc2ccccc21,10.0,0.6013647312021458,0.6952823080615861,0.3217257486940518,0.3735565593675343,0.2165465115263857
frozen_GE_teacher,COCc1cc(O)n2c(-c3ccccc3OC)nnc2n1,10.0,0.4616428160074434,0.49939702396346747,0.07925626750409184,0.42014075645937565,-0.037217514569305686
frozen_GE_teacher,COCc1cn(CC[C@@H]2CC[C@@H](NC(=O)Nc3c(C)noc3C)[C@@H](CO)O2)nn1,10.1321,0.13156709744562511,0.13233421843745355,0.014865004670450259,0.11746921376700328,0.006417141433165019
frozen_GE_teacher,COCc1cn(CC[C@@H]2CC[C@@H](NC(=O)c3ccncc3)[C@@H](CO)O2)nn1,10.0717,-0.11060833957724979,-0.11106274822660976,-0.023116214897563804,-0.08794653332904595,0.16375258979977161
frozen_GE_teacher,COCc1cn(CC[C@@H]2CC[C@H](NC(=O)c3ccncc3)[C@H](CO)O2)nn1,10.1712,-0.21479919546394802,-0.2181972919326734,0.01061650862347588,-0.22881380055614928,-0.14342174161038898
frozen_GE_teacher,COCc1cn(CC[C@H]2CC[C@@H](NC(=O)Nc3ccc(C(F)(F)F)cc3)[C@H](CO)O2)nn1,10.0453,0.009942496939651988,0.009942824575114844,-0.029553391415694907,0.039496215990809755,-0.06274397843681603
frozen_GE_teacher,COCc1n[nH]c2c1C(c1ccc(OC)cc1)C(C#N)=C(N)O2,10.0,0.3338838710463177,0.3471930731795698,0.08511097140862789,0.26208210177094193,-0.15347206054245766
frozen_GE_teacher,CO[C@@H](C(=O)N(C)C[C@H]1OCc2ccccc2-c2c(n(C)c3ccccc23)C(=O)N([C@@H](C)CO)C[C@H]1C)c1ccccc1,9.86619,0.33947413012626565,0.3534980427070821,0.06118267658233115,0.29231536612475095,0.22107028022470768
frozen_GE_teacher,CO[C@@H](CN(C)C(=O)Nc1ccc(C(F)(F)F)cc1)[C@H](C)CN(Cc1ccccc1Cl)[C@H](C)CO,10.0179,0.1617533262597412,0.16318660693415848,0.06773818003267579,0.0954484269014827,0.09451320354117299
frozen_GE_teacher,CO[C@@H](CN(C)C(=O)Nc1ccc(F)cc1)[C@@H](C)CN(Cc1ccccc1Cl)[C@@H](C)CO,10.1027,0.18556161274133615,0.1877365478915279,0.0020282770487262724,0.18570827084280164,0.11146516490930514
frozen_GE_teacher,CO[C@@H](CN(C)C(=O)c1ccc2c(c1)OCO2)[C@H](C)CN([C@@H](C)CO)S(=O)(=O)c1ccc(F)cc1,9.45595,0.6273320573503306,0.7370046946116087,0.059803500628698096,0.6772011939829106,0.027088700962224883
frozen_GE_teacher,CO[C@@H](CN(C)C(=O)c1ccccc1F)[C@@H](C)CN([C@@H](C)CO)S(=O)(=O)c1ccc(C)cc1,10.0232,0.08082489461298481,0.08100158831547286,-0.025775692413978302,0.10677728072945115,0.11982032553686257
frozen_GE_teacher,CO[C@@H](CN(C)C(=O)c1ccccc1F)[C@@H](C)CN([C@@H](C)CO)S(=O)(=O)c1ccc(Cl)cc1,10.5412,-0.1683988781421294,-0.17001835266440515,0.008224184992594703,-0.17824253765699985,0.10080594811697055
frozen_GE_teacher,CO[C@@H](CN(C)C(=O)c1ccccc1F)[C@H](C)CN([C@H](C)CO)S(=O)(=O)c1ccc(F)cc1,10.001,-0.3089740031106308,-0.3194107302060808,0.04667117826454558,-0.3660819084706264,0.0436721196428499
frozen_GE_teacher,CO[C@@H](CN(C)C(=O)c1cnccn1)[C@@H](C)CN([C@H](C)CO)S(=O)(=O)c1ccc(Cl)cc1,10.0015,-0.10485774288514309,-0.1052446070262557,-0.0091404121222474,-0.09610419490400829,-0.055347199642829185
frozen_GE_teacher,CO[C@@H](CN(C)C(=O)c1cnccn1)[C@H](C)CN([C@@H](C)CO)S(=O)(=O)c1ccc(C)cc1,10.0466,0.15584181915805118,0.15712215506833888,0.035691972324653216,0.12143018274368567,-0.014941050099521774
frozen_GE_teacher,CO[C@@H](CN(C)C(=O)c1cnccn1)[C@H](C)CN([C@@H](C)CO)S(=O)(=O)c1ccc(Cl)cc1,10.0294,0.014671247240529154,0.014672300016456748,0.009937718285164838,0.004734581731291911,-0.0044556080980561585
frozen_GE_teacher,CO[C@@H](CN(C)Cc1cc(F)ccc1F)[C@@H](C)CN(C(=O)Nc1ccc(F)cc1)[C@@H](C)CO,9.69666,-0.054014601411429594,-0.054067224149961075,-0.09250159794530222,0.03843437379534114,0.08772027865907121
frozen_GE_teacher,CO[C@@H](CN(C)Cc1cc(F)ccc1F)[C@@H](C)CN([C@H](C)CO)S(=O)(=O)c1ccc(C)cc1,10.0403,-0.23082190368452674,-0.2350574511040246,0.016378297423839085,-0.25143574852786366,0.16079082006365322
frozen_GE_teacher,CO[C@@H](CN(C)Cc1cc(F)ccc1F)[C@H](C)CN(C(=O)Nc1ccc(C(F)(F)F)cc1)[C@H](C)CO,10.0253,0.37250308277010274,0.3913263306333839,-0.014106925181419377,0.4054332558148033,-0.037575882407197565
frozen_GE_teacher,CO[C@@H](CN(C)Cc1cc(F)ccc1F)[C@H](C)CN([C@H](C)CO)S(=O)(=O)c1ccc(F)cc1,10.049798,-0.1924365427244217,-0.19486618541386788,-0.059672588773826904,-0.135193596640041,0.3685253169645475
frozen_GE_teacher,CO[C@@H](CN(C)Cc1ccc(-c2ccccn2)cc1)[C@@H](C)CN(C(=O)Nc1ccc(F)cc1)[C@H](C)CO,10.0806,-0.2272257102881782,-0.2312621837101495,0.09503883501443713,-0.3263010187245866,-0.21647087792525316
frozen_GE_teacher,CO[C@@H](CN(C)Cc1ccc2c(c1)OCO2)[C@@H](C)CN(C(=O)Nc1ccc(F)cc1)[C@@H](C)CO,10.7238,-0.039310894536037935,-0.03933116298258948,-0.1837599937595226,0.1444288307769331,0.2954458582939259
frozen_GE_teacher,CO[C@@H](CN(C)Cc1ccc2c(c1)OCO2)[C@H](C)CN(C(=O)c1ccccc1)[C@H](C)CO,10.012608,0.06737886600467066,0.06748110935306455,0.0970311864995427,-0.029550077146478157,-0.09671415361274303
frozen_GE_teacher,CO[C@@H](CN(C)Cc1nccs1)[C@@H](C)CN([C@@H](C)CO)S(=O)(=O)c1ccc(F)cc1,10.0223,-0.15093989042169886,-0.15210209966047017,-0.005882832594525562,-0.1462192670659446,0.11238357570374503
frozen_GE_teacher,CO[C@@H](CN(C)S(=O)(=O)c1ccc(C)cc1)[C@H](C)CN(C(=O)Nc1ccccc1F)[C@@H](C)CO,10.0208,0.1261899048477141,0.12686618963065635,0.011791531240470665,0.11507465839018569,0.019950670228402453
frozen_GE_teacher,CO[C@@H](CN(C)S(=O)(=O)c1ccc(Cl)cc1)[C@@H](C)CN([C@H](C)CO)S(=O)(=O)c1cccc(Cl)c1,9.70291,0.2878893431164739,0.2962633364684017,-0.05776602111044662,0.3540293575788483,-0.025765121434072828
frozen_GE_teacher,CO[C@@H](CN(C)S(=O)(=O)c1ccc(F)cc1)[C@@H](C)CN(Cc1ccccc1Cl)[C@H](C)CO,10.0812,0.03801260690692159,0.03803093167374169,0.007298083425410195,0.030732848248331494,0.011856900203355598
frozen_GE_teacher,CO[C@@H](CN(C)S(=O)(=O)c1ccc(F)cc1)[C@H](C)CN(C(=O)Nc1ccccc1F)[C@@H](C)CO,10.0595,0.19891488804561355,0.20160248408968856,0.07584463808430383,0.12575784600538473,-0.06142052538262611
frozen_GE_teacher,CO[C@@H](CN(C)S(=O)(=O)c1ccc(F)cc1)[C@H](C)CN(C(=O)Nc1ccccc1F)[C@H](C)CO,10.0061,0.30195021584212994,0.31166408056486805,-0.08050234385673197,0.3921664244216,0.09991615110595267
frozen_GE_teacher,CO[C@@H](CN(C)S(=O)(=O)c1ccc(F)cc1)[C@H](C)CN([C@H](C)CO)S(=O)(=O)c1cccc(Cl)c1,10.0156,-0.09458586025211264,-0.0948694544438397,0.010144615463265963,-0.10501406990710567,0.3264383183089765
frozen_GE_teacher,CO[C@@H](CN(C)S(=O)(=O)c1cccc(Cl)c1)[C@@H](C)CN([C@H](C)CO)S(=O)(=O)c1ccc(Cl)cc1,9.9079,0.13099422588419632,0.13175130049431255,-0.03473889124800336,0.1664901917423159,-0.38805103128683105
frozen_GE_teacher,CO[C@@H](CN(C)S(=O)(=O)c1cccc(Cl)c1)[C@H](C)CN(C(=O)Nc1ccccc1F)[C@@H](C)CO,10.0117,-0.03586816695641806,-0.03588356061005219,-0.03198342512178049,-0.0039001354882717,-0.13737730840116416
frozen_GE_teacher,CO[C@@H](CN(C)S(=O)(=O)c1cccc(Cl)c1)[C@H](C)CN(C(=O)Nc1ccccc1F)[C@H](C)CO,10.0315,0.3365582457042585,0.3502060255110104,0.01523933983902516,0.33496668567198523,0.22455255423875992
frozen_GE_teacher,CO[C@@H](CN(C)S(=O)(=O)c1cccc(Cl)c1)[C@H](C)CN([C@@H](C)CO)S(=O)(=O)c1ccc(Cl)cc1,10.0466,0.38603087439528516,0.4071274062743847,-0.03500142655902233,0.44212883283340704,-0.16957902775510783
frozen_GE_teacher,CO[C@@H](CN(C)S(=O)(=O)c1ccccc1)[C@@H](C)CN(Cc1ccccc1Cl)[C@@H](C)CO,10.7035,0.13161025800240447,0.13237813951314464,-0.021055839996005944,0.15343397950915058,0.09522142987949828
frozen_GE_teacher,CO[C@@H](CN(C)S(=O)(=O)c1ccccc1)[C@@H](C)CN(Cc1ccccc1Cl)[C@H](C)CO,10.0623,-0.2534747832008789,-0.25912270191844433,0.04732430898177005,-0.30644701090021437,0.00959141040004393
frozen_GE_teacher,CO[C@@H](CN(C)S(=O)(=O)c1ccccc1)[C@H](C)CN(C(=O)Nc1ccccc1F)[C@H](C)CO,10.0303,0.0006196747924599406,0.0006196748717776814,0.009281096575610838,-0.008661421703833156,-0.06726471822342085
frozen_GE_teacher,CO[C@@H](CN(C)S(=O)(=O)c1cn(C)cn1)[C@H](C)CN(C(=O)Nc1ccc(F)cc1)[C@@H](C)CO,9.53441,0.07077767955491751,0.07089622251749712,0.2285367334870665,-0.15764051096956938,-0.05599153855598682
frozen_GE_teacher,CO[C@@H]1CC[C@@H]2CCN(C)C(=O)[C@H](C)[C@H](OC)CN(C)C(=O)c3cc(C#N)ccc3OC[C@@H]1O2,10.0242,-0.013735467369413489,-0.013736331258991834,0.12442857259734984,-0.13816490385634167,-0.2996096649336545
frozen_GE_teacher,CO[C@@H]1CN(C)C(=O)c2cc(NC(=O)C3CC3)ccc2OC[C@@H](C)N(CCc2ccccc2)C[C@@H]1C,10.0224,0.26655970131943113,0.2731567026375887,0.03448199826387795,0.23867470437371074,0.1296012920312576
frozen_GE_teacher,CO[C@@H]1CN(C)C(=O)c2cc(NC(=O)C3CC3)ccc2OC[C@H](C)N(C(=O)NC(C)C)C[C@@H]1C,10.0823,-0.03804021958032836,-0.038058584333119795,0.0005201442126284992,-0.03857872854574829,0.028792016603931624
frozen_GE_teacher,CO[C@@H]1CN(C)C(=O)c2cc(NC(=O)C3CC3)ccc2OC[C@H](C)N(C(=O)NC(C)C)C[C@H]1C,9.97793,0.3110046138296455,0.321657214250854,0.057291587492345336,0.2643656267585086,0.0434299633713193
frozen_GE_teacher,CO[C@@H]1CN(C)C(=O)c2cc(NC(=O)C3CC3)ccc2OC[C@H](C)N(CCc2ccccc2)C[C@@H]1C,10.0037,-0.020501501406359143,-0.020504374470288713,0.010142679197487625,-0.030647053667776338,-0.044669490606760835
frozen_GE_teacher,CO[C@@H]1CN(C)C(=O)c2cc(NC(=O)C3CC3)ccc2OC[C@H](C)N(Cc2ccccc2)C[C@@H]1C,9.92788,-0.1306041227132878,-0.13135440709750604,0.04353053119572129,-0.17488493829322732,-0.1380957490381804
frozen_GE_teacher,CO[C@@H]1CN(C)C(=O)c2cc(NC(=O)C3CCC3)ccc2OC[C@H](C)N(C)C[C@@H]1C,10.046,0.2791244389874313,0.28673228032115733,0.011010874130271311,0.27572140619088603,-0.32582163047494683
frozen_GE_teacher,CO[C@@H]1CN(C)C(=O)c2cc(NC(=O)C3CCC3)ccc2OC[C@H](C)N(Cc2ccncc2)C[C@@H]1C,10.0412,0.38421583050791086,0.4049962714904784,0.05371498267152815,0.35128128881895027,0.04627293787574058
frozen_GE_teacher,CO[C@@H]1CN(C)C(=O)c2cc(NC(=O)C3CCCC3)ccc2OC[C@@H](C)N(Cc2ccc(F)cc2)C[C@H]1C,10.0468,0.3947075427158092,0.4173641418887951,-0.023751741774840567,0.4411158836636357,0.26372348582224275
frozen_GE_teacher,CO[C@@H]1CN(C)C(=O)c2cc(NC(=O)C3CCCCC3)ccc2OC[C@H](C)N(C(=O)c2ccccc2)C[C@H]1C,10.1088,-0.06943413061762907,-0.0695460374322249,-0.0037663142682858204,-0.06577972316393908,0.06888596382379053
frozen_GE_teacher,CO[C@@H]1CN(C)C(=O)c2cc(NC(=O)C3CCCCC3)ccc2OC[C@H](C)NC[C@@H]1C,10.0159,-0.16853297569335526,-0.17015636717370453,0.010579155087963057,-0.18073552226166759,0.007681735082631886
frozen_GE_teacher,CO[C@@H]1CN(C)C(=O)c2cc(NC(=O)C3CCOCC3)ccc2OC[C@@H](C)N(Cc2cccnc2)C[C@@H]1C,9.74956,0.4062054689474424,0.43105842336054506,0.1379938136895333,0.2930646096710118,0.027812467265511787
frozen_GE_teacher,CO[C@@H]1CN(C)C(=O)c2cc(NC(=O)C3CCOCC3)ccc2OC[C@@H](C)N(Cc2cccnc2)C[C@H]1C,10.0793,0.1589084367788065,0.1602666550166487,0.016989594243427032,0.14327706077322167,0.15066678181734613
frozen_GE_teacher,CO[C@@H]1CN(C)C(=O)c2cc(NC(=O)C3CCOCC3)ccc2OC[C@H](C)N(CC2CC2)C[C@@H]1C,10.021,0.26887891604686254,0.2756549793898365,0.010581370372208736,0.2650736090176278,-0.03091850022859456
frozen_GE_teacher,CO[C@@H]1CN(C)C(=O)c2cc(NC(=O)CN(C)C)ccc2OC[C@@H](C)N(C(=O)C2CC2)C[C@H]1C,10.0065,0.0918179258559222,0.09207726357720449,-0.04698953257246081,0.1390667961496653,0.03846404346186942
frozen_GE_teacher,CO[C@@H]1CN(C)C(=O)c2cc(NC(=O)Cc3ccccc3)ccc2OC[C@@H](C)NC[C@@H]1C,10.0073,0.1265614661295872,0.12724378136445982,-0.09742346657439298,0.2246672479388528,0.3746385715095715
frozen_GE_teacher,CO[C@@H]1CN(C)C(=O)c2cc(NC(=O)Cc3ccccc3)ccc2OC[C@H](C)NC[C@H]1C,9.94041,-0.11744183556702929,-0.11798629054103252,-0.07873385890498816,-0.03925243163604436,0.33997709927261244
frozen_GE_teacher,CO[C@@H]1CN(C)C(=O)c2cc(NC(=O)NC(C)C)ccc2OC[C@@H](C)N(C(=O)C2CCC2)C[C@H]1C,10.0207,-0.05988230508814396,-0.05995403661324267,0.07897136334605546,-0.13892539995929815,-0.03725804321483119
frozen_GE_teacher,CO[C@@H]1CN(C)C(=O)c2cc(NC(=O)NC(C)C)ccc2OC[C@@H](C)N(CCC(F)(F)F)C[C@H]1C,10.0037,-0.0046104309754984585,-0.00461046364246874,0.0001536311009273112,-0.004764094743396051,0.11865936864881742
frozen_GE_teacher,CO[C@@H]1CN(C)C(=O)c2cc(NC(=O)NC(C)C)ccc2OC[C@@H](C)N(Cc2ccc(-c3ccccn3)cc2)C[C@H]1C,10.0072,-0.1957466053702286,-0.19830582833482432,0.06757386330120907,-0.2658796916360334,-0.12426744079736413
frozen_GE_teacher,CO[C@@H]1CN(C)C(=O)c2cc(NC(=O)NC(C)C)ccc2OC[C@@H](C)N(Cc2cncnc2)C[C@@H]1C,10.0064,0.04318326851968693,0.0432101412364947,-0.026987713306161572,0.07019785454265627,0.04050826186527339
frozen_GE_teacher,CO[C@@H]1CN(C)C(=O)c2cc(NC(=O)NC(C)C)ccc2OC[C@H](C)N(C(=O)CN(C)C)C[C@@H]1C,10.0978,-0.19900067041605568,-0.20169180203960133,0.031105040379469377,-0.2327968424190707,-0.29078663421200257
frozen_GE_teacher,CO[C@@H]1CN(C)C(=O)c2cc(NC(=O)NC(C)C)ccc2OC[C@H](C)N(CC2CC2)C[C@@H]1C,10.1016,-0.20111836231340557,-0.203897786814546,-0.10444307023630223,-0.09945471657824378,0.34391793643362767
frozen_GE_teacher,CO[C@@H]1CN(C)C(=O)c2cc(NC(=O)NC(C)C)ccc2OC[C@H](C)N(Cc2ccc(-c3ccccn3)cc2)C[C@@H]1C,9.8979,-0.2135365565331262,-0.2168739540921419,0.04893263148052583,-0.26580658557266773,-0.039155170246413545
frozen_GE_teacher,CO[C@@H]1CN(C)C(=O)c2cc(NC(=O)NC(C)C)ccc2OC[C@H](C)N(Cc2ccccc2)C[C@H]1C,10.0688,0.4200168794300142,0.4477125183978822,0.005723367126478824,0.44198915127140337,0.13911870312822178
frozen_GE_teacher,CO[C@@H]1CN(C)C(=O)c2cc(NC(=O)NC3CCCCC3)ccc2OC[C@@H](C)N(C)C[C@H]1C,10.0847,-0.1858701577543015,-0.18805611489808885,-0.10580678276109325,-0.0822493321369956,-0.1425565853679372
frozen_GE_teacher,CO[C@@H]1CN(C)C(=O)c2cc(NC(=O)Nc3c(C)noc3C)ccc2OC[C@@H](C)N(C)C[C@@H]1C,10.0933,-0.2563595017727804,-0.26220790842637004,0.11652993740140301,-0.37873784582777303,0.2706539602319775
frozen_GE_teacher,CO[C@@H]1CN(C)C(=O)c2cc(NC(=O)Nc3cc(F)ccc3F)ccc2OC[C@@H](C)N(C(=O)c2ccccn2)C[C@H]1C,9.8862,-0.004813618994177371,-0.0048136561733670155,-0.06069250763024374,0.055878851456876724,0.1998935727844916
frozen_GE_teacher,CO[C@@H]1CN(C)C(=O)c2cc(NC(=O)Nc3cc(F)ccc3F)ccc2OC[C@H](C)N(C(=O)c2ccccn2)C[C@H]1C,9.94818,-0.032976412142207444,-0.03298837327859501,0.003260578843958626,-0.036248952122553635,0.04154848583961394
frozen_GE_teacher,CO[C@@H]1CN(C)C(=O)c2cc(NC(=O)Nc3ccc(C(F)(F)F)cc3)ccc2OC[C@H](C)NC[C@H]1C,10.035,0.14763894633276792,0.1487259058799422,0.008689646445095293,0.1400362594348469,0.082526070771964
frozen_GE_teacher,CO[C@@H]1CN(C)C(=O)c2cc(NC(=O)Nc3ccc(Cl)c(Cl)c3)ccc2OC[C@H](C)NC[C@H]1C,10.0353,0.16395925813333395,0.1654526399438263,-0.017657622492969413,0.18311026243679573,0.09854847576872243
frozen_GE_teacher,CO[C@@H]1CN(C)C(=O)c2cc(NC(=O)Nc3ccc(Cl)cc3)ccc2OC[C@@H](C)N(C)C[C@@H]1C,10.0511,-0.5434836567487001,-0.6090863774240489,-0.11475506372303182,-0.4943313137010171,-0.4004021150641919
frozen_GE_teacher,CO[C@@H]1CN(C)C(=O)c2cc(NC(=O)Nc3ccc(Cl)cc3)ccc2OC[C@H](C)N(C(=O)Nc2c(C)noc2C)C[C@@H]1C,9.9897,0.013312883462106564,0.013313670039249891,0.03349196418544995,-0.020178294146200062,-0.007508176459774207
frozen_GE_teacher,CO[C@@H]1CN(C)C(=O)c2cc(NC(=O)Nc3ccc(Cl)cc3)ccc2OC[C@H](C)N(C)C[C@@H]1C,9.99201,0.29827144559500396,0.3076211734126538,-0.07258095163035251,0.3802021250430063,-0.048481207217123276
frozen_GE_teacher,CO[C@@H]1CN(C)C(=O)c2cc(NC(=O)Nc3ccc(Cl)cc3)ccc2OC[C@H](C)NC[C@@H]1C,10.0733,-0.04152796122253397,-0.04155185860205871,0.0394716471917436,-0.08102350579380231,-0.02318278573608332
frozen_GE_teacher,CO[C@@H]1CN(C)C(=O)c2cc(NC(=O)Nc3ccc(F)cc3)ccc2OC[C@H](C)NC[C@@H]1C,9.95245,-0.1107228015873106,-0.1111786294185238,0.044470344534157054,-0.15564897395268085,0.24903797497975694
frozen_GE_teacher,CO[C@@H]1CN(C)C(=O)c2cc(NC(=O)Nc3ccc4c(c3)OCO4)ccc2OC[C@@H](C)N(C(C)=O)C[C@H]1C,10.0253,0.16810348399664624,0.1697143527469721,-0.09417420609224675,0.26388855883921886,0.29556593509946727
frozen_GE_teacher,CO[C@@H]1CN(C)C(=O)c2cc(NC(=O)Nc3ccccc3)ccc2OC[C@@H](C)N(C(=O)CN(C)C)C[C@@H]1C,10.0276,0.4532347846760186,0.48876387441474,0.1610687238108931,0.3276951506038469,-0.09749590141669438
frozen_GE_teacher,CO[C@@H]1CN(C)C(=O)c2cc(NC(=O)Nc3ccccc3Cl)ccc2OC[C@@H](C)N(Cc2ccccc2C(=O)O)C[C@H]1C,10.0222,0.6642050544119994,0.8003010754630092,0.0053825297933790175,0.7949185456696302,-0.059364808755200484
frozen_GE_teacher,CO[C@@H]1CN(C)C(=O)c2cc(NC(=O)Nc3ccccc3F)ccc2OC[C@@H](C)N(C(C)=O)C[C@@H]1C,10.0613,-0.030941941291351794,-0.030951821610990356,0.053763569194176145,-0.0847153908051665,0.07325627253822699
frozen_GE_teacher,CO[C@@H]1CN(C)C(=O)c2cc(NC(=O)Nc3ccccc3F)ccc2OC[C@@H](C)N(C(C)=O)C[C@H]1C,10.0344,0.27066134905866085,0.2775773126504486,0.06212018446410631,0.2154571281863423,-0.14827241164758367
frozen_GE_teacher,CO[C@@H]1CN(C)C(=O)c2cc(NC(=O)Nc3ccccc3F)ccc2OC[C@H](C)N(C(C)=O)C[C@@H]1C,10.0268,-0.13650745939213343,-0.13736497387698574,-0.060595117107771816,-0.07676985676921391,0.24411480244368822
frozen_GE_teacher,CO[C@@H]1CN(C)C(=O)c2cc(NC(=O)c3ccc(F)cc3)ccc2OC[C@H](C)NC[C@H]1C,10.0212,0.30150235805157694,0.3111713667080463,0.043076926042367514,0.2680944406656788,0.04639973876748518
frozen_GE_teacher,CO[C@@H]1CN(C)C(=O)c2cc(NC(=O)c3ccc4c(c3)OCO4)ccc2OC[C@@H](C)NC[C@@H]1C,10.0376,0.1312926565480088,0.1320549535689663,-0.010003189925044863,0.14205814349401116,-0.31371768757869406
frozen_GE_teacher,CO[C@@H]1CN(C)C(=O)c2cc(NC(=O)c3ccc4c(c3)OCO4)ccc2OC[C@H](C)N(CC2CC2)C[C@H]1C,10.0164,0.0768773600096727,0.07702935103839904,-0.011011903584657114,0.08804125462305616,-0.07079233548282718
frozen_GE_teacher,CO[C@@H]1CN(C)C(=O)c2cc(NC(=O)c3ccc4c(c3)OCO4)ccc2OC[C@H](C)NC[C@@H]1C,10.0159,0.08981150047215278,0.09005415226166093,-0.004629944010746352,0.09468409627240729,0.3595426953399389
frozen_GE_teacher,CO[C@@H]1CN(C)C(=O)c2cc(NC(=O)c3cccc(F)c3)ccc2OC[C@H](C)N(C)C[C@H]1C,10.0386,-0.04302176541695474,-0.0430483375301188,-0.022595288009053846,-0.020453049521064956,-0.051060466238250474
frozen_GE_teacher,CO[C@@H]1CN(C)C(=O)c2cc(NC(=O)c3ccccc3)ccc2OC[C@@H](C)N(C(=O)CN(C)C)C[C@@H]1C,9.97951,0.3772235963875198,0.3968186566275905,0.05626323010921666,0.3405554265183739,-0.22198267158292845
frozen_GE_teacher,CO[C@@H]1CN(C)C(=O)c2cc(NC(=O)c3ccccc3)ccc2OC[C@@H](C)N(C)C[C@H]1C,10.0248,-0.18740690914995076,-0.18964832977320378,-0.024630729313207655,-0.16501760045999614,0.0006671734280022171
frozen_GE_teacher,CO[C@@H]1CN(C)C(=O)c2cc(NC(=O)c3ccccc3F)ccc2OC[C@@H](C)NC[C@@H]1C,10.0291,0.04910098796489858,0.049140504448518973,0.01725680143424971,0.031883703014269266,-0.0601285857917513
frozen_GE_teacher,CO[C@@H]1CN(C)C(=O)c2cc(NC(=O)c3ccccc3F)ccc2OC[C@H](C)N(CC2CCOCC2)C[C@H]1C,10.0979,0.2110360695413581,0.21425546187317257,0.04432854842009888,0.1699269134530737,0.06559577426500181
frozen_GE_teacher,CO[C@@H]1CN(C)C(=O)c2cc(NC(=O)c3cnccn3)ccc2OC[C@@H](C)N(C(=O)C2CC2)C[C@@H]1C,9.97371,-0.2079270325297705,-0.2110037274602736,-0.07840678263716211,-0.1325969448231115,-0.10535628851151113
frozen_GE_teacher,CO[C@@H]1CN(C)C(=O)c2cc(NC(=O)c3nc4ccccc4s3)ccc2OC[C@@H](C)N(Cc2cncnc2)C[C@@H]1C,10.0303,-0.014633893408149506,-0.01463493816256428,0.030828590481223758,-0.04546352864378804,-0.02780438464331911
frozen_GE_teacher,CO[C@@H]1CN(C)C(=O)c2cc(NC(C)=O)ccc2OC[C@@H](C)N(C(=O)c2cnccn2)C[C@@H]1C,10.0091,0.0676706527015348,0.06777423257467272,-0.011021040855656247,0.07879527343032897,0.10969833738489365
frozen_GE_teacher,CO[C@@H]1CN(C)C(=O)c2cc(NC(C)=O)ccc2OC[C@@H](C)N(CCc2ccccc2)C[C@@H]1C,10.053,0.1022267395527124,0.10258508941627836,0.15274141998400714,-0.05015633056772878,-0.07854181628416196
frozen_GE_teacher,CO[C@@H]1CN(C)C(=O)c2cc(NC(C)=O)ccc2OC[C@H](C)N(C(=O)C2CC2)C[C@H]1C,9.98425,0.4148583492899309,0.44146537133517183,0.06110236786317652,0.3803630034719953,-0.1992305467071743
frozen_GE_teacher,CO[C@@H]1CN(C)C(=O)c2cc(NC(C)=O)ccc2OC[C@H](C)N(C(=O)CC2CC2)C[C@H]1C,9.80228,0.3750397318141763,0.3942749143675229,0.07455902847593034,0.31971588589159256,0.010507656088652687
frozen_GE_teacher,CO[C@@H]1CN(C)C(=O)c2cc(NC(C)=O)ccc2OC[C@H](C)N(C(=O)c2ccccn2)C[C@H]1C,10.0756,0.4858528353865155,0.5306173246800621,0.06762139173653105,0.46299593294353103,-0.4070311052667349
frozen_GE_teacher,CO[C@@H]1CN(C)C(=O)c2cc(NC(C)=O)ccc2OC[C@H](C)N(C(=O)c2ccncc2)C[C@@H]1C,9.98505,-0.033650907412634164,-0.03366361796123539,0.001694440718098142,-0.03535805867933353,0.21477671860952668
frozen_GE_teacher,CO[C@@H]1CN(C)C(=O)c2cc(NC(C)=O)ccc2OC[C@H](C)N(C(=O)c2cnccn2)C[C@@H]1C,10.1226,0.3352181291807523,0.34869548854503374,0.017091064043872648,0.33160442450116107,-0.12465035682043304
frozen_GE_teacher,CO[C@@H]1CN(C)C(=O)c2cc(NC(C)=O)ccc2OC[C@H](C)N(Cc2cccc(F)c2)C[C@@H]1C,10.0495,0.160256908489663,0.16165036539859887,0.02487502571767395,0.13677533968092492,-0.027262044766388206
frozen_GE_teacher,CO[C@@H]1CN(C)C(=O)c2cc(NC(C)=O)ccc2OC[C@H](C)N(Cc2cccnc2)C[C@H]1C,10.0582,0.2486866582331825,0.2540124035398742,0.04461547396207027,0.20939692957780393,-0.07433177936591596
frozen_GE_teacher,CO[C@@H]1CN(C)C(=O)c2cc(NC(C)=O)ccc2OC[C@H](C)NC[C@H]1C,10.084,0.23720062256464086,0.24180574322324527,-0.02469101957370029,0.26649676279694556,-0.25687501583630984
frozen_GE_teacher,CO[C@@H]1CN(C)C(=O)c2cc(NS(=O)(=O)c3ccc(-c4ccccc4)cc3)ccc2OC[C@@H](C)NC[C@@H]1C,10.066,0.25010628783617705,0.25552618878889294,0.06372233143853565,0.1918038573503573,0.06033290773824311
frozen_GE_teacher,CO[C@@H]1CN(C)C(=O)c2cc(NS(=O)(=O)c3ccc(C)cc3)ccc2OC[C@@H](C)N(C)C[C@@H]1C,9.97517,0.1724553417646084,0.17419616904837262,0.02589413685336084,0.14830203219501178,-0.04380042656771736
frozen_GE_teacher,CO[C@@H]1CN(C)C(=O)c2cc(NS(=O)(=O)c3ccc(Cl)cc3)ccc2OC[C@@H](C)N(C)C[C@@H]1C,10.0304,0.4678745827484159,0.5073457815792088,0.08118982771479691,0.42615595386441196,-0.1835626339643919
frozen_GE_teacher,CO[C@@H]1CN(C)C(=O)c2cc(NS(=O)(=O)c3cccc(F)c3)ccc2OC[C@@H](C)N(C(=O)Cc2cccnc2)C[C@@H]1C,10.0199,0.16665612599843818,0.168225276500019,0.025173204790945126,0.14305207170907389,-0.12909960231229942
frozen_GE_teacher,CO[C@@H]1CN(C)C(=O)c2cc(NS(=O)(=O)c3cccc(F)c3)ccc2OC[C@H](C)N(Cc2cc(F)ccc2F)C[C@@H]1C,10.011,-0.011849852080988196,-0.011850406775826864,0.0002621680490693789,-0.012112574824896243,0.10164897205441328
frozen_GE_teacher,CO[C@@H]1CN(C)C(=O)c2cc(NS(=O)(=O)c3cccc(F)c3)ccc2OC[C@H](C)N(Cc2cc(F)ccc2F)C[C@H]1C,10.0289,0.14826402428285582,0.14936497279877123,0.1367012974337034,0.012663675365067822,-0.09508408423936456
frozen_GE_teacher,CO[C@@H]1CN(C)C(=O)c2cc(NS(=O)(=O)c3ccccc3)ccc2OC[C@H](C)N(Cc2ccccn2)C[C@@H]1C,10.0745,0.18964950219992235,0.19197356967419443,0.03820840874942082,0.1537651609247736,-0.24136956393825437
frozen_GE_teacher,CO[C@@H]1CN(C)C(=O)c2cc(NS(=O)(=O)c3ccccc3C)ccc2OC[C@@H](C)NC[C@@H]1C,10.0377,0.04394992133794244,0.043978252003912886,-0.05339425880958967,0.09737251081350257,-0.09783500886087479
frozen_GE_teacher,CO[C@@H]1CN(C)C(=O)c2cc(NS(=O)(=O)c3cn(C)cn3)ccc2OC[C@@H](C)N(C)C[C@H]1C,10.0496,0.1686917502932531,0.17031978784473706,-0.010507975482088252,0.18082776332682532,0.13076616134992414
frozen_GE_teacher,CO[C@@H]1CN(C)C(=O)c2cc(NS(=O)(=O)c3cn(C)cn3)ccc2OC[C@@H](C)N(Cc2cccc(Cl)c2)C[C@H]1C,10.0184,0.2516377905316661,0.2571605535448097,-0.022999917743400926,0.28016047128821064,0.10648721760526586
frozen_GE_teacher,CO[C@@H]1CN(C)C(=O)c2cc(NS(=O)(=O)c3cn(C)cn3)ccc2OC[C@H](C)N(CCC(F)(F)F)C[C@H]1C,10.0164,0.48460580667518377,0.5289862670702012,0.10111489246240557,0.4278713746077957,-0.20044633372793846
frozen_GE_teacher,CO[C@@H]1CN(C)C(=O)c2cc(NS(C)(=O)=O)ccc2OC[C@@H](C)N(C(=O)C2CCOCC2)C[C@@H]1C,10.1032,0.16149657615749227,0.16292296994001035,0.10299851535851254,0.05992445458149781,-0.04405775764025223
frozen_GE_teacher,CO[C@@H]1CN(C)C(=O)c2cc(NS(C)(=O)=O)ccc2OC[C@@H](C)N(C)C[C@@H]1C,10.0477,0.3280496465128076,0.34064112735260493,-0.008592651256940163,0.3492337786095451,0.03619872307670788
frozen_GE_teacher,CO[C@@H]1CN(C)C(=O)c2cc(NS(C)(=O)=O)ccc2OC[C@H](C)N(C(=O)CC2CC2)C[C@H]1C,9.96637,0.23986701347047826,0.24463300269900623,-0.0740043488174502,0.31863735151645645,0.054439946937601943
frozen_GE_teacher,CO[C@@H]1CN(C)C(=O)c2cc(NS(C)(=O)=O)ccc2OC[C@H](C)N(CC2CCOCC2)C[C@H]1C,10.0172,0.34912619121468497,0.3644483073957729,-0.027049933410325508,0.3914982408060984,0.15337976201876502
frozen_GE_teacher,CO[C@@H]1CN(C)C(=O)c2ccc(NC(=O)C3CCC3)cc2OC[C@H](C)N(C(=O)CN(C)C)C[C@@H]1C,9.95497,-0.33144770986600847,-0.3444537596526028,-0.025237473064783876,-0.3192162865878189,-0.07272887263000583
frozen_GE_teacher,CO[C@@H]1CN(C)C(=O)c2ccc(NC(=O)C3CCC3)cc2OC[C@H](C)N(CC2CCCCC2)C[C@@H]1C,10.0228,-0.02437794205999074,-0.02438277292343733,-0.004519509032507679,-0.019863263890929652,-0.02037531530237859
frozen_GE_teacher,CO[C@@H]1CN(C)C(=O)c2ccc(NC(=O)C3CCCC3)cc2OC[C@@H](C)N(C(=O)CC2CC2)C[C@H]1C,9.80035,-0.10372444277259177,-0.10409884475100141,-0.06856525147939033,-0.03553359327161108,0.024023825553429655
frozen_GE_teacher,CO[C@@H]1CN(C)C(=O)c2ccc(NC(=O)C3CCCC3)cc2OC[C@H](C)N(CCC(F)(F)F)C[C@H]1C,10.0518,0.3551760447297929,0.3713546526042367,-0.022485916644604795,0.39384056924884153,0.23044611055641967
frozen_GE_teacher,CO[C@@H]1CN(C)C(=O)c2ccc(NC(=O)C3CCCCC3)cc2OC[C@@H](C)N(C)C[C@@H]1C,10.0043,0.256125545536697,0.2619575110385127,0.04834160423470791,0.21361590680380482,0.21683485085422505
frozen_GE_teacher,CO[C@@H]1CN(C)C(=O)c2ccc(NC(=O)C3CCCCC3)cc2OC[C@@H](C)N(Cc2cccnc2)C[C@@H]1C,10.0733,0.05480027630293914,0.054855231718380824,-0.16919961985727147,0.2240548515756523,0.2914561229058958
frozen_GE_teacher,CO[C@@H]1CN(C)C(=O)c2ccc(NC(=O)C3CCOCC3)cc2OC[C@@H](C)N(C(=O)c2ccccc2)C[C@@H]1C,9.94605,0.3571684066729981,0.3736364860629736,-0.0032069470020143,0.3768434330649879,0.31560986079078934
frozen_GE_teacher,CO[C@@H]1CN(C)C(=O)c2ccc(NC(=O)C3CCOCC3)cc2OC[C@@H](C)N(Cc2nccs2)C[C@@H]1C,10.0584,0.23824327230884768,0.24291084425645781,0.00877437626505527,0.23413646799140253,-0.0483589349459855
frozen_GE_teacher,CO[C@@H]1CN(C)C(=O)c2ccc(NC(=O)C3CCOCC3)cc2OC[C@@H](C)NC[C@H]1C,10.0565,-0.25596974558027186,-0.26179078013763607,0.04087646016348122,-0.3026672403011173,-0.0502031509286214
frozen_GE_teacher,CO[C@@H]1CN(C)C(=O)c2ccc(NC(=O)Cc3ccccc3)cc2OC[C@H](C)N(C(=O)c2ccccc2F)C[C@H]1C,9.73326,-0.13063744305492456,-0.13138830581185504,-0.05056692639502408,-0.08082137941683096,0.2059376264165988
frozen_GE_teacher,CO[C@@H]1CN(C)C(=O)c2ccc(NC(=O)NC(C)C)cc2OC[C@H](C)N(Cc2ccccn2)C[C@@H]1C,10.0574,0.1872394757194519,0.1894748074475783,0.02548411503894057,0.16399069240863773,0.21792168844718313
frozen_GE_teacher,CO[C@@H]1CN(C)C(=O)c2ccc(NC(=O)Nc3c(C)noc3C)cc2OC[C@H](C)NC[C@@H]1C,10.0707,0.1309968060765752,0.1317539257353691,0.03594265709225612,0.09581126864311297,-0.12328655062540489
frozen_GE_teacher,CO[C@@H]1CN(C)C(=O)c2ccc(NC(=O)Nc3cc(Cl)cc(Cl)c3)cc2OC[C@H](C)NC[C@@H]1C,10.0717,0.18271737853925346,0.18479248608050794,0.050029784545231076,0.13476270153527686,0.376686838162254
frozen_GE_teacher,CO[C@@H]1CN(C)C(=O)c2ccc(NC(=O)Nc3ccc4c(c3)OCO4)cc2OC[C@@H](C)NC[C@@H]1C,10.0113,0.06110428078604142,0.06118050063564848,0.08772324487342956,-0.02654274423778108,-0.004538311116115801
frozen_GE_teacher,CO[C@@H]1CN(C)C(=O)c2ccc(NC(=O)Nc3ccc4c(c3)OCO4)cc2OC[C@H](C)NC[C@H]1C,10.0136,0.07245627272176129,0.07258346996612343,0.016999659056435454,0.055583810909687975,-0.22398838740658855
frozen_GE_teacher,CO[C@@H]1CN(C)C(=O)c2ccc(NC(=O)Nc3cccc(F)c3)cc2OC[C@@H](C)N(C(C)=O)C[C@@H]1C,10.0266,-0.09733438793792987,-0.09764352857375254,0.01048094085927671,-0.10812446943302925,-0.027877155046692546
frozen_GE_teacher,CO[C@@H]1CN(C)C(=O)c2ccc(NC(=O)Nc3cccc(F)c3)cc2OC[C@@H](C)N(C(C)=O)C[C@H]1C,10.0639,0.021038458817920064,0.021041563633926282,0.03831381251394653,-0.017272248880020245,-0.18650903235221758
frozen_GE_teacher,CO[C@@H]1CN(C)C(=O)c2ccc(NC(=O)Nc3cccc(F)c3)cc2OC[C@H](C)NC[C@@H]1C,9.94541,0.05381343747351435,0.05386547377921881,0.007730422928053844,0.04613505085116497,-0.13159913717890923
frozen_GE_teacher,CO[C@@H]1CN(C)C(=O)c2ccc(NC(=O)Nc3ccccc3Cl)cc2OC[C@@H](C)N(C(C)=O)C[C@H]1C,10.0485,-0.035904987061492116,-0.03592042819491722,0.03995426845541521,-0.07587469665033242,-0.07542197857417374
frozen_GE_teacher,CO[C@@H]1CN(C)C(=O)c2ccc(NC(=O)Nc3ccccc3Cl)cc2OC[C@H](C)NC[C@H]1C,9.95305,0.07096991816109983,0.0710894316320944,0.030042238882152593,0.041047192749941806,-0.036769140632522186
frozen_GE_teacher,CO[C@@H]1CN(C)C(=O)c2ccc(NC(=O)Nc3ccccc3F)cc2OC[C@@H](C)N(C)C[C@@H]1C,10.0121,0.35147725849878186,0.367128233861293,0.1155972950777587,0.2515309387835343,0.06411242273332765
frozen_GE_teacher,CO[C@@H]1CN(C)C(=O)c2ccc(NC(=O)Nc3ccccc3F)cc2OC[C@H](C)N(C)C[C@H]1C,9.97517,0.5021949382399986,0.5522370257697258,0.16549427843329612,0.38674274733642966,-0.010164576891548538
frozen_GE_teacher,CO[C@@H]1CN(C)C(=O)c2ccc(NC(=O)c3cc(C)on3)cc2OC[C@H](C)N(C)C[C@@H]1C,10.0043,-0.1200272333916593,-0.12060865978219176,0.02047330498678631,-0.14108196476897808,-0.23476404103028709
frozen_GE_teacher,CO[C@@H]1CN(C)C(=O)c2ccc(NC(=O)c3ccc(F)cc3)cc2OC[C@H](C)N(C(=O)CC2CC2)C[C@H]1C,10.0993,-0.12776531584605522,-0.12846741809037113,0.04528536840343385,-0.173752786493805,0.03321457475405949
frozen_GE_teacher,CO[C@@H]1CN(C)C(=O)c2ccc(NC(=O)c3ccc4c(c3)OCO4)cc2OC[C@@H](C)N(CCC(F)(F)F)C[C@H]1C,9.84296,0.03260893317810021,0.03262049871296522,0.11203060006544224,-0.07941010135247703,0.03899477785441802
frozen_GE_teacher,CO[C@@H]1CN(C)C(=O)c2ccc(NC(=O)c3ccc4c(c3)OCO4)cc2OC[C@H](C)N(CCC(F)(F)F)C[C@H]1C,10.0576,-0.15848471528933167,-0.15983198656756514,0.006438353633466924,-0.16627034020103207,-0.1753663804686209
frozen_GE_teacher,CO[C@@H]1CN(C)C(=O)c2ccc(NC(=O)c3cccc(F)c3)cc2OC[C@@H](C)NC[C@@H]1C,10.1027,0.47164268356764893,0.5121808685946845,0.05681357605258512,0.45536729254209934,0.11714749265947767
frozen_GE_teacher,CO[C@@H]1CN(C)C(=O)c2ccc(NC(=O)c3cccc(F)c3)cc2OC[C@H](C)N(CC2CC2)C[C@H]1C,9.93882,0.17845139218337605,0.18038268535747254,0.025646316959984705,0.15473636839748783,-0.3142925124933596
frozen_GE_teacher,CO[C@@H]1CN(C)C(=O)c2ccc(NC(=O)c3cccc(Oc4ccccc4)c3)cc2OC[C@H](C)NC[C@@H]1C,10.0235,0.1322420807089568,0.13302115359021344,-0.10004590356007813,0.23306705715029158,-0.15159990839384774
frozen_GE_teacher,CO[C@@H]1CN(C)C(=O)c2ccc(NC(=O)c3ccccc3)cc2OC[C@H](C)N(C(C)=O)C[C@H]1C,9.91213,0.4435451421962063,0.47663561098918894,-0.07653719126506572,0.5531728022542547,0.12480915092292835
frozen_GE_teacher,CO[C@@H]1CN(C)C(=O)c2ccc(NC(=O)c3ccccc3F)cc2OC[C@H](C)N(C)C[C@@H]1C,9.99399,0.23869648930341816,0.24339138881338263,-0.06206724420419465,0.30545863301757725,0.07234621707927777
frozen_GE_teacher,CO[C@@H]1CN(C)C(=O)c2ccc(NC(=O)c3ccccc3F)cc2OC[C@H](C)N(CC2CC2)C[C@H]1C,10.0442,0.2581518324144098,0.26412726356873467,0.01016111906117866,0.253966144507556,-0.3854348979941353
frozen_GE_teacher,CO[C@@H]1CN(C)C(=O)c2ccc(NC(=O)c3cccnc3)cc2OC[C@@H](C)N(CC2CC2)C[C@H]1C,10.0081,0.2725947577611168,0.27966473606605263,-0.005210136039333953,0.2848748721053866,-0.000890320505173129
frozen_GE_teacher,CO[C@@H]1CN(C)C(=O)c2ccc(NC(=O)c3cnccn3)cc2OC[C@@H](C)N(C(C)=O)C[C@H]1C,10.0392,0.23533932529684984,0.23983439785226168,0.02611994984626822,0.21371444800599346,0.16535642883902366
frozen_GE_teacher,CO[C@@H]1CN(C)C(=O)c2ccc(NC(=O)c3cnccn3)cc2OC[C@H](C)N(C)C[C@@H]1C,9.99405,0.3778686957410507,0.3975709951842942,-0.017551778716833225,0.4151227739011274,0.06052056304987605
frozen_GE_teacher,CO[C@@H]1CN(C)C(=O)c2ccc(NC(=O)c3nc4ccccc4s3)cc2OC[C@@H](C)N(Cc2cccnc2)C[C@@H]1C,10.0155,0.20513191371749342,0.20808407010784885,0.023826687373489926,0.18425738273435893,0.0624477561222526
frozen_GE_teacher,CO[C@@H]1CN(C)C(=O)c2ccc(NC(=O)c3nc4ccccc4s3)cc2OC[C@@H](C)N(Cc2cccnc2)C[C@H]1C,9.93334,0.22552484160821593,0.22946944419575072,0.012963658982498296,0.21650578521325242,0.1367295030918264
frozen_GE_teacher,CO[C@@H]1CN(C)C(=O)c2ccc(NC(=O)c3nc4ccccc4s3)cc2OC[C@@H](C)NC[C@@H]1C,10.1591,-0.04679563632449525,-0.04682983946261636,0.009832768709238958,-0.05666260817185532,0.11644204760036231
frozen_GE_teacher,CO[C@@H]1CN(C)C(=O)c2ccc(NC(C)=O)cc2OC[C@@H](C)N(C(=O)C2CCC2)C[C@@H]1C,10.1387,0.16471095723135834,0.1662252029398748,0.013968771465459839,0.15225643147441498,-0.2795092732025142
frozen_GE_teacher,CO[C@@H]1CN(C)C(=O)c2ccc(NC(C)=O)cc2OC[C@@H](C)N(C(=O)CN(C)C)C[C@@H]1C,9.98527,0.05833111296071064,0.058397405919560344,0.03032576286358839,0.028071643055971953,0.0444872674157598
frozen_GE_teacher,CO[C@@H]1CN(C)C(=O)c2ccc(NC(C)=O)cc2OC[C@@H](C)N(C(=O)Cc2cccnc2)C[C@@H]1C,10.0581,-0.31849007081594016,-0.32996582723269324,0.01109303071789967,-0.34105885795059293,-0.14079890707221157
frozen_GE_teacher,CO[C@@H]1CN(C)C(=O)c2ccc(NC(C)=O)cc2OC[C@@H](C)N(C(=O)c2cccnc2)C[C@@H]1C,10.0408,0.020471347183479906,0.020474207586559743,-0.05215219062971556,0.0726263982162753,0.1500686588555523
frozen_GE_teacher,CO[C@@H]1CN(C)C(=O)c2ccc(NC(C)=O)cc2OC[C@H](C)N(C(=O)Cc2ccccn2)C[C@@H]1C,9.98205,0.21317245780338154,0.21649249110669125,0.05108399668010414,0.16540849442658712,-0.1889653265478515
frozen_GE_teacher,CO[C@@H]1CN(C)C(=O)c2ccc(NC(C)=O)cc2OC[C@H](C)N(C(=O)c2ccccc2F)C[C@@H]1C,10.0386,0.20762947449540595,0.2106927436933947,0.019389182009087284,0.1913035616843074,-0.23037154381375802
frozen_GE_teacher,CO[C@@H]1CN(C)C(=O)c2ccc(NC(C)=O)cc2OC[C@H](C)N(Cc2ccccc2F)C[C@@H]1C,9.99817,0.30929172910555497,0.3197620272498921,0.030534393241961364,0.2892276340079307,0.04375071257602632
frozen_GE_teacher,CO[C@@H]1CN(C)C(=O)c2ccc(NS(=O)(=O)CC(F)(F)F)cc2OC[C@H](C)NC[C@H]1C,9.97216,0.08558407352333866,0.08579395400496523,-0.0007103839199338116,0.08650433792489903,-0.35606091070617374
frozen_GE_teacher,CO[C@@H]1CN(C)C(=O)c2ccc(NS(=O)(=O)c3ccc(F)cc3)cc2OC[C@H](C)NC[C@H]1C,10.0332,-0.09151549737270535,-0.0917722723152728,-0.16652147961300867,0.07474920729773588,0.432150112066212
frozen_GE_teacher,CO[C@@H]1CN(C)C(=O)c2ccc(NS(=O)(=O)c3ccc(Oc4ccccc4)cc3)cc2OC[C@@H](C)NC[C@@H]1C,9.9631,0.09103091412691697,0.09128361818067074,0.0653835558625224,0.025900062318148342,0.29371915164813944
frozen_GE_teacher,CO[C@@H]1CN(C)C(=O)c2ccc(NS(=O)(=O)c3ccc(Oc4ccccc4)cc3)cc2OC[C@H](C)NC[C@@H]1C,10.041,-0.08520654040798617,-0.08541364755400094,0.04334628515561946,-0.12875993270962038,-0.05631227824987249
frozen_GE_teacher,CO[C@@H]1CN(C)C(=O)c2ccc(NS(=O)(=O)c3cccc(Cl)c3)cc2OC[C@H](C)NC[C@H]1C,10.0419,-0.09204876261767915,-0.09231006794194144,0.034113994018696796,-0.12642406196063824,-0.0341272428476862
frozen_GE_teacher,CO[C@@H]1CN(C)C(=O)c2ccc(NS(=O)(=O)c3ccccc3)cc2OC[C@@H](C)N(C)C[C@@H]1C,9.99468,0.21316088016577156,0.2164803623374583,0.0578726466224187,0.1586077157150396,0.3710388200603069
frozen_GE_teacher,CO[C@@H]1CN(C)C(=O)c2ccc(NS(=O)(=O)c3ccccc3)cc2OC[C@@H](C)N(Cc2cccnc2)C[C@@H]1C,10.0277,0.034908522506156364,0.03492271278237285,-0.005548549237330731,0.04047126201970358,0.3745894684236937
frozen_GE_teacher,CO[C@@H]1CN(C)C(=O)c2ccc(NS(=O)(=O)c3ccccc3C)cc2OC[C@@H](C)N(C)C[C@@H]1C,9.94585,0.13915723393207943,0.14006606478522057,0.03820152752422072,0.10186453726099985,0.18109500255473515
frozen_GE_teacher,CO[C@@H]1CN(C)C(=O)c2ccc(NS(=O)(=O)c3ccccc3C)cc2OC[C@@H](C)N(S(C)(=O)=O)C[C@H]1C,10.0262,0.3797111280683256,0.3997220683755325,-0.026055347064672434,0.4257774154402049,-0.15897118878946964
frozen_GE_teacher,CO[C@@H]1CN(C)C(=O)c2ccc(NS(=O)(=O)c3ccccc3Cl)cc2OC[C@H](C)NC[C@@H]1C,9.9779,0.5916744441289037,0.6802385316577312,-0.006775294669436149,0.6870138263271673,0.24905203220534383
frozen_GE_teacher,CO[C@@H]1CN(C)C(=O)c2ccc(NS(=O)(=O)c3ccccc3F)cc2OC[C@H](C)NC[C@H]1C,9.99456,0.45610247171889284,0.49237887161282645,0.03752707451120976,0.4548517971016167,0.17623697250619666
frozen_GE_teacher,CO[C@@H]1CN(C)C(=O)c2ccc(NS(=O)(=O)c3cn(C)cn3)cc2OC[C@@H](C)N(Cc2cccc(C(F)(F)F)c2)C[C@H]1C,9.96955,-0.03749785759308545,-0.03751544754771271,0.039857666485503956,-0.07737311403321667,-0.277952473416807
frozen_GE_teacher,CO[C@@H]1CN(C)C(=O)c2ccc(NS(=O)(=O)c3cn(C)cn3)cc2OC[C@H](C)N(Cc2cccc(F)c2)C[C@H]1C,9.96432,0.16429296120734221,0.16579558095362526,-0.02974261895237013,0.19553819990599539,0.31919919355108034
frozen_GE_teacher,CO[C@@H]1CN(C)C(=O)c2ccc(NS(=O)(=O)c3cn(C)cn3)cc2OC[C@H](C)NC[C@H]1C,10.0571,0.17849071997803287,0.18042330703032217,-0.03172425253121689,0.21214755956153905,0.14680505158460638
frozen_GE_teacher,CO[C@@H]1CN(C)C(=O)c2ccc(NS(C)(=O)=O)cc2OC[C@@H](C)N(Cc2ccccn2)C[C@H]1C,9.97834,-0.06763573495462583,-0.0677391542759783,0.022832917715763748,-0.09057207199174205,-0.3777882163663067
frozen_GE_teacher,CO[C@@H]1CN(C)C(=O)c2ccc(NS(C)(=O)=O)cc2OC[C@@H](C)N(Cc2nccs2)C[C@H]1C,10.2058,0.21547425768989134,0.21890511493695286,-0.03769936802939197,0.25660448296634486,0.10719689847131601
frozen_GE_teacher,CO[C@@H]1CN(C)C(=O)c2ccc(NS(C)(=O)=O)cc2OC[C@@H](C)N(S(C)(=O)=O)C[C@H]1C,10.0512,0.01619298311712429,0.016194398675124115,-0.06203753837675717,0.07823193705188128,0.11189598797221809
frozen_GE_teacher,CO[C@@H]1CN(C)C(=O)c2ccc(NS(C)(=O)=O)cc2OC[C@H](C)N(C)C[C@H]1C,10.0347,0.0482130873854812,0.048250496710244395,0.055785090344990795,-0.0075345936347464,-0.03090550526974945
frozen_GE_teacher,CO[C@@H]1CN(C)C(=O)c2ccc(NS(C)(=O)=O)cc2OC[C@H](C)N(Cc2ccccc2)C[C@H]1C,9.97788,0.30927155392609457,0.31973971808420204,0.04747290489238044,0.2722668131918216,-0.12404954232894477
frozen_GE_teacher,CO[C@@H]1CN(C)C(=O)c2cccc(C#N)c2OC[C@H]2O[C@H](CC[C@H]2OC)CCN(C)C(=O)[C@H]1C,10.0074,0.3216439756266831,0.3334797084676771,-0.042189349466445765,0.37566905793412286,0.2923317631504563
frozen_GE_teacher,CO[C@H](C(=O)N(C)C[C@@H]1OCc2ccccc2-c2c(n(C)c3ccccc23)C(=O)N([C@H](C)CO)C[C@H]1C)c1ccccc1,9.89076,0.1410982906000187,0.1420459997105421,0.13291796369602787,0.00912803601451423,-0.1605217275636563
frozen_GE_teacher,CO[C@H](CN(C)C(=O)C1CC1)[C@@H](C)CN(C(=O)Nc1ccc(C(F)(F)F)cc1)[C@@H](C)CO,9.54397,0.07897065272475018,0.07913543298845004,-0.008783999506147208,0.08791943249459724,0.15452196205280905
frozen_GE_teacher,CO[C@H](CN(C)C(=O)C1CCOCC1)[C@@H](C)CN(C(=O)Nc1ccc(C(F)(F)F)cc1)[C@@H](C)CO,10.0047,0.08010402310750489,0.08027601905845597,-0.05420369910477697,0.13447971816323295,0.10799178228390585
frozen_GE_teacher,CO[C@H](CN(C)C(=O)C1CCOCC1)[C@@H](C)CN(C(=O)Nc1ccc(C(F)(F)F)cc1)[C@H](C)CO,10.0397,0.0997159883796876,0.10004847552844987,0.05156372047080722,0.048484755057642645,-0.43901462309983474
frozen_GE_teacher,CO[C@H](CN(C)C(=O)C1CCOCC1)[C@@H](C)CN(C(=O)Nc1ccc(F)cc1)[C@H](C)CO,10.0149,0.15816534920865594,0.15950440916130382,-0.01511896293237468,0.1746233720936785,-0.10402666110254795
frozen_GE_teacher,CO[C@H](CN(C)C(=O)C1CCOCC1)[C@H](C)CN(C(=O)Nc1ccc(C(F)(F)F)cc1)[C@@H](C)CO,10.8327,-0.25985523731828253,-0.26595315500807637,-0.1010292039952509,-0.16492395101282548,-0.1861819954570682
frozen_GE_teacher,CO[C@H](CN(C)C(=O)C1CCOCC1)[C@H](C)CN([C@@H](C)CO)S(=O)(=O)c1ccccc1,10.0134,0.10771877165750471,0.10813832879788776,-0.019403638846167026,0.1275419676440548,0.07706059647471372
frozen_GE_teacher,CO[C@H](CN(C)C(=O)c1ccc2c(c1)OCO2)[C@@H](C)CN([C@@H](C)CO)S(=O)(=O)c1ccc(C)cc1,9.48517,0.34812652870279254,0.3633103352118181,0.2481601863405462,0.1151501488712719,-0.22975599246626677
frozen_GE_teacher,CO[C@H](CN(C)C(=O)c1ccc2c(c1)OCO2)[C@@H](C)CN([C@H](C)CO)S(=O)(=O)c1ccccc1,10.0334,0.04713183608325478,0.04716678238336275,0.03727172263337408,0.009895059749988666,0.11060265653163151
frozen_GE_teacher,CO[C@H](CN(C)C(=O)c1ccccc1F)[C@H](C)CN([C@H](C)CO)S(=O)(=O)c1ccc(Cl)cc1,9.54788,0.04104601482301064,0.04106908925707661,-0.07153667710711661,0.11260576636419323,-0.05119761698581518
frozen_GE_teacher,CO[C@H](CN(C)CC1CCOCC1)[C@H](C)CN(C(=O)Nc1ccc(F)cc1)[C@H](C)CO,10.7651,0.4093515008407383,0.43483193234903916,0.0866850103047507,0.34814692204428843,-0.26881065035739415
frozen_GE_teacher,CO[C@H](CN(C)Cc1ccc(-c2ccccn2)cc1)[C@@H](C)CN(C(=O)Nc1ccc(F)cc1)[C@@H](C)CO,10.7731,0.0952209924004972,0.09551035902441238,-0.00368819604582285,0.09919855507023523,-0.043065550512210365
frozen_GE_teacher,CO[C@H](CN(C)Cc1nccs1)[C@@H](C)CN([C@H](C)CO)S(=O)(=O)c1ccc(F)cc1,10.8571,0.09180555869431607,0.09206479128167994,-0.12112015320047949,0.2131849444821594,0.09011518212980445
frozen_GE_teacher,CO[C@H](CN(C)Cc1nccs1)[C@H](C)CN([C@@H](C)CO)S(=O)(=O)c1ccc(F)cc1,10.0346,0.0821623986017282,0.0823480345484692,0.0391053051657572,0.043242729382712,0.019769385955933007
frozen_GE_teacher,CO[C@H](CN(C)Cc1nccs1)[C@H](C)CN([C@H](C)CO)S(=O)(=O)c1ccc(F)cc1,10.0145,-0.01571620090117806,-0.015717495054791888,-0.023900626476861194,0.008183131422069306,0.06953016637001837
frozen_GE_teacher,CO[C@H](CN(C)S(=O)(=O)c1ccc(C)cc1)[C@@H](C)CN(C(=O)Nc1ccccc1F)[C@@H](C)CO,9.46685,0.34787934102511114,0.36302908662904837,0.19075501198713135,0.17227407464191702,-0.175097409376203
frozen_GE_teacher,CO[C@H](CN(C)S(=O)(=O)c1ccc(C)cc1)[C@@H](C)CN(Cc1ccccc1Cl)[C@@H](C)CO,10.617,-0.18157750780648746,-0.1836134991380292,-0.037495889225186096,-0.14611760991284312,-0.04536368570434826
frozen_GE_teacher,CO[C@H](CN(C)S(=O)(=O)c1ccc(C)cc1)[C@H](C)CN(Cc1ccccc1Cl)[C@H](C)CO,10.0893,-0.18023190488003127,-0.18222236913959336,-0.041658272525850214,-0.14056409661374314,0.019260533380584914
frozen_GE_teacher,CO[C@H](CN(C)S(=O)(=O)c1cccc(Cl)c1)[C@H](C)CN([C@@H](C)CO)S(=O)(=O)c1cccc(Cl)c1,10.7871,-0.24003440998987463,-0.2448106261264928,0.07087503370084225,-0.31568565982733504,0.13929074057339486
frozen_GE_teacher,CO[C@H](CN(C)S(=O)(=O)c1ccccc1)[C@@H](C)CN(Cc1ccccc1Cl)[C@H](C)CO,9.90679,-0.23763728856683244,-0.2422684934271968,0.05700158863440858,-0.2992700820616054,0.2810620666117472
frozen_GE_teacher,CO[C@H](CN(C)S(=O)(=O)c1cn(C)cn1)[C@@H](C)CN(C(=O)Nc1ccc(C(F)(F)F)cc1)[C@@H](C)CO,9.4895,-0.4146636607013129,-0.441230232607964,0.16026477564102548,-0.6014950082489895,0.10396201618580914
frozen_GE_teacher,CO[C@H](CN(C)S(=O)(=O)c1cn(C)cn1)[C@@H](C)CN(C(=O)Nc1ccc(F)cc1)[C@H](C)CO,10.0209,-0.042880116458747106,-0.042906426777080946,0.06606824632224946,-0.1089746730993304,-0.18844480702377442
frozen_GE_teacher,CO[C@H](CN(C)S(=O)(=O)c1cn(C)cn1)[C@H](C)CN(C(=O)Nc1ccc(C(F)(F)F)cc1)[C@H](C)CO,9.77082,-0.1653421336958877,-0.16687404997319868,-0.02330394945132508,-0.1435701005218736,0.21334873485002567
frozen_GE_teacher,CO[C@H]1CC[C@@H]2CCN(C)C(=O)[C@@H](C)[C@H](OC)CN(C)C(=O)c3cc(C#N)ccc3OC[C@H]1O2,10.0221,0.4840116645839046,0.5282100622424443,-0.01526460337364239,0.5434746656160867,-0.05189939961563766
frozen_GE_teacher,CO[C@H]1CC[C@@H]2CCOc3c(C#N)cccc3C(=O)N(C)C[C@@H](C)C(=O)N(C)C[C@@H]1O2,10.0379,-0.14186540926328722,-0.14282878756902595,-0.12902008985189528,-0.013808697717130669,-0.5392208589156112
frozen_GE_teacher,CO[C@H]1CC[C@@H]2CCOc3c(C#N)cccc3C(=O)N(C)C[C@H](c3ccccc3)CC(=O)N(C)C[C@@H]1O2,10.0322,0.12159823892110126,0.12220293525289533,-0.16246165409981578,0.2846645893527111,0.12137546990163095
frozen_GE_teacher,CO[C@H]1CC[C@@H]2CCOc3c(C#N)cccc3C(=O)N(C)C[C@H](c3ccccc3)CC(=O)N(C)C[C@H]1O2,10.0613,0.5737467504062139,0.6530904341171921,0.10633268902169643,0.5467577450954957,-0.12633060876484647
frozen_GE_teacher,CO[C@H]1CC[C@@H]2CCOc3c(C#N)cccc3C(=O)N(C)[C@@H](C)C(=O)N(C)C[C@H]1O2,10.0383,0.5671237477499161,0.6432726573875132,-0.0951254365869216,0.7383980939744348,-0.19136609188652767
frozen_GE_teacher,CO[C@H]1CC[C@H]2CCN(C)C(=O)[C@H](C)[C@H](OC)CN(C)C(=O)c3cccc(C#N)c3OC[C@@H]1O2,10.0367,0.1990436285867972,0.20173653195403074,-0.028690196918024945,0.23042672887205568,0.033900201617808004
frozen_GE_teacher,CO[C@H]1CC[C@H]2CCOc3c(C#N)cccc3C(=O)N(C)C[C@@H](C)C(=O)N(C)C[C@@H]1O2,10.0097,0.05632023505095611,0.05637989731785814,-0.15622010983699258,0.21260000715485072,0.20370108452511085
frozen_GE_teacher,CO[C@H]1CC[C@H]2CCOc3c(C#N)cccc3C(=O)N(C)C[C@H](c3ccccc3)CC(=O)N(C)C[C@@H]1O2,10.0322,-0.06976957443334676,-0.06988311419184441,0.11372673391212362,-0.18360984810396802,-0.1371772147678047
frozen_GE_teacher,CO[C@H]1CN(C)C(=O)c2cc(NC(=O)C3CC3)ccc2OC[C@@H](C)N(C(=O)CN(C)C)C[C@H]1C,10.0373,0.06861753906792688,0.06872553650533836,0.012191221512779817,0.05653431499255854,0.09782735477937639
frozen_GE_teacher,CO[C@H]1CN(C)C(=O)c2cc(NC(=O)C3CC3)ccc2OC[C@@H](C)N(C(=O)CN2CCOCC2)C[C@H]1C,10.0119,0.14079564563828567,0.14173722052417842,-0.00039882311112684945,0.14213604363530527,0.11837785144402135
frozen_GE_teacher,CO[C@H]1CN(C)C(=O)c2cc(NC(=O)C3CC3)ccc2OC[C@@H](C)N(C(=O)NC(C)C)C[C@@H]1C,9.95577,-0.18300237828587668,-0.18508734525229076,-0.010395990047061598,-0.17469135520522916,0.04157040654602796
frozen_GE_teacher,CO[C@H]1CN(C)C(=O)c2cc(NC(=O)C3CC3)ccc2OC[C@@H](C)N(CCC(F)(F)F)C[C@@H]1C,10.0886,0.060085774519268303,0.06015824078907004,-0.00176307921316457,0.06192132000223461,0.056948065649945784
frozen_GE_teacher,CO[C@H]1CN(C)C(=O)c2cc(NC(=O)C3CC3)ccc2OC[C@@H](C)N(CCc2ccccc2)C[C@@H]1C,10.0335,0.17115441146466406,0.17285567117370387,0.00906557291144525,0.16379009826225863,0.003922105838856944
frozen_GE_teacher,CO[C@H]1CN(C)C(=O)c2cc(NC(=O)C3CC3)ccc2OC[C@H](C)N(C(=O)CN(C)C)C[C@@H]1C,10.0339,-0.024990020005720922,-0.0249952240541471,0.0347011456187958,-0.0596963696729429,-0.07977260545027545
frozen_GE_teacher,CO[C@H]1CN(C)C(=O)c2cc(NC(=O)C3CC3)ccc2OC[C@H](C)N(C(=O)CN(C)C)C[C@H]1C,10.1564,0.26135286787502954,0.26755990771474303,0.06625829470646971,0.20130161300827332,-0.0772051982277833
frozen_GE_teacher,CO[C@H]1CN(C)C(=O)c2cc(NC(=O)C3CC3)ccc2OC[C@H](C)N(C(=O)c2cccnc2)C[C@H]1C,10.0078,0.005650486161553418,0.005650546298934622,-0.0009364682710028011,0.006587014569937423,0.3181345088473537
frozen_GE_teacher,CO[C@H]1CN(C)C(=O)c2cc(NC(=O)C3CC3)ccc2OC[C@H](C)N(CC2CCCC2)C[C@@H]1C,10.0289,-0.14693910501800808,-0.14801054546368914,0.03897365679482107,-0.1869842022585102,-0.3495839219978172
frozen_GE_teacher,CO[C@H]1CN(C)C(=O)c2cc(NC(=O)C3CCC3)ccc2OC[C@@H](C)N(C)C[C@@H]1C,9.91722,0.18430279611221534,0.18643315513769818,-0.06742794863270843,0.2538611037704066,0.01237682416011679
frozen_GE_teacher,CO[C@H]1CN(C)C(=O)c2cc(NC(=O)C3CCC3)ccc2OC[C@@H](C)N(Cc2ccncc2)C[C@H]1C,9.9998,0.3118320650076085,0.32257353118643667,0.03931364701582262,0.28325988417061404,0.14483949130635132
frozen_GE_teacher,CO[C@H]1CN(C)C(=O)c2cc(NC(=O)C3CCC3)ccc2OC[C@H](C)N(C)C[C@@H]1C,10.0538,0.1710746525726512,0.17277350648450063,0.04593181693253348,0.12684168955196715,0.2349787991886144
frozen_GE_teacher,CO[C@H]1CN(C)C(=O)c2cc(NC(=O)C3CCCCC3)ccc2OC[C@H](C)N(C(=O)c2ccccc2)C[C@H]1C,10.0415,0.07750404372223833,0.07765979118949688,0.031200707980812595,0.04645908320868429,-0.20676191593075055
frozen_GE_teacher,CO[C@H]1CN(C)C(=O)c2cc(NC(=O)C3CCOCC3)ccc2OC[C@H](C)N(CC2CC2)C[C@H]1C,10.0251,0.6606364941668791,0.7939422082990306,0.035493659205589945,0.7584485490934407,-0.26183127702007425
frozen_GE_teacher,CO[C@H]1CN(C)C(=O)c2cc(NC(=O)Cc3ccccc3)ccc2OC[C@H](C)N(C(C)=O)C[C@@H]1C,9.99207,-0.24772568066795048,-0.25298833691693035,0.030601110789563624,-0.28358944770649397,-0.085445925973267
frozen_GE_teacher,CO[C@H]1CN(C)C(=O)c2cc(NC(=O)Cc3ccccc3)ccc2OC[C@H](C)NC[C@H]1C,10.0865,0.05486576226125266,0.05492091516450847,0.06992190827397593,-0.01500099310946746,-0.09410463089811005
frozen_GE_teacher,CO[C@H]1CN(C)C(=O)c2cc(NC(=O)NC(C)C)ccc2OC[C@@H](C)N(C(=O)C2CCC2)C[C@@H]1C,10.0525,0.06781704598640459,0.06792130078954489,0.003578239314562366,0.06434306147498253,-0.16404179981466085
frozen_GE_teacher,CO[C@H]1CN(C)C(=O)c2cc(NC(=O)NC(C)C)ccc2OC[C@@H](C)N(C)C[C@H]1C,10.1107,0.2207263255940552,0.22441950511205497,-0.030700874728028363,0.25512037984008334,-0.007953005521413634
frozen_GE_teacher,CO[C@H]1CN(C)C(=O)c2cc(NC(=O)NC(C)C)ccc2OC[C@@H](C)N(Cc2ccccc2)C[C@@H]1C,10.1047,0.03372940830362337,0.033742208054121786,-0.03744586666080257,0.07118807471492436,-0.03784463799624454
frozen_GE_teacher,CO[C@H]1CN(C)C(=O)c2cc(NC(=O)NC(C)C)ccc2OC[C@@H](C)N(Cc2ccccc2)C[C@H]1C,10.0109,0.37281804827980325,0.3916920915191995,0.013181649762672002,0.3785104417565275,-0.2866047843095445
frozen_GE_teacher,CO[C@H]1CN(C)C(=O)c2cc(NC(=O)NC(C)C)ccc2OC[C@H](C)N(C(=O)C2CCC2)C[C@@H]1C,10.0065,0.19726476927997239,0.19988497035259767,0.02794711252004472,0.17193785783255294,-0.07175426586161757
frozen_GE_teacher,CO[C@H]1CN(C)C(=O)c2cc(NC(=O)NC(C)C)ccc2OC[C@H](C)N(C)C[C@@H]1C,10.1362,0.16675699790413426,0.1683290318796401,0.012126279267033635,0.15620275261260647,-0.22290695255547519
frozen_GE_teacher,CO[C@H]1CN(C)C(=O)c2cc(NC(=O)NC(C)C)ccc2OC[C@H](C)N(C)C[C@H]1C,9.86182,0.19092823780909593,0.1933003479386384,0.0024619225464054496,0.19083842539223295,0.20629631702229548
frozen_GE_teacher,CO[C@H]1CN(C)C(=O)c2cc(NC(=O)NC3CCCCC3)ccc2OC[C@@H](C)N(CC2CC2)C[C@H]1C,9.99196,-0.025265984845454774,-0.025271363254486888,0.006581083383928984,-0.03185244663841587,-0.17303229457263486
frozen_GE_teacher,CO[C@H]1CN(C)C(=O)c2cc(NC(=O)Nc3ccc(Cl)c(Cl)c3)ccc2OC[C@@H](C)NC[C@H]1C,10.091,0.09368085667150886,0.09395635978549303,-0.005028769502734379,0.09898512928822742,0.12171892505481498
frozen_GE_teacher,CO[C@H]1CN(C)C(=O)c2cc(NC(=O)Nc3ccc(Cl)cc3)ccc2OC[C@@H](C)N(C(=O)Nc2c(C)noc2C)C[C@H]1C,9.94028,0.0015938156252907518,0.0015938169748552584,0.010134244944485013,-0.008540427969629755,0.11733935330396393
frozen_GE_teacher,CO[C@H]1CN(C)C(=O)c2cc(NC(=O)Nc3ccc(Cl)cc3)ccc2OC[C@@H](C)NC[C@@H]1C,10.0635,-0.18126978988418582,-0.1832953081011493,0.059858276954184636,-0.24315358505533394,0.021074033541947423
frozen_GE_teacher,CO[C@H]1CN(C)C(=O)c2cc(NC(=O)Nc3ccc(Cl)cc3)ccc2OC[C@H](C)N(C)C[C@H]1C,10.0178,0.14540278084026878,0.146440679276284,-0.005948334055155265,0.15238901333143928,0.06481695165707867
frozen_GE_teacher,CO[C@H]1CN(C)C(=O)c2cc(NC(=O)Nc3cccc(Cl)c3)ccc2OC[C@@H](C)NC[C@H]1C,9.9504,0.08483814623782876,0.08504257094132839,0.05341755048530573,0.03162502045602266,0.01638049469915414
frozen_GE_teacher,CO[C@H]1CN(C)C(=O)c2cc(NC(=O)Nc3cccc(Cl)c3)ccc2OC[C@H](C)NC[C@@H]1C,10.0555,0.03512426369758663,0.035138718829982055,0.04532236079809983,-0.010183641968117774,-0.030426733058954162
frozen_GE_teacher,CO[C@H]1CN(C)C(=O)c2cc(NC(=O)Nc3cccc(F)c3)ccc2OC[C@@H](C)N(C(=O)Nc2c(C)noc2C)C[C@@H]1C,9.98754,-0.1616508664531074,-0.16308139612052241,-0.0019430563977412456,-0.16113833972278116,0.07541669330564191
frozen_GE_teacher,CO[C@H]1CN(C)C(=O)c2cc(NC(=O)Nc3cccc(F)c3)ccc2OC[C@@H](C)N(C)C[C@@H]1C,10.0462,0.36383928454063547,0.3813038880987501,0.07708235135791722,0.30422153674083285,-0.1376214437933239
frozen_GE_teacher,CO[C@H]1CN(C)C(=O)c2cc(NC(=O)Nc3cccc(F)c3)ccc2OC[C@H](C)N(C)C[C@H]1C,10.0149,0.3948576052266203,0.41754191017002174,0.0513528638353432,0.3661890463346785,-0.012343143026269765
frozen_GE_teacher,CO[C@H]1CN(C)C(=O)c2cc(NC(=O)Nc3ccccc3)ccc2OC[C@@H](C)N(C(=O)CN(C)C)C[C@@H]1C,10.0476,-0.30045635799151177,-0.31002117200324647,0.055740693421813335,-0.3657618654250598,0.07873615411526755
frozen_GE_teacher,CO[C@H]1CN(C)C(=O)c2cc(NC(=O)Nc3ccccc3)ccc2OC[C@@H](C)N(C(C)=O)C[C@H]1C,10.0922,0.1073277885211235,0.10774277252903974,0.09724222651556126,0.010500546013478482,-0.1350592854330432
frozen_GE_teacher,CO[C@H]1CN(C)C(=O)c2cc(NC(=O)Nc3ccccc3F)ccc2OC[C@H](C)N(C(C)=O)C[C@H]1C,10.0528,-0.1703197424038281,-0.17199593990218626,0.058470544190178594,-0.23046648409236486,-0.5042731987489172
frozen_GE_teacher,CO[C@H]1CN(C)C(=O)c2cc(NC(=O)c3cc(C)on3)ccc2OC[C@@H](C)N(C(C)=O)C[C@H]1C,9.94768,-0.013011509369673421,-0.013012243724409712,-0.006989071384495715,-0.006023172339913997,0.000824356465265845
frozen_GE_teacher,CO[C@H]1CN(C)C(=O)c2cc(NC(=O)c3cc(C)on3)ccc2OC[C@@H](C)NC[C@H]1C,9.8982,0.26980133700835673,0.27664955073044234,-0.031005131693681173,0.3076546824241235,0.05205934109065648
frozen_GE_teacher,CO[C@H]1CN(C)C(=O)c2cc(NC(=O)c3ccc(F)cc3)ccc2OC[C@H](C)NC[C@@H]1C,10.0095,0.2705861330364323,0.27749615269989053,0.01901229396071133,0.25848385873917923,0.11485094960022865
frozen_GE_teacher,CO[C@H]1CN(C)C(=O)c2cc(NC(=O)c3ccc4c(c3)OCO4)ccc2OC[C@@H](C)N(CC2CC2)C[C@@H]1C,10.0567,-0.16301950511593202,-0.16448707857210065,0.04809410347607271,-0.21258118204817336,0.1735669758132126
frozen_GE_teacher,CO[C@H]1CN(C)C(=O)c2cc(NC(=O)c3cccc(F)c3)ccc2OC[C@@H](C)N(C)C[C@@H]1C,10.0577,0.15009911709641832,0.15124183604319894,0.03314029820536357,0.11810153783783536,0.05715611494544649
frozen_GE_teacher,CO[C@H]1CN(C)C(=O)c2cc(NC(=O)c3cccc(F)c3)ccc2OC[C@@H](C)N(C)C[C@H]1C,10.0249,0.04338903295165384,0.04341629193186513,0.08881597732920898,-0.045399685397343854,-0.022464707883297852
frozen_GE_teacher,CO[C@H]1CN(C)C(=O)c2cc(NC(=O)c3ccccc3)ccc2OC[C@@H](C)N(CC2CC2)C[C@H]1C,10.0112,0.4154540848521913,0.4421851671102177,0.023336360391803528,0.4188488067184142,0.7865867715179282
frozen_GE_teacher,CO[C@H]1CN(C)C(=O)c2cc(NC(=O)c3ccccc3F)ccc2OC[C@@H](C)N(C(C)=O)C[C@H]1C,10.0158,0.056959146250714646,0.05702086479834804,0.015149684033240445,0.041871180765107596,-0.17692570765920965
frozen_GE_teacher,CO[C@H]1CN(C)C(=O)c2cc(NC(=O)c3ccccc3F)ccc2OC[C@H](C)N(CC2CCOCC2)C[C@H]1C,10.0742,0.14970310223388703,0.15083671803440332,0.019554174145817418,0.1312825438885859,-0.07333149305927739
frozen_GE_teacher,CO[C@H]1CN(C)C(=O)c2cc(NC(=O)c3ccno3)ccc2OC[C@@H](C)N(S(C)(=O)=O)C[C@H]1C,10.0273,-0.007442501513510766,-0.007442638933520219,-0.09433973414276456,0.08689709520924434,-0.2650424214176583
frozen_GE_teacher,CO[C@H]1CN(C)C(=O)c2cc(NC(=O)c3cnccn3)ccc2OC[C@@H](C)N(C(=O)C2CC2)C[C@H]1C,10.0584,0.07057571183424087,0.07069324086310776,-0.0065045189403673265,0.07719775980347508,0.14758390174625255
frozen_GE_teacher,CO[C@H]1CN(C)C(=O)c2cc(NC(=O)c3cnccn3)ccc2OC[C@H](C)N(C(=O)C2CC2)C[C@@H]1C,10.0376,0.016425904921579693,0.016427382453844803,0.02706278714356975,-0.010635404689724948,0.07852872409350037
frozen_GE_teacher,CO[C@H]1CN(C)C(=O)c2cc(NC(C)=O)ccc2OC[C@@H](C)N(C(=O)C2CC2)C[C@@H]1C,10.0589,0.10579935171282467,0.10619677942600472,0.1008431366244218,0.005353642801582917,-0.03820890261139209
frozen_GE_teacher,CO[C@H]1CN(C)C(=O)c2cc(NC(C)=O)ccc2OC[C@@H](C)N(C(=O)CC2CC2)C[C@@H]1C,9.7775,0.18802603811209298,0.19029007213907567,-0.07346361079879307,0.2637536829378687,0.24568020392016415
frozen_GE_teacher,CO[C@H]1CN(C)C(=O)c2cc(NC(C)=O)ccc2OC[C@@H](C)N(C(=O)CC2CC2)C[C@H]1C,10.1378,-0.138070724395327,-0.138958270147319,0.008414614680488241,-0.14737288482780725,0.009282501007809871
frozen_GE_teacher,CO[C@H]1CN(C)C(=O)c2cc(NC(C)=O)ccc2OC[C@@H](C)N(Cc2ccccn2)C[C@@H]1C,9.95434,-0.1170597198123996,-0.1175988483246839,0.19179544965204698,-0.3093942979767309,-0.11547132178533401
frozen_GE_teacher,CO[C@H]1CN(C)C(=O)c2cc(NC(C)=O)ccc2OC[C@@H](C)N(Cc2ccccn2)C[C@H]1C,9.97721,-0.07104295392492764,-0.07116283750203586,0.12210323850763036,-0.19326607600966622,0.2295094302278657
frozen_GE_teacher,CO[C@H]1CN(C)C(=O)c2cc(NC(C)=O)ccc2OC[C@@H](C)N(S(=O)(=O)c2cn(C)cn2)C[C@@H]1C,9.9714,0.22769369448077512,0.23175570149554775,-5.871406507745695e-05,0.2318144155606252,0.15973791153288142
frozen_GE_teacher,CO[C@H]1CN(C)C(=O)c2cc(NC(C)=O)ccc2OC[C@H](C)N(C(=O)C2CC2)C[C@@H]1C,10.1042,0.1842360206249617,0.18636403257908585,0.07906969890954099,0.10729433366954486,0.11321998755636323
frozen_GE_teacher,CO[C@H]1CN(C)C(=O)c2cc(NC(C)=O)ccc2OC[C@H](C)N(C(=O)c2ccc(F)cc2)C[C@H]1C,10.016,0.0009956902248800454,0.0009956905539223468,0.03232971605331672,-0.031334025499394375,-0.02765874821854545
frozen_GE_teacher,CO[C@H]1CN(C)C(=O)c2cc(NC(C)=O)ccc2OC[C@H](C)N(C(=O)c2ccccn2)C[C@H]1C,10.1286,0.19457301723736478,0.19708577129799015,-0.0244853712364705,0.22157114253446064,0.12206785166599944
frozen_GE_teacher,CO[C@H]1CN(C)C(=O)c2cc(NC(C)=O)ccc2OC[C@H](C)N(Cc2ccc(F)cc2)C[C@H]1C,9.9845,0.5227731588360326,0.5801482311597902,0.03285743852979706,0.5472907926299931,0.14969786056712048
frozen_GE_teacher,CO[C@H]1CN(C)C(=O)c2cc(NC(C)=O)ccc2OC[C@H](C)N(Cc2cccnc2)C[C@@H]1C,10.065,0.20195027811215352,0.20476492231870996,0.01165964586162026,0.1931052764570897,-0.06360153634726409
frozen_GE_teacher,CO[C@H]1CN(C)C(=O)c2cc(NC(C)=O)ccc2OC[C@H](C)N(S(=O)(=O)c2cn(C)cn2)C[C@@H]1C,10.0692,0.6189638260276256,0.723323647297053,0.012972754751006718,0.7103508925460463,-0.43312482058265855
frozen_GE_teacher,CO[C@H]1CN(C)C(=O)c2cc(NC(C)=O)ccc2OC[C@H](C)N(S(C)(=O)=O)C[C@H]1C,10.0069,0.06989729139135872,0.07001145704067711,0.12104454500366278,-0.05103308796298567,-0.1765891081313826
frozen_GE_teacher,CO[C@H]1CN(C)C(=O)c2cc(NS(=O)(=O)CC(F)(F)F)ccc2OC[C@H](C)N(Cc2nccs2)C[C@H]1C,10.079,-0.189340590923708,-0.1916531527445319,0.04990539341712538,-0.24155854616165728,-0.020123498630069802
frozen_GE_teacher,CO[C@H]1CN(C)C(=O)c2cc(NS(=O)(=O)c3c(C)noc3C)ccc2OC[C@H](C)NC[C@H]1C,9.93892,0.05649315321165468,0.056553367411417976,0.059807156479232904,-0.0032537890678149273,-0.13184474897206916
frozen_GE_teacher,CO[C@H]1CN(C)C(=O)c2cc(NS(=O)(=O)c3ccc(-c4ccccc4)cc3)ccc2OC[C@@H](C)NC[C@@H]1C,10.0426,0.20294077588707454,0.20579774979132986,0.047337792632006215,0.15845995715932365,0.13002829951965042
frozen_GE_teacher,CO[C@H]1CN(C)C(=O)c2cc(NS(=O)(=O)c3ccc(-c4ccccc4)cc3)ccc2OC[C@@H](C)NC[C@H]1C,9.9484,0.03383303124771976,0.03384594938488985,0.05048082337184684,-0.01663487398695699,0.03656987380848099
frozen_GE_teacher,CO[C@H]1CN(C)C(=O)c2cc(NS(=O)(=O)c3ccc(C)cc3)ccc2OC[C@@H](C)N(C)C[C@H]1C,10.0885,0.13910637855065103,0.1400142055299747,-0.011289285932469126,0.15130349146244382,0.09535565971460085
frozen_GE_teacher,CO[C@H]1CN(C)C(=O)c2cc(NS(=O)(=O)c3ccc(C)cc3)ccc2OC[C@@H](C)N(Cc2nccs2)C[C@H]1C,10.061844,-0.11906456859087713,-0.1196320377793276,-0.025194225934291853,-0.09443781184503575,-0.20274037049227758
frozen_GE_teacher,CO[C@H]1CN(C)C(=O)c2cc(NS(=O)(=O)c3ccc(C)cc3)ccc2OC[C@H](C)N(C(=O)NC(C)C)C[C@@H]1C,9.9591,0.32517268357826684,0.3374206132688096,0.04749312061779776,0.28992749265101186,0.10287467502459607
frozen_GE_teacher,CO[C@H]1CN(C)C(=O)c2cc(NS(=O)(=O)c3cccc(F)c3)ccc2OC[C@@H](C)N(Cc2cc(F)ccc2F)C[C@@H]1C,9.95291,0.05597570708387532,0.0560342797552348,0.048079277411935295,0.007955002343299503,0.23362465012489297
frozen_GE_teacher,CO[C@H]1CN(C)C(=O)c2cc(NS(=O)(=O)c3cccc(F)c3)ccc2OC[C@H](C)N(C(=O)Cc2cccnc2)C[C@@H]1C,10.0575,-0.010902051984184372,-0.010902483935163916,0.03838612337602251,-0.04928860731118643,-0.08656717327310348
frozen_GE_teacher,CO[C@H]1CN(C)C(=O)c2cc(NS(=O)(=O)c3cccc(F)c3)ccc2OC[C@H](C)N(Cc2cc(F)ccc2F)C[C@@H]1C,10.0227,0.2588218049861126,0.26484520579762905,0.10158032889764745,0.1632648768999816,-0.015911416755164776
frozen_GE_teacher,CO[C@H]1CN(C)C(=O)c2cc(NS(=O)(=O)c3cccc(F)c3)ccc2OC[C@H](C)NC[C@H]1C,9.94174,-0.02663179309092889,-0.026638091992737086,0.008266659140478689,-0.034904751133215776,-0.0030748907748716324
frozen_GE_teacher,CO[C@H]1CN(C)C(=O)c2cc(NS(=O)(=O)c3cn(C)cn3)ccc2OC[C@@H](C)N(C)C[C@@H]1C,10.0836,0.04828473435716891,0.048322310862249716,0.03643670604734406,0.011885604814905658,-0.1119972317422726
frozen_GE_teacher,CO[C@H]1CN(C)C(=O)c2cc(NS(=O)(=O)c3cn(C)cn3)ccc2OC[C@H](C)N(C)C[C@H]1C,10.007,0.21751533995868727,0.22104656799583972,-0.05081542518949078,0.2718619931853305,0.2555507531363569
frozen_GE_teacher,CO[C@H]1CN(C)C(=O)c2cc(NS(C)(=O)=O)ccc2OC[C@@H](C)N(C(=O)C2CCOCC2)C[C@@H]1C,10.0213,0.43399737126937055,0.4648112327097973,0.004048189854205467,0.46076304285559183,0.14268073965136735
frozen_GE_teacher,CO[C@H]1CN(C)C(=O)c2cc(NS(C)(=O)=O)ccc2OC[C@@H](C)N(CC2CCOCC2)C[C@@H]1C,10.0899,0.22492554614171803,0.22883812411919086,-0.0037452476688503286,0.23258337178804117,0.1812371496448992
frozen_GE_teacher,CO[C@H]1CN(C)C(=O)c2cc(NS(C)(=O)=O)ccc2OC[C@H](C)N(S(C)(=O)=O)C[C@@H]1C,10.0115,0.1241648806426985,0.12480892867488969,0.05848022717820166,0.06632870149668803,-0.034967553792884465
frozen_GE_teacher,CO[C@H]1CN(C)C(=O)c2ccc(NC(=O)C3CC3)cc2OC[C@@H](C)N(C(=O)C2CCCCC2)C[C@H]1C,9.97075,0.08851754484599123,0.08874982665199901,0.05084044878677477,0.03790937786522425,0.09010989189353999
frozen_GE_teacher,CO[C@H]1CN(C)C(=O)c2ccc(NC(=O)C3CC3)cc2OC[C@@H](C)N(C(=O)c2ccncc2)C[C@H]1C,10.0458,0.5337954894244967,0.595438126396399,-0.030055391022676167,0.6254935174190752,0.03914949884569641
frozen_GE_teacher,CO[C@H]1CN(C)C(=O)c2ccc(NC(=O)C3CC3)cc2OC[C@@H](C)N(C(=O)c2cnccn2)C[C@H]1C,10.0459,0.10653264259344518,0.10693842964335892,0.007155621598202912,0.09978280804515602,0.13749541741252796
frozen_GE_teacher,CO[C@H]1CN(C)C(=O)c2ccc(NC(=O)C3CC3)cc2OC[C@@H](C)N(C(C)=O)C[C@H]1C,9.94852,-0.0008815273146938456,-0.0008815275430360919,-0.10347375548405983,0.10259222794102374,0.004064314226126395
frozen_GE_teacher,CO[C@H]1CN(C)C(=O)c2ccc(NC(=O)C3CC3)cc2OC[C@H](C)N(C(C)=O)C[C@H]1C,10.0453,-0.24485977282892196,-0.24993735346693907,0.006846795681359961,-0.25678414914829906,-0.013622134399900579
frozen_GE_teacher,CO[C@H]1CN(C)C(=O)c2ccc(NC(=O)C3CC3)cc2OC[C@H](C)N(Cc2cc(F)ccc2F)C[C@H]1C,9.97673,-0.0999762548846022,-0.10031136282355041,0.026169191720102083,-0.12648055454365248,-0.056107352289314336
frozen_GE_teacher,CO[C@H]1CN(C)C(=O)c2ccc(NC(=O)C3CCC3)cc2OC[C@@H](C)N(C(=O)CN(C)C)C[C@@H]1C,10.0091,0.030110826497778822,0.03011993156419936,0.008324965871689197,0.021794965692510163,0.23800185716547628
frozen_GE_teacher,CO[C@H]1CN(C)C(=O)c2ccc(NC(=O)C3CCC3)cc2OC[C@@H](C)N(C(=O)CN(C)C)C[C@H]1C,9.98711,-0.2542008803516916,-0.25989880635005425,0.024949700180434776,-0.28484850653048904,-0.02727935153974379
frozen_GE_teacher,CO[C@H]1CN(C)C(=O)c2ccc(NC(=O)C3CCC3)cc2OC[C@@H](C)N(C(=O)NC(C)C)C[C@H]1C,10.0495,0.3122196592030196,0.3230029319028139,0.05357670390988155,0.2694262279929323,-0.00508322102041045
frozen_GE_teacher,CO[C@H]1CN(C)C(=O)c2ccc(NC(=O)C3CCC3)cc2OC[C@H](C)N(C(=O)CN(C)C)C[C@H]1C,10.014,0.05902161483228547,0.05909029337212091,-0.028712388072349326,0.08780268144447023,-0.0069555425501295065
frozen_GE_teacher,CO[C@H]1CN(C)C(=O)c2ccc(NC(=O)C3CCC3)cc2OC[C@H](C)N(C(=O)NC(C)C)C[C@H]1C,9.9593,0.027476937953537065,0.027483855953203226,0.08731170786078889,-0.05982785190758566,-0.06563696961653183
frozen_GE_teacher,CO[C@H]1CN(C)C(=O)c2ccc(NC(=O)C3CCCC3)cc2OC[C@@H](C)N(S(C)(=O)=O)C[C@@H]1C,10.1113,-0.04198708969838854,-0.04201178906262284,-0.04251850225619582,0.0005067131935729829,0.27466196027975387
frozen_GE_teacher,CO[C@H]1CN(C)C(=O)c2ccc(NC(=O)C3CCCC3)cc2OC[C@H](C)N(CCC(F)(F)F)C[C@H]1C,10.0294,0.29860917773229406,0.307991927355224,0.04323098539271075,0.26476094196251326,-0.01975511419944871
frozen_GE_teacher,CO[C@H]1CN(C)C(=O)c2ccc(NC(=O)C3CCCCC3)cc2OC[C@H](C)N(C)C[C@H]1C,9.95259,-0.04334256137296702,-0.04336973279441152,0.012364488092879516,-0.05573422088729103,-0.10020351615423607
frozen_GE_teacher,CO[C@H]1CN(C)C(=O)c2ccc(NC(=O)C3CCOCC3)cc2OC[C@@H](C)N(C)C[C@H]1C,10.0566,0.06348667587468275,0.06357217832040217,0.032977925341783836,0.030594252978618335,0.03032257812303526
frozen_GE_teacher,CO[C@H]1CN(C)C(=O)c2ccc(NC(=O)C3CCOCC3)cc2OC[C@@H](C)N(Cc2nccs2)C[C@H]1C,10.0084,-0.19017809326458024,-0.19252193892469371,0.028339014084269084,-0.2208609530089628,0.36472905543718115
frozen_GE_teacher,CO[C@H]1CN(C)C(=O)c2ccc(NC(=O)C3CCOCC3)cc2OC[C@@H](C)NC[C@H]1C,10.001,-0.3011337060746798,-0.31076590150212746,-0.004785467971415221,-0.30598043353071225,0.08414320947082243
frozen_GE_teacher,CO[C@H]1CN(C)C(=O)c2ccc(NC(=O)Cc3ccccc3)cc2OC[C@@H](C)N(C)C[C@@H]1C,10.001,0.37300600712702997,0.3919104105499004,-0.02613751824183302,0.4180479287917334,0.5511681797378234
frozen_GE_teacher,CO[C@H]1CN(C)C(=O)c2ccc(NC(=O)Cc3ccccc3)cc2OC[C@@H](C)N(C)C[C@H]1C,10.0354,-0.07837147330490822,-0.07853252205224683,0.00929617507040843,-0.08782869712265526,-0.14495730292693704
frozen_GE_teacher,CO[C@H]1CN(C)C(=O)c2ccc(NC(=O)Nc3cc(Cl)cc(Cl)c3)cc2OC[C@H](C)NC[C@H]1C,10.0419,0.3585430896550038,0.37521306763657486,0.045797380017150016,0.32941568761942486,0.25169599647066376
frozen_GE_teacher,CO[C@H]1CN(C)C(=O)c2ccc(NC(=O)Nc3cc(F)ccc3F)cc2OC[C@@H](C)N(C)C[C@@H]1C,9.98558,-0.15856362492458595,-0.1599129303120836,0.04445270004913321,-0.2043656303612168,-0.2042891868295883
frozen_GE_teacher,CO[C@H]1CN(C)C(=O)c2ccc(NC(=O)Nc3cccc(F)c3)cc2OC[C@@H](C)N(C(C)=O)C[C@H]1C,10.0434,-0.0450603045762547,-0.04509083906428808,0.023665467053718317,-0.0687563061180064,0.12377554379415799
frozen_GE_teacher,CO[C@H]1CN(C)C(=O)c2ccc(NC(=O)Nc3cccc(F)c3)cc2OC[C@H](C)N(C(C)=O)C[C@H]1C,9.96181,-0.12635005189754756,-0.12702893145397587,0.06439322829078259,-0.19142215974475846,-0.30476890374962073
frozen_GE_teacher,CO[C@H]1CN(C)C(=O)c2ccc(NC(=O)Nc3ccccc3)cc2OC[C@H](C)N(C(=O)Nc2c(C)noc2C)C[C@H]1C,10.0861,0.010402590376158396,0.010402965635435198,-0.008058712360867417,0.018461677996302613,-0.1613980154979256
frozen_GE_teacher,CO[C@H]1CN(C)C(=O)c2ccc(NC(=O)Nc3ccccc3Cl)cc2OC[C@@H](C)NC[C@H]1C,10.0693,0.18312275706078407,0.1852118980279922,0.05728930030913691,0.12792259771885528,-0.14210769283538333
frozen_GE_teacher,CO[C@H]1CN(C)C(=O)c2ccc(NC(=O)Nc3ccccc3F)cc2OC[C@@H](C)N(Cc2ccccc2C(=O)O)C[C@@H]1C,10.012,0.11208118725393196,0.11255408527058154,-0.07698410773703865,0.1895381930076202,0.06340608192961847
frozen_GE_teacher,CO[C@H]1CN(C)C(=O)c2ccc(NC(=O)c3cc(C)on3)cc2OC[C@@H](C)N(C)C[C@@H]1C,10.0658,0.17797228164906612,0.17988785940809435,-0.02339574341358213,0.20328360282167648,0.4059582451044121
frozen_GE_teacher,CO[C@H]1CN(C)C(=O)c2ccc(NC(=O)c3ccc(-c4ccccc4)cc3)cc2OC[C@@H](C)NC[C@@H]1C,9.98676,0.16722977826101162,0.16881537479003506,-0.054410594758915715,0.22322596954895077,0.17645610867923872
frozen_GE_teacher,CO[C@H]1CN(C)C(=O)c2ccc(NC(=O)c3ccc(-c4ccccc4)cc3)cc2OC[C@H](C)NC[C@H]1C,10.0234,0.009042416075895498,0.009042662539906628,0.0034282826515454733,0.005614379888361155,0.3323820784787721
frozen_GE_teacher,CO[C@H]1CN(C)C(=O)c2ccc(NC(=O)c3cccc(F)c3)cc2OC[C@@H](C)NC[C@H]1C,10.0472,0.5522527063055255,0.6216167585135455,0.05539099744760734,0.5662257610659381,0.10682417770963815
frozen_GE_teacher,CO[C@H]1CN(C)C(=O)c2ccc(NC(=O)c3ccccc3)cc2OC[C@@H](C)N(C(=O)C2CC2)C[C@@H]1C,10.0316,0.08939067717446907,0.0896299230951133,-0.0008481014742111256,0.09047802456932444,-0.004369342662132922
frozen_GE_teacher,CO[C@H]1CN(C)C(=O)c2ccc(NC(=O)c3ccccc3F)cc2OC[C@H](C)N(CC2CC2)C[C@H]1C,9.97283,-0.0977847884227856,-0.09809825711520984,0.07417576008290841,-0.17227401719811825,0.0014832683308590722
frozen_GE_teacher,CO[C@H]1CN(C)C(=O)c2ccc(NC(=O)c3ccno3)cc2OC[C@@H](C)NC[C@H]1C,9.83674,-0.02306025899529691,-0.023064347927277126,0.020094286050119155,-0.04315863397739628,-0.09563157301809513
frozen_GE_teacher,CO[C@H]1CN(C)C(=O)c2ccc(NC(=O)c3cnccn3)cc2OC[C@H](C)NC[C@H]1C,9.93452,0.050426187964524805,0.05046899453686187,0.0700561183168141,-0.019587123779952233,0.1392368732251856
frozen_GE_teacher,CO[C@H]1CN(C)C(=O)c2ccc(NC(=O)c3nc4ccccc4s3)cc2OC[C@@H](C)N(Cc2cccnc2)C[C@@H]1C,9.9667,0.44859628362555726,0.4829415239043519,0.05177596646481404,0.4311655574395379,0.31096816541778344
frozen_GE_teacher,CO[C@H]1CN(C)C(=O)c2ccc(NC(C)=O)cc2OC[C@@H](C)N(C(=O)CN2CCOCC2)C[C@H]1C,9.95004,0.20180756244658746,0.20461614314289014,0.04607846707349925,0.1585376760693909,0.019427372399514357
frozen_GE_teacher,CO[C@H]1CN(C)C(=O)c2ccc(NC(C)=O)cc2OC[C@@H](C)N(C(=O)Cc2cccnc2)C[C@@H]1C,10.0257,-0.2166840154327814,-0.22017412310137227,0.008733858618390914,-0.22890798171976318,-0.069225220480152
frozen_GE_teacher,CO[C@H]1CN(C)C(=O)c2ccc(NC(C)=O)cc2OC[C@@H](C)N(C(=O)c2ccccc2F)C[C@H]1C,10.0677,0.6602037201086103,0.7931746677678547,0.005359562084667932,0.7878151056831868,-0.05435728114061244
frozen_GE_teacher,CO[C@H]1CN(C)C(=O)c2ccc(NC(C)=O)cc2OC[C@@H](C)N(CC2CC2)C[C@H]1C,9.99204,0.46858193314510177,0.5082517557512259,0.04992442736059736,0.45832732839062856,0.14317322335318855
frozen_GE_teacher,CO[C@H]1CN(C)C(=O)c2ccc(NC(C)=O)cc2OC[C@@H](C)NC[C@H]1C,10.0876,0.05100365186538723,0.05104794752285448,0.0937876467715118,-0.04273969924865732,0.1204000799282503
frozen_GE_teacher,CO[C@H]1CN(C)C(=O)c2ccc(NC(C)=O)cc2OC[C@H](C)N(C(=O)c2cccnc2)C[C@H]1C,9.96599,0.3223573762812778,0.33427563429121393,-0.04732508483833734,0.3816007191295513,-0.13029679534074426
frozen_GE_teacher,CO[C@H]1CN(C)C(=O)c2ccc(NC(C)=O)cc2OC[C@H](C)N(Cc2ccccc2F)C[C@H]1C,10.0199,-0.061292747099921586,-0.061369675458636794,0.02647425331266638,-0.08784392877130318,-0.006518161986275389
frozen_GE_teacher,CO[C@H]1CN(C)C(=O)c2ccc(NC(C)=O)cc2OC[C@H](C)NC[C@@H]1C,9.94597,0.03547036552906193,0.035485252411267876,0.0186233683787633,0.016861884032504576,-0.27191131157771675
frozen_GE_teacher,CO[C@H]1CN(C)C(=O)c2ccc(NS(=O)(=O)CC(F)(F)F)cc2OC[C@H](C)N(C(=O)c2ccc3c(c2)OCO3)C[C@@H]1C,10.1024,-0.16111505471557316,-0.1625312562731884,0.035784604299698174,-0.19831586057288658,-0.11612557566278137
frozen_GE_teacher,CO[C@H]1CN(C)C(=O)c2ccc(NS(=O)(=O)CC(F)(F)F)cc2OC[C@H](C)N(C)C[C@H]1C,10.1019,0.0640896751274845,0.06417764117864501,-0.12162980967915624,0.18580745085780126,0.011344525104593953
frozen_GE_teacher,CO[C@H]1CN(C)C(=O)c2ccc(NS(=O)(=O)CC(F)(F)F)cc2OC[C@H](C)N(Cc2ccccn2)C[C@@H]1C,10.0185,-0.20395625651577232,-0.2068570774754224,-0.0015660898869817585,-0.20529098758844064,-0.1137107707347603
frozen_GE_teacher,CO[C@H]1CN(C)C(=O)c2ccc(NS(=O)(=O)c3ccc(C)cc3)cc2OC[C@@H](C)NC[C@H]1C,9.96309,0.0497547892762651,0.04979590700805387,-0.04609373767078829,0.09588964467884216,-0.009824847970451918
frozen_GE_teacher,CO[C@H]1CN(C)C(=O)c2ccc(NS(=O)(=O)c3ccc(F)cc3)cc2OC[C@@H](C)NC[C@@H]1C,10.0383,0.37413222168887855,0.3932192836658402,0.01538502889752234,0.37783425476831783,0.48837195603491634
frozen_GE_teacher,CO[C@H]1CN(C)C(=O)c2ccc(NS(=O)(=O)c3ccc(Oc4ccccc4)cc3)cc2OC[C@H](C)NC[C@H]1C,9.98449,-0.11529506880518588,-0.11581005312464746,0.041144386924385545,-0.156954440049033,-0.1050093524509882
frozen_GE_teacher,CO[C@H]1CN(C)C(=O)c2ccc(NS(=O)(=O)c3cccc(Cl)c3)cc2OC[C@@H](C)NC[C@H]1C,9.95143,0.014303990353261473,0.014304966024921874,0.038704935373475934,-0.02439996934855406,-0.009257213993888243
frozen_GE_teacher,CO[C@H]1CN(C)C(=O)c2ccc(NS(=O)(=O)c3ccccc3)cc2OC[C@@H](C)N(C)C[C@H]1C,10.0321,0.047474406663135627,0.04751012121655461,0.1658961131016805,-0.1183859918851259,0.10160014560168323
frozen_GE_teacher,CO[C@H]1CN(C)C(=O)c2ccc(NS(=O)(=O)c3ccccc3)cc2OC[C@@H](C)N(Cc2cccnc2)C[C@@H]1C,10.0261,0.04657706523166677,0.046610790927358585,-0.013475403667639281,0.060086194594997866,-0.07909235179844107
frozen_GE_teacher,CO[C@H]1CN(C)C(=O)c2ccc(NS(=O)(=O)c3ccccc3)cc2OC[C@H](C)N(C(=O)NC(C)C)C[C@H]1C,10.0555,0.08211337958472266,0.08229868257178766,0.06616120396554279,0.01613747860624487,-0.023455559076500918
frozen_GE_teacher,CO[C@H]1CN(C)C(=O)c2ccc(NS(=O)(=O)c3ccccc3)cc2OC[C@H](C)N(Cc2cccnc2)C[C@H]1C,10.0262,0.34727563468644396,0.3623424245348912,-0.025495621072919333,0.38783804560781054,-0.37953063187940106
frozen_GE_teacher,CO[C@H]1CN(C)C(=O)c2ccc(NS(=O)(=O)c3ccccc3Cl)cc2OC[C@@H](C)NC[C@@H]1C,10.0183,0.04897623441575879,0.04901545017051505,0.039092936800702895,0.009922513369812154,0.06728877557125135
frozen_GE_teacher,CO[C@H]1CN(C)C(=O)c2ccc(NS(=O)(=O)c3cn(C)cn3)cc2OC[C@@H](C)N(Cc2cccc(F)c2)C[C@@H]1C,9.9693,0.09138360506020685,0.09163926768211221,0.04626359003293019,0.045375677649182024,0.09319834783742242
frozen_GE_teacher,CO[C@H]1CN(C)C(=O)c2ccc(NS(=O)(=O)c3cn(C)cn3)cc2OC[C@@H](C)N(Cc2cccc(F)c2)C[C@H]1C,9.95446,0.23041677748121747,0.234629567800115,-0.023120504632828005,0.257750072432943,0.16989758347364864
frozen_GE_teacher,CO[C@H]1CN(C)C(=O)c2ccc(NS(=O)(=O)c3cn(C)cn3)cc2OC[C@H](C)NC[C@H]1C,10.0195,0.01326904073341722,0.013269819564381452,-0.014558701048912485,0.02782852061329394,0.2472955390770682
frozen_GE_teacher,CO[C@H]1CN(C)C(=O)c2ccc(NS(C)(=O)=O)cc2OC[C@@H](C)N(C(=O)C2CCCCC2)C[C@@H]1C,9.97152,0.20966947503214145,0.2128255980738647,-0.0671650909342657,0.2799906890081304,-0.022317905176318487
frozen_GE_teacher,CO[C@H]1CN(C)C(=O)c2ccc(NS(C)(=O)=O)cc2OC[C@@H](C)N(C)C[C@@H]1C,10.0138,0.20005295173373644,0.20278771271860255,0.012054107032681892,0.19073360568592065,0.15578501777348394
frozen_GE_teacher,CO[C@H]1CN(C)C(=O)c2ccc(NS(C)(=O)=O)cc2OC[C@@H](C)N(Cc2ccccn2)C[C@H]1C,10.0222,0.06372673431526764,0.06381321193909521,-0.0249141696543643,0.08872738159345951,0.06065418458016798
frozen_GE_teacher,CO[C@H]1CN(C)C(=O)c2ccc(NS(C)(=O)=O)cc2OC[C@@H](C)N(Cc2cccnc2)C[C@@H]1C,10.0027,0.3615466295714347,0.3786639586329955,-0.07563593528236572,0.45429989391536124,0.1788558674708
frozen_GE_teacher,CO[C@H]1CN(C)C(=O)c2ccc(NS(C)(=O)=O)cc2OC[C@@H](C)N(Cc2nccs2)C[C@H]1C,9.98771,-0.1708631834277245,-0.17255566989433335,0.021785898253760056,-0.19434156814809342,0.06554258204743914
frozen_GE_teacher,CO[C@H]1CN(C)C(=O)c2ccc(NS(C)(=O)=O)cc2OC[C@@H](C)N(S(C)(=O)=O)C[C@@H]1C,9.94201,0.2685242422512682,0.27527270518552943,0.07939013910643836,0.19588256607909107,-0.06669013104165222
frozen_GE_teacher,CO[C@H]1CN(C)C(=O)c2ccc(NS(C)(=O)=O)cc2OC[C@H](C)N(Cc2ccccc2)C[C@H]1C,9.98944,-0.07177493190185881,-0.07189856717254237,0.0010867901350299324,-0.0729853573075723,0.08543519069729345
frozen_GE_teacher,CO[C@H]1CN(C)C(=O)c2ccc(NS(C)(=O)=O)cc2OC[C@H](C)N(Cc2ccccn2)C[C@H]1C,10.063,0.15154397894248578,0.15272032967100155,0.03249451199257072,0.12022581767843082,-0.04355671617136536
frozen_GE_teacher,CO[C@H]1CN(C)C(=O)c2cccc(C#N)c2OC[C@@H]2O[C@H](CC[C@H]2OC)CCN(C)C(=O)[C@H]1C,10.0154,-0.06463214952744112,-0.06472237204557968,-0.018390517335451564,-0.046331854710128115,-0.09967460514847772
frozen_GE_teacher,COc1c(C=NNC(=O)c2ccccc2O)c(CCN(C)C(C)=O)cc2c1OCO2,10.0,0.09645703397213184,0.09675785919510131,0.0804643718269499,0.016293487368151408,-0.005086197961660113
frozen_GE_teacher,COc1c2c(cc3occ(-c4ccc5c(c4)OCO5)c(=O)c13)OC(C)(C)C=C2,10.0,0.30784512650143114,0.318163191990313,-0.03391981178966781,0.3520830037799808,-0.27408698788742014
frozen_GE_teacher,COc1cc(-c2coc3cc(OCc4ccccc4)c(OC)c(O)c3c2=O)cc(OCc2ccccc2)c1OC,10.0,0.29451560140872335,0.30350359705894164,0.06416844286111456,0.23933515419782708,0.22012007209104423
frozen_GE_teacher,COc1cc(/C=C/C(=O)O)cc(OC)c1OC,10.0,0.6036341297577883,0.6988449821461232,0.06812460572551796,0.6307203764206053,0.2797924955210631
frozen_GE_teacher,COc1cc(/C=C2\SC(Nc3ccc(O)cc3)=NC2=O)cc(OC)c1O,20.0,0.19469190897992067,0.19720934420430508,0.011649616228575937,0.18555972797572914,-0.12797053792527727
frozen_GE_teacher,COc1cc(C(=O)N2CCN(c3cccc(C)c3C)CC2)cc(OC)c1OC,10.0,0.41882914574781344,0.4462712411599948,0.03254976438249269,0.4137214767775021,0.16917805048637058
frozen_GE_teacher,COc1cc(C(=O)N=c2sc3ccccc3n2C)cc(OC)c1OC,10.0,0.42286064376811333,0.45117045302663333,-0.0003518375535740397,0.4515222905802074,0.199025409717337
frozen_GE_teacher,COc1cc(C(=O)NN=Cc2ccc(OC)c(CN3CCN(c4ccc(F)cc4)CC3)c2)ccc1O,10.0,0.32765414901835443,0.3401979994160735,0.13345203125256372,0.20674596816350976,0.1341196874239547
frozen_GE_teacher,COc1cc(C2C(C#N)=C(N)OC3=C2C(=O)CCC3)cc(OC)c1OC(=O)N1CCOCC1,10.0,0.21541213826580094,0.21883997184600984,0.0008360767298232429,0.2180038951161866,0.5237573593418772
frozen_GE_teacher,COc1cc(C=Cc2ccc(OC)cc2OC)cc(OC)c1,10.0,-0.12444448636729401,-0.12509292257706298,-0.0046838931149449405,-0.12040902946211804,0.13873872980072158
frozen_GE_teacher,COc1cc(C=Nn2nnnc2N)ccc1OCc1ccc(F)cc1,10.0,0.49235616992158937,0.5391656961382846,0.13184337917081718,0.4073223169674674,0.06427871370293939
frozen_GE_teacher,COc1cc(NC(=O)c2ccc(C(C)(C)C)cc2)c(OC)cc1NC(=O)CN1CCCCC1,10.0,0.31017671499993005,0.320740923974806,-0.06448027854058018,0.3852212025153862,0.0372725963342607
frozen_GE_teacher,COc1cc(OC)cc(C(=O)Nc2nc[nH]n2)c1,20.0,0.11172545612959367,0.11219384306200422,0.14108173842488353,-0.028887895362879307,0.31710966524543654
frozen_GE_teacher,COc1cc([C@@H]2c3cc4c(c(O)c3C[C@H]3COC(=O)[C@@H]32)OCO4)cc(OC)c1OC,10.0,0.4282898825300852,0.4578005229945725,-0.010707396214199208,0.4685079192087717,0.8413328856313484
frozen_GE_teacher,COc1cc([C@@H]2c3cc4c(cc3[C@H](O)[C@H]3COC(=O)[C@H]23)OCO4)cc(OC)c1OC,10.0,0.11006190050698156,0.11050957489902714,0.06196607774012308,0.04854349715890406,0.2981168957342562
frozen_GE_teacher,COc1cc2c(cc1NC(=O)CSc1nc3ccccc3[nH]1)oc1ccccc12,10.0,0.4169293490827457,0.44396950741431995,0.01807892755088299,0.425890579863437,0.06064434181224139
frozen_GE_teacher,COc1cc2c(cc1O)CCNC2C,10.0,0.775652111974365,1.0343625514187802,0.17521859758828012,0.8591439538305001,0.9829624975494726
frozen_GE_teacher,COc1cc2ccccc2cc1C(=O)Nc1ccc(O)cc1,10.0,-0.21803330707990543,-0.22159032307285828,-0.019119767762872806,-0.20247055530998548,-0.3152649935753973
frozen_GE_teacher,COc1cc2ncnc(Nc3ccc(Cl)cc3F)c2cc1OC,10.0,0.15836689535730716,0.15971113337298606,0.05989648909697144,0.09981464427601462,0.0450835909900925
frozen_GE_teacher,COc1ccc(-c2cc(C(=O)NN=Cc3ccc(OC)c(COCC(F)(F)C(F)F)c3)c3ccccc3n2)c(OC)c1,10.0,0.33103249993543593,0.3439873783524672,0.06728089626670175,0.2767064820857654,-0.049620842314514246
frozen_GE_teacher,COc1ccc(-c2ccc([C@H]3[C@@H](C#N)N(C(=O)NC4CCCCC4)[C@H]3CO)cc2)cc1,10.1014,0.2578469894629582,0.263800682147581,-0.05681635283029274,0.32061703497787375,0.26257322915382497
frozen_GE_teacher,COc1ccc(-c2ccc([C@H]3[C@H](C#N)N(C(=O)NC4CCCCC4)[C@H]3CO)cc2)cc1,9.85492,0.2700188648058118,0.27688417095567,0.011308052511062282,0.2655761184446077,0.24481724384895212
frozen_GE_teacher,COc1ccc(-c2ccc3n(c2=O)C[C@@H]2[C@@H](CO)[C@H](C(=O)N(C)C)[C@H]3N2C(=O)c2cnccn2)cc1,9.93628,0.12079501951739612,0.12138774173250982,-0.002202635329280194,0.12359037706179002,0.19679114212230728
frozen_GE_teacher,COc1ccc(-c2ccc3n(c2=O)C[C@@H]2[C@@H](CO)[C@H](C(=O)O)[C@H]3N2C(=O)c2ccccc2F)cc1,10.0589,-0.14747610593519478,-0.1485594410050392,0.038207904567357905,-0.1867673455723971,-0.011623635220232065
frozen_GE_teacher,COc1ccc(-c2ccc3n(c2=O)C[C@H]2[C@H](CO)[C@@H](C(=O)N(C)C)[C@@H]3N2C(=O)c2cnccn2)cc1,9.95692,0.17278178991566887,0.17453264317942724,0.0007566465250875547,0.17377599665433968,0.17735204065026078
frozen_GE_teacher,COc1ccc(-c2cn(CC[C@@H]3CC[C@@H](NC(=O)CCN4CCCCC4)[C@H](CO)O3)nn2)cc1,10.1492,-0.33062676850247763,-0.34353178277269536,-0.08582519350267609,-0.25770658927001927,-0.27123616914076953
frozen_GE_teacher,COc1ccc(-c2cnc3c(c2)C(=O)N([C@@H](C)CO)C[C@H](C)[C@H](CN(C)C(=O)C2CCCCC2)O3)cc1,10.026732,0.8319535436102935,1.1944488596575316,0.6714101864251194,0.5230386732324122,0.44704146184572147
frozen_GE_teacher,COc1ccc(-c2cnc3c(c2)C(=O)N([C@H](C)CO)C[C@@H](C)[C@@H](CN(C)C(=O)C2CCCCC2)O3)cc1,9.97959,0.058682514090203974,0.058750014047005486,-0.008625495103090752,0.06737550915009624,0.14437140982412447
frozen_GE_teacher,COc1ccc(-c2cnc3c(c2)C(=O)N([C@H](C)CO)C[C@@H](C)[C@@H](CN(C)C(=O)Cc2cccnc2)O3)cc1,10.0355,0.036893262720630496,0.03691001503496203,0.013504069651012356,0.023405945383949675,0.3729268261978116
frozen_GE_teacher,COc1ccc(-c2cnc3c(c2)C(=O)N([C@H](C)CO)C[C@H](C)[C@H](CN(C)C(=O)Nc2ccc(F)cc2)O3)cc1,10.1543,0.36374953519735037,0.3812004489606332,-0.007767898158859811,0.388968347119493,0.3704589345184058
frozen_GE_teacher,COc1ccc(-c2csc(N=C(N)N)n2)cc1,10.0,0.5083458050662762,0.560496611218186,-0.05822720708295484,0.6187238183011408,0.12010970819715694
frozen_GE_teacher,COc1ccc(-c2csc(NC(=O)c3nc(-c4ccccc4)oc3C)n2)cc1,10.0,0.567463956277604,0.6437743084282372,0.0589514485747938,0.5848228598534434,0.4034637065320314
frozen_GE_teacher,COc1ccc(-c2csc3nc(-c4ccc(C)cc4)oc(=O)c23)cc1OC,10.0,0.2875353550185787,0.29587740126826956,0.1160000331896136,0.17987736807865595,0.16042829198230768
frozen_GE_teacher,COc1ccc(-n2ncc3c(NCC4CCCO4)ncnc32)cc1,10.0,0.20263920178174655,0.20548324193129996,0.33673866324803886,-0.1312554213167389,-0.14210635984956094
frozen_GE_teacher,COc1ccc(/C=C/C(=O)OCC(=O)c2c(N)n(C)c(=O)n(C)c2=O)c(OC)c1,10.0,0.006875427750619324,0.006875536090968637,0.0704879907158517,-0.06361245462488306,0.123345026343523
frozen_GE_teacher,COc1ccc(/C=C2\SC(=S)N(CCCC(=O)Nc3ccc(C(=O)O)c(O)c3)C2=O)cc1OC,20.0,0.12109666441224207,0.12169386456295252,0.05042326792814897,0.07127059663480355,0.23337431911693682
frozen_GE_teacher,COc1ccc(C#Cc2ccc3c(c2)O[C@@H](CN(C)C(=O)CN2CCOCC2)[C@H](C)CN([C@H](C)CO)S3(=O)=O)cc1,10.1227,0.2628174496793522,0.26913250976411524,-0.03189842257830038,0.3010309323424156,0.13227199344756357
frozen_GE_teacher,COc1ccc(C#Cc2ccc3c(c2)O[C@H](CN(C)S(=O)(=O)c2ccccc2F)[C@@H](C)CN([C@H](C)CO)S3(=O)=O)cc1,10.0526,-0.44284258260315035,-0.4757613229739084,0.06086552311090612,-0.5366268460848145,-0.005270188869400699
frozen_GE_teacher,COc1ccc(C#Cc2cnc3c(c2)C(=O)N([C@H](C)CO)C[C@@H](C)[C@@H](CN(C)C(=O)CC2CC2)O3)cc1,10.0928,0.04470508047277373,0.04473489792924751,0.04733915720106096,-0.0026042592718134513,0.0903440809026684
frozen_GE_teacher,COc1ccc(C#Cc2cnc3c(c2)C(=O)N([C@H](C)CO)C[C@H](C)[C@@H](CN(C)C(=O)CC2CC2)O3)cc1,10.0517,-0.28722565996368166,-0.2955398267557141,0.015775036760497935,-0.31131486351621207,0.4076839343850873
frozen_GE_teacher,COc1ccc(C(=C2C(=O)Nc3ccccc32)c2ccc(OC)cc2)cc1,10.0,0.03006538879977241,0.03007445269442707,0.013783541778438511,0.016290910915988558,-0.026421036539861414
frozen_GE_teacher,COc1ccc(C(=O)C2CCCN(Cc3cccn3-c3ccc(Cl)cn3)C2)c(OC)c1,10.0,0.2177910889811637,0.22133602966554947,-0.041476346324760216,0.2628123759903097,-0.039414833029770585
frozen_GE_teacher,COc1ccc(C(=O)Cn2c(Cl)nc3c2c(=O)n(C)c(=O)n3C)cc1,10.0,0.05136700984653697,0.051412259984150416,0.11805827026262358,-0.06664601027847317,-0.05117979700977557
frozen_GE_teacher,COc1ccc(C(=O)NN=C(C)CC(=O)Nc2cccc(C(F)(F)F)c2)cc1,10.0,0.10827765062351995,0.10870380325488896,-0.0026006422338079576,0.11130444548869692,-0.41245901306869326
frozen_GE_teacher,COc1ccc(C(=O)Nc2ccc3c(c2)C(=O)N(C)C[C@@H](OC)[C@H](C)CN(C)[C@H](C)CO3)cc1,10.0664,0.3000760052341464,0.30960312853147326,0.02657866413735975,0.2830244643941135,-0.1360191530189316
frozen_GE_teacher,COc1ccc(C(=O)Nc2ccc3c(c2)C(=O)N(C)[C@H]2CC[C@@H](CC(=O)NCC4CC4)O[C@@H]2CO3)cc1,10.0055,0.09902952459430911,0.09935516531471673,-0.041208212662775405,0.14056337797749213,0.08653480129859265
frozen_GE_teacher,COc1ccc(C(=O)Nc2ccc3c(c2)OC[C@@H](C)N(C(C)=O)C[C@@H](C)[C@@H](OC)CN(C)C3=O)cc1,10.0852,-0.26127968415272246,-0.2674813602873604,0.0011685820506111833,-0.26864994233797157,0.09801874684036091
frozen_GE_teacher,COc1ccc(C(=O)Nc2ccc3c(c2)OC[C@@H](C)N(C(C)=O)C[C@H](C)[C@@H](OC)CN(C)C3=O)cc1,10.0281,-0.47185059419725134,-0.5124482932078118,0.08270537830891875,-0.5951536715167306,0.06720404209896197
frozen_GE_teacher,COc1ccc(C(=O)Nc2ccc3c(c2)OC[C@@H](C)NC[C@@H](C)[C@@H](OC)CN(C)C3=O)cc1,9.95246,0.21332314824512905,0.21665036060511214,0.09625577781532098,0.12039458278979116,-0.027981656291726623
frozen_GE_teacher,COc1ccc(C(=O)Nc2ccc3c(c2)OC[C@H](C)N(C(C)=O)C[C@@H](C)[C@H](OC)CN(C)C3=O)cc1,10.0878,-0.14566145157870017,-0.14670494710233217,0.05902264852261648,-0.20572759562494866,-0.148713428441612
frozen_GE_teacher,COc1ccc(C(=O)Nc2ccc3c(c2)OC[C@H](C)NC[C@@H](C)[C@@H](OC)CN(C)C3=O)cc1,9.99286,0.04958833712891095,0.04962904316312127,0.042391823146542384,0.007237220016578887,-0.1134653556055524
frozen_GE_teacher,COc1ccc(C(=O)ON=C(C)c2cnccn2)cc1,10.0,0.3850215773065793,0.40594190782156864,0.04099529483004265,0.364946612991526,-0.13231458484023773
frozen_GE_teacher,COc1ccc(C(=O)c2c[nH]c3ccccc23)cc1,10.0,0.46325718503516783,0.5014505640010554,0.05491591939732868,0.4465346446037267,0.30638215557024495
frozen_GE_teacher,COc1ccc(C2=C(Oc3ccc(F)cc3)c3ccc(OC)cc3S2=O)cc1,10.0,0.22855119870951787,0.23266027991788196,0.09614857624565379,0.13651170367222817,0.08092121870824895
frozen_GE_teacher,COc1ccc(C2=NN(C(=O)c3cccs3)C(O)(C(F)(F)F)C2)cc1,10.0,-0.08174412179669562,-0.0819269294534606,0.12289810103673876,-0.20482503049019934,0.16325292188474505
frozen_GE_teacher,COc1ccc(C2CC(c3c(O)cc(C)oc3=O)=NCCS2)c(OC)c1,10.0,0.7308880785539694,0.930631269028216,0.3488535673964277,0.5817777016317883,0.04477910541457886
frozen_GE_teacher,COc1ccc(C2Sc3ccccc3N(CCN(C)C)C(=O)C2OC(C)=O)cc1,10.0,0.29276333634036267,0.3015859870448557,0.29263069202931136,0.008955295015544318,-0.008087397481297054
frozen_GE_teacher,COc1ccc(C=NNC(=O)c2ccc(O)cc2O)cc1CSc1ccccn1,10.0,0.7350396055850839,0.9396025798841632,0.3336804373721051,0.605922142512058,0.2994916238818472
frozen_GE_teacher,COc1ccc(CC(=O)N2N=C(C)CC2(O)C(F)(F)F)cc1OC,10.0,-0.03335783227938933,-0.03337021346677862,-0.020027253408299743,-0.013342960058478875,0.20999598087264426
frozen_GE_teacher,COc1ccc(CC(=O)NN=C/C=C/c2cccc([N+](=O)[O-])c2)cc1OC,10.0,0.2122181673614321,0.21549298355660662,-0.04477758600681721,0.2602705695634238,0.09066448801569568
frozen_GE_teacher,COc1ccc(CCNC(=O)c2cc(C(=O)c3cc(C)ccc3O)cn(CCc3ccc(OC)cc3)c2=O)cc1,10.0,0.3394315042611161,0.35344986546421775,0.023983547441814954,0.3294663180224028,-0.030953030947284233
frozen_GE_teacher,COc1ccc(CN(C)C[C@@H]2OCCCC[C@@H](C)Oc3ccc(NC(=O)NC(C)C)cc3C(=O)N([C@H](C)CO)C[C@@H]2C)cc1,9.9869,-0.24550623201165817,-0.25062515996421475,0.08321196743841724,-0.333837127402632,-0.4508525665771496
frozen_GE_teacher,COc1ccc(CN(C)C[C@@H]2OCCCC[C@H](C)Oc3ccc(NC(=O)NC(C)C)cc3C(=O)N([C@H](C)CO)C[C@H]2C)cc1,9.98914,-0.048387023583812576,-0.04842483963281451,-0.014819057574978362,-0.03360578205783615,0.13082555206029042
frozen_GE_teacher,COc1ccc(CN(C)C[C@@H]2OCCCC[C@H](C)Oc3ccc(NS(C)(=O)=O)cc3C(=O)N([C@@H](C)CO)C[C@H]2C)cc1,10.1587,-0.08899215837872579,-0.08922820861137587,0.05956415224265728,-0.14879236085403313,-0.06596754142638422
frozen_GE_teacher,COc1ccc(CN(C)C[C@@H]2OCc3cnnn3CCCC(=O)N([C@H](C)CO)C[C@H]2C)cc1,10.0132,0.2953632180823658,0.30443197249750176,0.05995943905151091,0.24447253344599085,0.423776205035882
frozen_GE_teacher,COc1ccc(CN(C)C[C@@H]2Oc3c(NC(=O)c4nc5ccccc5s4)cccc3C(=O)N([C@@H](C)CO)C[C@H]2C)cc1,10.024,0.28774955586802725,0.2961109233079977,0.05165557813146478,0.24445534517653295,-0.04104426325537956
frozen_GE_teacher,COc1ccc(CN(C)C[C@@H]2Oc3ccc(NC(=O)CCC(F)(F)F)cc3CC(=O)N([C@H](C)CO)C[C@H]2C)cc1,10.2955,0.31813993805551183,0.3295762174751941,-0.01499210146656033,0.34456831894175444,0.20347060455809213
frozen_GE_teacher,COc1ccc(CN(C)C[C@@H]2Oc3ccc(NC(=O)CCN4CCOCC4)cc3C(=O)N([C@H](C)CO)C[C@H]2C)cc1,9.94528,0.2470301433511755,0.25224746104775847,-0.008154457811297337,0.2604019188590558,-0.07908012384973888
frozen_GE_teacher,COc1ccc(CN(C)C[C@@H]2Oc3ccc(NC(=O)Nc4ccc5c(c4)OCO5)cc3CC(=O)N([C@@H](C)CO)C[C@@H]2C)cc1,9.99165,-0.014471469029911381,-0.014472479378361162,-0.021506506674105304,0.007034027295744143,0.11813558170029179
frozen_GE_teacher,COc1ccc(CN(C)C[C@H]2OCCCC[C@@H](C)Oc3ccc(N(C)C)cc3C(=O)N([C@@H](C)CO)C[C@@H]2C)cc1,10.0205,0.37741410808206555,0.39704079389914726,0.07882863682823085,0.31821215707091643,0.37613828924699444
frozen_GE_teacher,COc1ccc(CN(C)C[C@H]2OCCCC[C@@H](C)Oc3ccc(NC(=O)NC(C)C)cc3C(=O)N([C@@H](C)CO)C[C@H]2C)cc1,10.013,0.2248203496944385,0.22872732478866975,0.033773813957227616,0.19495351083144213,0.2365125406619843
frozen_GE_teacher,COc1ccc(CN(C)C[C@H]2OCCCC[C@@H](C)Oc3ccc(NS(C)(=O)=O)cc3C(=O)N([C@@H](C)CO)C[C@H]2C)cc1,10.0169,0.19081329810638187,0.19318106246929678,0.09877801759171433,0.09440304487758246,0.001837638391573998
frozen_GE_teacher,COc1ccc(CN(C)C[C@H]2OCCCC[C@H](C)Oc3ccc(N(C)C)cc3C(=O)N([C@@H](C)CO)C[C@@H]2C)cc1,10.0608,0.2143710408533462,0.21774847053699628,0.01261564812837061,0.20513282240862568,-0.08593249527363628
frozen_GE_teacher,COc1ccc(CN(C)C[C@H]2OCCCC[C@H](C)Oc3ccc(N(C)C)cc3C(=O)N([C@H](C)CO)C[C@H]2C)cc1,9.90503,-0.24188146433305738,-0.2467715328346123,0.05341192371595746,-0.30018345655056977,-0.15399892975433888
frozen_GE_teacher,COc1ccc(CN(C)C[C@H]2Oc3ccc(NC(=O)Nc4c(C)noc4C)cc3C(=O)N([C@H](C)CO)C[C@@H]2C)cc1,10.1546,-0.10466344392488416,-0.10504815201443742,0.00286921346149521,-0.10791736547593263,0.23545019864177152
frozen_GE_teacher,COc1ccc(CN2CCN(c3cccc(C)c3C)CC2)cc1OC,10.0,0.06222390954829067,0.06230440311201918,0.07018291466483467,-0.007878511552815493,-0.0007849579269437051
frozen_GE_teacher,COc1ccc(CN2C[C@@H](O)COC[C@H]3O[C@@H](CC(=O)NCCN4CCCC4)CC[C@@H]32)cc1,10.1432,0.29663533570978173,0.3058262508833682,-0.014656691335936953,0.3204829422193051,0.1217606971803008
frozen_GE_teacher,COc1ccc(CN2C[C@H](C)[C@@H](OC)CN(C)C(=O)c3ccc(NC(=O)c4nc5ccccc5s4)cc3OC[C@H]2C)cc1,9.90805,0.412321437521242,0.43840495157106285,-0.045490266742203606,0.48389521831326643,0.30686893930331927
frozen_GE_teacher,COc1ccc(CNC(=O)C[C@@H]2C=C[C@@H](NC(=O)c3ccc4c(c3)OCO4)[C@H](CO)O2)cc1,9.96174,0.28566085937400765,0.29383515806963817,-0.09976985581560835,0.3936050138852465,-0.004820676362460766
frozen_GE_teacher,COc1ccc(CNC(=O)C[C@@H]2CC[C@@H](NC(=O)CN(C)C)[C@@H](CO)O2)cc1,10.1579,-0.10907155444482146,-0.1095071953166166,-0.030295310679166014,-0.07921188463745057,0.0010842334640240418
frozen_GE_teacher,COc1ccc(CNC(=O)C[C@@H]2CC[C@@H](NC(=O)CN(C)C)[C@H](CO)O2)cc1,10.1382,-0.043541814583894486,-0.04356936275239166,-0.03167355643737213,-0.011895806315019533,-0.2394799976961427
frozen_GE_teacher,COc1ccc(CNC(=O)C[C@@H]2CC[C@@H](NC(=O)c3cccc(F)c3)[C@@H](CO)O2)cc1,10.02,0.22600578861123566,0.22997622164587106,-0.026113569312497305,0.25608979095836837,0.4203976087691081
frozen_GE_teacher,COc1ccc(CNC(=O)C[C@@H]2CC[C@H](NC(=O)Nc3ccc4c(c3)OCO4)[C@@H](CO)O2)cc1,10.0739,0.004236867081836005,0.004236892434169656,-0.0669661201635298,0.07120301259769946,-0.0685731753165983
frozen_GE_teacher,COc1ccc(CNC(=O)C[C@@H]2CC[C@H](NC(=O)c3cccc(F)c3)[C@@H](CO)O2)cc1,9.91708,0.3588952026289448,0.3756171817950287,0.02411800578737592,0.35149917600765274,0.19964164846451313
frozen_GE_teacher,COc1ccc(CNC(=O)C[C@@H]2CC[C@H]3[C@H](COc4ccc(NC(=O)C(C)C)cc4C(=O)N3C)O2)cc1,9.85099,-0.28492159869922146,-0.2930303969654854,0.03386094818368027,-0.3268913451491656,0.3670512361265136
frozen_GE_teacher,COc1ccc(CNC(=O)C[C@H]2CC[C@@H](NC(=O)Nc3ccc4c(c3)OCO4)[C@@H](CO)O2)cc1,9.92659,0.008548057450177317,0.008548265659457628,-0.07139068639647725,0.07993895205593488,0.113779618189954
frozen_GE_teacher,COc1ccc(CNC(=O)C[C@H]2CC[C@@H](NC(=O)Nc3ccc4c(c3)OCO4)[C@H](CO)O2)cc1,10.0182,0.11075354001460087,0.11120974946920792,-0.070796990357661,0.18200673982686894,-0.01996102160173331
frozen_GE_teacher,COc1ccc(CNC(=O)C[C@H]2CC[C@@H](NC(=O)c3cccc(F)c3)[C@@H](CO)O2)cc1,9.91934,0.11380963276909527,0.1143048653603676,0.045980630233320864,0.06832423512704675,0.11126181927417472
frozen_GE_teacher,COc1ccc(CNC(=O)C[C@H]2CC[C@H](NC(=O)CN(C)C)[C@@H](CO)O2)cc1,10.0269,-0.08480637308167634,-0.08501056752650066,0.022811985051889555,-0.10782255257839021,0.004774092644270235
frozen_GE_teacher,COc1ccc(CNC(=O)C[C@H]2CC[C@H]3[C@H](COc4ccc(NC(=O)C(C)C)cc4C(=O)N3C)O2)cc1,10.3362,-0.20854076280558506,-0.21164527618250092,-0.0981837801908807,-0.11346149599162023,-0.01278472910768097
frozen_GE_teacher,COc1ccc(CNC(=O)C[C@H]2C[C@H]3c4cc(NC(=O)C5CCC5)ccc4O[C@H]3[C@@H](CO)O2)cc1,9.89834,0.3290876093405449,0.3418047073394254,-0.0573861411559828,0.3991908484954082,-0.2132932169943666
frozen_GE_teacher,COc1ccc(CNC(=O)C[C@H]2C[C@H]3c4cc(NC(=O)CN(C)C)ccc4O[C@H]3[C@H](CO)O2)cc1,10.0036,-0.07617783763812597,-0.0763257077694082,-0.0026891565164661683,-0.07363655125294202,0.13836138302331583
frozen_GE_teacher,COc1ccc(CNC(=O)N(C)C[C@@H]2OCc3ccccc3-c3c(n(C)c4ccccc34)C(=O)N([C@H](C)CO)C[C@H]2C)cc1,9.93869,0.05412768854689581,0.05418064288663055,0.02583192175812802,0.02834872112850253,-0.06807977662310746
frozen_GE_teacher,COc1ccc(CNC(=O)N(C)C[C@@H]2OCc3ccccc3-c3ccccc3C(=O)N([C@H](C)CO)C[C@H]2C)cc1,10.4034,0.3871097451157504,0.408395825460447,0.17774456649625725,0.23065125896418975,-0.2105733280286589
frozen_GE_teacher,COc1ccc(CNC(=O)N(C)C[C@H]2OCc3ccccc3-c3c(n(C)c4ccccc34)C(=O)N([C@@H](C)CO)C[C@H]2C)cc1,9.849794,-0.058625408368977075,-0.05869271118747046,-0.060324882678792796,0.0016321714913223387,-0.262577222504903
frozen_GE_teacher,COc1ccc(CNC(=O)c2cc3c(c(-c4cccc(-c5ccc(C#N)cc5)c4)n2)[C@@H](CCO)N([S@](=O)C(C)(C)C)C3)cc1,10.1091,0.6112032963193366,0.7108399867389457,-0.0303939952638677,0.7412339820028133,0.06942565786959279
frozen_GE_teacher,COc1ccc(CNC(=O)c2cc3c(c(-c4cccc(-c5cccc(C#N)c5)c4)n2)[C@@H](CCO)N([S@](=O)C(C)(C)C)C3)cc1,9.62243,-0.04861151303298685,-0.04864985836729049,-0.21586363390955227,0.16721377554226177,0.17068551182313474
frozen_GE_teacher,COc1ccc(CNC(=O)c2csc(Cc3ccccc3)n2)cc1,10.0,-0.17245420175753012,-0.17419499409749348,-0.04386588565789621,-0.13032910843959727,0.12338022704746657
frozen_GE_teacher,COc1ccc(Cc2nccc3cc(OC)c(OC)cc23)cc1OC,10.0,-0.07868531947705941,-0.07884831563419094,-0.01395322074170624,-0.0648950948924847,0.30262148084323176
frozen_GE_teacher,COc1ccc(Cn2nnnc2CN2CCC(O)(c3ccccc3F)CC2)cc1,10.0,0.4993887059422003,0.5484914174351234,0.09507708821368949,0.45341432922143393,-0.22182148178625902
frozen_GE_teacher,COc1ccc(N2C(=O)C(Cl)=C(N3CCCC(C)C3)C2=O)cc1,10.0,0.03940405862449252,0.0394244716071944,0.011454098302543137,0.027970373304651262,-0.2641884255277916
frozen_GE_teacher,COc1ccc(N2CCN(C(=O)Cn3nnc(-c4ccccc4N)n3)CC2)cc1,10.0,0.02223168655899276,0.022235350300235948,0.0339246569788969,-0.01168930667866095,0.13653339192650266
frozen_GE_teacher,COc1ccc(N=Cc2cc3c(cc2O)OC(N)=C(C#N)C3c2ccccc2)cc1,10.0,-0.03314739505970256,-0.033159543300657617,0.10110620075346265,-0.13426574405412026,-0.0186465799357647
frozen_GE_teacher,COc1ccc(NC(=O)C2CCN(C(=O)c3cccs3)CC2)cc1,10.0,0.2674100639558303,0.2740723322760295,0.03242567629021193,0.24164665598581758,0.19459025450032294
frozen_GE_teacher,COc1ccc(NC(=O)CSc2ncccc2C(=O)OC(C)C)cc1OC,10.0,0.047287722208865735,0.04732301671863729,0.08012815796370103,-0.032805141245063736,-0.14377646101119884
frozen_GE_teacher,COc1ccc(NC(=O)N(C)C[C@@H]2OCCCC[C@H](C)Oc3ccc(N(C)C)cc3C(=O)N([C@H](C)CO)C[C@@H]2C)cc1,10.0196,0.15161811360047878,0.1527962077658739,-0.013884849594256909,0.1666810573601308,0.10751931098085193
frozen_GE_teacher,COc1ccc(NC(=O)N(C)C[C@@H]2OCc3ccccc3-c3c(n(C)c4ccccc34)C(=O)N([C@@H](C)CO)C[C@@H]2C)cc1,9.93272,0.13993698546271535,0.14086130233493055,0.06420467106925519,0.07665663126567536,0.0014082360031924118
frozen_GE_teacher,COc1ccc(NC(=O)N(C)C[C@@H]2OCc3ccccc3-c3c(n(C)c4ccccc34)C(=O)N([C@H](C)CO)C[C@@H]2C)c(OC)c1,10.0489,0.15620973652946024,0.15749925252116567,-0.0302341009019789,0.18773335342314457,-0.292178538014516
frozen_GE_teacher,COc1ccc(NC(=O)N(C)C[C@@H]2OCc3ccccc3-c3ccccc3C(=O)N([C@@H](C)CO)C[C@@H]2C)cc1,10.1292,0.27368088939421764,0.28083843046647505,0.02902424840922465,0.2518141820572504,0.47108795410853305
frozen_GE_teacher,COc1ccc(NC(=O)N(C)C[C@@H]2OCc3cn(nn3)CCCC(=O)N([C@H](C)CO)C[C@@H]2C)c(OC)c1,10.0017,-0.003974029258384998,-0.003974050179076784,0.06801328413686854,-0.07198733431594533,-0.1904722935090008
frozen_GE_teacher,COc1ccc(NC(=O)N(C)C[C@@H]2Oc3c(NC(=O)c4ccncc4)cccc3C(=O)N([C@@H](C)CO)C[C@@H]2C)cc1,9.94418,0.3579739633004659,0.37456013831657003,-0.016456526733858973,0.391016665050429,0.056650611914286976
frozen_GE_teacher,COc1ccc(NC(=O)N(C)C[C@@H]2Oc3cc(-c4cccc(C(=O)N(C)C)c4)ccc3S(=O)(=O)N([C@@H](C)CO)C[C@H]2C)cc1,10.0208,-0.07871826614513742,-0.07888146764490447,-0.053066958858059274,-0.0258145087868452,0.015250448472068003
frozen_GE_teacher,COc1ccc(NC(=O)N(C)C[C@@H]2Oc3ccc(NC(=O)Cc4ccccc4)cc3CC(=O)N([C@@H](C)CO)C[C@H]2C)cc1,10.1921,0.26883648186917297,0.27560923888428973,0.058644362020519425,0.2169648768637703,0.21877021679815412
frozen_GE_teacher,COc1ccc(NC(=O)N(C)C[C@@H]2Oc3ncc(C#CCN(C)C)cc3C(=O)N([C@@H](C)CO)C[C@@H]2C)cc1,10.0668,-0.04170231038724574,-0.04172651023231986,0.056832487847918244,-0.0985589980802381,-0.13637954692444157
frozen_GE_teacher,COc1ccc(NC(=O)N(C)C[C@H]2OCCCC[C@@H](C)Oc3ccc(N(C)C)cc3C(=O)N([C@@H](C)CO)C[C@@H]2C)cc1,10.045,-0.20995342291293081,-0.2131226211641759,-0.04979908554189143,-0.16332353562228447,0.33364253634739127
frozen_GE_teacher,COc1ccc(NC(=O)N(C)C[C@H]2OCc3ccccc3-c3c(n(C)c4ccccc34)C(=O)N([C@@H](C)CO)C[C@H]2C)c(OC)c1,10.3507,0.1440543677563202,0.14506341734118916,0.11663049717013142,0.028432920171057738,0.007905467450456186
frozen_GE_teacher,COc1ccc(NC(=O)N(C)C[C@H]2OCc3ccccc3-c3c(n(C)c4ccccc34)C(=O)N([C@H](C)CO)C[C@@H]2C)c(OC)c1,10.2096,0.23617457885827223,0.24071880818924546,-0.016002595249566154,0.2567214034388116,0.12411288003502773
frozen_GE_teacher,COc1ccc(NC(=O)N(C)C[C@H]2Oc3c(NC(=O)C4CCCCC4)cccc3C(=O)N([C@H](C)CO)C[C@@H]2C)cc1,9.98552,-0.08031406089680328,-0.08048741687437495,0.057078593231406016,-0.13756601010578096,-0.049915335727383346
frozen_GE_teacher,COc1ccc(NC(=O)N(C)C[C@H]2Oc3ccc(NC(=O)Cc4ccccc4)cc3CC(=O)N([C@H](C)CO)C[C@@H]2C)cc1,9.98704,-0.2789850606777267,-0.2865811318444495,0.028755729178617677,-0.3153368610230672,0.02971293940884502
frozen_GE_teacher,COc1ccc(NC(=O)N(C)C[C@H]2Oc3ccc(NC(=O)NC4CCCCC4)cc3CC(=O)N([C@H](C)CO)C[C@@H]2C)cc1,10.04,0.25854736972370024,0.26455108890202855,0.005294155352225543,0.259256933549803,-0.2086760497542279
frozen_GE_teacher,COc1ccc(NC(=O)N[C@@H]2CC[C@H](CCNC(=O)CCN3CCCCC3)O[C@@H]2CO)cc1,10.1014,0.4167339080497953,0.4437329679834743,-0.11523281462532259,0.5589657826087968,0.2642307531924241
frozen_GE_teacher,COc1ccc(NC(=O)N[C@@H]2CC[C@H](CCNC(=O)Nc3cc(F)ccc3F)O[C@@H]2CO)cc1,10.0484,-0.13883822780837093,-0.1397407739189057,-0.08535914972319514,-0.05438162419571055,0.08474531644214295
frozen_GE_teacher,COc1ccc(NC(=O)N[C@H]2C=C[C@@H](CC(=O)NC3CCCCC3)O[C@H]2CO)cc1,9.95309,-0.22697325851216643,-0.230996003929617,0.02512196762434796,-0.256117971553965,0.057078616160465154
frozen_GE_teacher,COc1ccc(NC(=O)N[C@H]2CC[C@@H](CCNS(=O)(=O)c3ccccc3F)O[C@H]2CO)cc1,10.0459,-0.013788478660133857,-0.013789352591535606,-0.04767038147739736,0.03388102888586175,0.08160461084536501
frozen_GE_teacher,COc1ccc(NC(=O)N[C@H]2CC[C@@H](CCn3cc(-c4ccccn4)nn3)O[C@@H]2CO)cc1,9.96973,0.11836882369276283,0.11892634709076384,0.1310833218435683,-0.012156974752804459,-0.3170205910619539
frozen_GE_teacher,COc1ccc(NC(=O)N[C@H]2CC[C@H](CCNC(=O)CCN3CCCCC3)O[C@@H]2CO)cc1,10.053,0.3617630013731556,0.3789128890987832,0.057433884744222674,0.3214790043545605,0.07867679029752789
frozen_GE_teacher,COc1ccc(NC(=O)N[C@H]2CC[C@H](CCNC(=O)CCN3CCCCC3)O[C@H]2CO)cc1,9.8569,0.15851182611383524,0.1598597960126579,0.2659880785603598,-0.10612828254770187,-0.3034051953182213
frozen_GE_teacher,COc1ccc(NC(=O)Nc2ccc3c(c2)C(=O)N(C)C[C@@H](OC)[C@@H](C)CN[C@H](C)CO3)cc1,10.0203,-0.10139672627727613,-0.10174638236457101,-0.011566699219761726,-0.09017968314480929,-0.11126213151597678
frozen_GE_teacher,COc1ccc(NC(=O)Nc2ccc3c(c2)C(=O)N(C)C[C@@H](OC)[C@H](C)CN[C@@H](C)CO3)cc1,9.98787,0.1698008507751378,0.17146159472807881,0.014321387415266775,0.15714020731281203,0.14172746938848124
frozen_GE_teacher,COc1ccc(NC(=O)Nc2ccc3c(c2)C(=O)N(C)C[C@H](OC)[C@@H](C)CN[C@@H](C)CO3)cc1,9.99937,0.3462775016775436,0.3612078548508514,0.005565527790104285,0.3556423270607471,0.1779068060332126
frozen_GE_teacher,COc1ccc(NC(=O)Nc2ccc3c(c2)C(=O)N(C)C[C@H](OC)[C@H](C)CN[C@@H](C)CO3)cc1,10.0554,0.23168513812657202,0.2359694580997507,-0.013137577122649902,0.2491070352224006,0.20562664869518085
frozen_GE_teacher,COc1ccc(NC(=O)Nc2ccc3c(c2)C(=O)N([C@@H](C)CO)C[C@H](C)[C@@H](CN(C)Cc2ccc4c(c2)OCO4)O3)cc1,10.2431,0.15179436295223053,0.15297660901365903,-0.020368218952764847,0.17334482796642386,-0.034423286579278255
frozen_GE_teacher,COc1ccc(NC(=O)Nc2ccc3c(c2)C(=O)N([C@H](C)CO)C[C@@H](C)[C@@H](CN(C)Cc2ccc4c(c2)OCO4)O3)cc1,9.9348,0.1690069432094825,0.17064423066174078,0.04296468357296202,0.12767954708877877,0.0711683306769007
frozen_GE_teacher,COc1ccc(NC(=O)Nc2ccc3c(c2)CC(=O)N([C@H](C)CO)C[C@H](C)[C@@H](CN(C)CC2CCCCC2)O3)cc1,10.0549,0.05902870613423988,0.05909740946633104,-0.020622604949654864,0.0797200144159859,-0.1007799618039226
frozen_GE_teacher,COc1ccc(NC(=O)Nc2ccc3c(c2)[C@@H]2C[C@@H](CC(=O)NCc4ccccn4)O[C@@H](CO)[C@@H]2O3)cc1,9.81468,0.017466160847379158,0.017467937287669214,0.215154201115914,-0.19768626382824478,-0.18921772228489564
frozen_GE_teacher,COc1ccc(NC(=O)Nc2ccc3c(c2)[C@@H]2C[C@H](CC(=O)N4CCN(C)CC4)O[C@H](CO)[C@@H]2O3)cc1,9.94172,0.23261463911230315,0.23695190684323345,0.09416665718525302,0.14278524965798042,0.10758844052133143
frozen_GE_teacher,COc1ccc(NC(=O)Nc2ccc3c(c2)[C@@H]2C[C@H](CC(=O)N4CCc5ccccc5C4)O[C@H](CO)[C@@H]2O3)cc1,10.0552,0.037591271923485,0.03760899374036463,0.03629421316210288,0.0013147805782617525,0.09152623196910722
frozen_GE_teacher,COc1ccc(NC(=O)Nc2ccc3c(c2)[C@@H]2C[C@H](CC(=O)NCCc4ccccc4)O[C@H](CO)[C@@H]2O3)cc1,9.98689,0.12101493226486651,0.12161091685786024,-0.11604601329871722,0.23765693015657746,-0.09854636308419892
frozen_GE_teacher,COc1ccc(NC(=O)Nc2ccc3c(c2)[C@@H]2C[C@H](CC(=O)O)O[C@@H](CO)[C@@H]2O3)cc1,9.99227,0.1950325996748578,0.19756348197405382,0.011773208100525505,0.1857902738735283,0.20734084613109985
frozen_GE_teacher,COc1ccc(NC(=O)Nc2ccc3c(c2)[C@H]2C[C@@H](CC(=O)N4CCN(C)CC4)O[C@@H](CO)[C@H]2O3)cc1,9.88105,-0.08522139516345648,-0.08542861096508862,0.05878417351343697,-0.1442127844785256,-0.17213771336562245
frozen_GE_teacher,COc1ccc(NC(=O)Nc2ccc3c(c2)[C@H]2C[C@@H](CC(=O)N[C@@H](C)c4ccccc4)O[C@@H](CO)[C@H]2O3)cc1,10.0469,0.24693654392658146,0.25214778106730884,0.05139451804357801,0.20075326302373084,0.034682162055136904
frozen_GE_teacher,COc1ccc(NC(=O)Nc2ccc3c(c2)[C@H]2C[C@@H](CC(=O)O)O[C@@H](CO)[C@H]2O3)cc1,9.95209,-0.08402642893188286,-0.08422502546184438,0.02829733696577045,-0.11252236242761482,-0.0574085791785872
frozen_GE_teacher,COc1ccc(NC(=O)Nc2ccc3c(c2)[C@H]2C[C@H](CC(=O)N4CCc5ccccc5C4)O[C@H](CO)[C@H]2O3)cc1,10.1078,0.37975699018892906,0.39977565801220444,-0.008633520389522698,0.40840917840172714,0.2673229524147114
frozen_GE_teacher,COc1ccc(NC(=O)Nc2ccc3c(c2)[C@H]2C[C@H](CC(=O)NC4CCCCC4)O[C@@H](CO)[C@H]2O3)cc1,10.0251,0.17665106248785323,0.17852375330565587,0.05464840033215948,0.12387535297349639,-0.16023009541978206
frozen_GE_teacher,COc1ccc(NC(=O)Nc2ccc3c(c2)[C@H]2C[C@H](CC(=O)NCC4CC4)O[C@@H](CO)[C@H]2O3)cc1,10.1505,-0.114208524861394,-0.11470901056600154,0.020966632760607118,-0.13567564332660864,-0.1871994997701168
frozen_GE_teacher,COc1ccc(NC(=O)Nc2ccc3c(c2)[C@H]2C[C@H](CC(=O)NCc4ccccn4)O[C@@H](CO)[C@H]2O3)cc1,10.0498,0.3054578965736702,0.31552817618649287,0.07608562556504554,0.23944255062144731,0.060390556875787996
frozen_GE_teacher,COc1ccc(NC(=O)Nc2ccc3c(c2)[C@H]2C[C@H](CC(=O)O)O[C@@H](CO)[C@H]2O3)cc1,9.95489,0.18844978350548586,0.19072938389808206,-0.10031006125087513,0.2910394451489572,0.09192875780065177
frozen_GE_teacher,COc1ccc(NC(=O)Nc2ccc3oc(C)nc3c2)cc1,10.0,0.2857031995866435,0.29388126093148337,0.10046090323622736,0.193420357695256,0.07697249517823218
frozen_GE_teacher,COc1ccc(NC(=O)Nc2cccc3c2O[C@@H](CN(C)C(=O)NC(C)C)[C@@H](C)CN([C@H](C)CO)C3=O)cc1,10.0873,-0.4970571540096856,-0.5453900126700137,-0.03630613280189956,-0.5090838798681142,-0.3737123632375846
frozen_GE_teacher,COc1ccc(NC(=O)Nc2cccc3c2O[C@@H](CN(C)C(=O)NC(C)C)[C@H](C)CN([C@H](C)CO)C3=O)cc1,10.0409,-0.22347233199278943,-0.22730799758222617,-0.033420178934075985,-0.1938878186481502,-0.02193245953917944
frozen_GE_teacher,COc1ccc(NC(=O)c2cccc(NC(=O)C(C)C)c2)c([N+](=O)[O-])c1,10.0,0.7199442548984818,0.9075292431688635,0.037013238472322206,0.8705160046965413,0.2912661935646098
frozen_GE_teacher,COc1ccc(NC2=NC(N)=NC3(CCCCC3)N2)cc1,10.0,0.09512800367491664,0.09541652029013932,0.05479018174495919,0.04062633854518013,0.07972798927288782
frozen_GE_teacher,COc1ccc(NCC(=O)Nc2ccc(Br)cc2F)c(OC)c1,10.0,0.47593334207610216,0.5177134784682861,-0.052538934906312784,0.5702524133745989,-0.18527483403580258
frozen_GE_teacher,COc1ccc(OC(=O)N(C)C[C@@H]2OCc3ccccc3-c3ccccc3C(=O)N([C@@H](C)CO)C[C@H]2C)cc1,9.82979,0.12125552890918095,0.12185509653349484,0.07951070340074012,0.04234439313275472,-0.17706955325182963
frozen_GE_teacher,COc1ccc(OC(=O)N(C)C[C@@H]2OCc3ccccc3-c3ccccc3C(=O)N([C@H](C)CO)C[C@@H]2C)cc1,10.0408,0.43586394313959603,0.46711327001428743,0.026052014356011684,0.44106125565827575,0.08194964515689795
frozen_GE_teacher,COc1ccc(OC(=O)N(C)C[C@@H]2OCc3ccccc3-c3ccccc3C(=O)N([C@H](C)CO)C[C@H]2C)cc1,9.89865,0.4291910880686711,0.4589046959932833,0.03182706571138631,0.427077630281897,0.3217290334574079
frozen_GE_teacher,COc1ccc(OC(=O)N(C)C[C@@H]2OCc3cn(nn3)CCCC(=O)N([C@@H](C)CO)C[C@@H]2C)cc1,10.0155,0.008267771192160227,0.00826795958392103,-0.03883273294837798,0.04710069253229901,0.05106814141223302
frozen_GE_teacher,COc1ccc(OC(=O)N(C)C[C@@H]2OCc3cn(nn3)CCCC(=O)N([C@@H](C)CO)C[C@H]2C)cc1,10.0354,0.507661836067947,0.5595747356619047,0.04326966889171441,0.5163050667701903,0.47255157464574477
frozen_GE_teacher,COc1ccc(OC)c(C(C(=O)NCc2ccco2)N(C(=O)Cn2nnc3ccccc32)C(C)C)c1,10.0,0.30654289176616634,0.31672526217759184,0.05542132640029218,0.26130393577729966,-0.10640050576619475
frozen_GE_teacher,COc1ccc(S(=O)(=O)N(C)C[C@@H]2OCCCC[C@H](C)Oc3ccc(N(C)C)cc3C(=O)N([C@@H](C)CO)C[C@@H]2C)cc1,10.0966,-0.006870488158810969,-0.006870596265815029,0.05290771432501276,-0.05977831059082779,-0.23920561867912546
frozen_GE_teacher,COc1ccc(S(=O)(=O)N(C)C[C@@H]2OCc3ccccc3-c3ccccc3C(=O)N([C@H](C)CO)C[C@@H]2C)cc1,10.008,-0.07029719452857895,-0.07041333485964248,-0.023868578580376158,-0.04654475627926632,0.25140386166844647
frozen_GE_teacher,COc1ccc(S(=O)(=O)N(C)C[C@@H]2OCc3cn(nn3)CCCC(=O)N([C@@H](C)CO)C[C@H]2C)cc1,10.0231,0.04735261365252165,0.047388053793222626,0.0642081923358315,-0.016820138542608873,0.161704024619014
frozen_GE_teacher,COc1ccc(S(=O)(=O)N(C)C[C@@H]2OCc3cnnn3CCCC(=O)N([C@@H](C)CO)C[C@@H]2C)cc1,10.0216,0.08606648892985844,0.08627994925192346,0.08372862044543573,0.0025513288064877293,-0.09111348364139253
frozen_GE_teacher,COc1ccc(S(=O)(=O)N(C)C[C@@H]2OCc3cnnn3CCCC(=O)N([C@H](C)CO)C[C@H]2C)cc1,10.0155,0.36638174737313434,0.3842374084325714,-0.05333880701830735,0.43757621545087877,0.4237172730152369
frozen_GE_teacher,COc1ccc(S(=O)(=O)N(C)C[C@@H]2Oc3ccc(N(C)C)cc3CC(=O)N([C@@H](C)CO)C[C@H]2C)cc1,9.91227,-0.3953810106737729,-0.4181621464802515,-0.03562749904549782,-0.3825346474347537,-0.09879025912646443
frozen_GE_teacher,COc1ccc(S(=O)(=O)N(C)C[C@@H]2Oc3ncc(/C=C/c4ccccc4)cc3C(=O)N([C@H](C)CO)C[C@@H]2C)cc1,10.0094,-0.09385432695139045,-0.09413136880838457,0.022758818227822577,-0.11689018703620715,0.16064621100820184
frozen_GE_teacher,COc1ccc(S(=O)(=O)N(C)C[C@@H]2Oc3ncc(C#CC4(O)CCCC4)cc3C(=O)N([C@@H](C)CO)C[C@H]2C)cc1,10.0455,-0.36363925178231193,-0.381073354271855,0.0008326174866296228,-0.3819059717584846,-0.08733505793481686
frozen_GE_teacher,COc1ccc(S(=O)(=O)N(C)C[C@H]2OCc3ccccc3-c3c(n(C)c4ccccc34)C(=O)N([C@H](C)CO)C[C@@H]2C)cc1,9.9424,-0.36267845475017185,-0.37996659254948145,-0.03415095136852152,-0.3458156411809599,0.31866463915299803
frozen_GE_teacher,COc1ccc(S(=O)(=O)N(C)C[C@H]2Oc3ncc(C#CC4(O)CCCC4)cc3C(=O)N([C@@H](C)CO)C[C@@H]2C)cc1,10.0359,0.27081207045159733,0.277739955498819,-0.15617684329720768,0.43391679879602674,0.21507375171424967
frozen_GE_teacher,COc1ccc(S(=O)(=O)N(C)C[C@H]2Oc3ncc(C#CC4(O)CCCC4)cc3C(=O)N([C@H](C)CO)C[C@H]2C)cc1,10.078,0.0901756180013737,0.09042124280288749,-0.05439850373209938,0.14481974653498686,0.042562550896602346
frozen_GE_teacher,COc1ccc(S(=O)(=O)N2CCOCC2)cc1NC(=O)c1ccc(-n2nc(C)cc2C)cc1,20.0,0.4784607756480751,0.52098616150913,0.06329796485246934,0.45768819665666066,0.3273698096393761
frozen_GE_teacher,COc1ccc(S(=O)(=O)N2C[C@@H](O)COC[C@@H]3O[C@H](CC(=O)N[C@@H]4CCN(Cc5ccccc5)C4)CC[C@H]32)cc1,10.0475,-0.14800264273595556,-0.14909772694496307,0.009416616785816456,-0.15851434373077952,0.10654774442500656
frozen_GE_teacher,COc1ccc(S(=O)(=O)N2C[C@@H](O)COC[C@H]3O[C@@H](CC(=O)N[C@H]4CCN(Cc5ccccc5)C4)CC[C@@H]32)cc1,9.95434,-0.11655490346117496,-0.11708704899857053,0.05198134081982507,-0.16906838981839561,0.04664325341303578
frozen_GE_teacher,COc1ccc(S(=O)(=O)N2C[C@H](O)COC[C@@H]3O[C@@H](CC(=O)N[C@@H]4CCN(Cc5ccccc5)C4)CC[C@H]32)cc1,10.1201,0.30749739409212207,0.31777910089631667,0.06551589712650699,0.2522632037698097,0.7152709159736821
frozen_GE_teacher,COc1ccc(S(=O)(=O)N2C[C@H](O)COC[C@@H]3O[C@H](CC(=O)N[C@@H]4CCN(Cc5ccccc5)C4)CC[C@H]32)cc1,10.1162,0.705145577836588,0.8774620093117331,0.25716480925261376,0.6202972000591194,0.3292070310315701
frozen_GE_teacher,COc1ccc(S(=O)(=O)N[C@@H]2C=C[C@@H](CC(=O)NCCc3ccncc3)O[C@H]2CO)cc1,10.1019,0.08983753264919435,0.0900803961863347,0.04376919014802682,0.046311206038307885,-0.10115810311609025
frozen_GE_teacher,COc1ccc(S(=O)(=O)N[C@@H]2CC[C@@H](CC(=O)NCc3ccccc3F)O[C@@H]2CO)cc1,10.0735,0.17676277705482163,0.178639068632529,0.009800828400023715,0.1688382402325053,-0.09253515888829704
frozen_GE_teacher,COc1ccc(S(=O)(=O)N[C@@H]2CC[C@H](CC(=O)NCc3ccccc3F)O[C@H]2CO)cc1,10.0025,-0.16598858034226438,-0.16753873904387023,0.009226765527498505,-0.17676550457136875,-0.19641929723347676
frozen_GE_teacher,COc1ccc(S(=O)(=O)N[C@@H]2CC[C@H](CCNC(=O)Cc3ccccn3)O[C@H]2CO)cc1,10.0236,0.17050044059834263,0.17218204244040355,-0.03878025879188449,0.21096230123228804,0.2071848304065117
frozen_GE_teacher,COc1ccc(S(=O)(=O)N[C@H]2C=C[C@H](CC(=O)N3CCc4ccccc4C3)O[C@H]2CO)cc1,9.92394,0.10108852481080105,0.10143498909293786,-0.22211888637535063,0.3235538754682885,0.00014391029121110788
frozen_GE_teacher,COc1ccc(S(=O)(=O)N[C@H]2C=C[C@H](CC(=O)NCCc3ccncc3)O[C@@H]2CO)cc1,10.1227,0.4156902214550496,0.44247059762697133,0.07131370753289865,0.3711568900940727,-0.06863979034736287
frozen_GE_teacher,COc1ccc(S(=O)(=O)N[C@H]2CC[C@@H](CC(=O)N3CCC(Cc4ccccc4)CC3)O[C@H]2CO)cc1,10.0153,0.3133360571330613,0.32424039058594306,-0.059836105598909006,0.38407649618485207,-0.13817785331901897
frozen_GE_teacher,COc1ccc(S(=O)(=O)N[C@H]2CC[C@@H](CCNC(=O)Cc3ccccn3)O[C@H]2CO)cc1,9.99776,0.11654259158276718,0.11707456757739829,-0.09847533563613617,0.21554990321353446,-0.2737620110997748
frozen_GE_teacher,COc1ccc(S(=O)(=O)N[C@H]2CC[C@H](CC(=O)NCc3ccccc3F)O[C@@H]2CO)cc1,10.0635,0.40995558533828597,0.43555783498095874,0.08734764243457102,0.34821019254638774,0.21239942370997536
frozen_GE_teacher,COc1ccc(S(=O)(=O)N[C@H]2CC[C@H](CCNC(=O)Cc3ccccn3)O[C@@H]2CO)cc1,10.0563,-0.16479822185444865,-0.16631490237109678,-0.057951611501421835,-0.10836329086967494,0.07083627292794364
frozen_GE_teacher,COc1ccc(S(=O)(=O)N[C@H]2CC[C@H](CCn3cc(C(C)C)nn3)O[C@H]2CO)cc1,10.1129,-0.6263717647009611,-0.7354228108852334,0.01778032129157593,-0.7532031321768093,-0.1399788220277167
frozen_GE_teacher,COc1ccc(S(=O)(=O)Nc2ccc3c(c2)C(=O)N(C)C[C@@H](OC)[C@@H](C)CN[C@@H](C)CO3)cc1,10.0733,0.09423041077207432,0.09451080838484661,0.0007399626512861988,0.09377084573356041,-0.0975070146348647
frozen_GE_teacher,COc1ccc(S(=O)(=O)Nc2ccc3c(c2)[C@@H]2C[C@H](CC(=O)NCC4CC4)O[C@@H](CO)[C@@H]2O3)cc1,10.0042,0.1235803005087197,0.12421523869532802,-0.022796629323949998,0.147011868019278,0.13396733594026872
frozen_GE_teacher,COc1ccc(S(=O)(=O)Nc2cccc3c2O[C@@H](CN(C)CC2CCCCC2)[C@H](C)CN([C@@H](C)CO)C3=O)cc1,10.065,0.4706561893402533,0.510912910548505,-0.05005845171130857,0.5609713622598136,0.1686889220828544
frozen_GE_teacher,COc1ccc(S(=O)(=O)Nc2cccc3c2O[C@H](CN(C)CC2CCCCC2)[C@@H](C)CN([C@@H](C)CO)C3=O)cc1,10.0184,0.05834904613115122,0.05841540033516242,0.04042572916907256,0.017989671166089856,-0.0011549696280104063
frozen_GE_teacher,COc1ccc(S(=O)(=O)Nc2cccc3c2O[C@H](CN(C)Cc2ccc4c(c2)OCO4)[C@H](C)CN([C@H](C)CO)C3=O)cc1,10.0086,0.18581856853296558,0.18800268014027097,0.10016874894437419,0.08783393119589678,-0.09558530613129922
frozen_GE_teacher,COc1ccc(S(=O)(=O)Nc2ccccc2-c2nnn(CC(=O)Nc3ccccc3OC)n2)cc1,10.0,0.020269147881428255,0.020271924346997483,0.010345612279224,0.009926312067773483,0.22490652573641592
frozen_GE_teacher,COc1ccc(S(=O)(=O)n2c(N)nc3ccccc32)cc1,20.0,0.10026641305052421,0.10060445907090669,0.14491866824017618,-0.044314209169269494,-0.056770652068159
frozen_GE_teacher,COc1ccc([C@@H]2CNC(=O)C2)cc1OC1CCCC1,10.0,0.34015959554638375,0.35427299633076886,0.02261788644349661,0.33165510988727226,-0.2696543151023107
frozen_GE_teacher,COc1ccc([C@@H]2[C@@H]3C(=O)N(C(C)(C)C)C(=O)[C@@H]3[C@]3(C)C(=O)N(c4cccc(C)c4)C(=O)N23)cc1,10.0,0.5046683245002659,0.5555500904021714,0.03867983815956666,0.5168702522426047,0.08947047066105271
frozen_GE_teacher,COc1ccc2[nH]c(C(=O)c3ccccc3)cc2c1,10.0,0.4633130742997818,0.5015217272566777,0.03044777240929518,0.47107395484738246,0.08580693842279666
frozen_GE_teacher,COc1ccc2c(c1)[C@@]1(C)CCC(=O)C[C@@H]1CC2,10.0,0.1702163443003854,0.1718894546630717,0.034707129383081944,0.13718232527998975,-0.2064282813863691
frozen_GE_teacher,COc1ccc2c(c1)[nH]c1c(C)nccc12,10.0,0.3275367464861641,0.340066482666936,-0.04587433633607099,0.38594081900300703,0.09162694058442167
frozen_GE_teacher,COc1ccc2c(c1)c(=O)oc1cc(OCC(=O)NC3CCCCC3)ccc12,10.0,0.2795815302202705,0.28722806137180545,0.3390721858424902,-0.05184412447068476,-0.4512671744740594
frozen_GE_teacher,COc1ccc2c(c1)c(CC(=O)OCC(=O)O)c(C)n2C(=O)c1ccc(Cl)cc1,10.0,-0.1581796262357513,-0.15951905254440485,0.03504512601427541,-0.19456417855868025,-0.17207318694873214
frozen_GE_teacher,COc1ccc2c(c1)sc(=N)n2C,10.0,-0.34601054105494206,-0.36090455403034416,0.07990480293241727,-0.4408093569627614,-0.0761206837510284
frozen_GE_teacher,COc1ccc2c(c1O)-c1cc(O)cc3c1[C@@H](C2)N(C)CC3,10.0,0.4613438333969857,0.49901713383297086,8.224927746110569e-05,0.49893488455550977,0.32014745060569255
frozen_GE_teacher,COc1ccc2cc([C@H](C)C(=O)O)ccc2c1,10.0,-0.06396259438512529,-0.06405003734385019,0.06209532998424599,-0.12614536732809617,-0.23021301847285824
frozen_GE_teacher,COc1ccc2cc1Oc1ccc(cc1)C[C@H]1c3cc(c(OC)cc3CCN1C)Oc1c(OC)c(OC)cc3c1[C@H](C2)N(C)CC3,10.0,0.22685619304194024,0.23087258350544426,-0.03750663928018536,0.26837922278562965,0.4613747839173553
frozen_GE_teacher,COc1ccc2cc3c(N)nn(C(=O)Cc4ccc(Cl)cc4)c3nc2c1,10.0,0.7321381510365419,0.9333202455804445,-0.033618149172400955,0.9669383947528454,0.03099587896208338
frozen_GE_teacher,COc1ccc2cccc(N3CCN(CCNC(=O)c4ccc(F)cc4)CC3)c2c1,10.0,-0.15233774157633606,-0.1535328502212962,0.07205191770038494,-0.22558476792168114,0.05357239078034137
frozen_GE_teacher,COc1ccc2nc(N=C(N)NC(=O)Nc3ccccc3)nc(C)c2c1,10.0,0.28434164895262903,0.29239932042745803,0.1239903975930567,0.16840892283440134,0.21358219559623148
frozen_GE_teacher,COc1cccc(-c2cc(=O)c3cc(OC)ccc3o2)c1,10.0,-0.019037004104628916,-0.019039304322668198,-0.00881614783884271,-0.010223156483825487,0.12804697194911036
frozen_GE_teacher,COc1cccc(-c2cc(C(=O)Nc3nc4ccccc4s3)c3ccccc3n2)c1,10.0,0.4782733591680554,0.5207431311667081,0.0708204958790073,0.4499226352877008,0.23421679145931656
frozen_GE_teacher,COc1cccc(-c2ccc([C@@H]3[C@@H](C#N)N(C(=O)Cc4ccncc4)[C@@H]3CO)cc2)c1,10.0349,0.10186691991093343,0.1022214833383538,-0.05710140080532555,0.15932288414367934,0.13995180159257542
frozen_GE_teacher,COc1cccc(-c2ccc3c(c2)O[C@@H](CN(C)C(=O)C2CCOCC2)[C@H](C)CN([C@H](C)CO)S3(=O)=O)c1,10.0456,0.019338752853649607,0.01934116421115069,0.003363742006612095,0.015977422204538596,-0.039641091748118355
frozen_GE_teacher,COc1cccc(-c2ccc3c(c2)O[C@@H](CN(C)C(=O)c2ccccc2F)[C@@H](C)CN([C@H](C)CO)S3(=O)=O)c1,9.98892,0.1218094272311771,0.1224172986769068,-0.010244593512516654,0.13266189218942345,0.14672999454630595
frozen_GE_teacher,COc1cccc(-c2ccc3c(c2)O[C@@H](CN(C)C(=O)c2ccccc2F)[C@H](C)CN([C@@H](C)CO)S3(=O)=O)c1,10.0176,0.02871629830870414,0.028724195616512474,0.043523125444901785,-0.014798929828389311,0.07303197679946227
frozen_GE_teacher,COc1cccc(-c2ccc3c(c2)O[C@@H](CN(C)Cc2ccncc2)[C@@H](C)CN([C@@H](C)CO)S3(=O)=O)c1,10.0802,0.14207970185038374,0.14304748833483238,-0.0024387626774484347,0.14548625101228083,0.24312378874314042
frozen_GE_teacher,COc1cccc(-c2ccc3c(c2)O[C@@H](CN(C)Cc2ccncc2)[C@@H](C)CN([C@H](C)CO)S3(=O)=O)c1,10.086,-0.3117465186548007,-0.32247877316329954,0.0326089164324951,-0.3550876895957946,-0.053722315709900534
frozen_GE_teacher,COc1cccc(-c2ccc3n(c2=O)C[C@H]2[C@H](CO)[C@@H](C(=O)NCCN4CCCCC4)N(C)[C@@H]32)c1,10.0372,0.26895662155447914,0.2757387423650155,0.009829640118424854,0.26590910224659065,0.3088841311048558
frozen_GE_teacher,COc1cccc(-c2cccc(-c3nc(C(=O)N(C)C)cc4c3[C@@H](CCO)N([S@](=O)C(C)(C)C)C4)c2)c1,10.0327,-0.0723061940576402,-0.07243260089215531,0.030262746794561216,-0.10269534768671652,0.007388522164180067
frozen_GE_teacher,COc1cccc(-c2cccc(-c3nc(C(=O)N4CCN(C)CC4)cc4c3[C@@H](CCO)N(S(=O)C(C)(C)C)C4)c2)c1,10.0598,0.3786586796214184,0.3984928865053297,-0.13035466827159745,0.5288475547769271,-0.14710681115695148
frozen_GE_teacher,COc1cccc(-c2cn(CC[C@@H]3CC[C@@H](NS(=O)(=O)Cc4ccccc4)[C@@H](CO)O3)nn2)c1,10.0511,0.23172018743408915,0.23600649581885053,0.17853640653938252,0.057470089279468006,-0.0454941469821995
frozen_GE_teacher,COc1cccc(-c2cn(CC[C@H]3CC[C@@H](NC(=O)CN(C)C)[C@@H](CO)O3)nn2)c1,9.99328,0.12446626009896737,0.12511503887111045,-0.004864942802161267,0.1299799816732717,0.1386106678205504
frozen_GE_teacher,COc1cccc(-c2cnc3c(c2)C(=O)N([C@@H](C)CO)C[C@H](C)[C@@H](CN(C)Cc2ccc(C(=O)O)cc2)O3)c1,10.1787,0.24376852659887072,0.24877683652837745,0.08802506310793015,0.1607517734204473,0.07652181769067576
frozen_GE_teacher,COc1cccc(-c2cnc3c(c2)C(=O)N([C@H](C)CO)C[C@H](C)[C@@H](CN(C)Cc2ccc(C(=O)O)cc2)O3)c1,10.0122,0.07131420450464931,0.0714354693427325,-0.039135324952095187,0.11057079429482769,0.012961975166018137
frozen_GE_teacher,COc1cccc(-c2cnc3c(c2)C(=O)N([C@H](C)CO)C[C@H](C)[C@H](CN(C)C(=O)NC(C)C)O3)c1,10.0265,-0.039113793824110524,-0.03913375873968855,0.014317267469569133,-0.053451026209257686,-0.08181958494402558
frozen_GE_teacher,COc1cccc(-c2cnc3c(c2)C(=O)N([C@H](C)CO)C[C@H](C)[C@H](CN(C)S(=O)(=O)c2cn(C)cn2)O3)c1,10.1273,-0.1940884979321873,-0.19658223626104113,0.057888512571337605,-0.25447074883237875,0.14349476058286392
frozen_GE_teacher,COc1cccc(C#Cc2ccc([C@@H]3[C@@H](CO)N(C(=O)c4ccccn4)[C@H]3C#N)cc2)c1,10.0721,-0.005548005046453805,-0.005548061970702628,0.016518220143306662,-0.022066282114009288,0.011922393462557263
frozen_GE_teacher,COc1cccc(C#Cc2ccc([C@H]3[C@@H](C#N)N(C(=O)c4ccccn4)[C@@H]3CO)cc2)c1,9.96222,-0.09511913870919506,-0.09540757437738158,-0.03841536018994031,-0.05699221418744127,-0.03398695047616189
frozen_GE_teacher,COc1cccc(C#Cc2ccc([C@H]3[C@@H](CO)N(C(=O)c4ccccn4)[C@H]3C#N)cc2)c1,10.0988,-0.1374180980119596,-0.13829302163060153,-0.00047467744120422047,-0.1378183441893973,0.17744655384173696
frozen_GE_teacher,COc1cccc(C(=O)Nc2ccc(C(=O)O)cc2)c1,10.0,0.2945103253360935,0.30349781988659796,-0.15460675092911783,0.45810457081571576,0.0006991913085334922
frozen_GE_teacher,COc1cccc(C(=O)Nc2ccc(F)c(F)c2F)c1,10.0,0.18516952001969292,0.1873305033125521,0.07443959564109062,0.11289090767146148,0.37028979195621214
frozen_GE_teacher,COc1cccc(C(=O)Nc2ccc3c(c2)C(=O)N(C)C[C@@H](OC)[C@@H](C)CN(C(C)=O)[C@H](C)CO3)c1,10.0321,0.47100511380735666,0.5113612160660239,0.05094265654942112,0.4604185595166028,0.07365403478888585
frozen_GE_teacher,COc1cccc(C(=O)Nc2ccc3c(c2)C(=O)N(C)C[C@@H](OC)[C@@H](C)CN[C@H](C)CO3)c1,10.0484,0.5147246555080714,0.5691362527197483,0.06469641406352626,0.5044398386562221,0.1862353378010872
frozen_GE_teacher,COc1cccc(C(=O)Nc2ccc3c(c2)C(=O)N(C)C[C@@H](OC)[C@H](C)CN(CCc2ccccc2)[C@@H](C)CO3)c1,10.0187,0.045530989274064244,0.045562491458032185,-0.04949920095218677,0.09506169241021895,0.24363205040624494
frozen_GE_teacher,COc1cccc(C(=O)Nc2ccc3c(c2)C(=O)N(C)C[C@H](OC)[C@@H](C)CN(C(C)=O)[C@@H](C)CO3)c1,10.0321,0.010245254818458166,0.010245613306267486,-0.05119634390474261,0.0614419572110101,-0.3942795305120732
frozen_GE_teacher,COc1cccc(C(=O)Nc2ccc3c(c2)C(=O)N(C)C[C@H](OC)[C@@H](C)CN(C(C)=O)[C@H](C)CO3)c1,10.0161,-0.027359572400095067,-0.02736640210243494,-0.12372994233757192,0.09636354023513699,0.20670502472221713
frozen_GE_teacher,COc1cccc(C(=O)Nc2ccc3c(c2)C(=O)N(C)[C@@H]2CC[C@H](CC(=O)NCC(F)(F)F)O[C@@H]2CO3)c1,9.95565,0.366466709656357,0.3843355475301598,0.05021589874990088,0.3341196487802589,0.06129212656151551
frozen_GE_teacher,COc1cccc(C(=O)Nc2ccc3c(c2)C(=O)N(C)[C@@H]2CC[C@H](CC(=O)NCCCN4CCOCC4)O[C@H]2CO3)c1,9.99054,0.34970797026064465,0.3651109955947766,0.025861151712273357,0.33924984388250323,0.109557224084471
frozen_GE_teacher,COc1cccc(C(=O)Nc2ccc3c(c2)C(=O)N(C)[C@H]2CC[C@H](CC(=O)NCC(F)(F)F)O[C@@H]2CO3)c1,10.0476,0.42581734922282133,0.4547764770200756,0.001181093228631967,0.45359538379144365,0.239014371752249
frozen_GE_teacher,COc1cccc(C(=O)Nc2ccc3c(c2)C(=O)N(C)[C@H]2CC[C@H](CC(=O)NCC(F)(F)F)O[C@H]2CO3)c1,10.0911,0.0566892897032871,0.05675013406194229,0.08764940730927626,-0.030899273247333964,-0.08296264365910094
frozen_GE_teacher,COc1cccc(C(=O)Nc2ccc3c(c2)OC[C@@H](C)N(C)C[C@H](C)[C@@H](OC)CN(C)C3=O)c1,9.99288,0.5101974482732942,0.5629966637350091,-0.03674263020079538,0.5997392939358045,0.18651691133849513
frozen_GE_teacher,COc1cccc(CN(C)C[C@H]2OCc3cn(nn3)CCCC(=O)N([C@H](C)CO)C[C@H]2C)c1,9.6374,-0.2143797424193632,-0.2177575912624466,0.05256500572692235,-0.27032259698936895,0.19413397712518382
frozen_GE_teacher,COc1cccc(CNC(=O)C[C@@H]2C=C[C@@H](NC(=O)C3CCC3)[C@@H](CO)O2)c1,10.1263,0.5636106602547757,0.6381090628566202,0.10315293785443089,0.5349561250021893,0.05905234325404976
frozen_GE_teacher,COc1cccc(CNC(=O)C[C@@H]2CC[C@@H]3[C@@H](COc4ccc(NS(=O)(=O)c5ccccc5F)cc4C(=O)N3C)O2)c1,10.0425,-0.016305802554481098,-0.01630724790962494,-0.02765062903210253,0.01134338112247759,-0.1032310609008116
frozen_GE_teacher,COc1cccc(CNC(=O)C[C@@H]2CC[C@H]3[C@H](COc4ccc(NC(=O)c5cccs5)cc4C(=O)N3C)O2)c1,10.1524,0.05320294812649166,0.053253231485707216,0.049909185261147286,0.0033440462245599295,-0.5027688207573765
frozen_GE_teacher,COc1cccc(CNC(=O)C[C@H]2C=C[C@@H](NC(=O)C3CCC3)[C@H](CO)O2)c1,10.0394,-0.07750627034376308,-0.07766203126727944,-0.14486020997956098,0.06719817871228154,0.015056103080033939
frozen_GE_teacher,COc1cccc(CNC(=O)C[C@H]2CC[C@@H]3[C@H](COc4ccc(NC(=O)c5cccs5)cc4C(=O)N3C)O2)c1,10.1037,-0.330776046238778,-0.3436993906839994,0.061441550704480374,-0.4051409413884798,-0.14328038548426492
frozen_GE_teacher,COc1cccc(CNC(=O)C[C@H]2CC[C@H](NC(C)=O)[C@@H](CO)O2)c1,10.0323,0.6090611333724417,0.7074274722417448,0.05865918444402253,0.6487682877977223,0.054782311567753955
frozen_GE_teacher,COc1cccc(CNC(=O)[C@@H]2[C@@H](CO)[C@@H]3Cn4c(cccc4=O)[C@H]2N3C(=O)C2CCCCC2)c1,9.92915,0.6503752934681011,0.7759488397381219,0.05269912500059727,0.7232497147375246,0.2921860726125563
frozen_GE_teacher,COc1cccc(CNC(=O)[C@H]2[C@H](CO)[C@H]3Cn4c(cccc4=O)[C@@H]2N3C(=O)C2CCCCC2)c1,10.0097,0.10946736793678039,0.10990779186276875,0.03357760264691085,0.07633018921585791,-0.027017158511783827
frozen_GE_teacher,COc1cccc(CNC(=O)c2cc3c(c(-c4cccc(-c5ccc(C#N)cc5)c4)n2)[C@@H](CCO)N([S@](=O)C(C)(C)C)C3)c1,9.9531,-0.3887689461665865,-0.4103489694649184,0.04869393095086602,-0.45904290041578444,0.16977297032391633
frozen_GE_teacher,COc1cccc(CNC(=O)c2cc3c(c(-c4cccc(-c5ccc(C#N)cc5)c4)n2)[C@H](CCO)N([S@@](=O)C(C)(C)C)C3)c1,9.99719,-0.4075234797318957,-0.43263789888001614,-0.024756987503446508,-0.4078809113765696,0.16894932641575916
frozen_GE_teacher,COc1cccc(NC(=O)/C=C/c2ccc([N+](=O)[O-])cc2)c1,10.0,0.35326169899772486,0.3691656493758357,-0.04294916298421959,0.41211481236005526,0.1319419897296231
frozen_GE_teacher,COc1cccc(NC(=O)C[C@@H]2CC[C@H]3[C@H](COc4ccc(NC(=O)C5CCOCC5)cc4C(=O)N3C)O2)c1,9.91177,-0.32801222792667417,-0.3405991968659795,0.020784607282348558,-0.36138380414832805,0.060924124199389834
frozen_GE_teacher,COc1cccc(NC(=O)C[C@H]2CC[C@H]3[C@@H](COc4ccc(NC(=O)C5CCOCC5)cc4C(=O)N3C)O2)c1,9.9375,-0.14738805657941112,-0.14846943526474743,0.006191215608964623,-0.15466065087371206,-0.0317580212062823
frozen_GE_teacher,COc1cccc(NC(=O)N(C)C[C@@H]2OCc3ccccc3-c3c(n(C)c4ccccc34)C(=O)N([C@@H](C)CO)C[C@@H]2C)c1,10.0734,0.21804116741930732,0.22159857574631062,-0.07940089263452396,0.3009994683808346,0.17202970866084544
frozen_GE_teacher,COc1cccc(NC(=O)N(C)C[C@@H]2Oc3cc(C#CC4(O)CCCC4)ccc3S(=O)(=O)N([C@@H](C)CO)C[C@H]2C)c1,10.0279,-0.00791968910562954,-0.007919854690056486,0.22335722766751331,-0.2312770823575698,-0.33491257865513563
frozen_GE_teacher,COc1cccc(NC(=O)N(C)C[C@@H]2Oc3cc(C#CC4(O)CCCC4)ccc3S(=O)(=O)N([C@H](C)CO)C[C@H]2C)c1,10.0368,0.11927881268699737,0.11984936838204244,0.028731007451301017,0.09111836093074142,0.1696062600660393
frozen_GE_teacher,COc1cccc(NC(=O)N(C)C[C@@H]2Oc3ncc(C#Cc4ccncc4)cc3C(=O)N([C@@H](C)CO)C[C@H]2C)c1,10.0559,0.006148836689799119,0.006148914183691092,-0.002852955534223784,0.009001869717914876,0.24325622361376456
frozen_GE_teacher,COc1cccc(NC(=O)N(C)C[C@H]2OCc3ccccc3-c3ccccc3C(=O)N([C@H](C)CO)C[C@@H]2C)c1,10.1784,0.42402799615693865,0.4525928484628516,0.03682235648451809,0.4157704919783335,0.2798465845725768
frozen_GE_teacher,COc1cccc(NC(=O)N(C)C[C@H]2OCc3cn(nn3)CCCC(=O)N([C@@H](C)CO)C[C@H]2C)c1,10.1993,0.1943147250364704,0.19681732974463648,-0.07616177592658144,0.2729791056712179,0.2316115451274899
frozen_GE_teacher,COc1cccc(NC(=O)N(C)C[C@H]2OCc3cn(nn3)CCCC(=O)N([C@H](C)CO)C[C@@H]2C)c1,10.0094,0.019024005579287913,0.01902630108807408,0.06660094405335948,-0.047574642965285394,-0.009755928226598397
frozen_GE_teacher,COc1cccc(NC(=O)N(C)C[C@H]2OCc3cnnn3CCCC(=O)N([C@@H](C)CO)C[C@H]2C)c1,10.0059,0.1883364190519458,0.1906118478599625,-0.07449049331315408,0.2651023411731166,0.09712237689690495
frozen_GE_teacher,COc1cccc(NC(=O)N(C)C[C@H]2Oc3cc(-c4ccccc4OC)ccc3S(=O)(=O)N([C@@H](C)CO)C[C@H]2C)c1,10.0176,-0.2376188115516089,-0.2422489106283015,-0.010776233653795271,-0.23147267697450624,-0.23021611891862195
frozen_GE_teacher,COc1cccc(NC(=O)N(C)C[C@H]2Oc3cc(C#CC4(O)CCCC4)ccc3S(=O)(=O)N([C@@H](C)CO)C[C@H]2C)c1,10.0262,-0.01450470220758738,-0.014505719533302477,-0.018478066708154446,0.003972347174851969,0.055600251463270654
frozen_GE_teacher,COc1cccc(NC(=O)N(C)C[C@H]2Oc3ncc(/C=C/c4ccccc4)cc3C(=O)N([C@H](C)CO)C[C@@H]2C)c1,9.96699,0.12103334344017769,0.1216296017072071,0.03687283927516914,0.08475676243203796,-0.058628910430428685
frozen_GE_teacher,COc1cccc(NC(=O)N(C)C[C@H]2Oc3ncc(C#Cc4ccncc4)cc3C(=O)N([C@H](C)CO)C[C@H]2C)c1,10.0925,0.17517527059694685,0.17700083368190217,0.006516552646279472,0.1704842810356227,0.08552620828499635
frozen_GE_teacher,COc1cccc(NC(=O)N2C[C@@H](O)COC[C@H]3O[C@@H](CC(=O)N(C)C)CC[C@@H]32)c1,10.0024,-0.3721096648821314,-0.3908696050763848,0.004117757037368315,-0.3949873621137531,-0.16709813733724113
frozen_GE_teacher,COc1cccc(NC(=O)N2C[C@@H](O)COC[C@H]3O[C@H](CC(=O)N(C)C)CC[C@@H]32)c1,9.96364,-0.1401321496566404,-0.14106037018642636,0.09136593642128485,-0.2324263066077112,-0.23512928352067564
frozen_GE_teacher,COc1cccc(NC(=O)N2C[C@H](O)COC[C@@H]3O[C@H](CC(=O)N(C)C)CC[C@H]32)c1,10.0378,-0.16494351839887386,-0.1664642587820903,0.08886354229088274,-0.25532780107297304,-0.1942364798544176
frozen_GE_teacher,COc1cccc(NC(=O)NCCCCc2ccccc2)c1,10.0,-0.2996093228279585,-0.30909034388951184,-0.0223557583597741,-0.28673458552973774,0.12291909997698712
frozen_GE_teacher,COc1cccc(NC(=O)N[C@@H]2C=C[C@@H](CC(=O)Nc3ccc(-c4ccccc4)cc3)O[C@@H]2CO)c1,10.0808,0.17314279465972718,0.1749047807795588,-0.042272077778234385,0.21717685855779317,-0.09423888082832022
frozen_GE_teacher,COc1cccc(NC(=O)N[C@@H]2CC[C@@H](CC(=O)N3CCCCC3)O[C@H]2CO)c1,10.021,0.05789474977339131,0.057959564083935294,0.09484952729398613,-0.036889963210050836,-0.0234698879050646
frozen_GE_teacher,COc1cccc(NC(=O)Nc2ccc3c(c2)C(=O)N(C)C[C@@H](OC)[C@@H](C)CN(CC2CC2)[C@@H](C)CO3)c1,9.97027,-0.30471333902956543,-0.3147072048472903,0.01618921153182122,-0.33089641637911155,0.16961002415850446
frozen_GE_teacher,COc1cccc(Nc2c(F)c(F)c(F)c(F)c2C(=O)O)c1,20.0,0.2820203644479896,0.2898756581771091,0.06645530151788344,0.22342035665922566,0.22851020562010377
frozen_GE_teacher,COc1cccc(S(=O)(=O)N(C)C[C@@H]2OCc3ccccc3-c3c(n(C)c4ccccc34)C(=O)N([C@H](C)CO)C[C@@H]2C)c1,9.86023,0.12003974978714026,0.12062135915067052,0.15516597834744172,-0.03454461919677121,-0.26559720676318227
frozen_GE_teacher,COc1cccc(S(=O)(=O)N(C)C[C@@H]2OCc3ccccc3-c3c(n(C)c4ccccc34)C(=O)N([C@H](C)CO)C[C@H]2C)c1,9.89215,0.48388354125970506,0.5280427545792294,0.061658147689333156,0.4663846068898963,-0.188948200321002
frozen_GE_teacher,COc1cccc(S(=O)(=O)N(C)C[C@@H]2OCc3ccccc3-c3ccccc3C(=O)N([C@@H](C)CO)C[C@@H]2C)c1,10.0371,0.22865260989830807,0.23276728296067667,0.11984172904384681,0.11292555391682986,0.024240171296465565
frozen_GE_teacher,COc1cccc(S(=O)(=O)N(C)C[C@@H]2OCc3cnnn3CCCC(=O)N([C@@H](C)CO)C[C@@H]2C)c1,10.0125,0.14914835022262046,0.1502692965942981,0.11639533266827301,0.0338739639260251,-0.012573466197602315
frozen_GE_teacher,COc1cccc(S(=O)(=O)N2C[C@H](O)COC[C@@H]3O[C@@H](CC(=O)NCCCN4CCOCC4)CC[C@H]32)c1,10.0416,0.15848627928624326,0.15983359086055104,0.07865456380596787,0.08117902705458317,0.023422481277968227
frozen_GE_teacher,COc1cccc(S(=O)(=O)N2C[C@H](O)COC[C@@H]3O[C@H](CC(=O)NCCCN4CCOCC4)CC[C@H]32)c1,10.1568,0.04813252826426492,0.04816975020708122,0.08972009295328047,-0.04155034274619925,-0.1517900271160965
frozen_GE_teacher,COc1cccc(S(=O)(=O)N2C[C@H](O)COC[C@H]3O[C@H](CC(=O)N4CCN(c5ccccc5)CC4)CC[C@@H]32)c1,10.0416,0.07301563680649047,0.07314580913193307,0.15797201632249463,-0.08482620719056157,0.06019295800635863
frozen_GE_teacher,COc1cccc(S(=O)(=O)N2C[C@H](O)COC[C@H]3O[C@H](CC(=O)NCCCN4CCOCC4)CC[C@@H]32)c1,10.0273,-0.1898196171394682,-0.19215003730844107,0.08864368271224889,-0.28079372002069,-0.29000867468131436
frozen_GE_teacher,COc1cccc(S(=O)(=O)N[C@@H]2C=C[C@@H](CC(=O)NC3Cc4ccccc4C3)O[C@@H]2CO)c1,10.0065,-0.1880272020955423,-0.19029127878219781,0.06204070468434829,-0.2523319834665461,-0.16912949633130775
frozen_GE_teacher,COc1cccc(S(=O)(=O)N[C@@H]2C=C[C@@H](CC(=O)NCc3ccc(F)cc3)O[C@@H]2CO)c1,10.0775,-0.08178243434705001,-0.08196549985597226,0.010852111321593185,-0.09281761117756544,-0.19573138083852826
frozen_GE_teacher,COc1cccc(S(=O)(=O)N[C@@H]2C=C[C@H](CC(=O)NCc3ccc(F)cc3)O[C@H]2CO)c1,10.0934,-0.122031114745967,-0.12264233120042908,0.03906777766575019,-0.16171010886617926,-0.3529956003170851
frozen_GE_teacher,COc1cccc(S(=O)(=O)N[C@@H]2CC[C@@H](CC(=O)NCc3ccncc3)O[C@@H]2CO)c1,9.96238,0.4832224436263514,0.5271799015680466,0.013991421416690929,0.5131884801513557,-0.30914546397237685
frozen_GE_teacher,COc1cccc(S(=O)(=O)N[C@@H]2CC[C@@H](CC(=O)NCc3ccncc3)O[C@H]2CO)c1,9.97563,0.29737646516069005,0.30663908227937803,-0.18816297423269945,0.4948020565120775,0.3220679721650949
frozen_GE_teacher,COc1cccc(S(=O)(=O)N[C@H]2C=C[C@@H](CC(=O)NCc3ccc(F)cc3)O[C@@H]2CO)c1,10.0205,0.07717343057891128,0.07732718865408648,-0.03469964480176269,0.11202683345584918,0.15171112682906068
frozen_GE_teacher,COc1cccc(S(=O)(=O)N[C@H]2CC[C@@H](CCn3cc(-c4ccccc4OC)nn3)O[C@@H]2CO)c1,10.0503,0.24666684462553812,0.25186058855930604,0.052317463593291876,0.19954312496601417,-0.08570325125303364
frozen_GE_teacher,COc1cccc(S(=O)(=O)N[C@H]2CC[C@@H](CCn3cc(-c4ccccc4OC)nn3)O[C@H]2CO)c1,10.0733,0.11150703058513599,0.11197266200188453,0.010888330661677553,0.10108433134020699,0.007195727671251611
frozen_GE_teacher,COc1cccc(S(=O)(=O)N[C@H]2CC[C@H](CC(=O)NCc3ccncc3)O[C@@H]2CO)c1,9.95826,0.38922086563049896,0.4108814645178914,-0.02409354664210592,0.43497501115999737,0.001762080404013374
frozen_GE_teacher,COc1cccc(S(=O)(=O)Nc2ccc3c(c2)OC[C@@H](C)N(Cc2ccccc2F)C[C@H](C)[C@H](OC)CN(C)C3=O)c1,9.9633,0.34573409454581955,0.36059054312868577,0.022296655341186522,0.33829388778749925,0.3252065223308697
frozen_GE_teacher,COc1cccc(S(=O)(=O)Nc2ccc3c(c2)OC[C@H](C)N(Cc2ccccc2F)C[C@@H](C)[C@H](OC)CN(C)C3=O)c1,10.0535,0.01220251452376769,0.012203120234888865,0.09703023659650628,-0.08482711636161741,-0.20413004509823524
frozen_GE_teacher,COc1cccc(S(=O)(=O)Nc2ccc3c(c2)OC[C@H](C)NC[C@H](C)[C@H](OC)CN(C)C3=O)c1,9.95773,0.16091930619793338,0.16233029759310802,0.042627368390677385,0.11970292920243064,-0.14801780298845835
frozen_GE_teacher,COc1cccc(S(=O)(=O)Nc2ccc3c(c2)[C@@H]2C[C@@H](CC(=O)NCc4ccc(Cl)cc4)O[C@@H](CO)[C@@H]2O3)c1,10.0494,0.16483041419989275,0.16634799359868954,0.024121075131583066,0.14222691846710647,0.13424608993435627
frozen_GE_teacher,COc1cccc(S(=O)(=O)Nc2ccc3c(c2)[C@@H]2C[C@H](CC(=O)NCC(F)(F)F)O[C@H](CO)[C@@H]2O3)c1,9.9949,-0.19408759391998373,-0.19658129686149747,-0.03534043521293707,-0.1612408616485604,0.09630494474768977
frozen_GE_teacher,COc1cccc(S(=O)(=O)Nc2ccc3c(c2)[C@@H]2C[C@H](CC(=O)NCCc4ccccc4)O[C@@H](CO)[C@@H]2O3)c1,9.98032,0.20248148597672513,0.20531877805925,-0.02355669826764176,0.22887547632689176,-0.13283966049630122
frozen_GE_teacher,COc1cccc(S(=O)(=O)Nc2ccc3c(c2)[C@@H]2C[C@H](CC(=O)NCc4ccc(Cl)cc4)O[C@@H](CO)[C@@H]2O3)c1,10.0662,0.25392494587556724,0.25960383186943925,-0.02280759551914813,0.2824114273885874,-0.01321524228677538
frozen_GE_teacher,COc1cccc(S(=O)(=O)Nc2ccc3c(c2)[C@H]2C[C@@H](CC(=O)NCc4cccc(F)c4)O[C@@H](CO)[C@H]2O3)c1,10.127,0.12266190964246848,0.12328271176417763,-0.04327400474291395,0.16655671650709158,0.2834237049922313
frozen_GE_teacher,COc1cccc(S(=O)(=O)Nc2ccc3c(c2)[C@H]2C[C@H](CC(=O)N4CCCCC4)O[C@H](CO)[C@H]2O3)c1,10.1414,-0.030268033740389628,-0.030277282216786248,-0.043132980209548935,0.012855697992762687,-0.07094726175083864
frozen_GE_teacher,COc1cccc(S(=O)(=O)Nc2ccc3c(c2)[C@H]2C[C@H](CC(=O)NCc4ccc(Cl)cc4)O[C@@H](CO)[C@H]2O3)c1,9.98124,0.2613852794458024,0.26759469579094475,-0.001782076853608653,0.2693767726445534,0.06005158920289269
frozen_GE_teacher,COc1cccc(S(=O)(=O)Nc2ccc3c(c2)[C@H]2C[C@H](CC(=O)NCc4cccc(F)c4)O[C@H](CO)[C@H]2O3)c1,10.0425,0.0839886893455005,0.0841870176440252,0.03769031794616262,0.046496699697862576,-0.08811684093022701
frozen_GE_teacher,COc1cccc(S(=O)(=O)Nc2ccc3c(c2)[C@H]2C[C@H](CC(=O)NCc4ccccc4F)O[C@@H](CO)[C@H]2O3)c1,10.0723,0.07512205012246305,0.075263843193178,-0.1761664930851246,0.2514303362783026,0.2177208561921886
frozen_GE_teacher,COc1ccccc1-c1c(C)nn2c(N3CCN(Cc4ccccc4)CC3)cc(C)nc12,10.0,0.3231301178170188,0.33513822654022246,0.09102985876416492,0.24410836777605754,0.24049637807754615
frozen_GE_teacher,COc1ccccc1-c1cc(=O)c2cccc(OC)c2o1,10.0,-0.1945744035520859,-0.1970872121622902,0.03310170588410308,-0.23018891804639327,0.15706048863956706
frozen_GE_teacher,COc1ccccc1-c1ccc([C@@H]2[C@@H](C#N)N(C(=O)CN(C)C)[C@H]2CO)cc1,10.0398,0.044987688858342895,0.04501807584363326,0.031007471416275353,0.014010604427357905,0.036180456303518085
frozen_GE_teacher,COc1ccccc1-c1ccc([C@@H]2[C@@H](C#N)N[C@@H]2CO)cc1,10.0193,0.16652590220900118,0.16809133550404284,-0.10206587286204147,0.2701572083660843,-0.10286140561781404
frozen_GE_teacher,COc1ccccc1-c1ccc([C@H]2[C@@H](C#N)N(C(=O)CN(C)C)[C@H]2CO)cc1,10.3742,-0.17040360940375437,-0.1720823137387175,-0.05141682541870776,-0.12066548832000973,0.14945277326468234
frozen_GE_teacher,COc1ccccc1-c1ccc2c(c1)O[C@@H](CN(C)Cc1ccc3c(c1)OCO3)[C@H](C)CN([C@@H](C)CO)S2(=O)=O,10.0596,0.4448509629690954,0.47826242126267426,0.043821906584794415,0.43444051467787986,0.2790264954220831
frozen_GE_teacher,COc1ccccc1-c1ccc2c(c1)O[C@@H](CN(C)S(=O)(=O)c1ccc(F)cc1)[C@@H](C)CN([C@H](C)CO)S2(=O)=O,10.0285,-0.028639609199609298,-0.028647443384423,-0.02126104370670452,-0.007386399677718477,0.016164622752879353
frozen_GE_teacher,COc1ccccc1-c1ccc2c(c1)O[C@H](CN(C)CC1CCOCC1)[C@H](C)CN([C@H](C)CO)S2(=O)=O,10.0486,-0.004691454243886916,-0.004691488663575405,0.043891648917354115,-0.04858313758092952,0.2686093190675999
frozen_GE_teacher,COc1ccccc1-c1ccc2c(c1)O[C@H](CN(C)S(=O)(=O)c1ccc(F)cc1)[C@@H](C)CN([C@H](C)CO)S2(=O)=O,9.98793,0.2343467745519281,0.2387839113486755,-0.006526525568897589,0.2453104369175731,0.11412396802631672
frozen_GE_teacher,COc1ccccc1-c1ccc2c(c1)O[C@H](CN(C)S(=O)(=O)c1ccc(F)cc1)[C@H](C)CN([C@@H](C)CO)S2(=O)=O,10.0127,0.03164841929450483,0.03165899223831707,0.022454716137073,0.009204276101244073,-0.015341739457103114
frozen_GE_teacher,COc1ccccc1-c1ccc2n(c1=O)C[C@H]1[C@H](CO)[C@@H](C(=O)N3CCCCC3)N(C)[C@@H]21,10.1018,0.011134743255822694,0.011135203461186897,0.051426317598150306,-0.04029111413696341,-0.2626815042612732
frozen_GE_teacher,COc1ccccc1-c1cccc(-c2nc(C(=O)N3CCN(C)CC3)cc3c2[C@@H](CCO)N([S@](=O)C(C)(C)C)C3)c1,10.09,-0.14917782472698785,-0.15029944181865557,-0.058482327982502684,-0.09181711383615287,-0.03580436475899478
frozen_GE_teacher,COc1ccccc1-c1cccc(-c2nc(C(=O)N3CCOCC3)cc3c2[C@@H](CCO)N([S@](=O)C(C)(C)C)C3)c1,10.104,-0.3419878730201503,-0.35634195988854883,0.06075825033326879,-0.41710021022181765,0.4377560568921762
frozen_GE_teacher,COc1ccccc1-c1cn(CC[C@@H]2CC[C@H](NC(=O)c3cnccn3)[C@H](CO)O2)nn1,10.035,0.38254393702626915,0.40303630042533173,0.14468686658197197,0.25834943384335973,0.2459731189980773
frozen_GE_teacher,COc1ccccc1-c1cnc2c(c1)C(=O)N([C@H](C)CO)C[C@@H](C)[C@H](CN(C)CC1CCOCC1)O2,10.0381,0.03763583107909537,0.03765361602666746,0.810181400612177,-0.7725277845855095,-0.6583998473712162
frozen_GE_teacher,COc1ccccc1-n1cc([C@@H]2C[C@H]3CN(c4ccccc4)C(=O)[C@]34CCCN24)cn1,10.0,0.012403918445782423,0.012404554648538046,0.04036330639323693,-0.027958751744698883,0.1924496012477217
frozen_GE_teacher,COc1ccccc1C#Cc1ccc([C@@H]2[C@@H](C#N)N(C(=O)C3CC3)[C@@H]2CO)cc1,10.008,0.036771947463511624,0.03678853497288502,-0.019838790027809285,0.056627325000694305,-0.11241908337450854
frozen_GE_teacher,COc1ccccc1C#Cc1ccc([C@H]2[C@@H](C#N)N(C(=O)C3CC3)[C@@H]2CO)cc1,10.1255,0.010575264385860704,0.010575658644836802,-0.09142396921384613,0.10199962785868293,0.15470215924250139
frozen_GE_teacher,COc1ccccc1C#Cc1ccc([C@H]2[C@H](C#N)N(C(=O)C3CC3)[C@H]2CO)cc1,10.0531,0.131669611333925,0.13243853952078954,0.03653070891185471,0.09590783060893483,0.09713480283323668
frozen_GE_teacher,COc1ccccc1C#Cc1ccc2c(c1)O[C@@H](CN(C)Cc1cccnc1)[C@H](C)CN([C@H](C)CO)S2(=O)=O,10.0481,0.05125609070553509,0.05130104803585362,0.047545454031321197,0.003755594004532424,0.02810544246657956
frozen_GE_teacher,COc1ccccc1C#Cc1ccc2c(c1)O[C@H](CN(C)Cc1cccnc1)[C@H](C)CN([C@H](C)CO)S2(=O)=O,10.0395,-0.045375419472643404,-0.04540659958465236,0.8403861069443943,-0.8857927065290466,-0.7546213735730039
frozen_GE_teacher,COc1ccccc1C#Cc1cnc2c(c1)C(=O)N([C@@H](C)CO)C[C@@H](C)[C@@H](CN(C)S(=O)(=O)c1cn(C)cn1)O2,10.0287,-0.08662228090883127,-0.08683991599537678,0.020054197004635368,-0.10689411300001216,-0.10200601233504378
frozen_GE_teacher,COc1ccccc1C#Cc1cnc2c(c1)C(=O)N([C@@H](C)CO)C[C@@H](C)[C@H](CN(C)C(=O)c1ccc3c(c1)OCO3)O2,10.0102,0.16354045666654524,0.1650222993094865,0.03904653351788317,0.12597576579160333,-0.07966546835497126
frozen_GE_teacher,COc1ccccc1C#Cc1cnc2c(c1)C(=O)N([C@@H](C)CO)C[C@H](C)[C@H](CN(C)S(=O)(=O)c1cn(C)cn1)O2,10.0479,0.13943424058611803,0.14034855263845433,-0.024377055636938767,0.1647256082753931,0.1637471158691936
frozen_GE_teacher,COc1ccccc1C(=O)Nc1ccc2c(c1)C(=O)N(C)C[C@@H](OC)[C@@H](C)CN(CC1CC1)[C@H](C)CO2,10.0588,0.19983870169595902,0.20256454063168355,0.05705536256461542,0.14550917806706815,-0.09270429064226854
frozen_GE_teacher,COc1ccccc1C(=O)Nc1ccc2c(c1)C(=O)N(C)C[C@@H](OC)[C@H](C)CN(C)[C@@H](C)CO2,10.0216,0.1042309805720456,0.10461091878088358,0.07319739174668315,0.03141352703420043,-0.27610941594202726
frozen_GE_teacher,COc1ccccc1C(=O)Nc1ccc2c(c1)C(=O)N(C)C[C@@H](OC)[C@H](C)CN(CC1CC1)[C@@H](C)CO2,10.0541,-0.2725608447074491,-0.2796281010822586,-0.05337446527289037,-0.22625363580936825,-0.06365213992348069
frozen_GE_teacher,COc1ccccc1C(=O)Nc1ccc2c(c1)C(=O)N(C)C[C@@H](OC)[C@H](C)CN(CC1CC1)[C@H](C)CO2,10.0193,0.24800126238463693,0.2532819576047783,-0.0017046234442874078,0.2549865810490657,0.2283304895376377
frozen_GE_teacher,COc1ccccc1C(=O)Nc1ccc2c(c1)C(=O)N(C)C[C@H](OC)[C@@H](C)CN(C)[C@@H](C)CO2,9.96286,0.4710660990665821,0.5114395906503434,0.028961811075409783,0.4824777795749336,0.07819237669002588
frozen_GE_teacher,COc1ccccc1C(=O)Nc1ccc2c(c1)C(=O)N(C)[C@@H]1CC[C@H](CC(=O)NCCc3ccncc3)O[C@H]1CO2,9.86287,0.1877817196027238,0.19003681153641241,-0.09320340194066112,0.2832402134770735,0.027378237944775313
frozen_GE_teacher,COc1ccccc1C(=O)Nc1ccc2c(c1)OC[C@H](C)N(C(C)=O)C[C@@H](C)[C@H](OC)CN(C)C2=O,10.0652,0.23402909315267573,0.23844779604197103,0.04341657668372847,0.19503121935824255,0.04924074455957698
frozen_GE_teacher,COc1ccccc1CN(C)C[C@@H]1OCc2ccccc2-c2ccccc2C(=O)N([C@H](C)CO)C[C@@H]1C,9.97715,0.3893782276686044,0.4110669354425881,0.1078934638506287,0.3031734715919594,0.0430142993500052
frozen_GE_teacher,COc1ccccc1CN(C)C[C@@H]1OCc2cn(nn2)CCCC(=O)N([C@H](C)CO)C[C@@H]1C,10.2146,0.06582921723917137,0.06592455524338564,-0.004524873866134657,0.0704494291095203,-0.15605989055412633
frozen_GE_teacher,COc1ccccc1CN(C)C[C@@H]1OCc2cnnn2CCCC(=O)N([C@H](C)CO)C[C@@H]1C,10.0905,-0.12975159652973067,-0.1304871846679065,-0.09665461354360863,-0.033832571124297856,0.17503956030705117
frozen_GE_teacher,COc1ccccc1CN1C[C@@H](C)[C@H](OC)CN(C)C(=O)c2cc(NC(C)=O)ccc2OC[C@@H]1C,9.97519,-0.23274482118654366,-0.23708954037755497,-0.05229161076508464,-0.18479792961247032,0.19496576681488792
frozen_GE_teacher,COc1ccccc1CN1C[C@H](C)[C@@H](OC)CN(C)C(=O)c2cc(NC(C)=O)ccc2OC[C@@H]1C,9.97004,-0.1589640400778706,-0.16032369929574058,0.001041036590321981,-0.16136473588606257,0.006633112160420349
frozen_GE_teacher,COc1ccccc1CN1C[C@H](C)[C@@H](OC)CN(C)C(=O)c2cc(NC(C)=O)ccc2OC[C@H]1C,10.0049,0.06390311382924325,0.0639903126687258,-0.04051024393825428,0.10450055660698009,-0.044218554295002765
frozen_GE_teacher,COc1ccccc1CNC(=O)C[C@@H]1CC[C@@H]2[C@@H](COc3ccc(NS(=O)(=O)c4ccc(C)cc4)cc3C(=O)N2C)O1,10.1381,0.09608775153349997,0.09638512208528435,-0.005220715846305589,0.10160583793158995,0.13635969665780054
frozen_GE_teacher,COc1ccccc1CNC(=O)C[C@@H]1CC[C@H]2[C@@H](COC[C@H](O)CN2C(=O)Nc2ccc(F)cc2)O1,10.0963,-0.06948498715737603,-0.06959714052551648,0.015420311942038599,-0.08501745246755507,0.2935084223904842
frozen_GE_teacher,COc1ccccc1CNC(=O)C[C@@H]1CC[C@H]2[C@@H](COC[C@H](O)CN2Cc2cccc(-c3ccncc3)c2)O1,10.0742,0.2607323814632011,0.266894047387282,0.11068430312217392,0.15620974426510809,0.15958831940075846
frozen_GE_teacher,COc1ccccc1CNC(=O)C[C@@H]1C[C@@H]2c3cc(NC(=O)Nc4ccccc4F)ccc3O[C@@H]2[C@@H](CO)O1,9.80771,0.030499355864735674,0.030508818088887207,-0.10261259334754078,0.13312141143642797,0.213493346363975
frozen_GE_teacher,COc1ccccc1CNC(=O)C[C@@H]1C[C@H]2c3cc(N(C)C)ccc3O[C@H]2[C@@H](CO)O1,10.0247,0.38163368251175406,0.4019704386445664,-0.1000425814826152,0.5020130201271816,-0.005063736958015624
frozen_GE_teacher,COc1ccccc1CNC(=O)C[C@@H]1C[C@H]2c3cc(NC(=O)C4CCOCC4)ccc3O[C@H]2[C@@H](CO)O1,10.0725,-0.21563258717670394,-0.2190711593939321,0.12501826852706194,-0.34408942792099406,-0.05118372391073697
frozen_GE_teacher,COc1ccccc1CNC(=O)C[C@@H]1C[C@H]2c3cc(NC(=O)C4CCOCC4)ccc3O[C@H]2[C@H](CO)O1,10.1036,0.4204642008807874,0.44825578122852594,-0.0022970602398253636,0.4505528414683513,0.05418969349088518
frozen_GE_teacher,COc1ccccc1CNC(=O)C[C@@H]1C[C@H]2c3cc(NC(=O)CN(C)C)ccc3O[C@H]2[C@H](CO)O1,9.92629,-0.02991644467924273,-0.029925374484466503,-0.046177353260482945,0.016251978776016442,-0.019249534507258942
frozen_GE_teacher,COc1ccccc1CNC(=O)C[C@@H]1C[C@H]2c3cc(NC(=O)NC4CCCC4)ccc3O[C@H]2[C@@H](CO)O1,9.75061,-0.1810895340823599,-0.18310893438201534,0.05486133814960466,-0.23797027253162,-0.09108882279676479
frozen_GE_teacher,COc1ccccc1CNC(=O)C[C@@H]1C[C@H]2c3cc(NC(=O)NC4CCCC4)ccc3O[C@H]2[C@H](CO)O1,9.92941,-0.007154473787915208,-0.0071545958624770626,-0.04820143606752132,0.04104684020504426,0.00041021087081994506
frozen_GE_teacher,COc1ccccc1CNC(=O)C[C@@H]1C[C@H]2c3cc(NS(C)(=O)=O)ccc3O[C@H]2[C@H](CO)O1,10.0887,0.3238011853398607,0.3358877128809693,-0.04329612085223192,0.3791838337332012,-0.13793705694875952
frozen_GE_teacher,COc1ccccc1CNC(=O)C[C@H]1CC[C@@H]2[C@H](COC[C@H](O)CN2C(=O)Nc2ccc(F)cc2)O1,10.0266,-0.036421749029866404,-0.03643786687557892,-0.058165866312173346,0.021727999436594425,0.36672777030693265
frozen_GE_teacher,COc1ccccc1CNC(=O)C[C@H]1CC[C@H]2[C@@H](COC[C@H](O)CN2C(=O)Nc2ccc(F)cc2)O1,10.0007,-0.015214832603353127,-0.015216006799383548,-0.062034036682769286,0.04681802988338574,-0.05458022100354648
frozen_GE_teacher,COc1ccccc1CNC(=O)C[C@H]1CC[C@H]2[C@@H](COC[C@H](O)CN2Cc2cccc(-c3ccncc3)c2)O1,10.1074,0.21531864531227313,0.21874193156329982,0.1299895078786668,0.08875242368463301,-0.020229508739690594
frozen_GE_teacher,COc1ccccc1CNC(=O)C[C@H]1C[C@@H]2c3cc(NC(=O)CN(C)C)ccc3O[C@@H]2[C@H](CO)O1,10.0769,0.05091417062443515,0.05095823331102249,0.009658284660913072,0.04129994865010942,-0.04810727928205284
frozen_GE_teacher,COc1ccccc1CNC(=O)C[C@H]1C[C@@H]2c3cc(NC(=O)c4ccc5c(c4)OCO5)ccc3O[C@@H]2[C@@H](CO)O1,10.0125,0.057040058635632364,0.057102040920853636,-0.06467726900305104,0.12177930992390468,0.1890070804376432
frozen_GE_teacher,COc1ccccc1CNC(=O)C[C@H]1C[C@@H]2c3cc(NC(=O)c4cccnc4)ccc3O[C@@H]2[C@@H](CO)O1,10.0323,0.13419826075616317,0.13501267914498782,-0.057141735886390654,0.19215441503137848,0.28812844661460185
frozen_GE_teacher,COc1ccccc1CNC(=O)C[C@H]1C[C@H]2c3cc(NC(=O)CN(C)C)ccc3O[C@H]2[C@@H](CO)O1,9.93909,0.40671353357791756,0.4316670365971995,-0.04642753241076579,0.4780945690079653,-0.043807545420960714
frozen_GE_teacher,COc1ccccc1CNC(=O)C[C@H]1C[C@H]2c3cc(NC(=O)CN(C)C)ccc3O[C@H]2[C@H](CO)O1,10.0296,-0.4001181092262552,-0.4237895443247496,-0.08714607875335206,-0.3366434655713975,-0.19419875269696307
frozen_GE_teacher,COc1ccccc1CNC(=O)C[C@H]1C[C@H]2c3cc(NC(=O)Cc4ccncc4)ccc3O[C@H]2[C@@H](CO)O1,10.0166,0.6724649575221592,0.8152293951725793,0.054194842367156326,0.761034552805423,-0.024986899455532237
frozen_GE_teacher,COc1ccccc1CNC(=O)C[C@H]1C[C@H]2c3cc(NC(=O)NC4CCCC4)ccc3O[C@H]2[C@H](CO)O1,10.0149,0.04212009203107421,0.042145027027447296,-0.02285977388336804,0.06500480091081534,0.14116827931360937
frozen_GE_teacher,COc1ccccc1CNC(=O)C[C@H]1C[C@H]2c3cc(NC(=O)c4cccnc4)ccc3O[C@H]2[C@@H](CO)O1,10.0845,0.10486049472353993,0.10524738945870714,0.012547912408079853,0.09269947705062728,0.20187072360355385
frozen_GE_teacher,COc1ccccc1CNC(=O)C[C@H]1C[C@H]2c3cc(NS(=O)(=O)c4ccc(F)cc4)ccc3O[C@H]2[C@@H](CO)O1,10.0275,-0.05480127165630726,-0.054856230069923254,-0.16277052034037148,0.10791429027044823,-0.13813197616128442
frozen_GE_teacher,COc1ccccc1N1CCN(C(=O)CSc2nnc3n2C(C)(C)Cc2ccccc2-3)CC1,10.0,0.3330726238003379,0.34628032071875814,-0.032524536412612964,0.37880485713137113,0.12237569357549599
frozen_GE_teacher,COc1ccccc1N1CCN(CC(C(=O)NC(C)(C)C)c2ccccc2)CC1,10.0,0.8076841801787836,1.1203314655086365,0.17175629587746005,0.9485751696311764,-0.2553324202878458
frozen_GE_teacher,COc1ccccc1N1CCN(CCCCN2C(=O)CCC2=O)CC1,10.0,0.22000584892561734,0.22366225544209978,0.018051315416519793,0.20561094002557997,0.4112808831896125
frozen_GE_teacher,COc1ccccc1N1CCNCC1,10.0,0.3612525420128514,0.3783256899070135,0.004425843837774366,0.3738998460692391,0.054164942529633456
frozen_GE_teacher,COc1ccccc1N=c1scc(-c2ccc3c(c2)NC(=O)CO3)n1CC1CCCO1,10.0,0.5772194662988749,0.6582827663470054,0.2983714045985947,0.35991136174841076,0.2869040140629676
frozen_GE_teacher,COc1ccccc1NC(=O)CSc1nc2ccccc2n1C(C)=O,10.0,-0.11402684816983895,-0.11452493670834342,0.06453575168051073,-0.17906068838885414,0.16127389166809564
frozen_GE_teacher,COc1ccccc1NC(=O)N(C)C[C@@H]1OCc2ccccc2-c2c(n(C)c3ccccc23)C(=O)N([C@@H](C)CO)C[C@@H]1C,9.91131,0.0629502339805103,0.06303358388108898,-0.04245045970576804,0.10548404358685702,-0.05843245209327022
frozen_GE_teacher,COc1ccccc1NC(=O)N(C)C[C@@H]1OCc2cnnn2CCCC(=O)N([C@H](C)CO)C[C@H]1C,10.0201,0.12334434799749837,0.12397563390008848,0.04506763973853346,0.07890799416155501,-0.12222206144958224
frozen_GE_teacher,COc1ccccc1NC(=O)N(C)C[C@@H]1Oc2cc(Br)ccc2S(=O)(=O)N([C@@H](C)CO)C[C@@H]1C,10.0831,0.020153182200558954,0.02015591127568013,-0.08907438433176945,0.10923029560744958,0.0796727470356824
frozen_GE_teacher,COc1ccccc1NC(=O)N(C)C[C@@H]1Oc2cc(Br)ccc2S(=O)(=O)N([C@@H](C)CO)C[C@H]1C,10.0115,0.22434447119821785,0.2282261693755713,0.1136316773958539,0.1145944919797174,-0.20826508593569876
frozen_GE_teacher,COc1ccccc1NC(=O)N(C)C[C@H]1OCc2cnnn2CCCC(=O)N([C@H](C)CO)C[C@@H]1C,10.0235,0.013239753852519716,0.013240527537486464,-0.08534571778137737,0.09858624531886383,-0.39408289188726053
frozen_GE_teacher,COc1ccccc1NC(=O)N(C)C[C@H]1Oc2cc(Br)ccc2S(=O)(=O)N([C@@H](C)CO)C[C@@H]1C,10.0219,-0.010736427136263254,-0.010736839697221213,-0.04243615707039182,0.03169931737317061,0.43829313958806504
frozen_GE_teacher,COc1ccccc1NC(=O)N(C)C[C@H]1Oc2cc(Br)ccc2S(=O)(=O)N([C@@H](C)CO)C[C@H]1C,10.0871,0.11282749986238576,0.113309956649796,0.017625865510848108,0.0956840911389479,0.01553324980310718
frozen_GE_teacher,COc1ccccc1NC(=O)N(C)C[C@H]1Oc2ncc(C#CC(C)C)cc2C(=O)N([C@H](C)CO)C[C@H]1C,10.0225,0.0010818926070163461,0.0010818930291320503,0.033019452077746134,-0.03193755904861408,-0.2023539309336025
frozen_GE_teacher,COc1ccccc1NC(=O)N1C[C@@H](O)COC[C@@H]2O[C@H](CC(=O)N3CCC(Cc4ccccc4)CC3)CC[C@H]21,9.93399,0.08713430440229304,0.08735583356253428,-0.07217503291225441,0.1595308664747887,-0.08462977234819535
frozen_GE_teacher,COc1ccccc1NC(=O)N1C[C@@H](O)COC[C@H]2O[C@H](CC(=O)NCCc3ccncc3)CC[C@@H]21,10.0133,-0.1987336101532465,-0.20141374514189195,0.0988184033619173,-0.30023214850380925,0.059595716580421954
frozen_GE_teacher,COc1ccccc1NC(=O)N[C@@H]1C=C[C@H](CC(=O)N2CCC(Cc3ccccc3)CC2)O[C@@H]1CO,10.0019,-0.4592063724619493,-0.49630512257133474,-0.0856200303108795,-0.41068509226045524,-0.07053980930895368
frozen_GE_teacher,COc1ccccc1NC(=O)N[C@@H]1CC[C@@H](CCNC(=O)c2ccc3c(c2)OCO3)O[C@@H]1CO,9.94104,0.12082550721039914,0.12141868098764863,-0.016776151720897296,0.13819483270854593,0.1847698312864034
frozen_GE_teacher,COc1ccccc1NC(=O)N[C@@H]1CC[C@H](CC(=O)N[C@H](C)c2ccccc2)O[C@@H]1CO,10.1067,0.23017388581635934,0.2343730726736315,0.04400679506172311,0.19036627761190839,-0.16873655369383744
frozen_GE_teacher,COc1ccccc1NC(=O)N[C@@H]1CC[C@H](CCNC(=O)c2ccc3c(c2)OCO3)O[C@H]1CO,10.0305,-0.08328628549735446,-0.08347966567676912,0.03210824074151611,-0.11558790641828523,0.16045316562988315
frozen_GE_teacher,COc1ccccc1NC(=O)N[C@@H]1CC[C@H](CCNS(=O)(=O)c2ccccc2)O[C@H]1CO,10.1676,0.337184272591272,0.3509121895088814,-0.023599983885118553,0.374512173394,-0.059598422004390986
frozen_GE_teacher,COc1ccccc1NC(=O)N[C@H]1C=C[C@@H](CC(=O)N2CCC(Cc3ccccc3)CC2)O[C@@H]1CO,10.0072,0.408404714847238,0.4336950868931732,-0.16559302783879037,0.5992881147319635,-0.1982601532373987
frozen_GE_teacher,COc1ccccc1NC(=O)N[C@H]1C=C[C@@H](CC(=O)N2CCC(Cc3ccccc3)CC2)O[C@H]1CO,10.1187,-0.2896798193954262,-0.2982167187736832,-0.06964323441905118,-0.22857348435463204,0.20665699760969963
frozen_GE_teacher,COc1ccccc1NC(=O)N[C@H]1C=C[C@@H](CC(=O)N[C@H](C)c2ccccc2)O[C@@H]1CO,10.052,0.2582087869912666,0.2641882857023886,0.016648044332629345,0.24754024136975927,-0.2848017812450698
frozen_GE_teacher,COc1ccccc1NC(=O)N[C@H]1CC[C@@H](CCn2cc(C3(O)CCCC3)nn2)O[C@H]1CO,10.1371,0.17159459005760475,0.17330916864153362,-0.006179691279192937,0.17948885992072655,-0.38949365193679153
frozen_GE_teacher,COc1ccccc1NC(=O)N[C@H]1CC[C@H](CC(=O)N[C@H](C)c2ccccc2)O[C@@H]1CO,9.8593,0.19101124495784047,0.19338649689169754,-0.05725296380794551,0.25063946069964305,0.3227789931741376
frozen_GE_teacher,COc1ccccc1NC(=O)N[C@H]1CC[C@H](CC(=O)N[C@H](C)c2ccccc2)O[C@H]1CO,10.0888,0.3580284647038866,0.374622651745453,0.05475830126202262,0.31986435048343037,-0.30599798554201185
frozen_GE_teacher,COc1ccccc1NC(=O)N[C@H]1CC[C@H](CCn2cc(-c3cccnc3)nn2)O[C@@H]1CO,10.0082,0.00534756014737029,0.0053476111219004,0.003045863893478322,0.002301747228422078,-0.0310864272985805
frozen_GE_teacher,COc1ccccc1NC(=O)Nc1ccc2c(c1)C(=O)N(C)C[C@@H](OC)[C@@H](C)CN(C)[C@H](C)CO2,10.121,-0.07132167272627253,-0.07144297574377581,0.0932553397068455,-0.1646983154506213,-0.1722138994084984
frozen_GE_teacher,COc1ccccc1NC(=O)Nc1ccc2c(c1)C(=O)N(C)C[C@H](OC)[C@@H](C)CN[C@@H](C)CO2,9.94079,0.43081110577210036,0.4608922072280398,-0.10029135384581428,0.561183561073854,0.07647750888453977
frozen_GE_teacher,COc1ccccc1NC(=O)Nc1ccc2c(c1)C(=O)N(C)C[C@H](OC)[C@@H](C)CN[C@H](C)CO2,10.041,0.14696670158042924,0.1480387511319116,-0.08860965941269017,0.23664841054460176,-0.08979214188184492
frozen_GE_teacher,COc1ccccc1NC(=O)Nc1ccc2c(c1)C(=O)N(C)C[C@H](OC)[C@H](C)CN(C)[C@H](C)CO2,10.0042,0.0864187536159707,0.08663485364607156,0.01972346138055621,0.06691139226551535,0.06667034476334417
frozen_GE_teacher,COc1ccccc1NC(=O)c1csc2c1CCC(C)C2,10.0,0.5428853524002021,0.6082376591999598,0.3380696304378738,0.27016802876208595,0.06474617073413114
frozen_GE_teacher,COc1ccccc1Nc1nnc(SCC(=O)N2CCCC2=O)s1,10.0,0.36681153134379285,0.3847339201644628,-0.0417991745372494,0.4265330947017122,-0.10436021686211464
frozen_GE_teacher,COc1ccccc1OCC(=O)NNC(=S)NC(=O)c1ccco1,10.0,0.25924415615642915,0.26529793418439973,-0.13183024170914992,0.39712817589354965,0.0885747784645804
frozen_GE_teacher,COc1ccccc1S(=O)(=O)N(C)C[C@@H]1OCc2cnnn2CCCC(=O)N([C@H](C)CO)C[C@@H]1C,10.0251,0.16390488825140942,0.16539676859052363,-0.00916087176558861,0.17455764035611224,0.16992644810546773
frozen_GE_teacher,COc1ccccc1S(=O)(=O)N(C)C[C@@H]1Oc2cc(C#CCC3CCCC3)ccc2S(=O)(=O)N([C@@H](C)CO)C[C@@H]1C,10.0399,0.18236034611758253,0.184423147119049,-0.007864985059088484,0.19228813217813748,0.21455463453781295
frozen_GE_teacher,COc1ccccc1S(=O)(=O)N(C)C[C@H]1OCc2cnnn2CCCC(=O)N([C@H](C)CO)C[C@H]1C,10.0245,0.36965754404517664,0.3880263835725417,0.05068467149666735,0.3373417120758744,0.07380803973659149
frozen_GE_teacher,COc1ccccc1S(=O)(=O)N[C@@H]1C=C[C@@H](CC(=O)N2CCCCC2)O[C@H]1CO,9.93972,-0.05364902974167958,-0.05370059002009932,-0.17999198215019843,0.1262913921300991,0.12170113710043748
frozen_GE_teacher,COc1ccccc1S(=O)(=O)N[C@@H]1CC[C@@H](CC(=O)N2CCN(C)CC2)O[C@H]1CO,10.072,-0.32581841221469937,-0.3381428623160581,-0.13144787387578608,-0.20669498844027204,0.10125907137223486
frozen_GE_teacher,COc1ccccc1S(=O)(=O)N[C@@H]1CC[C@@H](CCn2cc(C3CCCCC3)nn2)O[C@@H]1CO,10.0975,0.18071601413567873,0.18272277711961638,0.12792603388156198,0.05479674323805439,0.0792601025191155
frozen_GE_teacher,COc1ccccc1S(=O)(=O)N[C@@H]1CC[C@H](CC(=O)N2CCN(C)CC2)O[C@H]1CO,10.0688,-0.16363145915589672,-0.16511580401912734,-0.0647064842596678,-0.10040931975945955,0.39233004042496733
frozen_GE_teacher,COc1ccccc1S(=O)(=O)N[C@H]1C=C[C@@H](CC(=O)NCc2cc(F)cc(F)c2)O[C@@H]1CO,10.0614,-0.2440240470736031,-0.24904851809104556,-0.16399813388771795,-0.08505038420332761,-0.15227198067630898
frozen_GE_teacher,COc1ccccc1S(=O)(=O)N[C@H]1C=C[C@H](CC(=O)N2CCCCC2)O[C@@H]1CO,10.1222,0.13110009460544797,0.1318590191059756,-0.015541288874089579,0.1474003079800652,-0.24519929501691756
frozen_GE_teacher,COc1ccccc1S(=O)(=O)N[C@H]1C=C[C@H](CC(=O)N2CCCCC2)O[C@H]1CO,10.0259,-0.025132558398242466,-0.02513785202700727,0.09252886158505366,-0.11766671361206094,0.22865207367494614
frozen_GE_teacher,COc1ccccc1S(=O)(=O)N[C@H]1CC[C@@H](CCn2cc(C3CCCCC3)nn2)O[C@H]1CO,10.1379,0.0668278988796251,0.06692765006188293,-0.14987792000982786,0.2168055700717108,0.05928000721409882
frozen_GE_teacher,COc1ccccc1S(=O)(=O)Nc1ccc2c(c1)C(=O)N(C)C[C@H](OC)[C@H](C)CN[C@@H](C)CO2,10.0642,-0.18024500842262986,-0.182235912655513,0.0618539956519782,-0.24408990830749122,0.029981239790238937
frozen_GE_teacher,COn1c(SCc2cccnc2)nc2ccccc2c1=O,10.0,0.4736862626262367,0.5148123543370072,0.2603885336637323,0.2544238206732749,0.0005733718522477615
frozen_GE_teacher,CS(=O)(=O)N1[C@@H]2c3ccc(-c4cccc(F)c4)c(=O)n3C[C@H]1[C@H](CO)[C@H]2C(=O)N1CCCCC1,10.0398,-0.33375958266524686,-0.34705319747723584,-0.018660038156829987,-0.32839315932040586,-0.38271446614408616
frozen_GE_teacher,CS(=O)(=O)Nc1ccc2c(c1)[C@@H]1C[C@@H](CC(=O)NCC3CC3)O[C@H](CO)[C@@H]1O2,10.0101,-0.12396315623109463,-0.12460405080685072,-0.0475129158195982,-0.07709113498725252,0.06404416787821215
frozen_GE_teacher,CS(=O)(=O)Nc1ccc2c(c1)[C@@H]1C[C@@H](CC(=O)NCc3ccc(Cl)cc3)O[C@@H](CO)[C@@H]1O2,10.1686,-0.10378550527091558,-0.10416057174629101,0.11908095662535914,-0.22324152837165015,-0.07407667019340157
frozen_GE_teacher,CS(=O)(=O)Nc1ccc2c(c1)[C@@H]1C[C@@H](CC(=O)NCc3ccccn3)O[C@@H](CO)[C@@H]1O2,10.0599,0.21408126995132146,0.21744476156338655,0.05401432889156038,0.16343043267182616,-0.07271328149638033
frozen_GE_teacher,CS(=O)(=O)Nc1ccc2c(c1)[C@@H]1C[C@H](CC(=O)NC3CCCC3)O[C@@H](CO)[C@@H]1O2,10.0964,0.20167252889679554,0.2044753806955237,0.05107753343620546,0.15339784725931824,-0.007758001881545608
frozen_GE_teacher,CS(=O)(=O)Nc1ccc2c(c1)[C@@H]1C[C@H](CC(=O)NCCc3ccccc3)O[C@@H](CO)[C@@H]1O2,9.88916,0.33647154967124004,0.35010825807036644,0.07352435864606088,0.27658389942430556,-0.13774557790311284
frozen_GE_teacher,CS(=O)(=O)Nc1ccc2c(c1)[C@@H]1C[C@H](CC(=O)NCc3cc(F)ccc3F)O[C@H](CO)[C@@H]1O2,9.97189,0.17913208895320187,0.18108586018671902,-0.08510738158938115,0.26619324177610015,0.05293463528283558
frozen_GE_teacher,CS(=O)(=O)Nc1ccc2c(c1)[C@@H]1C[C@H](CC(=O)NCc3ccc(Cl)cc3)O[C@@H](CO)[C@@H]1O2,10.0443,-0.20811941612886495,-0.21120481275724678,0.09451583069203033,-0.30572064344927713,0.12132658985272259
frozen_GE_teacher,CS(=O)(=O)Nc1ccc2c(c1)[C@@H]1C[C@H](CC(=O)NCc3ccccn3)O[C@@H](CO)[C@@H]1O2,9.95269,0.26810230244469785,0.2748180325739583,-0.01208809038592734,0.28690612295988566,0.31117584548036364
frozen_GE_teacher,CS(=O)(=O)Nc1ccc2c(c1)[C@H]1C[C@@H](CC(=O)NCc3ccccn3)O[C@H](CO)[C@H]1O2,10.1934,0.4296212119834991,0.45943206047060187,0.08984168280413915,0.36959037766646274,-0.002422005201998853
frozen_GE_teacher,CS(=O)(=O)Nc1ccc2c(c1)[C@H]1C[C@H](CC(=O)NCc3ccccn3)O[C@@H](CO)[C@H]1O2,9.92933,-0.40679591705805346,-0.43176575257785355,-0.006931606036698925,-0.42483414654115464,-0.39861665555993947
frozen_GE_teacher,CS(=O)(=O)Nc1ccc2c(c1)[C@H]1C[C@H](CC(=O)NCc3ccccn3)O[C@H](CO)[C@H]1O2,9.96482,0.14004446193859524,0.1409709271730249,0.020421976878117067,0.12054895029490784,0.01549211759626136
frozen_GE_teacher,CS(=O)(=O)c1ccc(-c2cc(Br)sc2-c2ccc(F)cc2)cc1,10.0,0.18726432091721204,0.18950055545475575,-0.017779967624112603,0.20728052307886835,-0.13614668357439924
frozen_GE_teacher,CSc1cc(-c2ccc(Cl)cc2)nc(O)c1C#N,10.0,-0.15167388098102,-0.15285328778763665,0.052578592995566865,-0.2054318807832035,0.06248037671964749
frozen_GE_teacher,C[C@@H](NC(=O)C[C@@H]1C=C[C@H](NC(=O)C2CCC2)[C@H](CO)O1)c1ccccc1,9.99493,0.24666800758294788,0.25186182686095565,0.019488498001379126,0.2323733288595765,0.058659037166856734
frozen_GE_teacher,C[C@@H](NC(=O)C[C@@H]1C=C[C@H](NC(=O)Cc2ccccn2)[C@@H](CO)O1)c1ccccc1,10.0242,-0.18459412897680694,-0.1867347485864178,0.019805569435849286,-0.2065403180222671,-0.15861207642457228
frozen_GE_teacher,C[C@@H](NC(=O)C[C@@H]1C=C[C@H](NC(=O)Cc2ccccn2)[C@H](CO)O1)c1ccccc1,10.0273,0.16821811015194488,0.1698323146350164,-0.05380391955289997,0.2236362341879164,0.25085060710365376
frozen_GE_teacher,C[C@@H](NC(=O)C[C@@H]1C=C[C@H](NC(=O)c2cccnc2)[C@@H](CO)O1)c1ccccc1,10.072,-0.044301761274398756,-0.04433077834450123,0.11072174562779899,-0.1550525239723002,-0.40126401994268934
frozen_GE_teacher,C[C@@H](NC(=O)C[C@@H]1CC[C@@H](NC(=O)Cc2ccccn2)[C@@H](CO)O1)c1ccccc1,10.0352,-0.054284374884639684,-0.0543377909719562,0.007307111907355346,-0.06164490287931155,0.30163899351755363
frozen_GE_teacher,C[C@@H](NC(=O)C[C@@H]1CC[C@@H]2[C@H](COC[C@@H](O)CN2C(=O)Nc2cccc(Cl)c2)O1)c1ccccc1,9.90399,0.1504643511089067,0.1516155093216009,0.0006180782347604006,0.1509974310868405,0.06832333225003333
frozen_GE_teacher,C[C@@H](NC(=O)C[C@@H]1CC[C@@H]2[C@H](COC[C@H](O)CN2C(=O)Nc2cccc(Cl)c2)O1)c1ccccc1,10.0542,-0.03153174001039232,-0.031542196399634376,-0.0002707253399410886,-0.03127147105969329,0.12476030335144982
frozen_GE_teacher,C[C@@H](NC(=O)C[C@@H]1CC[C@H](NC(=O)C2CCC2)[C@@H](CO)O1)c1ccccc1,10.0244,0.07372327093031707,0.07385727315152105,0.0015682980588855693,0.07228897509263547,-0.0388521788133184
frozen_GE_teacher,C[C@@H](NC(=O)C[C@@H]1CC[C@H](NC(=O)c2cccnc2)[C@H](CO)O1)c1ccccc1,9.97691,-0.24124991516097866,-0.24610084641090868,0.1607570152847643,-0.40685786169567295,-0.402805944855042
frozen_GE_teacher,C[C@@H](NC(=O)C[C@@H]1C[C@@H]2c3cc(NC(=O)c4ccc5c(c4)OCO5)ccc3O[C@@H]2[C@H](CO)O1)c1ccccc1,9.82443,0.23176894837220505,0.23605802411203458,0.053309018504854894,0.1827490056071797,0.201421124771157
frozen_GE_teacher,C[C@@H](NC(=O)C[C@@H]1C[C@@H]2c3cc(NC(=O)c4cccnc4)ccc3O[C@@H]2[C@H](CO)O1)c1ccccc1,9.89447,0.1364460223480353,0.13730237079405402,-0.012366380145552271,0.1496687509396063,-0.053297271734750795
frozen_GE_teacher,C[C@@H](NC(=O)C[C@@H]1C[C@H]2c3cc(NC(=O)C4CCOCC4)ccc3O[C@H]2[C@@H](CO)O1)c1ccccc1,10.044,-0.34906308836562344,-0.3643764471491458,-0.02219019571767867,-0.34218625143146714,-0.1793924644475212
frozen_GE_teacher,C[C@@H](NC(=O)C[C@@H]1C[C@H]2c3cc(NC(=O)C4CCOCC4)ccc3O[C@H]2[C@H](CO)O1)c1ccccc1,9.96448,0.38865087984166174,0.4102098886722002,-0.06277307692749366,0.4729829655996939,0.1220239761328136
frozen_GE_teacher,C[C@@H](NC(=O)C[C@@H]1C[C@H]2c3cc(NC(=O)c4ccc5c(c4)OCO5)ccc3O[C@H]2[C@H](CO)O1)c1ccccc1,10.1455,0.14880968346108017,0.1499229425894784,-0.008433844498636796,0.15835678708811518,0.16774297230946317
frozen_GE_teacher,C[C@@H](NC(=O)C[C@H]1C=C[C@@H](NC(=O)CN2CCOCC2)[C@H](CO)O1)c1ccccc1,9.98592,0.20474541678880193,0.20768062869166212,0.059866768876991855,0.14781385981467027,0.028313449980413963
frozen_GE_teacher,C[C@@H](NC(=O)C[C@H]1C=C[C@@H](NC(=O)Nc2ccc3c(c2)OCO3)[C@H](CO)O1)c1ccccc1,10.0022,0.3103624226264037,0.3209464135049099,-0.08774740292883557,0.40869381643374547,0.1587568279615702
frozen_GE_teacher,C[C@@H](NC(=O)C[C@H]1C=C[C@@H](NC(=O)c2cccnc2)[C@H](CO)O1)c1ccccc1,9.9988,0.5547282281145173,0.6251856086666293,0.09271013875351974,0.5324754699131096,0.1604518975564222
frozen_GE_teacher,C[C@@H](NC(=O)C[C@H]1C=C[C@@H](NS(=O)(=O)c2cccc(F)c2)[C@H](CO)O1)c1ccccc1,9.99713,0.3470498911557679,0.3620857455409354,-0.034458267258385945,0.3965440127993214,0.5298905667280691
frozen_GE_teacher,C[C@@H](NC(=O)C[C@H]1C=C[C@H](NC(=O)CN2CCOCC2)[C@@H](CO)O1)c1ccccc1,9.96404,0.49633630239752174,0.5444330778250863,-0.07659797879720996,0.6210310566222963,0.15935788256558336
frozen_GE_teacher,C[C@@H](NC(=O)C[C@H]1CC[C@@H](NC(=O)CN2CCOCC2)[C@@H](CO)O1)c1ccccc1,9.8853,-0.5234378368341087,-0.581063311145733,-0.12956106087084174,-0.4515022502748912,-0.37706440964263765
frozen_GE_teacher,C[C@@H](NC(=O)C[C@H]1CC[C@@H](NC(=O)Cc2ccccn2)[C@H](CO)O1)c1ccccc1,10.0458,-0.12033831562327577,-0.12092430110802445,-0.06751381729279557,-0.05341048381522888,0.07291433239540755
frozen_GE_teacher,C[C@@H](NC(=O)C[C@H]1CC[C@@H](NC(=O)c2cccnc2)[C@H](CO)O1)c1ccccc1,10.0548,0.45114468343101066,0.4861365469963208,-0.05773837626981211,0.543874923266133,0.35910252123773095
frozen_GE_teacher,C[C@@H](NC(=O)C[C@H]1CC[C@H](NC(=O)Cc2ccccn2)[C@@H](CO)O1)c1ccccc1,10.095,-0.17647056683466056,-0.17833744988085523,-0.020081851493485115,-0.1582555983873701,0.1468222025907739
frozen_GE_teacher,C[C@@H](NC(=O)C[C@H]1CC[C@H]2[C@@H](COC[C@H](O)CN2C(=O)Nc2cccc(Cl)c2)O1)c1ccccc1,9.9729,0.07688823855902781,0.07704029427282806,-0.01506153446034509,0.09210182873317316,0.06297469751531026
frozen_GE_teacher,C[C@@H](NC(=O)C[C@H]1CC[C@H]2[C@H](COc3ccc(NS(=O)(=O)c4ccc(Cl)cc4)cc3C(=O)N2C)O1)c1ccccc1,9.96487,0.460378860325878,0.49779193714156106,-0.026957971505481258,0.5247499086470423,0.2990212511024996
frozen_GE_teacher,C[C@@H](NC(=O)C[C@H]1C[C@@H]2c3cc(NC(=O)C4CCOCC4)ccc3O[C@@H]2[C@@H](CO)O1)c1ccccc1,9.99549,0.15891559473175773,0.16027399841258877,0.01929593441186427,0.1409780640007245,0.09263420687927408
frozen_GE_teacher,C[C@@H](NC(=O)C[C@H]1C[C@@H]2c3cc(NC(=O)CN(C)C)ccc3O[C@@H]2[C@@H](CO)O1)c1ccccc1,9.91282,-0.10039042927440398,-0.10072973630959213,0.20766387143012988,-0.308393607739722,0.017384340366343343
frozen_GE_teacher,C[C@@H](NC(=O)C[C@H]1C[C@@H]2c3cc(NC(=O)CN(C)C)ccc3O[C@@H]2[C@H](CO)O1)c1ccccc1,10.0608,-0.015405051702900406,-0.01540627049623657,0.0021008417486526147,-0.017507112244889184,0.06334772882790562
frozen_GE_teacher,C[C@@H](NC(=O)C[C@H]1C[C@@H]2c3cc(NS(=O)(=O)c4ccc(F)cc4)ccc3O[C@@H]2[C@H](CO)O1)c1ccccc1,9.92929,0.2978661238946449,0.30717632955072044,0.010073944266234702,0.29710238528448574,0.0018865324571575807
frozen_GE_teacher,C[C@@H](NC(=O)C[C@H]1C[C@H]2c3cc(NC(=O)CN(C)C)ccc3O[C@H]2[C@@H](CO)O1)c1ccccc1,10.0546,-0.013508567832504294,-0.013509389609960322,0.007224557757570413,-0.020733947367530734,-0.11622209310744143
frozen_GE_teacher,C[C@@H](NC(=O)C[C@H]1C[C@H]2c3cc(NS(=O)(=O)c4ccc(F)cc4)ccc3O[C@H]2[C@@H](CO)O1)c1ccccc1,10.1088,-0.2988907104036782,-0.30830104966859123,0.06367104019451557,-0.3719720898631068,-0.09409073388373235
frozen_GE_teacher,C[C@@H](O)C#Cc1ccc2c(c1)O[C@H](CN(C)Cc1ccc(-c3ccccc3)cc1)[C@@H](C)CN([C@@H](C)CO)S2(=O)=O,10.0354,0.24149720560515772,0.246363435617923,-0.0010880924692187616,0.24745152808714177,0.11260173464027726
frozen_GE_teacher,C[C@@H](O)C#Cc1cnc2c(c1)C(=O)N([C@@H](C)CO)C[C@H](C)[C@H](CN(C)Cc1ccc(-c3ccccc3)cc1)O2,10.0672,0.3523097869112768,0.36807842343292646,-0.014346714246328118,0.38242513767925457,-0.1151917789668113
frozen_GE_teacher,C[C@@H]1CC=C[C@H]2[C@H]1C(=O)N(Cc1ccccc1)[C@H]2c1ccc2ccccc2c1,10.0,-0.039546149370457036,-0.03956678411668299,0.03800301188519885,-0.07756979600188184,0.17112094858724886
frozen_GE_teacher,C[C@@H]1CCCCO[C@@H](CN(C)C(=O)C2CCCCC2)[C@H](C)CN([C@@H](C)CO)C(=O)c2cc(N(C)C)ccc2O1,9.99643,0.28300883701761453,0.29094986841736636,0.06642164604865503,0.22452822236871134,0.6737993014581989
frozen_GE_teacher,C[C@@H]1CCCCO[C@@H](CN(C)C(=O)CCC(F)(F)F)[C@@H](C)CN([C@@H](C)CO)C(=O)c2cc(NS(C)(=O)=O)ccc2O1,10.0144,-0.055446169451201247,-0.05550309346250604,-0.010824856733214963,-0.044678236729291075,0.379780396129053
frozen_GE_teacher,C[C@@H]1CCCCO[C@@H](CN(C)C(=O)CCC(F)(F)F)[C@H](C)CN([C@@H](C)CO)C(=O)c2cc(N(C)C)ccc2O1,10.031,-0.17635048508492984,-0.17821351107172245,0.02084017887851173,-0.19905368995023417,-0.17179485696636596
frozen_GE_teacher,C[C@@H]1CCCCO[C@@H](CN(C)C(=O)CCC(F)(F)F)[C@H](C)CN([C@H](C)CO)C(=O)c2cc(N(C)C)ccc2O1,10.0798,0.1114971892722039,0.1119626967943117,0.00737563262124517,0.10458706417306653,0.3038225038344343
frozen_GE_teacher,C[C@@H]1CCCCO[C@@H](CN(C)C(=O)Cc2ccccc2)[C@H](C)CN([C@@H](C)CO)C(=O)c2cc(N(C)C)ccc2O1,10.008,0.03196711160756066,0.03197800731246274,0.030348364391595647,0.0016296429208670915,0.03216920785883008
frozen_GE_teacher,C[C@@H]1CCCCO[C@@H](CN(C)C(=O)Nc2ccccc2)[C@@H](C)CN([C@@H](C)CO)C(=O)c2cc(N(C)C)ccc2O1,10.0041,-0.3155828971623662,-0.32673379148058274,-0.009352176907927917,-0.3173816145726548,0.01359141256650428
frozen_GE_teacher,C[C@@H]1CCCCO[C@@H](CN(C)C(=O)Nc2ccccc2)[C@H](C)CN([C@H](C)CO)C(=O)c2cc(N(C)C)ccc2O1,9.99506,0.045557000388583055,0.0455885566383953,0.10002630869809453,-0.05443775205969924,-0.11148266559536314
frozen_GE_teacher,C[C@@H]1CCCCO[C@@H](CN(C)C(=O)c2ccccc2)[C@@H](C)CN([C@@H](C)CO)C(=O)c2cc(NS(C)(=O)=O)ccc2O1,10.0293,0.045003268323222156,0.04503368691457926,-0.005160132442754776,0.05019381935733404,-0.011492296894511016
frozen_GE_teacher,C[C@@H]1CCCCO[C@@H](CN(C)C(=O)c2ccccc2)[C@@H](C)CN([C@H](C)CO)C(=O)c2cc(NC(=O)CCCN(C)C)ccc2O1,9.95046,0.21751569697311868,0.2210469427405688,-0.0254043936102075,0.2464513363507763,0.04075484255974528
frozen_GE_teacher,C[C@@H]1CCCCO[C@@H](CN(C)C(=O)c2ccccc2)[C@H](C)CN([C@@H](C)CO)C(=O)c2cc(NC(=O)CCCN(C)C)ccc2O1,9.98814,0.0711255471652826,0.07124585020318358,0.052549948854815356,0.018695901348368224,-0.14407174511567106
frozen_GE_teacher,C[C@@H]1CCCCO[C@@H](CN(C)C(=O)c2ccncc2)[C@@H](C)CN([C@H](C)CO)C(=O)c2cc(NC(=O)C3CCCCC3)ccc2O1,10.0835,0.12729026260945195,0.12798451116602308,0.0058472771068581,0.12213723405916498,0.03888422038496961
frozen_GE_teacher,C[C@@H]1CCCCO[C@@H](CN(C)C)[C@@H](C)CN([C@@H](C)CO)C(=O)c2cc(NS(=O)(=O)c3ccc(Cl)cc3)ccc2O1,10.3832,0.01213618300601433,0.01213677889241946,-0.16702493664909263,0.17916171554151208,0.16895211299799054
frozen_GE_teacher,C[C@@H]1CCCCO[C@@H](CN(C)C)[C@@H](C)CN([C@@H](C)CO)C(=O)c2cc(NS(C)(=O)=O)ccc2O1,10.024,-0.1742653282281926,-0.1760622385756309,-0.02612847343153073,-0.14993376514410017,-0.01149244893775624
frozen_GE_teacher,C[C@@H]1CCCCO[C@@H](CN(C)C)[C@@H](C)CN([C@H](C)CO)C(=O)c2cc(NC(=O)c3ccccc3)ccc2O1,10.0612,0.49201364441202633,0.5387136688155936,0.011163853427418277,0.5275498153881752,0.05396750205344992
frozen_GE_teacher,C[C@@H]1CCCCO[C@@H](CN(C)C)[C@H](C)CN([C@@H](C)CO)C(=O)c2cc(NC(=O)C3CCCCC3)ccc2O1,10.0424,0.27087534538812075,0.2778082394978551,-0.0004739870433328325,0.27828222654118795,0.10386786776708852
frozen_GE_teacher,C[C@@H]1CCCCO[C@@H](CN(C)C)[C@H](C)CN([C@@H](C)CO)C(=O)c2cc(NC(=O)Cc3ccccc3)ccc2O1,10.078,0.08541158102911413,0.08562019132623319,0.0009442911104709621,0.08467590021576223,-0.032408343213613605
frozen_GE_teacher,C[C@@H]1CCCCO[C@@H](CN(C)C)[C@H](C)CN([C@@H](C)CO)C(=O)c2cc(NC(=O)Nc3cccc4ccccc34)ccc2O1,10.0207,-0.023992447112520306,-0.023997052354100653,0.007591912513099,-0.031588964867199656,-0.008426185824984498
frozen_GE_teacher,C[C@@H]1CCCCO[C@@H](CN(C)C)[C@H](C)CN([C@@H](C)CO)C(=O)c2cc(NC(=O)Nc3ccccc3)ccc2O1,10.0538,-0.1215176549132434,-0.1221211426501359,0.032179001398403656,-0.15430014404853956,-0.013638096267065244
frozen_GE_teacher,C[C@@H]1CCCCO[C@@H](CN(C)C)[C@H](C)CN([C@@H](C)CO)C(=O)c2cc(NS(=O)(=O)c3ccc(F)cc3)ccc2O1,10.0252,0.02682138816476457,0.026827822593731007,0.031059681156546746,-0.00423185856281574,-0.1581595921641811
frozen_GE_teacher,C[C@@H]1CCCCO[C@@H](CN(C)C)[C@H](C)CN([C@H](C)CO)C(=O)c2cc(NC(=O)C3CCCCC3)ccc2O1,10.0558,0.3270913447657819,0.33956763740431,-0.018955076942268775,0.3585227143465788,0.3054468829229412
frozen_GE_teacher,C[C@@H]1CCCCO[C@@H](CN(C)C)[C@H](C)CN([C@H](C)CO)C(=O)c2cc(NC(=O)Nc3ccc4c(c3)OCO4)ccc2O1,10.1105,0.21765674639067437,0.22119500183313537,0.08305720402032514,0.13813779781281021,0.03380489828748813
frozen_GE_teacher,C[C@@H]1CCCCO[C@@H](CN(C)CC2CCCCC2)[C@@H](C)CN([C@@H](C)CO)C(=O)c2cc(NS(C)(=O)=O)ccc2O1,10.0713,0.12031078000058132,0.1208963609680711,-0.014602320751726433,0.13549868171979754,0.21321680132922327
frozen_GE_teacher,C[C@@H]1CCCCO[C@@H](CN(C)CC2CCCCC2)[C@@H](C)CN([C@H](C)CO)C(=O)c2cc(NC(=O)CCCN(C)C)ccc2O1,10.1323,-0.03862659805028548,-0.03864582574202658,0.018707852326783563,-0.05735367806881014,-0.105963057289681
frozen_GE_teacher,C[C@@H]1CCCCO[C@@H](CN(C)CC2CCCCC2)[C@H](C)CN([C@H](C)CO)C(=O)c2cc(NS(C)(=O)=O)ccc2O1,10.0451,-0.12567754199879988,-0.1263455701070041,-0.051400551944257876,-0.07494501816274621,0.09064005284502236
frozen_GE_teacher,C[C@@H]1CCCCO[C@@H](CN(C)Cc2ccc3c(c2)OCO3)[C@@H](C)CN([C@@H](C)CO)C(=O)c2cc(N(C)C)ccc2O1,10.0119,0.46371889998995086,0.5020386019822202,0.04935351896990689,0.45268508301231325,-0.028577006887547707
frozen_GE_teacher,C[C@@H]1CCCCO[C@@H](CN(C)Cc2ccc3c(c2)OCO3)[C@H](C)CN([C@H](C)CO)C(=O)c2cc(N(C)C)ccc2O1,9.97672,0.4204924968976878,0.4482901545121641,-0.10123309091827315,0.5495232454304373,-0.02504444728528593
frozen_GE_teacher,C[C@@H]1CCCCO[C@@H](CN(C)Cc2ccccc2)[C@@H](C)CN([C@@H](C)CO)C(=O)c2cc(NS(C)(=O)=O)ccc2O1,10.313,-0.2144848899609045,-0.21786780664150543,0.09090061878687368,-0.3087684254283791,0.01145181191766409
frozen_GE_teacher,C[C@@H]1CCCCO[C@@H](CN(C)Cc2ccccc2)[C@H](C)CN([C@@H](C)CO)C(=O)c2cc(NC(=O)CCC(F)(F)F)ccc2O1,10.017233,0.03451428354136732,0.0345279982281827,-0.025477779772403408,0.06000577800058611,0.19784197753285596
frozen_GE_teacher,C[C@@H]1CCCCO[C@@H](CN(C)Cc2ccccc2)[C@H](C)CN([C@H](C)CO)C(=O)c2cc(NC(=O)CCC(F)(F)F)ccc2O1,10.0412,0.38964046840101263,0.411376078617655,-0.015390394243218157,0.42676647286087316,-0.06452014659859812
frozen_GE_teacher,C[C@@H]1CCCCO[C@@H](CN(C)Cc2ccncc2)[C@@H](C)CN([C@@H](C)CO)C(=O)c2cc(N(C)C)ccc2O1,10.2259,-0.02814233667408029,-0.028149769700053884,-0.03216910623208198,0.004019336532028097,-0.0284726185055396
frozen_GE_teacher,C[C@@H]1CCCCO[C@@H](CN(C)Cc2ccncc2)[C@@H](C)CN([C@H](C)CO)C(=O)c2cc(N(C)C)ccc2O1,9.92372,-0.023376815522782195,-0.023381075205238185,0.06785909424331482,-0.09124016944855301,0.24299869184011763
frozen_GE_teacher,C[C@@H]1CCCCO[C@@H](CN(C)Cc2ccncc2)[C@@H](C)CN([C@H](C)CO)C(=O)c2cc(NC(=O)C3CCCCC3)ccc2O1,10.0183,-0.03690366363367982,-0.03692043012812522,0.003551785993160723,-0.040472216121285945,-0.2836808777931445
frozen_GE_teacher,C[C@@H]1CCCCO[C@@H](CN(C)Cc2ccncc2)[C@@H](C)CN([C@H](C)CO)C(=O)c2cc(NC(=O)c3ccccc3)ccc2O1,10.4119,0.09691388255852768,0.09721901874519151,0.03788079853576988,0.05933822020942163,0.0742379472356079
frozen_GE_teacher,C[C@@H]1CCCCO[C@@H](CN(C)Cc2ccncc2)[C@H](C)CN([C@@H](C)CO)C(=O)c2cc(NC(=O)c3ccccc3)ccc2O1,10.0152,-0.023283490072740585,-0.02328769893079322,0.03400143668343765,-0.057289135614230866,-0.17986077121755895
frozen_GE_teacher,C[C@@H]1CCCCO[C@@H](CN(C)Cc2ccncc2)[C@H](C)CN([C@H](C)CO)C(=O)c2cc(NC(=O)Cc3ccccc3)ccc2O1,10.0148,0.20030930399388777,0.20305476648836387,0.046552514374066545,0.15650225211429733,0.2682755332149591
frozen_GE_teacher,C[C@@H]1CCCCO[C@@H](CN(C)S(=O)(=O)c2cccs2)[C@H](C)CN([C@H](C)CO)C(=O)c2cc(N(C)C)ccc2O1,10.0457,0.06540410056444208,0.06549760028794631,0.03009573270714816,0.03540186758079815,0.13790616990656382
frozen_GE_teacher,C[C@@H]1CCCCO[C@@H](CN(C)S(C)(=O)=O)[C@@H](C)CN([C@@H](C)CO)C(=O)c2cc(NC(=O)CCCN(C)C)ccc2O1,10.4041,-0.5662256692069401,-0.641949773964711,0.06523214072515746,-0.7071819146898685,0.12397849175289413
frozen_GE_teacher,C[C@@H]1CCCCO[C@@H](CN(C)S(C)(=O)=O)[C@@H](C)CN([C@@H](C)CO)C(=O)c2cc(NC(=O)c3ccccc3)ccc2O1,10.0014,0.2377173693676165,0.2423533688862342,0.059965350055932676,0.18238801883030153,0.11221119461163687
frozen_GE_teacher,C[C@@H]1CCCCO[C@@H](CN(C)S(C)(=O)=O)[C@H](C)CN([C@@H](C)CO)C(=O)c2cc(N(C)C)ccc2O1,9.97262,0.18399114439798547,0.18611056433185905,0.01518521379720849,0.17092535053465055,0.3741666456416601
frozen_GE_teacher,C[C@@H]1CCCCO[C@H](CN(C)C(=O)C2CCCCC2)[C@@H](C)CN([C@@H](C)CO)C(=O)c2cc(NS(C)(=O)=O)ccc2O1,10.0923,0.20726921849496274,0.21031628677768233,0.006513589727068008,0.20380269705061432,0.14277204502923768
frozen_GE_teacher,C[C@@H]1CCCCO[C@H](CN(C)C(=O)CCC(F)(F)F)[C@H](C)CN([C@H](C)CO)C(=O)c2cc(N(C)C)ccc2O1,10.0091,0.3883336824906977,0.40983630821789113,0.07717363412125894,0.3326626740966322,-0.05117381877478051
frozen_GE_teacher,C[C@@H]1CCCCO[C@H](CN(C)C(=O)CCCN(C)C)[C@@H](C)CN([C@@H](C)CO)C(=O)c2cc(NC(=O)c3ccccc3)ccc2O1,9.99917,0.34215420170620076,0.3565303302839794,0.055355057786569156,0.3011752724974103,0.07102432652444213
frozen_GE_teacher,C[C@@H]1CCCCO[C@H](CN(C)C(=O)CCCN(C)C)[C@H](C)CN([C@H](C)CO)C(=O)c2cc(N(C)C)ccc2O1,10.0265,0.07178562249283,0.07190931313107847,-0.047753511134130774,0.11966282426520924,0.2842966367238537
frozen_GE_teacher,C[C@@H]1CCCCO[C@H](CN(C)C(=O)CCCN(C)C)[C@H](C)CN([C@H](C)CO)C(=O)c2cc(NC(=O)c3ccccc3)ccc2O1,10.0136,0.011805001712427024,0.011805550132350814,0.08592952655968462,-0.07412397642733382,-0.13159533050720967
frozen_GE_teacher,C[C@@H]1CCCCO[C@H](CN(C)C(=O)Cc2ccccc2)[C@H](C)CN([C@@H](C)CO)C(=O)c2cc(N(C)C)ccc2O1,10.0737,-0.054249064529216344,-0.054302376324753814,0.013170659816953912,-0.06747303614170773,-0.3451114398160217
frozen_GE_teacher,C[C@@H]1CCCCO[C@H](CN(C)C(=O)Cc2ccccc2)[C@H](C)CN([C@@H](C)CO)C(=O)c2cc(NS(C)(=O)=O)ccc2O1,10.0201,0.3904567085084465,0.4123387825768866,0.031668691555687814,0.3806700910211988,0.17523060308688804
frozen_GE_teacher,C[C@@H]1CCCCO[C@H](CN(C)C(=O)Nc2ccc(C(F)(F)F)cc2)[C@@H](C)CN([C@H](C)CO)C(=O)c2cc(N(C)C)ccc2O1,9.80323,-0.22690204638974393,-0.23092092520017732,-0.32276636095869154,0.09184543575851423,0.21099673352763304
frozen_GE_teacher,C[C@@H]1CCCCO[C@H](CN(C)C(=O)Nc2ccc(F)cc2)[C@H](C)CN([C@H](C)CO)C(=O)c2cc(N(C)C)ccc2O1,10.0012,0.10070117021909838,0.10104365076183815,0.0680976284664049,0.03294602229543325,0.04328747759052781
frozen_GE_teacher,C[C@@H]1CCCCO[C@H](CN(C)C(=O)Nc2ccc3c(c2)OCO3)[C@@H](C)CN([C@@H](C)CO)C(=O)c2cc(N(C)C)ccc2O1,9.97268,-0.12963245314966623,-0.1303660030096144,-0.031689110274807746,-0.09867689273480665,-0.10660306367730568
frozen_GE_teacher,C[C@@H]1CCCCO[C@H](CN(C)C(=O)c2ccccc2)[C@@H](C)CN([C@@H](C)CO)C(=O)c2cc(N(C)C)ccc2O1,9.96661,-0.18927435247030905,-0.19158445224956133,0.03813907330362578,-0.22972352555318712,-0.1382046993844388
frozen_GE_teacher,C[C@@H]1CCCCO[C@H](CN(C)C(=O)c2ccccc2)[C@@H](C)CN([C@@H](C)CO)C(=O)c2cc(NS(C)(=O)=O)ccc2O1,10.0091,0.09564913524571404,0.09594243718011038,0.001863587130124756,0.09407885004998562,-0.18318696043993832
frozen_GE_teacher,C[C@@H]1CCCCO[C@H](CN(C)C(=O)c2ccccc2)[C@H](C)CN([C@@H](C)CO)C(=O)c2cc(N(C)C)ccc2O1,10.0594,0.3200562643167256,0.33170979302487835,0.0005324697459794924,0.33117732327889887,0.24382920762036525
frozen_GE_teacher,C[C@@H]1CCCCO[C@H](CN(C)C(=O)c2ccncc2)[C@@H](C)CN([C@@H](C)CO)C(=O)c2cc(NC(=O)C3CCCCC3)ccc2O1,10.063,0.13366352502706844,0.13446817639252165,-0.03827089796034331,0.17273907435286495,0.03256627274594184
frozen_GE_teacher,C[C@@H]1CCCCO[C@H](CN(C)C(=O)c2ccncc2)[C@@H](C)CN([C@H](C)CO)C(=O)c2cc(N(C)C)ccc2O1,9.80102,0.0471948995881794,0.04722998647843991,-0.04341997330164615,0.09064995978008605,0.21254898214120216
frozen_GE_teacher,C[C@@H]1CCCCO[C@H](CN(C)C(=O)c2ccncc2)[C@H](C)CN([C@@H](C)CO)C(=O)c2cc(N(C)C)ccc2O1,10.0459,0.29128492952106694,0.2999697502256588,0.09075209328611557,0.20921765693954325,0.08125228661070626
frozen_GE_teacher,C[C@@H]1CCCCO[C@H](CN(C)C)[C@@H](C)CN([C@@H](C)CO)C(=O)c2cc(NC(=O)C3CCCCC3)ccc2O1,10.042,-0.07886385913802299,-0.0790279701301059,0.09339735724752138,-0.17242532737762728,0.02179000808754289
frozen_GE_teacher,C[C@@H]1CCCCO[C@H](CN(C)C)[C@@H](C)CN([C@@H](C)CO)C(=O)c2cc(NC(=O)NC3CCCCC3)ccc2O1,10.0686,-0.05463806845567694,-0.05469253673140829,0.05731286824971407,-0.11200540498112235,0.038481692125465816
frozen_GE_teacher,C[C@@H]1CCCCO[C@H](CN(C)C)[C@@H](C)CN([C@@H](C)CO)C(=O)c2cc(NC(=O)c3ccncc3)ccc2O1,10.0263,0.34126884492265036,0.3555279258807743,0.011216911708781373,0.34431101417199295,0.21594968250849456
frozen_GE_teacher,C[C@@H]1CCCCO[C@H](CN(C)C)[C@@H](C)CN([C@H](C)CO)C(=O)c2cc(NS(=O)(=O)c3ccccc3)ccc2O1,10.2865,0.1012045322920831,0.10155219567033957,0.09663582372055243,0.0049163719497871405,-0.2720050274327086
frozen_GE_teacher,C[C@@H]1CCCCO[C@H](CN(C)C)[C@@H](C)CN([C@H](C)CO)C(=O)c2cc(NS(C)(=O)=O)ccc2O1,9.98344,0.26685019073292543,0.27346943735213336,0.0060190838358476495,0.2674503535162857,0.2091119478581853
frozen_GE_teacher,C[C@@H]1CCCCO[C@H](CN(C)C)[C@H](C)CN([C@@H](C)CO)C(=O)c2cc(NC(=O)NC3CCCCC3)ccc2O1,10.0444,0.0724333439633051,0.07256042023691903,-0.008362157658951017,0.08092257789587004,0.16352165776175118
frozen_GE_teacher,C[C@@H]1CCCCO[C@H](CN(C)C)[C@H](C)CN([C@@H](C)CO)C(=O)c2cc(NC(=O)Nc3ccc(C(F)(F)F)cc3)ccc2O1,10.0179,-0.0875085613958719,-0.0877329662093937,0.03450354554962934,-0.12223651175902304,0.04466627798188669
frozen_GE_teacher,C[C@@H]1CCCCO[C@H](CN(C)C)[C@H](C)CN([C@@H](C)CO)C(=O)c2cc(NC(=O)Nc3ccc(F)cc3)ccc2O1,10.0205,0.23229533898126858,0.23661436767083016,0.006861963743475381,0.22975240392735477,0.27346941184404594
frozen_GE_teacher,C[C@@H]1CCCCO[C@H](CN(C)C)[C@H](C)CN([C@@H](C)CO)C(=O)c2cc(NS(=O)(=O)c3ccc(F)cc3)ccc2O1,10.0294,-0.3145436923773149,-0.32558006169782594,-0.021061200178789027,-0.3045188615190369,0.1813573116243481
frozen_GE_teacher,C[C@@H]1CCCCO[C@H](CN(C)C)[C@H](C)CN([C@H](C)CO)C(=O)c2cc(N(C)C)ccc2O1,10.1476,0.39623851681669386,0.41917895074759887,-0.0061320075100386034,0.4253109582576375,-0.2076521303064221
frozen_GE_teacher,C[C@@H]1CCCCO[C@H](CN(C)C)[C@H](C)CN([C@H](C)CO)C(=O)c2cc(NC(=O)C3CCCCC3)ccc2O1,9.98936,-0.08190011475530153,-0.08208397380217107,0.05761656915638878,-0.13970054295855985,-0.09928756004173862
frozen_GE_teacher,C[C@@H]1CCCCO[C@H](CN(C)C)[C@H](C)CN([C@H](C)CO)C(=O)c2cc(NC(=O)c3ccccc3)ccc2O1,10.0806,0.1443646602155248,0.14538029981268835,0.005731290881286351,0.139649008931402,-0.011523064824070905
frozen_GE_teacher,C[C@@H]1CCCCO[C@H](CN(C)C)[C@H](C)CN([C@H](C)CO)C(=O)c2cc(NC(=O)c3ccncc3)ccc2O1,10.0688,-0.22847614081250162,-0.23258108666833527,0.040758767430236764,-0.27333985409857203,0.3651098071334041
frozen_GE_teacher,C[C@@H]1CCCCO[C@H](CN(C)CC2CCCCC2)[C@@H](C)CN([C@H](C)CO)C(=O)c2cc(NC(=O)CCCN(C)C)ccc2O1,9.97667,0.36153778478142845,0.37865378387179305,0.029116136981741633,0.3495376468900514,0.08128334129643809
frozen_GE_teacher,C[C@@H]1CCCCO[C@H](CN(C)Cc2ccc(C(=O)O)cc2)[C@H](C)CN([C@H](C)CO)C(=O)c2cc(N(C)C)ccc2O1,10.1095,0.13823126529582472,0.1391219347003256,-0.06699006208841538,0.20611199678874098,0.11115216117226251
frozen_GE_teacher,C[C@@H]1CCCCO[C@H](CN(C)Cc2ccc3c(c2)OCO3)[C@@H](C)CN([C@@H](C)CO)C(=O)c2cc(NS(C)(=O)=O)ccc2O1,10.09107,0.28556138416063825,0.2937268475662421,0.08515219490380052,0.2085746526624416,0.10638950953031912
frozen_GE_teacher,C[C@@H]1CCCCO[C@H](CN(C)Cc2ccc3c(c2)OCO3)[C@H](C)CN([C@@H](C)CO)C(=O)c2cc(NS(C)(=O)=O)ccc2O1,10.0656,0.028033639669281688,0.02804098687255918,0.0004627535882585961,0.027578233284300584,0.12811571485625933
frozen_GE_teacher,C[C@@H]1CCCCO[C@H](CN(C)Cc2ccccc2)[C@@H](C)CN([C@H](C)CO)C(=O)c2cc(NC(=O)CCC(F)(F)F)ccc2O1,10.4259,0.14617429213164418,0.14722894463652936,-0.13029398822514388,0.27752293286167323,0.3186630573974378
frozen_GE_teacher,C[C@@H]1CCCCO[C@H](CN(C)Cc2ccccc2)[C@H](C)CN([C@@H](C)CO)C(=O)c2cc(NC(=O)CCCN(C)C)ccc2O1,10.0325,-0.28715457869036926,-0.2954623558219256,-0.03311603263077868,-0.2623463231911469,0.14307894028882
frozen_GE_teacher,C[C@@H]1CCCCO[C@H](CN(C)Cc2ccccc2)[C@H](C)CN([C@@H](C)CO)C(=O)c2cc(NS(C)(=O)=O)ccc2O1,10.0228,-0.04835887390294281,-0.048396623928827244,0.03904492064076348,-0.08744154456959072,-0.39185204891269776
frozen_GE_teacher,C[C@@H]1CCCCO[C@H](CN(C)Cc2ccncc2)[C@@H](C)CN([C@@H](C)CO)C(=O)c2cc(NC(=O)CCCN(C)C)ccc2O1,10.0187,0.32564552127934593,0.33794945008847255,0.011959127990504484,0.3259903220979681,0.1693035741012452
frozen_GE_teacher,C[C@@H]1CCCCO[C@H](CN(C)Cc2ccncc2)[C@@H](C)CN([C@H](C)CO)C(=O)c2cc(NC(=O)C3CCCCC3)ccc2O1,9.96987,0.16398662166151437,0.16548075952675023,-0.011868784564276202,0.17734954409102643,-0.13836365678470747
frozen_GE_teacher,C[C@@H]1CCCCO[C@H](CN(C)Cc2ccncc2)[C@@H](C)CN([C@H](C)CO)C(=O)c2cc(NC(=O)c3ccccc3)ccc2O1,10.093,0.22567963002264685,0.2296325332512962,0.05191591898062282,0.1777166142706734,0.11995580567244529
frozen_GE_teacher,C[C@@H]1CCCCO[C@H](CN(C)Cc2ccncc2)[C@H](C)CN([C@@H](C)CO)C(=O)c2cc(N(C)C)ccc2O1,10.0346,-0.1971288916089324,-0.19974359507901385,0.016866989334598983,-0.21661058441361283,-0.01270713130033857
frozen_GE_teacher,C[C@@H]1CCCCO[C@H](CN(C)Cc2ccncc2)[C@H](C)CN([C@@H](C)CO)C(=O)c2cc(NC(=O)C3CCCCC3)ccc2O1,10.0439,0.20699563374367638,0.2100304380141198,0.009367197311395513,0.2006632407027243,0.1771190762787293
frozen_GE_teacher,C[C@@H]1CCCCO[C@H](CN(C)Cc2ccncc2)[C@H](C)CN([C@@H](C)CO)C(=O)c2cc(NC(=O)NC3CCCCC3)ccc2O1,10.045,-0.2541414815698576,-0.2598353052043654,0.03913494716925503,-0.2989702523736204,0.20381034062890607
frozen_GE_teacher,C[C@@H]1CCCCO[C@H](CN(C)Cc2ccncc2)[C@H](C)CN([C@@H](C)CO)C(=O)c2cc(NS(C)(=O)=O)ccc2O1,10.0399,-0.10952813704338432,-0.10996929841809401,0.031154649977953523,-0.14112394839604753,0.10610715210158186
frozen_GE_teacher,C[C@@H]1CCCCO[C@H](CN(C)S(=O)(=O)c2ccccc2)[C@H](C)CN([C@@H](C)CO)C(=O)c2cc(N(C)C)ccc2O1,10.0784,-0.11854517071379082,-0.1191052038409653,0.011647760129348669,-0.13075296397031397,0.2986713156244562
frozen_GE_teacher,C[C@@H]1CCCCO[C@H](CN(C)S(=O)(=O)c2cn(C)cn2)[C@H](C)CN([C@H](C)CO)C(=O)c2cc(N(C)C)ccc2O1,9.97203,0.12105186083290195,0.12164839443808659,0.009181862153803328,0.11246653228428326,0.05223331638204053
frozen_GE_teacher,C[C@@H]1CCCCO[C@H](CN(C)S(C)(=O)=O)[C@@H](C)CN([C@@H](C)CO)C(=O)c2cc(NC(=O)C3CCCCC3)ccc2O1,10.0111,0.16075471064672747,0.1621613311250896,-0.008234664261977057,0.17039599538706665,0.01960062617304871
frozen_GE_teacher,C[C@@H]1CC[C@H]2[C@@H](C)C(=O)O[C@@H]3O[C@@]4(C)CC[C@@H]1[C@]32OO4,10.0,0.5146315697939452,0.5690096238273336,0.0020171171961330843,0.5669925066312005,0.10259603042763372
frozen_GE_teacher,C[C@@H]1CN([C@@H](C)CO)C(=O)CCCn2cc(nn2)CO[C@@H]1CN(C)C(=O)C1CCCCC1,9.87175,0.20037577767449719,0.20312401979836345,-0.061021310025496565,0.26414532982386,-0.01793199026182623
frozen_GE_teacher,C[C@@H]1CN([C@@H](C)CO)C(=O)CCCn2cc(nn2)CO[C@@H]1CN(C)C(=O)Nc1cccc2ccccc12,10.0584,0.3461609195578958,0.3610753950770009,-0.12078048311206899,0.48185587818906994,-0.12568027106469595
frozen_GE_teacher,C[C@@H]1CN([C@@H](C)CO)C(=O)CCCn2cc(nn2)CO[C@@H]1CN(C)C(=O)Nc1ccccc1,9.83928,0.13128557202711913,0.1320477447915955,-0.0823205527907535,0.214368297582349,0.14069498340458195
frozen_GE_teacher,C[C@@H]1CN([C@@H](C)CO)C(=O)CCCn2cc(nn2)CO[C@@H]1CN(C)C(=O)Nc1ccccc1F,9.98155,0.07466098199193912,0.0748001744572502,0.052891312765695433,0.02190886169155476,-0.20096966312323866
frozen_GE_teacher,C[C@@H]1CN([C@@H](C)CO)C(=O)CCCn2cc(nn2)CO[C@@H]1CN(C)C(=O)c1cc(-c2ccccc2)on1,10.1063,-0.2738362754323341,-0.2810064051604316,0.0690247073228868,-0.3500311124833184,-0.18954136014475387
frozen_GE_teacher,C[C@@H]1CN([C@@H](C)CO)C(=O)CCCn2cc(nn2)CO[C@@H]1CN(C)C(=O)c1ccc(N2CCN(C)CC2)cc1,10.2313,0.32219559019856847,0.33409509724552083,0.08058116626591941,0.2535139309796014,0.13091532793937097
frozen_GE_teacher,C[C@@H]1CN([C@@H](C)CO)C(=O)CCCn2cc(nn2)CO[C@@H]1CN(C)Cc1ccc(Oc2ccccc2)cc1,9.90833,0.0667956142888917,0.06689522071266682,0.06829062293414684,-0.0013954022214800188,0.13285746207281612
frozen_GE_teacher,C[C@@H]1CN([C@@H](C)CO)C(=O)CCCn2cc(nn2)CO[C@@H]1CN(C)Cc1ccc2c(c1)OCO2,9.79256,0.44019816518579,0.4724765715569282,0.08250978298296117,0.389966788573967,-0.07943134782080703
frozen_GE_teacher,C[C@@H]1CN([C@@H](C)CO)C(=O)CCCn2cc(nn2)CO[C@@H]1CN(C)S(C)(=O)=O,10.0037,0.23417168306759853,0.23859865339127237,0.1283080582646951,0.11029059512657727,-0.01319042240253046
frozen_GE_teacher,C[C@@H]1CN([C@@H](C)CO)C(=O)CCCn2cc(nn2)CO[C@H]1CN(C)C,10.177,0.05393060942719848,0.05398298677866789,-0.0820849727103925,0.1360679594890604,0.0228351287348705
frozen_GE_teacher,C[C@@H]1CN([C@@H](C)CO)C(=O)CCCn2cc(nn2)CO[C@H]1CN(C)C(=O)C1CC1,10.0113,0.1343436756168377,0.13516076377831968,0.06865352475347827,0.0665072390248414,0.06645898585924709
frozen_GE_teacher,C[C@@H]1CN([C@@H](C)CO)C(=O)CCCn2cc(nn2)CO[C@H]1CN(C)C(=O)CCC(F)(F)F,10.056,0.2204089594728074,0.2240859095342405,0.0934069188458994,0.1306789906883411,-0.08854563032082131
frozen_GE_teacher,C[C@@H]1CN([C@@H](C)CO)C(=O)CCCn2cc(nn2)CO[C@H]1CN(C)C(=O)Nc1ccc(F)cc1,9.98871,0.2370801734246458,0.24167811694686933,0.1241363236642555,0.11754179328261383,-0.2747880284533015
frozen_GE_teacher,C[C@@H]1CN([C@@H](C)CO)C(=O)CCCn2cc(nn2)CO[C@H]1CN(C)C(=O)Nc1ccc(N2CCN(C)CC2)cc1,10.0082,-0.017554119476856898,-0.017555922894031337,0.1108762099788466,-0.12843213287287794,-0.12957415516731188
frozen_GE_teacher,C[C@@H]1CN([C@@H](C)CO)C(=O)CCCn2cc(nn2)CO[C@H]1CN(C)C(=O)Nc1cccc(F)c1,10.001909,0.6360286714494007,0.7514759727643388,0.08871224883502514,0.6627637239293136,0.40183993933339224
frozen_GE_teacher,C[C@@H]1CN([C@@H](C)CO)C(=O)CCCn2cc(nn2)CO[C@H]1CN(C)C(=O)Nc1cccc(Oc2ccccn2)c1,10.0421,0.12540768452533393,0.1260713913141407,-0.05761678119185641,0.18368817250599712,0.11442144456684114
frozen_GE_teacher,C[C@@H]1CN([C@@H](C)CO)C(=O)CCCn2cc(nn2)CO[C@H]1CN(C)C(=O)Nc1ccccc1F,10.055,0.31589494006620283,0.32708038684987145,0.11965181548320672,0.20742857136666473,-0.6564744807445444
frozen_GE_teacher,C[C@@H]1CN([C@@H](C)CO)C(=O)CCCn2cc(nn2)CO[C@H]1CN(C)Cc1ccc2c(c1)OCCO2,10.0884,-0.10628618266748355,-0.10668914709902762,-0.042685325223053676,-0.06400382187597395,-0.07314265776006562
frozen_GE_teacher,C[C@@H]1CN([C@@H](C)CO)C(=O)CCCn2cc(nn2)CO[C@H]1CN(C)S(=O)(=O)c1ccc(Cl)cc1,10.0638,0.08422421842195306,0.08442422469954834,-0.05314843378760993,0.13757265848715827,-0.011653818038232774
frozen_GE_teacher,C[C@@H]1CN([C@@H](C)CO)C(=O)CCCn2cc(nn2)CO[C@H]1CN(C)S(=O)(=O)c1ccc(F)cc1,9.90118,-0.12733276431046484,-0.1280277130934501,0.12100347225952575,-0.24903118535297586,0.13935985222672354
frozen_GE_teacher,C[C@@H]1CN([C@@H](C)CO)C(=O)CCCn2cc(nn2)CO[C@H]1CN(C)S(=O)(=O)c1ccccc1F,10.0162,0.35118084119843496,0.366790077165564,0.11336863891850354,0.2534214382470604,0.013508185178530058
frozen_GE_teacher,C[C@@H]1CN([C@@H](C)CO)C(=O)CCCn2nncc2CO[C@@H]1CN(C)C(=O)NC1CCCCC1,10.0571,0.1568070552271419,0.1581115698778181,0.09353135241341541,0.06458021746440269,-0.15422689225609712
frozen_GE_teacher,C[C@@H]1CN([C@@H](C)CO)C(=O)CCCn2nncc2CO[C@@H]1CN(C)C(=O)Nc1ccc2c(c1)OCO2,10.011,0.462068161490659,0.4999377016973721,0.13015366535862788,0.36978403633874424,0.006733654770857106
frozen_GE_teacher,C[C@@H]1CN([C@@H](C)CO)C(=O)CCCn2nncc2CO[C@@H]1CN(C)C(=O)c1cc(-c2ccccc2)on1,10.046,0.12776016024914763,0.1284621769405117,-0.01769773641742902,0.14615991335794074,0.3311388293662867
frozen_GE_teacher,C[C@@H]1CN([C@@H](C)CO)C(=O)CCCn2nncc2CO[C@@H]1CN(C)Cc1ccc(-c2ccccc2)cc1,10.3222,0.2645689380113661,0.271014888213428,0.059458471935334385,0.21155641627809363,0.24092414908526444
frozen_GE_teacher,C[C@@H]1CN([C@@H](C)CO)C(=O)CCCn2nncc2CO[C@@H]1CN(C)Cc1cccc(O)c1,9.87312,0.13430156564861156,0.13511788007807707,-0.031501775117300276,0.16661965519537736,0.1628461591751889
frozen_GE_teacher,C[C@@H]1CN([C@@H](C)CO)C(=O)CCCn2nncc2CO[C@@H]1CN(C)Cc1cccnc1,10.0581,0.2814626832146447,0.289269892262477,0.15289603527282186,0.13637385698965515,-0.007656741778767295
frozen_GE_teacher,C[C@@H]1CN([C@@H](C)CO)C(=O)CCCn2nncc2CO[C@H]1CN(C)C(=O)c1ccccc1,10.024,-0.0477782516915965,-0.04781465701595415,-0.05429612088695245,0.006481463870998301,0.08488487487577785
frozen_GE_teacher,C[C@@H]1CN([C@@H](C)CO)C(=O)CCCn2nncc2CO[C@H]1CN(C)Cc1ccc(O)cc1,10.085926,0.08639196589189549,0.08660786442353072,0.046780787804948744,0.03982707661858197,0.017654166044331156
frozen_GE_teacher,C[C@@H]1CN([C@@H](C)CO)C(=O)CCCn2nncc2CO[C@H]1CN(C)Cc1ccc2c(c1)OCCN2C,9.98734,0.5147827691596261,0.5692153158342619,0.05930887817220299,0.5099064376620589,-0.2787802568225542
frozen_GE_teacher,C[C@@H]1CN([C@@H](C)CO)C(=O)CCCn2nncc2CO[C@H]1CN(C)Cc1ccccc1,10.0124,0.3031105389054569,0.31294130095158484,-0.010788707008251104,0.323730007959836,0.10917569433329488
frozen_GE_teacher,C[C@@H]1CN([C@@H](C)CO)C(=O)CCCn2nncc2CO[C@H]1CN(C)Cc1cccnc1,10.0325,0.32116075002547156,0.3329408154871093,0.050723695477368234,0.2822171200097411,0.12353119009846511
frozen_GE_teacher,C[C@@H]1CN([C@@H](C)CO)C(=O)CCCn2nncc2CO[C@H]1CN(C)S(=O)(=O)c1ccc(F)cc1,10.0255,0.19186914305329716,0.19427703260317483,-0.014428847863796784,0.2087058804669716,-0.1971158948615136
frozen_GE_teacher,C[C@@H]1CN([C@@H](C)CO)C(=O)CCCn2nncc2CO[C@H]1CN(C)S(=O)(=O)c1ccc(Oc2ccccc2)cc1,10.0024,0.5223424222958921,0.5795556918853199,-0.08694221241917091,0.6664979043044907,-0.5663274258048032
frozen_GE_teacher,C[C@@H]1CN([C@@H](C)CO)C(=O)CCCn2nncc2CO[C@H]1CN(C)S(=O)(=O)c1ccccc1,10.0228,0.3046571075206109,0.3146452190009535,0.01658762753542846,0.298057591465525,0.10013389609944087
frozen_GE_teacher,C[C@@H]1CN([C@@H](C)CO)C(=O)Cc2cc(N(C)C)ccc2O[C@H]1CN(C)C(=O)NC1CCCCC1,10.0707,0.09421849183026705,0.09449878267582144,0.01946949076443139,0.07502929191139006,0.22709938819150063
frozen_GE_teacher,C[C@@H]1CN([C@@H](C)CO)C(=O)Cc2cc(N(C)C)ccc2O[C@H]1CN(C)C(=O)Nc1ccccc1,9.98088,0.33418793165310645,0.34753532189646685,0.03560101459432031,0.31193430730214655,0.03932601282507011
frozen_GE_teacher,C[C@@H]1CN([C@@H](C)CO)C(=O)Cc2cc(NC(=O)C3CCCCC3)ccc2O[C@H]1CN(C)CC1CC1,10.066,0.1851787330939169,0.1873400435151441,-0.017347302857453662,0.20468734637259778,0.34859290817989264
frozen_GE_teacher,C[C@@H]1CN([C@@H](C)CO)C(=O)Cc2cc(NC(=O)CCC(F)(F)F)ccc2O[C@H]1CN(C)C(=O)Nc1ccc2c(c1)OCO2,10.0202,0.1368219810601967,0.13768548175224474,0.019537704821471498,0.11814777693077325,-0.1111276876818233
frozen_GE_teacher,C[C@@H]1CN([C@@H](C)CO)C(=O)Cc2cc(NC(=O)CCCN(C)C)ccc2O[C@H]1CN(C)CC1CCCCC1,9.9715,-0.04409224506819,-0.04412085207276874,-0.07289218604466036,0.02877133397189162,0.010132181577408361
frozen_GE_teacher,C[C@@H]1CN([C@@H](C)CO)C(=O)Cc2cc(NC(=O)CCN3CCOCC3)ccc2O[C@H]1CN(C)C(=O)NC1CCCCC1,10.1796,-0.0490809820303305,-0.04912045018468229,-0.13553874271593297,0.08641829253125068,0.1545647113981351
frozen_GE_teacher,C[C@@H]1CN([C@@H](C)CO)C(=O)Cc2cc(NS(C)(=O)=O)ccc2O[C@@H]1CN(C)Cc1ccncc1,9.74082,-0.07809811893935607,-0.07825748426574647,-0.08882625654463908,0.010568772278892608,0.14050733445361213
frozen_GE_teacher,C[C@@H]1CN([C@@H](C)CO)C(=O)Cc2cc(NS(C)(=O)=O)ccc2O[C@H]1CN(C)Cc1ccncc1,9.90592,0.051416840486882436,0.0514622225822216,-0.05621776613202982,0.10767998871425141,0.034077106604477755
frozen_GE_teacher,C[C@@H]1CN([C@@H](C)CO)C(=O)c2c(c3ccccc3n2C)-c2ccccc2CO[C@@H]1CN(C)C(=O)N[C@H](C)c1ccccc1,9.9205,0.176469001270632,0.1783358339955991,0.045067040603274516,0.13326879339232459,0.15378068357844693
frozen_GE_teacher,C[C@@H]1CN([C@@H](C)CO)C(=O)c2c(c3ccccc3n2C)-c2ccccc2CO[C@@H]1CN(C)C(=O)Nc1ccc(F)cc1,9.86141,0.061119976210571914,0.06119625489749893,0.08204496290727434,-0.02084870800977541,-0.11755458368704358
frozen_GE_teacher,C[C@@H]1CN([C@@H](C)CO)C(=O)c2c(c3ccccc3n2C)-c2ccccc2CO[C@@H]1CN(C)Cc1cccc(C(=O)O)c1,9.88596,-4.6157875505330064e-05,-4.615787553811061e-05,-0.02762733062804773,0.027581172752509618,-0.14737080181030718
frozen_GE_teacher,C[C@@H]1CN([C@@H](C)CO)C(=O)c2c(c3ccccc3n2C)-c2ccccc2CO[C@@H]1CN(C)Cc1ccncc1,10.1052,0.04106353530702426,0.04108663932162894,-0.21308851197347597,0.25417515129510493,0.259920426500506
frozen_GE_teacher,C[C@@H]1CN([C@@H](C)CO)C(=O)c2c(c3ccccc3n2C)-c2ccccc2CO[C@@H]1CN(C)S(=O)(=O)c1ccc(C#N)cc1,9.79465,-0.06612730434313549,-0.06622394563517017,0.12100075570239119,-0.18722470133756136,-0.1335953471546965
frozen_GE_teacher,C[C@@H]1CN([C@@H](C)CO)C(=O)c2c(c3ccccc3n2C)-c2ccccc2CO[C@@H]1CN(C)S(=O)(=O)c1cccc(C#N)c1,9.94266,0.38415401850731423,0.40492375640403744,0.02780969648035451,0.3771140599236829,0.6269411866559536
frozen_GE_teacher,C[C@@H]1CN([C@@H](C)CO)C(=O)c2c(c3ccccc3n2C)-c2ccccc2CO[C@H]1CN(C)C,10.1291,0.22269989056804496,0.22649510031450845,0.1204905587678526,0.10600454154665585,-0.05225248417050235
frozen_GE_teacher,C[C@@H]1CN([C@@H](C)CO)C(=O)c2c(c3ccccc3n2C)-c2ccccc2CO[C@H]1CN(C)C(=O)Cc1ccccc1,9.79899,0.7472341117344901,0.9666627957540397,-0.03807525038036272,1.0047380461344024,0.4152501384325237
frozen_GE_teacher,C[C@@H]1CN([C@@H](C)CO)C(=O)c2c(c3ccccc3n2C)-c2ccccc2CO[C@H]1CN(C)C(=O)c1ccc(F)cc1,10.0696,-0.03608801302508346,-0.03610369162224506,0.07235965630763935,-0.10846334792988441,0.2598923600626917
frozen_GE_teacher,C[C@@H]1CN([C@@H](C)CO)C(=O)c2c(c3ccccc3n2C)-c2ccccc2CO[C@H]1CN(C)S(=O)(=O)Cc1ccccc1,10.2576,0.15205249290574527,0.15324083755588017,-0.024334141282174312,0.17757497883805448,0.17703461175223065
frozen_GE_teacher,C[C@@H]1CN([C@@H](C)CO)C(=O)c2cc(-c3ccc(C(=O)N(C)C)cc3)cnc2O[C@@H]1CN(C)C(=O)c1ccncc1,10.008,0.04671604275538127,0.04675007151206268,-0.013716296758628446,0.06046636827069113,-0.012269440516861062
frozen_GE_teacher,C[C@@H]1CN([C@@H](C)CO)C(=O)c2cc(-c3ccc(F)cc3)cnc2O[C@@H]1CN(C)C(=O)Cc1ccccn1,10.0488,0.3054524083019585,0.3155221231491445,-0.011426135813953285,0.3269482589630978,0.13754682640952876
frozen_GE_teacher,C[C@@H]1CN([C@@H](C)CO)C(=O)c2cc(-c3cccc(F)c3)cnc2O[C@@H]1CN(C)C(=O)C1CCC1,10.0337,0.25634156543122405,0.26218871048034664,-0.006563097638643403,0.26875180811899,0.020607500402736595
frozen_GE_teacher,C[C@@H]1CN([C@@H](C)CO)C(=O)c2cc(-c3cccc(F)c3)cnc2O[C@@H]1CN(C)CC1CCOCC1,10.0254,-0.09893410105621617,-0.09925879762380316,-0.0532927352176937,-0.04596606240610946,-0.07123141079623224
frozen_GE_teacher,C[C@@H]1CN([C@@H](C)CO)C(=O)c2cc(-c3ccccc3F)cnc2O[C@@H]1CN(C)Cc1cccc(F)c1,10.0254,0.21866683718014038,0.2222555700145889,0.03560330726852687,0.18665226274606203,0.18754873273672412
frozen_GE_teacher,C[C@@H]1CN([C@@H](C)CO)C(=O)c2cc(-c3cncnc3)cnc2O[C@@H]1CN(C)C(=O)CN1CCOCC1,9.99958,0.06808768360321141,0.06819319388088446,0.04051769028834998,0.027675503592534484,0.1526559810715221
frozen_GE_teacher,C[C@@H]1CN([C@@H](C)CO)C(=O)c2cc(/C=C/c3ccccc3)cnc2O[C@@H]1CN(C)C(=O)Cc1cccnc1,10.0681,0.10198770654064777,0.10234353801589356,0.19539702648841573,-0.09305348847252216,-0.05362571726396326
frozen_GE_teacher,C[C@@H]1CN([C@@H](C)CO)C(=O)c2cc(/C=C/c3ccccc3)cnc2O[C@H]1CN(C)C(=O)CN1CCOCC1,10.0595,-0.25653262661931553,-0.26239322022694406,0.032459897894146605,-0.29485311812109066,-0.05851135142065902
frozen_GE_teacher,C[C@@H]1CN([C@@H](C)CO)C(=O)c2cc(Br)cnc2O[C@H]1CN(C)C(=O)c1ccc(F)cc1,10.1115,0.36105638340896545,0.3781001080914493,-0.0031563054165708246,0.3812564135080201,0.3353963353672145
frozen_GE_teacher,C[C@@H]1CN([C@@H](C)CO)C(=O)c2cc(Br)cnc2O[C@H]1CN(C)C(=O)c1ccccn1,9.97744,-0.10262994668169789,-0.10299257167784517,-0.05604349769700018,-0.046949073980844996,0.1435732216233297
frozen_GE_teacher,C[C@@H]1CN([C@@H](C)CO)C(=O)c2cc(Br)cnc2O[C@H]1CN(C)Cc1ccccc1C(=O)O,9.99724,0.02242017022023034,0.022423927958015514,-0.014801342049362821,0.03722527000737834,-0.01323950248536489
frozen_GE_teacher,C[C@@H]1CN([C@@H](C)CO)C(=O)c2cc(C#CC3(O)CCCC3)cnc2O[C@@H]1CN(C)C(=O)Cc1cccnc1,10.0349,0.046014479157407896,0.04604699645824876,-0.03491175474810391,0.08095875120635267,0.15205681497175805
frozen_GE_teacher,C[C@@H]1CN([C@@H](C)CO)C(=O)c2cc(C#CC3(O)CCCC3)cnc2O[C@@H]1CN(C)Cc1ccccn1,10.0801,0.3005217438170786,0.3100930477541627,0.006643664737357471,0.30344938301680524,-0.1154399752442587
frozen_GE_teacher,C[C@@H]1CN([C@@H](C)CO)C(=O)c2cc(C#CC3(O)CCCC3)cnc2O[C@H]1CN(C)Cc1ccccn1,10.0313,0.07345508590587536,0.07358762789736836,-0.027515392123178106,0.10110302002054647,0.17489748639659636
frozen_GE_teacher,C[C@@H]1CN([C@@H](C)CO)C(=O)c2cc(C#CC3CCCCC3)cnc2O[C@@H]1CN(C)C(=O)Cc1ccccn1,10.0428,-0.08807704105447671,-0.08830586151800718,-0.01972277872903597,-0.06858308278897121,0.16815992528351048
frozen_GE_teacher,C[C@@H]1CN([C@@H](C)CO)C(=O)c2cc(C#CC3CCCCC3)cnc2O[C@@H]1CN(C)Cc1cccnc1,10.0166,-0.1512407461065338,-0.15240998381484366,-0.003929591659629846,-0.14848039215521383,0.07739176458497977
frozen_GE_teacher,C[C@@H]1CN([C@@H](C)CO)C(=O)c2cc(C#CCC3CCCC3)cnc2O[C@@H]1CN(C)C(=O)CN(C)C,10.0818,-0.061742859610358865,-0.06182149787168972,0.00217801097600676,-0.06399950884769648,-0.002148995987959561
frozen_GE_teacher,C[C@@H]1CN([C@@H](C)CO)C(=O)c2cc(C#CCN(C)C)cnc2O[C@H]1CN(C)C(=O)c1cnccn1,10.0428,0.14281550563488027,0.1437985318195626,0.023793468649016693,0.1200050631705459,-0.04607364740530336
frozen_GE_teacher,C[C@@H]1CN([C@@H](C)CO)C(=O)c2cc(C#Cc3ccccn3)cnc2O[C@H]1CN(C)CC1CCCC1,10.0645,0.00848087359633944,0.008481076934672406,-0.13421038166352875,0.14269145859820115,-0.15381654214699872
frozen_GE_teacher,C[C@@H]1CN([C@@H](C)CO)C(=O)c2cc(C#Cc3cccnc3)cnc2O[C@@H]1CN(C)C(=O)CN(C)C,10.0256,0.2500886110545743,0.25550733257497693,0.08706256085462066,0.16844477172035627,-0.0008531589948776869
frozen_GE_teacher,C[C@@H]1CN([C@@H](C)CO)C(=O)c2cc(C#Cc3cccnc3)cnc2O[C@H]1CN(C)C(=O)CN(C)C,10.0916,0.03682317687925333,0.036839833850425975,0.03106560242762349,0.005774231422802485,-0.006899418723751379
frozen_GE_teacher,C[C@@H]1CN([C@@H](C)CO)C(=O)c2cc(C3=CCCC3)cnc2O[C@@H]1CN(C)C(=O)C1CCOCC1,10.0005,0.5359854733391185,0.5985057985032004,-0.0374320126734707,0.6359378111766711,-0.23705671366126183
frozen_GE_teacher,C[C@@H]1CN([C@@H](C)CO)C(=O)c2cc(C3=CCCC3)cnc2O[C@@H]1CN(C)C(=O)Nc1cccc(F)c1,10.0119,0.15052887272522436,0.15168152616871072,0.059973244073213555,0.09170828209549717,-0.022119465221989806
frozen_GE_teacher,C[C@@H]1CN([C@@H](C)CO)C(=O)c2cc(C3=CCCC3)cnc2O[C@H]1CN(C)C(=O)c1ccccn1,10.0482,-0.09816409557735832,-0.09848124052900376,-0.00996322099141993,-0.08851801953758383,0.012594692649926275
frozen_GE_teacher,C[C@@H]1CN([C@@H](C)CO)C(=O)c2cc(C3=CCCC3)cnc2O[C@H]1CN(C)Cc1ccccc1F,10.0591,0.10953339682836441,0.10997462207087749,0.16945397516655772,-0.059479353095680226,-0.12089685567079186
frozen_GE_teacher,C[C@@H]1CN([C@@H](C)CO)C(=O)c2cc(C3=CCCCC3)cnc2O[C@H]1CN(C)C(=O)Cc1ccncc1,10.034,-0.1717978954016967,-0.17351864939521222,0.0247437299073952,-0.19826237930260743,0.051579753428148654
frozen_GE_teacher,C[C@@H]1CN([C@@H](C)CO)C(=O)c2cc(C3=CCCCC3)cnc2O[C@H]1CN(C)Cc1ccc(C(=O)O)cc1,9.89147,0.02430519625714568,0.02430998399224569,-0.2222350734323491,0.2465450574245948,0.2138984907088596
frozen_GE_teacher,C[C@@H]1CN([C@@H](C)CO)C(=O)c2cc(N(C)C)ccc2O[C@@H](C)CCCCO[C@@H]1CN(C)C(=O)Cc1ccccc1,9.98102,0.08728118405097954,0.08750383881969337,-0.024082532130905533,0.1115863709505989,0.23581783764385997
frozen_GE_teacher,C[C@@H]1CN([C@@H](C)CO)C(=O)c2cc(N(C)C)ccc2O[C@@H](C)CCCCO[C@@H]1CN(C)C(=O)Nc1ccc2c(c1)OCO2,10.0398,-0.0680810862718026,-0.0681865658252332,0.02883147413724547,-0.09701803996247868,-0.014204758748559277
frozen_GE_teacher,C[C@@H]1CN([C@@H](C)CO)C(=O)c2cc(N(C)C)ccc2O[C@@H](C)CCCCO[C@@H]1CN(C)Cc1ccc2c(c1)OCO2,10.0354,-0.018153671282062172,-0.018155665892250785,0.01506998360385972,-0.0332256494961105,0.1240136425452053
frozen_GE_teacher,C[C@@H]1CN([C@@H](C)CO)C(=O)c2cc(N(C)C)ccc2O[C@@H](C)CCCCO[C@H]1CN(C)C(=O)C1CCCCC1,10.0598,0.1954049557269949,0.19795059089607264,0.06578714825885579,0.13216344263721685,0.2174180793568522
frozen_GE_teacher,C[C@@H]1CN([C@@H](C)CO)C(=O)c2cc(N(C)C)ccc2O[C@@H]1CN(C)Cc1ccncc1,10.0849,-0.07271600508346963,-0.07284457804186793,-0.012540086385166162,-0.06030449165670177,-0.08205421083920683
frozen_GE_teacher,C[C@@H]1CN([C@@H](C)CO)C(=O)c2cc(NC(=O)C3CCCCC3)ccc2O[C@@H](C)CCCCO[C@@H]1CN(C)C(=O)c1ccncc1,10.0177,-0.3057281568920185,-0.3158262750998334,-0.009735283760760233,-0.3060909913390732,0.03758486806041534
frozen_GE_teacher,C[C@@H]1CN([C@@H](C)CO)C(=O)c2cc(NC(=O)CCC(F)(F)F)ccc2O[C@@H](C)CCCCO[C@@H]1CN(C)C,10.0859,0.43046650022703487,0.4604691448507523,0.03919589049228988,0.4212732543584624,0.30504082508060615
frozen_GE_teacher,C[C@@H]1CN([C@@H](C)CO)C(=O)c2cc(NC(=O)CCC(F)(F)F)ccc2O[C@@H](C)CCCCO[C@@H]1CN(C)Cc1ccncc1,9.97197,0.03235782846008039,0.03236912875557367,-0.0078118787259291965,0.04018100748150287,0.14337823512913217
frozen_GE_teacher,C[C@@H]1CN([C@@H](C)CO)C(=O)c2cc(NC(=O)CCC(F)(F)F)ccc2O[C@@H](C)CCCCO[C@H]1CN(C)Cc1ccccc1,10.0031,0.07560375961289549,0.0757483042222745,-0.04863881846050404,0.12438712268277854,0.05240875741944076
frozen_GE_teacher,C[C@@H]1CN([C@@H](C)CO)C(=O)c2cc(NC(=O)CCC(F)(F)F)ccc2O[C@@H](C)CCCCO[C@H]1CN(C)Cc1ccncc1,10.0457,-0.00467747315114054,-0.004677507264018171,0.043433067167566564,-0.048110574431584736,-0.13412870827066006
frozen_GE_teacher,C[C@@H]1CN([C@@H](C)CO)C(=O)c2cc(NC(=O)Cc3ccccc3)ccc2O[C@@H](C)CCCCO[C@H]1CN(C)C,10.0442,0.27226594748497984,0.2793095656416336,0.00377475678396395,0.2755348088576697,-0.08087448696021564
frozen_GE_teacher,C[C@@H]1CN([C@@H](C)CO)C(=O)c2cc(NC(=O)NC3CCCCC3)ccc2O[C@@H](C)CCCCO[C@@H]1CN(C)C,9.96064,-0.13029753768188646,-0.1310425144556928,-0.04103032667327555,-0.09001218778241724,0.4554896918266712
frozen_GE_teacher,C[C@@H]1CN([C@@H](C)CO)C(=O)c2cc(NC(=O)NC3CCCCC3)ccc2O[C@@H](C)CCCCO[C@@H]1CN(C)Cc1ccncc1,10.074,0.03588866199368256,0.035904082063776765,0.0766541675731075,-0.040750085509330736,0.029019042938356776
frozen_GE_teacher,C[C@@H]1CN([C@@H](C)CO)C(=O)c2cc(NC(=O)NC3CCCCC3)ccc2O[C@H]1CN(C)Cc1ccc2c(c1)OCO2,9.97098,0.01583883267527161,0.015840157363372204,-0.04351999430115924,0.059360151664531444,0.17896095317520958
frozen_GE_teacher,C[C@@H]1CN([C@@H](C)CO)C(=O)c2cc(NC(=O)Nc3ccc(F)cc3)ccc2O[C@@H]1CN(C)S(C)(=O)=O,10.1308,-0.1322413226109603,-0.13302038199872715,0.030726536447320978,-0.16374691844604813,-0.011807050128968849
frozen_GE_teacher,C[C@@H]1CN([C@@H](C)CO)C(=O)c2cc(NC(=O)c3ccncc3)ccc2O[C@@H](C)CCCCO[C@H]1CN(C)C(=O)c1ccccc1,10.3891,0.16178382697553056,0.16321792727419596,0.16054241453461499,0.002675512739580971,-0.28121250251750946
frozen_GE_teacher,C[C@@H]1CN([C@@H](C)CO)C(=O)c2cc(NC(=O)c3ccncc3)ccc2O[C@@H]1CN(C)Cc1ccc(Oc2ccccc2)cc1,9.9464,0.04051012106618287,0.04053230289166624,0.03589008792725813,0.004642214964408108,0.023001579506089012
frozen_GE_teacher,C[C@@H]1CN([C@@H](C)CO)C(=O)c2cc(NS(=O)(=O)c3ccccc3)ccc2O[C@H]1CN(C)Cc1ccc2c(c1)OCO2,10.2908,0.2130896716385244,0.21640576544137194,-0.020902443694813432,0.23730820913618536,0.12890321664040447
frozen_GE_teacher,C[C@@H]1CN([C@@H](C)CO)C(=O)c2cc(NS(C)(=O)=O)ccc2O[C@@H](C)CCCCO[C@@H]1CN(C)C(=O)CCC(F)(F)F,10.1094,-0.09278463201833731,-0.09305227646590696,0.0965740819589058,-0.18962635842481274,-0.0901487251992327
frozen_GE_teacher,C[C@@H]1CN([C@@H](C)CO)C(=O)c2cc(NS(C)(=O)=O)ccc2O[C@@H](C)CCCCO[C@H]1CN(C)C(=O)Cc1ccccc1,10.035,0.10438280727927604,0.10476441552193116,-0.019439424297077346,0.12420383981900851,0.1715506455402817
frozen_GE_teacher,C[C@@H]1CN([C@@H](C)CO)C(=O)c2cccc(N(C)C)c2O[C@@H]1CN(C)C(=O)Nc1ccc(C(F)(F)F)cc1,10.0933,0.1170161177029303,0.11755464066422552,-0.013151617433734709,0.13070625809796024,0.10796535230551874
frozen_GE_teacher,C[C@@H]1CN([C@@H](C)CO)C(=O)c2cccc(N(C)C)c2O[C@@H]1CN(C)Cc1ccc(C(=O)Nc2ccccc2N)cc1,10.2997,0.1936651878493538,0.1961423932502687,-0.02024326665711789,0.2163856599073866,0.3122762337432384
frozen_GE_teacher,C[C@@H]1CN([C@@H](C)CO)C(=O)c2cccc(N(C)C)c2O[C@@H]1CN(C)S(=O)(=O)c1cccs1,9.98631,0.17281760720865563,0.17456956288507577,-0.11985748883654765,0.2944270517216234,-0.011008318465279804
frozen_GE_teacher,C[C@@H]1CN([C@@H](C)CO)C(=O)c2cccc(N(C)C)c2O[C@H]1CN(C)Cc1ccc(Oc2ccccc2)cc1,10.0554,-0.19440698343847626,-0.19691321013804483,0.04347215447298018,-0.240385364611025,-0.0644296746656367
frozen_GE_teacher,C[C@@H]1CN([C@@H](C)CO)C(=O)c2cccc(NC(=O)C3CC3)c2O[C@H]1CN(C)Cc1ccc(C(=O)O)cc1,10.0034,0.17778087209726376,0.1796901957627292,0.04039605543885347,0.13929414032387574,-0.1999557750328026
frozen_GE_teacher,C[C@@H]1CN([C@@H](C)CO)C(=O)c2cccc(NC(=O)C3CCOCC3)c2O[C@@H]1CN(C)C(=O)Nc1ccc(C(F)(F)F)cc1,10.0404,-0.016877152366910453,-0.016878755060463362,-0.010199401290802344,-0.006679353769661018,0.08048537853436885
frozen_GE_teacher,C[C@@H]1CN([C@@H](C)CO)C(=O)c2cccc(NC(=O)NC3CCCCC3)c2O[C@@H]1CN(C)Cc1ccc2c(c1)OCO2,10.0854,0.32270163672764934,0.33465986438747664,0.05375309459107867,0.28090676979639795,0.2347910689063734
frozen_GE_teacher,C[C@@H]1CN([C@@H](C)CO)C(=O)c2cccc(NC(=O)NC3CCCCC3)c2O[C@H]1CN(C)Cc1ccc2c(c1)OCO2,10.0668,0.25818201403744734,0.2641596004501003,0.026820710542730452,0.23733888990736984,-0.05620080381996635
frozen_GE_teacher,C[C@@H]1CN([C@@H](C)CO)C(=O)c2cccc(NC(=O)Nc3ccc(F)cc3)c2O[C@@H]1CN(C)CC1CCCCC1,10.0521,0.2703827380060134,0.27727670227373535,-0.07028368861778983,0.3475603908915252,0.1222890274647549
frozen_GE_teacher,C[C@@H]1CN([C@@H](C)CO)C(=O)c2cccc(NC(=O)Nc3cccc4ccccc34)c2O[C@H]1CN(C)CC1CC1,10.0986,-0.05766567021528107,-0.057729717168774834,-0.03397860057780397,-0.023751116590970865,0.1288069329083154
frozen_GE_teacher,C[C@@H]1CN([C@@H](C)CO)C(=O)c2cccc(NS(C)(=O)=O)c2O[C@@H]1CN(C)C,10.256,-0.19506126379732625,-0.1975932797005389,-0.005942453275182951,-0.19165082642535594,-0.05637764995437723
frozen_GE_teacher,C[C@@H]1CN([C@@H](C)CO)C(=O)c2cccc(NS(C)(=O)=O)c2O[C@H]1CN(C)C,9.82204,0.07193356050094894,0.07205801902711256,-0.09432686646324015,0.1663848854903527,0.11467071732242938
frozen_GE_teacher,C[C@@H]1CN([C@@H](C)CO)C(=O)c2ccccc2-c2ccccc2CO[C@@H]1CN(C)C(=O)N[C@H](C)c1ccccc1,9.75893,0.5500024895961664,0.6183848828949706,0.02376999987543976,0.5946148830195309,0.26511617085621064
frozen_GE_teacher,C[C@@H]1CN([C@@H](C)CO)C(=O)c2ccccc2-c2ccccc2CO[C@@H]1CN(C)C(=O)Nc1ccccc1,9.91073,0.06998840338423154,0.07010301694483971,0.06134527916374411,0.0087577377810956,0.05189777783724422
frozen_GE_teacher,C[C@@H]1CN([C@@H](C)CO)C(=O)c2ccccc2-c2ccccc2CO[C@@H]1CN(C)C(=O)Nc1ccccc1C(F)(F)F,10.0029,0.23497044892911692,0.23944392942594608,-0.0125684706598682,0.25201240008581427,0.18881000507415302
frozen_GE_teacher,C[C@@H]1CN([C@@H](C)CO)C(=O)c2ccccc2-c2ccccc2CO[C@@H]1CN(C)C(=O)Nc1ccnc(N2CCOCC2)c1,10.2454,0.21383239929227676,0.21718395167081722,0.04444748551007516,0.17273646616074206,0.05045621652644089
frozen_GE_teacher,C[C@@H]1CN([C@@H](C)CO)C(=O)c2ccccc2-c2ccccc2CO[C@@H]1CN(C)Cc1ccc(O)cc1,10.024,-0.15905159356984383,-0.16041352386602545,0.007901600375800217,-0.16831512424182565,0.07120610952200158
frozen_GE_teacher,C[C@@H]1CN([C@@H](C)CO)C(=O)c2ccccc2-c2ccccc2CO[C@@H]1CN(C)Cc1ccc2c(c1)OCO2,10.2066,0.1514227702531438,0.15259627425547692,-0.0780186932280866,0.23061496748356353,0.23653077001346942
frozen_GE_teacher,C[C@@H]1CN([C@@H](C)CO)C(=O)c2ccccc2-c2ccccc2CO[C@@H]1CN(C)S(=O)(=O)c1cccc(F)c1,9.8493,0.06891754664674629,0.06902696955580656,0.0694534567477403,-0.00042648719193373597,-0.2654220172524668
frozen_GE_teacher,C[C@@H]1CN([C@@H](C)CO)C(=O)c2ccccc2-c2ccccc2CO[C@@H]1CN(C)S(=O)(=O)c1cccs1,9.75905,0.37351834025057223,0.3925056793062054,0.1091585375963581,0.2833471417098473,0.5436251938775046
frozen_GE_teacher,C[C@@H]1CN([C@@H](C)CO)C(=O)c2ccccc2-c2ccccc2CO[C@H]1CN(C)C(=O)CCN(C)C,9.83688,0.2572683620886297,0.263180943816144,-0.00808799205462741,0.2712689358707714,-0.13186986029409029
frozen_GE_teacher,C[C@@H]1CN([C@@H](C)CO)C(=O)c2ccccc2-c2ccccc2CO[C@H]1CN(C)C(=O)Cc1ccccc1,10.256,-0.22571695102250036,-0.22967185741286997,0.09243305552358402,-0.322104912936454,-0.04360738792323093
frozen_GE_teacher,C[C@@H]1CN([C@@H](C)CO)C(=O)c2ccccc2-c2ccccc2CO[C@H]1CN(C)C(=O)Oc1ccccc1,10.1737,0.5159498632395952,0.570804502107035,0.11292874620134169,0.45787575590569335,0.29951173374649415
frozen_GE_teacher,C[C@@H]1CN([C@@H](C)CO)C(=O)c2ccccc2-c2ccccc2CO[C@H]1CN(C)C(=O)c1ccccc1,10.2462,0.40563760107336494,0.43037852744506644,-0.060087366386730755,0.4904658938317972,-0.029770336300058105
frozen_GE_teacher,C[C@@H]1CN([C@@H](C)CO)C(=O)c2ccccc2-c2ccccc2CO[C@H]1CN(C)C(=O)c1ccncc1,9.86434,0.27363235343190906,0.2807859655114076,0.006475638270233874,0.2743103272411737,-0.25540108395837036
frozen_GE_teacher,C[C@@H]1CN([C@@H](C)CO)C(=O)c2ccccc2-c2ccccc2CO[C@H]1CN(C)Cc1ccncc1,10.185,0.02792596326787828,0.02793322610845842,0.03474691277765181,-0.0068136866691933876,-0.10092186611195354
frozen_GE_teacher,C[C@@H]1CN([C@@H](C)CO)C(=O)c2ccccc2-c2ccccc2CO[C@H]1CN(C)S(=O)(=O)c1cccs1,10.0189,0.5211694479705684,0.5779439552278093,0.07667945824840028,0.501264496979409,0.1174517454740808
frozen_GE_teacher,C[C@@H]1CN([C@@H](C)CO)S(=O)(=O)c2ccc(-c3ccc(C(=O)N(C)C)cc3)cc2O[C@@H]1CN(C)C(=O)Nc1ccccc1F,10.009,-0.01985283679514248,-0.019855445645576567,0.0089792833140326,-0.028834728959609167,-0.07357362045330133
frozen_GE_teacher,C[C@@H]1CN([C@@H](C)CO)S(=O)(=O)c2ccc(-c3ccc(C(=O)N(C)C)cc3)cc2O[C@H]1CN(C)C(=O)C1CCC1,10.0685,0.3195290580627276,0.331122528797006,0.0005051603203192808,0.3306173684766867,0.05991538822868594
frozen_GE_teacher,C[C@@H]1CN([C@@H](C)CO)S(=O)(=O)c2ccc(-c3cccc(C#N)c3)cc2O[C@@H]1CN(C)CC1CC1,10.0838,-0.03107544803364249,-0.03108545684899276,0.005100189317284714,-0.03618564616627747,-0.09754699903689905
frozen_GE_teacher,C[C@@H]1CN([C@@H](C)CO)S(=O)(=O)c2ccc(-c3cccc(C#N)c3)cc2O[C@H]1CN(C)C(=O)Nc1cc(F)ccc1F,9.96613,0.7033815712591376,0.8739620763814253,0.7525848541180342,0.1213772222633911,0.3300232545756514
frozen_GE_teacher,C[C@@H]1CN([C@@H](C)CO)S(=O)(=O)c2ccc(-c3ccccc3)cc2O[C@H]1CN(C)C(=O)c1ccc2c(c1)OCO2,10.0031,0.0813003128251109,0.08148015124358893,-0.024252327183860497,0.10573247842744943,-0.07913880377340772
frozen_GE_teacher,C[C@@H]1CN([C@@H](C)CO)S(=O)(=O)c2ccc(-c3ccncc3)cc2O[C@@H]1CN(C)S(=O)(=O)c1ccccc1F,10.054,0.1039881094128495,0.1043653863441004,0.013140478714383175,0.09122490762971723,-0.12240753421888183
frozen_GE_teacher,C[C@@H]1CN([C@@H](C)CO)S(=O)(=O)c2ccc(-c3cncnc3)cc2O[C@@H]1CN(C)C(=O)Cc1ccccc1,10.0551,-0.23494099588856793,-0.23941275545133,0.017658127009105233,-0.25707088246043525,0.014646587811200797
frozen_GE_teacher,C[C@@H]1CN([C@@H](C)CO)S(=O)(=O)c2ccc(-c3cncnc3)cc2O[C@@H]1CN(C)C(=O)c1cccc(F)c1,10.084,0.0146759583943537,0.014677012184880055,-0.003927182186548896,0.01860419437142895,0.0328077379165556
frozen_GE_teacher,C[C@@H]1CN([C@@H](C)CO)S(=O)(=O)c2ccc(-c3cncnc3)cc2O[C@@H]1CN(C)Cc1ccc(Oc2ccccc2)cc1,10.0406,0.19407335488211533,0.1965665004851081,-0.004326661426805249,0.20089316191191334,-0.02362117178637165
frozen_GE_teacher,C[C@@H]1CN([C@@H](C)CO)S(=O)(=O)c2ccc(/C=C/c3ccccc3)cc2O[C@H]1CN(C)C(=O)CN1CCOCC1,10.0015,-0.04066761426543352,-0.04069005598254936,-0.02323265517438973,-0.017457400808159627,0.08478396712555233
frozen_GE_teacher,C[C@@H]1CN([C@@H](C)CO)S(=O)(=O)c2ccc(/C=C/c3ccccc3)cc2O[C@H]1CN(C)Cc1ccccc1,10.0659,0.30158560969091514,0.3112629454942297,0.050394447657971415,0.2608684978362583,0.09323390428363867
frozen_GE_teacher,C[C@@H]1CN([C@@H](C)CO)S(=O)(=O)c2ccc(C#CC(C)(C)O)cc2O[C@@H]1CN(C)Cc1ccc(F)cc1,10.0055,0.6489242124880888,0.7734381214137831,0.21237825172907654,0.5610598696847066,0.201703445808465
frozen_GE_teacher,C[C@@H]1CN([C@@H](C)CO)S(=O)(=O)c2ccc(C#CC3CC3)cc2O[C@H]1CN(C)C(=O)c1cccc(F)c1,10.0433,0.28204534606936277,0.28990279861784485,0.2353330074215279,0.05456979119631694,-0.0021654477575916153
frozen_GE_teacher,C[C@@H]1CN([C@@H](C)CO)S(=O)(=O)c2ccc(C#CC3CCCC3)cc2O[C@@H]1CN(C)Cc1cncnc1,10.0342,0.06387582199698508,0.06396290897832556,0.011663390527966777,0.05229951845035878,0.1970111639595743
frozen_GE_teacher,C[C@@H]1CN([C@@H](C)CO)S(=O)(=O)c2ccc(C#CC3CCCC3)cc2O[C@H]1CN(C)Cc1cncnc1,9.99045,0.15022795705147537,0.151373648243338,-0.03490315019063729,0.18627679843397527,0.07464813260267643
frozen_GE_teacher,C[C@@H]1CN([C@@H](C)CO)S(=O)(=O)c2ccc(C#C[C@@H](C)O)cc2O[C@@H]1CN(C)Cc1ccc(-c2ccccc2)cc1,10.0021,-0.07924603671648436,-0.0794125512239796,-0.13562771692329487,0.05621516569931527,0.021373995558213413
frozen_GE_teacher,C[C@@H]1CN([C@@H](C)CO)S(=O)(=O)c2ccc(C3=CCCCC3)cc2O[C@@H]1CN(C)C(=O)Cc1ccncc1,10.036,0.4572459227492314,0.4938236290381218,-0.132453125738814,0.6262767547769358,0.11846878812651143
frozen_GE_teacher,C[C@@H]1CN([C@H](C)CO)C(=O)CCCn2cc(nn2)CO[C@@H]1CN(C)C(=O)CCC(F)(F)F,10.2775,-0.03395828863949994,-0.03397135085255765,0.12001557885743615,-0.15398692970999378,0.1513283218743156
frozen_GE_teacher,C[C@@H]1CN([C@H](C)CO)C(=O)CCCn2cc(nn2)CO[C@@H]1CN(C)C(=O)NC1CCCCC1,10.1178,-0.06986919852883518,-0.06998322630863105,-0.008553557945812442,-0.0614296683628186,0.08915294368663532
frozen_GE_teacher,C[C@@H]1CN([C@H](C)CO)C(=O)CCCn2cc(nn2)CO[C@@H]1CN(C)C(=O)Nc1ccccc1F,10.1491,0.31606557262528456,0.32726994562547534,-0.07373218396777018,0.40100212959324555,0.05762105209376382
frozen_GE_teacher,C[C@@H]1CN([C@H](C)CO)C(=O)CCCn2cc(nn2)CO[C@@H]1CN(C)C(=O)Oc1ccc2ccccc2c1,9.88249,0.047938873076005556,0.04797564713925143,0.033169663722552756,0.014805983416698677,-0.07908013542453818
frozen_GE_teacher,C[C@@H]1CN([C@H](C)CO)C(=O)CCCn2cc(nn2)CO[C@@H]1CN(C)C(=O)Oc1ccccc1,10.0603,0.3692305935477681,0.38753194809911085,0.10037317888195692,0.28715876921715394,-0.026554410274662238
frozen_GE_teacher,C[C@@H]1CN([C@H](C)CO)C(=O)CCCn2cc(nn2)CO[C@@H]1CN(C)Cc1ccc(Cl)c(Cl)c1,9.92289,0.23847101355384112,0.24315230381702752,-0.0006845432324480791,0.24383684704947559,0.18015141335480242
frozen_GE_teacher,C[C@@H]1CN([C@H](C)CO)C(=O)CCCn2cc(nn2)CO[C@@H]1CN(C)Cc1ccc(Oc2ccccc2)cc1,10.4694,0.3331672793914219,0.3463867912251692,-0.08013492877042432,0.4265217199955935,0.4294412364053818
frozen_GE_teacher,C[C@@H]1CN([C@H](C)CO)C(=O)CCCn2cc(nn2)CO[C@@H]1CN(C)Cc1cccc(O)c1,9.88594,-0.06500420902816698,-0.06509600131534415,0.08090791206689604,-0.1460039133822402,-0.11419186250812059
frozen_GE_teacher,C[C@@H]1CN([C@H](C)CO)C(=O)CCCn2cc(nn2)CO[C@@H]1CN(C)Cc1ccccc1C(F)(F)F,10.2084,0.22001021344993318,0.223666841970603,0.012096802975654481,0.2115700389949485,0.02606677638167296
frozen_GE_teacher,C[C@@H]1CN([C@H](C)CO)C(=O)CCCn2cc(nn2)CO[C@H]1CN(C)C(=O)Nc1ccc(N2CCN(C)CC2)cc1,10.0243,0.0680104017619279,0.06811555250781297,0.06611178941532722,0.002003763092485747,-0.07365592179482816
frozen_GE_teacher,C[C@@H]1CN([C@H](C)CO)C(=O)CCCn2cc(nn2)CO[C@H]1CN(C)C(=O)Oc1cccc2ccccc12,10.0525,0.2447893967995769,0.24986249020256263,0.07226901002136704,0.17759348018119558,0.0646029257935122
frozen_GE_teacher,C[C@@H]1CN([C@H](C)CO)C(=O)CCCn2cc(nn2)CO[C@H]1CN(C)Cc1ccc2c(c1)OCCO2,9.70189,0.27441367313470577,0.28163071644614734,0.037054761260474696,0.24457595518567266,0.046464114470474806
frozen_GE_teacher,C[C@@H]1CN([C@H](C)CO)C(=O)CCCn2cc(nn2)CO[C@H]1CN(C)Cc1cccnc1,9.90744,0.0948257458857323,0.09511151113086949,-0.026445577053857982,0.12155708818472748,0.07166453052150012
frozen_GE_teacher,C[C@@H]1CN([C@H](C)CO)C(=O)CCCn2nncc2CO[C@@H]1CN(C)C(=O)c1ccc(N2CCN(C)CC2)cc1,10.0414,-0.09461109367054908,-0.09489491571190242,0.13506932936005434,-0.22996424507195676,-0.1869707335915276
frozen_GE_teacher,C[C@@H]1CN([C@H](C)CO)C(=O)CCCn2nncc2CO[C@@H]1CN(C)Cc1ccc(-c2ccccc2)cc1,9.79476,0.4472746950264124,0.48128820207652845,0.0079957297423821,0.47329247233414634,0.3670642879382276
frozen_GE_teacher,C[C@@H]1CN([C@H](C)CO)C(=O)CCCn2nncc2CO[C@@H]1CN(C)Cc1ccc(Cl)c(Cl)c1,10.442,0.21188971220532785,0.21514906338187917,0.13120180086406177,0.0839472625178174,-0.24340937026625584
frozen_GE_teacher,C[C@@H]1CN([C@H](C)CO)C(=O)CCCn2nncc2CO[C@@H]1CN(C)Cc1ccc2c(c1)OCCO2,9.85433,0.34502748267813654,0.3597882242886912,0.07726058522475421,0.282527639063937,-0.02101332791429033
frozen_GE_teacher,C[C@@H]1CN([C@H](C)CO)C(=O)CCCn2nncc2CO[C@@H]1CN(C)Cc1ccc2cccnc2c1,10.2924,-0.01238096184576713,-0.012381594522476114,-0.011162387172542077,-0.0012192073499340365,-0.30374562556823315
frozen_GE_teacher,C[C@@H]1CN([C@H](C)CO)C(=O)CCCn2nncc2CO[C@@H]1CN(C)Cc1cccc(C(F)(F)F)c1,10.18162,0.21304275659359595,0.21635661929858963,-0.04210817582868074,0.2584647951272704,0.37382863233570235
frozen_GE_teacher,C[C@@H]1CN([C@H](C)CO)C(=O)CCCn2nncc2CO[C@@H]1CN(C)Cc1ccccc1C(F)(F)F,10.088,0.16876581087534248,0.17039601867291157,0.005667537436753478,0.1647284812361581,0.34184601264101444
frozen_GE_teacher,C[C@@H]1CN([C@H](C)CO)C(=O)CCCn2nncc2CO[C@@H]1CN(C)S(=O)(=O)c1ccc(Oc2ccccc2)cc1,10.0424,-0.08914567070387108,-0.08938294853063193,0.013780009030242938,-0.10316295756087487,-0.24246393101485228
frozen_GE_teacher,C[C@@H]1CN([C@H](C)CO)C(=O)CCCn2nncc2CO[C@H]1CN(C)C(=O)Cc1ccccc1,10.0489,0.27060087233716346,0.27751205648951643,-0.09134019554530383,0.36885225203482025,0.040925343762251175
frozen_GE_teacher,C[C@@H]1CN([C@H](C)CO)C(=O)CCCn2nncc2CO[C@H]1CN(C)Cc1ccc2c(c1)OCCN2C,10.0079,0.06636224834234164,0.06645992520122188,0.01337722731490634,0.05308269788631553,-0.11514911821405531
frozen_GE_teacher,C[C@@H]1CN([C@H](C)CO)C(=O)CCCn2nncc2CO[C@H]1CN(C)Cc1ccc2c(c1)OCO2,10.0336,-0.392246073753655,-0.4144517644596284,-0.05247808103603659,-0.3619736834235918,-0.07771163044003193
frozen_GE_teacher,C[C@@H]1CN([C@H](C)CO)C(=O)CCCn2nncc2CO[C@H]1CN(C)Cc1ccccc1C(F)(F)F,9.98391,0.36742334369009527,0.3854410339587561,0.003728241321334168,0.38171279263742197,0.22543796699619703
frozen_GE_teacher,C[C@@H]1CN([C@H](C)CO)C(=O)CCCn2nncc2CO[C@H]1CN(C)Cc1cccnc1,10.0385,0.1182309025842972,0.11878646839969857,0.10891589823389072,0.009870570165807849,0.21234400184568855
frozen_GE_teacher,C[C@@H]1CN([C@H](C)CO)C(=O)CCCn2nncc2CO[C@H]1CN(C)S(=O)(=O)c1ccc(Cl)cc1,10.027,0.009070731578212072,0.009070980364896411,0.011946076374711307,-0.002875096009814896,0.07512167974286554
frozen_GE_teacher,C[C@@H]1CN([C@H](C)CO)C(=O)CCCn2nncc2CO[C@H]1CN(C)S(=O)(=O)c1ccccc1,10.0411,-0.019837846207728653,-0.019840449151979724,0.13153948773696478,-0.1513799368889445,-0.25049318674204846
frozen_GE_teacher,C[C@@H]1CN([C@H](C)CO)C(=O)Cc2cc(N(C)C)ccc2O[C@@H]1CN(C)Cc1ccc(C(F)(F)F)cc1,9.8943,-0.06111975822437376,-0.061196036093929804,0.03542552831026831,-0.09662156440419811,-0.1962011726027863
frozen_GE_teacher,C[C@@H]1CN([C@H](C)CO)C(=O)Cc2cc(NC(=O)Cc3ccccc3)ccc2O[C@@H]1CN(C)Cc1ccc(C(=O)O)cc1,9.91401,0.5270287588821583,0.5860222765003847,-0.05237601073609447,0.6383982872364792,0.4410530622856382
frozen_GE_teacher,C[C@@H]1CN([C@H](C)CO)C(=O)Cc2cc(NC(=O)Cc3ccccc3)ccc2O[C@H]1CN(C)C(=O)NC1CCCCC1,9.96989,0.11969530755650414,0.12027189574777504,0.04518104227793061,0.07509085346984443,-0.1569736142503966
frozen_GE_teacher,C[C@@H]1CN([C@H](C)CO)C(=O)Cc2cc(NC(=O)Nc3ccc(F)cc3)ccc2O[C@H]1CN(C)Cc1ccc(C(=O)O)cc1,9.86118,0.03436180722328581,0.03437534086137742,-0.004118047643599928,0.03849338850497735,-0.1501357514183256
frozen_GE_teacher,C[C@@H]1CN([C@H](C)CO)C(=O)Cc2cc(NC(=O)c3ccncc3)ccc2O[C@H]1CN(C)Cc1ccc(-c2ccccc2)cc1,9.9326,0.03514679295882709,0.03516127593809414,-0.011862267144040206,0.04702354308213435,0.035269350152059814
frozen_GE_teacher,C[C@@H]1CN([C@H](C)CO)C(=O)Cc2cc(NS(=O)(=O)c3ccc(Cl)cc3)ccc2O[C@@H]1CN(C)CC1CCCCC1,10.2146,0.1136545810310293,0.11414778174666182,0.010975680584220472,0.10317210116244135,0.1158542954501269
frozen_GE_teacher,C[C@@H]1CN([C@H](C)CO)C(=O)Cc2cc(NS(C)(=O)=O)ccc2O[C@H]1CN(C)Cc1ccncc1,10.0382,-0.21797377756234682,-0.221527823215529,0.02115954055249384,-0.24268736376802283,-0.12208046540941075
frozen_GE_teacher,C[C@@H]1CN([C@H](C)CO)C(=O)c2c(c3ccccc3n2C)-c2ccccc2CO[C@@H]1CN(C)C(=O)CCC(F)(F)F,10.0481,0.10021826142743731,0.10055581868360504,-0.0602765975853497,0.16083241626895473,-0.07350137192216027
frozen_GE_teacher,C[C@@H]1CN([C@H](C)CO)C(=O)c2c(c3ccccc3n2C)-c2ccccc2CO[C@@H]1CN(C)C(=O)N[C@H](C)c1ccccc1,10.3415,-0.1378335427464338,-0.13871648717597143,-0.05683999957310851,-0.08187648760286292,0.12424877943259853
frozen_GE_teacher,C[C@@H]1CN([C@H](C)CO)C(=O)c2c(c3ccccc3n2C)-c2ccccc2CO[C@@H]1CN(C)C(=O)Nc1ccccc1,10.2715,0.3494269539384484,0.36479085946296713,0.031728170176150094,0.33306268928681704,0.4479265430724068
frozen_GE_teacher,C[C@@H]1CN([C@H](C)CO)C(=O)c2c(c3ccccc3n2C)-c2ccccc2CO[C@@H]1CN(C)C(=O)[C@@H](Cc1ccccc1)N(C)C,10.0268,0.36931260261512633,0.3876269057332294,0.07311628653213706,0.31451061920109236,0.020346100206972265
frozen_GE_teacher,C[C@@H]1CN([C@H](C)CO)C(=O)c2c(c3ccccc3n2C)-c2ccccc2CO[C@@H]1CN(C)Cc1cccnc1,9.98432,0.14658484881448117,0.14764849093536422,0.035766067853070224,0.111882423082294,-0.1446932004905654
frozen_GE_teacher,C[C@@H]1CN([C@H](C)CO)C(=O)c2c(c3ccccc3n2C)-c2ccccc2CO[C@@H]1CN(C)S(=O)(=O)c1ccc(C#N)cc1,10.1094,-0.0619559513998999,-0.06203540794272067,-0.0759337971677437,0.013898389225023032,0.21130885080492726
frozen_GE_teacher,C[C@@H]1CN([C@H](C)CO)C(=O)c2c(c3ccccc3n2C)-c2ccccc2CO[C@@H]1CN(C)S(=O)(=O)c1ccc(Cl)cc1,9.771486,0.48074163333463665,0.5239483846223962,-0.03148603840979056,0.5554344230321868,-0.04344433328924498
frozen_GE_teacher,C[C@@H]1CN([C@H](C)CO)C(=O)c2c(c3ccccc3n2C)-c2ccccc2CO[C@@H]1CN(C)S(=O)(=O)c1cccc(C#N)c1,9.87508,-0.05650537294984309,-0.05656562628196524,0.05937651289214495,-0.11594213917411018,0.03394386244130257
frozen_GE_teacher,C[C@@H]1CN([C@H](C)CO)C(=O)c2c(c3ccccc3n2C)-c2ccccc2CO[C@@H]1CN(C)S(=O)(=O)c1cn(C)cn1,10.3556,0.20334265526217216,0.20621692718049883,-0.038084539854765995,0.24430146703526484,0.2145434949213258
frozen_GE_teacher,C[C@@H]1CN([C@H](C)CO)C(=O)c2c(c3ccccc3n2C)-c2ccccc2CO[C@H]1CN(C)C(=O)Nc1ccc(F)cc1,10.0182,0.1708795054465188,0.17257248279980397,0.06451342346468017,0.1080590593351238,-0.01879890270025337
frozen_GE_teacher,C[C@@H]1CN([C@H](C)CO)C(=O)c2c(c3ccccc3n2C)-c2ccccc2CO[C@H]1CN(C)C(=O)Nc1ccc2c(c1)OCO2,10.0438,-0.07840251419699397,-0.0785637548549406,-0.0313738565775106,-0.047189898277430004,0.019041011098801713
frozen_GE_teacher,C[C@@H]1CN([C@H](C)CO)C(=O)c2c(c3ccccc3n2C)-c2ccccc2CO[C@H]1CN(C)C(=O)c1ccccc1,9.99405,0.05006904393619446,0.050110946496793214,-0.07972321966790417,0.1298341661646974,0.04634538492263987
frozen_GE_teacher,C[C@@H]1CN([C@H](C)CO)C(=O)c2c(c3ccccc3n2C)-c2ccccc2CO[C@H]1CN(C)C(=O)c1ccncc1,9.97114,-0.16789143742847853,-0.16949614774611899,-0.025970397188234524,-0.14352575055788447,-0.003711103640483389
frozen_GE_teacher,C[C@@H]1CN([C@H](C)CO)C(=O)c2c(c3ccccc3n2C)-c2ccccc2CO[C@H]1CN(C)S(=O)(=O)c1ccc(C#N)cc1,10.017,-0.06402259178866145,-0.0641102814501509,-0.06470329405924945,0.0005930126090985532,0.22385113227724562
frozen_GE_teacher,C[C@@H]1CN([C@H](C)CO)C(=O)c2c(c3ccccc3n2C)-c2ccccc2CO[C@H]1CN(C)S(=O)(=O)c1ccc(Cl)cc1,9.92041,-0.23664859875297803,-0.24122088964893607,0.04250054177120536,-0.28372143142014145,-0.4878223406895536
frozen_GE_teacher,C[C@@H]1CN([C@H](C)CO)C(=O)c2c(c3ccccc3n2C)-c2ccccc2CO[C@H]1CN(C)S(=O)(=O)c1cccc(F)c1,9.99108,-0.021506894877145303,-0.021510211777572275,-0.0409879708587792,0.019477759081206924,-0.006087367332719175
frozen_GE_teacher,C[C@@H]1CN([C@H](C)CO)C(=O)c2cc(-c3ccc(C(=O)N(C)C)cc3)cnc2O[C@@H]1CN(C)C(=O)c1ccncc1,10.1791,0.3307033040532569,0.34361771398817603,-0.008768545604642694,0.3523862595928187,-0.013481055502402984
frozen_GE_teacher,C[C@@H]1CN([C@H](C)CO)C(=O)c2cc(-c3ccc(C(=O)N(C)C)cc3)cnc2O[C@H]1CN(C)C(=O)c1ccncc1,10.057,-0.040973620660809715,-0.040996573136859275,0.02036363226452912,-0.061360205401388396,0.07847343359741485
frozen_GE_teacher,C[C@@H]1CN([C@H](C)CO)C(=O)c2cc(-c3cccc(F)c3)cnc2O[C@@H]1CN(C)C(=O)C1CCC1,10.0674,0.18513555849953411,0.18729533621276656,-0.014335207677200517,0.20163054388996707,-0.2120765812542407
frozen_GE_teacher,C[C@@H]1CN([C@H](C)CO)C(=O)c2cc(-c3cccc(F)c3)cnc2O[C@H]1CN(C)Cc1ccccn1,10.0084,0.2843318314870783,0.29238863943133525,-0.05239772622699128,0.34478636565832654,-0.008232521219158864
frozen_GE_teacher,C[C@@H]1CN([C@H](C)CO)C(=O)c2cc(-c3ccccc3F)cnc2O[C@@H]1CN(C)C(=O)C1CCOCC1,10.0363,0.05855906867691563,0.058626142963314684,0.06258060048029046,-0.003954457516975776,0.009565612891081376
frozen_GE_teacher,C[C@@H]1CN([C@H](C)CO)C(=O)c2cc(-c3ccccc3F)cnc2O[C@H]1CN(C)C(=O)c1cnccn1,10.1526,0.09575475691859486,0.09604903516941911,0.20812136687959829,-0.11207233171017918,-0.17658712732604084
frozen_GE_teacher,C[C@@H]1CN([C@H](C)CO)C(=O)c2cc(-c3ccccc3F)cnc2O[C@H]1CN(C)Cc1cccc(F)c1,10.0136,0.26600396556873074,0.27255855457112793,0.03493773333445881,0.2376208212366691,0.09961241265573004
frozen_GE_teacher,C[C@@H]1CN([C@H](C)CO)C(=O)c2cc(-c3ccncc3)cnc2O[C@@H]1CN(C)S(=O)(=O)c1ccc(F)cc1,10.046,-0.03698797237484247,-0.03700485410751857,0.06479628381076927,-0.10180113791828783,-0.1780820770981758
frozen_GE_teacher,C[C@@H]1CN([C@H](C)CO)C(=O)c2cc(/C=C/c3ccccc3)cnc2O[C@H]1CN(C)C(=O)c1ccc2c(c1)OCO2,10.0876,0.1629856810269748,0.1644523312522244,-0.07533126078762861,0.239783592039853,-0.059359020889257735
frozen_GE_teacher,C[C@@H]1CN([C@H](C)CO)C(=O)c2cc(Br)cnc2O[C@@H]1CN(C)C(=O)C1CCCCC1,10.003,0.2195116732272701,0.22314300299867643,0.040681892411295266,0.18246111058738115,0.05007807539204221
frozen_GE_teacher,C[C@@H]1CN([C@H](C)CO)C(=O)c2cc(C#CC3(O)CCCC3)cnc2O[C@H]1CN(C)Cc1ccccn1,10.0155,-0.1962885102712096,-0.19886938679246796,0.010669340903599833,-0.2095387276960678,-0.22343533956524328
frozen_GE_teacher,C[C@@H]1CN([C@H](C)CO)C(=O)c2cc(C#CCN(C)C)cnc2O[C@H]1CN(C)C(=O)c1cnccn1,10.0636,-0.2971824505233856,-0.3064262594032863,-0.13403027377829746,-0.17239598562498887,-0.06670085239742357
frozen_GE_teacher,C[C@@H]1CN([C@H](C)CO)C(=O)c2cc(C#CCc3ccccc3)cnc2O[C@@H]1CN(C)Cc1ccc(C(=O)O)cc1,10.0027,0.32914156674366557,0.34186521916657175,0.04638455390958557,0.2954806652569862,0.20984769457686542
frozen_GE_teacher,C[C@@H]1CN([C@H](C)CO)C(=O)c2cc(C#C[C@@H](C)O)cnc2O[C@@H]1CN(C)C(=O)Cc1ccncc1,10.0733,0.08311539762303133,0.08330758660528645,0.019186926052636104,0.06412066055265034,0.24165850316532422
frozen_GE_teacher,C[C@@H]1CN([C@H](C)CO)C(=O)c2cc(C#Cc3ccccc3F)cnc2O[C@H]1CN(C)C(=O)C1CCCCC1,9.96964,0.19396821473589132,0.19645724761669447,0.03355851387240498,0.16289873374428948,0.4899735882574961
frozen_GE_teacher,C[C@@H]1CN([C@H](C)CO)C(=O)c2cc(C#Cc3cccnc3)cnc2O[C@@H]1CN(C)C(=O)CN(C)C,10.0624,0.17932385422088462,0.18128398990997455,0.10984581356242076,0.07143817634755378,0.3228258736681314
frozen_GE_teacher,C[C@@H]1CN([C@H](C)CO)C(=O)c2cc(C#Cc3cccnc3)cnc2O[C@@H]1CN(C)S(=O)(=O)c1ccccc1F,10.0683,0.16230565407378478,0.16375382628909688,-0.023603681579693052,0.18735750786878994,0.1458524852580068
frozen_GE_teacher,C[C@@H]1CN([C@H](C)CO)C(=O)c2cc(C3=CCCC3)cnc2O[C@@H]1CN(C)C(=O)c1ccc2c(c1)OCO2,10.0535,0.07975560050442153,0.07992535614534593,0.02010545397431982,0.05981990217102611,0.00048013606930845734
frozen_GE_teacher,C[C@@H]1CN([C@H](C)CO)C(=O)c2cc(C3=CCCCC3)cnc2O[C@@H]1CN(C)C(=O)Cc1ccncc1,10.0502,0.07365743164988262,0.07379107439407637,-0.03790232150101258,0.11169339589508895,0.20934673249991845
frozen_GE_teacher,C[C@@H]1CN([C@H](C)CO)C(=O)c2cc(N(C)C)ccc2O[C@@H](C)CCCCO[C@@H]1CN(C)C(=O)C1CCCCC1,9.98252,-0.31579644099323967,-0.3269709727947367,-0.05589489908792905,-0.27107607370680764,-0.13970901941043562
frozen_GE_teacher,C[C@@H]1CN([C@H](C)CO)C(=O)c2cc(N(C)C)ccc2O[C@@H](C)CCCCO[C@@H]1CN(C)C(=O)Cc1ccccc1,9.9333,-0.03126690934031474,-0.031277104369105434,0.044724537079784514,-0.07600164144888995,0.09696715022376273
frozen_GE_teacher,C[C@@H]1CN([C@H](C)CO)C(=O)c2cc(N(C)C)ccc2O[C@@H](C)CCCCO[C@@H]1CN(C)C(=O)c1ccncc1,10.0157,0.014498847478182234,0.014499863572380102,0.022805059252586166,-0.008305195680206065,-0.24427932401604652
frozen_GE_teacher,C[C@@H]1CN([C@H](C)CO)C(=O)c2cc(N(C)C)ccc2O[C@@H](C)CCCCO[C@@H]1CN(C)Cc1ccc(C(=O)O)cc1,10.0179,0.4017246238933684,0.4257037442807766,-0.007806582838023211,0.43351032711879983,-0.05465639300378516
frozen_GE_teacher,C[C@@H]1CN([C@H](C)CO)C(=O)c2cc(N(C)C)ccc2O[C@@H](C)CCCCO[C@@H]1CN(C)Cc1ccc2c(c1)OCO2,9.9551,-0.03493156162911964,-0.03494578003375889,0.018325310986436798,-0.053271091020195685,0.05647175010572358
frozen_GE_teacher,C[C@@H]1CN([C@H](C)CO)C(=O)c2cc(N(C)C)ccc2O[C@@H](C)CCCCO[C@@H]1CN(C)Cc1ccccc1,10.0287,0.28917202959631616,0.2976625038326266,0.02653480955187429,0.27112769428075234,0.5558476881858404
frozen_GE_teacher,C[C@@H]1CN([C@H](C)CO)C(=O)c2cc(N(C)C)ccc2O[C@@H](C)CCCCO[C@@H]1CN(C)Cc1ccncc1,10.1063,-0.3389606651005981,-0.35291781134241473,-0.09565551999592413,-0.2572622913464906,0.24735311165179108
frozen_GE_teacher,C[C@@H]1CN([C@H](C)CO)C(=O)c2cc(N(C)C)ccc2O[C@@H](C)CCCCO[C@H]1CN(C)C(=O)Nc1ccc(C(F)(F)F)cc1,10.1167,0.10012622151129501,0.10046284583337786,0.0010668024330966197,0.09939604340028124,-0.0827439634171141
frozen_GE_teacher,C[C@@H]1CN([C@H](C)CO)C(=O)c2cc(N(C)C)ccc2O[C@@H](C)CCCCO[C@H]1CN(C)C(=O)Nc1ccc2c(c1)OCO2,10.077,-0.22819421604375967,-0.23228365470044893,-0.05223242325750106,-0.18005123144294788,-0.314260000116401
frozen_GE_teacher,C[C@@H]1CN([C@H](C)CO)C(=O)c2cc(N(C)C)ccc2O[C@@H](C)CCCCO[C@H]1CN(C)C(=O)Nc1cccc2ccccc12,10.0713,-0.0030412291938340286,-0.0030412385700717063,-0.03641618820197918,0.03337494963190747,-0.22403550340116257
frozen_GE_teacher,C[C@@H]1CN([C@H](C)CO)C(=O)c2cc(N(C)C)ccc2O[C@@H](C)CCCCO[C@H]1CN(C)C(=O)Nc1ccccc1,9.9318,-0.2798736851352353,-0.28754501731054055,0.01885398984903594,-0.30639900715957646,-0.19083140209196062
frozen_GE_teacher,C[C@@H]1CN([C@H](C)CO)C(=O)c2cc(N(C)C)ccc2O[C@@H](C)CCCCO[C@H]1CN(C)C(=O)c1ccncc1,10.3366,-0.08444177266181087,-0.08464333728083535,-0.082942850637548,-0.001700486643287355,0.17435173052063282
frozen_GE_teacher,C[C@@H]1CN([C@H](C)CO)C(=O)c2cc(N(C)C)ccc2O[C@@H](C)CCCCO[C@H]1CN(C)Cc1ccccc1,10.061,0.18407754630267875,0.1861999951363624,0.026377433410185988,0.15982256172617643,0.19101441079915427
frozen_GE_teacher,C[C@@H]1CN([C@H](C)CO)C(=O)c2cc(N(C)C)ccc2O[C@@H](C)CCCCO[C@H]1CN(C)S(=O)(=O)c1ccc(F)cc1,10.0636,-0.18733483034202594,-0.18957362835975958,0.09786047443349294,-0.28743410279325254,-0.021150303265305245
frozen_GE_teacher,C[C@@H]1CN([C@H](C)CO)C(=O)c2cc(N(C)C)ccc2O[C@@H]1CN(C)Cc1ccc(C(=O)Nc2ccccc2N)cc1,10.0581,0.17501658106634857,0.17683712507702673,-0.00808924630795109,0.1849263713849778,0.0768823789256502
frozen_GE_teacher,C[C@@H]1CN([C@H](C)CO)C(=O)c2cc(N(C)C)ccc2O[C@H]1CN(C)C(=O)Nc1cccc2ccccc12,10.1609,0.2325536892262242,0.23688747129055757,-0.036450524155624026,0.2733379954461816,0.33532780669217377
frozen_GE_teacher,C[C@@H]1CN([C@H](C)CO)C(=O)c2cc(N(C)C)ccc2O[C@H]1CN(C)Cc1ccc(C(=O)Nc2ccccc2N)cc1,10.0581,0.29785149789298476,0.30716027959944997,-0.04040182721474275,0.34756210681419275,0.22194600650580915
frozen_GE_teacher,C[C@@H]1CN([C@H](C)CO)C(=O)c2cc(NC(=O)C3CC3)ccc2O[C@H]1CN(C)CC1CCCCC1,10.1658,0.23683947553937895,0.2414230998613292,-0.05502676435473766,0.2964498642160669,0.0316184941746588
frozen_GE_teacher,C[C@@H]1CN([C@H](C)CO)C(=O)c2cc(NC(=O)C3CCCCC3)ccc2O[C@@H](C)CCCCO[C@H]1CN(C)Cc1ccncc1,9.99352,-0.24877610927827754,-0.2541077536383155,0.026172339074713967,-0.28028009271302945,0.15689002002305558
frozen_GE_teacher,C[C@@H]1CN([C@H](C)CO)C(=O)c2cc(NC(=O)CCC(F)(F)F)ccc2O[C@@H](C)CCCCO[C@@H]1CN(C)Cc1ccncc1,9.9458,0.3127074186338344,0.3235434655177613,0.011023342018003597,0.3125201234997577,0.23998630184093794
frozen_GE_teacher,C[C@@H]1CN([C@H](C)CO)C(=O)c2cc(NC(=O)CCC(F)(F)F)ccc2O[C@@H](C)CCCCO[C@H]1CN(C)S(C)(=O)=O,10.1243,-0.08271119245045723,-0.08290058343713871,-0.024070773968885125,-0.058829809468253585,-0.06424900147202885
frozen_GE_teacher,C[C@@H]1CN([C@H](C)CO)C(=O)c2cc(NC(=O)CCCN(C)C)ccc2O[C@@H](C)CCCCO[C@@H]1CN(C)S(C)(=O)=O,10.0279,0.24186367332607892,0.2467526363383952,0.044569916658988955,0.20218271967940624,-0.3645227655845167
frozen_GE_teacher,C[C@@H]1CN([C@H](C)CO)C(=O)c2cc(NC(=O)CCCN(C)C)ccc2O[C@@H](C)CCCCO[C@H]1CN(C)Cc1ccccc1,10.0032,0.059723540450032926,0.05979470213261722,0.026662612734758666,0.033132089397858555,0.11963152328393381
frozen_GE_teacher,C[C@@H]1CN([C@H](C)CO)C(=O)c2cc(NC(=O)Cc3ccccc3)ccc2O[C@@H](C)CCCCO[C@H]1CN(C)C,10.0021,-0.3995867395793478,-0.42315705026005684,0.003928804541332001,-0.42708585480138883,-0.026960533663854307
frozen_GE_teacher,C[C@@H]1CN([C@H](C)CO)C(=O)c2cc(NC(=O)Cn3cnnn3)ccc2O[C@H]1CN(C)Cc1ccc(Cl)c(Cl)c1,9.75103,-0.2109126973786507,-0.2141263425862142,0.05396640871536485,-0.26809275130157906,0.15902256976881746
frozen_GE_teacher,C[C@@H]1CN([C@H](C)CO)C(=O)c2cc(NC(=O)NC3CCCCC3)ccc2O[C@@H](C)CCCCO[C@@H]1CN(C)Cc1ccncc1,9.82253,0.02935779142597888,0.029366230087226372,0.08086912655485656,-0.05150289646763019,0.046875503537512186
frozen_GE_teacher,C[C@@H]1CN([C@H](C)CO)C(=O)c2cc(NC(=O)Nc3ccccc3)ccc2O[C@@H](C)CCCCO[C@H]1CN(C)C,9.99782,-0.21858967418881844,-0.22217453362017836,-0.07330768959507841,-0.14886684402509995,0.0729875830716263
frozen_GE_teacher,C[C@@H]1CN([C@H](C)CO)C(=O)c2cc(NC(=O)c3ccncc3)ccc2O[C@@H](C)CCCCO[C@H]1CN(C)C(=O)c1ccccc1,10.1748,0.232973848895752,0.23733169875559088,-0.0631122562359957,0.3004439549915866,0.08138856973026021
frozen_GE_teacher,C[C@@H]1CN([C@H](C)CO)C(=O)c2cc(NC(=O)c3ccncc3)ccc2O[C@H]1CN(C)Cc1ccc2c(c1)OCO2,10.1933,0.42852017825755284,0.45808258599168056,-0.038862403898770485,0.49694498989045105,-0.005794267141017828
frozen_GE_teacher,C[C@@H]1CN([C@H](C)CO)C(=O)c2cc(NC(=O)c3ccncc3)ccc2O[C@H]1CN(C)S(C)(=O)=O,9.79731,0.45205402128463645,0.4872788481659612,-0.011312840124295587,0.49859168829025674,-0.0155655277439116
frozen_GE_teacher,C[C@@H]1CN([C@H](C)CO)C(=O)c2cccc(N(C)C)c2O[C@@H]1CN(C)C(=O)Nc1ccc2c(c1)OCO2,10.0677,0.30585115575848426,0.31596196165152385,-0.02790198139924728,0.3438639430507711,0.19606854552946157
frozen_GE_teacher,C[C@@H]1CN([C@H](C)CO)C(=O)c2cccc(N(C)C)c2O[C@@H]1CN(C)C(=O)Nc1cccc2ccccc12,10.0061,-0.13808470640075304,-0.1389725239071693,-0.06431663246839237,-0.07465589143877693,0.03661984121539952
frozen_GE_teacher,C[C@@H]1CN([C@H](C)CO)C(=O)c2cccc(N(C)C)c2O[C@@H]1CN(C)Cc1ccc(C(=O)Nc2ccccc2N)cc1,10.0633,0.12158111887927028,0.12218555830946307,-0.01117030502576261,0.13335586333522567,0.195562984220317
frozen_GE_teacher,C[C@@H]1CN([C@H](C)CO)C(=O)c2cccc(N(C)C)c2O[C@@H]1CN(C)Cc1ccc(Oc2ccccc2)cc1,10.1194,-0.13920494777134804,-0.14011472116553955,-0.01934802049713643,-0.12076670066840312,-0.12524510038766565
frozen_GE_teacher,C[C@@H]1CN([C@H](C)CO)C(=O)c2cccc(N(C)C)c2O[C@@H]1CN(C)Cc1ccncc1,10.0061,-0.10583767586656315,-0.10623553757637953,0.05632009206724024,-0.16255562964361978,0.09164967699786901
frozen_GE_teacher,C[C@@H]1CN([C@H](C)CO)C(=O)c2cccc(N(C)C)c2O[C@H]1CN(C)S(=O)(=O)c1cn(C)cn1,10.1653,0.10987975611772025,0.11032520076532748,-0.03504697023689502,0.1453721710022225,0.0945343537914047
frozen_GE_teacher,C[C@@H]1CN([C@H](C)CO)C(=O)c2cccc(NC(=O)C3CC3)c2O[C@H]1CN(C)Cc1ccc(C(=O)O)cc1,9.98841,0.21072390148387407,0.2139287655047175,-0.015412116410646395,0.2293408819153639,-0.0967102649692229
frozen_GE_teacher,C[C@@H]1CN([C@H](C)CO)C(=O)c2cccc(NC(=O)C3CCOCC3)c2O[C@@H]1CN(C)Cc1ccc2c(c1)OCO2,9.97721,0.5611905162866406,0.6345693098258715,-0.011403905450744291,0.6459732152766158,0.17748472938070492
frozen_GE_teacher,C[C@@H]1CN([C@H](C)CO)C(=O)c2cccc(NC(=O)C3CCOCC3)c2O[C@H]1CN(C)CC1CCCCC1,9.86275,0.4124378869948995,0.43854526177545017,-0.02119428863809415,0.4597395504135443,-0.19267083118010067
frozen_GE_teacher,C[C@@H]1CN([C@H](C)CO)C(=O)c2cccc(NC(=O)NC3CCCCC3)c2O[C@H]1CN(C)C(=O)Nc1cccc2ccccc12,10.0095,0.40937867288224494,0.43486457456588196,-0.10482389389116906,0.539688468457051,0.23591489368665475
frozen_GE_teacher,C[C@@H]1CN([C@H](C)CO)C(=O)c2cccc(NC(=O)c3ccc(-c4nccs4)cc3)c2O[C@@H]1CN(C)CC1CCCCC1,9.75361,0.11059985305937285,0.11105415660514092,0.0012683153734881214,0.1097858412316528,-0.10559851798299882
frozen_GE_teacher,C[C@@H]1CN([C@H](C)CO)C(=O)c2cccc(NC(=O)c3ccc(-c4nccs4)cc3)c2O[C@H]1CN(C)CC1CCCCC1,10.2534,0.2764173339590711,0.2837988382976215,-0.05171470610799466,0.33551354440561615,0.09400046284540525
frozen_GE_teacher,C[C@@H]1CN([C@H](C)CO)C(=O)c2cccc(NC(=O)c3ccncc3)c2O[C@H]1CN(C)CC1CC1,10.0419,0.6203436007380138,0.7255634368761407,0.0057239083514509445,0.7198395285246897,0.3923400013161205
frozen_GE_teacher,C[C@@H]1CN([C@H](C)CO)C(=O)c2cccc(NC(=O)c3ccncc3)c2O[C@H]1CN(C)S(=O)(=O)c1ccccc1,10.0602,0.3082452047442841,0.31860521457044,0.03068995782917588,0.2879152567412641,0.11558834060482898
frozen_GE_teacher,C[C@@H]1CN([C@H](C)CO)C(=O)c2cccc(NS(C)(=O)=O)c2O[C@H]1CN(C)Cc1ccc(-c2ccccc2)cc1,10.0197,0.19363235785879263,0.19610828417457643,0.030486085733657638,0.1656221984409188,0.03885173260756724
frozen_GE_teacher,C[C@@H]1CN([C@H](C)CO)C(=O)c2ccccc2-c2ccccc2CO[C@@H]1CN(C)C(=O)Nc1cccc(C(F)(F)F)c1,9.92815,-0.06584002394362502,-0.06593540899011884,0.08225876166014426,-0.14819417065026308,-0.07687268431564832
frozen_GE_teacher,C[C@@H]1CN([C@H](C)CO)C(=O)c2ccccc2-c2ccccc2CO[C@@H]1CN(C)C(=O)[C@H]1CCCN1C,10.2543,-0.383433071939648,-0.40407827205608576,-0.06484512376379423,-0.33923314829229156,0.3358100825554361
frozen_GE_teacher,C[C@@H]1CN([C@H](C)CO)C(=O)c2ccccc2-c2ccccc2CO[C@@H]1CN(C)Cc1cccc(F)c1,9.9766,-0.018986365004717,-0.018988646912921053,0.07485713247580317,-0.09384577938872422,-0.024122127012302028
frozen_GE_teacher,C[C@@H]1CN([C@H](C)CO)C(=O)c2ccccc2-c2ccccc2CO[C@@H]1CN(C)Cc1cccc(O)c1,10.1141,0.10084465201840487,0.101188604593601,0.08183416589106249,0.019354438702538515,0.03105607511675039
frozen_GE_teacher,C[C@@H]1CN([C@H](C)CO)C(=O)c2ccccc2-c2ccccc2CO[C@@H]1CN(C)S(=O)(=O)c1ccc(C#N)cc1,10.2641,0.16765635511272672,0.16925425665939853,-0.049517717452693684,0.2187719741120922,0.06000532763867936
frozen_GE_teacher,C[C@@H]1CN([C@H](C)CO)C(=O)c2ccccc2-c2ccccc2CO[C@@H]1CN(C)S(=O)(=O)c1ccc(Cl)cc1,10.018,0.18239761353396644,0.18446169677774293,0.11792353174650816,0.06653816503123477,0.009740708019051914
frozen_GE_teacher,C[C@@H]1CN([C@H](C)CO)C(=O)c2ccccc2-c2ccccc2CO[C@@H]1CN(C)S(=O)(=O)c1cccc(C#N)c1,10.1894,-0.028806760297750787,-0.02881473250004596,-0.05120515731259127,0.022390424812545315,0.19995615248052484
frozen_GE_teacher,C[C@@H]1CN([C@H](C)CO)C(=O)c2ccccc2-c2ccccc2CO[C@@H]1CN(C)S(=O)(=O)c1cccc(F)c1,9.84849,-0.13649440420782213,-0.1373516708234713,0.05225661125289619,-0.18960828207636748,-0.07869002602268632
frozen_GE_teacher,C[C@@H]1CN([C@H](C)CO)C(=O)c2ccccc2-c2ccccc2CO[C@@H]1CN(C)S(=O)(=O)c1ccccc1,10.0212,-0.06492793325553249,-0.06501940224938951,0.06065811055523639,-0.1256775128046259,-0.16429677546152704
frozen_GE_teacher,C[C@@H]1CN([C@H](C)CO)C(=O)c2ccccc2-c2ccccc2CO[C@@H]1CN(C)S(=O)(=O)c1ccccc1C#N,10.0025,0.021329333589875144,0.02133256899876473,-0.03505525998445473,0.056387828983219465,0.11011453279059534
frozen_GE_teacher,C[C@@H]1CN([C@H](C)CO)C(=O)c2ccccc2-c2ccccc2CO[C@@H]1CN(C)S(=O)(=O)c1ccccc1F,9.77378,-0.14348200402472802,-0.14447897355341166,-0.022137686999577955,-0.12234128655383371,0.010733762565931814
frozen_GE_teacher,C[C@@H]1CN([C@H](C)CO)C(=O)c2ccccc2-c2ccccc2CO[C@H]1CN(C)C(=O)CCN(C)C,9.84062,-0.5181737326339354,-0.5738398959277394,-0.03896626094198807,-0.5348736349857514,-0.1873453129243442
frozen_GE_teacher,C[C@@H]1CN([C@H](C)CO)C(=O)c2ccccc2-c2ccccc2CO[C@H]1CN(C)C(=O)[C@H]1CCCN1C,10.2807,0.4190852216665642,0.4465818339126159,0.09409883749312536,0.35248299641949055,-0.07044841131523452
frozen_GE_teacher,C[C@@H]1CN([C@H](C)CO)C(=O)c2ccccc2-c2ccccc2CO[C@H]1CN(C)S(=O)(=O)c1cccc(C#N)c1,10.0389,0.2681969500290007,0.2749200129801312,-0.02409645458038258,0.29901646756051375,0.327439585148555
frozen_GE_teacher,C[C@@H]1CN([C@H](C)CO)C(=O)c2ccccc2-c2ccccc2CO[C@H]1CN(C)S(=O)(=O)c1cccc(F)c1,10.0309,-0.2619606689177835,-0.2682123798052369,0.044008487840744404,-0.3122208676459813,0.12976790617421946
frozen_GE_teacher,C[C@@H]1CN([C@H](C)CO)C(=O)c2ccccc2-c2ccccc2CO[C@H]1CN(C)S(=O)(=O)c1ccccc1F,10.0661,0.03328135912731184,0.033293655320157,0.042619835757573915,-0.009326180437416912,-0.14657316830452313
frozen_GE_teacher,C[C@@H]1CN([C@H](C)CO)C(=O)c2ccccc2-c2ccccc2CO[C@H]1CN(C)S(=O)(=O)c1ccsc1,10.0447,0.03568840344621044,0.035703566691717877,0.03166287301276882,0.004040693678949055,0.21469296624874634
frozen_GE_teacher,C[C@@H]1CN([C@H](C)CO)C(=O)c2ccccc2-c2ccccc2CO[C@H]1CN(C)S(=O)(=O)c1cn(C)cn1,10.0247,0.33890501159640557,0.35285493487445757,0.08506889610490624,0.2677860387695513,0.2881806818998076
frozen_GE_teacher,C[C@@H]1CN([C@H](C)CO)S(=O)(=O)c2ccc(-c3cccc(C#N)c3)cc2O[C@@H]1CN(C)C(=O)c1ccncc1,10.0294,-0.12402743874329833,-0.12466933708475036,0.0009505890614281594,-0.12561992614617853,-0.0027666132337401655
frozen_GE_teacher,C[C@@H]1CN([C@H](C)CO)S(=O)(=O)c2ccc(-c3cccc(C#N)c3)cc2O[C@H]1CN(C)C(=O)Nc1cc(F)ccc1F,10.0747,0.23239400879395003,0.2367186680396801,-0.018159976030569853,0.25487864407024996,0.12697829404763816
frozen_GE_teacher,C[C@@H]1CN([C@H](C)CO)S(=O)(=O)c2ccc(-c3cccc(C(=O)N(C)C)c3)cc2O[C@@H]1CN(C)Cc1ccc2c(c1)OCO2,10.0643,0.034056756279859636,0.034069932503819,-0.010495109485819172,0.04456504198963817,0.15507435503615508
frozen_GE_teacher,C[C@@H]1CN([C@H](C)CO)S(=O)(=O)c2ccc(-c3ccccc3)cc2O[C@@H]1CN(C)C,10.032,0.10416956852064205,0.10454883261668754,0.04662450663529556,0.05792432598139198,-0.01686216287089698
frozen_GE_teacher,C[C@@H]1CN([C@H](C)CO)S(=O)(=O)c2ccc(-c3cncnc3)cc2O[C@@H]1CN(C)C(=O)Cc1ccccc1,9.97018,-0.009446026580416668,-0.009446307543646469,-0.011148487583585626,0.0017021800399391572,0.18438489755907073
frozen_GE_teacher,C[C@@H]1CN([C@H](C)CO)S(=O)(=O)c2ccc(/C=C/c3ccccc3)cc2O[C@H]1CN(C)C(=O)CN1CCOCC1,10.0937,-0.06560936409584012,-0.06570374842896128,-0.006811119064387753,-0.058892629364573526,0.17939146373798084
frozen_GE_teacher,C[C@@H]1CN([C@H](C)CO)S(=O)(=O)c2ccc(/C=C/c3ccccc3)cc2O[C@H]1CN(C)Cc1ccccc1,10.0447,-0.12214634895900403,-0.12275930904540627,-0.02993153669047371,-0.09282777235493256,0.06957176507926305
frozen_GE_teacher,C[C@@H]1CN([C@H](C)CO)S(=O)(=O)c2ccc(C#CC(C)(C)O)cc2O[C@@H]1CN(C)Cc1ccc(F)cc1,10.062,0.4018294080482469,0.42582869926561584,0.1920583793043824,0.23377031996123343,0.1303914728907717
frozen_GE_teacher,C[C@@H]1CN([C@H](C)CO)S(=O)(=O)c2ccc(C#CC(C)(C)O)cc2O[C@H]1CN(C)Cc1ccc(F)cc1,10.009,-0.11092452821129009,-0.11138286443414422,0.7539201784142834,-0.8653030428484276,-0.6244110901596255
frozen_GE_teacher,C[C@@H]1CN([C@H](C)CO)S(=O)(=O)c2ccc(C#CC3CC3)cc2O[C@@H]1CN(C)C(=O)c1cccc(F)c1,10.0341,0.419819757200411,0.4474731961393678,0.19294484166111614,0.2545283544782517,0.04794758796264606
frozen_GE_teacher,C[C@@H]1CN([C@H](C)CO)S(=O)(=O)c2ccc(C#CC3CC3)cc2O[C@@H]1CN(C)S(C)(=O)=O,9.99498,0.0353001930075087,0.03531486654609457,-0.10965738314781298,0.14497224969390754,-0.005954066511551698
frozen_GE_teacher,C[C@@H]1CN([C@H](C)CO)S(=O)(=O)c2ccc(C#CC3CCCC3)cc2O[C@@H]1CN(C)Cc1ccccc1C(=O)O,9.99368,-0.04537254148089388,-0.045403715655474915,-0.011785544353545195,-0.03361817130192972,0.00860099908697394
frozen_GE_teacher,C[C@@H]1CN([C@H](C)CO)S(=O)(=O)c2ccc(C#CCN(C)C)cc2O[C@@H]1CN(C)C(=O)C1CCCCC1,10.0181,0.23115405496174657,0.23540832332948353,-0.019131699173547408,0.2545400225030309,0.22075031356697905
frozen_GE_teacher,C[C@@H]1CN([C@H](C)CO)S(=O)(=O)c2ccc(C#CCN(C)C)cc2O[C@H]1CN(C)S(=O)(=O)c1cccc(F)c1,10.0382,0.08189936840183737,0.08208322240868425,-0.018138156602375048,0.10022137901105929,-0.020929785275627333
frozen_GE_teacher,C[C@@H]1CN([C@H](C)CO)S(=O)(=O)c2ccc(C#Cc3ccccn3)cc2O[C@H]1CN(C)C,10.021,0.23261155112929588,0.23694864221493675,0.059384580947186946,0.17756406126774982,-0.025007045516376718
frozen_GE_teacher,C[C@@H]1CN([C@H](C)CO)S(=O)(=O)c2ccc(C3=CCCCC3)cc2O[C@@H]1CN(C)Cc1cccc(C(=O)O)c1,9.98785,0.1997758962629858,0.20249912355558716,-0.031049358098170474,0.23354848165375763,0.13379376197953666
frozen_GE_teacher,C[C@@H]1CN([C@H](C)CO)S(=O)(=O)c2ccc(C3=CCCCC3)cc2O[C@H]1CN(C)C(=O)Nc1ccc2c(c1)OCO2,10.0278,-0.09538577552940236,-0.09567665255376616,0.02043070152664586,-0.11610735408041202,-0.024138299875792364
frozen_GE_teacher,C[C@@H]1C[C@@H]([C@H](O)CC2CC(=O)NC(=O)C2)C(=O)[C@@H](C)C1,10.0,0.4606469817233271,0.49813222388460343,0.012713404019920847,0.4854188198646826,0.5886061814913471
frozen_GE_teacher,C[C@H](C(=O)N(C)C[C@@H]1OCc2ccccc2-c2ccccc2C(=O)N([C@@H](C)CO)C[C@@H]1C)c1ccccc1,10.3584,-0.5009984444393039,-0.5506382910902982,-0.005806932272192892,-0.5448313588181053,-0.20040013543563337
frozen_GE_teacher,C[C@H](C(=O)N(C)C[C@H]1OCc2ccccc2-c2ccccc2C(=O)N([C@@H](C)CO)C[C@@H]1C)c1ccccc1,10.1566,-0.05169320680600051,-0.05173932542042626,0.09158878816719522,-0.1433281135876215,0.018123623675077527
frozen_GE_teacher,C[C@H](CO)N1C[C@H](C)[C@@H](CN(C)C(=O)C2CC2)Oc2cc(Br)ccc2S1(=O)=O,10.0619,-0.06501359149254718,-0.0651054235997788,-0.001142936886766921,-0.06396248671301188,0.2310460609690384
frozen_GE_teacher,C[C@H](CO)N1C[C@H](C)[C@@H](CN(C)C(=O)C2CCCCC2)OCCCC[C@H](C)Oc2ccc(NC(=O)c3ccncc3)cc2C1=O,10.0698,0.25207480508555996,0.2576271660857413,0.03490949706289086,0.22271766902285045,0.06536813511702315
frozen_GE_teacher,C[C@H](CO)N1C[C@H](C)[C@@H](CN(C)C(=O)C2CCOCC2)Oc2ncc(-c3cccc(C#N)c3)cc2C1=O,9.99771,-0.08384588082061578,-0.08404319631315095,0.011504646398470826,-0.09554784271162178,0.05469347889285612
frozen_GE_teacher,C[C@H](CO)N1C[C@H](C)[C@@H](CN(C)C(=O)C2CCOCC2)Oc2ncc(C#CC3(O)CCCC3)cc2C1=O,10.0876,0.6118150855617015,0.7118171977997455,0.15325953339620693,0.5585576644035386,0.45910197808794806
frozen_GE_teacher,C[C@H](CO)N1C[C@H](C)[C@@H](CN(C)C(=O)CCC(F)(F)F)OCc2ccccc2-c2ccccc2C1=O,9.78259,0.3332658391512746,0.34649766124679865,0.10792783624081141,0.23856982500598722,0.24307519981667963
frozen_GE_teacher,C[C@H](CO)N1C[C@H](C)[C@@H](CN(C)C(=O)CCC(F)(F)F)OCc2cn(nn2)CCCC1=O,10.0284,0.25092727400839937,0.2564021491177795,0.07021978971465243,0.18618235940312705,0.12754600912318043
frozen_GE_teacher,C[C@H](CO)N1C[C@H](C)[C@@H](CN(C)C(=O)CN2CCOCC2)Oc2cc(/C=C/c3ccccc3)ccc2S1(=O)=O,10.1453,0.09722384074817474,0.09753192525645572,0.020537384056159447,0.07699454120029628,0.029437725545270462
frozen_GE_teacher,C[C@H](CO)N1C[C@H](C)[C@@H](CN(C)C(=O)Cc2ccccc2)OCc2ccccc2-c2ccccc2C1=O,10.0168,0.3982904279053652,0.42161537799176113,-0.023239072946204906,0.44485445093796605,0.2821061046997923
frozen_GE_teacher,C[C@H](CO)N1C[C@H](C)[C@@H](CN(C)C(=O)Cc2ccccc2)Oc2cc(-c3cncnc3)ccc2S1(=O)=O,10.1657,0.3523758499708352,0.3681538504093398,0.009411925530261885,0.3587419248790779,0.1539235057275988
frozen_GE_teacher,C[C@H](CO)N1C[C@H](C)[C@@H](CN(C)C(=O)Cc2cccnc2)Oc2ncc(C#CC3(O)CCCC3)cc2C1=O,10.1939,0.16561032501715278,0.1671497917634701,0.025462005546952132,0.14168778621651798,0.10532249716630337
frozen_GE_teacher,C[C@H](CO)N1C[C@H](C)[C@@H](CN(C)C(=O)Cc2ccncc2)Oc2ncc(C#C[C@@H](C)O)cc2C1=O,10.0039,-0.16740388796418187,-0.16899449906390024,-0.03785890349876079,-0.13113559556513946,0.2638358258250351
frozen_GE_teacher,C[C@H](CO)N1C[C@H](C)[C@@H](CN(C)C(=O)NC2CCCCC2)OCc2ccccc2-c2c(n(C)c3ccccc23)C1=O,10.0332,0.394343872758366,0.4169334316433779,0.04635877147257082,0.3705746601708071,-0.034669811897943034
frozen_GE_teacher,C[C@H](CO)N1C[C@H](C)[C@@H](CN(C)C(=O)NC2CCCCC2)Oc2c(NC(=O)c3ccncc3)cccc2C1=O,10.0408,0.3290982141037765,0.3418166001158484,0.04696093441285487,0.29485566570299354,0.1020224457640338
frozen_GE_teacher,C[C@H](CO)N1C[C@H](C)[C@@H](CN(C)C(=O)NC2CCCCC2)Oc2ccc(N(C)C)cc2CC1=O,9.88612,0.044761842662594004,0.04479177393266305,0.02615919021160145,0.0186325837210616,-0.0586298746669343
frozen_GE_teacher,C[C@H](CO)N1C[C@H](C)[C@@H](CN(C)C(=O)Nc2ccc(F)cc2)Oc2c(NC(=O)c3cnccn3)cccc2C1=O,10.0482,0.3877134749841715,0.40910616927443116,-0.0823003416704854,0.49140651094491655,0.18206221414701282
frozen_GE_teacher,C[C@H](CO)N1C[C@H](C)[C@@H](CN(C)C(=O)Nc2ccc(F)cc2)Oc2ccc(NC(=O)C3CCCCC3)cc2CC1=O,9.65199,0.27770068394777747,0.28518889136974174,-0.050676541701078145,0.3358654330708199,0.207626534492441
frozen_GE_teacher,C[C@H](CO)N1C[C@H](C)[C@@H](CN(C)C(=O)Nc2ccc(N3CCCCC3)cc2)OCc2cnnn2CCCC1=O,10.0731,0.12119362614469018,0.12179227051563321,0.08962806113323518,0.03216420938239803,-0.2335892102953104
frozen_GE_teacher,C[C@H](CO)N1C[C@H](C)[C@@H](CN(C)C(=O)Nc2ccc3c(c2)OCO3)OCc2ccccc2-c2c(n(C)c3ccccc23)C1=O,9.97504,0.1308969086704391,0.1316522854958801,0.04031373940832081,0.09133854608755929,0.261901662376815
frozen_GE_teacher,C[C@H](CO)N1C[C@H](C)[C@@H](CN(C)C(=O)Nc2cccc3ccccc23)OCc2cn(nn2)CCCC1=O,10.1484,-0.3318066764783297,-0.34485708232577905,-0.009603983243025306,-0.33525309908275375,-0.22537170120952535
frozen_GE_teacher,C[C@H](CO)N1C[C@H](C)[C@@H](CN(C)C(=O)Nc2cccc3ccccc23)Oc2c(NC(=O)c3ccncc3)cccc2C1=O,10.048,-0.3125276130538021,-0.32334418423471767,0.018031082015285478,-0.34137526625000314,0.05854874675775578
frozen_GE_teacher,C[C@H](CO)N1C[C@H](C)[C@@H](CN(C)C(=O)Nc2cccc3ccccc23)Oc2ccc(NC(=O)c3ccncc3)cc2CC1=O,9.99608,0.15528782136717592,0.15655441778458812,-0.030651897074379604,0.18720631485896772,-0.06743790342808786
frozen_GE_teacher,C[C@H](CO)N1C[C@H](C)[C@@H](CN(C)C(=O)Nc2ccccc2)OCc2ccccc2-c2ccccc2C1=O,10.2371,-0.28083890906448666,-0.2885925793630351,-0.11260089435760877,-0.17599168500542633,-0.04818570481810548
frozen_GE_teacher,C[C@H](CO)N1C[C@H](C)[C@@H](CN(C)C(=O)Nc2ccccc2)Oc2ccc(N(C)C)cc2CC1=O,10.1456,-0.06958389481024821,-0.06969652872423682,-0.02343166905970811,-0.04626485966452871,0.1820661641202182
frozen_GE_teacher,C[C@H](CO)N1C[C@H](C)[C@@H](CN(C)C(=O)[C@H](Cc2ccccc2)N(C)C)OCc2ccccc2-c2c(n(C)c3ccccc23)C1=O,10.0224,-0.18767020561930223,-0.18992122413288468,0.05897503963765205,-0.24889626377053672,-0.15421172351874796
frozen_GE_teacher,C[C@H](CO)N1C[C@H](C)[C@@H](CN(C)C(=O)c2ccc(F)cc2)Oc2cc(Br)ccc2S1(=O)=O,10.011,-0.03092865935316752,-0.030938526949910873,0.09504470482182617,-0.12598323177173704,0.03137552902106647
frozen_GE_teacher,C[C@H](CO)N1C[C@H](C)[C@@H](CN(C)C(=O)c2ccccc2)OCCCC[C@H](C)Oc2ccc(N(C)C)cc2C1=O,10.0094,0.10721662162330092,0.1076303115054372,0.028009338496103056,0.07962097300933414,-0.0032938316469668487
frozen_GE_teacher,C[C@H](CO)N1C[C@H](C)[C@@H](CN(C)C(=O)c2ccccc2)OCCCC[C@H](C)Oc2ccc(NC(=O)CCCN(C)C)cc2C1=O,10.0817,0.08785056102361914,0.08807761540208267,0.008756202751184945,0.07932141265089773,0.03217639429404632
frozen_GE_teacher,C[C@H](CO)N1C[C@H](C)[C@@H](CN(C)C(=O)c2ccccc2)OCc2ccccc2-c2c(n(C)c3ccccc23)C1=O,10.0589,-0.4177487287106458,-0.44496169901428834,-0.03790211773171549,-0.40705958128257286,-0.12035555918779421
frozen_GE_teacher,C[C@H](CO)N1C[C@H](C)[C@@H](CN(C)C(=O)c2ccccn2)Oc2ncc(C3=CCCC3)cc2C1=O,10.008,0.12949180773478608,0.13022295636404652,0.13504707187748166,-0.0048241155134351454,-0.07672540206683615
frozen_GE_teacher,C[C@H](CO)N1C[C@H](C)[C@@H](CN(C)C(=O)c2ccncc2)Oc2ncc(C#CC3CCCC3)cc2C1=O,10.0567,0.32446069524564863,0.3366246456178688,-0.033619167562638226,0.37024381318050703,0.34268059020719094
frozen_GE_teacher,C[C@H](CO)N1C[C@H](C)[C@@H](CN(C)C)OCCCC[C@H](C)Oc2ccc(N(C)C)cc2C1=O,10.0456,0.28443732014636325,0.2925034101230521,-0.03175408816719931,0.3242574982902514,0.35167789899733193
frozen_GE_teacher,C[C@H](CO)N1C[C@H](C)[C@@H](CN(C)C)OCCCC[C@H](C)Oc2ccc(NC(=O)NC3CCCCC3)cc2C1=O,10.0535,0.011231234244005767,0.01123170651804358,0.025326697991629902,-0.014094991473586322,0.006202649000593672
frozen_GE_teacher,C[C@H](CO)N1C[C@H](C)[C@@H](CN(C)C)OCCCC[C@H](C)Oc2ccc(NC(=O)Nc3ccc(F)cc3)cc2C1=O,9.98569,-0.23275146626529084,-0.2370965660488486,-0.038042342738140854,-0.19905422331070774,-0.18711269736597627
frozen_GE_teacher,C[C@H](CO)N1C[C@H](C)[C@@H](CN(C)C)OCCCC[C@H](C)Oc2ccc(NC(=O)c3ccncc3)cc2C1=O,10.0051,-0.16284069353293895,-0.16430339077232275,0.07635026182454722,-0.24065365259687,-0.02300191522575329
frozen_GE_teacher,C[C@H](CO)N1C[C@H](C)[C@@H](CN(C)C)OCCCC[C@H](C)Oc2ccc(NS(=O)(=O)c3ccccc3)cc2C1=O,10.0117,-0.4499720837905266,-0.48466527449404795,-0.04624931793577617,-0.43841595655827176,-0.08714006286749884
frozen_GE_teacher,C[C@H](CO)N1C[C@H](C)[C@@H](CN(C)C)Oc2cc(-c3ccccc3)ccc2S1(=O)=O,10.0186,0.1467077729564752,0.14777411667674875,0.046518526995029175,0.10125558968171958,0.005321005305802894
frozen_GE_teacher,C[C@H](CO)N1C[C@H](C)[C@@H](CN(C)C)Oc2ccc(NC(=O)Cn3cnnn3)cc2CC1=O,10.1341,0.4694658088080079,0.5093849057512634,-0.013087718962555835,0.5224726247138192,-0.11502269470913473
frozen_GE_teacher,C[C@H](CO)N1C[C@H](C)[C@@H](CN(C)C)Oc2ccc(NC(=O)Nc3ccccc3)cc2CC1=O,10.0481,0.6339212840068298,0.7479448595803113,0.0033476301017446204,0.7445972294785667,-0.12965943436245558
frozen_GE_teacher,C[C@H](CO)N1C[C@H](C)[C@@H](CN(C)CC2CC2)OCCCC[C@H](C)Oc2ccc(NC(=O)c3ccncc3)cc2C1=O,10.0744,0.10709657402121682,0.10750886944025967,-0.022342282624003416,0.1298511520642631,-0.0805258218037942
frozen_GE_teacher,C[C@H](CO)N1C[C@H](C)[C@@H](CN(C)CC2CC2)Oc2ccc(N(C)C)cc2CC1=O,9.99583,-0.014302585620149052,-0.01430356100436466,-0.03280492786829105,0.018501366863926387,-0.023989083806266687
frozen_GE_teacher,C[C@H](CO)N1C[C@H](C)[C@@H](CN(C)CC2CCCCC2)Oc2ccc(NS(=O)(=O)c3ccc(Cl)cc3)cc2CC1=O,9.93811,0.6316830836274727,0.7442117871785334,-0.0007560938936534475,0.7449678810721869,-0.058101300819538904
frozen_GE_teacher,C[C@H](CO)N1C[C@H](C)[C@@H](CN(C)CC2CCOCC2)Oc2cc(-c3cccnc3)ccc2S1(=O)=O,10.0919,-0.10869980709654063,-0.10913098761082107,0.045166776287406854,-0.1542977638982279,0.22167122352818708
frozen_GE_teacher,C[C@H](CO)N1C[C@H](C)[C@@H](CN(C)Cc2ccc(-c3ccccc3)cc2)OCc2cnnn2CCCC1=O,10.0545,0.3437363756523563,0.3583233890870696,0.028090213833331573,0.3302331752537381,-0.08335125562104218
frozen_GE_teacher,C[C@H](CO)N1C[C@H](C)[C@@H](CN(C)Cc2ccc(C(=O)O)cc2)Oc2ccc(NC(=O)Cc3ccccc3)cc2CC1=O,9.92959,0.1894067976161015,0.191721822084005,0.019232047830393735,0.17248977425361128,-0.08882736705807057
frozen_GE_teacher,C[C@H](CO)N1C[C@H](C)[C@@H](CN(C)Cc2ccc(C(F)(F)F)cc2)Oc2c(cccc2N(C)C)C1=O,10.0348,-0.10986239449060742,-0.11030762699373835,-0.021611557691787714,-0.08869606930195063,0.17099746480610994
frozen_GE_teacher,C[C@H](CO)N1C[C@H](C)[C@@H](CN(C)Cc2ccc(C(F)(F)F)cc2)Oc2ccc(N(C)C)cc2CC1=O,9.88912,-0.30855137837990404,-0.3189435689254533,-0.015024275001677094,-0.3039192939237762,0.17571506017512276
frozen_GE_teacher,C[C@H](CO)N1C[C@H](C)[C@@H](CN(C)Cc2ccc(Cl)c(Cl)c2)Oc2ccc(N(C)C)cc2C1=O,10.0924,0.3140543570438824,0.3250370894445637,-0.013228580331973553,0.33826566977653727,0.03238247661722933
frozen_GE_teacher,C[C@H](CO)N1C[C@H](C)[C@@H](CN(C)Cc2ccc3c(c2)OCCN3C)OCc2cn(nn2)CCCC1=O,10.3046,0.306050119189864,0.316181472578196,0.039067091744092744,0.2771143808341033,0.13566728895620883
frozen_GE_teacher,C[C@H](CO)N1C[C@H](C)[C@@H](CN(C)Cc2ccc3c(c2)OCO3)OCCCC[C@H](C)Oc2ccc(NS(C)(=O)=O)cc2C1=O,10.0617,0.19368960688692094,0.19616776396712934,-0.013605595622300477,0.20977335958942983,0.03119243847497698
frozen_GE_teacher,C[C@H](CO)N1C[C@H](C)[C@@H](CN(C)Cc2ccc3c(c2)OCO3)OCc2cnnn2CCCC1=O,10.0108,0.12245340862002879,0.12307103121873297,0.00605989092866375,0.11701114029006922,0.1545963557729392
frozen_GE_teacher,C[C@H](CO)N1C[C@H](C)[C@@H](CN(C)Cc2ccc3c(c2)OCO3)Oc2c(NC(=O)NC3CCCCC3)cccc2C1=O,10.1083,0.1455565895783132,0.14659781366000044,0.008386035444380548,0.1382117782156199,0.08253911947662917
frozen_GE_teacher,C[C@H](CO)N1C[C@H](C)[C@@H](CN(C)Cc2ccc3c(c2)OCO3)Oc2ccc(NC(=O)C3CC3)cc2CC1=O,10.1075,0.22513908106882205,0.2290630491478026,0.018353819086852508,0.21070923006095008,-0.06531753251798388
frozen_GE_teacher,C[C@H](CO)N1C[C@H](C)[C@@H](CN(C)Cc2ccc3c(c2)OCO3)Oc2ccc(NC(=O)c3ccncc3)cc2C1=O,10.097,0.2623284598873105,0.268607310315399,0.004638178736311246,0.26396913157908775,0.023353009320763493
frozen_GE_teacher,C[C@H](CO)N1C[C@H](C)[C@@H](CN(C)Cc2ccc3cccnc3c2)OCc2cn(nn2)CCCC1=O,9.69064,0.06269244467321254,0.06277477317051508,0.01220946112242344,0.05056531204809164,0.2454879831728306
frozen_GE_teacher,C[C@H](CO)N1C[C@H](C)[C@@H](CN(C)Cc2ccc3cccnc3c2)OCc2cnnn2CCCC1=O,10.0185,0.18625947612079038,0.18845939486984598,0.09662588514476217,0.0918335097250838,0.03247733690512336
frozen_GE_teacher,C[C@H](CO)N1C[C@H](C)[C@@H](CN(C)Cc2cccc(C(=O)O)c2)OCc2ccccc2-c2c(n(C)c3ccccc23)C1=O,10.1588,-0.5938154909956758,-0.6835392942041039,-0.07494420586680192,-0.6085950883373019,-0.35286314082783865
frozen_GE_teacher,C[C@H](CO)N1C[C@H](C)[C@@H](CN(C)Cc2cccc(C(=O)O)c2)OCc2ccccc2-c2ccccc2C1=O,9.87939,0.0014249015473165008,0.0014249025116646438,0.07088265038275164,-0.069457747871087,0.36179877747828515
frozen_GE_teacher,C[C@H](CO)N1C[C@H](C)[C@@H](CN(C)Cc2cccc(C(=O)O)c2)Oc2cc(C#CCC3CCCC3)ccc2S1(=O)=O,10.0075,0.191107003537417,0.1934858834369577,-0.015591506757472607,0.2090773901944303,0.2004171920589198
frozen_GE_teacher,C[C@H](CO)N1C[C@H](C)[C@@H](CN(C)Cc2cccc(C(F)(F)F)c2)OCc2cnnn2CCCC1=O,10.0509,0.17715114447328445,0.179039990427954,-0.07503867369798306,0.25407866412593705,-0.07059251840949313
frozen_GE_teacher,C[C@H](CO)N1C[C@H](C)[C@@H](CN(C)Cc2cccc(F)c2)Oc2ncc(-c3ccccc3F)cc2C1=O,10.0564,0.25195470328943737,0.2574989191418089,0.02870942264473645,0.22878949649707245,0.01891045892972843
frozen_GE_teacher,C[C@H](CO)N1C[C@H](C)[C@@H](CN(C)Cc2ccccc2)OCCCC[C@H](C)Oc2ccc(NC(=O)CCC(F)(F)F)cc2C1=O,9.95872,-0.02845374276158282,-0.028461425357404833,-0.017638688425137102,-0.010822736932267731,0.29412512130217433
frozen_GE_teacher,C[C@H](CO)N1C[C@H](C)[C@@H](CN(C)Cc2ccccc2)OCCCC[C@H](C)Oc2ccc(NC(=O)CCCN(C)C)cc2C1=O,10.0326,-0.061751875194931576,-0.06183054796187967,0.008103728354132114,-0.06993427631601179,-0.020329764898051335
frozen_GE_teacher,C[C@H](CO)N1C[C@H](C)[C@@H](CN(C)Cc2ccccc2C(F)(F)F)OCc2cnnn2CCCC1=O,10.2485,0.13761623787143826,0.1384949807336291,0.14880606825071413,-0.010311087517085038,-0.15674534694144007
frozen_GE_teacher,C[C@H](CO)N1C[C@H](C)[C@@H](CN(C)Cc2cccnc2)OCc2ccccc2-c2ccccc2C1=O,9.77323,-0.23322693546446205,-0.2375993271257345,-0.015158872280366182,-0.2224404548453683,0.23474714150409687
frozen_GE_teacher,C[C@H](CO)N1C[C@H](C)[C@@H](CN(C)Cc2ccncc2)OCCCC[C@H](C)Oc2ccc(NC(=O)CCC(F)(F)F)cc2C1=O,10.01,-0.128699088103153,-0.12941680160665875,0.07099110891831177,-0.20040791052497053,0.04564200897990285
frozen_GE_teacher,C[C@H](CO)N1C[C@H](C)[C@@H](CN(C)Cc2ccncc2)OCCCC[C@H](C)Oc2ccc(NC(=O)NC3CCCCC3)cc2C1=O,10.0129,0.24089743877977826,0.2457266213685702,-0.005881676975331704,0.2516082983439019,0.251270871844745
frozen_GE_teacher,C[C@H](CO)N1C[C@H](C)[C@@H](CN(C)Cc2ccncc2)OCCCC[C@H](C)Oc2ccc(NS(C)(=O)=O)cc2C1=O,10.0131,-0.20103976009137584,-0.20381587257116004,-0.012401515400607981,-0.19141435717055205,0.12970177493999335
frozen_GE_teacher,C[C@H](CO)N1C[C@H](C)[C@@H](CN(C)S(=O)(=O)CC(F)(F)F)OCc2ccccc2-c2c(n(C)c3ccccc23)C1=O,10.031,0.14067942057582725,0.1416186468668336,-0.029541597165337267,0.17116024403217087,0.07112496470332438
frozen_GE_teacher,C[C@H](CO)N1C[C@H](C)[C@@H](CN(C)S(=O)(=O)c2ccc(C#N)cc2)OCc2ccccc2-c2c(n(C)c3ccccc23)C1=O,9.86742,0.3974852594508832,0.4206587632336984,-0.025179543802910945,0.4458383070366093,0.34620062836072557
frozen_GE_teacher,C[C@H](CO)N1C[C@H](C)[C@@H](CN(C)S(=O)(=O)c2ccc(Cl)cc2)OCc2cnnn2CCCC1=O,10.0733,-0.07528765056394238,-0.07543038556028947,-0.02942745064681327,-0.0460029349134762,-0.03822917327008828
frozen_GE_teacher,C[C@H](CO)N1C[C@H](C)[C@@H](CN(C)S(=O)(=O)c2ccc(F)cc2)OCc2cnnn2CCCC1=O,10.015,0.124225312274171,0.12487030703206381,-0.0657384131064312,0.190608720138495,-0.1989284420084247
frozen_GE_teacher,C[C@H](CO)N1C[C@H](C)[C@@H](CN(C)S(=O)(=O)c2ccc(F)cc2)Oc2ccc(NC(=O)CCCN(C)C)cc2CC1=O,9.95683,0.2679430106795395,0.2746464122671798,-0.06400485225375278,0.3386512645209326,0.15749684237478645
frozen_GE_teacher,C[C@H](CO)N1C[C@H](C)[C@@H](CN(C)S(=O)(=O)c2ccc3ccccc3c2)OCc2cn(nn2)CCCC1=O,10.0,0.08599673952884476,0.08620967975551404,0.05089459866982768,0.03531508108568636,0.12731754599628387
frozen_GE_teacher,C[C@H](CO)N1C[C@H](C)[C@@H](CN(C)S(=O)(=O)c2cccc(C#N)c2)OCc2ccccc2-c2c(n(C)c3ccccc23)C1=O,10.0092,0.4631194937475523,0.5012752630425907,-0.05443296526570668,0.5557082283082975,-0.0673320261044541
frozen_GE_teacher,C[C@H](CO)N1C[C@H](C)[C@@H](CN(C)S(=O)(=O)c2ccccc2)OCc2cnnn2CCCC1=O,10.0435,0.11289600041760067,0.11337934100734984,-0.0293525382895505,0.14273187929690034,0.5485606252224237
frozen_GE_teacher,C[C@H](CO)N1C[C@H](C)[C@@H](CN(C)S(=O)(=O)c2ccccc2)Oc2ccc(NC(=O)C3CC3)cc2CC1=O,9.95792,0.21525433280437592,0.21867449341364656,0.0632605829955437,0.15541391041810287,0.14226368975962184
frozen_GE_teacher,C[C@H](CO)N1C[C@H](C)[C@@H](CN(C)S(=O)(=O)c2ccsc2)OCc2ccccc2-c2ccccc2C1=O,10.0762,-0.03679818960940009,-0.03681481267621979,-0.04933826553907911,0.012523452862859316,-0.019086389807862744
frozen_GE_teacher,C[C@H](CO)N1C[C@H](C)[C@@H](CN(C)S(=O)(=O)c2cn(C)cn2)Oc2ccc(N(C)C)cc2CC1=O,10.0245,0.24836249504895425,0.25366690054406443,-0.03720102726737441,0.29086792781143883,0.31684258207379873
frozen_GE_teacher,C[C@H](CO)N1C[C@H](C)[C@@H](CN(C)S(C)(=O)=O)OCCCC[C@H](C)Oc2ccc(N(C)C)cc2C1=O,10.0221,0.19924208295436946,0.20194318160899277,0.029127350277040522,0.17281583133195225,0.12295622119475255
frozen_GE_teacher,C[C@H](CO)N1C[C@H](C)[C@@H](CN(C)S(C)(=O)=O)Oc2cc(-c3ccc(F)cc3)ccc2S1(=O)=O,10.0321,0.20541045074166478,0.20837485992924293,-0.0649755231140553,0.27335038304329823,0.09525188334353837
frozen_GE_teacher,C[C@H](CO)N1C[C@H](C)[C@H](CN(C)C(=O)C2CC2)OCc2ccccc2-c2ccccc2C1=O,10.0757,-0.2245924142895082,-0.2284872682160123,0.07041189091095304,-0.29889915912696535,-0.34044612581683287
frozen_GE_teacher,C[C@H](CO)N1C[C@H](C)[C@H](CN(C)C(=O)C2CC2)OCc2cn(nn2)CCCC1=O,10.121,-0.07882186848928222,-0.07898571682649223,-0.016822141587082527,-0.062163575239409706,-0.13339663269534965
frozen_GE_teacher,C[C@H](CO)N1C[C@H](C)[C@H](CN(C)C(=O)C2CCC2)Oc2cc(-c3ccc(C(=O)N(C)C)cc3)ccc2S1(=O)=O,10.0786,0.19186021688683527,0.19426776528778514,-0.0049916570109048534,0.19925942229868998,0.34853145521290096
frozen_GE_teacher,C[C@H](CO)N1C[C@H](C)[C@H](CN(C)C(=O)C2CCCCC2)Oc2cc(C#CCN(C)C)ccc2S1(=O)=O,10.0901,0.03776733471842227,0.03778530685275715,0.01936423689659002,0.018421069956167126,-0.06553775072386593
frozen_GE_teacher,C[C@H](CO)N1C[C@H](C)[C@H](CN(C)C(=O)C2CCCCC2)Oc2ncc(Br)cc2C1=O,10.0116,-0.1423230690304184,-0.143295878267144,0.11828702081823594,-0.2615828990853799,-0.19086360391561757
frozen_GE_teacher,C[C@H](CO)N1C[C@H](C)[C@H](CN(C)C(=O)C2CCOCC2)Oc2ncc(C3=CCCC3)cc2C1=O,10.0807,0.19525249563606933,0.1977920832118055,-0.0040097380658472405,0.20180182127765273,0.135346555702562
frozen_GE_teacher,C[C@H](CO)N1C[C@H](C)[C@H](CN(C)C(=O)CCC(F)(F)F)OCc2ccccc2-c2c(n(C)c3ccccc23)C1=O,9.89643,0.27195370221471954,0.2789723517871317,0.027837051995999024,0.2511352997911327,-0.1446055270959854
frozen_GE_teacher,C[C@H](CO)N1C[C@H](C)[C@H](CN(C)C(=O)CCC(F)(F)F)OCc2cn(nn2)CCCC1=O,10.2147,0.3335114440187979,0.3467739781880127,0.022906246380128052,0.32386773180788464,-0.13131856313061904
frozen_GE_teacher,C[C@H](CO)N1C[C@H](C)[C@H](CN(C)C(=O)CN(C)C)Oc2ncc(C#CCC3CCCC3)cc2C1=O,10.0487,0.17258532444940575,0.17433013912017584,0.03953218004034659,0.13479795907982925,-0.15197198951188304
frozen_GE_teacher,C[C@H](CO)N1C[C@H](C)[C@H](CN(C)C(=O)CN2CCOCC2)Oc2cc(/C=C/c3ccccc3)ccc2S1(=O)=O,10.0384,-0.1594847401967093,-0.16085794381200713,-0.09183193404450002,-0.06902600976750711,0.30953170866458174
frozen_GE_teacher,C[C@H](CO)N1C[C@H](C)[C@H](CN(C)C(=O)Cc2ccccc2)OCc2ccccc2-c2c(n(C)c3ccccc23)C1=O,10.1263,-0.21629384557429387,-0.21976476779441095,0.017983906158378422,-0.23774867395278937,0.12304680981869459
frozen_GE_teacher,C[C@H](CO)N1C[C@H](C)[C@H](CN(C)C(=O)NC2CCCCC2)Oc2cc(C#Cc3cccc(F)c3)ccc2S1(=O)=O,10.0134,0.25785584630154734,0.2638101697947215,-0.005149577199594042,0.2689597469943155,0.38953714619417157
frozen_GE_teacher,C[C@H](CO)N1C[C@H](C)[C@H](CN(C)C(=O)NC2CCCCC2)Oc2ccc(NC(=O)Cc3cn(C)c4ccccc34)cc2C1=O,10.0413,0.016829542132515855,0.016831131299229803,0.023690710562376247,-0.006859579263146443,-0.0015895425263593999
frozen_GE_teacher,C[C@H](CO)N1C[C@H](C)[C@H](CN(C)C(=O)NC2CCCCC2)Oc2ncc(-c3cc4ccccc4o3)cc2C1=O,9.97957,0.38699044322714127,0.4082555020307088,0.1357799399758587,0.27247556205485013,0.1522224431844098
frozen_GE_teacher,C[C@H](CO)N1C[C@H](C)[C@H](CN(C)C(=O)N[C@H](C)c2ccccc2)OCc2ccccc2-c2ccccc2C1=O,9.86838,-0.06790889498290426,-0.06801357474298529,0.025325138492514818,-0.09333871323550011,-0.07200331839437805
frozen_GE_teacher,C[C@H](CO)N1C[C@H](C)[C@H](CN(C)C(=O)Nc2ccc(F)cc2)OCc2ccccc2-c2ccccc2C1=O,10.2032,0.4063241142358796,0.4312005222195528,0.05733928855969584,0.37386123365985696,0.13642253369798935
frozen_GE_teacher,C[C@H](CO)N1C[C@H](C)[C@H](CN(C)C(=O)Nc2ccc3c(c2)OCO3)OCc2ccccc2-c2c(n(C)c3ccccc23)C1=O,10.0413,-0.01705226706005807,-0.017053920166817692,0.023616986707840903,-0.040670906874658595,-0.05389036158565462
frozen_GE_teacher,C[C@H](CO)N1C[C@H](C)[C@H](CN(C)C(=O)Nc2ccc3c(c2)OCO3)OCc2ccccc2-c2ccccc2C1=O,10.0868,0.08553243282953246,0.08574193250258136,0.042649502061190024,0.043092430441391334,0.07818708604832847
frozen_GE_teacher,C[C@H](CO)N1C[C@H](C)[C@H](CN(C)C(=O)Nc2ccc3c(c2)OCO3)OCc2cnnn2CCCC1=O,10.0495,-0.011796089530202478,-0.011796636708906351,0.03900680375053999,-0.05080344045944634,0.015248151075424245
frozen_GE_teacher,C[C@H](CO)N1C[C@H](C)[C@H](CN(C)C(=O)Nc2cccc(F)c2)OCc2cn(nn2)CCCC1=O,9.81445,0.3142199371309313,0.3252207983183361,0.14104090320762414,0.18417989511071198,0.016830098655352094
frozen_GE_teacher,C[C@H](CO)N1C[C@H](C)[C@H](CN(C)C(=O)Nc2cccc(Oc3ccccn3)c2)OCc2cn(nn2)CCCC1=O,10.2425,-0.09145389275157739,-0.09171014774568093,-0.04087601718546055,-0.050834130560220375,-0.05376878432315359
frozen_GE_teacher,C[C@H](CO)N1C[C@H](C)[C@H](CN(C)C(=O)Nc2cccc3ccccc23)Oc2ncccc2C1=O,10.0023,0.0470569617611385,0.047091741629643406,0.026562329291536624,0.020529412338106783,-0.03032956158981686
frozen_GE_teacher,C[C@H](CO)N1C[C@H](C)[C@H](CN(C)C(=O)Nc2ccnc(N3CCOCC3)c2)OCc2cn(nn2)CCCC1=O,10.0749,0.1478732410552405,0.14896542985834357,0.057795738215925624,0.09116969164241795,0.16654199358080204
frozen_GE_teacher,C[C@H](CO)N1C[C@H](C)[C@H](CN(C)C(=O)OCc2ccccc2)OCc2cnnn2CCCC1=O,10.0219,-0.06563399360840323,-0.0657284844599394,-0.06461155728588883,-0.0011169271740505693,0.1790684158387102
frozen_GE_teacher,C[C@H](CO)N1C[C@H](C)[C@H](CN(C)C(=O)[C@@H](Cc2ccccc2)N(C)C)OCc2ccccc2-c2c(n(C)c3ccccc23)C1=O,10.4192,0.05843197144430703,0.05849860934545288,-0.022772455742619897,0.08127106508807277,-0.007461474788093583
frozen_GE_teacher,C[C@H](CO)N1C[C@H](C)[C@H](CN(C)C(=O)[C@H]2CCCN2C)OCc2ccccc2-c2ccccc2C1=O,9.84477,0.10037318721185477,0.10071231873876066,-0.012140482272312878,0.11285280101107353,-0.02248074793102643
frozen_GE_teacher,C[C@H](CO)N1C[C@H](C)[C@H](CN(C)C(=O)c2ccc(F)cc2)Oc2cc(C3=CCCC3)ccc2S1(=O)=O,10.0224,0.12659722853696936,0.12728012609922282,-0.00465316393481079,0.13193329003403362,0.1160479566112686
frozen_GE_teacher,C[C@H](CO)N1C[C@H](C)[C@H](CN(C)C(=O)c2ccc3c(c2)OCO3)Oc2cc(C#Cc3ccccc3F)ccc2S1(=O)=O,10.001,0.10083060458132158,0.1011744128516599,0.0016440674623544433,0.09953034538930546,0.14254736466580653
frozen_GE_teacher,C[C@H](CO)N1C[C@H](C)[C@H](CN(C)C(=O)c2ccc3c(c2)OCO3)Oc2ncc(C3=CCCC3)cc2C1=O,10.0142,-0.011081075604946106,-0.011081529187662191,-0.03887548490333181,0.027793955715669616,0.10036509096464313
frozen_GE_teacher,C[C@H](CO)N1C[C@H](C)[C@H](CN(C)C(=O)c2cccc(F)c2)Oc2cc(C#CC3CC3)ccc2S1(=O)=O,9.94509,0.11210437439973048,0.1125775674652616,0.04327276536767255,0.06930480209758905,0.1625383752156312
frozen_GE_teacher,C[C@H](CO)N1C[C@H](C)[C@H](CN(C)C(=O)c2ccccc2)OCCCC[C@H](C)Oc2ccc(NS(C)(=O)=O)cc2C1=O,10.0419,-0.001927306318813772,-0.0019273087051517282,0.047814944666242594,-0.049742253371394325,-0.17768347129013368
frozen_GE_teacher,C[C@H](CO)N1C[C@H](C)[C@H](CN(C)C(=O)c2ccccc2)OCc2ccccc2-c2ccccc2C1=O,9.87273,-0.032562439574676305,-0.0325739556888953,0.009006834509269708,-0.041580790198165005,0.06152178337265885
frozen_GE_teacher,C[C@H](CO)N1C[C@H](C)[C@H](CN(C)C(=O)c2ccncc2)Oc2cc(-c3cccc(C#N)c3)ccc2S1(=O)=O,10.0243,-0.2692823649500039,-0.27608991990379345,0.048976491239251324,-0.3250664111430448,-0.15458218144457475
frozen_GE_teacher,C[C@H](CO)N1C[C@H](C)[C@H](CN(C)C)OCCCC[C@H](C)Oc2ccc(NC(=O)CCC(F)(F)F)cc2C1=O,10.0044,-0.173213802498346,-0.17497798403683096,-0.029348576843656528,-0.14562940719317444,0.4277287949774456
frozen_GE_teacher,C[C@H](CO)N1C[C@H](C)[C@H](CN(C)C)OCCCC[C@H](C)Oc2ccc(NC(=O)Cc3ccccc3)cc2C1=O,10.0527,0.4841971479383017,0.528452320546109,-0.03826283656695163,0.5667151571130606,0.44214156017389983
frozen_GE_teacher,C[C@H](CO)N1C[C@H](C)[C@H](CN(C)C)Oc2ccc(N(C)C)cc2C1=O,10.073,0.24488579314222295,0.24996503355234115,0.03389404650291884,0.2160709870494223,-0.001716197107612498
frozen_GE_teacher,C[C@H](CO)N1C[C@H](C)[C@H](CN(C)CC2CC2)Oc2c(NC(=O)c3ccncc3)cccc2C1=O,10.1131,-0.30752042290892084,-0.317804534785664,-0.012854689947410335,-0.30494984483825366,0.04779014600009838
frozen_GE_teacher,C[C@H](CO)N1C[C@H](C)[C@H](CN(C)CC2CC2)Oc2cc(C#Cc3cccc(F)c3)ccc2S1(=O)=O,10.070014,0.45292389900897445,0.48837268503783937,0.020244785970545784,0.4681278990672936,0.33529917782069607
frozen_GE_teacher,C[C@H](CO)N1C[C@H](C)[C@H](CN(C)CC2CCCC2)Oc2ncc(C#Cc3ccccn3)cc2C1=O,10.0347,-0.23466921361455795,-0.2391251145431859,0.019978989290119556,-0.25910410383330545,0.1480019694832393
frozen_GE_teacher,C[C@H](CO)N1C[C@H](C)[C@H](CN(C)CC2CCCCC2)Oc2c(NC(=O)C3CCOCC3)cccc2C1=O,10.0303,-0.2225197781481161,-0.2263055970326075,-0.006704920745016158,-0.21960067628759133,0.039282024431172374
frozen_GE_teacher,C[C@H](CO)N1C[C@H](C)[C@H](CN(C)CC2CCCCC2)Oc2ccc(NC(=O)C3CC3)cc2C1=O,10.1431,0.3271198618813465,0.33959957139548363,0.03954935134211002,0.3000502200533736,-0.013298961289423813
frozen_GE_teacher,C[C@H](CO)N1C[C@H](C)[C@H](CN(C)Cc2ccc(C(=O)O)cc2)Oc2c(NC(=O)C3CC3)cccc2C1=O,10.1494,0.12253477110153403,0.12315363312554732,-0.020852052166231698,0.144005685291779,0.05793220558707155
frozen_GE_teacher,C[C@H](CO)N1C[C@H](C)[C@H](CN(C)Cc2ccc(C(F)(F)F)cc2)OCc2cn(nn2)CCCC1=O,9.78084,-0.337845805893418,-0.3516587706945106,0.06390564484394215,-0.4155644155384528,-0.15559246495996942
frozen_GE_teacher,C[C@H](CO)N1C[C@H](C)[C@H](CN(C)Cc2ccc(C(F)(F)F)cc2)OCc2cnnn2CCCC1=O,9.90465,0.23118785775752487,0.2354440345323419,0.010703375609475325,0.22474065892286657,0.11319983938124348
frozen_GE_teacher,C[C@H](CO)N1C[C@H](C)[C@H](CN(C)Cc2ccc(F)cc2)Oc2ncc(/C=C/c3ccccc3)cc2C1=O,10.0228,0.19152983657236103,0.19392478134448787,0.020394215736918526,0.17353056560756935,0.1460572675718758
frozen_GE_teacher,C[C@H](CO)N1C[C@H](C)[C@H](CN(C)Cc2ccc(Oc3ccccc3)cc2)OCc2cnnn2CCCC1=O,9.8894,-0.07788126569266157,-0.07803930396000638,0.02844308963671913,-0.10648239359672551,-0.08809044706043143
frozen_GE_teacher,C[C@H](CO)N1C[C@H](C)[C@H](CN(C)Cc2ccc3c(c2)OCCO3)OCc2cnnn2CCCC1=O,9.79128,0.2222046713646513,0.22597409935684273,0.024722305170583325,0.2012517941862594,-0.04453261801767812
frozen_GE_teacher,C[C@H](CO)N1C[C@H](C)[C@H](CN(C)Cc2ccc3c(c2)OCO3)OCc2cn(nn2)CCCC1=O,9.73636,0.181689137185716,0.18372893688530906,0.2285759111922382,-0.04484697430692913,-0.1722050873945993
frozen_GE_teacher,C[C@H](CO)N1C[C@H](C)[C@H](CN(C)Cc2ccc3c(c2)OCO3)Oc2cc(-c3cccc(C(=O)N(C)C)c3)ccc2S1(=O)=O,10.0116,0.2547828486940131,0.2605210767472429,-0.008406885505272363,0.26892796225251525,0.06598833184482339
frozen_GE_teacher,C[C@H](CO)N1C[C@H](C)[C@H](CN(C)Cc2ccc3c(c2)OCO3)Oc2ncc(-c3ccc(F)cc3)cc2C1=O,10.1717,0.174668837677532,0.17647841595598707,0.11619294057814329,0.060285475377843775,-0.1367594933367729
frozen_GE_teacher,C[C@H](CO)N1C[C@H](C)[C@H](CN(C)Cc2cccc(C(=O)O)c2)Oc2cc(C3=CCCCC3)ccc2S1(=O)=O,10.0294,0.16946353806776748,0.17111428824470074,0.0012899461520431213,0.16982434209265762,-0.021022686975301963
frozen_GE_teacher,C[C@H](CO)N1C[C@H](C)[C@H](CN(C)Cc2cccc(C(F)(F)F)c2)Oc2ncccc2C1=O,10.0137,0.04630222784053454,0.046335359527892084,-0.009800574492541842,0.056135934020433924,0.03814199624953117
frozen_GE_teacher,C[C@H](CO)N1C[C@H](C)[C@H](CN(C)Cc2cccc(O)c2)OCc2cnnn2CCCC1=O,10.5087,0.24784754262071054,0.253118170413521,0.04382877023474037,0.20928940017878067,0.3159459916796952
frozen_GE_teacher,C[C@H](CO)N1C[C@H](C)[C@H](CN(C)Cc2cccc3c2OCCCO3)OCc2ccccc2-c2ccccc2C1=O,9.84538,-0.1561347189587436,-0.15742235954890746,-0.047377535206676924,-0.11004482434223053,0.24546203450009024
frozen_GE_teacher,C[C@H](CO)N1C[C@H](C)[C@H](CN(C)Cc2ccccc2)OCCCC[C@H](C)Oc2ccc(N(C)C)cc2C1=O,10.0144,0.16082566537935084,0.16223416896984155,0.04986552168616355,0.112368647283678,0.12954581189994996
frozen_GE_teacher,C[C@H](CO)N1C[C@H](C)[C@H](CN(C)Cc2ccccc2)OCCCC[C@H](C)Oc2ccc(NC(=O)CCC(F)(F)F)cc2C1=O,9.99828,0.0886692260200891,0.08890270775777898,0.005676160299381136,0.08322654745839785,-0.09725373518737455
frozen_GE_teacher,C[C@H](CO)N1C[C@H](C)[C@H](CN(C)Cc2ccccc2)Oc2cc(/C=C/c3ccccc3)ccc2S1(=O)=O,10.1709,-0.05482852056631345,-0.05488356110073701,-0.12362841447404657,0.06874485337330956,0.11345086756553065
frozen_GE_teacher,C[C@H](CO)N1C[C@H](C)[C@H](CN(C)Cc2ccccc2C(=O)O)Oc2cc(-c3ccc(F)cc3)ccc2S1(=O)=O,10.0896,0.3690425229438514,0.3873142078108314,0.036374072784839166,0.35094013502599225,-0.07627819759566751
frozen_GE_teacher,C[C@H](CO)N1C[C@H](C)[C@H](CN(C)Cc2ccccc2F)Oc2ncc(C3=CCCC3)cc2C1=O,10.0515,-0.0050081554280513646,-0.005008197299566593,0.07638533871002393,-0.08139353600959051,-0.13806100003637234
frozen_GE_teacher,C[C@H](CO)N1C[C@H](C)[C@H](CN(C)Cc2ccccn2)Oc2ncc(-c3cccc(F)c3)cc2C1=O,9.9949,0.017361182408810957,0.017362927006110963,0.03599518468159006,-0.0186322576754791,0.0476124919382651
frozen_GE_teacher,C[C@H](CO)N1C[C@H](C)[C@H](CN(C)Cc2cccnc2)OCc2cn(nn2)CCCC1=O,9.80361,-0.30807947671974517,-0.3184220969593105,0.08221251405860691,-0.4006346110179174,0.0804260606235925
frozen_GE_teacher,C[C@H](CO)N1C[C@H](C)[C@H](CN(C)Cc2cccnc2)OCc2cnnn2CCCC1=O,10.1155,0.2300931012798093,0.2342877704074654,0.06677005459957455,0.16751771580789085,0.05406970318281122
frozen_GE_teacher,C[C@H](CO)N1C[C@H](C)[C@H](CN(C)Cc2cccnc2)Oc2ncc(C#CC3CCCCC3)cc2C1=O,10.0191,0.14127000474163728,0.14222120623795143,0.03324251622371418,0.10897869001423724,0.1429274319993825
frozen_GE_teacher,C[C@H](CO)N1C[C@H](C)[C@H](CN(C)Cc2ccncc2)OCCCC[C@H](C)Oc2ccc(NS(C)(=O)=O)cc2C1=O,10.0519,-0.13748429389176384,-0.1383604922209106,0.05851395830123393,-0.19687445052214453,0.13797573454004414
frozen_GE_teacher,C[C@H](CO)N1C[C@H](C)[C@H](CN(C)S(=O)(=O)CC(F)(F)F)OCc2ccccc2-c2ccccc2C1=O,10.0147,0.0005656199545003872,0.0005656200148192293,0.0694863518579018,-0.06892073184308257,0.01697956569132529
frozen_GE_teacher,C[C@H](CO)N1C[C@H](C)[C@H](CN(C)S(=O)(=O)c2ccc(C#N)cc2)OCc2ccccc2-c2ccccc2C1=O,10.1655,0.12792057999861628,0.12862526201587163,0.032953845622415545,0.09567141639345608,-0.008836480469568399
frozen_GE_teacher,C[C@H](CO)N1C[C@H](C)[C@H](CN(C)S(=O)(=O)c2ccc(F)cc2)OCc2ccccc2-c2ccccc2C1=O,9.90266,-0.33961030064320863,-0.35365195794536924,-0.07376659469388057,-0.27988536325148866,-0.15233242768583977
frozen_GE_teacher,C[C@H](CO)N1C[C@H](C)[C@H](CN(C)S(=O)(=O)c2ccc(F)cc2)OCc2cn(nn2)CCCC1=O,10.0667,0.11096039052984517,0.11141917365491805,0.034387473526760026,0.07703170012815802,0.0454592173878349
frozen_GE_teacher,C[C@H](CO)N1C[C@H](C)[C@H](CN(C)S(=O)(=O)c2ccc(F)cc2)OCc2cnnn2CCCC1=O,10.0444,0.24313628387857325,0.24810476045370494,-0.017859966093020006,0.2659647265467249,-0.06817871441470724
frozen_GE_teacher,C[C@H](CO)N1C[C@H](C)[C@H](CN(C)S(=O)(=O)c2ccc(F)cc2)Oc2ccc(NC(=O)CCN3CCOCC3)cc2C1=O,9.98044,0.045287380134723894,0.045318378958952625,0.07219891505095881,-0.026880536092006184,-0.22767409208222855
frozen_GE_teacher,C[C@H](CO)N1C[C@H](C)[C@H](CN(C)S(=O)(=O)c2ccc(Oc3ccccc3)cc2)OCc2cnnn2CCCC1=O,10.0207,0.26976904557578224,0.27661472450408264,0.006096153039171067,0.2705185714649116,0.5362504608090235
frozen_GE_teacher,C[C@H](CO)N1C[C@H](C)[C@H](CN(C)S(=O)(=O)c2ccc3ccccc3c2)OCc2cn(nn2)CCCC1=O,10.3357,0.3058914643495185,0.31600643063912676,-0.024461936016925326,0.34046836665605207,0.2633266293093154
frozen_GE_teacher,C[C@H](CO)N1C[C@H](C)[C@H](CN(C)S(=O)(=O)c2cccc(F)c2)OCc2cn(nn2)CCCC1=O,9.92906,0.31396633142648805,0.3249394348392177,-0.06958963693705147,0.39452907177626917,-0.04316765072705554
frozen_GE_teacher,C[C@H](CO)N1C[C@H](C)[C@H](CN(C)S(=O)(=O)c2cccc(F)c2)Oc2ncc(-c3cc4ccccc4o3)cc2C1=O,9.89733,-0.1270429294800426,-0.12773311258248615,0.055234314540811805,-0.18296742712329794,-0.05710186551644309
frozen_GE_teacher,C[C@H](CO)N1C[C@H](C)[C@H](CN(C)S(=O)(=O)c2ccccc2F)OCc2ccccc2-c2c(n(C)c3ccccc23)C1=O,9.79256,0.16688921385935984,0.16846503273181984,0.0569725217079132,0.11149251102390664,-0.07094315770682395
frozen_GE_teacher,C[C@H](CO)N1C[C@H](C)[C@H](CN(C)S(=O)(=O)c2ccccc2F)OCc2ccccc2-c2ccccc2C1=O,10.0185,-0.18080213899120218,-0.1828118110561334,-0.0788897354072261,-0.10392207564890729,0.1279798096374667
frozen_GE_teacher,C[C@H](CO)N1C[C@H](C)[C@H](CN(C)S(=O)(=O)c2ccccc2F)Oc2ncc(C#Cc3cccnc3)cc2C1=O,10.051,-0.2694405363964671,-0.27626046537844795,0.0006119117289990076,-0.27687237710744694,0.03963245868677233
frozen_GE_teacher,C[C@H](CO)N1C[C@H](C)[C@H](CN(C)S(=O)(=O)c2ccsc2)OCc2ccccc2-c2c(n(C)c3ccccc23)C1=O,10.2675,0.1629969865321376,0.16446394529816286,0.14274625983736078,0.021717685460802078,-0.2929235083557755
frozen_GE_teacher,C[C@H](CO)N1C[C@H](C)[C@H](CN(C)S(=O)(=O)c2cn(C)cn2)OCc2ccccc2-c2c(n(C)c3ccccc23)C1=O,10.3119,-0.1118596929652745,-0.11232977876518736,0.22209673511758704,-0.3344265138827744,-0.41746651664870205
frozen_GE_teacher,C[C@H](CO)N1C[C@H](C)[C@H](CN(C)S(=O)(=O)c2cn(C)cn2)Oc2cc(C3=CCCCC3)ccc2S1(=O)=O,10.0678,0.22071034679805093,0.22440270801905948,0.007570427042692953,0.21683228097636653,-0.16986648151151934
frozen_GE_teacher,C[C@H](CO)N1C[C@H](C)[C@H](CN(C)S(C)(=O)=O)OCCCC[C@H](C)Oc2ccc(NC(=O)CCCN(C)C)cc2C1=O,9.91048,0.08404641331680651,0.08424515198267551,0.019232365557922262,0.06501278642475325,0.4772003789767895
frozen_GE_teacher,C[C@H](CO)N1C[C@H](C)[C@H](CN(C)S(C)(=O)=O)Oc2cc(C#CC3CC3)ccc2S1(=O)=O,10.0302,-0.07843438316210898,-0.07859582100937093,-0.001837351344566529,-0.0767584696648044,-0.15938826032306722
frozen_GE_teacher,C[C@H](NC(=O)C[C@@H]1C=C[C@@H](NC(=O)C2CCC2)[C@@H](CO)O1)c1ccccc1,10.0408,0.3109678059091901,0.32161646541140554,0.012445331034263084,0.30917113437714244,-0.17362417101832128
frozen_GE_teacher,C[C@H](NC(=O)C[C@@H]1C=C[C@@H](NC(=O)CN2CCOCC2)[C@H](CO)O1)c1ccccc1,10.0407,-0.021464425207419795,-0.021467722493359667,0.053978433864767784,-0.07544615635812746,-0.09739532077130256
frozen_GE_teacher,C[C@H](NC(=O)C[C@@H]1C=C[C@@H](NS(=O)(=O)c2cccc(F)c2)[C@@H](CO)O1)c1ccccc1,10.0402,0.5007469794703657,0.5503026135188758,0.030814544109181947,0.5194880694096938,-0.29101253748873523
frozen_GE_teacher,C[C@H](NC(=O)C[C@@H]1C=C[C@H](NC(=O)Nc2ccc3c(c2)OCO3)[C@@H](CO)O1)c1ccccc1,10.0377,0.1897253620851818,0.19205226097658012,-0.06851599009393942,0.26056825107051956,0.1322191902512283
frozen_GE_teacher,C[C@H](NC(=O)C[C@@H]1CC[C@@H](NC(=O)C2CCC2)[C@@H](CO)O1)c1ccccc1,10.1187,-0.12475869239453466,-0.12541208376196866,0.03334724767642751,-0.15875933143839616,-0.005985640463616722
frozen_GE_teacher,C[C@H](NC(=O)C[C@@H]1CC[C@@H](NC(=O)Cc2ccccn2)[C@H](CO)O1)c1ccccc1,10.0067,0.14966496357056153,0.15079770527818717,0.020068463785448257,0.1307292414927389,0.09288096041266541
frozen_GE_teacher,C[C@H](NC(=O)C[C@@H]1CC[C@H](NC(=O)Cc2ccccn2)[C@H](CO)O1)c1ccccc1,10.092,0.1906698935050089,0.19303224348220727,-0.030901816410846085,0.22393405989305334,0.1640540567958123
frozen_GE_teacher,C[C@H](NC(=O)C[C@@H]1CC[C@H](NS(=O)(=O)c2cccc(F)c2)[C@@H](CO)O1)c1ccccc1,10.0041,0.2048382598297069,0.2077775359956176,0.0953094873462979,0.1124680486493197,0.1297944387350094
frozen_GE_teacher,C[C@H](NC(=O)C[C@@H]1CC[C@H](NS(=O)(=O)c2cccc(F)c2)[C@H](CO)O1)c1ccccc1,10.0791,0.0910673082177022,0.09132031649833539,0.0182863593384237,0.07303395715991168,0.04883005302600305
frozen_GE_teacher,C[C@H](NC(=O)C[C@@H]1CC[C@H]2[C@@H](COC[C@H](O)CN2C(=O)Nc2cccc(Cl)c2)O1)c1ccccc1,10.0602,-0.4233198991826708,-0.45172984211464373,-0.04044490035207598,-0.41128494176256775,-0.01285877767062079
frozen_GE_teacher,C[C@H](NC(=O)C[C@@H]1CC[C@H]2[C@@H](COc3ccc(NS(=O)(=O)c4ccc(Cl)cc4)cc3C(=O)N2C)O1)c1ccccc1,10.0597,0.3394693569627064,0.35349264783242346,-0.017902247133249387,0.37139489496567285,0.09631808101634304
frozen_GE_teacher,C[C@H](NC(=O)C[C@@H]1C[C@H]2c3cc(NC(=O)CN(C)C)ccc3O[C@H]2[C@@H](CO)O1)c1ccccc1,9.88297,-0.09053926866808422,-0.09078788692783793,-0.033413454059403686,-0.057374432868434244,0.17774546210456135
frozen_GE_teacher,C[C@H](NC(=O)C[C@@H]1C[C@H]2c3cc(NC(=O)NC4CCCCC4)ccc3O[C@H]2[C@@H](CO)O1)c1ccccc1,9.97043,0.36067921407272,0.3776664676777268,-0.04621540661122794,0.42388187428895474,0.059981906989450745
frozen_GE_teacher,C[C@H](NC(=O)C[C@@H]1C[C@H]2c3cc(NC(=O)NC4CCCCC4)ccc3O[C@H]2[C@H](CO)O1)c1ccccc1,10.0368,0.15654708647425136,0.1578450588902998,-0.015917222201299784,0.17376228109159958,-0.048065334414326345
frozen_GE_teacher,C[C@H](NC(=O)C[C@@H]1C[C@H]2c3cc(NS(=O)(=O)c4ccc(F)cc4)ccc3O[C@H]2[C@H](CO)O1)c1ccccc1,9.99168,0.436635012659949,0.46806557651039693,-0.04050635152568377,0.5085719280360808,0.11743868307262519
frozen_GE_teacher,C[C@H](NC(=O)C[C@H]1C=C[C@@H](NC(=O)C2CCC2)[C@H](CO)O1)c1ccccc1,10.0265,-0.05782164784765241,-0.05788621662231541,0.005993695523733492,-0.0638799121460489,-0.20601739793576576
frozen_GE_teacher,C[C@H](NC(=O)C[C@H]1C=C[C@@H](NC(=O)c2cccnc2)[C@@H](CO)O1)c1ccccc1,10.0742,-0.08298350068654513,-0.08317477362948406,0.0005444508850154857,-0.08371922451449954,-0.12308873147114571
frozen_GE_teacher,C[C@H](NC(=O)C[C@H]1CC[C@@H](NC(=O)Cc2ccccn2)[C@H](CO)O1)c1ccccc1,10.07,0.11343252637944477,0.11392282694563378,-0.020029637883240074,0.13395246482887385,-0.1454527321983387
frozen_GE_teacher,C[C@H](NC(=O)C[C@H]1CC[C@@H]2[C@H](COC[C@H](O)CN2C(=O)Nc2cccc(Cl)c2)O1)c1ccccc1,10.0494,-0.35730265136009154,-0.37379036884359307,-0.027263863050957973,-0.3465265057926351,-0.041563662521592215
frozen_GE_teacher,C[C@H](NC(=O)C[C@H]1CC[C@H](NC(=O)C2CCC2)[C@H](CO)O1)c1ccccc1,10.0764,0.20033786869066175,0.20308452539640845,-0.07754350049656017,0.28062802589296865,0.36301914862133833
frozen_GE_teacher,C[C@H](NC(=O)C[C@H]1CC[C@H](NC(=O)Cc2ccccn2)[C@H](CO)O1)c1ccccc1,9.9867,0.269870927719115,0.2767246063568601,-0.003615742626340004,0.2803403489832001,-0.07821665539897159
frozen_GE_teacher,C[C@H](NC(=O)C[C@H]1C[C@@H]2c3cc(NC(=O)Cc4ccncc4)ccc3O[C@@H]2[C@@H](CO)O1)c1ccccc1,10.0286,0.19544220897069642,0.1979893233466512,0.007007937073649962,0.19098138627300124,0.15604116701412374
frozen_GE_teacher,C[C@H](NC(=O)C[C@H]1C[C@@H]2c3cc(NC(=O)c4cccnc4)ccc3O[C@@H]2[C@@H](CO)O1)c1ccccc1,9.97888,-0.18851836631018523,-0.1908004929401706,-0.009268497226046231,-0.18153199571412437,0.089467408161054
frozen_GE_teacher,C[C@H](NC(=O)C[C@H]1C[C@H]2c3cc(N(C)C)ccc3O[C@H]2[C@@H](CO)O1)c1ccccc1,10.0292,0.22781260021005986,0.23188111248042897,0.12164832495388708,0.11023278752654189,-0.02448401752087749
frozen_GE_teacher,C[C@H](NC(=O)C[C@H]1C[C@H]2c3cc(NC(=O)NC4CCCCC4)ccc3O[C@H]2[C@@H](CO)O1)c1ccccc1,10.1535,0.22104935068035808,0.22475909950012002,0.027672833456679514,0.1970862660434405,-0.20739721651481638
frozen_GE_teacher,C[C@H](NC(=O)C[C@H]1C[C@H]2c3cc(NC(=O)Nc4ccc(C(F)(F)F)cc4)ccc3O[C@H]2[C@H](CO)O1)c1ccccc1,10.0819,0.2658945645200978,0.27244082674991205,0.08384470456757015,0.1885961221823419,0.18740866265942374
frozen_GE_teacher,C[C@H](NC(=O)N(C)C[C@@H]1OCc2ccccc2-c2c(n(C)c3ccccc23)C(=O)N([C@H](C)CO)C[C@H]1C)c1ccccc1,10.1195,0.3783744906764397,0.39816117109595395,0.008939246101440972,0.38922192499451297,0.029554130598253743
frozen_GE_teacher,C[C@H](NC(=O)N(C)C[C@H]1OCc2ccccc2-c2ccccc2C(=O)N([C@@H](C)CO)C[C@@H]1C)c1ccccc1,10.3713,0.020336095958218187,0.02033890003095209,0.055042761159430145,-0.03470386112847805,0.10433781283986433
frozen_GE_teacher,C[C@H](NC(=O)N(C)C[C@H]1OCc2ccccc2-c2ccccc2C(=O)N([C@@H](C)CO)C[C@H]1C)c1ccccc1,9.75333,0.4610817535687631,0.4986842422141099,0.03842013685394975,0.46026410536016016,-0.05138748629769959
frozen_GE_teacher,C[C@H](NC(=O)[C@H]1[C@H](CO)[C@H]2Cn3c(cccc3=O)[C@@H]1N2CCC(F)(F)F)c1ccccc1,10.0574,0.3424283429786094,0.3568408534872869,0.013174458245331467,0.3436663952419554,0.28857397686832426
frozen_GE_teacher,C[C@H](NC(=O)[C@H]1[C@H](CO)[C@H]2Cn3c(cccc3=O)[C@H]2N1S(C)(=O)=O)c1ccccc1,10.016,-0.12333206727698673,-0.12396316347556988,-0.07973507448597347,-0.044228088989596404,0.05224212963567142
frozen_GE_teacher,C[C@H](O)C#Cc1ccc2c(c1)O[C@H](CN(C)Cc1ccc(-c3ccccc3)cc1)[C@@H](C)CN([C@@H](C)CO)S2(=O)=O,10.0685,-0.08789982231793987,-0.08812726005487061,0.017690575559340116,-0.10581783561421072,0.09735481273150369
frozen_GE_teacher,C[C@H](O)C#Cc1ccc2c(c1)O[C@H](CN(C)Cc1ccc(-c3ccccc3)cc1)[C@@H](C)CN([C@H](C)CO)S2(=O)=O,10.0132,0.39635990302334134,0.41932295294007477,0.005622501650169639,0.4137004512899051,0.3848225431618824
frozen_GE_teacher,C[C@H](O)C#Cc1cnc2c(c1)C(=O)N([C@@H](C)CO)C[C@H](C)[C@@H](CN(C)Cc1ccc(-c3ccccc3)cc1)O2,10.0575,-0.12932690330832766,-0.13005524328289148,0.02968376075258367,-0.15973900403547514,-0.010965445016516272
frozen_GE_teacher,C[C@H](O)C#Cc1cnc2c(c1)C(=O)N([C@@H](C)CO)C[C@H](C)[C@H](CN(C)Cc1ccc(-c3ccccc3)cc1)O2,10.0434,0.22181155704436342,0.22556060487852975,0.02154540038294158,0.20401520449558816,0.2179776690370165
frozen_GE_teacher,C[C@H](O)C#Cc1cnc2c(c1)C(=O)N([C@H](C)CO)C[C@@H](C)[C@H](CN(C)Cc1ccc(-c3ccccc3)cc1)O2,10.0611,-0.1770648372257282,-0.17895088829222155,0.056648879258427265,-0.23559976755064882,-0.2486480245219438
frozen_GE_teacher,C[C@H](O)C#Cc1cnc2c(c1)C(=O)N([C@H](C)CO)C[C@H](C)[C@@H](CN(C)C(=O)Cc1ccncc1)O2,10.0434,-0.22414369155249747,-0.22801475886521477,-0.01595883736716686,-0.21205592149804792,-0.23425823993088557
frozen_GE_teacher,C[C@H](O)C#Cc1cnc2c(c1)C(=O)N([C@H](C)CO)C[C@H](C)[C@H](CN(C)C(=O)Cc1ccncc1)O2,10.2654,0.0600780381056589,0.060150476347102605,-0.05834446474867544,0.11849494109577804,0.0689987024612389
frozen_GE_teacher,C[C@H](O)C#Cc1cnc2c(c1)C(=O)N([C@H](C)CO)C[C@H](C)[C@H](CN(C)CC1CCOCC1)O2,10.0432,-0.11190255776889778,-0.1123731869255254,0.06374164179549477,-0.1761148287210202,-0.16708605316599884
frozen_GE_teacher,C[C@H](O)C#Cc1cnc2c(c1)C(=O)N([C@H](C)CO)C[C@H](C)[C@H](CN(C)Cc1ccc(-c3ccccc3)cc1)O2,10.074,0.11561659801799441,0.1161359262452331,-0.00985043891624138,0.1259863651614745,0.09060526839873656
frozen_GE_teacher,C[C@H]1CCCCO[C@@H](CN(C)C(=O)CCC(F)(F)F)[C@@H](C)CN([C@@H](C)CO)C(=O)c2cc(N(C)C)ccc2O1,10.0044,0.14565694013193217,0.1467003378631745,0.013958808132173964,0.13274152973100053,0.24051262719576386
frozen_GE_teacher,C[C@H]1CCCCO[C@@H](CN(C)C(=O)Nc2ccc(F)cc2)[C@@H](C)CN([C@@H](C)CO)C(=O)c2cc(N(C)C)ccc2O1,10.0377,0.09749555176855335,0.09780623644982546,-0.02148095592319561,0.11928719237302107,-0.07402921884432906
frozen_GE_teacher,C[C@H]1CCCCO[C@@H](CN(C)C)[C@@H](C)CN([C@@H](C)CO)C(=O)c2cc(N(C)C)ccc2O1,10.1063,-0.08647649120637146,-0.08669302596939656,0.00028339047948442754,-0.08697641644888099,0.19648199703694127
frozen_GE_teacher,C[C@H]1CCCCO[C@@H](CN(C)C)[C@@H](C)CN([C@@H](C)CO)C(=O)c2cc(NC(=O)CCC(F)(F)F)ccc2O1,10.0186,-0.09723744569626512,-0.09754566005051467,0.015060490290191346,-0.11260615034070601,0.08993693515674253
frozen_GE_teacher,C[C@H]1CCCCO[C@@H](CN(C)C)[C@@H](C)CN([C@@H](C)CO)C(=O)c2cc(NC(=O)Nc3ccc4c(c3)OCO4)ccc2O1,10.1076,-0.48638765077694557,-0.5313176316792164,-0.09610636663256043,-0.43521126504665597,-0.1609807403270444
frozen_GE_teacher,C[C@H]1CCCCO[C@@H](CN(C)C)[C@@H](C)CN([C@@H](C)CO)C(=O)c2cc(NC(=O)Nc3cccc4ccccc34)ccc2O1,10.1267,0.009098278768829328,0.009098529829124048,-0.0851842942065427,0.09428282403566673,0.0376516608949824
frozen_GE_teacher,C[C@H]1CCCCO[C@@H](CN(C)C)[C@@H](C)CN([C@@H](C)CO)C(=O)c2cc(NC(=O)c3ccccc3)ccc2O1,10.0046,-0.026592364838916412,-0.0265986357977338,0.0037455557531899768,-0.03034419155092378,-0.049429438528898154
frozen_GE_teacher,C[C@H]1CCCCO[C@@H](CN(C)CC2CCCCC2)[C@@H](C)CN([C@@H](C)CO)C(=O)c2cc(NS(C)(=O)=O)ccc2O1,10.0521,-0.02577009628822292,-0.025775803184313627,-0.003910268306450297,-0.02186553487786333,0.48098781539045876
frozen_GE_teacher,C[C@H]1CCCCO[C@@H](CN(C)Cc2ccncc2)[C@@H](C)CN([C@@H](C)CO)C(=O)c2cc(NC(=O)NC3CCCCC3)ccc2O1,10.0823,0.15325851337293445,0.15447563350462853,0.08623926808347478,0.06823636542115376,-0.17068483175876273
frozen_GE_teacher,C[C@H]1CCCCO[C@@H](CN(C)Cc2ccncc2)[C@@H](C)CN([C@@H](C)CO)C(=O)c2cc(NS(C)(=O)=O)ccc2O1,9.85088,-0.3273699263304867,-0.3398796267572309,0.04252611329366001,-0.3824057400508909,-0.1303678420653831
frozen_GE_teacher,C[C@H]1CCCCO[C@@H](CN(C)S(=O)(=O)c2ccc(Cl)cc2)[C@@H](C)CN([C@@H](C)CO)C(=O)c2cc(N(C)C)ccc2O1,10.0838,0.14573063141071127,0.14677562728642604,0.05579756281530022,0.09097806447112583,0.10005408429652629
frozen_GE_teacher,C[C@H]1CCCCO[C@H](CN(C)C(=O)C2CCCCC2)[C@@H](C)CN([C@@H](C)CO)C(=O)c2cc(N(C)C)ccc2O1,9.97134,0.34945437171117705,0.36482209086386075,0.04034630809237921,0.32447578277148154,-0.12646656939634637
frozen_GE_teacher,C[C@H]1CCCCO[C@H](CN(C)C(=O)CCCN(C)C)[C@@H](C)CN([C@@H](C)CO)C(=O)c2cc(NC(=O)c3ccccc3)ccc2O1,10.0762,0.1567202622847238,0.15802259027542773,0.007703414459225623,0.1503191758162021,-0.07559587909810818
frozen_GE_teacher,C[C@H]1CCCCO[C@H](CN(C)C)[C@@H](C)CN([C@@H](C)CO)C(=O)c2cc(NC(=O)CCC(F)(F)F)ccc2O1,10.05,-0.08169928000899254,-0.08188178617926421,0.010467329683853513,-0.09234911586311773,0.12488040692213616
frozen_GE_teacher,C[C@H]1CCCCO[C@H](CN(C)C)[C@@H](C)CN([C@@H](C)CO)C(=O)c2cc(NC(=O)Nc3cccc4ccccc34)ccc2O1,10.0693,-0.2191304663238719,-0.22274253277837872,-0.0703076133866693,-0.15243491939170942,0.0748343120819847
frozen_GE_teacher,C[C@H]1CCCCO[C@H](CN(C)C)[C@@H](C)CN([C@@H](C)CO)C(=O)c2cc(NC(=O)Nc3ccccc3)ccc2O1,9.99047,0.025398108090777968,0.02540357133959406,0.04171968070045548,-0.01631610936086142,-0.1321289159066904
frozen_GE_teacher,C[C@H]1CCCCO[C@H](CN(C)C)[C@@H](C)CN([C@@H](C)CO)C(=O)c2cc(NC(=O)c3ccccc3)ccc2O1,10.0572,0.23428921919848394,0.23872301233977605,0.06454859831072969,0.17417441402904638,0.11251716653602488
frozen_GE_teacher,C[C@H]1CCCCO[C@H](CN(C)C)[C@@H](C)CN([C@@H](C)CO)C(=O)c2cc(NC(=O)c3ccncc3)ccc2O1,10.0753,0.1347340401735409,0.13555832446893942,0.025811189078740273,0.10974713539019915,-0.30230856977323917
frozen_GE_teacher,C[C@H]1CCCCO[C@H](CN(C)C)[C@@H](C)CN([C@@H](C)CO)C(=O)c2cc(NS(=O)(=O)c3ccc(F)cc3)ccc2O1,10.0465,0.25995405057792703,0.2660591267005875,0.06962633132708648,0.19643279537350103,-0.08147397236245789
frozen_GE_teacher,C[C@H]1CCCCO[C@H](CN(C)Cc2ccccc2)[C@@H](C)CN([C@@H](C)CO)C(=O)c2cc(N(C)C)ccc2O1,10.0466,0.2555204917671886,0.2613100862591411,0.027455663499565693,0.2338544227595754,-0.05895714112393462
frozen_GE_teacher,C[C@H]1CCCCO[C@H](CN(C)Cc2ccncc2)[C@@H](C)CN([C@@H](C)CO)C(=O)c2cc(NC(=O)Cc3ccccc3)ccc2O1,10.0073,-0.06827853641225877,-0.0683849380972088,-0.0055497756031078335,-0.06283516249410097,0.28899285774718914
frozen_GE_teacher,C[C@H]1CCCCO[C@H](CN(C)Cc2ccncc2)[C@@H](C)CN([C@@H](C)CO)C(=O)c2cc(NC(=O)c3ccccc3)ccc2O1,10.0129,0.4214462911561816,0.44944938163654125,0.059042088037852665,0.3904072935986886,-0.0013522444641462447
frozen_GE_teacher,C[C@H]1CCCCO[C@H](CN(C)S(C)(=O)=O)[C@@H](C)CN([C@@H](C)CO)C(=O)c2cc(NC(=O)c3ccccc3)ccc2O1,10.2368,0.2810048998553405,0.2887727920174725,0.12703682724009324,0.16173596477737928,-0.4176449004888726
frozen_GE_teacher,C[C@H]1CN([C@@H](C)CO)C(=O)CCCn2cc(nn2)CO[C@@H]1CN(C)C(=O)Cc1ccccc1,10.0042,-0.29083157318005404,-0.2994744331321648,-0.03384232579016962,-0.2656321073419952,-0.036376206366288535
frozen_GE_teacher,C[C@H]1CN([C@@H](C)CO)C(=O)CCCn2cc(nn2)CO[C@@H]1CN(C)C(=O)Nc1cccc(F)c1,10.0012,0.07326307189724365,0.07339457496325259,0.024034821189280527,0.049359753773972066,-0.07574358925362813
frozen_GE_teacher,C[C@H]1CN([C@@H](C)CO)C(=O)CCCn2cc(nn2)CO[C@@H]1CN(C)C(=O)Nc1ccccc1,10.0103,0.268388320955463,0.27512622741599413,-0.049985553211784696,0.32511178062777885,0.14274945607614542
frozen_GE_teacher,C[C@H]1CN([C@@H](C)CO)C(=O)CCCn2cc(nn2)CO[C@@H]1CN(C)C(=O)c1cc(-c2ccccc2)on1,10.0208,0.20335401028970465,0.20622877199767034,0.003338735951102116,0.20289003604656822,0.23465085887565987
frozen_GE_teacher,C[C@H]1CN([C@@H](C)CO)C(=O)CCCn2cc(nn2)CO[C@@H]1CN(C)CC1CCCCC1,10.1488,0.07459322297338228,0.07473203596145439,-0.08974009255204353,0.1644721285134979,0.04435648459409854
frozen_GE_teacher,C[C@H]1CN([C@@H](C)CO)C(=O)CCCn2cc(nn2)CO[C@@H]1CN(C)Cc1ccc(-c2ccccc2)cc1,9.73866,0.5691090200261212,0.6462040613362031,0.00018326881554163403,0.6460207925206615,0.5221827556623326
frozen_GE_teacher,C[C@H]1CN([C@@H](C)CO)C(=O)CCCn2cc(nn2)CO[C@@H]1CN(C)Cc1cccc(O)c1,10.1239,0.0014812350807809375,0.001481236164087276,-0.030023074562761494,0.03150431072684877,0.10441103057447565
frozen_GE_teacher,C[C@H]1CN([C@@H](C)CO)C(=O)CCCn2cc(nn2)CO[C@@H]1CN(C)S(=O)(=O)c1ccc(F)cc1,10.0327,0.3538725630784362,0.36986378754502747,-0.12299219532749624,0.4928559828725237,0.06207862826635881
frozen_GE_teacher,C[C@H]1CN([C@@H](C)CO)C(=O)CCCn2cc(nn2)CO[C@@H]1CN(C)S(=O)(=O)c1ccc(Oc2ccccc2)cc1,10.0248,0.44814700287879555,0.4823791939352422,0.059381977686908144,0.4229972162483341,0.2421752537658349
frozen_GE_teacher,C[C@H]1CN([C@@H](C)CO)C(=O)CCCn2cc(nn2)CO[C@@H]1CN(C)S(=O)(=O)c1cccc(F)c1,10.0459,-0.08139669459451353,-0.08157717507594961,0.030394458566603298,-0.11197163364255291,0.3197703867875231
frozen_GE_teacher,C[C@H]1CN([C@@H](C)CO)C(=O)CCCn2cc(nn2)CO[C@H]1CN(C)C(=O)CCC(F)(F)F,10.0686,0.04617170271764848,0.04620455476294181,0.004450591180177585,0.041753963582764224,-0.1403381465897776
frozen_GE_teacher,C[C@H]1CN([C@@H](C)CO)C(=O)CCCn2cc(nn2)CO[C@H]1CN(C)C(=O)Nc1ccc(N2CCCCC2)cc1,10.198,-0.08996322329579136,-0.09020711095171642,-0.042967415752408464,-0.04723969519930796,0.27546553456124107
frozen_GE_teacher,C[C@H]1CN([C@@H](C)CO)C(=O)CCCn2cc(nn2)CO[C@H]1CN(C)C(=O)Nc1ccccc1,10.2028,0.12703064794655688,0.12772062959422045,0.11005385149104002,0.01766677810318043,-0.055027253463335674
frozen_GE_teacher,C[C@H]1CN([C@@H](C)CO)C(=O)CCCn2cc(nn2)CO[C@H]1CN(C)C(=O)Nc1ccccc1C(F)(F)F,9.69457,0.23559637787638762,0.2401065393486141,-0.1278810877424775,0.36798762709109156,0.8131865777782444
frozen_GE_teacher,C[C@H]1CN([C@@H](C)CO)C(=O)CCCn2cc(nn2)CO[C@H]1CN(C)C(=O)c1cc(-c2ccccc2)on1,10.2003,-0.2355330511735754,-0.24003949214731243,-0.03784375536791195,-0.20219573677940048,0.08959160290079983
frozen_GE_teacher,C[C@H]1CN([C@@H](C)CO)C(=O)CCCn2cc(nn2)CO[C@H]1CN(C)Cc1ccc(O)cc1,10.1937,0.11846377168187983,0.11902264541546903,-0.12701129654151821,0.24603394195698725,0.2665055772957282
frozen_GE_teacher,C[C@H]1CN([C@@H](C)CO)C(=O)CCCn2cc(nn2)CO[C@H]1CN(C)Cc1ccc2c(c1)OCCO2,10.0565,0.1709228338666962,0.17261711479606742,0.05535524180578945,0.11726187299027797,0.024265765275592724
frozen_GE_teacher,C[C@H]1CN([C@@H](C)CO)C(=O)CCCn2cc(nn2)CO[C@H]1CN(C)Cc1cccc(O)c1,9.96438,0.46983548899764926,0.5098592023816806,0.0678143023030239,0.4420449000786567,0.433826050337193
frozen_GE_teacher,C[C@H]1CN([C@@H](C)CO)C(=O)CCCn2nncc2CO[C@H]1CN(C)C(=O)Nc1ccc(N2CCN(C)CC2)cc1,10.0109,-0.08487014852457557,-0.08507480532292104,0.02966942561656735,-0.11474423093948839,-0.16288369153543908
frozen_GE_teacher,C[C@H]1CN([C@@H](C)CO)C(=O)CCCn2nncc2CO[C@H]1CN(C)C(=O)Oc1cccc2ccccc12,10.0515,-0.19016799618367697,-0.19251146297274413,0.050112212615920027,-0.24262367558866416,0.06572190384278118
frozen_GE_teacher,C[C@H]1CN([C@@H](C)CO)C(=O)CCCn2nncc2CO[C@H]1CN(C)CC1CCCCC1,10.201,0.04068801239388588,0.0407104879194116,0.05324420120789943,-0.012533713288487833,0.009599053183503896
frozen_GE_teacher,C[C@H]1CN([C@@H](C)CO)C(=O)CCCn2nncc2CO[C@H]1CN(C)Cc1ccc2cccnc2c1,10.2668,-0.062026866612033014,-0.0621065967287466,-0.008679880546923866,-0.05342671618182273,-0.28385101722233497
frozen_GE_teacher,C[C@H]1CN([C@@H](C)CO)C(=O)CCCn2nncc2CO[C@H]1CN(C)Cc1ccncc1,10.2545,0.43516959165571784,0.46625638984149176,0.013956306062052323,0.4523000837794394,0.30203370356254405
frozen_GE_teacher,C[C@H]1CN([C@@H](C)CO)C(=O)CCCn2nncc2CO[C@H]1CN(C)S(=O)(=O)c1ccc2ccccc2c1,10.0691,0.2953620137655511,0.3044306530755353,0.1085880193460561,0.1958426337294792,-0.013209538410534086
frozen_GE_teacher,C[C@H]1CN([C@@H](C)CO)C(=O)CCCn2nncc2CO[C@H]1CN(C)S(=O)(=O)c1cccc(F)c1,10.0749,0.13552747968228657,0.136366521970075,-0.03821457691158964,0.17458109888166465,-0.13583576889034552
frozen_GE_teacher,C[C@H]1CN([C@@H](C)CO)C(=O)Cc2cc(N(C)C)ccc2O[C@H]1CN(C)CC1CC1,9.93932,0.3254459052145488,0.3377261708906487,0.00043403116882819413,0.33729213972182054,0.06624705090867519
frozen_GE_teacher,C[C@H]1CN([C@@H](C)CO)C(=O)Cc2cc(NC(=O)C3CC3)ccc2O[C@@H]1CN(C)Cc1ccc2c(c1)OCO2,9.71361,-0.33034680621298157,-0.3432174933081668,-0.017908015749446962,-0.32530947755871986,-0.1376136758849772
frozen_GE_teacher,C[C@H]1CN([C@@H](C)CO)C(=O)Cc2cc(NC(=O)C3CC3)ccc2O[C@H]1CN(C)S(=O)(=O)c1ccccc1,10.2175,0.00292180907567464,0.0029218173901810235,0.02686203403368055,-0.023940216643499528,0.05677535437174633
frozen_GE_teacher,C[C@H]1CN([C@@H](C)CO)C(=O)Cc2cc(NC(=O)C3CCCCC3)ccc2O[C@@H]1CN(C)CC1CC1,10.3294,0.3098741496175061,0.3204061848836933,0.05647090576628462,0.2639352791174087,-0.015328955455940853
frozen_GE_teacher,C[C@H]1CN([C@@H](C)CO)C(=O)Cc2cc(NC(=O)CCC(F)(F)F)ccc2O[C@H]1CN(C)C(=O)Nc1cccc2ccccc12,10.132,0.021448711577531254,0.021452001625829782,0.034722889366810575,-0.013270887740980793,0.03086452093965808
frozen_GE_teacher,C[C@H]1CN([C@@H](C)CO)C(=O)Cc2cc(NC(=O)CCCN(C)C)ccc2O[C@@H]1CN(C)CC1CCCCC1,10.0468,0.2996921598997318,0.3091813526934469,0.05546817059628022,0.25371318209716665,0.036705968721699664
frozen_GE_teacher,C[C@H]1CN([C@@H](C)CO)C(=O)Cc2cc(NC(=O)Nc3ccccc3)ccc2O[C@H]1CN(C)C,10.0051,0.42769809246018264,0.4570760190901031,-0.030577598944049395,0.48765361803415247,-0.11014110839331899
frozen_GE_teacher,C[C@H]1CN([C@@H](C)CO)C(=O)Cc2cc(NC(=O)Nc3ccccc3)ccc2O[C@H]1CN(C)S(=O)(=O)c1ccc(F)cc1,9.90172,-0.11064190332187228,-0.11109672781058078,-0.00025856213454318426,-0.11083816567603759,0.00556944327077901
frozen_GE_teacher,C[C@H]1CN([C@@H](C)CO)C(=O)Cc2cc(NC(=O)c3ccncc3)ccc2O[C@@H]1CN(C)C(=O)NC1CCCCC1,9.95964,0.5669018186435126,0.6429455678460296,0.023327367380105907,0.6196182004659238,0.2622183280189663
frozen_GE_teacher,C[C@H]1CN([C@@H](C)CO)C(=O)Cc2cc(NC(=O)c3ccncc3)ccc2O[C@@H]1CN(C)C(=O)Nc1cccc2ccccc12,10.2114,0.5579774807492888,0.6298914715337613,-0.05005480759899125,0.6799462791327526,0.380783009355533
frozen_GE_teacher,C[C@H]1CN([C@@H](C)CO)C(=O)Cc2cc(NC(=O)c3ccncc3)ccc2O[C@H]1CN(C)C(=O)NC1CCCCC1,9.91618,0.2760377488897815,0.28338789778033957,-0.02408543573934514,0.3074733335196847,-0.11430529928972642
frozen_GE_teacher,C[C@H]1CN([C@@H](C)CO)C(=O)Cc2cc(NS(=O)(=O)c3ccc(F)cc3)ccc2O[C@H]1CN(C)Cc1ccc2c(c1)OCO2,9.75792,-0.07519998106648855,-0.07534221688419591,0.0834728526199911,-0.158815069504187,-0.1839872519268346
frozen_GE_teacher,C[C@H]1CN([C@@H](C)CO)C(=O)Cc2cc(NS(=O)(=O)c3cn(C)cn3)ccc2O[C@H]1CN(C)Cc1ccc(Cl)c(Cl)c1,9.82651,0.5005689418274585,0.5500650214208996,-0.10701375942546104,0.6570787808463607,0.07158761538104944
frozen_GE_teacher,C[C@H]1CN([C@@H](C)CO)C(=O)Cc2cc(NS(C)(=O)=O)ccc2O[C@@H]1CN(C)CC1CC1,9.89864,-0.09473166207959476,-0.09501657450872361,-0.017035676566757987,-0.07798089794196562,-0.20993525575641198
frozen_GE_teacher,C[C@H]1CN([C@@H](C)CO)C(=O)Cc2cc(NS(C)(=O)=O)ccc2O[C@@H]1CN(C)Cc1ccncc1,10.203,0.1802207759157228,0.182210866553651,-0.04405303022384111,0.22626389677749212,0.05065103739037738
frozen_GE_teacher,C[C@H]1CN([C@@H](C)CO)C(=O)Cc2cc(NS(C)(=O)=O)ccc2O[C@H]1CN(C)Cc1ccncc1,10.1146,0.5205958278357763,0.5771567520894646,0.015289587599210423,0.5618671644902542,0.4134371615761186
frozen_GE_teacher,C[C@H]1CN([C@@H](C)CO)C(=O)c2c(c3ccccc3n2C)-c2ccccc2CO[C@@H]1CN(C)C(=O)CCC(F)(F)F,10.1254,-0.05474687704717307,-0.05480167177502158,0.05011814888771619,-0.10491982066273776,-0.015244964843308069
frozen_GE_teacher,C[C@H]1CN([C@@H](C)CO)C(=O)c2c(c3ccccc3n2C)-c2ccccc2CO[C@@H]1CN(C)C(=O)CCN(C)C,9.92959,-0.30536002720407623,-0.31542023901677685,0.01048966699645201,-0.32590990601322883,0.3156049152059031
frozen_GE_teacher,C[C@H]1CN([C@@H](C)CO)C(=O)c2c(c3ccccc3n2C)-c2ccccc2CO[C@@H]1CN(C)C(=O)Cc1ccccc1,10.2643,-0.3580985886597055,-0.3747030884501403,0.05201177589175114,-0.42671486434189143,0.35310972451790407
frozen_GE_teacher,C[C@H]1CN([C@@H](C)CO)C(=O)c2c(c3ccccc3n2C)-c2ccccc2CO[C@@H]1CN(C)C(=O)NC1CCCCC1,10.1054,-0.0075282988783070244,-0.0075284411059691895,0.1525359143084646,-0.1600643554144338,-0.12216173068253838
frozen_GE_teacher,C[C@H]1CN([C@@H](C)CO)C(=O)c2c(c3ccccc3n2C)-c2ccccc2CO[C@@H]1CN(C)C(=O)Nc1ccc2c(c1)OCO2,10.025,-0.07455782399687685,-0.0746964390122021,-0.041006890117873396,-0.03368954889432871,0.08411569385717096
frozen_GE_teacher,C[C@H]1CN([C@@H](C)CO)C(=O)c2c(c3ccccc3n2C)-c2ccccc2CO[C@@H]1CN(C)C(=O)Nc1cccc(F)c1,10.0341,0.04690572830914707,0.0469401736293798,0.03214363067119924,0.014796542958180559,0.10078349077128013
frozen_GE_teacher,C[C@H]1CN([C@@H](C)CO)C(=O)c2c(c3ccccc3n2C)-c2ccccc2CO[C@@H]1CN(C)C(=O)[C@H](Cc1ccccc1)N(C)C,10.3092,0.042608913761620584,0.04263472765856396,0.07105044081560066,-0.028415713157036705,0.007114695515766975
frozen_GE_teacher,C[C@H]1CN([C@@H](C)CO)C(=O)c2c(c3ccccc3n2C)-c2ccccc2CO[C@@H]1CN(C)C(=O)c1ccccc1,10.0292,0.4292916168764578,0.4590279305364698,-0.03172746142439893,0.4907553919608687,0.19155936040435345
frozen_GE_teacher,C[C@H]1CN([C@@H](C)CO)C(=O)c2c(c3ccccc3n2C)-c2ccccc2CO[C@@H]1CN(C)Cc1ccncc1,10.2164,0.11662699025052184,0.11716012919993281,0.06647282085335648,0.050687308346576324,-0.14725695049634457
frozen_GE_teacher,C[C@H]1CN([C@@H](C)CO)C(=O)c2c(c3ccccc3n2C)-c2ccccc2CO[C@@H]1CN(C)S(=O)(=O)c1ccc(F)cc1,10.1819,0.11216304835648984,0.1126369885813237,-0.0038866333451395042,0.1165236219264632,0.3951690775863971
frozen_GE_teacher,C[C@H]1CN([C@@H](C)CO)C(=O)c2c(c3ccccc3n2C)-c2ccccc2CO[C@H]1CN(C)C,10.0318,0.2620954994512265,0.2683571500802948,0.09516657844129674,0.1731905716389981,0.12717920715751213
frozen_GE_teacher,C[C@H]1CN([C@@H](C)CO)C(=O)c2c(c3ccccc3n2C)-c2ccccc2CO[C@H]1CN(C)C(=O)CCC(F)(F)F,9.86928,0.6082969205659123,0.7062134912146683,-0.041944882449294396,0.7481583736639627,0.5461433381273811
frozen_GE_teacher,C[C@H]1CN([C@@H](C)CO)C(=O)c2c(c3ccccc3n2C)-c2ccccc2CO[C@H]1CN(C)C(=O)CCN(C)C,9.80261,0.3258317027039883,0.33815773132902743,-0.08762118747022438,0.4257789187992518,0.11899978307019238
frozen_GE_teacher,C[C@H]1CN([C@@H](C)CO)C(=O)c2c(c3ccccc3n2C)-c2ccccc2CO[C@H]1CN(C)C(=O)Nc1ccccc1,10.2479,0.06708035749552572,0.06718124551085247,-0.0263179238666313,0.09349916937748377,-0.008403280022747275
frozen_GE_teacher,C[C@H]1CN([C@@H](C)CO)C(=O)c2c(c3ccccc3n2C)-c2ccccc2CO[C@H]1CN(C)C(=O)[C@H]1CCCN1C,10.0834,-0.07261142227977109,-0.0727394401081745,0.005323506438517485,-0.07806294654669199,0.14515675701031236
frozen_GE_teacher,C[C@H]1CN([C@@H](C)CO)C(=O)c2c(c3ccccc3n2C)-c2ccccc2CO[C@H]1CN(C)Cc1cccc(C(=O)O)c1,10.0071,0.17363882599543928,0.17541618724174485,0.0565899401371618,0.11882624710458305,-0.10733043794248072
frozen_GE_teacher,C[C@H]1CN([C@@H](C)CO)C(=O)c2c(c3ccccc3n2C)-c2ccccc2CO[C@H]1CN(C)S(=O)(=O)c1ccccc1C#N,10.0402,0.04385994454345677,0.04388810143123324,0.04612364970446412,-0.0022355482732308793,0.14492007354616562
frozen_GE_teacher,C[C@H]1CN([C@@H](C)CO)C(=O)c2c(c3ccccc3n2C)-c2ccccc2CO[C@H]1CN(C)S(=O)(=O)c1cccs1,9.90054,-0.12721829955499356,-0.12791136358505628,-0.04395684889989769,-0.08395451468515859,0.12258264750481011
frozen_GE_teacher,C[C@H]1CN([C@@H](C)CO)C(=O)c2cc(-c3ccc(C#N)cc3)cnc2O[C@@H]1CN(C)C(=O)Nc1ccc(C(F)(F)F)cc1,10.0934,0.4263503635071032,0.455427723466934,0.1870980457294917,0.2683296777374423,-0.16170101298831258
frozen_GE_teacher,C[C@H]1CN([C@@H](C)CO)C(=O)c2cc(-c3ccc(C#N)cc3)cnc2O[C@@H]1CN(C)CC1CCCCC1,9.93682,0.01958092095193824,0.019583424050853587,-0.054552206497146614,0.07413563054800021,0.045832328622572735
frozen_GE_teacher,C[C@H]1CN([C@@H](C)CO)C(=O)c2cc(-c3ccc(C#N)cc3)cnc2O[C@H]1CN(C)C(=O)Nc1ccc(C(F)(F)F)cc1,10.1931,0.48449489293871717,0.5288413217638577,0.0119103737772886,0.516930947986569,0.19272721438889712
frozen_GE_teacher,C[C@H]1CN([C@@H](C)CO)C(=O)c2cc(-c3cccc(F)c3)cnc2O[C@H]1CN(C)Cc1ccccn1,10.0432,-0.09812362492229222,-0.09844037626041682,-0.03545000708964054,-0.06299036917077629,0.024641073067946433
frozen_GE_teacher,C[C@H]1CN([C@@H](C)CO)C(=O)c2cc(-c3cncnc3)cnc2O[C@@H]1CN(C)C(=O)CN1CCOCC1,10.0784,-0.005913824321657219,-0.005913893265123678,0.7326935074670907,-0.7386074007322144,-0.6615357913755286
frozen_GE_teacher,C[C@H]1CN([C@@H](C)CO)C(=O)c2cc(-c3cncnc3)cnc2O[C@H]1CN(C)C(=O)CN1CCOCC1,10.0083,0.5012645439136214,0.5509936270833153,-0.003277392688574148,0.5542710197718895,0.35734189147189394
frozen_GE_teacher,C[C@H]1CN([C@@H](C)CO)C(=O)c2cc(-c3cncnc3)cnc2O[C@H]1CN(C)C(=O)Cc1ccccc1,10.0512,-0.3569709123862369,-0.37341013190467176,0.007418901158650567,-0.38082903306332233,-0.3365578814704442
frozen_GE_teacher,C[C@H]1CN([C@@H](C)CO)C(=O)c2cc(/C=C/c3ccccc3)cnc2O[C@@H]1CN(C)C(=O)NC1CCCCC1,10.0482,0.008722961565114934,0.008723182818767973,0.018481419085698687,-0.009758236266930714,0.17394977850200252
frozen_GE_teacher,C[C@H]1CN([C@@H](C)CO)C(=O)c2cc(/C=C/c3ccccc3)cnc2O[C@@H]1CN(C)C(=O)c1ccc2c(c1)OCO2,10.0538,0.32141902827753355,0.3332288240577829,-0.05093457176777501,0.3841633958255579,-0.21285574471218405
frozen_GE_teacher,C[C@H]1CN([C@@H](C)CO)C(=O)c2cc(/C=C/c3ccccc3)cnc2O[C@H]1CN(C)C(=O)Cc1cccnc1,10.0033,0.8286029599422772,1.1836624038078718,0.7462756712200422,0.43738673258782956,0.5482284564982254
frozen_GE_teacher,C[C@H]1CN([C@@H](C)CO)C(=O)c2cc(C#CC3(O)CCCC3)cnc2O[C@@H]1CN(C)Cc1ccccn1,10.0285,0.21590673110837,0.21935868974784328,0.0737518940359885,0.14560679571185478,-0.21469039358010716
frozen_GE_teacher,C[C@H]1CN([C@@H](C)CO)C(=O)c2cc(C#CC3CCCCC3)cnc2O[C@@H]1CN(C)Cc1cccnc1,10.0252,0.002734138744402727,0.00273414555746472,-0.009863122202063099,0.01259726775952782,-0.13742876663354858
frozen_GE_teacher,C[C@H]1CN([C@@H](C)CO)C(=O)c2cc(C#CC3CCCCC3)cnc2O[C@H]1CN(C)S(=O)(=O)c1cccc(F)c1,10.0503,0.2889593621475597,0.2974304458556224,-0.014983627296103572,0.312414073151726,0.46955467234409554
frozen_GE_teacher,C[C@H]1CN([C@@H](C)CO)C(=O)c2cc(C#CCc3ccccc3)cnc2O[C@@H]1CN(C)Cc1ccc(C(=O)O)cc1,10.0549,0.05399528548314805,0.05404785172133379,-0.03049568960804329,0.08454354132937708,0.06326740952415026
frozen_GE_teacher,C[C@H]1CN([C@@H](C)CO)C(=O)c2cc(C#CCc3ccccc3)cnc2O[C@H]1CN(C)Cc1ccc(C(=O)O)cc1,10.0228,0.3771995147959612,0.3967905800620086,-0.012343898908280283,0.40913447897028893,0.4833321483809893
frozen_GE_teacher,C[C@H]1CN([C@@H](C)CO)C(=O)c2cc(C#Cc3ccccc3F)cnc2O[C@H]1CN(C)C(=O)C1CCCCC1,10.0299,-0.13152347128741104,-0.13228982407194645,-0.0043632536868708095,-0.12792657038507563,0.1009737953043754
frozen_GE_teacher,C[C@H]1CN([C@@H](C)CO)C(=O)c2cc(C#Cc3ccccn3)cnc2O[C@@H]1CN(C)CC1CCCC1,10.0392,-0.1815109832234458,-0.18354470729175182,-0.012853889681889769,-0.17069081760986204,-0.11302461394641239
frozen_GE_teacher,C[C@H]1CN([C@@H](C)CO)C(=O)c2cc(C3=CCCC3)cnc2O[C@@H]1CN(C)C(=O)c1ccccn1,10.0919,-0.00798935903530311,-0.007989529028363902,-0.05973799318025018,0.051748464151886275,-0.119144160452741
frozen_GE_teacher,C[C@H]1CN([C@@H](C)CO)C(=O)c2cc(C3=CCCCC3)cnc2O[C@@H]1CN(C)Cc1ccc(C(=O)O)cc1,10.0364,-0.07658382599230502,-0.0767340785774733,-0.013140260406649737,-0.06359381817082356,0.11221828045337288
frozen_GE_teacher,C[C@H]1CN([C@@H](C)CO)C(=O)c2cc(C3=CCCCC3)cnc2O[C@@H]1CN(C)S(=O)(=O)c1cn(C)cn1,9.99953,0.4499549997226292,0.4846438533466533,-0.05498174712999855,0.5396256004766519,0.04883021251791255
frozen_GE_teacher,C[C@H]1CN([C@@H](C)CO)C(=O)c2cc(N(C)C)ccc2O[C@@H]1CN(C)C(=O)Nc1ccc(F)cc1,10.1025,0.042905338124471296,0.04293169493080333,-0.07015602310586887,0.1130877180366722,0.17138170506258474
frozen_GE_teacher,C[C@H]1CN([C@@H](C)CO)C(=O)c2cc(N(C)C)ccc2O[C@@H]1CN(C)Cc1ccc(C(F)(F)F)cc1,9.98566,0.2519418824820699,0.2574852293335848,-0.06243300420965426,0.31991823354323906,0.11712006973482114
frozen_GE_teacher,C[C@H]1CN([C@@H](C)CO)C(=O)c2cc(N(C)C)ccc2O[C@@H]1CN(C)Cc1ccc(Oc2ccccc2)cc1,10.2027,0.10872341625939969,0.10915487912876541,0.06849307428521181,0.0406618048435536,-0.10119370222072473
frozen_GE_teacher,C[C@H]1CN([C@@H](C)CO)C(=O)c2cc(N(C)C)ccc2O[C@@H]1CN(C)Cc1ccncc1,10.0199,0.33352673409190114,0.34679118191769065,-0.03551597367592489,0.38230715559361556,0.20747321371922123
frozen_GE_teacher,C[C@H]1CN([C@@H](C)CO)C(=O)c2cc(N(C)C)ccc2O[C@H]1CN(C)C(=O)Nc1cccc2ccccc12,10.2,-0.13340118268274806,-0.1342010713256183,0.02986214020890706,-0.16406321153452535,-0.09878421491643621
frozen_GE_teacher,C[C@H]1CN([C@@H](C)CO)C(=O)c2cc(N(C)C)ccc2O[C@H]1CN(C)CC1CCCCC1,9.98472,0.10776988367693499,0.10819004113761523,0.016803905155251774,0.09138613598236345,0.09022541047761944
frozen_GE_teacher,C[C@H]1CN([C@@H](C)CO)C(=O)c2cc(N(C)C)ccc2O[C@H]1CN(C)S(=O)(=O)c1ccccc1,10.0777,0.082944715806555,0.08313571994126354,-0.10259608422941001,0.18573180417067353,-0.07136599282695964
frozen_GE_teacher,C[C@H]1CN([C@@H](C)CO)C(=O)c2cc(NC(=O)C3CC3)ccc2O[C@@H]1CN(C)CC1CCCCC1,10.1621,0.17738750828631172,0.1792840228171094,-0.020730757562784283,0.20001478037989368,-0.05946669190023286
frozen_GE_teacher,C[C@H]1CN([C@@H](C)CO)C(=O)c2cc(NC(=O)C3CC3)ccc2O[C@@H]1CN(C)S(=O)(=O)c1ccc(F)cc1,10.0086,0.2266265380865682,0.23063048169604922,0.014311320999706544,0.21631916069634266,0.060281649141501914
frozen_GE_teacher,C[C@H]1CN([C@@H](C)CO)C(=O)c2cc(NC(=O)C3CC3)ccc2O[C@H]1CN(C)CC1CCCCC1,10.1122,0.010545548496141364,0.010545939440764722,0.0065096526722770685,0.004036286768487654,0.19391629332281163
frozen_GE_teacher,C[C@H]1CN([C@@H](C)CO)C(=O)c2cc(NC(=O)C3CC3)ccc2O[C@H]1CN(C)S(=O)(=O)c1ccc(F)cc1,10.0137,-0.20827883754088874,-0.21137145770776264,0.0576263166472478,-0.26899777435501043,0.22555781291146645
frozen_GE_teacher,C[C@H]1CN([C@@H](C)CO)C(=O)c2cc(NC(=O)CCC(F)(F)F)ccc2O[C@H]1CN(C)Cc1ccc2c(c1)OCO2,10.2689,0.12734401448280577,0.12803914869481534,-0.1408969952264534,0.26893614392126874,0.3803994513501304
frozen_GE_teacher,C[C@H]1CN([C@@H](C)CO)C(=O)c2cc(NC(=O)Cc3ccccc3)ccc2O[C@@H]1CN(C)C(=O)Nc1ccc2c(c1)OCO2,10.1196,0.06379450273763762,0.06388125699297473,-0.022884902247574675,0.0867661592405494,0.017733309793294003
frozen_GE_teacher,C[C@H]1CN([C@@H](C)CO)C(=O)c2cc(NC(=O)Cc3ccccc3)ccc2O[C@@H]1CN(C)CC1CCCCC1,9.84049,-0.04720169916933579,-0.04723680124070227,0.12366739526112365,-0.17090419650182592,-0.0971628502872911
frozen_GE_teacher,C[C@H]1CN([C@@H](C)CO)C(=O)c2cc(NC(=O)NC3CCCCC3)ccc2O[C@@H]1CN(C)Cc1ccc2c(c1)OCO2,9.87761,-0.2475243942097541,-0.2527739016840821,0.05995552033838307,-0.3127294220224652,-0.053547766450305415
frozen_GE_teacher,C[C@H]1CN([C@@H](C)CO)C(=O)c2cc(NC(=O)c3ccncc3)ccc2O[C@H]1CN(C)Cc1ccc(Oc2ccccc2)cc1,10.0903,-0.06694862758510164,-0.06704892134002938,0.059919863945068125,-0.1269687852850975,-0.09206137352824594
frozen_GE_teacher,C[C@H]1CN([C@@H](C)CO)C(=O)c2cc(NC(=O)c3ccncc3)ccc2O[C@H]1CN(C)Cc1ccc2c(c1)OCO2,10.1575,-0.04127196669017668,-0.04129542455135114,-0.006433166935721123,-0.03486225761563002,-0.009249514996351078
frozen_GE_teacher,C[C@H]1CN([C@@H](C)CO)C(=O)c2cc(NS(=O)(=O)c3ccccc3)ccc2O[C@@H]1CN(C)Cc1ccc2c(c1)OCO2,10.1866,-0.12315529124252177,-0.12378366097634416,0.040056867866326284,-0.16384052884267045,0.038968424645795086
frozen_GE_teacher,C[C@H]1CN([C@@H](C)CO)C(=O)c2cc(NS(=O)(=O)c3cccs3)ccc2O[C@H]1CN(C)Cc1ccc(Cl)c(Cl)c1,9.93614,-0.22671161912166946,-0.23072017085917618,0.036411272421183624,-0.2671314432803598,-0.08725751789466024
frozen_GE_teacher,C[C@H]1CN([C@@H](C)CO)C(=O)c2cc(NS(=O)(=O)c3cn(C)cn3)ccc2O[C@@H]1CN(C)CC1CC1,10.2553,0.052962164507771525,0.05301176747872177,-0.026538697323962333,0.0795504648026841,-0.065949467975476
frozen_GE_teacher,C[C@H]1CN([C@@H](C)CO)C(=O)c2cccc(N(C)C)c2O[C@@H]1CN(C)Cc1ccc2c(c1)OCO2,9.96725,0.3159172151876023,0.3271051313938659,0.013267370105958338,0.3138377612879075,0.2876234968671735
frozen_GE_teacher,C[C@H]1CN([C@@H](C)CO)C(=O)c2cccc(N(C)C)c2O[C@H]1CN(C)Cc1ccncc1,10.0434,0.10761487865685303,0.10803321732973192,-0.016896426506804868,0.12492964383653679,0.20724137413074323
frozen_GE_teacher,C[C@H]1CN([C@@H](C)CO)C(=O)c2cccc(NC(=O)C3CC3)c2O[C@H]1CN(C)Cc1ccc(C(=O)O)cc1,10.0908,0.4559100030851393,0.49213587355004623,0.029010626499781353,0.46312524705026487,0.04573461036432186
frozen_GE_teacher,C[C@H]1CN([C@@H](C)CO)C(=O)c2cccc(NC(=O)C3CCCCC3)c2O[C@H]1CN(C)S(=O)(=O)c1ccc(Cl)cc1,9.76679,-0.03461769255032894,-0.03463153093889935,0.013567446190726749,-0.0481989771296261,0.11974165435121731
frozen_GE_teacher,C[C@H]1CN([C@@H](C)CO)C(=O)c2cccc(NC(=O)Nc3ccc(F)cc3)c2O[C@H]1CN(C)Cc1ccncc1,9.93205,-0.09059576742481047,-0.09084485294694593,-0.011999515323227648,-0.07884533762371829,0.05349254378992056
frozen_GE_teacher,C[C@H]1CN([C@@H](C)CO)C(=O)c2cccc(NC(=O)Nc3cccc4ccccc34)c2O[C@H]1CN(C)C(=O)Nc1ccc(F)cc1,10.0363,-0.1208075252803176,-0.12140043269396461,0.04413504843981475,-0.16553548113377936,0.08889810352581404
frozen_GE_teacher,C[C@H]1CN([C@@H](C)CO)C(=O)c2cccc(NC(=O)c3ccc(-c4nccs4)cc3)c2O[C@@H]1CN(C)CC1CCCCC1,10.1003,-0.013009182968835525,-0.013009916929717353,-0.011295960287918785,-0.0017139566417985683,0.13436585992496516
frozen_GE_teacher,C[C@H]1CN([C@@H](C)CO)C(=O)c2cccc(NC(=O)c3ccncc3)c2O[C@@H]1CN(C)CC1CC1,9.78244,0.3642750284352287,0.381806208330756,0.07353379654887092,0.3082724117818851,-0.27365857411900557
frozen_GE_teacher,C[C@H]1CN([C@@H](C)CO)C(=O)c2ccccc2-c2ccccc2CO[C@@H]1CN(C)C(=O)c1ccc(F)cc1,10.0727,0.2417535204786707,0.24663564270987706,0.10386021145602345,0.1427754312538536,-0.08028824476067528
frozen_GE_teacher,C[C@H]1CN([C@@H](C)CO)C(=O)c2ccccc2-c2ccccc2CO[C@@H]1CN(C)CC1CC1,9.98901,-0.19432365637566032,-0.19682661156487488,0.09552769224503063,-0.2923543038099055,-0.07728818051989628
frozen_GE_teacher,C[C@H]1CN([C@@H](C)CO)C(=O)c2ccccc2-c2ccccc2CO[C@@H]1CN(C)Cc1ccc(F)cc1,10.0513,0.22669876547594972,0.2307066208051188,0.04163477293197565,0.18907184787314316,-0.003787934282742253
frozen_GE_teacher,C[C@H]1CN([C@@H](C)CO)C(=O)c2ccccc2-c2ccccc2CO[C@@H]1CN(C)S(=O)(=O)c1ccc(F)cc1,10.2481,-0.07108710212064163,-0.07120720978837304,-0.14803751042825714,0.0768303006398841,0.3657876924046663
frozen_GE_teacher,C[C@H]1CN([C@@H](C)CO)C(=O)c2ccccc2-c2ccccc2CO[C@@H]1CN(C)S(=O)(=O)c1cccs1,9.87761,0.16422409463492352,0.16572480477882923,0.04870190097778551,0.11702290380104372,0.04026842124947186
frozen_GE_teacher,C[C@H]1CN([C@@H](C)CO)C(=O)c2ccccc2-c2ccccc2CO[C@H]1CN(C)C(=O)Nc1cccc(C(F)(F)F)c1,9.94774,0.33839232085591686,0.3522758307649486,0.030970928648469835,0.3213049021164788,0.13403939488579775
frozen_GE_teacher,C[C@H]1CN([C@@H](C)CO)C(=O)c2ccccc2-c2ccccc2CO[C@H]1CN(C)C(=O)Nc1cccc(F)c1,9.73429,0.283126186837913,0.29107744021052784,-0.07695040381724694,0.3680278440277748,0.09692817452760535
frozen_GE_teacher,C[C@H]1CN([C@@H](C)CO)C(=O)c2ccccc2-c2ccccc2CO[C@H]1CN(C)C(=O)[C@H](Cc1ccccc1)N(C)C,10.2631,0.017128438694602843,0.01713011405612284,0.07677032236713094,-0.059640208311008094,0.10636715661563609
frozen_GE_teacher,C[C@H]1CN([C@@H](C)CO)C(=O)c2ccccc2-c2ccccc2CO[C@H]1CN(C)Cc1ccc2c(c1)OCCN2C,9.92904,0.1662761603701341,0.16783448155686345,0.10633389166097769,0.06150058989588576,-0.03272553811783083
frozen_GE_teacher,C[C@H]1CN([C@@H](C)CO)C(=O)c2ccccc2-c2ccccc2CO[C@H]1CN(C)S(=O)(=O)c1ccc(F)cc1,9.98643,0.2811837891355103,0.28896702872334123,-0.06701107860215588,0.3559781073254971,0.21844953671140863
frozen_GE_teacher,C[C@H]1CN([C@@H](C)CO)S(=O)(=O)c2ccc(-c3ccc(C(=O)N(C)C)cc3)cc2O[C@@H]1CN(C)C(=O)C1CCC1,10.0824,0.11300556951323648,0.11349032603677006,0.0017715416244928625,0.1117187844122772,0.10731844910308773
frozen_GE_teacher,C[C@H]1CN([C@@H](C)CO)S(=O)(=O)c2ccc(-c3ccc(F)cc3)cc2O[C@@H]1CN(C)S(C)(=O)=O,10.0674,0.07517342663829572,0.07531551148932442,-0.020787997047557356,0.09610350853688177,0.4326775703512752
frozen_GE_teacher,C[C@H]1CN([C@@H](C)CO)S(=O)(=O)c2ccc(-c3cccc(C#N)c3)cc2O[C@H]1CN(C)CC1CC1,10.069,0.17236591858597236,0.17410400629254488,-0.1565625066219825,0.3306665129145274,0.19823497882770155
frozen_GE_teacher,C[C@H]1CN([C@@H](C)CO)S(=O)(=O)c2ccc(-c3ccccc3)cc2O[C@@H]1CN(C)C,10.0184,-0.08564093785752933,-0.0858512382037717,-0.00523476397381906,-0.08061647422995265,0.14319412240015086
frozen_GE_teacher,C[C@H]1CN([C@@H](C)CO)S(=O)(=O)c2ccc(-c3cccnc3)cc2O[C@@H]1CN(C)C(=O)NC1CCCC1,10.0214,0.17811605705403422,0.18003634166009153,-0.011547254880871684,0.1915835965409632,0.15704048690900652
frozen_GE_teacher,C[C@H]1CN([C@@H](C)CO)S(=O)(=O)c2ccc(-c3ccncc3)cc2O[C@@H]1CN(C)C(=O)CN(C)C,10.0288,-0.17834735466588772,-0.18027522786145342,-0.005875423209931266,-0.17439980465152216,-0.14646353758462444
frozen_GE_teacher,C[C@H]1CN([C@@H](C)CO)S(=O)(=O)c2ccc(/C=C/c3ccccc3)cc2O[C@@H]1CN(C)C(=O)CN1CCOCC1,10.0681,-0.0028277120376261145,-0.002827719574415355,0.019926509200580596,-0.02275422877499595,0.1224455685534849
frozen_GE_teacher,C[C@H]1CN([C@@H](C)CO)S(=O)(=O)c2ccc(Br)cc2O[C@H]1CN(C)CC1CC1,9.98096,0.2041180729697546,0.20702592317285845,0.04731922827634662,0.15970669489651185,-0.13242138922786115
frozen_GE_teacher,C[C@H]1CN([C@@H](C)CO)S(=O)(=O)c2ccc(C#CC3(O)CCCC3)cc2O[C@@H]1CN(C)C(=O)c1cccnc1,10.0548,-0.242007481164027,-0.2469053849863269,-0.004619518138513431,-0.24228586684781345,0.09706201122864
frozen_GE_teacher,C[C@H]1CN([C@@H](C)CO)S(=O)(=O)c2ccc(C#CC3CCCC3)cc2O[C@@H]1CN(C)Cc1cncnc1,10.0078,0.26782737473078905,0.2745218364490287,0.031327569692566844,0.24319426675646189,0.23344170514270585
frozen_GE_teacher,C[C@H]1CN([C@@H](C)CO)S(=O)(=O)c2ccc(C#CCN(C)C)cc2O[C@@H]1CN(C)C(=O)C1CCCCC1,9.9793,-0.12747801387495405,-0.12817535927062598,0.01616381806376781,-0.1443391773343938,-0.025823853532615817
frozen_GE_teacher,C[C@H]1CN([C@@H](C)CO)S(=O)(=O)c2ccc(C3=CCCC3)cc2O[C@@H]1CN(C)C(=O)c1cnccn1,10.096,-0.08361941426981573,-0.08381513075810355,0.08887241944325412,-0.17268755020135768,-0.08225501235278511
frozen_GE_teacher,C[C@H]1CN([C@@H](C)CO)S(=O)(=O)c2ccc(C3=CCCC3)cc2O[C@H]1CN(C)Cc1ccccn1,10.0062,0.7224203303511112,0.9126888798332203,0.8054958917369437,0.10719298809627664,0.09104696221507635
frozen_GE_teacher,C[C@H]1CN([C@@H](C)CO)S(=O)(=O)c2ccc(C3=CCCCC3)cc2O[C@@H]1CN(C)C(=O)C1CCOCC1,10.0498,-0.0792860826447213,-0.0794528503560298,0.013684350283458813,-0.0931372006394886,0.10737280205897942
frozen_GE_teacher,C[C@H]1CN([C@@H](C)CO)S(=O)(=O)c2ccc(C3=CCCCC3)cc2O[C@H]1CN(C)C(=O)Cc1ccncc1,10.058,0.041417836986692415,0.0414415446259159,-0.049644371979299294,0.0910859166052152,0.09381966726792987
frozen_GE_teacher,C[C@H]1OC(n2cc(F)c(=O)[nH]c2=O)C(O)[C@@H]1O,10.0,0.00028794353108220765,0.0002879435390401492,0.01148204607743205,-0.0111941025383919,-0.1270666727969156
frozen_GE_teacher,C[C@]12CCC3c4ccc(OC(=O)c5ccccc5)cc4CCC3C1CCC2=O,10.0,-0.3000114839031212,-0.30953222392464896,-0.00887650544684125,-0.3006557184778077,0.06579369386954168
frozen_GE_teacher,C[N+]1(C)CCCC(OC(=O)C(O)(c2ccccc2)c2ccccc2)C1,10.0,-0.14255949286316247,-0.14353719836979675,-0.022033060990633416,-0.12150413737916334,0.10820849013812868
frozen_GE_teacher,Cc1[nH]c2ccc(Cl)cc2c1C1=CCNCC1,10.0,0.04799226769100613,0.048029164882319154,0.0493218304629114,-0.0012926655805922463,0.07163956622628238
frozen_GE_teacher,Cc1[nH]c2nc(S)nc-2cc1Br,10.0,0.5907227123453657,0.678775418378081,0.0509667931867695,0.6278086251913115,0.02811724979083538
frozen_GE_teacher,Cc1c(-c2cc(C(=O)O)c3ccccc3n2)cnn1C,10.0,0.522224396868301,0.5793933951641652,-0.02612717087304541,0.6055205660372106,-0.15828897922329616
frozen_GE_teacher,Cc1c(-c2ccccc2)n[nH]c1C(=O)NN,10.0,0.43652571356084685,0.46793053892049064,0.07624307454474125,0.3916874643757494,0.13588889486327524
frozen_GE_teacher,Cc1c(C(=O)Nc2ccc3c(c2)OCO3)sc2nc(-c3ccccc3)cn12,10.0,-0.31772955123229385,-0.32911968299527494,-0.02332232226016602,-0.30579736073510894,0.30961900863994746
frozen_GE_teacher,Cc1c(C2CCN(CCc3ccccc3)CC2)noc1-c1ccc(Cl)cc1,10.0,0.26237780395102167,0.2686603017342818,0.0063027462075777845,0.26235755552670403,0.16071562275914977
frozen_GE_teacher,Cc1c(Cl)cnc(NC(=O)COC(=O)c2ccc3ncsc3c2)c1Cl,10.0,0.6071772454320067,0.7044380757794807,-0.01168927244179014,0.7161273482212709,0.09546725890749175
frozen_GE_teacher,Cc1c(NC(=O)c2ccc(Br)o2)cccc1C(=O)O,10.0,0.486255869069455,0.5311450275714014,-0.14266890006214872,0.6738139276335501,0.2628944372250907
frozen_GE_teacher,Cc1c[nH]c(=O)n(CCCN2CCN(c3ccccc3OCC(F)(F)F)CC2)c1=O,10.0,0.44610640212728336,0.47982868853959937,-0.03775750727462723,0.5175861958142266,0.4262682771954592
frozen_GE_teacher,Cc1cc(-c2ccccc2)nc(NN=Cc2ccco2)n1,10.0,0.20710184346834018,0.21014140479377527,-0.08063890915540861,0.2907803139491839,-0.09747240642957011
frozen_GE_teacher,Cc1cc(-c2nnc(S)n2-c2ccccc2C)cs1,10.0,0.24133514607639206,0.2461913464259911,0.0995102961821589,0.1466810502438322,0.20565858675136356
frozen_GE_teacher,Cc1cc(-c2nnnn2-c2cc(Cl)cc(Cl)c2)no1,10.0,0.3058112846836782,0.3159179765277745,-0.05778718125117492,0.3737051577789494,0.06089231259618218
frozen_GE_teacher,Cc1cc(/C=C2/NC(=O)N(c3ccccc3)C2=O)c(C)n1-c1cccnc1,10.0,0.05427157644380352,0.05432495471423843,0.20123726228198568,-0.14691230756774726,0.01805370525469871
frozen_GE_teacher,Cc1cc(=O)oc2cc(NC(S)=NCc3ccccn3)ccc12,10.0,0.5243711088943521,0.5823496533783842,0.18111502666405127,0.4012346267143329,0.5384474184267849
frozen_GE_teacher,Cc1cc(C(=O)CSc2nnnn2C)c(C)n1-c1cccc(F)c1,10.0,0.015484395085448483,0.015485632809871405,0.03686410352217423,-0.021378470712302824,0.020501674269903125
frozen_GE_teacher,Cc1cc(C(=O)Nc2ccc3c(c2)C(=O)N(C)[C@@H]2CC[C@@H](CC(=O)NC4CCCC4)O[C@@H]2CO3)no1,10.1104,0.12155191923939426,0.12215592067217598,-0.024393063344159152,0.14654898401633515,0.011105319029087929
frozen_GE_teacher,Cc1cc(C(=O)Nc2ccc3c(c2)C(=O)N(C)[C@@H]2CC[C@@H](CC(=O)NCc4ccc(-c5ccccc5)cc4)O[C@@H]2CO3)no1,10.1602,0.17167436609450923,0.17339136608311206,-0.08994154986711357,0.2633329159502256,0.41848652367101447
frozen_GE_teacher,Cc1cc(C(=O)Nc2ccc3c(c2)C(=O)N(C)[C@H]2CC[C@@H](CC(=O)NCc4ccc(-c5ccccc5)cc4)O[C@@H]2CO3)no1,9.78431,0.20734088921468743,0.21039117588572165,-0.4405816985122663,0.6509728743979879,0.10277430471067539
frozen_GE_teacher,Cc1cc(C(=O)OCC(=O)N2CCc3ccccc32)c(C)o1,10.0,0.276213587295843,0.283578249637617,-0.12609387207215045,0.40967212170976747,-0.0006571756192141898
frozen_GE_teacher,Cc1cc(C(C)(C)C)c(O)c(C)c1CC1=NCCN1,10.0,0.20710501783375418,0.21014472141515284,-0.07414978462785013,0.284294506043003,0.05619288851125209
frozen_GE_teacher,Cc1cc(C)c(-c2nc3ccccc3s2)[nH]1,10.0,0.003345559063212196,0.0033455715453153145,0.08262438598881364,-0.07927881444349832,-0.05472498720176765
frozen_GE_teacher,Cc1cc(C)c(C#N)c(Nc2ccc3c(c2)OCCO3)n1,10.0,0.015944988311195132,0.015946339816073317,0.35320005550380046,-0.33725371568772716,-0.1655143128589957
frozen_GE_teacher,Cc1cc(C)c(NC(=O)Cn2cc3c(n2)CCCC3)c(C)c1,10.0,0.0145848240992058,0.014585858378347305,0.0015447582377263128,0.013041100140620992,-0.12629447106321157
frozen_GE_teacher,Cc1cc(C)cc(C(=O)N(C)C(Cc2ccc(-c3ccccc3)cc2)C(=O)NC(Cc2c[nH]c3ccccc23)C(=O)O)c1,10.0,0.5597394065441174,0.6324536148757196,0.3412048336116041,0.2912487812641155,0.09735676091573175
frozen_GE_teacher,Cc1cc(C)cc(C(=O)OC2CC3CCC(C2)N3C)c1,10.0,0.5572877193879266,0.6288904330116967,0.2743802464191301,0.35451018659256656,0.30293337303361295
frozen_GE_teacher,Cc1cc(C)cc(OCC2CNC(=O)O2)c1,10.0,-0.2945687080292199,-0.30356174862311147,0.009106750765011159,-0.31266849938812263,0.030495844586735866
frozen_GE_teacher,Cc1cc(C)n(-c2cccc3cccnc23)n1,10.0,0.15668312125720515,0.15798451427573204,0.10168643836626606,0.05629807590946598,0.15027782645983073
frozen_GE_teacher,Cc1cc(C)n2[nH]c(=O)c(N=Nc3cccc(C(F)(F)F)c3)c2n1,10.0,0.16897112870415648,0.17060736332502674,0.12721385992922496,0.04339350339580178,0.011515421805174592
frozen_GE_teacher,Cc1cc(C)n2cc(CSCC(=O)O)nc2n1,10.0,0.3288404610507937,0.34152756773809767,0.09182635443059849,0.24970121330749917,0.1604549920851424
frozen_GE_teacher,Cc1cc(C)n2nc3nc4c(cc3c2n1)CCCC4,10.0,0.224536797458455,0.22842869771793545,0.05645118134756273,0.17197751637037273,0.11246846706815587
frozen_GE_teacher,Cc1cc(C)nc(NS(=O)(=O)c2ccc(N)cc2)n1,10.0,-0.26914806653756024,-0.2759451273881789,-0.04068634188730928,-0.2352587855008696,-0.16537017825088896
frozen_GE_teacher,Cc1cc(CNC(=O)c2ccc(C)c([N+](=O)[O-])c2)c2ccccc2n1,10.0,0.34197774711198786,0.35633049288908564,0.07846847175114152,0.2778620211379441,0.10639435656222318
frozen_GE_teacher,Cc1cc(Cn2cnc3c2CC(C(=O)O)N(C(=O)C(c2ccccc2)c2ccccc2)C3)ccc1N(C)C,10.0,0.5763046659907528,0.6569119613169139,0.31882111923755896,0.3380908420793549,0.05447471018459654
frozen_GE_teacher,Cc1cc(NC(=O)C2C(=O)c3ccccc3S(=O)(=O)N2C)no1,10.0,-0.4603959173236333,-0.497813581884257,0.003262498350008908,-0.5010760802342659,-0.06344400585828402
frozen_GE_teacher,Cc1cc(NS(=O)(=O)c2ccccc2)c(C)c(Cl)c1O,10.0,0.5326106031658167,0.593782550251485,0.0987553842978707,0.4950271659536143,0.30376069322578403
frozen_GE_teacher,Cc1cc(O)c(C(=O)/C=C/c2cccc([N+](=O)[O-])c2)c(=O)o1,10.0,-0.10667190761868149,-0.1070792954744854,0.027004485270910948,-0.13408378074539634,-0.13762173476863535
frozen_GE_teacher,Cc1cc(O)nc(NN=Cc2sccc2C)n1,10.0,0.20121146821146513,0.20399481936006122,0.07268380538703156,0.13131101397302966,-0.20045652847867668
frozen_GE_teacher,Cc1cc(OCC(=O)Nc2nnc[nH]2)ccc1Cl,20.0,-0.17063971407745418,-0.17232548938693837,-0.04762598520682191,-0.12469950418011647,-0.028238549506713846
frozen_GE_teacher,Cc1cc2cc3c(cc2n2c(SCC(=O)Nc4nc(-c5ccccc5)cs4)nnc12)OCCO3,20.0,0.2083887979704347,0.21148640729190327,0.047106084883839,0.16438032240806427,0.38670231615594647
frozen_GE_teacher,Cc1cc2n(n1)C(c1ccccc1)Nc1ccccc1-2,10.0,0.23315394596744674,0.23752214038494057,0.17378140034496645,0.06374074003997413,-0.2572641410920292
frozen_GE_teacher,Cc1cc2ncc(-c3ccccc3)nc2cc1C,10.0,-0.0754463063629344,-0.07558994770153751,-0.006772828329065388,-0.06881711937247212,0.06363463034179537
frozen_GE_teacher,Cc1ccc(-c2cc(C(=O)NCc3cnn(C)c3)c3cc(Br)ccc3n2)cc1,10.0,0.5374181031478743,0.6005180582325719,0.13606895818410264,0.46444910004846923,0.47397650258811214
frozen_GE_teacher,Cc1ccc(-c2ccc3c(c2)O[C@@H](CN(C)Cc2cncnc2)[C@@H](C)CN([C@@H](C)CO)S3(=O)=O)cc1,9.97797,0.23187648462133453,0.23617166777300225,0.012092552529570661,0.22407911524343158,0.2727194618034412
frozen_GE_teacher,Cc1ccc(-c2ccc3c(c2)O[C@@H](CN(C)Cc2cncnc2)[C@H](C)CN([C@@H](C)CO)S3(=O)=O)cc1,10.0191,0.11149731971946941,0.11196282888366418,0.056132633698216694,0.05583019518544749,0.3770665710826886
frozen_GE_teacher,Cc1ccc(-c2ccc3c(c2)O[C@H](CN(C)C(=O)CC2CC2)[C@@H](C)CN([C@H](C)CO)S3(=O)=O)cc1,9.98551,0.8857647880173903,1.4019145774444455,0.7546531121710554,0.6472614652733901,0.5048950008548634
frozen_GE_teacher,Cc1ccc(-c2cnc3c(c2)C(=O)N([C@@H](C)CO)C[C@H](C)[C@@H](CN(C)C(=O)c2cccc(F)c2)O3)cc1,10.0928,0.33273445222555464,0.3459000002069626,0.04791004543980826,0.29798995476715434,0.30267317738045957
frozen_GE_teacher,Cc1ccc(-c2cnc3c(c2)C(=O)N([C@@H](C)CO)C[C@H](C)[C@H](CN(C)S(C)(=O)=O)O3)cc1,10.0172,0.04432844320447827,0.04435751277641596,-0.019672948378791397,0.06403046115520736,-0.03266317030891125
frozen_GE_teacher,Cc1ccc(-c2cnc3c(c2)C(=O)N([C@H](C)CO)C[C@@H](C)[C@@H](CN(C)S(C)(=O)=O)O3)cc1,10.0273,-0.2678042140461345,-0.2744968862003048,-0.03327066104968602,-0.2412262251506188,-0.06745354509893575
frozen_GE_teacher,Cc1ccc(-c2cnc3c(c2)C(=O)N([C@H](C)CO)C[C@@H](C)[C@H](CN(C)C(=O)c2cccc(F)c2)O3)cc1,10.0791,0.11558045292346333,0.11609929160125088,-0.0005252122681150533,0.11662450386936593,0.30474029797187324
frozen_GE_teacher,Cc1ccc(-c2csc(-c3c[nH]c4ccccc34)n2)cc1,10.0,0.3017094247044633,0.31139915431547205,0.11115332394902067,0.20024583036645138,0.11242976751827283
frozen_GE_teacher,Cc1ccc(-c2nn(-c3ccccc3)cc2/C=C2\SC(=S)N(CCS(=O)(=O)O)C2=O)cc1,20.0,-0.2051034763199578,-0.2080543837063611,0.10622188120525583,-0.3142762649116169,-0.019484620381365947
frozen_GE_teacher,Cc1ccc(-c2nnn(CC(=O)N(Cc3cccs3)C(C(=O)NC(C)(C)C)c3ccco3)n2)o1,10.0,0.5125358404449946,0.5661630584562481,0.33493822617479485,0.2312248322814533,0.08268403064105534
frozen_GE_teacher,Cc1ccc(-n2c(S)nnc2-c2cnccn2)cc1,10.0,-0.13463786602099453,-0.13546037345494893,-0.015087786592445643,-0.1203725868625033,0.19424768924224506
frozen_GE_teacher,Cc1ccc(-n2nc(C)c(C=C3C=Nc4ccccc43)c2O)cc1C,10.0,0.5230751599929777,0.5805638956431605,-0.1023101558348368,0.6828740514779973,0.01968190519058796
frozen_GE_teacher,Cc1ccc(/C(=C\CN2CCCC2)c2ccccn2)cc1,10.0,-0.17869889508337056,-0.1806383408788082,-0.016127730108126383,-0.16451061077068183,-0.03508705306344794
frozen_GE_teacher,Cc1ccc(C(=O)NC(C)(COc2nonc2C)COc2nonc2C)cc1,10.0,0.3466957766027157,0.3616831959016818,-0.0470665155562581,0.4087497114579399,0.08260366334909064
frozen_GE_teacher,Cc1ccc(C(=O)NNc2ncnc3ccccc23)cc1,10.0,0.38596533515048825,0.40705039238001545,-0.007202227138637919,0.4142526195186534,-0.12384160923985738
frozen_GE_teacher,Cc1ccc(C(=O)Nc2ccccc2SCC2CSc3nc4ccccc4c(=O)n32)cc1,10.0,0.16597451597060123,0.16752427622331817,0.10560050158720068,0.06192377463611749,0.05255004380320134
frozen_GE_teacher,Cc1ccc(C(C(=O)NC2CCCC2)N(Cc2ccc(F)cc2)C(=O)c2csnn2)o1,10.0,0.3808817630083185,0.4010906327255739,0.1550867040940117,0.24600392863156217,0.07270098215760662
frozen_GE_teacher,Cc1ccc(C)c(C(C)NC(=O)c2ccc(Br)o2)c1,10.0,0.46419311733975227,0.5026428969839105,0.07635894905520699,0.4262839479287035,-0.07562101342156104
frozen_GE_teacher,Cc1ccc(C)c(OCCCC(C)(C)C(=O)O)c1,10.0,0.18270642214990318,0.18478115129476758,0.03953935098082157,0.145241800313946,-0.3436371704729942
frozen_GE_teacher,Cc1ccc(C2c3c(C)noc3N=C3CC(C)(C)CC(=O)C32)cc1,10.0,0.42703604865039774,0.45626603819760897,0.03789702371061776,0.4183690144869912,0.12699241021903745
frozen_GE_teacher,Cc1ccc(C=C2CNCC(=Cc3ccc(C)cc3)C2=O)cc1,10.0,0.4719836820122045,0.512619512564611,-0.003977015375982121,0.5165965279405932,0.8935558080760457
frozen_GE_teacher,Cc1ccc(CC2(O)CCN(CCOc3ccc(O)cc3)CC2)cc1,10.0,0.12026942808343,0.12085440191562925,0.004925589958006625,0.11592881195762263,-0.26806573206961437
frozen_GE_teacher,Cc1ccc(CN(C)C[C@H]2OCc3cnnn3CCCC(=O)N([C@H](C)CO)C[C@@H]2C)cc1,10.0072,0.1676514523930198,0.16924921214945646,0.028769400382308043,0.1404798117671484,-0.046656961427820366
frozen_GE_teacher,Cc1ccc(C[N+](C)(C)C)o1,10.0,0.41820254465402673,0.4455115814309308,0.03294289507142859,0.41256868635950217,-0.16734351305112863
frozen_GE_teacher,Cc1ccc(Cn2ncc3c(N4CCN(c5ccccc5C)CC4)ncnc32)cc1,10.0,0.5998283619170228,0.6928790391956814,0.09900729658963614,0.5938717426060452,0.5036740392119887
frozen_GE_teacher,Cc1ccc(N(C(=O)Cn2nnc3ccccc32)C(C(=O)NCc2ccco2)c2cccnc2)cc1,10.0,0.024800643437055864,0.02480573004078058,0.030300395292950165,-0.005494665252169587,-0.13979905518926358
frozen_GE_teacher,Cc1ccc(N2CC(C(=O)Nc3nccs3)CC2=O)cc1Cl,10.0,0.10439426285756548,0.10477599730653674,-0.04450592420789484,0.1492819215144316,0.3928203361377879
frozen_GE_teacher,Cc1ccc(NC(=O)CCC(=O)N/N=C/c2ccco2)c(C)c1,20.0,0.2985443161950229,0.3079207176059309,0.05188434125284762,0.2560363763530833,0.4952756316959361
frozen_GE_teacher,Cc1ccc(NC(=O)CCC(=O)NN=Cc2ccco2)c(C)c1,20.0,0.00813266955288837,0.008132848859110163,0.06392021680126675,-0.055787367942156586,0.06159354427799657
frozen_GE_teacher,Cc1ccc(NC(=O)CN(C)CC(=O)Nc2cccc(F)c2)cc1S(=O)(=O)N1CCCCCC1,10.0,0.15587947954388934,0.15716075309845026,-0.06774984557913179,0.22491059867758206,0.10847246702346294
frozen_GE_teacher,Cc1ccc(NC(=O)CSc2nc3sc(C)cc3c(=O)n2C)cc1,10.0,0.35921585420589225,0.375985290238729,0.15477404982529977,0.22121124041342924,0.019794059920067802
frozen_GE_teacher,Cc1ccc(NC(=O)Nc2ccc3c(c2)C(=O)N(C)[C@H]2CC[C@H](CC(=O)NCC(F)(F)F)O[C@@H]2CO3)cc1,10.0081,-0.25468442461500834,-0.2604158228224541,-0.025767880484138334,-0.2346479423383158,0.11005704165656902
frozen_GE_teacher,Cc1ccc(NC(=O)c2ccc(CN3CCN(C)CC3)cc2)cc1Nc1nccc(-c2cccnc2)n1,10.0,0.29418243030636265,0.3031388212893011,-0.024797651756380025,0.32793647304568113,0.31456517114153176
frozen_GE_teacher,Cc1ccc(NC(S)=NN=Cc2ccc(OCCC(C)C)cc2)c(C)c1,10.0,0.07532071073440708,0.07546363427489564,-0.056401720878846984,0.13186535515374262,0.2912739950945865
frozen_GE_teacher,Cc1ccc(NC2=CC(=O)c3sc(C)nc3C2=O)cc1,10.0,0.3618110843170108,0.3789682134378986,-0.04875269369409312,0.42772090713199173,0.6405388497975856
frozen_GE_teacher,Cc1ccc(Nc2nc(-c3sc(NC(=O)c4ccco4)nc3C)cs2)cc1,10.0,0.4189429595146703,0.44640927513018747,-0.1094438936528476,0.555853168783035,0.22395368340674554
frozen_GE_teacher,Cc1ccc(Nc2nc(N)nc(CSC(=S)N3CCOCC3)n2)cc1,10.0,0.26866302091463057,0.27542227413280784,-0.14440810476831056,0.4198303789011184,-0.06197941353292735
frozen_GE_teacher,Cc1ccc(O)c(NC(=S)NC(=O)c2ccccc2Cl)c1,10.0,0.2754807262452433,0.28278503124004567,-0.06454266709211358,0.34732769833215926,0.04595679373840824
frozen_GE_teacher,Cc1ccc(OC(=O)N(C)C[C@H]2OCc3cn(nn3)CCCC(=O)N([C@H](C)CO)C[C@H]2C)cc1,10.0472,-0.24375068448438192,-0.248757867285263,-0.03126641227471449,-0.2174914550105485,-0.3573088820574848
frozen_GE_teacher,Cc1ccc(OCC(=O)c2c[nH]c3ccccc23)c([N+](=O)[O-])n1,10.0,0.08486728815752437,0.08507192420403673,0.08102018027293129,0.004051743931105439,0.0896925869817645
frozen_GE_teacher,Cc1ccc(OCCCn2c(CO)nc3ccccc32)cc1,10.0,0.1615052906709094,0.16293191783742256,0.1344191456907406,0.028512772146681964,-0.09185566593483002
frozen_GE_teacher,Cc1ccc(S(=O)(=O)N(C)C)cc1NC(S)=NNC(=O)C(N)=O,10.0,0.21902105220080367,0.22262760267830906,0.03948000857363749,0.18314759410467157,-0.1260501366375217
frozen_GE_teacher,Cc1ccc(S(=O)(=O)N(C)C[C@@H]2Oc3cc(C#Cc4ccncc4)ccc3S(=O)(=O)N([C@@H](C)CO)C[C@@H]2C)cc1,10.0328,0.12041091874985047,0.12099797172545018,0.020462293303943085,0.1005356784215071,0.0798788719470877
frozen_GE_teacher,Cc1ccc(S(=O)(=O)N(C)C[C@@H]2Oc3cc(C#Cc4ccncc4)ccc3S(=O)(=O)N([C@H](C)CO)C[C@@H]2C)cc1,10.0419,0.20133392963458588,0.20412245124008524,0.00802000393388571,0.19610244730619952,0.2454771775769962
frozen_GE_teacher,Cc1ccc(S(=O)(=O)N(C)C[C@@H]2Oc3ncc(Br)cc3C(=O)N([C@@H](C)CO)C[C@@H]2C)cc1,10.0176,-0.06783888640141734,-0.0679432421486995,0.027432259591207805,-0.0953755017399073,0.11211679115348279
frozen_GE_teacher,Cc1ccc(S(=O)(=O)N(C)C[C@H]2OCCCC[C@@H](C)Oc3ccc(N(C)C)cc3C(=O)N([C@H](C)CO)C[C@@H]2C)cc1,10.2219,0.13302757316589214,0.13382071191918174,-0.15271679344427108,0.2865375053634528,0.22056858437247095
frozen_GE_teacher,Cc1ccc(S(=O)(=O)N(C)C[C@H]2OCCCC[C@@H](C)Oc3ccc(N(C)C)cc3C(=O)N([C@H](C)CO)C[C@H]2C)cc1,9.971203,0.1118836285845745,0.11235401774178853,-0.019595050383483498,0.13194906812527202,0.2247169491990459
frozen_GE_teacher,Cc1ccc(S(=O)(=O)N(C)C[C@H]2OCc3ccccc3-c3ccccc3C(=O)N([C@@H](C)CO)C[C@H]2C)cc1,10.2208,0.11996029004285484,0.12054073846812624,0.0017830370754300853,0.11875770139269616,0.29017149182730045
frozen_GE_teacher,Cc1ccc(S(=O)(=O)N(C)C[C@H]2OCc3cn(nn3)CCCC(=O)N([C@H](C)CO)C[C@@H]2C)cc1,10.0337,0.1092513797262634,0.10968918927974908,0.0820620974188512,0.027627091860897873,-0.07426212567762715
frozen_GE_teacher,Cc1ccc(S(=O)(=O)N(C)C[C@H]2OCc3cnnn3CCCC(=O)N([C@H](C)CO)C[C@H]2C)cc1,10.0328,0.28141210663631344,0.28921496506521777,0.08710119250509504,0.20211377256012272,-0.11211660578226068
frozen_GE_teacher,Cc1ccc(S(=O)(=O)N(C)C[C@H]2Oc3c(NC(=O)Nc4ccccc4)cccc3C(=O)N([C@H](C)CO)C[C@@H]2C)cc1,10.0662,-0.249051663654136,-0.2544015085174186,0.0038181008714888495,-0.2582196093889075,-0.11987384588665713
frozen_GE_teacher,Cc1ccc(S(=O)(=O)N2C[C@@H](O)COC[C@@H]3O[C@@H](CC(=O)NCc4ccc5c(c4)OCO5)CC[C@H]32)cc1,10.0965,0.5513076828271558,0.6202580650728124,-0.011202695819288257,0.6314607608921007,-0.21399988450119914
frozen_GE_teacher,Cc1ccc(S(=O)(=O)N2C[C@H](O)COC[C@H]3O[C@@H](CC(=O)N4CCc5ccccc5C4)CC[C@@H]32)cc1,9.981109,0.09425594130654691,0.09453656770786353,0.025009387602474422,0.06952718010538911,-0.07002313064151382
frozen_GE_teacher,Cc1ccc(S(=O)(=O)N2C[C@H](O)COC[C@H]3O[C@@H](CC(=O)NCc4ccc5c(c4)OCO5)CC[C@@H]32)cc1,10.0384,0.05033359153509539,0.05037616248724984,0.1053807172677903,-0.05500455478054046,-0.1996803632312394
frozen_GE_teacher,Cc1ccc(S(=O)(=O)N2C[C@H](O)COC[C@H]3O[C@H](CC(=O)NCc4ccc5c(c4)OCO5)CC[C@@H]32)cc1,10.0571,0.1434522515468208,0.14444859581610153,0.0508757807180431,0.09357281509805843,-0.13834837564406074
frozen_GE_teacher,Cc1ccc(S(=O)(=O)NC(=O)Nc2c(C)n(C)n(-c3ccccc3)c2=O)cc1,10.0,0.2512318977291006,0.25672726869118667,0.126455855333449,0.13027141335773768,0.146425889370768
frozen_GE_teacher,Cc1ccc(S(=O)(=O)NC2CCCCCCC2)cc1,20.0,0.09950960112941862,0.09984001983222349,0.104812334333306,-0.004972314501082514,0.0028962395311267902
frozen_GE_teacher,Cc1ccc(S(=O)(=O)NCCC(=O)NC2CCCC2)cc1,10.0,-0.2535294161532853,-0.25918108688215674,-0.041940289173766784,-0.21724079770838994,-0.04385912863207016
frozen_GE_teacher,Cc1ccc(S(=O)(=O)NCC[C@@H]2CC[C@@H](NC(=O)CC3CC3)[C@@H](CO)O2)cc1,10.0411,-0.049264883253724474,-0.0493047971553922,0.021921854526507408,-0.07122665168189961,-0.1843194051643706
frozen_GE_teacher,Cc1ccc(S(=O)(=O)NCC[C@@H]2CC[C@H](NC(=O)c3cccc(F)c3)[C@H](CO)O2)cc1,10.0578,-0.3818178100399647,-0.40218597260717465,0.06292151021079698,-0.46510748281797165,0.01487029225019458
frozen_GE_teacher,Cc1ccc(S(=O)(=O)NCC[C@H]2CC[C@@H](NC(=O)c3cccc(F)c3)[C@@H](CO)O2)cc1,10.0759,0.0364049373507341,0.03642103287571448,0.0296441418483277,0.0067768910273867805,-0.05653310956523795
frozen_GE_teacher,Cc1ccc(S(=O)(=O)N[C@@H]2C=C[C@@H](CC(=O)NCCN3CCCCC3)O[C@@H]2CO)cc1,10.0236,0.5360495371708671,0.5985956892835438,0.07014221196142528,0.5284534773221186,-0.04884290787800575
frozen_GE_teacher,Cc1ccc(S(=O)(=O)N[C@@H]2CC[C@@H](CC(=O)N3CCc4ccccc4C3)O[C@@H]2CO)cc1,10.0416,0.17499652538486388,0.17681643573704992,-0.0170553258381489,0.1938717615751988,0.02112426433013844
frozen_GE_teacher,Cc1ccc(S(=O)(=O)N[C@@H]2CC[C@@H](CC(=O)N3CCc4ccccc4C3)O[C@H]2CO)cc1,10.0215,0.024544503955056224,0.02454943454110647,-0.044784001833878054,0.06933343637498453,-0.053707020686962204
frozen_GE_teacher,Cc1ccc(S(=O)(=O)N[C@@H]2CC[C@@H](CC(=O)O)O[C@H]2CO)cc1,10.0446,-0.12247590851731067,-0.12309387369821712,-0.002310935474490565,-0.12078293822372654,0.10579677326726275
frozen_GE_teacher,Cc1ccc(S(=O)(=O)N[C@@H]2CC[C@H](CC(=O)NCCCN(C)C)O[C@@H]2CO)cc1,10.0385,-0.09501069111275602,-0.09529813776517213,-0.05812974673288883,-0.037168391032283296,0.11766088491914878
frozen_GE_teacher,Cc1ccc(S(=O)(=O)N[C@@H]2CC[C@H](CCNC(=O)c3ccccc3F)O[C@H]2CO)cc1,10.0466,-0.3033630031932783,-0.31321933079124353,-0.10391640740798017,-0.20930292338326337,0.43904365663478107
frozen_GE_teacher,Cc1ccc(S(=O)(=O)N[C@@H]2CC[C@H](CCn3cc(-c4cccnc4)nn3)O[C@@H]2CO)cc1,10.0364,-0.13494113647836123,-0.13576925575320933,-0.012953798246667153,-0.12281545750654219,0.26473878797241074
frozen_GE_teacher,Cc1ccc(S(=O)(=O)N[C@H]2C=C[C@@H](CC(=O)N3CCC(Cc4ccccc4)CC3)O[C@H]2CO)cc1,10.0177,0.024113162931231717,0.024117838052006256,0.08716905696328664,-0.06305121891128038,-0.006443423987154334
frozen_GE_teacher,Cc1ccc(S(=O)(=O)N[C@H]2C=C[C@H](CC(=O)NCCN3CCCCC3)O[C@@H]2CO)cc1,10.016,0.4087088169200647,0.4340601197569389,-0.05844805768954493,0.49250817744648384,-0.2705739881906594
frozen_GE_teacher,Cc1ccc(S(=O)(=O)N[C@H]2CC[C@@H](CC(=O)N3CCc4ccccc4C3)O[C@H]2CO)cc1,10.0299,-0.026612530111751288,-0.026618815351441998,-0.03384247773687904,0.007223662385437042,-0.23491701629554745
frozen_GE_teacher,Cc1ccc(S(=O)(=O)N[C@H]2CC[C@H](CC(=O)NCc3ccncn3)O[C@@H]2CO)cc1,10.0181,0.23118906813232548,0.23544531325230167,-0.08074173439012228,0.31618704764242395,0.11682702272967263
frozen_GE_teacher,Cc1ccc(S(=O)(=O)N[C@H]2CC[C@H](CC(=O)O)O[C@@H]2CO)cc1,10.0258,-0.09167263719228248,-0.09193074160907429,-0.02071112752584065,-0.07121961408323363,-0.007630155408127701
frozen_GE_teacher,Cc1ccc(S(=O)(=O)N[C@H]2CC[C@H](CCNC(=O)C3CCCCC3)O[C@H]2CO)cc1,10.0096,0.06386154257264531,0.06394857106665329,0.02024601625172457,0.04370255481492872,-0.27852464145129124
frozen_GE_teacher,Cc1ccc(S(=O)(=O)Nc2ccc3c(c2)C(=O)N(C)[C@@H]2CC[C@@H](CC(=O)NCCc4ccncc4)O[C@H]2CO3)cc1,10.1024,0.11934654399303232,0.11991807780209966,0.0023818540087687315,0.11753622379333092,0.26218737941709436
frozen_GE_teacher,Cc1ccc(S(=O)(=O)Nc2ccc3c(c2)C(=O)N(C)[C@@H]2CC[C@H](CC(=O)NCCc4ccncc4)O[C@H]2CO3)cc1,9.95369,0.1702003193310277,0.17187295158508398,0.018004075232937646,0.15386887635214633,0.045285816319217145
frozen_GE_teacher,Cc1ccc(S(=O)(=O)Nc2ccc3c(c2)C(=O)N([C@@H](C)CO)C[C@@H](C)[C@@H](CN(C)C(=O)NC(C)C)O3)cc1,10.4287,0.26923927299715195,0.2760434595076987,-0.06007475164916966,0.33611821115686835,0.13292569956465727
frozen_GE_teacher,Cc1ccc(S(=O)(=O)Nc2ccc3c(c2)C(=O)N([C@@H](C)CO)C[C@H](C)[C@H](CN(C)C)OCCCC[C@@H](C)O3)cc1,9.81689,0.43374321455304055,0.46449813796032824,0.0864806211842756,0.37801751677605266,-0.06388981880238286
frozen_GE_teacher,Cc1ccc(S(=O)(=O)Nc2ccc3c(c2)C(=O)N([C@H](C)CO)C[C@H](C)[C@@H](CN(C)C)OCCCC[C@@H](C)O3)cc1,9.8766,0.10619766221800606,0.10659961608191354,0.027414948474205204,0.07918466760770834,0.06710999607435136
frozen_GE_teacher,Cc1ccc(S(=O)(=O)Nc2ccc3c(c2)C(=O)N([C@H](C)CO)C[C@H](C)[C@H](CN(C)C)OCCCC[C@@H](C)O3)cc1,10.1373,0.42271313147117073,0.45099083406352947,0.0232989942461614,0.4276918398173681,0.11099591648016689
frozen_GE_teacher,Cc1ccc2[nH]c(SCc3ccc([N+](=O)[O-])cc3)nc2c1,10.0,0.10144937517188524,0.10179957846810501,-0.13822913137759618,0.24002870984570118,0.28487524631585376
frozen_GE_teacher,Cc1ccc2c(COn3nnc4ccc(S(=O)(=O)N(C)C)cc43)cc(=O)oc2c1C,10.0,0.3490988670037801,0.3644171906951469,0.08222023628483431,0.28219695441031256,0.24501219313725953
frozen_GE_teacher,Cc1ccc2c(c1)COc1c3ccc(C(=O)N[C@@H](C)CO)cc3nn1-2,10.0,0.49949190478521255,0.5486289133426517,0.007648980469353884,0.5409799328732978,-0.21837177710857142
frozen_GE_teacher,Cc1ccc2nc(NCCC(=O)O)nc(-c3ccccc3)c2c1,10.0,0.4117716027203102,0.43774267364772407,0.07632592048750565,0.36141675316021843,-0.00630346499933887
frozen_GE_teacher,Cc1ccc2nc(O)c(COC(=O)c3cccs3)cc2c1,10.0,0.5994747419592684,0.6923268686329334,-0.056051763181816504,0.7483786318147498,-0.28024998932495016
frozen_GE_teacher,Cc1ccc2oc(Nc3nc(C)c(C)c(C)n3)nc2c1,10.0,0.48602989471759306,0.5308491199082673,0.14062675744229214,0.3902223624659752,0.4025799915848802
frozen_GE_teacher,Cc1cccc(-n2c(Cc3cc(O)nc(O)n3)nnc2SC(C)C)c1,10.0,0.43848955544326973,0.4703592735312457,0.06323931034997245,0.40711996318127325,0.13582524167781584
frozen_GE_teacher,Cc1cccc(-n2c(N)c(-c3nc4ccccc4n3C)c3nc4ccccc4nc32)c1,10.0,0.03956923712308125,0.03958990805390175,0.10311150274322567,-0.06352159468932392,-0.014269088496815824
frozen_GE_teacher,Cc1cccc(-n2ncc3c(N4CCC5(CC4)OCCO5)ncnc32)c1,10.0,-0.4563847211386778,-0.4927353183570027,-0.0281565013044478,-0.4645788170525549,0.1945823422254465
frozen_GE_teacher,Cc1cccc(C2CC(c3ccccc3)=NN2c2ccc(S(N)(=O)=O)cc2)c1,20.0,0.054833466268411506,0.054888521716618364,-0.07928241527208998,0.13417093698870836,0.15082664259422332
frozen_GE_teacher,Cc1cccc(C=Cc2ccccc2)n1,10.0,0.30795927302136783,0.31828929339868084,-0.020743568006930238,0.33903286140561106,0.8219458134847814
frozen_GE_teacher,Cc1cccc(CN2CCN(C(c3ccccc3)c3ccc(Cl)cc3)CC2)c1,10.0,-0.2358815989134525,-0.24040854363325412,-0.007556712231472658,-0.23285183140178145,0.004907141908785197
frozen_GE_teacher,Cc1cccc(COc2ccc(C=NNC(=O)c3nnn(-c4nonc4N)c3CN3CCCCC3)cc2)c1,20.0,0.11872297497409522,0.11928554624861515,0.07404512928910313,0.04524041695951202,0.10794736026605041
frozen_GE_teacher,Cc1cccc(N2CCN(C(=O)c3cc(S(=O)(=O)N(C)C)ccc3Cl)CC2)c1C,20.0,0.17513720271862812,0.17696156092695375,0.11851625894255248,0.058445301984401274,0.08837576248795663
frozen_GE_teacher,Cc1cccc(N=C(S)Nc2cccc(C(F)(F)F)c2)n1,10.0,0.3098418940291917,0.3203705034497654,-0.02882203458615376,0.3491925380359192,0.24009051613063176
frozen_GE_teacher,Cc1cccc(N=Cc2c(O)cc(C)oc2=O)c1,10.0,0.3797934818350397,0.39981829985905526,-0.06773883959994546,0.46755713945900074,0.14409461191721018
frozen_GE_teacher,Cc1cccc(NC(=O)CSc2ccc(-c3ccco3)nn2)c1,10.0,-0.10313134553341621,-0.10349933433313988,-0.0021857191678071337,-0.10131361516533274,0.07656220199013802
frozen_GE_teacher,Cc1cccc(Nc2cc(Cl)nc(SCC(=O)O)n2)c1C,10.0,0.0990264980040447,0.09935210875010776,-0.014751605667733824,0.11410371441784159,-0.04751971701032873
frozen_GE_teacher,Cc1cccc(Nc2nc(N)nc(CCl)n2)c1,10.0,0.49408555280041055,0.5414510249993958,-0.02128091396447987,0.5627319389638756,-0.3662046475223235
frozen_GE_teacher,Cc1cccc(Nc2nc3ccccc3n3nnnc23)c1,10.0,0.5509091512620169,0.6196856920836822,-0.05600119628849192,0.675686888372174,-0.12073281596420771
frozen_GE_teacher,Cc1cccc(OCCNC(=O)c2nc[nH]n2)c1,10.0,0.5627296684531881,0.6368188735617971,0.08994431549342181,0.5468745580683753,0.3608537993017344
frozen_GE_teacher,Cc1cccc(S(=O)(=O)N(C)C[C@@H]2OCc3cnnn3CCCC(=O)N([C@H](C)CO)C[C@@H]2C)c1,10.0247,0.0863140542813243,0.0865293674735375,0.08314566397682893,0.003383703496708565,-0.05924907565149229
frozen_GE_teacher,Cc1cccc(S(=O)(=O)N(C)C[C@@H]2OCc3cnnn3CCCC(=O)N([C@H](C)CO)C[C@H]2C)c1,10.0356,0.19442913344526294,0.1969362302685047,0.034665567227339926,0.16227066304116478,-0.33991690890807386
frozen_GE_teacher,Cc1cccc(S(=O)(=O)N(C)C[C@H]2OCc3ccccc3-c3c(n(C)c4ccccc34)C(=O)N([C@H](C)CO)C[C@H]2C)c1,9.97374,0.03481090194207188,0.0348249734454134,0.049780838196219465,-0.014955864750806062,-0.0322494897941032
frozen_GE_teacher,Cc1cccc(S(=O)(=O)N[C@@H]2CC[C@@H](CCNS(=O)(=O)c3ccccc3F)O[C@@H]2CO)c1,10.1029,0.12066136212653762,0.12125210743134217,-0.05510204847883145,0.17635415591017362,0.17092251141383283
frozen_GE_teacher,Cc1cccc(S(=O)(=O)N[C@@H]2CC[C@H](CCNC(=O)Nc3cc(F)ccc3F)O[C@@H]2CO)c1,10.1591,0.17874667231584723,0.1806876945583043,0.053935602171086755,0.12675209238721755,0.1814511283204289
frozen_GE_teacher,Cc1cccc(S(=O)(=O)N[C@@H]2CC[C@H](CCNC(=O)c3cnccn3)O[C@@H]2CO)c1,10.0287,0.346548168444873,0.3615154313735263,0.03717482634941481,0.3243406050241115,-0.03834679358470884
frozen_GE_teacher,Cc1cccc(S(=O)(=O)N[C@@H]2CC[C@H](CCNS(=O)(=O)c3ccccc3F)O[C@H]2CO)c1,10.0526,-0.07613734487697847,-0.07628497878098946,0.04103671545512151,-0.11732169423611097,0.061019760970073264
frozen_GE_teacher,Cc1cccc2cc(CN(Cc3ccc(F)cc3)C(=O)N3CCOCC3)c(O)nc12,10.0,-0.17956511676714607,-0.18153327966844268,0.09392964353178089,-0.2754629232002236,-0.14791666247759283
frozen_GE_teacher,Cc1cccc2sc(N(CCCN(C)C)C(=O)c3ccc(S(=O)(=O)N4CCc5ccccc5C4)cc3)nc12,10.0,0.40641526765736635,0.4313097058197385,0.01950408056841339,0.4118056252513251,0.2370621871223583
frozen_GE_teacher,Cc1ccccc1-c1ccc2c(c1)O[C@@H](CN(C)C(=O)Nc1ccc(F)cc1)[C@H](C)CN([C@H](C)CO)S2(=O)=O,10.067,0.10393147035940173,0.10430812846824676,-0.05500287673715805,0.1593110052054048,0.34539932298955406
frozen_GE_teacher,Cc1ccccc1-c1ccc2c(c1)O[C@@H](CN(C)C(=O)c1ccccn1)[C@H](C)CN([C@H](C)CO)S2(=O)=O,10.1781,0.18864971875715586,0.19093668905808112,-0.07859992013148909,0.26953660918957023,0.11756583869569753
frozen_GE_teacher,Cc1ccccc1-c1ccc2c(c1)O[C@H](CN(C)C(=O)c1ccccn1)[C@H](C)CN([C@@H](C)CO)S2(=O)=O,10.0654,-0.08695283901762939,-0.08717298279325471,-0.05588978785991691,-0.031283194933337796,-0.10088810773238083
frozen_GE_teacher,Cc1ccccc1-c1ccc2c(c1)O[C@H](CN(C)C(=O)c1ccccn1)[C@H](C)CN([C@H](C)CO)S2(=O)=O,10.0554,0.18480402555521386,0.186952058418845,0.01889633162448447,0.1680557267943605,-0.10843638898108718
frozen_GE_teacher,Cc1ccccc1-c1cnc2c(c1)C(=O)N([C@@H](C)CO)C[C@@H](C)[C@H](CN(C)C(=O)CC1CC1)O2,9.9746,0.1809405731061329,0.18295492713475534,-0.009043815461880426,0.19199874259663577,0.09681547989543127
frozen_GE_teacher,Cc1ccccc1-c1cnc2c(c1)C(=O)N([C@@H](C)CO)C[C@H](C)[C@H](CN(C)C(=O)CC1CC1)O2,10.0282,0.12199800049113753,0.122608716505062,-0.06286709547043065,0.18547581197549265,0.23863055340483638
frozen_GE_teacher,Cc1ccccc1-c1cnc2c(c1)C(=O)N([C@H](C)CO)C[C@@H](C)[C@@H](CN(C)Cc1cncnc1)O2,10.0203,-0.09801278874499648,-0.09832846377890256,0.07321121359810627,-0.17153967737700881,0.09282174645227438
frozen_GE_teacher,Cc1ccccc1-c1cnc2c(c1)C(=O)N([C@H](C)CO)C[C@@H](C)[C@H](CN(C)Cc1cncnc1)O2,10.0352,0.5373029942133216,0.6003562164551118,0.12614558473261583,0.474210631722496,-0.14471653394440182
frozen_GE_teacher,Cc1ccccc1-c1cnc2c(c1)C(=O)N([C@H](C)CO)C[C@H](C)[C@H](CN(C)C(=O)CC1CC1)O2,10.0663,0.22023250505558498,0.22390045282034987,0.01754841873341151,0.20635203408693836,-0.06851253265461071
frozen_GE_teacher,Cc1ccccc1-n1nnnc1SCc1cc(=O)n2ccsc2n1,10.0,0.22992479251990203,0.2341100600370558,0.14009694569793812,0.09401311433911769,0.05264519145328844
frozen_GE_teacher,Cc1ccccc1C(=O)C(C#N)N=Nc1c(C)n(C)n(-c2ccccc2)c1=O,10.0,0.10822926511195742,0.10865484399904361,0.008410633225892285,0.10024421077315132,0.09791113908620583
frozen_GE_teacher,Cc1ccccc1C=NNC(=O)c1csnn1,10.0,0.5134068605556731,0.5673451280854085,0.1681596952947958,0.3991854327906127,-0.2065059021264934
frozen_GE_teacher,Cc1ccccc1CN(C)C[C@@H]1OCc2cn(nn2)CCCC(=O)N([C@@H](C)CO)C[C@H]1C,10.1046,0.22690457821620375,0.23092359445344351,-0.09430932311526641,0.3252329175687099,-0.11238190189597672
frozen_GE_teacher,Cc1ccccc1Cn1c(O)c(N=NC(S)=Nc2ccccc2F)c2ccccc21,10.0,-0.18259316732312453,-0.1846639877820476,0.04510739136069973,-0.2297713791427473,-0.26132891121345314
frozen_GE_teacher,Cc1ccccc1N(CC(=O)NN=Cc1cc(Br)c(C)o1)S(C)(=O)=O,10.0,0.12388133589406236,0.12452095438096888,0.08135817614740834,0.043162778233560545,-0.09315044978761929
frozen_GE_teacher,Cc1ccccc1S(=O)(=O)Cc1ccc(C(=O)N2CCN(c3ncccn3)CC2)o1,10.0,0.19865923261544083,0.20133631046214584,0.1186799084280954,0.08265640203405045,-0.029402364956259808
frozen_GE_teacher,Cc1ccccc1S(=O)(=O)N(C)C[C@@H]1OCc2ccccc2-c2ccccc2C(=O)N([C@@H](C)CO)C[C@H]1C,9.7943,-0.1536780190920731,-0.15490525796452245,0.07373281429097146,-0.22863807225549393,0.018837173128254336
frozen_GE_teacher,Cc1ccccc1S(=O)(=O)N(C)C[C@@H]1OCc2ccccc2-c2ccccc2C(=O)N([C@H](C)CO)C[C@H]1C,10.2761,0.19229934720950898,0.19472371782483838,0.09083766551950577,0.10388605230533261,-0.2185369079542973
frozen_GE_teacher,Cc1ccccc1S(=O)(=O)N(C)C[C@@H]1OCc2cnnn2CCCC(=O)N([C@H](C)CO)C[C@H]1C,10.0311,-0.02425569119896964,-0.0242604497316341,0.028178681049040526,-0.05243913078067462,0.07917109712719947
frozen_GE_teacher,Cc1ccccc1S(=O)(=O)N(C)C[C@H]1OCc2ccccc2-c2c(n(C)c3ccccc23)C(=O)N([C@H](C)CO)C[C@@H]1C,9.95353,0.5606465362586758,0.6337756075037211,0.04099366889091293,0.5927819386128081,0.027654760701114688
frozen_GE_teacher,Cc1ccccc1S(=O)(=O)N(C)C[C@H]1OCc2ccccc2-c2c(n(C)c3ccccc23)C(=O)N([C@H](C)CO)C[C@H]1C,9.87622,0.039680931836951254,0.03970177842084565,0.02475653720439822,0.014945241216447431,0.10765097007185467
frozen_GE_teacher,Cc1ccccc1S(=O)(=O)N(C)C[C@H]1OCc2cn(nn2)CCCC(=O)N([C@H](C)CO)C[C@H]1C,10.1844,0.02157554778628463,0.021578896558140114,-0.017711840529177573,0.03929073708731769,-0.015586361913829064
frozen_GE_teacher,Cc1ccccc1S(=O)(=O)NCC[C@@H]1CC[C@H](NS(=O)(=O)c2ccccc2C)[C@@H](CO)O1,10.1666,-0.48371174232736786,-0.5278184563717349,-0.10913721316666247,-0.4186812432050724,0.6082001081650792
frozen_GE_teacher,Cc1ccccc1S(=O)(=O)N[C@@H]1CC[C@@H](CCn2cc(-c3ccc(F)cc3)nn2)O[C@@H]1CO,10.103283,0.27181231178808796,0.27881967547041986,0.18334259665144043,0.09547707881897943,0.007378557725148116
frozen_GE_teacher,Cc1ccccc1S(=O)(=O)N[C@@H]1CC[C@H](CCn2cc(-c3ccc(F)cc3)nn2)O[C@H]1CO,10.1042,-0.15376215412896985,-0.15499142921652911,0.030872354779417417,-0.18586378399594652,-0.09036750713298822
frozen_GE_teacher,Cc1ccccc1S(=O)(=O)Nc1ccc2c(c1)C(=O)N(C)[C@@H]1CC[C@H](CC(=O)O)O[C@H]1CO2,10.0104,0.3156496783246813,0.3268079609320565,0.0007377293268261819,0.3260702316052303,0.09461343352755593
frozen_GE_teacher,Cc1cccn2c(=O)c3cc(C(=O)NCCN4CCOCC4)c(=N)n(Cc4cccnc4)c3nc12,10.0,0.11732487000426838,0.11786769081004628,-0.006231322068675264,0.12409901287872155,0.23679892429629323
frozen_GE_teacher,Cc1ccnc(N)c1,10.0,0.2132436703810315,0.21656709500438184,0.04852966305504439,0.16803743194933746,0.03912064953626076
frozen_GE_teacher,Cc1ccsc1C=Nn1c(S)nnc1-c1cc(-c2ccccc2)[nH]n1,10.0,0.25956395217125233,0.26564080193262246,0.06057343392618007,0.20506736800644237,0.02115383359244105
frozen_GE_teacher,Cc1cnc(NC(=O)C2C(=O)c3ccccc3S(=O)(=O)N2C)s1,10.0,0.0237492290842345,0.023753695655850268,0.03286524523190743,-0.009111549576057164,-0.022661909843876376
frozen_GE_teacher,Cc1cnc(NC(=O)C2CCCC2)s1,10.0,0.3946540864699321,0.4173008221389571,0.012288331231184293,0.4050124909077728,0.1458476357288045
frozen_GE_teacher,Cc1coc(C)c1C(=O)CC1(O)C(=O)N(CCc2ccccc2)c2ccccc21,10.0,0.6433939159946379,0.7639435384872307,0.1615338012546303,0.6024097372326005,-0.1752834503865975
frozen_GE_teacher,Cc1nc(C(=N)NOC(=O)c2ccccc2Cl)c(C(F)(F)F)o1,10.0,0.20527902644630555,0.20823764997539188,0.025997131614283433,0.18224051836110844,0.059184219264804966
frozen_GE_teacher,Cc1nc(N2[C@@H](C#N)[C@@H](c3ccccc3)[C@@H]2CO)sc1C,10.0589,0.15477539985942917,0.1560293770141601,0.009883698658676747,0.14614567835548334,-0.010820069706941772
frozen_GE_teacher,Cc1nc2c(cc1C(=O)/C=C/c1ccc(Br)cc1)CCCC2,10.0,0.6299827841647793,0.7413875990213677,-0.02883445367726257,0.7702220526986303,0.1324407957696588
frozen_GE_teacher,Cc1nc2sccn2c(=O)c1CCN1CCC(=C(c2ccc(F)cc2)c2ccc(F)cc2)CC1,10.0,0.2108569995218195,0.21406805242486837,0.027298159513982748,0.18676989291088564,0.05747219758450087
frozen_GE_teacher,Cc1nn(-c2cccc(Cl)c2)c(Cl)c1C=NNC(=O)c1cccs1,10.0,-0.6309335454135703,-0.7429655677734908,0.19552826196259532,-0.9384938297360861,-0.6025430268069543
frozen_GE_teacher,Cc1nn(C)cc1NC(=O)C[C@@H]1CC[C@@H]2[C@H](COc3ccc(NC(=O)C4CCOCC4)cc3C(=O)N2C)O1,9.99537,0.39822190200586005,0.42153393450601856,-0.013729155655549573,0.4352630901615681,-0.11757949794199099
frozen_GE_teacher,Cc1nn(C)cc1NC(=O)C[C@H]1CC[C@H]2[C@H](COc3ccc(NC(=O)c4cccc(F)c4)cc3C(=O)N2C)O1,10.0021,-0.35412066494536365,-0.37014743419826357,0.0583277285078507,-0.4284751627061143,0.2011220480490198
frozen_GE_teacher,Cc1nn(Cc2c(F)c(F)c(F)c(F)c2F)c(C)c1NC(=O)c1ccc(COc2ccc(Cl)cc2Cl)o1,10.0,0.40170251649361355,0.4256773828344512,0.1474017564360484,0.27827562639840286,0.08638267835716501
frozen_GE_teacher,Cc1nn(Cc2ccc(C(=O)Nc3ccc(C(=O)OC(C)C)cc3)o2)c(C)c1Cl,10.0,0.1208688995719785,0.12146271644510664,0.13284718341155877,-0.011384466966452123,-0.012255580850731376
frozen_GE_teacher,Cc1nnc2ccc(-c3cccc(C(F)(F)F)c3)nn12,10.0,0.36451335230741366,0.38208102294913016,-0.06984013205683223,0.4519211550059624,0.15860859553782392
frozen_GE_teacher,Cc1nnc2ccc(N3CCCC3)nn12,10.0,0.11678901702037588,0.11732439337273029,0.0808071028733118,0.03651729049941849,0.0531024739136238
frozen_GE_teacher,Cc1noc(C)c1C(=O)N(C)C[C@@H]1OCc2ccccc2-c2c(n(C)c3ccccc23)C(=O)N([C@@H](C)CO)C[C@H]1C,10.1449,0.2677017351150451,0.2743864929976457,0.009062319639870631,0.2653241733577751,0.05747143791672722
frozen_GE_teacher,Cc1noc(C)c1C(=O)N(C)C[C@@H]1OCc2ccccc2-c2ccccc2C(=O)N([C@@H](C)CO)C[C@H]1C,9.67398,-0.023216678806764143,-0.02322085152933093,0.30026463878952886,-0.3234854903188598,-0.2658488833989949
frozen_GE_teacher,Cc1noc(C)c1NC(=O)N(C)C[C@@H]1OCCCC[C@H](C)Oc2ccc(N(C)C)cc2C(=O)N([C@H](C)CO)C[C@@H]1C,9.97997,0.21659998395449742,0.22008595349209498,0.014706681383812717,0.20537927210828227,0.14086609429012276
frozen_GE_teacher,Cc1noc(C)c1NC(=O)N(C)C[C@@H]1OCc2ccccc2-c2ccccc2C(=O)N([C@@H](C)CO)C[C@H]1C,9.73238,0.06291394830246232,0.0629971539240831,0.043486656933581905,0.019510496990501197,0.013847362134961197
frozen_GE_teacher,Cc1noc(C)c1NC(=O)N(C)C[C@H]1OCCCC[C@@H](C)Oc2ccc(N(C)C)cc2C(=O)N([C@H](C)CO)C[C@H]1C,10.0552,-0.27672593155609126,-0.28413299626534594,0.017291204622174546,-0.3014242008875205,0.16944425682043518
frozen_GE_teacher,Cc1noc(C)c1NC(=O)N(C)C[C@H]1OCc2ccccc2-c2c(n(C)c3ccccc23)C(=O)N([C@@H](C)CO)C[C@@H]1C,9.70671,0.056154587640427536,0.05621372436063404,0.11091784080799207,-0.05470411644735802,0.20991950284123762
frozen_GE_teacher,Cc1noc(C)c1NC(=O)N(C)C[C@H]1OCc2ccccc2-c2c(n(C)c3ccccc23)C(=O)N([C@@H](C)CO)C[C@H]1C,10.1045,0.0625026156966573,0.06258419743172523,0.04080640102403774,0.02177779640768749,-0.09151806657407285
frozen_GE_teacher,Cc1noc(C)c1NC(=O)N(C)C[C@H]1Oc2cc(C#CCC3CCCC3)ccc2S(=O)(=O)N([C@@H](C)CO)C[C@H]1C,10.0732,0.2500188291970375,0.2554328964606851,0.02213707529283179,0.23329582116785333,-0.11229543600133086
frozen_GE_teacher,Cc1noc(C)c1NC(=O)N(C)C[C@H]1Oc2cc(C#CCC3CCCC3)ccc2S(=O)(=O)N([C@H](C)CO)C[C@@H]1C,9.99848,0.7422558939731069,0.9554843938292976,0.1124390432619343,0.8430453505673633,0.2556697014173208
frozen_GE_teacher,Cc1noc(C)c1NC(=O)N(C)C[C@H]1Oc2ccc(N(C)C)cc2CC(=O)N([C@@H](C)CO)C[C@@H]1C,10.3008,0.024678503517142972,0.024683515319623556,0.10476790162080002,-0.08008438630117647,-0.10011065994164906
frozen_GE_teacher,Cc1noc(C)c1NC(=O)N(C)C[C@H]1Oc2ncc(/C=C/c3ccccc3)cc2C(=O)N([C@@H](C)CO)C[C@@H]1C,10.0301,-0.2841156313905925,-0.29215343911608266,0.0411824170475861,-0.3333358561636688,0.06112459084445851
frozen_GE_teacher,Cc1noc(C)c1NC(=O)N(C)C[C@H]1Oc2ncc(/C=C/c3ccccc3)cc2C(=O)N([C@@H](C)CO)C[C@H]1C,10.0727,0.047581522724115484,0.04761747979071868,0.027940198878924252,0.01967728091179443,-0.08849653167966992
frozen_GE_teacher,Cc1noc(C)c1NC(=O)N1C[C@@H](O)COC[C@@H]2O[C@@H](CC(=O)NCC3CC3)CC[C@H]21,10.0309,0.3129379536796715,0.32379900739020073,0.06715670031874131,0.2566423070714594,0.06466461719953691
frozen_GE_teacher,Cc1noc(C)c1NC(=O)N1C[C@@H](O)COC[C@@H]2O[C@H](CC(=O)N3CCc4ccccc4C3)CC[C@H]21,10.0055,0.3546938658457891,0.37080297386548355,0.07262862358635838,0.2981743502791252,0.35246119485157856
frozen_GE_teacher,Cc1noc(C)c1NC(=O)N1C[C@H](O)COC[C@@H]2O[C@@H](CC(=O)NCC3CC3)CC[C@H]21,10.1165,-0.04346587587782721,-0.043493280053346815,0.028078370377200054,-0.07157165043054686,0.01535109108793331
frozen_GE_teacher,Cc1noc(C)c1NC(=O)N1C[C@H](O)COC[C@H]2O[C@H](CC(=O)N3CCc4ccccc4C3)CC[C@@H]21,10.0137,0.34741009951522284,0.36249533791487704,0.16838628766045943,0.1941090502544176,-0.07378072477535327
frozen_GE_teacher,Cc1noc(C)c1NC(=O)N1C[C@H](O)COC[C@H]2O[C@H](CC(=O)NCC3CC3)CC[C@@H]21,10.051,-0.019733030593564505,-0.019735592490155964,0.09015074508625473,-0.1098863375764107,-0.003018801799640425
frozen_GE_teacher,Cc1noc(C)c1NC(=O)NCC[C@@H]1CC[C@H](NC(=O)c2ccc(F)cc2)[C@@H](CO)O1,10.0869,0.3077414742008553,0.31804869237177813,-0.007635387411919716,0.32568407978369784,0.42182488551013175
frozen_GE_teacher,Cc1noc(C)c1NC(=O)NCC[C@H]1CC[C@H](NC(=O)Cc2cccnc2)[C@@H](CO)O1,10.1547,0.566439101545318,0.642263983464215,0.09653584731226593,0.545728136151949,-0.2712112477133826
frozen_GE_teacher,Cc1noc(C)c1NC(=O)N[C@@H]1C=C[C@@H](CC(=O)NCCCN(C)C)O[C@@H]1CO,10.0176,0.3457419274721384,0.3605994394781066,-0.09183822659405866,0.45243766607216523,-0.14184750399786727
frozen_GE_teacher,Cc1noc(C)c1NC(=O)N[C@@H]1C=C[C@@H](CC(=O)NCc2ccc(Cl)c(Cl)c2)O[C@@H]1CO,10.0331,-0.07916176390900542,-0.0793277464140115,0.004202404374084308,-0.08353015078809581,-0.09109459721925817
frozen_GE_teacher,Cc1noc(C)c1NC(=O)N[C@@H]1C=C[C@@H](CC(=O)NCc2ccc(Cl)c(Cl)c2)O[C@H]1CO,9.92431,-0.28123929480797655,-0.28902730069957006,-0.004786207527711814,-0.28424109317185825,-0.12419617467475495
frozen_GE_teacher,Cc1noc(C)c1NC(=O)N[C@@H]1C=C[C@H](CC(=O)N2CCCCC2)O[C@@H]1CO,9.96875,-0.2935133678847193,-0.30240652778461385,0.008377596788641885,-0.3107841245732557,-0.029311199537388682
frozen_GE_teacher,Cc1noc(C)c1NC(=O)N[C@@H]1C=C[C@H](CC(=O)NCCCN(C)C)O[C@H]1CO,10.0953,0.20647583732994232,0.209487433766702,0.06429370128874567,0.14519373247795633,-0.11493807201462854
frozen_GE_teacher,Cc1noc(C)c1NC(=O)N[C@@H]1C=C[C@H](CC(=O)NCc2ccc(Cl)c(Cl)c2)O[C@H]1CO,10.0046,0.33477569616586245,0.34819712804122216,0.08683178553459668,0.26136534250662546,0.10603034018324285
frozen_GE_teacher,Cc1noc(C)c1NC(=O)N[C@@H]1CC[C@@H](CC(=O)N2CCN(C)CC2)O[C@H]1CO,9.93451,0.023467589046338888,0.023471898554506813,-0.08187882172133729,0.1053507202758441,0.19795692305288135
frozen_GE_teacher,Cc1noc(C)c1NC(=O)N[C@@H]1CC[C@H](CC(=O)N2CCN(C)CC2)O[C@H]1CO,10.0799,0.06974807711580769,0.06986151175047858,-0.03988226684853811,0.10974377859901668,0.03734801652562831
frozen_GE_teacher,Cc1noc(C)c1NC(=O)N[C@@H]1CC[C@H](CC(=O)NCCCN(C)C)O[C@H]1CO,9.97089,0.3480733708077911,0.3632498478464947,0.026280085179909755,0.33696976266658496,-0.12954009367989763
frozen_GE_teacher,Cc1noc(C)c1NC(=O)N[C@H]1C=C[C@@H](CC(=O)N2CCCCC2)O[C@H]1CO,9.93374,-0.053626340599223915,-0.053677835412608,-0.06508993946550969,0.011412104052901682,0.07419434800221539
frozen_GE_teacher,Cc1noc(C)c1NC(=O)N[C@H]1C=C[C@H](CC(=O)NCCCN(C)C)O[C@@H]1CO,10.0401,0.05374278994456993,0.05379462133892837,0.08593189545991246,-0.03213727412098409,-0.17137850249357997
frozen_GE_teacher,Cc1noc(C)c1NC(=O)N[C@H]1CC[C@H](CC(=O)Nc2ccc(-c3ccccc3)cc2)O[C@@H]1CO,9.8778,-0.5877352475245563,-0.674199080570458,-0.14075232951518957,-0.5334467510552684,-0.15050024672168327
frozen_GE_teacher,Cc1noc(C)c1NC(=O)Nc1ccc2c(c1)C(=O)N(C)[C@H]1CC[C@@H](CC(=O)N[C@@H]3CCN(Cc4ccccc4)C3)O[C@@H]1CO2,9.72786,0.11649345063635572,0.1170247502890901,-0.14692002751773342,0.2639447778068235,0.07554884083402284
frozen_GE_teacher,Cc1noc(C)c1NC(=O)Nc1ccc2c(c1)C(=O)N(C)[C@H]1CC[C@@H](CC(=O)N[C@@H]3CCN(Cc4ccccc4)C3)O[C@H]1CO2,10.0717,0.007384324767794425,0.0073844589902937454,0.017334897488805328,-0.009950438498511582,0.23616126093402648
frozen_GE_teacher,Cc1noc(C)c1NC(=O)Nc1ccc2c(c1)C(=O)N(C)[C@H]1CC[C@H](CC(=O)N[C@H]3CCN(Cc4ccccc4)C3)O[C@@H]1CO2,10.0227,0.407028267850963,0.43204420957237166,0.09538017927721329,0.33666403029515835,-0.19198713545788965
frozen_GE_teacher,Cc1noc(C)c1NC(=O)Nc1ccc2c(c1)C(=O)N([C@@H](C)CO)C[C@H](C)[C@H](CN(C)C)OCCCC[C@H](C)O2,10.0625,0.15460319158847405,0.15585294698775445,0.01194618562576438,0.14390676136199007,-0.08539778201643863
frozen_GE_teacher,Cc1noc(C)c1NC(=O)Nc1ccc2c(c1)C(=O)N([C@H](C)CO)C[C@H](C)[C@H](CN(C)C)OCCCC[C@@H](C)O2,9.99558,0.0703566093595637,0.07047304500947119,-0.0022089308652239632,0.07268197587469515,0.19074223262738313
frozen_GE_teacher,Cc1noc(C)c1NC(=O)Nc1ccc2c(c1)CC(=O)N([C@H](C)CO)C[C@@H](C)[C@H](CN(C)Cc1ccc(C(F)(F)F)cc1)O2,10.2046,-0.28343166008496207,-0.29140956550223235,0.0028646305971276025,-0.29427419609935995,-0.1910731374734778
frozen_GE_teacher,Cc1noc(C)c1NC(=O)Nc1cccc2c1O[C@@H](CN(C)Cc1ccc3c(c1)OCO3)[C@@H](C)CN([C@H](C)CO)C2=O,10.0375,0.10131594989150983,0.10166476754092031,0.007061605628618876,0.09460316191230143,-0.15041862951193324
frozen_GE_teacher,Cc1noc(C)c1NC(=O)Nc1cccc2c1O[C@H](CN(C)Cc1ccc3c(c1)OCO3)[C@@H](C)CN([C@H](C)CO)C2=O,9.98846,0.015247737286166319,0.015248919117595591,-0.055163542526072584,0.07041246164366817,0.12728260939521197
frozen_GE_teacher,Cc1noc(C)c1S(=O)(=O)N(C)C[C@@H]1OCc2ccccc2-c2c(n(C)c3ccccc23)C(=O)N([C@H](C)CO)C[C@H]1C,10.0774,0.03185878001946603,0.031869565282982903,0.16514391070070047,-0.13327434541771757,-0.10997322638227952
frozen_GE_teacher,Cc1noc(C)c1S(=O)(=O)N(C)C[C@H]1Oc2c(cccc2N(C)C)C(=O)N([C@H](C)CO)C[C@@H]1C,10.1194,-0.11520166548638239,-0.11571539250581292,-0.07669370947244278,-0.03902168303337014,0.04478678066773782
frozen_GE_teacher,Cc1noc(C)c1S(=O)(=O)Nc1ccc2c(c1)CC(=O)N([C@@H](C)CO)C[C@@H](C)[C@@H](CN(C)CC1CCCCC1)O2,9.90784,-0.047556300039480255,-0.04759219990271791,-0.013373653188866632,-0.03421854671385128,-0.033996307475015634
frozen_GE_teacher,Cc1noc(C)c1S(=O)(=O)Nc1ccc2c(c1)CC(=O)N([C@H](C)CO)C[C@@H](C)[C@H](CN(C)CC1CCCCC1)O2,10.0353,0.09296051147187201,0.09322968613411317,-0.10061640517370916,0.19384609130782232,0.0907056963782634
frozen_GE_teacher,Cc1onc(-c2c(Cl)cccc2Cl)c1C(=O)NC(=N)N1CCCC1,10.0,0.2965871360513539,0.30577340164250955,-0.006025898882622112,0.31179930052513166,-0.07965420382642625
frozen_GE_teacher,Clc1ccc(-c2[nH]nc3c2CCC3)c(Cl)c1,10.0,0.3589762441165011,0.3757102083445458,-0.02188591429340689,0.39759612263795274,0.013501797568593292
frozen_GE_teacher,Clc1ccc(Br)cc1-c1nc(-c2ccncc2)no1,10.0,0.5312177973815243,0.5918401849730357,0.08390863529401237,0.5079315496790233,0.5656253442354076
frozen_GE_teacher,Clc1cccc(SC2CCNCC2)n1,10.0,0.05476667342084936,0.054821527682754716,-0.010460725845037017,0.06528225352779174,0.20318732310442927
frozen_GE_teacher,Clc1cccc2c1CN(C1=NCCN1)C2,10.0,0.4761884621750137,0.5180433612107856,-0.013380144423003282,0.5314235056337889,-0.42785970840698856
frozen_GE_teacher,Cn1c(=NC(=O)c2ccccc2[N+](=O)[O-])sc2cccc(F)c21,10.0,0.45183159523564514,0.4869993298564912,-0.057040601972980436,0.5440399318294716,0.17796379950780866
frozen_GE_teacher,Cn1c(CSc2nc3ccccc3s2)nnc1SCC(=O)NCCN1CCOCC1,10.0,-0.007215279276777103,-0.007215404490448102,0.10961677353326713,-0.11683217802371523,-0.12890571007442292
frozen_GE_teacher,Cn1c(SCC(=O)NN=Cc2ccc([N+](=O)[O-])s2)nnc1-c1ccc(Cl)cc1,20.0,0.2907787545781349,0.2994167351476516,0.20176761485376343,0.09764912029388817,0.3385881567167804
frozen_GE_teacher,Cn1ccc2cc3c(cc21)CCN3C(=O)Nc1cccnc1,10.0,0.2605845881771604,0.2667354806237171,-0.0027185678820715823,0.2694540485057887,0.2539462156309622
frozen_GE_teacher,Cn1cccc1-c1cc(C(=O)N2CCc3c([nH]c4ccccc34)C2c2ccccn2)[nH]n1,10.0,0.25638149135108984,0.26223144496313006,-0.02725579477758562,0.28948723974071566,0.13667794501335234
frozen_GE_teacher,Cn1cnc(CCNC(=O)C[C@@H]2CC[C@H]3[C@@H](COC[C@@H](O)CN3C(=O)Nc3ccc(C(F)(F)F)cc3)O2)c1,10.0793,0.15103407230727797,0.15219847870583023,-0.12346074256660733,0.2756592212724376,0.06796993917864598
frozen_GE_teacher,Cn1cnc(S(=O)(=O)N[C@@H]2C=C[C@@H](CC(=O)N3CCN(c4ccccc4)CC3)O[C@H]2CO)c1,10.0676,0.2990839214325089,0.3085132280483104,0.06716585069932896,0.24134737734898143,0.23195244730193576
frozen_GE_teacher,Cn1cnc(S(=O)(=O)N[C@@H]2C=C[C@H](CC(=O)N3CCN(c4ccccc4)CC3)O[C@H]2CO)c1,9.95473,-0.1506875446332118,-0.15184388073858804,-0.02963587679864066,-0.12220800393994738,0.11688218676059811
frozen_GE_teacher,Cn1cnc(S(=O)(=O)N[C@@H]2CC[C@@H](CC(=O)NCC3CCCCC3)O[C@H]2CO)c1,10.0431,-0.23005581943185158,-0.23424840476864783,0.18109730878262215,-0.41534571355127,-0.20860109076637012
frozen_GE_teacher,Cn1cnc(S(=O)(=O)N[C@@H]2CC[C@H](CC(=O)Nc3ccc(-c4ccccc4)cc3)O[C@H]2CO)c1,9.96291,-0.02927124442122329,-0.02927960864506317,0.04662733219622764,-0.07590694084129081,-0.07277767107975433
frozen_GE_teacher,Cn1cnc(S(=O)(=O)N[C@H]2C=C[C@H](CC(=O)N3CCN(c4ccccc4)CC3)O[C@@H]2CO)c1,9.94685,-0.36201491944415604,-0.37920277117870327,-0.08575330376288748,-0.2934494674158158,0.17081663031734362
frozen_GE_teacher,Cn1cnc(S(=O)(=O)N[C@H]2C=C[C@H](CC(=O)NCC3CC3)O[C@@H]2CO)c1,9.83588,-0.4814101928694918,-0.5248182638988723,-0.136165324218068,-0.3886529396808043,0.10375433058566293
frozen_GE_teacher,Cn1cnc(S(=O)(=O)N[C@H]2CC[C@@H](CC(=O)NCC3CCCCC3)O[C@@H]2CO)c1,9.9742,0.2974274753931011,0.3066950420366036,0.013349083882560463,0.29334595815404313,0.10112056088755743
frozen_GE_teacher,Cn1cnc(S(=O)(=O)N[C@H]2CC[C@@H](CC(=O)NCC3CCCCC3)O[C@H]2CO)c1,10.0036,-0.1810146317322349,-0.18303149353187703,0.1372966512735519,-0.3203281448054289,-0.22613105700445585
frozen_GE_teacher,Cn1cnc(S(=O)(=O)N[C@H]2CC[C@H](CC(=O)NCC3CCCCC3)O[C@H]2CO)c1,10.0695,0.15830379185036692,0.15964640717499343,0.05629720742771451,0.10334919974727891,-0.20477141498854273
frozen_GE_teacher,Cn1cnnc1SCC(=O)N1N=C2/C(=C/c3ccco3)CCCC2C1c1ccco1,10.0,0.09171759452993197,0.09197608015294892,0.018701391976524248,0.07327468817642467,-0.23259973302217357
frozen_GE_teacher,Cn1cnnc1SCC(=O)c1ccc(O)c(O)c1,10.0,0.36397991744322916,0.38146598791210257,0.07074770533620152,0.31071828257590106,0.2171583681624612
frozen_GE_teacher,Cn1cnnc1Sc1c([N+](=O)[O-])ncn1C,10.0,0.14649655239193568,0.1475582568091635,0.02314547363248283,0.12441278317668068,0.09654904887899965
frozen_GE_teacher,Cn1nc(-c2ccccn2)nc2c(=O)n(C)c(=O)nc1-2,20.0,0.41340454273996086,0.4397106149880968,0.1853947301611667,0.2543158848269301,0.4246826815914968
frozen_GE_teacher,Cn1nc(C(F)(F)F)c(C=NOC(=O)c2ccccc2)c1SCc1ccccc1Cl,10.0,0.2412012658409192,0.24604919129045677,-0.018894599242708927,0.2649437905331657,0.06684624395635372
frozen_GE_teacher,FC(F)(F)c1cc(Oc2ccccc2Cl)nc(-c2ccccn2)n1,10.0,0.1388189866815279,0.13972115466263765,0.07342772089022019,0.06629343377241746,-0.00659442465905144
frozen_GE_teacher,FC(F)(F)c1cccc(Nc2nc(N3CCCC3)nc(N3CCCC3)n2)c1,10.0,0.06258518674237004,0.06266709274235338,-0.00866942714794375,0.07133651989029713,0.015451994204955095
frozen_GE_teacher,FC(F)Sc1ccc(NC(S)=NCc2ccccc2)cc1,10.0,0.47840874287832347,0.5209186828973253,0.07173035656666732,0.449188326330658,0.3431934390162043
frozen_GE_teacher,Fc1ccc(-c2cc3nc(-c4ccccc4)cc(N4CCOCC4)n3n2)cc1,10.0,0.35529077591692537,0.3714859526456914,0.15979111813372068,0.21169483451197071,0.27008164676323443
frozen_GE_teacher,Fc1ccc(Nc2nnc(-c3ccncc3)s2)cc1Cl,20.0,0.4592970251030998,0.4964200053922937,0.1220478952101867,0.374372110182107,-0.12611369735397487
frozen_GE_teacher,Fc1cccc(Cl)c1C=NNc1ccccn1,10.0,0.058283428902103356,0.05834955919462241,0.057120402768287705,0.0012291564263347057,-0.21348337991731917
frozen_GE_teacher,Ic1ccc(N2CCN(Cc3c[nH]c4ncccc34)CC2)cc1,10.0,0.4309153436296016,0.4610202074452394,-0.05361801030548996,0.5146382177507294,0.3211607308188489
frozen_GE_teacher,N#CC(=Cc1ccc(O)c(O)c1)C(=O)NCCCCc1ccccc1,10.0,0.11362549091854922,0.1141183110478727,-0.04023034122020061,0.15434865226807332,0.12917499509718403
frozen_GE_teacher,N#CC1(C#N)C(c2ccccc2)OC23CCCCCC2C1(C#N)C(=N)O3,10.0,-0.11907367462325873,-0.11964127476871732,-0.07407210626467198,-0.04556916850404534,-0.10506465543580157
frozen_GE_teacher,N#CC1=C(SCc2ccccc2)NC(=O)CC1c1ccccc1,10.0,0.4537187038971216,0.48937306917594525,0.0792930590571215,0.4100800101188238,0.11744346865315261
frozen_GE_teacher,N#C[C@@H]1N[C@@H](CO)[C@@H]1c1ccc(C#Cc2ccccc2F)cc1,10.0484,0.03752180464492984,0.0375394283402319,0.019286623982594956,0.018252804357636942,0.049575739092731594
frozen_GE_teacher,N#C[C@@H]1N[C@@H](CO)[C@@H]1c1ccc(C2=CCCCC2)cc1,10.0361,0.16770173054285856,0.1693009447850856,-0.011863791270296273,0.18116473605538186,-0.17901367369605925
frozen_GE_teacher,N#C[C@@H]1N[C@@H](CO)[C@H]1c1ccc(C#CC2CCCCC2)cc1,10.2592,-0.051868931657713974,-0.0519155227067046,0.08316783717136399,-0.13508335987806858,-0.3207402948643068
frozen_GE_teacher,N#C[C@@H]1[C@@H](c2ccc(C#Cc3cccc(F)c3)cc2)[C@H](CO)N1C(=O)C1CCOCC1,9.88251,-0.32634481573188096,-0.3387318975048902,-0.0455156733377816,-0.2932162241671086,0.2397343915975496
frozen_GE_teacher,N#C[C@@H]1[C@@H](c2ccc(C3=CCCCC3)cc2)[C@H](CO)N1S(=O)(=O)c1ccccc1,9.80821,0.3848499628463534,0.40574044088729955,-0.02037295628825049,0.42611339717555,0.2537862263633066
frozen_GE_teacher,N#C[C@@H]1[C@@H](c2ccccc2)[C@H](CO)N1C(=O)c1ccc2c(c1)OCO2,10.0158,0.319133670335884,0.3306822441241408,0.03875942768297918,0.29192281644116164,0.29200536011677636
frozen_GE_teacher,N#C[C@@H]1[C@H](c2ccc(C#Cc3ccccc3F)cc2)[C@@H](CO)N1C(=O)c1cccnc1,10.3036,-0.040661380282001995,-0.04068381167352004,0.0009294076197031934,-0.04161321929322323,0.17513794212569153
frozen_GE_teacher,N#C[C@@H]1[C@H](c2ccc(C#Cc3ccccc3F)cc2)[C@H](CO)N1C(=O)c1cccnc1,9.97993,-0.03983648348735548,-0.03985757634989564,0.03154988987356455,-0.0714074662234602,0.1044882203194229
frozen_GE_teacher,N#C[C@@H]1[C@H](c2ccccc2)[C@H](CO)N1S(=O)(=O)c1ccc(F)cc1,9.80086,0.1551904623791868,0.15645465458407148,0.12398229376438641,0.032472360819685075,-0.039591238882666024
frozen_GE_teacher,N#C[C@H]1N[C@@H](CO)[C@H]1c1ccc(C#Cc2ccccc2F)cc1,9.90533,0.26135454341887837,0.2675617060985646,0.0076065026587272076,0.2599552034398374,0.29885126056039235
frozen_GE_teacher,N#C[C@H]1N[C@H](CO)[C@@H]1c1ccc(/C=C/c2ccccc2)cc1,10.04,0.07606887805369233,0.07621611310949734,0.03787409124860878,0.038342021860888566,-0.1090382336374667
frozen_GE_teacher,N#C[C@H]1N[C@H](CO)[C@@H]1c1ccc(C2=CCCCC2)cc1,10.0219,-0.21154356585718664,-0.21478667327893336,-0.00979867346928065,-0.2049879998096527,0.03546248104938239
frozen_GE_teacher,N#C[C@H]1N[C@H](CO)[C@H]1c1ccc(-c2cccc(F)c2)cc1,10.0615,-0.0014577516239482528,-0.0014577526565429744,-0.09301501934102357,0.0915572666844806,0.04700365721841143
frozen_GE_teacher,N#C[C@H]1[C@@H](c2ccc(C#CC3(O)CCCC3)cc2)[C@@H](CO)N1C(=O)C1CC1,10.0042,-0.17903052783768664,-0.18098093407875082,0.024791079411199256,-0.20577201348995008,0.039484387182880616
frozen_GE_teacher,N#C[C@H]1[C@@H](c2ccc(C#CC3CC3)cc2)[C@@H](CO)N1C(=O)Cc1ccccn1,10.0195,0.1367083824575254,0.13756971781804986,0.00578170960277295,0.13178800821527692,-0.07261357520506599
frozen_GE_teacher,N#C[C@H]1[C@@H](c2ccccc2)[C@@H](CO)N1C(=O)c1ccc2c(c1)OCO2,10.0773,-0.08486906059795486,-0.08507370950327604,0.033443658922279046,-0.11851736842555509,0.03429520657652385
frozen_GE_teacher,N#C[C@H]1[C@@H](c2ccccc2)[C@@H](CO)N1S(=O)(=O)Cc1ccccc1,10.0236,0.18665899803146166,0.18887330729975846,0.02287077570157862,0.16600253159817985,-0.12415818360583432
frozen_GE_teacher,N#C[C@H]1[C@@H](c2ccccc2)[C@H](CO)N1C(=O)C1CCCC1,10.3227,0.25008379382345197,0.2555021939588264,0.008341347173710052,0.24716084678511635,0.12447151138826418
frozen_GE_teacher,N#C[C@H]1[C@@H](c2ccccc2)[C@H](CO)N1S(=O)(=O)c1ccc(F)cc1,9.9429,-0.1922950894439305,-0.19471929656909143,0.05292800666116628,-0.24764730323025771,-0.1381156894481468
frozen_GE_teacher,N#C[C@H]1[C@H](c2ccc(C#CC3CC3)cc2)[C@H](CO)N1C(=O)Cc1ccccn1,10.0068,0.1871298639494754,0.1893612156361531,0.0463395630284266,0.1430216526077265,-0.0140646840674679
frozen_GE_teacher,N#C[C@H]1[C@H](c2ccc(C3=CCCC3)cc2)[C@H](CO)N1c1nc(-c2ccccc2)cs1,10.0112,0.22700230221539244,0.23102662535436724,-0.08631540647631714,0.3173420318306844,0.3403868619862938
frozen_GE_teacher,N#C[C@H]1[C@H](c2ccc(C3=CCCCC3)cc2)[C@@H](CO)N1C(=O)c1cccc(F)c1,9.46773,0.4296665871866281,0.45948770783706044,-0.02120847554869911,0.48069618338575953,0.35958376857847957
frozen_GE_teacher,N#C[C@H]1[C@H](c2ccccc2)[C@H](CO)N1C(=O)C1CCCC1,10.0454,0.22999437352239138,0.23418352602457554,0.01368800546673064,0.2204955205578449,-0.01525911782877925
frozen_GE_teacher,N#C[C@H]1[C@H](c2ccccc2)[C@H](CO)N1C(=O)Nc1cccc(F)c1,10.3796,-0.026723043807250473,-0.02672940769710778,-0.03503670809598933,0.008307300398881546,0.03107408754631897
frozen_GE_teacher,N#C[C@H]1[C@H](c2ccccc2)[C@H](CO)N1C(=O)c1ccc2c(c1)OCO2,10.0168,0.2715925797652257,0.27858242941611094,0.037425277691573486,0.24115715172453744,-0.0877518953393806
frozen_GE_teacher,N#Cc1c(Cl)cccc1Cl,10.0,0.13489327120406125,0.13572050305042171,0.030449065895606205,0.10527143715481552,-0.1189609971142506
frozen_GE_teacher,N#Cc1c(N)n(CCNC(=O)Nc2ccccc2)c2nc3ccccc3nc12,10.0,0.15715731813141384,0.1584706825457436,0.09531657672505109,0.0631541058206925,0.17166885862763406
frozen_GE_teacher,N#Cc1ccc(C(=O)Nc2nc(-c3cccs3)c(C(=O)C(F)(F)F)s2)cc1,10.0,0.19286169539319892,0.1953077252602444,-0.030022665387202732,0.22533039064744714,-0.2164582376391549
frozen_GE_teacher,N#Cc1ccc(N=c2ssnc2Cl)cc1,20.0,0.24482814185011303,0.24990370533069625,-0.09736657994064096,0.3472702852713372,0.11240740866416292
frozen_GE_teacher,N#Cc1ccc(Oc2ccc(-c3cnc4ccccc4n3)cc2)cc1C#N,10.0,0.014288820047796273,0.014289792618206244,-0.009903642587326905,0.02419343520553315,0.23938761190812874
frozen_GE_teacher,N#Cc1nc(-c2ccc(OCc3ccc(Cl)cc3)cc2)oc1NCCCn1ccnc1,10.0,0.48708684789072504,0.5322339064091034,0.07536230891276675,0.45687159749633666,0.2625395648375793
frozen_GE_teacher,NC(=NOC(=O)c1ccccc1[N+](=O)[O-])c1ccccn1,10.0,-0.10149298089987285,-0.10184363784910923,0.059030181550078054,-0.16087381939918727,0.05818051680816952
frozen_GE_teacher,NC(=O)CSc1nnc(-c2cc3ccccc3o2)n1Cc1ccccc1,10.0,0.258077362055459,0.2640474776188006,0.17740049742222697,0.08664698019657363,0.08833579959636884
frozen_GE_teacher,NC(=O)NN=Cc1cn(-c2ccccc2)nc1-c1ccccc1,10.0,0.4914736345216919,0.538001431491566,0.16620134573951234,0.37180008575205364,-0.22109381038641257
frozen_GE_teacher,NC(=S)N=Nc1c(O)n(CCCl)c2ccccc12,10.0,0.30268921115281977,0.3124774121659318,-0.10349327614576341,0.4159706883116952,0.5825073664079744
frozen_GE_teacher,NC(S)=NN=Cc1c(O)c(Br)cc2oc3c(c12)CCCC3,10.0,0.3668270131916295,0.3847518090799886,0.13640636219515995,0.24834544688482868,0.1087338642376483
frozen_GE_teacher,NC1CCN(c2cccc(Cl)n2)CC1,10.0,-0.2585629576655935,-0.2645677935634452,-0.044008302853949924,-0.22055949070949527,0.19833890364482631
frozen_GE_teacher,NCCCCCCNS(=O)(=O)c1cccc2ccccc12,10.0,0.30582920239334577,0.3159377429083772,0.03645792722601021,0.27947981568236696,0.10326384575787348
frozen_GE_teacher,NCC[C@@H]1CC[C@@H](NS(=O)(=O)c2ccc(Cl)cc2)[C@H](CO)O1,10.0742,-0.2527731070819916,-0.258372990448277,-0.0888926342650775,-0.1694803561831995,-0.07347278296318853
frozen_GE_teacher,NCC[C@@H]1CC[C@H](NC(=O)c2ccccc2F)[C@@H](CO)O1,10.0791,0.19669625629457108,0.19929350782027905,0.1384970824934716,0.06079642532680746,-0.21041738004963062
frozen_GE_teacher,NCC[C@H]1CC[C@@H](NC(=O)Cc2ccncc2)[C@H](CO)O1,10.04,-0.24034827690050312,-0.24514370923154005,0.05748570718757867,-0.3026294164191187,0.02232692853196938
frozen_GE_teacher,NCC[C@H]1CC[C@@H](NS(=O)(=O)Cc2ccccc2)[C@@H](CO)O1,10.0742,0.30986156736783116,0.3203922661873873,0.03486992729581392,0.2855223388915734,0.090748710190099
frozen_GE_teacher,NCC[C@H]1CC[C@@H](NS(=O)(=O)c2ccc(Cl)cc2)[C@@H](CO)O1,10.0628,0.277404833552128,0.28486834771976255,-0.08675310481203072,0.37162145253179324,0.08238152308643111
frozen_GE_teacher,NCC[C@H]1CC[C@H](NC(=O)Nc2ccc(F)cc2)[C@@H](CO)O1,10.0208,0.15057990660642084,0.15173374364380676,0.03129922966100075,0.12043451398280601,-0.3523816046413194
frozen_GE_teacher,NCC[C@H]1CC[C@H](NS(=O)(=O)c2ccc(Cl)cc2)[C@@H](CO)O1,10.027,0.5211769567411987,0.5779542641135068,-0.016956294820845774,0.5949105589343526,0.2803847691293457
frozen_GE_teacher,NS(=O)(=O)Cc1noc2ccccc12,10.0,0.20881137641333616,0.21192821035966536,0.021234668562469444,0.19069354179719591,0.12617334249989284
frozen_GE_teacher,NS(=O)(=O)c1ccc(Nc2nc(-c3ccccc3)cs2)cc1,10.0,0.11636956195126033,0.1168991590518816,-0.20322331734027374,0.32012247639215535,0.3776608414272202
frozen_GE_teacher,N[C@H]1CC[C@@H](CCn2cc(-c3ccccn3)nn2)O[C@H]1CO,10.0218,-0.06295217422854692,-0.06303553184863678,-0.05231262497991931,-0.01072290686871747,0.14376956982221842
frozen_GE_teacher,N[C@](CC1c2ccccc2Oc2ccccc21)(C(=O)O)[C@H]1C[C@@H]1C(=O)O,10.0,-0.09120789996926144,-0.09146208579482708,0.023616497751939587,-0.11507858354676667,0.1358611347376598
frozen_GE_teacher,Nc1c(-c2ccccc2)nc(Cl)nc1-c1ccccc1,10.0,0.4821962997469294,0.5258420198286944,-0.026827086370518744,0.5526691061992132,-0.05216710146571289
frozen_GE_teacher,Nc1c(O)cccc1C(=O)O,10.0,0.15005290414834307,0.15119455826678813,0.07754501865947025,0.07364953960731788,-0.4221477970173606
frozen_GE_teacher,Nc1c(S(=O)(=O)O)cc(Nc2cccc3ccccc23)c2c1C(=O)c1ccccc1C2=O,10.0,0.15262795237791815,0.15382996934749857,-0.053052011540400276,0.20688198088789883,-0.1762631856614824
frozen_GE_teacher,Nc1ccc(-c2cc(=O)c3cc(O)ccc3o2)cc1,10.0,0.06602890802805753,0.06612511780646979,-0.04027201971080709,0.10639713751727689,0.2121993240907982
frozen_GE_teacher,Nc1ccc(Nc2nc(-c3cc4ccccc4oc3=O)cs2)cc1,10.0,0.6503918051698191,0.7759774561441379,-0.08331983261066844,0.8592972887548064,-0.1938943450722394
frozen_GE_teacher,Nc1ccc(S(=O)(=O)Nc2ccc(Cl)nn2)cc1,10.0,0.26938319032838853,0.2761986312167134,-0.04362488265886609,0.3198235138755795,0.44188485082845114
frozen_GE_teacher,Nc1ccc(S(=O)(=O)Nc2cnc3ccccc3n2)cc1,10.0,0.18577867395716025,0.1879613591161094,0.004560875979599689,0.1834004831365097,-0.007625973452367978
frozen_GE_teacher,Nc1ccc(S(=O)(=O)c2ccc(N)cc2)cc1,10.0,0.5324945879674396,0.5936206055482058,0.02088740919192903,0.5727331963562768,0.48545528296423385
frozen_GE_teacher,Nc1cccc2c(=O)[nH]ccc12,10.0,0.0721425912884076,0.07226814023608384,-0.008633450213408785,0.08090159044949263,-0.04549884952131475
frozen_GE_teacher,Nc1nc(Nc2ccccc2)nc2c1ncn2C1OC(CO)C(O)C1O,10.0,0.17608041519936735,0.17793478625327616,0.023708594599471576,0.15422619165380458,-0.03271162286739846
frozen_GE_teacher,Nc1nc2ccccc2n1S(=O)(=O)c1ccc([N+](=O)[O-])cc1,20.0,0.41502051683854696,0.44166126720340504,0.09997844292815922,0.3416828242752458,-0.02586838571704933
frozen_GE_teacher,Nc1ncnc2[nH]nc(Nc3ccc(F)cc3)c12,10.0,0.3846301324365359,0.4054824164301555,0.028432144244624452,0.377050272185531,0.400442734877831
frozen_GE_teacher,Nc1ncnc2c1cnn2-c1ccccc1,10.0,0.15499882333221038,0.1562582921664599,-0.005949853604878277,0.16220814577133819,0.06082292533129149
frozen_GE_teacher,Nn1c(SCC(=O)NC(=O)NCc2ccco2)nnc1-c1ccc(OC(F)F)cc1,10.0,0.36229050148224756,0.3795199530810003,0.15946378160305347,0.22005617147794682,0.23062571799112586
frozen_GE_teacher,O=C(/C=C/N1CCOCC1)c1cc2ccccc2o1,10.0,0.19370736244196587,0.19618621166318245,0.16834022695020373,0.027845984712978722,0.029216326042195345
frozen_GE_teacher,O=C(/C=C/c1ccc(O)c(O)c1)c1ccc(O)cc1O,10.0,0.30196757084082904,0.3116831767367309,-0.07965873481917984,0.39134191155591075,0.447716493962026
frozen_GE_teacher,O=C(/C=C/c1cccc(O)c1)c1cccnc1,10.0,0.4474913535328512,0.48155907653291896,0.10716474747936561,0.37439432905355335,0.02041215261957216
frozen_GE_teacher,O=C(C=Cc1c(C(=O)O)[nH]c2cc(Cl)cc(Cl)c12)Nc1ccccc1,10.0,0.2556884492707441,0.2614897840767209,0.011499923153920174,0.24998986092280073,0.3314035228187917
frozen_GE_teacher,O=C(CC1C(=O)N(c2ccccc2)C(=S)N1c1ccccc1)c1ccc(Br)cc1,10.0,0.5096646062525907,0.5622765780403106,0.14382083418389777,0.4184557438564128,0.1129085652582291
frozen_GE_teacher,O=C(CC1CC1)Nc1ccc2c(c1)[C@H]1C[C@H](CC(=O)N3CCCCC3)O[C@H](CO)[C@H]1O2,9.93562,0.3375106996769637,0.35128053561123906,0.007998188897192563,0.3432823467140465,0.18935005720381543
frozen_GE_teacher,O=C(CC1CC1)Nc1ccc2c(c1)[C@H]1C[C@H](CC(=O)NC3CCCCC3)O[C@H](CO)[C@H]1O2,9.94618,-0.2474652914586887,-0.25271094244694414,-0.0124653907360017,-0.24024555171094245,0.13180214338311952
frozen_GE_teacher,O=C(CC1SC(N2CCCCC2)=NC1=O)Nc1cccc(C(F)(F)F)c1,10.0,0.4010004878072149,0.42484055538807847,-0.09636856252721143,0.5212091179152899,0.06641664830099966
frozen_GE_teacher,O=C(CC1c2ccccc2Oc2ccccc21)N1CCN(c2ccccn2)CC1,10.0,0.6422388907291565,0.7619751479812295,0.1252947726383474,0.636680375342882,0.5076255602562089
frozen_GE_teacher,O=C(CCCn1c(=S)[nH]c2cc3c(cc2c1=O)OCO3)N1CCN(c2ccccc2F)CC1,10.0,0.26323534745016214,0.2695814677529127,0.05605042289666695,0.21353104485624574,-0.014594753268899772
frozen_GE_teacher,O=C(CCN1CCCCC1)NCC[C@@H]1CC[C@@H](NS(=O)(=O)c2cccc(Cl)c2)[C@H](CO)O1,10.0688,-0.1634605452207861,-0.1649401929628441,-0.011766564529641444,-0.15317362843320265,-0.016860817952227734
frozen_GE_teacher,O=C(CCN1CCCCC1)NCC[C@@H]1CC[C@H](NC(=O)c2ccc(F)cc2)[C@@H](CO)O1,10.0831,0.4711532090032428,0.5115515491354468,0.11147858327933398,0.4000729658561128,0.1819664067249791
frozen_GE_teacher,O=C(CCN1CCCCC1)NCC[C@@H]1CC[C@H](NS(=O)(=O)c2cccc(Cl)c2)[C@@H](CO)O1,10.0055,0.46897917443308446,0.5087608796903987,-0.13088257415665122,0.6396434538470499,0.5057070425387691
frozen_GE_teacher,O=C(CCN1CCCCC1)N[C@@H]1CC[C@@H](CC(=O)N2CCC(Cc3ccccc3)CC2)O[C@@H]1CO,10.0074,0.48089274446422275,0.524144935370827,-0.017289764446948408,0.5414346998177754,-0.01844809874310168
frozen_GE_teacher,O=C(CCN1CCCCC1)N[C@@H]1CC[C@H](CCNS(=O)(=O)c2ccccc2)O[C@H]1CO,10.0258,-0.2513386300702663,-0.2568411948160568,0.030283618871584643,-0.2871248136876414,0.4626303937083172
frozen_GE_teacher,O=C(CCN1CCCCC1)N[C@H]1CC[C@@H](CCNS(=O)(=O)c2ccccc2)O[C@@H]1CO,10.0768,0.45433864538624663,0.4901539916700416,0.17411733032508325,0.31603666134495834,-0.4577857260321088
frozen_GE_teacher,O=C(CCN1CCCCC1)N[C@H]1CC[C@H](CC(=O)N2CCC(Cc3ccccc3)CC2)O[C@H]1CO,9.92374,0.4026281354702624,0.4267815936376037,0.07364347132034045,0.35313812231726327,0.16576966741645988
frozen_GE_teacher,O=C(CCN1CCCCC1)N[C@H]1CC[C@H](CCNC(=O)c2cc(Cl)cc(Cl)c2)O[C@@H]1CO,10.043,0.29097212966764907,0.299627983662892,0.025811196238787117,0.27381678742410487,0.08165826857198549
frozen_GE_teacher,O=C(CCN1CCN(Cc2ccccc2)CC1)Nc1ccc(OCc2ccccc2)cc1,10.0,0.5518856340299527,0.621088763797423,-0.053175509166066844,0.6742642729634898,-0.3740858236422062
frozen_GE_teacher,O=C(CCSc1nnc2ccc3ccccc3n12)Nc1ccc(F)cc1,10.0,0.44198028167865827,0.47468917210717765,-0.03381403247951417,0.5085032045866918,0.04665645723578223
frozen_GE_teacher,O=C(CCc1ccccc1)N1CCN(c2ccccn2)CC1,10.0,0.16778533499100964,0.16938696979582152,0.03941566701762293,0.12997130277819857,0.06872302157668184
frozen_GE_teacher,O=C(CCc1ccccc1)Nc1ccccc1F,10.0,0.1343897380205768,0.1352076731023253,0.3258001434425048,-0.1905924703401795,0.20275369959174244
frozen_GE_teacher,O=C(CCl)c1cc(Br)c(Br)s1,10.0,0.22781924685000876,0.2318881229652038,-0.0229768279251053,0.2548649508903091,-0.0704677816447779
frozen_GE_teacher,O=C(CN(C1CCCCC1)C1CCCCC1)N1CCc2ccccc2C1,10.0,0.010849476813360676,0.010849902544882885,0.03087509640878383,-0.020025193863900947,0.10226286380028904
frozen_GE_teacher,O=C(CN(c1ccccn1)S(=O)(=O)c1ccc(F)cc1)Nc1ccccc1,10.0,0.14219898045584622,0.14316922648847508,0.07562750919360581,0.06754171729486927,0.0983865484557751
frozen_GE_teacher,O=C(CN1C(=O)CSc2ncccc21)N1CCOCC1,10.0,0.3337985548612731,0.34709705586950723,0.1745223064928207,0.17257474937668654,0.023515676600132263
frozen_GE_teacher,O=C(CN1C(=O)c2ccccc2S1(=O)=O)Nc1ccc(S(=O)(=O)N2CCCC2)cc1,10.0,0.13530657120990414,0.13614148685433908,0.1099819758803857,0.026159510973953373,-0.09652715112711
frozen_GE_teacher,O=C(CN1CCN(Cc2ccccc2F)C1=O)NCCc1ccc(Cl)cc1,10.0,0.4831139068435775,0.5270383100300844,0.036735810306619536,0.49030249972346485,0.3781419361665697
frozen_GE_teacher,O=C(CN1CCN(S(=O)(=O)N2CCCCC2)CC1)Nc1ccc(Cl)c(Cl)c1,10.0,0.13409958777417802,0.13491219790924036,0.0552991792247182,0.07961301868452217,0.14473045617998678
frozen_GE_teacher,O=C(CN1CCOCC1)NCC[C@@H]1CC[C@@H](NC(=O)Cc2ccccn2)[C@@H](CO)O1,10.0732,-0.1058887104867711,-0.10628715062484208,-0.024743059983128778,-0.08154409064171331,0.026249423225172697
frozen_GE_teacher,O=C(CN1CCOCC1)NCC[C@@H]1CC[C@@H](NC(=O)c2ccc3c(c2)OCO3)[C@@H](CO)O1,10.1109,-0.02636742490718102,-0.026373538029905993,0.010929953930752306,-0.0373034919606583,0.09683184397332958
frozen_GE_teacher,O=C(CN1CCOCC1)NCC[C@@H]1CC[C@H](NC(=O)Cc2ccccn2)[C@@H](CO)O1,9.9786,0.445908662742125,0.4795818467036757,0.013467053871725084,0.4661147928319506,-0.009040598428862814
frozen_GE_teacher,O=C(CN1CCOCC1)NCC[C@H]1CC[C@@H](NC(=O)c2ccccc2F)[C@H](CO)O1,10.068,0.16947333226696612,0.17112437204614445,0.010152803084574039,0.16097156896157042,-0.01038664748956721
frozen_GE_teacher,O=C(CN1CCOCC1)NCC[C@H]1CC[C@H](NC(=O)Cc2ccccn2)[C@@H](CO)O1,9.96628,-0.04853030682940629,-0.048568460134383644,0.0039022405949645997,-0.052470700729348244,-0.006408184484084991
frozen_GE_teacher,O=C(CN1CCOCC1)N[C@@H]1CC[C@@H](CCNC(=O)Nc2cc(F)ccc2F)O[C@H]1CO,10.131,0.20246907463894762,0.20530583615194556,-0.03963885601857722,0.24494469217052278,0.08154913073292112
frozen_GE_teacher,O=C(CN1CCOCC1)N[C@@H]1CC[C@@H](CCNS(=O)(=O)c2ccccc2F)O[C@H]1CO,10.0163,0.4751461008382231,0.5166961893663868,-0.1273206613745934,0.6440168507409803,-0.007550226292601769
frozen_GE_teacher,O=C(CN1CCOCC1)N[C@@H]1CC[C@@H](CCn2cc(C3CCCCC3)nn2)O[C@H]1CO,10.0358,0.20589779470884947,0.2088837256821433,0.18881585081207755,0.020067874870065755,0.19997333325897795
frozen_GE_teacher,O=C(CN1CCOCC1)N[C@@H]1CC[C@H](CCNC(=O)C2CCC2)O[C@H]1CO,10.1004,-0.17951779794477143,-0.18148438471049178,0.10569419862090398,-0.2871785833313958,-0.13688921289902387
frozen_GE_teacher,O=C(CN1CCOCC1)N[C@H]1CC[C@@H](CCNS(=O)(=O)c2ccccc2F)O[C@@H]1CO,10.0823,-0.15848620464025515,-0.15983351429130513,-0.07038105924262514,-0.08945245504867999,0.23650235214294676
frozen_GE_teacher,O=C(CN1CCOCC1)Nc1c2c(nc3ccccc13)N(Cc1ccccc1)CC2,10.0,0.2510924098824707,0.25657838916215325,-0.09980756765435354,0.3563859568165068,0.18636272733377354
frozen_GE_teacher,O=C(CNC(=O)c1ccccc1Cl)NN=Cc1ccc([N+](=O)[O-])s1,10.0,0.00046920468469899046,0.00046920471913127366,0.030019669988608114,-0.02955046526947684,0.013621155948037419
frozen_GE_teacher,O=C(CNC(=O)c1ccccc1Cl)Nc1ccc(Br)cc1C(=O)c1ccccc1,10.0,0.36698139506106486,0.38493020658998695,-0.056598106481040945,0.4415283130710279,0.3189394566124321
frozen_GE_teacher,O=C(COC(=O)c1ccccc1)NCc1ccco1,10.0,0.4309226192173514,0.46102914212391277,0.0780581123538876,0.3829710297700252,0.05755086431701034
frozen_GE_teacher,O=C(COc1ccc(Cl)cc1Cl)NN=Cc1ccccn1,10.0,0.11771304611811978,0.11826130299103133,-0.04480472675205502,0.16306602974308634,0.4511592266968254
frozen_GE_teacher,O=C(COc1ccc(F)cc1)Nc1nnc(-c2ccncc2)s1,10.0,0.13984210339918715,0.1407645264559571,-0.011447321647851394,0.1522118481038085,0.15794464481326492
frozen_GE_teacher,O=C(COc1ccc(S(=O)(=O)N2CCc3ccccc32)cc1Cl)NCc1ccccn1,10.0,0.8418134068001265,1.2273653032969545,0.2698992541583292,0.9574660491386253,0.7948317604786181
frozen_GE_teacher,O=C(COc1ccccc1)OC(C(=O)c1ccccc1)c1ccccc1,10.0,0.2229837462813717,0.2267937884267234,0.13630209612249958,0.09049169230422383,0.09752137043393813
frozen_GE_teacher,O=C(CSCCO)Nc1ccc(C2CCCCC2)cc1,10.0,-0.010464618780452592,-0.010465000792903018,-0.0921620858284799,0.08169708503557688,-0.07217513011180235
frozen_GE_teacher,O=C(CSCc1cccc(F)c1)N1CCN(c2ccccc2)CC1,10.0,0.07505567415451608,0.07519709085300201,0.06386484842020052,0.011332242432801495,0.015104827138320245
frozen_GE_teacher,O=C(CSc1nc2ccccc2c(=O)n1-c1ccccc1)Nc1ccc2c(c1)CCC2,20.0,0.00963213833474505,0.009632436235123975,0.14759766364853039,-0.13796522741340642,-0.017812669310884266
frozen_GE_teacher,O=C(CSc1nc[nH]n1)c1cccc([N+](=O)[O-])c1,10.0,0.2331811174639266,0.23755087404725303,0.12798365881004373,0.1095672152372093,0.22056962631857083
frozen_GE_teacher,O=C(C[C@@H]1C=C[C@@H](NC(=O)C2CC2)[C@H](CO)O1)NCc1ccccc1Cl,9.98087,0.008281614710481552,0.008281804050180704,-0.02791153005824261,0.03619333410842331,-0.11100432969105038
frozen_GE_teacher,O=C(C[C@@H]1C=C[C@@H](NC(=O)C2CCC2)[C@@H](CO)O1)NCCCN1CCOCC1,10.0366,0.34007340741879416,0.35417553381371414,-0.14232233479963347,0.4964978686133476,0.03677601604996729
frozen_GE_teacher,O=C(C[C@@H]1C=C[C@@H](NC(=O)C2CCOCC2)[C@H](CO)O1)NCC1CC1,10.1299,0.22070274082470645,0.22439471257669588,-0.031957923565385266,0.25635263614208115,0.20943807168810294
frozen_GE_teacher,O=C(C[C@@H]1C=C[C@@H](NC(=O)C2CCOCC2)[C@H](CO)O1)NCc1ccncc1,10.0387,0.22828913502421383,0.23238379016411992,-0.08933610628171731,0.3217198964458372,0.360008058188548
frozen_GE_teacher,O=C(C[C@@H]1C=C[C@@H](NC(=O)CC2CC2)[C@@H](CO)O1)NCc1ccc(-c2ccccc2)cc1,9.90619,0.11428086119984894,0.11478230351303245,0.004419633318422664,0.11036267019460978,0.20957162747816357
frozen_GE_teacher,O=C(C[C@@H]1C=C[C@@H](NC(=O)Cc2cccnc2)[C@H](CO)O1)Nc1ccccc1,10.0212,0.0425340886248446,0.04255976666749637,0.11014310901530758,-0.06758334234781121,0.03158584416690255
frozen_GE_teacher,O=C(C[C@@H]1C=C[C@@H](NC(=O)Nc2cc(F)ccc2F)[C@@H](CO)O1)NCc1ccncn1,10.0345,0.12226496976583565,0.12287972821920436,-0.04854696736986795,0.1714266955890723,0.06509840892901855
frozen_GE_teacher,O=C(C[C@@H]1C=C[C@@H](NC(=O)Nc2ccc(F)cc2)[C@H](CO)O1)NCCN1CCCC1,9.97123,0.40311002986464844,0.4273568549797041,-0.15823725685242723,0.5855941118321313,-0.020448762327938658
frozen_GE_teacher,O=C(C[C@@H]1C=C[C@@H](NC(=O)Nc2ccc3c(c2)OCO3)[C@H](CO)O1)NCc1ccc(Cl)cc1,10.0034,0.04140662022953966,0.041430308599284336,0.02148952633172458,0.019940782267559756,0.03668516815942477
frozen_GE_teacher,O=C(C[C@@H]1C=C[C@@H](NC(=O)Nc2cccc(F)c2)[C@@H](CO)O1)NCC1CCCCC1,10.0338,0.21562583002825478,0.21906407274496725,-0.044422298441920804,0.26348637118688806,-0.15969754009913656
frozen_GE_teacher,O=C(C[C@@H]1C=C[C@@H](NC(=O)Nc2cccc(F)c2)[C@H](CO)O1)NCC1CCCCC1,9.88612,0.03638351635132669,0.036399583465710116,-0.13201573325090987,0.16841531671662,0.16724084286596475
frozen_GE_teacher,O=C(C[C@@H]1C=C[C@@H](NC(=O)Nc2ccccc2)[C@H](CO)O1)NCc1ccccn1,10.0625,-0.07245445864098397,-0.07258164631156083,-0.0406187935790039,-0.03196285273255693,0.14844170425248598
frozen_GE_teacher,O=C(C[C@@H]1C=C[C@@H](NC(=O)c2ccc3c(c2)OCO3)[C@@H](CO)O1)NC1Cc2ccccc2C1,9.99385,0.2300391180910121,0.23423077017257324,0.14546387320840376,0.08876689696416948,-0.10253563252782244
frozen_GE_teacher,O=C(C[C@@H]1C=C[C@@H](NC(=O)c2ccncc2)[C@@H](CO)O1)NCC1CC1,10.0915,-0.051787279474549947,-0.05183365060253513,0.13399596071698017,-0.1858296113195153,0.07912486409307926
frozen_GE_teacher,O=C(C[C@@H]1C=C[C@@H](NC(=O)c2ccncc2)[C@H](CO)O1)Nc1ccc(-c2ccccc2)cc1,10.0369,-0.05022542058082804,-0.050267717380530326,0.01849448536631675,-0.06876220274684708,0.046548296388075686
frozen_GE_teacher,O=C(C[C@@H]1C=C[C@@H](NS(=O)(=O)c2ccc(F)cc2)[C@@H](CO)O1)N1CCN(c2ccccc2)CC1,10.0645,-0.013446517966539276,-0.013447328470931746,-0.04032760783312737,0.02688027936219562,0.2411110827399316
frozen_GE_teacher,O=C(C[C@@H]1C=C[C@@H](NS(=O)(=O)c2ccccc2)[C@@H](CO)O1)NCc1ccc(Cl)c(Cl)c1,9.93008,0.4218894056585837,0.44998832173993897,0.011982949911548177,0.4380053718283908,-0.11723942027802647
frozen_GE_teacher,O=C(C[C@@H]1C=C[C@@H](NS(=O)(=O)c2ccccc2F)[C@H](CO)O1)NCCCN1CCOCC1,10.0919,0.02191388544964028,0.021917394277521794,0.08928196192225213,-0.06736456764473034,-0.09353494836220957
frozen_GE_teacher,O=C(C[C@@H]1C=C[C@H](NC(=O)C2CCOCC2)[C@@H](CO)O1)Nc1ccc(-c2ccccc2)cc1,9.99825,0.5997133459899056,0.6926994039738821,-0.07719475052578083,0.7698941544996629,-0.021293792496043518
frozen_GE_teacher,O=C(C[C@@H]1C=C[C@H](NC(=O)C2CCOCC2)[C@H](CO)O1)Nc1ccc(-c2ccccc2)cc1,9.97097,0.06976884832398567,0.0698823845306804,-0.019032722621454348,0.08891510715213474,-0.5901223599032426
frozen_GE_teacher,O=C(C[C@@H]1C=C[C@H](NC(=O)CC2CC2)[C@H](CO)O1)NCc1ccc(-c2ccccc2)cc1,9.93979,-0.04594543220658482,-0.045977803222080095,0.04728322292574229,-0.09326102614782239,0.25606236581730785
frozen_GE_teacher,O=C(C[C@@H]1C=C[C@H](NC(=O)Cc2ccccn2)[C@H](CO)O1)NCCCN1CCOCC1,10.0917,0.16955381221471963,0.17120723299086257,-0.013786051386502636,0.1849932843773652,0.24648147871672066
frozen_GE_teacher,O=C(C[C@@H]1C=C[C@H](NC(=O)NC2CCCCC2)[C@@H](CO)O1)NCc1ccccc1,9.9939,0.24071901322862774,0.2455372122466627,0.13133786487576288,0.11419934737089982,-0.011427453598326032
frozen_GE_teacher,O=C(C[C@@H]1C=C[C@H](NC(=O)Nc2cc(F)ccc2F)[C@@H](CO)O1)NCc1ccc2c(c1)OCO2,10.0784,-0.1538609265766108,-0.15509259504439887,-0.03987006177638973,-0.11522253326800914,-0.09460772752450382
frozen_GE_teacher,O=C(C[C@@H]1C=C[C@H](NC(=O)Nc2cc(F)ccc2F)[C@H](CO)O1)NCCCN1CCOCC1,9.88835,0.19254597092477246,0.194979824261379,-0.1356840004920274,0.3306638247534064,0.18258580932528187
frozen_GE_teacher,O=C(C[C@@H]1C=C[C@H](NC(=O)Nc2ccc3c(c2)OCO3)[C@H](CO)O1)NCc1ccc(Cl)cc1,9.92122,-0.00817140690991627,-0.008171588790633233,-0.03150123924797382,0.02332965045734059,-0.0344370189442106
frozen_GE_teacher,O=C(C[C@@H]1C=C[C@H](NC(=O)c2ccc(F)cc2)[C@@H](CO)O1)NCCc1ccncc1,9.99492,-0.24946214585584908,-0.2548391830072859,0.042164468355438446,-0.2970036513627244,-0.14110623679405268
frozen_GE_teacher,O=C(C[C@@H]1C=C[C@H](NC(=O)c2ccccc2)[C@@H](CO)O1)NCc1ccc(Oc2ccccc2)cc1,10.0628,-0.16167661640384456,-0.16310783711091564,0.06308982714450319,-0.22619766425541882,-0.04075679189423704
frozen_GE_teacher,O=C(C[C@@H]1C=C[C@H](NC(=O)c2ccncc2)[C@H](CO)O1)Nc1ccc(-c2ccccc2)cc1,9.99655,0.13455448052978547,0.13537544946974275,-0.00739317603038895,0.1427686255001317,-0.17649396795332659
frozen_GE_teacher,O=C(C[C@@H]1C=C[C@H](NC(=O)c2cnccn2)[C@H](CO)O1)NCc1ccccc1F,9.92221,0.3538445755179789,0.36983179386790554,-0.05524686220115963,0.4250786560690652,0.040416550046099994
frozen_GE_teacher,O=C(C[C@@H]1C=C[C@H](NS(=O)(=O)c2ccc(F)cc2)[C@@H](CO)O1)NC1CCCCC1,9.99699,-0.16920336298648778,-0.17084643272134736,-0.026341402144742163,-0.1445050305766052,-0.1680466010331796
frozen_GE_teacher,O=C(C[C@@H]1C=C[C@H](NS(=O)(=O)c2ccc(F)cc2)[C@@H](CO)O1)NCc1ccncn1,9.99989,0.35826433442326233,0.37489322796567326,-0.048639266748582495,0.42353249471425575,-0.34366959359935756
frozen_GE_teacher,O=C(C[C@@H]1C=C[C@H](NS(=O)(=O)c2ccccc2F)[C@H](CO)O1)NCCCN1CCOCC1,9.95325,0.43814613208354497,0.4699341801457404,-0.08809418512382156,0.5580283652695619,-0.11209120341832893
frozen_GE_teacher,O=C(C[C@@H]1CC[C@@H](NC(=O)C2CC2)[C@H](CO)O1)NCc1ccncc1,10.0221,-0.070782136446948,-0.07090070185006722,-0.0021206801229147407,-0.06878002172715247,-0.030064889445015126
frozen_GE_teacher,O=C(C[C@@H]1CC[C@@H](NC(=O)CCN2CCCCC2)[C@@H](CO)O1)NCc1ccc(Cl)c(Cl)c1,10.0225,0.42872837461635405,0.45833764068728033,-0.07718431534843666,0.535521956035717,-0.43690815047588055
frozen_GE_teacher,O=C(C[C@@H]1CC[C@@H](NC(=O)CN2CCOCC2)[C@@H](CO)O1)NC1CCCCC1,10.0425,0.1388324489760068,0.13973488150885777,0.039818249553659785,0.09991663195519798,0.09187472304558816
frozen_GE_teacher,O=C(C[C@@H]1CC[C@@H](NC(=O)CN2CCOCC2)[C@@H](CO)O1)NCCc1ccncc1,10.0666,0.23956181431876164,0.24430919667874695,-0.010191869302628241,0.2545010659813752,0.009392696205888434
frozen_GE_teacher,O=C(C[C@@H]1CC[C@@H](NC(=O)Cc2ccccn2)[C@@H](CO)O1)NCCc1ccncc1,9.99253,0.0011739292809232942,0.0011739298201916169,0.06414228609742828,-0.06296835627723667,-0.12438884033403695
frozen_GE_teacher,O=C(C[C@@H]1CC[C@@H](NC(=O)Cc2cccnc2)[C@@H](CO)O1)Nc1ccc(-c2ccccc2)cc1,10.0536,-0.5036327697898924,-0.5541616347042977,-0.061962358515401814,-0.49219927618889586,-0.21420458509908885
frozen_GE_teacher,O=C(C[C@@H]1CC[C@@H](NC(=O)Cc2cccnc2)[C@H](CO)O1)Nc1ccc(-c2ccccc2)cc1,10.0565,0.18545103335653587,0.18762202756487179,0.12862509564322488,0.0589969319216469,0.06459527935125658
frozen_GE_teacher,O=C(C[C@@H]1CC[C@@H](NC(=O)NC2CCCC2)[C@@H](CO)O1)NCc1ccc(F)cc1,10.0291,-0.30607276094671576,-0.31620645447983825,-0.18944596576857803,-0.12676048871126022,-0.15229532586691302
frozen_GE_teacher,O=C(C[C@@H]1CC[C@@H](NC(=O)Nc2cc(F)ccc2F)[C@@H](CO)O1)NCc1ccccn1,10.119,-0.12439852509471977,-0.12504623860337083,0.05988366698829925,-0.18492990559167008,-0.15979671697278114
frozen_GE_teacher,O=C(C[C@@H]1CC[C@@H](NC(=O)Nc2ccc(C(F)(F)F)cc2)[C@H](CO)O1)NCCN1CCCC1,10.0718,-0.39288425932310655,-0.4152062167639123,0.016082753055090854,-0.4312889698190031,0.2356746367672187
frozen_GE_teacher,O=C(C[C@@H]1CC[C@@H](NC(=O)Nc2ccc3c(c2)OCO3)[C@@H](CO)O1)NCCCN1CCOCC1,10.0258,0.11685175076569711,0.11738799509085387,0.04167391885400633,0.07571407623684755,-0.15033252228810728
frozen_GE_teacher,O=C(C[C@@H]1CC[C@@H](NC(=O)Nc2ccccc2F)[C@@H](CO)O1)NCc1ccccc1,9.97592,0.29874069395924907,0.3081363248049452,0.03757247371556843,0.27056385108937675,0.11668903680710441
frozen_GE_teacher,O=C(C[C@@H]1CC[C@@H](NC(=O)c2cccc(F)c2)[C@@H](CO)O1)NCCN1CCCC1,10.0621,-0.17214337494351695,-0.17387465748852876,0.01995308585254308,-0.19382774334107183,-0.0087467629021783
frozen_GE_teacher,O=C(C[C@@H]1CC[C@@H](NC(=O)c2cccc(F)c2)[C@@H](CO)O1)Nc1nccs1,10.0492,0.2007763063826762,0.20354133751730902,0.007613911291937795,0.1959274262253712,-0.019383237967195266
frozen_GE_teacher,O=C(C[C@@H]1CC[C@@H](NC(=O)c2cccc(F)c2)[C@H](CO)O1)NCCN1CCCC1,10.0188,-0.04251904223585259,-0.042544693017676216,0.0535851978011094,-0.09612989081878562,0.20009529578169696
frozen_GE_teacher,O=C(C[C@@H]1CC[C@@H](NC(=O)c2ccccc2)[C@H](CO)O1)Nc1ccc(-c2ccccc2)cc1,10.0983,0.1542064997034427,0.155446566641409,0.034663731517308394,0.1207828351241006,0.11739402270796884
frozen_GE_teacher,O=C(C[C@@H]1CC[C@@H](NC(=O)c2ccccn2)[C@@H](CO)O1)NCc1cccc(F)c1,9.98254,0.09747849950326253,0.09778902056962635,0.013921794032159873,0.08386722653746648,0.07499573802935991
frozen_GE_teacher,O=C(C[C@@H]1CC[C@@H](NC(=O)c2cnccn2)[C@@H](CO)O1)NCc1ccccc1F,10.0219,0.4259196858590276,0.4549014857366372,0.00831143881559699,0.4465900469210402,-0.5149367828655523
frozen_GE_teacher,O=C(C[C@@H]1CC[C@@H](NS(=O)(=O)c2ccc(F)cc2)[C@@H](CO)O1)NCCc1ccncc1,10.0473,0.28248944494224093,0.2903853442695308,0.010795236248987906,0.27959010802054285,0.0888191960637667
frozen_GE_teacher,O=C(C[C@@H]1CC[C@@H](NS(=O)(=O)c2cccc(F)c2)[C@H](CO)O1)NCc1ccc2c(c1)OCO2,10.0047,0.12846824465186346,0.12918207727872646,-0.004318186895688336,0.1335002641744148,-0.01252025777251734
frozen_GE_teacher,O=C(C[C@@H]1CC[C@@H](NS(=O)(=O)c2ccccc2)[C@@H](CO)O1)NCCN1CCCCC1,10.0416,-0.029505883129373866,-0.02951445018403906,0.05879175258480354,-0.0883062027688426,-0.03058898645063711
frozen_GE_teacher,O=C(C[C@@H]1CC[C@@H]2NC[C@H](O)COC[C@H]2O1)NC1Cc2ccccc2C1,10.0739,-0.04107323740527049,-0.04109635781119986,0.022211427288144257,-0.06330778509934412,-0.01734411013095353
frozen_GE_teacher,O=C(C[C@@H]1CC[C@@H]2NC[C@H](O)COC[C@H]2O1)NCCN1CCCCC1,10.0476,-0.2647050428311641,-0.2711612426341298,-0.06040442972043972,-0.21075681291369006,0.02292966505485257
frozen_GE_teacher,O=C(C[C@@H]1CC[C@@H]2NC[C@H](O)COC[C@H]2O1)Nc1ccc(-c2ccccc2)cc1,9.98187,0.48695701194524066,0.5320636988773022,-0.05459870980182026,0.5866624086791224,0.1947815991846138
frozen_GE_teacher,O=C(C[C@@H]1CC[C@@H]2[C@H](COC[C@@H](O)CN2C(=O)c2cnccn2)O1)NCc1ccc(F)cc1,10.0999,-0.5200701271963047,-0.5764358770932658,-0.00881713104572442,-0.5676187460475414,-0.31064885019865995
frozen_GE_teacher,O=C(C[C@@H]1CC[C@@H]2[C@H](COC[C@@H](O)CN2Cc2ccc(Oc3ccccc3)cc2)O1)N1CCc2ccccc2C1,10.0654,0.24303830847808458,0.24800063195058805,0.008692088701213675,0.23930854324937437,-0.02542918203346751
frozen_GE_teacher,O=C(C[C@@H]1CC[C@@H]2[C@H](COC[C@H](O)CN2CCC(F)(F)F)O1)NCc1ccc(Oc2ccccc2)cc1,10.1038,0.18176824003124842,0.1838107413491811,0.057782947260901496,0.1260277940882796,-0.061854373201614424
frozen_GE_teacher,O=C(C[C@@H]1CC[C@@H]2[C@H](COC[C@H](O)CN2Cc2ccc3c(c2)OCO3)O1)Nc1ccc(-c2ccccc2)cc1,9.98817,0.18716508198336015,0.18939771192241897,-0.09570917808572256,0.28510689000814154,0.13062375727767894
frozen_GE_teacher,O=C(C[C@@H]1CC[C@H](NC(=O)C2CCOCC2)[C@@H](CO)O1)NCc1ccccc1Cl,10.0724,0.23130282261343013,0.23556549438188312,-0.058439930193389854,0.29400542457527296,0.3208183307428311
frozen_GE_teacher,O=C(C[C@@H]1CC[C@H](NC(=O)C2CCOCC2)[C@@H](CO)O1)Nc1nccs1,10.0065,0.21189937415931692,0.21515917954446095,-0.07658718283664225,0.2917463623811032,0.1308764237968612
frozen_GE_teacher,O=C(C[C@@H]1CC[C@H](NC(=O)C2CCOCC2)[C@H](CO)O1)NCc1ccccc1Cl,10.0656,-0.05820971535681735,-0.05827559471272923,-0.06123500532580855,0.002959410613079319,0.06660801396484974
frozen_GE_teacher,O=C(C[C@@H]1CC[C@H](NC(=O)C2CCOCC2)[C@H](CO)O1)Nc1nccs1,10.1016,0.04667316549443607,0.04670710055784152,-0.048233995411049835,0.09494109596889136,-0.03661995241922682
frozen_GE_teacher,O=C(C[C@@H]1CC[C@H](NC(=O)Nc2ccc(C(F)(F)F)cc2)[C@@H](CO)O1)NCCN1CCCC1,10.0359,0.21377123674850607,0.21711985939088163,0.025829692582352962,0.19129016680852867,0.15891593792802255
frozen_GE_teacher,O=C(C[C@@H]1CC[C@H](NC(=O)Nc2cccc(F)c2)[C@H](CO)O1)NCC1CC1,10.0473,0.5123358052947269,0.5658917910735832,0.041379725926166844,0.5245120651474164,0.2529110896157288
frozen_GE_teacher,O=C(C[C@@H]1CC[C@H](NC(=O)c2ccc3c(c2)OCO3)[C@@H](CO)O1)NC1Cc2ccccc2C1,10.0303,-0.13075993871968258,-0.13151293033123934,-0.02450778808586166,-0.10700514224537769,0.03032279097599015
frozen_GE_teacher,O=C(C[C@@H]1CC[C@H](NC(=O)c2cccc(F)c2)[C@@H](CO)O1)NCCN1CCCC1,10.0234,0.16427809597742313,0.16578030338621136,0.0013318987636534545,0.16444840462255791,0.10385909798010452
frozen_GE_teacher,O=C(C[C@@H]1CC[C@H](NC(=O)c2cccc(F)c2)[C@H](CO)O1)NCCN1CCCC1,10.0908,0.15024622122763215,0.15139233418326403,-0.011415109333590343,0.1628074435168544,0.05578001065351518
frozen_GE_teacher,O=C(C[C@@H]1CC[C@H](NC(=O)c2cccnc2)[C@@H](CO)O1)NCc1ccc(Cl)c(Cl)c1,10.084,-0.08195603896910288,-0.08214027592766478,0.02526899828849738,-0.10740927421616216,0.028268434084162748
frozen_GE_teacher,O=C(C[C@@H]1CC[C@H](NC(=O)c2cnccn2)[C@@H](CO)O1)NCc1ccccc1F,10.0568,-0.04828818612803565,-0.04832577070001275,-0.017815927097514898,-0.030509843602497855,0.18188227103951862
frozen_GE_teacher,O=C(C[C@@H]1CC[C@H](NS(=O)(=O)c2ccc(F)cc2)[C@H](CO)O1)N1CCN(c2ccccc2)CC1,10.0485,0.2652762913575411,0.2717756337600866,0.025184974898480855,0.24659065886160578,-0.11893895418865325
frozen_GE_teacher,O=C(C[C@@H]1CC[C@H]2[C@@H](COC[C@@H](O)CN2C(=O)Nc2cc(Cl)cc(Cl)c2)O1)N1CCOCC1,10.1608,-0.032108367678434,-0.032119408520141814,0.12271764091435079,-0.1548370494344926,-0.07036421991655242
frozen_GE_teacher,O=C(C[C@@H]1CC[C@H]2[C@@H](COC[C@@H](O)CN2C(=O)c2cc(Cl)cc(Cl)c2)O1)N1CCc2ccccc2C1,10.0634,0.2552220866019427,0.2609908631145928,0.08005132893903281,0.18093953417555997,0.017129796289280144
frozen_GE_teacher,O=C(C[C@@H]1CC[C@H]2[C@@H](COC[C@@H](O)CN2CCC(F)(F)F)O1)NCC1CCCCC1,10.1214,-0.22976988590441463,-0.2339465132787436,-0.06426249637840745,-0.16968401690033616,0.2746663180363863
frozen_GE_teacher,O=C(C[C@@H]1CC[C@H]2[C@@H](COC[C@@H](O)CN2Cc2ccc(Cl)cc2)O1)NCCc1ccccc1,10.0615,0.1370209588380171,0.13788826113501976,0.01574283585635833,0.12214542527866143,-0.015733964210536553
frozen_GE_teacher,O=C(C[C@@H]1CC[C@H]2[C@@H](COC[C@@H](O)CN2Cc2cccc(C(F)(F)F)c2)O1)NCCc1ccncc1,10.0963,0.04210662762329686,0.04213153869764372,-0.010482434840700045,0.05261397353834376,0.34063148598454723
frozen_GE_teacher,O=C(C[C@@H]1CC[C@H]2[C@@H](COC[C@@H](O)CN2Cc2cccc(Cl)c2)O1)NCC1CCCCC1,10.0817,0.3581301806295738,0.37473932799329324,0.10654932589046673,0.2681900021028265,0.017898940862956764
frozen_GE_teacher,O=C(C[C@@H]1CC[C@H]2[C@@H](COC[C@H](O)CN2C(=O)Nc2ccc(Cl)cc2)O1)NCC1CCCCC1,10.019,0.13301482825895233,0.13380773743338853,0.11811141919243176,0.01569631824095677,-0.2680344252965877
frozen_GE_teacher,O=C(C[C@@H]1CC[C@H]2[C@@H](COC[C@H](O)CN2C(=O)Nc2ccccc2)O1)NCc1ccncn1,10.0559,0.08791713040348141,0.08814470293726724,0.0456845758481358,0.04246012708913144,0.3768466553616541
frozen_GE_teacher,O=C(C[C@@H]1CC[C@H]2[C@@H](COC[C@H](O)CN2C(=O)c2ccc(F)cc2)O1)N1CCCCC1,10.1572,-0.048002034079121354,-0.04803895382147292,-0.03892935920931237,-0.00910959461216055,-0.10170279854115138
frozen_GE_teacher,O=C(C[C@@H]1CC[C@H]2[C@@H](COC[C@H](O)CN2C(=O)c2cnccn2)O1)N1CCN(c2ccccc2)CC1,10.0526,-0.009092276863503931,-0.009092527427255468,0.09532558800658858,-0.10441811543384405,-0.33352487806644615
frozen_GE_teacher,O=C(C[C@@H]1CC[C@H]2[C@@H](COC[C@H](O)CN2CC2CCOCC2)O1)NCC1CC1,10.0039,-0.05169936913247718,-0.05174550425988966,0.03359661424269903,-0.08534211850258869,0.16169059218199908
frozen_GE_teacher,O=C(C[C@@H]1CC[C@H]2[C@@H](COC[C@H](O)CN2Cc2ccc3c(c2)OCO3)O1)N1CCCCC1,9.9821,-0.1260740658288736,-0.12674847790311064,0.040695967401482014,-0.16744444530459265,-0.055318811578973864
frozen_GE_teacher,O=C(C[C@@H]1CC[C@H]2[C@@H](COC[C@H](O)CN2Cc2ccccc2F)O1)NC1CCC1,10.0368,0.4149826615220331,0.4416155357222119,0.041442024654884266,0.4001735110673276,-0.01667769922168418
frozen_GE_teacher,O=C(C[C@@H]1C[C@@H]2c3cc(NC(=O)C4CCC4)ccc3O[C@@H]2[C@@H](CO)O1)NCc1cccc(F)c1,10.2759,0.18862736592478616,0.19091351146257082,0.01493459202996966,0.17597891943260116,0.19415808352381575
frozen_GE_teacher,O=C(C[C@@H]1C[C@@H]2c3cc(NC(=O)C4CCC4)ccc3O[C@@H]2[C@H](CO)O1)NCc1ccccn1,10.1031,0.2941399196735652,0.30309228372387303,0.16196250419448432,0.1411297795293887,0.38828758392422047
frozen_GE_teacher,O=C(C[C@@H]1C[C@@H]2c3cc(NC(=O)CC4CC4)ccc3O[C@@H]2[C@@H](CO)O1)NCc1cc(F)ccc1F,9.98574,0.22315546559918548,0.22697449995983376,-0.00283857199897428,0.22981307195880804,-0.0037989751293041173
frozen_GE_teacher,O=C(C[C@@H]1C[C@@H]2c3cc(NC(=O)CC4CC4)ccc3O[C@@H]2[C@@H](CO)O1)NCc1ccc(-c2ccccc2)cc1,9.71738,0.01829291843586597,0.018294959304016718,-0.010245119222725377,0.028540078526742094,0.4210089797637259
frozen_GE_teacher,O=C(C[C@@H]1C[C@@H]2c3cc(NC(=O)CC4CC4)ccc3O[C@@H]2[C@@H](CO)O1)NCc1ccc(Cl)cc1,10.0037,0.06918792886994447,0.06929864721600597,-0.05011972527809853,0.1194183724941045,0.39747608903745935
frozen_GE_teacher,O=C(C[C@@H]1C[C@@H]2c3cc(NC(=O)CC4CC4)ccc3O[C@@H]2[C@H](CO)O1)NCc1ccncc1,9.96761,0.1627420270154041,0.164202038310368,0.06598070541017213,0.09822133290019587,0.03573317516001902
frozen_GE_teacher,O=C(C[C@@H]1C[C@@H]2c3cc(NC(=O)Cc4ccncc4)ccc3O[C@@H]2[C@H](CO)O1)NCc1cc(F)ccc1F,10.1333,0.1732937808473864,0.17506043737765517,0.011462130270578684,0.16359830710707648,-0.00043697157598302123
frozen_GE_teacher,O=C(C[C@@H]1C[C@@H]2c3cc(NC(=O)Cc4ccncc4)ccc3O[C@@H]2[C@H](CO)O1)NCc1cccnc1,10.0481,0.18108118484883556,0.18310030207880326,0.05807816320982529,0.12502213886897798,-0.1423717681695821
frozen_GE_teacher,O=C(C[C@@H]1C[C@@H]2c3cc(NC(=O)NC4CCCC4)ccc3O[C@@H]2[C@H](CO)O1)NCc1ccccc1F,10.0531,0.02976966798175492,0.029778466949686645,-0.0817279839375808,0.11150645088726743,0.13285235088547215
frozen_GE_teacher,O=C(C[C@@H]1C[C@@H]2c3cc(NC(=O)Nc4ccc(C(F)(F)F)cc4)ccc3O[C@@H]2[C@H](CO)O1)NCc1ccc(Cl)cc1,9.94705,-0.12655084807553799,-0.1272329904786092,-0.004433226182486257,-0.12279976429612294,0.16646738090716062
frozen_GE_teacher,O=C(C[C@@H]1C[C@@H]2c3cc(NC(=O)Nc4ccccc4)ccc3O[C@@H]2[C@H](CO)O1)NC1CCCC1,9.72733,-0.08550888427923571,-0.0857182104543696,-0.023835540374446008,-0.061882670079923596,-0.00502660542771171
frozen_GE_teacher,O=C(C[C@@H]1C[C@@H]2c3cc(NC(=O)c4ccc5c(c4)OCO5)ccc3O[C@@H]2[C@H](CO)O1)NCc1ccccn1,10.0676,-0.12308182129996754,-0.1237090602221767,0.11883780628144272,-0.24254686650361942,-0.28741600879772233
frozen_GE_teacher,O=C(C[C@@H]1C[C@@H]2c3cc(NS(=O)(=O)c4ccccc4)ccc3O[C@@H]2[C@H](CO)O1)NCC1CC1,10.0709,0.3672726803597996,0.385266867860028,0.008287385473633016,0.376979482386395,0.05404696922208553
frozen_GE_teacher,O=C(C[C@@H]1C[C@H]2c3cc(NC(=O)C4CCC4)ccc3O[C@H]2[C@H](CO)O1)NCc1ccc(-c2ccccc2)cc1,10.1163,0.1611486880663897,0.1625657861395012,0.0031321442006102384,0.15943364193889098,0.10509000887601544
frozen_GE_teacher,O=C(C[C@@H]1C[C@H]2c3cc(NC(=O)C4CCC4)ccc3O[C@H]2[C@H](CO)O1)NCc1cccc(F)c1,9.93169,0.493199400142431,0.5402793566249628,-0.023608318054887365,0.5638876746798502,-0.200902560834609
frozen_GE_teacher,O=C(C[C@@H]1C[C@H]2c3cc(NC(=O)C4CCC4)ccc3O[C@H]2[C@H](CO)O1)NCc1ccncc1,10.203,-0.011401759005545409,-0.011402253120722633,-0.04694630058660651,0.035544047465883875,0.14861450548784988
frozen_GE_teacher,O=C(C[C@@H]1C[C@H]2c3cc(NC(=O)C4CCOCC4)ccc3O[C@H]2[C@H](CO)O1)NCCN1CCCCC1,10.0337,0.18982734315098687,0.19215805211719172,-0.17472912956993245,0.3668871816871242,0.3118155836770242
frozen_GE_teacher,O=C(C[C@@H]1C[C@H]2c3cc(NC(=O)C4CCOCC4)ccc3O[C@H]2[C@H](CO)O1)NCc1ccc2c(c1)OCO2,9.92487,0.2849462969517873,0.2930572775843928,-0.011154675871242173,0.304211953455635,-0.019070041586873206
frozen_GE_teacher,O=C(C[C@@H]1C[C@H]2c3cc(NC(=O)CC4CC4)ccc3O[C@H]2[C@H](CO)O1)NCC1CC1,10.0097,0.04377881278576276,0.043806813589625036,-0.030646043335915717,0.07445285692554075,-0.10499883041612937
frozen_GE_teacher,O=C(C[C@@H]1C[C@H]2c3cc(NC(=O)CC4CC4)ccc3O[C@H]2[C@H](CO)O1)NCc1ccc2c(c1)OCO2,10.0424,0.2875108568408582,0.29585069532238034,-0.012494055327482812,0.30834475064986316,-0.030275426190889885
frozen_GE_teacher,O=C(C[C@@H]1C[C@H]2c3cc(NC(=O)Cc4ccncc4)ccc3O[C@H]2[C@@H](CO)O1)NCCN1CCCCC1,10.0088,0.051871457384456345,0.05191805524729068,0.15420973575491567,-0.102291680507625,-0.18725427453528048
frozen_GE_teacher,O=C(C[C@@H]1C[C@H]2c3cc(NC(=O)Cc4ccncc4)ccc3O[C@H]2[C@@H](CO)O1)NCc1ccccn1,10.0104,-0.32890501599376026,-0.3415999515131982,-0.038687840928601176,-0.30291211058459705,-0.10377945598273702
frozen_GE_teacher,O=C(C[C@@H]1C[C@H]2c3cc(NC(=O)Cc4ccncc4)ccc3O[C@H]2[C@@H](CO)O1)NCc1cccnc1,9.99269,-0.11768653429546334,-0.11823441873429591,0.0751601644415627,-0.19339458317585861,0.041648783631576994
frozen_GE_teacher,O=C(C[C@@H]1C[C@H]2c3cc(NC(=O)Cc4ccncc4)ccc3O[C@H]2[C@H](CO)O1)NCCN1CCCCC1,9.87737,0.181052826439254,0.18307098241645048,0.04614182286310371,0.13692915955334678,0.10290111157912375
frozen_GE_teacher,O=C(C[C@@H]1C[C@H]2c3cc(NC(=O)NC4CCCC4)ccc3O[C@H]2[C@@H](CO)O1)NCCN1CCCCC1,9.79875,0.026759524772822566,0.026765914768755266,-0.14431151693874592,0.17107743170750117,0.1606849370796541
frozen_GE_teacher,O=C(C[C@@H]1C[C@H]2c3cc(NC(=O)NC4CCCC4)ccc3O[C@H]2[C@H](CO)O1)NCCN1CCCCC1,10.1145,0.11325640657022963,0.11374441508444763,0.037786734533588204,0.07595768055085943,-0.03816888781779172
frozen_GE_teacher,O=C(C[C@@H]1C[C@H]2c3cc(NC(=O)NC4CCCCC4)ccc3O[C@H]2[C@@H](CO)O1)NCc1cccnc1,9.79305,0.07273401711620689,0.07286268584546136,-0.07672540665646387,0.14958809250192523,0.16439823173930918
frozen_GE_teacher,O=C(C[C@@H]1C[C@H]2c3cc(NC(=O)Nc4ccc(C(F)(F)F)cc4)ccc3O[C@H]2[C@@H](CO)O1)NCCc1ccccc1,9.95674,0.2268380427718138,0.23085344855830628,0.03737445782836352,0.19347899072994276,0.12078270611632641
frozen_GE_teacher,O=C(C[C@@H]1C[C@H]2c3cc(NC(=O)Nc4ccc(C(F)(F)F)cc4)ccc3O[C@H]2[C@@H](CO)O1)NCc1ccc(Cl)cc1,9.84017,0.2060950063320118,0.20908967673975234,-0.01476913365496993,0.22385881039472227,0.0456567956725364
frozen_GE_teacher,O=C(C[C@@H]1C[C@H]2c3cc(NC(=O)Nc4ccc(C(F)(F)F)cc4)ccc3O[C@H]2[C@H](CO)O1)NCc1ccc(Cl)cc1,10.0025,-0.23365812090541038,-0.2380553645220746,-0.062134335499596564,-0.17592102902247803,0.24565036778963908
frozen_GE_teacher,O=C(C[C@@H]1C[C@H]2c3cc(NC(=O)Nc4ccccc4F)ccc3O[C@H]2[C@@H](CO)O1)NCC1CC1,10.0633,-0.261033349973283,-0.2672169957220756,0.03713825496799708,-0.30435525069007263,-0.17829448303457118
frozen_GE_teacher,O=C(C[C@@H]1C[C@H]2c3cc(NC(=O)Nc4ccccc4F)ccc3O[C@H]2[C@@H](CO)O1)NCc1ccncc1,10.0641,0.40520953315504393,0.4298662588029114,-0.02479210058988473,0.45465835939279614,0.09287579850091451
frozen_GE_teacher,O=C(C[C@@H]1C[C@H]2c3cc(NC(=O)Nc4ccccc4F)ccc3O[C@H]2[C@H](CO)O1)NC1CCCCC1,10.005,0.37064575719584175,0.389171490553131,0.1049476350287307,0.2842238555244003,0.1602402777464945
frozen_GE_teacher,O=C(C[C@@H]1C[C@H]2c3cc(NC(=O)Nc4ccccc4F)ccc3O[C@H]2[C@H](CO)O1)NCc1ccc2c(c1)OCO2,10.0957,0.13846591976542277,0.13936116817957792,-0.08985737735978427,0.2292185455393622,-0.2787760070956523
frozen_GE_teacher,O=C(C[C@@H]1C[C@H]2c3cc(NC(=O)c4ccc5c(c4)OCO5)ccc3O[C@H]2[C@@H](CO)O1)NCC1CC1,10.0324,0.37002247071965777,0.3884491348661624,0.113213966206597,0.2752351686595654,0.13325048672855533
frozen_GE_teacher,O=C(C[C@@H]1C[C@H]2c3cc(NC(=O)c4ccc5c(c4)OCO5)ccc3O[C@H]2[C@@H](CO)O1)NCc1ccc(Cl)cc1,10.0189,-0.1905000124871516,-0.19285595936199193,0.018248251272842006,-0.21110421063483392,0.03554052710444925
frozen_GE_teacher,O=C(C[C@@H]1C[C@H]2c3cc(NC(=O)c4ccc5c(c4)OCO5)ccc3O[C@H]2[C@@H](CO)O1)NCc1ccccn1,10.0584,0.40720698350927675,0.4322584313728618,0.1486166142029578,0.283641817169904,0.22341299652938934
frozen_GE_teacher,O=C(C[C@@H]1C[C@H]2c3cc(NC(=O)c4cccnc4)ccc3O[C@H]2[C@@H](CO)O1)NCCc1ccccc1,9.86644,0.17845761158225176,0.18038910933437613,0.11010498365085056,0.07028412568352557,0.11667623807630431
frozen_GE_teacher,O=C(C[C@@H]1C[C@H]2c3cc(NS(=O)(=O)c4ccc(F)cc4)ccc3O[C@H]2[C@@H](CO)O1)N1CCc2ccccc2C1,9.91188,0.13635831705473145,0.1372130027590756,0.11010089507713815,0.02711210768193746,0.24190899078652545
frozen_GE_teacher,O=C(C[C@@H]1C[C@H]2c3cc(NS(=O)(=O)c4ccc(F)cc4)ccc3O[C@H]2[C@@H](CO)O1)NC1CCCCC1,9.88975,-0.08083694409730813,-0.08101371704451552,-0.06606498069767881,-0.014948736346836702,-0.06993037062901251
frozen_GE_teacher,O=C(C[C@@H]1C[C@H]2c3cc(NS(=O)(=O)c4ccc(F)cc4)ccc3O[C@H]2[C@H](CO)O1)NCCN1CCCCC1,10.0813,0.14152300652085203,0.14247936946885206,0.03863301634944743,0.10384635311940463,0.3818527313988293
frozen_GE_teacher,O=C(C[C@@H]1C[C@H]2c3cc(NS(=O)(=O)c4ccc(F)cc4)ccc3O[C@H]2[C@H](CO)O1)NCc1ccc(Cl)cc1,10.1022,0.3176719683640404,0.32905563557970585,0.00483578194299618,0.3242198536367097,0.03372222227880939
frozen_GE_teacher,O=C(C[C@@H]1C[C@H]2c3cc(NS(=O)(=O)c4ccccc4)ccc3O[C@H]2[C@@H](CO)O1)NCC1CC1,10.1007,0.26907404428213577,0.27586532584423346,-0.019194596916068635,0.2950599227603021,0.03102896426496159
frozen_GE_teacher,O=C(C[C@H]1C=C[C@@H](NC(=O)CC2CC2)[C@H](CO)O1)NCC(F)(F)F,10.0034,-0.012235927609304722,-0.01223653831006054,-0.08785005123827658,0.07561351292821604,0.13011819867238372
frozen_GE_teacher,O=C(C[C@H]1C=C[C@@H](NC(=O)CCN2CCCCC2)[C@@H](CO)O1)Nc1ccc(-c2ccccc2)cc1,10.0083,0.20212122846765337,0.20494314755169626,0.030801248565155953,0.1741418989865403,0.003305478784258735
frozen_GE_teacher,O=C(C[C@H]1C=C[C@@H](NC(=O)CCN2CCCCC2)[C@H](CO)O1)Nc1nccs1,10.0531,-0.08234072641394799,-0.0825275770233907,-0.04470345862525446,-0.037824118398136236,0.18891454103129215
frozen_GE_teacher,O=C(C[C@H]1C=C[C@@H](NC(=O)CN2CCOCC2)[C@H](CO)O1)NC1CCCCC1,10.1016,0.17150441124369,0.17321625546417263,-0.03593647016614962,0.20915272563032225,0.180091168234208
frozen_GE_teacher,O=C(C[C@H]1C=C[C@@H](NC(=O)Cc2ccccn2)[C@@H](CO)O1)NCCCN1CCOCC1,9.96025,0.18141572815397297,0.1834462087693278,0.05459792754354429,0.1288482812257835,0.062095940940424886
frozen_GE_teacher,O=C(C[C@H]1C=C[C@@H](NC(=O)Cc2ccccn2)[C@@H](CO)O1)NCCc1ccncc1,9.93381,-0.1903154713980793,-0.192664476023127,0.027927403686254626,-0.22059187970938163,0.2599279895668033
frozen_GE_teacher,O=C(C[C@H]1C=C[C@@H](NC(=O)Nc2cc(F)ccc2F)[C@@H](CO)O1)Nc1ccccc1,10.0154,-0.15027934156026554,-0.151426219611719,0.011053866583774429,-0.16248008619549345,0.10179425379106084
frozen_GE_teacher,O=C(C[C@H]1C=C[C@@H](NC(=O)Nc2cc(F)ccc2F)[C@H](CO)O1)NCCCN1CCOCC1,10.0001,0.10288672753126177,0.1032520928849089,-0.2186664638343838,0.3219185567192927,-0.02216400504956817
frozen_GE_teacher,O=C(C[C@H]1C=C[C@@H](NC(=O)Nc2ccc(F)cc2)[C@@H](CO)O1)NCCN1CCCC1,10.037,0.15895023910359238,0.16030954056760813,-0.11710391576573041,0.2774134563333385,-0.096483838059913
frozen_GE_teacher,O=C(C[C@H]1C=C[C@@H](NC(=O)Nc2ccc3c(c2)OCO3)[C@H](CO)O1)NCc1ccc(Cl)cc1,10.08,-0.35313379026564634,-0.3690195099475153,0.005786199256340219,-0.37480570920385553,-0.18900963323329315
frozen_GE_teacher,O=C(C[C@H]1C=C[C@@H](NC(=O)c2ccc(F)cc2)[C@H](CO)O1)NCCc1ccncc1,10.0801,0.27291638241686095,0.28001221135901255,0.03602057981839889,0.24399163154061365,-0.14470467128733805
frozen_GE_teacher,O=C(C[C@H]1C=C[C@@H](NC(=O)c2cccc(F)c2)[C@@H](CO)O1)Nc1nccs1,10.104,0.4443021891552588,0.47757846450183067,-0.09142791839213646,0.5690063828939671,0.09002193098796163
frozen_GE_teacher,O=C(C[C@H]1C=C[C@@H](NC(=O)c2ccccn2)[C@H](CO)O1)NCc1cc(F)cc(F)c1,10.0452,-0.0870312832890377,-0.08725202522771017,-0.06972056804245816,-0.01753145718525201,0.24318479169659246
frozen_GE_teacher,O=C(C[C@H]1C=C[C@@H](NC(=O)c2ccncc2)[C@H](CO)O1)Nc1ccc(-c2ccccc2)cc1,10.0003,0.22697599693939427,0.23099889109640692,-0.017892692577702207,0.24889158367410913,0.016240942596850456
frozen_GE_teacher,O=C(C[C@H]1C=C[C@@H](NS(=O)(=O)c2ccc(F)cc2)[C@@H](CO)O1)NC1CCCCC1,10.0093,0.07746413310434672,0.07761963950958811,-0.03069450942931031,0.10831414893889843,0.2219993245073066
frozen_GE_teacher,O=C(C[C@H]1C=C[C@@H](NS(=O)(=O)c2ccc(F)cc2)[C@@H](CO)O1)NCc1ccncn1,10.1337,-0.054351444310674554,-0.05440505886759063,0.018528021301206024,-0.07293308016879665,0.048419577248684814
frozen_GE_teacher,O=C(C[C@H]1C=C[C@@H](NS(=O)(=O)c2ccc(F)cc2)[C@H](CO)O1)N1CCN(c2ccccc2)CC1,10.0011,0.3712113783839403,0.38982735018671505,0.041780058816561,0.34804729137015405,-0.06570233445310947
frozen_GE_teacher,O=C(C[C@H]1C=C[C@H](NC(=O)C2CC2)[C@H](CO)O1)NC1CCC1,9.99791,0.03733001158880586,0.0373473662624327,0.03111376518734569,0.006233601075087011,-0.18041901078566966
frozen_GE_teacher,O=C(C[C@H]1C=C[C@H](NC(=O)C2CC2)[C@H](CO)O1)NCc1ccccc1Cl,10.0886,0.06802180814570893,0.06812701190494867,-0.05393181734653797,0.12205882925148664,0.01898303522944348
frozen_GE_teacher,O=C(C[C@H]1C=C[C@H](NC(=O)CCN2CCCCC2)[C@@H](CO)O1)Nc1ccc(-c2ccccc2)cc1,9.97032,0.19896613179270944,0.20165583950134502,0.003746068464499956,0.19790977103684507,0.2741591645155787
frozen_GE_teacher,O=C(C[C@H]1C=C[C@H](NC(=O)Cc2cccnc2)[C@@H](CO)O1)Nc1ccccc1,10.1657,0.08894304540828869,0.08917870379874317,-0.12263216235192742,0.21181086615067057,0.022016927865493058
frozen_GE_teacher,O=C(C[C@H]1C=C[C@H](NC(=O)Nc2ccccc2)[C@@H](CO)O1)NCc1ccccn1,9.95468,0.6132003415086628,0.7140341970122339,-0.15231337101306652,0.8663475680253004,0.17338685536597692
frozen_GE_teacher,O=C(C[C@H]1C=C[C@H](NC(=O)c2ccc(F)cc2)[C@H](CO)O1)NCCc1ccncc1,10.0311,0.0614254024979059,0.06150283218337394,0.01956787271902441,0.04193495946434953,0.09408721740967355
frozen_GE_teacher,O=C(C[C@H]1C=C[C@H](NC(=O)c2cccc(F)c2)[C@H](CO)O1)Nc1nccs1,10.0627,-0.11879498763036037,-0.11935858907875867,-0.019784410911593525,-0.09957417816716514,-0.1160033484740246
frozen_GE_teacher,O=C(C[C@H]1C=C[C@H](NC(=O)c2cccnc2)[C@@H](CO)O1)NCc1ccc(Cl)c(Cl)c1,10.0157,0.3559824703712225,0.3722777976537848,0.00155853141249487,0.37071926624129,-0.29883219478555756
frozen_GE_teacher,O=C(C[C@H]1C=C[C@H](NC(=O)c2cccnc2)[C@H](CO)O1)NCc1ccc(Cl)c(Cl)c1,10.0502,-0.36323853830534203,-0.3806116560713244,-0.01742842197852555,-0.36318323409279885,0.40643798171195666
frozen_GE_teacher,O=C(C[C@H]1C=C[C@H](NS(=O)(=O)c2ccc(F)cc2)[C@H](CO)O1)NC1CCCCC1,10.0498,0.38336947965488577,0.40400372102826615,-0.059954447280572115,0.4639581683088383,0.18572244349824227
frozen_GE_teacher,O=C(C[C@H]1C=C[C@H](NS(=O)(=O)c2ccc(F)cc2)[C@H](CO)O1)NCc1ccncn1,10.1089,0.44680628455298643,0.4807028022332275,0.009757581959900646,0.47094522027332686,0.24512698927740725
frozen_GE_teacher,O=C(C[C@H]1CC[C@@H](NC(=O)C2CCC2)[C@@H](CO)O1)NCC1CC1,9.98617,0.40732127417141706,0.4323954482047537,0.07002754812149112,0.3623679000832626,0.1648595594907967
frozen_GE_teacher,O=C(C[C@H]1CC[C@@H](NC(=O)CC2CC2)[C@@H](CO)O1)NCC(F)(F)F,10.1832,0.18110063875602844,0.1831204155867334,0.009140429124502485,0.1739799864622309,0.2016780710520283
frozen_GE_teacher,O=C(C[C@H]1CC[C@@H](NC(=O)CCN2CCCCC2)[C@@H](CO)O1)NCc1ccc(Cl)c(Cl)c1,9.98148,0.033056028746610955,0.03306807676548552,-0.03491885872244635,0.06798693548793186,0.28946032536153676
frozen_GE_teacher,O=C(C[C@H]1CC[C@@H](NC(=O)CCN2CCCCC2)[C@H](CO)O1)Nc1ccc(-c2ccccc2)cc1,10.0534,-0.18311119657627828,-0.18519993644991722,-0.017374374597171265,-0.16782556185274597,-0.09385848369396843
frozen_GE_teacher,O=C(C[C@H]1CC[C@@H](NC(=O)CN2CCOCC2)[C@@H](CO)O1)NCc1cccc(F)c1,9.96807,0.5993904162779623,0.6921952497205072,-0.1400825564818997,0.8322778062024069,0.5170445092268181
frozen_GE_teacher,O=C(C[C@H]1CC[C@@H](NC(=O)Cc2ccccn2)[C@@H](CO)O1)NCCc1ccncc1,10.0466,0.1433421425592236,0.14433617514963346,0.08256100864721205,0.0617751665024214,-0.16649347634920264
frozen_GE_teacher,O=C(C[C@H]1CC[C@@H](NC(=O)NC2CCCC2)[C@@H](CO)O1)NCc1ccc(F)cc1,10.0012,0.6154004940530686,0.71756782014156,-0.12161182621468511,0.8391796463562451,0.39724770220425043
frozen_GE_teacher,O=C(C[C@H]1CC[C@@H](NC(=O)Nc2cc(F)ccc2F)[C@@H](CO)O1)NCc1ccccn1,10.0969,0.05681624429988589,0.0568774988850881,-0.09638301421159944,0.15326051309668753,0.030798933018016297
frozen_GE_teacher,O=C(C[C@H]1CC[C@@H](NC(=O)Nc2ccc(C(F)(F)F)cc2)[C@H](CO)O1)NCc1cc(F)cc(F)c1,10.092,-0.08977028899772575,-0.09001260582302248,0.016602707414708547,-0.10661531323773102,0.16976398979586918
frozen_GE_teacher,O=C(C[C@H]1CC[C@@H](NC(=O)Nc2ccc3c(c2)OCO3)[C@H](CO)O1)NCCCN1CCOCC1,10.0187,0.12258074125720118,0.12320030430111673,0.08676557541946897,0.036434728881647754,-0.08697055329794065
frozen_GE_teacher,O=C(C[C@H]1CC[C@@H](NC(=O)c2ccc(F)cc2)[C@H](CO)O1)NCCc1ccccc1,9.98156,0.44157415264770244,0.474184559224844,-0.15753705363707354,0.6317216128619175,-0.40735409615415824
frozen_GE_teacher,O=C(C[C@H]1CC[C@@H](NC(=O)c2ccc(F)cc2)[C@H](CO)O1)NCc1ccncn1,10.0645,0.38223799532259756,0.4026779613567071,0.09840210250021275,0.30427585885649433,-0.08074784847805255
frozen_GE_teacher,O=C(C[C@H]1CC[C@@H](NC(=O)c2cccc(F)c2)[C@@H](CO)O1)NCCN1CCCC1,10.0039,0.13065327213666164,0.13140440975913786,-0.08357634286275642,0.21498075262189428,-0.12095158733162151
frozen_GE_teacher,O=C(C[C@H]1CC[C@@H](NC(=O)c2ccccn2)[C@@H](CO)O1)NCc1cccc(F)c1,9.99087,-0.13410418158844517,-0.1349168758483625,-0.014300786399169896,-0.12061608944919261,0.143658621531766
frozen_GE_teacher,O=C(C[C@H]1CC[C@@H](NS(=O)(=O)c2ccc(F)cc2)[C@H](CO)O1)NC1CCC1,10.0287,0.658746012720904,0.7905950755464173,0.05505555510906448,0.7355395204373528,0.2101695872545912
frozen_GE_teacher,O=C(C[C@H]1CC[C@@H](NS(=O)(=O)c2cccc(F)c2)[C@@H](CO)O1)N1CCCCC1,10.0922,-0.16354045533465209,-0.16502229794099232,-0.003734172011521736,-0.1612881259294706,-0.13005081112109104
frozen_GE_teacher,O=C(C[C@H]1CC[C@@H](NS(=O)(=O)c2cccc(F)c2)[C@@H](CO)O1)NCc1ccc2c(c1)OCO2,9.90127,-0.16641465931725155,-0.16797692194301295,-0.018502171268568977,-0.14947475067444396,-0.18437802474972398
frozen_GE_teacher,O=C(C[C@H]1CC[C@@H]2NC[C@H](O)COC[C@H]2O1)NCCN1CCCCC1,10.1375,0.14298698730106293,0.14397358827312745,-0.0113797721377526,0.15535336041088005,0.028319624232186077
frozen_GE_teacher,O=C(C[C@H]1CC[C@@H]2NC[C@H](O)COC[C@H]2O1)Nc1ccc(-c2ccccc2)cc1,10.0206,0.054425730832975965,0.05447956579022983,-0.04134131777770645,0.09582088356793628,-0.14728515081844334
frozen_GE_teacher,O=C(C[C@H]1CC[C@@H]2[C@H](COC[C@@H](O)CN2C(=O)Nc2ccccc2)O1)NCc1ccncn1,9.99661,-0.13486832996182394,-0.13569509964839926,0.07869808852061774,-0.214393188169017,-0.029907224332657842
frozen_GE_teacher,O=C(C[C@H]1CC[C@@H]2[C@H](COC[C@@H](O)CN2C(=O)c2ccncc2)O1)NCc1cccc(F)c1,10.084,0.1542849100273946,0.15552688794886632,0.0671074223300905,0.08841946561877582,0.25374966948772165
frozen_GE_teacher,O=C(C[C@H]1CC[C@@H]2[C@H](COC[C@@H](O)CN2CCC(F)(F)F)O1)NCc1ccc(Oc2ccccc2)cc1,10.0664,0.4043160117858143,0.4287976667736887,0.07478203541326894,0.35401563136041975,0.15047226564700245
frozen_GE_teacher,O=C(C[C@H]1CC[C@@H]2[C@H](COC[C@@H](O)CN2Cc2ccc3c(c2)OCO3)O1)N1CCCCC1,9.9166,-0.046120440729688066,-0.046153183381671806,0.18468934217500577,-0.23084252555667756,-0.4741053912580258
frozen_GE_teacher,O=C(C[C@H]1CC[C@@H]2[C@H](COC[C@H](O)CN2C(=O)c2cnccn2)O1)NCc1ccc(F)cc1,10.1187,-0.1601603007533379,-0.16155121273079243,0.00022342422692038337,-0.1617746369577128,-0.20911348489646278
frozen_GE_teacher,O=C(C[C@H]1CC[C@@H]2[C@H](COC[C@H](O)CN2Cc2cocn2)O1)N[C@@H]1CCN(Cc2ccccc2)C1,10.0387,0.06974559005343056,0.06985901253034321,-0.09823732198862639,0.1680963345189696,0.21405526570038425
frozen_GE_teacher,O=C(C[C@H]1CC[C@H](NC(=O)C2CC2)[C@@H](CO)O1)Nc1ccccc1,10.1143,0.45123551971513715,0.48625060167822204,-0.11942056553577557,0.6056711672139976,0.14532260483857262
frozen_GE_teacher,O=C(C[C@H]1CC[C@H](NC(=O)C2CCOCC2)[C@@H](CO)O1)NCc1ccccc1Cl,10.013884,-0.08447252153302295,-0.08467430705978347,-0.1349896564991974,0.05031534943941392,0.13087492706112502
frozen_GE_teacher,O=C(C[C@H]1CC[C@H](NC(=O)C2CCOCC2)[C@@H](CO)O1)Nc1nccs1,10.0528,-0.02082605262832502,-0.020829064334980527,-0.01397159566527104,-0.006857468669709488,-0.023260488068025196
frozen_GE_teacher,O=C(C[C@H]1CC[C@H](NC(=O)C2CCOCC2)[C@H](CO)O1)Nc1nccs1,10.0418,-0.22765824237147825,-0.23171831121046932,0.023127161988599862,-0.2548454731990692,-0.017859911231150154
frozen_GE_teacher,O=C(C[C@H]1CC[C@H](NC(=O)CCN2CCCCC2)[C@@H](CO)O1)NCc1ccc(Cl)c(Cl)c1,10.0181,0.362868005342807,0.38018486933171414,-0.12601915113548737,0.5062040204672015,-0.20143660516472037
frozen_GE_teacher,O=C(C[C@H]1CC[C@H](NC(=O)Cc2ccccn2)[C@H](CO)O1)NCCc1ccncc1,10.0751,0.5082738623205061,0.5603996038048153,0.08112107493278152,0.4792785288720338,0.2534237648675593
frozen_GE_teacher,O=C(C[C@H]1CC[C@H](NC(=O)Nc2cc(F)ccc2F)[C@@H](CO)O1)Nc1ccc(-c2ccccc2)cc1,10.1039,0.0696577110679708,0.06977070451622634,0.02492447951823081,0.04484622499799554,0.17458916811464184
frozen_GE_teacher,O=C(C[C@H]1CC[C@H](NC(=O)Nc2cc(F)ccc2F)[C@H](CO)O1)Nc1ccc(-c2ccccc2)cc1,10.0282,0.5846222742456119,0.6694565281625753,0.06775637702976467,0.6017001511328106,0.5359627671602838
frozen_GE_teacher,O=C(C[C@H]1CC[C@H](NC(=O)Nc2ccc(C(F)(F)F)cc2)[C@H](CO)O1)NCCN1CCCC1,10.0864,-0.0172097786719638,-0.01721147801785846,-0.031468971918179336,0.014257493900320876,-0.10708637351425752
frozen_GE_teacher,O=C(C[C@H]1CC[C@H](NC(=O)Nc2ccc3c(c2)OCO3)[C@@H](CO)O1)NCCCN1CCOCC1,9.98599,0.07091610351305981,0.07103534476968784,0.12389981554436211,-0.052864470774674266,-0.2892246795933448
frozen_GE_teacher,O=C(C[C@H]1CC[C@H](NC(=O)c2ccc3c(c2)OCO3)[C@@H](CO)O1)NC1Cc2ccccc2C1,9.97739,0.24535619438405812,0.2504655053012607,0.04796885498213242,0.20249665031912828,0.018385185861538936
frozen_GE_teacher,O=C(C[C@H]1CC[C@H](NC(=O)c2ccc3c(c2)OCO3)[C@H](CO)O1)NCc1ccc(Oc2ccccc2)cc1,10.0728,0.09605085264352638,0.09634787947165001,-0.014706209977610112,0.11105408944926012,-0.004879404290296742
frozen_GE_teacher,O=C(C[C@H]1CC[C@H](NC(=O)c2cccc(F)c2)[C@H](CO)O1)NCCN1CCCC1,10.0193,0.07824133248112908,0.07840157829520593,-0.05831888086753717,0.1367204591627431,-0.12858936879560892
frozen_GE_teacher,O=C(C[C@H]1CC[C@H](NC(=O)c2ccccn2)[C@@H](CO)O1)NCc1cccc(F)c1,9.97593,0.03380246939466837,0.03381535254005319,-0.027686814130657725,0.061502166670710914,-0.008953962475960232
frozen_GE_teacher,O=C(C[C@H]1CC[C@H](NC(=O)c2cccnc2)[C@@H](CO)O1)NCc1ccc(Cl)c(Cl)c1,10.0838,0.33738145279351645,0.35113468019215477,0.02281857781578698,0.32831610237636777,-0.30986357707622103
frozen_GE_teacher,O=C(C[C@H]1CC[C@H](NS(=O)(=O)c2ccc(F)cc2)[C@@H](CO)O1)NCCc1ccncc1,9.91465,-0.24366817479121244,-0.24867014754040917,0.06443636168936212,-0.3131065092297713,-0.2082602066102601
frozen_GE_teacher,O=C(C[C@H]1CC[C@H](NS(=O)(=O)c2ccc(F)cc2)[C@@H](CO)O1)NCc1ccc(Cl)c(Cl)c1,10.0301,0.6214033833063239,0.7272880184173384,0.05619228919361859,0.6710957292237197,0.08106136274405198
frozen_GE_teacher,O=C(C[C@H]1CC[C@H](NS(=O)(=O)c2ccc(F)cc2)[C@H](CO)O1)NCCc1ccncc1,10.01,0.17390453827754568,0.17569017296218845,-0.009425928564689316,0.18511610152687777,0.06079673811600836
frozen_GE_teacher,O=C(C[C@H]1CC[C@H](NS(=O)(=O)c2cccc(F)c2)[C@H](CO)O1)N1CCCCC1,9.92525,-0.1578239274533479,-0.1591542465357271,0.0024542737422590874,-0.1616085202779862,-0.06840029146066423
frozen_GE_teacher,O=C(C[C@H]1CC[C@H]2NC[C@@H](O)COC[C@@H]2O1)NCc1ccc2c(c1)OCO2,9.99917,0.08952667849119118,0.08976702159144585,0.0407786522195257,0.04898836937192015,0.2120461984313169
frozen_GE_teacher,O=C(C[C@H]1CC[C@H]2NC[C@H](O)COC[C@@H]2O1)NCCN1CCCCC1,10.0597,0.3360935766920273,0.3496820916429478,0.03391608642446525,0.3157660052184825,0.10103342100934173
frozen_GE_teacher,O=C(C[C@H]1CC[C@H]2[C@@H](COC[C@@H](O)CN2Cc2ccc(Oc3ccccc3)cc2)O1)N1CCc2ccccc2C1,10.0497,0.4317572999327917,0.462054616779767,-0.06615870325839442,0.5282133200381615,0.30279107645493114
frozen_GE_teacher,O=C(C[C@H]1CC[C@H]2[C@@H](COC[C@@H](O)CN2Cc2ccc3c(c2)OCO3)O1)N1CCCCC1,10.0386,-0.16688536477580557,-0.16846107337475758,-0.0398929889371608,-0.12856808443759676,-0.2122144198578378
frozen_GE_teacher,O=C(C[C@H]1CC[C@H]2[C@@H](COC[C@@H](O)CN2Cc2cccc(C(F)(F)F)c2)O1)NCCc1ccncc1,10.136,0.0033765893172547877,0.003376602149907542,-0.08959155829234816,0.0929681604422557,0.06453476589856222
frozen_GE_teacher,O=C(C[C@H]1CC[C@H]2[C@@H](COC[C@H](O)CN2Cc2ccc3c(c2)OCO3)O1)N1CCCCC1,10.0921,0.021263161284339614,0.02126636666845188,0.15695770577140558,-0.1356913391029537,-0.144613217675004
frozen_GE_teacher,O=C(C[C@H]1CC[C@H]2[C@@H](COC[C@H](O)CN2Cc2cccc(C(F)(F)F)c2)O1)NCCc1ccncc1,9.85493,0.21868145111040943,0.22227091785368036,0.19477245348032135,0.02749846437335901,-0.18141938062432666
frozen_GE_teacher,O=C(C[C@H]1C[C@@H]2c3cc(NC(=O)C4CCC4)ccc3O[C@@H]2[C@@H](CO)O1)NCc1ccccn1,9.9999,0.3591163546880925,0.3758710542443031,0.10912360042625632,0.26674745381804676,-0.2755534934163749
frozen_GE_teacher,O=C(C[C@H]1C[C@@H]2c3cc(NC(=O)C4CCC4)ccc3O[C@@H]2[C@H](CO)O1)NCCc1ccccc1,10.1611,0.3239888548235911,0.33609737790008093,0.009627688852956404,0.32646968904712453,0.15036952854961116
frozen_GE_teacher,O=C(C[C@H]1C[C@@H]2c3cc(NC(=O)C4CCOCC4)ccc3O[C@@H]2[C@H](CO)O1)NCc1ccc(Cl)cc1,9.94042,0.2450464782957813,0.25013597673452237,0.012146161826529098,0.23798981490799326,-0.04306997045797452
frozen_GE_teacher,O=C(C[C@H]1C[C@@H]2c3cc(NC(=O)C4CCOCC4)ccc3O[C@@H]2[C@H](CO)O1)NCc1ccc(Oc2ccccc2)cc1,10.1099,-0.18215005001293502,-0.18420562561085724,0.007855307282766686,-0.19206093289362391,0.06053551950530819
frozen_GE_teacher,O=C(C[C@H]1C[C@@H]2c3cc(NC(=O)CC4CC4)ccc3O[C@@H]2[C@@H](CO)O1)NCc1ccc(-c2ccccc2)cc1,10.0199,0.0525300438800427,0.05257844126499603,0.013046901056772496,0.03953154020822353,-0.15054584957899828
frozen_GE_teacher,O=C(C[C@H]1C[C@@H]2c3cc(NC(=O)CC4CC4)ccc3O[C@@H]2[C@@H](CO)O1)NCc1ccc2c(c1)OCO2,10.0353,0.2964308968197738,0.3056021021727254,-0.009289958717974372,0.31489206089069977,-0.0499889751918889
frozen_GE_teacher,O=C(C[C@H]1C[C@@H]2c3cc(NC(=O)CC4CC4)ccc3O[C@@H]2[C@H](CO)O1)NCCN1CCCCC1,9.97841,0.14059077003798567,0.14152820760031082,-0.06612751817369766,0.20765572577400848,0.09628362872476193
frozen_GE_teacher,O=C(C[C@H]1C[C@@H]2c3cc(NC(=O)Cc4ccncc4)ccc3O[C@@H]2[C@H](CO)O1)NCCN1CCCCC1,9.92051,0.16297447896134773,0.16444082351217768,0.058953393288335335,0.10548743022384234,-0.03248922460046476
frozen_GE_teacher,O=C(C[C@H]1C[C@@H]2c3cc(NC(=O)Cc4ccncc4)ccc3O[C@@H]2[C@H](CO)O1)NCc1ccccn1,10.0228,-0.07924705546759926,-0.07941357641329888,-0.02351410265359735,-0.05589947375970153,0.005197532844626932
frozen_GE_teacher,O=C(C[C@H]1C[C@@H]2c3cc(NC(=O)NC4CCCC4)ccc3O[C@@H]2[C@@H](CO)O1)NCc1ccccc1F,10.0735,0.23257764444149298,0.2369127962516656,-0.02332778913452251,0.2602405853861881,-0.0019003982972975002
frozen_GE_teacher,O=C(C[C@H]1C[C@@H]2c3cc(NC(=O)NC4CCCCC4)ccc3O[C@@H]2[C@@H](CO)O1)NCc1cccnc1,10.0285,0.19018367746448622,0.19252773267750778,0.02652317303955248,0.1660045596379553,0.053544177127489184
frozen_GE_teacher,O=C(C[C@H]1C[C@@H]2c3cc(NC(=O)NC4CCCCC4)ccc3O[C@@H]2[C@H](CO)O1)NCc1cccnc1,9.97203,0.17478556689486696,0.1765988210935892,-0.04068976287245379,0.217288583966043,0.013608466545667393
frozen_GE_teacher,O=C(C[C@H]1C[C@@H]2c3cc(NC(=O)Nc4ccc(C(F)(F)F)cc4)ccc3O[C@@H]2[C@@H](CO)O1)NCCc1ccccc1,9.95324,0.2689269783584186,0.27570678791330955,0.19158355315063857,0.08412323476267097,0.1563244118995017
frozen_GE_teacher,O=C(C[C@H]1C[C@@H]2c3cc(NC(=O)Nc4ccc(C(F)(F)F)cc4)ccc3O[C@@H]2[C@@H](CO)O1)NCc1ccc2c(c1)OCO2,10.0609,0.3072831858468876,0.31754254032783563,0.03034854373277787,0.2871939965950578,0.23861422578460637
frozen_GE_teacher,O=C(C[C@H]1C[C@@H]2c3cc(NC(=O)Nc4ccc(C(F)(F)F)cc4)ccc3O[C@@H]2[C@@H](CO)O1)NCc1cccnc1,10.0498,-0.017453677197127204,-0.017455449830631152,0.06838366418420827,-0.08583911401483943,0.004976542026258787
frozen_GE_teacher,O=C(C[C@H]1C[C@@H]2c3cc(NC(=O)Nc4ccccc4)ccc3O[C@@H]2[C@H](CO)O1)NCCN1CCCCC1,9.97078,-0.2740978952570012,-0.28128925513002945,0.01439086003987704,-0.2956801151699065,-0.024100053757016855
frozen_GE_teacher,O=C(C[C@H]1C[C@@H]2c3cc(NC(=O)Nc4ccccc4F)ccc3O[C@@H]2[C@@H](CO)O1)NCC1CC1,9.9753,0.11773951284587192,0.11828814168910051,-0.05812012947790325,0.17640827116700375,0.2228798050887258
frozen_GE_teacher,O=C(C[C@H]1C[C@@H]2c3cc(NC(=O)Nc4ccccc4F)ccc3O[C@@H]2[C@@H](CO)O1)NCc1ccc2c(c1)OCO2,9.96151,0.028014163953738694,0.028021495849953948,-0.21501649316611254,0.2430379890160665,0.09482082037296197
frozen_GE_teacher,O=C(C[C@H]1C[C@@H]2c3cc(NC(=O)Nc4ccccc4F)ccc3O[C@@H]2[C@H](CO)O1)NCC(F)(F)F,10.1154,0.33860164413566257,0.35251224210649323,0.05444995576340693,0.2980622863430863,-0.043131127060368694
frozen_GE_teacher,O=C(C[C@H]1C[C@@H]2c3cc(NC(=O)Nc4ccccc4F)ccc3O[C@@H]2[C@H](CO)O1)NCC1CC1,10.2485,-0.07232770803308082,-0.07245422797162986,0.07016952334011753,-0.14262375131174737,0.003794541586415831
frozen_GE_teacher,O=C(C[C@H]1C[C@@H]2c3cc(NC(=O)Nc4ccccc4F)ccc3O[C@@H]2[C@H](CO)O1)NCc1ccccn1,10.0161,0.24147729833456386,0.24634229554061696,-0.0027971002876200014,0.24913939582823696,0.1995549672955585
frozen_GE_teacher,O=C(C[C@H]1C[C@@H]2c3cc(NC(=O)c4ccc5c(c4)OCO5)ccc3O[C@@H]2[C@@H](CO)O1)NC1CCCCC1,10.0037,0.19843261627974437,0.2011003941916818,0.022997354547460443,0.17810303964422136,0.18784036636343715
frozen_GE_teacher,O=C(C[C@H]1C[C@@H]2c3cc(NC(=O)c4ccc5c(c4)OCO5)ccc3O[C@@H]2[C@@H](CO)O1)NCC(F)(F)F,9.99389,-0.12330454099317835,-0.12393521212426421,-0.0873495707633391,-0.03658564136092511,0.09880122233165198
frozen_GE_teacher,O=C(C[C@H]1C[C@@H]2c3cc(NC(=O)c4ccc5c(c4)OCO5)ccc3O[C@@H]2[C@@H](CO)O1)NCCN1CCCCC1,10.0869,0.5208354448087905,0.5774855100764431,-0.1616984969802821,0.7391840070567253,0.0868000371327614
frozen_GE_teacher,O=C(C[C@H]1C[C@@H]2c3cc(NC(=O)c4ccc5c(c4)OCO5)ccc3O[C@@H]2[C@@H](CO)O1)NCCc1ccccc1,9.9136,0.23506359771400884,0.23954252387844413,-0.03153423136683921,0.27107675524528335,0.05331421589563963
frozen_GE_teacher,O=C(C[C@H]1C[C@@H]2c3cc(NC(=O)c4ccc5c(c4)OCO5)ccc3O[C@@H]2[C@@H](CO)O1)NCc1ccccn1,10.0315,-0.013706878742205617,-0.013707737248370763,0.08770184796306339,-0.10140958521143416,0.10353875026803842
frozen_GE_teacher,O=C(C[C@H]1C[C@@H]2c3cc(NC(=O)c4ccc5c(c4)OCO5)ccc3O[C@@H]2[C@H](CO)O1)NCc1ccccn1,9.71844,-0.26110856702482005,-0.26729771440104544,0.033874219107900574,-0.301171933508946,-0.12906104021609804
frozen_GE_teacher,O=C(C[C@H]1C[C@@H]2c3cc(NS(=O)(=O)c4ccc(F)cc4)ccc3O[C@@H]2[C@@H](CO)O1)NCc1ccc(Cl)cc1,10.1358,-0.26000126459457745,-0.266109763153173,0.0285349544140826,-0.2946447175672556,0.027830729501880116
frozen_GE_teacher,O=C(C[C@H]1C[C@@H]2c3cc(NS(=O)(=O)c4ccccc4)ccc3O[C@@H]2[C@H](CO)O1)NCC1CC1,9.98994,0.4757369971742715,0.5174596654465364,0.06079499254574869,0.4566646729007877,-0.2228618268798195
frozen_GE_teacher,O=C(C[C@H]1C[C@H]2c3cc(NC(=O)C4CCC4)ccc3O[C@H]2[C@@H](CO)O1)NC1CCCC1,10.0372,-0.10868313784676296,-0.10911411907897098,0.16474540794498982,-0.27385952702396077,0.21083163211474648
frozen_GE_teacher,O=C(C[C@H]1C[C@H]2c3cc(NC(=O)C4CCC4)ccc3O[C@H]2[C@@H](CO)O1)NCc1ccncc1,9.9333,-0.0820199119745792,-0.08220458119497882,-0.00010322345934759419,-0.08210135773563124,0.11911301057163476
frozen_GE_teacher,O=C(C[C@H]1C[C@H]2c3cc(NC(=O)C4CCOCC4)ccc3O[C@H]2[C@H](CO)O1)NCCN1CCCCC1,10.0769,0.41417844497520373,0.440644403804922,-0.1729743225761963,0.6136187263811183,0.11581189566940675
frozen_GE_teacher,O=C(C[C@H]1C[C@H]2c3cc(NC(=O)C4CCOCC4)ccc3O[C@H]2[C@H](CO)O1)NCc1ccc(Oc2ccccc2)cc1,10.1311,0.0706703062022104,0.07078830939585745,0.029220852348043013,0.041567457047814435,0.1396561891966885
frozen_GE_teacher,O=C(C[C@H]1C[C@H]2c3cc(NC(=O)CC4CC4)ccc3O[C@H]2[C@@H](CO)O1)NCC(F)(F)F,9.82753,-0.5267731954397972,-0.5856684944345729,-0.09936149421336939,-0.48630700022120354,-0.016422914573007666
frozen_GE_teacher,O=C(C[C@H]1C[C@H]2c3cc(NC(=O)CC4CC4)ccc3O[C@H]2[C@@H](CO)O1)NCc1ccc(Cl)cc1,10.0438,0.3220606020786748,0.3339444801108311,-0.07381728208441854,0.4077617621952496,-0.3200753394966893
frozen_GE_teacher,O=C(C[C@H]1C[C@H]2c3cc(NC(=O)CC4CC4)ccc3O[C@H]2[C@H](CO)O1)NCc1ccc(Cl)cc1,9.98133,-0.11367141569172524,-0.11416483674561728,0.04406359260918828,-0.15822842935480558,-0.06858379627933607
frozen_GE_teacher,O=C(C[C@H]1C[C@H]2c3cc(NC(=O)CC4CC4)ccc3O[C@H]2[C@H](CO)O1)NCc1ccccn1,9.94485,0.009727056595304465,0.009727363389917155,-0.004293960598204494,0.01402132398812165,-0.07195729553198792
frozen_GE_teacher,O=C(C[C@H]1C[C@H]2c3cc(NC(=O)Cc4ccncc4)ccc3O[C@H]2[C@H](CO)O1)NCc1cccc(F)c1,10.0376,0.04491807332462907,0.04494831934865031,0.13546604527082043,-0.09051772592217011,-0.21648071524553
frozen_GE_teacher,O=C(C[C@H]1C[C@H]2c3cc(NC(=O)Cc4ccncc4)ccc3O[C@H]2[C@H](CO)O1)NCc1ccccn1,10.0641,0.323141448290839,0.3351508780426056,0.00593038804772624,0.3292204899948794,0.12575803345731867
frozen_GE_teacher,O=C(C[C@H]1C[C@H]2c3cc(NC(=O)Cc4ccncc4)ccc3O[C@H]2[C@H](CO)O1)NCc1cccnc1,9.95851,0.11482383612872343,0.11533249824376839,0.057684625860915384,0.057647872382853,-0.19854213012847993
frozen_GE_teacher,O=C(C[C@H]1C[C@H]2c3cc(NC(=O)NC4CCCC4)ccc3O[C@H]2[C@H](CO)O1)NCC1CC1,10.0513,0.12912744052531835,0.12985239296746756,-0.02601317373784729,0.15586556670531485,-0.17447623953666092
frozen_GE_teacher,O=C(C[C@H]1C[C@H]2c3cc(NC(=O)Nc4ccc(C(F)(F)F)cc4)ccc3O[C@H]2[C@@H](CO)O1)NCCc1ccccc1,9.88278,0.3717523672994895,0.39045494667876934,-0.029929324125234386,0.42038427080400376,-0.08191070547758739
frozen_GE_teacher,O=C(C[C@H]1C[C@H]2c3cc(NC(=O)Nc4ccc(C(F)(F)F)cc4)ccc3O[C@H]2[C@@H](CO)O1)NCc1ccccn1,10.0822,-0.10476246244613063,-0.10514826829097507,0.04366064476658915,-0.14880891305756422,-0.048257120861959706
frozen_GE_teacher,O=C(C[C@H]1C[C@H]2c3cc(NC(=O)Nc4ccccc4)ccc3O[C@H]2[C@H](CO)O1)NC1CCCC1,9.91602,0.26691100336593004,0.2735349135434626,-0.03157598600414412,0.30511089954760673,0.33783291297985824
frozen_GE_teacher,O=C(C[C@H]1C[C@H]2c3cc(NC(=O)Nc4ccccc4)ccc3O[C@H]2[C@H](CO)O1)NCCN1CCCCC1,10.1769,0.31840538658807194,0.3298715861109867,0.09015348455606648,0.23971810155492024,0.05250231912972064
frozen_GE_teacher,O=C(C[C@H]1C[C@H]2c3cc(NC(=O)Nc4ccccc4F)ccc3O[C@H]2[C@@H](CO)O1)NCC(F)(F)F,10.056,-0.12888527746032852,-0.12960613145940558,0.036228115603090756,-0.16583424706249633,-0.06876547883341975
frozen_GE_teacher,O=C(C[C@H]1C[C@H]2c3cc(NC(=O)Nc4ccccc4F)ccc3O[C@H]2[C@@H](CO)O1)NCc1ccc2c(c1)OCO2,10.0355,0.04455783881874522,0.044587362388994765,0.06707091257075107,-0.022483550181756302,-0.05974619791876585
frozen_GE_teacher,O=C(C[C@H]1C[C@H]2c3cc(NC(=O)c4ccc5c(c4)OCO5)ccc3O[C@H]2[C@@H](CO)O1)NCC1CC1,9.85144,0.35370154555102284,0.36966830201591694,0.18033549205042265,0.1893328099654943,-0.33465923727829894
frozen_GE_teacher,O=C(C[C@H]1C[C@H]2c3cc(NC(=O)c4ccc5c(c4)OCO5)ccc3O[C@H]2[C@@H](CO)O1)NCc1ccc(Oc2ccccc2)cc1,10.0282,0.48330739359636815,0.5272907364743632,-0.09631480833295494,0.6236055448073181,-0.04629108218547909
frozen_GE_teacher,O=C(C[C@H]1C[C@H]2c3cc(NC(=O)c4ccc5c(c4)OCO5)ccc3O[C@H]2[C@@H](CO)O1)NCc1cccnc1,10.0892,0.45410619913363276,0.4898611209007593,-0.036729406733056386,0.5265905276338156,0.13295570398892678
frozen_GE_teacher,O=C(C[C@H]1C[C@H]2c3cc(NC(=O)c4cccnc4)ccc3O[C@H]2[C@@H](CO)O1)NCc1cc(F)ccc1F,10.0991,0.41425914335022035,0.44074181587039457,0.17817402184585407,0.2625677940245405,-0.35693660762616203
frozen_GE_teacher,O=C(C[C@H]1C[C@H]2c3cc(NC(=O)c4cccnc4)ccc3O[C@H]2[C@H](CO)O1)NCC(F)(F)F,9.96604,-0.0023420465006256004,-0.0023420507828233158,0.014593816167906351,-0.016935866950729666,-0.46035888705793115
frozen_GE_teacher,O=C(C[C@H]1C[C@H]2c3cc(NC(=O)c4cccnc4)ccc3O[C@H]2[C@H](CO)O1)NCC1CC1,9.96784,-0.016058707830614243,-0.01606008846199578,0.048810121226357646,-0.06487020968835343,0.23052232008619783
frozen_GE_teacher,O=C(C[C@H]1C[C@H]2c3cc(NS(=O)(=O)c4ccc(F)cc4)ccc3O[C@H]2[C@H](CO)O1)NCc1ccc(Cl)cc1,10.0966,0.039616562021896756,0.039637307255605575,0.010497079897749464,0.02914022735785611,0.3269251649099796
frozen_GE_teacher,O=C(C[C@H]1C[C@H]2c3cc(NS(=O)(=O)c4ccccc4)ccc3O[C@H]2[C@@H](CO)O1)N1CCOCC1,9.94068,-0.07072674553497106,-0.07084503224540639,-0.0989353604697772,0.02809032822437081,0.14745097141995528
frozen_GE_teacher,O=C(C[C@H]1C[C@H]2c3cc(NS(=O)(=O)c4ccccc4)ccc3O[C@H]2[C@@H](CO)O1)NCC1CC1,10.0178,0.09314773058469837,0.09341854055102054,0.0769241275063109,0.016494413044709638,0.11231381468491504
frozen_GE_teacher,O=C(Cc1ccccc1)N[C@H]1C=C[C@@H](CC(=O)N2CCOCC2)O[C@@H]1CO,10.035,0.07352097907742144,0.0736538788566429,0.01993240369844084,0.05372147515820206,0.11071778178969469
frozen_GE_teacher,O=C(Cc1ccccc1)N[C@H]1C=C[C@H](CC(=O)N2CCOCC2)O[C@H]1CO,10.0276,-0.1369937610429425,-0.13786054304317907,-0.048545499237844625,-0.08931504380533445,-0.08633436559218927
frozen_GE_teacher,O=C(Cc1ccccn1)NCC[C@@H]1CC[C@@H](NC(=O)c2ccccc2F)[C@@H](CO)O1,10.0347,-0.05228057517905403,-0.052328285555952675,-0.01806952292267087,-0.0342587626332818,0.07243224118087184
frozen_GE_teacher,O=C(Cc1ccccn1)NCC[C@@H]1CC[C@H](NC(=O)Nc2ccc(Cl)cc2)[C@@H](CO)O1,10.041,0.4362648562810006,0.4676083175217388,0.06463963737619118,0.40296868014554765,0.09574500183833655
frozen_GE_teacher,O=C(Cc1ccccn1)NCC[C@@H]1CC[C@H](NC(=O)Nc2ccc(Cl)cc2)[C@H](CO)O1,10.1029,0.5300104231645535,0.5901596546883972,0.039383729342166274,0.5507759253462309,0.9784557769508541
frozen_GE_teacher,O=C(Cc1ccccn1)N[C@@H]1CC[C@@H](CCNC(=O)c2cc(Cl)cc(Cl)c2)O[C@H]1CO,10.057,-0.1751482939392103,-0.17697300313713066,-0.008901020480094703,-0.16807198265703596,-0.07189912303475232
frozen_GE_teacher,O=C(Cc1ccccn1)N[C@@H]1CC[C@@H](CCn2cc(-c3ccccc3)nn2)O[C@H]1CO,10.0553,0.06484372560521724,0.06493483857149088,0.06709294752533483,-0.002158108953843954,0.051304492003141564
frozen_GE_teacher,O=C(Cc1ccccn1)N[C@H]1CC[C@@H](CCNC(=O)c2cc(Cl)cc(Cl)c2)O[C@@H]1CO,10.03,0.22233416194318537,0.22611031972493106,0.050047797184784054,0.176062522540147,0.13842919508356819
frozen_GE_teacher,O=C(Cc1ccccn1)N[C@H]1CC[C@H](CCNC(=O)c2cc(Cl)cc(Cl)c2)O[C@H]1CO,9.9083,0.43459007678372924,0.46554171535612143,-1.830269253711228e-05,0.46556001804865854,0.04497889417074463
frozen_GE_teacher,O=C(Cc1ccccn1)N[C@H]1CC[C@H](CCn2cc(-c3ccccc3)nn2)O[C@@H]1CO,10.0251,0.5166401230083058,0.5717456293290523,-0.011087310255612326,0.5828329395846645,0.49725441377059726
frozen_GE_teacher,O=C(Cc1cccnc1)N[C@H]1CC[C@@H](CCNS(=O)(=O)c2ccccc2Cl)O[C@H]1CO,9.94791,-0.13282589085612556,-0.13361540187962315,0.07313211988236731,-0.20674752176199046,0.0235386660962002
frozen_GE_teacher,O=C(Cc1ccncc1)NCC[C@@H]1CC[C@@H](NC(=O)Nc2cccc(F)c2)[C@H](CO)O1,10.1054,-0.25179879577627884,-0.2573324505446335,0.005179539792657568,-0.26251199033729106,5.0520708179778787e-05
frozen_GE_teacher,O=C(Cc1ccncc1)NCC[C@@H]1CC[C@H](NC(=O)Nc2cccc(F)c2)[C@@H](CO)O1,10.0223,0.1136034349953672,0.11409596669832474,0.06994987793394283,0.044146088764381905,0.011392350008483404
frozen_GE_teacher,O=C(Cc1ccncc1)NCC[C@H]1CC[C@H](NC(=O)Nc2cccc(F)c2)[C@H](CO)O1,9.93299,-0.15577160548678826,-0.15705019450164012,0.08529121653456428,-0.2423414110362044,0.2429404262374515
frozen_GE_teacher,O=C(Cc1ccncc1)NCC[C@H]1CC[C@H](NS(=O)(=O)c2ccccc2Cl)[C@H](CO)O1,10.0637,-0.004400283033134831,-0.004400311433611315,0.025492246483715755,-0.02989255791732707,-0.020635666302226588
frozen_GE_teacher,O=C(Cc1ccncc1)N[C@@H]1CC[C@@H](CCn2cc(-c3ccccc3F)nn2)O[C@@H]1CO,9.96734,0.20074094468223821,0.20350449074354898,0.0018323340169296987,0.20167215672661928,-0.14114520017100093
frozen_GE_teacher,O=C(Cc1ccncc1)Nc1ccc2c(c1)[C@@H]1C[C@@H](CC(=O)N3CCc4ccccc4C3)O[C@@H](CO)[C@@H]1O2,10.2233,-0.1335887581427158,-0.1343920502030238,0.026107938648824547,-0.16049998885184835,-0.030304543276759677
frozen_GE_teacher,O=C(Cc1ccncc1)Nc1ccc2c(c1)[C@@H]1C[C@H](CC(=O)N3CCc4ccccc4C3)O[C@@H](CO)[C@@H]1O2,9.99644,0.14684009635957868,0.14790935342970413,0.008323600495166124,0.139585752934538,0.30702329020184566
frozen_GE_teacher,O=C(Cn1ccnc1)c1ccc(O)c(O)c1,20.0,0.48818861653765283,0.5336794001470935,0.1310207825539343,0.4026586175931592,0.06399275471896779
frozen_GE_teacher,O=C(Cn1nnc(-c2ccncc2)n1)N1CCc2ccccc21,10.0,0.3803574907637606,0.4004775410724174,-0.07732830992483963,0.47780585099725703,0.16201256124488406
frozen_GE_teacher,O=C(NC(NC(=S)Nc1ccc(F)c([N+](=O)[O-])c1)C(Cl)(Cl)Cl)C(c1ccccc1)c1ccccc1,10.0,0.6591575268927913,0.791322411875014,0.19741054292405547,0.5939118689509585,0.6656449694762167
frozen_GE_teacher,O=C(NC1CCC1)[C@H]1[C@H](CO)[C@H]2Cn3c(ccc(-c4ccc(F)cc4)c3=O)[C@H]2N1Cc1ccccn1,10.1209,0.18859044250315474,0.19087522610365842,-0.021979605111325295,0.21285483121498372,0.132146894155151
frozen_GE_teacher,O=C(NC1CCCC1)[C@@H]1[C@@H](CO)[C@@H]2Cn3c(ccc(C4=CCCC4)c3=O)[C@H]1N2C(=O)c1ccccc1,9.98508,0.1339673924863765,0.13477758429073863,0.03747522603342208,0.09730235825731656,-0.16196587184184286
frozen_GE_teacher,O=C(NC1CCCC1)[C@H]1[C@H](CO)[C@H]2Cn3c(ccc(C4=CCCC4)c3=O)[C@@H]1N2C(=O)c1ccccc1,10.1502,0.2730279516060318,0.280132763334627,0.06757420446982497,0.21255855886480202,-0.14052060031967095
frozen_GE_teacher,O=C(NC1CCCCC1)C(c1ccccc1F)N(Cc1ccco1)C(=O)Cn1nnc2ccccc21,10.0,0.43052568761703325,0.4605417965549584,0.07552833429938775,0.38501346225557065,0.1310170709519204
frozen_GE_teacher,O=C(NC1CCCCC1)N1CCc2ccccc21,10.0,0.428024330311337,0.4574753629108631,0.14367361908436255,0.31380174382650056,-0.05946687411908791
frozen_GE_teacher,O=C(NC1CCCCC1)N[C@@H]1CC[C@@H](CCNS(=O)(=O)c2ccc(Cl)cc2)O[C@@H]1CO,10.067,-0.0064803411842336775,-0.006480431900110663,0.08278539566971958,-0.08926582756983024,-0.036887313220957466
frozen_GE_teacher,O=C(NC1CCCCC1)N[C@H]1CC[C@@H](CCNS(=O)(=O)c2ccc(Cl)cc2)O[C@@H]1CO,9.99186,0.28533328167970307,0.2934785105381288,0.05055880475758755,0.24291970578054123,0.2004931102776718
frozen_GE_teacher,O=C(NC1CCCCC1)N[C@H]1CC[C@H](CCNS(=O)(=O)c2ccc(Cl)cc2)O[C@@H]1CO,10.0553,-0.15751552516042625,-0.15883798198471344,0.024762010445896123,-0.18359999243060957,-0.1310978486938234
frozen_GE_teacher,O=C(NC1Cc2ccccc2C1)[C@@H]1N[C@@H]2c3cccc(=O)n3C[C@@H]2[C@H]1CO,9.98167,-0.14342455518540884,-0.14442031764328428,-0.036076889816313906,-0.10834342782697037,0.023803819847286543
frozen_GE_teacher,O=C(NC1Cc2ccccc2C1)[C@H]1[C@H](CO)[C@H]2Cn3c(cccc3=O)[C@H]2N1C(=O)c1cnccn1,9.84123,0.3615908944107617,0.3787148806015883,-0.0456158982641727,0.424330778865761,-0.08015720970981594
frozen_GE_teacher,O=C(NCC(F)(F)F)[C@@H]1[C@@H](CO)[C@@H]2Cn3c(cccc3=O)[C@@H]2N1C(=O)C1CC1,10.0653,0.21877392251060918,0.22236803553893242,-0.02675408732859287,0.24912212286752528,0.32774336571293144
frozen_GE_teacher,O=C(NCC(F)(F)F)[C@@H]1[C@@H](CO)[C@@H]2Cn3c(cccc3=O)[C@@H]2N1Cc1cccc(F)c1,10.049,0.009338278321788447,0.009338549779329193,0.004337013018026073,0.00500153676130312,-0.2778714537543143
frozen_GE_teacher,O=C(NCC(F)(F)F)[C@@H]1[C@@H](CO)[C@@H]2Cn3c(cccc3=O)[C@H]1N2CC1CCOCC1,10.0459,0.44005075440822816,0.47229374565789484,0.01093442711334352,0.4613593185445513,0.10193289879312623
frozen_GE_teacher,O=C(NCC(F)(F)F)[C@H]1[C@H](CO)[C@H]2Cn3c(cccc3=O)[C@H]2N1Cc1cccc(F)c1,10.0908,0.22891924952159723,0.2330486501914195,-0.059402952294313006,0.2924516024857325,0.11097525415512524
frozen_GE_teacher,O=C(NCC1CC1)[C@@H]1N[C@@H]2c3ccc(C4=CCCCC4)c(=O)n3C[C@@H]2[C@H]1CO,10.0021,-0.3040098917959471,-0.3139319401539952,0.13307651565470713,-0.44700845580870235,0.01439111939562468
frozen_GE_teacher,O=C(NCC1CC1)[C@@H]1[C@@H](CO)[C@@H]2Cn3c(ccc(-c4cccc(F)c4)c3=O)[C@@H]2N1CC1CCOCC1,9.97662,0.09200889895140807,0.09226986377427868,0.04319081622182515,0.04907904755245353,-0.23627158180285868
frozen_GE_teacher,O=C(NCC1CC1)[C@@H]1[C@@H](CO)[C@@H]2Cn3c(ccc(-c4ccncc4)c3=O)[C@H]1N2Cc1nccs1,10.0785,-0.42913272342338743,-0.458833154916666,-0.06754888923595372,-0.3912842656807123,0.405081042709474
frozen_GE_teacher,O=C(NCC1CC1)[C@H]1[C@H](CO)[C@H]2Cn3c(ccc(-c4cccc(F)c4)c3=O)[C@H]2N1CC1CCOCC1,10.0274,0.10106133763135468,0.1014075212986101,-0.0020297072614940403,0.10343722856010414,0.10943384072186323
frozen_GE_teacher,O=C(NCC1CC1)[C@H]1[C@H](CO)[C@H]2Cn3c(ccc(-c4ccccc4F)c3=O)[C@@H]1N2Cc1cccnc1,10.0243,0.07120005316684587,0.07132073543438602,0.010612496491696648,0.060708238942689376,0.034329829152672374
frozen_GE_teacher,O=C(NCC1CC1)[C@H]1[C@H](CO)[C@H]2Cn3c(ccc(C4=CCCC4)c3=O)[C@@H]1N2CCC(F)(F)F,9.99778,-0.2487964761564605,-0.2541294642889589,0.009048172292510781,-0.26317763658146964,-0.21337116082116114
frozen_GE_teacher,O=C(NCCCN1CCOCC1)c1cc2ccccc2oc1=O,10.0,0.3948706989877102,0.4175574225922925,0.11652818770002107,0.3010292348922714,0.1363736356546916
frozen_GE_teacher,O=C(NCCCNCc1ccccc1)c1ccccn1,10.0,0.3503802530634479,0.3658771568562255,0.18562846215982226,0.18024869469640326,0.1624608160477221
frozen_GE_teacher,O=C(NCCN1CCCCC1)[C@@H]1N[C@@H]2c3ccc(-c4cccnc4)c(=O)n3C[C@@H]2[C@H]1CO,9.98998,0.09438424364662418,0.09466602170712926,-0.15209234174841268,0.24675836345554195,0.24357051665036056
frozen_GE_teacher,O=C(NCCN1CCCCC1)[C@@H]1[C@@H](CO)[C@@H]2Cn3c(cccc3=O)[C@@H]2N1Cc1ccccn1,9.9049,0.30983529226978784,0.3203632006189396,-0.05674449312289895,0.3771076937418385,0.3076378966687974
frozen_GE_teacher,O=C(NCCN1CCOCC1)c1cc2c(=O)n3ccccc3nc2n1Cc1ccccc1,10.0,0.47816609775537516,0.5206040664789102,-0.00745563326559283,0.5280596997445031,0.24852003525977423
frozen_GE_teacher,O=C(NCC[C@@H]1CC[C@@H](NC(=O)c2cccnc2)[C@H](CO)O1)Nc1ccc(C(F)(F)F)cc1,10.2174,0.2773151408649332,0.28477118006443464,-0.1322223768614984,0.41699355692593304,-0.327013962527699
frozen_GE_teacher,O=C(NCC[C@@H]1CC[C@@H](NS(=O)(=O)c2ccc(F)cc2)[C@@H](CO)O1)Nc1ccc(Cl)cc1,9.90708,0.043094672460759015,0.043121379995432724,-0.17358487309435527,0.216706253089788,-0.09903675592695271
frozen_GE_teacher,O=C(NCC[C@@H]1CC[C@@H](NS(=O)(=O)c2ccc(F)cc2)[C@H](CO)O1)Nc1ccc(Cl)cc1,10.1096,-0.32711798476307785,-0.33959746934336543,-0.11391903393369016,-0.22567843540967528,-0.14782775039888782
frozen_GE_teacher,O=C(NCC[C@@H]1CC[C@@H](NS(=O)(=O)c2ccccc2)[C@@H](CO)O1)c1cc(Cl)cc(Cl)c1,10.0348,-0.06803471943323977,-0.06813998322171892,-0.01037992767972036,-0.05776005554199856,-0.10272793049530526
frozen_GE_teacher,O=C(NCC[C@@H]1CC[C@H](NC(=O)C2CCC2)[C@H](CO)O1)c1cnccn1,10.0683,0.05342443020202534,0.053475344886061066,-0.011153646261895082,0.06462899114795614,0.07398777306987145
frozen_GE_teacher,O=C(NCC[C@@H]1CC[C@H](NC(=O)C2CCCCC2)[C@@H](CO)O1)c1ccc(F)cc1,10.0264,0.6430760713002267,0.7634013715048965,-0.012325001624400474,0.7757263731292969,-0.4453487628904706
frozen_GE_teacher,O=C(NCC[C@@H]1CC[C@H](NC(=O)c2ccccc2F)[C@@H](CO)O1)c1ccc2c(c1)OCO2,10.005,-0.182604652971978,-0.18467586959873425,-0.02364088643345059,-0.16103498316528367,0.1893433406399178
frozen_GE_teacher,O=C(NCC[C@@H]1CC[C@H](NC(=O)c2ccccc2F)[C@H](CO)O1)c1ccc2c(c1)OCO2,10.087,-0.016203263016056256,-0.01620468127199562,0.03694254326309938,-0.053147224535094996,-0.08722912823855335
frozen_GE_teacher,O=C(NCC[C@@H]1CC[C@H](NS(=O)(=O)c2ccccc2F)[C@@H](CO)O1)c1ccc(F)cc1,10.0613,-0.07889768124546402,-0.07906200400228974,0.01203908095490756,-0.0911010849571973,0.07678556655501839
frozen_GE_teacher,O=C(NCC[C@H]1CC[C@@H](NC(=O)C2CCCCC2)[C@@H](CO)O1)Nc1ccc(Cl)cc1,10.0343,0.2852751831960139,0.2934152638701966,-0.1874353742312353,0.4808506381014319,0.19256133167020795
frozen_GE_teacher,O=C(NCC[C@H]1CC[C@@H](NC(=O)C2CCCCC2)[C@H](CO)O1)Nc1ccc(Cl)cc1,10.1258,0.5890556396484569,0.6762186761885977,-0.11015497872269801,0.7863736549112956,-0.244311756368981
frozen_GE_teacher,O=C(NCC[C@H]1CC[C@@H](NC(=O)C2CCOCC2)[C@H](CO)O1)c1cc(Cl)cc(Cl)c1,10.0724,0.6145922113467974,0.7162678690057763,0.11921793170568078,0.5970499373000956,0.35316434130786917
frozen_GE_teacher,O=C(NCC[C@H]1CC[C@@H](NC(=O)c2cnccn2)[C@H](CO)O1)Nc1ccc(Cl)cc1,10.1576,0.4567407114043365,0.4931850562848517,0.09625053896827407,0.39693451731657764,0.02155955779001649
frozen_GE_teacher,O=C(NCC[C@H]1CC[C@@H](NS(=O)(=O)c2ccc(F)cc2)[C@@H](CO)O1)Nc1ccc(Cl)cc1,10.0347,0.21244475092772708,0.21573026486866853,-0.05901267074435089,0.27474293561301943,0.01838110689577753
frozen_GE_teacher,O=C(NCC[C@H]1CC[C@H](NC(=O)C2CCC2)[C@H](CO)O1)c1cnccn1,10.2331,-0.035676464343519336,-0.03569161236835071,-0.007535900411599211,-0.028155711956751497,0.1588280543208145
frozen_GE_teacher,O=C(NCC[C@H]1CC[C@H](NC(=O)C2CCCCC2)[C@H](CO)O1)Nc1ccc(Cl)cc1,10.0124,-0.2017090202901567,-0.2045134194748038,-0.0026484419739999897,-0.20186497750080382,0.22957838452700463
frozen_GE_teacher,O=C(NCC[C@H]1CC[C@H](NC(=O)c2ccc3c(c2)OCO3)[C@@H](CO)O1)Nc1cc(F)ccc1F,9.96386,0.08985212768161262,0.09009510998995189,-0.16488186713373315,0.25497697712368506,-0.04078676527928557
frozen_GE_teacher,O=C(NCC[C@H]1CC[C@H](NC(=O)c2cccnc2)[C@H](CO)O1)Nc1ccc(C(F)(F)F)cc1,10.1539,0.10665562530161826,0.1070628257790772,-0.010389462315550949,0.11745228809462815,0.023605558793612272
frozen_GE_teacher,O=C(NCC[C@H]1CC[C@H](NS(=O)(=O)c2cccc(F)c2)[C@@H](CO)O1)C1CC1,10.0113,0.3446600235845694,0.3593711702880197,-0.16387496668316698,0.5232461369711867,-0.02386709164552725
frozen_GE_teacher,O=C(NCC[C@H]1CC[C@H](NS(=O)(=O)c2ccccc2F)[C@@H](CO)O1)c1ccc(F)cc1,10.0099,0.009238263754538583,0.009238526582796823,-0.026350613052652315,0.03558913963544914,0.14095206412470057
frozen_GE_teacher,O=C(NCCc1ccc2c(c1)OCCO2)c1ccccc1F,10.0,0.29850218968596204,0.3078744696586617,0.13226309078201717,0.17561137887664455,0.0813318443981404
frozen_GE_teacher,O=C(NCCc1ccncc1)[C@@H]1[C@@H](CO)[C@@H]2Cn3c(ccc(-c4ccc(F)cc4)c3=O)[C@H]1N2,10.0286,-0.11113304777234337,-0.11159398658141997,-0.05836807818690903,-0.05322590839451095,0.04380454166122909
frozen_GE_teacher,O=C(NCCc1nc2ccccc2[nH]1)c1cc([N+](=O)[O-])cc([N+](=O)[O-])c1,10.0,-0.16368659285411913,-0.16517245507492476,0.09387385569919185,-0.2590463107741166,-0.13505386079512724
frozen_GE_teacher,O=C(NCCc1nc2ccccc2[nH]1)c1ccc(Cl)c([N+](=O)[O-])c1,10.0,0.15923061866904198,0.16059720074654096,-0.012257038944938773,0.17285423969147973,0.006950184083674332
frozen_GE_teacher,O=C(NCSc1ccncn1)c1ccccc1,10.0,0.36233313114965593,0.37956902432312345,0.11553324396168298,0.2640357803614405,-0.03585034658527325
frozen_GE_teacher,O=C(NCc1ccc(F)cc1)[C@@H]1[C@@H](CO)[C@@H]2Cn3c(cccc3=O)[C@H]1N2C(=O)Cc1ccccn1,10.1196,0.1275951210559034,0.12829440276269274,0.0043137812851730215,0.12398062147751972,0.08649742019556513
frozen_GE_teacher,O=C(NCc1ccc(F)cc1)[C@H]1[C@H](CO)[C@H]2Cn3c(ccc(C4=CCCCC4)c3=O)[C@@H]1N2,9.98574,0.588664160480556,0.6756193914175768,-0.026713456064193213,0.7023328474817699,0.5917545204764048
frozen_GE_teacher,O=C(NCc1ccccc1)[C@H]1[C@H](CO)[C@H]2Cn3c(ccc(-c4cccc(F)c4)c3=O)[C@@H]1N2,10.0354,-0.37359661324737814,-0.39259664631089924,0.05976698432278477,-0.452363630633684,0.03390719057348399
frozen_GE_teacher,O=C(NCc1ccccn1)C(=O)Nc1nc(-c2ccccc2)cs1,10.0,0.25172189703399395,0.25725034786587575,0.11134246452763549,0.14590788333824026,-0.05467120626750443
frozen_GE_teacher,O=C(NCc1ccccn1)[C@H]1[C@H](CO)[C@H]2Cn3c(ccc(C4=CCCC4)c3=O)[C@@H]1N2Cc1cccnc1,10.0562,0.34124728178810937,0.35550352057605406,-0.07314527507767979,0.4286487956537338,-0.08635253064955098
frozen_GE_teacher,O=C(NCc1ccncn1)[C@H]1[C@H](CO)[C@H]2Cn3c(cccc3=O)[C@@H]1N2CC1CC1,10.0165,0.02867234640316639,0.028680207492724107,0.0468060232400524,-0.01812581574732829,-0.13565357713745466
frozen_GE_teacher,O=C(NN=C(S)Nc1ccc(F)cc1)c1ccccc1OC(F)F,10.0,0.2634036445231112,0.26976230346023994,0.00037197693342740003,0.26939032652681255,0.06805034675245125
frozen_GE_teacher,O=C(NN=C1CCCC1C(=O)C(F)(F)F)c1ccccc1O,10.0,0.05974744306750311,0.05981869034793234,0.06820238072636224,-0.008383690378429898,-0.0449171756460807
frozen_GE_teacher,O=C(NN=Cc1cc2c(cc1Br)OCO2)c1cc2ccccc2o1,10.0,-0.05126242467523129,-0.05130739869197182,0.030503392993637954,-0.08181079168560977,0.1564682386080361
frozen_GE_teacher,O=C(NN=Cc1cccs1)c1cccc2cc[nH]c12,10.0,0.11285644638670253,0.11333927651304924,0.02591305171700267,0.08742622479604657,-0.24585058199111592
frozen_GE_teacher,O=C(NNC(=S)NC(=O)c1ccccc1[N+](=O)[O-])c1ccccc1Cl,10.0,0.31848297266774744,0.3299579278179115,0.0243851212975429,0.3055728065203686,0.20276546952372887
frozen_GE_teacher,O=C(NNc1c(Cl)cc(Cl)cc1Cl)c1cccc([N+](=O)[O-])c1,10.0,0.6195100767908154,0.7242096334135568,0.016179150485191918,0.7080304829283649,-0.28850257928724754
frozen_GE_teacher,O=C(NNc1nc2ccccc2s1)c1ccc(F)cc1,10.0,-0.010928967173790424,-0.010929402332054151,0.32802584784701394,-0.3389552501790681,-0.20163312206152154
frozen_GE_teacher,O=C(N[C@@H]1C=C[C@@H](CC(=O)N2CCCCC2)O[C@H]1CO)c1ccc2c(c1)OCO2,10.0542,-0.08620359438964675,-0.08641807953439772,-0.02020603241672777,-0.06621204711766995,0.1558012118139806
frozen_GE_teacher,O=C(N[C@@H]1C=C[C@@H](CC(=O)N2CCOCC2)O[C@@H]1CO)c1cccc(F)c1,9.97418,0.045590217024776385,0.04562184240759689,0.02271211343997607,0.02290972896762082,-0.019690827184022132
frozen_GE_teacher,O=C(N[C@@H]1C=C[C@@H](CC(=O)N2CCc3ccccc3C2)O[C@@H]1CO)C1CC1,10.014834,0.3199112668702101,0.3315482558495266,-0.041173274458534734,0.3727215303080613,-0.15020223237495572
frozen_GE_teacher,O=C(N[C@@H]1C=C[C@H](CC(=O)N2CCC(Cc3ccccc3)CC2)O[C@@H]1CO)c1cnccn1,10.0345,0.5553483422455435,0.6260818148848846,0.027010614867209626,0.599071200017675,0.9138960528598004
frozen_GE_teacher,O=C(N[C@@H]1CC[C@@H](CC(=O)N2CCOCC2)O[C@@H]1CO)c1cccc(F)c1,9.96992,0.19626269247874692,0.19884253454086348,0.0023129744677737995,0.1965295600730897,0.25780959715234103
frozen_GE_teacher,O=C(N[C@@H]1CC[C@@H](CC(=O)N2CCOCC2)O[C@@H]1CO)c1ccccn1,9.9398,0.5184948291059384,0.5742789544494409,0.11658583379441011,0.45769312065503076,0.07509326009966312
frozen_GE_teacher,O=C(N[C@@H]1CC[C@@H](CC(=O)N2CCOCC2)O[C@H]1CO)c1ccccn1,10.0649,-0.07310701237795486,-0.07323767507995696,-0.008386034345238188,-0.06485164073471877,-0.17072194129880686
frozen_GE_teacher,O=C(N[C@@H]1CC[C@@H](CCNC(=O)C2CCCCC2)O[C@@H]1CO)c1ccccn1,10.0473,0.09609323899162248,0.09639066068340617,-0.033347730120424184,0.12973839080383034,0.13557068080726517
frozen_GE_teacher,O=C(N[C@@H]1CC[C@@H](CCNC(=O)c2ccccc2F)O[C@@H]1CO)c1cnccn1,10.0036,-0.07185315720659032,-0.07197719799668263,-0.015643723573645574,-0.05633347442303706,-0.11743255515209339
frozen_GE_teacher,O=C(N[C@@H]1CC[C@@H](CCNS(=O)(=O)Cc2ccccc2)O[C@@H]1CO)c1cnccn1,10.0141,0.15044232313103584,0.15159297116536696,0.009566433045979726,0.14202653811938723,0.09362630244773693
frozen_GE_teacher,O=C(N[C@@H]1CC[C@@H](CCNS(=O)(=O)c2ccc(F)cc2)O[C@@H]1CO)C1CCOCC1,10.1337,-0.31152142839851227,-0.3222294718229899,-0.0849103882660818,-0.2373190835569081,0.0050404275787939296
frozen_GE_teacher,O=C(N[C@@H]1CC[C@@H](CCn2cc(-c3ccccn3)nn2)O[C@@H]1CO)c1ccc(F)cc1,10.0807,-0.0991648553790972,-0.09949183826265737,-0.008020547512196316,-0.09147129075046105,-0.2111703424757867
frozen_GE_teacher,O=C(N[C@@H]1CC[C@@H](CCn2cc(C3(O)CCCC3)nn2)O[C@H]1CO)c1ccccc1F,9.9734,-0.28949926164411227,-0.2980196329938729,0.10667053016588594,-0.40469016315975886,0.28719140456194014
frozen_GE_teacher,O=C(N[C@@H]1CC[C@H](CC(=O)N2CCN(c3ccccc3)CC2)O[C@H]1CO)c1ccccc1,10.0296,-0.6673799256803223,-0.8060039229651829,0.03865911473879728,-0.8446630377039801,-0.363522717862945
frozen_GE_teacher,O=C(N[C@@H]1CC[C@H](CC(=O)N2CCOCC2)O[C@@H]1CO)c1ccccn1,9.86744,0.33611693436689954,0.34970842399822794,0.20311335740127884,0.1465950665969491,0.162782181052391
frozen_GE_teacher,O=C(N[C@@H]1CC[C@H](CCNC(=O)C2CCCCC2)O[C@H]1CO)c1ccccn1,10.0304,0.014572583913334596,0.014573615590410812,0.012065816335644573,0.002507799254766239,-0.15247823564936303
frozen_GE_teacher,O=C(N[C@@H]1CC[C@H](CCNS(=O)(=O)Cc2ccccc2)O[C@@H]1CO)c1ccc2c(c1)OCO2,10.0522,0.24904988780187384,0.2543996152316675,0.0008474415987753791,0.2535521736328921,0.07147956434393649
frozen_GE_teacher,O=C(N[C@@H]1CC[C@H](CCNS(=O)(=O)Cc2ccccc2)O[C@H]1CO)c1cnccn1,10.068,0.2243573675586065,0.22823974925666485,-0.07736725034073443,0.3056069995973993,0.13444491461248254
frozen_GE_teacher,O=C(N[C@@H]1CC[C@H](CCn2cc(-c3ccccc3F)nn2)O[C@@H]1CO)c1ccc2c(c1)OCO2,10.0324,0.2695087261582783,0.2763339945791542,0.0960046862834114,0.18032930829574279,-0.12718403079160281
frozen_GE_teacher,O=C(N[C@@H]1CC[C@H](CCn2cc(Cc3ccccc3)nn2)O[C@H]1CO)c1ccccn1,10.0615,0.04285292631299505,0.04287918657640547,0.023891483918932775,0.018987702657472696,0.14711042984995712
frozen_GE_teacher,O=C(N[C@H]1C=C[C@@H](CC(=O)N2CCC(Cc3ccccc3)CC2)O[C@H]1CO)c1cnccn1,10.0337,-0.027684691755886295,-0.02769176791521233,-0.018370608628123397,-0.009321159287088931,-0.3648118600501309
frozen_GE_teacher,O=C(N[C@H]1C=C[C@@H](CC(=O)N2CCOCC2)O[C@H]1CO)c1cccc(F)c1,10.0021,-0.11065121866454716,-0.11110615861135693,0.011081427987443498,-0.12218758659880043,0.35270116055416634
frozen_GE_teacher,O=C(N[C@H]1C=C[C@H](CC(=O)N2CCCCC2)O[C@H]1CO)c1ccc2c(c1)OCO2,9.98452,0.11669219942854088,0.11722623808426412,-0.010916631687315766,0.12814286977157988,-0.022050562653683787
frozen_GE_teacher,O=C(N[C@H]1C=C[C@H](CC(=O)N2CCCCC2)O[C@H]1CO)c1ccccn1,10.0549,-0.18788053029526977,-0.19013923581193273,-0.02718405188742074,-0.162955183924512,-0.03868610617888535
frozen_GE_teacher,O=C(N[C@H]1C=C[C@H](CC(=O)N2CCN(c3ccccc3)CC2)O[C@@H]1CO)c1ccncc1,10.0121,0.6757445452210322,0.8212406021468728,0.05220198982577243,0.7690386123211004,0.2527976053499663
frozen_GE_teacher,O=C(N[C@H]1C=C[C@H](CC(=O)N2CCc3ccccc3C2)O[C@@H]1CO)C1CC1,10.143,0.1677876143818305,0.16938931521560635,0.09419828895095633,0.07519102626465002,0.1796660776920958
frozen_GE_teacher,O=C(N[C@H]1CC[C@@H](CC(=O)N2CCN(c3ccccc3)CC2)O[C@@H]1CO)c1ccccc1,10.082,0.04595192005873447,0.045984304800888526,-0.11315069979617198,0.1591350045970605,-0.27931761333480093
frozen_GE_teacher,O=C(N[C@H]1CC[C@@H](CC(=O)N2CCOCC2)O[C@@H]1CO)c1ccccn1,10.0774,0.5819936495929715,0.6654722546925709,0.08736483011933058,0.5781074245732403,0.6469991971409461
frozen_GE_teacher,O=C(N[C@H]1CC[C@@H](CC(=O)N2CCc3ccccc3C2)O[C@@H]1CO)C1CCOCC1,10.0293,0.1590106881729631,0.16037155709148185,-0.039166229559845174,0.19953778665132701,-0.011784541769215028
frozen_GE_teacher,O=C(N[C@H]1CC[C@@H](CC(=O)N2CCc3ccccc3C2)O[C@H]1CO)C1CCOCC1,10.1753,0.19269713599629318,0.19513681413852443,0.026881480226913713,0.1682553339116107,0.11452874787659191
frozen_GE_teacher,O=C(N[C@H]1CC[C@@H](CCNC(=O)c2cnccn2)O[C@H]1CO)c1ccc2c(c1)OCO2,9.93443,-0.06788445869392976,-0.06798902528200769,-0.06303729726003635,-0.004951728021971344,0.061880209743493356
frozen_GE_teacher,O=C(N[C@H]1CC[C@@H](CCNS(=O)(=O)Cc2ccccc2)O[C@H]1CO)c1ccc2c(c1)OCO2,10.1605,0.32101023145006374,0.33277299534380905,-0.00949170618063998,0.34226470152444904,0.17231061152660815
frozen_GE_teacher,O=C(N[C@H]1CC[C@@H](CCn2cc(-c3cccnc3)nn2)O[C@H]1CO)c1ccccc1F,10.0186,-0.12239025579404166,-0.12300691751389684,-0.01662617139855377,-0.10638074611534307,-0.32069911186588657
frozen_GE_teacher,O=C(N[C@H]1CC[C@@H](CCn2cc(C3CC3)nn2)O[C@H]1CO)c1cccnc1,10.073,0.03972469414140758,0.039745609817324834,0.03766343383864816,0.002082175978676673,-0.005123962064210591
frozen_GE_teacher,O=C(N[C@H]1CC[C@@H](CCn2cc(Cc3ccccc3)nn2)O[C@@H]1CO)c1ccccn1,10.0312,-0.07326509051162164,-0.07339660447126975,-0.011686478741523822,-0.06171012572974593,-0.24148767038019456
frozen_GE_teacher,O=C(N[C@H]1CC[C@H](CCNS(=O)(=O)c2cccc(Cl)c2)O[C@@H]1CO)c1ccncc1,10.0288,0.0768935419738828,0.07704562922905933,-0.06179592565951955,0.13884155488857888,0.04060551951089608
frozen_GE_teacher,O=C(N[C@H]1CC[C@H](CCNS(=O)(=O)c2ccccc2)O[C@H]1CO)c1cccnc1,10.1115,0.27387508574419317,0.2810483621152611,0.007115837651563872,0.2739325244636972,0.13334852768552663
frozen_GE_teacher,O=C(N[C@H]1CC[C@H](CCn2cc(C3(O)CCCC3)nn2)O[C@H]1CO)c1ccccc1F,10.2217,-0.07830851735306864,-0.07846917734410183,0.022248237623618747,-0.10071741496772058,-0.007395369527362755
frozen_GE_teacher,O=C(N[C@H]1CN2CCC1CC2)c1ccc(Cl)cc1,10.0,0.13709096774760848,0.13795961029124296,0.03314959864037649,0.10481001165086647,-0.11613578434540421
frozen_GE_teacher,O=C(Nc1cc(F)ccc1F)N[C@H]1CC[C@@H](CCNC(=O)c2cnccn2)O[C@H]1CO,10.0039,0.545045362648427,0.6113054169929821,-0.05836995753657126,0.6696753745295534,-0.16109989464940802
frozen_GE_teacher,O=C(Nc1cc(F)ccc1F)N[C@H]1CC[C@H](CCNC(=O)c2cnccn2)O[C@@H]1CO,10.0598,0.3705825082924024,0.38909817083133325,-0.1034180961315478,0.49251626696288103,-0.40514294369294107
frozen_GE_teacher,O=C(Nc1cc(Sc2ccccn2)cc([N+](=O)[O-])c1)c1cccc(Cl)c1,10.0,0.08752641992719187,0.08775096258052059,0.10566547577308372,-0.017914513192563125,-0.23163594857311395
frozen_GE_teacher,O=C(Nc1ccc(-c2nc3ccccc3o2)cc1)c1ccc(N2C(=O)C3C4C=CC(C4)C3C2=O)cc1,10.0,-0.0657866843722409,-0.06588183737877376,0.017434970837033274,-0.08331680821580703,-0.044375259112833215
frozen_GE_teacher,O=C(Nc1ccc(C(F)(F)F)cc1)N[C@@H]1CC[C@@H](CCNC(=O)c2ccccc2F)O[C@H]1CO,10.0997,0.056792129269741934,0.05685330579070702,-0.041531468299152066,0.09838477408985909,0.038232196239104205
frozen_GE_teacher,O=C(Nc1ccc(C(F)(F)F)cc1)N[C@H]1C=C[C@H](CC(=O)N2CCCCC2)O[C@H]1CO,9.98224,0.13600405353803582,0.13685204516597124,0.04830213956863072,0.08854990559734052,-0.1858168466535425
frozen_GE_teacher,O=C(Nc1ccc(C(F)(F)F)cc1)Nc1ccc2c(c1)[C@@H]1C[C@H](CC(=O)N3CCc4ccccc4C3)O[C@@H](CO)[C@@H]1O2,10.0089,-0.04231790121885882,-0.042343189429202496,-0.17914460744171837,0.13680141801251589,0.3179650569115427
frozen_GE_teacher,O=C(Nc1ccc(Cl)c(Cl)c1)C1CC(=O)N(c2ccc(Br)cc2)C1,10.0,0.20786943101027963,0.2109435238394434,0.05463895029212085,0.15630457354732255,-0.06868371165923623
frozen_GE_teacher,O=C(Nc1ccc(Cl)c(Cl)c1)N[C@@H]1CC[C@@H](CCn2cc(C3CCCCC3)nn2)O[C@@H]1CO,10.1242,0.24285365464234054,0.24780439571168542,0.023126835550222803,0.22467756016146262,-0.23169280958919572
frozen_GE_teacher,O=C(Nc1ccc(Cl)c(Cl)c1)N[C@@H]1CC[C@H](CCn2cc(C3CCCCC3)nn2)O[C@@H]1CO,10.085,0.09683978547241141,0.09714421966058231,-0.011268057185672403,0.10841227684625472,0.20290510483947372
frozen_GE_teacher,O=C(Nc1ccc(Cl)cc1)Nc1nnc(SCc2ccc(Cl)cc2)s1,10.0,0.12774269750821443,0.12844442447169635,0.35869336014086795,-0.2302489356691716,-0.033100587927986314
frozen_GE_teacher,O=C(Nc1ccc(F)cc1)N[C@@H]1CC[C@@H](CC(=O)N2CCOCC2)O[C@@H]1CO,9.98049,-0.08885629190499249,-0.0890912592075746,-0.04345239920868661,-0.04563885999888799,-0.08547611944602677
frozen_GE_teacher,O=C(Nc1ccc(F)cc1)N[C@@H]1CC[C@@H](CC(=O)N2CCOCC2)O[C@H]1CO,9.98593,-0.2965791125482794,-0.3057646043126698,-0.06505506142255371,-0.24070954289011606,-0.1856152668085854
frozen_GE_teacher,O=C(Nc1ccc(F)cc1)Nc1ccc2c(c1)OCO2,10.0,0.19815246909372797,0.20080878078394182,0.0496005738750656,0.1512082069088762,0.08569113211547079
frozen_GE_teacher,O=C(Nc1ccc(F)cc1)Nc1ccc2c(c1)[C@@H]1C[C@H](CC(=O)N3CCOCC3)O[C@@H](CO)[C@@H]1O2,9.92091,-0.2443395601869693,-0.24938403640454568,-0.0908432734820403,-0.15854076292250538,0.06826026784578752
frozen_GE_teacher,O=C(Nc1ccc(F)cc1)Nc1ccc2c(c1)[C@H]1C[C@@H](CC(=O)N3CCOCC3)O[C@@H](CO)[C@H]1O2,10.0027,0.04513057719552722,0.045161254881109614,0.038036545114771544,0.007124709766338069,-0.16738381061126384
frozen_GE_teacher,O=C(Nc1ccc(N2CCCC2)cc1)c1ccc2ccccc2c1,10.0,0.4888639589527195,0.5345664422810464,0.24170359399075675,0.2928628482902897,-0.09375273266872336
frozen_GE_teacher,O=C(Nc1ccc(N2CCN(C(=O)c3ccco3)CC2)cc1)c1ccccc1F,10.0,0.3535793147324794,0.36952859982389186,0.10773435402635943,0.2617942457975324,-0.19181309227532806
frozen_GE_teacher,O=C(Nc1ccc(N2CCOCC2)c(Cl)c1)c1ccco1,10.0,0.7106213713454188,0.8884379970794195,-0.0778183941842541,0.9662563912636736,0.20228312967556505
frozen_GE_teacher,O=C(Nc1ccc(Nc2ccccc2)cc1)C1CC1,10.0,0.4560386945597244,0.49229834485832225,-0.04897278188841966,0.5412711267467419,-0.07431878252075058
frozen_GE_teacher,O=C(Nc1ccc([N+](=O)[O-])cc1Cl)c1cc(Cl)ccc1O,10.0,0.5730136407114793,0.651998253771719,0.039307902895109915,0.6126903508766092,0.1364067942109886
frozen_GE_teacher,O=C(Nc1ccc2c(c1)OCO2)N[C@@H]1CC[C@H](CC(=O)N2CCN(c3ccccc3)CC2)O[C@H]1CO,10.0056,0.18914308309921016,0.1914483089566728,-0.03187354723495578,0.2233218561916286,-0.005890698113509542
frozen_GE_teacher,O=C(Nc1ccc2c(c1)OCO2)N[C@H]1CC[C@@H](CCNC(=O)C2CC2)O[C@@H]1CO,9.99166,-0.16846159919320677,-0.17008290498381384,-0.10968265051189069,-0.060400254471923154,0.15925033419421508
frozen_GE_teacher,O=C(Nc1ccc2c(c1)OCO2)c1cncc(Br)c1,10.0,0.32343437285355864,0.3354779908251422,-0.035037038534523446,0.3705150293596656,0.02491292444198001
frozen_GE_teacher,O=C(Nc1ccc2c(c1)[C@@H]1C[C@@H](CC(=O)N3CCOCC3)O[C@H](CO)[C@@H]1O2)Nc1ccccc1F,10.0867,0.3307125466243637,0.34362809152718715,0.13689568681016484,0.2067324047170223,0.23494835654260943
frozen_GE_teacher,O=C(Nc1ccc2c(c1)[C@@H]1C[C@@H](CC(=O)N3CCc4ccccc4C3)O[C@@H](CO)[C@@H]1O2)C1CCOCC1,9.93913,0.48018378630865477,0.5232231125465866,0.05891743694322607,0.46430567560336056,0.20245654016827117
frozen_GE_teacher,O=C(Nc1ccc2c(c1)[C@@H]1C[C@@H](CC(=O)N3CCc4ccccc4C3)O[C@H](CO)[C@@H]1O2)c1cccnc1,10.29,0.3979157171896487,0.42117009633280733,0.036953620183634746,0.3842164761491726,-0.06560067704996496
frozen_GE_teacher,O=C(Nc1ccc2c(c1)[C@@H]1C[C@H](CC(=O)N3CCCCC3)O[C@@H](CO)[C@@H]1O2)C1CCOCC1,10.0711,0.28735401364370744,0.2956797271805678,0.03183086067504604,0.26384886650552175,0.05018897400629505
frozen_GE_teacher,O=C(Nc1ccc2c(c1)[C@@H]1C[C@H](CC(=O)N3CCCCC3)O[C@@H](CO)[C@@H]1O2)NC1CCCC1,9.99641,0.1965422946443098,0.19913335479136668,0.010208117830885592,0.18892523696048108,-0.06461342091952793
frozen_GE_teacher,O=C(Nc1ccc2c(c1)[C@@H]1C[C@H](CC(=O)N3CCCCC3)O[C@H](CO)[C@@H]1O2)C1CCOCC1,10.1036,0.17040059065738902,0.17207920471604735,0.00841171691541744,0.1636674878006299,0.11711350073062636
frozen_GE_teacher,O=C(Nc1ccc2c(c1)[C@@H]1C[C@H](CC(=O)N3CCCCC3)O[C@H](CO)[C@@H]1O2)NC1CCCC1,9.9468,-0.0983363152393009,-0.09865513884977094,-0.005597872533328929,-0.09305726631644201,-0.19799967396670082
frozen_GE_teacher,O=C(Nc1ccc2c(c1)[C@H]1C[C@@H](CC(=O)N3CCOCC3)O[C@@H](CO)[C@H]1O2)c1cccnc1,10.027,0.33581936984194344,0.3493729984446005,-0.03524021844766666,0.3846132168922672,0.3767922412333663
frozen_GE_teacher,O=C(Nc1ccc2c(c1)[C@H]1C[C@@H](CC(=O)N3CCc4ccccc4C3)O[C@H](CO)[C@H]1O2)C1CCOCC1,9.63439,-0.06516958334662405,-0.06526207919056246,-0.10835618360482249,0.04309410441426004,0.137344104539209
frozen_GE_teacher,O=C(Nc1ccc2c(c1)[C@H]1C[C@H](CC(=O)N3CCc4ccccc4C3)O[C@H](CO)[C@H]1O2)c1ccc2c(c1)OCO2,10.0241,0.014956068773912772,0.014957184067995817,-0.06538449266284883,0.08034167673084465,0.12402359628728732
frozen_GE_teacher,O=C(Nc1cccc(Cl)c1)N[C@@H]1CC[C@@H](CCNC(=O)C2CCOCC2)O[C@@H]1CO,9.940199,-0.18650983931411438,-0.18871876850794755,0.0007954938679213958,-0.18951426237586894,0.2651056561824633
frozen_GE_teacher,O=C(Nc1cccc(Cl)c1)N[C@H]1CC[C@@H](CCn2cc(Cc3ccccc3)nn2)O[C@H]1CO,10.0475,-0.09433515641227166,-0.09461649348571696,0.10595959855923945,-0.2005760920449564,0.057846575047294124
frozen_GE_teacher,O=C(Nc1cccc(F)c1)N[C@@H]1CC[C@H](CCNS(=O)(=O)c2cccc(Cl)c2)O[C@@H]1CO,10.0347,-0.11460824027687329,-0.11511402736463225,-0.05728557094791337,-0.05782845641671888,0.48083318401650005
frozen_GE_teacher,O=C(Nc1cccc(F)c1)N[C@H]1CC[C@@H](CCNS(=O)(=O)c2cccc(Cl)c2)O[C@@H]1CO,10.1488,0.40683571717869627,0.4318134459009957,-0.05032772729275644,0.4821411731937521,-0.1054150886397528
frozen_GE_teacher,O=C(Nc1ccccc1)[C@@H]1[C@@H](CO)[C@@H]2Cn3c(ccc(C4=CCCCC4)c3=O)[C@@H]2N1Cc1cocn1,10.0514,-0.09620251045302637,-0.09650095172091457,0.05594154374401346,-0.15244249546492802,0.069140364675727
frozen_GE_teacher,O=C(Nc1ccccc1)[C@H]1[C@H](CO)[C@H]2Cn3c(ccc(C4=CCCCC4)c3=O)[C@H]2N1Cc1cocn1,10.0228,-0.36503951969859394,-0.3826879490749732,0.0011455972079310421,-0.3838335462829043,0.12960600433714695
frozen_GE_teacher,O=C(Nc1ccccc1)c1ccccc1Oc1ccc(C(F)(F)F)cc1[N+](=O)[O-],10.0,-0.1777512821950382,-0.17965964028358228,-0.014764772969288988,-0.1648948673142933,0.3310172247025251
frozen_GE_teacher,O=C(Nc1ccccc1F)N[C@@H]1CC[C@@H](CCNC(=O)C2CCCCC2)O[C@@H]1CO,9.93465,-0.22996159698752625,-0.23414891913572614,-0.011010795261775352,-0.2231381238739508,0.24447654803268382
frozen_GE_teacher,O=C(Nc1ccccc1F)N[C@@H]1CC[C@H](CCNC(=O)C2CCCCC2)O[C@H]1CO,10.035568,-0.1548657949767902,-0.15612199206028712,0.014743978906794198,-0.1708659709670813,-0.024192972955680354
frozen_GE_teacher,O=C(Nc1ccccc1F)N[C@H]1CC[C@H](CC(=O)N2CCCCC2)O[C@@H]1CO,9.98465,-0.053099704472079755,-0.05314969533500333,0.032201306273041644,-0.08535100160804497,-0.00729379857020165
frozen_GE_teacher,O=C(Nc1ccncc1)Nc1cccc(Cl)c1Cl,10.0,0.3564671819186849,0.3728329567585694,0.04624214854323078,0.32659080821533865,0.12527612668281782
frozen_GE_teacher,O=C(Nc1nc2ccccc2[nH]1)c1ccccc1[N+](=O)[O-],10.0,-0.3065369197323249,-0.3167186707709266,0.0743377418786877,-0.39105641264961427,-0.6046228701041225
frozen_GE_teacher,O=C(Nc1nc[nH]n1)c1cccc(F)c1,20.0,-0.4929912675963905,-0.5400043607531048,-0.008801346950983509,-0.5312030138021212,-0.051725256817862254
frozen_GE_teacher,O=C(Nc1nccs1)[C@@H]1[C@@H](CO)[C@@H]2Cn3c(cccc3=O)[C@H]1N2C(=O)C1CCCC1,10.0669,-0.07976402640204026,-0.07993383598857148,-0.043084846634773404,-0.03684898935379808,-0.16810786451595472
frozen_GE_teacher,O=C(Nc1nccs1)[C@H]1[C@H](CO)[C@H]2Cn3c(ccc(-c4cncnc4)c3=O)[C@H]2N1CC1CCCC1,10.0759,0.4955889522648499,0.543441924836839,0.04196297440350444,0.5014789504333346,0.07900503012927745
frozen_GE_teacher,O=C(Nc1nccs1)c1cccnc1O,10.0,0.19661539188871516,0.19920939029411577,0.14827020555038575,0.05093918474373002,0.04630866347374005
frozen_GE_teacher,O=C(Nc1nnc(COc2ccc(Cl)cc2)s1)c1cccs1,10.0,0.42057427330475256,0.4483895000033389,0.21516405307680164,0.23322544692653724,-0.02029433146499801
frozen_GE_teacher,O=C(Nc1sc2c(c1C(=O)NC1CC1)CCCCCC2)c1ccco1,10.0,0.3692469051747707,0.387550834669221,0.07164624620117,0.31590458846805103,0.2475388876360039
frozen_GE_teacher,O=C(O)C(=O)/C(=C\c1cccc(Cl)c1)c1ccc2ccccc2n1,10.0,0.310987969368823,0.3216387875871986,0.3278498456473106,-0.006211058060112018,0.23515573951052665
frozen_GE_teacher,O=C(O)C1=CCCN(CCOC(c2ccc(C(F)(F)F)cc2)c2ccc(C(F)(F)F)cc2)C1,10.0,-0.13281141842882419,-0.13360066956253558,-0.023548087581426465,-0.11005258198110912,0.17987330243064184
frozen_GE_teacher,O=C(O)C1=CCCN(CCON=C(c2ccccc2)c2ccccc2)C1,10.0,0.5561302207525849,0.6272130806176234,-0.035401368183168525,0.6626144488007919,-0.02469232698861025
frozen_GE_teacher,O=C(O)CC/C=C\CC[C@@H]1[C@@H](N2CCCCC2)[C@@H](O)C[C@@H]1OCc1ccc(-c2ccccc2)cc1,10.0,-0.1610059416649807,-0.16241923739864142,-0.024897446606844016,-0.1375217907917974,0.013805144902956784
frozen_GE_teacher,O=C(O)CCC(=O)c1ccc(-c2ccccc2)cc1,10.0,0.20479595790529936,0.20773338180059808,-0.02292045639783083,0.2306538381984289,-0.21403774039671722
frozen_GE_teacher,O=C(O)CCC=CCC1COC(c2ccccc2Cl)OC1c1ccccc1O,10.0,0.288656488703042,0.297100010815047,0.2527245414692051,0.04437546934584191,-0.4547383249090009
frozen_GE_teacher,O=C(O)CCCc1ccccc1,10.0,0.330931586324704,0.34387404968680524,0.0682355628344372,0.275638486852368,-0.01637482008046788
frozen_GE_teacher,O=C(O)CCSCCCN1C(=O)c2cccc3cccc(c23)C1=O,10.0,0.22235424540317197,0.2261314476868057,0.1503931399612512,0.07573830772555451,0.031736907225443395
frozen_GE_teacher,O=C(O)CCc1ccc(-c2ccccc2)n1Cc1ccco1,10.0,0.36680434469747764,0.3847256162413778,0.05744391998212458,0.32728169625925324,-0.23374766446795017
frozen_GE_teacher,O=C(O)CCc1nc(-c2ccccc2)c(-c2ccccc2)o1,10.0,-0.43749482677112284,-0.4691284215047469,-0.059668590471936137,-0.40945983103281075,-0.004442526573516417
frozen_GE_teacher,O=C(O)COc1ccccc1/C=C1\SC(=S)N(N=Cc2ccccc2O)C1=O,10.0,-0.10383306661498079,-0.10420865121237818,0.029573614867198,-0.1337822660795762,-0.33116596596511183
frozen_GE_teacher,O=C(O)C[C@@H]1C=C[C@@H](NC(=O)c2ccccc2F)[C@H](CO)O1,10.0998,-0.09147303468885733,-0.09172945116699094,-0.03059273297620267,-0.06113671819078827,-0.17558984288692822
frozen_GE_teacher,O=C(O)C[C@@H]1CC[C@@H](NC(=O)c2ccncc2)[C@@H](CO)O1,10.0489,-0.13811338109628069,-0.13900175609995874,0.043988462894012044,-0.18299021899397078,-0.22615647231813127
frozen_GE_teacher,O=C(O)C[C@@H]1CC[C@@H]2[C@H](COC[C@@H](O)CN2S(=O)(=O)c2ccc(Oc3ccccc3)cc2)O1,10.0018,0.16746221008808085,0.16905450333716862,-0.06190968089201269,0.2309641842291813,0.06781254044302222
frozen_GE_teacher,O=C(O)C[C@@H]1C[C@@H]2c3cc(NC(=O)Nc4ccc(C(F)(F)F)cc4)ccc3O[C@@H]2[C@H](CO)O1,9.9947,0.018631459300261048,0.018633615603469125,-0.11553922137472494,0.13417283697819407,0.13174401155404397
frozen_GE_teacher,O=C(O)C[C@@H]1C[C@H]2c3cc(NC(=O)Nc4ccc(C(F)(F)F)cc4)ccc3O[C@H]2[C@H](CO)O1,10.0442,0.46414925375110005,0.5025869874025704,-0.01825145007117686,0.5208384374737473,0.13236980273920806
frozen_GE_teacher,O=C(O)C[C@@H]1C[C@H]2c3cc(NC(=O)c4ccc5c(c4)OCO5)ccc3O[C@H]2[C@H](CO)O1,9.96195,0.03914178650659103,0.03916179434423185,0.009307569800338382,0.02985422454389347,-0.015967491357625076
frozen_GE_teacher,O=C(O)C[C@H]1C=C[C@@H](NC(=O)Nc2ccccc2)[C@H](CO)O1,9.9611,0.24652953406676453,0.2517143874108938,0.007730912484567252,0.24398347492632655,0.06200271968584453
frozen_GE_teacher,O=C(O)C[C@H]1C=C[C@H](NC(=O)c2ccccc2F)[C@H](CO)O1,9.95979,0.3318427983936828,0.3448976736575491,-0.12793014069447764,0.4728278143520267,-0.015536634128900773
frozen_GE_teacher,O=C(O)C[C@H]1CC[C@@H](NC(=O)Nc2ccccc2)[C@@H](CO)O1,10.0504,-0.3801374005080587,-0.400220249511982,-0.009934306672650498,-0.3902859428393315,0.251881674566985
frozen_GE_teacher,O=C(O)C[C@H]1CC[C@@H](NC(=O)c2ccncc2)[C@@H](CO)O1,9.92721,0.048372439328296414,0.04841022116132688,0.09700948793031819,-0.04859926676899131,-0.006131740341568548
frozen_GE_teacher,O=C(O)C[C@H]1CC[C@@H]2[C@H](COC[C@H](O)CN2S(=O)(=O)c2ccc(Oc3ccccc3)cc2)O1,10.0252,-0.20527995894520434,-0.20823862349822156,-0.07514292343390948,-0.1330957000643121,-0.02393339566727369
frozen_GE_teacher,O=C(O)C[C@H]1CC[C@H]2[C@@H](COC[C@H](O)CN2S(=O)(=O)c2ccc(Oc3ccccc3)cc2)O1,9.98301,-0.3086392100270357,-0.31904064525390646,-0.045029870014959034,-0.27401077523894746,-0.0859187066502631
frozen_GE_teacher,O=C(O)C[C@H]1C[C@@H]2c3cc(NC(=O)Nc4ccccc4)ccc3O[C@@H]2[C@H](CO)O1,10.1604,-0.20825959443631414,-0.21135134206576583,0.11564216197578697,-0.3269935040415528,-0.047543381315134525
frozen_GE_teacher,O=C(O)C[C@H]1C[C@H]2c3cc(NC(=O)CC4CC4)ccc3O[C@H]2[C@H](CO)O1,10.0483,0.11532608325933474,0.11584148552056106,-0.03656550567259397,0.15240699119315504,-0.0765009660082979
frozen_GE_teacher,O=C(O)C[C@H]1C[C@H]2c3cc(NC(=O)Nc4ccccc4)ccc3O[C@H]2[C@@H](CO)O1,9.99803,-0.07489248782440651,-0.07503298204841463,0.07727302221065226,-0.15230600425906687,0.3468492600227983
frozen_GE_teacher,O=C(O)Cc1cc(I)c(Oc2cc(I)c(O)c(I)c2)c(I)c1,10.0,0.2001532089019328,0.20289215175573982,0.009782552309584481,0.19310959944615536,0.09090394967574729
frozen_GE_teacher,O=C(O)Cc1nn(Cc2ccc(Br)cc2F)c(=O)c2ccccc12,10.0,-0.09236077277184718,-0.09262475346671332,-0.010069783287000181,-0.08255497017971314,0.15825444871445876
frozen_GE_teacher,O=C(O)[C@@H]1[C@@H](CO)[C@@H]2Cn3c(ccc(-c4ccc(F)cc4)c3=O)[C@H]1N2CC1CCCCC1,10.0608,-0.28972496874357645,-0.2982660045529578,0.0317860723471126,-0.33005207690007043,0.03875281742318688
frozen_GE_teacher,O=C(O)[C@@H]1[C@@H](CO)[C@@H]2Cn3c(ccc(/C=C/c4ccccc4)c3=O)[C@@H]2N1Cc1ccc2c(c1)OCO2,10.0572,-0.060538004611872615,-0.060612121892941566,-0.14854148479468554,0.08792936290174397,0.24598518149214776
frozen_GE_teacher,O=C(O)[C@H]1[C@H](CO)[C@H]2Cn3c(ccc(-c4ccc(F)cc4)c3=O)[C@@H]1N2CC1CCCCC1,10.0003,0.013644024277444931,0.013644871026475913,-0.05031561596749057,0.06396048699396648,-0.0789026067960075
frozen_GE_teacher,O=C(O)[C@H]1[C@H](CO)[C@H]2Cn3c(ccc(-c4ccncc4)c3=O)[C@@H]1N2S(=O)(=O)c1ccccc1F,9.96003,0.22887796534857036,0.23300508335248452,0.023085289457737586,0.20991979389474694,0.02264919385099879
frozen_GE_teacher,O=C(O)c1cc(-c2ccc(F)cc2F)ccc1O,10.0,0.6877030584799466,0.8435846378105533,-0.0851233463200895,0.9287079841306427,-0.46958779940257706
frozen_GE_teacher,O=C(O)c1cccc(NC(=O)c2ccc(Cl)c(S(=O)(=O)N3CCCCCC3)c2)c1,10.0,0.09917876660314039,0.09950588766323115,0.08633787982326341,0.013168007839967744,-0.14400125679130543
frozen_GE_teacher,O=C(OC1CCOC1=O)c1cc(-c2cccs2)nc2ccccc12,10.0,0.49133823089385126,0.5378229212464853,-0.04582719959559949,0.5836501208420848,-0.020463573267671696
frozen_GE_teacher,O=C(OCCN1CCOCC1)C1(c2ccccc2)CCCCC1,10.0,0.06583273164461993,0.06592808494556524,0.040201593718989785,0.02572649122657545,-0.051862912386374256
frozen_GE_teacher,O=C(O[C@H]1[C@H](Oc2ccccc2COC(=O)C2(O)C=CCCC2=O)O[C@H](CO)[C@@H](O)[C@@H]1O)c1ccccc1,10.0,0.48702916899710474,0.5321582891802384,0.3179591556695006,0.21419913351073783,0.462066830767212
frozen_GE_teacher,O=C(Oc1cc(OC(=O)c2ccccc2)c2c(c1)O[C@H](c1ccc(OC(=O)c3ccccc3)c(OC(=O)c3ccccc3)c1)[C@@H](OC(=O)c1ccccc1)C2)c1ccccc1,10.0,0.21389955563720753,0.217254326883443,-0.03574448798408039,0.2529988148675234,-0.1446909942110853
frozen_GE_teacher,O=C([C@@H]1[C@@H](CO)[C@@H]2Cn3c(ccc(-c4cccnc4)c3=O)[C@@H]2N1CCC(F)(F)F)N1CCOCC1,9.92373,-0.20810412074313636,-0.21118882493062233,-0.0636072637503399,-0.14758156118028243,-0.0788543598346289
frozen_GE_teacher,O=C([C@@H]1[C@@H](CO)[C@@H]2Cn3c(ccc(-c4ccncc4)c3=O)[C@@H]2N1Cc1cocn1)N1CCCCC1,9.9116,0.18966476888258044,0.19198940598629197,0.01355257799654266,0.1784368279897493,-0.013215421589177313
frozen_GE_teacher,O=C([C@@H]1[C@@H](CO)[C@@H]2Cn3c(ccc(-c4ccncc4)c3=O)[C@H]1N2CCC(F)(F)F)N1CCCCC1,9.99353,0.008259027373541207,0.008259215168200303,0.05440205451995121,-0.04614283935175091,0.13974313253416332
frozen_GE_teacher,O=C([C@@H]1[C@@H](CO)[C@@H]2Cn3c(ccc(C4=CCCC4)c3=O)[C@H]1N2C(=O)c1ccncc1)N1CCOCC1,9.96807,-0.19059672418193507,-0.1929563148315641,-0.07626926392992786,-0.11668705090163625,0.2758875042503945
frozen_GE_teacher,O=C([C@@H]1[C@@H](CO)[C@@H]2Cn3c(cccc3=O)[C@@H]2N1Cc1ccccc1Cl)N1CCCCC1,10.0518,-0.026333491206613574,-0.02633958075121292,0.03176553693448658,-0.0581051176856995,0.18737078239022356
frozen_GE_teacher,O=C([C@@H]1[C@@H](CO)[C@@H]2Cn3c(cccc3=O)[C@H]1N2S(=O)(=O)c1ccccc1F)N1CCOCC1,10.0187,-0.3402138884915693,-0.35433439472968237,-0.025962737397285142,-0.3283716573323972,-0.10601028582294245
frozen_GE_teacher,O=C([C@H]1[C@H](CO)[C@H]2Cn3c(ccc(-c4ccccc4)c3=O)[C@@H]1N2Cc1cccnc1)N1CCOCC1,10.055,0.48840538153711577,0.5339640307508492,0.021776787115341895,0.5121872436355073,0.0867939268534098
frozen_GE_teacher,O=C([C@H]1[C@H](CO)[C@H]2Cn3c(ccc(-c4ccccc4F)c3=O)[C@@H]1N2C(=O)C1CCC1)N1CCCCC1,10.0685,0.15446455964272712,0.1557109234168095,-0.05618804020029737,0.21189896361710686,0.06114504767244528
frozen_GE_teacher,O=C([C@H]1[C@H](CO)[C@H]2Cn3c(cccc3=O)[C@@H]1N2Cc1cccc(Cl)c1)N1CCOCC1,9.92512,0.29159856415661006,0.30031249720827813,-0.020690430077243298,0.32100292728552143,0.3544216344786031
frozen_GE_teacher,O=C([C@H]1[C@H](CO)[C@H]2Cn3c(cccc3=O)[C@@H]1N2Cc1cocn1)N1CCCCC1,9.98112,0.29644033886092835,0.30561245385871666,0.001440008332724835,0.3041724455259918,-0.2613787203716156
frozen_GE_teacher,O=C(c1c(O)c2ccc(Cl)cc2[nH]c1=O)C1CC1,10.0,0.08725800988320759,0.08748048680337141,-0.0787027461368845,0.1661832329402559,0.23859932230065878
frozen_GE_teacher,O=C(c1cc2c(s1)CCCC2)N1CCC2(CC1)OCCO2,10.0,0.1975074862992224,0.20013752731675485,0.05479649082026855,0.1453410364964863,0.09809467243699091
frozen_GE_teacher,O=C(c1cc2sccc2n1Cc1ccccc1)N1CCCc2ccccc21,10.0,0.2926350920158871,0.3014457261744091,0.030943130017271923,0.2705025961571372,-0.1080431252947714
frozen_GE_teacher,O=C(c1ccc(Cl)c(Cl)c1)N1CCN(c2ccnc3cc(Cl)ccc23)CC1,20.0,0.19570364330176204,0.19826115490199764,0.1211758314287738,0.07708532347322383,0.5295487489884085
frozen_GE_teacher,O=C(c1ccc(Cl)cc1)c1cc(-c2ccccn2)c(N2CCOCC2)s1,10.0,0.07431679354686303,0.07445406559096336,0.017854516186469632,0.05659954940449373,-0.13425206402741435
frozen_GE_teacher,O=C(c1cccc2cnccc12)N1CCCNCC1,20.0,-0.3398437546680641,-0.3539158713990265,0.11535537062862214,-0.4692712420276487,0.21475634573056399
frozen_GE_teacher,O=C(c1ccco1)N1CCN(CC(=O)N2c3ccccc3CCc3ccccc32)CC1,10.0,0.17112723940653127,0.172827679255169,0.07153968412868233,0.10128799512648667,-0.23196656579895988
frozen_GE_teacher,O=C(c1cnn2c(C(F)(F)F)cc(-c3cccs3)nc12)N1CCOCC1,10.0,0.36013567354243736,0.3770417848707282,0.08572204205068593,0.29131974282004225,0.02584788820070441
frozen_GE_teacher,O=C1/C(=C/c2cccc([N+](=O)[O-])c2)N2CCC1CC2,10.0,0.28332956598954673,0.29129855690914813,0.10297294863319188,0.18832560827595624,0.0988042817770551
frozen_GE_teacher,O=C1/C(=C/c2cn(-c3ccccc3)nc2-c2ccc(OCc3ccccc3)cc2)SC(=S)N1CCS(=O)(=O)O,20.0,0.25518429441345575,0.26095043809863877,0.07183637163011297,0.1891140664685258,0.11236583375490738
frozen_GE_teacher,O=C1CC(c2ccc(O)cc2)Oc2cc(O)cc(O)c21,10.0,-0.05509580723927386,-0.05515165765195412,-0.03513105905997074,-0.02002059859198338,-0.12543924965200817
frozen_GE_teacher,O=C1NC(=O)C(c2c[nH]c3ccccc23)=C1c1c[nH]c2ccccc12,10.0,0.11730502489873784,0.11784756876895033,0.02790620479051979,0.08994136397843054,0.05031581629232834
frozen_GE_teacher,O=C1NC(=S)N(C2CC2)C(=O)/C1=C/Nc1ccc2c(c1)OCO2,10.0,0.42881441345486204,0.45844306040408556,-0.07423758972931532,0.5326806501334009,-0.027176469429378763
frozen_GE_teacher,O=C1NCCCC2c3c(cc(Br)c(O)c3Br)OC12N1CCOCC1,10.0,0.2720814361960784,0.27911029249230046,0.19309817807880597,0.08601211441349449,-0.08537021534457728
frozen_GE_teacher,O=C1Nc2ccc(Br)cc2C12NNc1ccccc1O2,20.0,0.6633024077872224,0.798687566192831,0.10016453024381597,0.698523035949015,0.18720500676841337
frozen_GE_teacher,O=C1Nc2ccccc2C1=Nc1sc2c(c1C(=O)NCCc1ccccc1)CCCC2,10.0,0.25238586169675126,0.2579593567150414,-0.036426840993883214,0.2943861977089246,-0.01348046144990845
frozen_GE_teacher,O=C1Nc2ccccc2N(O)N1c1cc(-c2cccc(Cl)c2)no1,10.0,0.247486808645225,0.25273386341426596,-0.0013706934961137422,0.2541045569103797,0.06373728887796211
frozen_GE_teacher,O=C1OCCN1/N=C/c1ccc([N+](=O)[O-])o1,10.0,0.3639481095391189,0.3814293230164833,-0.016558733412836493,0.3979880564293198,0.12397318596345853
frozen_GE_teacher,O=C1c2cccc(OCC(=O)N3N=C(c4cccs4)CC3c3ccc(F)cc3)c2CCN1Cc1ccccc1,10.0,0.5963996414945505,0.6875404859275511,0.10513332868811665,0.5824071572394345,-0.2911452724509487
frozen_GE_teacher,O=C1c2ccccc2C(=O)c2ccccc21,10.0,0.13853314245820716,0.13942970556474502,-0.045879688256188746,0.18530939382093375,0.013450871256624364
frozen_GE_teacher,O=Cc1sc(N2CCOCC2)nc1-c1ccccc1,10.0,0.2628486275062032,0.26916600122122336,-0.020218861812637396,0.28938486303386074,0.12524690136282432
frozen_GE_teacher,O=S(=O)(Cc1ccccc1)NCC[C@H]1CC[C@@H](NS(=O)(=O)c2ccc(F)cc2)[C@@H](CO)O1,10.0481,0.24852335306302192,0.2538383404989162,-0.09798692799547001,0.3518252684943862,0.34233551803083
frozen_GE_teacher,O=S(=O)(N[C@@H]1CC[C@@H](CCn2cc(Cc3ccccc3)nn2)O[C@H]1CO)c1ccccc1F,10.1829,0.23996052151165828,0.24473222164550074,0.042691362278876085,0.20204085936662464,-0.0017753528135321384
frozen_GE_teacher,O=S(=O)(N[C@@H]1CC[C@H](CCn2cc(C3(O)CCCC3)nn2)O[C@H]1CO)c1ccc(Cl)cc1,9.98964,-0.31812847281469125,-0.3295634611774846,-0.08234031087164628,-0.2472231503058383,-0.04102224344719023
frozen_GE_teacher,O=S(=O)(N[C@H]1CC[C@@H](CCn2cc(C3(O)CCCC3)nn2)O[C@H]1CO)c1ccc(Cl)cc1,10.0747,-0.041605840217789895,-0.04162987239014186,0.021493121423825496,-0.06312299381396735,0.35848848518276816
frozen_GE_teacher,O=S(=O)(N[C@H]1CC[C@H](CCn2cc(-c3cccc(F)c3)nn2)O[C@@H]1CO)c1ccc(Cl)cc1,10.0497,0.011469370778872145,0.011469873736968134,-0.060458057079579984,0.07192793081654812,0.07689018709951004
frozen_GE_teacher,O=S(=O)(N[C@H]1CC[C@H](CCn2cc(-c3ccccn3)nn2)O[C@@H]1CO)c1cccc(Cl)c1,10.1015,-0.14812413142356357,-0.1492219386980077,-0.11179235482946293,-0.03742958386854478,0.20796966623153512
frozen_GE_teacher,O=S(=O)(N[C@H]1CC[C@H](CCn2cc(C3(O)CCCC3)nn2)O[C@H]1CO)c1ccc(Cl)cc1,10.0741,0.10667146930892353,0.10707885211986207,0.0037669267040216434,0.10331192541584042,0.05131634504395089
frozen_GE_teacher,O=S(=O)(N[C@H]1CC[C@H](CCn2cc(C3CC3)nn2)O[C@H]1CO)c1ccc(F)cc1,9.91364,-0.06924335634271753,-0.06935434150930246,-0.061004438705861766,-0.008349902803440695,-0.0025671933326499863
frozen_GE_teacher,O=S(=O)(N[C@H]1CC[C@H](CCn2cc(Cc3ccccc3)nn2)O[C@H]1CO)c1ccccc1F,10.012,0.20299263789952623,0.20585184007939825,0.07929602873956841,0.12655581133982985,0.1302808043611492
frozen_GE_teacher,O=S(=O)(Nc1c(S(=O)(=O)c2ccccc2)c2nc3ccccc3nc2n1C1CCCCC1)c1ccccc1,10.0,0.40510022766989057,0.4297354870761901,-0.07968800803241104,0.5094234951086011,0.29767562275965326
frozen_GE_teacher,O=S(=O)(Nc1cc(O)nc(SCc2ccc(Cl)cc2)n1)c1ccccc1,10.0,0.5800185160072554,0.6624906101851152,-0.13203785132266088,0.7945284615077761,-0.17291080735020659
frozen_GE_teacher,O=S(=O)(Nc1nc(CN2CCOCC2)nc2sc3c(c12)CCCC3)c1cc(F)ccc1F,10.0,-0.0334538025543947,-0.03346629095940503,0.02724744965221479,-0.06071374061161982,0.05022258944992139
frozen_GE_teacher,O=S(=O)(c1cccs1)N1CCN(S(=O)(=O)c2cccs2)CC1,10.0,0.19380499724665798,0.1962876547908044,0.2580107054950688,-0.061723050704264426,0.1156169929464062
frozen_GE_teacher,O=[N+]([O-])C(=C1Nc2ccccc2N1)C(Cl)=C(Cl)Cl,10.0,0.6730891863718433,0.8163698081577947,-0.04399511084030203,0.8603649189980968,-0.267904398233189
frozen_GE_teacher,O=[N+]([O-])c1ccc(-c2nc(-c3ccc(F)cc3)c(-c3ccncc3)[nH]2)cc1,10.0,0.3468387113959074,0.36184566750263136,0.08012562497523149,0.2817200425273999,-0.12971268503439753
frozen_GE_teacher,O=[N+]([O-])c1ccc(NN=C2CCCCC2c2ccccn2)c([N+](=O)[O-])c1,10.0,0.358821726079223,0.37553284431544415,0.10324498747737168,0.27228785683807244,0.25693389969233893
frozen_GE_teacher,O=[N+]([O-])c1ccccc1C=Nn1c(S)nnc1COc1ccccc1,10.0,0.22293076121942593,0.2267380317014618,0.023056805264185524,0.2036812264372763,-0.031819889016689765
frozen_GE_teacher,O=[N+]([O-])c1ccccc1CSc1nc2ccccc2o1,10.0,0.5233798536642585,0.5809834492705077,0.2449571651257619,0.3360262841447458,-0.1672881960368963
frozen_GE_teacher,O=[N+]([O-])c1cnc2ccccc2c1Sc1ccccc1,20.0,0.4810208208297504,0.524311553821313,0.050257258171472814,0.4740542956498402,0.5574439047672481
frozen_GE_teacher,O=c1c(O)c(-c2ccc(O)cc2)oc2cc(O)cc(O)c12,10.0,0.11399158382569194,0.11448920795827869,-0.04111485637837181,0.1556040643366505,0.2338722268013218
frozen_GE_teacher,O=c1cc(CN2CCN(c3ccccc3)CC2)c2cc(O)c(-c3ccccc3)cc2o1,10.0,0.31379754498290535,0.3247522018506223,0.06923781468489354,0.2555143871657288,-0.11572146841153641
frozen_GE_teacher,O=c1ccc2ccc(O)c(O)c2o1,10.0,0.09274287281064261,0.09301015479644839,0.12935212062388907,-0.036341965827440675,-0.12252303436998672
frozen_GE_teacher,O=c1ccn(CCc2c[nH]c3ccccc23)c2c1CCCC2,10.0,0.04503204876351859,0.04506252579946132,-0.006700828928135097,0.05176335472759642,-0.34178226231007974
frozen_GE_teacher,O=c1n(CCCN2CCN(c3cccc(Cl)c3)CC2)nc2ccccn12,10.0,0.09070929762407377,0.09095932385470899,-0.014914753634036007,0.105874077488745,0.06757238998169403
frozen_GE_teacher,OC(CN1CCC(Cc2ccc(F)cc2)CC1)c1ccc(Cl)cc1,10.0,0.41743267320599153,0.44457888818887614,0.32821446490621686,0.11636442328265928,-0.09714159531937142
frozen_GE_teacher,OC1(c2ccc(F)cc2)CC2CCC(C1)N2Cc1nnnn1C1CCCCC1,10.0,0.17864835504977813,0.1805861341849092,0.006189804010033335,0.17439633017487588,-0.11624657381723189
frozen_GE_teacher,Oc1c(Br)cc(Br)c2cccnc12,10.0,0.013232775126228922,0.013233547588317638,-0.003776424493000691,0.01700997208131833,-0.3103406546573132
frozen_GE_teacher,Oc1cc(CSc2nnc(COc3ccc(Cl)cc3)o2)c2ccccc2n1,10.0,-0.404294028700998,-0.4287713881118042,0.0036478734003336927,-0.4324192615121379,0.07069120412876269
frozen_GE_teacher,Oc1cc(O)c2c(c1)O[C@H](c1cc(O)c(O)c(O)c1)[C@H](O)C2,10.0,0.11122770508106326,0.11168982860070924,-0.014147298824900479,0.1258371274256097,-0.0012617284620703318
frozen_GE_teacher,Oc1ccc(Cl)cc1Cc1cc(Cl)ccc1O,10.0,0.37231326724492175,0.39110595115074553,0.06457418796334924,0.3265317631873963,-0.16227119563051967
frozen_GE_teacher,Oc1ccc2c(c1)OCC1(O)Cc3cc(O)c(O)cc3C21,10.0,0.16472242555910546,0.1662369910991066,0.32922535199477476,-0.16298836089566815,-0.1259423709473016
frozen_GE_teacher,Oc1ccc2c3c1OC1c4[nH]c5ccccc5c4CC4(O)C(C2)N(CC2CC2)CCC314,10.0,0.5342709455096525,0.5961032781155279,0.3921940429385649,0.20390923517696297,-0.20221504383109576
frozen_GE_teacher,Oc1nc2ccc(Br)cc2c(-c2ccccc2)c1N1CCOCC1,10.0,-0.06031604183896124,-0.060389345668396155,-0.06910488707806096,0.00871554140966481,0.23854328500172034
frozen_GE_teacher,Sc1nnc(-c2cc(-c3ccccc3)[nH]n2)n1N=Cc1c(Cl)cccc1Cl,10.0,0.1525112072983951,0.15371044197213266,-0.11943640993590648,0.2731468519080391,-0.17562157540271278
frozen_GE_teacher,Sc1nnc(-c2ccccc2)n1N=Cc1cccc(Br)c1,10.0,0.37980288538699325,0.39982928848336696,0.02892545425018292,0.37090383423318407,-0.2255108125247784
frozen_GE_teacher,[C-]#[N+]C(C#N)=Cc1cc(C(C)(C)C)c(O)c(C(C)(C)C)c1,10.0,0.4271628150046149,0.45642108774949686,-0.049571240032459996,0.5059923277819569,0.3802120190100085
frozen_GE_teacher,[O-][N+]c1ccc(O)c2ncccc12,10.0,0.5277472919624252,0.5870176652559352,-0.0008809126350406149,0.5878985778909759,0.9479203875047016
frozen_GE_teacher,c1ccc(-c2cnc(-c3ccccn3)nn2)cc1,20.0,0.3299166525974585,0.342734724137908,0.23626981010183337,0.10646491403607464,0.3422718290770961
frozen_GE_teacher,c1ccc(-c2nnc(-c3ccncc3)nc2-c2ccccc2)cc1,20.0,0.6538474346465268,0.7819900064456449,-0.04125112707692606,0.8232411335225709,0.060931091681743835
frozen_GE_teacher,c1ccc(CC(c2ccccc2)N2CCCCC2)cc1,10.0,-0.07686544755079992,-0.07701736776783126,-0.0039011063758235907,-0.07311626139200766,0.07035684463792927
frozen_GE_teacher,c1ccc(CCCCN2CCC(c3ccccc3)CC2)cc1,10.0,0.37432394664538365,0.39344223175905346,0.1070118396802629,0.28643039207879056,0.17501461034392457
frozen_GE_teacher,c1ccc(CCc2nn3c(Cn4nnc5ccccc54)nnc3s2)cc1,10.0,0.3555067440787535,0.371733142996769,0.06397327811160924,0.3077598648851598,0.14068799405084906
frozen_GE_teacher,c1ccc(CNc2ncnc3ccccc23)cc1,10.0,0.14855706692000117,0.14966461527046,0.006367717965332191,0.1432968973051278,0.12859015144220373
frozen_GE_teacher,c1ccc(N2CCN(CC3CCCCC3)CC2)cc1,10.0,0.2965053289612339,0.305683706819349,0.13205123054889709,0.1736324762704519,0.2964109945316321
frozen_GE_teacher,c1ccc(OCCOc2nc3ccccc3nc2N2CCOCC2)cc1,10.0,0.43750451505849325,0.4691404031505616,0.0867427302536185,0.3823976728969431,0.09875800916118091
frozen_GE_teacher,c1ccc2c(Nc3nnc(-c4ccncc4)s3)cccc2c1,20.0,-0.18530422427323587,-0.1874699938635999,-0.017988241133138294,-0.1694817527304616,-0.10734354192347784
frozen_GE_teacher,c1ccc2c(c1)cc1ccc3cccc4ccc2c1c34,10.0,0.0657799407438104,0.06587506444083215,0.001076129396392185,0.06479893504443995,0.03696070229948392
frozen_GE_teacher,c1ccc2nc(C3=NCCN3)ccc2c1,10.0,0.1549803122849455,0.15623932550652517,0.036684013949528776,0.11955531155699639,-0.06284085619508485
frozen_GE_teacher,c1ccc2oc(C3=NCCN3)cc2c1,10.0,0.6354224825230878,0.7504586261177971,-0.023219838662591297,0.7736784647803884,-0.27799504811286757
frozen_GE_teacher,c1csc(-c2ncc3ccccn23)c1,10.0,-0.08231260618129103,-0.08249926490022132,-0.05080242512828048,-0.031696839771940835,0.14401083558730376
frozen_GE_teacher,c1nc(CCCC2CCNCC2)c[nH]1,10.0,0.02727197800974453,0.027278742304531912,-0.0071856856820031465,0.03446442798653506,-0.03323437744714415
