method,canonical_compound,dose,raw_pcc,model_z,null_z,model_excess_z,replicate_excess_z
correct_CP,Brc1c(CSc2nc3ccccc3s2)nc2ncccn12,10.0,0.28097391694314916,0.28873915314662774,0.1352067298405507,0.15353242330607703,0.04698632662609284
correct_CP,Brc1c(NC2=NCCN2)ccc2nccnc12,10.0,-0.1131226926534107,-0.11360896580833835,-0.059721480202009514,-0.05388748560632883,0.2779416463541551
correct_CP,C#C[C@]1(O)CC[C@H]2[C@@H]3CCC4=CC(=O)CC[C@@H]4[C@H]3CC[C@@]21CC,6.40111,0.0562257959613349,0.05628515822239352,0.053654726187958926,0.002630432034434596,0.0007057096618387354
correct_CP,C/C(=N\NC(=O)C1CCCC1)c1ccc(NC(=O)C(F)(F)F)cc1,20.0,0.07979169784522372,0.07996168467492393,0.03459563115331557,0.04536605352160836,-0.1751364152658763
correct_CP,C/C(C=NNC(=O)c1cc(-c2cccnc2)nc2c1c(C)nn2-c1ccccc1)=C\c1ccccc1,10.0,0.4924690299629568,0.5393146804251696,0.16771341309066612,0.3716012673345035,0.06442191210434275
correct_CP,C/C=C/c1ccc([C@@H]2[C@@H](CO)N(C(=O)CN3CCOCC3)[C@H]2C#N)cc1,10.1372,0.04132132002245357,0.041344862195226456,-0.00013633300170507075,0.041481195196931525,-0.03444347846734676
correct_CP,C/C=C/c1ccc([C@H]2[C@@H](C#N)N(C(=O)CN3CCOCC3)[C@H]2CO)cc1,10.1059,0.20169980539253377,0.20450381377234458,-0.01829829189856619,0.22280210567091077,-0.010688184238829411
correct_CP,C/C=C/c1ccc2c(c1)O[C@@H](CN(C)C(=O)Cc1cccnc1)[C@H](C)CN([C@H](C)CO)S2(=O)=O,10.0786,0.00778571582233916,0.007785873144602231,0.009886913074576818,-0.0021010399299745868,0.0013230584349472503
correct_CP,C/C=C/c1ccc2c(c1)O[C@@H](CN(C)C(=O)Nc1cccc(F)c1)[C@H](C)CN([C@H](C)CO)S2(=O)=O,10.0765,-0.02855007120924752,-0.028557832122018463,0.014200844279519346,-0.04275867640153781,0.03448068326382436
correct_CP,C/C=C/c1ccc2c(c1)O[C@@H](CN(C)C(=O)c1ccccc1)[C@@H](C)CN([C@@H](C)CO)S2(=O)=O,10.0279,-0.09896538688570054,-0.0992903928033306,-0.06526839259447959,-0.034022000208851017,0.0701422380107218
correct_CP,C/C=C/c1ccc2c(c1)O[C@@H](CN(C)CC1CCOCC1)[C@H](C)CN([C@@H](C)CO)S2(=O)=O,10.1002,0.36692571597427287,0.3848658633729454,-0.047053871660781135,0.43191973503372655,0.13632100882488835
correct_CP,C/C=C/c1ccc2c(c1)O[C@@H](CN(C)Cc1ccccn1)[C@H](C)CN([C@@H](C)CO)S2(=O)=O,10.1091,-0.009661466683849174,-0.009661767313803808,0.0403094400896056,-0.04997120740340941,-0.020971448714538068
correct_CP,C/C=C/c1ccc2c(c1)O[C@@H](CNC)[C@H](C)CN([C@@H](C)CO)S2(=O)=O,9.99997,0.02548416899351309,0.02548968798151074,0.06487998342034448,-0.03939029543883374,-0.0628391916444065
correct_CP,C/C=C/c1ccc2c(c1)O[C@H](CN(C)C(=O)Cc1cccnc1)[C@@H](C)CN([C@@H](C)CO)S2(=O)=O,10.0396,-0.1538358796774307,-0.15506694092947598,0.014390818541435459,-0.16945775947091143,-0.1537319852794165
correct_CP,C/C=C/c1ccc2c(c1)O[C@H](CN(C)C(=O)Cc1cccnc1)[C@H](C)CN([C@@H](C)CO)S2(=O)=O,9.95401,0.0755377864885659,0.07568195216518799,0.04238500527604003,0.03329694688914796,0.027358932215604995
correct_CP,C/C=C/c1ccc2c(c1)O[C@H](CN(C)C(=O)NCCC)[C@@H](C)CN([C@H](C)CO)S2(=O)=O,10.1028,0.07883037754152959,0.07899427908080059,0.08593946450021431,-0.006945185419413719,0.10899766966777477
correct_CP,C/C=C/c1ccc2c(c1)O[C@H](CN(C)C(=O)c1cnccn1)[C@@H](C)CN([C@@H](C)CO)S2(=O)=O,10.0232,0.19577798826989065,0.1983384618444607,0.03848975915033906,0.15984870269412163,0.40539913373811076
correct_CP,C/C=C/c1ccc2c(c1)O[C@H](CN(C)CC1CCOCC1)[C@H](C)CN([C@@H](C)CO)S2(=O)=O,10.0059,-0.26002404777286353,-0.2661341983087976,-0.08871783124953397,-0.1774163670592636,0.0750905609030578
correct_CP,C/C=C/c1ccc2c(c1)O[C@H](CN(C)Cc1ccc(C(=O)O)cc1)[C@@H](C)CN([C@@H](C)CO)S2(=O)=O,10.0737,0.21814550857169757,0.22170812770533213,0.08808979153464454,0.13361833617068758,0.42524340728768445
correct_CP,C/C=C/c1ccc2c(c1)O[C@H](CN(C)Cc1ccc(C(=O)O)cc1)[C@H](C)CN([C@@H](C)CO)S2(=O)=O,10.0799,0.0025327498167312607,0.002532755232464878,-0.07402735218850892,0.0765601074209738,-0.058866590759196646
correct_CP,C/C=C/c1ccc2c(c1)O[C@H](CN(C)Cc1ccccn1)[C@@H](C)CN([C@@H](C)CO)S2(=O)=O,10.0171,0.15042797781265332,0.15157829368481882,-0.07987294164079817,0.23145123532561698,-0.07681791778008376
correct_CP,C/C=C/c1ccc2c(c1)O[C@H](CN(C)Cc1ccccn1)[C@@H](C)CN([C@H](C)CO)S2(=O)=O,10.0533,0.42716258692657355,0.45642080876588054,-0.057032505521252115,0.5134533142871327,-0.0741028875938664
correct_CP,C/C=C/c1ccc2c(c1)O[C@H](CN(C)Cc1ccccn1)[C@H](C)CN([C@H](C)CO)S2(=O)=O,9.99822,0.03836347042642486,0.03838230761764991,-0.04063933691776801,0.07902164453541792,0.04168496455133212
correct_CP,C/C=C/c1ccc2c(c1)O[C@H](CN(C)S(=O)(=O)c1ccc(F)cc1)[C@H](C)CN([C@@H](C)CO)S2(=O)=O,10.0868,0.7559907451626375,0.9867911747687202,0.1886194717064859,0.7981717030622344,0.02822311912646408
correct_CP,C/C=C/c1ccc2c(c1)O[C@H](CN(C)S(=O)(=O)c1ccc(F)cc1)[C@H](C)CN([C@H](C)CO)S2(=O)=O,10.0374,0.304113710063315,0.31404633459717257,0.014470765900337093,0.2995755686968355,-0.058819958938113356
correct_CP,C/C=C/c1ccc2n(c1=O)C[C@@H]1[C@@H](CO)[C@H](C(=O)NC3CCC3)[C@H]2N1S(=O)(=O)c1cn(C)cn1.C/C=C\c1ccc2n(c1=O)C[C@@H]1[C@@H](CO)[C@H](C(=O)NC3CCC3)[C@H]2N1S(=O)(=O)c1cn(C)cn1,9.98965,-0.25528359669964734,-0.2610566601534611,-0.012458560675941512,-0.24859809947751957,-0.23104704594051728
correct_CP,C/C=C/c1ccc2n(c1=O)C[C@@H]1[C@@H](CO)[C@H](C(=O)NCC3CC3)[C@H]2N1Cc1ccccc1OC.C/C=C\c1ccc2n(c1=O)C[C@@H]1[C@@H](CO)[C@H](C(=O)NCC3CC3)[C@H]2N1Cc1ccccc1OC,10.0236,-0.1729989052476092,-0.17475644828700382,0.03286991592913112,-0.20762636421613495,-0.28627301194293076
correct_CP,C/C=C/c1ccc2n(c1=O)C[C@@H]1[C@@H](CO)[C@H](C(=O)NCC3CCCCC3)[C@H]2N1C(C)=O.C/C=C\c1ccc2n(c1=O)C[C@@H]1[C@@H](CO)[C@H](C(=O)NCC3CCCCC3)[C@H]2N1C(C)=O,10.0122,-0.20120904101706136,-0.2039922897530859,-0.0002767990796593862,-0.2037154906734265,0.3082182043481503
correct_CP,C/C=C/c1ccc2n(c1=O)C[C@@H]1[C@@H](CO)[C@H](C(=O)NCCCN(C)C)[C@H]2N1C(=O)c1ccccc1F.C/C=C\c1ccc2n(c1=O)C[C@@H]1[C@@H](CO)[C@H](C(=O)NCCCN(C)C)[C@H]2N1C(=O)c1ccccc1F,10.0023,-0.009588555475854132,-0.009588849350595214,-0.042686939767510756,0.03309809041691554,0.14834118173141575
correct_CP,C/C=C/c1ccc2n(c1=O)C[C@@H]1[C@@H](CO)[C@H](C(=O)NCCc3cn(C)cn3)[C@H]2N1C(=O)CC.C/C=C\c1ccc2n(c1=O)C[C@@H]1[C@@H](CO)[C@H](C(=O)NCCc3cn(C)cn3)[C@H]2N1C(=O)CC,10.03,-0.020796164134940395,-0.020799162891211632,-0.04915941353020943,0.0283602506389978,-0.08047178706698542
correct_CP,C/C=C/c1ccc2n(c1=O)C[C@@H]1[C@@H](CO)[C@H](C(=O)NCc3cc(F)cc(F)c3)[C@H]2N1S(C)(=O)=O.C/C=C\c1ccc2n(c1=O)C[C@@H]1[C@@H](CO)[C@H](C(=O)NCc3cc(F)cc(F)c3)[C@H]2N1S(C)(=O)=O,9.98674,0.4402324275052452,0.4725190695394856,0.004878914022705162,0.4676401555167804,-0.077099563709661
correct_CP,C/C=C/c1ccc2n(c1=O)C[C@@H]1[C@@H](CO)[C@H](C(=O)NCc3ccc(F)cc3)[C@H]2N1CCC.C/C=C\c1ccc2n(c1=O)C[C@@H]1[C@@H](CO)[C@H](C(=O)NCc3ccc(F)cc3)[C@H]2N1CCC,10.0363,-0.32724717766344125,-0.3397421500927566,-0.035166616984471884,-0.3045755331082847,0.08020644593465642
correct_CP,C/C=C/c1ccc2n(c1=O)C[C@@H]1[C@@H](CO)[C@H](C(=O)NCc3ccncn3)N(C(=O)NC3CCCC3)[C@H]21.C/C=C\c1ccc2n(c1=O)C[C@@H]1[C@@H](CO)[C@H](C(=O)NCc3ccncn3)N(C(=O)NC3CCCC3)[C@H]21,10.0758,0.288277293794431,0.29668639786426243,-0.08621313969718827,0.3828995375614507,0.06585486234137714
correct_CP,C/C=C/c1ccc2n(c1=O)C[C@@H]1[C@@H](CO)[C@H](C(=O)N[C@@H](C)c3ccccc3)N(C(=O)c3cnccn3)[C@H]21.C/C=C\c1ccc2n(c1=O)C[C@@H]1[C@@H](CO)[C@H](C(=O)N[C@@H](C)c3ccccc3)N(C(=O)c3cnccn3)[C@H]21,10.0434,0.4202108832656273,0.44794810166161936,0.016644887330460385,0.431303214331159,-0.1392273953129907
correct_CP,C/C=C/c1ccc2n(c1=O)C[C@@H]1[C@@H](CO)[C@H](C(=O)O)[C@H]2N1S(=O)(=O)c1ccccc1F.C/C=C\c1ccc2n(c1=O)C[C@@H]1[C@@H](CO)[C@H](C(=O)O)[C@H]2N1S(=O)(=O)c1ccccc1F,9.94431,0.08036562944327705,0.08053932043189095,0.046219533652215136,0.034319786779675815,-0.06204490860977127
correct_CP,C/C=C/c1ccc2n(c1=O)C[C@H]1[C@H](CO)[C@@H](C(=O)N(C)C)[C@@H]2N1CCc1ccccc1.C/C=C\c1ccc2n(c1=O)C[C@H]1[C@H](CO)[C@@H](C(=O)N(C)C)[C@@H]2N1CCc1ccccc1,9.83879,0.17121388718294575,0.17291694238435812,0.013323526881577355,0.15959341550278078,-0.32528620376692535
correct_CP,C/C=C/c1ccc2n(c1=O)C[C@H]1[C@H](CO)[C@@H](C(=O)N3CCCCC3)[C@@H]2N1C(=O)C1CCC1.C/C=C\c1ccc2n(c1=O)C[C@H]1[C@H](CO)[C@@H](C(=O)N3CCCCC3)[C@@H]2N1C(=O)C1CCC1,9.94315,-0.045519954358382936,-0.04555143362423182,0.004862588135236914,-0.050414021759468734,-0.1535057426587959
correct_CP,C/C=C/c1ccc2n(c1=O)C[C@H]1[C@H](CO)[C@@H](C(=O)N3CCCCC3)[C@@H]2N1Cc1ccccn1.C/C=C\c1ccc2n(c1=O)C[C@H]1[C@H](CO)[C@@H](C(=O)N3CCCCC3)[C@@H]2N1Cc1ccccn1,10.0521,-0.07755434848297504,-0.07771040014937854,-0.11908042995024057,0.04137002980086203,0.36717733931990415
correct_CP,C/C=C/c1ccc2n(c1=O)C[C@H]1[C@H](CO)[C@@H](C(=O)N3CCc4ccccc4C3)N(C(=O)C3CC3)[C@@H]21.C/C=C\c1ccc2n(c1=O)C[C@H]1[C@H](CO)[C@@H](C(=O)N3CCc4ccccc4C3)N(C(=O)C3CC3)[C@@H]21,10.0466,-0.07346542407324212,-0.07359802215640891,-0.05471255509362506,-0.01888546706278385,0.2889733448659942
correct_CP,C/C=C/c1ccc2n(c1=O)C[C@H]1[C@H](CO)[C@@H](C(=O)NC3CCC3)[C@@H]2N1S(=O)(=O)c1cn(C)cn1.C/C=C\c1ccc2n(c1=O)C[C@H]1[C@H](CO)[C@@H](C(=O)NC3CCC3)[C@@H]2N1S(=O)(=O)c1cn(C)cn1,10.0274,-0.023919637385814162,-0.02392420081845165,-0.08089613854751382,0.05697193772906217,0.058023695623080865
correct_CP,C/C=C/c1ccc2n(c1=O)C[C@H]1[C@H](CO)[C@@H](C(=O)NCC(F)(F)F)N(C(=O)c3cccnc3)[C@@H]21.C/C=C\c1ccc2n(c1=O)C[C@H]1[C@H](CO)[C@@H](C(=O)NCC(F)(F)F)N(C(=O)c3cccnc3)[C@@H]21,10.1379,-0.07908129624732708,-0.079246771833884,0.051951384445690474,-0.13119815627957448,-0.014426494500760861
correct_CP,C/C=C/c1ccc2n(c1=O)C[C@H]1[C@H](CO)[C@@H](C(=O)NCCOC)[C@@H]2N1Cc1nccs1.C/C=C\c1ccc2n(c1=O)C[C@H]1[C@H](CO)[C@@H](C(=O)NCCOC)[C@@H]2N1Cc1nccs1,10.1001,0.14830576477171378,0.14940765172945997,-0.06930821825313968,0.21871586998259965,0.10390660167279556
correct_CP,C/C=C/c1ccc2n(c1=O)C[C@H]1[C@H](CO)[C@@H](C(=O)NCc3ccc(F)cc3)[C@@H]2N1CCC.C/C=C\c1ccc2n(c1=O)C[C@H]1[C@H](CO)[C@@H](C(=O)NCc3ccc(F)cc3)[C@@H]2N1CCC,10.0693,0.23139648747483224,0.23566445592889354,-0.04360168641722486,0.2792661423461184,0.19425589068994034
correct_CP,C/C=C/c1ccc2n(c1=O)C[C@H]1[C@H](CO)[C@@H](C(=O)NCc3ccc4c(c3)OCO4)[C@@H]2N1C(=O)COC.C/C=C\c1ccc2n(c1=O)C[C@H]1[C@H](CO)[C@@H](C(=O)NCc3ccc4c(c3)OCO4)[C@@H]2N1C(=O)COC,9.95689,0.22581090308681462,0.22977085533720243,0.008081015885110428,0.221689839452092,-0.13292541077857498
correct_CP,C/C=C/c1ccc2n(c1=O)C[C@H]1[C@H](CO)[C@@H](C(=O)Nc3ccc(-c4ccccc4)cc3)[C@@H]2N1C(=O)CC.C/C=C\c1ccc2n(c1=O)C[C@H]1[C@H](CO)[C@@H](C(=O)Nc3ccc(-c4ccccc4)cc3)[C@@H]2N1C(=O)CC,10.0346,0.2123935838811971,0.21567667996952014,-0.051271661658652656,0.2669483416281728,0.3764916833980891
correct_CP,C/C=C/c1ccc2n(c1=O)C[C@H]1[C@H](CO)[C@@H](C(=O)Nc3nccs3)N(Cc3cc(F)ccc3F)[C@@H]21.C/C=C\c1ccc2n(c1=O)C[C@H]1[C@H](CO)[C@@H](C(=O)Nc3nccs3)N(Cc3cc(F)ccc3F)[C@@H]21,10.0951,0.14216820633276442,0.14313781739365733,-0.06417180620994689,0.20730962360360422,0.06629947558159982
correct_CP,C/C=C/c1ccc2n(c1=O)C[C@H]1[C@H](CO)[C@@H](C(=O)OC)N(CCc3ccccc3)[C@@H]21.C/C=C\c1ccc2n(c1=O)C[C@H]1[C@H](CO)[C@@H](C(=O)OC)N(CCc3ccccc3)[C@@H]21,9.99932,-0.16222983441794783,-0.16367595625120337,-0.009708595313607188,-0.1539673609375962,0.008604018169845769
correct_CP,C/C=C/c1cnc2c(c1)C(=O)N([C@@H](C)CO)C[C@@H](C)[C@@H](CN(C)C(=O)C1CCOCC1)O2,10.0771,0.0018430741899329165,0.0018430762768638796,-0.03210037816492341,0.033943454441787285,0.17360579982260987
correct_CP,C/C=C/c1cnc2c(c1)C(=O)N([C@@H](C)CO)C[C@@H](C)[C@H](CN(C)C(=O)c1cnccn1)O2,10.0726,0.23570614692191974,0.2402227624388566,0.033049682149551236,0.20717308028930537,-0.18159784263879228
correct_CP,C/C=C/c1cnc2c(c1)C(=O)N([C@@H](C)CO)C[C@@H](C)[C@H](CN(C)S(=O)(=O)c1cn(C)cn1)O2,10.0895,-0.012930011126328366,-0.012930731767397211,-0.00871328153631551,-0.004217450231081702,-0.1807227023339481
correct_CP,C/C=C/c1cnc2c(c1)C(=O)N([C@@H](C)CO)C[C@H](C)[C@@H](CN(C)C(=O)CCN1CCCCC1)O2,10.0604,0.11564055524956804,0.11616020812475367,-0.047362212703424035,0.1635224208281777,0.0057201103383436105
correct_CP,C/C=C/c1cnc2c(c1)C(=O)N([C@@H](C)CO)C[C@H](C)[C@@H](CN(C)S(=O)(=O)c1ccccc1F)O2,9.993701,0.473474642225698,0.514539549744498,0.01803879206584707,0.49650075767865093,0.1677790608651546
correct_CP,C/C=C/c1cnc2c(c1)C(=O)N([C@@H](C)CO)C[C@H](C)[C@@H](CN(C)S(=O)(=O)c1cn(C)cn1)O2,10.0224,0.8827785297481305,1.3882194262292757,0.722481202201539,0.6657382240277367,0.5063249399228957
correct_CP,C/C=C/c1cnc2c(c1)C(=O)N([C@@H](C)CO)C[C@H](C)[C@H](CN(C)C(=O)c1cnccn1)O2,10.0676,0.027610736322028692,0.027617755906830955,0.016854744645554615,0.01076301126127634,0.010669638169245578
correct_CP,C/C=C/c1cnc2c(c1)C(=O)N([C@H](C)CO)C[C@@H](C)[C@@H](CN(C)Cc1cccc(C(=O)O)c1)O2,10.0204,0.02334434096901183,0.023348582919884953,0.042357491981181064,-0.01900890906129611,-0.03586973991278173
correct_CP,C/C=C/c1cnc2c(c1)C(=O)N([C@H](C)CO)C[C@@H](C)[C@H](CN(C)C(=O)c1cnccn1)O2,10.018,-0.08792491193628348,-0.08815254509074673,0.05144284422034986,-0.13959538931109658,-0.05760080134697292
correct_CP,C/C=C/c1cnc2c(c1)C(=O)N([C@H](C)CO)C[C@H](C)[C@@H](CN(C)C(=O)Nc1ccc(F)cc1)O2,10.0195,-0.039562621535917934,-0.03958328209404499,-0.01604104734338015,-0.02354223475066484,-0.16051351507388947
correct_CP,C/C=C/c1cnc2c(c1)C(=O)N([C@H](C)CO)C[C@H](C)[C@@H](CN(C)Cc1cccc(C(=O)O)c1)O2,10.2193,-0.045085638235846964,-0.045116224295826395,0.05558344158764558,-0.10069966588347198,-0.06272554700815747
correct_CP,C=C(C)[C@H]1CC=C(C(=O)O)CC1,10.0,0.7054756220586847,0.8781187654899045,-0.03605330632391426,0.9141720718138188,-0.10460399589276212
correct_CP,C=C(C)[C@H]1Cc2c(ccc3c2O[C@@H]2COc4cc(OC)c(OC)cc4[C@@H]2C3=O)O1,10.0,0.11364571655436122,0.11413880127502206,-0.006624674425762647,0.1207634757007847,-0.1577009044235972
correct_CP,C=C1CCC(C2CC(=O)OC2=O)C(=O)CCC2C1CC2(C)C,10.0,0.17708965675008634,0.17897651125934214,0.3003784464035021,-0.12140193514415995,-0.14836238955597483
correct_CP,C=C1CC[C@]2(O)[C@]3(C)C[C@@]4(O)O[C@@]2([C@@H]1O)[C@]1(O)[C@@]3(O)[C@H]([C@H](OO)c2ccc[nH]2)[C@](C)(C(C)C)[C@@]14C,10.0,0.5313978195042153,0.5920910127720019,0.022397377929427035,0.5696936348425748,-0.05535626194869964
correct_CP,C=CC1=C(C(=O)O)N2C(=O)[C@@H](NC(=O)/C(=N\O)c3csc(N)n3)[C@H]2SC1,10.0,0.1643454937485168,0.16584957127720243,0.03122455568532122,0.1346250155918812,-0.1851289082922027
correct_CP,C=CCN1C[C@H](C)N([C@@H](c2ccccc2)c2ccc(C(=O)N(CC)CC)cc2)C[C@H]1C,10.0,0.4716170531925084,0.5121479062489833,0.05316332511940644,0.45898458112957685,0.1778516725834635
correct_CP,C=CCN1C[C@H](C)N([C@H](c2ccc(C(=O)N(CC)CC)cc2)c2cccc(O)c2)C[C@H]1C,10.0,0.21761742947593896,0.22115373004281616,0.016926595353846437,0.20422713468896972,0.08709945481061777
correct_CP,C=CCN=C(S)N1CCN(c2ccc([N+](=O)[O-])cc2)CC1,10.0,0.609581757795134,0.7082555330284849,-0.0572236592851581,0.765479192313643,-0.2905970295133195
correct_CP,C=CCc1cccc(C=NNC(=O)CCCNc2ccc(C)cc2)c1O,10.0,0.22120280781064747,0.2249204459465013,-0.011831139474078291,0.23675158542057959,0.20996610913997935
correct_CP,C=CCn1c(CCC(=O)O)ccc1-c1ccc(OC)cc1,10.0,0.29144009261000736,0.3001393073801609,0.19251219358042698,0.10762711379973394,0.003068157934637744
correct_CP,CC(/C=C/c1ccco1)=NNC(=O)c1cc(Cl)ccc1O,10.0,0.6138609301892914,0.7150935456825962,0.08760684127680007,0.6274867044057961,0.23344059259210953
correct_CP,CC(=Cc1ccc(C(=O)O)cc1)c1ccc2c(c1)C(C)(C)CCC2(C)C,10.0,0.1167739587759227,0.11730912692575667,-0.020847064762297595,0.13815619168805426,0.09099501793128037
correct_CP,CC(=NNC(=O)c1ccc(CN2CCc3ccccc3C2)cc1)c1ccccc1O,10.0,0.4909478569638362,0.5373084444400049,-0.11951865056727902,0.656827095007284,0.09777086322553595
correct_CP,CC(=O)/C=C(/C)NC(Cc1c[nH]c2ccccc12)C(=O)O,10.0,0.3771832461797571,0.39677161292840263,0.0815872979914905,0.3151843149369121,0.0773431809919303
correct_CP,CC(=O)/C=C/c1ccc2ccccc2n1,10.0,0.42469118035560866,0.45340168970571426,-0.12635128395229958,0.5797529736580138,0.4405169163655892
correct_CP,CC(=O)/C=C\[C@@H]1[C@@]2(C)CCCC(C)(C)C2CC[C@@]1(C)O,10.0,0.5974172641295344,0.6891213816877475,0.27833295868676305,0.41078842300098445,0.18774561728444594
correct_CP,CC(=O)N(C)C[C@@H]1OCc2ccccc2-c2c(n(C)c3ccccc23)C(=O)N([C@H](C)CO)C[C@H]1C,9.78501,0.2293378312650421,0.23349042507464488,0.07622512489891876,0.1572653001757261,-0.0435050113243879
correct_CP,CC(=O)N(C)C[C@@H]1OCc2ccccc2-c2ccccc2C(=O)N([C@@H](C)CO)C[C@H]1C,9.76582,0.2854109485391437,0.2935630631274841,0.012792585266046808,0.2807704778614373,-0.20758353987114841
correct_CP,CC(=O)N(C)C[C@@H]1Oc2cc(C#Cc3ccc(F)cc3)ccc2S(=O)(=O)N([C@@H](C)CO)C[C@@H]1C,10.074,-0.10539004337654773,-0.10578285573513146,-0.12461107790311113,0.018828222167979664,0.09686881963345406
correct_CP,CC(=O)N(C)C[C@@H]1Oc2cc(C#Cc3ccc(F)cc3)ccc2S(=O)(=O)N([C@H](C)CO)C[C@@H]1C,10.0443,-0.17127104392145975,-0.1729758258196883,0.028563422876936403,-0.2015392486966247,0.2710218488060903
correct_CP,CC(=O)N(C)C[C@@H]1Oc2ncc(C#Cc3ccc(F)cc3)cc2C(=O)N([C@@H](C)CO)C[C@@H]1C,10.0062,0.18846730135905682,0.19074754683792633,0.026249696687722264,0.16449785015020407,0.23202493271936186
correct_CP,CC(=O)N(C)C[C@H]1Oc2cc(C#Cc3ccc(F)cc3)ccc2S(=O)(=O)N([C@H](C)CO)C[C@@H]1C,10.0955,-0.2592223867474705,-0.26527459643456536,0.010990805519707148,-0.2762654019542725,-0.06783411523836305
correct_CP,CC(=O)N(C)C[C@H]1Oc2ncc(C#Cc3ccc(F)cc3)cc2C(=O)N([C@H](C)CO)C[C@@H]1C,10.0611,0.015399902825396068,0.015401120396941687,0.03958743850162215,-0.024186318104680464,0.08824097912703414
correct_CP,CC(=O)N(C)c1ccc(NC(=O)Nc2ccc(C)c(C)c2)cc1,10.0,0.4749957941608334,0.5165020718358568,0.08198788063819346,0.4345141911976634,-0.03566082085711568
correct_CP,CC(=O)N1CCN(S(=O)(=O)c2cccc(C(=O)Nc3nc4ccccc4[nH]3)c2)CC1,20.0,0.08078291654146669,0.08095933435639209,0.07340886097581642,0.00755047338057567,-0.3065070657255311
correct_CP,CC(=O)N1[C@@H]2Cn3c(ccc(/C=C/c4ccccc4)c3=O)[C@H]1[C@@H](C(=O)N(C)C)[C@@H]2CO,10.0796,-0.05458011774188414,-0.05463441268279022,0.0031391074376449554,-0.05777352012043518,-0.022433196988339163
correct_CP,CC(=O)N1[C@@H]2c3ccc(-c4cccc(F)c4)c(=O)n3C[C@@H]2[C@@H](CO)[C@@H]1C(=O)NCCCN(C)C,10.125,0.3168193810164977,0.3281076370049031,-0.017469452045755125,0.3455770890506582,-0.1251750759179393
correct_CP,CC(=O)N1[C@@H]2c3ccc(-c4cncnc4)c(=O)n3C[C@@H]2[C@@H](CO)[C@@H]1C(=O)NCc1ccccc1Cl,10.0251,-0.2562534721791766,-0.2620944236772753,0.012714761976764988,-0.2748091856540403,-0.07550338123936469
correct_CP,CC(=O)N1[C@@H]2c3ccc(/C=C/c4ccccc4)c(=O)n3C[C@@H]2[C@@H](CO)[C@@H]1C(=O)Nc1nccs1,9.99873,0.16766888645268288,0.16926715045363816,-0.020970758653470582,0.19023790910710875,0.09231528269559705
correct_CP,CC(=O)N1[C@@H]2c3ccc(C4=CCCC4)c(=O)n3C[C@@H]2[C@@H](CO)[C@@H]1C(=O)Nc1ccccc1,9.97191,0.14623550659644766,0.14729149619550963,0.030108948904404503,0.11718254729110512,0.175647465460156
correct_CP,CC(=O)N1[C@H](C(=O)NCCCN(C)C)[C@@H](CO)[C@@H]2Cn3c(ccc(-c4cccc(F)c4)c3=O)[C@@H]21,9.9777,-0.336826960717989,-0.350509097327157,-0.029750787215923277,-0.32075831011123374,-0.14099668704850865
correct_CP,CC(=O)N1[C@H](C(=O)NCc2ccccc2F)[C@@H](CO)[C@@H]2Cn3c(cccc3=O)[C@@H]21,9.92312,0.24343364765282258,0.24842083172266996,-0.05507823637602221,0.30349906809869215,0.19780737073306323
correct_CP,CC(=O)NC(Cc1c[nH]c2ccccc12)C(=O)OCc1cc(C(F)(F)F)cc(C(F)(F)F)c1,10.0,0.38023976383424574,0.4003399087925791,0.27714075040997044,0.12319915838260864,0.080704808666203
correct_CP,CC(=O)Nc1ccc(S(=O)(=O)Nc2ccc([N+](=O)[O-])cc2)cc1,10.0,0.24724422135210114,0.252475464785483,0.05926037520168535,0.19321508958379763,0.12076933749331543
correct_CP,CC(=O)Nc1ccc(S(=O)(=O)Nc2nc3ccccc3nc2Nc2ccc(O)c(C(=O)O)c2)cc1,10.0,0.5068828237621208,0.5585258075847634,0.08746439894703495,0.4710614086377285,-0.08045296432830529
correct_CP,CC(=O)Nc1cccc(C(=O)/C=C/c2ccc(F)cc2)c1,10.0,0.499346903205512,0.5484357273658463,0.05045493568110729,0.4979807916847391,0.8534491026008477
correct_CP,CC(=O)Nc1cccc(NC(=O)c2ccc(C(=O)Nc3cccc(NC(C)=O)c3)nc2)c1,10.0,0.29821354013570106,0.30755761447586316,0.12101213607894244,0.1865454783969207,0.24857350996204797
correct_CP,CC(=O)Nc1nnc(S(N)(=O)=O)s1,10.0,0.11368669208041084,0.11418031313455217,-0.019567372162292464,0.13374768529684464,0.32642399005457917
correct_CP,CC(=O)OCC(CCn1cnc2cnc(N)nc21)COC(C)=O,10.0,0.03402146055941131,0.0340345958401564,0.04781183129398209,-0.013777235453825691,-0.19130327213011292
correct_CP,CC(=O)O[C@@H]1C[C@@]2(C)C(CC[C@@H]2C(C)=O)C2CCC3=CC(=O)CC[C@]3(C)C21,10.0,0.06634614681873127,0.06644375247102834,0.028802839118195197,0.037640913352833136,0.16110925290162487
correct_CP,CC(=O)O[C@]1(C(C)=O)CCC2C3C=C(Cl)C4=CC(=O)[C@@H]5C[C@@H]5[C@]4(C)C3CC[C@@]21C,10.0,0.3930836314408042,0.4154420028297347,0.2570502124063535,0.1583917904233812,0.002943314844401468
correct_CP,CC(=O)O[C@]1(C(C)=O)CCC2C3C[C@H](C)C4=CC(=O)CC[C@]4(C)C3CC[C@@]21C,10.0,0.6719842037266138,0.8143522897367454,0.30679010650577077,0.5075621832309747,-0.4376720385266384
correct_CP,CC(=O)Oc1ccc(C(c2ccc(OC(C)=O)cc2)c2ccccn2)cc1,10.0,-0.23137520160789785,-0.2356419659624448,-0.05378097346527846,-0.18186099249716633,0.11287148232064971
correct_CP,CC(=O)Oc1ccc(NC(=O)C2CCCCC2)c(C(=O)O)c1,10.0,0.3161250285519342,0.32733600161854787,0.07804773846102421,0.24928826315752367,-0.09771998625972105
correct_CP,CC(=O)Oc1ccc2c(c1C(C)C)CCC1C(C)(C)CCC[C@]21C,10.0,-0.3962769835699338,-0.41922458262805334,-0.05060914683048887,-0.36861543579756445,0.3077496389666494
correct_CP,CC(=O)[C@H]1CC[C@H]2[C@@H]3CC[C@H]4C[C@H](O)CC[C@]4(C)[C@H]3CC[C@]12C,10.0,0.003104468910668137,0.0031044788840673145,0.00402481902102804,-0.0009203401369607257,-0.18596426670866492
correct_CP,CC(=O)c1c(C)[nH]c(C2=NN=C(NC(C)(C)C)SC2)c1C,10.0,-0.18543278650798373,-0.18760313088399225,0.05306890701097021,-0.24067203789496244,0.09636348371895721
correct_CP,CC(=O)c1ccc(O)c(CC=C(C)C)c1,10.0,0.004269205039350269,0.004269230976636504,-0.013567059562167458,0.01783629053880396,-0.14122049950085513
correct_CP,CC(=O)c1ccc(OCc2ccc(Oc3c(Cl)cccc3[N+](=O)[O-])cc2)cc1,10.0,0.0008636791570892731,0.0008636793718407983,0.053621246765966704,-0.052757567394125904,0.10769187464636663
correct_CP,CC(=O)c1cccc(NS(=O)(=O)c2ccc(-c3cc(C)no3)s2)c1,10.0,0.45253143027690507,0.4878790370462246,0.0977106125591572,0.3901684244870674,-0.3702528529146281
correct_CP,CC(C(=O)O)c1cccc(C(=O)c2ccccc2)c1,10.0,0.2858102504658566,0.29399783052301354,-0.02213264616201601,0.3161304766850295,-0.2724970430619301
correct_CP,CC(C(=O)OC1CC2CCC(C1)N2C)c1ccc(Br)cc1,10.0,0.47751628076186664,0.5197619721735307,0.3122062290590278,0.20755574311450292,0.1530889879761111
correct_CP,CC(C)(C)CC(C)(C)N=C(S)NC1CCN(Cc2ccccc2)CC1,10.0,0.3274052565741455,0.33991919839310103,-0.03496672375982575,0.37488592215292676,0.18864031471122678
correct_CP,CC(C)(C)CCNc1nc(-c2ccccn2)nnc1-c1ccccc1,20.0,0.40073729236349037,0.42452696769491133,0.032293460915781134,0.3922335067791302,0.8329583774015499
correct_CP,CC(C)(C)NCC(O)c1cc(Cl)c(N)c(Cl)c1,10.0,-0.25821324540936436,-0.26419306261097275,-0.0015718299507758646,-0.2626212326601969,-0.19788505097837206
correct_CP,CC(C)(C)Nc1ncnc2c1cnn2-c1ccccc1,10.0,0.37600766660178603,0.3954017540314508,-0.07775335221839386,0.47315510624984464,0.10862078658587579
correct_CP,CC(C)(C)OC(=O)NN=Cc1ccc(OC(=O)c2ccco2)cc1,10.0,0.3724363883352916,0.3912488929870246,-0.0069852323882753226,0.3982341253752999,-0.08645692421568972
correct_CP,CC(C)(C)[C@@H]1CCC(=O)N(CC[C@H](Sc2ccccc2)c2ccccc2)CC1,10.0,0.20625556376275272,0.20925736218545704,0.09220998400833114,0.1170473781771259,-0.20118491882817996
correct_CP,CC(C)(C)[S@@](=O)N1Cc2cc(C(=O)N3CCCCC3)nc(-c3cccc(-c4cccc(C#N)c4)c3)c2[C@H]1CCO,10.0083,0.32607140703346194,0.33842593030388385,-0.23688261050922851,0.5753085408131123,0.18880827565384442
correct_CP,CC(C)(C)[S@@](=O)N1Cc2cc(C(=O)N3CCCCC3)nc(-c3cccc(-c4ccccc4F)c3)c2[C@H]1CCO,10.1202,-0.05796251149435242,-0.05802755396033554,-0.08380976104511628,0.02578220708478074,0.07596947356906182
correct_CP,CC(C)(C)[S@@](=O)N1Cc2cc(C(=O)N3CCc4ccccc4C3)nc(-c3cccc(-c4ccncc4)c3)c2[C@H]1CCO,10.027,0.20192012961667125,0.20473349217007514,0.05381014576805763,0.15092334640201752,-0.04608880022146865
correct_CP,CC(C)(C)[S@@](=O)N1Cc2cc(C(=O)NC3CCC3)nc(-c3cccc(-c4ccccc4F)c3)c2[C@H]1CCO,10.0785,-0.17352315013486108,-0.17529691774831244,-0.030427891885046125,-0.1448690258632663,-0.03798082033791172
correct_CP,CC(C)(C)[S@@](=O)N1Cc2cc(C(=O)NCc3ccc4c(c3)OCO4)nc(-c3cccc(-c4ccccc4)c3)c2[C@H]1CCO,9.84483,0.12619656064988627,0.12687295313990057,-0.10319527989877401,0.23006823303867457,-0.1878847082159597
correct_CP,CC(C)(C)[S@@](=O)N1Cc2cc(C(=O)NCc3ccccc3F)nc(-c3cccc(-c4ccncc4)c3)c2[C@H]1CCO,10.0185,0.4704578091440437,0.5106581118264154,-0.09556629361196907,0.6062244054383845,0.38924416408474816
correct_CP,CC(C)(C)[S@@](=O)N1Cc2cc(C(=O)N[C@H]3CCN(Cc4ccccc4)C3)nc(-c3cccc(-c4cccnc4)c3)c2[C@H]1CCO,10.1413,0.3496916758272097,0.36509243088341553,-0.05860540529125216,0.4236978361746677,0.10118074938365564
correct_CP,CC(C)(C)[S@](=O)N1Cc2cc(C(=O)NCCc3ccncc3)nc(-c3cccc(-c4ccncc4)c3)c2[C@@H]1CCO,10.5897,0.20309154269579316,0.20595499765948933,-0.2724312933295997,0.478386290989089,0.1903247136193596
correct_CP,CC(C)(C)[S@](=O)N1Cc2cc(C(=O)NCc3ccccc3F)nc(-c3cccc(-c4ccncc4)c3)c2[C@@H]1CCO,10.5212,0.11638297248162621,0.11691275370049531,-0.1346333297750868,0.2515460834755821,0.2158178276562708
correct_CP,CC(C)(C)[S@](=O)N1Cc2cc(C(=O)NCc3ccccc3F)nc(-c3cccc(-c4cncnc4)c3)c2[C@@H]1CCO,10.5048,0.5313744810638676,0.592058491165183,-0.2939594497806972,0.8860179409458803,0.34815909860138294
correct_CP,CC(C)(C)c1ccc(C(=O)Nc2cccc3c(=O)[nH][nH]c(=O)c23)cc1,10.0,0.6446712340381265,0.7661261616442187,-0.05542684339245923,0.8215530050366778,-0.2925774656050725
correct_CP,CC(C)(C)c1ccc(C=CC(=O)Nc2ccc3c(c2)OCCO3)cc1,10.0,0.2625813756469946,0.26887893638229066,-0.019603642045433373,0.288482578427724,0.20184164043247724
correct_CP,CC(C)(C)c1ccc(Cn2cnc(-c3ccc([N+](=O)[O-])cc3)c2)cc1,10.0,0.5419252448892433,0.6068773410337942,0.07051393451517096,0.5363634065186232,-0.30301933989506147
correct_CP,CC(C)(C)c1ccc(NC(=O)COc2ccc(-n3ccnc3)cc2)cc1,10.0,0.3073231656875482,0.31758668939647877,0.11734207353416676,0.20024461586231201,0.1329159732223179
correct_CP,CC(C)(C)c1ccc2c(c1)OC(C(=O)NN=Cc1ccccn1)CO2,20.0,0.5237571285036393,0.5815032003527756,0.07888797916609437,0.5026152211866812,0.23525999617092852
correct_CP,CC(C)(O)/C=C/C(=O)[C@](C)(O)C1[C@H](O)C[C@@]2(C)[C@@H]3CC=C4C(CC(=O)C(=O)C4(C)C)[C@]3(C)C(=O)C[C@@]12C,10.0,0.5014163271653537,0.5511963675866456,-0.02589894484368908,0.5770953124303346,0.601007304170396
correct_CP,CC(C)(Oc1ccc(Cl)cc1)C(=O)O,10.0,0.7292175484349321,0.9270542821487101,0.0037400198001184028,0.9233142623485917,0.08365833092223494
correct_CP,CC(C)(c1ccc(NS(=O)(=O)C(F)(F)F)cc1)c1ccc(C(C)(C)c2cccc(NS(=O)(=O)C(F)(F)F)c2)cc1,10.0,0.08181417047668149,0.08199744976121726,-0.003215487821175476,0.08521293758239273,-0.1371910690199208
correct_CP,CC(C)C#Cc1ccc2c(c1)O[C@@H](CN(C)C(=O)Nc1ccccc1)[C@H](C)CN([C@H](C)CO)S2(=O)=O,10.0264,0.328077467009336,0.3406723031680071,0.011845011058292826,0.3288272921097143,0.21832891746650376
correct_CP,CC(C)C#Cc1cnc2c(c1)C(=O)N([C@@H](C)CO)C[C@@H](C)[C@H](CN(C)C(=O)c1cccnc1)O2,10.0102,-0.23813098962959706,-0.24279180829694325,-0.017626476733043392,-0.22516533156389984,0.1902548636205254
correct_CP,CC(C)C#Cc1cnc2c(c1)C(=O)N([C@H](C)CO)C[C@@H](C)[C@@H](CN(C)Cc1cncnc1)O2,10.1643,0.17918686390117017,0.18114245161298093,-0.0011854350306761598,0.1823278866436571,0.09949224443983863
correct_CP,CC(C)C#Cc1cnc2c(c1)C(=O)N([C@H](C)CO)C[C@H](C)[C@H](CN(C)Cc1cncnc1)O2,10.0568,0.02139569992703027,0.021398965636522806,0.028492394475392313,-0.007093428838869507,-0.03094809447240814
correct_CP,CC(C)C(=O)OCC(=O)C(C#N)c1nc2ccccc2[nH]1,10.0,0.034315262356994516,0.03432874104760759,0.004342206707913373,0.029986534339694212,-0.13878989403275566
correct_CP,CC(C)C1N=C2c3ccccc3N=C(SCC(=O)NCCc3ccc(S(N)(=O)=O)cc3)N2C1=O,10.0,0.4276211724818486,0.4569818821460476,0.13431659976342278,0.3226652823826248,0.22418329133606776
correct_CP,CC(C)CC#Cc1ccc2c(c1)O[C@@H](CN(C)C(=O)CC1CC1)[C@@H](C)CN([C@@H](C)CO)S2(=O)=O,10.0001,0.1883849565595074,0.19066217081327325,0.017159598655451233,0.173502572157822,0.2654493766348196
correct_CP,CC(C)CC#Cc1ccc2c(c1)O[C@@H](CN(C)C(=O)CC1CC1)[C@H](C)CN([C@H](C)CO)S2(=O)=O,10.0733,0.31932780714658165,0.33089841002793796,0.020894984218285173,0.3100034258096528,0.3257383517797498
correct_CP,CC(C)CC#Cc1ccc2c(c1)O[C@@H](CN(C)C(=O)c1cnccn1)[C@@H](C)CN([C@@H](C)CO)S2(=O)=O,10.0125,0.4497202857117263,0.4843495950094801,0.1641033114864649,0.3202462835230152,0.21854465035689363
correct_CP,CC(C)CC#Cc1ccc2c(c1)O[C@@H](CN(C)S(=O)(=O)c1ccc(F)cc1)[C@@H](C)CN([C@H](C)CO)S2(=O)=O,9.97582,0.18867001287852103,0.19095773215688772,0.060391505473771534,0.13056622668311618,-0.17425364280288413
correct_CP,CC(C)CC#Cc1ccc2c(c1)O[C@@H](CN(C)S(=O)(=O)c1ccc(F)cc1)[C@H](C)CN([C@@H](C)CO)S2(=O)=O,10.0732,0.2942564394462572,0.3032198441821088,0.01202604849094839,0.2911937956911604,0.1984824942502133
correct_CP,CC(C)CC#Cc1ccc2c(c1)O[C@H](CN(C)S(=O)(=O)c1ccc(F)cc1)[C@H](C)CN([C@@H](C)CO)S2(=O)=O,10.0442,0.18986508058954485,0.19219720052644182,-0.041554531511641,0.2337517320380828,-0.03832559264377902
correct_CP,CC(C)CC#Cc1cnc2c(c1)C(=O)N([C@@H](C)CO)C[C@H](C)[C@H](CN(C)C(=O)c1cccc(F)c1)O2,10.027,-0.060492996633197745,-0.06056694848355024,0.03953261946218074,-0.10009956794573098,0.04840040312145935
correct_CP,CC(C)COC(=O)N(C)C[C@@H]1OCc2ccccc2-c2c(n(C)c3ccccc23)C(=O)N([C@H](C)CO)C[C@@H]1C,9.75033,-0.2731845033908676,-0.28030193297805955,-0.04468213234431295,-0.2356198006337466,0.29395669401410696
correct_CP,CC(C)COC(=O)N(C)C[C@@H]1OCc2ccccc2-c2ccccc2C(=O)N([C@H](C)CO)C[C@@H]1C,10.2633,-0.36967663310591126,-0.3880484941230615,-0.11345997188646484,-0.2745885222365967,0.21880752244740548
correct_CP,CC(C)COC(=O)N(C)C[C@@H]1OCc2ccccc2-c2ccccc2C(=O)N([C@H](C)CO)C[C@H]1C,10.1029,0.34619074497980745,0.3611092813524612,0.010436564884902029,0.35067271646755915,-0.27490972391211604
correct_CP,CC(C)COC(=O)N(C)C[C@@H]1OCc2cn(nn2)CCCC(=O)N([C@H](C)CO)C[C@@H]1C,10.0127,0.1670012671216443,0.16858029853437767,-0.0012926869166770757,0.16987298545105475,-0.12064899499613616
correct_CP,CC(C)COC(=O)N(C)C[C@@H]1OCc2cnnn2CCCC(=O)N([C@@H](C)CO)C[C@H]1C,9.99401,-0.13527074178619392,-0.13610498941728322,-0.038927732877587225,-0.097177256539696,-0.06722769995579181
correct_CP,CC(C)COC(=O)N(C)C[C@H]1OCc2ccccc2-c2c(n(C)c3ccccc23)C(=O)N([C@@H](C)CO)C[C@@H]1C,10.0439,0.005288305299442108,0.005288354598156184,0.05866501313187728,-0.053376658533721096,-0.026965788863265172
correct_CP,CC(C)COC(=O)N(C)C[C@H]1OCc2ccccc2-c2ccccc2C(=O)N([C@H](C)CO)C[C@H]1C,9.95358,0.13352408963789708,0.13432620723621966,-0.004107956467816042,0.1384341637040357,-0.03542658823790629
correct_CP,CC(C)COC(=O)N(C)C[C@H]1OCc2cn(nn2)CCCC(=O)N([C@@H](C)CO)C[C@@H]1C,10.0027,-0.22230505438791515,-0.22607969869435043,0.0707038454366814,-0.2967835441310318,0.09109719863512211
correct_CP,CC(C)COC(=O)N(C)C[C@H]1OCc2cnnn2CCCC(=O)N([C@@H](C)CO)C[C@@H]1C,10.0057,0.29248513777999396,0.3012817357660389,-0.041202144527195964,0.34248388029323484,0.051251910251769534
correct_CP,CC(C)COC(=O)N(C)C[C@H]1OCc2cnnn2CCCC(=O)N([C@H](C)CO)C[C@@H]1C,10.0003,0.14523567405273202,0.14626996745098111,0.10602640067997658,0.04024356677100453,-0.18625622675595246
correct_CP,CC(C)NC(=O)N(C)C[C@@H]1OCCCC[C@@H](C)Oc2ccc(NC(=O)c3ccncc3)cc2C(=O)N([C@H](C)CO)C[C@H]1C,10.0933,-0.166271979401787,-0.16783018171037534,0.02350261501254449,-0.19133279672291983,-0.2640175148014693
correct_CP,CC(C)NC(=O)N(C)C[C@@H]1OCc2cn(nn2)CCCC(=O)N([C@H](C)CO)C[C@@H]1C,10.1945,0.34923058318390016,0.3645671947736233,0.0555155982418302,0.3090515965317931,-0.13368730956276043
correct_CP,CC(C)NC(=O)N(C)C[C@@H]1Oc2ccc(N(C)C)cc2C(=O)N([C@@H](C)CO)C[C@@H]1C,10.0311,0.10766262090626216,0.10808151920958275,0.022504586839825754,0.085576932369757,-0.15987324088843602
correct_CP,CC(C)NC(=O)N(C)C[C@@H]1Oc2ccc(NC(=O)C3CC3)cc2CC(=O)N([C@@H](C)CO)C[C@@H]1C,10.1285,0.21085217703201545,0.21406300555286406,0.061390147393308905,0.15267285815955517,0.26329680154745816
correct_CP,CC(C)NC(=O)N(C)C[C@@H]1Oc2ncc(C#CC3CC3)cc2C(=O)N([C@H](C)CO)C[C@H]1C,10.076,0.26519924457847693,0.271692756474989,0.010646212504464748,0.26104654397052424,0.16129853749121945
correct_CP,CC(C)NC(=O)N(C)C[C@H]1OCCCC[C@H](C)Oc2ccc(NC(=O)c3ccncc3)cc2C(=O)N([C@H](C)CO)C[C@@H]1C,10.0641,-0.4089040662460046,-0.43429454723965255,0.0394773947231159,-0.47377194196276845,0.23597493357424587
correct_CP,CC(C)NC(=O)N(C)C[C@H]1OCc2ccccc2-c2c(n(C)c3ccccc23)C(=O)N([C@H](C)CO)C[C@H]1C,10.0705,0.26087163012020476,0.2670434586532014,-0.04654090049737236,0.31358435915057375,0.24943150104342215
correct_CP,CC(C)NC(=O)N(C)C[C@H]1OCc2cn(nn2)CCCC(=O)N([C@@H](C)CO)C[C@@H]1C,10.0468,-0.3320759465450441,-0.34515969588008477,-0.09653501928736072,-0.24862467659272405,-0.14412748595513206
correct_CP,CC(C)NC(=O)N(C)C[C@H]1Oc2cc(C#C[C@@H](C)O)ccc2S(=O)(=O)N([C@H](C)CO)C[C@H]1C,10.0953,0.6496742286933261,0.7747348067514996,0.2175541788018814,0.5571806279496182,-0.08283416481071373
correct_CP,CC(C)NC(=O)N(C)C[C@H]1Oc2ccc(N(C)C)cc2C(=O)N([C@@H](C)CO)C[C@@H]1C,9.75738,0.06623300976618769,0.06633011606497155,0.042365837904228924,0.023964278160742626,0.12232027582608476
correct_CP,CC(C)NC(=O)N(C)C[C@H]1Oc2ccc(NC(=O)C3CC3)cc2C(=O)N([C@@H](C)CO)C[C@@H]1C,9.85014,0.08568019724392298,0.08589078779450102,0.028914751176216107,0.05697603661828491,0.07706088632442165
correct_CP,CC(C)NC(=O)N1[C@@H]2Cn3c(ccc(-c4cccc(C(=O)N(C)C)c4)c3=O)[C@H]1[C@@H](C(=O)O)[C@@H]2CO,10.0437,-0.19767205828680287,-0.2003087855192514,0.0009333562653778072,-0.2012421417846292,0.07170555869028318
correct_CP,CC(C)NC(=O)N1[C@H](C#N)[C@@H](c2ccc(-c3ccc(F)cc3)cc2)[C@@H]1CO,10.1843,0.08109442670182318,0.081272898700871,0.025997220502525113,0.05527567819834588,0.0011436779391351681
correct_CP,CC(C)NC(=O)N1[C@H](C#N)[C@@H](c2ccc(-c3ccc(F)cc3)cc2)[C@H]1CO,10.0013,-0.054873011278022125,-0.05492818607143102,-0.07631203787663164,0.021383851805200624,0.3864755489820951
correct_CP,CC(C)NC(=O)N1[C@H](C#N)[C@@H](c2ccc(C#CC3CCCCC3)cc2)[C@@H]1CO,9.98957,0.2604017823440764,0.2665393671788162,0.04935292549230344,0.21718644168651277,-0.08984259052681343
correct_CP,CC(C)NC(=O)N1[C@H](C#N)[C@@H](c2ccc(C#CC3CCCCC3)cc2)[C@H]1CO,10.0301,0.20664521367034622,0.20966435902181862,0.0009504493003167584,0.20871390972150186,-0.04829646574603028
correct_CP,CC(C)NC(=O)NCC[C@@H]1CC[C@H](NC(=O)CCN2CCCCC2)[C@H](CO)O1,10.1369,0.08404294249603315,0.08424165647133022,0.04372316161160111,0.040518494859729116,-0.07755961216347818
correct_CP,CC(C)NC(=O)NCC[C@H]1CC[C@@H](NC(=O)Nc2ccccc2)[C@@H](CO)O1,10.2596,0.17951197717097275,0.1814783701127015,0.30862073566303716,-0.12714236555033567,-0.24054860897878466
correct_CP,CC(C)NC(=O)NCC[C@H]1CC[C@@H](NS(=O)(=O)c2ccc(Oc3ccccc3)cc2)[C@H](CO)O1,10.0977,0.47536651375955236,0.5169809122335419,-0.14550606029786498,0.6624869725314069,0.1978458371708538
correct_CP,CC(C)NC(=O)N[C@@H]1C=C[C@@H](CC(=O)NC2Cc3ccccc3C2)O[C@@H]1CO,10.102,0.25967119565091723,0.26575579617188705,0.049450181633205074,0.21630561453868197,0.2722010317717698
correct_CP,CC(C)NC(=O)N[C@@H]1C=C[C@@H](CC(=O)NC2Cc3ccccc3C2)O[C@H]1CO,9.95058,0.1580807782452681,0.15941766945332977,-0.053758391081347584,0.21317606053467736,-0.18415957894774765
correct_CP,CC(C)NC(=O)N[C@@H]1C=C[C@H](CC(=O)NC2Cc3ccccc3C2)O[C@@H]1CO,10.0034,0.03971499340931071,0.039735893756529216,0.1345118663585082,-0.09477597260197898,0.2425450740817886
correct_CP,CC(C)NC(=O)N[C@@H]1C=C[C@H](CC(=O)NCCCN(C)C)O[C@@H]1CO,10.1322,-0.08647972734957834,-0.08669628649633476,-0.05314011804175836,-0.0335561684545764,0.0024516151954326743
correct_CP,CC(C)NC(=O)N[C@@H]1CC[C@@H](CC(=O)NCc2ccc(Oc3ccccc3)cc2)O[C@H]1CO,10.0603,0.5185738646044183,0.5743870560856159,0.049000045770651264,0.5253870103149646,0.3855197747513507
correct_CP,CC(C)NC(=O)N[C@@H]1CC[C@@H](CCN)O[C@@H]1CO,10.0971,-0.05478589180004475,-0.05484080389910321,-0.04386215903762297,-0.010978644861480237,-0.02059088528791886
correct_CP,CC(C)NC(=O)N[C@H]1C=C[C@@H](CC(=O)NCCCN(C)C)O[C@@H]1CO,10.0109,0.03309272524334279,0.033104813449009104,-0.014496179432915392,0.0476009928819245,0.11661291874462601
correct_CP,CC(C)NC(=O)N[C@H]1C=C[C@H](CC(=O)NCCCN(C)C)O[C@@H]1CO,9.9989,0.24308624909966675,0.24805158270566835,-0.021755229661798662,0.269806812367467,-0.07514951781780588
correct_CP,CC(C)NC(=O)N[C@H]1C=C[C@H](CC(=O)O)O[C@H]1CO,10.0087,0.3388073351183341,0.35274458797879166,0.05097629838762959,0.3017682895911621,0.06279063083828221
correct_CP,CC(C)NC(=O)N[C@H]1CC[C@@H](CC(=O)NCc2ccc(Oc3ccccc3)cc2)O[C@@H]1CO,9.96555,0.16431485723016087,0.16581808447647514,0.029894273278283118,0.13592381119819202,-0.18621396973276158
correct_CP,CC(C)NC(=O)N[C@H]1CC[C@@H](CCN)O[C@H]1CO,9.94691,-0.12241828690120218,-0.12303537499395215,-0.04631629724261371,-0.07671907775133843,-0.047713755960492765
correct_CP,CC(C)NC(=O)N[C@H]1CC[C@@H](CCNS(=O)(=O)Cc2ccccc2)O[C@H]1CO,9.98625,-0.014999541924501926,-0.015000666973314305,0.019449403098100324,-0.03445007007141463,-0.010570582096296488
correct_CP,CC(C)NC(=O)Nc1ccc2c(c1)C(=O)N(C)[C@H]1CC[C@H](CC(=O)NCc3ccc(F)cc3)O[C@@H]1CO2,10.022,0.1912610920095664,0.1936458177219185,0.007943440319745879,0.1857023774021726,-0.3596632908511562
correct_CP,CC(C)NC(=O)Nc1ccc2c(c1)C(=O)N(C)[C@H]1CC[C@H](CC(=O)NCc3ccc(F)cc3)O[C@H]1CO2,9.83263,0.22874054309039193,0.232860069063076,0.0975769803368503,0.1352830887262257,-0.17219888419044221
correct_CP,CC(C)NC(=O)Nc1ccc2c(c1)C(=O)N(C)[C@H]1CC[C@H](CC(=O)Nc3ccccc3Cl)O[C@@H]1CO2,10.0,0.2492278539091851,0.25458935875359745,0.0024394155451118197,0.2521499432084856,0.1606159838721303
correct_CP,CC(C)NC(=O)Nc1ccc2c(c1)C(=O)N([C@@H](C)CO)C[C@@H](C)[C@@H](CN(C)C(=O)C1CCCCC1)OCCCC[C@@H](C)O2,10.0299,0.0074050337480474435,0.007405169103003004,0.028495707941114775,-0.02109053883811177,0.1297936780996533
correct_CP,CC(C)NC(=O)Nc1ccc2c(c1)C(=O)N([C@@H](C)CO)C[C@@H](C)[C@H](CN(C)Cc1ccccc1)OCCCC[C@H](C)O2,10.0289,0.13843004264684824,0.13932458993493027,-0.04972692054482461,0.18905151047975488,0.03890166088795306
correct_CP,CC(C)NC(=O)Nc1ccc2c(c1)C(=O)N([C@H](C)CO)C[C@@H](C)[C@@H](CN(C)C(=O)c1ccccc1)OCCCC[C@H](C)O2,10.0416,-0.09212960164691224,-0.09239159838340018,-0.0550984426072453,-0.03729315577615488,0.09576047503684479
correct_CP,CC(C)NC(=O)Nc1ccc2c(c1)C(=O)N([C@H](C)CO)C[C@@H](C)[C@@H](CN(C)Cc1ccccc1)OCCCC[C@@H](C)O2,10.0511,0.38711545166803707,0.4084025379154974,0.017793094982970898,0.39060944293252653,0.2569273577970622
correct_CP,CC(C)NC(=O)Nc1ccc2c(c1)C(=O)N([C@H](C)CO)C[C@@H](C)[C@H](CN(C)C(=O)C1CCCCC1)OCCCC[C@@H](C)O2,10.0429,0.13198243712662042,0.13275689777810784,0.031171720009151877,0.10158517776895597,0.08128719779900503
correct_CP,CC(C)NC(=O)Nc1ccc2c(c1)C(=O)N([C@H](C)CO)C[C@@H](C)[C@H](CN(C)C(=O)Nc1ccccc1)O2,10.1396,-0.12548123434404257,-0.12614611704025583,-0.009549169776721062,-0.11659694726353477,-0.09279141510625209
correct_CP,CC(C)NC(=O)Nc1ccc2c(c1)C(=O)N([C@H](C)CO)C[C@@H](C)[C@H](CN(C)C(=O)c1ccccc1)OCCCC[C@H](C)O2,10.0756,-0.159019132229263,-0.16038022020092935,0.06668711957941006,-0.2270673397803394,-0.008428306684868624
correct_CP,CC(C)NC(=O)Nc1ccc2c(c1)C(=O)N([C@H](C)CO)C[C@H](C)[C@@H](CN(C)C(=O)c1ccccc1)OCCCC[C@H](C)O2,10.0798,0.047585749605791795,0.04762171626462953,0.0010444477181227188,0.04657726854650681,0.2169500467558134
correct_CP,CC(C)NC(=O)Nc1ccc2c(c1)C(=O)N([C@H](C)CO)C[C@H](C)[C@H](CN(C)C(=O)C1CCCCC1)OCCCC[C@@H](C)O2,10.0402,-0.42741329183850946,-0.4567275095761164,-0.037742397628580296,-0.4189851119475361,-0.13004102664579698
correct_CP,CC(C)NC(=O)Nc1ccc2c(c1)C(=O)N([C@H](C)CO)C[C@H](C)[C@H](CN(C)C(=O)Nc1ccccc1)O2,10.3344,0.26973080571957364,0.2765734837645307,-0.0068735142006835035,0.2834469979652142,0.1509779816849678
correct_CP,CC(C)NC(=O)Nc1cccc2c1O[C@@H](CN(C)C(=O)Nc1ccccc1)[C@@H](C)CN([C@H](C)CO)C2=O,10.0594,-0.060219075348828734,-0.06029202569465849,-0.0301036977573815,-0.03018832793727699,-0.16822662863775614
correct_CP,CC(C)NC(=O)Nc1cccc2c1O[C@@H](CN(C)Cc1ccccc1)[C@@H](C)CN([C@@H](C)CO)C2=O,10.1156,0.36679730984288034,0.384717487757406,-0.009468130345401716,0.3941856181028077,0.03310166309867428
correct_CP,CC(C)NC(=O)Nc1cccc2c1O[C@@H](CN(C)Cc1ccccc1)[C@@H](C)CN([C@H](C)CO)C2=O,10.0459,0.08903795718935059,0.08927437321558372,-0.06344146708935477,0.1527158403049385,-0.16147287196325713
correct_CP,CC(C)NC(=O)Nc1cccc2c1O[C@@H](CN(C)Cc1ccccc1)[C@H](C)CN([C@@H](C)CO)C2=O,10.0336,-0.08086571854377597,-0.08104268082541893,0.043568150832873055,-0.12461083165829198,-0.2720964319084061
correct_CP,CC(C)NCC(O)COc1cccc2[nH]ccc12,10.0,0.2042687430441793,0.20718314876030533,-0.020493894085003718,0.22767704284530904,0.33877045879723117
correct_CP,CC(C)NCC(O)c1ccc2ccccc2c1,10.0,-0.39118070267214866,-0.4131932942924766,0.054920167362284146,-0.46811346165476075,0.045249743209494035
correct_CP,CC(C)Nc1nc(Cl)nc(NC2CCCCC2)n1,10.0,0.5473208906619659,0.6145483751023438,-0.08687277009257885,0.7014211451949227,-0.06713333716184897
correct_CP,CC(C)OC(=O)N(C)C[C@@H]1OCc2ccccc2-c2ccccc2C(=O)N([C@@H](C)CO)C[C@H]1C,10.1211,0.002988377072341433,0.002988385968187504,0.10060494600597973,-0.09761656003779223,-0.10416305266040696
correct_CP,CC(C)OC(=O)N(C)C[C@H]1OCc2ccccc2-c2ccccc2C(=O)N([C@H](C)CO)C[C@H]1C,10.1667,0.359169160846344,0.37593168014463235,-0.03437912459719355,0.4103108047418259,0.30637032861608443
correct_CP,CC(C)OC(=O)N(C)C[C@H]1OCc2cn(nn2)CCCC(=O)N([C@@H](C)CO)C[C@@H]1C,10.0184,-0.0020055329870422305,-0.0020055356759086187,-0.032580014839585614,0.030574479163676994,0.13394647167103174
correct_CP,CC(C)[C@@H](C)NC(=O)N(C)C[C@H]1OCc2ccccc2-c2ccccc2C(=O)N([C@@H](C)CO)C[C@H]1C,10.1637,0.3713047771263743,0.38993568035352744,-0.08066063172911939,0.47059631208264685,0.06218584424362199
correct_CP,CC(C)[C@@]1(NC(=O)[C@@H]2CC3c4cccc5[nH]cc(c45)C[C@H]3N(C)C2)O[C@@]2(O)[C@@H]3CCCN3C(=O)[C@H](Cc3ccccc3)N2C1=O,10.0,0.22999872081344672,0.23418811612463353,0.01064216376622621,0.22354595235840732,0.279090103493899
correct_CP,CC(C)[C@H](C)NC(=O)N(C)C[C@@H]1OCc2ccccc2-c2c(n(C)c3ccccc23)C(=O)N([C@@H](C)CO)C[C@@H]1C,9.76388,0.4536955692550537,0.4893439378444589,0.1087028716975272,0.3806410661469317,-0.2639512959626027
correct_CP,CC(C)[C@H](C)NC(=O)N(C)C[C@@H]1OCc2ccccc2-c2c(n(C)c3ccccc23)C(=O)N([C@@H](C)CO)C[C@H]1C,10.0263,0.1470555687611539,0.1481295813604762,0.02037523739354121,0.12775434396693497,0.08576783874882701
correct_CP,CC(C)[C@H](C)NC(=O)N(C)C[C@H]1OCc2ccccc2-c2c(n(C)c3ccccc23)C(=O)N([C@@H](C)CO)C[C@H]1C,10.1992,0.4322274883609328,0.4626326823359979,0.030930731300126933,0.431701951035871,-0.41464075580917725
correct_CP,CC(C)[C@H](C)NC(=O)N(C)C[C@H]1OCc2ccccc2-c2ccccc2C(=O)N([C@H](C)CO)C[C@H]1C,10.1939,0.2841913801636987,0.29223584130705127,0.05293408423041209,0.23930175707663917,-0.06342020620934159
correct_CP,CC(C)[C@H](CO)Nc1nc(NCc2ccc(S(N)(=O)=O)cc2)c2ncn(C(C)C)c2n1,10.0,0.336395271560354,0.35002224427853423,0.070011236684959,0.2800110075935752,0.4958176946297478
correct_CP,CC(C)[C@H](NC(=O)c1cccc(S(=O)(=O)N2CCCC2)c1)c1nc2ccccc2[nH]1,20.0,0.4082625322451991,0.43352445350212654,0.052948625432202114,0.3805758280699244,0.22722218774726524
correct_CP,CC(C)[C@H]1C(=O)N2CCC[C@H]2[C@]2(O)O[C@](NC(=O)[C@@H]3C=C4c5cccc6[nH]cc(c56)C[C@H]4N(C)C3)(C(C)C)C(=O)N12,10.0,0.45678440529704184,0.4932402694026931,0.0254873370122381,0.467752932390455,-0.3956900120458683
correct_CP,CC(C)c1ccc(NS(=O)(=O)c2cn(C)c(=O)n(C)c2=O)cc1,10.0,0.2008537433172992,0.20362202844888821,-0.1084833737477788,0.31210540219666705,0.027955040126298417
correct_CP,CC(C)c1ccc(OCC(=O)NNC(=O)c2cnccn2)cc1,10.0,0.7612063793683104,0.9990773145787519,0.11406909298361029,0.8850082215951416,0.36996822165108806
correct_CP,CC(C)c1ccc(S(=O)(=O)N2CCN(C(=O)c3ccco3)CC2)cc1,10.0,0.10392229347493938,0.10429885138388136,-0.045770682156191005,0.15006953354007235,0.004527629628484367
correct_CP,CC(C)c1ccc2c(c1)CC[C@H]1[C@](C)(CN)CCC[C@]21C,10.0,0.5779469146819478,0.6593743796184557,0.04407855362866067,0.615295825989795,0.14607573539086463
correct_CP,CC(C)c1ccc2nc(N)sc2c1,10.0,0.17461634520476713,0.17642427209352177,-0.00317816623193299,0.17960243832545475,-0.004400849509237632
correct_CP,CC(C)c1cn(CC[C@@H]2CC[C@H](NC(=O)c3cccc(F)c3)[C@@H](CO)O2)nn1,10.1153,-0.10092159909338108,-0.10126634284225945,0.03168771208107592,-0.13295405492333537,-0.2854447434321835
correct_CP,CC(C)c1cn(CC[C@@H]2CC[C@H](NS(=O)(=O)Cc3ccccc3)[C@H](CO)O2)nn1,10.0341,0.20543414696743265,0.20839960015082062,-0.012992617531847009,0.22139221768266765,0.11389772221745299
correct_CP,CC(C)c1cn(CC[C@H]2CC[C@@H](NC(=O)c3cccc(F)c3)[C@H](CO)O2)nn1,10.1373,-0.256791790014324,-0.2626706601120953,0.03654842671174477,-0.29921908682384,0.1895118203654337
correct_CP,CC(C)c1cn(CC[C@H]2CC[C@@H](NS(=O)(=O)Cc3ccccc3)[C@H](CO)O2)nn1,9.98791,-0.40128404716128624,-0.4251784942121632,-0.06909796745083133,-0.35608052676133184,-0.1660311223737904
correct_CP,CC(C)c1cn(CC[C@H]2CC[C@H](N)[C@@H](CO)O2)nn1,10.0629,-0.1351416062427696,-0.13597344922563245,0.04419971493039891,-0.18017316415603135,0.12598279992528078
correct_CP,CC(C)c1cn(CC[C@H]2CC[C@H](NC(=O)C3CC3)[C@@H](CO)O2)nn1,10.0408,0.49356931931035625,0.5407682978526185,-0.17749679229061938,0.7182650901432379,0.19842224362776992
correct_CP,CC(C)n1nnnc1SCC(=O)c1ccc2c(c1)OCCO2,10.0,0.1759071003437825,0.17775593158806072,0.05516160781463753,0.12259432377342319,0.21494996218286094
correct_CP,CC(CC(=O)c1ccccc1)=NNC(=O)c1ccc(Cl)cc1,10.0,0.24221017148215884,0.24712069613064078,0.1103142870955335,0.13680640903510727,0.2385514826670514
correct_CP,CC(Nc1nc(N2CCCC2)nc2ccccc12)c1ccccc1,20.0,0.22876684069423578,0.23288781876004536,0.08541082169657338,0.14747699706347198,0.2485845191331043
correct_CP,CC/C(=C(/CC)c1ccc(O)cc1)c1ccc(O)cc1,10.0,0.2830426780481526,0.2909866562880287,0.019868398135270537,0.2711182581527582,-0.19704648583229462
correct_CP,CC1(C)C(=O)CC[C@@]2(C)C1C[C@@H](O)[C@@]1(C)C3=CC(=O)O[C@@H](c4ccoc4)[C@]3(C)CCC21,10.0,-0.15094905329474986,-0.152111476170107,-0.03957075873256927,-0.11254071743753774,0.15579892364106684
correct_CP,CC1(C)C(=O)[C@@H]2C[C@@]3(O)C4=CC(=O)O[C@@H](c5ccoc5)[C@]4(C)CCC3[C@@](C)(C2=O)[C@H]1CC(=O)O,10.0,0.742566699619049,0.9561768805578241,0.2639559368498411,0.692220943707983,0.48402517626196484
correct_CP,CC1(C)Cc2c(cnn2-c2ccccc2)-c2c1c1ccccc1n2CC(O)CBr,10.0,0.12545945272290487,0.12612398703064462,0.12504369370648638,0.001080293324158238,-0.014965006567080552
correct_CP,CC1(CCc2ccccc2)NC(=O)N(CC(=O)Nc2ccc3c(c2)OCCO3)C1=O,10.0,0.24010438958054342,0.2448848855330992,0.08821863297929192,0.15666625255380728,-0.06603251139883295
correct_CP,CC12CC3CC(C)(C1)CC(C(=O)NC1=NCCS1)(C3)C2,10.0,0.3637953960329393,0.38125330414417324,0.22479593159516956,0.1564573725490037,-0.008586379339899947
correct_CP,CC12CCC(O)CC1CCC1C2[C@H](O)CC2(C)C(C3=CC(=O)OC3)CCC12O,10.0,0.38083006142470094,0.40103015941395026,0.25380339422196907,0.1472267651919812,0.8025912875440506
correct_CP,CC1=C(C(=O)OC(C)C)C(c2ccc(Cl)cc2)n2c(sc(=Cc3ccc(OCC(=O)O)cc3)c2=O)=N1,20.0,0.260866076430974,0.26703749942311594,0.16987060192015607,0.09716689750295987,-0.021470916060331025
correct_CP,CC1=C(C(=O)OCc2ccccc2)C(c2ccc([N+](=O)[O-])cc2)NC(=O)N1CCCCCC(=O)O,10.0,0.3121937972246838,0.32297427682710206,-0.04137515830384917,0.36434943513095125,0.17860775660818218
correct_CP,CC1C(OC(=O)C(O)c2ccccc2)CCC(C)(C)N1C,10.0,-0.21105334580290797,-0.21427354348744754,0.31559458507445226,-0.5298681285618998,-0.5191454739098587
correct_CP,CC1CC(C)CN(c2oc(-c3ccco3)nc2C#N)C1,10.0,0.41493331998201466,0.4415559308031689,0.15855572084433048,0.28300020995883846,0.2266196774773743
correct_CP,CC1CCCN(c2nc3c(c(=O)n(C)c(=O)n3C)n2CCSc2nc3ccccc3s2)C1,10.0,0.6759206747129081,0.8215648164196405,0.029719942850722603,0.7918448735689179,0.03297450079387966
correct_CP,CC1CCN(Cc2nc(-c3ccccc3)no2)CC1,10.0,0.6754220703103141,0.8206473671764302,0.10955709341340338,0.7110902737630268,0.13368650688050765
correct_CP,CC1CN(c2cc(-c3ccccc3)c3ccccc3n2)CC(C)O1,10.0,0.42971679259339574,0.45954928198313333,-0.013305851328635826,0.47285513331176915,-0.017536822101085703
correct_CP,CC1Cc2ccccc2N1NC(=O)c1ccc(Cl)c(S(N)(=O)=O)c1,10.0,0.31130666451999234,0.3219916436767343,0.2686622680553754,0.053329375621358865,0.06776209068952299
correct_CP,CC1O[C@@H](Oc2c(-c3ccc(O)c(O)c3)oc3cc(O)cc(O)c3c2=O)[C@H](O)[C@H](O)[C@H]1O,10.0,0.28224418792388506,0.29011883847043907,0.33629413251842505,-0.04617529404798598,-0.12348400293976092
correct_CP,CCC(=C(c1ccccc1)c1ccc(OCCN(C)C)cc1)c1ccccc1,10.0,0.3932108368763959,0.41559246430576247,-0.004718985180407465,0.42031144948616994,0.325717935673412
correct_CP,CCC(=O)N(C)C[C@@H]1Oc2cc(-c3ccc(OC)cc3)ccc2S(=O)(=O)N([C@@H](C)CO)C[C@H]1C,10.0025,0.012562936651374586,0.012563597639083207,0.00740781113651969,0.005155786502563518,0.07599427819966958
correct_CP,CCC(=O)N(C)C[C@@H]1Oc2cc(C#Cc3ccccc3)ccc2S(=O)(=O)N([C@H](C)CO)C[C@@H]1C,10.062206,-0.03224859578423449,-0.03225978197652655,0.015520385105319348,-0.047780167081845897,0.03498610213079206
correct_CP,CCC(=O)N(C)C[C@H]1Oc2cc(C#Cc3ccccc3)ccc2S(=O)(=O)N([C@@H](C)CO)C[C@H]1C,10.0427,-0.008064198133977503,-0.008064372949205268,-0.00724809835052275,-0.0008162745986825181,-0.2971042549035436
correct_CP,CCC(=O)N(c1ccccc1)C1CCN(CCc2ccc(N=C=S)cc2)CC1,10.0,0.07973068719969964,0.07990028340383692,-0.003983547590508398,0.08388383099434532,0.4290651673034674
correct_CP,CCC(=O)N1C[C@@H](C)[C@@H](OC)CN(C)C(=O)c2cc(NC(=O)NC(C)C)ccc2OC[C@@H]1C,9.94756,0.19805121781068152,0.20070339365232592,0.02981641568722319,0.17088697796510274,-0.03992367188768553
correct_CP,CCC(=O)N1C[C@@H](C)[C@@H](OC)CN(C)C(=O)c2cc(NC(=O)NC(C)C)ccc2OC[C@H]1C,9.98107,0.2810093850901306,0.28877766179425507,0.04444516338921314,0.24433249840504193,0.14971996728465417
correct_CP,CCC(=O)N1C[C@@H](C)[C@@H](OC)CN(C)C(=O)c2cc(NC(=O)c3cnccn3)ccc2OC[C@H]1C,10.095,0.3332863148373818,0.3465206954046169,0.017483443371344536,0.32903725203327233,0.08033614831256691
correct_CP,CCC(=O)N1C[C@@H](C)[C@@H](OC)CN(C)C(=O)c2cc(NS(C)(=O)=O)ccc2OC[C@H]1C,9.9461,0.31376609957114776,0.3247173222246512,0.030130472777932574,0.29458684944671865,-0.03021268553910443
correct_CP,CCC(=O)N1C[C@@H](C)[C@@H](OC)CN(C)C(=O)c2ccc(NC(=O)C3CCOCC3)cc2OC[C@@H]1C,10.045,-0.21514927232321918,-0.2185643311163451,0.05242340681567692,-0.270987737932022,-0.03912307303367022
correct_CP,CCC(=O)N1C[C@@H](C)[C@@H](OC)CN(C)C(=O)c2ccc(NC(=O)c3cc(C)on3)cc2OC[C@@H]1C,10.0235,0.20260995741191182,0.20545274547707265,0.04233259946681619,0.16312014601025646,0.1411126685858007
correct_CP,CCC(=O)N1C[C@@H](C)[C@@H](OC)CN(C)C(=O)c2ccc(NC(=O)c3cc(C)on3)cc2OC[C@H]1C,10.0462,-0.0651370745146328,-0.06522943177170286,-0.0016003978631171662,-0.0636290339085857,0.009687316706619155
correct_CP,CCC(=O)N1C[C@@H](C)[C@H](OC)CN(C)C(=O)c2cc(NC(=O)C3CC3)ccc2OC[C@@H]1C,9.94469,0.579256938033854,0.6613436898813159,0.009194713136850392,0.6521489767444655,0.13045284675405117
correct_CP,CCC(=O)N1C[C@@H](C)[C@H](OC)CN(C)C(=O)c2ccc(NC(=O)C3CCOCC3)cc2OC[C@H]1C,10.098,-0.385223899825696,-0.4061794646590635,0.009581529114094987,-0.4157609937731585,-0.23727955032678233
correct_CP,CCC(=O)N1C[C@@H](C)[C@H](OC)CN(C)C(=O)c2ccc(NC(=O)c3cc(C)on3)cc2OC[C@H]1C,10.0269,0.03927972775269908,0.039299947999522286,-0.011325501895059063,0.05062544989458135,0.08088155020564289
correct_CP,CCC(=O)N1C[C@@H](O)COC[C@H]2O[C@@H](CC(=O)NCc3cc(F)cc(F)c3)CC[C@@H]21,9.96981,-0.24126566465938795,-0.24611756926862288,-0.06599558129217308,-0.1801219879764498,0.028390245148304738
correct_CP,CCC(=O)N1C[C@H](C)[C@@H](OC)CN(C)C(=O)c2cc(NC(=O)c3cnccn3)ccc2OC[C@H]1C,9.93465,0.2164594595599258,0.2199385164959151,0.035936445220733235,0.18400207127518187,0.12268829646293088
correct_CP,CCC(=O)N1C[C@H](C)[C@@H](OC)CN(C)C(=O)c2ccc(NC(=O)Nc3cccc(F)c3)cc2OC[C@H]1C,9.9857,0.012537524813526654,0.012538181798028205,0.027120275636372985,-0.01458209383834478,-0.016241739270123675
correct_CP,CCC(=O)N1C[C@H](C)[C@@H](OC)CN(C)C(=O)c2ccc(NC(=O)Nc3ccccc3)cc2OC[C@H]1C,10.0375,-0.21932471991651437,-0.22294659368970302,-0.034532498200073744,-0.18841409548962929,-0.2927632517940079
correct_CP,CCC(=O)N1C[C@H](C)[C@@H](OC)CN(C)C(=O)c2ccc(NC(=O)c3ccc(F)cc3)cc2OC[C@H]1C,10.031,-0.013921186792524572,-0.013922086203186182,0.04912798922251125,-0.06305007542569743,0.0032828330978224365
correct_CP,CCC(=O)N1C[C@H](C)[C@H](OC)CN(C)C(=O)c2cc(NC(=O)NC(C)C)ccc2OC[C@@H]1C,10.0038,-0.058298828124103565,-0.05836501091935332,0.05273089068854998,-0.11109590160790331,-0.15874706234621805
correct_CP,CCC(=O)N1C[C@H](C)[C@H](OC)CN(C)C(=O)c2ccc(NC(=O)Nc3ccc(Cl)cc3)cc2OC[C@H]1C,9.73124,0.12398863781837072,0.12462993016038851,-0.1830987532724308,0.30772868343281934,0.1689422451819757
correct_CP,CCC(=O)N1C[C@H](O)COC[C@@H]2O[C@@H](CC(=O)NCc3cc(F)cc(F)c3)CC[C@H]21,9.99998,-0.19005475509389297,-0.19239397561536994,0.10878228102349968,-0.3011762566388696,-0.06377383925510482
correct_CP,CCC(=O)N1C[C@H](O)COC[C@@H]2O[C@H](CC(=O)NCc3cc(F)cc(F)c3)CC[C@H]21,10.1877,-0.052269292197099686,-0.05231697165686037,0.03384966411004493,-0.08616663576690531,-0.013949165099614184
correct_CP,CCC(=O)N1[C@@H]2Cn3c(ccc(-c4ccncc4)c3=O)[C@H]1[C@@H](C(=O)NC1Cc3ccccc3C1)[C@@H]2CO,9.9921,0.2565928169473787,0.2624576517214452,-0.018537783675514993,0.2809954353969602,-0.05745951905270737
correct_CP,CCC(=O)N1[C@H](C(=O)N(C)C)[C@@H](CO)[C@@H]2Cn3c(ccc(-c4ccc(F)cc4)c3=O)[C@@H]21,9.96753,0.46228129350796876,0.5002087259907619,0.02666394097517727,0.47354478501558467,-0.3001658223957972
correct_CP,CCC(=O)N1[C@H](C(=O)N2CCCCC2)[C@@H](CO)[C@@H]2Cn3c(cccc3=O)[C@@H]21,9.94511,-0.014926802519061772,-0.01492791127809486,0.01455095633567487,-0.02947886761376973,-0.09125789207461275
correct_CP,CCC(=O)N1[C@H](C(=O)NCCCN(C)C)[C@@H](CO)[C@@H]2Cn3c(ccc(-c4ccccc4OC)c3=O)[C@@H]21,10.0679,0.13614291471846166,0.13699352600487608,-0.005632420836961735,0.14262594684183783,0.008618401600722995
correct_CP,CCC(=O)NCC(=O)OCC(=O)c1ccccc1,10.0,0.1386993431368423,0.13959916226322436,0.013240443437778745,0.1263587188254456,0.2548060268048444
correct_CP,CCC(=O)N[C@@H]1C=C[C@H](CC(=O)NCc2cc(F)cc(F)c2)O[C@H]1CO,10.0137,-0.06542249492786345,-0.06551607369723036,0.015285783870242167,-0.08080185756747253,-0.051412709267453664
correct_CP,CCC(=O)N[C@@H]1CC[C@@H](CC(=O)NCC2CCCCC2)O[C@H]1CO,9.96946,0.5184485922536073,0.5742157191252767,0.03306326835384654,0.5411524507714301,0.07588061452337291
correct_CP,CCC(=O)N[C@@H]1CC[C@H](CC(=O)NCCN2CCCCC2)O[C@H]1CO,10.0665,0.5733250352435083,0.6524619994917451,-0.026198495590877502,0.6786604950826226,-0.3473684772195553
correct_CP,CCC(=O)N[C@@H]1CC[C@H](CC(=O)OC)O[C@H]1CO,10.0395,0.3120924444867849,0.3228619829199933,-0.025575714497444918,0.34843769741743824,0.18811291592186846
correct_CP,CCC(=O)N[C@H]1C=C[C@@H](CC(=O)NCC2CCCCC2)O[C@H]1CO,10.1413,-0.09298348625995373,-0.09325286124303028,-0.09680110986693383,0.003548248623903544,-0.013814063403639804
correct_CP,CCC(=O)N[C@H]1C=C[C@@H](CC(=O)NCc2cc(F)cc(F)c2)O[C@@H]1CO,10.0774,0.09422367840448165,0.0945040157068598,0.07197392995430865,0.02253008575255115,0.3189203555053327
correct_CP,CCC(=O)N[C@H]1C=C[C@@H](CC(=O)OC)O[C@@H]1CO,10.0543,-0.08095622356980553,-0.08113378225478492,-0.08939747029169182,0.0082636880369069,0.3532383166188067
correct_CP,CCC(=O)N[C@H]1C=C[C@H](CC(=O)NCC2CCCCC2)O[C@H]1CO,10.0662,0.24812388453431802,0.2534126200750464,-0.05474463220288104,0.30815725227792745,-0.2584176048731491
correct_CP,CCC(=O)N[C@H]1CC[C@@H](CC(=O)NCCN2CCCCC2)O[C@H]1CO,9.97289,0.02295803772230916,0.02296207250745448,-0.13885548944551765,0.16181756195297214,0.05030687414019666
correct_CP,CCC(=O)N[C@H]1CC[C@H](CC(=O)NCC2CCCCC2)O[C@@H]1CO,10.0016,0.029181094216285897,0.029189381370726197,0.04961841596282014,-0.020429034592093945,-0.20815357140187568
correct_CP,CCC(=O)N[C@H]1CC[C@H](CC(=O)NCCN2CCCCC2)O[C@@H]1CO,10.03,-0.23117659855070963,-0.23543213959811898,0.04850287262198644,-0.2839350122201054,0.22719267719815556
correct_CP,CCC(=O)N[C@H]1CC[C@H](CC(=O)NCCN2CCCCC2)O[C@H]1CO,10.0187,-0.06603671699637437,-0.06613296097360188,0.01803174180868196,-0.08416470278228384,-0.23338523331363298
correct_CP,CCC(=O)N[C@H]1CC[C@H](CCNC(=O)Nc2ccc(C(F)(F)F)cc2)O[C@H]1CO,10.0945,-0.09991571438367591,-0.10025021146950841,0.023198994414063204,-0.12344920588357161,-0.13289544113850188
correct_CP,CCC(=O)Nc1ccc2c(c1)C(=O)N(C)C[C@@H](OC)[C@@H](C)CN(C(=O)C1CCC1)[C@@H](C)CO2,10.0122,0.20647796300603924,0.20948965410169756,0.07893546202131255,0.13055419208038502,0.010848977581065344
correct_CP,CCC(=O)Nc1ccc2c(c1)C(=O)N(C)C[C@@H](OC)[C@@H](C)CN(C(=O)C1CCC1)[C@H](C)CO2,9.94692,-0.017627844529152906,-0.017629670767097903,0.03141461815604092,-0.04904428892313882,-0.16245100793454786
correct_CP,CCC(=O)Nc1ccc2c(c1)C(=O)N(C)C[C@@H](OC)[C@@H](C)CN(C(=O)NC(C)C)[C@@H](C)CO2,10.0552,0.1859994035492251,0.18818998895258587,0.05955351457637803,0.12863647437620784,0.12988506159975463
correct_CP,CCC(=O)Nc1ccc2c(c1)C(=O)N(C)C[C@@H](OC)[C@@H](C)CN(Cc1ccncc1)[C@H](C)CO2,9.96716,0.05683587958948567,0.056897197786406575,0.06262195950238843,-0.005724761715981852,0.31531960770454365
correct_CP,CCC(=O)Nc1ccc2c(c1)C(=O)N(C)C[C@@H](OC)[C@H](C)CN(C(=O)C1CCC1)[C@@H](C)CO2,9.94223,-0.30272781155743506,-0.3125199064231504,0.050477489020109755,-0.36299739544326015,-0.16846678425903228
correct_CP,CCC(=O)Nc1ccc2c(c1)C(=O)N(C)C[C@@H](OC)[C@H](C)CN(C(=O)NC(C)C)[C@@H](C)CO2,10.0875,0.43308850191687903,0.4636919911496769,-0.045186525499368024,0.5088785166490449,0.3015911536715367
correct_CP,CCC(=O)Nc1ccc2c(c1)C(=O)N(C)C[C@@H](OC)[C@H](C)CN(C(=O)c1cccnc1)[C@@H](C)CO2,9.95082,0.4799822383717561,0.5229611988082266,0.096855515950866,0.42610568285736056,0.03676801083912912
correct_CP,CCC(=O)Nc1ccc2c(c1)C(=O)N(C)C[C@H](OC)[C@@H](C)CN(C(=O)CC)[C@H](C)CO2,10.1138,0.2513956695822221,0.25690208147885696,0.028197563752477086,0.22870451772637987,0.3108774777397549
correct_CP,CCC(=O)Nc1ccc2c(c1)C(=O)N(C)C[C@H](OC)[C@H](C)CN(C(=O)NC(C)C)[C@@H](C)CO2,10.0618,0.5313400793078328,0.5920105551190705,0.10840486469639002,0.48360569042268053,0.24614324092160314
correct_CP,CCC(=O)Nc1ccc2c(c1)C(=O)N(C)C[C@H](OC)[C@H](C)CN(C(=O)NC(C)C)[C@H](C)CO2,9.99718,0.13442458165800175,0.13524315778056603,0.024842946659288077,0.11040021112127796,-0.05663986908913361
correct_CP,CCC(=O)Nc1ccc2c(c1)C(=O)N(C)[C@H]1CC[C@H](CC(=O)Nc3c(F)cccc3F)O[C@@H]1CO2,10.0214,-0.15747891740459447,-0.1588004430618286,-0.0466882080902338,-0.11211223497159481,-0.1990917398773836
correct_CP,CCC(=O)Nc1ccc2c(c1)OC[C@@H](C)N(C(=O)CC1CC1)C[C@@H](C)[C@@H](OC)CN(C)C2=O,10.0162,0.2940352148145877,0.30297766585186603,0.06437009882393671,0.23860756702792932,0.0952358211835291
correct_CP,CCC(=O)Nc1ccc2c(c1)OC[C@@H](C)N(C(=O)CC1CC1)C[C@H](C)[C@@H](OC)CN(C)C2=O,10.0764,0.23682536923451417,0.24140815532336277,-0.05570739184883796,0.29711554717220073,0.03778595615085294
correct_CP,CCC(=O)Nc1ccc2c(c1)OC[C@@H](C)N(C(=O)COC)C[C@@H](C)[C@H](OC)CN(C)C2=O,9.87195,0.4083289993497901,0.4336042177382391,-0.10574328912632783,0.5393475068645669,0.28166388016075095
correct_CP,CCC(=O)Nc1ccc2c(c1)OC[C@@H](C)N(C(=O)c1ccc(F)cc1)C[C@@H](C)[C@@H](OC)CN(C)C2=O,10.0935,0.1401843867898013,0.14111365404585963,-0.016289688383076872,0.1574033424289365,0.16313474919687032
correct_CP,CCC(=O)Nc1ccc2c(c1)OC[C@@H](C)N(C(=O)c1ccc(F)cc1)C[C@H](C)[C@@H](OC)CN(C)C2=O,9.9439,0.1394129282707158,0.14032681782133452,0.0289476924987742,0.11137912532256032,-0.03282495430212852
correct_CP,CCC(=O)Nc1ccc2c(c1)OC[C@@H](C)N(C(=O)c1cnccn1)C[C@H](C)[C@H](OC)CN(C)C2=O,9.92882,-0.0768029867948993,-0.07695453608526467,0.01769469442765598,-0.09464923051292065,-0.2224700070640651
correct_CP,CCC(=O)Nc1ccc2c(c1)OC[C@@H](C)N(C(C)=O)C[C@@H](C)[C@@H](OC)CN(C)C2=O,9.94506,0.28991778321517725,0.2984764998815806,0.12176162971752899,0.1767148701640516,-0.11451239603161198
correct_CP,CCC(=O)Nc1ccc2c(c1)OC[C@@H](C)N(CCc1ccccc1)C[C@@H](C)[C@H](OC)CN(C)C2=O,10.1224,0.5288740649307349,0.588580700928797,-0.037495698173585876,0.6260763991023829,0.5091812870128234
correct_CP,CCC(=O)Nc1ccc2c(c1)OC[C@@H](C)N(Cc1ccccc1)C[C@@H](C)[C@@H](OC)CN(C)C2=O,10.079,0.3188793421769841,0.3303991019576901,0.04862783957303056,0.28177126238465955,0.11843806375521053
correct_CP,CCC(=O)Nc1ccc2c(c1)OC[C@@H](C)N(Cc1cncnc1)C[C@H](C)[C@H](OC)CN(C)C2=O,9.97511,0.019381477780986103,0.019383905158401885,-0.05215323813253198,0.07153714329093387,-6.938940269054367e-05
correct_CP,CCC(=O)Nc1ccc2c(c1)OC[C@@H](C)N(Cc1nccs1)C[C@H](C)[C@@H](OC)CN(C)C2=O,9.98046,-0.07481057724145228,-0.07495060995500863,-0.20878154602144788,0.13383093606643925,0.5876683105458012
correct_CP,CCC(=O)Nc1ccc2c(c1)OC[C@H](C)N(C(=O)CC1CC1)C[C@H](C)[C@H](OC)CN(C)C2=O,9.9845,-0.009134892382507807,-0.009135146486095067,0.039355617089270566,-0.048490763575365636,0.22807952201287954
correct_CP,CCC(=O)Nc1ccc2c(c1)OC[C@H](C)N(C(=O)COC)C[C@@H](C)[C@H](OC)CN(C)C2=O,10.0096,0.10310588542361857,0.10347360058484435,0.02523579851472396,0.07823780207012039,0.05687796966946028
correct_CP,CCC(=O)Nc1ccc2c(c1)OC[C@H](C)N(C(=O)c1cnccn1)C[C@H](C)[C@H](OC)CN(C)C2=O,9.94973,0.1984478018211353,0.20111620223017895,-0.022197383169332542,0.2233135853995115,0.1222247979650452
correct_CP,CCC(=O)Nc1ccc2c(c1)OC[C@H](C)N(CC1CCCCC1)C[C@@H](C)[C@H](OC)CN(C)C2=O,9.97762,0.2366587547530104,0.24123164818010562,0.01995074407437103,0.2212809041057346,0.11375459920683323
correct_CP,CCC(=O)Nc1ccc2c(c1)OC[C@H](C)N(CCc1ccccc1)C[C@@H](C)[C@@H](OC)CN(C)C2=O,10.0737,0.04557343720599039,0.045605027652744524,-0.07301703068454654,0.11862205833729106,0.11393820173190894
correct_CP,CCC(=O)Nc1ccc2c(c1)OC[C@H](C)N(CCc1ccccc1)C[C@H](C)[C@H](OC)CN(C)C2=O,10.0097,0.3303930506157248,0.3432694034011451,-0.02452196046736914,0.36779136386851424,0.42011281020067187
correct_CP,CCC(=O)Nc1ccc2c(c1)OC[C@H](C)N(Cc1ccccc1)C[C@@H](C)[C@@H](OC)CN(C)C2=O,10.0995,0.04470488841334171,0.04473470548520923,0.034536777292264044,0.010197928192945183,-0.022937851572759196
correct_CP,CCC(=O)Nc1ccc2c(c1)OC[C@H](C)N(Cc1cncnc1)C[C@H](C)[C@H](OC)CN(C)C2=O,10.0329,0.19460523958309636,0.19711926175759675,-0.06346274369992794,0.2605820054575247,-0.03212724133520897
correct_CP,CCC(=O)Nc1ccc2c(c1)OC[C@H](C)N(Cc1nccs1)C[C@@H](C)[C@@H](OC)CN(C)C2=O,10.0395,0.33433680421254836,0.3477029204677532,0.007466661902134171,0.340236258565619,0.023329213204027352
correct_CP,CCC(=O)Nc1cccc(-c2csc(-c3ccccc3)n2)c1,10.0,0.6135112643381867,0.7145326348214235,-0.06365322041789762,0.778185855239321,-0.06999351815867152
correct_CP,CCC(=O)O[C@H]1[C@H](O[C@@H]2[C@@H](C)[C@H](O[C@H]3C[C@@](C)(OC)[C@@H](O)[C@H](C)O3)[C@@H](C)C(=O)O[C@H](CC)[C@@](C)(O)[C@H](O)[C@@H](C)C(=O)[C@H](C)C[C@@]2(C)O)O[C@H](C)C[C@@H]1N(C)C,10.0,0.5762588807842425,0.656843410256394,-0.03818610998532226,0.6950295202417163,0.5431947193143161
correct_CP,CCC(=O)Oc1ccc(NC(=O)c2ccco2)cc1,10.0,0.0707959586772162,0.07091459369360353,0.08541018446693469,-0.014495590773331152,0.1398474062507004
correct_CP,CCC(C(=O)N1CCc2cc(OC)c(OC)cc2C1)c1ccccc1,10.0,0.04855662017542194,0.0485948356334163,0.13528408753998206,-0.08668925190656576,-0.061726004712854735
correct_CP,CCC(C)C(=O)O[C@H]1C[C@H](O)C=C2C=C[C@H](C)[C@H](CC[C@@H](O)C[C@@H](O)CC(=O)O)C21,10.0,0.3539152441886843,0.3699125793895675,0.01963635369217854,0.350276225697389,0.11402939708610788
correct_CP,CCC(NC(=O)Nc1nnc(C(F)(F)F)s1)(C(F)(F)F)C(F)(F)F,10.0,0.48575713077523536,0.5304920558012204,-0.022144662405005018,0.5526367182062254,0.1649162349329093
correct_CP,CCC1(c2ccccc2)C(=O)NCNC1=O,10.0,-0.019340365582619028,-0.019342777543536353,-0.06839426220311978,0.04905148465958343,0.02581845923898539
correct_CP,CCC1=Nc2cc(C(=O)NCc3cccnc3)ccc2Sc2ccc(C)cc21,10.0,0.05551620828962706,0.05557334855754716,0.13192741190599172,-0.07635406334844455,-0.09312570161319669
correct_CP,CCC1Oc2ccc(C)cc2N(CC(=O)N(Cc2cccnc2)Cc2ccc(C)o2)C1=O,10.0,0.1912118171919269,0.19359467245105075,0.02136138113388848,0.17223329131716228,0.20833204868869737
correct_CP,CCCC#Cc1ccc([C@@H]2[C@@H](C#N)N(S(C)(=O)=O)[C@H]2CO)cc1,10.2615,0.31530203431584874,0.3264218935558535,-0.12721671213551655,0.45363860569137004,0.25200625876590255
correct_CP,CCCC#Cc1ccc([C@@H]2[C@@H](CO)N(S(C)(=O)=O)[C@H]2C#N)cc1,10.0521,0.08161847386789715,0.0818004375917349,0.07556902840752931,0.0062314091842055885,-0.04280318297784189
correct_CP,CCCC#Cc1ccc([C@H]2[C@@H](C#N)N(S(C)(=O)=O)[C@H]2CO)cc1,9.87547,0.28887332472202937,0.2973365725784767,0.10814066333583215,0.1891959092426445,0.02313828777114922
correct_CP,CCCC#Cc1ccc2c(c1)O[C@@H](CN(C)C(=O)CN(C)C)[C@@H](C)CN([C@@H](C)CO)S2(=O)=O,10.0657,0.1621424633829522,0.16358622489132693,0.04830649048021057,0.11527973441111636,-0.009453549586148594
correct_CP,CCCC#Cc1ccc2c(c1)O[C@H](CN(C)C(=O)Nc1ccccc1F)[C@@H](C)CN([C@H](C)CO)S2(=O)=O,10.0701,-0.0473204335867596,-0.04735580145815186,-0.01113561791169658,-0.03622018354645528,0.07861560210960439
correct_CP,CCCC#Cc1ccc2c(c1)O[C@H](CN(C)CC1CCOCC1)[C@@H](C)CN([C@@H](C)CO)S2(=O)=O,10.0627,0.252016872287168,0.25756530332525907,0.16121732342552145,0.09634797989973762,0.043856332855839786
correct_CP,CCCC#Cc1ccc2c(c1)O[C@H](CN(C)CC1CCOCC1)[C@@H](C)CN([C@H](C)CO)S2(=O)=O,10.0112,0.22109589637576849,0.22480803691915374,0.04824745441340173,0.17656058250575202,0.06655649636516056
correct_CP,CCCC#Cc1cnc2c(c1)C(=O)N([C@@H](C)CO)C[C@@H](C)[C@@H](CN(C)C(=O)Nc1cccc(F)c1)O2,10.0012,-0.05833302998436934,-0.058399329488413206,-0.07218684401893437,0.013787514530521162,0.009570815099091384
correct_CP,CCCC#Cc1cnc2c(c1)C(=O)N([C@@H](C)CO)C[C@@H](C)[C@H](CN(C)C(=O)Nc1cccc(F)c1)O2,9.98406,0.0068882005078545454,0.0068883094531423635,0.026174167860621995,-0.019285858407479633,-0.08521403885842826
correct_CP,CCCC#Cc1cnc2c(c1)C(=O)N([C@@H](C)CO)C[C@@H](C)[C@H](CN(C)S(=O)(=O)c1cn(C)cn1)O2,10.0467,-0.1929602236873594,-0.1954100619784546,0.0080327640664536,-0.20344282604490818,0.3405592161918213
correct_CP,CCCC#Cc1cnc2c(c1)C(=O)N([C@@H](C)CO)C[C@H](C)[C@@H](CN(C)C(=O)Nc1cccc(F)c1)O2,10.0698,0.055023898598986425,0.055079530351419485,0.013889146722354927,0.04119038362906456,0.05863742404937097
correct_CP,CCCC#Cc1cnc2c(c1)C(=O)N([C@@H](C)CO)C[C@H](C)[C@@H](CN(C)C(=O)c1ccccc1)O2,9.99578,0.06675335615862385,0.06685277331658981,0.10731203052294348,-0.04045925720635367,0.24795160045307507
correct_CP,CCCC#Cc1cnc2c(c1)C(=O)N([C@@H](C)CO)C[C@H](C)[C@@H](CN(C)S(=O)(=O)c1cn(C)cn1)O2,10.056,0.1973512634185386,0.19997496814612867,0.007026943678226911,0.19294802446790177,-0.09595965349738873
correct_CP,CCCC#Cc1cnc2c(c1)C(=O)N([C@@H](C)CO)C[C@H](C)[C@H](CN(C)C(=O)Nc1cccc(F)c1)O2,10.0948,-0.23860441562448367,-0.24329375446386492,-0.05820332034327169,-0.18509043412059323,-0.1250155090387237
correct_CP,CCCC#Cc1cnc2c(c1)C(=O)N([C@@H](C)CO)C[C@H](C)[C@H](CN(C)Cc1ccccc1F)O2,10.0558,0.03621428449496553,0.03623012833313604,-0.003349246329879846,0.039579374663015886,0.038947198972012105
correct_CP,CCCC#Cc1cnc2c(c1)C(=O)N([C@H](C)CO)C[C@@H](C)[C@@H](CN(C)S(=O)(=O)c1cccc(OC)c1)O2,10.0147,0.035479267214083655,0.03549416531284292,0.0013169014389769118,0.03417726387386601,0.18611161338636156
correct_CP,CCCC#Cc1cnc2c(c1)C(=O)N([C@H](C)CO)C[C@@H](C)[C@H](CN(C)C(=O)CCN1CCCCC1)O2,10.0107,0.08582598312970437,0.08603765367236475,-0.012541404913065296,0.09857905858543005,0.008267113594536251
correct_CP,CCCC#Cc1cnc2c(c1)C(=O)N([C@H](C)CO)C[C@H](C)[C@@H](CN(C)C(=O)c1ccccc1)O2,10.0087,-0.24686423703226865,-0.2520707802162568,-0.04284182826473455,-0.20922895195152225,0.022246288406877066
correct_CP,CCCC#Cc1cnc2c(c1)C(=O)N([C@H](C)CO)C[C@H](C)[C@@H](CN(C)S(=O)(=O)c1cccc(OC)c1)O2,9.98846,0.390919384487472,0.4128848013168014,0.00567553999490867,0.4072092613218927,0.20338489931883014
correct_CP,CCCC#Cc1cnc2c(c1)C(=O)N([C@H](C)CO)C[C@H](C)[C@@H](CN(C)S(=O)(=O)c1cn(C)cn1)O2,10.0333,-0.2739290154081103,-0.28110666586234384,-0.06558669850144626,-0.21551996736089757,0.11827434042553497
correct_CP,CCCC#Cc1cnc2c(c1)C(=O)N([C@H](C)CO)C[C@H](C)[C@H](CN(C)C(=O)c1ccccc1)O2,10.0324,0.025382295918254028,0.02538774896698176,0.0228330046375274,0.0025547443294543608,0.2729680511920054
correct_CP,CCCC(=O)NC(=S)N1CCN(c2ccc([N+](=O)[O-])cc2)CC1,10.0,0.2979353931955264,0.30725234481585395,0.025172032069513798,0.28208031274634016,0.16782671625845474
correct_CP,CCCC(=O)Nc1ccc2c(c1)C(=O)N(C)C[C@@H](OC)[C@@H](C)CN(C(=O)C1CCCC1)[C@H](C)CO2,10.0395,0.5485569172797018,0.616314726429299,0.19480055892256187,0.4215141675067371,0.23895135361100078
correct_CP,CCCC(=O)Nc1ccc2c(c1)C(=O)N(C)C[C@@H](OC)[C@@H](C)CN(C(=O)CC1CC1)[C@H](C)CO2,10.0192,-0.43483707251115117,-0.46584626330725104,0.07557005658978516,-0.5414163198970362,0.21764963567608636
correct_CP,CCCC(=O)Nc1ccc2c(c1)C(=O)N(C)C[C@@H](OC)[C@@H](C)CN(C(=O)c1ccccc1F)[C@H](C)CO2,10.0092,0.4727960462749388,0.5136652313905178,0.03107548503573851,0.48258974635477925,0.10780533402056866
correct_CP,CCCC(=O)Nc1ccc2c(c1)C(=O)N(C)C[C@@H](OC)[C@@H](C)CN(C(=O)c1ccccn1)[C@@H](C)CO2,10.031,0.23854190181522372,0.24322746780684065,0.05585645449053568,0.18737101331630496,-0.05104903839634273
correct_CP,CCCC(=O)Nc1ccc2c(c1)C(=O)N(C)C[C@@H](OC)[C@@H](C)CN(C(=O)c1ccccn1)[C@H](C)CO2,10.082,0.5274333828830609,0.5865826763155462,0.001937884968103834,0.5846447913474423,0.15493449640236118
correct_CP,CCCC(=O)Nc1ccc2c(c1)C(=O)N(C)C[C@@H](OC)[C@@H](C)CN(C)[C@@H](C)CO2,9.85625,0.2176992127643136,0.22123958050953613,0.16143971079619102,0.05979986971334511,-0.26456864697480653
correct_CP,CCCC(=O)Nc1ccc2c(c1)C(=O)N(C)C[C@@H](OC)[C@@H](C)CN(CC1CCCC1)[C@@H](C)CO2,9.99451,-0.1165684702648695,-0.11710080266824287,0.09281806904383637,-0.20991887171207924,-0.06707286997578024
correct_CP,CCCC(=O)Nc1ccc2c(c1)C(=O)N(C)C[C@@H](OC)[C@@H](C)CN(CCc1ccccc1)[C@@H](C)CO2,10.0459,0.16295551555135024,0.1644213427398076,0.05207588301750994,0.11234545972229766,0.17031635047219457
correct_CP,CCCC(=O)Nc1ccc2c(c1)C(=O)N(C)C[C@@H](OC)[C@@H](C)CN(CCc1ccccc1)[C@H](C)CO2,10.0584,0.48969770179829775,0.5356626009840262,0.024925207083938056,0.5107373939000881,0.5532088020583636
correct_CP,CCCC(=O)Nc1ccc2c(c1)C(=O)N(C)C[C@@H](OC)[C@@H](C)CN(Cc1cncnc1)[C@H](C)CO2,10.047,0.15310389775643204,0.1543173027384078,0.07696921404910288,0.07734808868930491,0.48529158287000024
correct_CP,CCCC(=O)Nc1ccc2c(c1)C(=O)N(C)C[C@@H](OC)[C@@H](C)CN(Cc1nccs1)[C@H](C)CO2,10.0368,0.18663112329800893,0.18884442646252128,0.01503842112466464,0.17380600533785664,0.2537738701080229
correct_CP,CCCC(=O)Nc1ccc2c(c1)C(=O)N(C)C[C@@H](OC)[C@H](C)CN(C(=O)c1ccccc1F)[C@H](C)CO2,10.0205,0.22963646900904475,0.2338056647128044,0.0913186997069235,0.1424869650058809,0.11341027385660671
correct_CP,CCCC(=O)Nc1ccc2c(c1)C(=O)N(C)C[C@@H](OC)[C@H](C)CN(C(=O)c1ccncc1)[C@H](C)CO2,10.346,0.2443072640186489,0.24934968996210072,-0.01769585856925457,0.2670455485313553,-0.28188451637358114
correct_CP,CCCC(=O)Nc1ccc2c(c1)C(=O)N(C)C[C@@H](OC)[C@H](C)CN(C(C)=O)[C@@H](C)CO2,9.95139,-0.08148277508342802,-0.08166383029966003,0.10739372843964907,-0.1890575587393091,-0.1875120825216136
correct_CP,CCCC(=O)Nc1ccc2c(c1)C(=O)N(C)C[C@@H](OC)[C@H](C)CN(C)[C@@H](C)CO2,10.0758,0.23584997375398628,0.24037505543598492,-0.0032415942961645638,0.24361664973214947,0.04240315872511335
correct_CP,CCCC(=O)Nc1ccc2c(c1)C(=O)N(C)C[C@@H](OC)[C@H](C)CN(CCC(F)(F)F)[C@@H](C)CO2,10.081781,0.03697232763494586,0.036989187943649145,0.022270266311297686,0.014718921632351459,0.42698129441458266
correct_CP,CCCC(=O)Nc1ccc2c(c1)C(=O)N(C)C[C@H](OC)[C@@H](C)CN(C(=O)C1CCCC1)[C@@H](C)CO2,9.98859,0.18963717921771617,0.19196078696708235,0.08780666225464571,0.10415412471243664,0.0004054752100622755
correct_CP,CCCC(=O)Nc1ccc2c(c1)C(=O)N(C)C[C@H](OC)[C@@H](C)CN(C(=O)c1ccccn1)[C@@H](C)CO2,10.04,0.09063372240015222,0.09088312215195923,0.05223447035658879,0.03864865179537044,0.15184276417757314
correct_CP,CCCC(=O)Nc1ccc2c(c1)C(=O)N(C)C[C@H](OC)[C@@H](C)CN(C(C)=O)[C@@H](C)CO2,10.0026,0.3691058305825847,0.38738749884227036,0.01631550577321953,0.3710719930690508,-0.033386230201483985
correct_CP,CCCC(=O)Nc1ccc2c(c1)C(=O)N(C)C[C@H](OC)[C@@H](C)CN(Cc1ccccc1)[C@@H](C)CO2,9.96518,0.0717772804960893,0.07190092792893989,0.06998908192075355,0.0019118460081863353,0.05288944524423242
correct_CP,CCCC(=O)Nc1ccc2c(c1)C(=O)N(C)C[C@H](OC)[C@H](C)CN(C(=O)c1cnccn1)[C@H](C)CO2,9.94223,0.4029288704067001,0.4271405646305682,0.16343053712284705,0.26371002750772116,0.15924738219981338
correct_CP,CCCC(=O)Nc1ccc2c(c1)C(=O)N(C)C[C@H](OC)[C@H](C)CN(C(C)=O)[C@H](C)CO2,10.062,0.152112276152117,0.15330203627050543,0.027227855091533457,0.12607418117897196,0.20991125167931302
correct_CP,CCCC(=O)Nc1ccc2c(c1)C(=O)N(C)C[C@H](OC)[C@H](C)CN(CC1CCCC1)[C@H](C)CO2,9.99209,0.22183992323939175,0.22559043911674664,0.04405585716979052,0.18153458194695613,0.0010488364579691323
correct_CP,CCCC(=O)Nc1ccc2c(c1)C(=O)N(C)C[C@H](OC)[C@H](C)CN(CCC(F)(F)F)[C@@H](C)CO2,10.058555,-0.1790126902089621,-0.18096250584853135,0.035232076720362056,-0.2161945825688934,0.36215591590873253
correct_CP,CCCC(=O)Nc1ccc2c(c1)C(=O)N(C)C[C@H](OC)[C@H](C)CN(Cc1ccccc1F)[C@H](C)CO2,10.0368,0.38849432040343546,0.4100254866123912,0.06758023038398872,0.3424452562284025,0.2604965646912093
correct_CP,CCCC(=O)Nc1ccc2c(c1)C(=O)N(C)C[C@H](OC)[C@H](C)CN(Cc1nccs1)[C@@H](C)CO2,10.0897,0.26144385019069405,0.2676575627085367,0.028890497865865703,0.238767064842671,-0.37418499856454707
correct_CP,CCCC(=O)Nc1ccc2c(c1)C(=O)N(C)C[C@H](OC)[C@H](C)CN(Cc1nccs1)[C@H](C)CO2,9.93833,-0.01068793055308863,-0.01068833754837788,0.009633260532552677,-0.020321598080930557,-0.08478830823786154
correct_CP,CCCC(=O)Nc1ccc2c(c1)C(=O)N(C)[C@@H]1CC[C@@H](CC(=O)NCc3cccc(F)c3)O[C@@H]1CO2,10.342,-0.07195450012956868,-0.07207906760196725,-0.15781036648585345,0.0857312988838862,0.3408569563214072
correct_CP,CCCC(=O)Nc1ccc2c(c1)C(=O)N(C)[C@@H]1CC[C@@H](CC(=O)NCc3cccc(F)c3)O[C@H]1CO2,9.78312,0.6023811305849184,0.6968760383088454,0.00265191027282222,0.6942241280360232,-0.3353531610585042
correct_CP,CCCC(=O)Nc1ccc2c(c1)C(=O)N(C)[C@H]1CC[C@H](CC(=O)NCc3cccc(F)c3)O[C@@H]1CO2,10.0116,0.5508300086705562,0.6195720700602849,0.010826414723383415,0.6087456553369015,-0.0013030517332647124
correct_CP,CCCC(=O)Nc1ccc2c(c1)C(=O)N(C)[C@H]1CC[C@H](CC(=O)NCc3cccc(F)c3)O[C@H]1CO2,9.90194,-0.3014377293612052,-0.3111002770960297,0.0637993076638976,-0.37489958475992735,-0.21554896653997385
correct_CP,CCCC(=O)Nc1ccc2c(c1)OC[C@@H](C)N(C(=O)c1cccnc1)C[C@H](C)[C@H](OC)CN(C)C2=O,10.0663,0.27282649096806244,0.27991508823697225,0.0476022866497635,0.23231280158720874,-0.28831679887827133
correct_CP,CCCC(=O)Nc1ccc2c(c1)OC[C@@H](C)N(Cc1ccccn1)C[C@@H](C)[C@@H](OC)CN(C)C2=O,10.006,0.3222086190490928,0.33410963535856586,-0.04888807317731711,0.382997708535883,0.12738165867692414
correct_CP,CCCC(=O)Nc1ccc2c(c1)OC[C@@H](C)N(Cc1ccccn1)C[C@H](C)[C@@H](OC)CN(C)C2=O,9.98359,0.20751795818951876,0.21057620615206862,-0.03114115842084407,0.2417173645729127,0.23727436985640726
correct_CP,CCCC(=O)Nc1ccc2c(c1)OC[C@@H](C)N(Cc1ccncc1)C[C@@H](C)[C@@H](OC)CN(C)C2=O,10.0113,-0.24438129538211256,-0.2494284219502294,0.04701951249276598,-0.2964479344429954,0.10753777878809512
correct_CP,CCCC(=O)Nc1ccc2c(c1)OC[C@@H](C)N(S(=O)(=O)c1cn(C)cn1)C[C@H](C)[C@@H](OC)CN(C)C2=O,10.0162,0.5156906256117064,0.5704512833831518,0.09603227149216106,0.47441901189099067,0.07228678088887955
correct_CP,CCCC(=O)Nc1ccc2c(c1)OC[C@H](C)N(C(=O)CN(C)C)C[C@H](C)[C@@H](OC)CN(C)C2=O,10.0698,0.2586495185596198,0.26466055830227525,-0.019581132224084023,0.2842416905263593,-0.04665083740968052
correct_CP,CCCC(=O)Nc1ccc2c(c1)OC[C@H](C)N(Cc1ccc(-c3ccccn3)cc1)C[C@@H](C)[C@@H](OC)CN(C)C2=O,9.94223,-0.030853550719137732,-0.030863346574192433,0.0014427220551198883,-0.03230606862931232,-0.006244518535747645
correct_CP,CCCC(=O)Nc1ccc2c(c1)OC[C@H](C)N(Cc1ccc(-c3ccccn3)cc1)C[C@@H](C)[C@H](OC)CN(C)C2=O,10.0194,-0.006910551565857242,-0.006910661575138061,0.06778385814729099,-0.07469451972242905,0.3278997882230075
correct_CP,CCCC(=O)Nc1ccc2c(c1)OC[C@H](C)N(Cc1ccc(-c3ccccn3)cc1)C[C@H](C)[C@H](OC)CN(C)C2=O,9.95711,0.34260067012979845,0.35703608438359435,-0.03197284576474683,0.3890089301483412,-0.26094418491394283
correct_CP,CCCC(=O)Nc1ccc2c(c1)OC[C@H](C)N(Cc1ccncc1)C[C@@H](C)[C@@H](OC)CN(C)C2=O,10.0911,-0.2519937238062465,-0.2575405850702674,0.011045787455411125,-0.2685863725256785,0.003646989351476136
correct_CP,CCCC(=O)Nc1ccc2c(c1)OC[C@H](C)NC[C@@H](C)[C@@H](OC)CN(C)C2=O,10.0893,0.2785334157457624,0.2860914340992688,0.02394821323351385,0.2621432208657549,-0.13403817039465465
correct_CP,CCCC(=O)Nc1ccc2c(c1)OC[C@H](C)NC[C@@H](C)[C@H](OC)CN(C)C2=O,10.0224,0.12317967866874042,0.12380842406428766,0.03389363413695149,0.08991478992733618,0.11805367125237498
correct_CP,CCCC(O)C#Cc1cnc2c(c1)C(=O)N([C@H](C)CO)C[C@H](C)[C@H](CN(C)C(=O)NC1CCCCC1)O2,10.1217,0.6144935746314814,0.7161093749574111,0.03274428623008503,0.683365088727326,-0.18316384329608637
correct_CP,CCCC(O)C#Cc1cnc2c(c1)C(=O)N([C@H](C)CO)C[C@H](C)[C@H](CN(C)Cc1ccc(F)cc1)O2,9.8853,0.6219232693207949,0.7281353805539186,-0.08945160187263926,0.8175869824265578,0.1806991985520624
correct_CP,CCCCC(=O)N(Cc1ccc(-c2ccccc2-c2nn[nH]n2)cc1)[C@H](C(=O)O)C(C)C,10.0,0.2914139885315725,0.30011078052380147,0.006413245337392308,0.2936975351864092,0.015808219000354742
correct_CP,CCCCC(=O)NCCc1c(Cc2ccccc2)[nH]c2ccccc12,10.0,-0.4601583617760434,-0.49751217089496846,-0.06861719553578664,-0.4288949753591818,0.1114468182615506
correct_CP,CCCCC(=O)Nc1ccc2c(c1)nc1n2CCSC1,10.0,0.17611511623124804,0.17797059781690042,0.04866327963439064,0.1293073181825098,0.2039597375126987
correct_CP,CCCCC(=O)Oc1ccccc1C(=O)O,10.0,0.33283008547765547,0.3460075432051093,0.08746470308558638,0.2585428401195229,-0.0657349348984498
correct_CP,CCCCC(Sc1nc(C)c(Cc2ccccc2)c(O)n1)C(=O)O,10.0,0.5938118704879899,0.6835337016958779,0.08003336579074449,0.6035003359051334,0.11825213418223446
correct_CP,CCCCCC=CCC=CCC=CCC=CCCCC(=O)NCCCC(=O)O,10.0,0.05394817096463968,0.05400059955975311,-8.648219111427255e-05,0.05408708175086738,0.07530025578763869
correct_CP,CCCCCCCCCc1ccc(O)cc1,10.0,0.32171008827847764,0.33355345179207035,-0.03195868287257844,0.3655121346646488,0.13718394478263474
correct_CP,CCCCCCCCc1n[nH]c(S)n1,10.0,0.35878483210163353,0.3754904987827269,-0.084540214041124,0.4600307128238509,-0.0887641752253932
correct_CP,CCCCCCN(CCCCCC)C(=O)Cc1c(-c2ccc(Cl)cc2)[nH]c2ccc(Cl)cc12,10.0,0.17150137705410012,0.17321312932468325,0.04330065480755818,0.12991247451712506,0.017902648338960284
correct_CP,CCCCC[C@H](O)/C=C/[C@H]1[C@H](O)CC(=O)[C@@H]1CCCCCCC(=O)O,10.0,0.13416238504453148,0.13497614567157923,-0.017259840030100976,0.1522359857016802,0.25803471913049136
correct_CP,CCCCCn1c(=O)c(-c2nc3ccccc3[nH]2)c(O)c2ccccc21,10.0,0.4945319663500848,0.542041785727007,-0.013235613825915933,0.555277399552923,0.12330657006117449
correct_CP,CCCCCn1c(=O)c(C(=O)NC(C)c2ccccc2)c(O)c2ccccc21,10.0,0.5465152281722865,0.6133988745792975,0.003258811539851709,0.6101400630394458,-0.1507558986294968
correct_CP,CCCCCn1c(SCCc2ccccc2)nc2c1c(=O)[nH]c(=O)n2C,10.0,0.1859364115453504,0.18812474038825053,0.09325238083180394,0.09487235955644659,0.3425323728692404
correct_CP,CCCCN(C)CCOc1ccccc1OCC,10.0,0.4947620205216283,0.5423463623953659,-0.10736071159991023,0.6497070739952762,0.25520379795754367
correct_CP,CCCCN1C(=O)[C@H]2Cc3c([nH]c4ccccc34)[C@H](c3ccc(OC)cc3)N2C1=O,10.0,-0.15084747663407552,-0.1520075326864458,0.11783429574525592,-0.2698418284317017,0.006485082028112529
correct_CP,CCCCc1c(-c2ccc(OC)cc2)[nH]c2nccnc12,10.0,-0.09802881141480427,-0.09834464188924459,0.09055009603280809,-0.1888947379220527,-0.18931217470121225
correct_CP,CCCCn1c(S)nnc1-c1csc(CC)c1,10.0,0.20516098005910827,0.20811441345102616,0.04746974634266922,0.16064466710835695,-0.08755122185421707
correct_CP,CCCCn1c(S)nnc1Cc1ccccc1,10.0,0.09288814071209837,0.09315668501472299,0.001404722287532004,0.09175196272719098,0.23461923109336644
correct_CP,CCCCn1c(SCN2C(=O)c3ccccc3C2=O)nc2cc(S(N)(=O)=O)ccc21,10.0,-0.03691728530409196,-0.036934070381788996,-0.02572930933719518,-0.011204761044593815,-0.05555806302385756
correct_CP,CCCN(C)C[C@@H]1OCCCC[C@@H](C)Oc2ccc(NC(=O)CCC(F)(F)F)cc2C(=O)N([C@@H](C)CO)C[C@@H]1C,10.0451,-0.40869200930146166,-0.43403994167101634,0.018452267491408887,-0.4524922091624252,-0.16472693849458547
correct_CP,CCCN(C)C[C@@H]1OCCCC[C@@H](C)Oc2ccc(NC(=O)NC3CCCCC3)cc2C(=O)N([C@H](C)CO)C[C@@H]1C,10.2564,-0.16259282844627734,-0.1640487845401065,0.034931245630258366,-0.19898003017036486,-0.06866548061818045
correct_CP,CCCN(C)C[C@@H]1OCCCC[C@@H](C)Oc2ccc(NS(=O)(=O)c3ccc(Cl)cc3)cc2C(=O)N([C@H](C)CO)C[C@@H]1C,10.223,0.39191720739925495,0.4140631584730762,0.08030807876413423,0.3337550797089419,0.005544816200042865
correct_CP,CCCN(C)C[C@@H]1OCCCC[C@@H](C)Oc2ccc(NS(=O)(=O)c3ccc(OC)cc3)cc2C(=O)N([C@H](C)CO)C[C@@H]1C,10.4149,0.2266289884257589,0.2306330646986216,-0.03157778685071229,0.2622108515493339,0.24036337624539883
correct_CP,CCCN(C)C[C@@H]1OCCCC[C@@H](C)Oc2ccc(NS(C)(=O)=O)cc2C(=O)N([C@@H](C)CO)C[C@@H]1C,10.021,-0.20988171784439905,-0.21304761073192852,0.004444103739788239,-0.21749171447171675,-0.38832700333976927
correct_CP,CCCN(C)C[C@@H]1OCCCC[C@@H](C)Oc2ccc(NS(C)(=O)=O)cc2C(=O)N([C@H](C)CO)C[C@@H]1C,9.82179,0.14947842190659388,0.15060689486189133,0.007207913543358993,0.14339898131853235,-0.033052605501443316
correct_CP,CCCN(C)C[C@@H]1OCCCC[C@H](C)Oc2ccc(N(C)C)cc2C(=O)N([C@H](C)CO)C[C@@H]1C,10.0948,-0.02503398113888017,-0.025039212706622037,0.009859497678714404,-0.03489871038533644,-0.06879960325658328
correct_CP,CCCN(C)C[C@@H]1OCCCC[C@H](C)Oc2ccc(NS(C)(=O)=O)cc2C(=O)N([C@@H](C)CO)C[C@H]1C,9.90925,0.4335229496957853,0.46422686324008494,-0.02297140735238454,0.4871982705924695,-0.2171901998834924
correct_CP,CCCN(C)C[C@@H]1Oc2cc(C#Cc3cccc(OC)c3)ccc2S(=O)(=O)N([C@@H](C)CO)C[C@@H]1C,10.0218,0.10760111397060422,0.1080192913883106,0.010999179360399352,0.09702011202791125,0.0664971683262821
correct_CP,CCCN(C)C[C@@H]1Oc2ncc(-c3ccccc3)cc2C(=O)N([C@@H](C)CO)C[C@H]1C,10.0101,0.13403103523907892,0.13484239069358028,0.05082902900505197,0.08401336168852831,0.019859111458682355
correct_CP,CCCN(C)C[C@H]1OCCCC[C@@H](C)Oc2ccc(NC(=O)CCCN(C)C)cc2C(=O)N([C@H](C)CO)C[C@@H]1C,10.3044,0.20954700527439582,0.21269750025977172,0.00804802077271646,0.20464947948705525,-0.005868681369196188
correct_CP,CCCN(C)C[C@H]1OCCCC[C@@H](C)Oc2ccc(NC(=O)Cc3ccccc3)cc2C(=O)N([C@H](C)CO)C[C@H]1C,9.97547,0.44135792813955876,0.47391599329167095,-0.018458697217837123,0.49237469050950805,-0.07747078961391758
correct_CP,CCCN(C)C[C@H]1OCCCC[C@@H](C)Oc2ccc(NC(=O)Nc3ccccc3)cc2C(=O)N([C@H](C)CO)C[C@@H]1C,9.97292,-0.4885366980387305,-0.5341364988157029,-0.001973188030241768,-0.5321633107854611,0.3218255005689216
correct_CP,CCCN(C)C[C@H]1OCCCC[C@@H](C)Oc2ccc(NC(=O)c3ccccc3)cc2C(=O)N([C@@H](C)CO)C[C@H]1C,9.9644,0.03287515212235584,0.03288700336280804,-0.03340528866008388,0.06629229202289191,-0.15824597381290514
correct_CP,CCCN(C)C[C@H]1OCCCC[C@@H](C)Oc2ccc(NC(=O)c3ccncc3)cc2C(=O)N([C@H](C)CO)C[C@@H]1C,9.89101,-0.018715628500677508,-0.018717814164078004,-0.05186181445068533,0.03314400028660733,0.283136296641979
correct_CP,CCCN(C)C[C@H]1OCCCC[C@@H](C)Oc2ccc(NS(=O)(=O)c3ccc(Cl)cc3)cc2C(=O)N([C@@H](C)CO)C[C@H]1C,9.97116,0.19656410981980696,0.19915604662409922,0.0005651157407755257,0.1985909308833237,0.08385901181764266
correct_CP,CCCN(C)C[C@H]1OCCCC[C@@H](C)Oc2ccc(NS(=O)(=O)c3ccc(OC)cc3)cc2C(=O)N([C@@H](C)CO)C[C@H]1C,10.106,-0.22102366523933395,-0.22473209468091976,-0.03909481827255531,-0.18563727640836444,-0.20027143492833302
correct_CP,CCCN(C)C[C@H]1OCCCC[C@@H](C)Oc2ccc(NS(=O)(=O)c3cn(C)cn3)cc2C(=O)N([C@H](C)CO)C[C@@H]1C,10.175,-0.04862871012497257,-0.04866709620807134,0.029814861135228934,-0.07848195734330027,-0.030185169659446023
correct_CP,CCCN(C)C[C@H]1OCCCC[C@H](C)Oc2ccc(NC(=O)CCC(F)(F)F)cc2C(=O)N([C@@H](C)CO)C[C@H]1C,9.97595,0.26095331941313643,0.2671311151931589,-0.05517789688525367,0.32230901207841256,0.04238121169408872
correct_CP,CCCN(C)C[C@H]1OCCCC[C@H](C)Oc2ccc(NC(=O)CCCN(C)C)cc2C(=O)N([C@H](C)CO)C[C@@H]1C,10.063,0.2399547151975183,0.24472606057927054,0.030336187471151594,0.21438987310811894,0.17269255259400582
correct_CP,CCCN(C)C[C@H]1OCCCC[C@H](C)Oc2ccc(NC(=O)Nc3ccc(F)cc3)cc2C(=O)N([C@@H](C)CO)C[C@H]1C,10.0217,0.46588673124059443,0.504803842696588,-0.07733731818147606,0.582141160878064,0.5433300419504937
correct_CP,CCCN(C)C[C@H]1OCCCC[C@H](C)Oc2ccc(NC(=O)c3ccccc3)cc2C(=O)N([C@@H](C)CO)C[C@H]1C,10.0176,-0.08001928002468528,-0.08019072927935382,-0.028446715846426586,-0.051744013432927234,0.40436800046537796
correct_CP,CCCN(C)C[C@H]1OCCCC[C@H](C)Oc2ccc(NC(=O)c3ccncc3)cc2C(=O)N([C@H](C)CO)C[C@H]1C,9.8829,0.032907619730246924,0.03291950613360577,0.01839667860660249,0.014522827527003283,0.12862147702373414
correct_CP,CCCN(C)C[C@H]1OCCCC[C@H](C)Oc2ccc(NS(=O)(=O)c3ccc(OC)cc3)cc2C(=O)N([C@@H](C)CO)C[C@H]1C,10.0628,0.049891753495533785,0.04993321206790412,-0.0028414352830146965,0.052774647350918816,0.12887559355557257
correct_CP,CCCN(C)C[C@H]1OCCCC[C@H](C)Oc2ccc(NS(=O)(=O)c3ccc(OC)cc3)cc2C(=O)N([C@H](C)CO)C[C@H]1C,10.0927,0.22309438783269836,0.22691022213918888,-0.0050207727562021735,0.23193099489539104,0.10205754990034847
correct_CP,CCCN(C)C[C@H]1Oc2cc(C#CCC3CCCC3)ccc2S(=O)(=O)N([C@@H](C)CO)C[C@@H]1C,10.0208,0.11726181271643422,0.11780375389551513,0.030072775679931295,0.08773097821558384,0.09171247802051585
correct_CP,CCCN(C)C[C@H]1Oc2cc(C#CCC3CCCC3)ccc2S(=O)(=O)N([C@@H](C)CO)C[C@H]1C,10.0092,0.38831235283745946,0.4098111910231458,0.0070709158454499,0.4027402751776959,-0.028928134020313044
correct_CP,CCCN(C)C[C@H]1Oc2ncc(-c3ccccc3)cc2C(=O)N([C@@H](C)CO)C[C@@H]1C,10.0572,-0.04919153786670633,-0.04923127359010371,-0.044015504530956207,-0.0052157690591475014,0.20377170639741504
correct_CP,CCCN(CCC)CC1CCCCN1CCNC(=O)N1c2ccccc2C(=O)Nc2cccnc21,10.0,0.7322441052497728,0.9335486462990225,0.25620873422880375,0.6773399120702187,0.1472561882070877
correct_CP,CCCN(CCC)CCNC(=O)c1cc2c(C)nc3ccccc3c2o1,10.0,0.33032061452197137,0.34318809349943535,0.16437995173649572,0.17880814176293963,-0.07164937486571342
correct_CP,CCCN(CCC)CCc1cccc2c1CC(=O)N2,10.0,0.17281310111558676,0.17456491807404434,-0.014136751235959106,0.18870166931000346,-0.050985028935039034
correct_CP,CCCN(CCC)[C@@H]1CCc2c(OC)cccc2[C@@H]1C,10.0,0.3012876110086382,0.3109351631871544,-0.0027744164943178965,0.31370957968147234,0.1565594219600685
correct_CP,CCCN1CCO[C@@H]2c3cc(O)ccc3OC[C@H]21,10.0,0.5166294993141141,0.5717311376345307,0.04842299408038664,0.523308143554144,0.2792162762677087
correct_CP,CCCN1CCc2cccc3c2[C@H]1Cc1ccc(O)c(O)c1-3,10.0,0.09146679014328314,0.09172315393407549,-0.022690268379604438,0.11441342231367993,0.15958753737431358
correct_CP,CCCN1C[C@@H](C)[C@@H](OC)CN(C)C(=O)c2cc(NC(=O)Nc3ccccc3F)ccc2OC[C@@H]1C,10.0593,0.2537337125719281,0.25939942902715973,-0.03620528932800805,0.2956047183551678,0.32677963905288826
correct_CP,CCCN1C[C@@H](C)[C@@H](OC)CN(C)C(=O)c2cc(NC(=O)c3cccc(F)c3)ccc2OC[C@H]1C,10.08,0.09316116995516638,0.09343209756589636,-0.0057394771171874245,0.09917157468308378,-0.1449554649597439
correct_CP,CCCN1C[C@@H](C)[C@@H](OC)CN(C)C(=O)c2cc(NS(=O)(=O)CC)ccc2OC[C@@H]1C,9.99584,0.2734126264489214,0.28054847043963926,0.027518230602357398,0.25303023983728185,-0.020639838729914126
correct_CP,CCCN1C[C@@H](C)[C@@H](OC)CN(C)C(=O)c2cc(NS(=O)(=O)c3ccccc3)ccc2OC[C@H]1C,10.0184,0.33400409176634716,0.34732838351688894,0.03363977106088217,0.31368861245600677,0.2501260769842557
correct_CP,CCCN1C[C@@H](C)[C@@H](OC)CN(C)C(=O)c2cc(NS(C)(=O)=O)ccc2OC[C@H]1C,10.0418,0.16276438729793408,0.16422500700151937,0.017977845143840147,0.14624716185767922,0.18023871378638895
correct_CP,CCCN1C[C@@H](C)[C@@H](OC)CN(C)C(=O)c2ccc(NC(=O)Nc3c(C)noc3C)cc2OC[C@@H]1C,10.0153,0.18928530580110786,0.1915958125854524,0.033195705192473994,0.1584001073929784,-0.04905553368638462
correct_CP,CCCN1C[C@@H](C)[C@@H](OC)CN(C)C(=O)c2ccc(NC(=O)Nc3c(C)noc3C)cc2OC[C@H]1C,9.98485,0.14224087586496523,0.14321198678916336,0.08839849179006748,0.05481349499909588,-0.17452406375968066
correct_CP,CCCN1C[C@@H](C)[C@@H](OC)CN(C)C(=O)c2ccc(NS(=O)(=O)c3cn(C)cn3)cc2OC[C@@H]1C,10.099,0.5338881429547924,0.5955677094130902,-0.010535494106668089,0.6061032035197583,0.49851246756298395
correct_CP,CCCN1C[C@@H](C)[C@@H](OC)CN(C)C(=O)c2ccc(NS(=O)(=O)c3cn(C)cn3)cc2OC[C@H]1C,10.0766,-0.015615762154602492,-0.015617031652104391,0.04589743405700461,-0.061514465709109,-0.07291205372728154
correct_CP,CCCN1C[C@@H](C)[C@H](OC)CN(C)C(=O)c2cc(NC(=O)c3cccc(F)c3)ccc2OC[C@H]1C,10.0886,-0.5386033777494511,-0.6021861806512351,-0.03628206611321877,-0.5659041145380164,-0.11568190611802387
correct_CP,CCCN1C[C@@H](C)[C@H](OC)CN(C)C(=O)c2cc(NS(=O)(=O)CC)ccc2OC[C@@H]1C,10.061,-0.06471551423869747,-0.064806086911434,-0.043590862850594984,-0.021215224060839012,0.04083363759801206
correct_CP,CCCN1C[C@@H](C)[C@H](OC)CN(C)C(=O)c2ccc(NC(=O)c3cccc(OC)c3)cc2OC[C@H]1C,10.0605,0.07595244055741307,0.07609899897206154,0.06378535103470344,0.012313647937358105,-0.010607972585067793
correct_CP,CCCN1C[C@@H](C)[C@H](OC)CN(C)C(=O)c2ccc(NC(=O)c3ccccc3F)cc2OC[C@H]1C,10.0362,-0.09264502822722115,-0.09291146222978668,0.04113308285158323,-0.1340445450813699,0.08653599434058862
correct_CP,CCCN1C[C@H](C)[C@@H](OC)CN(C)C(=O)c2cc(NC(=O)Nc3ccccc3F)ccc2OC[C@H]1C,9.93003,0.2729931617666169,0.28009517160446906,-0.06721187358489658,0.3473070451893656,0.15691105645083736
correct_CP,CCCN1C[C@H](C)[C@@H](OC)CN(C)C(=O)c2cc(NC(=O)c3cnccn3)ccc2OC[C@@H]1C,10.1003,0.12906188623526305,0.12978572767142119,0.0296034285741833,0.10018229909723789,-0.061140492143841575
correct_CP,CCCN1C[C@H](C)[C@@H](OC)CN(C)C(=O)c2cc(NS(=O)(=O)CC)ccc2OC[C@H]1C,9.92847,-0.03846263284835689,-0.03848161657624259,0.026376445468884898,-0.0648580620451275,-0.018448441936266116
correct_CP,CCCN1C[C@H](C)[C@@H](OC)CN(C)C(=O)c2cc(NS(C)(=O)=O)ccc2OC[C@H]1C,10.0735,-0.08258320701659971,-0.08277171777853591,0.01916618636905066,-0.10193790414758658,-0.054408053883775676
correct_CP,CCCN1C[C@H](C)[C@@H](OC)CN(C)C(=O)c2ccc(NC(=O)Nc3c(C)noc3C)cc2OC[C@@H]1C,10.0845,0.35548292141067556,0.371705874190292,0.07810649049801113,0.2935993836922809,-0.045692317192441455
correct_CP,CCCN1C[C@H](C)[C@@H](OC)CN(C)C(=O)c2ccc(NC(=O)c3ccc(F)cc3)cc2OC[C@@H]1C,9.9931,0.15799071857841485,0.1593253029043422,0.028070473981221776,0.1312548289231204,0.16711410345635308
correct_CP,CCCN1C[C@H](C)[C@H](OC)CN(C)C(=O)c2cc(NC(=O)C3CCC3)ccc2OC[C@H]1C,9.98569,0.11307132605038682,0.11355693366562386,0.06225498185513964,0.05130195181048422,-0.09134262240904976
correct_CP,CCCN1C[C@H](C)[C@H](OC)CN(C)C(=O)c2cc(NC(=O)c3ccccc3)ccc2OC[C@@H]1C,10.0334,0.454403183117398,0.49023531984005597,0.013080188562713195,0.47715513127734277,0.02856259836009664
correct_CP,CCCN1C[C@H](C)[C@H](OC)CN(C)C(=O)c2cc(NS(C)(=O)=O)ccc2OC[C@@H]1C,9.96253,-0.19217215263250562,-0.19459164245743016,0.03954352462180226,-0.23413516707923243,0.02798007038574618
correct_CP,CCCN1C[C@H](C)[C@H](OC)CN(C)C(=O)c2ccc(NC(=O)Nc3c(C)noc3C)cc2OC[C@@H]1C,10.028,0.09760272637311393,0.09791444070831318,0.05669744167858206,0.04121699902973112,-0.012999971425845552
correct_CP,CCCN1C[C@H](C)[C@H](OC)CN(C)C(=O)c2ccc(NC(=O)c3ccc(F)cc3)cc2OC[C@@H]1C,9.99729,0.5229728414620242,0.5804230475331866,0.03898864940268163,0.541434398130505,0.027036244756994933
correct_CP,CCCN1[C@@H]2Cn3c(ccc(/C=C/c4ccccc4)c3=O)[C@H]1[C@@H](C(=O)NCC)[C@@H]2CO,9.99964,0.029156649749394078,0.02916491608820582,-0.010459629813761445,0.03962454590196726,0.0144099632276226
correct_CP,CCCN1[C@@H]2c3ccc(-c4ccc(F)cc4)c(=O)n3C[C@H]1[C@H](CO)[C@H]2C(=O)NCCOC,9.98969,0.6816081301811963,0.8321114578722358,-0.005519401663750135,0.8376308595359859,0.3247678750144763
correct_CP,CCCN1[C@@H]2c3ccc(-c4cccc(F)c4)c(=O)n3C[C@@H]2[C@@H](CO)[C@@H]1C(=O)N[C@@H](C)c1ccccc1,9.95259,0.04566056074861049,0.04569233286977147,-0.032575142181407,0.07826747505117848,0.17507923613134307
correct_CP,CCCN1[C@@H]2c3ccc(-c4ccccc4F)c(=O)n3C[C@@H]2[C@@H](CO)[C@@H]1C(=O)N1CCN(C)CC1,9.99515,0.1447895048234803,0.14581421434037056,-0.043988130745353585,0.18980234508572413,-0.18446639438685442
correct_CP,CCCN1[C@@H]2c3ccc(-c4ccccc4OC)c(=O)n3C[C@H]1[C@H](CO)[C@H]2C(=O)NCc1ccccn1,10.0351,-0.48472970871841176,-0.5291482099572153,0.03614931494367654,-0.5652975249008919,0.2825138508228666
correct_CP,CCCN1[C@@H]2c3ccc(-c4ccncc4)c(=O)n3C[C@@H]2[C@@H](CO)[C@@H]1C(=O)NCCCN1CCOCC1,9.98945,-0.18209863581882652,-0.18415244753856333,-0.04779840201060571,-0.13635404552795763,-0.31170918000013936
correct_CP,CCCN1[C@@H]2c3ccc(C4=CCCCC4)c(=O)n3C[C@@H]2[C@@H](CO)[C@@H]1C(=O)NC1Cc2ccccc2C1,10.0989,-0.3132148520202325,-0.3241059957618459,0.08176359560429268,-0.4058695913661386,0.1015044779022692
correct_CP,CCCN1[C@@H]2c3ccc(C4=CCCCC4)c(=O)n3C[C@H]1[C@H](CO)[C@H]2C(=O)N1CCc2ccccc2C1,9.95682,-0.1408486780026584,-0.14179132584475268,0.019551439703762778,-0.16134276554851545,-0.21477288039495213
correct_CP,CCCN1[C@H](C(=O)N[C@H](C)c2ccccc2)[C@@H](CO)[C@@H]2Cn3c(ccc(-c4cccc(F)c4)c3=O)[C@@H]21,10.0514,-0.16876625949898838,-0.17039648044884795,0.06468766096739231,-0.23508414141624026,0.033744469579494646
correct_CP,CCCN1[C@H](C(=O)OC)[C@@H](CO)[C@@H]2Cn3c(ccc(-c4cncnc4)c3=O)[C@@H]21,9.98411,0.2912418861130678,0.2999227167633798,-0.07001233785700198,0.3699350546203818,-0.10398389437088298
correct_CP,CCCNC(=O)C[C@@H]1C[C@@H]2c3cc(NS(=O)(=O)c4ccc(F)cc4)ccc3O[C@@H]2[C@@H](CO)O1,9.87212,0.12976876046947233,0.13050464255844055,0.01070536487550908,0.11979927768293147,0.02738224903065994
correct_CP,CCCNC(=O)C[C@@H]1C[C@H]2c3cc(NC(=O)NC4CCCCC4)ccc3O[C@H]2[C@@H](CO)O1,9.75578,0.4403753216698583,0.47269632844612347,-0.057190868877789326,0.5298871973239128,0.3346505110182889
correct_CP,CCCNC(=O)C[C@@H]1C[C@H]2c3cc(NS(=O)(=O)c4ccc(F)cc4)ccc3O[C@H]2[C@@H](CO)O1,10.0869,-0.02645072884957465,-0.02645690011234385,-0.004265024594309472,-0.02219187551803438,0.019890513272194942
correct_CP,CCCNC(=O)C[C@H]1CC[C@@H]2[C@@H](COc3ccc(NC(=O)c4ccc5c(c4)OCO5)cc3C(=O)N2C)O1,9.90628,-0.2363358106025175,-0.24088957133815875,0.04789643890900283,-0.28878601024716155,-0.3143693959685415
correct_CP,CCCNC(=O)C[C@H]1CC[C@@H]2[C@H](COc3ccc(NC(=O)c4ccc5c(c4)OCO5)cc3C(=O)N2C)O1,9.95469,-0.20129513849575245,-0.20408202158678898,-0.03842886565193777,-0.16565315593485122,0.1832828565657702
correct_CP,CCCNC(=O)C[C@H]1C[C@@H]2c3cc(NS(=O)(=O)c4ccc(F)cc4)ccc3O[C@@H]2[C@H](CO)O1,10.1059,-0.1618321504793557,-0.16326754999133877,0.011819905147783505,-0.17508745513912227,0.2510066554210968
correct_CP,CCCNC(=O)N(C)C[C@@H]1Oc2ncc(Br)cc2C(=O)N([C@H](C)CO)C[C@@H]1C,10.0087,0.7053819650240526,0.8779323351799582,0.2301916706776309,0.6477406645023273,0.21105748401256869
correct_CP,CCCNC(=O)N(C)C[C@@H]1Oc2ncc(C#CCc3ccccc3)cc2C(=O)N([C@@H](C)CO)C[C@H]1C,9.98717,0.36492474509901374,0.3825555353889079,-0.017435597904269965,0.39999113329317787,0.109440010737663
correct_CP,CCCNC(=O)N(C)C[C@H]1Oc2cc(-c3cncnc3)ccc2S(=O)(=O)N([C@H](C)CO)C[C@H]1C,10.0918,0.7004567486749858,0.8681966753749168,0.15581419167846727,0.7123824836964496,-0.276386136016557
correct_CP,CCCNC(=O)N(C)C[C@H]1Oc2ncc(-c3ccccc3F)cc2C(=O)N([C@@H](C)CO)C[C@H]1C,10.0869,0.4792204135510763,0.5219717933888854,0.0040411599208205855,0.5179306334680649,-0.038416800215513414
correct_CP,CCCNC(=O)N(C)C[C@H]1Oc2ncc(C#CC3(O)CCCC3)cc2C(=O)N([C@H](C)CO)C[C@@H]1C,10.1181,-0.14820951136532484,-0.1493092350931149,0.18545118238076003,-0.3347604174738749,-0.24492673264123127
correct_CP,CCCNC(=O)N(C)C[C@H]1Oc2ncc(C3=CCCC3)cc2C(=O)N([C@@H](C)CO)C[C@@H]1C,10.0488,0.17557176909356048,0.17740991380008836,0.011282160946281022,0.16612775285380735,0.02682049269278908
correct_CP,CCCNC(=O)N1C[C@@H](C)[C@@H](OC)CN(C)C(=O)c2cc(NS(C)(=O)=O)ccc2OC[C@H]1C,9.95626,0.07653342459576776,0.07668338002540015,-0.1818091444715874,0.25849252449698756,0.3660678861392103
correct_CP,CCCNC(=O)N1C[C@@H](C)[C@@H](OC)CN(C)C(=O)c2ccc(NC(=O)CC)cc2OC[C@@H]1C,10.0454,0.35761343918757715,0.3741466854808162,0.07640524724551509,0.2977414382353011,-0.17586574640533886
correct_CP,CCCNC(=O)N1C[C@@H](C)[C@@H](OC)CN(C)C(=O)c2ccc(NS(=O)(=O)CC(F)(F)F)cc2OC[C@H]1C,10.1025,0.06442786014933143,0.06451722842377343,0.01864303142833401,0.04587419699543942,0.00198781882418312
correct_CP,CCCNC(=O)N1C[C@@H](C)[C@H](OC)CN(C)C(=O)c2ccc(NC(=O)CC)cc2OC[C@@H]1C,9.99608,-0.41534834778267576,-0.44205737919091453,-0.08054162582977727,-0.3615157533611373,-0.14212002672208368
correct_CP,CCCNC(=O)N1C[C@@H](O)COC[C@@H]2O[C@@H](CC(=O)O)CC[C@H]21,10.0049,0.0031327302367112455,0.0031327404849751193,0.062464148363396144,-0.059331407878421026,-0.16501683056635316
correct_CP,CCCNC(=O)N1C[C@H](C)[C@H](OC)CN(C)C(=O)c2cc(NC(C)=O)ccc2OC[C@@H]1C,9.95335,0.4771910758311021,0.5193407950671685,-0.051167677530933625,0.5705084725981021,0.11099618362730806
correct_CP,CCCNC(=O)N1C[C@H](C)[C@H](OC)CN(C)C(=O)c2ccc(NC(=O)CC)cc2OC[C@@H]1C,9.97001,0.37174026532200827,0.3904409040797742,0.07606921178583131,0.3143716922939429,0.022803158298676796
correct_CP,CCCNC(=O)N1C[C@H](O)COC[C@@H]2O[C@@H](CC(=O)N[C@@H]3CCN(Cc4ccccc4)C3)CC[C@H]21,10.0722,-0.22331901868794932,-0.22714663118568468,0.0010361312791667358,-0.22818276246485142,-0.01887033066992174
correct_CP,CCCNC(=O)N1[C@@H](C#N)[C@@H](c2ccc(-c3ccccc3F)cc2)[C@@H]1CO,10.2293,0.2897801275847813,0.29832621877158844,-0.07913014356027284,0.3774563623318613,-0.05404367009789077
correct_CP,CCCNC(=O)N1[C@@H](C#N)[C@@H](c2ccc(C3=CCCCC3)cc2)[C@@H]1CO,10.2755,0.20238588469684493,0.2052190916920688,-0.025696046278436472,0.23091513797050528,0.29047149972683395
correct_CP,CCCNC(=O)N1[C@@H]2Cn3c(cccc3=O)[C@H]1[C@@H](C(=O)N1CCC(Cc3ccccc3)CC1)[C@@H]2CO,10.1858,0.08463920351409344,0.08484218934822527,-0.16299965367603045,0.24784184302425571,-0.09772555799457042
correct_CP,CCCNC(=O)N1[C@@H]2Cn3c(cccc3=O)[C@H]1[C@@H](C(=O)NCC(F)(F)F)[C@@H]2CO,10.033,0.26321184273690906,0.2695562132386923,0.04744061945888761,0.22211559377980467,-0.28335908407648314
correct_CP,CCCNC(=O)N1[C@H](C#N)[C@H](c2ccc(C3=CCCCC3)cc2)[C@H]1CO,10.2333,-0.0031213584903400688,-0.0031213686274051745,-0.010248003138439881,0.007126634511034707,0.10044212796919141
correct_CP,CCCNC(=O)N1[C@H](C(=O)N2CCCCC2)[C@@H](CO)[C@@H]2Cn3c(ccc(-c4ccc(F)cc4)c3=O)[C@@H]21,10.0202,-0.20993443286233526,-0.2131027555058259,0.0599617465378697,-0.2730645020436956,0.02091308522171556
correct_CP,CCCNC(=O)N[C@@H]1C=C[C@@H](CC(=O)N2CCN(C)CC2)O[C@H]1CO,10.0682,0.630840056401428,0.7428102657267299,-0.0058733396497829705,0.7486836053765129,0.19085813208072366
correct_CP,CCCNC(=O)N[C@@H]1C=C[C@@H](CC(=O)NC2CCCCC2)O[C@@H]1CO,10.1005,-0.2988854933706742,-0.308295320857411,-0.03552112805737001,-0.272774192800041,0.31018924102307927
correct_CP,CCCNC(=O)N[C@@H]1C=C[C@@H](CC(=O)NC2CCCCC2)O[C@H]1CO,10.075,-0.12491951071882627,-0.12557544808717888,0.005799948513949351,-0.13137539660112824,-0.059522002819549724
correct_CP,CCCNC(=O)N[C@@H]1C=C[C@@H](CC(=O)NCCc2ccccc2)O[C@@H]1CO,10.0742,-0.5781851172342334,-0.6597321272326345,-0.12255880571572414,-0.5371733215169103,-0.030876290774126736
correct_CP,CCCNC(=O)N[C@@H]1C=C[C@@H](CC(=O)NCCc2ccccc2)O[C@H]1CO,10.1223,0.0013318484108753325,0.001331849198362704,0.018819651690818014,-0.01748780249245531,0.00987946453035565
correct_CP,CCCNC(=O)N[C@@H]1C=C[C@H](CC(=O)NC2CCCCC2)O[C@H]1CO,9.93267,-0.053056640662417796,-0.05310650985922178,-0.01631426483941082,-0.03679224501981096,0.021182185553285902
correct_CP,CCCNC(=O)N[C@@H]1CC[C@@H](CC(=O)N2CCN(C)CC2)O[C@H]1CO,10.0816,0.22030985725735297,0.22398174948711097,-0.07207450391345513,0.29605625340056607,-0.09830563054097338
correct_CP,CCCNC(=O)N[C@@H]1CC[C@H](CC(=O)N2CCN(C)CC2)O[C@@H]1CO,9.95975,0.3576841550746315,0.37422777355999576,-0.055193210865787365,0.42942098442578314,-0.06368883741640538
correct_CP,CCCNC(=O)N[C@@H]1CC[C@H](CC(=O)NC2CCC2)O[C@H]1CO,10.0692,-0.5975173627033962,-0.6892770480438296,0.019867433096570596,-0.7091444811404002,0.3582613980556114
correct_CP,CCCNC(=O)N[C@@H]1CC[C@H](CC(=O)NCCc2ccccc2)O[C@@H]1CO,10.1751,0.6772443466480792,0.8240059550306134,-0.003250914384879569,0.8272568694154929,0.17655591817026894
correct_CP,CCCNC(=O)N[C@H]1C=C[C@@H](CC(=O)NCCc2ccccc2)O[C@@H]1CO,9.98492,0.09184709467395345,0.09210668047410528,-0.014077407888010351,0.10618408836211563,0.30395561345227995
correct_CP,CCCNC(=O)N[C@H]1C=C[C@H](CC(=O)N2CCN(C)CC2)O[C@@H]1CO,10.1919,0.18035393378649087,0.18234849793027263,-0.024951963695831993,0.20730046162610463,0.096863444294306
correct_CP,CCCNC(=O)N[C@H]1C=C[C@H](CC(=O)NCCc2ccccc2)O[C@H]1CO,9.96996,-0.3763964814024977,-0.3958546689901206,-0.01576490099223028,-0.38008976799789035,0.1985229829772296
correct_CP,CCCNC(=O)N[C@H]1CC[C@@H](CC(=O)N2CCN(C)CC2)O[C@@H]1CO,10.0094,0.48525504443776435,0.5298351187540868,-0.12220851564527019,0.652043634399357,0.10940043205589883
correct_CP,CCCNC(=O)N[C@H]1CC[C@@H](CCn2cc(-c3cccc(F)c3)nn2)O[C@H]1CO,10.0797,-0.02285310544115228,-0.022857085142983492,-0.01236820956997154,-0.010488875573011952,0.013472382038701554
correct_CP,CCCNC(=O)N[C@H]1CC[C@H](CC(=O)N2CCN(C)CC2)O[C@@H]1CO,10.1052,-0.23327035456280987,-0.23764524434733664,-0.06681608809615952,-0.17082915625117712,0.21155629572103052
correct_CP,CCCNC(=O)N[C@H]1CC[C@H](CC(=O)NCCc2ccccc2)O[C@H]1CO,9.99157,-0.08121263591049369,-0.08139189158439694,0.049330201159828606,-0.13072209274422555,-0.08573557629379658
correct_CP,CCCNC(=O)Nc1ccc2c(c1)C(=O)N(C)C[C@@H](OC)[C@@H](C)CN(C(=O)CC)[C@H](C)CO2,9.93749,-0.09609568586854353,-0.09639313036573369,-0.017342742057806455,-0.07905038830792724,-0.09318621182018538
correct_CP,CCCNC(=O)Nc1ccc2c(c1)C(=O)N(C)C[C@@H](OC)[C@@H](C)CN(CCC)[C@H](C)CO2,10.0566,0.2916034993284792,0.3003178910224307,0.019265657023233712,0.281052233999197,-0.2524295301847433
correct_CP,CCCNC(=O)Nc1ccc2c(c1)C(=O)N(C)C[C@@H](OC)[C@@H](C)CN(Cc1ccccn1)[C@@H](C)CO2,10.0273,0.015953856242063327,0.015955210003375922,-0.013994932470839216,0.02995014247421514,-0.03069502401731404
correct_CP,CCCNC(=O)Nc1ccc2c(c1)C(=O)N(C)C[C@@H](OC)[C@@H](C)CN(Cc1ccccn1)[C@H](C)CO2,10.0325,0.051508956453396766,0.05155458315931764,0.017889832688785294,0.03366475047053235,0.01785661031706741
correct_CP,CCCNC(=O)Nc1ccc2c(c1)C(=O)N(C)C[C@@H](OC)[C@H](C)CN(Cc1ccccn1)[C@@H](C)CO2,9.98586,0.3489144974088475,0.3642072490132816,0.07750261035453412,0.2867046386587475,-0.017250832893977504
correct_CP,CCCNC(=O)Nc1ccc2c(c1)C(=O)N(C)C[C@@H](OC)[C@H](C)CN(Cc1ccncc1)[C@@H](C)CO2,10.0489,0.5737733184435366,0.6531300406469873,0.004218978961327499,0.6489110616856598,0.0014337138843138683
correct_CP,CCCNC(=O)Nc1ccc2c(c1)C(=O)N(C)C[C@@H](OC)[C@H](C)CN[C@@H](C)CO2,10.0162,0.01636023985601495,0.016361699737154598,0.05603120222997572,-0.039669502492821127,-0.13055804551756695
correct_CP,CCCNC(=O)Nc1ccc2c(c1)C(=O)N(C)C[C@H](OC)[C@@H](C)CN(C(=O)C1CCCCC1)[C@H](C)CO2,10.0536,-0.008390400686536426,-0.00839059758629958,-0.01781352902538756,0.009422931439087982,-0.05279780503993012
correct_CP,CCCNC(=O)Nc1ccc2c(c1)C(=O)N(C)C[C@H](OC)[C@@H](C)CN(C(=O)c1ccccc1F)[C@@H](C)CO2,10.0642,0.21295858559353834,0.216268448031025,0.0745743254491304,0.1416941225818946,0.1376570406970952
correct_CP,CCCNC(=O)Nc1ccc2c(c1)C(=O)N(C)C[C@H](OC)[C@@H](C)CN(C)[C@H](C)CO2,9.96397,-0.16377866564678187,-0.1652670641840312,0.10968780864911663,-0.27495487283314785,-0.025476105260120313
correct_CP,CCCNC(=O)Nc1ccc2c(c1)C(=O)N(C)C[C@H](OC)[C@@H](C)CN(CCC)[C@H](C)CO2,10.1085,0.35244432722181573,0.3682320380019333,0.004734188585742259,0.36349784941619107,0.2673406413777977
correct_CP,CCCNC(=O)Nc1ccc2c(c1)C(=O)N(C)C[C@H](OC)[C@@H](C)CN(Cc1ccncc1)[C@H](C)CO2,10.0322,0.16370487299166642,0.1651912385396978,-0.040422251135085074,0.20561348967478288,0.05048957761173373
correct_CP,CCCNC(=O)Nc1ccc2c(c1)C(=O)N(C)C[C@H](OC)[C@H](C)CN(Cc1ccc(-c3ccccn3)cc1)[C@@H](C)CO2,9.85814,0.3286382801967512,0.34130088990622925,0.05672925752233683,0.28457163238389244,-0.13625365130673858
correct_CP,CCCNC(=O)Nc1ccc2c(c1)OC[C@@H](C)N(C(C)=O)C[C@H](C)[C@@H](OC)CN(C)C2=O,10.0373,0.175073729738137,0.17689608018075462,0.031442812236521095,0.14545326794423352,0.1998634071089986
correct_CP,CCCNC(=O)Nc1ccc2c(c1)OC[C@@H](C)N(CCC(F)(F)F)C[C@H](C)[C@H](OC)CN(C)C2=O,10.0487,0.2041543429826297,0.20706377033731138,0.0762223508280707,0.13084141950924066,0.2653487393857809
correct_CP,CCCNC(=O)Nc1ccc2c(c1)OC[C@H](C)N(CC1CCCC1)C[C@@H](C)[C@@H](OC)CN(C)C2=O,9.9737,0.34368313415228335,0.3582630152380638,-0.12393746128886458,0.4822004765269284,0.24331988954023942
correct_CP,CCCNC(=O)[C@H]1[C@H](CO)[C@H]2Cn3c(ccc(C4=CCCC4)c3=O)[C@@H]1N2C(=O)CC,10.0247,-0.004551320425572949,-0.004551351852099252,-0.027776944034312443,0.023225592182213192,0.08434481748029843
correct_CP,CCCNC(=O)c1cc2c(c(-c3cccc(-c4cccc(OC)c4)c3)n1)[C@H](CCO)N([S@@](=O)C(C)(C)C)C2,10.1097,-0.1675143546175935,-0.169108152860546,0.12746239153161604,-0.296570544392162,-0.2800289612765079
correct_CP,CCCc1cc(N2CCN(c3ccccn3)CC2)n2nc(C)c(-c3ccccc3)c2n1,10.0,0.3805010842664902,0.4006454329732068,0.3339233017878095,0.06672213118539733,0.07827203459857679
correct_CP,CCCc1cn(CC[C@@H]2CC[C@@H](NC(=O)Nc3ccccc3F)[C@@H](CO)O2)nn1,10.0248,0.2544350648358639,0.2601491847152479,-0.08627884218965726,0.34642802690490515,0.40371979510542116
correct_CP,CCCc1cn(CC[C@@H]2CC[C@@H](NS(=O)(=O)c3ccccc3Cl)[C@@H](CO)O2)nn1,10.1213,0.4526917690390475,0.4880806848196154,0.21022568387129534,0.27785500094832005,-0.05182971219531571
correct_CP,CCCc1cn(CC[C@@H]2CC[C@@H](NS(=O)(=O)c3ccccc3Cl)[C@H](CO)O2)nn1,9.96713,-0.0017618244824239493,-0.0017618263053433884,-0.017607597016230322,0.015845770710886935,-0.06807632745942925
correct_CP,CCCc1cn(CC[C@H]2CC[C@@H](NC(=O)Nc3ccccc3F)[C@@H](CO)O2)nn1,10.0961,0.42481621994409463,0.45355425435311325,-0.0800670888735012,0.5336213432266145,0.11987797312819644
correct_CP,CCCc1cn(CC[C@H]2CC[C@H](NC(=O)C3CCCCC3)[C@H](CO)O2)nn1,10.0297,0.2543370394723334,0.26004437700761374,0.055196214883735634,0.2048481621238781,-0.04451525435686595
correct_CP,CCCc1cn(CC[C@H]2CC[C@H](NS(=O)(=O)c3ccccc3Cl)[C@H](CO)O2)nn1,10.1161,0.46294864867785745,0.5010577920768953,0.10948518919335361,0.3915726028835417,-0.05892233659688248
correct_CP,CCCc1nc(SCC(=O)Nc2nc3c(s2)CCCC3)c2ccccc2n1,10.0,0.3263374610728403,0.33872366622675737,-0.09475003000032829,0.43347369622708565,0.1156672707433962
correct_CP,CCCn1c(C)cc(-c2csc(N)n2)c1C,10.0,0.4110020786716437,0.4368163852753281,-0.011157197796976064,0.44797358307230417,0.03392850252741961
correct_CP,CCCn1cnc2cc(NCc3cccc(OC)c3O)ccc21,10.0,0.3261825233098984,0.33855027134400545,0.017474692311603326,0.32107557903240214,0.09193832486534972
correct_CP,CCCn1ncc(CN2CCCC(C(=O)c3cccc(OC(C)C)c3)C2)c1C,20.0,0.3199231488963552,0.33156149261964685,0.17644468368741376,0.1551168089322331,0.27464384257671937
correct_CP,CCN(CC)C(=O)N1CCN(C)CC1,10.0,0.15858592688217704,0.15993580753951134,0.03801760727573139,0.12191820026377995,0.05471522668229743
correct_CP,CCN(CC)C(=O)N[C@@H]1C[C@@H]2c3cccc4[nH]cc(c34)C[C@H]2N(C)C1,10.0,0.6006256581846068,0.6941253455322952,-0.04028812358065277,0.734413469112948,0.41472743977995136
correct_CP,CCN(CC)C(=S)SCCC(=O)NC(=O)Oc1ccc(C(C)C)cc1,10.0,0.6841157089672126,0.836809962158253,0.12699806560922844,0.7098118965490245,0.17369410453442546
correct_CP,CCN(CC)CCNC(=S)NC(=O)c1cn(-c2ccccc2)nc1-c1ccc(OC)cc1,10.0,0.31983525912483596,0.33146358463855374,0.1709581508345516,0.16050543380400215,0.05404825138740213
correct_CP,CCN(CC)CCOC(=O)c1ccc(N)cc1,10.0,0.3299212189919366,0.3427398482770149,-0.0002026886122560266,0.34294253688927095,0.03887949366896838
correct_CP,CCN(CC)CCOC1CCC2(C)C(=CCC3C4CCC(=O)C4(C)CCC32)C1,10.0,0.2226861706606285,0.2264806645036776,0.002842314870003181,0.2236383496336744,0.1170669856433397
correct_CP,CCN(CC)CCn1c(=S)[nH]c2ccc(Cl)cc2c1=O,10.0,0.6280518884566159,0.7381925295625754,0.12187196114043741,0.616320568422138,-0.3262451256950117
correct_CP,CCN(CC)CCn1c2ccc(Cl)cc2c2nc(C)sc21,10.0,0.1214625899611858,0.12206525277185175,0.03136532106600568,0.09069993170584606,0.1702044889471592
correct_CP,CCN(CC)c1ccc(C=C2C(=O)N(C)C(=S)N(C)C2=O)o1,10.0,0.19618038727586182,0.1987569334482369,0.09195999567934163,0.10679693776889526,0.06841764122234781
correct_CP,CCN(CC)c1ccc2ccc(=O)oc2c1,10.0,0.20724121316929336,0.2102870244988871,-0.09878956383907207,0.30907658833795915,-0.17930903203443704
correct_CP,CCN(Cc1ccncc1)C(=O)C(CO)c1ccccc1,10.0,0.845814066480629,1.241258226475657,0.3021298367730893,0.9391283897025677,0.3419979930811205
correct_CP,CCN1CCCC(OC(=O)C(c2ccccc2)c2ccccc2)C1,10.0,0.04301606603993896,0.043042627586125856,0.0017309898484353207,0.04131163773769053,-0.02654405244556689
correct_CP,CCN1CCCC1CNC(=O)c1cc(S(=O)(=O)CC)c(N)cc1OC,10.0,0.10847851894336076,0.10890705897840539,-0.008697062392116421,0.11760412137052181,0.01925977926689272
correct_CP,CCN1CCCc2cc(CN(CCN3CCOCC3)C(S)=Nc3ccc(C)cc3)ccc21,10.0,0.5528703057857691,0.6225058057124759,0.04893642896446157,0.5735693767480143,0.3111211000374732
correct_CP,CCN1CCN(C(=O)CSc2cc(=O)n(C)c3ccccc23)CC1,10.0,0.22841949791849858,0.23252132490303146,0.0818456130591068,0.15067571184392464,0.0664173034977653
correct_CP,CCN1CCN(c2cc(-c3ccccc3)nc3cc(-c4cccc(F)c4)nn23)CC1,10.0,0.6569159313789341,0.7873688827731844,-0.035690296252164674,0.8230591790253491,-0.24001412624595475
correct_CP,CCN1C[C@@H](C)[C@H](OC)CN(C)C(=O)c2ccc(NC(=O)c3ccno3)cc2OC[C@H]1C,10.0104,-0.1847065624166215,-0.18685115084883028,0.0036276809189103552,-0.19047883176774064,0.05397012636207561
correct_CP,CCN1[C@@H]2c3ccc(-c4cccc(C(=O)N(C)C)c4)c(=O)n3C[C@@H]2[C@@H](CO)[C@@H]1C(=O)N(C)C,10.0473,-0.068670783654572,-0.06877903316939489,-0.04245696859202034,-0.02632206457737455,0.09900918324686801
correct_CP,CCN1[C@@H]2c3ccc(C4=CCCCC4)c(=O)n3C[C@H]1[C@H](CO)[C@H]2C(=O)NCCOC,9.98008,0.12609206722758745,0.12676677009164244,-0.010235081482625138,0.13700185157426759,-0.36483315540930006
correct_CP,CCN1[C@H](C(=O)NCCc2cn(C)cn2)[C@@H](CO)[C@@H]2Cn3c(ccc(-c4ccc(F)cc4)c3=O)[C@@H]21,10.0304,0.5781236512458402,0.6596397995693386,-0.016381746639984842,0.6760215462093234,0.11049609373848063
correct_CP,CCN=C(S)NNC(=O)CSc1nc2ccccc2n1C,10.0,0.4153925385757416,0.44211078406626353,0.09756030047888273,0.34455048358738083,0.18987743955926747
correct_CP,CCNC(=O)C[C@@H]1CC[C@@H]2[C@@H](COc3ccc(NC(C)=O)cc3C(=O)N2C)O1,10.325049,0.40300851140936017,0.4272356451692475,-0.04599966918923103,0.47323531435847854,0.12037745346175797
correct_CP,CCNC(=O)C[C@@H]1CC[C@@H]2[C@H](COC[C@@H](O)CN2C(=O)C2CCOCC2)O1,10.0559,0.37720340940009955,0.39679512071445955,0.17799274974981047,0.21880237096464908,0.2023879575065244
correct_CP,CCNC(=O)C[C@@H]1CC[C@@H]2[C@H](COC[C@@H](O)CN2Cc2ccncc2)O1,10.1089,0.14957594079952205,0.1507066439834675,0.08348221071908411,0.06722443326438339,0.07669703489066203
correct_CP,CCNC(=O)C[C@@H]1CC[C@H]2[C@@H](COC[C@@H](O)CN2C(=O)C2CCOCC2)O1,10.0422,-0.18832142779949673,-0.1905963053491045,0.2348418359994465,-0.42543814134855096,0.23719699946703357
correct_CP,CCNC(=O)C[C@H]1CC[C@@H]2[C@H](COc3ccc(NC(C)=O)cc3C(=O)N2C)O1,10.0015,0.19483902538068876,0.19736226129935275,0.06554479871893024,0.1318174625804225,-0.15703725730226742
correct_CP,CCNC(=O)Nc1ccc2c(c1)C(=O)N(C)[C@@H]1CC[C@@H](CC(=O)N[C@H](C)c3ccccc3)O[C@H]1CO2,10.07,-0.09248414483876642,-0.0927491884463033,-0.018993909519937575,-0.07375527892636571,0.05145940596968137
correct_CP,CCNC(=O)Nc1ccc2c(c1)C(=O)N(C)[C@H]1CC[C@H](CC(=O)N[C@H](C)c3ccccc3)O[C@H]1CO2,10.0608,0.15260848230912838,0.15381003496058376,0.03233255434859277,0.12147748061199098,0.10266615273507629
correct_CP,CCNC(=O)[C@@H]1[C@@H](CO)[C@@H]2Cn3c(ccc(-c4ccc(OC)cc4)c3=O)[C@H]1N2CC1CC1,9.95368,-0.22537143155747028,-0.22930781925606855,-0.008111943283842734,-0.2211958759722258,0.06998668569850353
correct_CP,CCNC(=O)[C@H]1[C@H](CO)[C@H]2Cn3c(ccc(-c4ccc(F)cc4)c3=O)[C@H]2N1C(=O)Cc1cccnc1,10.0871,0.20042205260100265,0.20317223086819441,0.030673313685136757,0.17249891718305765,-0.1573266902564016
correct_CP,CCNC(=O)[C@H]1[C@H](CO)[C@H]2Cn3c(ccc(-c4ccccc4)c3=O)[C@@H]1N2CCC(F)(F)F,10.1006,-0.014200437425921223,-0.014201392058964939,0.030716675269402832,-0.04491806732836777,-0.0032271698292169228
correct_CP,CCNC(=O)[C@H]1[C@H](CO)[C@H]2Cn3c(ccc(-c4ccccc4)c3=O)[C@H]2N1CC,10.100153,-0.09601681151716734,-0.09631352147880488,-0.027266492296931892,-0.069047029181873,-0.3579500648285248
correct_CP,CCNc1nc(Cl)nc(NC(C)C)n1,10.0,0.2939902840426404,0.3029284835935135,0.047171053690615694,0.2557574299028978,0.07742390123001684
correct_CP,CCOC(=O)C(CC)Sc1ncnc2c1nnn2-c1ccc(F)cc1,10.0,0.5616997540893978,0.6353129622751642,0.13001455809357165,0.5052984041815926,0.3970566110235979
correct_CP,CCOC(=O)C1=C(C)N=c2sc(=Cc3ccc(OCC(=O)O)cc3)c(=O)n2C1c1ccc(Cl)cc1,20.0,0.02130961748614739,0.021312843929597165,-0.04338163378925328,0.06469447771885044,0.12557066016794521
correct_CP,CCOC(=O)C1C(=O)C=C(c2ccc(NS(C)(=O)=O)cc2)CC1c1ccco1,10.0,0.5391408178162499,0.6029435472577422,-0.07919338645970812,0.6821369337174503,0.07137448822664594
correct_CP,CCOC(=O)C1CCCN(c2nc3ccccc3nc2C(C#N)C(=O)NCc2ccccc2)C1,10.0,0.5693680193838483,0.646587214906503,0.042267672904598534,0.6043195420019044,0.3989103336008072
correct_CP,CCOC(=O)C1CCN(S(=O)(=O)c2cc(Br)cc3c2N(C(=O)C2CC2)CC3)CC1,10.0,0.07154910266684733,0.07167157221649748,0.020183531671866217,0.051488040544631256,0.07935476579588802
correct_CP,CCOC(=O)C=c1sc(=Cc2ccc(C)cc2)c(=O)n1CC(=O)NCc1ccco1,10.0,0.26666955476517595,0.27327496238357263,-0.01852775311169106,0.2918027154952637,0.1216165922756571
correct_CP,CCOC(=O)CC(=NNc1ncnc2ccccc12)c1ccccc1,10.0,0.36498067902365744,0.3826200638966272,-0.13234983444056136,0.5149698983371886,0.05372304756056462
correct_CP,CCOC(=O)CC(=O)CSc1nc(-c2cccnc2)cc(C)c1C#N,10.0,0.47449247042634857,0.5158523015511296,0.1211278931808931,0.3947244083702365,0.373084351326499
correct_CP,CCOC(=O)CC(Nc1nc(N2CCOCC2)nc(N2CCOCC2)n1)c1ccccc1Cl,10.0,0.27755820898277384,0.28503451756321985,0.16441467413514804,0.1206198434280718,0.22031065836835317
correct_CP,CCOC(=O)CN(C(=O)CNC(=O)c1cccs1)C(C(=O)NC1CCCCC1)c1cccs1,10.0,0.13008873100362128,0.13083010742383727,-0.004362321408365058,0.13519242883220234,-0.015137965573871521
correct_CP,CCOC(=O)CSc1nc(N)c(C#N)c(-c2cccs2)c1C#N,10.0,0.17716761320158633,0.17905699278273585,0.10081671017976702,0.07824028260296882,0.0669440983556245
correct_CP,CCOC(=O)N(C)C[C@@H]1OCc2ccccc2-c2c(n(C)c3ccccc23)C(=O)N([C@@H](C)CO)C[C@@H]1C,10.1272,-0.0864698327880238,-0.08668631738690043,0.009596888806546678,-0.0962832061934471,0.03210435631056102
correct_CP,CCOC(=O)N(C)C[C@@H]1OCc2cnnn2CCCC(=O)N([C@H](C)CO)C[C@@H]1C,10.0028,-0.006561152677824,-0.00656124683000715,-0.017517902808487182,0.010956655978480032,0.24265128116934853
correct_CP,CCOC(=O)N(C)C[C@H]1OCc2ccccc2-c2ccccc2C(=O)N([C@@H](C)CO)C[C@H]1C,9.98581,0.4663005677076767,0.5053325337672098,-0.05696018566888167,0.5622927194360914,-0.19786215610702768
correct_CP,CCOC(=O)N1CCN(C(=O)C2CCN(S(=O)(=O)CC)CC2)CC1,10.0,0.21850529899012225,0.22208592626811746,0.1763818220859406,0.04570410418217685,0.19299908908720814
correct_CP,CCOC(=O)NN1C(=O)c2ccccc2NC1c1ccc(N(C)C)cc1,10.0,0.5995772290700587,0.6924868626014385,-0.04730574578269006,0.7397926083841286,-0.11019161361914007
correct_CP,CCOC(=O)NN=Cc1cn(CCCOc2ccc(C)cc2)c2ccccc12,10.0,0.13055341177899957,0.13130281650152625,0.07039050247196944,0.06091231402955681,0.20332088005710613
correct_CP,CCOC(=O)c1[nH]c(COC(=O)c2ccccc2NC(=O)c2ccco2)c(C(=O)OCC)c1C,10.0,0.017174077997190947,0.017175766788185064,-0.07433336307045696,0.09150912985864203,0.2291404987242251
correct_CP,CCOC(=O)c1[nH]c2c(c1-c1ccccc1)C(=O)CC(c1ccc(OC)c(OC)c1)C2,10.0,0.2882877004506714,0.2966977477752657,-0.07493293765823479,0.3716306854335005,0.1546212483137926
correct_CP,CCOC(=O)c1c(-c2ccc(F)cc2)cn2ccccc12,10.0,0.6224502953394925,0.7289952927494825,0.1277461089526478,0.6012491837968347,0.14844571721363367
correct_CP,CCOC(=O)c1c(-c2ccccc2)csc1NC(=O)/C(C#N)=C/c1ccc(OC)c(OC)c1,10.0,0.5069140210246178,0.5585677927741995,0.07729210874476769,0.4812756840294319,0.17736946544382046
correct_CP,CCOC(=O)c1c(-n2c(C)cc(C=C3C(=O)NC(=O)NC3=O)c2C)sc2c1CCCC2,10.0,0.17514726235758354,0.17697193890843235,0.1400263537382032,0.03694558517022914,0.07760019774881871
correct_CP,CCOC(=O)c1c(C)[nH]c(C(=O)COC(=O)c2ccccc2NC(=O)c2ccco2)c1C,10.0,0.5764189386850136,0.6570830776459718,-0.052935439793668146,0.71001851743964,0.028919386842401175
correct_CP,CCOC(=O)c1c(C)cc(O)c(C)c1O,10.0,0.13077939016562953,0.13153272019786078,0.0018631485392622514,0.12966957165859852,-0.01206054966945073
correct_CP,CCOC(=O)c1cc(C#N)c(N2CCN(c3ccccn3)CC2)nc1-c1ccccc1,10.0,0.1243566897479988,0.12500374590353303,0.058758821887026094,0.06624492401650693,0.16234800973767693
correct_CP,CCOC(=O)c1cnn(-c2ccccn2)c1N,10.0,0.24763413505292584,0.25289080838093575,0.1777355363384609,0.07515527204247485,0.07077906109124321
correct_CP,CCOC(=O)c1nc(Nc2ccc(Nc3ccccc3)cc2)c2ccccc2n1,10.0,0.019924943708470266,0.01992758109340727,-0.12331500010388463,0.1432425811972919,0.4511634932884416
correct_CP,CCOC(=O)c1ncn2c1C1CCCN1C(=O)c1cc(OC)ccc1-2,10.0,0.14985436304750913,0.15099145005524842,0.010041732892135086,0.14094971716311333,0.11056742650290755
correct_CP,CCOC(=O)c1nn(-c2ccc(C)cc2)c2nc(Nc3ccccc3)cc(=O)n12,10.0,0.3544372418536308,0.3705094488672574,-0.06691404968598266,0.43742349855324003,0.10498315042159537
correct_CP,CCOC(=O)c1sc(C)c(C(=O)NCCCN2CCOCC2)c1N,10.0,0.2199697711725342,0.22362434292660271,0.14653000949191985,0.07709433343468286,-0.13896087179951794
correct_CP,CCOC(=O)c1sc2nc(C)nc(SCC(=O)NC3CCS(=O)(=O)C3)c2c1C,10.0,0.3604084551321971,0.37735525341423254,-0.05063823495515634,0.4279934883693889,-0.21950044218290637
correct_CP,CCOCCCN=C(S)N(Cc1ccccc1)Cc1nc(O)c2ccccc2n1,10.0,0.146445272954534,0.14750585311718178,0.14008046248450892,0.0074253906326728625,-0.020471029787721848
correct_CP,CCOCCCNc1nc2nc3ccc(C)cn3c(=O)c2cc1C(=O)NCC1CCCO1,10.0,-0.14612865397033367,-0.147182310355158,0.0319705084518153,-0.1791528188069733,-0.16177226300301517
correct_CP,CCOP(=S)(OCC)Oc1ccc2c(C)c(Cl)c(=O)oc2c1,10.0,0.08976092408354741,0.09000316483464256,0.044263850444307,0.04573931439033556,0.08128962921410354
correct_CP,CCOP(=S)(OCC)SCn1c(=O)oc2cc(Cl)ccc21,10.0,0.10825287696462722,0.10867873577080556,-0.004196694513367625,0.11287543028417318,0.017788317112153885
correct_CP,CCOc1cc(/C=C(/C#N)C(N)=O)cc(CSc2ccccc2)c1O,10.0,-0.3688205714120615,-0.38705728660731903,0.014803860024102148,-0.4018611466314212,0.46144659763626816
correct_CP,CCOc1ccc(-n2ccnc2SCC(=O)N2CCCc3ccccc32)cc1,10.0,-0.43568892264574294,-0.46689722170857306,0.0953647309715502,-0.5622619526801232,-0.46928302265183997
correct_CP,CCOc1ccc(C(=O)Nc2cccc(C(=O)O)c2)cc1Cl,10.0,0.6050051057758232,0.7010046889624778,-0.052386478032390466,0.7533911669948683,-0.06779024118588195
correct_CP,CCOc1ccc(C(=O)Nc2nnc(SCC(=O)NCC3CCCO3)s2)cc1,10.0,0.1986024736044589,0.2012772200867213,0.10532146323675265,0.09595575684996865,-0.03076593978570749
correct_CP,CCOc1ccc(NC(=O)c2ccc(NC(=O)COC(=O)Cc3ccccc3)cc2)cc1,10.0,0.2054692596842875,0.20843626030765178,0.19209276287804006,0.01634349742961172,0.18393455739955183
correct_CP,CCOc1ccc2nc(NC(=O)CSc3nnnn3C3CCCCC3)sc2c1,10.0,-0.004959511147276566,-0.004959551810496636,0.03382482290653735,-0.038784374717033984,-0.15703480333015304
correct_CP,CCOc1ccc2nc(O)c(CN(Cc3cccs3)Cc3nnnn3C(C)(C)CC)cc2c1,10.0,0.5686777161507619,0.6455663777208709,0.1561392752589832,0.4894271024618877,-0.28374989773920734
correct_CP,CCOc1nc(Nc2ccc([N+](=O)[O-])cc2)nc(NC(C)(C)C)n1,10.0,0.24881773083298794,0.2541521215634955,0.0546187718530045,0.19953334971049097,0.11353489735145254
correct_CP,CCS(=O)(=O)C1=NN2C(=N)/C(=C\c3ccc(O)c(OC)c3)C(=O)N=C2S1,10.0,0.40911361072789737,0.4345461883129419,0.13097529001806843,0.3035708982948735,0.013880341338865315
correct_CP,CCS(=O)(=O)N(C)C[C@@H]1OCc2ccccc2-c2c(n(C)c3ccccc23)C(=O)N([C@@H](C)CO)C[C@@H]1C,10.1754,-0.3803910717382506,-0.4005168025825624,-0.19310123609434104,-0.20741556648822135,0.28804113102682916
correct_CP,CCS(=O)(=O)N1[C@H](CO)[C@H](c2ccc(-c3cccc(F)c3)cc2)[C@@H]1C#N,10.0026,0.21658330715671953,0.2200684558457657,-0.015150801812578238,0.23521925765834395,0.07740662143155988
correct_CP,CCS(=O)(=O)N1[C@H](CO)[C@H](c2ccc(C#Cc3ccccc3F)cc2)[C@@H]1C#N,10.0413,0.19024412592263704,0.19259045034417455,0.0161601657258156,0.17643028461835894,-0.07346663461525799
correct_CP,CCS(=O)(=O)NCC[C@@H]1CC[C@@H](NC(=O)Cc2ccccn2)[C@H](CO)O1,10.0929,-0.11010619930887873,-0.11055441712131509,-0.057941472768130574,-0.05261294435318451,0.30815210042652014
correct_CP,CCS(=O)(=O)NCC[C@@H]1CC[C@H](NC(=O)Cc2ccccn2)[C@@H](CO)O1,10.0003,0.4367489104894059,0.46820631271620294,-0.055535885978964944,0.5237421986951679,0.3195565224348579
correct_CP,CCS(=O)(=O)NCC[C@H]1CC[C@@H](NC(=O)Cc2ccccn2)[C@H](CO)O1,10.001,0.2717646092039047,0.2787681680891642,0.08684464806970826,0.19192352001945595,0.025783091609105163
correct_CP,CCS(=O)(=O)NCC[C@H]1CC[C@H](NC(=O)Nc2cc(Cl)cc(Cl)c2)[C@@H](CO)O1,9.8817,0.16033454356537596,0.16173004789374032,-0.23622518558881142,0.39795523348255174,0.046859258171512735
correct_CP,CCS(=O)(=O)N[C@@H]1CC[C@@H](CC(=O)NC2Cc3ccccc3C2)O[C@@H]1CO,10.0602,0.20286424773399633,0.20571793573923108,-0.05816737063732219,0.2638853063765533,-0.04525875203155662
correct_CP,CCS(=O)(=O)N[C@H]1CC[C@H](CC(=O)Nc2ccc(-c3ccccc3)cc2)O[C@@H]1CO,10.0423,-0.1545139542597437,-0.1557615257563592,0.0072695908670482295,-0.16303111662340744,-0.04406343054305655
correct_CP,CCS(=O)(=O)N[C@H]1CC[C@H](CC(=O)Nc2ccc(-c3ccccc3)cc2)O[C@H]1CO,10.0589,0.06371863065653251,0.06380507524064288,0.0008452754021981389,0.06295979983844474,-0.18814160495193874
correct_CP,CCS(=O)(=O)Nc1ccc2c(c1)C(=O)N(C)C[C@@H](OC)[C@@H](C)CN(C(C)=O)[C@H](C)CO2,10.0091,0.3845919281757875,0.4054375796614897,0.08721621297920357,0.3182213666822861,0.006332866853863084
correct_CP,CCS(=O)(=O)Nc1ccc2c(c1)C(=O)N(C)C[C@@H](OC)[C@@H](C)CN(C)[C@@H](C)CO2,10.0217,0.00450685477882718,0.004506885293219885,0.07037570506668442,-0.06586881977346454,0.0828523113533163
correct_CP,CCS(=O)(=O)Nc1ccc2c(c1)C(=O)N(C)C[C@@H](OC)[C@@H](C)CN(Cc1ccccn1)[C@H](C)CO2,10.0049,-0.18380420363995412,-0.18591708026026005,0.006211019068349665,-0.19212809932860972,0.13965035996166278
correct_CP,CCS(=O)(=O)Nc1ccc2c(c1)C(=O)N(C)C[C@@H](OC)[C@H](C)CN(C(=O)CN(C)C)[C@@H](C)CO2,10.0243,-0.2545399496363326,-0.2602613326526817,0.04425382624422863,-0.30451515889691033,0.008872235286547354
correct_CP,CCS(=O)(=O)Nc1ccc2c(c1)C(=O)N(C)C[C@@H](OC)[C@H](C)CN(CC1CCCC1)[C@@H](C)CO2,10.0592,0.3657520326207193,0.383510250922409,0.02081441590785589,0.3626958350145531,0.12140668073142187
correct_CP,CCS(=O)(=O)Nc1ccc2c(c1)C(=O)N(C)C[C@@H](OC)[C@H](C)CN(CCC(F)(F)F)[C@@H](C)CO2,10.049985,0.1268320213200855,0.12751875037717436,0.0016012342572573612,0.125917516119917,0.2994085612319596
correct_CP,CCS(=O)(=O)Nc1ccc2c(c1)C(=O)N(C)C[C@@H](OC)[C@H](C)CN(CCC(F)(F)F)[C@H](C)CO2,10.0186,0.11074517873919613,0.11120128436574875,-0.0007432855400291063,0.11194456990577785,0.0559633605361248
correct_CP,CCS(=O)(=O)Nc1ccc2c(c1)C(=O)N(C)C[C@H](OC)[C@@H](C)CN(C(=O)CN(C)C)[C@@H](C)CO2,9.94684,-0.24493246102496566,-0.2500146792052104,0.030205262842932883,-0.2802199420481433,0.01226187481509122
correct_CP,CCS(=O)(=O)Nc1ccc2c(c1)C(=O)N(C)C[C@H](OC)[C@@H](C)CN(C(=O)COC)[C@@H](C)CO2,9.97351,-0.08365231481393987,-0.08384826306129464,-0.037181339182855225,-0.04666692387843942,-0.022251364763829676
correct_CP,CCS(=O)(=O)Nc1ccc2c(c1)C(=O)N(C)C[C@H](OC)[C@@H](C)CN(C(=O)COC)[C@H](C)CO2,10.0331,-0.3617780735877271,-0.3789302309831397,0.03877737318232932,-0.41770760416546904,-0.06610633471814208
correct_CP,CCS(=O)(=O)Nc1ccc2c(c1)C(=O)N(C)C[C@H](OC)[C@@H](C)CN(C(=O)c1ccc3c(c1)OCO3)[C@H](C)CO2,10.0519,-0.07686926096768486,-0.07702120385055682,0.002500397334396047,-0.07952160118495286,0.14555464045017685
correct_CP,CCS(=O)(=O)Nc1ccc2c(c1)C(=O)N(C)C[C@H](OC)[C@@H](C)CN(C(C)=O)[C@H](C)CO2,10.063,0.34187778170022215,0.35621729272581126,0.10468364075865068,0.2515336519671606,-0.10783327257053596
correct_CP,CCS(=O)(=O)Nc1ccc2c(c1)C(=O)N(C)C[C@H](OC)[C@@H](C)CN(CC1CCCC1)[C@@H](C)CO2,10.059,0.19786020790029266,0.2005045934647919,0.01870815782943159,0.18179643563536033,0.1470202008846709
correct_CP,CCS(=O)(=O)Nc1ccc2c(c1)C(=O)N(C)C[C@H](OC)[C@@H](C)CN(CC1CCCC1)[C@H](C)CO2,10.0455,0.029808440685727067,0.029817274090645482,-0.00032592753155804254,0.030143201622203526,0.14607585898225459
correct_CP,CCS(=O)(=O)Nc1ccc2c(c1)C(=O)N(C)C[C@H](OC)[C@@H](C)CN(CCC(F)(F)F)[C@@H](C)CO2,10.0311,0.267617683379645,0.2742959549615486,-0.08517283794966456,0.3594687929112132,0.12086965436904447
correct_CP,CCS(=O)(=O)Nc1ccc2c(c1)C(=O)N(C)C[C@H](OC)[C@@H](C)CN(Cc1ccccn1)[C@@H](C)CO2,10.0368,0.2670064776000677,0.27363771405885856,0.07445989624537326,0.19917781781348531,-0.19855510957466072
correct_CP,CCS(=O)(=O)Nc1ccc2c(c1)C(=O)N(C)C[C@H](OC)[C@@H](C)CN(Cc1nccs1)[C@H](C)CO2,10.0536,0.19429202092023784,0.19679373483072418,0.004413489830394636,0.19238024500032955,0.16524740596318685
correct_CP,CCS(=O)(=O)Nc1ccc2c(c1)C(=O)N(C)C[C@H](OC)[C@H](C)CN(C(=O)COC)[C@H](C)CO2,9.98666,0.5029458895596688,0.553241746592787,-0.043539020748888144,0.5967807673416752,-0.07656127207989435
correct_CP,CCS(=O)(=O)Nc1ccc2c(c1)C(=O)N(C)C[C@H](OC)[C@H](C)CN(C(=O)c1ccc3c(c1)OCO3)[C@@H](C)CO2,9.95937,0.08604350708067719,0.08625679594176684,-0.007032296597040676,0.09328909253880752,-0.14111756147831528
correct_CP,CCS(=O)(=O)Nc1ccc2c(c1)C(=O)N(C)C[C@H](OC)[C@H](C)CN(C)[C@H](C)CO2,10.0725,0.05506373627685847,0.0551194890971774,0.11986715805396393,-0.06474766895678653,-0.07664555878614883
correct_CP,CCS(=O)(=O)Nc1ccc2c(c1)C(=O)N(C)C[C@H](OC)[C@H](C)CN(CCC(F)(F)F)[C@H](C)CO2,10.043,0.10461411666690808,0.10499827867962558,0.02438184082423871,0.08061643785538687,-0.12530636501888587
correct_CP,CCS(=O)(=O)Nc1ccc2c(c1)C(=O)N(C)[C@@H]1CC[C@@H](CC(=O)NCCOC)O[C@@H]1CO2,10.1388,0.09916226070657343,0.09948921782226558,0.02007771959933989,0.07941149822292569,0.18210869866211954
correct_CP,CCS(=O)(=O)Nc1ccc2c(c1)C(=O)N(C)[C@@H]1CC[C@@H](CC(=O)N[C@H]3CCN(Cc4ccccc4)C3)O[C@H]1CO2,9.92713,-0.1786536607327865,-0.18059161478784166,0.043752770229100416,-0.2243443850169421,-0.1257557435891881
correct_CP,CCS(=O)(=O)Nc1ccc2c(c1)C(=O)N(C)[C@@H]1CC[C@H](CC(=O)NCc3ccccc3F)O[C@H]1CO2,9.9318,-0.16317395399492465,-0.16464574814835967,0.016093712502072463,-0.18073946065043212,-0.04673421639743956
correct_CP,CCS(=O)(=O)Nc1ccc2c(c1)C(=O)N(C)[C@@H]1CC[C@H](CC(=O)N[C@@H]3CCN(Cc4ccccc4)C3)O[C@@H]1CO2,10.121,0.20166450264913985,0.20446701418009366,0.003416125287424748,0.20105088889266892,0.05861296241232756
correct_CP,CCS(=O)(=O)Nc1ccc2c(c1)C(=O)N(C)[C@@H]1CC[C@H](CC(=O)N[C@H]3CCN(Cc4ccccc4)C3)O[C@H]1CO2,10.0721,0.24803493425183112,0.25331783648895745,-0.03493547252575378,0.28825330901471125,0.025817613247116022
correct_CP,CCS(=O)(=O)Nc1ccc2c(c1)C(=O)N(C)[C@H]1CC[C@@H](CC(=O)N[C@@H]3CCN(Cc4ccccc4)C3)O[C@@H]1CO2,10.0682,-0.12092752104911259,-0.12152220746545554,0.04713103619373008,-0.16865324365918563,-0.12723853614037198
correct_CP,CCS(=O)(=O)Nc1ccc2c(c1)C(=O)N(C)[C@H]1CC[C@H](CC(=O)NCCOC)O[C@H]1CO2,10.1081,-0.2270217053434905,-0.2310470827427204,-0.000970317096982057,-0.23007676564573834,0.03136212965357233
correct_CP,CCSc1nnc(NC(=O)C(CC)(C(F)(F)F)C(F)(F)F)s1,10.0,0.3569283048465898,0.3733613029159447,0.1813139176191758,0.1920473852967689,-0.02084512102129424
correct_CP,CC[C@H](C)[C@H](N)C(=O)N1CCC[C@H]1C(=O)N[C@H](C(=O)O)[C@@H](C)CC,10.0,0.33307162117790007,0.34627919298936033,0.07875207359107422,0.2675271193982861,-0.0008239102631260181
correct_CP,CCc1c(C)c2ccc(OCC(=O)OC)cc2oc1=O,10.0,0.4655100357427925,0.5043228268916008,0.25672773110033803,0.24759509579126276,-0.14125598025195374
correct_CP,CCc1c(C)nc2ncnn2c1N1CCCC(C(=O)NCc2ccc3c(c2)OCO3)C1,10.0,-0.1621725931730545,-0.163617168341432,0.07121146121222369,-0.2348286295536557,-0.17143898435615526
correct_CP,CCc1cc(-c2n[nH]c(C)c2-c2ccc3c(c2)OCCO3)c(O)cc1O,10.0,0.23936355956767943,0.2440988819818688,0.02444491980153608,0.21965396218033273,0.4322511017436651
correct_CP,CCc1cc(C(=O)Nc2ccc(C)cc2Br)cs1,10.0,0.7069184931950516,0.8809971112665094,0.08447731629577188,0.7965197949707374,0.33310614169342195
correct_CP,CCc1cc(Cl)c(OC)c(C(=O)NC[C@@H]2CCCN2CC)c1O,10.0,0.33331613210123384,0.3465542390186829,-0.0014099128883416322,0.3479641519070245,0.11055810263202064
correct_CP,CCc1ccc(NC(=O)c2onc(C)c2Cl)cc1,10.0,0.2421853190261724,0.24709429499042584,0.0752917225787836,0.17180257241164226,0.1279482475453952
correct_CP,CCc1ccc(OCC(O)CN2CCN(c3ccccc3)CC2)cc1,10.0,0.1705587279549237,0.17224207558109295,0.15762016210448465,0.014621913476608295,-0.06955666863468822
correct_CP,CCc1cnc(N2[C@@H](C#N)[C@H](c3ccc(C4=CCCCC4)cc3)[C@@H]2CO)s1,10.0827,0.08974812279667098,0.08999025958469224,0.024188050238418593,0.06580220934627365,-0.22998643679115088
correct_CP,CCc1cnc(N2[C@H](C#N)[C@@H](c3ccc(C#CC(C)C)cc3)[C@@H]2CO)s1,9.50755,0.34113988029177017,0.3553819688739812,-0.018177699471811064,0.3735596683457923,0.11354692619005742
correct_CP,CCc1cnc(N2[C@H](C#N)[C@@H](c3ccc(C#CC(C)C)cc3)[C@H]2CO)s1,10.0092,0.19349707737977287,0.1959677378022252,0.027118615629257412,0.1688491221729678,-0.039135223232942495
correct_CP,CCc1cnc(N2[C@H](C#N)[C@@H](c3ccc(C4=CCCCC4)cc3)[C@@H]2CO)s1,9.9427,0.026391811419899696,0.026397941524633615,-0.07578512957149897,0.10218307109613259,0.13522798384344972
correct_CP,CCc1nnc(NC(=O)/C=C/c2ccco2)s1,10.0,0.1377179165181365,0.1385986236440935,-0.021678161818707367,0.16027678546280089,0.1073499107464375
correct_CP,CCn1c(=O)n(C2=C(CO)CN(CC3CCCCCCC3)CC2)c2ccccc21,10.0,-0.09514778160885073,-0.09543647887357605,-0.016288794445685196,-0.07914768442789086,0.14965265303778585
correct_CP,CCn1c(C)c(C(C)=O)c(N2CCN(c3ccc(F)cc3)CC2)nc1=S,10.0,0.4893765769356632,0.5352402646396252,0.12270643798611416,0.412533826653511,0.1644970059814063
correct_CP,CCn1c(C)nc2cc(C(=O)NN=Cc3ccc(N4CCOCC4)cc3)ccc21,10.0,0.2670077612758309,0.2736390962768125,0.05024250055077696,0.22339659572603554,0.06889409146779404
correct_CP,CCn1c(C)nc2cc(C(=O)NN=Cc3ccccc3)ccc21,10.0,0.34200893665554943,0.3563658135132867,0.12757121689408732,0.2287945966191994,-0.18813007067614945
correct_CP,CCn1c(SCC(=O)N2CCCc3ccccc32)nc2ccccc2c1=O,10.0,0.11924593958904915,0.11981602096664926,0.03784726902687591,0.08196875193977335,0.30518198141216973
correct_CP,CCn1c(SCC(=O)Nc2ccc(NC(C)=O)cc2)nnc1C1CC1,10.0,0.45608686377599,0.4923591640581704,0.06625646287329781,0.4261027011848726,0.02958995806816428
correct_CP,CCn1cc(C(=O)O)c(=O)c2cc3c(cc21)OCO3,10.0,-0.10834279144337244,-0.10876971731951172,-0.015798056597342885,-0.09297166072216884,0.10793859482471348
correct_CP,CCn1nc(C(=O)O)c(=O)c2cc3c(cc21)OCO3,10.0,0.18588145564862024,0.18806781710137233,-0.055478933084113356,0.2435467501854857,0.10413398925988068
correct_CP,CCn1nc(C)c(C=NNC(=O)Cn2nnnc2N)c1C,10.0,0.46054171477785444,0.49799861143880814,0.07537686054718028,0.42262175089162785,0.27347402573090074
correct_CP,CN(C(=O)CCCOc1ccc2[nH]c(=O)ccc2c1)C1CCCCC1,10.0,0.16550913154619748,0.1670457464067293,0.026969418875450915,0.1400763275312784,-0.06922106309988768
correct_CP,CN(C(=O)Cc1ccccc1)C(CN1CCCC1)c1ccccc1,10.0,0.2675133314650897,0.2741835562789702,-0.00030315052373769066,0.27448670680270787,-0.23460260866527555
correct_CP,CN(C(=O)Oc1ccc(C(C)(C)C)cc1)c1ccccc1,10.0,0.24568675973226675,0.2508172756500203,0.012377185098781874,0.23844009055123844,-0.023239733481078974
correct_CP,CN(C(S)=NC1=CCS(=O)(=O)C1)C1CCCCC1,10.0,-0.08258690717817445,-0.08277544334959185,0.03984410312634855,-0.1226195464759404,0.02478573441525582
correct_CP,CN(C)C(=O)C[C@@H]1C=C[C@H](NC(=O)Nc2cccc(F)c2)[C@@H](CO)O1,10.1422,0.6775151308275564,0.824506335416063,0.04768707558357091,0.7768192598324921,0.06850554036655036
correct_CP,CN(C)C(=O)C[C@@H]1C=C[C@H](NC(=O)c2ccc(F)cc2)[C@@H](CO)O1,10.0481,-0.22870816881202982,-0.23282590763539418,0.007822296820766718,-0.2406482044561609,-0.03601556389433186
correct_CP,CN(C)C(=O)C[C@@H]1CC[C@@H](NC(=O)C2CCOCC2)[C@@H](CO)O1,10.0543,0.2662822959964551,0.2728581026399288,0.03572712751291859,0.23713097512701023,0.19080554283984938
correct_CP,CN(C)C(=O)C[C@@H]1CC[C@@H](NC(=O)c2ccc(F)cc2)[C@@H](CO)O1,10.0339,0.4554590736936091,0.49156677088092304,0.01384486374501998,0.47772190713590307,-0.2497219124772455
correct_CP,CN(C)C(=O)C[C@@H]1CC[C@@H](NS(=O)(=O)c2ccccc2)[C@@H](CO)O1,10.0973,-0.5169570998025402,-0.5721781146632998,0.0003714555576741878,-0.572549570220974,0.25013187124903175
correct_CP,CN(C)C(=O)C[C@@H]1CC[C@@H]2[C@H](COC[C@@H](O)CN2Cc2ccc(C(F)(F)F)cc2)O1,10.0277,0.2355948269918534,0.24010489732297402,-0.019515050385530884,0.2596199477085049,-0.00581659946521829
correct_CP,CN(C)C(=O)C[C@@H]1CC[C@@H]2[C@H](COC[C@H](O)CN2C(=O)C2CCCC2)O1,9.91998,0.11921901358889866,0.11978870665577938,-0.16030143691019344,0.28009014356597284,-0.01745684822914384
correct_CP,CN(C)C(=O)C[C@@H]1CC[C@@H]2[C@H](COC[C@H](O)CN2C(=O)c2ccncc2)O1,10.0764,0.5211262940780951,0.5778847108532835,0.20007756109025043,0.3778071497630331,-0.16663780122108385
correct_CP,CN(C)C(=O)C[C@@H]1CC[C@H](NC(=O)C2CCOCC2)[C@H](CO)O1,10.1456,-0.39049099400562837,-0.41237923600066106,-0.08715681486068694,-0.3252224211399741,0.0023212112768349197
correct_CP,CN(C)C(=O)C[C@@H]1CC[C@H](NS(=O)(=O)c2ccccc2)[C@H](CO)O1,10.0279,-0.6393079708597299,-0.7570024867095406,-0.19442000399557263,-0.562582482713968,0.6380281796261187
correct_CP,CN(C)C(=O)C[C@@H]1CC[C@H]2[C@@H](COC[C@@H](O)CN2C(=O)C2CCCC2)O1,10.0419,0.22397108573371288,0.22783302994259264,0.021580141155569457,0.2062528887870232,-0.14510479134620083
correct_CP,CN(C)C(=O)C[C@@H]1C[C@@H]2c3cc(NC(=O)NC4CCCC4)ccc3O[C@@H]2[C@H](CO)O1,9.95903,0.33409538896065444,0.3474311481359125,-0.03521317533708082,0.3826443234729934,-0.05338990453471196
correct_CP,CN(C)C(=O)C[C@@H]1C[C@@H]2c3cc(NC(=O)c4cccnc4)ccc3O[C@@H]2[C@@H](CO)O1,10.1242,-0.14208949640540808,-0.14305748469674406,-0.061903810439664496,-0.08115367425707956,-0.14597927288618234
correct_CP,CN(C)C(=O)C[C@@H]1C[C@@H]2c3cc(NS(C)(=O)=O)ccc3O[C@@H]2[C@H](CO)O1,9.95365,0.05219780650742655,0.0522452903960416,0.03151016985724549,0.020735120538796115,-0.011702454275455614
correct_CP,CN(C)C(=O)C[C@@H]1C[C@H]2c3cc(NC(=O)CC4CC4)ccc3O[C@H]2[C@@H](CO)O1,10.0665,0.041846904253136516,0.04187135687291797,-0.028794833078763758,0.07066618995168172,0.11574968026829932
correct_CP,CN(C)C(=O)C[C@@H]1C[C@H]2c3cc(NC(=O)NC4CCCC4)ccc3O[C@H]2[C@@H](CO)O1,10.1845,0.09942574874207431,0.09975532953440433,-0.06102284819404574,0.16077817772845007,0.047789620580836745
correct_CP,CN(C)C(=O)C[C@@H]1C[C@H]2c3cc(NC(=O)NC4CCCC4)ccc3O[C@H]2[C@H](CO)O1,10.0587,0.1648143117304241,0.1663314414672082,-0.022595217130654047,0.18892665859786226,-0.10826242129494651
correct_CP,CN(C)C(=O)C[C@@H]1C[C@H]2c3cc(NC(=O)Nc4ccc(F)cc4)ccc3O[C@H]2[C@@H](CO)O1,10.0388,0.12928247138210344,0.1300100558360056,-0.15386920284361422,0.28387925867961983,0.16605823833104752
correct_CP,CN(C)C(=O)C[C@@H]1C[C@H]2c3cc(NC(=O)Nc4ccccc4F)ccc3O[C@H]2[C@H](CO)O1,10.0531,0.06060461141439421,0.06067897396795346,-0.019788113630920656,0.08046708759887411,0.08196821511385506
correct_CP,CN(C)C(=O)C[C@@H]1C[C@H]2c3cc(NS(C)(=O)=O)ccc3O[C@H]2[C@H](CO)O1,10.0525,0.1683976066003692,0.1700170440119196,0.020041908586074582,0.14997513542584504,0.19280230615416966
correct_CP,CN(C)C(=O)C[C@H]1C=C[C@@H](NC(=O)Nc2cccc(F)c2)[C@@H](CO)O1,9.99917,0.38552324716368586,0.40653102289662085,0.07860265740407033,0.32792836549255056,0.04389557327904198
correct_CP,CN(C)C(=O)C[C@H]1C=C[C@@H](NC(=O)Nc2cccc(F)c2)[C@H](CO)O1,10.036,-0.11251033339597355,-0.11298871221217904,0.01706586000458373,-0.13005457221676278,0.04272929298372994
correct_CP,CN(C)C(=O)C[C@H]1CC[C@@H]2[C@H](COc3ccc(NC(=O)c4ccc(F)cc4)cc3C(=O)N2C)O1,10.0611,0.3664152573481904,0.3842761146322003,-0.03968617546645367,0.42396229009865394,-0.28724402095269874
correct_CP,CN(C)C(=O)C[C@H]1CC[C@H](NC(=O)C2CCOCC2)[C@H](CO)O1,9.93412,-0.5167727053646135,-0.5719265020952771,0.04911903935742341,-0.6210455414527005,0.12474522027211893
correct_CP,CN(C)C(=O)C[C@H]1CC[C@H](NS(=O)(=O)c2ccccc2)[C@@H](CO)O1,10.096052,-0.1016519409051892,-0.1020042549356078,0.0559849354422711,-0.1579891903778789,-0.08457792211123817
correct_CP,CN(C)C(=O)C[C@H]1CC[C@H](NS(=O)(=O)c2ccccc2)[C@H](CO)O1,10.0352,0.0280707712872147,0.028078147733352647,-0.04837250402488214,0.07645065175823479,-0.0296259548862323
correct_CP,CN(C)C(=O)C[C@H]1CC[C@H]2[C@H](COc3ccc(NC(=O)c4ccc(F)cc4)cc3C(=O)N2C)O1,9.85927,0.2814705316379789,0.2892784159627641,-0.010164571193916297,0.2994429871566804,-0.14671169278336332
correct_CP,CN(C)C(=O)C[C@H]1C[C@@H]2c3cc(NC(=O)C4CCOCC4)ccc3O[C@@H]2[C@@H](CO)O1,9.95494,0.2916383651314239,0.30035599750624764,-0.0426856846302795,0.34304168213652714,-0.01664284399504709
correct_CP,CN(C)C(=O)C[C@H]1C[C@@H]2c3cc(NC(=O)CC4CC4)ccc3O[C@@H]2[C@@H](CO)O1,9.99573,0.0807496444702221,0.08092584381994267,0.04087895666312897,0.0400468871568137,-0.08887121485696199
correct_CP,CN(C)C(=O)C[C@H]1C[C@@H]2c3cc(NC(=O)NC4CCCC4)ccc3O[C@@H]2[C@H](CO)O1,9.97571,-0.07401522437122052,-0.07415082842757555,0.01576384708702195,-0.0899146755145975,-0.14826306349258647
correct_CP,CN(C)C(=O)C[C@H]1C[C@@H]2c3cc(NC(=O)Nc4ccc(F)cc4)ccc3O[C@@H]2[C@H](CO)O1,10.043,0.4978309337978664,0.5464182240846005,-0.22873178098594732,0.7751500050705478,0.09235502792487607
correct_CP,CN(C)C(=O)C[C@H]1C[C@@H]2c3cc(NC(=O)Nc4ccccc4F)ccc3O[C@@H]2[C@@H](CO)O1,10.0703,0.061270827315819995,0.061347673045407766,-0.021949057439093606,0.08329673048450137,0.17045249046601205
correct_CP,CN(C)C(=O)C[C@H]1C[C@H]2c3cc(NC(=O)CC4CC4)ccc3O[C@H]2[C@@H](CO)O1,9.97759,-0.24855527820374815,-0.25387236755165005,0.0036965379019012756,-0.2575689054535513,-0.08141396828262301
correct_CP,CN(C)C(=O)C[C@H]1C[C@H]2c3cc(NC(=O)CC4CC4)ccc3O[C@H]2[C@H](CO)O1,9.95043,-0.01817922415764368,-0.018181227203573114,-0.0011452756392157475,-0.017035951564357367,-0.10023684939761718
correct_CP,CN(C)C(=O)C[C@H]1C[C@H]2c3cc(NC(=O)NC4CCCC4)ccc3O[C@H]2[C@H](CO)O1,10.0655,-0.029268813575266193,-0.029277175714730482,-0.03426216946267126,0.004984993747940775,0.04740076192588944
correct_CP,CN(C)C(=O)C[C@H]1C[C@H]2c3cc(NC(=O)Nc4ccccc4F)ccc3O[C@H]2[C@@H](CO)O1,10.0138,-0.35521172601160994,-0.37139548547057105,0.000249212492542325,-0.3716446979631134,-0.07105126384357154
correct_CP,CN(C)C(=O)C[C@H]1C[C@H]2c3cc(NS(C)(=O)=O)ccc3O[C@H]2[C@H](CO)O1,10.0645,0.14012642246699814,0.14105452828391987,-0.01460823523425988,0.15566276351817976,0.13837743309468678
correct_CP,CN(C)C(=O)Nc1ccc(Cl)c(Cl)c1,10.0,-0.1420012791993362,-0.14296745088815918,-0.03253143019307634,-0.11043602069508285,-0.08434971250845932
correct_CP,CN(C)C(=O)[C@@H]1[C@@H](CO)[C@@H]2Cn3c(ccc(-c4cccc(F)c4)c3=O)[C@H]1N2Cc1ccccc1,10.0035,0.03650632445438251,0.03652255490354758,0.04312096878808942,-0.00659841388454184,-0.07148680318511347
correct_CP,CN(C)C(=O)[C@@H]1[C@@H](CO)[C@@H]2Cn3c(ccc(-c4cncnc4)c3=O)[C@@H]2N1Cc1cc(F)ccc1F,9.96719,0.3479307778196499,0.3630876065542375,-0.06478257353439126,0.42787018008862876,-0.16761596903710396
correct_CP,CN(C)C(=O)[C@@H]1[C@@H](CO)[C@@H]2Cn3c(ccc(/C=C/c4ccccc4)c3=O)[C@@H]2N1C(=O)c1cccnc1,10.076,0.16704804953016436,0.16862842349635276,0.06467377930410512,0.10395464419224765,-0.12416130557815531
correct_CP,CN(C)C(=O)[C@@H]1[C@@H](CO)[C@@H]2Cn3c(ccc(C4=CCCC4)c3=O)[C@@H]2N1C(=O)c1ccccc1F,9.90384,-0.022501889449275704,-0.022505688435092285,-0.07357948701027003,0.05107379857517775,0.251383254049685
correct_CP,CN(C)C(=O)[C@@H]1[C@@H](CO)[C@@H]2Cn3c(ccc(C4=CCCC4)c3=O)[C@H]1N2CC1CCOCC1,9.98993,0.11844483058882262,0.11900343476974459,0.015050329946155329,0.10395310482358927,0.15902548714784073
correct_CP,CN(C)C(=O)[C@@H]1[C@@H](CO)[C@@H]2Cn3c(cccc3=O)[C@H]1N2C(=O)c1ccc(F)cc1,10.035,-0.011728884854223605,-0.011729422733438322,0.007378890871537872,-0.019108313604976196,-0.15381495771915232
correct_CP,CN(C)C(=O)[C@H]1N[C@H]2c3ccc(-c4ccc(F)cc4)c(=O)n3C[C@H]2[C@@H]1CO,10.0581,-0.10594810243935394,-0.10634721643831524,0.05209390611460811,-0.15844112255292336,-0.1985142242470358
correct_CP,CN(C)C(=O)[C@H]1[C@H](CO)[C@H]2Cn3c(ccc(-c4ccccc4)c3=O)[C@@H]1N2C(=O)C1CCC1,10.0579,0.11681445903977966,0.11735018728940994,0.07999115496142614,0.03735903232798379,-0.11990304905376262
correct_CP,CN(C)C(=O)c1cc2c(c(-c3cccc(-c4ccc(F)cc4)c3)n1)[C@@H](CCO)N([S@](=O)C(C)(C)C)C2,9.87558,-0.3437520594508484,-0.35834117439964536,-0.16723962683443783,-0.19110154756520753,0.1953269717259103
correct_CP,CN(C)C(=O)c1ccc(-c2ccc([C@H]3[C@@H](C#N)N[C@@H]3CO)cc2)cc1,10.0274,0.12213719385010456,0.12275001528652091,-0.008334766054079581,0.13108478134060048,0.19089615396425041
correct_CP,CN(C)C(=O)c1cccc(-c2ccc([C@H]3[C@@H](C#N)N(C(=O)C4CC4)[C@H]3CO)cc2)c1,10.0348,0.2079407966055585,0.21101811353998173,0.013747813345501389,0.19727030019448033,0.10154730825387018
correct_CP,CN(C)C(=O)c1cccc(-c2ccc3n(c2=O)C[C@H]2N[C@@H]3[C@@H](C(=O)NC3CCC3)[C@@H]2CO)c1,10.0113,0.24315391142024023,0.24812349560911423,-0.025319110706436807,0.27344260631555106,0.38511465885590335
correct_CP,CN(C)C(=O)c1cccc(-c2cccc(-c3nc(C(=O)N4CCOCC4)cc4c3[C@H](CCO)N([S@@](=O)C(C)(C)C)C4)c2)c1,10.0786,0.018622436049949197,0.018624589221334965,-0.03692677417029667,0.055551363391631636,0.028043592231128015
correct_CP,CN(C)CC(=O)N1[C@@H]2c3ccc(-c4cccnc4)c(=O)n3C[C@H]1[C@H](CO)[C@H]2C(=O)NC1CCC1,10.1544,-0.5003444069397668,-0.5497654590801611,-0.041401040547589446,-0.5083644185325716,0.11405432078869053
correct_CP,CN(C)CC(=O)N[C@@H]1C=C[C@@H](CC(=O)NCCN2CCCCC2)O[C@H]1CO,10.01,0.5221567582461338,0.5793003977198737,-0.07404035044537038,0.6533407481652441,0.3460286241215835
correct_CP,CN(C)CC(=O)N[C@H]1C=C[C@@H](CC(=O)NCCN2CCCCC2)O[C@H]1CO,10.0685,0.26581409114383153,0.2723542330593828,-0.06055532781566986,0.33290956087505263,0.3713811739848228
correct_CP,CN(C)CC(=O)Nc1ccc2c(c1)[C@@H]1C[C@@H](CC(=O)NC3CCCCC3)O[C@H](CO)[C@@H]1O2,10.0937,-0.06393803615544298,-0.0640253782673514,-0.04006761862960443,-0.02395775963774697,0.23585596795825517
correct_CP,CN(C)CC(=O)Nc1ccc2c(c1)[C@@H]1C[C@@H](CC(=O)NCc3ccncc3)O[C@@H](CO)[C@@H]1O2,10.0973,0.43589675273861683,0.4671537752759315,0.11465442881884436,0.35249934645708714,-0.4310559842859488
correct_CP,CN(C)CC(=O)Nc1ccc2c(c1)[C@@H]1C[C@H](CC(=O)NCc3cc(F)ccc3F)O[C@H](CO)[C@@H]1O2,10.0188,0.014698541681593475,0.014699600344732779,-0.03736104236477317,0.052060642709505944,0.09099893997390686
correct_CP,CN(C)CC(=O)Nc1ccc2c(c1)[C@@H]1C[C@H](CC(=O)NCc3ccc(-c4ccccc4)cc3)O[C@H](CO)[C@@H]1O2,10.1054,0.021780597836987048,0.021784043015851212,-0.15487252471720334,0.17665656773305455,-0.12347191606387256
correct_CP,CN(C)CC(=O)Nc1ccc2c(c1)[C@@H]1C[C@H](CC(=O)NCc3ccc4c(c3)OCO4)O[C@H](CO)[C@@H]1O2,10.123,0.010867120681854001,0.010867548493880847,-0.019931299115000807,0.030798847608881654,0.042438681758785526
correct_CP,CN(C)CC(=O)Nc1ccc2c(c1)[C@@H]1C[C@H](CC(=O)NCc3ccncc3)O[C@H](CO)[C@@H]1O2,10.0252,-0.0702802168146939,-0.07039627285086605,0.028304486507227368,-0.09870075935809342,0.053264244956324515
correct_CP,CN(C)CC(=O)Nc1ccc2c(c1)[C@H]1C[C@@H](CC(=O)NC3CCCCC3)O[C@@H](CO)[C@H]1O2,10.0073,0.0877527370016447,0.08797903138305097,0.01577437510730089,0.07220465627575007,-0.08810911826615303
correct_CP,CN(C)CC(=O)Nc1ccc2c(c1)[C@H]1C[C@@H](CC(=O)NCC3CC3)O[C@H](CO)[C@H]1O2,9.7129,0.22657213154323125,0.23057313031658622,-0.04561695510186958,0.2761900854184558,0.18113058870975815
correct_CP,CN(C)CC(=O)Nc1ccc2c(c1)[C@H]1C[C@@H](CC(=O)NCc3cccc(F)c3)O[C@H](CO)[C@H]1O2,9.98051,0.35912743381677187,0.3758837737947716,-0.0326599191260918,0.4085436929208634,0.10729639473397069
correct_CP,CN(C)CC(=O)Nc1ccc2c(c1)[C@H]1C[C@H](CC(=O)NCc3ccncc3)O[C@@H](CO)[C@H]1O2,9.94813,0.03794441392747418,0.03796264019287196,-0.01989853509431166,0.057861175287183625,0.0069715404145547
correct_CP,CN(C)CCCNC(=O)C[C@@H]1C=C[C@@H](NC(=O)c2ccccc2F)[C@@H](CO)O1,10.0737,-0.12796644397568524,-0.12867188925958573,-0.008858650098413745,-0.11981323916117198,-0.10307761599760645
correct_CP,CN(C)CCCNC(=O)C[C@@H]1C=C[C@@H](NS(=O)(=O)c2ccccc2)[C@H](CO)O1,10.0407,0.22089154134488417,0.22459318910157558,0.07626017739454818,0.1483330117070274,-0.0870084251498363
correct_CP,CN(C)CCCNC(=O)C[C@@H]1C=C[C@H](NC(=O)Cc2cccnc2)[C@@H](CO)O1,10.0163,-0.25350268638694656,-0.2591525211875316,-0.009672088961898475,-0.24948043222563315,-0.010708701363709714
correct_CP,CN(C)CCCNC(=O)C[C@@H]1C=C[C@H](NC(=O)c2ccccc2F)[C@@H](CO)O1,9.98798,0.05882152083145364,0.058889502273882434,0.02226089936563527,0.03662860290824717,-0.2851686780662432
correct_CP,CN(C)CCCNC(=O)C[C@@H]1CC[C@@H]2[C@H](COc3ccc(NS(C)(=O)=O)cc3C(=O)N2C)O1,10.2563,-0.00850705319780835,-0.008507258425069643,0.18689109366877368,-0.19539835209384332,-0.1543440011787197
correct_CP,CN(C)CCCNC(=O)C[C@@H]1CC[C@H](NC(=O)c2ccccc2F)[C@@H](CO)O1,10.0537,-0.12318637923968032,-0.1238152278766756,-0.03772512193264316,-0.08609010594403244,-0.09031645346899747
correct_CP,CN(C)CCCNC(=O)C[C@@H]1CC[C@H]2[C@@H](COC[C@H](O)CN2CC2CCCC2)O1,10.0421,0.1451533182181483,0.14618583804722451,0.22955929806323194,-0.08337346001600743,-0.3291361518833893
correct_CP,CN(C)CCCNC(=O)C[C@H]1C=C[C@@H](NS(=O)(=O)c2ccccc2)[C@H](CO)O1,10.1283,0.39589831010009346,0.4187754461880366,0.05339083496373038,0.3653846112243062,0.08244469405214161
correct_CP,CN(C)CCCNC(=O)C[C@H]1C=C[C@H](NC(=O)Cc2cccnc2)[C@H](CO)O1,10.0008,0.21751532716083638,0.22104655456241423,-0.04751050834807913,0.26855706291049336,-0.3035443850686695
correct_CP,CN(C)CCCNC(=O)C[C@H]1C=C[C@H](NC(=O)c2ccccc2F)[C@@H](CO)O1,10.1689,0.08966037301462669,0.08990179796502,-0.015333655941265005,0.105235453906285,0.2377017137652006
correct_CP,CN(C)CCCNC(=O)C[C@H]1CC[C@H](NC(=O)c2ccccc2F)[C@H](CO)O1,9.9477,-0.060181777804832456,-0.06025459248930169,0.04356183365996414,-0.10381642614926584,0.03372947942747182
correct_CP,CN(C)CCCNC(=O)[C@H]1[C@H](CO)[C@H]2Cn3c(ccc(C4=CCCC4)c3=O)[C@@H]1N2Cc1cocn1,9.97376,-0.19372311197748476,-0.19620257525208085,-0.05217502524561927,-0.14402755000646159,-0.1128134991626871
correct_CP,CN(C)CCCNC(=O)[C@H]1[C@H](CO)[C@H]2Cn3c(ccc(C4=CCCC4)c3=O)[C@H]2N1CCC(F)(F)F,10.0957,0.25430701434822245,0.26001227557252116,-0.06577455946876892,0.3257868350412901,0.15620742181201475
correct_CP,CN(C)CCCc1cc(C(=O)Nc2ccc(-c3ccncc3)cc2)ccc1O,10.0,0.19078644683122747,0.193153196754169,0.03669869692122787,0.15645449983294113,0.054571933840284075
correct_CP,CN(C)CCCn1c(SCc2ccc(Cl)cc2)nnc1-c1ccncc1,10.0,0.09588366673883737,0.09617913951969811,0.07482994337892596,0.02134919614077216,0.17211710839961886
correct_CP,CN(C)CCOC(=O)C(c1ccccc1)C1(O)CCCC1,10.0,0.12499962124189645,0.12565682937033462,0.3418744462921851,-0.2162176169218505,-0.22743815384734717
correct_CP,CN(C)CCc1c[nH]c2ccc(CS(=O)(=O)N3CCCC3)cc12,10.0,0.08142754397045661,0.08160823028373689,0.01708075148599317,0.06452747879774372,-0.018298826984109985
correct_CP,CN(C)Cc1cn(CC[C@@H]2CC[C@@H](N)[C@H](CO)O2)nn1,10.1215,0.1514455759202029,0.15261961518391526,-0.07815149917420133,0.2307711143581166,-0.17942698405485502
correct_CP,CN(C)Cc1cn(CC[C@@H]2CC[C@@H](NC(=O)Cc3cccnc3)[C@@H](CO)O2)nn1,10.0959,0.2736260186658499,0.2807791180563124,0.03547553188729851,0.24530358616901388,-0.3534015030421493
correct_CP,CN(C)Cc1cn(CC[C@@H]2CC[C@H](NC(=O)Cc3cccnc3)[C@@H](CO)O2)nn1,10.0188,0.27258048650105793,0.2796493192766961,0.06352840501496633,0.2161209142617298,0.138328634201007
correct_CP,CN(C)Cc1cn(CC[C@H]2CC[C@@H](NC(=O)Cc3cccnc3)[C@@H](CO)O2)nn1,10.114,-0.33107357486002875,-0.3440335090188182,-0.15441786095078686,-0.18961564806803133,0.13523553820777523
correct_CP,CN(C)Cc1cn(CC[C@H]2CC[C@H](NC(=O)Cc3cccnc3)[C@@H](CO)O2)nn1,10.021,0.6524233827705863,0.7795065421387375,0.11132168858518399,0.6681848535535535,-0.2207099553909265
correct_CP,CN(C)Cc1cn(CC[C@H]2CC[C@H](NC(=O)Cc3cccnc3)[C@H](CO)O2)nn1,9.98849,0.4890792199277236,0.5348493428699124,0.03493637587929263,0.4999129669906197,0.05850263698343566
correct_CP,CN(C)S(=O)(=O)c1ccc(N2CCCC2)c(C(=O)N2CCN(c3ccc([N+](=O)[O-])cc3)CC2)c1,20.0,-0.041113504884504146,-0.04113669340374852,-0.08137565501777823,0.040238961614029706,0.17607290206118942
correct_CP,CN(C)c1ccc2c(c1)[C@@H]1C[C@@H](CC(=O)NCc3ccccn3)O[C@@H](CO)[C@@H]1O2,10.073,0.1024476547870984,0.1028083427620049,-0.2214439457655625,0.3242522885275674,0.30778691133091673
correct_CP,CN(C)c1ccc2c(c1)[C@@H]1C[C@@H](CC(=O)NCc3ccccn3)O[C@H](CO)[C@@H]1O2,10.0586,-0.05070219453551736,-0.05074570859482037,0.007330021132112821,-0.05807572972693319,0.11374985939022673
correct_CP,CN(C)c1ccc2c(c1)[C@@H]1C[C@H](CC(=O)N3CCc4ccccc4C3)O[C@@H](CO)[C@@H]1O2,10.0419,0.12153043169385848,0.12213411094777812,-0.15701934476229135,0.27915345571006944,0.25239407302377637
correct_CP,CN(C)c1ccc2c(c1)[C@@H]1C[C@H](CC(=O)N3CCc4ccccc4C3)O[C@H](CO)[C@@H]1O2,10.1031,-0.09101270833117396,-0.09126526029035448,-0.14466648272783014,0.053401222437475665,-0.1850090999963784
correct_CP,CN(C)c1ccc2c(c1)[C@@H]1C[C@H](CC(=O)NCC3CC3)O[C@H](CO)[C@@H]1O2,9.9718,0.33955264299892124,0.3535867848251572,0.040565685806816375,0.31302109901834085,0.29876876598979885
correct_CP,CN(C)c1ccc2c(c1)[C@@H]1C[C@H](CC(=O)NCc3ccc(Cl)cc3)O[C@H](CO)[C@@H]1O2,9.998544,-0.011971604352391989,-0.011972176322272259,-0.025311857763934444,0.013339681441662185,0.030790694686347007
correct_CP,CN(C)c1ccc2c(c1)[C@@H]1C[C@H](CC(=O)NCc3ccc(Oc4ccccc4)cc3)O[C@H](CO)[C@@H]1O2,10.0034,0.1400637657721144,0.14099061723006168,0.03883503421235262,0.10215558301770905,0.015303121510548863
correct_CP,CN(C)c1ccc2c(c1)[C@@H]1C[C@H](CC(=O)NCc3cccc(F)c3)O[C@@H](CO)[C@@H]1O2,9.91433,0.26434812871969626,0.2707774746131343,0.05889938985361321,0.21187808475952108,0.26427831535319524
correct_CP,CN(C)c1ccc2c(c1)[C@H]1C[C@H](CC(=O)NCc3ccc(Cl)cc3)O[C@H](CO)[C@H]1O2,9.943933,-0.08293912538618117,-0.08313009079596032,0.04312609660630582,-0.12625618740226613,0.1890243517974662
correct_CP,CN(C)c1ccc2c(c1)[C@H]1C[C@H](CC(=O)NCc3ccc4c(c3)OCO4)O[C@@H](CO)[C@H]1O2,10.0281,0.033427327175666925,0.03343978594087208,-0.041731857094898184,0.07517164303577026,0.30296144113817053
correct_CP,CN(C)c1ccc2c(c1)[C@H]1C[C@H](CC(=O)O)O[C@H](CO)[C@H]1O2,10.2478,-0.0299814606262786,-0.029990448799266007,0.09964125651866579,-0.1296317053179318,-0.11550549245836733
correct_CP,CN([N+][O-])c1cc(O)ccc1O,10.0,0.1553353394138526,0.15660311037879163,0.057518662549783474,0.09908444782900816,-0.11346142856082778
correct_CP,CN(c1ccccc1)S(=O)(=O)c1ccc(NC(=O)c2cccs2)cc1,10.0,0.29261577944630573,0.3014246050067224,0.06832251035698192,0.2331020946497405,0.0034715810956013754
correct_CP,CN1C(=O)/C(=C/c2ccccc2Cl)Sc2ccc(C(=O)NCc3cccnc3)cc21,10.0,0.36358129595275557,0.3810065685380253,0.022906641334993816,0.35809992720303147,0.37018979606825025
correct_CP,CN1C(=O)NC2C1N(S(C)(=O)=O)CCN2S(C)(=O)=O,10.0,0.00023170540488639738,0.00023170540903295068,0.039843271916439264,-0.03961156650740631,0.1026489120589103
correct_CP,CN1C(=O)c2cc(NC(=O)C3CCCCC3)ccc2OC[C@@H]2O[C@H](CC(=O)NCc3ccccc3F)CC[C@@H]21,10.0797,0.1715424136272214,0.17325540977864395,0.018812293066854453,0.1544431167117895,-0.13492717068933127
correct_CP,CN1C(=O)c2cc(NC(=O)C3CCCCC3)ccc2OC[C@H]2O[C@H](CC(=O)NCc3ccccc3F)CC[C@@H]21,10.1669,0.28197760066361627,0.28982919986888234,-0.02457470784272901,0.31440390771161136,0.2875150072202215
correct_CP,CN1C(=O)c2cc(NC(=O)C3CCOCC3)ccc2OC[C@@H]2O[C@@H](CC(=O)NCC3CCCCC3)CC[C@@H]21,9.8337,-0.2737568249290394,-0.2809205160159335,-0.12996784769182848,-0.150952668324105,-0.2819202179781374
correct_CP,CN1C(=O)c2cc(NC(=O)C3CCOCC3)ccc2OC[C@@H]2O[C@@H](CC(=O)NCc3ccc4c(c3)OCO4)CC[C@@H]21,10.03,0.23169936960116172,0.23598449687537415,-0.1020904852445978,0.33807498211997195,-0.3030185334593353
correct_CP,CN1C(=O)c2cc(NC(=O)C3CCOCC3)ccc2OC[C@@H]2O[C@@H](CC(=O)NCc3ccc4c(c3)OCO4)CC[C@H]21,9.89398,0.02702256596015871,0.0270291463077944,0.008817279272122842,0.01821186703567156,0.11963156422734825
correct_CP,CN1C(=O)c2cc(NC(=O)C3CCOCC3)ccc2OC[C@@H]2O[C@H](CC(=O)NCc3ccc4c(c3)OCO4)CC[C@H]21,9.97377,0.12746258768501736,0.1281596782854161,-0.05686798392364276,0.18502766220905886,-0.07621653491933292
correct_CP,CN1C(=O)c2cc(NC(=O)C3CCOCC3)ccc2OC[C@H]2O[C@H](CC(=O)NCCc3ccncc3)CC[C@H]21,10.1712,0.1818004198788889,0.18384402093892604,0.007120626459838268,0.17672339447908778,0.09538038181030906
correct_CP,CN1C(=O)c2cc(NC(=O)CC(F)(F)F)ccc2OC[C@H]2O[C@@H](CC(=O)NC3CCC3)CC[C@@H]21,10.0,-0.15240622267933696,-0.15360295905664711,-0.015376674891182943,-0.13822628416546417,-0.07207303730217268
correct_CP,CN1C(=O)c2cc(NC(=O)Cc3cccs3)ccc2OC[C@@H]2O[C@H](CC(=O)N[C@H]3CCN(Cc4ccccc4)C3)CC[C@@H]21,9.9423,-0.3482240422987155,-0.36342130071526435,0.05881574110995943,-0.42223704182522376,-0.21053148314144268
correct_CP,CN1C(=O)c2cc(NC(=O)Cc3cccs3)ccc2OC[C@H]2O[C@@H](CC(=O)N[C@@H]3CCN(Cc4ccccc4)C3)CC[C@@H]21,10.0134,0.04860858147402652,0.048646919864834874,-0.0006386384839924403,0.049285558348827314,-0.09157887697938634
correct_CP,CN1C(=O)c2cc(NC(=O)Cc3cccs3)ccc2OC[C@H]2O[C@H](CC(=O)N[C@H]3CCN(Cc4ccccc4)C3)CC[C@@H]21,9.98421,-0.028076363852687653,-0.028083744709943886,0.03680990918570721,-0.06489365389565109,-0.013497640031161079
correct_CP,CN1C(=O)c2cc(NC(=O)NC3CCCC3)ccc2OC[C@@H]2O[C@@H](CC(=O)NCC3CC3)CC[C@@H]21,9.8291,0.1232834726831765,0.12391381860252076,-0.10704951793331254,0.23096333653583329,0.08821302298116557
correct_CP,CN1C(=O)c2cc(NC(=O)NC3CCCC3)ccc2OC[C@H]2O[C@@H](CC(=O)NCC3CC3)CC[C@H]21,9.82482,0.1778110367195029,0.1797213450578423,-0.0011359118843399761,0.18085725694218227,0.09892031964268237
correct_CP,CN1C(=O)c2cc(NC(=O)Nc3ccccc3)ccc2OC[C@@H]2O[C@H](CC(=O)O)CC[C@@H]21,10.1688,-0.14191651718981624,-0.14288094559548425,0.03609002333536703,-0.1789709689308513,-0.09750855504602585
correct_CP,CN1C(=O)c2cc(NC(=O)Nc3ccccc3Cl)ccc2OC[C@H]2O[C@@H](CC(=O)NCCCN3CCOCC3)CC[C@@H]21,10.0241,-0.09830775749358807,-0.09862630233504238,0.023882977985697412,-0.1225092803207398,-0.007323738164860063
correct_CP,CN1C(=O)c2cc(NC(=O)Nc3ccccc3Cl)ccc2OC[C@H]2O[C@H](CC(=O)NCCCN3CCOCC3)CC[C@@H]21,10.1545,-0.25207886341396996,-0.25763149978952216,0.014015353816350034,-0.2716468536058722,0.00013230756604243853
correct_CP,CN1C(=O)c2cc(NC(=O)Nc3ccccc3F)ccc2OC[C@@H]2O[C@H](CC(=O)NCCc3ccncc3)CC[C@@H]21,9.79992,0.052328252977720986,0.05237609414706473,0.014154326992863838,0.03822176715420089,0.20244280156777297
correct_CP,CN1C(=O)c2cc(NC(=O)c3ccc(C(F)(F)F)cc3)ccc2OC[C@H]2O[C@H](CC(=O)NC3Cc4ccccc4C3)CC[C@@H]21,9.99072,0.09944024512206208,0.099769970670143,0.027189194826539163,0.07258077584360384,-0.07838724224666183
correct_CP,CN1C(=O)c2cc(NC(=O)c3ccc(C(F)(F)F)cc3)ccc2OC[C@H]2O[C@H](CC(=O)NC3Cc4ccccc4C3)CC[C@H]21,9.92732,0.07794279683556439,0.07810121089564825,0.03184425516537362,0.046256955730274635,0.10867453433856886
correct_CP,CN1C(=O)c2cc(NC(=O)c3ccc(Cl)cc3)ccc2OC[C@@H]2O[C@H](CC(=O)O)CC[C@H]21,10.1725,-0.15123553927983127,-0.15240465510468257,0.012656393632326748,-0.16506104873700933,0.026986488770949765
correct_CP,CN1C(=O)c2cc(NC(=O)c3ccc(F)c(F)c3)ccc2OC[C@@H]2O[C@@H](CC(=O)N[C@@H]3CCN(Cc4ccccc4)C3)CC[C@@H]21,9.9261,0.07661528483091644,0.07676572309000802,-0.11010386759841978,0.1868695906884278,0.4234360143245609
correct_CP,CN1C(=O)c2cc(NC(=O)c3ccc(F)c(F)c3)ccc2OC[C@@H]2O[C@@H](CC(=O)N[C@@H]3CCN(Cc4ccccc4)C3)CC[C@H]21,10.0621,-0.061987758415363824,-0.06206733758432075,0.009050672821390233,-0.07111801040571099,0.06735648798855941
correct_CP,CN1C(=O)c2cc(NC(=O)c3ccc(F)c(F)c3)ccc2OC[C@@H]2O[C@@H](CC(=O)N[C@H]3CCN(Cc4ccccc4)C3)CC[C@H]21,10.0511,0.13574924248282955,0.13659244118014854,0.01683682225882184,0.1197556189213267,0.11352458429716349
correct_CP,CN1C(=O)c2cc(NC(=O)c3ccc(F)c(F)c3)ccc2OC[C@@H]2O[C@H](CC(=O)N3CCOCC3)CC[C@H]21,10.1999,0.16913131819018526,0.17077226543611393,0.10891465350202509,0.06185761193408884,0.04287602904114604
correct_CP,CN1C(=O)c2cc(NC(=O)c3cccc(C(F)(F)F)c3)ccc2OC[C@@H]2O[C@H](CC(=O)O)CC[C@H]21,9.88446,0.1763024321980011,0.17816391623058436,-0.025684709761726647,0.20384862599231102,0.0605922194891482
correct_CP,CN1C(=O)c2cc(NC(=O)c3cccc(F)c3)ccc2OC[C@@H]2O[C@@H](CC(=O)NCC3CCCCC3)CC[C@H]21,10.08092,0.16007351694226948,0.16146214546434332,-0.06910912691409049,0.2305712723784338,0.19750651507687544
correct_CP,CN1C(=O)c2cc(NC(=O)c3cccc(F)c3)ccc2OC[C@H]2O[C@H](CC(=O)NCC3CCCCC3)CC[C@@H]21,10.003,-0.0168088254820623,-0.01681040878668871,0.029345012614875723,-0.046155421401564437,0.16322754266534328
correct_CP,CN1C(=O)c2cc(NC(=O)c3ccccc3Cl)ccc2OC[C@@H]2O[C@@H](CC(=O)NCC(F)(F)F)CC[C@@H]21,10.0,-0.28887186047771435,-0.297334975022292,0.05144089383948931,-0.3487758688617813,-0.02527512166329739
correct_CP,CN1C(=O)c2cc(NC(=O)c3ccccc3Cl)ccc2OC[C@@H]2O[C@@H](CC(=O)NCC(F)(F)F)CC[C@H]21,10.0,0.09051151681237969,0.09075990577083858,-0.036543048977665735,0.1273029547485043,-0.1403492573899256
correct_CP,CN1C(=O)c2cc(NC(=O)c3ccccc3Cl)ccc2OC[C@@H]2O[C@H](CC(=O)NCC(F)(F)F)CC[C@H]21,10.0,0.021724819760547007,0.021728238533812883,-0.08936985333557898,0.11109809186939186,0.237997016224606
correct_CP,CN1C(=O)c2cc(NC(=O)c3ccccc3Cl)ccc2OC[C@H]2O[C@@H](CC(=O)NCC(F)(F)F)CC[C@H]21,10.0,0.5009546996722831,0.5505798886143427,0.005395250612506432,0.5451846380018363,-0.008600802392523489
correct_CP,CN1C(=O)c2cc(NC(=O)c3ccccc3F)ccc2OC[C@@H]2O[C@@H](CC(=O)NCc3ccc4c(c3)OCO4)CC[C@H]21,9.96225,-0.3896560274219594,-0.4113944227504528,-0.01041350700174562,-0.4009809157487072,0.27147622998269594
correct_CP,CN1C(=O)c2cc(NC(=O)c3ccccc3F)ccc2OC[C@@H]2O[C@H](CC(=O)NCc3ccc4c(c3)OCO4)CC[C@H]21,10.0629,0.4331473371972923,0.4637644119254567,-0.02253244667965012,0.4862968586051068,0.012939460313140218
correct_CP,CN1C(=O)c2cc(NC(=O)c3cccs3)ccc2OC[C@@H]2O[C@@H](CC(=O)N3CCCCC3)CC[C@H]21,10.0504,0.15668319216296953,0.1579845869660146,0.012122522363243241,0.14586206460277137,0.07946007320747661
correct_CP,CN1C(=O)c2cc(NC(=O)c3cccs3)ccc2OC[C@@H]2O[C@H](CC(=O)N3CCCCC3)CC[C@@H]21,10.0879,-0.03144221931233581,-0.03145258685994186,0.09231690858184532,-0.12376949544178718,-0.14228340359617778
correct_CP,CN1C(=O)c2cc(NC(=O)c3cccs3)ccc2OC[C@H]2O[C@H](CC(=O)N3CCCCC3)CC[C@@H]21,10.0335,0.1262022629396107,0.126878747715729,-0.03042030450403952,0.1572990522197685,-0.023919853252787726
correct_CP,CN1C(=O)c2cc(NC(=O)c3cscn3)ccc2OC[C@@H]2O[C@@H](CC(=O)NCc3ccc(Cl)c(Cl)c3)CC[C@H]21,9.863,0.2216288775288552,0.22536848055872027,0.031915696859213194,0.19345278369950708,0.1733342327530785
correct_CP,CN1C(=O)c2cc(NC(=O)c3cscn3)ccc2OC[C@H]2O[C@H](CC(=O)NCc3ccc(Cl)c(Cl)c3)CC[C@@H]21,10.1504,0.2116910629142686,0.21494108519336683,0.029431628291752953,0.18550945690161388,-0.19529151400833533
correct_CP,CN1C(=O)c2cc(NS(=O)(=O)c3cccc(F)c3)ccc2OC[C@@H]2O[C@@H](CC(=O)N3CCc4ccccc4C3)CC[C@H]21,10.1525,-0.3635639577010748,-0.38098658933418583,-0.011369542853732064,-0.3696170464804538,0.15228887936825478
correct_CP,CN1C(=O)c2cc(NS(=O)(=O)c3cccc(F)c3)ccc2OC[C@@H]2O[C@@H](CC(=O)NCCN3CCCCC3)CC[C@@H]21,10.1709,-0.3353448457189973,-0.3488382538570735,0.03277367544903677,-0.38161192930611026,-0.11148692624614734
correct_CP,CN1C(=O)c2cc(NS(=O)(=O)c3cccc(F)c3)ccc2OC[C@@H]2O[C@H](CC(=O)N3CCc4ccccc4C3)CC[C@@H]21,9.99468,-0.12381279438322876,-0.12445134519780426,0.018346233776079246,-0.1427975789738835,0.28057645320237345
correct_CP,CN1C(=O)c2cc(NS(=O)(=O)c3cccc(F)c3)ccc2OC[C@@H]2O[C@H](CC(=O)NCCN3CCCCC3)CC[C@H]21,10.034,-0.0031559277341169302,-0.00315593821173324,-0.037980553306757404,0.034824615095024165,-0.16692843870183868
correct_CP,CN1C(=O)c2cc(NS(=O)(=O)c3cccc(F)c3)ccc2OC[C@H]2O[C@@H](CC(=O)N3CCc4ccccc4C3)CC[C@H]21,10.0167,0.2997712307858383,0.30926822841534474,0.042245522119771096,0.2670227062955736,0.027671821212166887
correct_CP,CN1C(=O)c2cc(NS(=O)(=O)c3cccc(F)c3)ccc2OC[C@H]2O[C@H](CC(=O)NCCN3CCCCC3)CC[C@@H]21,10.0541,-0.018758912391405504,-0.01876111325648778,0.0436085605595722,-0.06236967381605998,-0.04802348836130078
correct_CP,CN1C(=O)c2cc(NS(=O)(=O)c3ccccc3F)ccc2OC[C@@H]2O[C@H](CC(=O)NC3Cc4ccccc4C3)CC[C@@H]21,10.025,-0.4399346003858272,-0.47214970660214806,-0.07048562979652277,-0.40166407680562527,-0.0861622186179458
correct_CP,CN1C(=O)c2cc(NS(C)(=O)=O)ccc2OC[C@@H]2O[C@@H](CC(=O)NCc3ccc(-c4ccccc4)cc3)CC[C@H]21,9.97229,-0.16395580208017596,-0.1654490884183047,-0.04522651304997846,-0.12022257536832623,-0.0560676936804122
correct_CP,CN1C(=O)c2cc(NS(C)(=O)=O)ccc2OC[C@@H]2O[C@H](CC(=O)NC3CCCCC3)CC[C@@H]21,9.97918,0.11456155287740545,0.11506671881820316,-0.01008315381459857,0.12514987263280172,-0.048269271221562396
correct_CP,CN1C(=O)c2cc(NS(C)(=O)=O)ccc2OC[C@@H]2O[C@H](CC(=O)NCc3ccc(-c4ccccc4)cc3)CC[C@H]21,10.0385,0.03259193329204569,0.03260348074040907,-0.05469081428799524,0.08729429502840431,0.09560392112107535
correct_CP,CN1C(=O)c2cc(NS(C)(=O)=O)ccc2OC[C@H]2O[C@@H](CC(=O)N3CCOCC3)CC[C@H]21,10.2659,0.12154731311342312,0.12215124547337217,-0.15695149856636964,0.2791027440397418,0.21921457010701062
correct_CP,CN1C(=O)c2cc(NS(C)(=O)=O)ccc2OC[C@H]2O[C@H](CC(=O)N3CCOCC3)CC[C@@H]21,10.1094,0.3275009556448726,0.34002639127863066,-0.14352208972218022,0.4835484810008109,0.0664934531014903
correct_CP,CN1C(=O)c2cc(NS(C)(=O)=O)ccc2OC[C@H]2O[C@H](CC(=O)NCc3ccc(-c4ccccc4)cc3)CC[C@H]21,9.9014,-0.07819666663090899,-0.07835663748759465,-0.12809927429582052,0.04974263680822587,-0.18741867572845256
correct_CP,CN1C(=O)c2cccc(NCCCN3C(=O)c4ccccc4C3=O)c2C1=O,20.0,-0.24156762149107994,-0.24643821391309795,-0.0531293242577027,-0.19330888965539525,0.19719279971542442
correct_CP,CN1C2CCC1CC(OC(=O)C(CO)c1ccccc1)C2,10.0,-0.13461203722314188,-0.13543406789840776,-0.0414612177010626,-0.09397285019734516,0.3336406893574031
correct_CP,CN1C2CCC1CC(OC(=O)c1c[nH]c3ccccc13)C2,10.0,0.1427636146010429,0.14374556076640607,-0.04157658662627467,0.18532214739268074,0.2902679293422602
correct_CP,CN1C2CCC1CC(OC(=O)c1cc(Cl)cc(Cl)c1)C2,10.0,0.7418312838355,0.9545394954570827,0.23108701055858732,0.7234524848984953,0.5811229162032465
correct_CP,CN1C2CCC1CC(OC(c1ccc(F)cc1)c1ccc(F)cc1)C2,10.0,0.6856299725789239,0.8396619602502026,0.2918059315561613,0.5478560286940413,0.33410655593636407
correct_CP,CN1CC(C(=O)c2ccccc2)C(C(=O)c2ccccc2)C1,10.0,0.32310418583186185,0.3351092715144649,-0.05799412538969309,0.39310339690415796,0.029942973964470935
correct_CP,CN1CCCC(n2nc(Cc3ccc(Cl)cc3)c3ccccc3c2=O)CC1,10.0,0.8421070680130022,1.228374091706828,0.2861253110626739,0.9422487806441541,-0.05750745045011832
correct_CP,CN1CCN(C(=O)C[C@@H]2C=C[C@@H](NC(=O)Cc3ccccn3)[C@@H](CO)O2)CC1,10.0619,-0.28262130229729565,-0.2905286421771788,-0.013710878724453722,-0.2768177634527251,0.014841573082050325
correct_CP,CN1CCN(C(=O)C[C@@H]2C=C[C@@H](NC(=O)Cc3ccccn3)[C@H](CO)O2)CC1,10.0575,0.07747845484375906,0.07763404772424345,0.0006915083378035147,0.07694253938643994,-0.0065571506320020075
correct_CP,CN1CCN(C(=O)C[C@@H]2CC[C@@H]3[C@H](COC[C@@H](O)CN3C(=O)c3ccccc3F)O2)CC1,10.0173,0.22043697993182834,0.2241153609270451,0.0247115063958755,0.1994038545311696,0.08900853374802442
correct_CP,CN1CCN(C(=O)C[C@@H]2CC[C@@H]3[C@H](COC[C@H](O)CN3Cc3cccc(F)c3)O2)CC1,9.99742,0.16219523525165064,0.16364042207751392,0.08422961530256581,0.0794108067749481,-0.013496503100392146
correct_CP,CN1CCN(C(=O)C[C@@H]2CC[C@@H]3[C@H](COc4ccc(NC(=O)C5CCOCC5)cc4C(=O)N3C)O2)CC1,10.1177,-0.14606235468579393,-0.1471145651233837,-0.003989723305025399,-0.1431248418183583,0.12101007868569523
correct_CP,CN1CCN(C(=O)C[C@@H]2CC[C@H](NC(=O)c3ccc4c(c3)OCO4)[C@@H](CO)O2)CC1,10.0488,0.2736166859011989,0.2807690300135768,-0.10967746350255167,0.3904464935161285,0.040187103237658006
correct_CP,CN1CCN(C(=O)C[C@@H]2C[C@@H]3c4cc(NC(=O)Cc5ccncc5)ccc4O[C@@H]3[C@@H](CO)O2)CC1,9.88658,0.29553656594704325,0.30462189918466365,-0.07536836234913145,0.3799902615337951,-0.04460449184203094
correct_CP,CN1CCN(C(=O)C[C@@H]2C[C@@H]3c4cc(NS(C)(=O)=O)ccc4O[C@@H]3[C@H](CO)O2)CC1,10.016,-0.08977443054970892,-0.09001678102326413,0.054008796975838186,-0.14402557799910232,-0.3708605451755196
correct_CP,CN1CCN(C(=O)C[C@@H]2C[C@H]3c4cc(NC(=O)C5CCC5)ccc4O[C@H]3[C@H](CO)O2)CC1,10.1747,-0.10687466189451218,-0.10728438791445538,0.0640173262045982,-0.1713017141190536,-0.10355851534415418
correct_CP,CN1CCN(C(=O)C[C@@H]2C[C@H]3c4cc(NC(=O)Cc5ccncc5)ccc4O[C@H]3[C@@H](CO)O2)CC1,10.0242,0.09952846018853179,0.09985906754055414,0.0368797185013206,0.06297934903923354,-0.09118677561222882
correct_CP,CN1CCN(C(=O)C[C@@H]2C[C@H]3c4cc(NC(=O)c5ccc6c(c5)OCO6)ccc4O[C@H]3[C@@H](CO)O2)CC1,9.94877,-0.34524561296581163,-0.3600358517750228,-0.015728442009694074,-0.3443074097653287,-0.15706350826955806
correct_CP,CN1CCN(C(=O)C[C@H]2C=C[C@@H](NC(=O)Nc3ccccc3F)[C@@H](CO)O2)CC1,10.0978,0.5194411392318172,0.5755740773846657,0.04801817704507068,0.527555900339595,0.30448193980060323
correct_CP,CN1CCN(C(=O)C[C@H]2C=C[C@H](NC(=O)Cc3ccccn3)[C@H](CO)O2)CC1,10.0356,-0.15538346351357976,-0.15665242475717434,-0.06697663558736647,-0.08967578916980787,0.18874410967353913
correct_CP,CN1CCN(C(=O)C[C@H]2CC[C@@H](NC(=O)Cc3ccccn3)[C@@H](CO)O2)CC1,9.97841,-0.29329093298067643,-0.3021631409684744,0.031199632057961522,-0.3333627730264359,0.3177553667993264
correct_CP,CN1CCN(C(=O)C[C@H]2CC[C@@H](NC(=O)c3ccc4c(c3)OCO4)[C@@H](CO)O2)CC1,10.0328,0.6968665140790116,0.8611826730539627,-0.03734483506281283,0.8985275081167755,-0.369423455939159
correct_CP,CN1CCN(C(=O)C[C@H]2CC[C@@H]3[C@H](COC[C@@H](O)CN3CC3CCOCC3)O2)CC1,10.0706,0.1104579137487445,0.11091046182774669,0.0008660531529200753,0.11004440867482662,-0.1556343357370295
correct_CP,CN1CCN(C(=O)C[C@H]2CC[C@@H]3[C@H](COC[C@H](O)CN3C(=O)Nc3ccc4c(c3)OCO4)O2)CC1,10.1024,0.36358838782431374,0.3810147407228747,0.07957599219240669,0.30143874853046804,-0.05259347739189221
correct_CP,CN1CCN(C(=O)C[C@H]2CC[C@@H]3[C@H](COC[C@H](O)CN3C(=O)c3ccccc3F)O2)CC1,10.1031,-0.35506738453342573,-0.37123031158346553,0.22962045370515222,-0.6008507652886177,0.04446851748817604
correct_CP,CN1CCN(C(=O)C[C@H]2CC[C@@H]3[C@H](COc4ccc(NC(=O)c5cscn5)cc4C(=O)N3C)O2)CC1,10.066,0.5892699624157942,0.6765469454107162,-0.006991705289686866,0.6835386507004031,-0.06846714296095341
correct_CP,CN1CCN(C(=O)C[C@H]2CC[C@H](NC(=O)c3ccc4c(c3)OCO4)[C@H](CO)O2)CC1,10.0385,0.5766069761284995,0.6573647256464419,-0.10906226768814022,0.7664269933345821,-0.13967131949932304
correct_CP,CN1CCN(C(=O)C[C@H]2CC[C@H]3[C@@H](COC[C@H](O)CN3C(=O)c3ccccc3F)O2)CC1,10.0781,0.5087799069023913,0.5610821561902293,0.053315909983930945,0.5077662462062983,0.01784876147494953
correct_CP,CN1CCN(C(=O)C[C@H]2CC[C@H]3[C@@H](COC[C@H](O)CN3Cc3cccc(F)c3)O2)CC1,10.068,-0.172485750413876,-0.17422750996741865,0.27350877166813836,-0.447736281635557,0.034012705533004395
correct_CP,CN1CCN(C(=O)C[C@H]2C[C@@H]3c4cc(NC(=O)Cc5ccncc5)ccc4O[C@@H]3[C@@H](CO)O2)CC1,10.0102,0.28262583589773804,0.29053356934008884,-0.03205194210198978,0.3225855114420786,-0.12363639936333556
correct_CP,CN1CCN(C(=O)C[C@H]2C[C@@H]3c4cc(NC(=O)c5ccc6c(c5)OCO6)ccc4O[C@@H]3[C@H](CO)O2)CC1,10.0498,-0.06894118139109925,-0.06905071713099883,-0.0012171124006423277,-0.0678336047303565,-0.08135900237660963
correct_CP,CN1CCN(C(=O)C[C@H]2C[C@H]3c4cc(NC(=O)Cc5ccncc5)ccc4O[C@H]3[C@@H](CO)O2)CC1,10.2176,-0.051078097624805516,-0.05112258773281014,-0.018065275447406572,-0.03305731228540357,0.00029410996204482995
correct_CP,CN1CCN(C(=O)NC2CCCN2S(=O)(=O)c2ccc(Cl)cc2)CC1,10.0,0.5999394650549615,0.6930526000756261,0.17815075770072972,0.5149018423748963,0.05353502017394504
correct_CP,CN1CCN(C(=O)c2cc3c(c(-c4cccc(-c5ccc(C(=O)N(C)C)cc5)c4)n2)[C@H](CCO)N([S@@](=O)C(C)(C)C)C3)CC1,10.0069,-0.151662458844983,-0.15284159671921976,-0.15099693914734652,-0.0018446575718732428,0.25842355673996115
correct_CP,CN1CCN(C(=O)c2cc3c(c(-c4cccc(-c5ccccc5F)c4)n2)[C@@H](CCO)N([S@](=O)C(C)(C)C)C3)CC1,10.0056,-0.20202979901253493,-0.2048478256740229,-0.04161687277922136,-0.16323095289480155,-0.010049272536955922
correct_CP,CN1CCN(C(=O)c2nc3ccc(Cl)cc3[nH]2)CC1,10.0,0.20186556254350857,0.20467660639153085,0.08951752869928006,0.11515907769225078,-0.24433161147371218
correct_CP,CN1CCN(c2ccc(NC(=O)c3ccc(-c4ccc(Cl)cc4)o3)cc2)CC1,10.0,0.35755890135632484,0.3740841515718488,0.09433705378799676,0.2797470977838521,-0.05516586815620316
correct_CP,CN1[C@@H]2Cn3c(ccc(-c4ccncc4)c3=O)[C@H]1[C@@H](C(=O)N1CCC(Cc3ccccc3)CC1)[C@@H]2CO,10.0015,-0.2825876917408833,-0.2904921143117691,-0.030941655849265885,-0.2595504584625032,0.1432333105029069
correct_CP,CN1[C@@H]2c3ccc(-c4cccc(F)c4)c(=O)n3C[C@@H]2[C@@H](CO)[C@@H]1C(=O)NCc1ccccn1,9.99259,0.3662167826456764,0.3840468794491951,-0.019404145557654698,0.40345102500684976,0.026920305951674516
correct_CP,CN1[C@@H]2c3ccc(-c4ccccc4F)c(=O)n3C[C@@H]2[C@@H](CO)[C@@H]1C(=O)NCC(F)(F)F,10.0197,-0.2554631876990104,-0.26124878038370125,0.022193987562851472,-0.2834427679465527,0.017550395623979455
correct_CP,CN1[C@@H]2c3ccc(-c4cccnc4)c(=O)n3C[C@@H]2[C@@H](CO)[C@@H]1C(=O)NCC1CCCCC1,10.0436,0.3155070511577052,0.32664955851479915,0.04079191299562007,0.2858576455191791,-0.029961796007407115
correct_CP,CN1[C@@H]2c3ccc(-c4cncnc4)c(=O)n3C[C@@H]2[C@@H](CO)[C@@H]1C(=O)NC1Cc2ccccc2C1,10.0609,0.49191380596689177,0.538581950908061,0.07944646785373624,0.45913548305432483,-0.3861282180706168
correct_CP,CN1[C@H](C(=O)NCCCN2CCOCC2)[C@@H](CO)[C@@H]2Cn3c(ccc(/C=C/c4ccccc4)c3=O)[C@@H]21,10.0484,0.4063157033820828,0.4311904481841306,0.011092893003779969,0.42009755518035063,-0.16983165209438578
correct_CP,CN=C(S)NN=Cc1ccco1,10.0,0.3068451638098518,0.3170589183320508,0.020577771934090872,0.2964811463979599,-0.05623702702301721
correct_CP,CNC(=Nc1ccc(C2=NNC(=O)CC2C)cc1)NC#N,10.0,0.037020959846748865,0.03703788681211828,-0.04179821280610558,0.07883609961822385,-0.03270877751619299
correct_CP,CNC(=O)C1OC(n2cnc3c(NCc4cccc(I)c4)nc(Cl)nc32)C(O)C1O,10.0,0.36225537179654305,0.3794795164199317,-0.005217276840780332,0.38469679326071204,-0.14400696560223822
correct_CP,CNC(=O)C[C@@H]1CC[C@@H]2[C@H](COC[C@H](O)CN2Cc2ccc(Cl)c(Cl)c2)O1,9.98964,-0.12217942572857267,-0.12279288692354365,0.08959563672914095,-0.2123885236526846,-0.19540436195746508
correct_CP,CNC(=O)C[C@@H]1CC[C@H]2[C@@H](COC[C@H](O)CN2Cc2ccc(Cl)c(Cl)c2)O1,10.0112,-0.5304579896180739,-0.5907822677929607,0.02254648733943298,-0.6133287551323937,0.0847024235540493
correct_CP,CNC(=O)C[C@H]1CC[C@H]2[C@@H](COC[C@@H](O)CN2Cc2ccc(Cl)c(Cl)c2)O1,10.058,-0.419336393392909,-0.4468865569718452,-0.09479017679305056,-0.35209638017879463,0.03958764860691923
correct_CP,CNC(=O)C[C@H]1CC[C@H]2[C@H](COc3ccc(NC(=O)c4cc(F)cc(F)c4)cc3C(=O)N2C)O1,9.87832,-0.5324945033740145,-0.5936204874750991,0.019086399643350523,-0.6127068871184497,0.19465992700694745
correct_CP,CNC(=O)O/N=C/C(C)(C)SC,10.0,0.3903690577810262,0.41223536938044303,-0.06336784508333204,0.47560321446377507,0.19278863718254174
correct_CP,CNC(=O)c1cc2c(cn1)[nH]c1ccccc12,10.0,0.33787722412445803,0.35169423747257583,-0.005766574232374951,0.3574608117049508,0.12187730202704898
correct_CP,CNC(=S)N1N=C(c2ccc(C)cc2)CC1c1ccc(OC)cc1,10.0,0.2808410489086064,0.28859490242998626,0.10001646039589346,0.1885784420340928,-0.09048318457776042
correct_CP,CNC(C)(C)Cc1ccccc1,10.0,0.11660326516424074,0.11713607702602064,-0.0023034007843197113,0.11943947781034035,0.10229938452037972
correct_CP,CNCCCCOc1ccccc1Cc1ccccc1,10.0,0.41447356000517654,0.4410006792296286,-0.03126587740570488,0.47226655663533346,0.29271918541706454
correct_CP,CNC[C@@H]1OCCCC[C@@H](C)Oc2ccc(N(C)C)cc2C(=O)N([C@H](C)CO)C[C@H]1C,10.0219,0.018260630472964806,0.018262660552021977,-0.00021069033036336463,0.01847335088238534,-0.12156895674885485
correct_CP,CNC[C@@H]1OCCCC[C@@H](C)Oc2ccc(N)cc2C(=O)N([C@H](C)CO)C[C@H]1C,10.1605,-0.03899721010560446,-0.039016996920482924,0.06801796548530062,-0.10703496240578354,-0.0512902523380494
correct_CP,CNC[C@@H]1OCCCC[C@@H](C)Oc2ccc(NC(=O)CCC(F)(F)F)cc2C(=O)N([C@H](C)CO)C[C@H]1C,10.0865,0.2846423110561238,0.29272645978263917,0.05594928812902379,0.2367771716536154,-0.5118033990513002
correct_CP,CNC[C@@H]1OCCCC[C@@H](C)Oc2ccc(NC(=O)CCCN(C)C)cc2C(=O)N([C@@H](C)CO)C[C@H]1C,10.061,-0.37089725423489267,-0.38946307169430283,-0.05074932745128555,-0.33871374424301726,0.2608142263821353
correct_CP,CNC[C@@H]1OCCCC[C@@H](C)Oc2ccc(NC(=O)CCCN(C)C)cc2C(=O)N([C@H](C)CO)C[C@@H]1C,10.3866,-0.24122689524658858,-0.24607640404963943,-0.013331520230201364,-0.23274488381943806,0.0275262725116567
correct_CP,CNC[C@@H]1OCCCC[C@@H](C)Oc2ccc(NC(=O)Nc3ccc(C(F)(F)F)cc3)cc2C(=O)N([C@H](C)CO)C[C@@H]1C,9.75098,-0.47831863146701437,-0.520801832366543,0.0631591699586953,-0.5839610023252383,-0.3392439776195208
correct_CP,CNC[C@@H]1OCCCC[C@@H](C)Oc2ccc(NC(=O)Nc3ccc4c(c3)OCO4)cc2C(=O)N([C@H](C)CO)C[C@H]1C,10.014,-0.41471294285248134,-0.4412897496981573,0.08749397706223987,-0.5287837267603972,-0.27501680692943165
correct_CP,CNC[C@@H]1OCCCC[C@@H](C)Oc2ccc(NS(=O)(=O)c3ccc(Cl)cc3)cc2C(=O)N([C@H](C)CO)C[C@H]1C,10.0781,-0.1912242091173669,-0.19360753467507616,0.024530075431426508,-0.21813761010650268,-0.2888212471522672
correct_CP,CNC[C@@H]1OCCCC[C@@H](C)Oc2ccc(NS(=O)(=O)c3ccc(OC)cc3)cc2C(=O)N([C@@H](C)CO)C[C@H]1C,10.0549,0.20196635985816677,0.2047816878845852,0.05917818280552067,0.14560350507906453,-0.24792154647238224
correct_CP,CNC[C@@H]1OCCCC[C@@H](C)Oc2ccc(NS(C)(=O)=O)cc2C(=O)N([C@H](C)CO)C[C@@H]1C,9.80418,-0.20768259624277954,-0.2107482593322585,0.03347914237786777,-0.24422740171012625,-0.0884068225174317
correct_CP,CNC[C@@H]1OCCCC[C@H](C)Oc2ccc(NC(=O)Nc3ccc(C(F)(F)F)cc3)cc2C(=O)N([C@@H](C)CO)C[C@H]1C,10.02,0.435833356654227,0.467075510597302,-0.007337531986069126,0.47441304258337114,-0.08254397677880093
correct_CP,CNC[C@@H]1OCCCC[C@H](C)Oc2ccc(NC(=O)Nc3ccc(C(F)(F)F)cc3)cc2C(=O)N([C@H](C)CO)C[C@@H]1C,9.95556,0.2714787327372515,0.27845952008475533,0.0968385511814765,0.18162096890327883,-0.055702581034110486
correct_CP,CNC[C@@H]1OCCCC[C@H](C)Oc2ccc(NC(=O)Nc3ccc4c(c3)OCO4)cc2C(=O)N([C@@H](C)CO)C[C@@H]1C,10.05,0.08638969949458718,0.08660558098405509,0.024700053650997783,0.061905527333057306,0.0736915379357625
correct_CP,CNC[C@@H]1OCCCC[C@H](C)Oc2ccc(NC(=O)Nc3cccc4ccccc34)cc2C(=O)N([C@H](C)CO)C[C@@H]1C,10.0479,0.26512667265789636,0.2716146960145235,0.02537325886031378,0.2462414371542097,0.165922784636961
correct_CP,CNC[C@@H]1OCCCC[C@H](C)Oc2ccc(NC(=O)c3ccncc3)cc2C(=O)N([C@H](C)CO)C[C@H]1C,10.0178,0.16176898783602742,0.16320268933330742,0.038733271942704414,0.12446941739060301,0.12648683264138666
correct_CP,CNC[C@@H]1OCCCC[C@H](C)Oc2ccc(NS(=O)(=O)c3ccc(F)cc3)cc2C(=O)N([C@@H](C)CO)C[C@@H]1C,9.99673,-0.010111171050550732,-0.010111515646175382,0.01935211733733684,-0.029463632983512223,-0.07008979803885168
correct_CP,CNC[C@@H]1OCCCC[C@H](C)Oc2ccc(NS(=O)(=O)c3ccc(F)cc3)cc2C(=O)N([C@@H](C)CO)C[C@H]1C,9.98377,0.36619342373760444,0.38401990280671333,-0.02948746060072265,0.413507363407436,0.06215072253824047
correct_CP,CNC[C@@H]1OCCCC[C@H](C)Oc2ccc(NS(=O)(=O)c3ccc(F)cc3)cc2C(=O)N([C@H](C)CO)C[C@@H]1C,9.9982,0.2368024517236306,0.24138387622026852,0.03685346544750942,0.2045304107727591,0.02526319529279395
correct_CP,CNC[C@@H]1Oc2c(N)cccc2C(=O)N([C@@H](C)CO)C[C@@H]1C,9.99149,0.21554816078327457,0.2189826176501963,-0.004603109797401986,0.2235857274475983,-0.018124777237559002
correct_CP,CNC[C@@H]1Oc2c(NC(=O)C3CC3)cccc2C(=O)N([C@@H](C)CO)C[C@@H]1C,10.0843,0.22436628425929667,0.22824913860028362,-0.019476000782625118,0.24772513938290874,0.05918711426920889
correct_CP,CNC[C@@H]1Oc2c(NC(=O)Nc3c(C)noc3C)cccc2C(=O)N([C@@H](C)CO)C[C@H]1C,10.0363,0.008064736495721422,0.008064911345964163,-0.027324369606678084,0.035389280952642245,0.38384272187983315
correct_CP,CNC[C@@H]1Oc2c(NC(=O)Nc3ccc(C(F)(F)F)cc3)cccc2C(=O)N([C@@H](C)CO)C[C@@H]1C,10.2299,-0.13762075429043796,-0.13849958433963452,0.05735023839495794,-0.19584982273459245,0.2883129027196585
correct_CP,CNC[C@@H]1Oc2c(NC(=O)c3ccc(-c4nccs4)cc3)cccc2C(=O)N([C@H](C)CO)C[C@H]1C,10.0535,-0.3678470700261273,-0.3859309791675707,0.00363260961458434,-0.389563588782155,-0.02323246561889094
correct_CP,CNC[C@@H]1Oc2c(NC(=O)c3cnccn3)cccc2C(=O)N([C@@H](C)CO)C[C@H]1C,10.1469,0.010074728161337193,0.010075069044228783,0.06693500343648467,-0.056859934392255895,-0.021828204401007384
correct_CP,CNC[C@@H]1Oc2c(NC(=O)c3cnccn3)cccc2C(=O)N([C@H](C)CO)C[C@@H]1C,10.017,0.018518661149799703,0.01852077852038622,-0.03964571644334644,0.05816649496373266,0.005890548078940433
correct_CP,CNC[C@@H]1Oc2cc(-c3ccccc3F)ccc2S(=O)(=O)N([C@H](C)CO)C[C@H]1C,10.1416,-0.0401535444352057,-0.040175145284052936,0.07302095923127119,-0.11319610451532414,0.09254266481587356
correct_CP,CNC[C@@H]1Oc2cc(-c3cccnc3)ccc2S(=O)(=O)N([C@H](C)CO)C[C@H]1C,10.0324,-0.06975115327424257,-0.06986460294761479,0.0034415415297142232,-0.07330614447732901,0.047183306204286346
correct_CP,CNC[C@@H]1Oc2cc(Br)ccc2S(=O)(=O)N([C@@H](C)CO)C[C@@H]1C,9.97125,0.4246314259777254,0.4533287885327471,-0.0020694269554636918,0.4553982154882108,0.046129401286313015
correct_CP,CNC[C@@H]1Oc2ccc(NC(=O)C3CC3)cc2CC(=O)N([C@@H](C)CO)C[C@H]1C,10.0254,0.0029191025024555336,0.002919110793877187,-0.02415792281355293,0.02707703360743012,0.14718842611573923
correct_CP,CNC[C@@H]1Oc2ccc(NC(=O)c3ccncc3)cc2CC(=O)N([C@@H](C)CO)C[C@@H]1C,10.1355,-0.05538764334595874,-0.05544438706794133,0.02747662667422606,-0.0829210137421674,-0.18511505549193644
correct_CP,CNC[C@@H]1Oc2ccc(NC(=O)c3ccncc3)cc2CC(=O)N([C@@H](C)CO)C[C@H]1C,10.0249,0.18546461907161696,0.18763609719948232,-0.005518733257517193,0.19315483045699952,-0.045121549752569906
correct_CP,CNC[C@@H]1Oc2ccc(NS(=O)(=O)c3ccc(OC)cc3)cc2CC(=O)N([C@@H](C)CO)C[C@@H]1C,10.3436,-0.18287462034181814,-0.1849551636532667,-0.023881379680606114,-0.1610737839726606,-0.018413480336226223
correct_CP,CNC[C@@H]1Oc2ccc(NS(C)(=O)=O)cc2CC(=O)N([C@H](C)CO)C[C@H]1C,9.93895,0.2791933358220684,0.28680700003993836,-0.029594774763489755,0.3164017748034281,0.08562673270440377
correct_CP,CNC[C@@H]1Oc2ncc(-c3ccc(OC)cc3)cc2C(=O)N([C@@H](C)CO)C[C@H]1C,10.0424,0.31978722356099815,0.331410076281097,-0.00585633131351212,0.3372664075946091,0.030253271260208298
correct_CP,CNC[C@@H]1Oc2ncc(/C=C/c3ccccc3)cc2C(=O)N([C@H](C)CO)C[C@@H]1C,10.054,0.11686837074245411,0.11740484517700127,0.01535942538774312,0.10204541978925814,0.042084845454965665
correct_CP,CNC[C@@H]1Oc2ncc(/C=C/c3ccccc3)cc2C(=O)N([C@H](C)CO)C[C@H]1C,10.0785,0.28191057742712655,0.28975638869211895,0.007691519720506919,0.28206486897161204,0.06787248811455707
correct_CP,CNC[C@@H]1Oc2ncc(Br)cc2C(=O)N([C@@H](C)CO)C[C@H]1C,10.0831,-0.011542367656589506,-0.011542880279691022,0.032847081170542414,-0.04438996145023344,0.07397249567474173
correct_CP,CNC[C@@H]1Oc2ncc(C#CC3(O)CCCC3)cc2C(=O)N([C@@H](C)CO)C[C@H]1C,10.0154,0.4142951917346419,0.44078533288781085,0.023245015123514703,0.4175403177642962,0.18036313869543757
correct_CP,CNC[C@@H]1Oc2ncc(C#Cc3cccc(OC)c3)cc2C(=O)N([C@@H](C)CO)C[C@@H]1C,10.0549,0.17086430399378505,0.1725568241584645,0.0028315445353410563,0.16972527962312342,0.06903447201152778
correct_CP,CNC[C@@H]1Oc2ncc(C#Cc3ccccc3F)cc2C(=O)N([C@H](C)CO)C[C@@H]1C,10.006,0.24164708126647425,0.24652259962984874,-0.07806780352336393,0.32459040315321264,0.10107806313200873
correct_CP,CNC[C@@H]1Oc2ncc(C3=CCCCC3)cc2C(=O)N([C@H](C)CO)C[C@@H]1C,10.0645,-0.10775595815609275,-0.10817595200179232,-0.04803592144663174,-0.06014003055516058,-0.06709651962121757
correct_CP,CNC[C@H]1OCCCC[C@@H](C)Oc2ccc(N(C)C)cc2C(=O)N([C@H](C)CO)C[C@H]1C,10.0557,0.010337876791738277,0.010338245090832206,0.03625208041076372,-0.025913835319931515,-0.2240522124140865
correct_CP,CNC[C@H]1OCCCC[C@@H](C)Oc2ccc(NC(=O)C3CCCCC3)cc2C(=O)N([C@H](C)CO)C[C@H]1C,9.98559,0.16267881126853623,0.16413710343335408,0.10695793965360015,0.05717916377975393,-0.13844667255177887
correct_CP,CNC[C@H]1OCCCC[C@@H](C)Oc2ccc(NC(=O)Nc3c(C)noc3C)cc2C(=O)N([C@@H](C)CO)C[C@@H]1C,10.106,-0.1206096568867918,-0.12119963861680057,-0.005838971671512372,-0.1153606669452882,-0.03156863153343384
correct_CP,CNC[C@H]1OCCCC[C@@H](C)Oc2ccc(NC(=O)Nc3ccc(F)cc3)cc2C(=O)N([C@@H](C)CO)C[C@H]1C,9.9903,0.012160416381532596,0.012161015844857086,0.05959478504496719,-0.0474337692001101,-0.03184776822061412
correct_CP,CNC[C@H]1OCCCC[C@@H](C)Oc2ccc(NC(=O)Nc3ccc(OC)cc3)cc2C(=O)N([C@@H](C)CO)C[C@@H]1C,10.0,-0.03290157180565059,-0.03291345165374887,-0.040187621106914845,0.007274169453165974,0.07358482026543968
correct_CP,CNC[C@H]1OCCCC[C@@H](C)Oc2ccc(NC(=O)Nc3cccc4ccccc34)cc2C(=O)N([C@H](C)CO)C[C@H]1C,10.114,0.20255200760997513,0.20539231569395489,0.07308039709128986,0.13231191860266503,-0.18977432337813774
correct_CP,CNC[C@H]1OCCCC[C@@H](C)Oc2ccc(NC(=O)Nc3ccccc3)cc2C(=O)N([C@@H](C)CO)C[C@H]1C,10.0633,0.07633865522576322,0.07648746603349461,0.0575876580560325,0.018899807977462116,0.2225115956151123
correct_CP,CNC[C@H]1OCCCC[C@@H](C)Oc2ccc(NC(=O)c3ccccc3)cc2C(=O)N([C@@H](C)CO)C[C@@H]1C,10.0666,0.06536233138711076,0.06545565178221786,-0.09505141161917591,0.16050706340139376,0.13760600763411876
correct_CP,CNC[C@H]1OCCCC[C@@H](C)Oc2ccc(NS(=O)(=O)c3ccc(Cl)cc3)cc2C(=O)N([C@@H](C)CO)C[C@H]1C,9.96128,0.30575882310054514,0.3158601035619356,-0.023312765957872694,0.3391728695198083,0.35641949940166573
correct_CP,CNC[C@H]1OCCCC[C@@H](C)Oc2ccc(NS(=O)(=O)c3ccc(F)cc3)cc2C(=O)N([C@@H](C)CO)C[C@@H]1C,10.2711,0.11716853854657969,0.11770918034195244,0.03525729234763195,0.08245188799432049,-0.19395266025618615
correct_CP,CNC[C@H]1OCCCC[C@@H](C)Oc2ccc(NS(=O)(=O)c3ccccc3)cc2C(=O)N([C@@H](C)CO)C[C@H]1C,10.0051,0.31167332954597965,0.32239770746140956,0.0978976348486982,0.22450007261271135,-0.025645431576675426
correct_CP,CNC[C@H]1OCCCC[C@@H](C)Oc2ccc(NS(C)(=O)=O)cc2C(=O)N([C@@H](C)CO)C[C@@H]1C,10.1238,0.18271061637911876,0.18478549037283593,0.004889212571764577,0.17989627780107134,0.06475802691682325
correct_CP,CNC[C@H]1OCCCC[C@@H](C)Oc2ccc(NS(C)(=O)=O)cc2C(=O)N([C@H](C)CO)C[C@H]1C,9.87973,0.261500134532621,0.26771797746237747,-0.10106925973996704,0.3687872372023445,0.2561712207833428
correct_CP,CNC[C@H]1OCCCC[C@H](C)Oc2ccc(N(C)C)cc2C(=O)N([C@H](C)CO)C[C@H]1C,10.1398,0.011376451891497243,0.0113769427236179,-0.05258130179877143,0.06395824452238932,-0.08218824904286995
correct_CP,CNC[C@H]1OCCCC[C@H](C)Oc2ccc(NC(=O)C3CCCCC3)cc2C(=O)N([C@@H](C)CO)C[C@@H]1C,10.0506,0.1965912813881243,0.1991843103829271,0.02596923247236796,0.17321507791055915,0.008939647456246452
correct_CP,CNC[C@H]1OCCCC[C@H](C)Oc2ccc(NC(=O)CCC(F)(F)F)cc2C(=O)N([C@@H](C)CO)C[C@@H]1C,10.0417,0.1655792276413374,0.16711781760408534,0.059949730197798354,0.10716808740628699,-0.041688973502951435
correct_CP,CNC[C@H]1OCCCC[C@H](C)Oc2ccc(NC(=O)Nc3c(C)noc3C)cc2C(=O)N([C@@H](C)CO)C[C@H]1C,9.984,0.31814618182483667,0.3295831643750319,0.005690610553811596,0.3238925538212203,-0.0010245361581635972
correct_CP,CNC[C@H]1OCCCC[C@H](C)Oc2ccc(NC(=O)c3ccccc3)cc2C(=O)N([C@H](C)CO)C[C@@H]1C,10.005308,0.2872738025255896,0.29559229892247335,-0.06412455961021513,0.3597168585326885,0.015100354797393814
correct_CP,CNC[C@H]1OCCCC[C@H](C)Oc2ccc(NS(=O)(=O)c3ccc(Cl)cc3)cc2C(=O)N([C@@H](C)CO)C[C@H]1C,10.0401,0.4450185644595444,0.4784713920652606,0.028433665583942225,0.4500377264813184,0.13277556785329264
correct_CP,CNC[C@H]1OCCCC[C@H](C)Oc2ccc(NS(=O)(=O)c3ccc(Cl)cc3)cc2C(=O)N([C@H](C)CO)C[C@@H]1C,10.0308,0.39148959898233493,0.41355805054794287,-0.07275388997379564,0.48631194052173854,-0.2491888861126406
correct_CP,CNC[C@H]1OCCCC[C@H](C)Oc2ccc(NS(=O)(=O)c3ccc(F)cc3)cc2C(=O)N([C@H](C)CO)C[C@@H]1C,9.91002,-0.05223237736207409,-0.05227995576289743,0.04115704949571231,-0.09343700525860973,0.053401147786992696
correct_CP,CNC[C@H]1OCCCC[C@H](C)Oc2ccc(NS(=O)(=O)c3ccc(OC)cc3)cc2C(=O)N([C@@H](C)CO)C[C@H]1C,9.95503,0.18895845191995125,0.19125683444069178,0.1120906855543808,0.07916614888631097,-0.2611562507374312
correct_CP,CNC[C@H]1OCCCC[C@H](C)Oc2ccc(NS(=O)(=O)c3ccc(OC)cc3)cc2C(=O)N([C@H](C)CO)C[C@@H]1C,10.0188,0.48704172488020897,0.5321747495121123,0.049895401900832685,0.4822793476112796,0.03150878753786058
correct_CP,CNC[C@H]1Oc2c(NC(=O)Nc3ccc(C(F)(F)F)cc3)cccc2C(=O)N([C@@H](C)CO)C[C@H]1C,10.0344,-0.014771130032167993,-0.014772204458809583,-0.05833792008380084,0.04356571562499126,-0.3056915725519486
correct_CP,CNC[C@H]1Oc2c(NC(=O)c3cnccn3)cccc2C(=O)N([C@@H](C)CO)C[C@@H]1C,9.74167,-0.05557426395183182,-0.055631583891687444,0.07719788864254237,-0.13282947253422983,-0.07193667563188762
correct_CP,CNC[C@H]1Oc2c(NC(=O)c3cnccn3)cccc2C(=O)N([C@H](C)CO)C[C@H]1C,10.0324,0.09621277689071418,0.09651131407159502,0.030133945729803293,0.06637736834179173,0.009661970516691754
correct_CP,CNC[C@H]1Oc2c(NC(=O)c3nc4ccccc4s3)cccc2C(=O)N([C@@H](C)CO)C[C@H]1C,10.2234,-0.5494698471107199,-0.6176215552119727,0.04140677079248492,-0.6590283260044576,-0.20429090046468773
correct_CP,CNC[C@H]1Oc2c(cccc2N(C)C)C(=O)N([C@@H](C)CO)C[C@H]1C,10.0981,-0.29419741501886637,-0.3031552257722478,0.04610969605788829,-0.3492649218301361,0.3025873743409838
correct_CP,CNC[C@H]1Oc2cc(-c3cccc(C(=O)N(C)C)c3)ccc2S(=O)(=O)N([C@@H](C)CO)C[C@H]1C,10.0511,-0.19573788398118144,-0.19829675947206138,0.02792113304491968,-0.22621789251698105,-0.1682647237133263
correct_CP,CNC[C@H]1Oc2cc(-c3cccc(C(=O)N(C)C)c3)ccc2S(=O)(=O)N([C@H](C)CO)C[C@@H]1C,9.99183,-0.1336388912458216,-0.13444309458381765,-0.03045543445188786,-0.10398766013192978,-0.1703969014484423
correct_CP,CNC[C@H]1Oc2cc(-c3cccnc3)ccc2S(=O)(=O)N([C@@H](C)CO)C[C@H]1C,9.99303,0.1593642357447838,0.16073429672485517,0.011197445529675668,0.1495368511951795,0.1702151701167876
correct_CP,CNC[C@H]1Oc2cc(Br)ccc2S(=O)(=O)N([C@@H](C)CO)C[C@@H]1C,10.0011,0.23783157110482062,0.24247441412160198,0.10180264006351068,0.14067177405809128,-0.09101212854099658
correct_CP,CNC[C@H]1Oc2cc(C#CC3(O)CCCC3)ccc2S(=O)(=O)N([C@H](C)CO)C[C@@H]1C,10.0057,0.36045964166588534,0.37741408260746373,0.030412106312429556,0.34700197629503415,-0.057071911543008585
correct_CP,CNC[C@H]1Oc2cc(C#CC3CCCCC3)ccc2S(=O)(=O)N([C@H](C)CO)C[C@@H]1C,10.0624,0.2373400200285434,0.24195345653403738,0.008401440172065225,0.23355201636197215,0.10888110095564049
correct_CP,CNC[C@H]1Oc2cc(C#Cc3ccccc3F)ccc2S(=O)(=O)N([C@@H](C)CO)C[C@@H]1C,10.1847,-0.008168704550507494,-0.008168886250830436,0.00885941171355617,-0.017028297964386607,-0.07853761096374763
correct_CP,CNC[C@H]1Oc2ccc(N(C)C)cc2CC(=O)N([C@@H](C)CO)C[C@H]1C,9.82001,-0.061588789839900286,-0.06166683998741454,-0.002382335627012313,-0.059284504360402224,0.10209706783193327
correct_CP,CNC[C@H]1Oc2ccc(N(C)C)cc2CC(=O)N([C@H](C)CO)C[C@H]1C,10.0459,0.16956567236113668,0.1712194442161893,-0.05951901938729553,0.23073846360348482,0.1725126907883224
correct_CP,CNC[C@H]1Oc2ccc(NC(=O)Cc3ccccc3)cc2CC(=O)N([C@@H](C)CO)C[C@@H]1C,10.3211,0.01344226336958708,0.013443073104815139,0.06274709351309973,-0.04930402040828459,0.014940258442857221
correct_CP,CNC[C@H]1Oc2ccc(NC(=O)NC3CCCCC3)cc2CC(=O)N([C@@H](C)CO)C[C@@H]1C,9.99422,0.3356023670950435,0.3491284326997148,0.043507506052818536,0.3056209266468962,0.11193256745358579
correct_CP,CNC[C@H]1Oc2ccc(NC(=O)Nc3ccc(C(F)(F)F)cc3)cc2CC(=O)N([C@@H](C)CO)C[C@@H]1C,10.16,-0.05984419401067042,-0.05991578846938538,-0.017231833353338052,-0.042683955116047334,-0.19558341549471303
correct_CP,CNC[C@H]1Oc2ccc(NC(=O)Nc3ccc(C(F)(F)F)cc3)cc2CC(=O)N([C@H](C)CO)C[C@H]1C,10.0982,0.09480194257670636,0.09508749189697473,-0.02782831398084785,0.12291580587782258,0.0782820173193661
correct_CP,CNC[C@H]1Oc2ccc(NS(=O)(=O)c3ccc(F)cc3)cc2C(=O)N([C@@H](C)CO)C[C@@H]1C,9.7766,0.3224386499247558,0.3343663354574121,0.006458033725167997,0.3279083017322441,0.11961934817752208
correct_CP,CNC[C@H]1Oc2ccc(NS(=O)(=O)c3cn(C)cn3)cc2CC(=O)N([C@@H](C)CO)C[C@@H]1C,10.0941,-0.21849423612133184,-0.2220743087542558,-0.02930277534730296,-0.19277153340695283,0.0012480119898325183
correct_CP,CNC[C@H]1Oc2ccc(NS(=O)(=O)c3cn(C)cn3)cc2CC(=O)N([C@H](C)CO)C[C@H]1C,10.0641,-0.036805577331108764,-0.03682221041727087,-0.0008218218309613036,-0.036000388586309565,-0.027625549423372035
correct_CP,CNC[C@H]1Oc2ccc(NS(C)(=O)=O)cc2CC(=O)N([C@@H](C)CO)C[C@@H]1C,9.93083,-0.38671977162665905,-0.40793719334382356,0.06979466416330732,-0.4777318575071309,0.1417140648823466
correct_CP,CNC[C@H]1Oc2ncc(-c3ccc(OC)cc3)cc2C(=O)N([C@H](C)CO)C[C@@H]1C,10.1767,0.0990188258576394,0.09934436062960307,0.0541299089730206,0.04521445165658247,-0.026994156327877442
correct_CP,CNC[C@H]1Oc2ncc(-c3ccccc3F)cc2C(=O)N([C@@H](C)CO)C[C@H]1C,10.0919,0.26374257857860145,0.2701265414170962,-0.03854219502753188,0.30866873644462806,-0.10869660395816945
correct_CP,CNC[C@H]1Oc2ncc(C#CC3(O)CCCC3)cc2C(=O)N([C@@H](C)CO)C[C@H]1C,10.1238,-0.26230825838108757,-0.26858561600358716,-0.016598096823276176,-0.251987519180311,0.07461850876829762
correct_CP,CNC[C@H]1Oc2ncc(C#Cc3cccc(OC)c3)cc2C(=O)N([C@@H](C)CO)C[C@H]1C,9.98346,0.12456617769956851,0.12521653001987934,-0.02643824760660591,0.15165477762648524,0.1869328658939958
correct_CP,CNC[C@H]1Oc2ncc(C3=CCCCC3)cc2C(=O)N([C@@H](C)CO)C[C@H]1C,10.1228,0.1967804614452553,0.19938110344571158,0.006480975299357899,0.19290012814635368,-0.10285110880594947
correct_CP,CNc1cc(NS(=O)(=O)c2ccc(N)cc2)nc(NC)n1,10.0,0.0345576139377224,0.03457138036780014,0.003388445328791045,0.031182935039009096,-0.11575326692745039
correct_CP,CNc1cc2c(Nc3cccc(Br)c3)ncnc2cn1,10.0,0.37336663145326654,0.3923293845694866,0.034158610767190005,0.3581707738022966,0.32900950813926844
correct_CP,CNc1nc(-c2ccccn2)nnc1-c1ccccc1,10.0,0.24208191253103775,0.24698444832957409,0.024301355064666873,0.2226830932649072,0.19453935134706116
correct_CP,COC(=O)C1=C(C)NC(C)=C(C(=O)OCCCN2CCC(c3ccccc3)(c3ccccc3)CC2)[C@@H]1c1cccc([N+](=O)[O-])c1,10.0,0.30696265338128387,0.3171886249734272,0.046672587892820416,0.2705160370806068,0.21537715559255333
correct_CP,COC(=O)C1=C(C)NC(C)=C(C(=O)OCCCN2CCC(c3ccccc3)(c3ccccc3)CC2)[C@H]1c1cccc([N+](=O)[O-])c1,10.0,0.4597633204766931,0.4970111266751216,0.020108478221976235,0.47690264845314534,0.21125726469601472
correct_CP,COC(=O)C[C@@H]1C=C[C@@H](NC(=O)Nc2ccc(C(F)(F)F)cc2)[C@H](CO)O1,10.0367,0.22970927147453232,0.2338825213365959,-0.012492133380790249,0.24637465471738615,-0.0889818172444124
correct_CP,COC(=O)C[C@@H]1C=C[C@@H](NS(=O)(=O)c2ccc(OC)cc2)[C@@H](CO)O1,10.053,-0.33121728879433115,-0.3441949231958941,0.029238835848323853,-0.373433759044218,-0.01941658763510099
correct_CP,COC(=O)C[C@@H]1C=C[C@@H](NS(=O)(=O)c2ccccc2F)[C@H](CO)O1,9.96609,0.0919591036575136,0.09221964356433994,0.004310642559600189,0.08790900100473975,0.38755913870634123
correct_CP,COC(=O)C[C@@H]1C=C[C@H](NC(=O)Nc2ccc(C(F)(F)F)cc2)[C@H](CO)O1,10.0709,0.0018033886057974263,0.0018033905608010057,0.0016420830941552382,0.00016130746664576746,-0.2797814049287457
correct_CP,COC(=O)C[C@@H]1C=C[C@H](NS(=O)(=O)c2ccc(OC)cc2)[C@@H](CO)O1,10.0307,-0.18220989339542973,-0.18426752335102559,0.016879767235092272,-0.20114729058611786,-0.029215149359272545
correct_CP,COC(=O)C[C@@H]1C=C[C@H](NS(=O)(=O)c2ccccc2F)[C@H](CO)O1,9.98991,-0.0756112010086911,-0.07575578840131286,-0.1905494429466812,0.11479365454536833,0.26466176717759704
correct_CP,COC(=O)C[C@@H]1CC[C@@H](NS(=O)(=O)c2ccc(OC)cc2)[C@@H](CO)O1,10.0477,0.03193622985861486,0.03194709400383135,0.0427777523470568,-0.010830658343225455,0.15708856261508747
correct_CP,COC(=O)C[C@@H]1CC[C@@H]2[C@@H](COc3ccc(NS(=O)(=O)c4ccccc4Cl)cc3C(=O)N2C)O1,9.96331,-0.01792457965014924,-0.0179264996863483,0.039900544831005316,-0.05782704451735361,-0.10471167628947577
correct_CP,COC(=O)C[C@@H]1CC[C@H](NC(=O)Nc2ccc(C(F)(F)F)cc2)[C@@H](CO)O1,10.0516,0.12395579895116583,0.12459657871105592,0.0596599992216601,0.06493657948939582,-0.10378546628758124
correct_CP,COC(=O)C[C@@H]1CC[C@H](NS(=O)(=O)c2ccccc2F)[C@@H](CO)O1,10.0275,-0.5304929905846275,-0.5908309752426666,-0.022776511402982976,-0.5680544638396836,0.11032248972285484
correct_CP,COC(=O)C[C@@H]1CC[C@H](NS(=O)(=O)c2ccccc2F)[C@H](CO)O1,10.0458,0.04822853367224251,0.048265978997140496,-0.032600908400037557,0.08086688739717805,0.29888143725376565
correct_CP,COC(=O)C[C@@H]1CC[C@H]2[C@@H](COC[C@H](O)CN2CCC(F)(F)F)O1,10.0633,-0.05289027250912525,-0.05293967353158924,-0.016295342932327594,-0.03664433059926164,0.01557147444756498
correct_CP,COC(=O)C[C@@H]1CC[C@H]2[C@@H](COc3ccc(NC(=O)c4ccccc4F)cc3C(=O)N2C)O1,10.0048,-0.46352081920112737,-0.5017862879655681,0.06522747235627974,-0.5670137603218479,0.06933926043894817
correct_CP,COC(=O)C[C@@H]1CC[C@H]2[C@H](COc3ccc(NC(=O)c4cccc(Cl)c4)cc3C(=O)N2C)O1,10.0936,0.37808168157566946,0.397819481008145,-0.008902549326029187,0.4067220303341742,0.2859168317514846
correct_CP,COC(=O)C[C@@H]1C[C@@H]2c3cc(N)ccc3O[C@@H]2[C@H](CO)O1,9.99477,-0.12927907072683734,-0.13000659737773573,0.030851832129338022,-0.16085842950707374,-0.010006829887917797
correct_CP,COC(=O)C[C@@H]1C[C@@H]2c3cc(NC(=O)CN(C)C)ccc3O[C@@H]2[C@@H](CO)O1,10.3424,0.01368417358087557,0.013685027827491874,-0.06995215857841877,0.08363718640591064,0.1424808857715647
correct_CP,COC(=O)C[C@@H]1C[C@@H]2c3cc(NC(=O)c4ccc5c(c4)OCO5)ccc3O[C@@H]2[C@@H](CO)O1,10.099,0.4758340826031012,0.5175851591127176,-0.007768579505785189,0.5253537386185028,-0.4482337058797956
correct_CP,COC(=O)C[C@@H]1C[C@@H]2c3cc(NS(C)(=O)=O)ccc3O[C@@H]2[C@@H](CO)O1,9.7017,0.05238546211675634,0.0524334605412007,0.13883513537233044,-0.08640167483112975,-0.3297109617032538
correct_CP,COC(=O)C[C@@H]1C[C@H]2c3cc(N)ccc3O[C@H]2[C@@H](CO)O1,9.94729,0.19308765582669382,0.1955424257596994,-0.04571024341187924,0.24125266917157864,-0.06145660555875307
correct_CP,COC(=O)C[C@@H]1C[C@H]2c3cc(N)ccc3O[C@H]2[C@H](CO)O1,9.88185,0.08640246321708199,0.08661844069507077,0.18754626198738777,-0.100927821292317,0.40011119577720944
correct_CP,COC(=O)C[C@@H]1C[C@H]2c3cc(NC(=O)C4CCOCC4)ccc3O[C@H]2[C@H](CO)O1,10.1389,-0.1542681396967607,-0.15550970873145004,-0.13520796070211075,-0.02030174802933929,-0.02264853605246689
correct_CP,COC(=O)C[C@@H]1C[C@H]2c3cc(NC(=O)CC4CC4)ccc3O[C@H]2[C@H](CO)O1,10.1405,-0.2568972053293955,-0.2627835207409592,0.06309864515299106,-0.32588216589395025,0.0132336887306055
correct_CP,COC(=O)C[C@@H]1C[C@H]2c3cc(NC(=O)Cc4ccncc4)ccc3O[C@H]2[C@H](CO)O1,10.0587,0.2365031774696383,0.24106684687611618,-0.029503533335858464,0.27057038021197466,0.11142262441972234
correct_CP,COC(=O)C[C@@H]1C[C@H]2c3cc(NC(=O)c4ccc5c(c4)OCO5)ccc3O[C@H]2[C@@H](CO)O1,9.95348,0.3092213679365679,0.3196842251147822,0.0358913959311675,0.2837928291836147,-0.16533904523396362
correct_CP,COC(=O)C[C@H]1C(C)(C)C(=O)[C@@H]2CC3=C4CC(=O)O[C@@H](c5ccoc5)[C@]4(C)CCC3[C@@]1(C)C2=O,10.0,0.4083342161100541,0.43361047836168726,0.3086453696810837,0.12496510868060356,0.1154156623790884
correct_CP,COC(=O)C[C@H]1C=C[C@H](NC(=O)Nc2ccc(C(F)(F)F)cc2)[C@@H](CO)O1,10.0604,0.130666803308338,0.1314181759478133,-0.05088175498246762,0.1822999309302809,0.028640791899181103
correct_CP,COC(=O)C[C@H]1C=C[C@H](NS(=O)(=O)c2ccc(OC)cc2)[C@H](CO)O1,10.0709,0.01223950427178011,0.012240115508263186,0.09817261675283151,-0.08593250124456832,-0.2129369185668165
correct_CP,COC(=O)C[C@H]1C=C[C@H](NS(=O)(=O)c2ccccc2F)[C@@H](CO)O1,9.97727,0.327523068757968,0.34005116132937707,-0.07463579217340105,0.4146869535027781,0.36782042220815087
correct_CP,COC(=O)C[C@H]1CC[C@@H](NC(=O)c2ccccc2)[C@H](CO)O1,10.0481,0.40452149002769494,0.42904332324482636,0.10803653465773223,0.32100678858709414,0.3569226556614878
correct_CP,COC(=O)C[C@H]1CC[C@@H]2[C@@H](COc3ccc(NC(=O)Cc4cccs4)cc3C(=O)N2C)O1,10.0776,0.5131725080039355,0.5670269450134409,-0.05399517384067701,0.6210221188541178,0.17921538213432492
correct_CP,COC(=O)C[C@H]1CC[C@@H]2[C@@H](COc3ccc(NC(=O)c4ccccc4F)cc3C(=O)N2C)O1,9.94185,0.04869783523357087,0.04873638540141376,0.0043073171384010785,0.04442906826301268,-0.010963463163658125
correct_CP,COC(=O)C[C@H]1CC[C@@H]2[C@@H](COc3ccc(NS(=O)(=O)c4ccc(F)cc4)cc3C(=O)N2C)O1,9.97159,-0.19058702536970568,-0.19294625042720195,-0.0023942106589491825,-0.19055203976825277,0.13344523172979184
correct_CP,COC(=O)C[C@H]1CC[C@@H]2[C@H](COc3ccc(NC(=O)c4cccc(Cl)c4)cc3C(=O)N2C)O1,9.9519,0.2258040631046193,0.22976364785242584,-0.0033489824585271437,0.23311263031095297,-0.13147943503470172
correct_CP,COC(=O)C[C@H]1CC[C@H]2NC[C@@H](O)COC[C@@H]2O1,10.062,0.1956719351478281,0.19822818417663698,-0.06837877943987448,0.2666069636165115,-0.48214919472273365
correct_CP,COC(=O)C[C@H]1C[C@@H]2c3cc(NC(=O)Cc4ccncc4)ccc3O[C@@H]2[C@@H](CO)O1,10.145,0.2220169738318375,0.22577666158266996,0.038680425738247884,0.1870962358444221,-0.1797806008388308
correct_CP,COC(=O)C[C@H]1C[C@@H]2c3cc(NC(=O)Nc4ccc(C(F)(F)F)cc4)ccc3O[C@@H]2[C@H](CO)O1,10.1672,0.2935277312253979,0.30242224525298234,0.0508635025954014,0.25155874265758094,0.046384037416292295
correct_CP,COC(=O)C[C@H]1C[C@@H]2c3cc(NC(=O)c4ccc5c(c4)OCO5)ccc3O[C@@H]2[C@H](CO)O1,9.93377,0.10905808933275954,0.10949356810705192,0.01860253062003997,0.09089103748701195,-0.3139264892885934
correct_CP,COC(=O)C[C@H]1C[C@@H]2c3cc(NS(=O)(=O)c4ccc(F)cc4)ccc3O[C@@H]2[C@@H](CO)O1,10.0326,0.5192999007412961,0.5753806673650602,0.035301806058832194,0.5400788613062281,0.020310993737389975
correct_CP,COC(=O)C[C@H]1C[C@@H]2c3cc(NS(C)(=O)=O)ccc3O[C@@H]2[C@@H](CO)O1,9.94176,0.28914261584092216,0.29763040634332505,0.07282364575118669,0.22480676059213836,0.6594705174314719
correct_CP,COC(=O)C[C@H]1C[C@H]2c3cc(NC(=O)c4ccc5c(c4)OCO5)ccc3O[C@H]2[C@H](CO)O1,10.0851,0.6194088444206101,0.7240453671430456,-0.06739241685886793,0.7914377840019136,0.005106400021820792
correct_CP,COC(=O)N(C)C[C@H]1OCc2ccccc2-c2ccccc2C(=O)N([C@H](C)CO)C[C@H]1C,10.1978,0.264727134499574,0.27118499902210635,0.059715654145494096,0.21146934487661226,0.02154151085481229
correct_CP,COC(=O)N(C)c1ccc(C(O)(C(=O)OC)C(F)(F)F)cc1,10.0,0.2847311598706236,0.29282314456396585,-0.038182910646961256,0.33100605521092713,0.017256046724049942
correct_CP,COC(=O)NN=Cc1cc(N=Nc2ccccc2Cl)ccc1O,10.0,0.42540376422682896,0.45427140020032103,0.15564219623396097,0.29862920396636006,0.09881265555142116
correct_CP,COC(=O)Nc1nc2ccc(C(=O)c3ccccc3)cc2[nH]1,10.0,0.2385680167609065,0.2432551585927456,0.0764198157136377,0.1668353428791079,0.3295448946511303
correct_CP,COC(=O)[C@@H]1[C@@H](CO)[C@@H]2Cn3c(ccc(-c4ccccc4OC)c3=O)[C@H]1N2Cc1ccccc1,9.96855,-0.48885952531180527,-0.5345606163175739,0.10587423192125375,-0.6404348482388277,-0.290180303577125
correct_CP,COC(=O)[C@@H]1[C@@H](CO)[C@@H]2Cn3c(ccc(C4=CCCC4)c3=O)[C@@H]2N1C(=O)Cc1cccnc1,9.99078,-0.466681452615022,-0.5058193584967807,-0.028201413702401187,-0.4776179447943795,0.10414862060055737
correct_CP,COC(=O)[C@@H]1[C@@H](CO)[C@@H]2Cn3c(cccc3=O)[C@@H]2N1CC1CCOCC1,10.0441,0.028536778539479737,0.028544528613521542,-0.028003754235654474,0.05654828284917601,0.36820848719895044
correct_CP,COC(=O)[C@H](NC(=O)c1cc(-c2ccccc2)nc2ccccc12)c1ccccc1,10.0,0.46140127504182654,0.4990901093939077,0.0283080655163282,0.4707820438775795,0.49349214759592236
correct_CP,COC(=O)[C@H]1[C@H](CO)[C@H]2Cn3c(ccc(-c4ccc(F)cc4)c3=O)[C@H]2N1C(=O)C1CCC1,10.0662,-0.1441097025733335,-0.1451199252414817,0.007154023540013852,-0.15227394878149556,-0.1014600748617565
correct_CP,COC(=O)[C@H]1[C@H](CO)[C@H]2Cn3c(ccc(-c4ccccc4F)c3=O)[C@@H]1N2CC1CCCC1,10.0659,-0.011436334748675421,-0.01143683337293534,-0.007104857212175035,-0.004331976160760304,0.2350322232165651
correct_CP,COC(=O)[C@H]1[C@H](CO)[C@H]2Cn3c(ccc(-c4cccnc4)c3=O)[C@H]2N1Cc1cccc(F)c1,10.0371,-0.016857348489500275,-0.01685894554716405,0.023277670447797646,-0.0401366159949617,0.07442082119807082
correct_CP,COC(=O)[C@H]1[C@H](CO)[C@H]2Cn3c(ccc(C4=CCCCC4)c3=O)[C@H]2N1Cc1ccc2c(c1)OCO2,9.96294,0.07175731046043515,0.07188085450421373,-0.08674303319048968,0.15862388769470342,0.23953027967610754
correct_CP,COC(=O)c1[nH]nc2ccccc12,10.0,0.25951578951931115,0.26558916067690513,0.10132390722406229,0.16426525345284285,-0.1341799539207345
correct_CP,COC(=O)c1c(C)cc(OC)cc1O,10.0,0.5526428446260951,0.6221782690532591,-0.02904534538661979,0.6512236144398789,0.03978380028810384
correct_CP,COC(=O)c1cc(-c2ccc(Br)cc2)[nH]n1,10.0,0.535068899694699,0.597220660793055,-0.08868227611325223,0.6859029369063072,-0.09956033935186549
correct_CP,COC(=O)c1cc(S(=O)(=O)NCCc2ccccc2)c[nH]1,10.0,0.5887658096709075,0.675774957547333,-0.10824351303557597,0.784018470582909,0.1532821248956109
correct_CP,COC(=O)c1cc2oc(C)cc2n1CC(=O)N1CCCc2ccccc21,10.0,0.08329608386753996,0.0834895324972467,0.0838266648071475,-0.00033713230990080334,0.2014086514890468
correct_CP,COC(=O)c1ccc(C(C(=O)NC2CCCCC2)N(Cc2ccccc2)C(=O)Cc2cccs2)cc1,10.0,-0.10745856986068544,-0.10787507980766572,0.11930521984468506,-0.2271802996523508,0.00615502441108895
correct_CP,COC(=O)c1ccc(C)c(-n2c(C)cc(C=O)c2C)c1,10.0,0.31618761680433566,0.3274055406304227,0.16015741938730896,0.16724812124311375,0.18136293979518678
correct_CP,COC(=O)c1ccc(C2c3c(C)n[nH]c3C(=O)N2c2ccc(C)cc2)cc1,10.0,0.12867495861550157,0.12939226579741794,0.040050915787932025,0.08934135000948593,-0.022878438127109463
correct_CP,COC(=O)c1ccc(CN2C(=O)NC3(CCCCC3)C2=O)cc1,10.0,0.7143940714637291,0.8961009988204504,-0.05796201540605203,0.9540630142265024,-0.039330288748472664
correct_CP,COC(=O)c1oc2ccc(OC)cc2c1N,10.0,0.3060071802814707,0.31613409675665743,-0.10156263893571171,0.41769673569236915,0.21069787198355872
correct_CP,COC(C[C@@H](O)C[C@@H](O)COCc1ccccc1)OC,10.0,-0.11729611035227222,-0.11783852985220418,0.13031646306367745,-0.2481549929158816,0.14277894489098025
correct_CP,COC1(C[S@@](=O)c2ccccc2)CCN(CCc2c[nH]c3ccc(F)cc23)CC1,10.0,-0.14850363661802965,-0.1496099796372704,0.010926985790279098,-0.1605369654275495,-0.0714578187571078
correct_CP,COCC#Cc1ccc([C@@H]2[C@H](C#N)N(C(=O)Cc3ccccc3)[C@H]2CO)cc1,9.78695,0.21570486675553008,0.21914696491498245,0.10562220120298318,0.11352476371199927,-0.022369862388656292
correct_CP,COCC#Cc1ccc2c(c1)O[C@@H](CN(C)C(=O)c1ccccc1F)[C@@H](C)CN([C@H](C)CO)S2(=O)=O,10.0758,-0.15540293179953854,-0.1566723747771822,0.006999138229630445,-0.16367151300681265,-0.055144827360020146
correct_CP,COCC#Cc1ccc2c(c1)O[C@@H](CN(C)Cc1ccc3c(c1)OCO3)[C@H](C)CN([C@@H](C)CO)S2(=O)=O,10.0569,0.12131598659453752,0.1219164568434524,-0.04488875253080343,0.16680520937425583,-0.07496953075733016
correct_CP,COCC#Cc1ccc2c(c1)O[C@@H](CN(C)Cc1ccc3c(c1)OCO3)[C@H](C)CN([C@H](C)CO)S2(=O)=O,10.0088,-0.10989004797095116,-0.11033561840838664,-0.04823955182314732,-0.06209606658523932,0.07632808755792138
correct_CP,COCC#Cc1ccc2c(c1)O[C@H](CN(C)Cc1ccccn1)[C@@H](C)CN([C@@H](C)CO)S2(=O)=O,9.95286,-0.10655170168345685,-0.10695770756154006,0.01516370721435844,-0.1221214147758985,-0.06608022753053006
correct_CP,COCC#Cc1ccc2c(c1)O[C@H](CN(C)S(=O)(=O)c1ccc(OC)cc1)[C@@H](C)CN([C@H](C)CO)S2(=O)=O,10.0813,0.716045834172111,0.899482576187454,0.17141576366626016,0.7280668125211938,0.21774129606539966
correct_CP,COCC#Cc1cnc2c(c1)C(=O)N([C@@H](C)CO)C[C@@H](C)[C@@H](CN(C)S(C)(=O)=O)O2,10.0789,0.008501705164413781,0.008501910004853428,-0.024410798671238833,0.032912708676092264,0.14462239157524182
correct_CP,COCC#Cc1cnc2c(c1)C(=O)N([C@@H](C)CO)C[C@@H](C)[C@H](CN(C)C(=O)C1CCCCC1)O2,9.99496,0.3103227727966599,0.32090253790523793,-0.0362534954828679,0.3571560333881058,0.04972031998031115
correct_CP,COCC#Cc1cnc2c(c1)C(=O)N([C@@H](C)CO)C[C@H](C)[C@@H](CN(C)Cc1ccc3c(c1)OCO3)O2,10.0292,-0.13122643729499583,-0.1319875734186917,0.03877243278028843,-0.17076000619898013,-0.22627991437784822
correct_CP,COCC#Cc1cnc2c(c1)C(=O)N([C@H](C)CO)C[C@@H](C)[C@@H](CN(C)C(=O)CN1CCOCC1)O2,10.0948,-0.3152735759236955,-0.32639029396181,-0.026646178118370667,-0.29974411584343935,0.16813277922356962
correct_CP,COCC#Cc1cnc2c(c1)C(=O)N([C@H](C)CO)C[C@@H](C)[C@H](CN(C)S(C)(=O)=O)O2,10.019,-0.1865552706751802,-0.1887658376099048,-0.0028740093676010124,-0.1858918282423038,-0.04272779010580342
correct_CP,COCC#Cc1cnc2c(c1)C(=O)N([C@H](C)CO)C[C@H](C)[C@H](CN(C)C(=O)Nc1cc(F)ccc1F)O2,10.0713,0.24512150845970926,0.2502158016765408,0.15767313527630894,0.09254266640023184,-0.1145012570506077
correct_CP,COCC#Cc1cnc2c(c1)C(=O)N([C@H](C)CO)C[C@H](C)[C@H](CN(C)Cc1ccc3c(c1)OCO3)O2,10.0679,0.39447974853710677,0.4170943381471016,-0.024607659123759937,0.44170199727086157,0.04691051212691773
correct_CP,COCC(=O)N(C)C[C@H]1Oc2cc(-c3ccc(C#N)cc3)ccc2S(=O)(=O)N([C@@H](C)CO)C[C@@H]1C,9.9934,0.13104497132528803,0.13180293225317022,0.03142927079108858,0.10037366146208164,-0.1304479261957781
correct_CP,COCC(=O)N(C)C[C@H]1Oc2cc(-c3ccccc3F)ccc2S(=O)(=O)N([C@@H](C)CO)C[C@@H]1C,10.0918,0.024002361140989772,0.024006972095105068,0.04123898762291417,-0.017232015527809102,0.10884266759810612
correct_CP,COCC(=O)N(C)C[C@H]1Oc2cc(-c3ccccc3F)ccc2S(=O)(=O)N([C@@H](C)CO)C[C@H]1C,10.0192,-0.36166953480270797,-0.378805352596501,0.019650954135877606,-0.3984563067323786,0.10898957528006684
correct_CP,COCC(=O)N(C)C[C@H]1Oc2cc(C#Cc3cccnc3)ccc2S(=O)(=O)N([C@H](C)CO)C[C@H]1C,10.0221,-0.060094089470367776,-0.060166585872596545,-0.004838464278494637,-0.05532812159410191,-0.13610075704465693
correct_CP,COCC(=O)N(C)C[C@H]1Oc2ncc(-c3ccc(C#N)cc3)cc2C(=O)N([C@@H](C)CO)C[C@H]1C,10.0531,0.15507953034214494,0.1563409869223949,0.008979767397232833,0.14736121952516207,0.09181782706741762
correct_CP,COCC(=O)N(C)c1nnc(-c2ccccn2)s1,10.0,0.3237037782851794,0.33577890059339155,0.06951064440529087,0.2662682561881007,0.00015245404014843644
correct_CP,COCC(=O)N1C[C@@H](C)[C@@H](OC)CN(C)C(=O)c2cc(NC(=O)C3CCC3)ccc2OC[C@H]1C,10.0751,-0.16350026069957763,-0.16498099901782587,0.06777570710671921,-0.23275670612454508,0.0884066609050165
correct_CP,COCC(=O)N1C[C@@H](C)[C@@H](OC)CN(C)C(=O)c2cc(NC(=O)c3cc(C)on3)ccc2OC[C@@H]1C,10.0372,0.18014210377998552,0.182129554596619,0.06959259403529276,0.11253696056132624,-0.08030058437459053
correct_CP,COCC(=O)N1C[C@@H](C)[C@@H](OC)CN(C)C(=O)c2ccc(NC(=O)c3ccccc3)cc2OC[C@@H]1C,9.98459,0.3534249882366853,0.36935223398754374,-0.027699376990080238,0.397051610977624,0.2947326791536883
correct_CP,COCC(=O)N1C[C@@H](C)[C@@H](OC)CN(C)C(=O)c2ccc(NS(C)(=O)=O)cc2OC[C@H]1C,9.92194,-0.057893606575578016,-0.057958417041538854,-0.07727474974847406,0.01931633270693521,0.026523805112502588
correct_CP,COCC(=O)N1C[C@@H](C)[C@H](OC)CN(C)C(=O)c2cc(NC(=O)c3cc(C)on3)ccc2OC[C@H]1C,9.87256,0.10170942823330724,0.10206234283227643,0.003031524997351605,0.09903081783492482,-0.06749217647535674
correct_CP,COCC(=O)N1C[C@@H](C)[C@H](OC)CN(C)C(=O)c2ccc(NC(=O)NC(C)C)cc2OC[C@H]1C,10.0464,0.39843906553096575,0.4217920529583735,-0.0480906532435116,0.4698827062018851,0.16498724420072264
correct_CP,COCC(=O)N1C[C@@H](C)[C@H](OC)CN(C)C(=O)c2ccc(NC(=O)c3ccc(OC)cc3)cc2OC[C@@H]1C,10.0648,0.2378633226931962,0.24250806965064597,-0.006622635407854526,0.2491307050585005,0.2686421899064039
correct_CP,COCC(=O)N1C[C@H](C)[C@@H](OC)CN(C)C(=O)c2ccc(NS(C)(=O)=O)cc2OC[C@@H]1C,9.91089,0.13526030181884313,0.13609435487219845,-0.021846042158702533,0.157940397030901,0.08346324288981058
correct_CP,COCC(=O)N1C[C@H](C)[C@H](OC)CN(C)C(=O)c2cc(NC(=O)C3CCC3)ccc2OC[C@@H]1C,10.063,0.1442174901820886,0.14523000056141458,0.1410543166049896,0.00417568395642498,-0.3030217589830385
correct_CP,COCC(=O)N1C[C@H](C)[C@H](OC)CN(C)C(=O)c2cc(NC(=O)c3ccc(F)cc3)ccc2OC[C@H]1C,10.0228,0.13726647433335545,0.13813848290255337,0.007287811253982729,0.13085067164857064,0.07728009673605973
correct_CP,COCC(=O)N1C[C@H](C)[C@H](OC)CN(C)C(=O)c2ccc(NC(=O)Nc3ccccc3)cc2OC[C@@H]1C,9.98898,0.21676512285031954,0.22025922784975333,-0.005765320524096923,0.22602454837385025,-0.152448811188082
correct_CP,COCC(=O)N1C[C@H](C)[C@H](OC)CN(C)C(=O)c2ccc(NC(=O)c3ccc(OC)cc3)cc2OC[C@H]1C,10.1159,0.009159218085247854,0.009159474224304584,-0.02299920087280119,0.03215867509710577,-0.11945400719630628
correct_CP,COCC(=O)N1C[C@H](C)[C@H](OC)CN(C)C(=O)c2ccc(NC(=O)c3ccccc3)cc2OC[C@@H]1C,10.0663,0.4958770472749158,0.5438238876836448,-0.0770539352569199,0.6208778229405647,0.3859997051170728
correct_CP,COCC(=O)N1C[C@H](C)[C@H](OC)CN(C)C(=O)c2ccc(NC(=O)c3ccccc3)cc2OC[C@H]1C,10.1855,0.44864865099996276,0.4830070865571663,0.03789637031628401,0.4451107162408823,0.15530135281775692
correct_CP,COCC(=O)N1[C@@H](C#N)[C@H](c2ccc(C#CCC3CCCC3)cc2)[C@@H]1CO,9.48304,0.19530987945734402,0.19785174210979448,0.2064599177973812,-0.008608175687586733,-0.06096037960332287
correct_CP,COCC(=O)N1[C@H](C#N)[C@@H](c2ccc(-c3cccnc3)cc2)[C@@H]1CO,9.80567,0.033597676471870654,0.033610326769810794,-0.00759494190898008,0.041205268678790874,0.01022711817620582
correct_CP,COCC(=O)N1[C@H](C(=O)Nc2ccccc2)[C@@H](CO)[C@@H]2Cn3c(ccc(-c4cccnc4)c3=O)[C@@H]21,10.1009,0.6042568625649694,0.6998252782039828,0.030481705936818992,0.6693435722671638,0.37035382586685184
correct_CP,COCC(=O)N1[C@H](CO)[C@H](c2ccc(C#CCC3CCCC3)cc2)[C@@H]1C#N,10.0977,-0.2934425135173624,-0.30232899562658355,-0.05346067776427267,-0.2488683178623109,0.2780598461703875
correct_CP,COCC(=O)N[C@@H]1C=C[C@@H](CC(=O)NCc2ccc(Cl)cc2)O[C@@H]1CO,10.0386,0.7917460496803265,1.076093810077718,-0.14923160186377,1.225325411941488,-0.19218205953115292
correct_CP,COCC(=O)N[C@@H]1C=C[C@H](CC(=O)N2CCCCC2)O[C@@H]1CO,10.0359,-0.003363522859891929,-0.003363535544143422,0.15068484007687336,-0.15404837562101678,-0.0571252005930976
correct_CP,COCC(=O)N[C@@H]1C=C[C@H](CC(=O)N2CCCCC2)O[C@H]1CO,10.0688,0.3838810441148272,0.4046035633031015,0.039636219047465095,0.3649673442556364,-0.12252995327803848
correct_CP,COCC(=O)N[C@@H]1C=C[C@H](CC(=O)NCc2ccc(Cl)cc2)O[C@H]1CO,10.0907,-0.06360501505016683,-0.06369099729589933,-0.050396366498935315,-0.013294630796964017,0.08002232845977175
correct_CP,COCC(=O)N[C@@H]1CC[C@H](CC(=O)NCc2ccccc2OC)O[C@@H]1CO,9.99335,0.18824021549924103,0.19051210829105814,-0.006499908129252151,0.1970120164203103,0.035718913340779895
correct_CP,COCC(=O)N[C@H]1CC[C@@H](CC(=O)N2CCCCC2)O[C@H]1CO,10.0646,0.15946235237251902,0.160834971767089,-0.03807226613207426,0.19890723789916326,0.24651828268378234
correct_CP,COCC(=O)N[C@H]1CC[C@@H](CC(=O)NCc2ccccc2OC)O[C@H]1CO,9.9722,0.23564735349334323,0.24016051136588204,-0.03292783835858828,0.2730883497244703,0.07884894952301641
correct_CP,COCC(=O)N[C@H]1CC[C@H](CC(=O)N2CCCCC2)O[C@H]1CO,10.0346,-0.04471941660814133,-0.04474926278261718,-0.16031214622579365,0.11556288344317647,0.1493303713662937
correct_CP,COCC(=O)N[C@H]1CC[C@H](CC(=O)NCc2ccccc2OC)O[C@H]1CO,9.99713,0.1591243274908166,0.16048814640738043,0.017602269917627495,0.14288587648975293,0.04858901833474635
correct_CP,COCC(=O)Nc1ccc2c(c1)C(=O)N(C)C[C@@H](OC)[C@@H](C)CN(C)[C@H](C)CO2,10.0369,-0.3279551454565209,-0.34053523366306526,-0.07803365542789752,-0.26250157823516773,0.21122888876765306
correct_CP,COCC(=O)Nc1ccc2c(c1)C(=O)N(C)C[C@@H](OC)[C@@H](C)CN(Cc1cc(F)ccc1F)[C@H](C)CO2,9.99616,-0.47144662212828137,-0.5119287467657684,-0.008365064430421489,-0.5035636823353469,-0.05039359563782598
correct_CP,COCC(=O)Nc1ccc2c(c1)C(=O)N(C)C[C@@H](OC)[C@@H](C)CN(Cc1ccccn1)[C@@H](C)CO2,9.94104,0.30533521763261484,0.315392878420757,0.07208912697870196,0.24330375144205502,-0.12464028904396054
correct_CP,COCC(=O)Nc1ccc2c(c1)C(=O)N(C)C[C@@H](OC)[C@H](C)CN(C(=O)c1cnccn1)[C@@H](C)CO2,9.95553,-0.0724085967279421,-0.07253554252299672,0.01330087493655459,-0.08583641745955131,0.10705387905554449
correct_CP,COCC(=O)Nc1ccc2c(c1)C(=O)N(C)C[C@@H](OC)[C@H](C)CN(C(=O)c1cnccn1)[C@H](C)CO2,10.0152,0.4294258563155845,0.4591925100284376,0.08439374811803764,0.37479876191039996,0.20302674215565952
correct_CP,COCC(=O)Nc1ccc2c(c1)C(=O)N(C)C[C@@H](OC)[C@H](C)CN(C)[C@H](C)CO2,10.0562,0.5421881684088098,0.6072496619195122,-0.08871819753083005,0.6959678594503422,0.027023225045411277
correct_CP,COCC(=O)Nc1ccc2c(c1)C(=O)N(C)C[C@@H](OC)[C@H](C)CN(Cc1cc(F)ccc1F)[C@@H](C)CO2,9.98975,0.09930901636972532,0.09963743306672905,-0.0061945929797322845,0.10583202604646133,-0.29798246609728407
correct_CP,COCC(=O)Nc1ccc2c(c1)C(=O)N(C)C[C@@H](OC)[C@H](C)CN(Cc1ccccn1)[C@@H](C)CO2,10.0488,0.03753157245064273,0.03754920992087883,0.0027100121155577313,0.034839197805321104,0.04016229012315839
correct_CP,COCC(=O)Nc1ccc2c(c1)C(=O)N(C)C[C@@H](OC)[C@H](C)CN(Cc1cncnc1)[C@H](C)CO2,9.9888,0.09713376008857806,0.09744098579000524,-0.024594347363237012,0.12203533315324225,-0.205253912328596
correct_CP,COCC(=O)Nc1ccc2c(c1)C(=O)N(C)C[C@@H](OC)[C@H](C)CN[C@@H](C)CO2,10.0124,-0.060400587486420576,-0.06047420045258994,-0.005390559987434618,-0.05508364046515532,0.02917567219333058
correct_CP,COCC(=O)Nc1ccc2c(c1)C(=O)N(C)C[C@H](OC)[C@@H](C)CN(C(=O)Cc1cccnc1)[C@H](C)CO2,9.98412,0.17443693984272135,0.17623923044579032,0.023408250740188447,0.15283097970560186,0.17427773468879346
correct_CP,COCC(=O)Nc1ccc2c(c1)C(=O)N(C)C[C@H](OC)[C@@H](C)CN(Cc1cc(F)ccc1F)[C@@H](C)CO2,10.1286,0.07652165272597372,0.07667153880794016,-0.035143273129386546,0.1118148119373267,0.2141351450464361
correct_CP,COCC(=O)Nc1ccc2c(c1)C(=O)N(C)C[C@H](OC)[C@@H](C)CN(Cc1ccccc1OC)[C@@H](C)CO2,9.99621,0.12210041381797107,0.12271267845005679,-0.03688172240799034,0.15959440085804713,-0.037211266573053445
correct_CP,COCC(=O)Nc1ccc2c(c1)C(=O)N(C)C[C@H](OC)[C@H](C)CN(Cc1ccccn1)[C@@H](C)CO2,10.0676,0.20469348209473393,0.2076264222006705,0.06412903914334739,0.14349738305732312,-0.13211418434083927
correct_CP,COCC(=O)Nc1ccc2c(c1)OC[C@@H](C)N(C(=O)CC1CC1)C[C@@H](C)[C@@H](OC)CN(C)C2=O,9.9433,0.43035465694246067,0.460331871167776,0.08527662006003103,0.37505525110774496,-0.126585050342706
correct_CP,COCC(=O)Nc1ccc2c(c1)OC[C@@H](C)N(C(=O)CC1CC1)C[C@H](C)[C@@H](OC)CN(C)C2=O,10.0782,0.22598641936714645,0.22995580988671516,-0.03480254630872172,0.26475835619543686,0.30769058231065644
correct_CP,COCC(=O)Nc1ccc2c(c1)OC[C@@H](C)N(C(=O)Cc1ccccn1)C[C@@H](C)[C@H](OC)CN(C)C2=O,10.0375,0.10510343940886932,0.10549304152919182,0.04967835536347818,0.055814686165713646,-0.09125876269954683
correct_CP,COCC(=O)Nc1ccc2c(c1)OC[C@@H](C)N(C(=O)Cc1ccccn1)C[C@H](C)[C@@H](OC)CN(C)C2=O,10.0815,0.14581552139052584,0.14686236032513886,0.043747665970533624,0.10311469435460524,0.07717653552878803
correct_CP,COCC(=O)Nc1ccc2c(c1)OC[C@@H](C)N(C(=O)c1ccccn1)C[C@@H](C)[C@H](OC)CN(C)C2=O,9.99147,-0.15349943259639437,-0.15472235692483738,-0.021007107845405097,-0.13371524907943227,0.0506378272557305
correct_CP,COCC(=O)Nc1ccc2c(c1)OC[C@@H](C)N(C(=O)c1cccnc1)C[C@H](C)[C@@H](OC)CN(C)C2=O,9.9565,0.286625586757797,0.29488591977192263,0.05327316436395006,0.24161275540797256,-0.21015786784506274
correct_CP,COCC(=O)Nc1ccc2c(c1)OC[C@@H](C)N(C)C[C@H](C)[C@H](OC)CN(C)C2=O,9.94938,-0.035427341791169346,-0.03544217454080222,0.028645671984160855,-0.06408784652496308,0.02486125003001899
correct_CP,COCC(=O)Nc1ccc2c(c1)OC[C@@H](C)N(CC1CC1)C[C@@H](C)[C@@H](OC)CN(C)C2=O,10.1038,0.2119203923448157,0.21518118594494934,0.014721642446407189,0.20045954349854214,-0.011528389248454021
correct_CP,COCC(=O)Nc1ccc2c(c1)OC[C@@H](C)N(CC1CC1)C[C@H](C)[C@H](OC)CN(C)C2=O,10.0252,0.2287159545442239,0.23283412311269214,0.031566845066817284,0.20126727804587485,0.03599374533063461
correct_CP,COCC(=O)Nc1ccc2c(c1)OC[C@@H](C)N(Cc1ccccc1)C[C@H](C)[C@@H](OC)CN(C)C2=O,10.0559,0.5679608243047475,0.6445074737432197,0.08228117944944795,0.5622262942937718,0.14243109980923652
correct_CP,COCC(=O)Nc1ccc2c(c1)OC[C@@H](C)N(Cc1ccccc1F)C[C@H](C)[C@H](OC)CN(C)C2=O,10.0687,0.05991917440067096,0.05999103869288489,0.00829841598878268,0.051692622704102215,-0.0002108748814192707
correct_CP,COCC(=O)Nc1ccc2c(c1)OC[C@@H](C)N(Cc1ccncc1)C[C@H](C)[C@H](OC)CN(C)C2=O,10.0102,0.15475535104079627,0.1560088361952288,0.07132410077807602,0.08468473541715277,0.1574694470036513
correct_CP,COCC(=O)Nc1ccc2c(c1)OC[C@H](C)N(C(=O)Cc1ccccn1)C[C@@H](C)[C@H](OC)CN(C)C2=O,9.95078,-0.1976443640306282,-0.20027996529230155,0.01184263651806517,-0.2121226018103667,-0.027947004650995626
correct_CP,COCC(=O)Nc1ccc2c(c1)OC[C@H](C)N(C(=O)NC(C)C)C[C@H](C)[C@H](OC)CN(C)C2=O,9.81135,-0.17467136685337742,-0.1764810247244306,-0.014240812704321943,-0.16224021202010866,0.13187493532937813
correct_CP,COCC(=O)Nc1ccc2c(c1)OC[C@H](C)N(C(=O)c1ccccn1)C[C@H](C)[C@H](OC)CN(C)C2=O,10.0428,0.12571354713655455,0.12638215323513732,0.007855788173301636,0.11852636506183568,0.033671515257601994
correct_CP,COCC(=O)Nc1ccc2c(c1)OC[C@H](C)N(C)C[C@@H](C)[C@@H](OC)CN(C)C2=O,10.1097,0.3424141689223458,0.35682479674023515,0.02179033330445563,0.33503446343577953,0.2507933171872588
correct_CP,COCC(=O)Nc1ccc2c(c1)OC[C@H](C)N(CC1CC1)C[C@@H](C)[C@H](OC)CN(C)C2=O,9.91797,0.12066481605976614,0.12125561239537874,-0.06687926553278162,0.18813487792816036,0.10484076977555684
correct_CP,COCC(=O)Nc1ccc2c(c1)OC[C@H](C)N(CCC(F)(F)F)C[C@@H](C)[C@@H](OC)CN(C)C2=O,10.076,0.06070319050578128,0.06077791706074061,0.08022346721818774,-0.01944555015744713,0.12616172338838394
correct_CP,COCC(=O)Nc1ccc2c(c1)OC[C@H](C)N(CCC(F)(F)F)C[C@@H](C)[C@H](OC)CN(C)C2=O,10.0098,0.4244230289006929,0.45307457650677413,0.02976486218846102,0.4233097143183131,0.054297836062809336
correct_CP,COCC(=O)Nc1ccc2c(c1)OC[C@H](C)N(Cc1ccccc1)C[C@H](C)[C@@H](OC)CN(C)C2=O,10.0197,-0.021463933837038707,-0.021467230896494494,-0.0071959587111377465,-0.014271272185356747,0.015369855476686164
correct_CP,COCC(=O)Nc1ccc2c(c1)OC[C@H](C)N(Cc1ccccc1)C[C@H](C)[C@H](OC)CN(C)C2=O,10.0072,0.298194233263001,0.3075364231529461,0.08567606841166372,0.22186035474128238,0.11964072527494693
correct_CP,COCC(=O)Nc1ccc2c(c1)OC[C@H](C)N(Cc1cccnc1)C[C@H](C)[C@H](OC)CN(C)C2=O,10.0102,0.46160953006799355,0.4993547239438111,0.003077615016006695,0.4962771089278044,-0.08852457636275801
correct_CP,COCC(=O)Nc1ccc2c(c1)[C@@H]1C[C@@H](CC(=O)NCCc3ccccc3)O[C@@H](CO)[C@@H]1O2,10.0838,0.11212072041565115,0.11259412155321037,0.014432647990528355,0.09816147356268201,-0.011078283036588898
correct_CP,COCC(=O)Nc1ccc2c(c1)[C@@H]1C[C@@H](CC(=O)N[C@H](C)c3ccccc3)O[C@H](CO)[C@@H]1O2,9.95508,-0.27348901316899293,-0.28063103062671946,-0.02256307210134465,-0.2580679585253748,-0.1149720030864061
correct_CP,COCC(=O)Nc1ccc2c(c1)[C@@H]1C[C@H](CC(=O)NCc3cccnc3)O[C@@H](CO)[C@@H]1O2,10.1451,0.26096871215355893,0.267147632792889,0.012163100020431425,0.2549845327724576,-0.1898060538412637
correct_CP,COCC(=O)Nc1ccc2c(c1)[C@@H]1C[C@H](CC(=O)NCc3cccnc3)O[C@H](CO)[C@@H]1O2,10.0482,0.17183740636667724,0.17355936225701574,0.04296129680002703,0.1305980654569887,0.16739250737092706
correct_CP,COCC(=O)Nc1ccc2c(c1)[C@@H]1C[C@H](CC(=O)N[C@H](C)c3ccccc3)O[C@@H](CO)[C@@H]1O2,9.98931,-0.397411551744773,-0.42057122800444996,0.23813483550773212,-0.6587060635121821,-0.3199471790400985
correct_CP,COCC(=O)Nc1ccc2c(c1)[C@H]1C[C@@H](CC(=O)NCCc3ccccc3)O[C@H](CO)[C@H]1O2,10.1754,0.24805338969797314,0.25333750186519577,-0.044544478738085924,0.2978819806032817,0.19838094338074103
correct_CP,COCC(=O)Nc1ccc2c(c1)[C@H]1C[C@@H](CC(=O)NCc3ccccn3)O[C@H](CO)[C@H]1O2,9.81743,-0.19121198913962675,-0.19359485092408008,-0.10166481722853611,-0.09193003369554396,0.28696915398983974
correct_CP,COCC(=O)Nc1ccc2c(c1)[C@H]1C[C@H](CC(=O)NCc3ccc(-c4ccccc4)cc3)O[C@@H](CO)[C@H]1O2,10.0462,0.17883080636097312,0.18077460678885998,0.04754113733674337,0.13323346945211662,-0.13898956369889912
correct_CP,COCC(=O)Nc1ccc2c(c1)[C@H]1C[C@H](CC(=O)NCc3ccccn3)O[C@H](CO)[C@H]1O2,10.0458,0.39351988760885653,0.41595809072566475,-0.013798168530930898,0.42975625925659566,0.10641992910658594
correct_CP,COCC(=O)Nc1ccc2c(c1)[C@H]1C[C@H](CC(=O)N[C@@H](C)c3ccccc3)O[C@@H](CO)[C@H]1O2,10.0617,-0.3143997601454608,-0.32542033355560224,-0.010022726693768486,-0.31539760686183377,-0.568932929315944
correct_CP,COCC(=O)O[C@]1(CCN(C)CCCc2nc3ccccc3[nH]2)CCc2cc(F)ccc2[C@@H]1C(C)C,10.0,0.3840275565290992,0.4047754094292918,0.05196096720500728,0.35281444222428454,0.12557573349528847
correct_CP,COCCCCC(=NOCCN)c1ccc(C(F)(F)F)cc1,10.0,0.26495221474964653,0.2714270572505425,-0.012075911382234175,0.2835029686327767,-0.16482218341063665
correct_CP,COCCCNS(=O)(=O)c1ccc2c(c1)CCN2C(C)=O,10.0,0.32255352286071876,0.33449454239249576,0.08208440101792094,0.25241014137457485,0.012731140613485847
correct_CP,COCCCn1c(-c2ccsc2)nc2c1c(=O)[nH]c(=O)n2Cc1ccccc1,10.0,0.31132994174825707,0.3220174190285351,0.021086773892609136,0.30093064513592593,0.1681507860446214
correct_CP,COCCN(C(=O)CN1CCc2ccccc2C1)c1c(N)n(Cc2ccccc2)c(=O)[nH]c1=O,10.0,0.4781737127698785,0.5206139387541923,-0.056178758692599334,0.5767926974467916,0.3555997917133831
correct_CP,COCCNC(=O)C[C@@H]1C=C[C@@H](NC(=O)NC2CCCC2)[C@@H](CO)O1,9.93684,0.16707093535799772,0.16865196637954835,-0.00772058022745053,0.1763725466069989,-7.443663015305798e-05
correct_CP,COCCNC(=O)C[C@@H]1CC[C@@H](NC(=O)NC2CCCCC2)[C@H](CO)O1,9.99732,-0.17026709624610042,-0.17194172141656672,0.06456151739531579,-0.2365032388118825,-0.12282724358753722
correct_CP,COCCNC(=O)C[C@@H]1CC[C@@H]2[C@H](COC[C@H](O)CN2C(=O)c2cc(Cl)cc(Cl)c2)O1,10.0235,0.10865503348513122,0.10908567886773085,-0.08144517526668614,0.190530854134417,-0.18235782333265665
correct_CP,COCCNC(=O)C[C@@H]1CC[C@H]2[C@@H](COc3ccc(NC(=O)Cc4ccccc4)cc3C(=O)N2C)O1,10.1389,0.04769596499748449,0.047732182375986594,0.023547289430975712,0.02418489294501088,-0.05452641416466143
correct_CP,COCCNC(=O)C[C@@H]1CC[C@H]2[C@H](COc3ccc(NC(=O)Cc4ccccc4)cc3C(=O)N2C)O1,9.80212,0.2058474758915051,0.20883117978348495,0.03106092532585336,0.1777702544576316,-0.020423962352241812
correct_CP,COCCNC(=O)C[C@@H]1C[C@@H]2c3cc(NC(=O)c4cccnc4)ccc3O[C@@H]2[C@H](CO)O1,10.0926,-0.05472793326523581,-0.05478267106346485,0.018353475643980828,-0.07313614670744567,-0.1607543824989677
correct_CP,COCCNC(=O)C[C@@H]1C[C@@H]2c3cc(NS(C)(=O)=O)ccc3O[C@@H]2[C@H](CO)O1,9.85907,0.3554438573754506,0.37166116037585845,-0.009342711813215235,0.38100387218907367,-0.1739234057298179
correct_CP,COCCNC(=O)C[C@@H]1C[C@H]2c3cc(NC(=O)CC4CC4)ccc3O[C@H]2[C@H](CO)O1,9.9577,-0.00933985516383102,-0.009340126758913036,0.010000588927392133,-0.019340715686305167,0.04244270756527578
correct_CP,COCCNC(=O)C[C@@H]1C[C@H]2c3cc(NC(=O)Nc4ccc(OC)cc4)ccc3O[C@H]2[C@H](CO)O1,9.96552,0.0017829871620579057,0.0017829890514592592,-0.055749855197017764,0.05753284424847702,0.07205084363904858
correct_CP,COCCNC(=O)C[C@H]1C=C[C@@H](NC(=O)NC2CCCC2)[C@H](CO)O1,10.0003,0.46882479429277774,0.5085629896499042,-0.06623840843845069,0.5748013980883548,-0.09846845911356875
correct_CP,COCCNC(=O)C[C@H]1CC[C@@H]2[C@@H](COc3ccc(NC(=O)Cc4ccccc4)cc3C(=O)N2C)O1,10.0327,0.5157301184249109,0.5705050851676874,-0.014069762865195661,0.5845748480328831,-0.25596746274418347
correct_CP,COCCNC(=O)C[C@H]1CC[C@H]2[C@@H](COC[C@@H](O)CN2C(=O)c2cc(Cl)cc(Cl)c2)O1,10.0467,-0.03733708075069216,-0.037354445291024274,-0.06396030610463857,0.026605860813614296,-0.16075957911915242
correct_CP,COCCNC(=O)C[C@H]1CC[C@H]2[C@@H](COC[C@@H](O)CN2S(=O)(=O)c2ccccc2F)O1,9.97416,0.3301054782487693,0.34294662762780065,0.10404616333985506,0.2389004642879456,-0.23918754099579959
correct_CP,COCCNC(=O)C[C@H]1C[C@@H]2c3cc(NC(=O)CC4CC4)ccc3O[C@@H]2[C@H](CO)O1,9.85192,0.1400038513032922,0.140929504370586,-0.022074104334233083,0.16300360870481906,-0.07972848280004045
correct_CP,COCCNC(=O)C[C@H]1C[C@@H]2c3cc(NC(=O)Nc4ccc(C(F)(F)F)cc4)ccc3O[C@@H]2[C@@H](CO)O1,10.0099,0.075301782798437,0.07544459837139417,-0.03522555616855946,0.11067015453995363,0.18888469338657735
correct_CP,COCCNC(=O)C[C@H]1C[C@@H]2c3cc(NC(=O)Nc4ccc(C(F)(F)F)cc4)ccc3O[C@@H]2[C@H](CO)O1,10.1599,0.11499898067430024,0.11550998645631531,-0.018528967666341673,0.13403895412265698,0.1317104732511903
correct_CP,COCCNC(=O)C[C@H]1C[C@@H]2c3cc(NC(=O)Nc4ccc(OC)cc4)ccc3O[C@@H]2[C@@H](CO)O1,9.79264,0.17390145635085752,0.1756869949244816,0.0861955324575739,0.08949146246690769,-0.1514601962371317
correct_CP,COCCNC(=O)C[C@H]1C[C@@H]2c3cc(NC(=O)c4cccnc4)ccc3O[C@@H]2[C@@H](CO)O1,10.0693,0.2813545526094404,0.2891524622818035,0.007122765383376431,0.2820296968984271,0.2685745826839954
correct_CP,COCCNC(=O)C[C@H]1C[C@H]2c3cc(NC(=O)CN(C)C)ccc3O[C@H]2[C@H](CO)O1,10.0704,0.4853411110138261,0.5299476997581374,-0.04406531268662858,0.574013012444766,0.033490110025945326
correct_CP,COCCNC(=O)[C@H]1[C@H](CO)[C@H]2Cn3c(ccc(-c4ccccc4F)c3=O)[C@H]2N1C(=O)C1CCCC1,10.0995,0.23261826867804464,0.23695574404135636,0.06288329499459638,0.17407244904675997,0.20022390642099241
correct_CP,COCCSc1ccccc1C(=O)Nc1nncs1,10.0,0.5541324865178167,0.6243254647676176,0.170475134398341,0.45385033036927663,0.29848354054439225
correct_CP,COCCn1c(COc2ccc(C)cc2)nc2ccccc21,10.0,0.6439731056609147,0.7649324712501946,0.23625899236956902,0.5286734788806255,0.30201326785086846
correct_CP,COCc1cc(O)n2c(-c3ccccc3OC)nnc2n1,10.0,0.4708846251051862,0.5112063882450093,0.062261183158686007,0.4489452050863233,-0.02022243022389985
correct_CP,COCc1cn(CC[C@@H]2CC[C@@H](NC(=O)Nc3c(C)noc3C)[C@@H](CO)O2)nn1,10.1321,0.08250858715657042,0.08269658598355843,-0.002535361878987787,0.08523194786254622,0.023817507982603063
correct_CP,COCc1cn(CC[C@@H]2CC[C@@H](NC(=O)c3ccncc3)[C@@H](CO)O2)nn1,10.0717,-0.038114291491724406,-0.038132763795675456,-0.02820225929413188,-0.009930504501543577,0.1688386341963397
correct_CP,COCc1cn(CC[C@@H]2CC[C@H](NC(=O)c3ccncc3)[C@H](CO)O2)nn1,10.1712,-0.2904150470942752,-0.29901948090395813,0.007379933250095378,-0.30639941415405353,-0.14018516623700847
correct_CP,COCc1cn(CC[C@H]2CC[C@@H](NC(=O)Nc3ccc(C(F)(F)F)cc3)[C@H](CO)O2)nn1,10.0453,-0.06415575732761436,-0.06424399621229997,-0.023233021804412807,-0.04101097440788716,-0.06906434804809813
correct_CP,COCc1n[nH]c2c1C(c1ccc(OC)cc1)C(C#N)=C(N)O2,10.0,0.3368216600244109,0.35050311831045006,0.05736854892461918,0.2931345693858309,-0.12572963805844894
correct_CP,CO[C@@H](C(=O)N(C)C[C@H]1OCc2ccccc2-c2c(n(C)c3ccccc23)C(=O)N([C@@H](C)CO)C[C@H]1C)c1ccccc1,9.86619,0.3334098266659868,0.3466596477479787,0.062472448945651356,0.28418719880232735,0.21978050786138748
correct_CP,CO[C@@H](CN(C)C(=O)Nc1ccc(C(F)(F)F)cc1)[C@H](C)CN(Cc1ccccc1Cl)[C@H](C)CO,10.0179,-0.10376350828909822,-0.104138335296852,0.04019336577002448,-0.14433170106687648,0.12205801780382429
correct_CP,CO[C@@H](CN(C)C(=O)Nc1ccc(F)cc1)[C@@H](C)CN(Cc1ccccc1Cl)[C@@H](C)CO,10.1027,0.11845064495481612,0.11900933187128597,0.022040287145634163,0.0969690447256518,0.09145315481239724
correct_CP,CO[C@@H](CN(C)C(=O)c1ccc2c(c1)OCO2)[C@H](C)CN([C@@H](C)CO)S(=O)(=O)c1ccc(F)cc1,9.45595,0.6049937700433118,0.7009868085723188,0.03345825025988233,0.6675285583124364,0.05343395133104065
correct_CP,CO[C@@H](CN(C)C(=O)c1ccccc1F)[C@@H](C)CN([C@@H](C)CO)S(=O)(=O)c1ccc(C)cc1,10.0232,0.11151732965368508,0.11198309075158495,0.023283422708369375,0.08869966804321558,0.0707612104145149
correct_CP,CO[C@@H](CN(C)C(=O)c1ccccc1F)[C@@H](C)CN([C@@H](C)CO)S(=O)(=O)c1ccc(Cl)cc1,10.5412,-0.08067017343834229,-0.08084585171227876,0.008224184992594707,-0.08907003670487347,0.10080594811697054
correct_CP,CO[C@@H](CN(C)C(=O)c1ccccc1F)[C@H](C)CN([C@H](C)CO)S(=O)(=O)c1ccc(F)cc1,10.001,-0.3312981105094902,-0.3442857067405024,0.05392515056862577,-0.3982108573091282,0.03641814733876971
correct_CP,CO[C@@H](CN(C)C(=O)c1cnccn1)[C@@H](C)CN([C@H](C)CO)S(=O)(=O)c1ccc(Cl)cc1,10.0015,0.0999167455495898,0.10025125303362036,-0.008774463193562395,0.10902571622718275,-0.05571314857151419
correct_CP,CO[C@@H](CN(C)C(=O)c1cnccn1)[C@H](C)CN([C@@H](C)CO)S(=O)(=O)c1ccc(C)cc1,10.0466,0.19530152665381847,0.19784305805907998,0.03616420356786293,0.16167885449121705,-0.015413281342731486
correct_CP,CO[C@@H](CN(C)C(=O)c1cnccn1)[C@H](C)CN([C@@H](C)CO)S(=O)(=O)c1ccc(Cl)cc1,10.0294,-0.011513010027888567,-0.011513518749204359,0.027176959959661146,-0.03869047870886551,-0.02169484977255247
correct_CP,CO[C@@H](CN(C)Cc1cc(F)ccc1F)[C@@H](C)CN(C(=O)Nc1ccc(F)cc1)[C@@H](C)CO,9.69666,0.25915873483865065,0.26520636044951734,-0.09250159794530222,0.35770795839481956,0.08772027865907121
correct_CP,CO[C@@H](CN(C)Cc1cc(F)ccc1F)[C@@H](C)CN([C@H](C)CO)S(=O)(=O)c1ccc(C)cc1,10.0403,-0.2136377841879158,-0.21698002043853776,0.01872808362331963,-0.23570810406185738,0.1584410338641727
correct_CP,CO[C@@H](CN(C)Cc1cc(F)ccc1F)[C@H](C)CN(C(=O)Nc1ccc(C(F)(F)F)cc1)[C@H](C)CO,10.0253,0.3647452975579925,0.38234853516670697,0.020992991436987202,0.3613555437297198,-0.07267579902560414
correct_CP,CO[C@@H](CN(C)Cc1cc(F)ccc1F)[C@H](C)CN([C@H](C)CO)S(=O)(=O)c1ccc(F)cc1,10.049798,0.2472857213374867,0.2525196673118374,-0.01435561085995717,0.26687527817179457,0.32320833905067775
correct_CP,CO[C@@H](CN(C)Cc1ccc(-c2ccccn2)cc1)[C@@H](C)CN(C(=O)Nc1ccc(F)cc1)[C@H](C)CO,10.0806,0.42439106264217835,0.45303558749522904,0.08331251332339669,0.36972307417183237,-0.20474455623421273
correct_CP,CO[C@@H](CN(C)Cc1ccc2c(c1)OCO2)[C@@H](C)CN(C(=O)Nc1ccc(F)cc1)[C@@H](C)CO,10.7238,0.03618260632454025,0.03619840859947036,-0.20912888528591111,0.24532729388538146,0.3208147498203144
correct_CP,CO[C@@H](CN(C)Cc1ccc2c(c1)OCO2)[C@H](C)CN(C(=O)c1ccccc1)[C@H](C)CO,10.012608,0.09109671207356546,0.09134996632718173,0.07405451404516163,0.017295452282020105,-0.07373748115836196
correct_CP,CO[C@@H](CN(C)Cc1nccs1)[C@@H](C)CN([C@@H](C)CO)S(=O)(=O)c1ccc(F)cc1,10.0223,0.059488409007025525,0.05955873231790691,-0.026354814440294423,0.08591354675820134,0.1328555575495139
correct_CP,CO[C@@H](CN(C)S(=O)(=O)c1ccc(C)cc1)[C@H](C)CN(C(=O)Nc1ccccc1F)[C@@H](C)CO,10.0208,0.309739195796237,0.3202569029567064,0.00022716218289213497,0.32002974077381424,0.031515039285980984
correct_CP,CO[C@@H](CN(C)S(=O)(=O)c1ccc(Cl)cc1)[C@@H](C)CN([C@H](C)CO)S(=O)(=O)c1cccc(Cl)c1,9.70291,0.32830636913775996,0.34092883648501504,-0.12180846641814358,0.4627373029031586,0.03827732387362413
correct_CP,CO[C@@H](CN(C)S(=O)(=O)c1ccc(F)cc1)[C@@H](C)CN(Cc1ccccc1Cl)[C@H](C)CO,10.0812,-0.06620744742613142,-0.06630444113730909,0.018006977882487583,-0.08431141901979666,0.00114800574627821
correct_CP,CO[C@@H](CN(C)S(=O)(=O)c1ccc(F)cc1)[C@H](C)CN(C(=O)Nc1ccccc1F)[C@@H](C)CO,10.0595,0.1881036081904281,0.1903704863371889,0.1097505010181558,0.0806199853190331,-0.09532638831647806
correct_CP,CO[C@@H](CN(C)S(=O)(=O)c1ccc(F)cc1)[C@H](C)CN(C(=O)Nc1ccccc1F)[C@H](C)CO,10.0061,0.355039982144355,0.37119895647116863,-0.17231731644001635,0.543516272911185,0.19173112368923706
correct_CP,CO[C@@H](CN(C)S(=O)(=O)c1ccc(F)cc1)[C@H](C)CN([C@H](C)CO)S(=O)(=O)c1cccc(Cl)c1,10.0156,0.07073849183106928,0.07085683760493852,0.018821696428511753,0.05203514117642677,0.31776123734373074
correct_CP,CO[C@@H](CN(C)S(=O)(=O)c1cccc(Cl)c1)[C@@H](C)CN([C@H](C)CO)S(=O)(=O)c1ccc(Cl)cc1,9.9079,0.06036303876525668,0.06043651432919662,-0.013007723925763232,0.07344423825495985,-0.40978219860907117
correct_CP,CO[C@@H](CN(C)S(=O)(=O)c1cccc(Cl)c1)[C@H](C)CN(C(=O)Nc1ccccc1F)[C@@H](C)CO,10.0117,0.21011465316772704,0.21329129222468649,-0.0029645452829385813,0.21625583750762506,-0.16639618824000607
correct_CP,CO[C@@H](CN(C)S(=O)(=O)c1cccc(Cl)c1)[C@H](C)CN(C(=O)Nc1ccccc1F)[C@H](C)CO,10.0315,-0.43479417101072687,-0.46579335958426793,-0.0038360522234309356,-0.461957307360837,0.243627946301216
correct_CP,CO[C@@H](CN(C)S(=O)(=O)c1cccc(Cl)c1)[C@H](C)CN([C@@H](C)CO)S(=O)(=O)c1ccc(Cl)cc1,10.0466,0.3759475924587641,0.3953317898025076,-0.037172607111240465,0.4325043969137481,-0.1674078472028897
correct_CP,CO[C@@H](CN(C)S(=O)(=O)c1ccccc1)[C@@H](C)CN(Cc1ccccc1Cl)[C@@H](C)CO,10.7035,-0.0011844185470869365,-0.0011844191009401876,-0.07428746964387486,0.07310305054293467,0.1484530595273672
correct_CP,CO[C@@H](CN(C)S(=O)(=O)c1ccccc1)[C@@H](C)CN(Cc1ccccc1Cl)[C@H](C)CO,10.0623,-0.3104474554429378,-0.32104051291507696,0.016004483595461375,-0.3370449965105383,0.040911235786352605
correct_CP,CO[C@@H](CN(C)S(=O)(=O)c1ccccc1)[C@H](C)CN(C(=O)Nc1ccccc1F)[C@H](C)CO,10.0303,-0.010481365687365149,-0.010481749536877936,-0.015121059043432698,0.004639309506554761,-0.04286256260437732
correct_CP,CO[C@@H](CN(C)S(=O)(=O)c1cn(C)cn1)[C@H](C)CN(C(=O)Nc1ccc(F)cc1)[C@@H](C)CO,9.53441,-0.10107569589442993,-0.10142202774276532,0.1812955628244146,-0.28271759056717993,-0.008750367893334943
correct_CP,CO[C@@H]1CC[C@@H]2CCN(C)C(=O)[C@H](C)[C@H](OC)CN(C)C(=O)c3cc(C#N)ccc3OC[C@@H]1O2,10.0242,-0.09321874363213735,-0.09349017561402938,0.08386878104055474,-0.17735895665458412,-0.25904987337685936
correct_CP,CO[C@@H]1CN(C)C(=O)c2cc(NC(=O)C3CC3)ccc2OC[C@@H](C)N(CCc2ccccc2)C[C@@H]1C,10.0224,0.36917401126956395,0.38746643581980506,0.06470237422597411,0.322764061593831,0.09938091606916141
correct_CP,CO[C@@H]1CN(C)C(=O)c2cc(NC(=O)C3CC3)ccc2OC[C@H](C)N(C(=O)NC(C)C)C[C@@H]1C,10.0823,0.018162057071611167,0.01816405444757389,0.014857762099775414,0.0033062923477984764,0.014454398716784708
correct_CP,CO[C@@H]1CN(C)C(=O)c2cc(NC(=O)C3CC3)ccc2OC[C@H](C)N(C(=O)NC(C)C)C[C@H]1C,9.97793,0.30145085871884814,0.31111471874719754,-0.0002856705295143421,0.3114003892767119,0.10100722139317897
correct_CP,CO[C@@H]1CN(C)C(=O)c2cc(NC(=O)C3CC3)ccc2OC[C@H](C)N(CCc2ccccc2)C[C@@H]1C,10.0037,-0.03008930767578556,-0.030098393228170452,0.014706740318114886,-0.04480513354628534,-0.049233551727388095
correct_CP,CO[C@@H]1CN(C)C(=O)c2cc(NC(=O)C3CC3)ccc2OC[C@H](C)N(Cc2ccccc2)C[C@@H]1C,9.92788,-0.1529508884455333,-0.1541606244312412,-0.00305191450465134,-0.15110870992658987,-0.09151330333780776
correct_CP,CO[C@@H]1CN(C)C(=O)c2cc(NC(=O)C3CCC3)ccc2OC[C@H](C)N(C)C[C@@H]1C,10.046,0.37676661619519963,0.39628596786412684,-0.011327215211523363,0.4076131830756502,-0.3034835411331522
correct_CP,CO[C@@H]1CN(C)C(=O)c2cc(NC(=O)C3CCC3)ccc2OC[C@H](C)N(Cc2ccncc2)C[C@@H]1C,10.0412,0.32019054981328854,0.3318594112469085,0.0455169310424789,0.2863424802044296,0.054470989504789825
correct_CP,CO[C@@H]1CN(C)C(=O)c2cc(NC(=O)C3CCCC3)ccc2OC[C@@H](C)N(Cc2ccc(F)cc2)C[C@H]1C,10.0468,0.42361801036487845,0.4520930937482297,0.016837937086847183,0.43525515666138254,0.223133806960555
correct_CP,CO[C@@H]1CN(C)C(=O)c2cc(NC(=O)C3CCCCC3)ccc2OC[C@H](C)N(C(=O)c2ccccc2)C[C@H]1C,10.1088,-0.09797812244323745,-0.09829346134494016,0.0030565141791466417,-0.1013499755240868,0.062063135376358075
correct_CP,CO[C@@H]1CN(C)C(=O)c2cc(NC(=O)C3CCCCC3)ccc2OC[C@H](C)NC[C@@H]1C,10.0159,0.04531957819409461,0.04535064323770042,-0.031360577770905916,0.07671122100860633,0.04962146794150086
correct_CP,CO[C@@H]1CN(C)C(=O)c2cc(NC(=O)C3CCOCC3)ccc2OC[C@@H](C)N(Cc2cccnc2)C[C@@H]1C,9.74956,0.4175765105000677,0.44475309074589053,0.11569635276221979,0.32905673798367074,0.05010992819282531
correct_CP,CO[C@@H]1CN(C)C(=O)c2cc(NC(=O)C3CCOCC3)ccc2OC[C@@H](C)N(Cc2cccnc2)C[C@H]1C,10.0793,0.24022871750255897,0.24501682364194,0.04105505649064413,0.20396176715129588,0.12660131957012905
correct_CP,CO[C@@H]1CN(C)C(=O)c2cc(NC(=O)C3CCOCC3)ccc2OC[C@H](C)N(CC2CC2)C[C@@H]1C,10.021,-0.2992253363418474,-0.30866854259955656,0.006450368527586452,-0.315118911127143,-0.026787498383972277
correct_CP,CO[C@@H]1CN(C)C(=O)c2cc(NC(=O)CN(C)C)ccc2OC[C@@H](C)N(C(=O)C2CC2)C[C@H]1C,10.0065,0.1524064190320659,0.1536031600786522,-0.05644910198484989,0.2100522620635021,0.0479236128742585
correct_CP,CO[C@@H]1CN(C)C(=O)c2cc(NC(=O)Cc3ccccc3)ccc2OC[C@@H](C)NC[C@@H]1C,10.0073,0.37383833912999015,0.39287761339371136,-0.06538146313676449,0.4582590765304758,0.34259656807194305
correct_CP,CO[C@@H]1CN(C)C(=O)c2cc(NC(=O)Cc3ccccc3)ccc2OC[C@H](C)NC[C@H]1C,9.94041,-0.06150201458125271,-0.06157973478845663,-0.06963166120596012,0.008051926417503491,0.33087490157358446
correct_CP,CO[C@@H]1CN(C)C(=O)c2cc(NC(=O)NC(C)C)ccc2OC[C@@H](C)N(C(=O)C2CCC2)C[C@H]1C,10.0207,0.1532898078106155,0.15450768082909028,0.08518755693696764,0.06932012389212264,-0.04347423680574337
correct_CP,CO[C@@H]1CN(C)C(=O)c2cc(NC(=O)NC(C)C)ccc2OC[C@@H](C)N(CCC(F)(F)F)C[C@H]1C,10.0037,0.04052073596301232,0.040542935241497484,0.01882888377282394,0.021714051468673543,0.09998411597692078
correct_CP,CO[C@@H]1CN(C)C(=O)c2cc(NC(=O)NC(C)C)ccc2OC[C@@H](C)N(Cc2ccc(-c3ccccn3)cc2)C[C@H]1C,10.0072,-0.0900561221450515,-0.09030076859099942,0.04964268582537192,-0.13994345441637135,-0.10633626332152699
correct_CP,CO[C@@H]1CN(C)C(=O)c2cc(NC(=O)NC(C)C)ccc2OC[C@@H](C)N(Cc2cncnc2)C[C@@H]1C,10.0064,-0.02657880581633538,-0.02658506718494731,0.021071572044600338,-0.047656639229547645,-0.00755102348548852
correct_CP,CO[C@@H]1CN(C)C(=O)c2cc(NC(=O)NC(C)C)ccc2OC[C@H](C)N(C(=O)CN(C)C)C[C@@H]1C,10.0978,-0.2679946531121139,-0.27470204988672264,-0.0037065536172186248,-0.27099549626950403,-0.2559750402153146
correct_CP,CO[C@@H]1CN(C)C(=O)c2cc(NC(=O)NC(C)C)ccc2OC[C@H](C)N(CC2CC2)C[C@@H]1C,10.1016,0.5710857000992651,0.6491325281157173,0.03848704294223561,0.6106454851734817,0.20098782325508985
correct_CP,CO[C@@H]1CN(C)C(=O)c2cc(NC(=O)NC(C)C)ccc2OC[C@H](C)N(Cc2ccc(-c3ccccn3)cc2)C[C@@H]1C,9.8979,-0.079448470357107,-0.07961626746001678,0.0825615991728872,-0.16217786663290398,-0.07278413793877492
correct_CP,CO[C@@H]1CN(C)C(=O)c2cc(NC(=O)NC(C)C)ccc2OC[C@H](C)N(Cc2ccccc2)C[C@H]1C,10.0688,0.6872450940356041,0.8427162600947684,0.036992583553036806,0.8057236765417316,0.1078494867016638
correct_CP,CO[C@@H]1CN(C)C(=O)c2cc(NC(=O)NC3CCCCC3)ccc2OC[C@@H](C)N(C)C[C@H]1C,10.0847,-0.4096131625138955,-0.43514630704833895,-0.06860647277368023,-0.36653983427465875,-0.1797568953553502
correct_CP,CO[C@@H]1CN(C)C(=O)c2cc(NC(=O)Nc3c(C)noc3C)ccc2OC[C@@H](C)N(C)C[C@@H]1C,10.0933,0.5007992122951264,0.5503723292033741,0.03820589702635273,0.5121664321770214,0.34897800060702777
correct_CP,CO[C@@H]1CN(C)C(=O)c2cc(NC(=O)Nc3cc(F)ccc3F)ccc2OC[C@@H](C)N(C(=O)c2ccccn2)C[C@H]1C,9.8862,-0.183939320416127,-0.186056925023795,-0.06217604113017682,-0.12388088389361818,0.2013771062844247
correct_CP,CO[C@@H]1CN(C)C(=O)c2cc(NC(=O)Nc3cc(F)ccc3F)ccc2OC[C@H](C)N(C(=O)c2ccccn2)C[C@H]1C,9.94818,-0.009850651010929051,-0.009850969649856012,0.026562622949181686,-0.036413592599037696,0.018246441734390877
correct_CP,CO[C@@H]1CN(C)C(=O)c2cc(NC(=O)Nc3ccc(C(F)(F)F)cc3)ccc2OC[C@H](C)NC[C@H]1C,10.035,0.1651985618368024,0.16672644642811307,-0.02612303434180621,0.19284948076991928,0.1173387515588655
correct_CP,CO[C@@H]1CN(C)C(=O)c2cc(NC(=O)Nc3ccc(Cl)c(Cl)c3)ccc2OC[C@H](C)NC[C@H]1C,10.0353,0.17429953780024254,0.17609751979228855,0.044655112365328556,0.13144240742696,0.03623574091042446
correct_CP,CO[C@@H]1CN(C)C(=O)c2cc(NC(=O)Nc3ccc(Cl)cc3)ccc2OC[C@@H](C)N(C)C[C@@H]1C,10.0511,-0.44420524762101143,-0.4774576859467438,-0.12741074068731062,-0.3500469452594332,-0.38774643809991305
correct_CP,CO[C@@H]1CN(C)C(=O)c2cc(NC(=O)Nc3ccc(Cl)cc3)ccc2OC[C@H](C)N(C(=O)Nc2c(C)noc2C)C[C@@H]1C,9.9897,0.06094307776250696,0.0610186950657064,0.015638125377478034,0.04538056968822837,0.010345662348197712
correct_CP,CO[C@@H]1CN(C)C(=O)c2cc(NC(=O)Nc3ccc(Cl)cc3)ccc2OC[C@H](C)N(C)C[C@@H]1C,9.99201,0.200244193602263,0.2029869353365682,-0.08666545502943881,0.289652390366007,-0.03439670381803697
correct_CP,CO[C@@H]1CN(C)C(=O)c2cc(NC(=O)Nc3ccc(Cl)cc3)ccc2OC[C@H](C)NC[C@@H]1C,10.0733,-0.056255768241717276,-0.056315225606683554,0.07914035903849469,-0.13545558464517823,-0.06285149758283441
correct_CP,CO[C@@H]1CN(C)C(=O)c2cc(NC(=O)Nc3ccc(F)cc3)ccc2OC[C@H](C)NC[C@@H]1C,9.95245,0.24751022621019778,0.2527588090361861,0.04394609773393799,0.2088127113022481,0.249562221779976
correct_CP,CO[C@@H]1CN(C)C(=O)c2cc(NC(=O)Nc3ccc4c(c3)OCO4)ccc2OC[C@@H](C)N(C(C)=O)C[C@H]1C,10.0253,0.1460055469483755,0.1470565195101464,-0.10153770106548372,0.24859422057563013,0.30292943007270423
correct_CP,CO[C@@H]1CN(C)C(=O)c2cc(NC(=O)Nc3ccccc3)ccc2OC[C@@H](C)N(C(=O)CN(C)C)C[C@@H]1C,10.0276,0.44516254586630133,0.47865094364684757,0.1291210757043365,0.34952986794251106,-0.06554825331013779
correct_CP,CO[C@@H]1CN(C)C(=O)c2cc(NC(=O)Nc3ccccc3Cl)ccc2OC[C@@H](C)N(Cc2ccccc2C(=O)O)C[C@H]1C,10.0222,0.541198518762443,0.6058490189520208,-0.0020427140604670907,0.6078917330124879,-0.051939564901354374
correct_CP,CO[C@@H]1CN(C)C(=O)c2cc(NC(=O)Nc3ccccc3F)ccc2OC[C@@H](C)N(C(C)=O)C[C@@H]1C,10.0613,-0.01917268363958052,-0.019175033398270334,-0.0589595949581732,0.03978456155990286,0.18597943669057632
correct_CP,CO[C@@H]1CN(C)C(=O)c2cc(NC(=O)Nc3ccccc3F)ccc2OC[C@@H](C)N(C(C)=O)C[C@H]1C,10.0344,0.316216532470898,0.32743766856881273,0.07562617588923091,0.2518114926795818,-0.1617784030727083
correct_CP,CO[C@@H]1CN(C)C(=O)c2cc(NC(=O)Nc3ccccc3F)ccc2OC[C@H](C)N(C(C)=O)C[C@@H]1C,10.0268,-0.16969990460446033,-0.17135765347013054,0.07657420656813743,-0.24793186003826798,0.10694547876777896
correct_CP,CO[C@@H]1CN(C)C(=O)c2cc(NC(=O)c3ccc(F)cc3)ccc2OC[C@H](C)NC[C@H]1C,10.0212,0.3309020989341947,0.34384093616882505,0.04079270962698227,0.30304822654184277,0.04868395518287043
correct_CP,CO[C@@H]1CN(C)C(=O)c2cc(NC(=O)c3ccc4c(c3)OCO4)ccc2OC[C@@H](C)NC[C@@H]1C,10.0376,0.5478885206495134,0.6153591256591819,-0.024226445528894993,0.6395855711880769,-0.29949443197484393
correct_CP,CO[C@@H]1CN(C)C(=O)c2cc(NC(=O)c3ccc4c(c3)OCO4)ccc2OC[C@H](C)N(CC2CC2)C[C@H]1C,10.0164,0.1210053055918534,0.12160114712222263,-0.005408932531901334,0.12701007965412398,-0.07639530653558296
correct_CP,CO[C@@H]1CN(C)C(=O)c2cc(NC(=O)c3ccc4c(c3)OCO4)ccc2OC[C@H](C)NC[C@@H]1C,10.0159,0.03333167753344246,0.0333440296077127,0.017166913099757132,0.016177116507955565,0.3377458382294354
correct_CP,CO[C@@H]1CN(C)C(=O)c2cc(NC(=O)c3cccc(F)c3)ccc2OC[C@H](C)N(C)C[C@H]1C,10.0386,-0.23199605261810408,-0.23629803354497253,-0.009597630716260248,-0.2267004028287123,-0.06405812353104406
correct_CP,CO[C@@H]1CN(C)C(=O)c2cc(NC(=O)c3ccccc3)ccc2OC[C@@H](C)N(C(=O)CN(C)C)C[C@@H]1C,9.97951,-0.06707642996200192,-0.06717730022547407,-0.016218231834013167,-0.0509590683914609,-0.14950120963969862
correct_CP,CO[C@@H]1CN(C)C(=O)c2cc(NC(=O)c3ccccc3)ccc2OC[C@@H](C)N(C)C[C@H]1C,10.0248,-0.24159880352133625,-0.246471328597418,-0.02485932642549639,-0.22161200217192162,0.0008957705402909515
correct_CP,CO[C@@H]1CN(C)C(=O)c2cc(NC(=O)c3ccccc3F)ccc2OC[C@@H](C)NC[C@@H]1C,10.0291,-0.08243834047806556,-0.08262585822383867,0.007445044021247987,-0.09007090224508665,-0.05031682837874958
correct_CP,CO[C@@H]1CN(C)C(=O)c2cc(NC(=O)c3ccccc3F)ccc2OC[C@H](C)N(CC2CCOCC2)C[C@H]1C,10.0979,0.19783904069963476,0.20048256392956787,0.0015174251213182274,0.19896513880824965,0.10840689756378247
correct_CP,CO[C@@H]1CN(C)C(=O)c2cc(NC(=O)c3cnccn3)ccc2OC[C@@H](C)N(C(=O)C2CC2)C[C@@H]1C,9.97371,-0.2963509423977619,-0.30551444750001894,-0.09401883984378608,-0.21149560765623288,-0.08974423130488716
correct_CP,CO[C@@H]1CN(C)C(=O)c2cc(NC(=O)c3nc4ccccc4s3)ccc2OC[C@@H](C)N(Cc2cncnc2)C[C@@H]1C,10.0303,0.13350237984215976,0.13430410342267896,0.07097509680046682,0.06332900662221214,-0.06795089096256217
correct_CP,CO[C@@H]1CN(C)C(=O)c2cc(NC(C)=O)ccc2OC[C@@H](C)N(C(=O)c2cnccn2)C[C@@H]1C,10.0091,0.020986610015666155,0.02098969192892305,-0.015893569182439,0.03688326111136205,0.1145708657116764
correct_CP,CO[C@@H]1CN(C)C(=O)c2cc(NC(C)=O)ccc2OC[C@@H](C)N(CCc2ccccc2)C[C@@H]1C,10.053,-0.12900280583870408,-0.12972564697044564,0.10463981228264131,-0.23436545925308694,-0.030440208582796127
correct_CP,CO[C@@H]1CN(C)C(=O)c2cc(NC(C)=O)ccc2OC[C@H](C)N(C(=O)C2CC2)C[C@H]1C,9.98425,0.4405165723712632,0.4728715758540603,0.03500456935362157,0.43786700650043875,-0.17313274819761934
correct_CP,CO[C@@H]1CN(C)C(=O)c2cc(NC(C)=O)ccc2OC[C@H](C)N(C(=O)CC2CC2)C[C@H]1C,9.80228,0.3565323715068529,0.3729076377043169,0.0671175605340503,0.3057900771702666,0.017949124030532726
correct_CP,CO[C@@H]1CN(C)C(=O)c2cc(NC(C)=O)ccc2OC[C@H](C)N(C(=O)c2ccccn2)C[C@H]1C,10.0756,0.5437579626783337,0.6094757530372493,0.013001119105535409,0.596474633931714,-0.3524108326357393
correct_CP,CO[C@@H]1CN(C)C(=O)c2cc(NC(C)=O)ccc2OC[C@H](C)N(C(=O)c2ccncc2)C[C@@H]1C,9.98505,-0.07466689377229639,-0.07480611937878306,0.02670969257138115,-0.10151581195016421,0.18976146675624367
correct_CP,CO[C@@H]1CN(C)C(=O)c2cc(NC(C)=O)ccc2OC[C@H](C)N(C(=O)c2cnccn2)C[C@@H]1C,10.1226,0.1162583872573359,0.1167864596543702,-0.0027547206774798313,0.11954118033185004,-0.10480457209908056
correct_CP,CO[C@@H]1CN(C)C(=O)c2cc(NC(C)=O)ccc2OC[C@H](C)N(Cc2cccc(F)c2)C[C@@H]1C,10.0495,0.4953607344994141,0.5431394512079335,0.049244137641797275,0.49389531356613625,-0.051631156690511534
correct_CP,CO[C@@H]1CN(C)C(=O)c2cc(NC(C)=O)ccc2OC[C@H](C)N(Cc2cccnc2)C[C@H]1C,10.0582,0.33784197009445516,0.3516544406734734,0.014257947285270718,0.33739649338820266,-0.04397425268911641
correct_CP,CO[C@@H]1CN(C)C(=O)c2cc(NC(C)=O)ccc2OC[C@H](C)NC[C@H]1C,10.084,0.3258658708980321,0.33819595837236605,0.07080482023491827,0.26739113813744775,-0.3523708556449284
correct_CP,CO[C@@H]1CN(C)C(=O)c2cc(NS(=O)(=O)c3ccc(-c4ccccc4)cc3)ccc2OC[C@@H](C)NC[C@@H]1C,10.066,0.3624912495802069,0.37975105055162434,0.04974882485946093,0.3300022256921634,0.07430641431731783
correct_CP,CO[C@@H]1CN(C)C(=O)c2cc(NS(=O)(=O)c3ccc(C)cc3)ccc2OC[C@@H](C)N(C)C[C@@H]1C,9.97517,0.10987572140012256,0.11032111674082216,0.045066720157598036,0.06525439658322413,-0.06297300987195456
correct_CP,CO[C@@H]1CN(C)C(=O)c2cc(NS(=O)(=O)c3ccc(Cl)cc3)ccc2OC[C@@H](C)N(C)C[C@@H]1C,10.0304,0.44566116496583286,0.4792729670692665,0.02725755421049621,0.4520154128587703,-0.12963036046009122
correct_CP,CO[C@@H]1CN(C)C(=O)c2cc(NS(=O)(=O)c3cccc(F)c3)ccc2OC[C@@H](C)N(C(=O)Cc2cccnc2)C[C@@H]1C,10.0199,0.1642927509452399,0.16579536485865676,0.06006795591500489,0.10572740894365187,-0.16399435343635918
correct_CP,CO[C@@H]1CN(C)C(=O)c2cc(NS(=O)(=O)c3cccc(F)c3)ccc2OC[C@H](C)N(Cc2cc(F)ccc2F)C[C@@H]1C,10.011,0.24933388045592497,0.25470241043973074,0.03417600632451316,0.22052640411521757,0.0677351337789695
correct_CP,CO[C@@H]1CN(C)C(=O)c2cc(NS(=O)(=O)c3cccc(F)c3)ccc2OC[C@H](C)N(Cc2cc(F)ccc2F)C[C@H]1C,10.0289,0.1983454083463538,0.20100961328512923,0.13292929152988864,0.06808032175524059,-0.09131207833554979
correct_CP,CO[C@@H]1CN(C)C(=O)c2cc(NS(=O)(=O)c3ccccc3)ccc2OC[C@H](C)N(Cc2ccccn2)C[C@@H]1C,10.0745,0.4710429178860282,0.5114097989106587,0.029155289256645806,0.48225450965401295,-0.23231644444547936
correct_CP,CO[C@@H]1CN(C)C(=O)c2cc(NS(=O)(=O)c3ccccc3C)ccc2OC[C@@H](C)NC[C@@H]1C,10.0377,-0.024296128015768043,-0.024300910392706206,-0.06564879872511754,0.041347888332411334,-0.08558046894534692
correct_CP,CO[C@@H]1CN(C)C(=O)c2cc(NS(=O)(=O)c3cn(C)cn3)ccc2OC[C@@H](C)N(C)C[C@H]1C,10.0496,0.1277384323704606,0.1284400885824103,-0.01617890939730589,0.1446189979797162,0.13643709526514178
correct_CP,CO[C@@H]1CN(C)C(=O)c2cc(NS(=O)(=O)c3cn(C)cn3)ccc2OC[C@@H](C)N(Cc2cccc(Cl)c2)C[C@H]1C,10.0184,0.25880254404408437,0.26482456206086963,-0.019298022547542468,0.2841225846084121,0.1027853224094074
correct_CP,CO[C@@H]1CN(C)C(=O)c2cc(NS(=O)(=O)c3cn(C)cn3)ccc2OC[C@H](C)N(CCC(F)(F)F)C[C@H]1C,10.0164,0.4812907638420599,0.5246628184206193,0.008618641655758357,0.516044176764861,-0.10795008292129124
correct_CP,CO[C@@H]1CN(C)C(=O)c2cc(NS(C)(=O)=O)ccc2OC[C@@H](C)N(C(=O)C2CCOCC2)C[C@@H]1C,10.1032,0.15279645221106183,0.15400249259871734,0.11019245023509748,0.043810042363619864,-0.05125169251683717
correct_CP,CO[C@@H]1CN(C)C(=O)c2cc(NS(C)(=O)=O)ccc2OC[C@@H](C)N(C)C[C@@H]1C,10.0477,0.266756286112683,0.27336833593149934,-0.046076091911233644,0.31944442784273297,0.07368216373100137
correct_CP,CO[C@@H]1CN(C)C(=O)c2cc(NS(C)(=O)=O)ccc2OC[C@H](C)N(C(=O)CC2CC2)C[C@H]1C,9.96637,0.24066962908193426,0.24548479114885383,-0.09590783527077835,0.3413926264196322,0.0763434333909301
correct_CP,CO[C@@H]1CN(C)C(=O)c2cc(NS(C)(=O)=O)ccc2OC[C@H](C)N(CC2CCOCC2)C[C@H]1C,10.0172,0.08004145423409298,0.08021304642696096,-0.02378036995751131,0.10399341638447226,0.15011019856595084
correct_CP,CO[C@@H]1CN(C)C(=O)c2ccc(NC(=O)C3CCC3)cc2OC[C@H](C)N(C(=O)CN(C)C)C[C@@H]1C,9.95497,-0.41425550443025455,-0.44073742311318376,0.030950395609585367,-0.4716878187227691,-0.12891674130437505
correct_CP,CO[C@@H]1CN(C)C(=O)c2ccc(NC(=O)C3CCC3)cc2OC[C@H](C)N(CC2CCCCC2)C[C@@H]1C,10.0228,0.12219986958317727,0.1228136406375324,0.015071729916296748,0.10774191072123565,-0.03996655425118301
correct_CP,CO[C@@H]1CN(C)C(=O)c2ccc(NC(=O)C3CCCC3)cc2OC[C@@H](C)N(C(=O)CC2CC2)C[C@H]1C,9.80035,-0.10349078130304387,-0.10386264781552476,-0.08010566857938721,-0.02375697923613755,0.03556424265342654
correct_CP,CO[C@@H]1CN(C)C(=O)c2ccc(NC(=O)C3CCCC3)cc2OC[C@H](C)N(CCC(F)(F)F)C[C@H]1C,10.0518,0.38631461775367415,0.40746088043461187,0.0113829295795112,0.39607795085510067,0.19657726433230366
correct_CP,CO[C@@H]1CN(C)C(=O)c2ccc(NC(=O)C3CCCCC3)cc2OC[C@@H](C)N(C)C[C@@H]1C,10.0043,0.21711551245960617,0.2206269223049847,0.032831413515914884,0.1877955087890698,0.23234504157301805
correct_CP,CO[C@@H]1CN(C)C(=O)c2ccc(NC(=O)C3CCCCC3)cc2OC[C@@H](C)N(Cc2cccnc2)C[C@@H]1C,10.0733,0.053155478137198,0.053205626869182295,-0.1853560135015253,0.2385616403707076,0.30761251655014965
correct_CP,CO[C@@H]1CN(C)C(=O)c2ccc(NC(=O)C3CCOCC3)cc2OC[C@@H](C)N(C(=O)c2ccccc2)C[C@@H]1C,9.94605,0.3849713027617389,0.405882884742622,0.009513644352850043,0.39636924038977195,0.302889269435925
correct_CP,CO[C@@H]1CN(C)C(=O)c2ccc(NC(=O)C3CCOCC3)cc2OC[C@@H](C)N(Cc2nccs2)C[C@@H]1C,10.0584,0.2209053117390437,0.22460766590762604,-0.014257963500542908,0.23886562940816894,-0.02532659518038732
correct_CP,CO[C@@H]1CN(C)C(=O)c2ccc(NC(=O)C3CCOCC3)cc2OC[C@@H](C)NC[C@H]1C,10.0565,-0.31295724969027616,-0.32382039835017007,0.023976141513680816,-0.3477965398638509,-0.03330283227882099
correct_CP,CO[C@@H]1CN(C)C(=O)c2ccc(NC(=O)Cc3ccccc3)cc2OC[C@H](C)N(C(=O)c2ccccc2F)C[C@H]1C,9.73326,0.06847475910462623,0.06858208251250895,-0.05166132090727474,0.12024340341978369,0.20703202092884945
correct_CP,CO[C@@H]1CN(C)C(=O)c2ccc(NC(=O)NC(C)C)cc2OC[C@H](C)N(Cc2ccccn2)C[C@@H]1C,10.0574,0.1579093342888199,0.1592418362715424,0.06094208126777041,0.09829975500377199,0.18246372221835327
correct_CP,CO[C@@H]1CN(C)C(=O)c2ccc(NC(=O)Nc3c(C)noc3C)cc2OC[C@H](C)NC[C@@H]1C,10.0707,0.4057242838857566,0.4304822866368996,0.018886438734809816,0.41159584790208975,-0.10623033226795858
correct_CP,CO[C@@H]1CN(C)C(=O)c2ccc(NC(=O)Nc3cc(Cl)cc(Cl)c3)cc2OC[C@H](C)NC[C@@H]1C,10.0717,0.16796051590602415,0.16956723070145308,-0.057300777231538744,0.22686800793299183,0.4840173999390238
correct_CP,CO[C@@H]1CN(C)C(=O)c2ccc(NC(=O)Nc3ccc4c(c3)OCO4)cc2OC[C@@H](C)NC[C@@H]1C,10.0113,0.028338162499651855,0.02834575182429017,0.03148029131815285,-0.003134539493862682,0.051704642439160904
correct_CP,CO[C@@H]1CN(C)C(=O)c2ccc(NC(=O)Nc3ccc4c(c3)OCO4)cc2OC[C@H](C)NC[C@H]1C,10.0136,0.09097486339067987,0.09122709938253552,-0.07638467636596133,0.16761177574849684,-0.13060405198419178
correct_CP,CO[C@@H]1CN(C)C(=O)c2ccc(NC(=O)Nc3cccc(F)c3)cc2OC[C@@H](C)N(C(C)=O)C[C@@H]1C,10.0266,0.0013871291866837975,0.0013871300763559074,0.017178723793142735,-0.015791593716786827,-0.03457493798055857
correct_CP,CO[C@@H]1CN(C)C(=O)c2ccc(NC(=O)Nc3cccc(F)c3)cc2OC[C@@H](C)N(C(C)=O)C[C@H]1C,10.0639,-0.20090247457369073,-0.2036728087945435,0.06264531893341854,-0.26631812772796204,-0.2108405387716896
correct_CP,CO[C@@H]1CN(C)C(=O)c2ccc(NC(=O)Nc3cccc(F)c3)cc2OC[C@H](C)NC[C@@H]1C,9.94541,-0.02616570012101287,-0.02617167397051536,0.058872508728266666,-0.08504418269878203,-0.18274122297912204
correct_CP,CO[C@@H]1CN(C)C(=O)c2ccc(NC(=O)Nc3ccccc3Cl)cc2OC[C@@H](C)N(C(C)=O)C[C@H]1C,10.0485,0.002742616691442703,0.002742623568078911,0.04384454125252528,-0.04110191768444637,-0.07931225137128381
correct_CP,CO[C@@H]1CN(C)C(=O)c2ccc(NC(=O)Nc3ccccc3Cl)cc2OC[C@H](C)NC[C@H]1C,9.95305,-0.012532874527505188,-0.012533530781186731,0.05725909929839403,-0.06979263007958077,-0.06398600104876363
correct_CP,CO[C@@H]1CN(C)C(=O)c2ccc(NC(=O)Nc3ccccc3F)cc2OC[C@@H](C)N(C)C[C@@H]1C,10.0121,0.33417857677801127,0.34752479094056704,0.1677982409621419,0.17972654997842513,0.011911476848944447
correct_CP,CO[C@@H]1CN(C)C(=O)c2ccc(NC(=O)Nc3ccccc3F)cc2OC[C@H](C)N(C)C[C@H]1C,9.97517,0.5120423588604969,0.5654939851621762,0.12030982939073698,0.4451841557714392,0.0350198721510106
correct_CP,CO[C@@H]1CN(C)C(=O)c2ccc(NC(=O)c3cc(C)on3)cc2OC[C@H](C)N(C)C[C@@H]1C,10.0043,-0.18151912515181645,-0.18355312661767256,0.057731709214104227,-0.2412848358317768,-0.272022445257605
correct_CP,CO[C@@H]1CN(C)C(=O)c2ccc(NC(=O)c3ccc(F)cc3)cc2OC[C@H](C)N(C(=O)CC2CC2)C[C@H]1C,10.0993,-0.2406227765340955,-0.24543505855702363,-0.0394826721639315,-0.20595238639309213,0.11798261532142484
correct_CP,CO[C@@H]1CN(C)C(=O)c2ccc(NC(=O)c3ccc4c(c3)OCO4)cc2OC[C@@H](C)N(CCC(F)(F)F)C[C@H]1C,9.84296,0.03590665965590648,0.03592210294847102,0.1295889773041093,-0.09366687435563827,0.021436400615750972
correct_CP,CO[C@@H]1CN(C)C(=O)c2ccc(NC(=O)c3ccc4c(c3)OCO4)cc2OC[C@H](C)N(CCC(F)(F)F)C[C@H]1C,10.0576,0.20475375642635835,0.20768933324492322,-0.00943242308231098,0.2171217563272342,-0.159495603752843
correct_CP,CO[C@@H]1CN(C)C(=O)c2ccc(NC(=O)c3cccc(F)c3)cc2OC[C@@H](C)NC[C@@H]1C,10.1027,0.4580623443280758,0.49485635171826364,0.050030648375428956,0.44482570334283467,0.12393042033663385
correct_CP,CO[C@@H]1CN(C)C(=O)c2ccc(NC(=O)c3cccc(F)c3)cc2OC[C@H](C)N(CC2CC2)C[C@H]1C,9.93882,0.13165791904618096,0.13242664096749443,0.017012517144448895,0.11541412382304553,-0.3056587126778238
correct_CP,CO[C@@H]1CN(C)C(=O)c2ccc(NC(=O)c3cccc(Oc4ccccc4)c3)cc2OC[C@H](C)NC[C@@H]1C,10.0235,-0.04474257563350601,-0.04477246823889889,-0.013141441625253464,-0.031631026613645426,-0.23850437032867242
correct_CP,CO[C@@H]1CN(C)C(=O)c2ccc(NC(=O)c3ccccc3)cc2OC[C@H](C)N(C(C)=O)C[C@H]1C,9.91213,0.4380458247818356,0.4698100484933292,-0.04824765689182526,0.5180577053851545,0.0965196165496879
correct_CP,CO[C@@H]1CN(C)C(=O)c2ccc(NC(=O)c3ccccc3F)cc2OC[C@H](C)N(C)C[C@@H]1C,9.99399,0.234534275137173,0.23898231676446374,0.035001943417138255,0.2039803733473255,-0.02472297054205513
correct_CP,CO[C@@H]1CN(C)C(=O)c2ccc(NC(=O)c3ccccc3F)cc2OC[C@H](C)N(CC2CC2)C[C@H]1C,10.0442,0.47093205343963657,0.5112673308967421,0.03876378686089196,0.47250354403585015,-0.41403756579384854
correct_CP,CO[C@@H]1CN(C)C(=O)c2ccc(NC(=O)c3cccnc3)cc2OC[C@@H](C)N(CC2CC2)C[C@H]1C,10.0081,0.4016921307379486,0.42566499877832836,0.04470980744211504,0.3809551913362133,-0.050810263986622126
correct_CP,CO[C@@H]1CN(C)C(=O)c2ccc(NC(=O)c3cnccn3)cc2OC[C@@H](C)N(C(C)=O)C[C@H]1C,10.0392,0.259930510230013,0.2660338804647935,0.042770218279846256,0.22326366218494723,0.14870616040544563
correct_CP,CO[C@@H]1CN(C)C(=O)c2ccc(NC(=O)c3cnccn3)cc2OC[C@H](C)N(C)C[C@@H]1C,9.99405,0.2660824346089642,0.27264300061675684,0.016285397828590443,0.2563576027881664,0.026683386504452383
correct_CP,CO[C@@H]1CN(C)C(=O)c2ccc(NC(=O)c3nc4ccccc4s3)cc2OC[C@@H](C)N(Cc2cccnc2)C[C@@H]1C,10.0155,0.18414606839138511,0.18627092142467364,0.04032051112074003,0.1459504103039336,0.04595393237500249
correct_CP,CO[C@@H]1CN(C)C(=O)c2ccc(NC(=O)c3nc4ccccc4s3)cc2OC[C@@H](C)N(Cc2cccnc2)C[C@H]1C,9.93334,0.2609287375372793,0.2671047372364131,0.01345339933126518,0.25365133790514793,0.13623976274305952
correct_CP,CO[C@@H]1CN(C)C(=O)c2ccc(NC(=O)c3nc4ccccc4s3)cc2OC[C@@H](C)NC[C@@H]1C,10.1591,0.010435646636026053,0.010436025484217938,0.0317588323741249,-0.02132280688990696,0.09451598393547637
correct_CP,CO[C@@H]1CN(C)C(=O)c2ccc(NC(C)=O)cc2OC[C@@H](C)N(C(=O)C2CCC2)C[C@@H]1C,10.1387,0.24434568159583545,0.2493905464869195,0.057295045219243834,0.19209550126767566,-0.3228355469562982
correct_CP,CO[C@@H]1CN(C)C(=O)c2ccc(NC(C)=O)cc2OC[C@@H](C)N(C(=O)CN(C)C)C[C@@H]1C,9.98527,0.05272019267122999,0.052769118117826495,0.02989965687779331,0.022869461240033185,0.04491337340155488
correct_CP,CO[C@@H]1CN(C)C(=O)c2ccc(NC(C)=O)cc2OC[C@@H](C)N(C(=O)Cc2cccnc2)C[C@@H]1C,10.0581,-0.38418427520967324,-0.4049592517150008,0.018853392810926656,-0.4238126445259275,-0.14855926916523857
correct_CP,CO[C@@H]1CN(C)C(=O)c2ccc(NC(C)=O)cc2OC[C@@H](C)N(C(=O)c2cccnc2)C[C@@H]1C,10.0408,0.003273791072440151,0.0032738027683609366,-0.07897493099194419,0.08224873376030513,0.1768913992177809
correct_CP,CO[C@@H]1CN(C)C(=O)c2ccc(NC(C)=O)cc2OC[C@H](C)N(C(=O)Cc2ccccn2)C[C@@H]1C,9.98205,0.1961477632281445,0.19872300377500404,0.056282631167944915,0.14244037260705913,-0.19416396103569228
correct_CP,CO[C@@H]1CN(C)C(=O)c2ccc(NC(C)=O)cc2OC[C@H](C)N(C(=O)c2ccccc2F)C[C@@H]1C,10.0386,0.40467275732954283,0.42922419983371474,-0.003954571812951798,0.4331787716466665,-0.20702778999171892
correct_CP,CO[C@@H]1CN(C)C(=O)c2ccc(NC(C)=O)cc2OC[C@H](C)N(Cc2ccccc2F)C[C@@H]1C,9.99817,0.46368197234398356,0.5019915593106378,0.027626309440517638,0.47436524987012013,0.046658796377470044
correct_CP,CO[C@@H]1CN(C)C(=O)c2ccc(NS(=O)(=O)CC(F)(F)F)cc2OC[C@H](C)NC[C@H]1C,9.97216,0.22963758401767964,0.23380684179258004,0.016491813470641447,0.2173150283219386,-0.373263108096749
correct_CP,CO[C@@H]1CN(C)C(=O)c2ccc(NS(=O)(=O)c3ccc(F)cc3)cc2OC[C@H](C)NC[C@H]1C,10.0332,0.10738623182004879,0.10780189727183956,-0.1538890389230028,0.26169093619484235,0.4195176713762061
correct_CP,CO[C@@H]1CN(C)C(=O)c2ccc(NS(=O)(=O)c3ccc(Oc4ccccc4)cc3)cc2OC[C@@H](C)NC[C@@H]1C,9.9631,0.2685853874468893,0.27533860304615987,-0.016218390613784814,0.2915569936599447,0.3753210981244467
correct_CP,CO[C@@H]1CN(C)C(=O)c2ccc(NS(=O)(=O)c3ccc(Oc4ccccc4)cc3)cc2OC[C@H](C)NC[C@@H]1C,10.041,0.1291444308605838,0.12986967144009612,0.04361391003069881,0.08625576140939731,-0.05657990312495184
correct_CP,CO[C@@H]1CN(C)C(=O)c2ccc(NS(=O)(=O)c3cccc(Cl)c3)cc2OC[C@H](C)NC[C@H]1C,10.0419,0.19958003213618514,0.20229512577341888,0.048762259769656785,0.1535328660037621,-0.04877550859864619
correct_CP,CO[C@@H]1CN(C)C(=O)c2ccc(NS(=O)(=O)c3ccccc3)cc2OC[C@@H](C)N(C)C[C@@H]1C,9.99468,0.3046511892153705,0.3146386951941269,0.107828923941498,0.2068097712526289,0.3210825427412276
correct_CP,CO[C@@H]1CN(C)C(=O)c2ccc(NS(=O)(=O)c3ccccc3)cc2OC[C@@H](C)N(Cc2cccnc2)C[C@@H]1C,10.0277,-0.13342893653446675,-0.13422932813665467,0.015113320709049534,-0.1493426488457042,0.3539275984773134
correct_CP,CO[C@@H]1CN(C)C(=O)c2ccc(NS(=O)(=O)c3ccccc3C)cc2OC[C@@H](C)N(C)C[C@@H]1C,9.94585,0.16829595838936243,0.16991243100122294,0.03934907132642046,0.13056335967480248,0.17994745875253543
correct_CP,CO[C@@H]1CN(C)C(=O)c2ccc(NS(=O)(=O)c3ccccc3C)cc2OC[C@@H](C)N(S(C)(=O)=O)C[C@H]1C,10.0262,0.39969673180584614,0.42328794874401887,-0.04121300707512559,0.46450095581914447,-0.1438135287790165
correct_CP,CO[C@@H]1CN(C)C(=O)c2ccc(NS(=O)(=O)c3ccccc3Cl)cc2OC[C@H](C)NC[C@@H]1C,9.9779,0.3385547302087756,0.3524592538622014,0.032029463517831355,0.32042979034437,0.2102472740180763
correct_CP,CO[C@@H]1CN(C)C(=O)c2ccc(NS(=O)(=O)c3ccccc3F)cc2OC[C@H](C)NC[C@H]1C,9.99456,0.4152395542769233,0.44192591159074507,-0.0036482108653912854,0.44557412245613637,0.21741225788279772
correct_CP,CO[C@@H]1CN(C)C(=O)c2ccc(NS(=O)(=O)c3cn(C)cn3)cc2OC[C@@H](C)N(Cc2cccc(C(F)(F)F)c2)C[C@H]1C,9.96955,0.013064067321159091,0.01306481061143327,0.07335681275332281,-0.060292002141889546,-0.31145161968462587
correct_CP,CO[C@@H]1CN(C)C(=O)c2ccc(NS(=O)(=O)c3cn(C)cn3)cc2OC[C@H](C)N(Cc2cccc(F)c2)C[C@H]1C,9.96432,0.29488956991799686,0.3039131336715241,-0.03758033530751339,0.3414934689790375,0.3270369099062236
correct_CP,CO[C@@H]1CN(C)C(=O)c2ccc(NS(=O)(=O)c3cn(C)cn3)cc2OC[C@H](C)NC[C@H]1C,10.0571,0.1406312210564147,0.14156947452578497,0.05202239808944707,0.0895470764363379,0.06305840096394243
correct_CP,CO[C@@H]1CN(C)C(=O)c2ccc(NS(C)(=O)=O)cc2OC[C@@H](C)N(Cc2ccccn2)C[C@H]1C,9.97834,0.02334787735798137,0.02335212123738194,-0.014068834758033333,0.03742095599541527,-0.34088646389250965
correct_CP,CO[C@@H]1CN(C)C(=O)c2ccc(NS(C)(=O)=O)cc2OC[C@@H](C)N(Cc2nccs2)C[C@H]1C,10.2058,0.17380177580623762,0.17558420769915495,-0.04130792253372408,0.21689213023287904,0.11080545297564812
correct_CP,CO[C@@H]1CN(C)C(=O)c2ccc(NS(C)(=O)=O)cc2OC[C@@H](C)N(S(C)(=O)=O)C[C@H]1C,10.0512,-0.013997977922042644,-0.01399889229994146,-0.06458018347748845,0.05058129117754699,0.11443863307294937
correct_CP,CO[C@@H]1CN(C)C(=O)c2ccc(NS(C)(=O)=O)cc2OC[C@H](C)N(C)C[C@H]1C,10.0347,0.08634980224077843,0.08656538387047137,0.01166682665879288,0.07489855721167848,0.013212758416448464
correct_CP,CO[C@@H]1CN(C)C(=O)c2ccc(NS(C)(=O)=O)cc2OC[C@H](C)N(Cc2ccccc2)C[C@H]1C,9.97788,0.36260706911364393,0.37988439745465286,0.012607222279052338,0.36727717517560055,-0.08918385971561668
correct_CP,CO[C@@H]1CN(C)C(=O)c2cccc(C#N)c2OC[C@H]2O[C@H](CC[C@H]2OC)CCN(C)C(=O)[C@H]1C,10.0074,-0.4084561748471274,-0.4337568499186305,-0.06370808928506255,-0.37004876063356795,0.3138505029690731
correct_CP,CO[C@H](C(=O)N(C)C[C@@H]1OCc2ccccc2-c2c(n(C)c3ccccc23)C(=O)N([C@H](C)CO)C[C@H]1C)c1ccccc1,9.89076,0.19892042835547935,0.20160825265135657,0.11387983165903948,0.08772842099231709,-0.1414835955266679
correct_CP,CO[C@H](CN(C)C(=O)C1CC1)[C@@H](C)CN(C(=O)Nc1ccc(C(F)(F)F)cc1)[C@@H](C)CO,9.54397,0.050750081341874344,0.05079371893857393,-0.008705554391973416,0.059499273330547345,0.15444351693863523
correct_CP,CO[C@H](CN(C)C(=O)C1CCOCC1)[C@@H](C)CN(C(=O)Nc1ccc(C(F)(F)F)cc1)[C@@H](C)CO,10.0047,0.23359924780882013,0.23799309246975014,-0.05795298800336746,0.2959460804731176,0.11174107118249633
correct_CP,CO[C@H](CN(C)C(=O)C1CCOCC1)[C@@H](C)CN(C(=O)Nc1ccc(C(F)(F)F)cc1)[C@H](C)CO,10.0397,0.3169359394324692,0.32823720559087993,0.014859008745575261,0.31337819684530466,-0.4023099113746028
correct_CP,CO[C@H](CN(C)C(=O)C1CCOCC1)[C@@H](C)CN(C(=O)Nc1ccc(F)cc1)[C@H](C)CO,10.0149,0.2366400485781204,0.2412118322551736,0.012700734769213668,0.22851109748595994,-0.13184635880413628
correct_CP,CO[C@H](CN(C)C(=O)C1CCOCC1)[C@H](C)CN(C(=O)Nc1ccc(C(F)(F)F)cc1)[C@@H](C)CO,10.8327,-0.5066176383675818,-0.5581689939414378,-0.08546466188855156,-0.47270433205288626,-0.20174653756376754
correct_CP,CO[C@H](CN(C)C(=O)C1CCOCC1)[C@H](C)CN([C@@H](C)CO)S(=O)(=O)c1ccccc1,10.0134,0.1168924055530229,0.11742921287531034,0.012603162065534568,0.10482605080977578,0.04505379556301213
correct_CP,CO[C@H](CN(C)C(=O)c1ccc2c(c1)OCO2)[C@@H](C)CN([C@@H](C)CO)S(=O)(=O)c1ccc(C)cc1,9.48517,0.32171841638868576,0.33356274137463254,0.2034968995364712,0.13006584183816133,-0.18509270566219177
correct_CP,CO[C@H](CN(C)C(=O)c1ccc2c(c1)OCO2)[C@@H](C)CN([C@H](C)CO)S(=O)(=O)c1ccccc1,10.0334,0.2988003417477909,0.3082018188415629,0.034252096951833524,0.2739497218897294,0.11362228221317207
correct_CP,CO[C@H](CN(C)C(=O)c1ccccc1F)[C@H](C)CN([C@H](C)CO)S(=O)(=O)c1ccc(Cl)cc1,9.54788,0.062292820771103014,0.06237358248129152,-0.08084042795575923,0.14321401043705073,-0.04189386613717257
correct_CP,CO[C@H](CN(C)CC1CCOCC1)[C@H](C)CN(C(=O)Nc1ccc(F)cc1)[C@H](C)CO,10.7651,0.3814800334096651,0.4017906089165889,0.07606139951105609,0.32572920940553285,-0.2581870395636995
correct_CP,CO[C@H](CN(C)Cc1ccc(-c2ccccn2)cc1)[C@@H](C)CN(C(=O)Nc1ccc(F)cc1)[C@@H](C)CO,10.7731,0.1692140337355184,0.17085741799619325,0.050972625778774365,0.11988479221741888,-0.09772637233680759
correct_CP,CO[C@H](CN(C)Cc1nccs1)[C@@H](C)CN([C@H](C)CO)S(=O)(=O)c1ccc(F)cc1,10.8571,0.5438361005597645,0.6095866994652694,-0.13041016145884177,0.7399968609241112,0.09940519038816673
correct_CP,CO[C@H](CN(C)Cc1nccs1)[C@H](C)CN([C@@H](C)CO)S(=O)(=O)c1ccc(F)cc1,10.0346,0.0980316680920471,0.09834752628532581,0.03198670287410539,0.06636082341122042,0.026887988247584815
correct_CP,CO[C@H](CN(C)Cc1nccs1)[C@H](C)CN([C@H](C)CO)S(=O)(=O)c1ccc(F)cc1,10.0145,-0.16476757148311083,-0.16628339650836757,-0.01598093354527865,-0.1503024629630889,0.06161047343843583
correct_CP,CO[C@H](CN(C)S(=O)(=O)c1ccc(C)cc1)[C@@H](C)CN(C(=O)Nc1ccccc1F)[C@@H](C)CO,9.46685,0.2534861975067891,0.2591348999784876,0.1630228317689429,0.09611206820954471,-0.14736522915801453
correct_CP,CO[C@H](CN(C)S(=O)(=O)c1ccc(C)cc1)[C@@H](C)CN(Cc1ccccc1Cl)[C@@H](C)CO,10.617,-0.3749418673212658,-0.39416103659905505,-0.032815776527092624,-0.36134526007196244,-0.05004379840244173
correct_CP,CO[C@H](CN(C)S(=O)(=O)c1ccc(C)cc1)[C@H](C)CN(Cc1ccccc1Cl)[C@H](C)CO,10.0893,-0.14778901209879164,-0.14887931903222998,0.022586407833855654,-0.17146572686608563,-0.044984146979120954
correct_CP,CO[C@H](CN(C)S(=O)(=O)c1cccc(Cl)c1)[C@H](C)CN([C@@H](C)CO)S(=O)(=O)c1cccc(Cl)c1,10.7871,-0.2304416447115632,-0.23465582946225405,0.07123072098064478,-0.3058865504428988,0.13893505329359232
correct_CP,CO[C@H](CN(C)S(=O)(=O)c1ccccc1)[C@@H](C)CN(Cc1ccccc1Cl)[C@H](C)CO,9.90679,-0.635433663882555,-0.7504773795143773,0.08382177808022853,-0.8342991575946058,0.2542418771659273
correct_CP,CO[C@H](CN(C)S(=O)(=O)c1cn(C)cn1)[C@@H](C)CN(C(=O)Nc1ccc(C(F)(F)F)cc1)[C@@H](C)CO,9.4895,-0.6107421592366435,-0.7101041832327253,0.12085574491141635,-0.8309599281441417,0.14337104691541827
correct_CP,CO[C@H](CN(C)S(=O)(=O)c1cn(C)cn1)[C@@H](C)CN(C(=O)Nc1ccc(F)cc1)[C@H](C)CO,10.0209,-0.12945412381989363,-0.13018462997434038,0.02549768134621639,-0.15568231132055677,-0.14787424204774133
correct_CP,CO[C@H](CN(C)S(=O)(=O)c1cn(C)cn1)[C@H](C)CN(C(=O)Nc1ccc(C(F)(F)F)cc1)[C@H](C)CO,9.77082,-0.1649444837193967,-0.1664652511001374,-0.007422741470709999,-0.1590425096294274,0.1974675268694106
correct_CP,CO[C@H]1CC[C@@H]2CCN(C)C(=O)[C@@H](C)[C@H](OC)CN(C)C(=O)c3cc(C#N)ccc3OC[C@H]1O2,10.0221,0.5404763584247781,0.6048282900519308,0.02022548324642805,0.5846028068055028,-0.0873894862357081
correct_CP,CO[C@H]1CC[C@@H]2CCOc3c(C#N)cccc3C(=O)N(C)C[C@@H](C)C(=O)N(C)C[C@@H]1O2,10.0379,0.3420681908708085,0.3564329183487117,-0.05003450234218583,0.40646742069089753,-0.6182064464253206
correct_CP,CO[C@H]1CC[C@@H]2CCOc3c(C#N)cccc3C(=O)N(C)C[C@H](c3ccccc3)CC(=O)N(C)C[C@@H]1O2,10.0322,0.08249253772871486,0.08268042656918882,-0.13660321498614753,0.21928364155533636,0.0955170307879627
correct_CP,CO[C@H]1CC[C@@H]2CCOc3c(C#N)cccc3C(=O)N(C)C[C@H](c3ccccc3)CC(=O)N(C)C[C@H]1O2,10.0613,0.6058515782046536,0.7023409648755691,0.10398218998933886,0.5983587748862302,-0.1239801097324889
correct_CP,CO[C@H]1CC[C@@H]2CCOc3c(C#N)cccc3C(=O)N(C)[C@@H](C)C(=O)N(C)C[C@H]1O2,10.0383,0.5630193064402488,0.6372428339458718,-0.19154043577358174,0.8287832697194535,-0.09495109269986754
correct_CP,CO[C@H]1CC[C@H]2CCN(C)C(=O)[C@H](C)[C@H](OC)CN(C)C(=O)c3cccc(C#N)c3OC[C@@H]1O2,10.0367,0.1860199618905253,0.18821128409742427,-0.09492623574186981,0.2831375198392941,0.10013624044165287
correct_CP,CO[C@H]1CC[C@H]2CCOc3c(C#N)cccc3C(=O)N(C)C[C@@H](C)C(=O)N(C)C[C@@H]1O2,10.0097,0.16371498452206226,0.16520162853165277,-0.13441424046886255,0.2996158690005153,0.18189521515698082
correct_CP,CO[C@H]1CC[C@H]2CCOc3c(C#N)cccc3C(=O)N(C)C[C@H](c3ccccc3)CC(=O)N(C)C[C@@H]1O2,10.0322,-0.18718470211543353,-0.1894180443911534,0.10002575758409565,-0.28944380197524905,-0.12347623843977672
correct_CP,CO[C@H]1CN(C)C(=O)c2cc(NC(=O)C3CC3)ccc2OC[C@@H](C)N(C(=O)CN(C)C)C[C@H]1C,10.0373,0.09618652284065948,0.09648481478728721,-0.01637356157640793,0.11285837636369514,0.12639213786856413
correct_CP,CO[C@H]1CN(C)C(=O)c2cc(NC(=O)C3CC3)ccc2OC[C@@H](C)N(C(=O)CN2CCOCC2)C[C@H]1C,10.0119,0.2300144695618135,0.23420474456810841,-0.0077713657175899255,0.24197611028569835,0.12575039405048444
correct_CP,CO[C@H]1CN(C)C(=O)c2cc(NC(=O)C3CC3)ccc2OC[C@@H](C)N(C(=O)NC(C)C)C[C@@H]1C,9.95577,-0.3227373129703956,-0.33469968819448387,-0.017798644911017257,-0.31690104328346663,0.04897306140998363
correct_CP,CO[C@H]1CN(C)C(=O)c2cc(NC(=O)C3CC3)ccc2OC[C@@H](C)N(CCC(F)(F)F)C[C@@H]1C,10.0886,0.17679248276564521,0.1786697326025508,-0.012929595204940369,0.19159932780749117,0.06811458164172159
correct_CP,CO[C@H]1CN(C)C(=O)c2cc(NC(=O)C3CC3)ccc2OC[C@@H](C)N(CCc2ccccc2)C[C@@H]1C,10.0335,0.14384147568273078,0.1448460205876736,0.06780805709878918,0.07703796348888442,-0.05482037834848698
correct_CP,CO[C@H]1CN(C)C(=O)c2cc(NC(=O)C3CC3)ccc2OC[C@H](C)N(C(=O)CN(C)C)C[C@@H]1C,10.0339,0.32599170663187205,0.3383367503818608,0.05318634192905307,0.2851504084528077,-0.09825780176053273
correct_CP,CO[C@H]1CN(C)C(=O)c2cc(NC(=O)C3CC3)ccc2OC[C@H](C)N(C(=O)CN(C)C)C[C@H]1C,10.1564,-0.23134531707759529,-0.23561039131817024,0.07418594348197657,-0.3097963348001468,-0.08513284700329016
correct_CP,CO[C@H]1CN(C)C(=O)c2cc(NC(=O)C3CC3)ccc2OC[C@H](C)N(C(=O)c2cccnc2)C[C@H]1C,10.0078,0.08654119402867563,0.08675821666453491,0.04836071110504299,0.03839750555949192,0.26883732947130795
correct_CP,CO[C@H]1CN(C)C(=O)c2cc(NC(=O)C3CC3)ccc2OC[C@H](C)N(CC2CCCC2)C[C@@H]1C,10.0289,-0.1231811154304942,-0.1238098829625025,-0.0010679537478983179,-0.12274192921460418,-0.3095423114550978
correct_CP,CO[C@H]1CN(C)C(=O)c2cc(NC(=O)C3CCC3)ccc2OC[C@@H](C)N(C)C[C@@H]1C,9.91722,0.1458948946079016,0.14694345881079707,-0.04335509630020237,0.19029855511099944,-0.011696028172389267
correct_CP,CO[C@H]1CN(C)C(=O)c2cc(NC(=O)C3CCC3)ccc2OC[C@@H](C)N(Cc2ccncc2)C[C@H]1C,9.9998,0.31189228820962195,0.32264024260917945,0.04916480230596929,0.27347544030321014,0.13498833601620466
correct_CP,CO[C@H]1CN(C)C(=O)c2cc(NC(=O)C3CCC3)ccc2OC[C@H](C)N(C)C[C@@H]1C,10.0538,0.319850685129972,0.33148076854966596,0.0881442330411186,0.24333653550854736,0.19276638308002927
correct_CP,CO[C@H]1CN(C)C(=O)c2cc(NC(=O)C3CCCCC3)ccc2OC[C@H](C)N(C(=O)c2ccccc2)C[C@H]1C,10.0415,-0.036811500775341684,-0.03682814189788032,0.036529417930375084,-0.0733575598282554,-0.21209062588031305
correct_CP,CO[C@H]1CN(C)C(=O)c2cc(NC(=O)C3CCOCC3)ccc2OC[C@H](C)N(CC2CC2)C[C@H]1C,10.0251,0.6615299954873105,0.7955293327121208,0.028959664569822696,0.7665696681422981,-0.25529728238430704
correct_CP,CO[C@H]1CN(C)C(=O)c2cc(NC(=O)Cc3ccccc3)ccc2OC[C@H](C)N(C(C)=O)C[C@@H]1C,9.99207,-0.17493525731418128,-0.17675323283181676,0.02734731220000208,-0.20410054503181885,-0.08219212738370546
correct_CP,CO[C@H]1CN(C)C(=O)c2cc(NC(=O)Cc3ccccc3)ccc2OC[C@H](C)NC[C@H]1C,10.0865,0.12197975971688187,0.12259020018412212,0.04322946324370194,0.07936073694042017,-0.06741218586783607
correct_CP,CO[C@H]1CN(C)C(=O)c2cc(NC(=O)NC(C)C)ccc2OC[C@@H](C)N(C(=O)C2CCC2)C[C@@H]1C,10.0525,-0.01675109568903559,-0.016752662734258735,-0.002204351009498128,-0.014548311724760607,-0.15825920949060038
correct_CP,CO[C@H]1CN(C)C(=O)c2cc(NC(=O)NC(C)C)ccc2OC[C@@H](C)N(C)C[C@H]1C,10.1107,0.2415359588555498,0.24640458937781512,-0.06508632004098094,0.3114909094187961,0.026432439791538948
correct_CP,CO[C@H]1CN(C)C(=O)c2cc(NC(=O)NC(C)C)ccc2OC[C@@H](C)N(Cc2ccccc2)C[C@@H]1C,10.1047,-0.0032176468411520684,-0.003217657945589716,0.024636313600892825,-0.02785397154648254,-0.09992681825793993
correct_CP,CO[C@H]1CN(C)C(=O)c2cc(NC(=O)NC(C)C)ccc2OC[C@@H](C)N(Cc2ccccc2)C[C@H]1C,10.0109,0.34777899595267475,0.3629149303433459,0.02766658459458949,0.3352483457487564,-0.301089719141462
correct_CP,CO[C@H]1CN(C)C(=O)c2cc(NC(=O)NC(C)C)ccc2OC[C@H](C)N(C(=O)C2CCC2)C[C@@H]1C,10.0065,0.29538559868207465,0.3044564923579665,0.01056311238314346,0.29389337997482307,-0.0543702657247163
correct_CP,CO[C@H]1CN(C)C(=O)c2cc(NC(=O)NC(C)C)ccc2OC[C@H](C)N(C)C[C@@H]1C,10.1362,0.03513039277200903,0.03514485547659185,0.04494782338420586,-0.009802967907614007,-0.2557284966726474
correct_CP,CO[C@H]1CN(C)C(=O)c2cc(NC(=O)NC(C)C)ccc2OC[C@H](C)N(C)C[C@H]1C,9.86182,0.30336987023387263,0.31322689387111585,-0.00014841927858207267,0.3133753131496979,0.20890665884728302
correct_CP,CO[C@H]1CN(C)C(=O)c2cc(NC(=O)NC3CCCCC3)ccc2OC[C@@H](C)N(CC2CC2)C[C@H]1C,9.99196,-0.1117247932589768,-0.11219317181251323,0.006692079390420144,-0.11888525120293338,-0.17314329057912603
correct_CP,CO[C@H]1CN(C)C(=O)c2cc(NC(=O)Nc3ccc(Cl)c(Cl)c3)ccc2OC[C@@H](C)NC[C@H]1C,10.091,0.07426156558770551,0.07439853114371899,0.05080902138068302,0.023589509763035962,0.06588113417139757
correct_CP,CO[C@H]1CN(C)C(=O)c2cc(NC(=O)Nc3ccc(Cl)cc3)ccc2OC[C@@H](C)N(C(=O)Nc2c(C)noc2C)C[C@H]1C,9.94028,-0.12968806815415634,-0.13042256898910332,0.023505610499845557,-0.15392817948894888,0.10396798774860339
correct_CP,CO[C@H]1CN(C)C(=O)c2cc(NC(=O)Nc3ccc(Cl)cc3)ccc2OC[C@@H](C)NC[C@@H]1C,10.0635,-0.14812793827380957,-0.1492258309493955,0.06874795686248575,-0.21797378781188126,0.012184353633646311
correct_CP,CO[C@H]1CN(C)C(=O)c2cc(NC(=O)Nc3ccc(Cl)cc3)ccc2OC[C@H](C)N(C)C[C@H]1C,10.0178,0.09502714348138848,0.09531474002891448,-0.006647032291494895,0.10196177232040937,0.06551564989341829
correct_CP,CO[C@H]1CN(C)C(=O)c2cc(NC(=O)Nc3cccc(Cl)c3)ccc2OC[C@@H](C)NC[C@H]1C,9.9504,0.15164407517404668,0.15282278029472887,0.04375468601896754,0.10906809427576133,0.02604335916549233
correct_CP,CO[C@H]1CN(C)C(=O)c2cc(NC(=O)Nc3cccc(Cl)c3)ccc2OC[C@H](C)NC[C@@H]1C,10.0555,0.3152884481401914,0.32640680767649854,0.04255398840832234,0.2838528192681762,-0.027658360669176676
correct_CP,CO[C@H]1CN(C)C(=O)c2cc(NC(=O)Nc3cccc(F)c3)ccc2OC[C@@H](C)N(C(=O)Nc2c(C)noc2C)C[C@@H]1C,9.98754,-0.20658738202208154,-0.20960394842746818,0.028378421084494256,-0.23798236951196244,0.04509521582340641
correct_CP,CO[C@H]1CN(C)C(=O)c2cc(NC(=O)Nc3cccc(F)c3)ccc2OC[C@@H](C)N(C)C[C@@H]1C,10.0462,0.4290642552256979,0.4587492349033695,0.04126123512108773,0.4174879997822818,-0.1018003275564944
correct_CP,CO[C@H]1CN(C)C(=O)c2cc(NC(=O)Nc3cccc(F)c3)ccc2OC[C@H](C)N(C)C[C@H]1C,10.0149,0.27781127867469246,0.28530873157514297,0.0367312738587175,0.24857745771642548,0.0022784469503559363
correct_CP,CO[C@H]1CN(C)C(=O)c2cc(NC(=O)Nc3ccccc3)ccc2OC[C@@H](C)N(C(=O)CN(C)C)C[C@@H]1C,10.0476,-0.41880797745511267,-0.4462455698970502,0.023773755756563666,-0.4700193256536139,0.11070309178051722
correct_CP,CO[C@H]1CN(C)C(=O)c2cc(NC(=O)Nc3ccccc3)ccc2OC[C@@H](C)N(C(C)=O)C[C@H]1C,10.0922,0.1342413903982987,0.1350566000200066,0.04842020719518307,0.08663639282482354,-0.08623726611266502
correct_CP,CO[C@H]1CN(C)C(=O)c2cc(NC(=O)Nc3ccccc3F)ccc2OC[C@H](C)N(C(C)=O)C[C@H]1C,10.0528,0.16957267427755923,0.1712266534240445,0.053513401965166865,0.11771325145887764,-0.4993160565239055
correct_CP,CO[C@H]1CN(C)C(=O)c2cc(NC(=O)c3cc(C)on3)ccc2OC[C@@H](C)N(C(C)=O)C[C@H]1C,9.94768,0.13707317452364512,0.13794147630253495,-0.027541949686229538,0.16548342598876448,0.021377234766999667
correct_CP,CO[C@H]1CN(C)C(=O)c2cc(NC(=O)c3cc(C)on3)ccc2OC[C@@H](C)NC[C@H]1C,9.8982,0.27869111205818636,0.28626240173998896,0.02366759736294903,0.2625948043770399,-0.002613387965973723
correct_CP,CO[C@H]1CN(C)C(=O)c2cc(NC(=O)c3ccc(F)cc3)ccc2OC[C@H](C)NC[C@@H]1C,10.0095,0.38508985708001153,0.40602207360833825,0.0022385909612428504,0.4037834826470954,0.13162465259969713
correct_CP,CO[C@H]1CN(C)C(=O)c2cc(NC(=O)c3ccc4c(c3)OCO4)ccc2OC[C@@H](C)N(CC2CC2)C[C@@H]1C,10.0567,-0.13281999052272492,-0.13360939558354606,0.061004263133746864,-0.19461365871729291,0.16065681615553845
correct_CP,CO[C@H]1CN(C)C(=O)c2cc(NC(=O)c3cccc(F)c3)ccc2OC[C@@H](C)N(C)C[C@@H]1C,10.0577,0.24821095522007877,0.2535054051197665,0.024927641128824365,0.22857776399094212,0.0653687720219857
correct_CP,CO[C@H]1CN(C)C(=O)c2cc(NC(=O)c3cccc(F)c3)ccc2OC[C@@H](C)N(C)C[C@H]1C,10.0249,0.027642424009715182,0.02764946779792115,0.018824474634294163,0.008824993163626987,0.047526794811616965
correct_CP,CO[C@H]1CN(C)C(=O)c2cc(NC(=O)c3ccccc3)ccc2OC[C@@H](C)N(CC2CC2)C[C@H]1C,10.0112,0.2327936667880941,0.2371411841153808,-0.005221876398534379,0.24236306051391518,0.8151450083082661
correct_CP,CO[C@H]1CN(C)C(=O)c2cc(NC(=O)c3ccccc3F)ccc2OC[C@@H](C)N(C(C)=O)C[C@H]1C,10.0158,-0.04851476452790235,-0.04855288115315785,0.007003937593908648,-0.05555681874706649,-0.16877996121987787
correct_CP,CO[C@H]1CN(C)C(=O)c2cc(NC(=O)c3ccccc3F)ccc2OC[C@H](C)N(CC2CCOCC2)C[C@H]1C,10.0742,0.18732792093371223,0.18956646766071714,0.04566395615762124,0.1439025115030959,-0.09944127507108122
correct_CP,CO[C@H]1CN(C)C(=O)c2cc(NC(=O)c3ccno3)ccc2OC[C@@H](C)N(S(C)(=O)=O)C[C@H]1C,10.0273,-0.052952275731169035,-0.05300185089137562,-0.06663999903295875,0.01363814814158313,-0.29274215652746416
correct_CP,CO[C@H]1CN(C)C(=O)c2cc(NC(=O)c3cnccn3)ccc2OC[C@@H](C)N(C(=O)C2CC2)C[C@H]1C,10.0584,0.0021898109925398484,0.002189814492796499,0.004830333363591093,-0.002640518870794594,0.13624904944229413
correct_CP,CO[C@H]1CN(C)C(=O)c2cc(NC(=O)c3cnccn3)ccc2OC[C@H](C)N(C(=O)C2CC2)C[C@@H]1C,10.0376,0.0072631397047174555,0.007263267426710004,-0.01739520978338756,0.024658477210097566,0.12298672102045768
correct_CP,CO[C@H]1CN(C)C(=O)c2cc(NC(C)=O)ccc2OC[C@@H](C)N(C(=O)C2CC2)C[C@@H]1C,10.0589,0.513472498399634,0.5674342639543584,0.008577698394418238,0.5588565655599401,0.05405653561861148
correct_CP,CO[C@H]1CN(C)C(=O)c2cc(NC(C)=O)ccc2OC[C@@H](C)N(C(=O)CC2CC2)C[C@@H]1C,9.7775,-0.11194260695562233,-0.1124137441591115,-0.07585888768819621,-0.03655485647091529,0.2480754808095673
correct_CP,CO[C@H]1CN(C)C(=O)c2cc(NC(C)=O)ccc2OC[C@@H](C)N(C(=O)CC2CC2)C[C@H]1C,10.1378,-0.21821301271154459,-0.22177900579761092,0.05382769492518183,-0.27560670072279275,-0.03613057923688372
correct_CP,CO[C@H]1CN(C)C(=O)c2cc(NC(C)=O)ccc2OC[C@@H](C)N(Cc2ccccn2)C[C@@H]1C,9.95434,-0.16674559900262836,-0.1683173069549299,0.151231591353717,-0.3195488983086469,-0.07490746348700403
correct_CP,CO[C@H]1CN(C)C(=O)c2cc(NC(C)=O)ccc2OC[C@@H](C)N(Cc2ccccn2)C[C@H]1C,9.97721,0.09636537644311224,0.09666534170479471,0.1360720459834409,-0.039406704278646176,0.21554062275205518
correct_CP,CO[C@H]1CN(C)C(=O)c2cc(NC(C)=O)ccc2OC[C@@H](C)N(S(=O)(=O)c2cn(C)cn2)C[C@@H]1C,9.9714,0.0833897618458658,0.08358386571823297,0.010210179376691282,0.07337368634154168,0.14946901809111268
correct_CP,CO[C@H]1CN(C)C(=O)c2cc(NC(C)=O)ccc2OC[C@H](C)N(C(=O)C2CC2)C[C@@H]1C,10.1042,0.39003261595917876,0.41183850180798365,0.0609479250295465,0.35089057677843716,0.13134176143635773
correct_CP,CO[C@H]1CN(C)C(=O)c2cc(NC(C)=O)ccc2OC[C@H](C)N(C(=O)c2ccc(F)cc2)C[C@H]1C,10.016,0.04451868171759108,0.044548127459207054,0.006574213262142352,0.0379739141970647,-0.0019032454273710817
correct_CP,CO[C@H]1CN(C)C(=O)c2cc(NC(C)=O)ccc2OC[C@H](C)N(C(=O)c2ccccn2)C[C@H]1C,10.1286,0.2285424993338081,0.23265110109883885,-0.0036925718691673166,0.23634367296800618,0.10127505229869625
correct_CP,CO[C@H]1CN(C)C(=O)c2cc(NC(C)=O)ccc2OC[C@H](C)N(Cc2ccc(F)cc2)C[C@H]1C,9.9845,0.5013366619342305,0.5510899517016178,0.09931777658743352,0.45177217511418427,0.08323752250948402
correct_CP,CO[C@H]1CN(C)C(=O)c2cc(NC(C)=O)ccc2OC[C@H](C)N(Cc2cccnc2)C[C@@H]1C,10.065,0.19150894856185266,0.19390309799573424,-0.0247859797080201,0.21868907770375434,-0.027155910777623735
correct_CP,CO[C@H]1CN(C)C(=O)c2cc(NC(C)=O)ccc2OC[C@H](C)N(S(=O)(=O)c2cn(C)cn2)C[C@@H]1C,10.0692,0.6746105582143238,0.8191565836439011,3.207264525903041e-05,0.819124510998642,-0.42018413847691083
correct_CP,CO[C@H]1CN(C)C(=O)c2cc(NC(C)=O)ccc2OC[C@H](C)N(S(C)(=O)=O)C[C@H]1C,10.0069,0.13790561538281182,0.13878995631531482,-0.01388636066827284,0.15267631698358766,-0.04165820245944697
correct_CP,CO[C@H]1CN(C)C(=O)c2cc(NS(=O)(=O)CC(F)(F)F)ccc2OC[C@H](C)N(Cc2nccs2)C[C@H]1C,10.079,-0.1844762698238181,-0.18661273445685259,0.020588308502899978,-0.20720104295975256,0.009193586284155602
correct_CP,CO[C@H]1CN(C)C(=O)c2cc(NS(=O)(=O)c3c(C)noc3C)ccc2OC[C@H](C)NC[C@H]1C,9.93892,0.08454308247924973,0.08474537554651385,0.05561547266847465,0.029129902878039196,-0.1276530651613109
correct_CP,CO[C@H]1CN(C)C(=O)c2cc(NS(=O)(=O)c3ccc(-c4ccccc4)cc3)ccc2OC[C@@H](C)NC[C@@H]1C,10.0426,0.25778226792008435,0.26373135236623224,0.08455644597529098,0.17917490639094125,0.09280964617636565
correct_CP,CO[C@H]1CN(C)C(=O)c2cc(NS(=O)(=O)c3ccc(-c4ccccc4)cc3)ccc2OC[C@@H](C)NC[C@H]1C,9.9484,-0.06089134645547993,-0.06096677107357572,0.056278506725305405,-0.11724527779888112,0.030772190455022427
correct_CP,CO[C@H]1CN(C)C(=O)c2cc(NS(=O)(=O)c3ccc(C)cc3)ccc2OC[C@@H](C)N(C)C[C@H]1C,10.0885,0.09504114697135281,0.09532887114388505,-0.02927243098827279,0.12460130213215784,0.1133388047704045
correct_CP,CO[C@H]1CN(C)C(=O)c2cc(NS(=O)(=O)c3ccc(C)cc3)ccc2OC[C@@H](C)N(Cc2nccs2)C[C@H]1C,10.061844,-0.1153806974640491,-0.11589683624442025,-0.0899307076130984,-0.025966128631321847,-0.13800388881347103
correct_CP,CO[C@H]1CN(C)C(=O)c2cc(NS(=O)(=O)c3ccc(C)cc3)ccc2OC[C@H](C)N(C(=O)NC(C)C)C[C@@H]1C,9.9591,0.4081620018444613,0.43340382127862037,0.0079581722845656,0.4254456489940548,0.14240962335782822
correct_CP,CO[C@H]1CN(C)C(=O)c2cc(NS(=O)(=O)c3cccc(F)c3)ccc2OC[C@@H](C)N(Cc2cc(F)ccc2F)C[C@@H]1C,9.95291,0.26615565077321907,0.2727217970961041,-0.007438377521693394,0.2801601746177975,0.2891423050585217
correct_CP,CO[C@H]1CN(C)C(=O)c2cc(NS(=O)(=O)c3cccc(F)c3)ccc2OC[C@H](C)N(C(=O)Cc2cccnc2)C[C@@H]1C,10.0575,-0.014887804722850659,-0.014888904813561851,0.0006469445235985638,-0.015535849337160415,-0.048827994420679526
correct_CP,CO[C@H]1CN(C)C(=O)c2cc(NS(=O)(=O)c3cccc(F)c3)ccc2OC[C@H](C)N(Cc2cc(F)ccc2F)C[C@@H]1C,10.0227,-0.00015129903994248986,-0.00015129904109697213,0.11793359257228428,-0.11808489161338125,-0.0322646804298016
correct_CP,CO[C@H]1CN(C)C(=O)c2cc(NS(=O)(=O)c3cccc(F)c3)ccc2OC[C@H](C)NC[C@H]1C,9.94174,-0.14368573332144294,-0.14468699141523933,0.01603969314011451,-0.16072668455535383,-0.010847924774507455
correct_CP,CO[C@H]1CN(C)C(=O)c2cc(NS(=O)(=O)c3cn(C)cn3)ccc2OC[C@@H](C)N(C)C[C@@H]1C,10.0836,0.0658232397741106,0.06591855176469721,0.020437671269328078,0.045480880495369136,-0.09599819696425661
correct_CP,CO[C@H]1CN(C)C(=O)c2cc(NS(=O)(=O)c3cn(C)cn3)ccc2OC[C@H](C)N(C)C[C@H]1C,10.007,-0.1433348922878863,-0.1443287727899275,0.027665847147256527,-0.17199461993718404,0.17706948079960957
correct_CP,CO[C@H]1CN(C)C(=O)c2cc(NS(C)(=O)=O)ccc2OC[C@@H](C)N(C(=O)C2CCOCC2)C[C@@H]1C,10.0213,0.49262928079452095,0.5395262619155062,0.04591761530710342,0.4936086466084028,0.10081131419846939
correct_CP,CO[C@H]1CN(C)C(=O)c2cc(NS(C)(=O)=O)ccc2OC[C@@H](C)N(CC2CCOCC2)C[C@@H]1C,10.0899,0.361790981633454,0.378945082977344,-0.00343465071693141,0.3823797336942754,0.1809265526929803
correct_CP,CO[C@H]1CN(C)C(=O)c2cc(NS(C)(=O)=O)ccc2OC[C@H](C)N(S(C)(=O)=O)C[C@@H]1C,10.0115,0.07296773545516858,0.07309765120546358,0.0030198318117706947,0.07007781939369288,0.0204928415735465
correct_CP,CO[C@H]1CN(C)C(=O)c2ccc(NC(=O)C3CC3)cc2OC[C@@H](C)N(C(=O)C2CCCCC2)C[C@H]1C,9.97075,0.012264240001993009,0.012264854952074954,0.05896855747677483,-0.04670370252469988,0.08198178320353992
correct_CP,CO[C@H]1CN(C)C(=O)c2ccc(NC(=O)C3CC3)cc2OC[C@@H](C)N(C(=O)c2ccncc2)C[C@H]1C,10.0458,0.5024091341751145,0.5525235016813962,0.014939767348732532,0.5375837343326637,-0.0058456595257122945
correct_CP,CO[C@H]1CN(C)C(=O)c2ccc(NC(=O)C3CC3)cc2OC[C@@H](C)N(C(=O)c2cnccn2)C[C@H]1C,10.0459,0.21446808379055768,0.2178501901077253,-0.03644346241954451,0.2542936525272698,0.1810945014302754
correct_CP,CO[C@H]1CN(C)C(=O)c2ccc(NC(=O)C3CC3)cc2OC[C@@H](C)N(C(C)=O)C[C@H]1C,9.94852,-0.048670258214657605,-0.048708742865919016,-0.06358520186304127,0.014876458997122255,-0.03582423939489217
correct_CP,CO[C@H]1CN(C)C(=O)c2ccc(NC(=O)C3CC3)cc2OC[C@H](C)N(C(C)=O)C[C@H]1C,10.0453,-0.19779656761591044,-0.20043836110609087,-0.024350416757746348,-0.17608794434834452,0.01757507803920573
correct_CP,CO[C@H]1CN(C)C(=O)c2ccc(NC(=O)C3CC3)cc2OC[C@H](C)N(Cc2cc(F)ccc2F)C[C@H]1C,9.97673,-0.11556081558711367,-0.11607938842672691,0.0014067273912168419,-0.11748611581794376,-0.0313448879604291
correct_CP,CO[C@H]1CN(C)C(=O)c2ccc(NC(=O)C3CCC3)cc2OC[C@@H](C)N(C(=O)CN(C)C)C[C@@H]1C,10.0091,0.04180580765972913,0.041830188257315035,0.06167208790612429,-0.019841899648809252,0.1846547351310412
correct_CP,CO[C@H]1CN(C)C(=O)c2ccc(NC(=O)C3CCC3)cc2OC[C@@H](C)N(C(=O)CN(C)C)C[C@H]1C,9.98711,-0.2291367767420409,-0.23327821918617653,-0.024946540947789322,-0.20833167823838722,0.022616889588480307
correct_CP,CO[C@H]1CN(C)C(=O)c2ccc(NC(=O)C3CCC3)cc2OC[C@@H](C)N(C(=O)NC(C)C)C[C@H]1C,10.0495,0.22835449986873552,0.23245274994059512,-0.0021467347210328593,0.23459948466162797,0.050640217610503954
correct_CP,CO[C@H]1CN(C)C(=O)c2ccc(NC(=O)C3CCC3)cc2OC[C@H](C)N(C(=O)CN(C)C)C[C@H]1C,10.014,0.2708236341250461,0.2777524344039884,0.013848583414879222,0.2639038509891092,-0.04951651403735806
correct_CP,CO[C@H]1CN(C)C(=O)c2ccc(NC(=O)C3CCC3)cc2OC[C@H](C)N(C(=O)NC(C)C)C[C@H]1C,9.9593,-0.057360706396025,-0.057423741250121674,0.09454169557357,-0.15196543682369168,-0.07286695732931295
correct_CP,CO[C@H]1CN(C)C(=O)c2ccc(NC(=O)C3CCCC3)cc2OC[C@@H](C)N(S(C)(=O)=O)C[C@@H]1C,10.1113,-0.011552392698938346,-0.0115529066589773,0.04009195790185187,-0.051644864560829166,0.1920515001217062
correct_CP,CO[C@H]1CN(C)C(=O)c2ccc(NC(=O)C3CCCC3)cc2OC[C@H](C)N(CCC(F)(F)F)C[C@H]1C,10.0294,0.362955503090612,0.3802856389342087,0.03870920426989094,0.34157643466431775,-0.0152333330766289
correct_CP,CO[C@H]1CN(C)C(=O)c2ccc(NC(=O)C3CCCCC3)cc2OC[C@H](C)N(C)C[C@H]1C,9.95259,-0.043608927186417894,-0.04363660303165337,-0.015543117009042153,-0.02809348602261122,-0.07229591105231441
correct_CP,CO[C@H]1CN(C)C(=O)c2ccc(NC(=O)C3CCOCC3)cc2OC[C@@H](C)N(C)C[C@H]1C,10.0566,0.10542738168918958,0.10582061357501137,0.030328822294637882,0.07549179128037348,0.03297168117018121
correct_CP,CO[C@H]1CN(C)C(=O)c2ccc(NC(=O)C3CCOCC3)cc2OC[C@@H](C)N(Cc2nccs2)C[C@H]1C,10.0084,-0.2682602560851646,-0.27498822678665147,0.03764851723003526,-0.31263674401668673,0.355419552291415
correct_CP,CO[C@H]1CN(C)C(=O)c2ccc(NC(=O)C3CCOCC3)cc2OC[C@@H](C)NC[C@H]1C,10.001,-0.20723318813416688,-0.21027863934437183,0.007106996836362641,-0.21738563618073448,0.07225074466304458
correct_CP,CO[C@H]1CN(C)C(=O)c2ccc(NC(=O)Cc3ccccc3)cc2OC[C@@H](C)N(C)C[C@@H]1C,10.001,0.34671896377270417,0.36170955112802405,-0.011864642633122993,0.37357419376114703,0.5368953041291135
correct_CP,CO[C@H]1CN(C)C(=O)c2ccc(NC(=O)Cc3ccccc3)cc2OC[C@@H](C)N(C)C[C@H]1C,10.0354,-0.1932617181621051,-0.1957232352663037,-0.005941301100591528,-0.18978193416571218,-0.1297198267559371
correct_CP,CO[C@H]1CN(C)C(=O)c2ccc(NC(=O)Nc3cc(Cl)cc(Cl)c3)cc2OC[C@H](C)NC[C@H]1C,10.0419,0.4045763110651829,0.429108871975313,0.01541989026041615,0.4136889817148969,0.28207348622739764
correct_CP,CO[C@H]1CN(C)C(=O)c2ccc(NC(=O)Nc3cc(F)ccc3F)cc2OC[C@@H](C)N(C)C[C@@H]1C,9.98558,-0.1174256835847756,-0.11796991269704371,-0.006840504048121185,-0.11112940864892253,-0.1529959827323339
correct_CP,CO[C@H]1CN(C)C(=O)c2ccc(NC(=O)Nc3cccc(F)c3)cc2OC[C@@H](C)N(C(C)=O)C[C@H]1C,10.0434,0.021290733832294476,0.02129395170438866,0.035322069575711545,-0.014028117871322885,0.11211894127216476
correct_CP,CO[C@H]1CN(C)C(=O)c2ccc(NC(=O)Nc3cccc(F)c3)cc2OC[C@H](C)N(C(C)=O)C[C@H]1C,9.96181,-0.2856187188974552,-0.293789273899549,0.05904711821853848,-0.3528363921180875,-0.2994227936773766
correct_CP,CO[C@H]1CN(C)C(=O)c2ccc(NC(=O)Nc3ccccc3)cc2OC[C@H](C)N(C(=O)Nc2c(C)noc2C)C[C@H]1C,10.0861,-0.014402870678492776,-0.014403866725851925,0.0035318388091579835,-0.017935705535009908,-0.17298856666795098
correct_CP,CO[C@H]1CN(C)C(=O)c2ccc(NC(=O)Nc3ccccc3Cl)cc2OC[C@@H](C)NC[C@H]1C,10.0693,-0.05177801089504663,-0.051824357103048724,0.11095601193218388,-0.1627803690352326,-0.1957744044584303
correct_CP,CO[C@H]1CN(C)C(=O)c2ccc(NC(=O)Nc3ccccc3F)cc2OC[C@@H](C)N(Cc2ccccc2C(=O)O)C[C@@H]1C,10.012,0.07426440760963618,0.07440138892629534,-0.06251235874253905,0.1369137476688344,0.04893433293511887
correct_CP,CO[C@H]1CN(C)C(=O)c2ccc(NC(=O)c3cc(C)on3)cc2OC[C@@H](C)N(C)C[C@@H]1C,10.0658,0.260704762679509,0.2668644143203446,0.020984394158070824,0.24588002016227375,0.3615781075327591
correct_CP,CO[C@H]1CN(C)C(=O)c2ccc(NC(=O)c3ccc(-c4ccccc4)cc3)cc2OC[C@@H](C)NC[C@@H]1C,9.98676,0.3220552871793738,0.33393855014795476,-0.07320450025092864,0.40714305039888343,0.19525001417125165
correct_CP,CO[C@H]1CN(C)C(=O)c2ccc(NC(=O)c3ccc(-c4ccccc4)cc3)cc2OC[C@H](C)NC[C@H]1C,10.0234,0.17392122804464366,0.17570738326684224,0.019355042335973502,0.15635234093086875,0.3164553187943441
correct_CP,CO[C@H]1CN(C)C(=O)c2ccc(NC(=O)c3cccc(F)c3)cc2OC[C@@H](C)NC[C@H]1C,10.0472,0.6121102886194361,0.7122891438931179,0.1418642651928826,0.5704248787002353,0.020350909964362895
correct_CP,CO[C@H]1CN(C)C(=O)c2ccc(NC(=O)c3ccccc3)cc2OC[C@@H](C)N(C(=O)C2CC2)C[C@@H]1C,10.0316,0.1731203125245967,0.17488160392911592,0.02248057099204233,0.15240103293707358,-0.027698015128386377
correct_CP,CO[C@H]1CN(C)C(=O)c2ccc(NC(=O)c3ccccc3F)cc2OC[C@H](C)N(CC2CC2)C[C@H]1C,9.97283,-0.11490122153544122,-0.1154109182774412,0.055332034277718906,-0.1707429525551601,0.020326994136048576
correct_CP,CO[C@H]1CN(C)C(=O)c2ccc(NC(=O)c3ccno3)cc2OC[C@@H](C)NC[C@H]1C,9.83674,-0.011848022430965097,-0.011848576868889743,-0.009109077604586985,-0.002739499264302758,-0.066428209363389
correct_CP,CO[C@H]1CN(C)C(=O)c2ccc(NC(=O)c3cnccn3)cc2OC[C@H](C)NC[C@H]1C,9.93452,-0.0006614744827766608,-0.0006614745792524068,0.04261485405993712,-0.043276328639189524,0.1666781374820626
correct_CP,CO[C@H]1CN(C)C(=O)c2ccc(NC(=O)c3nc4ccccc4s3)cc2OC[C@@H](C)N(Cc2cccnc2)C[C@@H]1C,9.9667,0.43615487837238165,0.4674724955343482,0.0001432885080335923,0.46732920702631464,0.3626008433745639
correct_CP,CO[C@H]1CN(C)C(=O)c2ccc(NC(C)=O)cc2OC[C@@H](C)N(C(=O)CN2CCOCC2)C[C@H]1C,9.95004,0.22703892189879957,0.23106523491094003,0.042105951140167665,0.18895928377077237,0.023399888332845946
correct_CP,CO[C@H]1CN(C)C(=O)c2ccc(NC(C)=O)cc2OC[C@@H](C)N(C(=O)Cc2cccnc2)C[C@@H]1C,10.0257,-0.19091055930311454,-0.19328200067076584,0.001484458917899065,-0.1947664595886649,-0.06197582077966016
correct_CP,CO[C@H]1CN(C)C(=O)c2ccc(NC(C)=O)cc2OC[C@@H](C)N(C(=O)c2ccccc2F)C[C@H]1C,10.0677,0.6402406774405391,0.7585815025808587,0.02419638070563269,0.734385121875226,-0.0731940997615772
correct_CP,CO[C@H]1CN(C)C(=O)c2ccc(NC(C)=O)cc2OC[C@@H](C)N(CC2CC2)C[C@H]1C,9.99204,0.12923953334466945,0.12996638818163417,0.06905593984482389,0.06091044833681028,0.12404171086896201
correct_CP,CO[C@H]1CN(C)C(=O)c2ccc(NC(C)=O)cc2OC[C@@H](C)NC[C@H]1C,10.0876,0.09626219370573412,0.09656119284656003,0.03669479472913577,0.059866398117424266,0.17749293197062632
correct_CP,CO[C@H]1CN(C)C(=O)c2ccc(NC(C)=O)cc2OC[C@H](C)N(C(=O)c2cccnc2)C[C@H]1C,9.96599,0.21962041877183944,0.22325725662484344,-0.028840867521884715,0.25209812414672816,-0.14878101265719687
correct_CP,CO[C@H]1CN(C)C(=O)c2ccc(NC(C)=O)cc2OC[C@H](C)N(Cc2ccccc2F)C[C@H]1C,10.0199,-0.18727111324009307,-0.1895075946360794,0.028771108535107854,-0.21827870317118728,-0.008815017208716865
correct_CP,CO[C@H]1CN(C)C(=O)c2ccc(NC(C)=O)cc2OC[C@H](C)NC[C@@H]1C,9.94597,0.08058051960071333,0.08075561127142976,0.020724575300367136,0.06003103597106262,-0.2740125184993206
correct_CP,CO[C@H]1CN(C)C(=O)c2ccc(NS(=O)(=O)CC(F)(F)F)cc2OC[C@H](C)N(C(=O)c2ccc3c(c2)OCO3)C[C@@H]1C,10.1024,-0.3023864012518659,-0.3121440939357194,0.023536679905260996,-0.3356807738409804,-0.1038776512683442
correct_CP,CO[C@H]1CN(C)C(=O)c2ccc(NS(=O)(=O)CC(F)(F)F)cc2OC[C@H](C)N(C)C[C@H]1C,10.1019,0.24446065336004918,0.24951282213114256,-0.03807703139072472,0.2875898535218673,-0.07220825318383756
correct_CP,CO[C@H]1CN(C)C(=O)c2ccc(NS(=O)(=O)CC(F)(F)F)cc2OC[C@H](C)N(Cc2ccccn2)C[C@@H]1C,10.0185,-0.18454010750057454,-0.1866788219687573,0.023927453567170298,-0.2106062755359276,-0.13920431418891235
correct_CP,CO[C@H]1CN(C)C(=O)c2ccc(NS(=O)(=O)c3ccc(C)cc3)cc2OC[C@@H](C)NC[C@H]1C,9.96309,0.05607155549282741,0.05613042994579383,-0.054216954226162316,0.11034738417195614,-0.0017016314150778908
correct_CP,CO[C@H]1CN(C)C(=O)c2ccc(NS(=O)(=O)c3ccc(F)cc3)cc2OC[C@@H](C)NC[C@@H]1C,10.0383,0.3773404069719823,0.3969548537423593,-0.005991788627934588,0.4029466423702939,0.5097487735603733
correct_CP,CO[C@H]1CN(C)C(=O)c2ccc(NS(=O)(=O)c3ccc(Oc4ccccc4)cc3)cc2OC[C@H](C)NC[C@H]1C,9.98449,0.01793093767656839,0.01793285975692297,0.003917772081042093,0.014015087675880878,-0.06778273760764475
correct_CP,CO[C@H]1CN(C)C(=O)c2ccc(NS(=O)(=O)c3cccc(Cl)c3)cc2OC[C@@H](C)NC[C@H]1C,9.95143,0.008090944209706985,0.008091120770155594,0.027541676986222428,-0.019450556216066832,0.001906044393365263
correct_CP,CO[C@H]1CN(C)C(=O)c2ccc(NS(=O)(=O)c3ccccc3)cc2OC[C@@H](C)N(C)C[C@H]1C,10.0321,0.05373495855659685,0.05378676726945029,0.14859476159759955,-0.09480799432814926,0.1189014971057642
correct_CP,CO[C@H]1CN(C)C(=O)c2ccc(NS(=O)(=O)c3ccccc3)cc2OC[C@@H](C)N(Cc2cccnc2)C[C@@H]1C,10.0261,0.3427777764113085,0.35723675681414696,0.06346010833648472,0.29377664847766227,-0.15602786380256506
correct_CP,CO[C@H]1CN(C)C(=O)c2ccc(NS(=O)(=O)c3ccccc3)cc2OC[C@H](C)N(C(=O)NC(C)C)C[C@H]1C,10.0555,0.08345107416930209,0.08364560770206407,0.0797936035785978,0.003852004123466271,-0.03708795868955593
correct_CP,CO[C@H]1CN(C)C(=O)c2ccc(NS(=O)(=O)c3ccccc3)cc2OC[C@H](C)N(Cc2cccnc2)C[C@H]1C,10.0262,0.13972558181894554,0.14064568272581282,-0.05809783397293401,0.19874351669874685,-0.3469284189793864
correct_CP,CO[C@H]1CN(C)C(=O)c2ccc(NS(=O)(=O)c3ccccc3Cl)cc2OC[C@@H](C)NC[C@@H]1C,10.0183,0.01573345794531817,0.01573475636714163,0.014355028180743207,0.0013797281863984212,0.09202668419121103
correct_CP,CO[C@H]1CN(C)C(=O)c2ccc(NS(=O)(=O)c3cn(C)cn3)cc2OC[C@@H](C)N(Cc2cccc(F)c2)C[C@@H]1C,9.9693,0.12142789254041134,0.12203003593989885,0.03210771970882344,0.08992231623107541,0.10735421816152917
correct_CP,CO[C@H]1CN(C)C(=O)c2ccc(NS(=O)(=O)c3cn(C)cn3)cc2OC[C@@H](C)N(Cc2cccc(F)c2)C[C@H]1C,9.95446,0.28360504250224045,0.29159810307055534,0.006309921479039169,0.28528818159151614,0.14046715736178148
correct_CP,CO[C@H]1CN(C)C(=O)c2ccc(NS(=O)(=O)c3cn(C)cn3)cc2OC[C@H](C)NC[C@H]1C,10.0195,0.015684924371100525,0.015686210812906318,-0.03846150351214568,0.054147714325052,0.27119834154030137
correct_CP,CO[C@H]1CN(C)C(=O)c2ccc(NS(C)(=O)=O)cc2OC[C@@H](C)N(C(=O)C2CCCCC2)C[C@@H]1C,9.97152,0.1681667847752627,0.1697794950612782,-0.055309269815478034,0.22508876487675625,-0.034173726295106156
correct_CP,CO[C@H]1CN(C)C(=O)c2ccc(NS(C)(=O)=O)cc2OC[C@@H](C)N(C)C[C@@H]1C,10.0138,0.2152320346441624,0.2186511120012921,-0.04499105585784531,0.2636421678591374,0.21283018066401116
correct_CP,CO[C@H]1CN(C)C(=O)c2ccc(NS(C)(=O)=O)cc2OC[C@@H](C)N(Cc2ccccn2)C[C@H]1C,10.0222,0.1803504267147271,0.18234487294907564,-0.021592095718849198,0.20393696866792485,0.05733211064465288
correct_CP,CO[C@H]1CN(C)C(=O)c2ccc(NS(C)(=O)=O)cc2OC[C@@H](C)N(Cc2cccnc2)C[C@@H]1C,10.0027,0.1633799145051115,0.16485734982404496,-0.05813707161658527,0.22299442144063022,0.16135700380501955
correct_CP,CO[C@H]1CN(C)C(=O)c2ccc(NS(C)(=O)=O)cc2OC[C@@H](C)N(Cc2nccs2)C[C@H]1C,9.98771,-0.3058431668186361,-0.3159531482877143,0.04872992833457707,-0.3646830766222914,0.03859855196662212
correct_CP,CO[C@H]1CN(C)C(=O)c2ccc(NS(C)(=O)=O)cc2OC[C@@H](C)N(S(C)(=O)=O)C[C@@H]1C,9.94201,0.1873588315534195,0.189598502629029,-0.00744052918467099,0.1970390318137,0.02014053724945713
correct_CP,CO[C@H]1CN(C)C(=O)c2ccc(NS(C)(=O)=O)cc2OC[C@H](C)N(Cc2ccccc2)C[C@H]1C,9.98944,-0.19911092270316733,-0.2018066031139418,0.004146779610218118,-0.20595338272415992,0.08237520122210527
correct_CP,CO[C@H]1CN(C)C(=O)c2ccc(NS(C)(=O)=O)cc2OC[C@H](C)N(Cc2ccccn2)C[C@H]1C,10.063,0.12303405087924758,0.12366055527868815,0.021317641363211882,0.10234291391547626,-0.03237984554200653
correct_CP,CO[C@H]1CN(C)C(=O)c2cccc(C#N)c2OC[C@@H]2O[C@H](CC[C@H]2OC)CCN(C)C(=O)[C@H]1C,10.0154,-0.3200873506446485,-0.33174442751662914,-0.08806538687877856,-0.24367904063785056,-0.02999973560515072
correct_CP,COc1c(C=NNC(=O)c2ccccc2O)c(CCN(C)C(C)=O)cc2c1OCO2,10.0,0.1629831472117018,0.16444972829212962,0.09175104395813281,0.0726986843339968,-0.016372870092843023
correct_CP,COc1c2c(cc3occ(-c4ccc5c(c4)OCO5)c(=O)c13)OC(C)(C)C=C2,10.0,0.3428826165948473,0.35735556027023974,-0.0331682399017839,0.39052380017202365,-0.274838559775304
correct_CP,COc1cc(-c2coc3cc(OCc4ccccc4)c(OC)c(O)c3c2=O)cc(OCc2ccccc2)c1OC,10.0,0.3051207530163508,0.31515638070050955,0.054628051007782744,0.2605283296927268,0.22966046394437606
correct_CP,COc1cc(/C=C/C(=O)O)cc(OC)c1OC,10.0,0.6044988537786663,0.7002065304046989,0.05016891773639288,0.6500376126683061,0.2977481835101882
correct_CP,COc1cc(/C=C2\SC(Nc3ccc(O)cc3)=NC2=O)cc(OC)c1O,20.0,0.5643783906120879,0.6392349157088321,-0.03250346273841435,0.6717383784472464,-0.08381745895828699
correct_CP,COc1cc(C(=O)N2CCN(c3cccc(C)c3C)CC2)cc(OC)c1OC,10.0,0.4192369814311221,0.4467659404686451,0.06858548166035093,0.37818045880829415,0.13314233320851232
correct_CP,COc1cc(C(=O)N=c2sc3ccccc3n2C)cc(OC)c1OC,10.0,0.4196959812134588,0.44732294670165074,0.037732038298774195,0.40959090840287654,0.16094153386498877
correct_CP,COc1cc(C(=O)NN=Cc2ccc(OC)c(CN3CCN(c4ccc(F)cc4)CC3)c2)ccc1O,10.0,0.3738577478161642,0.3929001753989805,0.17380036516275715,0.21909981023622332,0.09377135351376126
correct_CP,COc1cc(C2C(C#N)=C(N)OC3=C2C(=O)CCC3)cc(OC)c1OC(=O)N1CCOCC1,10.0,0.353101172115457,0.3689822451806709,0.05016847168301028,0.3188137734976606,0.4744249643886901
correct_CP,COc1cc(C=Cc2ccc(OC)cc2OC)cc(OC)c1,10.0,-0.14238841419542664,-0.14336257505302658,-0.005206238222939835,-0.13815633683008674,0.13926107490871648
correct_CP,COc1cc(C=Nn2nnnc2N)ccc1OCc1ccc(F)cc1,10.0,0.24066097032883169,0.24547560004922306,0.15851988379161988,0.08695571625760318,0.037602209082136684
correct_CP,COc1cc(NC(=O)c2ccc(C(C)(C)C)cc2)c(OC)cc1NC(=O)CN1CCCCC1,10.0,0.3366169423832822,0.3502722216281716,-0.03866155763544589,0.3889337792636175,0.01145387542912641
correct_CP,COc1cc(OC)cc(C(=O)Nc2nc[nH]n2)c1,20.0,0.3913468463667564,0.41338947000631077,0.1578677505157466,0.2555217194905641,0.30032365315457343
correct_CP,COc1cc([C@@H]2c3cc4c(c(O)c3C[C@H]3COC(=O)[C@@H]32)OCO4)cc(OC)c1OC,10.0,0.41761435155952564,0.4447989245821652,-0.01570510530424715,0.4605040298864123,0.8463305947213964
correct_CP,COc1cc([C@@H]2c3cc4c(cc3[C@H](O)[C@H]3COC(=O)[C@H]23)OCO4)cc(OC)c1OC,10.0,0.19879409397852632,0.20147671679253404,0.06515672080031928,0.13631999599221475,0.29492625267406003
correct_CP,COc1cc2c(cc1NC(=O)CSc1nc3ccccc3[nH]1)oc1ccccc12,10.0,0.40044819613608706,0.42418261097467763,0.06692599167594651,0.3572566192987311,0.011797277687177865
correct_CP,COc1cc2c(cc1O)CCNC2C,10.0,0.8013131534098016,1.1022706287719901,0.28615146984781636,0.8161191589241737,0.8720296252899363
correct_CP,COc1cc2ccccc2cc1C(=O)Nc1ccc(O)cc1,10.0,-0.1358135861924182,-0.1366579934502515,-0.009488127746304708,-0.1271698657039468,-0.3248966335919654
correct_CP,COc1cc2ncnc(Nc3ccc(Cl)cc3F)c2cc1OC,10.0,0.16805256292419973,0.16966195132264414,0.02518281415150063,0.14447913717114352,0.07979726593556331
correct_CP,COc1ccc(-c2cc(C(=O)NN=Cc3ccc(OC)c(COCC(F)(F)C(F)F)c3)c3ccccc3n2)c(OC)c1,10.0,0.3235674431557233,0.33562661507733943,0.04662904080725601,0.28899757427008343,-0.028968986855068504
correct_CP,COc1ccc(-c2ccc([C@H]3[C@@H](C#N)N(C(=O)NC4CCCCC4)[C@H]3CO)cc2)cc1,10.1014,0.3697004608183817,0.3880760938844889,-0.06093984823770658,0.4490159421221955,0.2666967245612388
correct_CP,COc1ccc(-c2ccc([C@H]3[C@H](C#N)N(C(=O)NC4CCCCC4)[C@H]3CO)cc2)cc1,9.85492,0.31825969922657316,0.32970947068370227,0.0011505666165658873,0.3285589040671364,0.25497472974344854
correct_CP,COc1ccc(-c2ccc3n(c2=O)C[C@@H]2[C@@H](CO)[C@H](C(=O)N(C)C)[C@H]3N2C(=O)c2cnccn2)cc1,9.93628,-0.4123823447164008,-0.438478336747354,-0.06403482510427404,-0.37444351164307993,0.25862333189730113
correct_CP,COc1ccc(-c2ccc3n(c2=O)C[C@@H]2[C@@H](CO)[C@H](C(=O)O)[C@H]3N2C(=O)c2ccccc2F)cc1,10.0589,0.2708425497381836,0.2777728473157078,-0.030380429759780912,0.3081532770754887,0.056964699106906755
correct_CP,COc1ccc(-c2ccc3n(c2=O)C[C@H]2[C@H](CO)[C@@H](C(=O)N(C)C)[C@@H]3N2C(=O)c2cnccn2)cc1,9.95692,0.13894180757527627,0.1398463910872464,0.0897052016506268,0.05014118943661959,0.08840348552472153
correct_CP,COc1ccc(-c2cn(CC[C@@H]3CC[C@@H](NC(=O)CCN4CCCCC4)[C@H](CO)O3)nn2)cc1,10.1492,0.2467619386823754,0.2519618459502021,-0.026937598492063456,0.27889944444226555,-0.33012376415138217
correct_CP,COc1ccc(-c2cnc3c(c2)C(=O)N([C@@H](C)CO)C[C@H](C)[C@H](CN(C)C(=O)C2CCCCC2)O3)cc1,10.026732,0.8263336514875366,1.1764649229862432,0.6484171943116327,0.5280477286746105,0.4700344539592082
correct_CP,COc1ccc(-c2cnc3c(c2)C(=O)N([C@H](C)CO)C[C@@H](C)[C@@H](CN(C)C(=O)C2CCCCC2)O3)cc1,9.97959,0.07157973959558414,0.07170236685896257,-0.006370546286722002,0.07807291314568457,0.14211646100775574
correct_CP,COc1ccc(-c2cnc3c(c2)C(=O)N([C@H](C)CO)C[C@@H](C)[C@@H](CN(C)C(=O)Cc2cccnc2)O3)cc1,10.0355,-0.03175361107627603,-0.03176428983946953,0.03253124619058148,-0.064295536030051,0.3538996496582425
correct_CP,COc1ccc(-c2cnc3c(c2)C(=O)N([C@H](C)CO)C[C@H](C)[C@H](CN(C)C(=O)Nc2ccc(F)cc2)O3)cc1,10.1543,0.3661428987487453,0.3839615545324299,0.003357441464725377,0.38060411306770453,0.3593335948948206
correct_CP,COc1ccc(-c2csc(N=C(N)N)n2)cc1,10.0,0.6074996025309046,0.7049488294852603,-0.048658543538094075,0.7536073730233543,0.11054104465229617
correct_CP,COc1ccc(-c2csc(NC(=O)c3nc(-c4ccccc4)oc3C)n2)cc1,10.0,0.5895184356238619,0.6769276804733172,0.09561036166140559,0.5813173188119116,0.3668047934454196
correct_CP,COc1ccc(-c2csc3nc(-c4ccc(C)cc4)oc(=O)c23)cc1OC,10.0,0.2768654251614112,0.28428406405796214,0.10951678102375614,0.174767283034206,0.16691154414816514
correct_CP,COc1ccc(-n2ncc3c(NCC4CCCO4)ncnc32)cc1,10.0,0.5888324099020507,0.6758768994425107,0.3509786580049538,0.3248982414375569,-0.1563463546064759
correct_CP,COc1ccc(/C=C/C(=O)OCC(=O)c2c(N)n(C)c(=O)n(C)c2=O)c(OC)c1,10.0,0.15402718436383106,0.1552628885797535,0.09158795255398128,0.06367493602577223,0.10224506450539342
correct_CP,COc1ccc(/C=C2\SC(=S)N(CCCC(=O)Nc3ccc(C(=O)O)c(O)c3)C2=O)cc1OC,20.0,0.05319268731333212,0.0532429415519547,0.021220133940443198,0.0320228076115115,0.2625774531046426
correct_CP,COc1ccc(C#Cc2ccc3c(c2)O[C@@H](CN(C)C(=O)CN2CCOCC2)[C@H](C)CN([C@H](C)CO)S3(=O)=O)cc1,10.1227,0.28154811358994797,0.2893626752527665,-0.031092305527754584,0.3204549807805211,0.1314658763970178
correct_CP,COc1ccc(C#Cc2ccc3c(c2)O[C@H](CN(C)S(=O)(=O)c2ccccc2F)[C@@H](C)CN([C@H](C)CO)S3(=O)=O)cc1,10.0526,-0.3448812741274504,-0.35962226801596425,0.059737593148707774,-0.41935986116467205,-0.004142258907202351
correct_CP,COc1ccc(C#Cc2cnc3c(c2)C(=O)N([C@H](C)CO)C[C@@H](C)[C@@H](CN(C)C(=O)CC2CC2)O3)cc1,10.0928,0.01737012635768292,0.01737187365298707,0.03111353918228544,-0.01374166552929837,0.10656969892144394
correct_CP,COc1ccc(C#Cc2cnc3c(c2)C(=O)N([C@H](C)CO)C[C@H](C)[C@@H](CN(C)C(=O)CC2CC2)O3)cc1,10.0517,-0.039370460226444554,-0.039390821005072844,-0.004352585264800198,-0.03503823574027265,0.4278115564103855
correct_CP,COc1ccc(C(=C2C(=O)Nc3ccccc32)c2ccc(OC)cc2)cc1,10.0,0.14227591815486398,0.14324775289387626,0.02018330977857158,0.12306444311530468,-0.03282080453999448
correct_CP,COc1ccc(C(=O)C2CCCN(Cc3cccn3-c3ccc(Cl)cn3)C2)c(OC)c1,10.0,0.11150634808763651,0.11197197091154626,-0.05641999237979255,0.16839196329133882,-0.024471186974738254
correct_CP,COc1ccc(C(=O)Cn2c(Cl)nc3c2c(=O)n(C)c(=O)n3C)cc1,10.0,0.20258242879258748,0.20542403857678115,0.0863011573797346,0.11912288119704656,-0.01942268412688658
correct_CP,COc1ccc(C(=O)NN=C(C)CC(=O)Nc2cccc(C(F)(F)F)c2)cc1,10.0,0.2715054728650285,0.2784883880083463,-0.03824839364425892,0.3167367816526052,-0.3768112616582423
correct_CP,COc1ccc(C(=O)Nc2ccc3c(c2)C(=O)N(C)C[C@@H](OC)[C@H](C)CN(C)[C@H](C)CO3)cc1,10.0664,0.17069442847141159,0.17238184527284517,0.037720269941493925,0.13466157533135126,-0.14716075882306578
correct_CP,COc1ccc(C(=O)Nc2ccc3c(c2)C(=O)N(C)[C@H]2CC[C@@H](CC(=O)NCC4CC4)O[C@@H]2CO3)cc1,10.0055,0.18749601839024083,0.18974068416698758,-0.12359140338117863,0.3133320875481662,0.16891799201699587
correct_CP,COc1ccc(C(=O)Nc2ccc3c(c2)OC[C@@H](C)N(C(C)=O)C[C@@H](C)[C@@H](OC)CN(C)C3=O)cc1,10.0852,-0.17892231605298606,-0.1808691412845833,0.023169211213039623,-0.20403835249762292,0.07601811767793247
correct_CP,COc1ccc(C(=O)Nc2ccc3c(c2)OC[C@@H](C)N(C(C)=O)C[C@H](C)[C@@H](OC)CN(C)C3=O)cc1,10.0281,-0.45785367892618345,-0.49459231002827075,0.03570676115816294,-0.5302990711864337,0.11420265924971779
correct_CP,COc1ccc(C(=O)Nc2ccc3c(c2)OC[C@@H](C)NC[C@@H](C)[C@@H](OC)CN(C)C3=O)cc1,9.95246,0.066914004117333,0.06701414206803831,0.09811386453650672,-0.031099722468468413,-0.029839743012912368
correct_CP,COc1ccc(C(=O)Nc2ccc3c(c2)OC[C@H](C)N(C(C)=O)C[C@@H](C)[C@H](OC)CN(C)C3=O)cc1,10.0878,-0.03668953034744432,-0.03670600651373277,0.053802013825576867,-0.09050802033930963,-0.14349279374457238
correct_CP,COc1ccc(C(=O)Nc2ccc3c(c2)OC[C@H](C)NC[C@@H](C)[C@@H](OC)CN(C)C3=O)cc1,9.99286,0.03640747480352488,0.03642357369613874,0.022394840651727373,0.014028733044411365,-0.09346837311073738
correct_CP,COc1ccc(C(=O)ON=C(C)c2cnccn2)cc1,10.0,0.3677924837725883,0.3858678524069203,-0.02948067744423903,0.41534852985115933,-0.06183861256595603
correct_CP,COc1ccc(C(=O)c2c[nH]c3ccccc23)cc1,10.0,0.5120795777910813,0.5655444314284197,0.08691166702485087,0.47863276440356883,0.2743864079427228
correct_CP,COc1ccc(C2=C(Oc3ccc(F)cc3)c3ccc(OC)cc3S2=O)cc1,10.0,0.18703535346690506,0.18926327732205675,0.16540836941987486,0.023854907902181893,0.01166142553402788
correct_CP,COc1ccc(C2=NN(C(=O)c3cccs3)C(O)(C(F)(F)F)C2)cc1,10.0,-0.06700662064551755,-0.06710717572977852,0.07876570562473659,-0.1458728813545151,0.20738531729674722
correct_CP,COc1ccc(C2CC(c3c(O)cc(C)oc3=O)=NCCS2)c(OC)c1,10.0,0.7065328725591971,0.8802267001086763,0.16850048685081376,0.7117262132578626,0.2251321859601928
correct_CP,COc1ccc(C2Sc3ccccc3N(CCN(C)C)C(=O)C2OC(C)=O)cc1,10.0,0.3395556845752692,0.35359022278846414,0.33643714678674713,0.017153076001717005,-0.05189385223873283
correct_CP,COc1ccc(C=NNC(=O)c2ccc(O)cc2O)cc1CSc1ccccn1,10.0,0.7483040061532422,0.9690897360121795,0.318343802947485,0.6507459330646945,0.3148282583064673
correct_CP,COc1ccc(CC(=O)N2N=C(C)CC2(O)C(F)(F)F)cc1OC,10.0,0.16673218076609544,0.1683035049983686,-0.10869599854186945,0.27699950354023806,0.29866472600621397
correct_CP,COc1ccc(CC(=O)NN=C/C=C/c2cccc([N+](=O)[O-])c2)cc1OC,10.0,0.34027288404007894,0.3544011140814708,-0.06309805227921228,0.41749916636068307,0.10898495428809074
correct_CP,COc1ccc(CCNC(=O)c2cc(C(=O)c3cc(C)ccc3O)cn(CCc3ccc(OC)cc3)c2=O)cc1,10.0,0.3664808434410382,0.38435187401061827,0.02249252511141217,0.3618593488992061,-0.02946200861688145
correct_CP,COc1ccc(CN(C)C[C@@H]2OCCCC[C@@H](C)Oc3ccc(NC(=O)NC(C)C)cc3C(=O)N([C@H](C)CO)C[C@@H]2C)cc1,9.9869,0.2786115849853674,0.2861761798312924,0.023872924000595652,0.26230325583069675,-0.391513523139328
correct_CP,COc1ccc(CN(C)C[C@@H]2OCCCC[C@H](C)Oc3ccc(NC(=O)NC(C)C)cc3C(=O)N([C@H](C)CO)C[C@H]2C)cc1,9.98914,-0.004307475734450666,-0.004307502375547366,0.04064473087560135,-0.04495223325114872,0.07536176360971072
correct_CP,COc1ccc(CN(C)C[C@@H]2OCCCC[C@H](C)Oc3ccc(NS(C)(=O)=O)cc3C(=O)N([C@@H](C)CO)C[C@H]2C)cc1,10.1587,-0.1613475857613943,-0.16276999342094606,0.02562697595396021,-0.18839696937490627,-0.03203036513768715
correct_CP,COc1ccc(CN(C)C[C@@H]2OCc3cnnn3CCCC(=O)N([C@H](C)CO)C[C@H]2C)cc1,10.0132,0.2699379893193765,0.27679693714020465,0.032861898676552564,0.24393503846365208,0.45087374541084035
correct_CP,COc1ccc(CN(C)C[C@@H]2Oc3c(NC(=O)c4nc5ccccc5s4)cccc3C(=O)N([C@@H](C)CO)C[C@H]2C)cc1,10.024,0.2914785681875693,0.30018135482700364,0.04136623034591708,0.25881512448108657,-0.030754915469831865
correct_CP,COc1ccc(CN(C)C[C@@H]2Oc3ccc(NC(=O)CCC(F)(F)F)cc3CC(=O)N([C@H](C)CO)C[C@H]2C)cc1,10.2955,0.34196398242198456,0.3563149053259736,0.09536256237438227,0.2609523429515913,0.09311594071714953
correct_CP,COc1ccc(CN(C)C[C@@H]2Oc3ccc(NC(=O)CCN4CCOCC4)cc3C(=O)N([C@H](C)CO)C[C@H]2C)cc1,9.94528,0.2688760676079309,0.2756519089749354,0.02323399036009678,0.25241791861483864,-0.110468572021133
correct_CP,COc1ccc(CN(C)C[C@@H]2Oc3ccc(NC(=O)Nc4ccc5c(c4)OCO5)cc3CC(=O)N([C@@H](C)CO)C[C@@H]2C)cc1,9.99165,0.18743702688538352,0.18967954396952927,-0.03985503312684631,0.2295345770963756,0.1364841081530328
correct_CP,COc1ccc(CN(C)C[C@H]2OCCCC[C@@H](C)Oc3ccc(N(C)C)cc3C(=O)N([C@@H](C)CO)C[C@@H]2C)cc1,10.0205,0.49529294734289714,0.5430496254105885,0.07122570496481329,0.47182392044577526,0.383741221110412
correct_CP,COc1ccc(CN(C)C[C@H]2OCCCC[C@@H](C)Oc3ccc(NC(=O)NC(C)C)cc3C(=O)N([C@@H](C)CO)C[C@H]2C)cc1,10.013,0.1254691674316657,0.12613385710717312,0.03351708359555976,0.09261677351161336,0.23676927102365214
correct_CP,COc1ccc(CN(C)C[C@H]2OCCCC[C@@H](C)Oc3ccc(NS(C)(=O)=O)cc3C(=O)N([C@@H](C)CO)C[C@H]2C)cc1,10.0169,0.18804165405681136,0.19030626044947005,0.06997373866168018,0.12033252178778987,0.030641917321608148
correct_CP,COc1ccc(CN(C)C[C@H]2OCCCC[C@H](C)Oc3ccc(N(C)C)cc3C(=O)N([C@@H](C)CO)C[C@@H]2C)cc1,10.0608,0.32688441810872887,0.3393359371005719,0.007341055919224187,0.33199488118134773,-0.08065790306448985
correct_CP,COc1ccc(CN(C)C[C@H]2OCCCC[C@H](C)Oc3ccc(N(C)C)cc3C(=O)N([C@H](C)CO)C[C@H]2C)cc1,9.90503,-0.3165837222687022,-0.32784570667675583,0.0364192924538423,-0.3642649991305981,-0.1370062984922237
correct_CP,COc1ccc(CN(C)C[C@H]2Oc3ccc(NC(=O)Nc4c(C)noc4C)cc3C(=O)N([C@H](C)CO)C[C@@H]2C)cc1,10.1546,0.020052701324236862,0.02005538977569369,-0.017468504093582193,0.03752389386927588,0.25578791619684893
correct_CP,COc1ccc(CN2CCN(c3cccc(C)c3C)CC2)cc1OC,10.0,0.2992529226398843,0.30869884203165987,0.04720722774591905,0.2614916142857408,0.022190728991971914
correct_CP,COc1ccc(CN2C[C@@H](O)COC[C@H]3O[C@@H](CC(=O)NCCN4CCCC4)CC[C@@H]32)cc1,10.1432,0.3488001527619212,0.3640770602010968,-0.11414770623874941,0.47822476643984624,0.22125171208311326
correct_CP,COc1ccc(CN2C[C@H](C)[C@@H](OC)CN(C)C(=O)c3ccc(NC(=O)c4nc5ccccc5s4)cc3OC[C@H]2C)cc1,9.90805,0.18843482946780285,0.1907138792837468,-0.12264020284235785,0.31335408212610466,0.38401887540347357
correct_CP,COc1ccc(CNC(=O)C[C@@H]2C=C[C@@H](NC(=O)c3ccc4c(c3)OCO4)[C@H](CO)O2)cc1,9.96174,0.4149578519496262,0.4415855652198928,-0.09480656562287404,0.5363921308427668,-0.009783966555195076
correct_CP,COc1ccc(CNC(=O)C[C@@H]2CC[C@@H](NC(=O)CN(C)C)[C@@H](CO)O2)cc1,10.1579,-0.11000330291690047,-0.11045025916302477,-0.017733398299217197,-0.09271686086380757,-0.011477678915924775
correct_CP,COc1ccc(CNC(=O)C[C@@H]2CC[C@@H](NC(=O)CN(C)C)[C@H](CO)O2)cc1,10.1382,0.2782783275216671,0.2858149127506221,-0.022845327967502566,0.30866024071812465,-0.24830822616601225
correct_CP,COc1ccc(CNC(=O)C[C@@H]2CC[C@@H](NC(=O)c3cccc(F)c3)[C@@H](CO)O2)cc1,10.02,0.4592318765458665,0.4963374423137865,0.05116780978046724,0.44516963253331926,0.3431162296761435
correct_CP,COc1ccc(CNC(=O)C[C@@H]2CC[C@H](NC(=O)Nc3ccc4c(c3)OCO4)[C@@H](CO)O2)cc1,10.0739,-0.2852276546811202,-0.2933635254873035,-0.015978438984772934,-0.2773850865025306,-0.11956085649535517
correct_CP,COc1ccc(CNC(=O)C[C@@H]2CC[C@H](NC(=O)c3cccc(F)c3)[C@@H](CO)O2)cc1,9.91708,0.3168437034411479,0.328134673403426,0.025052001351938052,0.303082672051488,0.198707652899951
correct_CP,COc1ccc(CNC(=O)C[C@@H]2CC[C@H]3[C@H](COc4ccc(NC(=O)C(C)C)cc4C(=O)N3C)O2)cc1,9.85099,-0.48004572901164,-0.5230436984800885,0.012644489354220585,-0.535688187834309,0.38826769495597324
correct_CP,COc1ccc(CNC(=O)C[C@H]2CC[C@@H](NC(=O)Nc3ccc4c(c3)OCO4)[C@@H](CO)O2)cc1,9.92659,0.16995425399175676,0.1716195564653262,0.030314902701157182,0.141304653764169,0.012074029092319572
correct_CP,COc1ccc(CNC(=O)C[C@H]2CC[C@@H](NC(=O)Nc3ccc4c(c3)OCO4)[C@H](CO)O2)cc1,10.0182,0.013257671775963719,0.013258448606587375,-0.009960354859478014,0.02321880346606539,-0.08079765709991629
correct_CP,COc1ccc(CNC(=O)C[C@H]2CC[C@@H](NC(=O)c3cccc(F)c3)[C@@H](CO)O2)cc1,9.91934,0.048364923676064875,0.04840268788477371,0.01653218180461921,0.0318705060801545,0.14071026770287637
correct_CP,COc1ccc(CNC(=O)C[C@H]2CC[C@H](NC(=O)CN(C)C)[C@@H](CO)O2)cc1,10.0269,-0.20688952570599686,-0.20991958256611568,0.0028338515070357425,-0.21275343407315142,0.02475222618912405
correct_CP,COc1ccc(CNC(=O)C[C@H]2CC[C@H]3[C@H](COc4ccc(NC(=O)C(C)C)cc4C(=O)N3C)O2)cc1,10.3362,-0.14316986049817024,-0.14416028338777484,-0.022131796923406798,-0.12202848646436804,-0.08883671237515486
correct_CP,COc1ccc(CNC(=O)C[C@H]2C[C@H]3c4cc(NC(=O)C5CCC5)ccc4O[C@H]3[C@@H](CO)O2)cc1,9.89834,0.39357760189619884,0.4160263820089617,-0.15048733333481007,0.5665137153437718,-0.12019202481553931
correct_CP,COc1ccc(CNC(=O)C[C@H]2C[C@H]3c4cc(NC(=O)CN(C)C)ccc4O[C@H]3[C@H](CO)O2)cc1,10.0036,-0.07408678408709642,-0.07422278270846813,-0.015192420066998398,-0.059030362641469734,0.15086464657384804
correct_CP,COc1ccc(CNC(=O)N(C)C[C@@H]2OCc3ccccc3-c3c(n(C)c4ccccc34)C(=O)N([C@H](C)CO)C[C@H]2C)cc1,9.93869,0.4071910475574655,0.4322393278453126,-0.0674377844369494,0.49967711228226197,0.025189929571969943
correct_CP,COc1ccc(CNC(=O)N(C)C[C@@H]2OCc3ccccc3-c3ccccc3C(=O)N([C@H](C)CO)C[C@H]2C)cc1,10.4034,0.3965612578115847,0.41956185926242817,0.1857120313307976,0.23384982793163056,-0.21854079286319927
correct_CP,COc1ccc(CNC(=O)N(C)C[C@H]2OCc3ccccc3-c3c(n(C)c4ccccc34)C(=O)N([C@@H](C)CO)C[C@H]2C)cc1,9.849794,-0.013556390630419132,-0.013557221167181414,-0.0682442438697225,0.05468702270254108,-0.2546578613139733
correct_CP,COc1ccc(CNC(=O)c2cc3c(c(-c4cccc(-c5ccc(C#N)cc5)c4)n2)[C@@H](CCO)N([S@](=O)C(C)(C)C)C3)cc1,10.1091,0.5764396832999361,0.6571141450508273,-0.04512683658525769,0.7022409816360851,0.08415849919098278
correct_CP,COc1ccc(CNC(=O)c2cc3c(c(-c4cccc(-c5cccc(C#N)c5)c4)n2)[C@@H](CCO)N([S@](=O)C(C)(C)C)C3)cc1,9.62243,0.027702870882492063,0.027709960994919645,-0.2107643328022351,0.23847429379715476,0.16558621071581758
correct_CP,COc1ccc(CNC(=O)c2csc(Cc3ccccc3)n2)cc1,10.0,-0.16269095119570423,-0.16414957339515232,-0.02768712869247323,-0.1364624447026791,0.10720147008204359
correct_CP,COc1ccc(Cc2nccc3cc(OC)c(OC)cc23)cc1OC,10.0,0.026083573773064705,0.026089491533282314,-0.018765346187844395,0.04485483772112671,0.3074336062893699
correct_CP,COc1ccc(Cn2nnnc2CN2CCC(O)(c3ccccc3F)CC2)cc1,10.0,0.4448884473189842,0.4783091545540954,0.06988428286187023,0.4084248716922252,-0.19662867643443976
correct_CP,COc1ccc(N2C(=O)C(Cl)=C(N3CCCC(C)C3)C2=O)cc1,10.0,0.10560914434993893,0.10600442278714245,-0.05465758788046925,0.1606620106676117,-0.1980767393447792
correct_CP,COc1ccc(N2CCN(C(=O)Cn3nnc(-c4ccccc4N)n3)CC2)cc1,10.0,0.14305632373150748,0.14404437261096148,0.047798299679328776,0.0962460729316327,0.12265974922607079
correct_CP,COc1ccc(N=Cc2cc3c(cc2O)OC(N)=C(C#N)C3c2ccccc2)cc1,10.0,0.21356368393980113,0.21690237772011003,0.0915807433219642,0.12532163439814584,-0.00912112250426625
correct_CP,COc1ccc(NC(=O)C2CCN(C(=O)c3cccs3)CC2)cc1,10.0,0.35844276372745365,0.3750979466895783,0.03770538732744838,0.3373925593621299,0.18931054346308648
correct_CP,COc1ccc(NC(=O)CSc2ncccc2C(=O)OC(C)C)cc1OC,10.0,-0.003613699514945364,-0.003613715245290823,0.14353784646582018,-0.14715156171111102,-0.20718614951331799
correct_CP,COc1ccc(NC(=O)N(C)C[C@@H]2OCCCC[C@H](C)Oc3ccc(N(C)C)cc3C(=O)N([C@H](C)CO)C[C@@H]2C)cc1,10.0196,0.14332818964488012,0.14432192956008202,-0.02770887893557095,0.17203080849565297,0.12134334032216597
correct_CP,COc1ccc(NC(=O)N(C)C[C@@H]2OCc3ccccc3-c3c(n(C)c4ccccc34)C(=O)N([C@@H](C)CO)C[C@@H]2C)cc1,9.93272,0.34842795918938985,0.3636533754698889,0.022065783040851897,0.341587592429037,0.043547124031595705
correct_CP,COc1ccc(NC(=O)N(C)C[C@@H]2OCc3ccccc3-c3c(n(C)c4ccccc34)C(=O)N([C@H](C)CO)C[C@@H]2C)c(OC)c1,10.0489,0.1794944223295035,0.18146023079711154,-0.028656137012304676,0.21011636780941623,-0.2937565019041902
correct_CP,COc1ccc(NC(=O)N(C)C[C@@H]2OCc3ccccc3-c3ccccc3C(=O)N([C@@H](C)CO)C[C@@H]2C)cc1,10.1292,0.20952488376538458,0.21267436289765573,0.022041732966907722,0.190632629930748,0.47807046955085
correct_CP,COc1ccc(NC(=O)N(C)C[C@@H]2OCc3cn(nn3)CCCC(=O)N([C@H](C)CO)C[C@@H]2C)c(OC)c1,10.0017,0.16488462727663405,0.16640372124144018,0.008306818180747862,0.15809690306069232,-0.1307658275528801
correct_CP,COc1ccc(NC(=O)N(C)C[C@@H]2Oc3c(NC(=O)c4ccncc4)cccc3C(=O)N([C@@H](C)CO)C[C@@H]2C)cc1,9.94418,-0.13751817200675664,-0.13839502319891808,-0.01278749989583817,-0.12560752330307992,0.05298158507626617
correct_CP,COc1ccc(NC(=O)N(C)C[C@@H]2Oc3cc(-c4cccc(C(=O)N(C)C)c4)ccc3S(=O)(=O)N([C@@H](C)CO)C[C@H]2C)cc1,10.0208,0.06072900875058118,0.06080383083524002,-0.010854291995100976,0.071658122830341,-0.026962218390890295
correct_CP,COc1ccc(NC(=O)N(C)C[C@@H]2Oc3ccc(NC(=O)Cc4ccccc4)cc3CC(=O)N([C@@H](C)CO)C[C@H]2C)cc1,10.1921,0.24427271470958659,0.24931294797974804,0.04165445068756165,0.20765849729218638,0.23576012813111188
correct_CP,COc1ccc(NC(=O)N(C)C[C@@H]2Oc3ncc(C#CCN(C)C)cc3C(=O)N([C@@H](C)CO)C[C@@H]2C)cc1,10.0668,0.021173223828773034,0.02117638870369248,0.05659138013173169,-0.03541499142803921,-0.13613843920825502
correct_CP,COc1ccc(NC(=O)N(C)C[C@H]2OCCCC[C@@H](C)Oc3ccc(N(C)C)cc3C(=O)N([C@@H](C)CO)C[C@@H]2C)cc1,10.045,-0.16536939914078255,-0.16690208188137126,0.023037728869323135,-0.18993981075069438,0.2608057219361767
correct_CP,COc1ccc(NC(=O)N(C)C[C@H]2OCc3ccccc3-c3c(n(C)c4ccccc34)C(=O)N([C@@H](C)CO)C[C@H]2C)c(OC)c1,10.3507,0.28219727030964237,0.2900678605383213,0.1468951235603973,0.143172736977924,-0.022359158939809692
correct_CP,COc1ccc(NC(=O)N(C)C[C@H]2OCc3ccccc3-c3c(n(C)c4ccccc34)C(=O)N([C@H](C)CO)C[C@@H]2C)c(OC)c1,10.2096,0.21602635615751878,0.21948416726269912,0.01699617905048495,0.20248798821221417,0.09111410573497662
correct_CP,COc1ccc(NC(=O)N(C)C[C@H]2Oc3c(NC(=O)C4CCCCC4)cccc3C(=O)N([C@H](C)CO)C[C@@H]2C)cc1,9.98552,0.09273675239415144,0.09300398128359284,0.04805142636471901,0.04495255491887383,-0.04088816886069634
correct_CP,COc1ccc(NC(=O)N(C)C[C@H]2Oc3ccc(NC(=O)Cc4ccccc4)cc3CC(=O)N([C@H](C)CO)C[C@@H]2C)cc1,9.98704,-0.27135188161648177,-0.27832258118599507,0.04183351402791507,-0.32015609521391014,0.01663515455954763
correct_CP,COc1ccc(NC(=O)N(C)C[C@H]2Oc3ccc(NC(=O)NC4CCCCC4)cc3CC(=O)N([C@H](C)CO)C[C@@H]2C)cc1,10.04,0.33402746599245836,0.3473546930011436,0.01257632152627661,0.33477837147486694,-0.21595821592827896
correct_CP,COc1ccc(NC(=O)N[C@@H]2CC[C@H](CCNC(=O)CCN3CCCCC3)O[C@@H]2CO)cc1,10.1014,0.23421534126027413,0.23864484503882638,-0.10188263473669995,0.34052747977552633,0.2508805733038015
correct_CP,COc1ccc(NC(=O)N[C@@H]2CC[C@H](CCNC(=O)Nc3cc(F)ccc3F)O[C@@H]2CO)cc1,10.0484,-0.0456732835459396,-0.04570508225553396,-0.09544618286587206,0.049741100610338096,0.09483234958481987
correct_CP,COc1ccc(NC(=O)N[C@H]2C=C[C@@H](CC(=O)NC3CCCCC3)O[C@H]2CO)cc1,9.95309,-0.06377384181320862,-0.06386051166783616,-0.01320917860187185,-0.05065133306596431,0.09540976238668496
correct_CP,COc1ccc(NC(=O)N[C@H]2CC[C@@H](CCNS(=O)(=O)c3ccccc3F)O[C@H]2CO)cc1,10.0459,-0.2270242717300479,-0.23104978858696784,-0.058272005427888296,-0.17277778315907955,0.09220623479585593
correct_CP,COc1ccc(NC(=O)N[C@H]2CC[C@@H](CCn3cc(-c4ccccn4)nn3)O[C@@H]2CO)cc1,9.96973,0.10230502532699315,0.10266420258065563,0.09816975227223299,0.004494450308422646,-0.2841070214906186
correct_CP,COc1ccc(NC(=O)N[C@H]2CC[C@H](CCNC(=O)CCN3CCCCC3)O[C@@H]2CO)cc1,10.053,0.22834459197647167,0.2324422969950047,-0.011341028242295293,0.2437833252373,0.14745170328404586
correct_CP,COc1ccc(NC(=O)N[C@H]2CC[C@H](CCNC(=O)CCN3CCCCC3)O[C@H]2CO)cc1,9.8569,0.34843078642980513,0.36365659337355216,0.2659880785603598,0.09766851481319239,-0.3034051953182213
correct_CP,COc1ccc(NC(=O)Nc2ccc3c(c2)C(=O)N(C)C[C@@H](OC)[C@@H](C)CN[C@H](C)CO3)cc1,10.0203,0.10793183795941225,0.10835390141174438,0.0600389320918169,0.04831496931992748,-0.1828677628275554
correct_CP,COc1ccc(NC(=O)Nc2ccc3c(c2)C(=O)N(C)C[C@@H](OC)[C@H](C)CN[C@@H](C)CO3)cc1,9.98787,0.2135814987257484,0.21692104393271291,0.029010291168688078,0.18791075276402483,0.12703856563505994
correct_CP,COc1ccc(NC(=O)Nc2ccc3c(c2)C(=O)N(C)C[C@H](OC)[C@@H](C)CN[C@@H](C)CO3)cc1,9.99937,0.351810959583484,0.36750902059402196,0.003535427029334977,0.363973593564687,0.1799369067939819
correct_CP,COc1ccc(NC(=O)Nc2ccc3c(c2)C(=O)N(C)C[C@H](OC)[C@H](C)CN[C@@H](C)CO3)cc1,10.0554,0.3177181980632415,0.3291070550551024,0.027206311223190737,0.3019007438319117,0.16528276034934022
correct_CP,COc1ccc(NC(=O)Nc2ccc3c(c2)C(=O)N([C@@H](C)CO)C[C@H](C)[C@@H](CN(C)Cc2ccc4c(c2)OCO4)O3)cc1,10.2431,0.3876226389742401,0.40899926734519054,0.01105843286380187,0.39794083448138867,-0.06584993839584496
correct_CP,COc1ccc(NC(=O)Nc2ccc3c(c2)C(=O)N([C@H](C)CO)C[C@@H](C)[C@@H](CN(C)Cc2ccc4c(c2)OCO4)O3)cc1,9.9348,-0.09431398021341024,-0.09459512718825275,0.02135529954034608,-0.11595042672859883,0.09277771470951664
correct_CP,COc1ccc(NC(=O)Nc2ccc3c(c2)CC(=O)N([C@H](C)CO)C[C@H](C)[C@@H](CN(C)CC2CCCCC2)O3)cc1,10.0549,0.24705328910877947,0.25227211119417514,-0.04025539283484409,0.2925275040290192,-0.08114717391873338
correct_CP,COc1ccc(NC(=O)Nc2ccc3c(c2)[C@@H]2C[C@@H](CC(=O)NCc4ccccn4)O[C@@H](CO)[C@@H]2O3)cc1,9.81468,0.21380677832384534,0.2171571032231293,0.21653702663644778,0.0006200765866815339,-0.1906005478054294
correct_CP,COc1ccc(NC(=O)Nc2ccc3c(c2)[C@@H]2C[C@H](CC(=O)N4CCN(C)CC4)O[C@H](CO)[C@@H]2O3)cc1,9.94172,0.331577983601549,0.34460011831813164,0.05827845433930977,0.28632166397882186,0.14347664336727467
correct_CP,COc1ccc(NC(=O)Nc2ccc3c(c2)[C@@H]2C[C@H](CC(=O)N4CCc5ccccc5C4)O[C@H](CO)[C@@H]2O3)cc1,10.0552,-0.0063127429799617425,-0.006312826837759409,0.054094641680273316,-0.06040746851803273,0.0737258034509368
correct_CP,COc1ccc(NC(=O)Nc2ccc3c(c2)[C@@H]2C[C@H](CC(=O)NCCc4ccccc4)O[C@H](CO)[C@@H]2O3)cc1,9.98689,-0.005217465827865503,-0.005217513171836164,-0.11189243685135156,0.1066749236795154,-0.10269993953156459
correct_CP,COc1ccc(NC(=O)Nc2ccc3c(c2)[C@@H]2C[C@H](CC(=O)O)O[C@@H](CO)[C@@H]2O3)cc1,9.99227,0.3789866814604094,0.39887584550261496,0.017682981437605327,0.38119286406500963,0.20143107279402003
correct_CP,COc1ccc(NC(=O)Nc2ccc3c(c2)[C@H]2C[C@@H](CC(=O)N4CCN(C)CC4)O[C@@H](CO)[C@H]2O3)cc1,9.88105,-0.10998300809849115,-0.11042971580086558,0.08588841900363853,-0.1963181348045041,-0.19924195885582402
correct_CP,COc1ccc(NC(=O)Nc2ccc3c(c2)[C@H]2C[C@@H](CC(=O)N[C@@H](C)c4ccccc4)O[C@@H](CO)[C@H]2O3)cc1,10.0469,-0.0913583582499433,-0.09161380832038689,0.07450728319149222,-0.1661210915118791,0.011569396907222695
correct_CP,COc1ccc(NC(=O)Nc2ccc3c(c2)[C@H]2C[C@@H](CC(=O)O)O[C@@H](CO)[C@H]2O3)cc1,9.95209,-0.14614760494581583,-0.14720167488640346,0.022489346437699058,-0.16969102132410252,-0.05160058865051581
correct_CP,COc1ccc(NC(=O)Nc2ccc3c(c2)[C@H]2C[C@H](CC(=O)N4CCc5ccccc5C4)O[C@H](CO)[C@H]2O3)cc1,10.1078,0.39174674756100303,0.41386178063100787,-0.00460863390691454,0.4184704145379224,0.2632980659321032
correct_CP,COc1ccc(NC(=O)Nc2ccc3c(c2)[C@H]2C[C@H](CC(=O)NC4CCCCC4)O[C@@H](CO)[C@H]2O3)cc1,10.0251,0.2984617110875011,0.30783003204791876,0.023009527393829582,0.28482050465408915,-0.12859122248145216
correct_CP,COc1ccc(NC(=O)Nc2ccc3c(c2)[C@H]2C[C@H](CC(=O)NCC4CC4)O[C@@H](CO)[C@H]2O3)cc1,10.1505,0.422759963579192,0.45104785641946527,-0.00848180580881813,0.4595296622282834,-0.15775106120069154
correct_CP,COc1ccc(NC(=O)Nc2ccc3c(c2)[C@H]2C[C@H](CC(=O)NCc4ccccn4)O[C@@H](CO)[C@H]2O3)cc1,10.0498,0.15766849255132354,0.15899484510949577,0.04243481072012105,0.11656003438937472,0.09404137172071249
correct_CP,COc1ccc(NC(=O)Nc2ccc3c(c2)[C@H]2C[C@H](CC(=O)O)O[C@@H](CO)[C@H]2O3)cc1,9.95489,0.1336652737000491,0.13446995687592442,-0.035916373633772494,0.17038633050969693,0.02753507018354913
correct_CP,COc1ccc(NC(=O)Nc2ccc3oc(C)nc3c2)cc1,10.0,0.36475892085764916,0.38236424911441236,0.02945848515661513,0.3529057639577972,0.1479749132578444
correct_CP,COc1ccc(NC(=O)Nc2cccc3c2O[C@@H](CN(C)C(=O)NC(C)C)[C@@H](C)CN([C@H](C)CO)C3=O)cc1,10.0873,-0.4792007069826389,-0.5219462123111162,-0.020497042605378206,-0.5014491697057379,-0.38952145343410594
correct_CP,COc1ccc(NC(=O)Nc2cccc3c2O[C@@H](CN(C)C(=O)NC(C)C)[C@H](C)CN([C@H](C)CO)C3=O)cc1,10.0409,-0.21205744829566767,-0.21532469090903644,-0.018777509445498552,-0.1965471814635379,-0.03657512902775687
correct_CP,COc1ccc(NC(=O)c2cccc(NC(=O)C(C)C)c2)c([N+](=O)[O-])c1,10.0,0.7135009739066743,0.894279386431716,0.10171958546964713,0.7925598009620689,0.22655984656728487
correct_CP,COc1ccc(NC2=NC(N)=NC3(CCCCC3)N2)cc1,10.0,0.1558556775737586,0.15713635846804092,0.051234927031731686,0.10590143143630923,0.08328324398611534
correct_CP,COc1ccc(NCC(=O)Nc2ccc(Br)cc2F)c(OC)c1,10.0,0.5011460664727042,0.5508354025766052,-0.017423766351288297,0.5682591689278935,-0.22039000259082708
correct_CP,COc1ccc(OC(=O)N(C)C[C@@H]2OCc3ccccc3-c3ccccc3C(=O)N([C@@H](C)CO)C[C@H]2C)cc1,9.82979,0.19026523794767947,0.1926123552579652,0.08255521453976686,0.11005714071819833,-0.18011406439085637
correct_CP,COc1ccc(OC(=O)N(C)C[C@@H]2OCc3ccccc3-c3ccccc3C(=O)N([C@H](C)CO)C[C@@H]2C)cc1,10.0408,0.4504036800539989,0.48520657584851934,0.05966461501150194,0.4255419608370174,0.0483370445014077
correct_CP,COc1ccc(OC(=O)N(C)C[C@@H]2OCc3ccccc3-c3ccccc3C(=O)N([C@H](C)CO)C[C@H]2C)cc1,9.89865,0.4434163024789356,0.4764752279039603,0.07955242011297405,0.39692280779098627,0.2740036790558202
correct_CP,COc1ccc(OC(=O)N(C)C[C@@H]2OCc3cn(nn3)CCCC(=O)N([C@@H](C)CO)C[C@@H]2C)cc1,10.0155,-0.16525808545727436,-0.16678764067598456,-0.006974512684694172,-0.15981312799129038,0.01920992114854921
correct_CP,COc1ccc(OC(=O)N(C)C[C@@H]2OCc3cn(nn3)CCCC(=O)N([C@@H](C)CO)C[C@H]2C)cc1,10.0354,0.07762332488455372,0.0777797943057203,-0.027041667415468665,0.10482146172118896,0.5428629109529278
correct_CP,COc1ccc(OC)c(C(C(=O)NCc2ccco2)N(C(=O)Cn2nnc3ccccc32)C(C)C)c1,10.0,-0.07732362026948164,-0.07747827995732134,0.0506925712232721,-0.12817085118059346,-0.10167175058917466
correct_CP,COc1ccc(S(=O)(=O)N(C)C[C@@H]2OCCCC[C@H](C)Oc3ccc(N(C)C)cc3C(=O)N([C@@H](C)CO)C[C@@H]2C)cc1,10.0966,0.39309516926826665,0.4154556492998958,-0.004411592818768925,0.4198672421186647,-0.18188631153534376
correct_CP,COc1ccc(S(=O)(=O)N(C)C[C@@H]2OCc3ccccc3-c3ccccc3C(=O)N([C@H](C)CO)C[C@@H]2C)cc1,10.008,0.11118978037765127,0.11165142899460058,-0.10274337180272701,0.2143948007973276,0.33027865489079733
correct_CP,COc1ccc(S(=O)(=O)N(C)C[C@@H]2OCc3cn(nn3)CCCC(=O)N([C@@H](C)CO)C[C@H]2C)cc1,10.0231,0.2561821103686908,0.26201804798946204,0.0982955285077666,0.16372251948169544,0.1276166884470789
correct_CP,COc1ccc(S(=O)(=O)N(C)C[C@@H]2OCc3cnnn3CCCC(=O)N([C@@H](C)CO)C[C@@H]2C)cc1,10.0216,0.24978075532002006,0.2551789645586957,0.12045846557622919,0.13472049898246652,-0.127843328772186
correct_CP,COc1ccc(S(=O)(=O)N(C)C[C@@H]2OCc3cnnn3CCCC(=O)N([C@H](C)CO)C[C@H]2C)cc1,10.0155,0.36257846787363607,0.3798514666914227,0.02276143166261057,0.35709003502881215,0.34761703433431895
correct_CP,COc1ccc(S(=O)(=O)N(C)C[C@@H]2Oc3ccc(N(C)C)cc3CC(=O)N([C@@H](C)CO)C[C@H]2C)cc1,9.91227,0.19063391679435365,0.19299490975984662,-0.031581667498251934,0.22457657725809854,-0.10283609067371031
correct_CP,COc1ccc(S(=O)(=O)N(C)C[C@@H]2Oc3ncc(/C=C/c4ccccc4)cc3C(=O)N([C@H](C)CO)C[C@@H]2C)cc1,10.0094,0.18156480730720442,0.18360036565288815,0.027809103830556764,0.15579126182233138,0.15559592540546766
correct_CP,COc1ccc(S(=O)(=O)N(C)C[C@@H]2Oc3ncc(C#CC4(O)CCCC4)cc3C(=O)N([C@@H](C)CO)C[C@H]2C)cc1,10.0455,-0.3442518095770624,-0.35890800133004364,-0.06282448329719392,-0.2960835180328497,-0.023677957150993315
correct_CP,COc1ccc(S(=O)(=O)N(C)C[C@H]2OCc3ccccc3-c3c(n(C)c4ccccc34)C(=O)N([C@H](C)CO)C[C@@H]2C)cc1,9.9424,-0.43136843841446854,-0.461576755198023,-0.04789231269396763,-0.41368444250405534,0.33240600047844415
correct_CP,COc1ccc(S(=O)(=O)N(C)C[C@H]2Oc3ncc(C#CC4(O)CCCC4)cc3C(=O)N([C@@H](C)CO)C[C@@H]2C)cc1,10.0359,0.24622250892586958,0.25138752110827367,-0.15272878148965408,0.40411630259792775,0.21162568990669606
correct_CP,COc1ccc(S(=O)(=O)N(C)C[C@H]2Oc3ncc(C#CC4(O)CCCC4)cc3C(=O)N([C@H](C)CO)C[C@H]2C)cc1,10.078,0.05285400569712652,0.052903305052846385,-0.013191256968456092,0.06609456202130248,0.0013553041329590568
correct_CP,COc1ccc(S(=O)(=O)N2CCOCC2)cc1NC(=O)c1ccc(-n2nc(C)cc2C)cc1,20.0,0.4206519290694789,0.44848384724663753,0.021363866350692845,0.4271199808959447,0.36930390814115266
correct_CP,COc1ccc(S(=O)(=O)N2C[C@@H](O)COC[C@@H]3O[C@H](CC(=O)N[C@@H]4CCN(Cc5ccccc5)C4)CC[C@H]32)cc1,10.0475,-0.28501087136431497,-0.29312755981307304,-0.024422294471246345,-0.2687052653418267,0.14038665568206937
correct_CP,COc1ccc(S(=O)(=O)N2C[C@@H](O)COC[C@H]3O[C@@H](CC(=O)N[C@H]4CCN(Cc5ccccc5)C4)CC[C@@H]32)cc1,9.95434,-0.10478104320129292,-0.1051670552730987,0.060966170646709644,-0.16613322591980834,0.03765842358615121
correct_CP,COc1ccc(S(=O)(=O)N2C[C@H](O)COC[C@@H]3O[C@@H](CC(=O)N[C@@H]4CCN(Cc5ccccc5)C4)CC[C@H]32)cc1,10.1201,0.21212030304730736,0.2153905061411479,0.06703388420509639,0.14835662193605154,0.7137529288950927
correct_CP,COc1ccc(S(=O)(=O)N2C[C@H](O)COC[C@@H]3O[C@H](CC(=O)N[C@@H]4CCN(Cc5ccccc5)C4)CC[C@H]32)cc1,10.1162,0.7006526536771672,0.8685813888807538,0.1961981178540707,0.672383271026683,0.39017372243011317
correct_CP,COc1ccc(S(=O)(=O)N[C@@H]2C=C[C@@H](CC(=O)NCCc3ccncc3)O[C@H]2CO)cc1,10.1019,0.15879921166419997,0.16015460230353146,0.08198736585765859,0.07816723644587287,-0.139376278825722
correct_CP,COc1ccc(S(=O)(=O)N[C@@H]2CC[C@@H](CC(=O)NCc3ccccc3F)O[C@@H]2CO)cc1,10.0735,0.19276128107623558,0.1952034337747572,0.028934169725782475,0.16626926404897474,-0.11166850021405579
correct_CP,COc1ccc(S(=O)(=O)N[C@@H]2CC[C@H](CC(=O)NCc3ccccc3F)O[C@H]2CO)cc1,10.0025,-0.2159151580865491,-0.21936752877991839,-0.039272955362310444,-0.18009457341760793,-0.1479195763436678
correct_CP,COc1ccc(S(=O)(=O)N[C@@H]2CC[C@H](CCNC(=O)Cc3ccccn3)O[C@H]2CO)cc1,10.0236,0.2775774791456789,0.28505539630607024,-0.11345382069605955,0.3985092170021298,0.28185839231068677
correct_CP,COc1ccc(S(=O)(=O)N[C@H]2C=C[C@H](CC(=O)N3CCc4ccccc4C3)O[C@H]2CO)cc1,9.92394,0.2584188729357145,0.26441339210558334,-0.11979594631323084,0.3842093384188142,-0.10217902977090867
correct_CP,COc1ccc(S(=O)(=O)N[C@H]2C=C[C@H](CC(=O)NCCc3ccncc3)O[C@@H]2CO)cc1,10.1227,-0.1519576676294877,-0.15314376946853844,0.022030750348459142,-0.17517451981699758,-0.01935683316292337
correct_CP,COc1ccc(S(=O)(=O)N[C@H]2CC[C@@H](CC(=O)N3CCC(Cc4ccccc4)CC3)O[C@H]2CO)cc1,10.0153,0.3474992386266163,0.3625967158522173,-0.03807179632428814,0.40066851217650545,-0.15994216259363983
correct_CP,COc1ccc(S(=O)(=O)N[C@H]2CC[C@@H](CCNC(=O)Cc3ccccn3)O[C@H]2CO)cc1,9.99776,0.02893882092891359,0.028946903314019508,-0.14310532490134953,0.17205222821536903,-0.2291320218345615
correct_CP,COc1ccc(S(=O)(=O)N[C@H]2CC[C@H](CC(=O)NCc3ccccc3F)O[C@@H]2CO)cc1,10.0635,0.46320039069209273,0.5013782531241846,0.05653682487347059,0.44484142825071404,0.2432102412710758
correct_CP,COc1ccc(S(=O)(=O)N[C@H]2CC[C@H](CCNC(=O)Cc3ccccn3)O[C@@H]2CO)cc1,10.0563,-0.12301721627838345,-0.12364346196528586,0.02553165605051838,-0.14917511801580424,-0.012646994623996571
correct_CP,COc1ccc(S(=O)(=O)N[C@H]2CC[C@H](CCn3cc(C(C)C)nn3)O[C@H]2CO)cc1,10.1129,-0.40649411955577236,-0.4314041624683436,0.019188327792987465,-0.4505924902613311,-0.14138682852912823
correct_CP,COc1ccc(S(=O)(=O)Nc2ccc3c(c2)C(=O)N(C)C[C@@H](OC)[C@@H](C)CN[C@@H](C)CO3)cc1,10.0733,0.13794660692031513,0.1388317427823662,0.005854751994936309,0.1329769907874299,-0.10262180397851481
correct_CP,COc1ccc(S(=O)(=O)Nc2ccc3c(c2)[C@@H]2C[C@H](CC(=O)NCC4CC4)O[C@@H](CO)[C@@H]2O3)cc1,10.0042,0.02745283849107213,0.02745973829830563,-0.005395261154610181,0.03285499945291581,0.1165659677709289
correct_CP,COc1ccc(S(=O)(=O)Nc2cccc3c2O[C@@H](CN(C)CC2CCCCC2)[C@H](C)CN([C@@H](C)CO)C3=O)cc1,10.065,0.23980684807443223,0.24456916526160688,-0.07430669861690814,0.318875863878515,0.19293716898845398
correct_CP,COc1ccc(S(=O)(=O)Nc2cccc3c2O[C@H](CN(C)CC2CCCCC2)[C@@H](C)CN([C@@H](C)CO)C3=O)cc1,10.0184,0.13402278584722932,0.13483399040556993,0.09074983377850104,0.04408415662706888,-0.05147907423743889
correct_CP,COc1ccc(S(=O)(=O)Nc2cccc3c2O[C@H](CN(C)Cc2ccc4c(c2)OCO4)[C@H](C)CN([C@H](C)CO)C3=O)cc1,10.0086,0.4000038197973173,0.423653477579632,0.0826365523389722,0.3410169252406598,-0.07805310952589722
correct_CP,COc1ccc(S(=O)(=O)Nc2ccccc2-c2nnn(CC(=O)Nc3ccccc3OC)n2)cc1,10.0,0.1208056908248169,0.12139857106947577,0.1278337145163041,-0.006435143446828329,0.10741842349933584
correct_CP,COc1ccc(S(=O)(=O)n2c(N)nc3ccccc32)cc1,20.0,0.2112058022669184,0.2144331128681966,0.09109078607003354,0.12334232679816307,-0.0029427698980163536
correct_CP,COc1ccc([C@@H]2CNC(=O)C2)cc1OC1CCCC1,10.0,0.35387651054091807,0.3698683001023759,-1.168491411243644e-05,0.36987998501648833,-0.24702474374470165
correct_CP,COc1ccc([C@@H]2[C@@H]3C(=O)N(C(C)(C)C)C(=O)[C@@H]3[C@]3(C)C(=O)N(c4cccc(C)c4)C(=O)N23)cc1,10.0,0.34256473528381437,0.35699537133592807,0.04252607526639871,0.31446929606952934,0.08562423355422066
correct_CP,COc1ccc2[nH]c(C(=O)c3ccccc3)cc2c1,10.0,0.4898395498958694,0.5358492121102509,-0.04755672201442045,0.5834059341246713,0.16381143284651228
correct_CP,COc1ccc2c(c1)[C@@]1(C)CCC(=O)C[C@@H]1CC2,10.0,0.16509857934177677,0.16662366054565703,0.014993500083848244,0.15163016046180877,-0.18671465208713542
correct_CP,COc1ccc2c(c1)[nH]c1c(C)nccc12,10.0,0.24347221482753822,0.24846182876458728,-0.01471617858363974,0.263178007348227,0.060468782831990406
correct_CP,COc1ccc2c(c1)c(=O)oc1cc(OCC(=O)NC3CCCCC3)ccc12,10.0,0.4479349525307661,0.4821138853492564,0.31085193116238935,0.17126195418686707,-0.42304691979395853
correct_CP,COc1ccc2c(c1)c(CC(=O)OCC(=O)O)c(C)n2C(=O)c1ccc(Cl)cc1,10.0,-0.16248978274268194,-0.1639429425246491,0.0006109828513049947,-0.1645539253759541,-0.13763904378576175
correct_CP,COc1ccc2c(c1)sc(=N)n2C,10.0,-0.21573092051903925,-0.21917429024093993,0.08079021220075339,-0.2999645024416933,-0.07700609301936452
correct_CP,COc1ccc2c(c1O)-c1cc(O)cc3c1[C@@H](C2)N(C)CC3,10.0,0.47207004177516687,0.5127306304274397,-0.029859865514670448,0.5425904959421102,0.3500895653978241
correct_CP,COc1ccc2cc([C@H](C)C(=O)O)ccc2c1,10.0,0.18167771255280035,0.18371712226516995,0.0428195630226948,0.14089755924247516,-0.21093725151130704
correct_CP,COc1ccc2cc1Oc1ccc(cc1)C[C@H]1c3cc(c(OC)cc3CCN1C)Oc1c(OC)c(OC)cc3c1[C@H](C2)N(C)CC3,10.0,0.12389123804523408,0.12453101087735763,0.022784437625433987,0.10174657325192364,0.40108370701173596
correct_CP,COc1ccc2cc3c(N)nn(C(=O)Cc4ccc(Cl)cc4)c3nc2c1,10.0,0.7787482500747109,1.042181986242506,-0.018180827015350638,1.0603628132578566,0.015558556805033062
correct_CP,COc1ccc2cccc(N3CCN(CCNC(=O)c4ccc(F)cc4)CC3)c2c1,10.0,-0.15200696087692317,-0.15319422824426535,0.07674673324388502,-0.22994096148815035,0.04887757523684129
correct_CP,COc1ccc2nc(N=C(N)NC(=O)Nc3ccccc3)nc(C)c2c1,10.0,0.25751105340837116,0.2634408540506369,0.07316556673089875,0.19027528731973814,0.2644070264583894
correct_CP,COc1cccc(-c2cc(=O)c3cc(OC)ccc3o2)c1,10.0,0.02252090744891774,0.02252471607724106,0.024305050356855352,-0.0017803342796142915,0.0949257737534123
correct_CP,COc1cccc(-c2cc(C(=O)Nc3nc4ccccc4s3)c3ccccc3n2)c1,10.0,0.5044879874888658,0.5553081574816408,0.06538407522045622,0.48992408226118456,0.23965321211786764
correct_CP,COc1cccc(-c2ccc([C@@H]3[C@@H](C#N)N(C(=O)Cc4ccncc4)[C@@H]3CO)cc2)c1,10.0349,-0.07063219038135492,-0.07075000236164797,-0.02533599846619168,-0.04541400389545629,0.10818639925344156
correct_CP,COc1cccc(-c2ccc3c(c2)O[C@@H](CN(C)C(=O)C2CCOCC2)[C@H](C)CN([C@H](C)CO)S3(=O)=O)c1,10.0456,-0.1113881300308264,-0.11185226606205148,0.006387228821954989,-0.11823949488400647,-0.04266457856346125
correct_CP,COc1cccc(-c2ccc3c(c2)O[C@@H](CN(C)C(=O)c2ccccc2F)[C@@H](C)CN([C@H](C)CO)S3(=O)=O)c1,9.98892,0.026009021462173692,0.02601488861101654,0.031288078683597606,-0.005273190072581067,0.10519732235019168
correct_CP,COc1cccc(-c2ccc3c(c2)O[C@@H](CN(C)C(=O)c2ccccc2F)[C@H](C)CN([C@@H](C)CO)S3(=O)=O)c1,10.0176,0.051115000677462066,0.05115958738628762,-0.0037715199298249315,0.05493110731611255,0.12032662217418899
correct_CP,COc1cccc(-c2ccc3c(c2)O[C@@H](CN(C)Cc2ccncc2)[C@@H](C)CN([C@@H](C)CO)S3(=O)=O)c1,10.0802,0.3429907644434496,0.35747812206977353,0.003866113694768034,0.3536120083750055,0.23681891237092395
correct_CP,COc1cccc(-c2ccc3c(c2)O[C@@H](CN(C)Cc2ccncc2)[C@@H](C)CN([C@H](C)CO)S3(=O)=O)c1,10.086,-0.2289553408356355,-0.23308673776207572,-0.036928371710586036,-0.19615836605148967,0.015814972433180596
correct_CP,COc1cccc(-c2ccc3n(c2=O)C[C@H]2[C@H](CO)[C@@H](C(=O)NCCN4CCCCC4)N(C)[C@@H]32)c1,10.0372,-0.07841382621594661,-0.0785751368485823,-0.017399957171730228,-0.06117517967685208,0.33611372839501086
correct_CP,COc1cccc(-c2cccc(-c3nc(C(=O)N(C)C)cc4c3[C@@H](CCO)N([S@](=O)C(C)(C)C)C4)c2)c1,10.0327,0.08739327547939713,0.08761679183026977,0.04412576010420681,0.04349103172606296,-0.006474491145465527
correct_CP,COc1cccc(-c2cccc(-c3nc(C(=O)N4CCN(C)CC4)cc4c3[C@@H](CCO)N(S(=O)C(C)(C)C)C4)c2)c1,10.0598,0.3452495711739334,0.3600403456325344,-0.14307984769544657,0.503120193327981,-0.13438163173310236
correct_CP,COc1cccc(-c2cn(CC[C@@H]3CC[C@@H](NS(=O)(=O)Cc4ccccc4)[C@@H](CO)O3)nn2)c1,10.0511,0.22153990721440706,0.22527491627108243,0.10140081616409954,0.12387410010698288,0.031641443393083474
correct_CP,COc1cccc(-c2cn(CC[C@H]3CC[C@@H](NC(=O)CN(C)C)[C@@H](CO)O3)nn2)c1,9.99328,0.15749149939212906,0.15881334503892053,-0.009074107119759419,0.16788745215867995,0.14281983213814856
correct_CP,COc1cccc(-c2cnc3c(c2)C(=O)N([C@@H](C)CO)C[C@H](C)[C@@H](CN(C)Cc2ccc(C(=O)O)cc2)O3)c1,10.1787,0.2395830246343375,0.24433169848419117,0.0769538807992288,0.16737781768496238,0.08759299999937711
correct_CP,COc1cccc(-c2cnc3c(c2)C(=O)N([C@H](C)CO)C[C@H](C)[C@@H](CN(C)Cc2ccc(C(=O)O)cc2)O3)c1,10.0122,0.07284247069371913,0.07297171708459282,0.041255203996452536,0.03171651308814029,-0.06742855378252958
correct_CP,COc1cccc(-c2cnc3c(c2)C(=O)N([C@H](C)CO)C[C@H](C)[C@H](CN(C)C(=O)NC(C)C)O3)c1,10.0265,-0.05773448591699602,-0.05779876274388216,0.036651277483181206,-0.09445004022706337,-0.10415359495763765
correct_CP,COc1cccc(-c2cnc3c(c2)C(=O)N([C@H](C)CO)C[C@H](C)[C@H](CN(C)S(=O)(=O)c2cn(C)cn2)O3)c1,10.1273,-0.2681225921480174,-0.2748398937524509,0.034173121471593404,-0.3090130152240443,0.1672101516826081
correct_CP,COc1cccc(C#Cc2ccc([C@@H]3[C@@H](CO)N(C(=O)c4ccccn4)[C@H]3C#N)cc2)c1,10.0721,0.02239090931162831,0.022394652352817165,0.0410028184863423,-0.018608166133525138,-0.012562204880478378
correct_CP,COc1cccc(C#Cc2ccc([C@H]3[C@@H](C#N)N(C(=O)c4ccccn4)[C@@H]3CO)cc2)c1,9.96222,0.034735103520830986,0.03474908326062972,-0.027743322688640798,0.06249240594927052,-0.0446589879774614
correct_CP,COc1cccc(C#Cc2ccc([C@H]3[C@@H](CO)N(C(=O)c4ccccn4)[C@H]3C#N)cc2)c1,10.0988,-0.2286351490238027,-0.2327488589133917,-0.034061014813250835,-0.19868784410014087,0.21103289121378357
correct_CP,COc1cccc(C(=O)Nc2ccc(C(=O)O)cc2)c1,10.0,0.4860833391522087,0.5309190963496018,-0.10209147442267533,0.6330105707722771,-0.051816085197909006
correct_CP,COc1cccc(C(=O)Nc2ccc(F)c(F)c2F)c1,10.0,0.4023757607767965,0.4264804277057552,0.16470540779139964,0.2617750199143556,0.2800239798059031
correct_CP,COc1cccc(C(=O)Nc2ccc3c(c2)C(=O)N(C)C[C@@H](OC)[C@@H](C)CN(C(C)=O)[C@H](C)CO3)c1,10.0321,0.4875602680580758,0.5328547725269382,0.09675779787905607,0.43609697464788216,0.027838893459250905
correct_CP,COc1cccc(C(=O)Nc2ccc3c(c2)C(=O)N(C)C[C@@H](OC)[C@@H](C)CN[C@H](C)CO3)c1,10.0484,0.27890571582972545,0.28649509220659763,-0.022556862229070142,0.3090519544356678,0.27348861409368364
correct_CP,COc1cccc(C(=O)Nc2ccc3c(c2)C(=O)N(C)C[C@@H](OC)[C@H](C)CN(CCc2ccccc2)[C@@H](C)CO3)c1,10.0187,0.2654858982293051,0.27200112105493324,-0.05002693934488502,0.32202806039981824,0.2441597887989432
correct_CP,COc1cccc(C(=O)Nc2ccc3c(c2)C(=O)N(C)C[C@H](OC)[C@@H](C)CN(C(C)=O)[C@@H](C)CO3)c1,10.0321,-0.0554011012577805,-0.055457886402965305,-0.01775553535721983,-0.03770235104574547,-0.42772033905959594
correct_CP,COc1cccc(C(=O)Nc2ccc3c(c2)C(=O)N(C)C[C@H](OC)[C@@H](C)CN(C(C)=O)[C@H](C)CO3)c1,10.0161,-0.03861484450461455,-0.03863405463904783,-0.07538947517749138,0.03675542053844355,0.1583645575621366
correct_CP,COc1cccc(C(=O)Nc2ccc3c(c2)C(=O)N(C)[C@@H]2CC[C@H](CC(=O)NCC(F)(F)F)O[C@@H]2CO3)c1,9.95565,0.08137880334632745,0.08155916452650158,0.09083998524835518,-0.0092808207218536,0.020668040063061208
correct_CP,COc1cccc(C(=O)Nc2ccc3c(c2)C(=O)N(C)[C@@H]2CC[C@H](CC(=O)NCCCN4CCOCC4)O[C@H]2CO3)c1,9.99054,0.3698897331626172,0.38829534902206564,-0.005652340328441195,0.39394768935050684,0.14107071612518554
correct_CP,COc1cccc(C(=O)Nc2ccc3c(c2)C(=O)N(C)[C@H]2CC[C@H](CC(=O)NCC(F)(F)F)O[C@@H]2CO3)c1,10.0476,0.4608670019503387,0.4984115426518251,0.016942306878743003,0.4814692357730821,0.22325315810213794
correct_CP,COc1cccc(C(=O)Nc2ccc3c(c2)C(=O)N(C)[C@H]2CC[C@H](CC(=O)NCC(F)(F)F)O[C@H]2CO3)c1,10.0911,-0.030457464516567896,-0.03046688779025472,0.08047661007419514,-0.11094349786444986,-0.07578984642401984
correct_CP,COc1cccc(C(=O)Nc2ccc3c(c2)OC[C@@H](C)N(C)C[C@H](C)[C@@H](OC)CN(C)C3=O)c1,9.99288,0.4418434424861239,0.4745191250979097,-0.007260994536526996,0.48178011963443673,0.15703527567422676
correct_CP,COc1cccc(CN(C)C[C@H]2OCc3cn(nn3)CCCC(=O)N([C@H](C)CO)C[C@H]2C)c1,9.6374,0.31361984617178035,0.3245551062396794,0.10778040464799948,0.21677470159167994,0.1389185782041067
correct_CP,COc1cccc(CNC(=O)C[C@@H]2C=C[C@@H](NC(=O)C3CCC3)[C@@H](CO)O2)c1,10.1263,0.6042893905398755,0.6998765151427261,0.08314264037476488,0.6167338747679612,0.07906264073371577
correct_CP,COc1cccc(CNC(=O)C[C@@H]2CC[C@@H]3[C@@H](COc4ccc(NS(=O)(=O)c5ccccc5F)cc4C(=O)N3C)O2)c1,10.0425,-0.05228018513528762,-0.052327894443181915,-0.017117131579166563,-0.03521076286401535,-0.11376455835374757
correct_CP,COc1cccc(CNC(=O)C[C@@H]2CC[C@H]3[C@H](COc4ccc(NC(=O)c5cccs5)cc4C(=O)N3C)O2)c1,10.1524,-0.17591722374799496,-0.17776637826563807,0.0967988036469783,-0.27456518191261636,-0.5496584391432076
correct_CP,COc1cccc(CNC(=O)C[C@H]2C=C[C@@H](NC(=O)C3CCC3)[C@H](CO)O2)c1,10.0394,-0.09389358597334403,-0.09417097686923842,-0.08946686039341366,-0.004704116475824763,-0.04033724650611338
correct_CP,COc1cccc(CNC(=O)C[C@H]2CC[C@@H]3[C@H](COc4ccc(NC(=O)c5cccs5)cc4C(=O)N3C)O2)c1,10.1037,-0.32058368949154636,-0.3322975220947057,0.01562643831662937,-0.34792396041133505,-0.09746527309641391
correct_CP,COc1cccc(CNC(=O)C[C@H]2CC[C@H](NC(C)=O)[C@@H](CO)O2)c1,10.0323,0.6589941166157061,0.7910335066896718,0.021805512177838132,0.7692279945118337,0.09163598383393835
correct_CP,COc1cccc(CNC(=O)[C@@H]2[C@@H](CO)[C@@H]3Cn4c(cccc4=O)[C@H]2N3C(=O)C2CCCCC2)c1,9.92915,0.5740787203150868,0.6535854504558749,0.03163631273792841,0.6219491377179465,0.3132488848752252
correct_CP,COc1cccc(CNC(=O)[C@H]2[C@H](CO)[C@H]3Cn4c(cccc4=O)[C@@H]2N3C(=O)C2CCCCC2)c1,10.0097,0.04801151213537441,0.04804845377178906,0.062581886232987,-0.014533432461197933,-0.05602144209785997
correct_CP,COc1cccc(CNC(=O)c2cc3c(c(-c4cccc(-c5ccc(C#N)cc5)c4)n2)[C@@H](CCO)N([S@](=O)C(C)(C)C)C3)c1,9.9531,0.4175109002023099,0.44467362641915825,0.09815087658729224,0.34652274983186604,0.12031602468749011
correct_CP,COc1cccc(CNC(=O)c2cc3c(c(-c4cccc(-c5ccc(C#N)cc5)c4)n2)[C@H](CCO)N([S@@](=O)C(C)(C)C)C3)c1,9.99719,-0.4252819627181223,-0.45412269556066925,-0.060895055212636696,-0.39322764034803254,0.20508739412494933
correct_CP,COc1cccc(NC(=O)/C=C/c2ccc([N+](=O)[O-])cc2)c1,10.0,0.28667854230239986,0.29494361619757364,0.029931604834712633,0.265012011362861,0.05906122191069088
correct_CP,COc1cccc(NC(=O)C[C@@H]2CC[C@H]3[C@H](COc4ccc(NC(=O)C5CCOCC5)cc4C(=O)N3C)O2)c1,9.91177,0.4870232296948019,0.5321505030506817,0.00530746801955307,0.5268430350311286,0.07640126346218531
correct_CP,COc1cccc(NC(=O)C[C@H]2CC[C@H]3[C@@H](COc4ccc(NC(=O)C5CCOCC5)cc4C(=O)N3C)O2)c1,9.9375,0.10380441838090393,0.10417969083374393,0.04103696421608738,0.06314272661765655,-0.06660376981340506
correct_CP,COc1cccc(NC(=O)N(C)C[C@@H]2OCc3ccccc3-c3c(n(C)c4ccccc34)C(=O)N([C@@H](C)CO)C[C@@H]2C)c1,10.0734,0.2467255953842331,0.2519231465354559,-0.0870559189790426,0.3389790655144985,0.17968473500536408
correct_CP,COc1cccc(NC(=O)N(C)C[C@@H]2Oc3cc(C#CC4(O)CCCC4)ccc3S(=O)(=O)N([C@@H](C)CO)C[C@H]2C)c1,10.0279,-0.018476806307229105,-0.018478909351597083,0.18114369867898777,-0.19962260803058485,-0.2926990496666101
correct_CP,COc1cccc(NC(=O)N(C)C[C@@H]2Oc3cc(C#CC4(O)CCCC4)ccc3S(=O)(=O)N([C@H](C)CO)C[C@H]2C)c1,10.0368,0.11141881565745998,0.11188333730561918,0.04039937947780886,0.07148395782781032,0.15793788803953146
correct_CP,COc1cccc(NC(=O)N(C)C[C@@H]2Oc3ncc(C#Cc4ccncc4)cc3C(=O)N([C@@H](C)CO)C[C@H]2C)c1,10.0559,-0.03910278091976696,-0.03912272896576736,0.010084924276456308,-0.04920765324222366,0.23031834380308447
correct_CP,COc1cccc(NC(=O)N(C)C[C@H]2OCc3ccccc3-c3ccccc3C(=O)N([C@H](C)CO)C[C@@H]2C)c1,10.1784,0.47043160580099397,0.510624460925854,0.08029776599470191,0.4303266949311521,0.23637117506239297
correct_CP,COc1cccc(NC(=O)N(C)C[C@H]2OCc3cn(nn3)CCCC(=O)N([C@@H](C)CO)C[C@H]2C)c1,10.1993,0.2887858277234801,0.29724111201902254,-0.11345598765633816,0.4106970996753607,0.2689057568572466
correct_CP,COc1cccc(NC(=O)N(C)C[C@H]2OCc3cn(nn3)CCCC(=O)N([C@H](C)CO)C[C@@H]2C)c1,10.0094,0.02275362885244083,0.02275755680009313,0.0293076282363278,-0.006550071436234671,0.027537387590433282
correct_CP,COc1cccc(NC(=O)N(C)C[C@H]2OCc3cnnn3CCCC(=O)N([C@@H](C)CO)C[C@H]2C)c1,10.0059,0.21209519224451326,0.21536421239048714,-0.024061759902932425,0.23942597229341955,0.04669364348668329
correct_CP,COc1cccc(NC(=O)N(C)C[C@H]2Oc3cc(-c4ccccc4OC)ccc3S(=O)(=O)N([C@@H](C)CO)C[C@H]2C)c1,10.0176,0.13452116264507089,0.1353415174001288,-0.0883317814006876,0.22367329880081643,-0.1526605711717296
correct_CP,COc1cccc(NC(=O)N(C)C[C@H]2Oc3cc(C#CC4(O)CCCC4)ccc3S(=O)(=O)N([C@@H](C)CO)C[C@H]2C)c1,10.0262,-0.038065354234312336,-0.03808375543522824,0.017993850739730432,-0.056077606174958675,0.019128334015385776
correct_CP,COc1cccc(NC(=O)N(C)C[C@H]2Oc3ncc(/C=C/c4ccccc4)cc3C(=O)N([C@H](C)CO)C[C@@H]2C)c1,9.96699,0.20753999519435265,0.2105992349683218,0.03059107852698221,0.1800081564413396,-0.05234714968224175
correct_CP,COc1cccc(NC(=O)N(C)C[C@H]2Oc3ncc(C#Cc4ccncc4)cc3C(=O)N([C@H](C)CO)C[C@H]2C)c1,10.0925,0.2757231139236938,0.2830473431969399,0.01488491466595781,0.2681624285309821,0.077157846265318
correct_CP,COc1cccc(NC(=O)N2C[C@@H](O)COC[C@H]3O[C@@H](CC(=O)N(C)C)CC[C@@H]32)c1,10.0024,0.2658297524337039,0.2723710851390104,0.07413338154266051,0.1982377035963499,-0.23711376184253335
correct_CP,COc1cccc(NC(=O)N2C[C@@H](O)COC[C@H]3O[C@H](CC(=O)N(C)C)CC[C@@H]32)c1,9.96364,-0.0849371551102338,-0.08514229844153107,0.07511472730585086,-0.16025702574738193,-0.21887807440524165
correct_CP,COc1cccc(NC(=O)N2C[C@H](O)COC[C@@H]3O[C@H](CC(=O)N(C)C)CC[C@H]32)c1,10.0378,-0.17517961937779278,-0.17700532013928139,0.04999602319246834,-0.22700134333174973,-0.1553689607560032
correct_CP,COc1cccc(NC(=O)NCCCCc2ccccc2)c1,10.0,-0.36895789328596,-0.3872162385445287,-0.10341488662033742,-0.28380135192419126,0.20397822823755044
correct_CP,COc1cccc(NC(=O)N[C@@H]2C=C[C@@H](CC(=O)Nc3ccc(-c4ccccc4)cc3)O[C@@H]2CO)c1,10.0808,-0.08969238850034347,-0.08993407300184995,-0.07787150015953287,-0.012062572842317085,-0.05863945844702173
correct_CP,COc1cccc(NC(=O)N[C@@H]2CC[C@@H](CC(=O)N3CCCCC3)O[C@H]2CO)c1,10.021,0.03795788781832028,0.037976133518017555,0.12020284738240329,-0.08222671386438574,-0.04882320799348176
correct_CP,COc1cccc(NC(=O)Nc2ccc3c(c2)C(=O)N(C)C[C@@H](OC)[C@@H](C)CN(CC2CC2)[C@@H](C)CO3)c1,9.97027,-0.37340452557611303,-0.3923734176419723,0.058069101599878395,-0.4504425192418507,0.1277301340904473
correct_CP,COc1cccc(Nc2c(F)c(F)c(F)c(F)c2C(=O)O)c1,20.0,0.3615303048575093,0.37864517926694474,0.09585411236963327,0.2827910668973115,0.19911139476835393
correct_CP,COc1cccc(S(=O)(=O)N(C)C[C@@H]2OCc3ccccc3-c3c(n(C)c4ccccc34)C(=O)N([C@H](C)CO)C[C@@H]2C)c1,9.86023,0.2549248593425113,0.2606729517515459,0.11454060451622644,0.14613234723531948,-0.224971832931967
correct_CP,COc1cccc(S(=O)(=O)N(C)C[C@@H]2OCc3ccccc3-c3c(n(C)c4ccccc34)C(=O)N([C@H](C)CO)C[C@H]2C)c1,9.89215,0.5036851803102221,0.5542318592515071,0.17904498580696465,0.37518687344454243,-0.3063350384386335
correct_CP,COc1cccc(S(=O)(=O)N(C)C[C@@H]2OCc3ccccc3-c3ccccc3C(=O)N([C@@H](C)CO)C[C@@H]2C)c1,10.0371,0.3734740623725641,0.39245422335293845,0.10497613120706341,0.28747809214587505,0.039105769133248966
correct_CP,COc1cccc(S(=O)(=O)N(C)C[C@@H]2OCc3cnnn3CCCC(=O)N([C@@H](C)CO)C[C@@H]2C)c1,10.0125,0.17963813041510118,0.18160872700168917,0.12461403986117287,0.05699468714051631,-0.02079217339050217
correct_CP,COc1cccc(S(=O)(=O)N2C[C@H](O)COC[C@@H]3O[C@@H](CC(=O)NCCCN4CCOCC4)CC[C@H]32)c1,10.0416,0.2624543807854563,0.26874254180115675,0.12996813254469797,0.13877440925645879,-0.027891087460761868
correct_CP,COc1cccc(S(=O)(=O)N2C[C@H](O)COC[C@@H]3O[C@H](CC(=O)NCCCN4CCOCC4)CC[C@H]32)c1,10.1568,0.3560383574174274,0.3723417960789654,0.11806418364838105,0.25427761243058433,-0.18013411781119706
correct_CP,COc1cccc(S(=O)(=O)N2C[C@H](O)COC[C@H]3O[C@H](CC(=O)N4CCN(c5ccccc5)CC4)CC[C@@H]32)c1,10.0416,-0.05267867887853942,-0.05272748871066934,0.1436566095456431,-0.19638409825631245,0.07450836478321016
correct_CP,COc1cccc(S(=O)(=O)N2C[C@H](O)COC[C@H]3O[C@H](CC(=O)NCCCN4CCOCC4)CC[C@@H]32)c1,10.0273,-0.016832994783519312,-0.016834584928617453,0.054281121372647706,-0.07111570630126515,-0.25564611334171317
correct_CP,COc1cccc(S(=O)(=O)N[C@@H]2C=C[C@@H](CC(=O)NC3Cc4ccccc4C3)O[C@@H]2CO)c1,10.0065,0.2938779703123107,0.3028055486164634,0.14835052792838077,0.15445502068808264,-0.2554393195753403
correct_CP,COc1cccc(S(=O)(=O)N[C@@H]2C=C[C@@H](CC(=O)NCc3ccc(F)cc3)O[C@@H]2CO)c1,10.0775,-0.22883928760278868,-0.23296426784248758,-0.012233500402080709,-0.22073076744040687,-0.17264576911485435
correct_CP,COc1cccc(S(=O)(=O)N[C@@H]2C=C[C@H](CC(=O)NCc3ccc(F)cc3)O[C@H]2CO)c1,10.0934,-0.3930835424773353,-0.4154418976079531,0.03891205212759341,-0.4543539497355465,-0.3528398747789283
correct_CP,COc1cccc(S(=O)(=O)N[C@@H]2CC[C@@H](CC(=O)NCc3ccncc3)O[C@@H]2CO)c1,9.96238,0.503853889255332,0.5544579451147655,0.06395427538801265,0.49050366972675286,-0.3591083179436986
correct_CP,COc1cccc(S(=O)(=O)N[C@@H]2CC[C@@H](CC(=O)NCc3ccncc3)O[C@H]2CO)c1,9.97563,0.26754388487629854,0.2742164650199893,-0.19430708463200835,0.46852354965199766,0.3282120825644038
correct_CP,COc1cccc(S(=O)(=O)N[C@H]2C=C[C@@H](CC(=O)NCc3ccc(F)cc3)O[C@@H]2CO)c1,10.0205,0.06584787289923308,0.06594329212246025,-1.1709924885036985e-05,0.06595500204734529,0.11702319195218303
correct_CP,COc1cccc(S(=O)(=O)N[C@H]2CC[C@@H](CCn3cc(-c4ccccc4OC)nn3)O[C@@H]2CO)c1,10.0503,0.3425834892507378,0.35701661884754965,-0.007973043284872092,0.36498966213242173,-0.025412744374869678
correct_CP,COc1cccc(S(=O)(=O)N[C@H]2CC[C@@H](CCn3cc(-c4ccccc4OC)nn3)O[C@H]2CO)c1,10.0733,0.13486230686706524,0.1356889649721359,0.05816711078834907,0.07752185418378682,-0.040083052455419904
correct_CP,COc1cccc(S(=O)(=O)N[C@H]2CC[C@H](CC(=O)NCc3ccncc3)O[C@@H]2CO)c1,9.95826,0.40052844346172434,0.42427818798209993,-0.08930492087270728,0.5135831088548072,0.06697345463461474
correct_CP,COc1cccc(S(=O)(=O)Nc2ccc3c(c2)OC[C@@H](C)N(Cc2ccccc2F)C[C@H](C)[C@H](OC)CN(C)C3=O)c1,9.9633,0.32751070024133644,0.3400373066595915,0.01420285566486624,0.32583445099472524,0.33330032200719
correct_CP,COc1cccc(S(=O)(=O)Nc2ccc3c(c2)OC[C@H](C)N(Cc2ccccc2F)C[C@@H](C)[C@H](OC)CN(C)C3=O)c1,10.0535,-0.12420140947323022,-0.12484602965648894,0.03698896113356762,-0.16183499079005656,-0.14408876963529657
correct_CP,COc1cccc(S(=O)(=O)Nc2ccc3c(c2)OC[C@H](C)NC[C@H](C)[C@H](OC)CN(C)C3=O)c1,9.95773,0.09392161963081096,0.0941992599449093,0.0028429934419664125,0.09135626650294289,-0.10823342803974738
correct_CP,COc1cccc(S(=O)(=O)Nc2ccc3c(c2)[C@@H]2C[C@@H](CC(=O)NCc4ccc(Cl)cc4)O[C@@H](CO)[C@@H]2O3)c1,10.0494,0.270519657487272,0.2774244269035129,0.010295446850013155,0.2671289800534997,0.14807171821592618
correct_CP,COc1cccc(S(=O)(=O)Nc2ccc3c(c2)[C@@H]2C[C@H](CC(=O)NCC(F)(F)F)O[C@H](CO)[C@@H]2O3)c1,9.9949,-0.13543243438748914,-0.13626969951661425,-0.006296468348332745,-0.1299732311682815,0.06726097788308545
correct_CP,COc1cccc(S(=O)(=O)Nc2ccc3c(c2)[C@@H]2C[C@H](CC(=O)NCCc4ccccc4)O[C@@H](CO)[C@@H]2O3)c1,9.98032,0.13393618253864856,0.13474580410861386,0.004997633771102825,0.12974817033751104,-0.1613939925350458
correct_CP,COc1cccc(S(=O)(=O)Nc2ccc3c(c2)[C@@H]2C[C@H](CC(=O)NCc4ccc(Cl)cc4)O[C@@H](CO)[C@@H]2O3)c1,10.0662,0.19715039951682312,0.1997659726705134,-0.011138720830407421,0.21090469350092084,-0.02488411697551609
correct_CP,COc1cccc(S(=O)(=O)Nc2ccc3c(c2)[C@H]2C[C@@H](CC(=O)NCc4cccc(F)c4)O[C@@H](CO)[C@H]2O3)c1,10.127,0.14556950301425756,0.14661100663665608,0.009050154334275178,0.1375608523023809,0.23109954591504217
correct_CP,COc1cccc(S(=O)(=O)Nc2ccc3c(c2)[C@H]2C[C@H](CC(=O)N4CCCCC4)O[C@H](CO)[C@H]2O3)c1,10.1414,0.004974251155026858,0.004974292181890808,0.01092138942536917,-0.005947097243478363,-0.12500163138575673
correct_CP,COc1cccc(S(=O)(=O)Nc2ccc3c(c2)[C@H]2C[C@H](CC(=O)NCc4ccc(Cl)cc4)O[C@@H](CO)[C@H]2O3)c1,9.98124,0.2168306961960501,0.22032803523434913,0.027394384496124222,0.1929336507382249,0.030875127853159812
correct_CP,COc1cccc(S(=O)(=O)Nc2ccc3c(c2)[C@H]2C[C@H](CC(=O)NCc4cccc(F)c4)O[C@H](CO)[C@H]2O3)c1,10.0425,0.10420644396291882,0.10458611273994999,0.013372753150706025,0.09121335958924395,-0.0637992761347704
correct_CP,COc1cccc(S(=O)(=O)Nc2ccc3c(c2)[C@H]2C[C@H](CC(=O)NCc4ccccc4F)O[C@@H](CO)[C@H]2O3)c1,10.0723,0.045773621796412714,0.045805630716135005,-0.19001220976145283,0.23581784047758783,0.2315665728685168
correct_CP,COc1ccccc1-c1c(C)nn2c(N3CCN(Cc4ccccc4)CC3)cc(C)nc12,10.0,0.3061017619676395,0.31623845346704965,0.16339399396716495,0.1528444594998847,0.16813224287454612
correct_CP,COc1ccccc1-c1cc(=O)c2cccc(OC)c2o1,10.0,-0.21332575196714848,-0.21665308846471418,0.04377592741841242,-0.2604290158831266,0.1463862671052577
correct_CP,COc1ccccc1-c1ccc([C@@H]2[C@@H](C#N)N(C(=O)CN(C)C)[C@H]2CO)cc1,10.0398,0.13471982767201673,0.13554384922219237,0.03992961563186746,0.0956142335903249,0.02725831208792598
correct_CP,COc1ccccc1-c1ccc([C@@H]2[C@@H](C#N)N[C@@H]2CO)cc1,10.0193,0.3380096341545367,0.3518437191745609,-0.023256969207283328,0.37510068838184424,-0.1816703092725722
correct_CP,COc1ccccc1-c1ccc([C@H]2[C@@H](C#N)N(C(=O)CN(C)C)[C@H]2CO)cc1,10.3742,-0.2577820732125839,-0.2637311437991024,-0.03777080005975272,-0.22596034373934967,0.1358067479057273
correct_CP,COc1ccccc1-c1ccc2c(c1)O[C@@H](CN(C)Cc1ccc3c(c1)OCO3)[C@H](C)CN([C@@H](C)CO)S2(=O)=O,10.0596,0.41520901423134615,0.441889009151016,0.066965405042726,0.37492360410828995,0.2558829969641515
correct_CP,COc1ccccc1-c1ccc2c(c1)O[C@@H](CN(C)S(=O)(=O)c1ccc(F)cc1)[C@@H](C)CN([C@H](C)CO)S2(=O)=O,10.0285,0.048436194786360416,0.048474126347853086,-0.02457425792082092,0.07304838426867401,0.019477836966995753
correct_CP,COc1ccccc1-c1ccc2c(c1)O[C@H](CN(C)CC1CCOCC1)[C@H](C)CN([C@H](C)CO)S2(=O)=O,10.0486,0.12797234305135838,0.128677886547845,0.054380336566323885,0.07429754998152113,0.25812063141863006
correct_CP,COc1ccccc1-c1ccc2c(c1)O[C@H](CN(C)S(=O)(=O)c1ccc(F)cc1)[C@@H](C)CN([C@H](C)CO)S2(=O)=O,9.98793,0.2886819518160025,0.29712778865298745,-0.0026509929484211762,0.29977878160140864,0.11024843540584031
correct_CP,COc1ccccc1-c1ccc2c(c1)O[C@H](CN(C)S(=O)(=O)c1ccc(F)cc1)[C@H](C)CN([C@@H](C)CO)S2(=O)=O,10.0127,0.011042282858584192,0.011042731694005088,0.04249760826660047,-0.03145487657259538,-0.035384631586630584
correct_CP,COc1ccccc1-c1ccc2n(c1=O)C[C@H]1[C@H](CO)[C@@H](C(=O)N3CCCCC3)N(C)[C@@H]21,10.1018,0.4173124766194436,0.44443333652090666,0.02224702120297829,0.4221863153179284,-0.23350220786610115
correct_CP,COc1ccccc1-c1cccc(-c2nc(C(=O)N3CCN(C)CC3)cc3c2[C@@H](CCO)N([S@](=O)C(C)(C)C)C3)c1,10.09,-0.06890447188951508,-0.06901383241387195,-0.04171512437661925,-0.0272987080372527,-0.05257156836487822
correct_CP,COc1ccccc1-c1cccc(-c2nc(C(=O)N3CCOCC3)cc3c2[C@@H](CCO)N([S@](=O)C(C)(C)C)C3)c1,10.104,-0.5031960571316777,-0.5535766789972085,0.0525788546033305,-0.606155533600539,0.44593545262211454
correct_CP,COc1ccccc1-c1cn(CC[C@@H]2CC[C@H](NC(=O)c3cnccn3)[C@H](CO)O2)nn1,10.035,0.2323260764436623,0.23664685861300155,0.05180706066903444,0.1848397979439671,0.3388529249110148
correct_CP,COc1ccccc1-c1cnc2c(c1)C(=O)N([C@H](C)CO)C[C@@H](C)[C@H](CN(C)CC1CCOCC1)O2,10.0381,-0.0645125417485882,-0.06460226346329927,0.669650791158551,-0.7342530546218502,-0.5178692379175901
correct_CP,COc1ccccc1-n1cc([C@@H]2C[C@H]3CN(c4ccccc4)C(=O)[C@]34CCCN24)cn1,10.0,0.08194317690291059,0.08212732689918657,0.0550164515780778,0.02711087532110877,0.17779645606288083
correct_CP,COc1ccccc1C#Cc1ccc([C@@H]2[C@@H](C#N)N(C(=O)C3CC3)[C@@H]2CO)cc1,10.008,-0.04922892253355865,-0.049268749009187505,-0.040223540089362166,-0.00904520891982534,-0.09203433331295566
correct_CP,COc1ccccc1C#Cc1ccc([C@H]2[C@@H](C#N)N(C(=O)C3CC3)[C@@H]2CO)cc1,10.1255,-0.08356143501659263,-0.08375674353235092,-0.075768364954758,-0.007988378577592922,0.13904655498341326
correct_CP,COc1ccccc1C#Cc1ccc([C@H]2[C@H](C#N)N(C(=O)C3CC3)[C@H]2CO)cc1,10.0531,0.2903803665650039,0.29898160638514504,-0.02511020294487907,0.3240918093300241,0.15877571468997045
correct_CP,COc1ccccc1C#Cc1ccc2c(c1)O[C@@H](CN(C)Cc1cccnc1)[C@H](C)CN([C@H](C)CO)S2(=O)=O,10.0481,0.03353867808060609,0.033551261822816265,0.019688125692245016,0.01386313613057125,0.055962770805655745
correct_CP,COc1ccccc1C#Cc1ccc2c(c1)O[C@H](CN(C)Cc1cccnc1)[C@H](C)CN([C@H](C)CO)S2(=O)=O,10.0395,-0.20098724684091762,-0.20376114810026247,0.7631896265166683,-0.9669507746169308,-0.6774248931452779
correct_CP,COc1ccccc1C#Cc1cnc2c(c1)C(=O)N([C@@H](C)CO)C[C@@H](C)[C@@H](CN(C)S(=O)(=O)c1cn(C)cn1)O2,10.0287,-0.1554610474457957,-0.15673192920503817,-0.0128424419265342,-0.14388948727850398,-0.06910937340387421
correct_CP,COc1ccccc1C#Cc1cnc2c(c1)C(=O)N([C@@H](C)CO)C[C@@H](C)[C@H](CN(C)C(=O)c1ccc3c(c1)OCO3)O2,10.0102,0.1799012989760514,0.18188068445429567,0.07297806574767073,0.10890261870662495,-0.11359700058475883
correct_CP,COc1ccccc1C#Cc1cnc2c(c1)C(=O)N([C@@H](C)CO)C[C@H](C)[C@H](CN(C)S(=O)(=O)c1cn(C)cn1)O2,10.0479,0.1801926568362429,0.18218180367278863,-0.03252909801501987,0.2147109016878085,0.1718991582472747
correct_CP,COc1ccccc1C(=O)Nc1ccc2c(c1)C(=O)N(C)C[C@@H](OC)[C@@H](C)CN(CC1CC1)[C@H](C)CO2,10.0588,0.28534289959648196,0.2934889809315796,0.05263180540310478,0.24085717552847483,-0.0882807334807579
correct_CP,COc1ccccc1C(=O)Nc1ccc2c(c1)C(=O)N(C)C[C@@H](OC)[C@H](C)CN(C)[C@@H](C)CO2,10.0216,-0.27559341602669446,-0.2829069794093071,0.01024734810616626,-0.2931543275154733,-0.21315937230151039
correct_CP,COc1ccccc1C(=O)Nc1ccc2c(c1)C(=O)N(C)C[C@@H](OC)[C@H](C)CN(CC1CC1)[C@@H](C)CO2,10.0541,-0.3450052374149392,-0.3597629732336097,-0.0901000640267122,-0.2696629092068975,-0.02692654116965887
correct_CP,COc1ccccc1C(=O)Nc1ccc2c(c1)C(=O)N(C)C[C@@H](OC)[C@H](C)CN(CC1CC1)[C@H](C)CO2,10.0193,0.35311792731606284,0.36900138711988895,0.028413488227523168,0.3405878988923658,0.19821237786582713
correct_CP,COc1ccccc1C(=O)Nc1ccc2c(c1)C(=O)N(C)C[C@H](OC)[C@@H](C)CN(C)[C@@H](C)CO2,9.96286,0.47984991931687754,0.5227892845586326,0.11755288744327784,0.40523639711535475,-0.010398699677842183
correct_CP,COc1ccccc1C(=O)Nc1ccc2c(c1)C(=O)N(C)[C@@H]1CC[C@H](CC(=O)NCCc3ccncc3)O[C@H]1CO2,9.86287,-0.02595631697556826,-0.025962148519610637,0.0027326982387331448,-0.02869484675834378,-0.06855786223461896
correct_CP,COc1ccccc1C(=O)Nc1ccc2c(c1)OC[C@H](C)N(C(C)=O)C[C@@H](C)[C@H](OC)CN(C)C2=O,10.0652,0.2893312535561798,0.2978362658553801,0.09557149149524061,0.20226477436013948,-0.002914170251935161
correct_CP,COc1ccccc1CN(C)C[C@@H]1OCc2ccccc2-c2ccccc2C(=O)N([C@H](C)CO)C[C@@H]1C,9.97715,0.31388404704188566,0.32484815490619096,0.054084833353481986,0.270763321552709,0.0968229298471519
correct_CP,COc1ccccc1CN(C)C[C@@H]1OCc2cn(nn2)CCCC(=O)N([C@H](C)CO)C[C@@H]1C,10.2146,-0.045561546176657634,-0.04559311188154841,0.014245067911925324,-0.059838179793473736,-0.1748298323321863
correct_CP,COc1ccccc1CN(C)C[C@@H]1OCc2cnnn2CCCC(=O)N([C@H](C)CO)C[C@@H]1C,10.0905,-0.2692120294196369,-0.2760140869340426,-0.02295559381327793,-0.25305849312076467,0.10134054057672047
correct_CP,COc1ccccc1CN1C[C@@H](C)[C@H](OC)CN(C)C(=O)c2cc(NC(C)=O)ccc2OC[C@@H]1C,9.97519,0.08030429358683595,0.08047758616059032,-0.018940938776753954,0.09941852493734428,0.16161509482655723
correct_CP,COc1ccccc1CN1C[C@H](C)[C@@H](OC)CN(C)C(=O)c2cc(NC(C)=O)ccc2OC[C@@H]1C,9.97004,-0.19255947473367935,-0.19499384802300002,-0.02052959226319063,-0.1744642557598094,0.028203741013932956
correct_CP,COc1ccccc1CN1C[C@H](C)[C@@H](OC)CN(C)C(=O)c2cc(NC(C)=O)ccc2OC[C@H]1C,10.0049,0.14731551250984584,0.1483952811196823,-0.025818944089328905,0.17421422520901123,-0.058909854143928145
correct_CP,COc1ccccc1CNC(=O)C[C@@H]1CC[C@@H]2[C@@H](COc3ccc(NS(=O)(=O)c4ccc(C)cc4)cc3C(=O)N2C)O1,10.1381,0.17607735466525418,0.1779316277950385,-0.017684368253368606,0.1956159960484071,0.14882334906486355
correct_CP,COc1ccccc1CNC(=O)C[C@@H]1CC[C@H]2[C@@H](COC[C@H](O)CN2C(=O)Nc2ccc(F)cc2)O1,10.0963,-0.3516258475431518,-0.3672977764151204,-0.003532047522159045,-0.3637657288929614,0.3124607818546818
correct_CP,COc1ccccc1CNC(=O)C[C@@H]1CC[C@H]2[C@@H](COC[C@H](O)CN2Cc2cccc(-c3ccncc3)c2)O1,10.0742,0.20069884416073724,0.20346062285152475,0.03761269232492781,0.16584793052659694,0.23265993019800457
correct_CP,COc1ccccc1CNC(=O)C[C@@H]1C[C@@H]2c3cc(NC(=O)Nc4ccccc4F)ccc3O[C@@H]2[C@@H](CO)O1,9.80771,-0.06266603674651919,-0.06274826108613318,-0.06720058704915295,0.004452325963019768,0.17808134006558718
correct_CP,COc1ccccc1CNC(=O)C[C@@H]1C[C@H]2c3cc(N(C)C)ccc3O[C@H]2[C@@H](CO)O1,10.0247,0.22172662841779964,0.2254712832789268,-0.12399974452397122,0.349471027802898,0.018893426083340395
correct_CP,COc1ccccc1CNC(=O)C[C@@H]1C[C@H]2c3cc(NC(=O)C4CCOCC4)ccc3O[C@H]2[C@@H](CO)O1,10.0725,-0.23067666337722686,-0.23490404252081354,0.08377225471210858,-0.3186762972329221,-0.00993771009578362
correct_CP,COc1ccccc1CNC(=O)C[C@@H]1C[C@H]2c3cc(NC(=O)C4CCOCC4)ccc3O[C@H]2[C@H](CO)O1,10.1036,0.49802504271688475,0.5466763244073772,0.02549262456005885,0.5211836998473184,0.026400008691000964
correct_CP,COc1ccccc1CNC(=O)C[C@@H]1C[C@H]2c3cc(NC(=O)CN(C)C)ccc3O[C@H]2[C@H](CO)O1,9.92629,-0.030727126686543968,-0.030736802572026333,-0.021751928537416754,-0.00898487403460958,-0.04367495923032513
correct_CP,COc1ccccc1CNC(=O)C[C@@H]1C[C@H]2c3cc(NC(=O)NC4CCCC4)ccc3O[C@H]2[C@@H](CO)O1,9.75061,-0.2462629583162026,-0.2514305814854174,0.05486133814960466,-0.30629191963502206,-0.09108882279676479
correct_CP,COc1ccccc1CNC(=O)C[C@@H]1C[C@H]2c3cc(NC(=O)NC4CCCC4)ccc3O[C@H]2[C@H](CO)O1,9.92941,-0.09082625161734674,-0.09107724941189352,-0.07972811327308768,-0.011349136138805838,0.031936888076386304
correct_CP,COc1ccccc1CNC(=O)C[C@@H]1C[C@H]2c3cc(NS(C)(=O)=O)ccc3O[C@H]2[C@H](CO)O1,10.0887,0.36395489928717334,0.3814371494608132,-0.03806040108723804,0.4194975505480512,-0.1431727767137534
correct_CP,COc1ccccc1CNC(=O)C[C@H]1CC[C@@H]2[C@H](COC[C@H](O)CN2C(=O)Nc2ccc(F)cc2)O1,10.0266,-0.27052383763382437,-0.27742893711654726,-0.030944168844869564,-0.2464847682716777,0.33950607283962886
correct_CP,COc1ccccc1CNC(=O)C[C@H]1CC[C@H]2[C@@H](COC[C@H](O)CN2C(=O)Nc2ccc(F)cc2)O1,10.0007,-0.10382351207043525,-0.10419899254436173,-0.08065886582173032,-0.023540126722631408,-0.03595539186458545
correct_CP,COc1ccccc1CNC(=O)C[C@H]1CC[C@H]2[C@@H](COC[C@H](O)CN2Cc2cccc(-c3ccncc3)c2)O1,10.1074,0.12854601260457607,0.12926115106243843,0.07221735585371064,0.05704379520872779,0.037542643285265576
correct_CP,COc1ccccc1CNC(=O)C[C@H]1C[C@@H]2c3cc(NC(=O)CN(C)C)ccc3O[C@@H]2[C@H](CO)O1,10.0769,0.08159977892539498,0.08178161730519197,-0.03058714860177922,0.11236876590697119,-0.00786184601936055
correct_CP,COc1ccccc1CNC(=O)C[C@H]1C[C@@H]2c3cc(NC(=O)c4ccc5c(c4)OCO5)ccc3O[C@@H]2[C@@H](CO)O1,10.0125,0.1854454622904251,0.18761625808010685,-0.12423673230572678,0.31185299038583364,0.24856654374031895
correct_CP,COc1ccccc1CNC(=O)C[C@H]1C[C@@H]2c3cc(NC(=O)c4cccnc4)ccc3O[C@@H]2[C@@H](CO)O1,10.0323,0.16780227471855702,0.1694044002743248,-0.04645816977841895,0.21586257005274373,0.27744488050663013
correct_CP,COc1ccccc1CNC(=O)C[C@H]1C[C@H]2c3cc(NC(=O)CN(C)C)ccc3O[C@H]2[C@@H](CO)O1,9.93909,0.4109415554509889,0.4367435624345253,-0.07496299009381327,0.5117065525283385,-0.015272087737913234
correct_CP,COc1ccccc1CNC(=O)C[C@H]1C[C@H]2c3cc(NC(=O)CN(C)C)ccc3O[C@H]2[C@H](CO)O1,10.0296,-0.2589073971428222,-0.2649369455136679,-0.059352082465946095,-0.20558486304772183,-0.22199274898436905
correct_CP,COc1ccccc1CNC(=O)C[C@H]1C[C@H]2c3cc(NC(=O)Cc4ccncc4)ccc3O[C@H]2[C@@H](CO)O1,10.0166,0.4187691386283191,0.4461984706168537,0.13402080250944534,0.3121776681074083,-0.10481285959782125
correct_CP,COc1ccccc1CNC(=O)C[C@H]1C[C@H]2c3cc(NC(=O)NC4CCCC4)ccc3O[C@H]2[C@H](CO)O1,10.0149,-0.059538583970768326,-0.05960908562583956,-0.019551584733914367,-0.040057500891925196,0.13786009016415568
correct_CP,COc1ccccc1CNC(=O)C[C@H]1C[C@H]2c3cc(NC(=O)c4cccnc4)ccc3O[C@H]2[C@@H](CO)O1,10.0845,0.07304768915045383,0.07317803334774355,-0.0005960911495635516,0.0737741244973071,0.21501472716119724
correct_CP,COc1ccccc1CNC(=O)C[C@H]1C[C@H]2c3cc(NS(=O)(=O)c4ccc(F)cc4)ccc3O[C@H]2[C@@H](CO)O1,10.0275,0.24526012066888525,0.2503632800711202,-0.1378822680497736,0.3882455481208938,-0.1630202284518823
correct_CP,COc1ccccc1N1CCN(C(=O)CSc2nnc3n2C(C)(C)Cc2ccccc2-3)CC1,10.0,0.3550179650265077,0.3711737639472273,0.021168484755675194,0.3500052791915521,0.06868267240720784
correct_CP,COc1ccccc1N1CCN(CC(C(=O)NC(C)(C)C)c2ccccc2)CC1,10.0,0.811971029749281,1.1327872252207616,0.34856952297289,0.7842177022478716,-0.43214564738327577
correct_CP,COc1ccccc1N1CCN(CCCCN2C(=O)CCC2=O)CC1,10.0,0.3893676319549287,0.4110544462222495,0.07640099665943463,0.3346534495628149,0.35293120194669764
correct_CP,COc1ccccc1N1CCNCC1,10.0,0.3680353626511899,0.3861487543601123,0.015316532235847571,0.37083222212426475,0.04327425413156025
correct_CP,COc1ccccc1N=c1scc(-c2ccc3c(c2)NC(=O)CO3)n1CC1CCCO1,10.0,0.5955451129156882,0.6862152588696881,0.3022363419379803,0.3839789169317078,0.283039076723582
correct_CP,COc1ccccc1NC(=O)CSc1nc2ccccc2n1C(C)=O,10.0,-0.045666701768668765,-0.04569848672163996,0.008331837876591117,-0.05403032459823108,0.21747780547201526
correct_CP,COc1ccccc1NC(=O)N(C)C[C@@H]1OCc2ccccc2-c2c(n(C)c3ccccc23)C(=O)N([C@@H](C)CO)C[C@@H]1C,9.91131,0.06562628268821345,0.06572074018270782,-0.03458196853062261,0.10030270871333044,-0.06630094326841565
correct_CP,COc1ccccc1NC(=O)N(C)C[C@@H]1OCc2cnnn2CCCC(=O)N([C@H](C)CO)C[C@H]1C,10.0201,0.142524269945809,0.14350124494397581,0.09179836731918345,0.051702877624792365,-0.16895278903023223
correct_CP,COc1ccccc1NC(=O)N(C)C[C@@H]1Oc2cc(Br)ccc2S(=O)(=O)N([C@@H](C)CO)C[C@@H]1C,10.0831,0.2531068447232092,0.2587295396218652,-0.06110085936753464,0.3198303989893998,0.0516992220714476
correct_CP,COc1ccccc1NC(=O)N(C)C[C@@H]1Oc2cc(Br)ccc2S(=O)(=O)N([C@@H](C)CO)C[C@H]1C,10.0115,0.18067979844679938,0.18268533901161318,0.14478143989879652,0.037903899112816664,-0.2394148484386414
correct_CP,COc1ccccc1NC(=O)N(C)C[C@H]1OCc2cnnn2CCCC(=O)N([C@H](C)CO)C[C@@H]1C,10.0235,0.4065771609226439,0.4315036455215683,-0.056024970728844055,0.4875286162504123,-0.4234036389397938
correct_CP,COc1ccccc1NC(=O)N(C)C[C@H]1Oc2cc(Br)ccc2S(=O)(=O)N([C@@H](C)CO)C[C@@H]1C,10.0219,0.07831590668419122,0.07847661227217029,0.019316096605311833,0.059160515666858454,0.37654088591236134
correct_CP,COc1ccccc1NC(=O)N(C)C[C@H]1Oc2cc(Br)ccc2S(=O)(=O)N([C@@H](C)CO)C[C@H]1C,10.0871,0.18865190606364948,0.19093895708155478,0.012436175363590178,0.1785027817179646,0.02072293995036511
correct_CP,COc1ccccc1NC(=O)N(C)C[C@H]1Oc2ncc(C#CC(C)C)cc2C(=O)N([C@H](C)CO)C[C@H]1C,10.0225,0.20058358740315868,0.20334053159228047,-0.0033745285181741077,0.20671506011045457,-0.16595995033768227
correct_CP,COc1ccccc1NC(=O)N1C[C@@H](O)COC[C@@H]2O[C@H](CC(=O)N3CCC(Cc4ccccc4)CC3)CC[C@H]21,9.93399,0.03339762147552693,0.0334100470404165,-0.10848492406886759,0.1418949711092841,-0.048319881191582176
correct_CP,COc1ccccc1NC(=O)N1C[C@@H](O)COC[C@H]2O[C@H](CC(=O)NCCc3ccncc3)CC[C@@H]21,10.0133,0.45191269548832763,0.4871012387209,0.05322747547319226,0.43387376324770777,0.105186644469147
correct_CP,COc1ccccc1NC(=O)N[C@@H]1C=C[C@H](CC(=O)N2CCC(Cc3ccccc3)CC2)O[C@@H]1CO,10.0019,-0.5861647814091719,-0.6718032112078816,-0.10432186967776522,-0.5674813415301163,-0.05183796994206796
correct_CP,COc1ccccc1NC(=O)N[C@@H]1CC[C@@H](CCNC(=O)c2ccc3c(c2)OCO3)O[C@@H]1CO,9.94104,0.031787652115036646,0.03179836527305717,-0.0472198194621524,0.07901818473520958,0.2152134990276585
correct_CP,COc1ccccc1NC(=O)N[C@@H]1CC[C@H](CC(=O)N[C@H](C)c2ccccc2)O[C@@H]1CO,10.1067,0.3528117177295354,0.3686515995344899,0.06991538814774914,0.2987362113867408,-0.1946451467798635
correct_CP,COc1ccccc1NC(=O)N[C@@H]1CC[C@H](CCNC(=O)c2ccc3c(c2)OCO3)O[C@H]1CO,10.0305,-0.2571655831404428,-0.26307088319424304,0.002193872260923201,-0.26526475545516626,0.19036753411047605
correct_CP,COc1ccccc1NC(=O)N[C@@H]1CC[C@H](CCNS(=O)(=O)c2ccccc2)O[C@H]1CO,10.1676,0.43833191728906784,0.47016412754157727,-0.06638364830722293,0.5365477758488002,-0.016814757582286607
correct_CP,COc1ccccc1NC(=O)N[C@H]1C=C[C@@H](CC(=O)N2CCC(Cc3ccccc3)CC2)O[C@@H]1CO,10.0072,0.4348485832585127,0.465860458129139,-0.07657548150362414,0.5424359396327632,-0.28727769957256494
correct_CP,COc1ccccc1NC(=O)N[C@H]1C=C[C@@H](CC(=O)N2CCC(Cc3ccccc3)CC2)O[C@H]1CO,10.1187,-0.3244581958434799,-0.3366218521347486,-0.10585576566907925,-0.23076608646566935,0.2428695288597277
correct_CP,COc1ccccc1NC(=O)N[C@H]1C=C[C@@H](CC(=O)N[C@H](C)c2ccccc2)O[C@@H]1CO,10.052,0.3145998873537611,0.32564242817464023,0.008083187383318775,0.3175592407913215,-0.2762369242957592
correct_CP,COc1ccccc1NC(=O)N[C@H]1CC[C@@H](CCn2cc(C3(O)CCCC3)nn2)O[C@H]1CO,10.1371,0.4701410405342175,0.5102513820979586,0.014102227406599048,0.49614915469135956,-0.4097755706225835
correct_CP,COc1ccccc1NC(=O)N[C@H]1CC[C@H](CC(=O)N[C@H](C)c2ccccc2)O[C@@H]1CO,9.8593,0.2225697482942387,0.22635817096430838,-0.00981817434289624,0.23617634530720463,0.2753442037090883
correct_CP,COc1ccccc1NC(=O)N[C@H]1CC[C@H](CC(=O)N[C@H](C)c2ccccc2)O[C@H]1CO,10.0888,0.29030409359039827,0.29889831179201565,-0.0038400100965100877,0.30273832188852573,-0.24739967418347913
correct_CP,COc1ccccc1NC(=O)N[C@H]1CC[C@H](CCn2cc(-c3cccnc3)nn2)O[C@@H]1CO,10.0082,-0.007223745240509252,-0.007223870895460822,-0.006145733993925115,-0.0010781369015357067,-0.021894829411177062
correct_CP,COc1ccccc1NC(=O)Nc1ccc2c(c1)C(=O)N(C)C[C@@H](OC)[C@@H](C)CN(C)[C@H](C)CO2,10.121,0.060271573477272924,0.06034471505911655,0.04663440494225106,0.013710310116865493,-0.12559296464390396
correct_CP,COc1ccccc1NC(=O)Nc1ccc2c(c1)C(=O)N(C)C[C@H](OC)[C@@H](C)CN[C@@H](C)CO2,9.94079,0.48634961144663924,0.5312678058205327,-0.09450798532743634,0.625775791147969,0.07069414036616184
correct_CP,COc1ccccc1NC(=O)Nc1ccc2c(c1)C(=O)N(C)C[C@H](OC)[C@@H](C)CN[C@H](C)CO2,10.041,0.09152965525144925,0.09178654978757861,-0.18602337473892466,0.27780992452650327,0.007621573444389573
correct_CP,COc1ccccc1NC(=O)Nc1ccc2c(c1)C(=O)N(C)C[C@H](OC)[C@H](C)CN(C)[C@H](C)CO2,10.0042,0.050378350548441454,0.05042103528562717,-0.016188153065757483,0.06660918835138466,0.10258195920965786
correct_CP,COc1ccccc1NC(=O)c1csc2c1CCC(C)C2,10.0,0.6004255795794681,0.6938124141664285,0.346481783927862,0.3473306302385665,0.05633401724414294
correct_CP,COc1ccccc1Nc1nnc(SCC(=O)N2CCCC2=O)s1,10.0,0.3338315607256399,0.34713420089687413,-0.0851740644110727,0.43230826530794686,-0.060985326988291344
correct_CP,COc1ccccc1OCC(=O)NNC(=S)NC(=O)c1ccco1,10.0,0.22621181763228182,0.2301933514716319,-0.08867379011722701,0.31886714158885887,0.04541832687265748
correct_CP,COc1ccccc1S(=O)(=O)N(C)C[C@@H]1OCc2cnnn2CCCC(=O)N([C@H](C)CO)C[C@@H]1C,10.0251,0.08001514532644842,0.08018656793706462,-0.024913430597109435,0.10509999853417405,0.18567900693698855
correct_CP,COc1ccccc1S(=O)(=O)N(C)C[C@@H]1Oc2cc(C#CCC3CCCC3)ccc2S(=O)(=O)N([C@@H](C)CO)C[C@@H]1C,10.0399,0.24151958003214788,0.246387195893995,-0.01763336839747019,0.2640205642914652,0.22432301787619466
correct_CP,COc1ccccc1S(=O)(=O)N(C)C[C@H]1OCc2cnnn2CCCC(=O)N([C@H](C)CO)C[C@H]1C,10.0245,0.30110896714768726,0.3107386957160733,0.03831057267872455,0.27242812303734876,0.08618213855453428
correct_CP,COc1ccccc1S(=O)(=O)N[C@@H]1C=C[C@@H](CC(=O)N2CCCCC2)O[C@H]1CO,9.93972,0.0632175459823232,0.06330196392361705,-0.14926772556182383,0.21256968948544086,0.09097688051206287
correct_CP,COc1ccccc1S(=O)(=O)N[C@@H]1CC[C@@H](CC(=O)N2CCN(C)CC2)O[C@H]1CO,10.072,-0.40234783699740617,-0.42644710994727947,-0.1266459210340409,-0.2998011889132386,0.09645711853048969
correct_CP,COc1ccccc1S(=O)(=O)N[C@@H]1CC[C@@H](CCn2cc(C3CCCCC3)nn2)O[C@@H]1CO,10.0975,0.21808178019891028,0.22164121610957743,0.09173392767485722,0.12990728843472021,0.11545220872582027
correct_CP,COc1ccccc1S(=O)(=O)N[C@@H]1CC[C@H](CC(=O)N2CCN(C)CC2)O[C@H]1CO,10.0688,-0.24558628145242323,-0.2507103454930787,-0.12587673558286347,-0.12483360991021522,0.453500291748163
correct_CP,COc1ccccc1S(=O)(=O)N[C@H]1C=C[C@@H](CC(=O)NCc2cc(F)cc(F)c2)O[C@@H]1CO,10.0614,0.36735914318539886,0.38536681575334825,-0.1762206790349375,0.5615874947882857,-0.14004943552908944
correct_CP,COc1ccccc1S(=O)(=O)N[C@H]1C=C[C@H](CC(=O)N2CCCCC2)O[C@@H]1CO,10.1222,0.20609847628217806,0.2090933006172567,-0.03812837001294924,0.24722167063020595,-0.22261221387805788
correct_CP,COc1ccccc1S(=O)(=O)N[C@H]1C=C[C@H](CC(=O)N2CCCCC2)O[C@H]1CO,10.0259,0.37378749464583794,0.3928185100371878,0.09018026761773261,0.3026382424194552,0.23100066764226718
correct_CP,COc1ccccc1S(=O)(=O)N[C@H]1CC[C@@H](CCn2cc(C3CCCCC3)nn2)O[C@H]1CO,10.1379,0.24240678200363897,0.24732957036924413,-0.06514406440103267,0.3124736347702768,-0.025453848394696374
correct_CP,COc1ccccc1S(=O)(=O)Nc1ccc2c(c1)C(=O)N(C)C[C@H](OC)[C@H](C)CN[C@@H](C)CO2,10.0642,-0.12823033522847632,-0.12894018299897347,0.010785657857105828,-0.1397258408560793,0.0810495775851113
correct_CP,COn1c(SCc2cccnc2)nc2ccccc2c1=O,10.0,0.4173979364669288,0.4445368220300441,0.29032639682404965,0.15421042520599443,-0.029364491308069562
correct_CP,CS(=O)(=O)N1[C@@H]2c3ccc(-c4cccc(F)c4)c(=O)n3C[C@H]1[C@H](CO)[C@H]2C(=O)N1CCCCC1,10.0398,-0.3108198099865126,-0.3214526344093832,-0.002326086680914566,-0.31912654772846866,-0.3990484176200016
correct_CP,CS(=O)(=O)Nc1ccc2c(c1)[C@@H]1C[C@@H](CC(=O)NCC3CC3)O[C@H](CO)[C@@H]1O2,10.0101,0.008535280009958589,0.008535487286927329,-0.0038654568455791325,0.012400944132506461,0.020396708904193095
correct_CP,CS(=O)(=O)Nc1ccc2c(c1)[C@@H]1C[C@@H](CC(=O)NCc3ccc(Cl)cc3)O[C@@H](CO)[C@@H]1O2,10.1686,-0.225324647300154,-0.22925853211185399,0.09782523825730405,-0.32708377036915803,-0.05282095182534648
correct_CP,CS(=O)(=O)Nc1ccc2c(c1)[C@@H]1C[C@@H](CC(=O)NCc3ccccn3)O[C@@H](CO)[C@@H]1O2,10.0599,0.2509277023803747,0.2564026062744432,0.101935331759829,0.15446727451461423,-0.12063428436464894
correct_CP,CS(=O)(=O)Nc1ccc2c(c1)[C@@H]1C[C@H](CC(=O)NC3CCCC3)O[C@@H](CO)[C@@H]1O2,10.0964,0.30022909318875246,0.3097713739802715,0.029902943775602757,0.27986843020466873,0.013416587779057097
correct_CP,CS(=O)(=O)Nc1ccc2c(c1)[C@@H]1C[C@H](CC(=O)NCCc3ccccc3)O[C@@H](CO)[C@@H]1O2,9.88916,0.3611514869292325,0.3782094722688051,0.032172690378273715,0.3460367818905314,-0.09639390963532568
correct_CP,CS(=O)(=O)Nc1ccc2c(c1)[C@@H]1C[C@H](CC(=O)NCc3cc(F)ccc3F)O[C@H](CO)[C@@H]1O2,9.97189,-0.18696905316822288,-0.18919457449766536,-0.16133788763976906,-0.0278566868578963,0.1291651413332235
correct_CP,CS(=O)(=O)Nc1ccc2c(c1)[C@@H]1C[C@H](CC(=O)NCc3ccc(Cl)cc3)O[C@@H](CO)[C@@H]1O2,10.0443,-0.20173497556493997,-0.20454047571577322,0.03457199219994759,-0.2391124679157208,0.18127042834480533
correct_CP,CS(=O)(=O)Nc1ccc2c(c1)[C@@H]1C[C@H](CC(=O)NCc3ccccn3)O[C@@H](CO)[C@@H]1O2,9.95269,0.32963822284451977,0.3424223193775708,0.05653733387626298,0.2858849855013078,0.24255042121817333
correct_CP,CS(=O)(=O)Nc1ccc2c(c1)[C@H]1C[C@@H](CC(=O)NCc3ccccn3)O[C@H](CO)[C@H]1O2,10.1934,0.39569116527738163,0.4185298237565089,0.03271458094812877,0.3858152428083801,0.05470509665401153
correct_CP,CS(=O)(=O)Nc1ccc2c(c1)[C@H]1C[C@H](CC(=O)NCc3ccccn3)O[C@@H](CO)[C@H]1O2,9.92933,-0.354895270511385,-0.3710333821380101,-0.04861706537712665,-0.32241631676088345,-0.35693119621951175
correct_CP,CS(=O)(=O)Nc1ccc2c(c1)[C@H]1C[C@H](CC(=O)NCc3ccccn3)O[C@H](CO)[C@H]1O2,9.96482,0.12246642659460329,0.12308424738869411,0.12425095141354424,-0.0011667040248501265,-0.08833685693916582
correct_CP,CS(=O)(=O)c1ccc(-c2cc(Br)sc2-c2ccc(F)cc2)cc1,10.0,0.2794650326599904,0.2871016900037631,0.002632044770497116,0.284469645233266,-0.15655869596900895
correct_CP,CSc1cc(-c2ccc(Cl)cc2)nc(O)c1C#N,10.0,0.41387543419959,0.44027870566896393,0.025752821436372385,0.41452588423259157,0.08930614827884198
correct_CP,C[C@@H](NC(=O)C[C@@H]1C=C[C@H](NC(=O)C2CCC2)[C@H](CO)O1)c1ccccc1,9.99493,0.17435392135865144,0.1761536078562439,0.01025900351799633,0.16589460433824757,0.06788853165023953
correct_CP,C[C@@H](NC(=O)C[C@@H]1C=C[C@H](NC(=O)Cc2ccccn2)[C@@H](CO)O1)c1ccccc1,10.0242,-0.19823284675865332,-0.2008924447990119,0.1147972327514451,-0.31568967755045696,-0.2536037397401681
correct_CP,C[C@@H](NC(=O)C[C@@H]1C=C[C@H](NC(=O)Cc2ccccn2)[C@H](CO)O1)c1ccccc1,10.0273,0.22367417888221758,0.227520464638449,-0.0819967936708712,0.3095172583093202,0.27904348122162503
correct_CP,C[C@@H](NC(=O)C[C@@H]1C=C[C@H](NC(=O)c2cccnc2)[C@@H](CO)O1)c1ccccc1,10.072,-0.0064429114689994165,-0.006443000622018296,0.0299424814973198,-0.0363854821193381,-0.3204847558122102
correct_CP,C[C@@H](NC(=O)C[C@@H]1CC[C@@H](NC(=O)Cc2ccccn2)[C@@H](CO)O1)c1ccccc1,10.0352,-0.17375977696524367,-0.17554090100650557,0.019326219044053884,-0.19486712005055945,0.28961988638085506
correct_CP,C[C@@H](NC(=O)C[C@@H]1CC[C@@H]2[C@H](COC[C@@H](O)CN2C(=O)Nc2cccc(Cl)c2)O1)c1ccccc1,9.90399,0.09612204953913876,0.09641973982563523,-0.03932783902973604,0.13574757885537128,0.10826924951452976
correct_CP,C[C@@H](NC(=O)C[C@@H]1CC[C@@H]2[C@H](COC[C@H](O)CN2C(=O)Nc2cccc(Cl)c2)O1)c1ccccc1,10.0542,-0.061308812892896525,-0.06138580185113805,0.030880883755321623,-0.09226668560645968,0.0936086942561871
correct_CP,C[C@@H](NC(=O)C[C@@H]1CC[C@H](NC(=O)C2CCC2)[C@@H](CO)O1)c1ccccc1,10.0244,0.0821703390367013,0.08235602895618441,-0.0329234718446213,0.1152795008008057,-0.004360408909811535
correct_CP,C[C@@H](NC(=O)C[C@@H]1CC[C@H](NC(=O)c2cccnc2)[C@H](CO)O1)c1ccccc1,9.97691,-0.4612351104309923,-0.4988790224181474,0.18659607047354743,-0.6854750928916948,-0.4286450000438251
correct_CP,C[C@@H](NC(=O)C[C@@H]1C[C@@H]2c3cc(NC(=O)c4ccc5c(c4)OCO5)ccc3O[C@@H]2[C@H](CO)O1)c1ccccc1,9.82443,0.24853018011955005,0.2538456169920733,0.09031189891951338,0.16353371807255992,0.16441824435649852
correct_CP,C[C@@H](NC(=O)C[C@@H]1C[C@@H]2c3cc(NC(=O)c4cccnc4)ccc3O[C@@H]2[C@H](CO)O1)c1ccccc1,9.89447,0.2092668098481915,0.21240445440332603,-0.02089170545196646,0.2332961598552925,-0.04477194642833661
correct_CP,C[C@@H](NC(=O)C[C@@H]1C[C@H]2c3cc(NC(=O)C4CCOCC4)ccc3O[C@H]2[C@@H](CO)O1)c1ccccc1,10.044,-0.41077600126475616,-0.43654438633955245,0.007557213396379164,-0.4441015997359316,-0.209139873561579
correct_CP,C[C@@H](NC(=O)C[C@@H]1C[C@H]2c3cc(NC(=O)C4CCOCC4)ccc3O[C@H]2[C@H](CO)O1)c1ccccc1,9.96448,0.33634469582930787,0.34996521610852227,-0.1043336685372374,0.4542988846457597,0.16358456774255734
correct_CP,C[C@@H](NC(=O)C[C@@H]1C[C@H]2c3cc(NC(=O)c4ccc5c(c4)OCO5)ccc3O[C@H]2[C@H](CO)O1)c1ccccc1,10.1455,0.057928780446890746,0.05799370927263423,0.02139064822956646,0.03660306104306777,0.1379184795812599
correct_CP,C[C@@H](NC(=O)C[C@H]1C=C[C@@H](NC(=O)CN2CCOCC2)[C@H](CO)O1)c1ccccc1,9.98592,0.3306124171367997,0.34351567014692913,0.0008281608808745709,0.34268750926605457,0.08735205797653124
correct_CP,C[C@@H](NC(=O)C[C@H]1C=C[C@@H](NC(=O)Nc2ccc3c(c2)OCO3)[C@H](CO)O1)c1ccccc1,10.0022,0.32190091669371185,0.3337663251096128,-0.044566753446499435,0.3783330785561122,0.11557617847923406
correct_CP,C[C@@H](NC(=O)C[C@H]1C=C[C@@H](NC(=O)c2cccnc2)[C@H](CO)O1)c1ccccc1,9.9988,0.6873129437539306,0.8428448491852103,0.08811070767167704,0.7547341415135332,0.16505132863826488
correct_CP,C[C@@H](NC(=O)C[C@H]1C=C[C@@H](NS(=O)(=O)c2cccc(F)c2)[C@H](CO)O1)c1ccccc1,9.99713,0.4684397362223651,0.5080695682290699,-0.019066874698560665,0.5271364429276306,0.5144991741682439
correct_CP,C[C@@H](NC(=O)C[C@H]1C=C[C@H](NC(=O)CN2CCOCC2)[C@@H](CO)O1)c1ccccc1,9.96404,0.548679216018868,0.6164896843013474,0.03677534609758439,0.5797143382037631,0.04598455767078901
correct_CP,C[C@@H](NC(=O)C[C@H]1CC[C@@H](NC(=O)CN2CCOCC2)[C@@H](CO)O1)c1ccccc1,9.8853,0.37697446697839665,0.39652822706322355,-0.0031127867171700657,0.39964101378039363,-0.5035126837963093
correct_CP,C[C@@H](NC(=O)C[C@H]1CC[C@@H](NC(=O)Cc2ccccn2)[C@H](CO)O1)c1ccccc1,10.0458,0.018553216876740677,0.018555346124103703,0.016401593678064725,0.0021537524460389784,-0.011001078575452745
correct_CP,C[C@@H](NC(=O)C[C@H]1CC[C@@H](NC(=O)c2cccnc2)[C@H](CO)O1)c1ccccc1,10.0548,0.5691487504621914,0.6462628261459616,-0.07026757009580921,0.7165303962417708,0.37163171506372805
correct_CP,C[C@@H](NC(=O)C[C@H]1CC[C@H](NC(=O)Cc2ccccn2)[C@@H](CO)O1)c1ccccc1,10.095,0.1956412890267015,0.19819631817692554,-0.016180137965132665,0.2143764561420582,0.14292048906242144
correct_CP,C[C@@H](NC(=O)C[C@H]1CC[C@H]2[C@@H](COC[C@H](O)CN2C(=O)Nc2cccc(Cl)c2)O1)c1ccccc1,9.9729,0.10000851834778061,0.10034395213017694,-0.0005278730232972598,0.1008718251534742,0.04844103607826244
correct_CP,C[C@@H](NC(=O)C[C@H]1CC[C@H]2[C@H](COc3ccc(NS(=O)(=O)c4ccc(Cl)cc4)cc3C(=O)N2C)O1)c1ccccc1,9.96487,0.5084705129051833,0.5606647896180316,-0.001994107449249446,0.562658897067281,0.2740573870462678
correct_CP,C[C@@H](NC(=O)C[C@H]1C[C@@H]2c3cc(NC(=O)C4CCOCC4)ccc3O[C@@H]2[C@@H](CO)O1)c1ccccc1,9.99549,0.08208423518228136,0.08226934039680049,0.029879450804873073,0.05238988959192742,0.08205069048626527
correct_CP,C[C@@H](NC(=O)C[C@H]1C[C@@H]2c3cc(NC(=O)CN(C)C)ccc3O[C@@H]2[C@@H](CO)O1)c1ccccc1,9.91282,-0.2941940722902703,-0.3031515663133264,0.15159899003043487,-0.45475055634376127,0.07344922176603835
correct_CP,C[C@@H](NC(=O)C[C@H]1C[C@@H]2c3cc(NC(=O)CN(C)C)ccc3O[C@@H]2[C@H](CO)O1)c1ccccc1,10.0608,-0.04517298784842952,-0.04520375217254368,0.038008728535269404,-0.08321248070781309,0.02743984204128884
correct_CP,C[C@@H](NC(=O)C[C@H]1C[C@@H]2c3cc(NS(=O)(=O)c4ccc(F)cc4)ccc3O[C@@H]2[C@H](CO)O1)c1ccccc1,9.92929,0.11983005962946225,0.12040860870867368,-0.003639711948579887,0.12404832065725356,0.01560018867197217
correct_CP,C[C@@H](NC(=O)C[C@H]1C[C@H]2c3cc(NC(=O)CN(C)C)ccc3O[C@H]2[C@@H](CO)O1)c1ccccc1,10.0546,-0.04118903908360534,-0.04121235573152875,0.02619919400217455,-0.06741154973370331,-0.13519672935204557
correct_CP,C[C@@H](NC(=O)C[C@H]1C[C@H]2c3cc(NS(=O)(=O)c4ccc(F)cc4)ccc3O[C@H]2[C@@H](CO)O1)c1ccccc1,10.1088,0.19911000029611314,0.201805642628464,0.07521868172252097,0.12658696090594304,-0.10563837541173775
correct_CP,C[C@@H](O)C#Cc1ccc2c(c1)O[C@H](CN(C)Cc1ccc(-c3ccccc3)cc1)[C@@H](C)CN([C@@H](C)CO)S2(=O)=O,10.0354,0.24337797659606414,0.24836165463724727,0.0023042806885010675,0.24605737394874622,0.10920936148255743
correct_CP,C[C@@H](O)C#Cc1cnc2c(c1)C(=O)N([C@@H](C)CO)C[C@H](C)[C@H](CN(C)Cc1ccc(-c3ccccc3)cc1)O2,10.0672,0.3005634221824866,0.3101388645613693,0.0005152241226488215,0.3096236404387205,-0.13005371733578824
correct_CP,C[C@@H]1CC=C[C@H]2[C@H]1C(=O)N(Cc1ccccc1)[C@H]2c1ccc2ccccc2c1,10.0,-0.008918487879821147,-0.008918724348242157,0.0686422998843797,-0.07756102423262186,0.140481660588068
correct_CP,C[C@@H]1CCCCO[C@@H](CN(C)C(=O)C2CCCCC2)[C@H](C)CN([C@@H](C)CO)C(=O)c2cc(N(C)C)ccc2O1,9.99643,0.20395545114334773,0.20685623714702528,0.019220001813151075,0.1876362353338742,0.7210009456937029
correct_CP,C[C@@H]1CCCCO[C@@H](CN(C)C(=O)CCC(F)(F)F)[C@@H](C)CN([C@@H](C)CO)C(=O)c2cc(NS(C)(=O)=O)ccc2O1,10.0144,-0.1619183993342427,-0.16335611969169664,0.0031094055876554564,-0.1664655252793521,0.3658461338081826
correct_CP,C[C@@H]1CCCCO[C@@H](CN(C)C(=O)CCC(F)(F)F)[C@H](C)CN([C@@H](C)CO)C(=O)c2cc(N(C)C)ccc2O1,10.031,-0.04747111775731017,-0.04750682488190121,0.03456040478500334,-0.08206722966690455,-0.18551508287285756
correct_CP,C[C@@H]1CCCCO[C@@H](CN(C)C(=O)CCC(F)(F)F)[C@H](C)CN([C@H](C)CO)C(=O)c2cc(N(C)C)ccc2O1,10.0798,0.11220543779986944,0.11267991830839283,-0.055997486871677146,0.16867740518006996,0.36719562332735667
correct_CP,C[C@@H]1CCCCO[C@@H](CN(C)C(=O)Cc2ccccc2)[C@H](C)CN([C@@H](C)CO)C(=O)c2cc(N(C)C)ccc2O1,10.008,0.00020289459830947343,0.00020289460109360792,0.046289312877837156,-0.04608641827674355,0.016228259372588573
correct_CP,C[C@@H]1CCCCO[C@@H](CN(C)C(=O)Nc2ccccc2)[C@@H](C)CN([C@@H](C)CO)C(=O)c2cc(N(C)C)ccc2O1,10.0041,-0.3460084352874505,-0.360902161866908,-0.0034540278845367894,-0.3574481339823712,0.007693263543113152
correct_CP,C[C@@H]1CCCCO[C@@H](CN(C)C(=O)Nc2ccccc2)[C@H](C)CN([C@H](C)CO)C(=O)c2cc(N(C)C)ccc2O1,9.99506,0.07796625554322727,0.07812481303132296,-0.01613262405854316,0.09425743708986611,0.004676267161274552
correct_CP,C[C@@H]1CCCCO[C@@H](CN(C)C(=O)c2ccccc2)[C@@H](C)CN([C@@H](C)CO)C(=O)c2cc(NS(C)(=O)=O)ccc2O1,10.0293,0.1197242772585373,0.12030128663397702,0.030822106827229488,0.08947917980674752,-0.047474536164495276
correct_CP,C[C@@H]1CCCCO[C@@H](CN(C)C(=O)c2ccccc2)[C@@H](C)CN([C@H](C)CO)C(=O)c2cc(NC(=O)CCCN(C)C)ccc2O1,9.95046,0.31155103098917464,0.32226225630581407,-0.0019524154021324513,0.3242146717079465,0.01730286435167023
correct_CP,C[C@@H]1CCCCO[C@@H](CN(C)C(=O)c2ccccc2)[C@H](C)CN([C@@H](C)CO)C(=O)c2cc(NC(=O)CCCN(C)C)ccc2O1,9.98814,-0.1243118250722763,-0.12495817677428868,0.08410470070795201,-0.20906287748224067,-0.17562649696880772
correct_CP,C[C@@H]1CCCCO[C@@H](CN(C)C(=O)c2ccncc2)[C@@H](C)CN([C@H](C)CO)C(=O)c2cc(NC(=O)C3CCCCC3)ccc2O1,10.0835,0.03370912539009046,0.033721902052889025,-0.03132903029265983,0.06505093234554885,0.07606052778448753
correct_CP,C[C@@H]1CCCCO[C@@H](CN(C)C)[C@@H](C)CN([C@@H](C)CO)C(=O)c2cc(NS(=O)(=O)c3ccc(Cl)cc3)ccc2O1,10.3832,-0.1186630902212061,-0.11922480578182479,-0.18047511059518268,0.061250304813357886,0.1824022869440806
correct_CP,C[C@@H]1CCCCO[C@@H](CN(C)C)[C@@H](C)CN([C@@H](C)CO)C(=O)c2cc(NS(C)(=O)=O)ccc2O1,10.024,-0.258301622523821,-0.2642877554441414,-0.07153353557624754,-0.19275421986789387,0.033912613206960575
correct_CP,C[C@@H]1CCCCO[C@@H](CN(C)C)[C@@H](C)CN([C@H](C)CO)C(=O)c2cc(NC(=O)c3ccccc3)ccc2O1,10.0612,0.3536836992714492,0.3696479039722675,0.11911746398534202,0.2505304399869255,-0.05398610850447383
correct_CP,C[C@@H]1CCCCO[C@@H](CN(C)C)[C@H](C)CN([C@@H](C)CO)C(=O)c2cc(NC(=O)C3CCCCC3)ccc2O1,10.0424,0.40222741246051164,0.42630343348137123,0.005526161546015797,0.4207772719353554,0.0978677191777399
correct_CP,C[C@@H]1CCCCO[C@@H](CN(C)C)[C@H](C)CN([C@@H](C)CO)C(=O)c2cc(NC(=O)Cc3ccccc3)ccc2O1,10.078,0.06487085265672093,0.06496208021409286,-0.13127857106155522,0.19624065127564808,0.09981451895841256
correct_CP,C[C@@H]1CCCCO[C@@H](CN(C)C)[C@H](C)CN([C@@H](C)CO)C(=O)c2cc(NC(=O)Nc3cccc4ccccc34)ccc2O1,10.0207,-0.16366894841969143,-0.1651543249263353,-0.018578879742381184,-0.14657544518395413,0.017744606430495687
correct_CP,C[C@@H]1CCCCO[C@@H](CN(C)C)[C@H](C)CN([C@@H](C)CO)C(=O)c2cc(NC(=O)Nc3ccccc3)ccc2O1,10.0538,-0.148223982557782,-0.14932403133237604,0.07311216552227473,-0.22243619685465077,-0.05457126039093632
correct_CP,C[C@@H]1CCCCO[C@@H](CN(C)C)[C@H](C)CN([C@@H](C)CO)C(=O)c2cc(NS(=O)(=O)c3ccc(F)cc3)ccc2O1,10.0252,0.024950262559516833,0.024955441803387917,-0.00145223529650135,0.026407677099889268,-0.125647675711133
correct_CP,C[C@@H]1CCCCO[C@@H](CN(C)C)[C@H](C)CN([C@H](C)CO)C(=O)c2cc(NC(=O)C3CCCCC3)ccc2O1,10.0558,0.15891057606183062,0.1602688497208508,0.002511711253663032,0.15775713846718775,0.2839800947270094
correct_CP,C[C@@H]1CCCCO[C@@H](CN(C)C)[C@H](C)CN([C@H](C)CO)C(=O)c2cc(NC(=O)Nc3ccc4c(c3)OCO4)ccc2O1,10.1105,0.26874455931414953,0.27551015789153,-0.009152973219648645,0.28466313111117864,0.1260150755274619
correct_CP,C[C@@H]1CCCCO[C@@H](CN(C)CC2CCCCC2)[C@@H](C)CN([C@@H](C)CO)C(=O)c2cc(NS(C)(=O)=O)ccc2O1,10.0713,0.12144873104636224,0.12205118635662061,0.014626709258898212,0.1074244770977224,0.18398777131859861
correct_CP,C[C@@H]1CCCCO[C@@H](CN(C)CC2CCCCC2)[C@@H](C)CN([C@H](C)CO)C(=O)c2cc(NC(=O)CCCN(C)C)ccc2O1,10.1323,-0.041818675483027506,-0.04184307861635839,0.04341839552927631,-0.0852614741456347,-0.13067360049217375
correct_CP,C[C@@H]1CCCCO[C@@H](CN(C)CC2CCCCC2)[C@H](C)CN([C@H](C)CO)C(=O)c2cc(NS(C)(=O)=O)ccc2O1,10.0451,-0.1000311460860984,-0.10036680852309247,-0.01033092009333901,-0.09003588842975346,0.049570420994103484
correct_CP,C[C@@H]1CCCCO[C@@H](CN(C)Cc2ccc3c(c2)OCO3)[C@@H](C)CN([C@@H](C)CO)C(=O)c2cc(N(C)C)ccc2O1,10.0119,0.040741467517380794,0.04076403180208087,0.052598471270712294,-0.01183443946863142,-0.03182195918835311
correct_CP,C[C@@H]1CCCCO[C@@H](CN(C)Cc2ccc3c(c2)OCO3)[C@H](C)CN([C@H](C)CO)C(=O)c2cc(N(C)C)ccc2O1,9.97672,0.5499489631612724,0.6183081454239694,-0.022725164015010284,0.6410333094389796,-0.10355237418854879
correct_CP,C[C@@H]1CCCCO[C@@H](CN(C)Cc2ccccc2)[C@@H](C)CN([C@@H](C)CO)C(=O)c2cc(NS(C)(=O)=O)ccc2O1,10.313,-0.20431318210983884,-0.20722952325616253,0.11442214839894921,-0.32165167165511177,-0.012069717694411439
correct_CP,C[C@@H]1CCCCO[C@@H](CN(C)Cc2ccccc2)[C@H](C)CN([C@@H](C)CO)C(=O)c2cc(NC(=O)CCC(F)(F)F)ccc2O1,10.017233,0.06493459248822767,0.06502608967673916,-0.007656134049575072,0.07268222372631424,0.18002033181002763
correct_CP,C[C@@H]1CCCCO[C@@H](CN(C)Cc2ccccc2)[C@H](C)CN([C@H](C)CO)C(=O)c2cc(NC(=O)CCC(F)(F)F)ccc2O1,10.0412,0.4672492060175154,0.5065454384884931,0.03388788818408583,0.47265755030440726,-0.11379842902590209
correct_CP,C[C@@H]1CCCCO[C@@H](CN(C)Cc2ccncc2)[C@@H](C)CN([C@@H](C)CO)C(=O)c2cc(N(C)C)ccc2O1,10.2259,-0.0628934545203571,-0.06297657872848668,-0.006132405227720581,-0.0568441735007661,-0.054509319509901004
correct_CP,C[C@@H]1CCCCO[C@@H](CN(C)Cc2ccncc2)[C@@H](C)CN([C@H](C)CO)C(=O)c2cc(N(C)C)ccc2O1,9.92372,-0.25603793831151334,-0.26186375552762103,-0.025811703883117897,-0.23605205164450313,0.33666948996655033
correct_CP,C[C@@H]1CCCCO[C@@H](CN(C)Cc2ccncc2)[C@@H](C)CN([C@H](C)CO)C(=O)c2cc(NC(=O)C3CCCCC3)ccc2O1,10.0183,-0.2129123514412829,-0.21622001798726406,0.0055601952092549645,-0.22178021319651903,-0.2856892870092387
correct_CP,C[C@@H]1CCCCO[C@@H](CN(C)Cc2ccncc2)[C@@H](C)CN([C@H](C)CO)C(=O)c2cc(NC(=O)c3ccccc3)ccc2O1,10.4119,-0.05327348774373221,-0.053323971602244974,0.02502866097984613,-0.0783526325820911,0.08709008479153166
correct_CP,C[C@@H]1CCCCO[C@@H](CN(C)Cc2ccncc2)[C@H](C)CN([C@@H](C)CO)C(=O)c2cc(NC(=O)c3ccccc3)ccc2O1,10.0152,-0.14027418262874228,-0.1412052510718961,0.0222116543837586,-0.1634169054556547,-0.16807098891787992
correct_CP,C[C@@H]1CCCCO[C@@H](CN(C)Cc2ccncc2)[C@H](C)CN([C@H](C)CO)C(=O)c2cc(NC(=O)Cc3ccccc3)ccc2O1,10.0148,0.2006775657379267,0.20343845145913178,0.038271731724152436,0.16516671973497934,0.2765563158648732
correct_CP,C[C@@H]1CCCCO[C@@H](CN(C)S(=O)(=O)c2cccs2)[C@H](C)CN([C@H](C)CO)C(=O)c2cc(N(C)C)ccc2O1,10.0457,0.08972840370182017,0.08997038040367286,-0.03415812247255803,0.1241285028762309,0.20216002508627
correct_CP,C[C@@H]1CCCCO[C@@H](CN(C)S(C)(=O)=O)[C@@H](C)CN([C@@H](C)CO)C(=O)c2cc(NC(=O)CCCN(C)C)ccc2O1,10.4041,-0.5831718904631003,-0.667255854885713,0.06523214072515746,-0.7324879956108705,0.12397849175289413
correct_CP,C[C@@H]1CCCCO[C@@H](CN(C)S(C)(=O)=O)[C@@H](C)CN([C@@H](C)CO)C(=O)c2cc(NC(=O)c3ccccc3)ccc2O1,10.0014,0.2250024778482221,0.22891915679265035,0.06411037728439946,0.1648087795082509,0.10806616738317008
correct_CP,C[C@@H]1CCCCO[C@@H](CN(C)S(C)(=O)=O)[C@H](C)CN([C@@H](C)CO)C(=O)c2cc(N(C)C)ccc2O1,9.97262,-0.017729394003258278,-0.017731251988833484,-0.019902180447343088,0.0021709284585096043,0.4092540398862117
correct_CP,C[C@@H]1CCCCO[C@H](CN(C)C(=O)C2CCCCC2)[C@@H](C)CN([C@@H](C)CO)C(=O)c2cc(NS(C)(=O)=O)ccc2O1,10.0923,-0.057780719635046704,-0.05784515121111607,0.008110440282289135,-0.06595559149340521,0.14117519447401655
correct_CP,C[C@@H]1CCCCO[C@H](CN(C)C(=O)CCC(F)(F)F)[C@H](C)CN([C@H](C)CO)C(=O)c2cc(N(C)C)ccc2O1,10.0091,0.5909700824427336,0.679155461242207,0.09967252072091205,0.579482940521295,-0.07367270537443363
correct_CP,C[C@@H]1CCCCO[C@H](CN(C)C(=O)CCCN(C)C)[C@@H](C)CN([C@@H](C)CO)C(=O)c2cc(NC(=O)c3ccccc3)ccc2O1,9.99917,0.33357917429157796,0.34685018686458946,0.013322669189019237,0.3335275176755702,0.11305671512199204
correct_CP,C[C@@H]1CCCCO[C@H](CN(C)C(=O)CCCN(C)C)[C@H](C)CN([C@H](C)CO)C(=O)c2cc(N(C)C)ccc2O1,10.0265,0.06232016324670173,0.06240103151676366,-0.044335006383778214,0.10673603790054187,0.2808781319735011
correct_CP,C[C@@H]1CCCCO[C@H](CN(C)C(=O)CCCN(C)C)[C@H](C)CN([C@H](C)CO)C(=O)c2cc(NC(=O)c3ccccc3)ccc2O1,10.0136,0.0889914872593171,0.08922753213457908,0.026462301402137525,0.06276523073244156,-0.07212810534966257
correct_CP,C[C@@H]1CCCCO[C@H](CN(C)C(=O)Cc2ccccc2)[C@H](C)CN([C@@H](C)CO)C(=O)c2cc(N(C)C)ccc2O1,10.0737,0.3603914516040867,0.3773357116419308,0.012008737991055542,0.36532697365087524,-0.34394951799012335
correct_CP,C[C@@H]1CCCCO[C@H](CN(C)C(=O)Cc2ccccc2)[C@H](C)CN([C@@H](C)CO)C(=O)c2cc(NS(C)(=O)=O)ccc2O1,10.0201,0.35924412893508645,0.37601775433587237,0.033763004265823994,0.34225475007004835,0.17313629037675185
correct_CP,C[C@@H]1CCCCO[C@H](CN(C)C(=O)Nc2ccc(C(F)(F)F)cc2)[C@@H](C)CN([C@H](C)CO)C(=O)c2cc(N(C)C)ccc2O1,9.80323,-0.35738852197930504,-0.37388880999065405,-0.32276636095869154,-0.0511224490319625,0.21099673352763304
correct_CP,C[C@@H]1CCCCO[C@H](CN(C)C(=O)Nc2ccc(F)cc2)[C@H](C)CN([C@H](C)CO)C(=O)c2cc(N(C)C)ccc2O1,10.0012,0.12860614724820604,0.129322296551595,0.07209181096326883,0.05723048558832616,0.039293295093663874
correct_CP,C[C@@H]1CCCCO[C@H](CN(C)C(=O)Nc2ccc3c(c2)OCO3)[C@@H](C)CN([C@@H](C)CO)C(=O)c2cc(N(C)C)ccc2O1,9.97268,-0.19734297214873073,-0.19996634087979928,-0.06476662056011245,-0.13519972031968683,-0.07352555339200098
correct_CP,C[C@@H]1CCCCO[C@H](CN(C)C(=O)c2ccccc2)[C@@H](C)CN([C@@H](C)CO)C(=O)c2cc(N(C)C)ccc2O1,9.96661,-0.1527029844827509,-0.1539067919368913,0.04887429126006254,-0.20278108319695384,-0.14893991734087558
correct_CP,C[C@@H]1CCCCO[C@H](CN(C)C(=O)c2ccccc2)[C@@H](C)CN([C@@H](C)CO)C(=O)c2cc(NS(C)(=O)=O)ccc2O1,10.0091,-0.128681599421968,-0.129399018414388,0.06896775099497511,-0.1983667694093631,-0.25029112430478867
correct_CP,C[C@@H]1CCCCO[C@H](CN(C)C(=O)c2ccccc2)[C@H](C)CN([C@@H](C)CO)C(=O)c2cc(N(C)C)ccc2O1,10.0594,0.18773348378512097,0.18998681312909552,0.011947229085003227,0.17803958404409229,0.2324144482813415
correct_CP,C[C@@H]1CCCCO[C@H](CN(C)C(=O)c2ccncc2)[C@@H](C)CN([C@@H](C)CO)C(=O)c2cc(NC(=O)C3CCCCC3)ccc2O1,10.063,-0.02967314750516266,-0.02968186113510598,-0.027039725916429936,-0.002642135218676043,0.021335100702028473
correct_CP,C[C@@H]1CCCCO[C@H](CN(C)C(=O)c2ccncc2)[C@@H](C)CN([C@H](C)CO)C(=O)c2cc(N(C)C)ccc2O1,9.80102,0.009823067993562315,0.009823383963191525,-0.11995652646474375,0.12977991042793527,0.28908553530429976
correct_CP,C[C@@H]1CCCCO[C@H](CN(C)C(=O)c2ccncc2)[C@H](C)CN([C@@H](C)CO)C(=O)c2cc(N(C)C)ccc2O1,10.0459,0.2961722351019147,0.30531854572244554,0.08830177896366873,0.21701676675877682,0.0837026009331531
correct_CP,C[C@@H]1CCCCO[C@H](CN(C)C)[C@@H](C)CN([C@@H](C)CO)C(=O)c2cc(NC(=O)C3CCCCC3)ccc2O1,10.042,-0.04410154860260833,-0.044130173733494885,0.024697095180710997,-0.06882726891420587,0.09049027015435326
correct_CP,C[C@@H]1CCCCO[C@H](CN(C)C)[C@@H](C)CN([C@@H](C)CO)C(=O)c2cc(NC(=O)NC3CCCCC3)ccc2O1,10.0686,0.018840208439114395,0.018842438046331095,-0.005580730220532312,0.02442316826686341,0.1013752905957122
correct_CP,C[C@@H]1CCCCO[C@H](CN(C)C)[C@@H](C)CN([C@@H](C)CO)C(=O)c2cc(NC(=O)c3ccncc3)ccc2O1,10.0263,0.346180623022961,0.36109778116054464,0.011501705135381592,0.34959607602516307,0.21566488908189432
correct_CP,C[C@@H]1CCCCO[C@H](CN(C)C)[C@@H](C)CN([C@H](C)CO)C(=O)c2cc(NS(=O)(=O)c3ccccc3)ccc2O1,10.2865,0.2105306534401174,0.21372654623485726,0.10173181994334433,0.11199472629151293,-0.2771010236555005
correct_CP,C[C@@H]1CCCCO[C@H](CN(C)C)[C@@H](C)CN([C@H](C)CO)C(=O)c2cc(NS(C)(=O)=O)ccc2O1,9.98344,0.284560401562151,0.292637331045182,-0.009472317160268381,0.3021096482054504,0.22460334885430133
correct_CP,C[C@@H]1CCCCO[C@H](CN(C)C)[C@H](C)CN([C@@H](C)CO)C(=O)c2cc(NC(=O)NC3CCCCC3)ccc2O1,10.0444,0.29997803560001907,0.3094954676746041,0.006082239331840083,0.303413228342764,0.1490772607709601
correct_CP,C[C@@H]1CCCCO[C@H](CN(C)C)[C@H](C)CN([C@@H](C)CO)C(=O)c2cc(NC(=O)Nc3ccc(C(F)(F)F)cc3)ccc2O1,10.0179,0.019690502360455945,0.019693047726113896,-0.014961577284094876,0.03465462501020877,0.0941314008156109
correct_CP,C[C@@H]1CCCCO[C@H](CN(C)C)[C@H](C)CN([C@@H](C)CO)C(=O)c2cc(NC(=O)Nc3ccc(F)cc3)ccc2O1,10.0205,0.26368175220174866,0.2700611687570028,0.027150889576064336,0.24291027918093847,0.253180486011457
correct_CP,C[C@@H]1CCCCO[C@H](CN(C)C)[C@H](C)CN([C@@H](C)CO)C(=O)c2cc(NS(=O)(=O)c3ccc(F)cc3)ccc2O1,10.0294,0.20549717440773768,0.20846540564495447,-0.003194699862071157,0.21166010550702563,0.1634908113076302
correct_CP,C[C@@H]1CCCCO[C@H](CN(C)C)[C@H](C)CN([C@H](C)CO)C(=O)c2cc(N(C)C)ccc2O1,10.1476,0.4114537772233026,0.4373600164459521,0.036731530426178306,0.4006284860197738,-0.250515668242639
correct_CP,C[C@@H]1CCCCO[C@H](CN(C)C)[C@H](C)CN([C@H](C)CO)C(=O)c2cc(NC(=O)C3CCCCC3)ccc2O1,9.98936,0.15409319665376287,0.15533050573186932,0.06203682513208034,0.09329368059978899,-0.10370781601743018
correct_CP,C[C@@H]1CCCCO[C@H](CN(C)C)[C@H](C)CN([C@H](C)CO)C(=O)c2cc(NC(=O)c3ccccc3)ccc2O1,10.0806,0.2932991864542066,0.3021721712443219,0.0595612144015548,0.2426109568427671,-0.06535298834433935
correct_CP,C[C@@H]1CCCCO[C@H](CN(C)C)[C@H](C)CN([C@H](C)CO)C(=O)c2cc(NC(=O)c3ccncc3)ccc2O1,10.0688,0.3714536592555082,0.3901083819189329,-0.05987848767885268,0.44998686959778555,0.4657470622424935
correct_CP,C[C@@H]1CCCCO[C@H](CN(C)CC2CCCCC2)[C@@H](C)CN([C@H](C)CO)C(=O)c2cc(NC(=O)CCCN(C)C)ccc2O1,9.97667,0.3721731435437748,0.3909432880337037,-0.04866112723287229,0.439604415266576,0.159060605511052
correct_CP,C[C@@H]1CCCCO[C@H](CN(C)Cc2ccc(C(=O)O)cc2)[C@H](C)CN([C@H](C)CO)C(=O)c2cc(N(C)C)ccc2O1,10.1095,0.13643528449335143,0.13729142925103732,-0.0104559526442355,0.1477473818952728,0.05461805172808262
correct_CP,C[C@@H]1CCCCO[C@H](CN(C)Cc2ccc3c(c2)OCO3)[C@@H](C)CN([C@@H](C)CO)C(=O)c2cc(NS(C)(=O)=O)ccc2O1,10.09107,0.27463899341389975,0.2818744020186406,0.04619536337816255,0.23567903864047807,0.1453463410559571
correct_CP,C[C@@H]1CCCCO[C@H](CN(C)Cc2ccc3c(c2)OCO3)[C@H](C)CN([C@@H](C)CO)C(=O)c2cc(NS(C)(=O)=O)ccc2O1,10.0656,0.009315564061114657,0.009315833542535845,0.024819989742580456,-0.015504156200044611,0.10375847870193747
correct_CP,C[C@@H]1CCCCO[C@H](CN(C)Cc2ccccc2)[C@@H](C)CN([C@H](C)CO)C(=O)c2cc(NC(=O)CCC(F)(F)F)ccc2O1,10.4259,0.14497014385438162,0.14599872630818894,-0.18073349162850683,0.32673221793669577,0.3691025608008007
correct_CP,C[C@@H]1CCCCO[C@H](CN(C)Cc2ccccc2)[C@H](C)CN([C@@H](C)CO)C(=O)c2cc(NC(=O)CCCN(C)C)ccc2O1,10.0325,-0.33180738194004145,-0.34485787506481175,0.00795356971139086,-0.35281144477620263,0.10200933794665046
correct_CP,C[C@@H]1CCCCO[C@H](CN(C)Cc2ccccc2)[C@H](C)CN([C@@H](C)CO)C(=O)c2cc(NS(C)(=O)=O)ccc2O1,10.0228,0.2516829300408905,0.25720874517128506,0.00702278131092174,0.2501859638603633,-0.35982990958285604
correct_CP,C[C@@H]1CCCCO[C@H](CN(C)Cc2ccncc2)[C@@H](C)CN([C@@H](C)CO)C(=O)c2cc(NC(=O)CCCN(C)C)ccc2O1,10.0187,0.15544608404877644,0.1567165952505715,-0.04578866526530226,0.20250526051587375,0.22705136735705195
correct_CP,C[C@@H]1CCCCO[C@H](CN(C)Cc2ccncc2)[C@@H](C)CN([C@H](C)CO)C(=O)c2cc(NC(=O)C3CCCCC3)ccc2O1,9.96987,0.1556463412211636,0.15692181770386057,0.07221302400923937,0.0847087936946212,-0.22244546535822304
correct_CP,C[C@@H]1CCCCO[C@H](CN(C)Cc2ccncc2)[C@@H](C)CN([C@H](C)CO)C(=O)c2cc(NC(=O)c3ccccc3)ccc2O1,10.093,0.16954289818208493,0.17119599593044382,0.026890547968982347,0.14430544796146147,0.14498117668408575
correct_CP,C[C@@H]1CCCCO[C@H](CN(C)Cc2ccncc2)[C@H](C)CN([C@@H](C)CO)C(=O)c2cc(N(C)C)ccc2O1,10.0346,-0.17413710143058794,-0.1759299988218915,0.039598833904955215,-0.21552883272684673,-0.0354389758706948
correct_CP,C[C@@H]1CCCCO[C@H](CN(C)Cc2ccncc2)[C@H](C)CN([C@@H](C)CO)C(=O)c2cc(NC(=O)C3CCCCC3)ccc2O1,10.0439,0.11553053283438303,0.1160486959041769,-0.008331896775541197,0.12438059267971809,0.194818170365666
correct_CP,C[C@@H]1CCCCO[C@H](CN(C)Cc2ccncc2)[C@H](C)CN([C@@H](C)CO)C(=O)c2cc(NC(=O)NC3CCCCC3)ccc2O1,10.045,-0.37304802871057324,-0.3919592245620521,0.08718326688897293,-0.47914249145102505,0.15576202090918817
correct_CP,C[C@@H]1CCCCO[C@H](CN(C)Cc2ccncc2)[C@H](C)CN([C@@H](C)CO)C(=O)c2cc(NS(C)(=O)=O)ccc2O1,10.0399,-0.21762916012876765,-0.22116604387761027,0.058826500450918535,-0.2799925443285288,0.07843530162861687
correct_CP,C[C@@H]1CCCCO[C@H](CN(C)S(=O)(=O)c2ccccc2)[C@H](C)CN([C@@H](C)CO)C(=O)c2cc(N(C)C)ccc2O1,10.0784,0.11962304718958582,0.12019858570425376,-0.016477545316199597,0.13667613102045337,0.32679662107000446
correct_CP,C[C@@H]1CCCCO[C@H](CN(C)S(=O)(=O)c2cn(C)cn2)[C@H](C)CN([C@H](C)CO)C(=O)c2cc(N(C)C)ccc2O1,9.97203,0.11841620428580134,0.11897440124872619,0.04425882767398531,0.07471557357474087,0.01715635086185855
correct_CP,C[C@@H]1CCCCO[C@H](CN(C)S(C)(=O)=O)[C@@H](C)CN([C@@H](C)CO)C(=O)c2cc(NC(=O)C3CCCCC3)ccc2O1,10.0111,0.1989176995406705,0.20160541141213842,-0.042113642142704466,0.24371905355484288,0.053479604053776116
correct_CP,C[C@@H]1CC[C@H]2[C@@H](C)C(=O)O[C@@H]3O[C@@]4(C)CC[C@@H]1[C@]32OO4,10.0,0.5165249039336665,0.5715884715132097,-0.02823225205271272,0.5998207235659224,0.13284539967647951
correct_CP,C[C@@H]1CN([C@@H](C)CO)C(=O)CCCn2cc(nn2)CO[C@@H]1CN(C)C(=O)C1CCCCC1,9.87175,0.22601725269029782,0.2299883028472895,-0.060227246276246274,0.29021554912353575,-0.01872605401107652
correct_CP,C[C@@H]1CN([C@@H](C)CO)C(=O)CCCn2cc(nn2)CO[C@@H]1CN(C)C(=O)Nc1cccc2ccccc12,10.0584,0.3873764035453232,0.408709525467446,-0.026816615285246835,0.4355261407526928,-0.2196441388915181
correct_CP,C[C@@H]1CN([C@@H](C)CO)C(=O)CCCn2cc(nn2)CO[C@@H]1CN(C)C(=O)Nc1ccccc1,9.83928,0.15895800146908884,0.16031750414411242,-0.12038358893251871,0.28070109307663116,0.17875801954634718
correct_CP,C[C@@H]1CN([C@@H](C)CO)C(=O)CCCn2cc(nn2)CO[C@@H]1CN(C)C(=O)Nc1ccccc1F,9.98155,0.1416590210930105,0.14261816664922256,0.03256596631047662,0.11005220033874594,-0.18064431666801986
correct_CP,C[C@@H]1CN([C@@H](C)CO)C(=O)CCCn2cc(nn2)CO[C@@H]1CN(C)C(=O)c1cc(-c2ccccc2)on1,10.1063,-0.18805161760198788,-0.19031658923643152,-0.009508135483506538,-0.18080845375292498,-0.11100851733836051
correct_CP,C[C@@H]1CN([C@@H](C)CO)C(=O)CCCn2cc(nn2)CO[C@@H]1CN(C)C(=O)c1ccc(N2CCN(C)CC2)cc1,10.2313,0.4384176082842806,0.4702702033909325,0.13406580252623274,0.33620440086469977,0.07743069167905764
correct_CP,C[C@@H]1CN([C@@H](C)CO)C(=O)CCCn2cc(nn2)CO[C@@H]1CN(C)Cc1ccc(Oc2ccccc2)cc1,9.90833,0.11370454262914755,0.11419839745373894,0.06238811520456716,0.05181028224917178,0.1387599698023958
correct_CP,C[C@@H]1CN([C@@H](C)CO)C(=O)CCCn2cc(nn2)CO[C@@H]1CN(C)Cc1ccc2c(c1)OCO2,9.79256,0.5287235847372945,0.5883718085292745,0.08400821524838231,0.5043635932808922,-0.08092978008622817
correct_CP,C[C@@H]1CN([C@@H](C)CO)C(=O)CCCn2cc(nn2)CO[C@@H]1CN(C)S(C)(=O)=O,10.0037,0.2576158297300605,0.2635530749890347,0.0986052800103003,0.16494779497873438,0.016512355851864335
correct_CP,C[C@@H]1CN([C@@H](C)CO)C(=O)CCCn2cc(nn2)CO[C@H]1CN(C)C,10.177,0.20162721379334725,0.20442814485671118,-0.06361527547009517,0.26804342032680634,0.00436543149457317
correct_CP,C[C@@H]1CN([C@@H](C)CO)C(=O)CCCn2cc(nn2)CO[C@H]1CN(C)C(=O)C1CC1,10.0113,0.025799849948953662,0.02580557664037063,0.02622471825462753,-0.0004191416142568967,0.10888779235809784
correct_CP,C[C@@H]1CN([C@@H](C)CO)C(=O)CCCn2cc(nn2)CO[C@H]1CN(C)C(=O)CCC(F)(F)F,10.056,0.17382493312225702,0.17560808641708553,0.08156641126578988,0.09404167515129565,-0.0767051227407118
correct_CP,C[C@@H]1CN([C@@H](C)CO)C(=O)CCCn2cc(nn2)CO[C@H]1CN(C)C(=O)Nc1ccc(F)cc1,9.98871,0.36335392942462424,0.3807445927221817,0.10890190523024795,0.27184268749193374,-0.259553610019294
correct_CP,C[C@@H]1CN([C@@H](C)CO)C(=O)CCCn2cc(nn2)CO[C@H]1CN(C)C(=O)Nc1ccc(N2CCN(C)CC2)cc1,10.0082,0.1525110773300867,0.15371030890881837,0.02190309798128471,0.13180721092753367,-0.040601043169749995
correct_CP,C[C@@H]1CN([C@@H](C)CO)C(=O)CCCn2cc(nn2)CO[C@H]1CN(C)C(=O)Nc1cccc(F)c1,10.001909,0.662345897657546,0.7969815347297409,0.07925755834973257,0.7177239763800083,0.4112946298186848
correct_CP,C[C@@H]1CN([C@@H](C)CO)C(=O)CCCn2cc(nn2)CO[C@H]1CN(C)C(=O)Nc1cccc(Oc2ccccn2)c1,10.0421,0.1912016907870698,0.193584161775662,-0.1529998275050183,0.34658398928068035,0.20980449088000305
correct_CP,C[C@@H]1CN([C@@H](C)CO)C(=O)CCCn2cc(nn2)CO[C@H]1CN(C)C(=O)Nc1ccccc1F,10.055,0.5048220179237147,0.5557563259906002,0.07310710146113206,0.4826492245294681,-0.6099297667224698
correct_CP,C[C@@H]1CN([C@@H](C)CO)C(=O)CCCn2cc(nn2)CO[C@H]1CN(C)Cc1ccc2c(c1)OCCO2,10.0884,-0.13137093465367494,-0.1321346055146641,-0.05649351120015625,-0.07564109431450786,-0.059334471782963055
correct_CP,C[C@@H]1CN([C@@H](C)CO)C(=O)CCCn2cc(nn2)CO[C@H]1CN(C)S(=O)(=O)c1ccc(Cl)cc1,10.0638,0.13332352698260433,0.13412200946938968,0.028399128035747435,0.10572288143364225,-0.09320137986159013
correct_CP,C[C@@H]1CN([C@@H](C)CO)C(=O)CCCn2cc(nn2)CO[C@H]1CN(C)S(=O)(=O)c1ccc(F)cc1,9.90118,-0.3482630763392661,-0.3634657218678782,0.1030424751611775,-0.46650819702905566,0.1573208493250718
correct_CP,C[C@@H]1CN([C@@H](C)CO)C(=O)CCCn2cc(nn2)CO[C@H]1CN(C)S(=O)(=O)c1ccccc1F,10.0162,0.32233912416125793,0.33425526570399905,0.1337438752524054,0.20051139045159366,-0.006867051155371784
correct_CP,C[C@@H]1CN([C@@H](C)CO)C(=O)CCCn2nncc2CO[C@@H]1CN(C)C(=O)NC1CCCCC1,10.0571,0.17148844806148703,0.17319980856170325,0.03778657945318161,0.13541322910852163,-0.09848211929586331
correct_CP,C[C@@H]1CN([C@@H](C)CO)C(=O)CCCn2nncc2CO[C@@H]1CN(C)C(=O)Nc1ccc2c(c1)OCO2,10.011,0.5023373319625101,0.5524274607732823,0.07622081932914905,0.47620664144413327,0.060666500800335935
correct_CP,C[C@@H]1CN([C@@H](C)CO)C(=O)CCCn2nncc2CO[C@@H]1CN(C)C(=O)c1cc(-c2ccccc2)on1,10.046,-0.09884250650846464,-0.09916629853697642,0.06041391893922975,-0.15958021747620615,0.25302717400962793
correct_CP,C[C@@H]1CN([C@@H](C)CO)C(=O)CCCn2nncc2CO[C@@H]1CN(C)Cc1ccc(-c2ccccc2)cc1,10.3222,0.24241122964741957,0.24733429568247678,0.04823123029000249,0.1991030653924743,0.25215139073059634
correct_CP,C[C@@H]1CN([C@@H](C)CO)C(=O)CCCn2nncc2CO[C@@H]1CN(C)Cc1cccc(O)c1,9.87312,0.1760686525400452,0.17792264725788753,0.014319571074594023,0.1636030761832935,0.11702481298329459
correct_CP,C[C@@H]1CN([C@@H](C)CO)C(=O)CCCn2nncc2CO[C@@H]1CN(C)Cc1cccnc1,10.0581,0.33878904244001495,0.3527239233243844,0.08414590618872836,0.26857801713565604,0.06109338730532621
correct_CP,C[C@@H]1CN([C@@H](C)CO)C(=O)CCCn2nncc2CO[C@H]1CN(C)C(=O)c1ccccc1,10.024,-0.05534231469883136,-0.05539891904855458,0.004791339609855861,-0.06019025865841044,0.02579741437896954
correct_CP,C[C@@H]1CN([C@@H](C)CO)C(=O)CCCn2nncc2CO[C@H]1CN(C)Cc1ccc(O)cc1,10.085926,0.13168433400643773,0.13245352197139362,0.01788983145323042,0.1145636905181632,0.04654512239604948
correct_CP,C[C@@H]1CN([C@@H](C)CO)C(=O)CCCn2nncc2CO[C@H]1CN(C)Cc1ccc2c(c1)OCCN2C,9.98734,0.5139525996104006,0.5680864873228,0.10166177605036206,0.4664247112724379,-0.32113315470071324
correct_CP,C[C@@H]1CN([C@@H](C)CO)C(=O)CCCn2nncc2CO[C@H]1CN(C)Cc1ccccc1,10.0124,0.4752362720728277,0.5168126605765432,0.04974004693332544,0.4670726136432177,0.04864694039171834
correct_CP,C[C@@H]1CN([C@@H](C)CO)C(=O)CCCn2nncc2CO[C@H]1CN(C)Cc1cccnc1,10.0325,0.5069966652333171,0.558679023760231,0.05823678204907906,0.500442241711152,0.11601810352675429
correct_CP,C[C@@H]1CN([C@@H](C)CO)C(=O)CCCn2nncc2CO[C@H]1CN(C)S(=O)(=O)c1ccc(F)cc1,10.0255,0.27570423146428163,0.2830269072360533,0.04054656463908049,0.2424803425969728,-0.2520913073643909
correct_CP,C[C@@H]1CN([C@@H](C)CO)C(=O)CCCn2nncc2CO[C@H]1CN(C)S(=O)(=O)c1ccc(Oc2ccccc2)cc1,10.0024,0.5523380266204673,0.6217395268866273,0.0032347001742279863,0.6185048267123993,-0.6565043383982021
correct_CP,C[C@@H]1CN([C@@H](C)CO)C(=O)CCCn2nncc2CO[C@H]1CN(C)S(=O)(=O)c1ccccc1,10.0228,0.3337336539102557,0.34702401857786114,0.04763114557767175,0.2993928730001894,0.06909037805719759
correct_CP,C[C@@H]1CN([C@@H](C)CO)C(=O)Cc2cc(N(C)C)ccc2O[C@H]1CN(C)C(=O)NC1CCCCC1,10.0707,-0.10209755842458997,-0.10245454579047816,0.0583174123539203,-0.16077195814439846,0.18825146660201172
correct_CP,C[C@@H]1CN([C@@H](C)CO)C(=O)Cc2cc(N(C)C)ccc2O[C@H]1CN(C)C(=O)Nc1ccccc1,9.98088,0.3070411834441981,0.31727532668847264,0.0273797795228658,0.28989554716560684,0.04754724789652462
correct_CP,C[C@@H]1CN([C@@H](C)CO)C(=O)Cc2cc(NC(=O)C3CCCCC3)ccc2O[C@H]1CN(C)CC1CC1,10.066,0.3786441194648281,0.39847588934953126,-0.0045373005763443,0.40301318992587554,0.33578290589878323
correct_CP,C[C@@H]1CN([C@@H](C)CO)C(=O)Cc2cc(NC(=O)CCC(F)(F)F)ccc2O[C@H]1CN(C)C(=O)Nc1ccc2c(c1)OCO2,10.0202,0.13964899695012734,0.14056757375258136,0.060902457285658684,0.07966511646692268,-0.1524924401460105
correct_CP,C[C@@H]1CN([C@@H](C)CO)C(=O)Cc2cc(NC(=O)CCCN(C)C)ccc2O[C@H]1CN(C)CC1CCCCC1,9.9715,0.07417093070408944,0.07430739427346525,-0.017642499615812754,0.091949893889278,-0.04511750485143924
correct_CP,C[C@@H]1CN([C@@H](C)CO)C(=O)Cc2cc(NC(=O)CCN3CCOCC3)ccc2O[C@H]1CN(C)C(=O)NC1CCCCC1,10.1796,-0.009475052240048971,-0.0094753358013623,-0.1429748033503977,0.13349946754903538,0.16200077203259983
correct_CP,C[C@@H]1CN([C@@H](C)CO)C(=O)Cc2cc(NS(C)(=O)=O)ccc2O[C@@H]1CN(C)Cc1ccncc1,9.74082,-0.2821039578386841,-0.2899664770307504,-0.09352054823331483,-0.19644592879743555,0.14520162614228788
correct_CP,C[C@@H]1CN([C@@H](C)CO)C(=O)Cc2cc(NS(C)(=O)=O)ccc2O[C@H]1CN(C)Cc1ccncc1,9.90592,0.15901469131180004,0.16037566407555695,0.02949222927203991,0.13088343480351705,-0.05163288879959197
correct_CP,C[C@@H]1CN([C@@H](C)CO)C(=O)c2c(c3ccccc3n2C)-c2ccccc2CO[C@@H]1CN(C)C(=O)N[C@H](C)c1ccccc1,9.9205,0.03017842699579423,0.030187593546583995,-0.02022057888131982,0.05040817242790381,0.21906830306304126
correct_CP,C[C@@H]1CN([C@@H](C)CO)C(=O)c2c(c3ccccc3n2C)-c2ccccc2CO[C@@H]1CN(C)C(=O)Nc1ccc(F)cc1,9.86141,0.18035699591443646,0.1823516630123031,0.08145287321774428,0.10089878979455882,-0.11696249399751352
correct_CP,C[C@@H]1CN([C@@H](C)CO)C(=O)c2c(c3ccccc3n2C)-c2ccccc2CO[C@@H]1CN(C)Cc1cccc(C(=O)O)c1,9.88596,-0.3430907582091553,-0.3575914521787731,-0.05060684281887795,-0.30698460935989513,-0.12439128961947696
correct_CP,C[C@@H]1CN([C@@H](C)CO)C(=O)c2c(c3ccccc3n2C)-c2ccccc2CO[C@@H]1CN(C)Cc1ccncc1,10.1052,0.009750282033155,0.009750591030717211,-0.09529329284891982,0.10504388387963703,0.14212520737594986
correct_CP,C[C@@H]1CN([C@@H](C)CO)C(=O)c2c(c3ccccc3n2C)-c2ccccc2CO[C@@H]1CN(C)S(=O)(=O)c1ccc(C#N)cc1,9.79465,-0.0236557284430597,-0.023660142455717716,0.09312261427247573,-0.11678275672819344,-0.10571720572478105
correct_CP,C[C@@H]1CN([C@@H](C)CO)C(=O)c2c(c3ccccc3n2C)-c2ccccc2CO[C@@H]1CN(C)S(=O)(=O)c1cccc(C#N)c1,9.94266,0.35819772072361394,0.37481680723406297,0.05961500786594552,0.31520179936811743,0.5951358752703625
correct_CP,C[C@@H]1CN([C@@H](C)CO)C(=O)c2c(c3ccccc3n2C)-c2ccccc2CO[C@H]1CN(C)C,10.1291,-0.13209324071617076,-0.13286966739220857,0.058598012910599406,-0.19146768030280797,0.009640061686750842
correct_CP,C[C@@H]1CN([C@@H](C)CO)C(=O)c2c(c3ccccc3n2C)-c2ccccc2CO[C@H]1CN(C)C(=O)Cc1ccccc1,9.79899,0.7186404170591937,0.9048276480838394,0.08885257751012283,0.8159750705737165,0.28832231054203816
correct_CP,C[C@@H]1CN([C@@H](C)CO)C(=O)c2c(c3ccccc3n2C)-c2ccccc2CO[C@H]1CN(C)C(=O)c1ccc(F)cc1,10.0696,-0.24192007542540334,-0.2468125437191662,0.0532194120797201,-0.3000319557988863,0.27903260429061094
correct_CP,C[C@@H]1CN([C@@H](C)CO)C(=O)c2c(c3ccccc3n2C)-c2ccccc2CO[C@H]1CN(C)S(=O)(=O)Cc1ccccc1,10.2576,0.23207109918514615,0.23637735050384007,-0.05803135059153028,0.2944087010953703,0.2107318210615866
correct_CP,C[C@@H]1CN([C@@H](C)CO)C(=O)c2cc(-c3ccc(C(=O)N(C)C)cc3)cnc2O[C@@H]1CN(C)C(=O)c1ccncc1,10.008,0.14653818375066852,0.14760080148897337,0.028370780673691615,0.11923002081528175,-0.05435651794918112
correct_CP,C[C@@H]1CN([C@@H](C)CO)C(=O)c2cc(-c3ccc(F)cc3)cnc2O[C@@H]1CN(C)C(=O)Cc1ccccn1,10.0488,0.2754484559996164,0.28275011123884963,0.038038783432336847,0.24471132780651278,0.0880819071632386
correct_CP,C[C@@H]1CN([C@@H](C)CO)C(=O)c2cc(-c3cccc(F)c3)cnc2O[C@@H]1CN(C)C(=O)C1CCC1,10.0337,0.3139014464580197,0.324867456036792,0.014899311383593617,0.3099681446531984,-0.0008549086195004246
correct_CP,C[C@@H]1CN([C@@H](C)CO)C(=O)c2cc(-c3cccc(F)c3)cnc2O[C@@H]1CN(C)CC1CCOCC1,10.0254,-0.034521574593549924,-0.03453529797792538,-0.07949469037403545,0.04495939239611007,-0.0450294556398905
correct_CP,C[C@@H]1CN([C@@H](C)CO)C(=O)c2cc(-c3ccccc3F)cnc2O[C@@H]1CN(C)Cc1cccc(F)c1,10.0254,0.25328825215291695,0.25892337355135164,0.09974467216581642,0.15917870138553522,0.12340736783943457
correct_CP,C[C@@H]1CN([C@@H](C)CO)C(=O)c2cc(-c3cncnc3)cnc2O[C@@H]1CN(C)C(=O)CN1CCOCC1,9.99958,0.07369803951238019,0.07383190389580288,0.06648800598895441,0.007343897906848473,0.12668566537091766
correct_CP,C[C@@H]1CN([C@@H](C)CO)C(=O)c2cc(/C=C/c3ccccc3)cnc2O[C@@H]1CN(C)C(=O)Cc1cccnc1,10.0681,0.09830958541995365,0.09862814809997832,0.14317303308629042,-0.04454488498631211,-0.0014017238618379557
correct_CP,C[C@@H]1CN([C@@H](C)CO)C(=O)c2cc(/C=C/c3ccccc3)cnc2O[C@H]1CN(C)C(=O)CN1CCOCC1,10.0595,-0.2352803455029642,-0.23977196087823227,0.014811230591344628,-0.2545831914695769,-0.04086268411785704
correct_CP,C[C@@H]1CN([C@@H](C)CO)C(=O)c2cc(Br)cnc2O[C@H]1CN(C)C(=O)c1ccc(F)cc1,10.1115,0.2462481069896223,0.2514147714074505,0.01625921367512462,0.23515555773232588,0.3159808162755191
correct_CP,C[C@@H]1CN([C@@H](C)CO)C(=O)c2cc(Br)cnc2O[C@H]1CN(C)C(=O)c1ccccn1,9.97744,-0.12237290902256702,-0.12298930698509915,-0.07095435267970654,-0.05203495430539261,0.15848407660603606
correct_CP,C[C@@H]1CN([C@@H](C)CO)C(=O)c2cc(Br)cnc2O[C@H]1CN(C)Cc1ccccc1C(=O)O,9.99724,0.09633541566520105,0.09663510018277131,-0.04153592683152445,0.13817102701429576,0.013495082296796735
correct_CP,C[C@@H]1CN([C@@H](C)CO)C(=O)c2cc(C#CC3(O)CCCC3)cnc2O[C@@H]1CN(C)C(=O)Cc1cccnc1,10.0349,0.11037777367021417,0.11082933261366278,0.00389841989184498,0.10693091272181779,0.11324664033180915
correct_CP,C[C@@H]1CN([C@@H](C)CO)C(=O)c2cc(C#CC3(O)CCCC3)cnc2O[C@@H]1CN(C)Cc1ccccn1,10.0801,0.3076718954784981,0.3179718366920076,-0.005196304691631692,0.3231681413836393,-0.10360000581526953
correct_CP,C[C@@H]1CN([C@@H](C)CO)C(=O)c2cc(C#CC3(O)CCCC3)cnc2O[C@H]1CN(C)Cc1ccccn1,10.0313,0.05780271618451999,0.05786722147267411,0.024343721279989062,0.033523500192685046,0.1230383729934292
correct_CP,C[C@@H]1CN([C@@H](C)CO)C(=O)c2cc(C#CC3CCCCC3)cnc2O[C@@H]1CN(C)C(=O)Cc1ccccn1,10.0428,-0.2711929806379828,-0.2781510580359165,-0.05237160131328554,-0.22577945672263094,0.20080874786776004
correct_CP,C[C@@H]1CN([C@@H](C)CO)C(=O)c2cc(C#CC3CCCCC3)cnc2O[C@@H]1CN(C)Cc1cccnc1,10.0166,-0.06464768352754541,-0.06473797122402497,0.03917718476528107,-0.10391515598930604,0.034284988160068856
correct_CP,C[C@@H]1CN([C@@H](C)CO)C(=O)c2cc(C#CCC3CCCC3)cnc2O[C@@H]1CN(C)C(=O)CN(C)C,10.0818,-0.19343658665352534,-0.19590489490299476,0.03339998210756896,-0.22930487701056373,-0.03337096711952176
correct_CP,C[C@@H]1CN([C@@H](C)CO)C(=O)c2cc(C#CCN(C)C)cnc2O[C@H]1CN(C)C(=O)c1cnccn1,10.0428,0.06456174090952603,0.06465166839790505,-0.003923492481814362,0.06857516087971942,-0.01835668627447231
correct_CP,C[C@@H]1CN([C@@H](C)CO)C(=O)c2cc(C#Cc3ccccn3)cnc2O[C@H]1CN(C)CC1CCCC1,10.0645,0.07000581135290515,0.0701205106254646,-0.08002418773472983,0.15014469836019442,-0.20800273607579764
correct_CP,C[C@@H]1CN([C@@H](C)CO)C(=O)c2cc(C#Cc3cccnc3)cnc2O[C@@H]1CN(C)C(=O)CN(C)C,10.0256,0.27867211704326383,0.28624180728911897,0.07464556942713052,0.21159623786198845,0.011563832432612456
correct_CP,C[C@@H]1CN([C@@H](C)CO)C(=O)c2cc(C#Cc3cccnc3)cnc2O[C@H]1CN(C)C(=O)CN(C)C,10.0916,-0.0005361695441815821,-0.0005361695955605345,0.003492807388270293,-0.004028976983830828,0.020673376315601816
correct_CP,C[C@@H]1CN([C@@H](C)CO)C(=O)c2cc(C3=CCCC3)cnc2O[C@@H]1CN(C)C(=O)C1CCOCC1,10.0005,0.4006601925404018,0.42443512101663666,-0.03095244449086791,0.4553875655075046,-0.2435362818438646
correct_CP,C[C@@H]1CN([C@@H](C)CO)C(=O)c2cc(C3=CCCC3)cnc2O[C@@H]1CN(C)C(=O)Nc1cccc(F)c1,10.0119,-0.019157542018808735,-0.01915988621391397,0.02051676188119853,-0.039676648095112496,0.01733701697002522
correct_CP,C[C@@H]1CN([C@@H](C)CO)C(=O)c2cc(C3=CCCC3)cnc2O[C@H]1CN(C)C(=O)c1ccccn1,10.0482,-0.15310595845755576,-0.15431941290417847,0.03562497527111796,-0.18994438817529644,-0.032993503612611615
correct_CP,C[C@@H]1CN([C@@H](C)CO)C(=O)c2cc(C3=CCCC3)cnc2O[C@H]1CN(C)Cc1ccccc1F,10.0591,0.11161341292626226,0.11208038502978296,0.16455395033378845,-0.05247356530400549,-0.11599683083802259
correct_CP,C[C@@H]1CN([C@@H](C)CO)C(=O)c2cc(C3=CCCCC3)cnc2O[C@H]1CN(C)C(=O)Cc1ccncc1,10.034,-0.12046402181618762,-0.12105185639891754,-0.004238385648256974,-0.11681347075066056,0.08056186898380083
correct_CP,C[C@@H]1CN([C@@H](C)CO)C(=O)c2cc(C3=CCCCC3)cnc2O[C@H]1CN(C)Cc1ccc(C(=O)O)cc1,9.89147,-0.05771082015915629,-0.057775017870386323,-0.20561455761424335,0.14783953974385702,0.19727797489075385
correct_CP,C[C@@H]1CN([C@@H](C)CO)C(=O)c2cc(N(C)C)ccc2O[C@@H](C)CCCCO[C@@H]1CN(C)C(=O)Cc1ccccc1,9.98102,0.06200504833717366,0.06208469421728764,0.044557648002353636,0.017527046214934006,0.16717765751060082
correct_CP,C[C@@H]1CN([C@@H](C)CO)C(=O)c2cc(N(C)C)ccc2O[C@@H](C)CCCCO[C@@H]1CN(C)C(=O)Nc1ccc2c(c1)OCO2,10.0398,-0.08985351066019076,-0.0900965042249267,-0.011086904539321962,-0.07900959968560474,0.025713619928008156
correct_CP,C[C@@H]1CN([C@@H](C)CO)C(=O)c2cc(N(C)C)ccc2O[C@@H](C)CCCCO[C@@H]1CN(C)Cc1ccc2c(c1)OCO2,10.0354,0.24247366240015764,0.24740062729743423,-0.06393932849664297,0.3113399557940772,0.203022954645708
correct_CP,C[C@@H]1CN([C@@H](C)CO)C(=O)c2cc(N(C)C)ccc2O[C@@H](C)CCCCO[C@H]1CN(C)C(=O)C1CCCCC1,10.0598,0.3260049807828503,0.33835160299288974,0.016645137975252768,0.321706465017637,0.26656008964045524
correct_CP,C[C@@H]1CN([C@@H](C)CO)C(=O)c2cc(N(C)C)ccc2O[C@@H]1CN(C)Cc1ccncc1,10.0849,-0.018963715037764523,-0.018965988787861102,-0.020672290393297158,0.0017063016054360558,-0.07392200683107585
correct_CP,C[C@@H]1CN([C@@H](C)CO)C(=O)c2cc(NC(=O)C3CCCCC3)ccc2O[C@@H](C)CCCCO[C@@H]1CN(C)C(=O)c1ccncc1,10.0177,-0.2855367628005131,-0.2937000403957167,-0.005176982376857944,-0.28852305801885875,0.03302656667651305
correct_CP,C[C@@H]1CN([C@@H](C)CO)C(=O)c2cc(NC(=O)CCC(F)(F)F)ccc2O[C@@H](C)CCCCO[C@@H]1CN(C)C,10.0859,0.4398016178080162,0.47198482137903575,0.042003968560381466,0.4299808528186543,0.30223274701251457
correct_CP,C[C@@H]1CN([C@@H](C)CO)C(=O)c2cc(NC(=O)CCC(F)(F)F)ccc2O[C@@H](C)CCCCO[C@@H]1CN(C)Cc1ccncc1,9.97197,0.058968542075152584,0.05903703525439551,-0.032679090225499294,0.0917161254798948,0.16824544662870228
correct_CP,C[C@@H]1CN([C@@H](C)CO)C(=O)c2cc(NC(=O)CCC(F)(F)F)ccc2O[C@@H](C)CCCCO[C@H]1CN(C)Cc1ccccc1,10.0031,0.36317423533821325,0.38053758123471526,0.06973437261888725,0.310803208615828,-0.06596443365995053
correct_CP,C[C@@H]1CN([C@@H](C)CO)C(=O)c2cc(NC(=O)CCC(F)(F)F)ccc2O[C@@H](C)CCCCO[C@H]1CN(C)Cc1ccncc1,10.0457,-0.32754641370250287,-0.3400773116548563,0.03833614108249667,-0.37841345273735294,-0.12903178218559017
correct_CP,C[C@@H]1CN([C@@H](C)CO)C(=O)c2cc(NC(=O)Cc3ccccc3)ccc2O[C@@H](C)CCCCO[C@H]1CN(C)C,10.0442,0.31388979590516825,0.3248545320805765,-0.0012387384742816518,0.32609327055485815,-0.07586099170197003
correct_CP,C[C@@H]1CN([C@@H](C)CO)C(=O)c2cc(NC(=O)NC3CCCCC3)ccc2O[C@@H](C)CCCCO[C@@H]1CN(C)C,9.96064,-0.28148777333239955,-0.28929714127313766,-0.04222560348383102,-0.24707153778930663,0.4566849686372267
correct_CP,C[C@@H]1CN([C@@H](C)CO)C(=O)c2cc(NC(=O)NC3CCCCC3)ccc2O[C@@H](C)CCCCO[C@@H]1CN(C)Cc1ccncc1,10.074,0.03788255632576088,0.03790069354702581,0.08019818229500884,-0.04229748874798303,0.025475028216455434
correct_CP,C[C@@H]1CN([C@@H](C)CO)C(=O)c2cc(NC(=O)NC3CCCCC3)ccc2O[C@H]1CN(C)Cc1ccc2c(c1)OCO2,9.97098,-0.08999624150768841,-0.0902403986727313,-0.002751731993588285,-0.08748866667914301,0.1381926908676386
correct_CP,C[C@@H]1CN([C@@H](C)CO)C(=O)c2cc(NC(=O)Nc3ccc(F)cc3)ccc2O[C@@H]1CN(C)S(C)(=O)=O,10.1308,-0.01868992915247669,-0.01869210582325405,-0.005504012455639121,-0.013188093367614928,0.024423498773991248
correct_CP,C[C@@H]1CN([C@@H](C)CO)C(=O)c2cc(NC(=O)c3ccncc3)ccc2O[C@@H](C)CCCCO[C@H]1CN(C)C(=O)c1ccccc1,10.3891,0.18679541297920144,0.18901465046692342,0.168077926933668,0.02093672353325543,-0.28874801491656243
correct_CP,C[C@@H]1CN([C@@H](C)CO)C(=O)c2cc(NC(=O)c3ccncc3)ccc2O[C@@H]1CN(C)Cc1ccc(Oc2ccccc2)cc1,9.9464,0.48739993266470477,0.5326444588542286,-0.004784624205466672,0.5374290830596953,0.06367629163881382
correct_CP,C[C@@H]1CN([C@@H](C)CO)C(=O)c2cc(NS(=O)(=O)c3ccccc3)ccc2O[C@H]1CN(C)Cc1ccc2c(c1)OCO2,10.2908,-0.12507343136392735,-0.1257318117773184,-0.049437413477712897,-0.0762943982996055,0.15743818642330393
correct_CP,C[C@@H]1CN([C@@H](C)CO)C(=O)c2cc(NS(C)(=O)=O)ccc2O[C@@H](C)CCCCO[C@@H]1CN(C)C(=O)CCC(F)(F)F,10.1094,-0.1097950348163647,-0.11023944488322218,-0.05907405579418321,-0.05116538908903897,0.06549941255385631
correct_CP,C[C@@H]1CN([C@@H](C)CO)C(=O)c2cc(NS(C)(=O)=O)ccc2O[C@@H](C)CCCCO[C@H]1CN(C)C(=O)Cc1ccccc1,10.035,0.04184095487964642,0.0418653970643129,0.017192787951324458,0.024672609112988443,0.1349184332918799
correct_CP,C[C@@H]1CN([C@@H](C)CO)C(=O)c2cccc(N(C)C)c2O[C@@H]1CN(C)C(=O)Nc1ccc(C(F)(F)F)cc1,10.0933,0.08561569332970394,0.08582580721060239,-0.045917738396875046,0.13174354560747742,0.1407314732686591
correct_CP,C[C@@H]1CN([C@@H](C)CO)C(=O)c2cccc(N(C)C)c2O[C@@H]1CN(C)Cc1ccc(C(=O)Nc2ccccc2N)cc1,10.2997,0.047576016744541656,0.04761196131876284,0.03477294125414325,0.012839020064619587,0.2572600258319772
correct_CP,C[C@@H]1CN([C@@H](C)CO)C(=O)c2cccc(N(C)C)c2O[C@@H]1CN(C)S(=O)(=O)c1cccs1,9.98631,0.03473618424135025,0.0347501652866837,-0.10075090506114893,0.13550107034783263,-0.030114902240678518
correct_CP,C[C@@H]1CN([C@@H](C)CO)C(=O)c2cccc(N(C)C)c2O[C@H]1CN(C)Cc1ccc(Oc2ccccc2)cc1,10.0554,-0.13091228221267634,-0.13166792707237757,0.021514855965462633,-0.1531827830378402,-0.04247237615811916
correct_CP,C[C@@H]1CN([C@@H](C)CO)C(=O)c2cccc(NC(=O)C3CC3)c2O[C@H]1CN(C)Cc1ccc(C(=O)O)cc1,10.0034,0.23589271969760106,0.24042031966840544,-0.007401921381428323,0.24782224104983375,-0.15215779821252082
correct_CP,C[C@@H]1CN([C@@H](C)CO)C(=O)c2cccc(NC(=O)C3CCOCC3)c2O[C@@H]1CN(C)C(=O)Nc1ccc(C(F)(F)F)cc1,10.0404,0.1328193262399076,0.1336087193716327,0.017129072329619674,0.11647964704201304,0.053156904913946826
correct_CP,C[C@@H]1CN([C@@H](C)CO)C(=O)c2cccc(NC(=O)NC3CCCCC3)c2O[C@@H]1CN(C)Cc1ccc2c(c1)OCO2,10.0854,0.33246243816269033,0.3455941527699804,0.10674991593239544,0.23884423683758496,0.18179424756505666
correct_CP,C[C@@H]1CN([C@@H](C)CO)C(=O)c2cccc(NC(=O)NC3CCCCC3)c2O[C@H]1CN(C)Cc1ccc2c(c1)OCO2,10.0668,0.35338675744642023,0.36930854686276077,0.017386310476239557,0.3519222363865212,-0.04676640375347546
correct_CP,C[C@@H]1CN([C@@H](C)CO)C(=O)c2cccc(NC(=O)Nc3ccc(F)cc3)c2O[C@@H]1CN(C)CC1CCCCC1,10.0521,0.2622828477616814,0.26855832799784074,-0.01916066293400704,0.2877189909318478,0.0711660017809721
correct_CP,C[C@@H]1CN([C@@H](C)CO)C(=O)c2cccc(NC(=O)Nc3cccc4ccccc34)c2O[C@H]1CN(C)CC1CC1,10.0986,0.3101001619562424,0.3206562239910393,-0.015430058440258378,0.3360862824312977,0.1102583907707698
correct_CP,C[C@@H]1CN([C@@H](C)CO)C(=O)c2cccc(NS(C)(=O)=O)c2O[C@@H]1CN(C)C,10.256,0.03792064220350377,0.03793883421503393,-0.0020127731876647516,0.03995160740269869,-0.06030733004189543
correct_CP,C[C@@H]1CN([C@@H](C)CO)C(=O)c2cccc(NS(C)(=O)=O)c2O[C@H]1CN(C)C,9.82204,0.11838201348385383,0.11893972433367825,-0.15044663414903475,0.269386358482713,0.17079048500822397
correct_CP,C[C@@H]1CN([C@@H](C)CO)C(=O)c2ccccc2-c2ccccc2CO[C@@H]1CN(C)C(=O)N[C@H](C)c1ccccc1,9.75893,0.5775728155119451,0.658812832307982,0.0781248622449851,0.580687970062997,0.2107613084866653
correct_CP,C[C@@H]1CN([C@@H](C)CO)C(=O)c2ccccc2-c2ccccc2CO[C@@H]1CN(C)C(=O)Nc1ccccc1,9.91073,0.06002475821188099,0.06009700362155066,0.10865649616404335,-0.04855949254249269,0.004586560836944975
correct_CP,C[C@@H]1CN([C@@H](C)CO)C(=O)c2ccccc2-c2ccccc2CO[C@@H]1CN(C)C(=O)Nc1ccccc1C(F)(F)F,10.0029,0.2578108965095505,0.26376201903417157,-0.011264724857294732,0.2750267438914663,0.18750625927157957
correct_CP,C[C@@H]1CN([C@@H](C)CO)C(=O)c2ccccc2-c2ccccc2CO[C@@H]1CN(C)C(=O)Nc1ccnc(N2CCOCC2)c1,10.2454,0.1108797143170651,0.11133749249773854,0.026584631654823256,0.08475286084291528,0.0683190703816928
correct_CP,C[C@@H]1CN([C@@H](C)CO)C(=O)c2ccccc2-c2ccccc2CO[C@@H]1CN(C)Cc1ccc(O)cc1,10.024,-0.1566579320994244,-0.15795869127552326,0.06862914748585591,-0.22658783876137917,0.010478562411945891
correct_CP,C[C@@H]1CN([C@@H](C)CO)C(=O)c2ccccc2-c2ccccc2CO[C@@H]1CN(C)Cc1ccc2c(c1)OCO2,10.2066,-0.2887969531615501,-0.29725324974948386,-0.06818869647151674,-0.22906455327796713,0.22670077325689955
correct_CP,C[C@@H]1CN([C@@H](C)CO)C(=O)c2ccccc2-c2ccccc2CO[C@@H]1CN(C)S(=O)(=O)c1cccc(F)c1,9.8493,-0.014132450543694464,-0.01413339152981258,0.056895231482338125,-0.07102862301215071,-0.2528637919870646
correct_CP,C[C@@H]1CN([C@@H](C)CO)C(=O)c2ccccc2-c2ccccc2CO[C@@H]1CN(C)S(=O)(=O)c1cccs1,9.75905,0.38615602529849685,0.40727448139424827,0.1287354730662299,0.27853900832801837,0.5240482584076328
correct_CP,C[C@@H]1CN([C@@H](C)CO)C(=O)c2ccccc2-c2ccccc2CO[C@H]1CN(C)C(=O)CCN(C)C,9.83688,0.02958788775704486,0.02959652646586368,-0.017635719909756944,0.04723224637562062,-0.12232213243896074
correct_CP,C[C@@H]1CN([C@@H](C)CO)C(=O)c2ccccc2-c2ccccc2CO[C@H]1CN(C)C(=O)Cc1ccccc1,10.256,-0.19788114436601886,-0.2005263830540467,0.08318053365865694,-0.28370691671270365,-0.03435486605830384
correct_CP,C[C@@H]1CN([C@@H](C)CO)C(=O)c2ccccc2-c2ccccc2CO[C@H]1CN(C)C(=O)Oc1ccccc1,10.1737,0.46038859565625534,0.4978042908876753,0.14666435703588745,0.3511399338517879,0.2657761229119484
correct_CP,C[C@@H]1CN([C@@H](C)CO)C(=O)c2ccccc2-c2ccccc2CO[C@H]1CN(C)C(=O)c1ccccc1,10.2462,0.1436559142080931,0.1446565438238483,-0.09133127869329422,0.2359878225171425,0.001473576006505356
correct_CP,C[C@@H]1CN([C@@H](C)CO)C(=O)c2ccccc2-c2ccccc2CO[C@H]1CN(C)C(=O)c1ccncc1,9.86434,0.3501084507440608,0.36556735020990105,0.02774120570898687,0.3378261445009142,-0.2766666513971233
correct_CP,C[C@@H]1CN([C@@H](C)CO)C(=O)c2ccccc2-c2ccccc2CO[C@H]1CN(C)Cc1ccncc1,10.185,0.17052256331784868,0.17220482762015255,0.006416754089234701,0.16578807353091785,-0.07259170742353643
correct_CP,C[C@@H]1CN([C@@H](C)CO)C(=O)c2ccccc2-c2ccccc2CO[C@H]1CN(C)S(=O)(=O)c1cccs1,10.0189,0.524675142149531,0.5827690816349285,0.07002791119243928,0.5127411704424891,0.12410329253004179
correct_CP,C[C@@H]1CN([C@@H](C)CO)S(=O)(=O)c2ccc(-c3ccc(C(=O)N(C)C)cc3)cc2O[C@@H]1CN(C)C(=O)Nc1ccccc1F,10.009,-0.030400393071289288,-0.030409763452410362,0.01408051960850063,-0.04449028306091099,-0.07867485674776936
correct_CP,C[C@@H]1CN([C@@H](C)CO)S(=O)(=O)c2ccc(-c3ccc(C(=O)N(C)C)cc3)cc2O[C@H]1CN(C)C(=O)C1CCC1,10.0685,0.2846992244245482,0.29278839197802586,-0.007170576967365503,0.29995896894539137,0.06759112551637073
correct_CP,C[C@@H]1CN([C@@H](C)CO)S(=O)(=O)c2ccc(-c3cccc(C#N)c3)cc2O[C@@H]1CN(C)CC1CC1,10.0838,-0.13209256422344318,-0.1328689788860574,0.07260927448661897,-0.20547825337267636,-0.1650560842062333
correct_CP,C[C@@H]1CN([C@@H](C)CO)S(=O)(=O)c2ccc(-c3cccc(C#N)c3)cc2O[C@H]1CN(C)C(=O)Nc1cc(F)ccc1F,9.96613,0.7242779742891915,0.9165852356185604,0.6266126286759148,0.2899726069426456,0.4559954800177708
correct_CP,C[C@@H]1CN([C@@H](C)CO)S(=O)(=O)c2ccc(-c3ccccc3)cc2O[C@H]1CN(C)C(=O)c1ccc2c(c1)OCO2,10.0031,0.31784106762411674,0.32924372620086717,-0.02992715340342901,0.35917087960429617,-0.07346397755383921
correct_CP,C[C@@H]1CN([C@@H](C)CO)S(=O)(=O)c2ccc(-c3ccncc3)cc2O[C@@H]1CN(C)S(=O)(=O)c1ccccc1F,10.054,0.1866299578677979,0.18884321897433926,-0.014037952858974297,0.20288117183331356,-0.09522910264552435
correct_CP,C[C@@H]1CN([C@@H](C)CO)S(=O)(=O)c2ccc(-c3cncnc3)cc2O[C@@H]1CN(C)C(=O)Cc1ccccc1,10.0551,-0.2489152048019745,-0.2542560311210311,0.027864437938227092,-0.2821204690592582,0.004440276882078938
correct_CP,C[C@@H]1CN([C@@H](C)CO)S(=O)(=O)c2ccc(-c3cncnc3)cc2O[C@@H]1CN(C)C(=O)c1cccc(F)c1,10.084,0.2879536548554569,0.2963334614865404,-0.020169839362338546,0.31650330084887895,0.04905039509234525
correct_CP,C[C@@H]1CN([C@@H](C)CO)S(=O)(=O)c2ccc(-c3cncnc3)cc2O[C@@H]1CN(C)Cc1ccc(Oc2ccccc2)cc1,10.0406,0.27950874265243375,0.2871491036115893,-0.015020835497334736,0.30216993910892403,-0.012926997715842166
correct_CP,C[C@@H]1CN([C@@H](C)CO)S(=O)(=O)c2ccc(/C=C/c3ccccc3)cc2O[C@H]1CN(C)C(=O)CN1CCOCC1,10.0015,-0.11659085909151545,-0.11712349996978916,-0.00725768643967352,-0.10986581353011564,0.06880899839083614
correct_CP,C[C@@H]1CN([C@@H](C)CO)S(=O)(=O)c2ccc(/C=C/c3ccccc3)cc2O[C@H]1CN(C)Cc1ccccc1,10.0659,0.2830301154978136,0.2909729997150662,0.05586397644954123,0.23510902326552496,0.08776437549206885
correct_CP,C[C@@H]1CN([C@@H](C)CO)S(=O)(=O)c2ccc(C#CC(C)(C)O)cc2O[C@@H]1CN(C)Cc1ccc(F)cc1,10.0055,0.69993431410679,0.8671717434351183,0.1933080794638446,0.6738636639712736,0.22077361807369694
correct_CP,C[C@@H]1CN([C@@H](C)CO)S(=O)(=O)c2ccc(C#CC3CC3)cc2O[C@H]1CN(C)C(=O)c1cccc(F)c1,10.0433,0.2922716022546763,0.30104823981188394,0.1985228657477137,0.10252537406417025,0.0346446939162226
correct_CP,C[C@@H]1CN([C@@H](C)CO)S(=O)(=O)c2ccc(C#CC3CCCC3)cc2O[C@@H]1CN(C)Cc1cncnc1,10.0342,0.00956085200631267,0.009561143341104897,0.011364102433219347,-0.0018029590921144496,0.19731045205432174
correct_CP,C[C@@H]1CN([C@@H](C)CO)S(=O)(=O)c2ccc(C#CC3CCCC3)cc2O[C@H]1CN(C)Cc1cncnc1,9.99045,0.06175217907841613,0.06183085300860281,-0.005280997898111858,0.06711185090671468,0.045025980310150995
correct_CP,C[C@@H]1CN([C@@H](C)CO)S(=O)(=O)c2ccc(C#C[C@@H](C)O)cc2O[C@@H]1CN(C)Cc1ccc(-c2ccccc2)cc1,10.0021,0.26956079514244535,0.2763901426649006,-0.1083528520731306,0.3847429947380312,-0.005900869291950855
correct_CP,C[C@@H]1CN([C@@H](C)CO)S(=O)(=O)c2ccc(C3=CCCCC3)cc2O[C@@H]1CN(C)C(=O)Cc1ccncc1,10.036,0.42625406881015987,0.45531004211682263,-0.1178130026358267,0.5731230447526493,0.10382866502352414
correct_CP,C[C@@H]1CN([C@H](C)CO)C(=O)CCCn2cc(nn2)CO[C@@H]1CN(C)C(=O)CCC(F)(F)F,10.2775,-0.04141477992302753,-0.04143848230942705,0.12490994090597923,-0.16634842321540627,0.1464339598257725
correct_CP,C[C@@H]1CN([C@H](C)CO)C(=O)CCCn2cc(nn2)CO[C@@H]1CN(C)C(=O)NC1CCCCC1,10.1178,-0.2589652012413989,-0.26499890379130175,-0.013700503527463527,-0.2512984002638382,0.09429988926828639
correct_CP,C[C@@H]1CN([C@H](C)CO)C(=O)CCCn2cc(nn2)CO[C@@H]1CN(C)C(=O)Nc1ccccc1F,10.1491,0.390881305036898,0.41283985373771614,-0.016760144225033184,0.42959999796274934,0.00064901235102683
correct_CP,C[C@@H]1CN([C@H](C)CO)C(=O)CCCn2cc(nn2)CO[C@@H]1CN(C)C(=O)Oc1ccc2ccccc2c1,9.88249,0.32837589087249774,0.3410067588680999,0.03215740411643389,0.30884935475166597,-0.07806787581841931
correct_CP,C[C@@H]1CN([C@H](C)CO)C(=O)CCCn2cc(nn2)CO[C@@H]1CN(C)C(=O)Oc1ccccc1,10.0603,0.33356406178660447,0.346833182256454,0.11615888577848585,0.23067429647796814,-0.04234011717119117
correct_CP,C[C@@H]1CN([C@H](C)CO)C(=O)CCCn2cc(nn2)CO[C@@H]1CN(C)Cc1ccc(Cl)c(Cl)c1,9.92289,0.3163888490984566,0.32762914157166767,0.04782930219815425,0.27979983937351344,0.13163756792420012
correct_CP,C[C@@H]1CN([C@H](C)CO)C(=O)CCCn2cc(nn2)CO[C@@H]1CN(C)Cc1ccc(Oc2ccccc2)cc1,10.4694,0.38095286601941925,0.4011738036752276,-0.07802201924222482,0.47919582291745244,0.42732832687718225
correct_CP,C[C@@H]1CN([C@H](C)CO)C(=O)CCCn2cc(nn2)CO[C@@H]1CN(C)Cc1cccc(O)c1,9.88594,-0.1341710746675193,-0.13498499458123603,0.07153547222571835,-0.20652046680695438,-0.1048194226669429
correct_CP,C[C@@H]1CN([C@H](C)CO)C(=O)CCCn2cc(nn2)CO[C@@H]1CN(C)Cc1ccccc1C(F)(F)F,10.2084,0.23076639726569229,0.23499882173682232,0.033477387652485514,0.20152143408433681,0.004686191704841927
correct_CP,C[C@@H]1CN([C@H](C)CO)C(=O)CCCn2cc(nn2)CO[C@H]1CN(C)C(=O)Nc1ccc(N2CCN(C)CC2)cc1,10.0243,-0.0024928717135940933,-0.0024928768775218015,0.055528558238899,-0.05802143511642081,-0.06307269061839994
correct_CP,C[C@@H]1CN([C@H](C)CO)C(=O)CCCn2cc(nn2)CO[C@H]1CN(C)C(=O)Oc1cccc2ccccc12,10.0525,0.31285559588573947,0.3237077113088924,0.057504835412896,0.26620287589599645,0.07936710040198325
correct_CP,C[C@@H]1CN([C@H](C)CO)C(=O)CCCn2cc(nn2)CO[C@H]1CN(C)Cc1ccc2c(c1)OCCO2,9.70189,0.2985371546868675,0.3079128553630273,0.03705476126047469,0.2708580941025526,0.04646411447047481
correct_CP,C[C@@H]1CN([C@H](C)CO)C(=O)CCCn2cc(nn2)CO[C@H]1CN(C)Cc1cccnc1,9.90744,0.09823654856990152,0.09855439901100786,-0.007429033117922309,0.10598343212893017,0.05264798658556445
correct_CP,C[C@@H]1CN([C@H](C)CO)C(=O)CCCn2nncc2CO[C@@H]1CN(C)C(=O)c1ccc(N2CCN(C)CC2)cc1,10.0414,-0.2009227563024808,-0.2036939436503682,0.08339973461992896,-0.28709367827029714,-0.13530113885140221
correct_CP,C[C@@H]1CN([C@H](C)CO)C(=O)CCCn2nncc2CO[C@@H]1CN(C)Cc1ccc(-c2ccccc2)cc1,9.79476,0.5693923378839255,0.6466231993346484,0.0327890790871574,0.613834120247491,0.3422709385934523
correct_CP,C[C@@H]1CN([C@H](C)CO)C(=O)CCCn2nncc2CO[C@@H]1CN(C)Cc1ccc(Cl)c(Cl)c1,10.442,0.1223881822461152,0.12300481243371986,0.11217908383352831,0.010825728600191542,-0.22438665323572238
correct_CP,C[C@@H]1CN([C@H](C)CO)C(=O)CCCn2nncc2CO[C@@H]1CN(C)Cc1ccc2c(c1)OCCO2,9.85433,0.5222710997170225,0.5794576129443526,0.01337648332029837,0.5660811296240542,0.042870773990165506
correct_CP,C[C@@H]1CN([C@H](C)CO)C(=O)CCCn2nncc2CO[C@@H]1CN(C)Cc1ccc2cccnc2c1,10.2924,-0.0017083843435993572,-0.001708386005619389,-0.027489723910410383,0.025781337904790994,-0.28741828883036485
correct_CP,C[C@@H]1CN([C@H](C)CO)C(=O)CCCn2nncc2CO[C@@H]1CN(C)Cc1cccc(C(F)(F)F)c1,10.18162,0.21665366546971043,0.2201422781654772,-0.11574808808851537,0.3358903662539926,0.447468544595537
correct_CP,C[C@@H]1CN([C@H](C)CO)C(=O)CCCn2nncc2CO[C@@H]1CN(C)Cc1ccccc1C(F)(F)F,10.088,0.20172121274532437,0.20452612907056397,0.05157614794489297,0.152949981125671,0.29593740213287495
correct_CP,C[C@@H]1CN([C@H](C)CO)C(=O)CCCn2nncc2CO[C@@H]1CN(C)S(=O)(=O)c1ccc(Oc2ccccc2)cc1,10.0424,0.3309893453906509,0.34393891361177076,0.011876441373222083,0.3320624722385487,-0.24056036335783143
correct_CP,C[C@@H]1CN([C@H](C)CO)C(=O)CCCn2nncc2CO[C@H]1CN(C)C(=O)Cc1ccccc1,10.0489,0.2939972000511243,0.30293605392315415,-0.13370964088185056,0.4366456948050047,0.0832947890987979
correct_CP,C[C@@H]1CN([C@H](C)CO)C(=O)CCCn2nncc2CO[C@H]1CN(C)Cc1ccc2c(c1)OCCN2C,10.0079,0.08631448339651396,0.0865297998096977,0.01577644560197389,0.07075335420772381,-0.11754833650112285
correct_CP,C[C@@H]1CN([C@H](C)CO)C(=O)CCCn2nncc2CO[C@H]1CN(C)Cc1ccc2c(c1)OCO2,10.0336,-0.48111576431267616,-0.5244350859338544,-0.052157024821694424,-0.4722780611121599,-0.0780326866543741
correct_CP,C[C@@H]1CN([C@H](C)CO)C(=O)CCCn2nncc2CO[C@H]1CN(C)Cc1ccccc1C(F)(F)F,9.98391,0.3509503342299789,0.36652716733508817,-0.007582062599710476,0.37410922993479867,0.23674827091724168
correct_CP,C[C@@H]1CN([C@H](C)CO)C(=O)CCCn2nncc2CO[C@H]1CN(C)Cc1cccnc1,10.0385,0.17265615974980406,0.17440314999279383,0.09739912016107274,0.07700402983172108,0.22386077991850653
correct_CP,C[C@@H]1CN([C@H](C)CO)C(=O)CCCn2nncc2CO[C@H]1CN(C)S(=O)(=O)c1ccc(Cl)cc1,10.027,0.10817686095683583,0.10860181903275538,0.02159577748195686,0.08700604155079852,0.06547197863561999
correct_CP,C[C@@H]1CN([C@H](C)CO)C(=O)CCCn2nncc2CO[C@H]1CN(C)S(=O)(=O)c1ccccc1,10.0411,-0.13511589780859273,-0.13594726262998846,0.0668400876370705,-0.20278735026705896,-0.1857937866421542
correct_CP,C[C@@H]1CN([C@H](C)CO)C(=O)Cc2cc(N(C)C)ccc2O[C@@H]1CN(C)Cc1ccc(C(F)(F)F)cc1,9.8943,-0.12233383001604463,-0.1229496340611318,0.004329953075286483,-0.1272795871364183,-0.1651055973678045
correct_CP,C[C@@H]1CN([C@H](C)CO)C(=O)Cc2cc(NC(=O)Cc3ccccc3)ccc2O[C@@H]1CN(C)Cc1ccc(C(=O)O)cc1,9.91401,0.42509252713368534,0.45389145541103165,-0.03979609233370563,0.4936875477447373,0.4284731438832493
correct_CP,C[C@@H]1CN([C@H](C)CO)C(=O)Cc2cc(NC(=O)Cc3ccccc3)ccc2O[C@H]1CN(C)C(=O)NC1CCCCC1,9.96989,0.16439410417266637,0.16589953149817635,0.04002195866684187,0.1258775728313345,-0.1518145306393079
correct_CP,C[C@@H]1CN([C@H](C)CO)C(=O)Cc2cc(NC(=O)Nc3ccc(F)cc3)ccc2O[C@H]1CN(C)Cc1ccc(C(=O)O)cc1,9.86118,0.15973927641528393,0.16111913411450865,-0.04657944378920945,0.2076985779037181,-0.1076743552727161
correct_CP,C[C@@H]1CN([C@H](C)CO)C(=O)Cc2cc(NC(=O)c3ccncc3)ccc2O[C@H]1CN(C)Cc1ccc(-c2ccccc2)cc1,9.9326,0.015620360958180842,0.0156216315777143,-0.004304706063156358,0.019926337640870657,0.02771178907117596
correct_CP,C[C@@H]1CN([C@H](C)CO)C(=O)Cc2cc(NS(=O)(=O)c3ccc(Cl)cc3)ccc2O[C@@H]1CN(C)CC1CCCCC1,10.2146,0.17694374115280753,0.17882587550365708,0.03669509152236188,0.1421307839812952,0.09013488451198548
correct_CP,C[C@@H]1CN([C@H](C)CO)C(=O)Cc2cc(NS(C)(=O)=O)ccc2O[C@H]1CN(C)Cc1ccncc1,10.0382,-0.3865382122620582,-0.4077237241864658,0.026488273046105286,-0.4342119972325711,-0.12740919790302221
correct_CP,C[C@@H]1CN([C@H](C)CO)C(=O)c2c(c3ccccc3n2C)-c2ccccc2CO[C@@H]1CN(C)C(=O)CCC(F)(F)F,10.0481,0.014710601761559887,0.014711663032947214,0.002004373033851455,0.01270728999909576,-0.13578234254136143
correct_CP,C[C@@H]1CN([C@H](C)CO)C(=O)c2c(c3ccccc3n2C)-c2ccccc2CO[C@@H]1CN(C)C(=O)N[C@H](C)c1ccccc1,10.3415,0.038817375406170515,0.038836889578130876,-0.06310690456125893,0.10194379413938981,0.13051568442074896
correct_CP,C[C@@H]1CN([C@H](C)CO)C(=O)c2c(c3ccccc3n2C)-c2ccccc2CO[C@@H]1CN(C)C(=O)Nc1ccccc1,10.2715,0.35797765051468894,0.37456436748463234,0.05416439348973474,0.3203999739948976,0.4254903197588222
correct_CP,C[C@@H]1CN([C@H](C)CO)C(=O)c2c(c3ccccc3n2C)-c2ccccc2CO[C@@H]1CN(C)C(=O)[C@@H](Cc1ccccc1)N(C)C,10.0268,0.37562683277540004,0.3949582852896538,0.08278053559568901,0.31217774969396483,0.01068185114342031
correct_CP,C[C@@H]1CN([C@H](C)CO)C(=O)c2c(c3ccccc3n2C)-c2ccccc2CO[C@@H]1CN(C)Cc1cccnc1,9.98432,-0.1934407489230983,-0.19590921897285443,0.08221359275458694,-0.27812281172744135,-0.1911407253920821
correct_CP,C[C@@H]1CN([C@H](C)CO)C(=O)c2c(c3ccccc3n2C)-c2ccccc2CO[C@@H]1CN(C)S(=O)(=O)c1ccc(C#N)cc1,10.1094,-0.12000275488781775,-0.12058382354718368,-0.14187799155680433,0.021294168009620654,0.27725304519398786
correct_CP,C[C@@H]1CN([C@H](C)CO)C(=O)c2c(c3ccccc3n2C)-c2ccccc2CO[C@@H]1CN(C)S(=O)(=O)c1ccc(Cl)cc1,9.771486,0.518848198865549,0.574762373748799,-0.044944148211194725,0.6197065219599938,-0.02998622348784081
correct_CP,C[C@@H]1CN([C@H](C)CO)C(=O)c2c(c3ccccc3n2C)-c2ccccc2CO[C@@H]1CN(C)S(=O)(=O)c1cccc(C#N)c1,9.87508,0.01793629325752347,0.017938217060865038,0.07142080971613081,-0.05348259265526577,0.021899565617316707
correct_CP,C[C@@H]1CN([C@H](C)CO)C(=O)c2c(c3ccccc3n2C)-c2ccccc2CO[C@@H]1CN(C)S(=O)(=O)c1cn(C)cn1,10.3556,0.21214315023733005,0.2154144298970648,-0.038084539854765995,0.2534989697518308,0.2145434949213258
correct_CP,C[C@@H]1CN([C@H](C)CO)C(=O)c2c(c3ccccc3n2C)-c2ccccc2CO[C@H]1CN(C)C(=O)Nc1ccc(F)cc1,10.0182,0.011860322738755815,0.0118608789053801,0.08348914083598596,-0.07162826193060587,-0.03777462007155916
correct_CP,C[C@@H]1CN([C@H](C)CO)C(=O)c2c(c3ccccc3n2C)-c2ccccc2CO[C@H]1CN(C)C(=O)Nc1ccc2c(c1)OCO2,10.0438,0.018330081737394314,0.018332135070994262,0.0162814704465065,0.0020506646244877608,-0.028614315925215385
correct_CP,C[C@@H]1CN([C@H](C)CO)C(=O)c2c(c3ccccc3n2C)-c2ccccc2CO[C@H]1CN(C)C(=O)c1ccccc1,9.99405,-0.1021649834864591,-0.10252268156274962,-0.03001486296194077,-0.07250781860080885,-0.003362971783323534
correct_CP,C[C@@H]1CN([C@H](C)CO)C(=O)c2c(c3ccccc3n2C)-c2ccccc2CO[C@H]1CN(C)C(=O)c1ccncc1,9.97114,0.1759434411825598,0.17779343308701845,-0.059143292157738135,0.2369367252447566,0.029461791329020222
correct_CP,C[C@@H]1CN([C@H](C)CO)C(=O)c2c(c3ccccc3n2C)-c2ccccc2CO[C@H]1CN(C)S(=O)(=O)c1ccc(C#N)cc1,10.017,0.042509698241441456,0.042535332103678096,0.029797572348430855,0.012737759755247241,0.1293502658695653
correct_CP,C[C@@H]1CN([C@H](C)CO)C(=O)c2c(c3ccccc3n2C)-c2ccccc2CO[C@H]1CN(C)S(=O)(=O)c1ccc(Cl)cc1,9.92041,-0.28713389009595885,-0.29543980812942583,-0.004758931592764644,-0.2906808765366612,-0.4405628673255836
correct_CP,C[C@@H]1CN([C@H](C)CO)C(=O)c2c(c3ccccc3n2C)-c2ccccc2CO[C@H]1CN(C)S(=O)(=O)c1cccc(F)c1,9.99108,-0.28149835747410407,-0.2893086362584655,-0.034301201363080555,-0.2550074348953849,-0.012774136828417819
correct_CP,C[C@@H]1CN([C@H](C)CO)C(=O)c2cc(-c3ccc(C(=O)N(C)C)cc3)cnc2O[C@@H]1CN(C)C(=O)c1ccncc1,10.1791,0.29656450633637504,0.30574858952248635,-0.015419663584606618,0.32116825310709296,-0.00682993752243906
correct_CP,C[C@@H]1CN([C@H](C)CO)C(=O)c2cc(-c3ccc(C(=O)N(C)C)cc3)cnc2O[C@H]1CN(C)C(=O)c1ccncc1,10.057,-0.06854691771680874,-0.06865458141535981,0.0005496767290615739,-0.06920425814442138,0.09828738913288239
correct_CP,C[C@@H]1CN([C@H](C)CO)C(=O)c2cc(-c3cccc(F)c3)cnc2O[C@@H]1CN(C)C(=O)C1CCC1,10.0674,0.32718234491524373,0.3396695433801003,-0.008971205916490484,0.3486407492965908,-0.21744058301495073
correct_CP,C[C@@H]1CN([C@H](C)CO)C(=O)c2cc(-c3cccc(F)c3)cnc2O[C@H]1CN(C)Cc1ccccn1,10.0084,0.2839983891406627,0.29202590646205717,-0.08691792560864636,0.37894383207070353,0.02628767816249622
correct_CP,C[C@@H]1CN([C@H](C)CO)C(=O)c2cc(-c3ccccc3F)cnc2O[C@@H]1CN(C)C(=O)C1CCOCC1,10.0363,0.03019339490982307,0.030202575111653706,0.03874077478690228,-0.008538199675248572,0.03340543858446956
correct_CP,C[C@@H]1CN([C@H](C)CO)C(=O)c2cc(-c3ccccc3F)cnc2O[C@H]1CN(C)C(=O)c1cnccn1,10.1526,0.11788086429535777,0.11843148260184437,0.22968629421697057,-0.1112548116151262,-0.19815205466341312
correct_CP,C[C@@H]1CN([C@H](C)CO)C(=O)c2cc(-c3ccccc3F)cnc2O[C@H]1CN(C)Cc1cccc(F)c1,10.0136,0.22968976705820515,0.23386193050975654,0.058434801867300955,0.17542712864245558,0.0761153441228879
correct_CP,C[C@@H]1CN([C@H](C)CO)C(=O)c2cc(-c3ccncc3)cnc2O[C@@H]1CN(C)S(=O)(=O)c1ccc(F)cc1,10.046,-0.14035483115936956,-0.1412875193129335,0.06102527767938491,-0.2023127969923184,-0.17431107096679144
correct_CP,C[C@@H]1CN([C@H](C)CO)C(=O)c2cc(/C=C/c3ccccc3)cnc2O[C@H]1CN(C)C(=O)c1ccc2c(c1)OCO2,10.0876,-0.018832443451961625,-0.018834670303127264,-0.04938829875717392,0.030553628454046654,-0.08530198291971243
correct_CP,C[C@@H]1CN([C@H](C)CO)C(=O)c2cc(Br)cnc2O[C@@H]1CN(C)C(=O)C1CCCCC1,10.003,0.04089978116787736,0.040922609694960005,-0.014514765542022441,0.055437375236982445,0.10527473334535992
correct_CP,C[C@@H]1CN([C@H](C)CO)C(=O)c2cc(C#CC3(O)CCCC3)cnc2O[C@H]1CN(C)Cc1ccccn1,10.0155,-0.30485134081747395,-0.3148593386946872,-0.0026373719641337506,-0.3122219667305534,-0.2101286266975097
correct_CP,C[C@@H]1CN([C@H](C)CO)C(=O)c2cc(C#CCN(C)C)cnc2O[C@H]1CN(C)C(=O)c1cnccn1,10.0636,-0.2760932615711955,-0.2834479902379601,-0.14643013420567064,-0.13701785603228944,-0.054300991970050394
correct_CP,C[C@@H]1CN([C@H](C)CO)C(=O)c2cc(C#CCc3ccccc3)cnc2O[C@@H]1CN(C)Cc1ccc(C(=O)O)cc1,10.0027,0.34495401286026794,0.35970482886256244,0.00416294057533984,0.3555418882872226,0.25206930791111115
correct_CP,C[C@@H]1CN([C@H](C)CO)C(=O)c2cc(C#C[C@@H](C)O)cnc2O[C@@H]1CN(C)C(=O)Cc1ccncc1,10.0733,0.0618319774774295,0.06191095726661869,-0.003172055650677767,0.06508301291729646,0.2640174848686381
correct_CP,C[C@@H]1CN([C@H](C)CO)C(=O)c2cc(C#Cc3ccccc3F)cnc2O[C@H]1CN(C)C(=O)C1CCCCC1,9.96964,0.13381266486242055,0.1346200323044969,0.008423887733365831,0.12619614457113107,0.5151082143965353
correct_CP,C[C@@H]1CN([C@H](C)CO)C(=O)c2cc(C#Cc3cccnc3)cnc2O[C@@H]1CN(C)C(=O)CN(C)C,10.0624,0.128427463103164,0.12914061159385776,0.1336511101844004,-0.004510498590542644,0.2990205770461518
correct_CP,C[C@@H]1CN([C@H](C)CO)C(=O)c2cc(C#Cc3cccnc3)cnc2O[C@@H]1CN(C)S(=O)(=O)c1ccccc1F,10.0683,0.23659271450111416,0.24116169089836753,-0.010211232733455061,0.2513729236318226,0.1324600364117688
correct_CP,C[C@@H]1CN([C@H](C)CO)C(=O)c2cc(C3=CCCC3)cnc2O[C@@H]1CN(C)C(=O)c1ccc2c(c1)OCO2,10.0535,0.08532955461156885,0.08553756270015352,-0.034309132510640335,0.11984669521079386,0.05489472255426861
correct_CP,C[C@@H]1CN([C@H](C)CO)C(=O)c2cc(C3=CCCCC3)cnc2O[C@@H]1CN(C)C(=O)Cc1ccncc1,10.0502,-0.13850803189312502,-0.13940410375330495,-0.029780272194485903,-0.10962383155881905,0.20122468319339176
correct_CP,C[C@@H]1CN([C@H](C)CO)C(=O)c2cc(N(C)C)ccc2O[C@@H](C)CCCCO[C@@H]1CN(C)C(=O)C1CCCCC1,9.98252,-0.3126374476428837,-0.32346591264367053,-0.04360588737657323,-0.2798600252670973,-0.15199803112179144
correct_CP,C[C@@H]1CN([C@H](C)CO)C(=O)c2cc(N(C)C)ccc2O[C@@H](C)CCCCO[C@@H]1CN(C)C(=O)Cc1ccccc1,9.9333,0.016950530772048528,0.016952154463591544,0.03900601921279209,-0.022053864749200548,0.10268566809075516
correct_CP,C[C@@H]1CN([C@H](C)CO)C(=O)c2cc(N(C)C)ccc2O[C@@H](C)CCCCO[C@@H]1CN(C)C(=O)c1ccncc1,10.0157,0.0227185509184068,0.0227224607238484,-0.014830990870499598,0.037553451594348,-0.20664327389296075
correct_CP,C[C@@H]1CN([C@H](C)CO)C(=O)c2cc(N(C)C)ccc2O[C@@H](C)CCCCO[C@@H]1CN(C)Cc1ccc(C(=O)O)cc1,10.0179,0.3424879196700023,0.3569083454751577,-0.06137124847285309,0.4182795939480108,-0.0010917273689552767
correct_CP,C[C@@H]1CN([C@H](C)CO)C(=O)c2cc(N(C)C)ccc2O[C@@H](C)CCCCO[C@@H]1CN(C)Cc1ccc2c(c1)OCO2,9.9551,-0.06306685016351246,-0.06315066488475243,0.008351606486067326,-0.07150227137081976,0.06644545460609305
correct_CP,C[C@@H]1CN([C@H](C)CO)C(=O)c2cc(N(C)C)ccc2O[C@@H](C)CCCCO[C@@H]1CN(C)Cc1ccccc1,10.0287,0.30232890557596437,0.31208081311789965,0.05309767664151086,0.25898313647638876,0.5292848210962038
correct_CP,C[C@@H]1CN([C@H](C)CO)C(=O)c2cc(N(C)C)ccc2O[C@@H](C)CCCCO[C@@H]1CN(C)Cc1ccncc1,10.1063,-0.32914098761029775,-0.3418645696707347,-0.03860764200405187,-0.30325692766668283,0.1903052336599188
correct_CP,C[C@@H]1CN([C@H](C)CO)C(=O)c2cc(N(C)C)ccc2O[C@@H](C)CCCCO[C@H]1CN(C)C(=O)Nc1ccc(C(F)(F)F)cc1,10.1167,0.18752354137635663,0.18976921012338033,-0.061005605765422105,0.25077481588880246,-0.020671555218595372
correct_CP,C[C@@H]1CN([C@H](C)CO)C(=O)c2cc(N(C)C)ccc2O[C@@H](C)CCCCO[C@H]1CN(C)C(=O)Nc1ccc2c(c1)OCO2,10.077,0.3483607510604278,0.3635768827609157,-0.02985501577787874,0.39343189853879446,-0.3366374075960233
correct_CP,C[C@@H]1CN([C@H](C)CO)C(=O)c2cc(N(C)C)ccc2O[C@@H](C)CCCCO[C@H]1CN(C)C(=O)Nc1cccc2ccccc12,10.0713,-0.10041921304575228,-0.10075881320888946,-0.019561059863841747,-0.08119775334504772,-0.2408906317393
correct_CP,C[C@@H]1CN([C@H](C)CO)C(=O)c2cc(N(C)C)ccc2O[C@@H](C)CCCCO[C@H]1CN(C)C(=O)Nc1ccccc1,9.9318,-0.11355316717795454,-0.11404504195009658,0.029770207097003305,-0.14381524904709989,-0.201747619339928
correct_CP,C[C@@H]1CN([C@H](C)CO)C(=O)c2cc(N(C)C)ccc2O[C@@H](C)CCCCO[C@H]1CN(C)C(=O)c1ccncc1,10.3366,0.04870270416180274,0.04874126590481496,-0.08683734996777989,0.13557861587259484,0.17824622985086472
correct_CP,C[C@@H]1CN([C@H](C)CO)C(=O)c2cc(N(C)C)ccc2O[C@@H](C)CCCCO[C@H]1CN(C)Cc1ccccc1,10.061,0.15995921370433283,0.16134483855503073,-0.0045417386835104046,0.16588657723854114,0.22193358289285067
correct_CP,C[C@@H]1CN([C@H](C)CO)C(=O)c2cc(N(C)C)ccc2O[C@@H](C)CCCCO[C@H]1CN(C)S(=O)(=O)c1ccc(F)cc1,10.0636,-0.2704972669121723,-0.2774002685446547,0.09074114485115667,-0.3681414133958114,-0.014030973682968975
correct_CP,C[C@@H]1CN([C@H](C)CO)C(=O)c2cc(N(C)C)ccc2O[C@@H]1CN(C)Cc1ccc(C(=O)Nc2ccccc2N)cc1,10.0581,0.1705245986079444,0.17220692386548134,0.010159222064705,0.16204770180077632,0.058633910552994106
correct_CP,C[C@@H]1CN([C@H](C)CO)C(=O)c2cc(N(C)C)ccc2O[C@H]1CN(C)C(=O)Nc1cccc2ccccc12,10.1609,0.17476768427038428,0.17658037499866347,0.02535255704930071,0.15122781794936277,0.273524725487249
correct_CP,C[C@@H]1CN([C@H](C)CO)C(=O)c2cc(N(C)C)ccc2O[C@H]1CN(C)Cc1ccc(C(=O)Nc2ccccc2N)cc1,10.0581,0.26831922433953875,0.27505176875266635,0.04862750789575003,0.2264242608569163,0.13291667139531638
correct_CP,C[C@@H]1CN([C@H](C)CO)C(=O)c2cc(NC(=O)C3CC3)ccc2O[C@H]1CN(C)CC1CCCCC1,10.1658,0.19932177218232733,0.20202616643727545,-0.05634476649062187,0.2583709329278973,0.032936496310543004
correct_CP,C[C@@H]1CN([C@H](C)CO)C(=O)c2cc(NC(=O)C3CCCCC3)ccc2O[C@@H](C)CCCCO[C@H]1CN(C)Cc1ccncc1,9.99352,-0.288103510719253,-0.2964968741404248,-0.019822248296465665,-0.27667462584395913,0.20288460739423522
correct_CP,C[C@@H]1CN([C@H](C)CO)C(=O)c2cc(NC(=O)CCC(F)(F)F)ccc2O[C@@H](C)CCCCO[C@@H]1CN(C)Cc1ccncc1,9.9458,0.3126635267337537,0.32349481716052075,-0.006210840530786511,0.3297056576913073,0.25722048438972805
correct_CP,C[C@@H]1CN([C@H](C)CO)C(=O)c2cc(NC(=O)CCC(F)(F)F)ccc2O[C@@H](C)CCCCO[C@H]1CN(C)S(C)(=O)=O,10.1243,-0.01405130689135989,-0.0140522317606416,0.008998404819459085,-0.023050636580100686,-0.09731818026037306
correct_CP,C[C@@H]1CN([C@H](C)CO)C(=O)c2cc(NC(=O)CCCN(C)C)ccc2O[C@@H](C)CCCCO[C@@H]1CN(C)S(C)(=O)=O,10.0279,0.05906322657866921,0.0591320506848136,0.038742007418285346,0.020390043266528254,-0.35869485634381304
correct_CP,C[C@@H]1CN([C@H](C)CO)C(=O)c2cc(NC(=O)CCCN(C)C)ccc2O[C@@H](C)CCCCO[C@H]1CN(C)Cc1ccccc1,10.0032,0.2581465976441649,0.2641216550404605,0.02460779495282628,0.2395138600876342,0.1216863410658662
correct_CP,C[C@@H]1CN([C@H](C)CO)C(=O)c2cc(NC(=O)Cc3ccccc3)ccc2O[C@@H](C)CCCCO[C@H]1CN(C)C,10.0021,-0.4237759895388332,-0.4522856383691992,0.03849568113088649,-0.4907813195000857,-0.0615274102534088
correct_CP,C[C@@H]1CN([C@H](C)CO)C(=O)c2cc(NC(=O)Cn3cnnn3)ccc2O[C@H]1CN(C)Cc1ccc(Cl)c(Cl)c1,9.75103,0.06922654395259734,0.06933744814118802,0.027016313204094144,0.04232113493709387,0.18597266528008816
correct_CP,C[C@@H]1CN([C@H](C)CO)C(=O)c2cc(NC(=O)NC3CCCCC3)ccc2O[C@@H](C)CCCCO[C@@H]1CN(C)Cc1ccncc1,9.82253,0.15508888696933062,0.156350574132646,0.07224128587290712,0.08410928825973887,0.055503344219461626
correct_CP,C[C@@H]1CN([C@H](C)CO)C(=O)c2cc(NC(=O)Nc3ccccc3)ccc2O[C@@H](C)CCCCO[C@H]1CN(C)C,9.99782,-0.10343718367596227,-0.10380847022842975,-0.05589881609915249,-0.04790965412927726,0.05557870957570037
correct_CP,C[C@@H]1CN([C@H](C)CO)C(=O)c2cc(NC(=O)c3ccncc3)ccc2O[C@@H](C)CCCCO[C@H]1CN(C)C(=O)c1ccccc1,10.1748,0.2005060010697124,0.20325969411998684,-0.08252503027078571,0.28578472439077257,0.1008013437650502
correct_CP,C[C@@H]1CN([C@H](C)CO)C(=O)c2cc(NC(=O)c3ccncc3)ccc2O[C@H]1CN(C)Cc1ccc2c(c1)OCO2,10.1933,0.4640933988251886,0.5025157975751736,-0.022944187712271427,0.5254599852874451,-0.021712483327516886
correct_CP,C[C@@H]1CN([C@H](C)CO)C(=O)c2cc(NC(=O)c3ccncc3)ccc2O[C@H]1CN(C)S(C)(=O)=O,9.79731,0.4642373082867941,0.5026992267588465,-0.020495220753466957,0.5231944475123135,-0.00638314711474023
correct_CP,C[C@@H]1CN([C@H](C)CO)C(=O)c2cccc(N(C)C)c2O[C@@H]1CN(C)C(=O)Nc1ccc2c(c1)OCO2,10.0677,0.31635899717976,0.32759596936524854,0.06863107893697998,0.25896489042826853,0.0995354851932343
correct_CP,C[C@@H]1CN([C@H](C)CO)C(=O)c2cccc(N(C)C)c2O[C@@H]1CN(C)C(=O)Nc1cccc2ccccc12,10.0061,-0.08570160831090443,-0.08591235724446217,-0.10858112121454698,0.022668763970084813,0.08088432996155413
correct_CP,C[C@@H]1CN([C@H](C)CO)C(=O)c2cccc(N(C)C)c2O[C@@H]1CN(C)Cc1ccc(C(=O)Nc2ccccc2N)cc1,10.0633,0.21137581019682028,0.21461106527093857,-0.07297192060748559,0.2875829858784241,0.25736459980203996
correct_CP,C[C@@H]1CN([C@H](C)CO)C(=O)c2cccc(N(C)C)c2O[C@@H]1CN(C)Cc1ccc(Oc2ccccc2)cc1,10.1194,-0.10018118662340064,-0.10051836787400875,-0.04352829251611983,-0.05699007535788892,-0.10106482836868225
correct_CP,C[C@@H]1CN([C@H](C)CO)C(=O)c2cccc(N(C)C)c2O[C@@H]1CN(C)Cc1ccncc1,10.0061,0.20990684401156065,0.21307389486247438,0.03615186244317335,0.17692203241930105,0.1118179066219359
correct_CP,C[C@@H]1CN([C@H](C)CO)C(=O)c2cccc(N(C)C)c2O[C@H]1CN(C)S(=O)(=O)c1cn(C)cn1,10.1653,0.14728202325915582,0.14836104914022885,-0.008829949409365004,0.15719099854959384,0.06831733296387468
correct_CP,C[C@@H]1CN([C@H](C)CO)C(=O)c2cccc(NC(=O)C3CC3)c2O[C@H]1CN(C)Cc1ccc(C(=O)O)cc1,9.98841,0.3923169162765984,0.41453549126255496,0.016439833454231535,0.3980956578083234,-0.12856221483410082
correct_CP,C[C@@H]1CN([C@H](C)CO)C(=O)c2cccc(NC(=O)C3CCOCC3)c2O[C@@H]1CN(C)Cc1ccc2c(c1)OCO2,9.97721,0.32014118153237675,0.33180440442690284,-0.029787506336766995,0.3615919107636698,0.19586833026672762
correct_CP,C[C@@H]1CN([C@H](C)CO)C(=O)c2cccc(NC(=O)C3CCOCC3)c2O[C@H]1CN(C)CC1CCCCC1,9.86275,0.5133853912667868,0.5673159746673968,-0.02075271466546006,0.5880686893328568,-0.19311240515273476
correct_CP,C[C@@H]1CN([C@H](C)CO)C(=O)c2cccc(NC(=O)NC3CCCCC3)c2O[C@H]1CN(C)C(=O)Nc1cccc2ccccc12,10.0095,0.45399576321776025,0.4897220044097468,-0.07955086552353625,0.5692728699332831,0.21064186531902196
correct_CP,C[C@@H]1CN([C@H](C)CO)C(=O)c2cccc(NC(=O)c3ccc(-c4nccs4)cc3)c2O[C@@H]1CN(C)CC1CCCCC1,9.75361,0.21896658481497328,0.22257039154415298,-0.005080121516463981,0.22765051306061695,-0.09925008109304673
correct_CP,C[C@@H]1CN([C@H](C)CO)C(=O)c2cccc(NC(=O)c3ccc(-c4nccs4)cc3)c2O[C@H]1CN(C)CC1CCCCC1,10.2534,0.24540840399915487,0.2505210600022959,-0.02196217592151159,0.2724832359238075,0.06424793265892217
correct_CP,C[C@@H]1CN([C@H](C)CO)C(=O)c2cccc(NC(=O)c3ccncc3)c2O[C@H]1CN(C)CC1CC1,10.0419,0.5721104215939076,0.6506545226746143,0.07160271036145016,0.5790518123131642,0.3264611993061213
correct_CP,C[C@@H]1CN([C@H](C)CO)C(=O)c2cccc(NC(=O)c3ccncc3)c2O[C@H]1CN(C)S(=O)(=O)c1ccccc1,10.0602,-0.2669534094800451,-0.27358057302351596,-0.025074831746312212,-0.24850574127720376,0.17135313018031706
correct_CP,C[C@@H]1CN([C@H](C)CO)C(=O)c2cccc(NS(C)(=O)=O)c2O[C@H]1CN(C)Cc1ccc(-c2ccccc2)cc1,10.0197,0.16332404059711791,0.16479994410949253,-0.0519774506755184,0.21677739478501093,0.12131526901674328
correct_CP,C[C@@H]1CN([C@H](C)CO)C(=O)c2ccccc2-c2ccccc2CO[C@@H]1CN(C)C(=O)Nc1cccc(C(F)(F)F)c1,9.92815,-0.06167262784192219,-0.06175099764925933,0.022876052181041807,-0.08462704983030114,-0.017489974836545873
correct_CP,C[C@@H]1CN([C@H](C)CO)C(=O)c2ccccc2-c2ccccc2CO[C@@H]1CN(C)C(=O)[C@H]1CCCN1C,10.2543,-0.40510417144577826,-0.42974020511979716,-0.060069961064886684,-0.36967024405491045,0.33103491985652855
correct_CP,C[C@@H]1CN([C@H](C)CO)C(=O)c2ccccc2-c2ccccc2CO[C@@H]1CN(C)Cc1cccc(F)c1,9.9766,-0.09969894086689302,-0.10003125683465883,0.10385148736873098,-0.2038827442033898,-0.05311648190522984
correct_CP,C[C@@H]1CN([C@H](C)CO)C(=O)c2ccccc2-c2ccccc2CO[C@@H]1CN(C)Cc1cccc(O)c1,10.1141,-0.13177836039594468,-0.13254920882916488,0.04711876738478415,-0.17966797621394903,0.06577147362302874
correct_CP,C[C@@H]1CN([C@H](C)CO)C(=O)c2ccccc2-c2ccccc2CO[C@@H]1CN(C)S(=O)(=O)c1ccc(C#N)cc1,10.2641,0.1677018246055523,0.16930104156973994,-0.03385071185129984,0.20315175342103978,0.04433832203728551
correct_CP,C[C@@H]1CN([C@H](C)CO)C(=O)c2ccccc2-c2ccccc2CO[C@@H]1CN(C)S(=O)(=O)c1ccc(Cl)cc1,10.018,0.13793387574146784,0.13881876466220527,0.10609022771973159,0.032728536942473685,0.021574012045828483
correct_CP,C[C@@H]1CN([C@H](C)CO)C(=O)c2ccccc2-c2ccccc2CO[C@@H]1CN(C)S(=O)(=O)c1cccc(C#N)c1,10.1894,-0.008025231441945335,-0.008025403735180554,0.012600859754483721,-0.020626263489664273,0.13615013541344984
correct_CP,C[C@@H]1CN([C@H](C)CO)C(=O)c2ccccc2-c2ccccc2CO[C@@H]1CN(C)S(=O)(=O)c1cccc(F)c1,9.84849,-0.08972762990834275,-0.08996960032972885,-0.02596416939433435,-0.0640054309353945,-0.00046924537545578113
correct_CP,C[C@@H]1CN([C@H](C)CO)C(=O)c2ccccc2-c2ccccc2CO[C@@H]1CN(C)S(=O)(=O)c1ccccc1,10.0212,0.01574943182352786,0.015750734204549317,0.07100321850188235,-0.05525248429733303,-0.174641883408173
correct_CP,C[C@@H]1CN([C@H](C)CO)C(=O)c2ccccc2-c2ccccc2CO[C@@H]1CN(C)S(=O)(=O)c1ccccc1C#N,10.0025,-0.15282971932358316,-0.15403655513409026,-0.04884557466384107,-0.10519098047024919,0.12390484746998168
correct_CP,C[C@@H]1CN([C@H](C)CO)C(=O)c2ccccc2-c2ccccc2CO[C@@H]1CN(C)S(=O)(=O)c1ccccc1F,9.77378,-0.05011168219321679,-0.05015369200420114,-0.024029564330297914,-0.026124127673903225,0.012625639896651773
correct_CP,C[C@@H]1CN([C@H](C)CO)C(=O)c2ccccc2-c2ccccc2CO[C@H]1CN(C)C(=O)CCN(C)C,9.84062,-0.48970474220009874,-0.5356718623222094,0.004213422650686067,-0.5398852849728955,-0.23052499651701833
correct_CP,C[C@@H]1CN([C@H](C)CO)C(=O)c2ccccc2-c2ccccc2CO[C@H]1CN(C)C(=O)[C@H]1CCCN1C,10.2807,0.3739121394150523,0.39296340600060037,0.11327388639949246,0.2796895196011079,-0.08962346022160161
correct_CP,C[C@@H]1CN([C@H](C)CO)C(=O)c2ccccc2-c2ccccc2CO[C@H]1CN(C)S(=O)(=O)c1cccc(C#N)c1,10.0389,0.16246178775361272,0.163914188475232,0.004516423556055372,0.15939776491917665,0.29882670701211705
correct_CP,C[C@@H]1CN([C@H](C)CO)C(=O)c2ccccc2-c2ccccc2CO[C@H]1CN(C)S(=O)(=O)c1cccc(F)c1,10.0309,-0.4094306633073876,-0.4349270339436622,0.09626657532441298,-0.5311936092680752,0.07750981869055089
correct_CP,C[C@@H]1CN([C@H](C)CO)C(=O)c2ccccc2-c2ccccc2CO[C@H]1CN(C)S(=O)(=O)c1ccccc1F,10.0661,0.25806332762459366,0.2640324417976952,0.01197432086732408,0.2520581209303711,-0.1159276534142733
correct_CP,C[C@@H]1CN([C@H](C)CO)C(=O)c2ccccc2-c2ccccc2CO[C@H]1CN(C)S(=O)(=O)c1ccsc1,10.0447,0.41150005797969424,0.4374157302955071,0.10296098656893048,0.33445474372657663,0.14339485269258467
correct_CP,C[C@@H]1CN([C@H](C)CO)C(=O)c2ccccc2-c2ccccc2CO[C@H]1CN(C)S(=O)(=O)c1cn(C)cn1,10.0247,0.45552270495178937,0.49164705984767476,0.1192605423772632,0.37238651747041157,0.2539890356274507
correct_CP,C[C@@H]1CN([C@H](C)CO)S(=O)(=O)c2ccc(-c3cccc(C#N)c3)cc2O[C@@H]1CN(C)C(=O)c1ccncc1,10.0294,-0.09401643822068924,-0.0942949232589912,-0.02425046953960124,-0.07004445371938997,0.02243444536728923
correct_CP,C[C@@H]1CN([C@H](C)CO)S(=O)(=O)c2ccc(-c3cccc(C#N)c3)cc2O[C@H]1CN(C)C(=O)Nc1cc(F)ccc1F,10.0747,0.16894231258908335,0.1705777004422211,-0.012283654134614401,0.1828613545768355,0.1211019721516827
correct_CP,C[C@@H]1CN([C@H](C)CO)S(=O)(=O)c2ccc(-c3cccc(C(=O)N(C)C)c3)cc2O[C@@H]1CN(C)Cc1ccc2c(c1)OCO2,10.0643,0.12363887404010084,0.12427472107768031,-0.038831812783658395,0.16310653386133872,0.1834110583339943
correct_CP,C[C@@H]1CN([C@H](C)CO)S(=O)(=O)c2ccc(-c3ccccc3)cc2O[C@@H]1CN(C)C,10.032,0.01588100199227757,0.015882337290195742,0.06423604993049703,-0.04835371264030129,-0.03447370616609845
correct_CP,C[C@@H]1CN([C@H](C)CO)S(=O)(=O)c2ccc(-c3cncnc3)cc2O[C@@H]1CN(C)C(=O)Cc1ccccc1,9.97018,0.0737311768583538,0.07386522228871101,0.012226366886559937,0.06163885540215107,0.16101004308892516
correct_CP,C[C@@H]1CN([C@H](C)CO)S(=O)(=O)c2ccc(/C=C/c3ccccc3)cc2O[C@H]1CN(C)C(=O)CN1CCOCC1,10.0937,-0.1658968685585137,-0.1674444302807877,-0.0038238112930940246,-0.16362061898769367,0.17640415596668713
correct_CP,C[C@@H]1CN([C@H](C)CO)S(=O)(=O)c2ccc(/C=C/c3ccccc3)cc2O[C@H]1CN(C)Cc1ccccc1,10.0447,-0.026836276993402502,-0.0268427221468628,-0.003815358420428223,-0.023027363726434574,0.043455586809217565
correct_CP,C[C@@H]1CN([C@H](C)CO)S(=O)(=O)c2ccc(C#CC(C)(C)O)cc2O[C@@H]1CN(C)Cc1ccc(F)cc1,10.062,0.42600924720436806,0.45501089979555176,0.16404873538189632,0.2909621644136554,0.15840111681325778
correct_CP,C[C@@H]1CN([C@H](C)CO)S(=O)(=O)c2ccc(C#CC(C)(C)O)cc2O[C@H]1CN(C)Cc1ccc(F)cc1,10.009,-0.2810564263900374,-0.28882873698706407,0.7700829780905283,-1.0589117150775924,-0.6405738898358704
correct_CP,C[C@@H]1CN([C@H](C)CO)S(=O)(=O)c2ccc(C#CC3CC3)cc2O[C@@H]1CN(C)C(=O)c1cccc(F)c1,10.0341,0.6572013650837355,0.7878711646870776,0.2551061392059293,0.5327650254811483,-0.014213709582167083
correct_CP,C[C@@H]1CN([C@H](C)CO)S(=O)(=O)c2ccc(C#CC3CC3)cc2O[C@@H]1CN(C)S(C)(=O)=O,9.99498,0.14451668843370669,0.14553556739560813,-0.03461495440061743,0.18015052179622557,-0.08099649525874725
correct_CP,C[C@@H]1CN([C@H](C)CO)S(=O)(=O)c2ccc(C#CC3CCCC3)cc2O[C@@H]1CN(C)Cc1ccccc1C(=O)O,9.99368,-0.0007640356154117231,-0.0007640357640804795,-0.0030492914157544977,0.002285255651674018,-0.00013525385081675657
correct_CP,C[C@@H]1CN([C@H](C)CO)S(=O)(=O)c2ccc(C#CCN(C)C)cc2O[C@@H]1CN(C)C(=O)C1CCCCC1,10.0181,0.1473343296621233,0.14841451575259662,0.03479591134441131,0.1136186044081853,0.16682270304902033
correct_CP,C[C@@H]1CN([C@H](C)CO)S(=O)(=O)c2ccc(C#CCN(C)C)cc2O[C@H]1CN(C)S(=O)(=O)c1cccc(F)c1,10.0382,0.17818957561172943,0.1801122700659124,-0.02744636362036364,0.20755863368627606,-0.01162157825763874
correct_CP,C[C@@H]1CN([C@H](C)CO)S(=O)(=O)c2ccc(C#Cc3ccccn3)cc2O[C@H]1CN(C)C,10.021,0.1589965404828985,0.16035704243982576,0.028331725023545508,0.13202531741628026,0.006045810407264721
correct_CP,C[C@@H]1CN([C@H](C)CO)S(=O)(=O)c2ccc(C3=CCCCC3)cc2O[C@@H]1CN(C)Cc1cccc(C(=O)O)c1,9.98785,0.015103034149203439,0.015104182648681021,-0.017060743142842158,0.03216492579152318,0.11980514702420834
correct_CP,C[C@@H]1CN([C@H](C)CO)S(=O)(=O)c2ccc(C3=CCCCC3)cc2O[C@H]1CN(C)C(=O)Nc1ccc2c(c1)OCO2,10.0278,0.13065083093748117,0.13140192616511026,-0.0029419248195341544,0.1343438509846444,-0.0007656735296123502
correct_CP,C[C@@H]1C[C@@H]([C@H](O)CC2CC(=O)NC(=O)C2)C(=O)[C@@H](C)C1,10.0,0.444539483544439,0.4778741620885738,0.03628185360344822,0.4415923084851256,0.5650377319078197
correct_CP,C[C@H](C(=O)N(C)C[C@@H]1OCc2ccccc2-c2ccccc2C(=O)N([C@@H](C)CO)C[C@@H]1C)c1ccccc1,10.3584,0.5301598235778021,0.5903674410386517,-0.041889799090352384,0.6322572401290041,-0.16431726861747387
correct_CP,C[C@H](C(=O)N(C)C[C@H]1OCc2ccccc2-c2ccccc2C(=O)N([C@@H](C)CO)C[C@@H]1C)c1ccccc1,10.1566,0.09383285980413411,0.094109710928408,0.05456362535067931,0.03954608557772869,0.05514878649159344
correct_CP,C[C@H](CO)N1C[C@H](C)[C@@H](CN(C)C(=O)C2CC2)Oc2cc(Br)ccc2S1(=O)=O,10.0619,-0.307307804749284,-0.3175697264278323,-0.026231945032870914,-0.2913377813949614,0.2561350691151424
correct_CP,C[C@H](CO)N1C[C@H](C)[C@@H](CN(C)C(=O)C2CCCCC2)OCCCC[C@H](C)Oc2ccc(NC(=O)c3ccncc3)cc2C1=O,10.0698,0.2604074364320558,0.2665454325639627,0.02456823609897478,0.2419771964649879,0.07570939608093923
correct_CP,C[C@H](CO)N1C[C@H](C)[C@@H](CN(C)C(=O)C2CCOCC2)Oc2ncc(-c3cccc(C#N)c3)cc2C1=O,9.99771,-0.13756209105643294,-0.13843978909799784,0.013525200445387731,-0.15196498954338558,0.05267292484593922
correct_CP,C[C@H](CO)N1C[C@H](C)[C@@H](CN(C)C(=O)C2CCOCC2)Oc2ncc(C#CC3(O)CCCC3)cc2C1=O,10.0876,0.5972120270395632,0.6888023017141168,0.14548040186178865,0.5433218998523281,0.4668811096223663
correct_CP,C[C@H](CO)N1C[C@H](C)[C@@H](CN(C)C(=O)CCC(F)(F)F)OCc2ccccc2-c2ccccc2C1=O,9.78259,0.3816622955821202,0.4020039298883275,0.07481903413479127,0.32718489575353626,0.27618400192269976
correct_CP,C[C@H](CO)N1C[C@H](C)[C@@H](CN(C)C(=O)CCC(F)(F)F)OCc2cn(nn2)CCCC1=O,10.0284,0.221572034961672,0.22530870248380763,0.14506478176533386,0.08024392071847378,0.052701017072498996
correct_CP,C[C@H](CO)N1C[C@H](C)[C@@H](CN(C)C(=O)CN2CCOCC2)Oc2cc(/C=C/c3ccccc3)ccc2S1(=O)=O,10.1453,-0.17784057089809444,-0.17975184366385902,-0.021608926751264395,-0.15814291691259463,0.07158403635269431
correct_CP,C[C@H](CO)N1C[C@H](C)[C@@H](CN(C)C(=O)Cc2ccccc2)OCc2ccccc2-c2ccccc2C1=O,10.0168,0.4466342408360779,0.48048786607118094,-0.04432999983468528,0.5248178659058662,0.30319703158827266
correct_CP,C[C@H](CO)N1C[C@H](C)[C@@H](CN(C)C(=O)Cc2ccccc2)Oc2cc(-c3cncnc3)ccc2S1(=O)=O,10.1657,0.33034698396489,0.3432176928341617,-0.03308671642051693,0.3763044092546786,0.19642214767837762
correct_CP,C[C@H](CO)N1C[C@H](C)[C@@H](CN(C)C(=O)Cc2cccnc2)Oc2ncc(C#CC3(O)CCCC3)cc2C1=O,10.1939,0.18865655026941963,0.19094377267635587,0.003889933041498263,0.1870538396348576,0.12689456967175725
correct_CP,C[C@H](CO)N1C[C@H](C)[C@@H](CN(C)C(=O)Cc2ccncc2)Oc2ncc(C#C[C@@H](C)O)cc2C1=O,10.0039,-0.03571117758983947,-0.03572636989746453,-0.04789720311990349,0.012170833222438962,0.27387412544617784
correct_CP,C[C@H](CO)N1C[C@H](C)[C@@H](CN(C)C(=O)NC2CCCCC2)OCc2ccccc2-c2c(n(C)c3ccccc23)C1=O,10.0332,0.4286341789347888,0.45822223766480286,0.06516557223660369,0.39305666542819917,-0.0534766126619759
correct_CP,C[C@H](CO)N1C[C@H](C)[C@@H](CN(C)C(=O)NC2CCCCC2)Oc2c(NC(=O)c3ccncc3)cccc2C1=O,10.0408,0.31370026063439066,0.3246442953627762,-0.007091386852028014,0.33173568221480426,0.15607476702891668
correct_CP,C[C@H](CO)N1C[C@H](C)[C@@H](CN(C)C(=O)NC2CCCCC2)Oc2ccc(N(C)C)cc2CC1=O,9.88612,0.20465755452618933,0.20758892374424226,0.03071708741246673,0.17687183633177553,-0.06318777186779959
correct_CP,C[C@H](CO)N1C[C@H](C)[C@@H](CN(C)C(=O)Nc2ccc(F)cc2)Oc2c(NC(=O)c3cnccn3)cccc2C1=O,10.0482,-0.15449672445503013,-0.15574387458464095,-0.003176859672557644,-0.1525670149120833,0.10293873214908505
correct_CP,C[C@H](CO)N1C[C@H](C)[C@@H](CN(C)C(=O)Nc2ccc(F)cc2)Oc2ccc(NC(=O)C3CCCCC3)cc2CC1=O,9.65199,0.29434320405689496,0.3033148362854645,-0.050676541701078145,0.3539913779865427,0.207626534492441
correct_CP,C[C@H](CO)N1C[C@H](C)[C@@H](CN(C)C(=O)Nc2ccc(N3CCCCC3)cc2)OCc2cnnn2CCCC1=O,10.0731,0.10899880146501058,0.10943356699393837,0.0543436655283715,0.05508990146556687,-0.19830481469044672
correct_CP,C[C@H](CO)N1C[C@H](C)[C@@H](CN(C)C(=O)Nc2ccc3c(c2)OCO3)OCc2ccccc2-c2c(n(C)c3ccccc23)C1=O,9.97504,0.1789646061292837,0.18091283031700933,0.05041249117861599,0.13050033913839335,0.2518029106065198
correct_CP,C[C@H](CO)N1C[C@H](C)[C@@H](CN(C)C(=O)Nc2cccc3ccccc23)OCc2cn(nn2)CCCC1=O,10.1484,-0.36363955296295164,-0.38107370134757135,-0.025827130628223637,-0.35524657071934773,-0.209148553824327
correct_CP,C[C@H](CO)N1C[C@H](C)[C@@H](CN(C)C(=O)Nc2cccc3ccccc23)Oc2c(NC(=O)c3ccncc3)cccc2C1=O,10.048,-0.2713193915819617,-0.27828750903341004,0.0034094818694771637,-0.2816969909028872,0.0731703469035641
correct_CP,C[C@H](CO)N1C[C@H](C)[C@@H](CN(C)C(=O)Nc2cccc3ccccc23)Oc2ccc(NC(=O)c3ccncc3)cc2CC1=O,9.99608,0.3383610065975113,0.3522404674506728,0.003338821765859021,0.34890164568481374,-0.10142862226832648
correct_CP,C[C@H](CO)N1C[C@H](C)[C@@H](CN(C)C(=O)Nc2ccccc2)OCc2ccccc2-c2ccccc2C1=O,10.2371,0.4992227747316023,0.5482703802869342,-0.09584757037179183,0.644117950658726,-0.06493902880392242
correct_CP,C[C@H](CO)N1C[C@H](C)[C@@H](CN(C)C(=O)Nc2ccccc2)Oc2ccc(N(C)C)cc2CC1=O,10.1456,-0.1809877510563224,-0.183003702377984,0.042243156714734754,-0.22524685909271874,0.11639133834577534
correct_CP,C[C@H](CO)N1C[C@H](C)[C@@H](CN(C)C(=O)[C@H](Cc2ccccc2)N(C)C)OCc2ccccc2-c2c(n(C)c3ccccc23)C1=O,10.0224,-0.17199857409967367,-0.17372543850604694,0.14269154158577674,-0.3164169800918237,-0.23792822546687264
correct_CP,C[C@H](CO)N1C[C@H](C)[C@@H](CN(C)C(=O)c2ccc(F)cc2)Oc2cc(Br)ccc2S1(=O)=O,10.011,-0.027375080024471483,-0.027381921350271163,0.09578470317814186,-0.12316662452841302,0.030635530664750776
correct_CP,C[C@H](CO)N1C[C@H](C)[C@@H](CN(C)C(=O)c2ccccc2)OCCCC[C@H](C)Oc2ccc(N(C)C)cc2C1=O,10.0094,0.25343200051834186,0.25907698226860126,-0.07658399487299075,0.33566097714159204,0.10129950172212696
correct_CP,C[C@H](CO)N1C[C@H](C)[C@@H](CN(C)C(=O)c2ccccc2)OCCCC[C@H](C)Oc2ccc(NC(=O)CCCN(C)C)cc2C1=O,10.0817,0.2541367007219988,0.25983019425742393,-0.027485254990692858,0.2873154492481168,0.06841785203592413
correct_CP,C[C@H](CO)N1C[C@H](C)[C@@H](CN(C)C(=O)c2ccccc2)OCc2ccccc2-c2c(n(C)c3ccccc23)C1=O,10.0589,0.18945897507753567,0.19177594161499645,0.010996786646156581,0.18077915496883987,-0.16925446356566629
correct_CP,C[C@H](CO)N1C[C@H](C)[C@@H](CN(C)C(=O)c2ccccn2)Oc2ncc(C3=CCCC3)cc2C1=O,10.008,0.2664893735591614,0.2730809971102309,0.08308019755762282,0.19000079955260812,-0.024758527746977295
correct_CP,C[C@H](CO)N1C[C@H](C)[C@@H](CN(C)C(=O)c2ccncc2)Oc2ncc(C#CC3CCCC3)cc2C1=O,10.0567,0.31793926797613986,0.32935296565406663,-0.03741924232558427,0.36677220797965093,0.34648066497013696
correct_CP,C[C@H](CO)N1C[C@H](C)[C@@H](CN(C)C)OCCCC[C@H](C)Oc2ccc(N(C)C)cc2C1=O,10.0456,0.5205912891065321,0.5771505259726544,-0.011061595640944211,0.5882121216135986,0.3309854064710768
correct_CP,C[C@H](CO)N1C[C@H](C)[C@@H](CN(C)C)OCCCC[C@H](C)Oc2ccc(NC(=O)NC3CCCCC3)cc2C1=O,10.0535,0.11064480472285673,0.1110996651705848,0.051613254723873826,0.05948641044671097,-0.020083907731650252
correct_CP,C[C@H](CO)N1C[C@H](C)[C@@H](CN(C)C)OCCCC[C@H](C)Oc2ccc(NC(=O)Nc3ccc(F)cc3)cc2C1=O,9.98569,-0.1856962054720426,-0.18787594394447732,-0.05873032915453992,-0.1291456147899374,-0.16642471094957723
correct_CP,C[C@H](CO)N1C[C@H](C)[C@@H](CN(C)C)OCCCC[C@H](C)Oc2ccc(NC(=O)c3ccncc3)cc2C1=O,10.0051,-0.06730653001499833,-0.067408443822346,0.025174145142368556,-0.09258258896471455,0.02817420145642538
correct_CP,C[C@H](CO)N1C[C@H](C)[C@@H](CN(C)C)OCCCC[C@H](C)Oc2ccc(NS(=O)(=O)c3ccccc3)cc2C1=O,10.0117,-0.3982402502520164,-0.4215557410002678,-0.009496720529388467,-0.41205902047087933,-0.12389266027388654
correct_CP,C[C@H](CO)N1C[C@H](C)[C@@H](CN(C)C)Oc2cc(-c3ccccc3)ccc2S1(=O)=O,10.0186,0.019308924319151433,0.019311324534194513,0.011033150599814022,0.008278173934380491,0.040806381701018045
correct_CP,C[C@H](CO)N1C[C@H](C)[C@@H](CN(C)C)Oc2ccc(NC(=O)Cn3cnnn3)cc2CC1=O,10.1341,0.36861931249204066,0.3868243603355165,0.05551823815612314,0.33130612217939337,-0.1836286518278137
correct_CP,C[C@H](CO)N1C[C@H](C)[C@@H](CN(C)C)Oc2ccc(NC(=O)Nc3ccccc3)cc2CC1=O,10.0481,0.5623636979044334,0.6362834697702785,-0.034018805868790435,0.670302275639069,-0.09229299839192051
correct_CP,C[C@H](CO)N1C[C@H](C)[C@@H](CN(C)CC2CC2)OCCCC[C@H](C)Oc2ccc(NC(=O)c3ccncc3)cc2C1=O,10.0744,0.19265519912124318,0.19509326036872,0.0022167345095424063,0.19287652585917758,-0.10508483893734001
correct_CP,C[C@H](CO)N1C[C@H](C)[C@@H](CN(C)CC2CC2)Oc2ccc(N(C)C)cc2CC1=O,9.99583,-0.15351644826846905,-0.15473978324265086,0.006843643372241267,-0.16158342661489214,-0.063637655046799
correct_CP,C[C@H](CO)N1C[C@H](C)[C@@H](CN(C)CC2CCCCC2)Oc2ccc(NS(=O)(=O)c3ccc(Cl)cc3)cc2CC1=O,9.93811,0.47337666874164847,0.5144132737987364,-0.022841813917006702,0.537255087715743,-0.03601558079618565
correct_CP,C[C@H](CO)N1C[C@H](C)[C@@H](CN(C)CC2CCOCC2)Oc2cc(-c3cccnc3)ccc2S1(=O)=O,10.0919,-0.17158033294245356,-0.17329447903109726,0.045588658275864447,-0.2188831373069617,0.22124934153972947
correct_CP,C[C@H](CO)N1C[C@H](C)[C@@H](CN(C)Cc2ccc(-c3ccccc3)cc2)OCc2cnnn2CCCC1=O,10.0545,0.3707551761848698,0.38929834121229495,0.043980558883366175,0.3453177823289288,-0.09924160067107678
correct_CP,C[C@H](CO)N1C[C@H](C)[C@@H](CN(C)Cc2ccc(C(=O)O)cc2)Oc2ccc(NC(=O)Cc3ccccc3)cc2CC1=O,9.92959,-0.34021800839591293,-0.35433905392093024,-0.031978720028950205,-0.32236033389198004,-0.03761659919872662
correct_CP,C[C@H](CO)N1C[C@H](C)[C@@H](CN(C)Cc2ccc(C(F)(F)F)cc2)Oc2c(cccc2N(C)C)C1=O,10.0348,0.2842388143672928,0.29228744387426336,-0.0038663859050629776,0.29615382977932636,0.1532522930193852
correct_CP,C[C@H](CO)N1C[C@H](C)[C@@H](CN(C)Cc2ccc(C(F)(F)F)cc2)Oc2ccc(N(C)C)cc2CC1=O,9.88912,-0.24579347237537086,-0.2509308466415366,-0.020091856354785165,-0.23083899028675142,0.18078264152823081
correct_CP,C[C@H](CO)N1C[C@H](C)[C@@H](CN(C)Cc2ccc(Cl)c(Cl)c2)Oc2ccc(N(C)C)cc2C1=O,10.0924,0.3128919129162633,0.3237479691820723,-0.0031045249018704507,0.3268524940839428,0.02225842118712623
correct_CP,C[C@H](CO)N1C[C@H](C)[C@@H](CN(C)Cc2ccc3c(c2)OCCN3C)OCc2cn(nn2)CCCC1=O,10.3046,0.33752679103904126,0.3512986957572361,0.05901588726335266,0.29228280849388344,0.11571849343694893
correct_CP,C[C@H](CO)N1C[C@H](C)[C@@H](CN(C)Cc2ccc3c(c2)OCO3)OCCCC[C@H](C)Oc2ccc(NS(C)(=O)=O)cc2C1=O,10.0617,-0.049963218196718374,-0.05000485535820673,-0.004879428854362069,-0.04512542650384466,0.022466271707038573
correct_CP,C[C@H](CO)N1C[C@H](C)[C@@H](CN(C)Cc2ccc3c(c2)OCO3)OCc2cnnn2CCCC1=O,10.0108,0.059778514512565294,0.05984987316597514,0.021361270470577554,0.038488602695397583,0.13929497623102538
correct_CP,C[C@H](CO)N1C[C@H](C)[C@@H](CN(C)Cc2ccc3c(c2)OCO3)Oc2c(NC(=O)NC3CCCCC3)cccc2C1=O,10.1083,0.16512407328521653,0.16664986897679804,0.006769493173706136,0.1598803758030919,0.08415566174730359
correct_CP,C[C@H](CO)N1C[C@H](C)[C@@H](CN(C)Cc2ccc3c(c2)OCO3)Oc2ccc(NC(=O)C3CC3)cc2CC1=O,10.1075,0.3485590377431994,0.3638025738237006,0.0077003334572519275,0.3561022403664487,-0.0546640468883833
correct_CP,C[C@H](CO)N1C[C@H](C)[C@@H](CN(C)Cc2ccc3c(c2)OCO3)Oc2ccc(NC(=O)c3ccncc3)cc2C1=O,10.097,0.20057629705546445,0.20333293564193256,0.010101467168197025,0.19323146847373554,0.017889720888877712
correct_CP,C[C@H](CO)N1C[C@H](C)[C@@H](CN(C)Cc2ccc3cccnc3c2)OCc2cn(nn2)CCCC1=O,9.69064,0.034646281580205426,0.03466015429890669,0.06331579157624576,-0.028655637277339066,0.19438165271900829
correct_CP,C[C@H](CO)N1C[C@H](C)[C@@H](CN(C)Cc2ccc3cccnc3c2)OCc2cnnn2CCCC1=O,10.0185,0.26456383519280086,0.2710094013390441,0.09952504523856107,0.17148435610048304,0.029578176811324464
correct_CP,C[C@H](CO)N1C[C@H](C)[C@@H](CN(C)Cc2cccc(C(=O)O)c2)OCc2ccccc2-c2c(n(C)c3ccccc23)C1=O,10.1588,-0.643713434038333,-0.764488941307583,-0.09757604661894603,-0.666912894688637,-0.3302313000756945
correct_CP,C[C@H](CO)N1C[C@H](C)[C@@H](CN(C)Cc2cccc(C(=O)O)c2)OCc2ccccc2-c2ccccc2C1=O,9.87939,0.02161291048614988,0.02161627668876579,0.08184219762174502,-0.06022592093297923,0.35083923023929175
correct_CP,C[C@H](CO)N1C[C@H](C)[C@@H](CN(C)Cc2cccc(C(=O)O)c2)Oc2cc(C#CCC3CCCC3)ccc2S1(=O)=O,10.0075,0.16686938672504034,0.16844463762013515,0.03305823001252382,0.13538640760761134,0.15176745528892338
correct_CP,C[C@H](CO)N1C[C@H](C)[C@@H](CN(C)Cc2cccc(C(F)(F)F)c2)OCc2cnnn2CCCC1=O,10.0509,0.14613139147644377,0.1471851075934485,-0.08434782878069505,0.23153293637414354,-0.06128336332678114
correct_CP,C[C@H](CO)N1C[C@H](C)[C@@H](CN(C)Cc2cccc(F)c2)Oc2ncc(-c3ccccc3F)cc2C1=O,10.0564,0.25126425314673956,0.2567618041822667,0.006530189168511133,0.25023161501375557,0.04108969240595375
correct_CP,C[C@H](CO)N1C[C@H](C)[C@@H](CN(C)Cc2ccccc2)OCCCC[C@H](C)Oc2ccc(NC(=O)CCC(F)(F)F)cc2C1=O,9.95872,0.03266407468807679,0.03267569901908658,0.026552671442764623,0.0061230275763219585,0.2499337614342726
correct_CP,C[C@H](CO)N1C[C@H](C)[C@@H](CN(C)Cc2ccccc2)OCCCC[C@H](C)Oc2ccc(NC(=O)CCCN(C)C)cc2C1=O,10.0326,0.37022012987803676,0.38867816941791555,-0.02878271753750954,0.4174608869554251,0.01655668099359032
correct_CP,C[C@H](CO)N1C[C@H](C)[C@@H](CN(C)Cc2ccccc2C(F)(F)F)OCc2cnnn2CCCC1=O,10.2485,0.19794039946092087,0.20058805370663402,0.1214454448629384,0.07914260884369562,-0.12938472355366434
correct_CP,C[C@H](CO)N1C[C@H](C)[C@@H](CN(C)Cc2cccnc2)OCc2ccccc2-c2ccccc2C1=O,9.77323,-0.46114189593731136,-0.49876062551430533,-0.01983662448718574,-0.4789240010271196,0.2394248937109164
correct_CP,C[C@H](CO)N1C[C@H](C)[C@@H](CN(C)Cc2ccncc2)OCCCC[C@H](C)Oc2ccc(NC(=O)CCC(F)(F)F)cc2C1=O,10.01,-0.023929165295072677,-0.023933734184389436,0.06285631676041069,-0.08679005094480012,0.053776801137803934
correct_CP,C[C@H](CO)N1C[C@H](C)[C@@H](CN(C)Cc2ccncc2)OCCCC[C@H](C)Oc2ccc(NC(=O)NC3CCCCC3)cc2C1=O,10.0129,0.007751444924157067,0.007751600178014425,0.001428615006145783,0.006322985171868642,0.24396057986326752
correct_CP,C[C@H](CO)N1C[C@H](C)[C@@H](CN(C)Cc2ccncc2)OCCCC[C@H](C)Oc2ccc(NS(C)(=O)=O)cc2C1=O,10.0131,-0.12280077366849865,-0.12342369948599584,-0.06557284201967517,-0.05785085746632067,0.18287310155906053
correct_CP,C[C@H](CO)N1C[C@H](C)[C@@H](CN(C)S(=O)(=O)CC(F)(F)F)OCc2ccccc2-c2c(n(C)c3ccccc23)C1=O,10.031,0.20041637771311077,0.20316631849282574,-0.006948251209673847,0.2101145697024996,0.04853161874766096
correct_CP,C[C@H](CO)N1C[C@H](C)[C@@H](CN(C)S(=O)(=O)c2ccc(C#N)cc2)OCc2ccccc2-c2c(n(C)c3ccccc23)C1=O,9.86742,0.38455333848798456,0.40539229212287,-0.06905790842466508,0.47445020054753506,0.3900789929824797
correct_CP,C[C@H](CO)N1C[C@H](C)[C@@H](CN(C)S(=O)(=O)c2ccc(Cl)cc2)OCc2cnnn2CCCC1=O,10.0733,-0.029819772828761453,-0.02982861631556779,-0.03533923695694302,0.0055106206413752315,-0.03231738695995853
correct_CP,C[C@H](CO)N1C[C@H](C)[C@@H](CN(C)S(=O)(=O)c2ccc(F)cc2)OCc2cnnn2CCCC1=O,10.015,0.5469750673543627,0.6140547853751598,0.06134649567706935,0.5527082896980904,-0.3260133507919252
correct_CP,C[C@H](CO)N1C[C@H](C)[C@@H](CN(C)S(=O)(=O)c2ccc(F)cc2)Oc2ccc(NC(=O)CCCN(C)C)cc2CC1=O,9.95683,0.193903756566996,0.19639027035482232,-0.05367435885700693,0.25006462921182926,0.1471663489780406
correct_CP,C[C@H](CO)N1C[C@H](C)[C@@H](CN(C)S(=O)(=O)c2ccc3ccccc3c2)OCc2cn(nn2)CCCC1=O,10.0,-0.135743072429274,-0.13658615529649376,-0.03377983457466496,-0.1028063207218288,0.2119919792407765
correct_CP,C[C@H](CO)N1C[C@H](C)[C@@H](CN(C)S(=O)(=O)c2cccc(C#N)c2)OCc2ccccc2-c2c(n(C)c3ccccc23)C1=O,10.0092,0.4463748823860053,0.48016392459666823,-0.031193933453900338,0.5113578580505685,-0.09057105791626044
correct_CP,C[C@H](CO)N1C[C@H](C)[C@@H](CN(C)S(=O)(=O)c2ccccc2)OCc2cnnn2CCCC1=O,10.0435,0.5201285083823669,0.5765159064973027,-0.053238091663016185,0.6297539981603189,0.5724461785958893
correct_CP,C[C@H](CO)N1C[C@H](C)[C@@H](CN(C)S(=O)(=O)c2ccccc2)Oc2ccc(NC(=O)C3CC3)cc2CC1=O,9.95792,0.2305044000806621,0.23472210525670542,0.03372938981309151,0.2009927154436139,0.17179488294207404
correct_CP,C[C@H](CO)N1C[C@H](C)[C@@H](CN(C)S(=O)(=O)c2ccsc2)OCc2ccccc2-c2ccccc2C1=O,10.0762,-0.0757635188994103,-0.07590898388437262,-0.012794453759156523,-0.06311453012521609,-0.055630201587785325
correct_CP,C[C@H](CO)N1C[C@H](C)[C@@H](CN(C)S(=O)(=O)c2cn(C)cn2)Oc2ccc(N(C)C)cc2CC1=O,10.0245,0.3114130972345253,0.3221095021812495,-0.05237795420022085,0.37448745638147035,0.3320195090066452
correct_CP,C[C@H](CO)N1C[C@H](C)[C@@H](CN(C)S(C)(=O)=O)OCCCC[C@H](C)Oc2ccc(N(C)C)cc2C1=O,10.0221,0.2375547978912344,0.2421810673872421,0.10098905993823731,0.14119200744900479,0.051094511533555764
correct_CP,C[C@H](CO)N1C[C@H](C)[C@@H](CN(C)S(C)(=O)=O)Oc2cc(-c3ccc(F)cc3)ccc2S1(=O)=O,10.0321,0.2726965026647831,0.27977465161228343,-0.080542881374285,0.36031753298656843,0.11081924160376808
correct_CP,C[C@H](CO)N1C[C@H](C)[C@H](CN(C)C(=O)C2CC2)OCc2ccccc2-c2ccccc2C1=O,10.0757,-0.174070637302397,-0.17586145704453332,0.05344745571665952,-0.22930891276119283,-0.3234816906225394
correct_CP,C[C@H](CO)N1C[C@H](C)[C@H](CN(C)C(=O)C2CC2)OCc2cn(nn2)CCCC1=O,10.121,-0.05942725882837443,-0.05949736519208586,-0.030397697038689338,-0.02909966815339652,-0.11982107724374286
correct_CP,C[C@H](CO)N1C[C@H](C)[C@H](CN(C)C(=O)C2CCC2)Oc2cc(-c3ccc(C(=O)N(C)C)cc3)ccc2S1(=O)=O,10.0786,0.25502697768418053,0.2607821707151276,0.02855726636319427,0.23222490435193333,0.3149825318388018
correct_CP,C[C@H](CO)N1C[C@H](C)[C@H](CN(C)C(=O)C2CCCCC2)Oc2cc(C#CCN(C)C)ccc2S1(=O)=O,10.0901,-0.023876457197536314,-0.02388099595514966,0.02580136802746976,-0.049682363982619424,-0.07197488185474568
correct_CP,C[C@H](CO)N1C[C@H](C)[C@H](CN(C)C(=O)C2CCCCC2)Oc2ncc(Br)cc2C1=O,10.0116,-0.07876628246995766,-0.07892978354502081,0.1631722433235157,-0.24210202686853652,-0.23574882642089734
correct_CP,C[C@H](CO)N1C[C@H](C)[C@H](CN(C)C(=O)C2CCOCC2)Oc2ncc(C3=CCCC3)cc2C1=O,10.0807,0.19076528857126643,0.1931312393448146,0.04314732125180894,0.14998391809300565,0.08818949638490582
correct_CP,C[C@H](CO)N1C[C@H](C)[C@H](CN(C)C(=O)CCC(F)(F)F)OCc2ccccc2-c2c(n(C)c3ccccc23)C1=O,9.89643,0.3852158854558825,0.4061700537656984,0.027640572832055038,0.37852948093364336,-0.1444090479320414
correct_CP,C[C@H](CO)N1C[C@H](C)[C@H](CN(C)C(=O)CCC(F)(F)F)OCc2cn(nn2)CCCC1=O,10.2147,0.34999728365227684,0.36544065872178916,0.04109520677395548,0.3243454519478337,-0.14950752352444646
correct_CP,C[C@H](CO)N1C[C@H](C)[C@H](CN(C)C(=O)CN(C)C)Oc2ncc(C#CCC3CCCC3)cc2C1=O,10.0487,0.13527498885359965,0.13610931564931916,0.06089084491941466,0.07521847072990451,-0.1733306543909511
correct_CP,C[C@H](CO)N1C[C@H](C)[C@H](CN(C)C(=O)CN2CCOCC2)Oc2cc(/C=C/c3ccccc3)ccc2S1(=O)=O,10.0384,-0.029001239080893783,-0.02900937389524488,-0.024048316102749347,-0.004961057792495532,0.24174809072283107
correct_CP,C[C@H](CO)N1C[C@H](C)[C@H](CN(C)C(=O)Cc2ccccc2)OCc2ccccc2-c2c(n(C)c3ccccc23)C1=O,10.1263,0.6057268733026636,0.7021439647518966,0.08173275932887873,0.6204112054230179,0.059297956648194275
correct_CP,C[C@H](CO)N1C[C@H](C)[C@H](CN(C)C(=O)NC2CCCCC2)Oc2cc(C#Cc3cccc(F)c3)ccc2S1(=O)=O,10.0134,0.35162006741850554,0.367291180819589,0.010791337137606927,0.35649984368198206,0.3735962318569706
correct_CP,C[C@H](CO)N1C[C@H](C)[C@H](CN(C)C(=O)NC2CCCCC2)Oc2ccc(NC(=O)Cc3cn(C)c4ccccc34)cc2C1=O,10.0413,-0.2507533593493181,-0.2562165568309801,0.02240647430220405,-0.27862303113318415,-0.00030530626618720247
correct_CP,C[C@H](CO)N1C[C@H](C)[C@H](CN(C)C(=O)NC2CCCCC2)Oc2ncc(-c3cc4ccccc4o3)cc2C1=O,9.97957,0.34708786186368407,0.3621289164825581,0.2665762458032165,0.09555267067934164,0.02142613735705201
correct_CP,C[C@H](CO)N1C[C@H](C)[C@H](CN(C)C(=O)N[C@H](C)c2ccccc2)OCc2ccccc2-c2ccccc2C1=O,9.86838,0.4019907441916287,0.4260211169705043,-0.038507545547498016,0.46452866251800234,-0.00817063435436522
correct_CP,C[C@H](CO)N1C[C@H](C)[C@H](CN(C)C(=O)Nc2ccc(F)cc2)OCc2ccccc2-c2ccccc2C1=O,10.2032,0.3810394840682531,0.40127513006957105,0.08807228624210636,0.31320284382746466,0.10568953601557882
correct_CP,C[C@H](CO)N1C[C@H](C)[C@H](CN(C)C(=O)Nc2ccc3c(c2)OCO3)OCc2ccccc2-c2c(n(C)c3ccccc23)C1=O,10.0413,-0.0665948093521861,-0.06669351855338317,0.0612046900337123,-0.12789820858709547,-0.09147806491152602
correct_CP,C[C@H](CO)N1C[C@H](C)[C@H](CN(C)C(=O)Nc2ccc3c(c2)OCO3)OCc2ccccc2-c2ccccc2C1=O,10.0868,0.05299176445212526,0.0530414507308692,-0.01615040353966418,0.06919185427053338,0.13698699164918268
correct_CP,C[C@H](CO)N1C[C@H](C)[C@H](CN(C)C(=O)Nc2ccc3c(c2)OCO3)OCc2cnnn2CCCC1=O,10.0495,-0.019147646621442825,-0.019149987185367826,0.013626890502570481,-0.032776877687938306,0.040628064323393755
correct_CP,C[C@H](CO)N1C[C@H](C)[C@H](CN(C)C(=O)Nc2cccc(F)c2)OCc2cn(nn2)CCCC1=O,9.81445,0.29384437424735216,0.30276877717626477,0.16886528000777726,0.1339034971684875,-0.010994278144801028
correct_CP,C[C@H](CO)N1C[C@H](C)[C@H](CN(C)C(=O)Nc2cccc(Oc3ccccn3)c2)OCc2cn(nn2)CCCC1=O,10.2425,-0.07357551792135392,-0.07370871432454557,-0.06713788710115826,-0.00657082722338731,-0.027506914407455882
correct_CP,C[C@H](CO)N1C[C@H](C)[C@H](CN(C)C(=O)Nc2cccc3ccccc23)Oc2ncccc2C1=O,10.0023,0.03481602307933278,0.03483010079690728,0.005895255836931235,0.028934844959976044,-0.009662488135211473
correct_CP,C[C@H](CO)N1C[C@H](C)[C@H](CN(C)C(=O)Nc2ccnc(N3CCOCC3)c2)OCc2cn(nn2)CCCC1=O,10.0749,0.22305825301208543,0.226872194970894,0.07030312725622774,0.15656906771466628,0.15403460454049994
correct_CP,C[C@H](CO)N1C[C@H](C)[C@H](CN(C)C(=O)OCc2ccccc2)OCc2cnnn2CCCC1=O,10.0219,-0.05858033978733424,-0.058647487293543396,-0.07914997302352031,0.020502485729976913,0.19360683157634168
correct_CP,C[C@H](CO)N1C[C@H](C)[C@H](CN(C)C(=O)[C@@H](Cc2ccccc2)N(C)C)OCc2ccccc2-c2c(n(C)c3ccccc23)C1=O,10.4192,0.3681812678086802,0.38631752912911316,-0.04269751248243147,0.42901504161154463,0.01246358195171799
correct_CP,C[C@H](CO)N1C[C@H](C)[C@H](CN(C)C(=O)[C@H]2CCCN2C)OCc2ccccc2-c2ccccc2C1=O,9.84477,0.08979969643466879,0.09004225225004148,-0.04227089773323103,0.1323131499832725,0.007649667529891727
correct_CP,C[C@H](CO)N1C[C@H](C)[C@H](CN(C)C(=O)c2ccc(F)cc2)Oc2cc(C3=CCCC3)ccc2S1(=O)=O,10.0224,0.056907419334688715,0.05696896966950778,0.013411476459620821,0.04355749320988696,0.097983316216837
correct_CP,C[C@H](CO)N1C[C@H](C)[C@H](CN(C)C(=O)c2ccc3c(c2)OCO3)Oc2cc(C#Cc3ccccc3F)ccc2S1(=O)=O,10.001,0.2252036139238575,0.22913102871195543,-0.014463492724148843,0.24359452143610427,0.1586549248523098
correct_CP,C[C@H](CO)N1C[C@H](C)[C@H](CN(C)C(=O)c2ccc3c(c2)OCO3)Oc2ncc(C3=CCCC3)cc2C1=O,10.0142,0.07143386626577745,0.07155574381257716,-0.05489114523526648,0.12644688904784365,0.1163807512965778
correct_CP,C[C@H](CO)N1C[C@H](C)[C@H](CN(C)C(=O)c2cccc(F)c2)Oc2cc(C#CC3CC3)ccc2S1(=O)=O,9.94509,0.2730119235337913,0.28011544430379687,0.018588752359229563,0.2615266919445673,0.18722238822407417
correct_CP,C[C@H](CO)N1C[C@H](C)[C@H](CN(C)C(=O)c2ccccc2)OCCCC[C@H](C)Oc2ccc(NS(C)(=O)=O)cc2C1=O,10.0419,0.04652690487187348,0.046560521629597285,0.06119328145688828,-0.014632759827290995,-0.19106180808077938
correct_CP,C[C@H](CO)N1C[C@H](C)[C@H](CN(C)C(=O)c2ccccc2)OCc2ccccc2-c2ccccc2C1=O,9.87273,-0.00028740534878906124,-0.0002874053567024646,0.03917377711099416,-0.03946118246769662,0.0313548407709344
correct_CP,C[C@H](CO)N1C[C@H](C)[C@H](CN(C)C(=O)c2ccncc2)Oc2cc(-c3cccc(C#N)c3)ccc2S1(=O)=O,10.0243,-0.09619496901739126,-0.09649333984346192,0.05467718256349237,-0.15117052240695428,-0.1602828727688158
correct_CP,C[C@H](CO)N1C[C@H](C)[C@H](CN(C)C)OCCCC[C@H](C)Oc2ccc(NC(=O)CCC(F)(F)F)cc2C1=O,10.0044,-0.16553661734073308,-0.16707400646532086,0.025241625104591263,-0.19231563156991213,0.3731385930291978
correct_CP,C[C@H](CO)N1C[C@H](C)[C@H](CN(C)C)OCCCC[C@H](C)Oc2ccc(NC(=O)Cc3ccccc3)cc2C1=O,10.0527,0.43850094236532544,0.47037337110842015,-0.04225638467351904,0.5126297557819391,0.44613510828046726
correct_CP,C[C@H](CO)N1C[C@H](C)[C@H](CN(C)C)Oc2ccc(N(C)C)cc2C1=O,10.073,-0.07837384422243877,-0.07853490762260329,0.022238477876714326,-0.10077338549931761,0.009939371518592019
correct_CP,C[C@H](CO)N1C[C@H](C)[C@H](CN(C)CC2CC2)Oc2c(NC(=O)c3ccncc3)cccc2C1=O,10.1131,-0.26360651770122234,-0.2699803141992378,0.061296083301181095,-0.3312763975004189,-0.02636062724849305
correct_CP,C[C@H](CO)N1C[C@H](C)[C@H](CN(C)CC2CC2)Oc2cc(C#Cc3cccc(F)c3)ccc2S1(=O)=O,10.070014,0.39498314642697974,0.41769064898990366,0.015496917972166664,0.402193731017737,0.3400470458190752
correct_CP,C[C@H](CO)N1C[C@H](C)[C@H](CN(C)CC2CCCC2)Oc2ncc(C#Cc3ccccn3)cc2C1=O,10.0347,-0.22663071623204542,-0.23063488605158133,0.04124554106488408,-0.27188042711646543,0.1267354177084748
correct_CP,C[C@H](CO)N1C[C@H](C)[C@H](CN(C)CC2CCCCC2)Oc2c(NC(=O)C3CCOCC3)cccc2C1=O,10.0303,-0.05415054425718173,-0.0542035657849393,0.03308833233739847,-0.08729189812233777,-0.0005112286512422501
correct_CP,C[C@H](CO)N1C[C@H](C)[C@H](CN(C)CC2CCCCC2)Oc2ccc(NC(=O)C3CC3)cc2C1=O,10.1431,0.2990654331479559,0.3084929236207828,0.06486114734662632,0.24363177627415647,-0.03861075729394012
correct_CP,C[C@H](CO)N1C[C@H](C)[C@H](CN(C)Cc2ccc(C(=O)O)cc2)Oc2c(NC(=O)C3CC3)cccc2C1=O,10.1494,0.07815618499224063,0.07831590692188703,-0.008006321800451579,0.0863222287223386,0.04508647522129143
correct_CP,C[C@H](CO)N1C[C@H](C)[C@H](CN(C)Cc2ccc(C(F)(F)F)cc2)OCc2cn(nn2)CCCC1=O,9.78084,-0.4248807052233857,-0.45363294255518616,0.10746392352100499,-0.5610968660761911,-0.19915074363703228
correct_CP,C[C@H](CO)N1C[C@H](C)[C@H](CN(C)Cc2ccc(C(F)(F)F)cc2)OCc2cnnn2CCCC1=O,9.90465,0.26147552019005543,0.2676915565677904,0.06895090413051472,0.1987406524372757,0.05495231086020409
correct_CP,C[C@H](CO)N1C[C@H](C)[C@H](CN(C)Cc2ccc(F)cc2)Oc2ncc(/C=C/c3ccccc3)cc2C1=O,10.0228,0.35800879379542194,0.37460008877554724,0.005793842742300829,0.3688062460332464,0.16065764056649348
correct_CP,C[C@H](CO)N1C[C@H](C)[C@H](CN(C)Cc2ccc(Oc3ccccc3)cc2)OCc2cnnn2CCCC1=O,9.8894,-0.0680073252373371,-0.06811246168754322,0.01504357646606618,-0.08315603815360939,-0.07469093388977847
correct_CP,C[C@H](CO)N1C[C@H](C)[C@H](CN(C)Cc2ccc3c(c2)OCCO3)OCc2cnnn2CCCC1=O,9.79128,0.28246499747387305,0.2903587769010163,0.0464737456252472,0.2438850312757691,-0.06628405847234199
correct_CP,C[C@H](CO)N1C[C@H](C)[C@H](CN(C)Cc2ccc3c(c2)OCO3)OCc2cn(nn2)CCCC1=O,9.73636,0.13350371547522147,0.13430546329279236,0.2212870057725646,-0.08698154247977224,-0.16491618197492572
correct_CP,C[C@H](CO)N1C[C@H](C)[C@H](CN(C)Cc2ccc3c(c2)OCO3)Oc2cc(-c3cccc(C(=O)N(C)C)c3)ccc2S1(=O)=O,10.0116,0.2853084785344247,0.29345150927379693,-0.03418530400347288,0.3276368132772698,0.09176675034302391
correct_CP,C[C@H](CO)N1C[C@H](C)[C@H](CN(C)Cc2ccc3c(c2)OCO3)Oc2ncc(-c3ccc(F)cc3)cc2C1=O,10.1717,0.09440955091830251,0.09469155651370506,0.05264114581838539,0.04205041069531967,-0.07320769857701498
correct_CP,C[C@H](CO)N1C[C@H](C)[C@H](CN(C)Cc2cccc(C(=O)O)c2)Oc2cc(C3=CCCCC3)ccc2S1(=O)=O,10.0294,0.02620316530855551,0.026209164862737253,0.025532207477433767,0.0006769573853034859,-0.04526494830069261
correct_CP,C[C@H](CO)N1C[C@H](C)[C@H](CN(C)Cc2cccc(C(F)(F)F)c2)Oc2ncccc2C1=O,10.0137,-0.04717570169138255,-0.04721074574305721,-0.02388298060094813,-0.023327765142109082,0.05222440235793746
correct_CP,C[C@H](CO)N1C[C@H](C)[C@H](CN(C)Cc2cccc(O)c2)OCc2cnnn2CCCC1=O,10.5087,0.3040622414634692,0.3139896217928167,0.03695396671729277,0.2770356550755239,0.3228207951971428
correct_CP,C[C@H](CO)N1C[C@H](C)[C@H](CN(C)Cc2cccc3c2OCCCO3)OCc2ccccc2-c2ccccc2C1=O,9.84538,-0.014370752229890156,-0.014371741627982739,-0.05024383777744586,0.035872096149463115,0.24832833707085916
correct_CP,C[C@H](CO)N1C[C@H](C)[C@H](CN(C)Cc2ccccc2)OCCCC[C@H](C)Oc2ccc(N(C)C)cc2C1=O,10.0144,0.2835453809934375,0.2915332243454917,0.026428245190667655,0.26510497915482406,0.15298308839544583
correct_CP,C[C@H](CO)N1C[C@H](C)[C@H](CN(C)Cc2ccccc2)OCCCC[C@H](C)Oc2ccc(NC(=O)CCC(F)(F)F)cc2C1=O,9.99828,0.15517310807113718,0.15643687204789536,-0.05299145610736408,0.20942832815525944,-0.03858611878062934
correct_CP,C[C@H](CO)N1C[C@H](C)[C@H](CN(C)Cc2ccccc2)Oc2cc(/C=C/c3ccccc3)ccc2S1(=O)=O,10.1709,0.06293102367816762,0.06301429717401671,-0.1281395814268551,0.19115387860087182,0.11796203451833918
correct_CP,C[C@H](CO)N1C[C@H](C)[C@H](CN(C)Cc2ccccc2C(=O)O)Oc2cc(-c3ccc(F)cc3)ccc2S1(=O)=O,10.0896,0.3234341018071661,0.33547768811201883,-0.002239371899406952,0.33771706001142576,-0.03766475291142139
correct_CP,C[C@H](CO)N1C[C@H](C)[C@H](CN(C)Cc2ccccc2F)Oc2ncc(C3=CCCC3)cc2C1=O,10.0515,-0.011574223253220505,-0.011574740132616081,0.03079909436235737,-0.04237383449497345,-0.09247475568870578
correct_CP,C[C@H](CO)N1C[C@H](C)[C@H](CN(C)Cc2ccccn2)Oc2ncc(-c3cccc(F)c3)cc2C1=O,9.9949,0.12455259137005718,0.125202729575924,0.02051271795180555,0.10469001162411844,0.06309495866804961
correct_CP,C[C@H](CO)N1C[C@H](C)[C@H](CN(C)Cc2cccnc2)OCc2cn(nn2)CCCC1=O,9.80361,-0.3721916566587926,-0.39096477792250994,0.016129573618915788,-0.4070943515414257,0.14650900106328363
correct_CP,C[C@H](CO)N1C[C@H](C)[C@H](CN(C)Cc2cccnc2)OCc2cnnn2CCCC1=O,10.1155,0.27935207259819306,0.28697916447957816,0.09894324239942576,0.1880359220801524,0.021896515382960016
correct_CP,C[C@H](CO)N1C[C@H](C)[C@H](CN(C)Cc2cccnc2)Oc2ncc(C#CC3CCCCC3)cc2C1=O,10.0191,0.20343277568564333,0.20631093644415394,-0.012946292152699877,0.21925722859685381,0.18911624037579655
correct_CP,C[C@H](CO)N1C[C@H](C)[C@H](CN(C)Cc2ccncc2)OCCCC[C@H](C)Oc2ccc(NS(C)(=O)=O)cc2C1=O,10.0519,0.21126368998691486,0.21449370417967956,-0.03446017829625597,0.24895388247593553,0.23094987113753404
correct_CP,C[C@H](CO)N1C[C@H](C)[C@H](CN(C)S(=O)(=O)CC(F)(F)F)OCc2ccccc2-c2ccccc2C1=O,10.0147,-0.12530835190437933,-0.12597047279564388,0.1058014888662221,-0.23177196166186598,-0.019335571316994996
correct_CP,C[C@H](CO)N1C[C@H](C)[C@H](CN(C)S(=O)(=O)c2ccc(C#N)cc2)OCc2ccccc2-c2ccccc2C1=O,10.1655,0.1894946021727616,0.19181289540499755,0.046801429069435026,0.14501146633556253,-0.02268406391658788
correct_CP,C[C@H](CO)N1C[C@H](C)[C@H](CN(C)S(=O)(=O)c2ccc(F)cc2)OCc2ccccc2-c2ccccc2C1=O,9.90266,-0.07392742896629746,-0.07406254998439016,-0.00038700318525792306,-0.07367554679913224,-0.22571201919446243
correct_CP,C[C@H](CO)N1C[C@H](C)[C@H](CN(C)S(=O)(=O)c2ccc(F)cc2)OCc2cn(nn2)CCCC1=O,10.0667,0.0032173585538643355,0.003217369655317509,-0.020817955053286315,0.024035324708603825,0.10066464596788124
correct_CP,C[C@H](CO)N1C[C@H](C)[C@H](CN(C)S(=O)(=O)c2ccc(F)cc2)OCc2cnnn2CCCC1=O,10.0444,0.19796687948235567,0.2006156136834955,-0.060003272792638035,0.2606188864761335,-0.02603540771508922
correct_CP,C[C@H](CO)N1C[C@H](C)[C@H](CN(C)S(=O)(=O)c2ccc(F)cc2)Oc2ccc(NC(=O)CCN3CCOCC3)cc2C1=O,9.98044,0.16951119329084774,0.17116335289739157,0.07872564381038778,0.09243770908700379,-0.2342008208416575
correct_CP,C[C@H](CO)N1C[C@H](C)[C@H](CN(C)S(=O)(=O)c2ccc(Oc3ccccc3)cc2)OCc2cnnn2CCCC1=O,10.0207,0.3390051179815569,0.3529680354449071,-0.0053928979895296325,0.35836093343443676,0.5477395118377242
correct_CP,C[C@H](CO)N1C[C@H](C)[C@H](CN(C)S(=O)(=O)c2ccc3ccccc3c2)OCc2cn(nn2)CCCC1=O,10.3357,0.3546257309005785,0.3707250355619683,-0.02446193601692533,0.3951869715788936,0.2633266293093154
correct_CP,C[C@H](CO)N1C[C@H](C)[C@H](CN(C)S(=O)(=O)c2cccc(F)c2)OCc2cn(nn2)CCCC1=O,9.92906,0.4396957937236333,0.47185362708248113,-0.08529430265737814,0.5571479297398593,-0.027462985006728877
correct_CP,C[C@H](CO)N1C[C@H](C)[C@H](CN(C)S(=O)(=O)c2cccc(F)c2)Oc2ncc(-c3cc4ccccc4o3)cc2C1=O,9.89733,-0.06493367030426385,-0.06502516358797633,0.05451427589268805,-0.11953943948066438,-0.056381826868319336
correct_CP,C[C@H](CO)N1C[C@H](C)[C@H](CN(C)S(=O)(=O)c2ccccc2F)OCc2ccccc2-c2c(n(C)c3ccccc23)C1=O,9.79256,0.2513908788517155,0.2568969675556757,0.04390513705130879,0.21299183050436693,-0.05787577305021954
correct_CP,C[C@H](CO)N1C[C@H](C)[C@H](CN(C)S(=O)(=O)c2ccccc2F)OCc2ccccc2-c2ccccc2C1=O,10.0185,-0.09166110450297028,-0.09191911119151236,-0.023036106428752923,-0.06888300476275944,0.07212618065899351
correct_CP,C[C@H](CO)N1C[C@H](C)[C@H](CN(C)S(=O)(=O)c2ccccc2F)Oc2ncc(C#Cc3cccnc3)cc2C1=O,10.051,-0.3070452213028089,-0.3172797848418473,0.0036766575773787497,-0.32095644241922605,0.03656771283839259
correct_CP,C[C@H](CO)N1C[C@H](C)[C@H](CN(C)S(=O)(=O)c2ccsc2)OCc2ccccc2-c2c(n(C)c3ccccc23)C1=O,10.2675,0.15041270705944024,0.1515626694124531,0.1412741899717473,0.010288479440705822,-0.291451438490162
correct_CP,C[C@H](CO)N1C[C@H](C)[C@H](CN(C)S(=O)(=O)c2cn(C)cn2)OCc2ccccc2-c2c(n(C)c3ccccc23)C1=O,10.3119,-0.18500478580321003,-0.18715992557056527,0.19488371461675796,-0.38204364018732323,-0.39025349614787297
correct_CP,C[C@H](CO)N1C[C@H](C)[C@H](CN(C)S(=O)(=O)c2cn(C)cn2)Oc2cc(C3=CCCCC3)ccc2S1(=O)=O,10.0678,0.3010419003119899,0.3106649435068395,0.03226642809138039,0.2783985154154591,-0.19456248256020678
correct_CP,C[C@H](CO)N1C[C@H](C)[C@H](CN(C)S(C)(=O)=O)OCCCC[C@H](C)Oc2ccc(NC(=O)CCCN(C)C)cc2C1=O,9.91048,0.48284687735495063,0.5266900394344174,0.05644636958776256,0.47024366984665483,0.4399863749469492
correct_CP,C[C@H](CO)N1C[C@H](C)[C@H](CN(C)S(C)(=O)=O)Oc2cc(C#CC3CC3)ccc2S1(=O)=O,10.0302,-0.32682081953852865,-0.33926473144227376,0.03579811845873729,-0.375062849901011,-0.19702373012637103
correct_CP,C[C@H](NC(=O)C[C@@H]1C=C[C@@H](NC(=O)C2CCC2)[C@@H](CO)O1)c1ccccc1,10.0408,0.4430962835257835,0.47607695851045684,0.05488692698946647,0.4211900315209904,-0.21606576697352464
correct_CP,C[C@H](NC(=O)C[C@@H]1C=C[C@@H](NC(=O)CN2CCOCC2)[C@H](CO)O1)c1ccccc1,10.0407,0.03468040357604299,0.03469431734326193,0.06605073053720553,-0.031356413193943604,-0.1094676174437403
correct_CP,C[C@H](NC(=O)C[C@@H]1C=C[C@@H](NS(=O)(=O)c2cccc(F)c2)[C@@H](CO)O1)c1ccccc1,10.0402,0.5924061364911324,0.6813650993372662,0.02734007562871363,0.6540250237085525,-0.28753806900826695
correct_CP,C[C@H](NC(=O)C[C@@H]1C=C[C@H](NC(=O)Nc2ccc3c(c2)OCO3)[C@@H](CO)O1)c1ccccc1,10.0377,0.24203819188766665,0.24693800651792508,-0.0615213081627385,0.30845931468066357,0.12522450832002735
correct_CP,C[C@H](NC(=O)C[C@@H]1CC[C@@H](NC(=O)C2CCC2)[C@@H](CO)O1)c1ccccc1,10.1187,-0.0967300452964423,-0.09703344179277824,0.012516461648044472,-0.10954990344082272,0.014845145564766314
correct_CP,C[C@H](NC(=O)C[C@@H]1CC[C@@H](NC(=O)Cc2ccccn2)[C@H](CO)O1)c1ccccc1,10.0067,0.2793675712526283,0.2869959750641433,-0.012906608658977102,0.2999025837231204,0.12585603285709077
correct_CP,C[C@H](NC(=O)C[C@@H]1CC[C@H](NC(=O)Cc2ccccn2)[C@H](CO)O1)c1ccccc1,10.092,0.024235600848789347,0.024240347564366944,-0.040318077876715805,0.06455842544108276,0.17347031826168202
correct_CP,C[C@H](NC(=O)C[C@@H]1CC[C@H](NS(=O)(=O)c2cccc(F)c2)[C@@H](CO)O1)c1ccccc1,10.0041,0.2449345928870323,0.2500169471253215,0.10605195921704999,0.14396498790827153,0.11905196686425731
correct_CP,C[C@H](NC(=O)C[C@@H]1CC[C@H](NS(=O)(=O)c2cccc(F)c2)[C@H](CO)O1)c1ccccc1,10.0791,-0.001976451452736316,-0.001976454026319541,0.07562709903208922,-0.07760355305840877,-0.00851068666766247
correct_CP,C[C@H](NC(=O)C[C@@H]1CC[C@H]2[C@@H](COC[C@H](O)CN2C(=O)Nc2cccc(Cl)c2)O1)c1ccccc1,10.0602,-0.4964943131416389,-0.5446427602153681,-0.03836943909337917,-0.5062733211219889,-0.014934238929317598
correct_CP,C[C@H](NC(=O)C[C@@H]1CC[C@H]2[C@@H](COc3ccc(NS(=O)(=O)c4ccc(Cl)cc4)cc3C(=O)N2C)O1)c1ccccc1,10.0597,0.2962180814194331,0.3053688010158573,-0.01818200749559979,0.32355080851145707,0.09659784137869343
correct_CP,C[C@H](NC(=O)C[C@@H]1C[C@H]2c3cc(NC(=O)CN(C)C)ccc3O[C@H]2[C@@H](CO)O1)c1ccccc1,9.88297,-0.09835135271459633,-0.09867032318046799,-0.023531484063336026,-0.07513883911713197,0.1678634921084937
correct_CP,C[C@H](NC(=O)C[C@@H]1C[C@H]2c3cc(NC(=O)NC4CCCCC4)ccc3O[C@H]2[C@@H](CO)O1)c1ccccc1,9.97043,0.37445600671408735,0.3935958199562206,-0.07260427041314572,0.4662000903693663,0.08637077079136854
correct_CP,C[C@H](NC(=O)C[C@@H]1C[C@H]2c3cc(NC(=O)NC4CCCCC4)ccc3O[C@H]2[C@H](CO)O1)c1ccccc1,10.0368,0.14642569180376205,0.147485842879877,-0.006290382081417377,0.1537762249612944,-0.05769217453420875
correct_CP,C[C@H](NC(=O)C[C@@H]1C[C@H]2c3cc(NS(=O)(=O)c4ccc(F)cc4)ccc3O[C@H]2[C@H](CO)O1)c1ccccc1,9.99168,0.4122977481086389,0.4383764101375909,-0.08917491231219785,0.5275513224497888,0.16610724385913928
correct_CP,C[C@H](NC(=O)C[C@H]1C=C[C@@H](NC(=O)C2CCC2)[C@H](CO)O1)c1ccccc1,10.0265,0.050216292338756595,0.05025856605759221,0.01173358612318072,0.038524979934411493,-0.21175728853521297
correct_CP,C[C@H](NC(=O)C[C@H]1C=C[C@@H](NC(=O)c2cccnc2)[C@@H](CO)O1)c1ccccc1,10.0742,-0.13575558777863056,-0.13659890560705137,0.04040955754030305,-0.1770084631473544,-0.16295383812643327
correct_CP,C[C@H](NC(=O)C[C@H]1CC[C@@H](NC(=O)Cc2ccccn2)[C@H](CO)O1)c1ccccc1,10.07,-0.03700846034438282,-0.03702537016082879,-0.020691198968732394,-0.016334171192096396,-0.1447911711128464
correct_CP,C[C@H](NC(=O)C[C@H]1CC[C@@H]2[C@H](COC[C@H](O)CN2C(=O)Nc2cccc(Cl)c2)O1)c1ccccc1,10.0494,0.07649058941931938,0.07664029261146593,-0.08246203103596708,0.159102323647433,0.013634505463416893
correct_CP,C[C@H](NC(=O)C[C@H]1CC[C@H](NC(=O)C2CCC2)[C@H](CO)O1)c1ccccc1,10.0764,0.25547826398914825,0.26126490933452057,-0.044871935287454506,0.3061368446219751,0.3303475834122327
correct_CP,C[C@H](NC(=O)C[C@H]1CC[C@H](NC(=O)Cc2ccccn2)[C@H](CO)O1)c1ccccc1,9.9867,0.1720615639411416,0.17379034934116477,0.0010304615512356195,0.17275988778992915,-0.08286285957654721
correct_CP,C[C@H](NC(=O)C[C@H]1C[C@@H]2c3cc(NC(=O)Cc4ccncc4)ccc3O[C@@H]2[C@@H](CO)O1)c1ccccc1,10.0286,-0.010339732660840059,-0.010340101158330683,0.00504531592030847,-0.015385417078639153,0.15800378816746524
correct_CP,C[C@H](NC(=O)C[C@H]1C[C@@H]2c3cc(NC(=O)c4cccnc4)ccc3O[C@@H]2[C@@H](CO)O1)c1ccccc1,9.97888,-0.0813253009688587,-0.08150530570290206,-0.04271398992106817,-0.03879131578183389,0.12291290085607595
correct_CP,C[C@H](NC(=O)C[C@H]1C[C@H]2c3cc(N(C)C)ccc3O[C@H]2[C@@H](CO)O1)c1ccccc1,10.0292,0.16831762164308417,0.16993472580373048,0.14313201506942627,0.026802710734304208,-0.04596770763641668
correct_CP,C[C@H](NC(=O)C[C@H]1C[C@H]2c3cc(NC(=O)NC4CCCCC4)ccc3O[C@H]2[C@@H](CO)O1)c1ccccc1,10.1535,-0.013247657526610293,-0.01324843259809104,0.07001382730308901,-0.08326225990118005,-0.2497382103612259
correct_CP,C[C@H](NC(=O)C[C@H]1C[C@H]2c3cc(NC(=O)Nc4ccc(C(F)(F)F)cc4)ccc3O[C@H]2[C@H](CO)O1)c1ccccc1,10.0819,-0.02173506823490669,-0.02173849184969066,0.058018502113644156,-0.07975699396333481,0.21323486511334974
correct_CP,C[C@H](NC(=O)N(C)C[C@@H]1OCc2ccccc2-c2c(n(C)c3ccccc23)C(=O)N([C@H](C)CO)C[C@H]1C)c1ccccc1,10.1195,0.4854762588202627,0.5301245072209276,0.008518016995055694,0.5216064902258719,0.02997535970463902
correct_CP,C[C@H](NC(=O)N(C)C[C@H]1OCc2ccccc2-c2ccccc2C(=O)N([C@@H](C)CO)C[C@@H]1C)c1ccccc1,10.3713,-0.4781011384694099,-0.5205198555947024,0.06875586720253979,-0.5892757227972422,0.09062470679675469
correct_CP,C[C@H](NC(=O)N(C)C[C@H]1OCc2ccccc2-c2ccccc2C(=O)N([C@@H](C)CO)C[C@H]1C)c1ccccc1,9.75333,0.4557589565848654,0.49194521001181946,0.0470828423098473,0.4448623677019722,-0.06005019175359714
correct_CP,C[C@H](NC(=O)[C@H]1[C@H](CO)[C@H]2Cn3c(cccc3=O)[C@@H]1N2CCC(F)(F)F)c1ccccc1,10.0574,0.12937177183474727,0.1301008752898879,0.04611932842220891,0.08398154686767899,0.25562910669144684
correct_CP,C[C@H](NC(=O)[C@H]1[C@H](CO)[C@H]2Cn3c(cccc3=O)[C@H]2N1S(C)(=O)=O)c1ccccc1,10.016,-0.3962661537441944,-0.4192117353848624,-0.022498496794522517,-0.39671323859033986,-0.004994448055779543
correct_CP,C[C@H](O)C#Cc1ccc2c(c1)O[C@H](CN(C)Cc1ccc(-c3ccccc3)cc1)[C@@H](C)CN([C@@H](C)CO)S2(=O)=O,10.0685,0.06712944465765915,0.06723055471568597,0.025550336985035872,0.041680217730650095,0.08949505130580793
correct_CP,C[C@H](O)C#Cc1ccc2c(c1)O[C@H](CN(C)Cc1ccc(-c3ccccc3)cc1)[C@@H](C)CN([C@H](C)CO)S2(=O)=O,10.0132,0.2985072843408078,0.307880062680121,0.0009597513803162837,0.30692031129980474,0.38948529343173577
correct_CP,C[C@H](O)C#Cc1cnc2c(c1)C(=O)N([C@@H](C)CO)C[C@H](C)[C@@H](CN(C)Cc1ccc(-c3ccccc3)cc1)O2,10.0575,-0.11273701040322635,-0.11321830135009173,-0.01835970171194607,-0.09485859963814566,0.037078017448013464
correct_CP,C[C@H](O)C#Cc1cnc2c(c1)C(=O)N([C@@H](C)CO)C[C@H](C)[C@H](CN(C)Cc1ccc(-c3ccccc3)cc1)O2,10.0434,0.3182970148392798,0.3297509925028955,0.032019373280677076,0.29773161922221847,0.20750369613928102
correct_CP,C[C@H](O)C#Cc1cnc2c(c1)C(=O)N([C@H](C)CO)C[C@@H](C)[C@H](CN(C)Cc1ccc(-c3ccccc3)cc1)O2,10.0611,-0.1358645937742743,-0.13670995993104984,0.024120223543298198,-0.16083018347434805,-0.21611936880681473
correct_CP,C[C@H](O)C#Cc1cnc2c(c1)C(=O)N([C@H](C)CO)C[C@H](C)[C@@H](CN(C)C(=O)Cc1ccncc1)O2,10.0434,-0.1492318020066147,-0.1503546481048544,0.0190964623894018,-0.1694511104942562,-0.26931353968745425
correct_CP,C[C@H](O)C#Cc1cnc2c(c1)C(=O)N([C@H](C)CO)C[C@H](C)[C@H](CN(C)C(=O)Cc1ccncc1)O2,10.2654,0.10101505889186374,0.10136076523971341,-0.05834446474867544,0.15970522998838885,0.0689987024612389
correct_CP,C[C@H](O)C#Cc1cnc2c(c1)C(=O)N([C@H](C)CO)C[C@H](C)[C@H](CN(C)CC1CCOCC1)O2,10.0432,0.008270259188620462,0.008270447750513667,0.02982549842952844,-0.021555050679014774,-0.13316990980003252
correct_CP,C[C@H](O)C#Cc1cnc2c(c1)C(=O)N([C@H](C)CO)C[C@H](C)[C@H](CN(C)Cc1ccc(-c3ccccc3)cc1)O2,10.074,0.09992924516715464,0.10026387871361297,0.025114607301504256,0.07514927141210873,0.05564022218099093
correct_CP,C[C@H]1CCCCO[C@@H](CN(C)C(=O)CCC(F)(F)F)[C@@H](C)CN([C@@H](C)CO)C(=O)c2cc(N(C)C)ccc2O1,10.0044,0.17671965153490213,0.1785945525431825,0.08981821980051977,0.08877633274266272,0.16465321552741805
correct_CP,C[C@H]1CCCCO[C@@H](CN(C)C(=O)Nc2ccc(F)cc2)[C@@H](C)CN([C@@H](C)CO)C(=O)c2cc(N(C)C)ccc2O1,10.0377,0.13468861618876768,0.13551206093320806,-0.05059393433437206,0.18610599526758012,-0.044916240433152614
correct_CP,C[C@H]1CCCCO[C@@H](CN(C)C)[C@@H](C)CN([C@@H](C)CO)C(=O)c2cc(N(C)C)ccc2O1,10.1063,-0.2574278903388559,-0.26335178665637843,0.05781806586077276,-0.3211698525171512,0.13894732165565293
correct_CP,C[C@H]1CCCCO[C@@H](CN(C)C)[C@@H](C)CN([C@@H](C)CO)C(=O)c2cc(NC(=O)CCC(F)(F)F)ccc2O1,10.0186,-0.05338036455807222,-0.05343115321558575,0.05500288632019058,-0.10843403953577634,0.0499945391267433
correct_CP,C[C@H]1CCCCO[C@@H](CN(C)C)[C@@H](C)CN([C@@H](C)CO)C(=O)c2cc(NC(=O)Nc3ccc4c(c3)OCO4)ccc2O1,10.1076,-0.03630775581026128,-0.036323722712153596,0.03734773124792254,-0.07367145396007613,-0.29443483820752736
correct_CP,C[C@H]1CCCCO[C@@H](CN(C)C)[C@@H](C)CN([C@@H](C)CO)C(=O)c2cc(NC(=O)Nc3cccc4ccccc34)ccc2O1,10.1267,-0.003649871188030538,-0.003649887395485713,0.011324857180225618,-0.014974744575711331,-0.058857490491785916
correct_CP,C[C@H]1CCCCO[C@@H](CN(C)C)[C@@H](C)CN([C@@H](C)CO)C(=O)c2cc(NC(=O)c3ccccc3)ccc2O1,10.0046,0.0299784180838571,0.02998740351975714,0.058801968512862304,-0.028814564993105165,-0.10448585128857049
correct_CP,C[C@H]1CCCCO[C@@H](CN(C)CC2CCCCC2)[C@@H](C)CN([C@@H](C)CO)C(=O)c2cc(NS(C)(=O)=O)ccc2O1,10.0521,-0.07943448248164078,-0.0796021907471449,0.02708462839358706,-0.10668681914073197,0.4499929186904214
correct_CP,C[C@H]1CCCCO[C@@H](CN(C)Cc2ccncc2)[C@@H](C)CN([C@@H](C)CO)C(=O)c2cc(NC(=O)NC3CCCCC3)ccc2O1,10.0823,0.13434200257223755,0.13515905998363578,0.11660621734546493,0.01855284263817085,-0.20105178102075288
correct_CP,C[C@H]1CCCCO[C@@H](CN(C)Cc2ccncc2)[C@@H](C)CN([C@@H](C)CO)C(=O)c2cc(NS(C)(=O)=O)ccc2O1,9.85088,-0.3441804971541907,-0.35882710378033855,0.010525647740060465,-0.36935275152039904,-0.09836737651178355
correct_CP,C[C@H]1CCCCO[C@@H](CN(C)S(=O)(=O)c2ccc(Cl)cc2)[C@@H](C)CN([C@@H](C)CO)C(=O)c2cc(N(C)C)ccc2O1,10.0838,-0.07211146714878185,-0.07223685333233508,0.017536724963411146,-0.08977357829574623,0.13831492214841534
correct_CP,C[C@H]1CCCCO[C@H](CN(C)C(=O)C2CCCCC2)[C@@H](C)CN([C@@H](C)CO)C(=O)c2cc(N(C)C)ccc2O1,9.97134,0.51168788835355,0.5650136689626197,-0.017335370644323177,0.582349039606943,-0.068784890659644
correct_CP,C[C@H]1CCCCO[C@H](CN(C)C(=O)CCCN(C)C)[C@@H](C)CN([C@@H](C)CO)C(=O)c2cc(NC(=O)c3ccccc3)ccc2O1,10.0762,0.1363734424911171,0.13722841479228576,-0.002849899034188811,0.14007831382647457,-0.06504256560469375
correct_CP,C[C@H]1CCCCO[C@H](CN(C)C)[C@@H](C)CN([C@@H](C)CO)C(=O)c2cc(NC(=O)CCC(F)(F)F)ccc2O1,10.05,-0.08575532136337646,-0.08596646797672282,0.022629232679273973,-0.10859570065599679,0.1127185039267157
correct_CP,C[C@H]1CCCCO[C@H](CN(C)C)[C@@H](C)CN([C@@H](C)CO)C(=O)c2cc(NC(=O)Nc3cccc4ccccc34)ccc2O1,10.0693,0.13278708570173064,0.1335759000084688,-0.015063376162484186,0.148639276170953,0.019590074857799587
correct_CP,C[C@H]1CCCCO[C@H](CN(C)C)[C@@H](C)CN([C@@H](C)CO)C(=O)c2cc(NC(=O)Nc3ccccc3)ccc2O1,9.99047,0.03673411874580099,0.03675065508757221,0.02196872547471938,0.014781929612852827,-0.1123779606809543
correct_CP,C[C@H]1CCCCO[C@H](CN(C)C)[C@@H](C)CN([C@@H](C)CO)C(=O)c2cc(NC(=O)c3ccccc3)ccc2O1,10.0572,0.15357209340441316,0.15479677193508273,0.09619542831105712,0.05860134362402561,0.08087033653569745
correct_CP,C[C@H]1CCCCO[C@H](CN(C)C)[C@@H](C)CN([C@@H](C)CO)C(=O)c2cc(NC(=O)c3ccncc3)ccc2O1,10.0753,0.24031890995318436,0.24511254206109406,-0.03550130967136356,0.2806138517324576,-0.24099607102313536
correct_CP,C[C@H]1CCCCO[C@H](CN(C)C)[C@@H](C)CN([C@@H](C)CO)C(=O)c2cc(NS(=O)(=O)c3ccc(F)cc3)ccc2O1,10.0465,0.2757957611334369,0.2831259694001211,0.047355060273166105,0.23577090912695498,-0.05920270130853752
correct_CP,C[C@H]1CCCCO[C@H](CN(C)Cc2ccccc2)[C@@H](C)CN([C@@H](C)CO)C(=O)c2cc(N(C)C)ccc2O1,10.0466,0.34458471549048597,0.3592857128810316,0.02918253652783092,0.3301031763532007,-0.060684014152199844
correct_CP,C[C@H]1CCCCO[C@H](CN(C)Cc2ccncc2)[C@@H](C)CN([C@@H](C)CO)C(=O)c2cc(NC(=O)Cc3ccccc3)ccc2O1,10.0073,-0.07709608080859592,-0.07724937591579378,0.0059434317490885905,-0.08319280766488238,0.27749965039499275
correct_CP,C[C@H]1CCCCO[C@H](CN(C)Cc2ccncc2)[C@@H](C)CN([C@@H](C)CO)C(=O)c2cc(NC(=O)c3ccccc3)ccc2O1,10.0129,0.3952203238772537,0.4179717000207553,0.0785663403238814,0.3394053596968739,-0.020876496750174986
correct_CP,C[C@H]1CCCCO[C@H](CN(C)S(C)(=O)=O)[C@@H](C)CN([C@@H](C)CO)C(=O)c2cc(NC(=O)c3ccccc3)ccc2O1,10.2368,0.44985842157385736,0.4845227649662339,0.01126344531140036,0.4732593196548336,-0.3018715185601797
correct_CP,C[C@H]1CN([C@@H](C)CO)C(=O)CCCn2cc(nn2)CO[C@@H]1CN(C)C(=O)Cc1ccccc1,10.0042,-0.25519834557148174,-0.26096546804606674,0.0497470262402304,-0.31071249428629716,-0.11996555839668854
correct_CP,C[C@H]1CN([C@@H](C)CO)C(=O)CCCn2cc(nn2)CO[C@@H]1CN(C)C(=O)Nc1cccc(F)c1,10.0012,0.14605138540827609,0.14710335674184155,0.09832380238850201,0.04877955435333954,-0.15003257045284962
correct_CP,C[C@H]1CN([C@@H](C)CO)C(=O)CCCn2cc(nn2)CO[C@@H]1CN(C)C(=O)Nc1ccccc1,10.0103,0.12260060197689239,0.12322046805117731,-0.03916692983603353,0.16238739788721085,0.13193083270039427
correct_CP,C[C@H]1CN([C@@H](C)CO)C(=O)CCCn2cc(nn2)CO[C@@H]1CN(C)C(=O)c1cc(-c2ccccc2)on1,10.0208,0.1705571894895023,0.17224049102078481,-0.021985738748951815,0.19422622976973664,0.2599753335757138
correct_CP,C[C@H]1CN([C@@H](C)CO)C(=O)CCCn2cc(nn2)CO[C@@H]1CN(C)CC1CCCCC1,10.1488,0.005879854048049216,0.005879921810232778,-0.06651279354411596,0.07239271535434874,0.021129185586170975
correct_CP,C[C@H]1CN([C@@H](C)CO)C(=O)CCCn2cc(nn2)CO[C@@H]1CN(C)Cc1ccc(-c2ccccc2)cc1,9.73866,0.5999719235260115,0.693103312223999,0.0008835238806381718,0.6922197883433608,0.5214825005972361
correct_CP,C[C@H]1CN([C@@H](C)CO)C(=O)CCCn2cc(nn2)CO[C@@H]1CN(C)Cc1cccc(O)c1,10.1239,-0.10520083775708002,-0.10559152884904634,-0.03096490355506471,-0.07462662529398162,0.10535285956677887
correct_CP,C[C@H]1CN([C@@H](C)CO)C(=O)CCCn2cc(nn2)CO[C@@H]1CN(C)S(=O)(=O)c1ccc(F)cc1,10.0327,0.342185654436869,0.35656595382849454,-0.09873104108550164,0.45529699491399617,0.03781747402436421
correct_CP,C[C@H]1CN([C@@H](C)CO)C(=O)CCCn2cc(nn2)CO[C@@H]1CN(C)S(=O)(=O)c1ccc(Oc2ccccc2)cc1,10.0248,0.5255604007102406,0.5839913904249396,0.11226139555402473,0.47172999487091494,0.18929583589871832
correct_CP,C[C@H]1CN([C@@H](C)CO)C(=O)CCCn2cc(nn2)CO[C@@H]1CN(C)S(=O)(=O)c1cccc(F)c1,10.0459,0.08166350960053068,0.0818457755130256,0.028997655780494874,0.05284811973253073,0.32116718957363155
correct_CP,C[C@H]1CN([C@@H](C)CO)C(=O)CCCn2cc(nn2)CO[C@H]1CN(C)C(=O)CCC(F)(F)F,10.0686,0.050508115258981745,0.05055113102753601,-0.007308387376592203,0.05785951840412821,-0.1285791680330078
correct_CP,C[C@H]1CN([C@@H](C)CO)C(=O)CCCn2cc(nn2)CO[C@H]1CN(C)C(=O)Nc1ccc(N2CCCCC2)cc1,10.198,0.027539432264394155,0.027546397589352317,-0.027425507606147512,0.054971905195499826,0.2599236264149801
correct_CP,C[C@H]1CN([C@@H](C)CO)C(=O)CCCn2cc(nn2)CO[C@H]1CN(C)C(=O)Nc1ccccc1,10.2028,0.0703675740036813,0.07048406420769936,0.10351690045462453,-0.03303283624692517,-0.04849030242692018
correct_CP,C[C@H]1CN([C@@H](C)CO)C(=O)CCCn2cc(nn2)CO[C@H]1CN(C)C(=O)Nc1ccccc1C(F)(F)F,9.69457,0.17391233601342715,0.17569821388902315,-0.11442098794056435,0.2901192018295875,0.7997264779763312
correct_CP,C[C@H]1CN([C@@H](C)CO)C(=O)CCCn2cc(nn2)CO[C@H]1CN(C)C(=O)c1cc(-c2ccccc2)on1,10.2003,-0.22015885849963726,-0.2238230534686933,-0.055925817303520746,-0.16789723616517255,0.10767366483640863
correct_CP,C[C@H]1CN([C@@H](C)CO)C(=O)CCCn2cc(nn2)CO[C@H]1CN(C)Cc1ccc(O)cc1,10.1937,0.0894346284923377,0.08967422861892627,-0.1327169697011783,0.22239119832010457,0.2722112504553883
correct_CP,C[C@H]1CN([C@@H](C)CO)C(=O)CCCn2cc(nn2)CO[C@H]1CN(C)Cc1ccc2c(c1)OCCO2,10.0565,0.13895023116434893,0.13985498050355866,0.08582036264633984,0.05403461785721882,-0.006199355564957668
correct_CP,C[C@H]1CN([C@@H](C)CO)C(=O)CCCn2cc(nn2)CO[C@H]1CN(C)Cc1cccc(O)c1,9.96438,0.4522250438599184,0.48749381681746407,0.029574875512860324,0.45791894130460375,0.4720654771273566
correct_CP,C[C@H]1CN([C@@H](C)CO)C(=O)CCCn2nncc2CO[C@H]1CN(C)C(=O)Nc1ccc(N2CCN(C)CC2)cc1,10.0109,-0.1513365618103121,-0.15250804394412654,0.012735285348674073,-0.1652433292928006,-0.1459495512675458
correct_CP,C[C@H]1CN([C@@H](C)CO)C(=O)CCCn2nncc2CO[C@H]1CN(C)C(=O)Oc1cccc2ccccc12,10.0515,-0.03027845895014503,-0.03028771698969227,0.00533837127043555,-0.03562608826012782,0.11049574518826566
correct_CP,C[C@H]1CN([C@@H](C)CO)C(=O)CCCn2nncc2CO[C@H]1CN(C)CC1CCCCC1,10.201,-0.0934888848641364,-0.09376269180856626,0.11255364242958696,-0.2063163342381532,-0.04971038803818363
correct_CP,C[C@H]1CN([C@@H](C)CO)C(=O)CCCn2nncc2CO[C@H]1CN(C)Cc1ccc2cccnc2c1,10.2668,-0.040893323427992456,-0.040916141136229545,0.001757996772737887,-0.04267413790896743,-0.29428889454199675
correct_CP,C[C@H]1CN([C@@H](C)CO)C(=O)CCCn2nncc2CO[C@H]1CN(C)Cc1ccncc1,10.2545,0.4614044243389382,0.4990941104960069,0.012882675268899831,0.486211435227107,0.30310733435569653
correct_CP,C[C@H]1CN([C@@H](C)CO)C(=O)CCCn2nncc2CO[C@H]1CN(C)S(=O)(=O)c1ccc2ccccc2c1,10.0691,0.30957390424119763,0.32007408113205427,0.04287451697707312,0.27719956415498115,0.05250396395844889
correct_CP,C[C@H]1CN([C@@H](C)CO)C(=O)CCCn2nncc2CO[C@H]1CN(C)S(=O)(=O)c1cccc(F)c1,10.0749,0.22673252180766287,0.23074220622691394,-0.07333488525352955,0.3040770914804435,-0.1007154605484056
correct_CP,C[C@H]1CN([C@@H](C)CO)C(=O)Cc2cc(N(C)C)ccc2O[C@H]1CN(C)CC1CC1,9.93932,0.41528236816034864,0.4419776467756575,0.017482607190060975,0.42449503958559653,0.0491984748874424
correct_CP,C[C@H]1CN([C@@H](C)CO)C(=O)Cc2cc(NC(=O)C3CC3)ccc2O[C@@H]1CN(C)Cc1ccc2c(c1)OCO2,9.71361,-0.3543453044743402,-0.3704043062989179,0.036317034278043295,-0.4067213405769612,-0.19183872591246748
correct_CP,C[C@H]1CN([C@@H](C)CO)C(=O)Cc2cc(NC(=O)C3CC3)ccc2O[C@H]1CN(C)S(=O)(=O)c1ccccc1,10.2175,0.2480820635504196,0.25336805594211687,0.08026489153978163,0.17310316440233525,0.0033724968656452525
correct_CP,C[C@H]1CN([C@@H](C)CO)C(=O)Cc2cc(NC(=O)C3CCCCC3)ccc2O[C@@H]1CN(C)CC1CC1,10.3294,0.31727132073946424,0.32861008131395864,0.034267757695852614,0.294342323618106,0.006874192614491154
correct_CP,C[C@H]1CN([C@@H](C)CO)C(=O)Cc2cc(NC(=O)CCC(F)(F)F)ccc2O[C@H]1CN(C)C(=O)Nc1cccc2ccccc12,10.132,-0.09240788169792731,-0.09267226792221442,0.08151491839084014,-0.17418718631305458,-0.01592750808437149
correct_CP,C[C@H]1CN([C@@H](C)CO)C(=O)Cc2cc(NC(=O)CCCN(C)C)ccc2O[C@@H]1CN(C)CC1CCCCC1,10.0468,0.23519313550259072,0.23967964230743405,0.052597249985778145,0.1870823923216559,0.039576889332201735
correct_CP,C[C@H]1CN([C@@H](C)CO)C(=O)Cc2cc(NC(=O)Nc3ccccc3)ccc2O[C@H]1CN(C)C,10.0051,0.25947785646824906,0.26554848884132265,-0.023262590879620314,0.28881107972094294,-0.11745611645774806
correct_CP,C[C@H]1CN([C@@H](C)CO)C(=O)Cc2cc(NC(=O)Nc3ccccc3)ccc2O[C@H]1CN(C)S(=O)(=O)c1ccc(F)cc1,9.90172,-0.04861330002481539,-0.048651649592080674,0.01098880869688084,-0.059640458288961515,-0.005677927560645015
correct_CP,C[C@H]1CN([C@@H](C)CO)C(=O)Cc2cc(NC(=O)c3ccncc3)ccc2O[C@@H]1CN(C)C(=O)NC1CCCCC1,9.95964,0.5943781490004962,0.6844088699321191,0.06812993889049988,0.6162789310416192,0.21741575650857226
correct_CP,C[C@H]1CN([C@@H](C)CO)C(=O)Cc2cc(NC(=O)c3ccncc3)ccc2O[C@@H]1CN(C)C(=O)Nc1cccc2ccccc12,10.2114,0.5692668774148445,0.646437569522562,-0.05387207269166366,0.7003096422142256,0.38460027444820544
correct_CP,C[C@H]1CN([C@@H](C)CO)C(=O)Cc2cc(NC(=O)c3ccncc3)ccc2O[C@H]1CN(C)C(=O)NC1CCCCC1,9.91618,0.4200190625925694,0.44771516920236454,-0.021934237961827148,0.4696494071641917,-0.11645649706724442
correct_CP,C[C@H]1CN([C@@H](C)CO)C(=O)Cc2cc(NS(=O)(=O)c3ccc(F)cc3)ccc2O[C@H]1CN(C)Cc1ccc2c(c1)OCO2,9.75792,-0.09672640987219994,-0.09702977203297873,-0.011107254293743984,-0.08592251773923475,-0.08940714501309951
correct_CP,C[C@H]1CN([C@@H](C)CO)C(=O)Cc2cc(NS(=O)(=O)c3cn(C)cn3)ccc2O[C@H]1CN(C)Cc1ccc(Cl)c(Cl)c1,9.82651,-0.200127842444529,-0.20286572681482284,-0.09175464476280176,-0.11111108205202108,0.056328500718390156
correct_CP,C[C@H]1CN([C@@H](C)CO)C(=O)Cc2cc(NS(C)(=O)=O)ccc2O[C@@H]1CN(C)CC1CC1,9.89864,-0.15905032054223878,-0.16041221779856146,-0.04562399053684173,-0.11478822726171974,-0.18134694178632826
correct_CP,C[C@H]1CN([C@@H](C)CO)C(=O)Cc2cc(NS(C)(=O)=O)ccc2O[C@@H]1CN(C)Cc1ccncc1,10.203,0.08894253042782105,0.08917818471187297,-0.09277676333885598,0.18195494805072895,0.09937477050539226
correct_CP,C[C@H]1CN([C@@H](C)CO)C(=O)Cc2cc(NS(C)(=O)=O)ccc2O[C@H]1CN(C)Cc1ccncc1,10.1146,0.6184026222759021,0.7224144191915064,0.004273323039926358,0.7181410961515801,0.42445342613540266
correct_CP,C[C@H]1CN([C@@H](C)CO)C(=O)c2c(c3ccccc3n2C)-c2ccccc2CO[C@@H]1CN(C)C(=O)CCC(F)(F)F,10.1254,0.021863978432286164,0.021867463336978355,0.07030688683047849,-0.04843942349350014,-0.03543370278607037
correct_CP,C[C@H]1CN([C@@H](C)CO)C(=O)c2c(c3ccccc3n2C)-c2ccccc2CO[C@@H]1CN(C)C(=O)CCN(C)C,9.92959,-0.2730789164564971,-0.2801878341659429,-0.01826345624724025,-0.26192437791870266,0.34435803844959534
correct_CP,C[C@H]1CN([C@@H](C)CO)C(=O)c2c(c3ccccc3n2C)-c2ccccc2CO[C@@H]1CN(C)C(=O)Cc1ccccc1,10.2643,-0.27781278964486705,-0.28531036891438466,0.05708754394667005,-0.3423979128610547,0.3480339564629852
correct_CP,C[C@H]1CN([C@@H](C)CO)C(=O)c2c(c3ccccc3n2C)-c2ccccc2CO[C@@H]1CN(C)C(=O)NC1CCCCC1,10.1054,0.015689984705373097,0.015691272392814634,0.19935280367505132,-0.18366153128223667,-0.1689786200491251
correct_CP,C[C@H]1CN([C@@H](C)CO)C(=O)c2c(c3ccccc3n2C)-c2ccccc2CO[C@@H]1CN(C)C(=O)Nc1ccc2c(c1)OCO2,10.025,0.011946904909764071,0.011947473346530329,0.014342881611371957,-0.0023954082648416277,0.028765922127925614
correct_CP,C[C@H]1CN([C@@H](C)CO)C(=O)c2c(c3ccccc3n2C)-c2ccccc2CO[C@@H]1CN(C)C(=O)Nc1cccc(F)c1,10.0341,0.04348720047893338,0.043514645038749446,0.009954484422344985,0.03356016061640446,0.12297263702013439
correct_CP,C[C@H]1CN([C@@H](C)CO)C(=O)c2c(c3ccccc3n2C)-c2ccccc2CO[C@@H]1CN(C)C(=O)[C@H](Cc1ccccc1)N(C)C,10.3092,0.17815927785043775,0.1800809789323382,0.09110365939922584,0.08897731953311237,-0.012938523067858199
correct_CP,C[C@H]1CN([C@@H](C)CO)C(=O)c2c(c3ccccc3n2C)-c2ccccc2CO[C@@H]1CN(C)C(=O)c1ccccc1,10.0292,0.2648969337033528,0.27136760343650557,-0.06777191879745698,0.33913952223396254,0.2276038177774115
correct_CP,C[C@H]1CN([C@@H](C)CO)C(=O)c2c(c3ccccc3n2C)-c2ccccc2CO[C@@H]1CN(C)Cc1ccncc1,10.2164,0.13750398674337494,0.13838056453231581,0.04597772636593203,0.09240283816638378,-0.12676185600892015
correct_CP,C[C@H]1CN([C@@H](C)CO)C(=O)c2c(c3ccccc3n2C)-c2ccccc2CO[C@@H]1CN(C)S(=O)(=O)c1ccc(F)cc1,10.1819,0.22853273536990446,0.23264079906547544,0.010775190910014644,0.2218656081554608,0.3805072533312429
correct_CP,C[C@H]1CN([C@@H](C)CO)C(=O)c2c(c3ccccc3n2C)-c2ccccc2CO[C@H]1CN(C)C,10.0318,0.2690076514380869,0.2757937522934084,0.028850876164912637,0.24694287612849578,0.19349490943389622
correct_CP,C[C@H]1CN([C@@H](C)CO)C(=O)c2c(c3ccccc3n2C)-c2ccccc2CO[C@H]1CN(C)C(=O)CCC(F)(F)F,9.86928,0.6158477923800162,0.7182880993493773,-0.009139321109352627,0.72742742045873,0.5133377767874394
correct_CP,C[C@H]1CN([C@@H](C)CO)C(=O)c2c(c3ccccc3n2C)-c2ccccc2CO[C@H]1CN(C)C(=O)CCN(C)C,9.80261,0.34893708462232187,0.36423296742272965,-0.1134629413408928,0.47769590876362245,0.1448415369408608
correct_CP,C[C@H]1CN([C@@H](C)CO)C(=O)c2c(c3ccccc3n2C)-c2ccccc2CO[C@H]1CN(C)C(=O)Nc1ccccc1,10.2479,0.03442484361323193,0.03443845190545115,-0.03368746472943886,0.06812591663489001,-0.00103373915993972
correct_CP,C[C@H]1CN([C@@H](C)CO)C(=O)c2c(c3ccccc3n2C)-c2ccccc2CO[C@H]1CN(C)C(=O)[C@H]1CCCN1C,10.0834,0.08921568330886703,0.08945352242345872,-0.014050423551232892,0.10350394597469162,0.16453068700006274
correct_CP,C[C@H]1CN([C@@H](C)CO)C(=O)c2c(c3ccccc3n2C)-c2ccccc2CO[C@H]1CN(C)Cc1cccc(C(=O)O)c1,10.0071,0.17309315507339246,0.17485360753974977,0.04451800598070141,0.13033560155904836,-0.09525850378602033
correct_CP,C[C@H]1CN([C@@H](C)CO)C(=O)c2c(c3ccccc3n2C)-c2ccccc2CO[C@H]1CN(C)S(=O)(=O)c1ccccc1C#N,10.0402,-0.17626775456301347,-0.17812812637448647,0.029640393471293023,-0.2077685198457795,0.16140332977933672
correct_CP,C[C@H]1CN([C@@H](C)CO)C(=O)c2c(c3ccccc3n2C)-c2ccccc2CO[C@H]1CN(C)S(=O)(=O)c1cccs1,9.90054,-0.17237118563445927,-0.17410943462167205,-0.038987828594956433,-0.13512160602671563,0.11761362719986886
correct_CP,C[C@H]1CN([C@@H](C)CO)C(=O)c2cc(-c3ccc(C#N)cc3)cnc2O[C@@H]1CN(C)C(=O)Nc1ccc(C(F)(F)F)cc1,10.0934,0.4416534785203831,0.4742831034681456,0.1969397815840599,0.2773433218840857,-0.17154274884288076
correct_CP,C[C@H]1CN([C@@H](C)CO)C(=O)c2cc(-c3ccc(C#N)cc3)cnc2O[C@@H]1CN(C)CC1CCCCC1,9.93682,0.3634463923877117,0.3808511241976227,-0.07170454915549035,0.45255567335311303,0.06298467128091648
correct_CP,C[C@H]1CN([C@@H](C)CO)C(=O)c2cc(-c3ccc(C#N)cc3)cnc2O[C@H]1CN(C)C(=O)Nc1ccc(C(F)(F)F)cc1,10.1931,0.46432233240060494,0.5028076144666014,-0.007301786490277966,0.5101094009568794,0.21193937465646367
correct_CP,C[C@H]1CN([C@@H](C)CO)C(=O)c2cc(-c3cccc(F)c3)cnc2O[C@H]1CN(C)Cc1ccccn1,10.0432,-0.11421670294182297,-0.11471729673554461,-0.07318870335380974,-0.04152859338173487,0.062379769332115635
correct_CP,C[C@H]1CN([C@@H](C)CO)C(=O)c2cc(-c3cncnc3)cnc2O[C@@H]1CN(C)C(=O)CN1CCOCC1,10.0784,-0.12682628348590247,-0.12751291873736834,0.9016355470241612,-1.0291484657615295,-0.8304778309325991
correct_CP,C[C@H]1CN([C@@H](C)CO)C(=O)c2cc(-c3cncnc3)cnc2O[C@H]1CN(C)C(=O)CN1CCOCC1,10.0083,0.5407571764448011,0.6052250750319621,-0.017446413976778367,0.6226714890087405,0.3715109127600982
correct_CP,C[C@H]1CN([C@@H](C)CO)C(=O)c2cc(-c3cncnc3)cnc2O[C@H]1CN(C)C(=O)Cc1ccccc1,10.0512,-0.4336919505231952,-0.46443499629173557,-0.0176479362995488,-0.44678705999218676,-0.3114910440122448
correct_CP,C[C@H]1CN([C@@H](C)CO)C(=O)c2cc(/C=C/c3ccccc3)cnc2O[C@@H]1CN(C)C(=O)NC1CCCCC1,10.0482,-0.07146342132498888,-0.07158545052182932,0.07333582058248718,-0.14492127110431652,0.11909537700521404
correct_CP,C[C@H]1CN([C@@H](C)CO)C(=O)c2cc(/C=C/c3ccccc3)cnc2O[C@@H]1CN(C)C(=O)c1ccc2c(c1)OCO2,10.0538,0.21268832937619436,0.21598537013103483,-0.05190621092889955,0.2678915810599344,-0.2118841055510595
correct_CP,C[C@H]1CN([C@@H](C)CO)C(=O)c2cc(/C=C/c3ccccc3)cnc2O[C@H]1CN(C)C(=O)Cc1cccnc1,10.0033,0.8268820164821787,1.178196314428295,0.7148838087916406,0.4633125056366544,0.579620318926627
correct_CP,C[C@H]1CN([C@@H](C)CO)C(=O)c2cc(C#CC3(O)CCCC3)cnc2O[C@@H]1CN(C)Cc1ccccn1,10.0285,0.2651527563807517,0.27164275205057303,0.002516099792890983,0.26912665225768206,-0.14345459933700966
correct_CP,C[C@H]1CN([C@@H](C)CO)C(=O)c2cc(C#CC3CCCCC3)cnc2O[C@@H]1CN(C)Cc1cccnc1,10.0252,-0.11802690979856857,-0.11857958872349801,0.04206283582498164,-0.16064242454847966,-0.1893547246605933
correct_CP,C[C@H]1CN([C@@H](C)CO)C(=O)c2cc(C#CC3CCCCC3)cnc2O[C@H]1CN(C)S(=O)(=O)c1cccc(F)c1,10.0503,0.1542227227745524,0.15546318493111652,0.015251398441709111,0.1402117864894074,0.43931964660628287
correct_CP,C[C@H]1CN([C@@H](C)CO)C(=O)c2cc(C#CCc3ccccc3)cnc2O[C@@H]1CN(C)Cc1ccc(C(=O)O)cc1,10.0549,0.1092719027220148,0.10970996024144877,-0.009604605947369761,0.11931456618881853,0.042376325863476734
correct_CP,C[C@H]1CN([C@@H](C)CO)C(=O)c2cc(C#CCc3ccccc3)cnc2O[C@H]1CN(C)Cc1ccc(C(=O)O)cc1,10.0228,0.2792661001976806,0.2868859175538154,0.0012795245796667406,0.28560639297414864,0.4697087248930423
correct_CP,C[C@H]1CN([C@@H](C)CO)C(=O)c2cc(C#Cc3ccccc3F)cnc2O[C@H]1CN(C)C(=O)C1CCCCC1,10.0299,0.006352372697531468,0.006352458144600802,-0.008117642843005075,0.014470100987605877,0.10472818446050967
correct_CP,C[C@H]1CN([C@@H](C)CO)C(=O)c2cc(C#Cc3ccccn3)cnc2O[C@@H]1CN(C)CC1CCCC1,10.0392,-0.026256907846109394,-0.026262944401423682,-0.020717062947338515,-0.005545881454085168,-0.10516144068096364
correct_CP,C[C@H]1CN([C@@H](C)CO)C(=O)c2cc(C3=CCCC3)cnc2O[C@@H]1CN(C)C(=O)c1ccccn1,10.0919,0.10357422355282296,0.10394699417218567,0.025966119103081775,0.0779808750691039,-0.20484827273607295
correct_CP,C[C@H]1CN([C@@H](C)CO)C(=O)c2cc(C3=CCCCC3)cnc2O[C@@H]1CN(C)Cc1ccc(C(=O)O)cc1,10.0364,-0.05951688087668046,-0.05958730535224212,-0.002834626863269584,-0.05675267848897253,0.10191264690999273
correct_CP,C[C@H]1CN([C@@H](C)CO)C(=O)c2cc(C3=CCCCC3)cnc2O[C@@H]1CN(C)S(=O)(=O)c1cn(C)cn1,9.99953,0.5190776886824637,0.575076451891276,-0.07958122156565176,0.6546576734569277,0.07342968695356575
correct_CP,C[C@H]1CN([C@@H](C)CO)C(=O)c2cc(N(C)C)ccc2O[C@@H]1CN(C)C(=O)Nc1ccc(F)cc1,10.1025,0.005965400585851886,0.005965471348952799,0.0054999418862650105,0.0004655294626877884,0.09572574007045086
correct_CP,C[C@H]1CN([C@@H](C)CO)C(=O)c2cc(N(C)C)ccc2O[C@@H]1CN(C)Cc1ccc(C(F)(F)F)cc1,9.98566,0.3043780360561787,0.31433762395214776,-0.023514755023630755,0.3378523789757785,0.07820182054879764
correct_CP,C[C@H]1CN([C@@H](C)CO)C(=O)c2cc(N(C)C)ccc2O[C@@H]1CN(C)Cc1ccc(Oc2ccccc2)cc1,10.2027,0.1204700602916877,0.1210579837971073,0.07353428988917583,0.04752369390793147,-0.10623491782468875
correct_CP,C[C@H]1CN([C@@H](C)CO)C(=O)c2cc(N(C)C)ccc2O[C@@H]1CN(C)Cc1ccncc1,10.0199,0.37173884513002536,0.3904392561614718,0.031037620331836747,0.359401635829635,0.1409196197114596
correct_CP,C[C@H]1CN([C@@H](C)CO)C(=O)c2cc(N(C)C)ccc2O[C@H]1CN(C)C(=O)Nc1cccc2ccccc12,10.2,-0.04920981428987032,-0.04924959436248148,-0.05175955027138246,0.0025099559089009765,-0.017162524436146687
correct_CP,C[C@H]1CN([C@@H](C)CO)C(=O)c2cc(N(C)C)ccc2O[C@H]1CN(C)CC1CCCCC1,9.98472,0.40514721671288245,0.42979170248633614,0.03503063759043502,0.3947610648959011,0.0719986780424362
correct_CP,C[C@H]1CN([C@@H](C)CO)C(=O)c2cc(N(C)C)ccc2O[C@H]1CN(C)S(=O)(=O)c1ccccc1,10.0777,0.14604817463966974,0.14710007599309866,-0.10739456115867471,0.25449463715177334,-0.06656751589769494
correct_CP,C[C@H]1CN([C@@H](C)CO)C(=O)c2cc(NC(=O)C3CC3)ccc2O[C@@H]1CN(C)CC1CCCCC1,10.1621,0.22537304330542615,0.22930951724960819,0.01869188552116443,0.21061763172844375,-0.09888933498418156
correct_CP,C[C@H]1CN([C@@H](C)CO)C(=O)c2cc(NC(=O)C3CC3)ccc2O[C@@H]1CN(C)S(=O)(=O)c1ccc(F)cc1,10.0086,0.211163775440682,0.2143891241902427,0.02206602744070818,0.19232309674953452,0.052526942700500276
correct_CP,C[C@H]1CN([C@@H](C)CO)C(=O)c2cc(NC(=O)C3CC3)ccc2O[C@H]1CN(C)CC1CCCCC1,10.1122,0.2319064831165528,0.23620337107057732,0.013017363855006701,0.2231860072155706,0.187408582140082
correct_CP,C[C@H]1CN([C@@H](C)CO)C(=O)c2cc(NC(=O)C3CC3)ccc2O[C@H]1CN(C)S(=O)(=O)c1ccc(F)cc1,10.0137,0.055327768170991797,0.0553843278429274,-0.006110407100145224,0.06149473494307262,0.28929453665885946
correct_CP,C[C@H]1CN([C@@H](C)CO)C(=O)c2cc(NC(=O)CCC(F)(F)F)ccc2O[C@H]1CN(C)Cc1ccc2c(c1)OCO2,10.2689,0.009351678164832181,0.009351950792665107,-0.13131783398333802,0.14066978477600312,0.37082029010701506
correct_CP,C[C@H]1CN([C@@H](C)CO)C(=O)c2cc(NC(=O)Cc3ccccc3)ccc2O[C@@H]1CN(C)C(=O)Nc1ccc2c(c1)OCO2,10.1196,0.051210182138200035,0.05125501864899846,0.04118186040474563,0.010073158244252832,-0.0463334528590263
correct_CP,C[C@H]1CN([C@@H](C)CO)C(=O)c2cc(NC(=O)Cc3ccccc3)ccc2O[C@@H]1CN(C)CC1CCCCC1,9.84049,-0.0525533343042115,-0.052601796163377824,0.08472044630207487,-0.1373222424654527,-0.05821590132824232
correct_CP,C[C@H]1CN([C@@H](C)CO)C(=O)c2cc(NC(=O)NC3CCCCC3)ccc2O[C@@H]1CN(C)Cc1ccc2c(c1)OCO2,9.87761,-0.2538927510426818,-0.2595694184111005,0.00884740707466394,-0.2684168254857644,-0.0024396531865862863
correct_CP,C[C@H]1CN([C@@H](C)CO)C(=O)c2cc(NC(=O)c3ccncc3)ccc2O[C@H]1CN(C)Cc1ccc(Oc2ccccc2)cc1,10.0903,0.45186220213350525,0.48703778873515946,0.07351065477588517,0.4135271339592743,-0.10565216435906298
correct_CP,C[C@H]1CN([C@@H](C)CO)C(=O)c2cc(NC(=O)c3ccncc3)ccc2O[C@H]1CN(C)Cc1ccc2c(c1)OCO2,10.1575,0.3578746718750722,0.37444625766107925,0.00200132001216698,0.3724449376489123,-0.01768400194423918
correct_CP,C[C@H]1CN([C@@H](C)CO)C(=O)c2cc(NS(=O)(=O)c3ccccc3)ccc2O[C@@H]1CN(C)Cc1ccc2c(c1)OCO2,10.1866,0.06661701800182322,0.06671582616735397,0.028634310407055243,0.03808151576029872,0.05039098210506612
correct_CP,C[C@H]1CN([C@@H](C)CO)C(=O)c2cc(NS(=O)(=O)c3cccs3)ccc2O[C@H]1CN(C)Cc1ccc(Cl)c(Cl)c1,9.93614,-0.20523672840645296,-0.2081934915039695,0.022098586314316427,-0.23029207781828595,-0.07294483178779305
correct_CP,C[C@H]1CN([C@@H](C)CO)C(=O)c2cc(NS(=O)(=O)c3cn(C)cn3)ccc2O[C@@H]1CN(C)CC1CC1,10.2553,0.44235029752274785,0.47514911060282117,-0.005175235991535481,0.48032434659435663,-0.08731292930790285
correct_CP,C[C@H]1CN([C@@H](C)CO)C(=O)c2cccc(N(C)C)c2O[C@@H]1CN(C)Cc1ccc2c(c1)OCO2,9.96725,0.13188951204570193,0.1326623264850293,0.012501076531806762,0.12016124995322253,0.28838979044132507
correct_CP,C[C@H]1CN([C@@H](C)CO)C(=O)c2cccc(N(C)C)c2O[C@H]1CN(C)Cc1ccncc1,10.0434,0.11801117932315514,0.11856363605137221,-0.03521409845618033,0.15377773450755255,0.22555904608011867
correct_CP,C[C@H]1CN([C@@H](C)CO)C(=O)c2cccc(NC(=O)C3CC3)c2O[C@H]1CN(C)Cc1ccc(C(=O)O)cc1,10.0908,0.49031286387209155,0.5364721368739104,0.020559205971967986,0.5159129309019423,0.05418603089213522
correct_CP,C[C@H]1CN([C@@H](C)CO)C(=O)c2cccc(NC(=O)C3CCCCC3)c2O[C@H]1CN(C)S(=O)(=O)c1ccc(Cl)cc1,9.76679,-0.13573301435188517,-0.13657590842232947,0.010626397004392666,-0.14720230542672214,0.1226827035375514
correct_CP,C[C@H]1CN([C@@H](C)CO)C(=O)c2cccc(NC(=O)Nc3ccc(F)cc3)c2O[C@H]1CN(C)Cc1ccncc1,9.93205,-0.048033150723429,-0.04807014237689789,-0.03050015173882558,-0.01756999063807231,0.0719931802055185
correct_CP,C[C@H]1CN([C@@H](C)CO)C(=O)c2cccc(NC(=O)Nc3cccc4ccccc34)c2O[C@H]1CN(C)C(=O)Nc1ccc(F)cc1,10.0363,-0.06045707968702399,-0.060530899698666346,0.048218454141142286,-0.10874935383980863,0.0848146978244865
correct_CP,C[C@H]1CN([C@@H](C)CO)C(=O)c2cccc(NC(=O)c3ccc(-c4nccs4)cc3)c2O[C@@H]1CN(C)CC1CCCCC1,10.1003,-0.05307659123159698,-0.05312651676917507,0.003975736632940425,-0.05710225340211549,0.11909416300410594
correct_CP,C[C@H]1CN([C@@H](C)CO)C(=O)c2cccc(NC(=O)c3ccncc3)c2O[C@@H]1CN(C)CC1CC1,9.78244,0.41394248220036894,0.4403596151291387,0.04807782013920657,0.3922817949899321,-0.24820259770934122
correct_CP,C[C@H]1CN([C@@H](C)CO)C(=O)c2ccccc2-c2ccccc2CO[C@@H]1CN(C)C(=O)c1ccc(F)cc1,10.0727,-0.05506196201369307,-0.05511770943823315,0.02884441245513944,-0.0839621218933726,-0.005272445759791279
correct_CP,C[C@H]1CN([C@@H](C)CO)C(=O)c2ccccc2-c2ccccc2CO[C@@H]1CN(C)CC1CC1,9.98901,0.15097904912408466,0.15214217155163268,0.04206524041773897,0.1100769311338937,-0.023825728692604613
correct_CP,C[C@H]1CN([C@@H](C)CO)C(=O)c2ccccc2-c2ccccc2CO[C@@H]1CN(C)Cc1ccc(F)cc1,10.0513,0.22897034614968498,0.23310257323468342,0.040614281896088664,0.19248829133859474,-0.0027674432468552668
correct_CP,C[C@H]1CN([C@@H](C)CO)C(=O)c2ccccc2-c2ccccc2CO[C@@H]1CN(C)S(=O)(=O)c1ccc(F)cc1,10.2481,0.16821347635819742,0.1698275459025783,-0.12819483851425334,0.2980223844168316,0.3459450204906625
correct_CP,C[C@H]1CN([C@@H](C)CO)C(=O)c2ccccc2-c2ccccc2CO[C@@H]1CN(C)S(=O)(=O)c1cccs1,9.87761,0.1608470238344035,0.16225609460444085,0.03132303265216653,0.13093306195227433,0.05764728957509084
correct_CP,C[C@H]1CN([C@@H](C)CO)C(=O)c2ccccc2-c2ccccc2CO[C@H]1CN(C)C(=O)Nc1cccc(C(F)(F)F)c1,9.94774,0.3450662646386233,0.3598322475406885,0.01282939308389245,0.347002854456796,0.15218093045037515
correct_CP,C[C@H]1CN([C@@H](C)CO)C(=O)c2ccccc2-c2ccccc2CO[C@H]1CN(C)C(=O)Nc1cccc(F)c1,9.73429,0.3307322657297203,0.3436502323344873,-0.11817534861059181,0.46182558094507914,0.13815311932095023
correct_CP,C[C@H]1CN([C@@H](C)CO)C(=O)c2ccccc2-c2ccccc2CO[C@H]1CN(C)C(=O)[C@H](Cc1ccccc1)N(C)C,10.2631,-0.041031391091973485,-0.041054440855565526,0.021209866146599,-0.06226430700216452,0.16192761283616802
correct_CP,C[C@H]1CN([C@@H](C)CO)C(=O)c2ccccc2-c2ccccc2CO[C@H]1CN(C)Cc1ccc2c(c1)OCCN2C,9.92904,0.3127342362441899,0.3235731900149919,0.1828474451916225,0.14072574482336941,-0.10923909164847563
correct_CP,C[C@H]1CN([C@@H](C)CO)C(=O)c2ccccc2-c2ccccc2CO[C@H]1CN(C)S(=O)(=O)c1ccc(F)cc1,9.98643,0.5830577514109535,0.6670829109278813,-0.1035335485321073,0.7706164594599886,0.25497200664136005
correct_CP,C[C@H]1CN([C@@H](C)CO)S(=O)(=O)c2ccc(-c3ccc(C(=O)N(C)C)cc3)cc2O[C@@H]1CN(C)C(=O)C1CCC1,10.0824,-0.06975813969503916,-0.06987162352852713,0.041126305034492085,-0.11099792856301921,0.0679636856930885
correct_CP,C[C@H]1CN([C@@H](C)CO)S(=O)(=O)c2ccc(-c3ccc(F)cc3)cc2O[C@@H]1CN(C)S(C)(=O)=O,10.0674,0.16799099406686085,0.16959859379887873,0.034593201108723035,0.1350053926901557,0.3772963721949948
correct_CP,C[C@H]1CN([C@@H](C)CO)S(=O)(=O)c2ccc(-c3cccc(C#N)c3)cc2O[C@H]1CN(C)CC1CC1,10.069,0.29646455219346496,0.30563900019046725,-0.1429556729585269,0.44859467314899415,0.18462814516424594
correct_CP,C[C@H]1CN([C@@H](C)CO)S(=O)(=O)c2ccc(-c3ccccc3)cc2O[C@@H]1CN(C)C,10.0184,-0.011777345283956329,-0.011777889858221416,-0.054321725356894224,0.042543835498672807,0.19228108378322603
correct_CP,C[C@H]1CN([C@@H](C)CO)S(=O)(=O)c2ccc(-c3cccnc3)cc2O[C@@H]1CN(C)C(=O)NC1CCCC1,10.0214,0.13421881641788824,0.13503361184508078,-0.03749516181918623,0.172528773664267,0.18298839384732107
correct_CP,C[C@H]1CN([C@@H](C)CO)S(=O)(=O)c2ccc(-c3ccncc3)cc2O[C@@H]1CN(C)C(=O)CN(C)C,10.0288,0.6517230475638899,0.7782881448392093,-0.029891883602633968,0.8081800284418432,-0.12244707719192173
correct_CP,C[C@H]1CN([C@@H](C)CO)S(=O)(=O)c2ccc(/C=C/c3ccccc3)cc2O[C@@H]1CN(C)C(=O)CN1CCOCC1,10.0681,-0.03133104947808088,-0.03134130740186103,-0.005175236887540043,-0.026166070514320988,0.14754731464160553
correct_CP,C[C@H]1CN([C@@H](C)CO)S(=O)(=O)c2ccc(Br)cc2O[C@H]1CN(C)CC1CC1,9.98096,0.1896135581985685,0.1919362849082823,-0.025777222778815244,0.21771350768709755,-0.059324938172699286
correct_CP,C[C@H]1CN([C@@H](C)CO)S(=O)(=O)c2ccc(C#CC3(O)CCCC3)cc2O[C@@H]1CN(C)C(=O)c1cccnc1,10.0548,-0.1699779068096346,-0.17164391290339903,0.005978971507882032,-0.17762288441128107,0.08646352158224455
correct_CP,C[C@H]1CN([C@@H](C)CO)S(=O)(=O)c2ccc(C#CC3CCCC3)cc2O[C@@H]1CN(C)Cc1cncnc1,10.0078,0.21465120540591806,0.21804214869892605,0.0009322616238075553,0.2171098870751185,0.26383701321146513
correct_CP,C[C@H]1CN([C@@H](C)CO)S(=O)(=O)c2ccc(C#CCN(C)C)cc2O[C@@H]1CN(C)C(=O)C1CCCCC1,9.9793,-0.15359820875894,-0.15482351819095674,0.013677086301905037,-0.16850060449286178,-0.023337121770753044
correct_CP,C[C@H]1CN([C@@H](C)CO)S(=O)(=O)c2ccc(C3=CCCC3)cc2O[C@@H]1CN(C)C(=O)c1cnccn1,10.096,-0.038782207566825204,-0.038801668716457814,0.09049971320392355,-0.12930138192038138,-0.08388230611345454
correct_CP,C[C@H]1CN([C@@H](C)CO)S(=O)(=O)c2ccc(C3=CCCC3)cc2O[C@H]1CN(C)Cc1ccccn1,10.0062,0.7657935973847361,1.0100763547663532,0.5823226275232511,0.427753727243102,0.3142202264287689
correct_CP,C[C@H]1CN([C@@H](C)CO)S(=O)(=O)c2ccc(C3=CCCCC3)cc2O[C@@H]1CN(C)C(=O)C1CCOCC1,10.0498,0.04961409319804414,0.049654862755697214,-0.011360431051866878,0.06101529380756409,0.13241758339430512
correct_CP,C[C@H]1CN([C@@H](C)CO)S(=O)(=O)c2ccc(C3=CCCCC3)cc2O[C@H]1CN(C)C(=O)Cc1ccncc1,10.058,0.03796660508444043,0.03798486336500096,0.029033223034792947,0.008951640330208014,0.015142072253837627
correct_CP,C[C@H]1OC(n2cc(F)c(=O)[nH]c2=O)C(O)[C@@H]1O,10.0,-0.058435871566583385,-0.05850252283041437,0.011442353293118795,-0.06994487612353317,-0.12702698001260235
correct_CP,C[C@]12CCC3c4ccc(OC(=O)c5ccccc5)cc4CCC3C1CCC2=O,10.0,-0.17182049932162724,-0.17354194084137523,-0.06865354519179215,-0.10488839564958308,0.12557073361449256
correct_CP,C[N+]1(C)CCCC(OC(=O)C(O)(c2ccccc2)c2ccccc2)C1,10.0,0.05028367123855535,0.05032611552391746,-0.01864991271733409,0.06897602824125156,0.10482534186482935
correct_CP,Cc1[nH]c2ccc(Cl)cc2c1C1=CCNCC1,10.0,0.09690311001128867,0.09720814407109696,0.03243546988507963,0.06477267418601733,0.08852592680411416
correct_CP,Cc1[nH]c2nc(S)nc-2cc1Br,10.0,0.5082126746256432,0.5603171060017338,0.021116104596322245,0.5392010014054115,0.057967938381282634
correct_CP,Cc1c(-c2cc(C(=O)O)c3ccccc3n2)cnn1C,10.0,0.3100076844522691,0.320553910765074,-0.09413725672593265,0.41469116749100665,-0.09027889337040892
correct_CP,Cc1c(-c2ccccc2)n[nH]c1C(=O)NN,10.0,0.41384118427082156,0.44023737702351834,0.03202117186374079,0.4082162051597775,0.1801107975442757
correct_CP,Cc1c(C(=O)Nc2ccc3c(c2)OCO3)sc2nc(-c3ccccc3)cn12,10.0,-0.24532965598968717,-0.2504372671644568,0.0073643349067420375,-0.25780160207119884,0.2789323514730394
correct_CP,Cc1c(C2CCN(CCc3ccccc3)CC2)noc1-c1ccc(Cl)cc1,10.0,0.1523020441770223,0.1534963049217,-0.003416789205741337,0.15691309412744134,0.1704351581724689
correct_CP,Cc1c(Cl)cnc(NC(=O)COC(=O)c2ccc3ncsc3c2)c1Cl,10.0,0.7012620831810976,0.8697794999191462,-0.051903389600825016,0.9216828895199711,0.13568137606652664
correct_CP,Cc1c(NC(=O)c2ccc(Br)o2)cccc1C(=O)O,10.0,0.4462702882759191,0.4800333119428151,-0.1662692293138835,0.6463025412566986,0.2864947664768255
correct_CP,Cc1c[nH]c(=O)n(CCCN2CCN(c3ccccc3OCC(F)(F)F)CC2)c1=O,10.0,0.25207317030151793,0.2576254203771118,-0.09926574492896915,0.35689116530608095,0.4877765148498011
correct_CP,Cc1cc(-c2ccccc2)nc(NN=Cc2ccco2)n1,10.0,-0.02772083650945531,-0.027727940429132982,-0.014133970629868268,-0.013593969799264714,-0.16397734495511046
correct_CP,Cc1cc(-c2nnc(S)n2-c2ccccc2C)cs1,10.0,0.3719432669277091,0.39067647756007523,0.15810318256463293,0.2325732949954423,0.14706570036888952
correct_CP,Cc1cc(-c2nnnn2-c2cc(Cl)cc(Cl)c2)no1,10.0,0.277267849185415,0.2847199492155682,-0.049157737579635104,0.3338776867952033,0.05226286892464237
correct_CP,Cc1cc(/C=C2/NC(=O)N(c3ccccc3)C2=O)c(C)n1-c1cccnc1,10.0,0.10784334773626231,0.10826436905584341,0.18064629775848717,-0.07238192870264376,0.03864466977819722
correct_CP,Cc1cc(=O)oc2cc(NC(S)=NCc3ccccn3)ccc12,10.0,0.6473961886371532,0.7708030868631163,0.10922345988541621,0.6615796269777001,0.61033898520542
correct_CP,Cc1cc(C(=O)CSc2nnnn2C)c(C)n1-c1cccc(F)c1,10.0,0.19669291301314176,0.1992900299857454,-0.02018944608359439,0.2194794760693398,0.07755522387567175
correct_CP,Cc1cc(C(=O)Nc2ccc3c(c2)C(=O)N(C)[C@@H]2CC[C@@H](CC(=O)NC4CCCC4)O[C@@H]2CO3)no1,10.1104,0.16480566532584578,0.16632255364875134,-0.042442596949290604,0.20876515059804196,0.02915485263421938
correct_CP,Cc1cc(C(=O)Nc2ccc3c(c2)C(=O)N(C)[C@@H]2CC[C@@H](CC(=O)NCc4ccc(-c5ccccc5)cc4)O[C@@H]2CO3)no1,10.1602,0.3695963905817411,0.38795555293768735,-0.118680427965168,0.5066359809028553,0.4472254017690689
correct_CP,Cc1cc(C(=O)Nc2ccc3c(c2)C(=O)N(C)[C@H]2CC[C@@H](CC(=O)NCc4ccc(-c5ccccc5)cc4)O[C@@H]2CO3)no1,9.78431,0.060642727609070586,0.06071723076513666,-0.411850539424965,0.47256777019010165,0.07404314562337411
correct_CP,Cc1cc(C(=O)OCC(=O)N2CCc3ccccc32)c(C)o1,10.0,0.3422160216600585,0.3566003487450342,-0.06502056862173516,0.4216209173667694,-0.061730479069629474
correct_CP,Cc1cc(C(C)(C)C)c(O)c(C)c1CC1=NCCN1,10.0,0.22063131677862488,0.22431963259040857,0.0026617228330646,0.22165790975734398,-0.02061861894966264
correct_CP,Cc1cc(C)c(-c2nc3ccccc3s2)[nH]1,10.0,0.032133562198680674,0.03214462906184484,0.08343299410892738,-0.051288365047082535,-0.05553359532188139
correct_CP,Cc1cc(C)c(C#N)c(Nc2ccc3c(c2)OCCO3)n1,10.0,0.08019062965144162,0.08036318552442998,0.31308383030464304,-0.23272064478021307,-0.1253980876598383
correct_CP,Cc1cc(C)c(NC(=O)Cn2cc3c(n2)CCCC3)c(C)c1,10.0,0.01308213781412665,0.013082884193285096,0.04030051441960776,-0.027217630226322665,-0.16505022724509302
correct_CP,Cc1cc(C)cc(C(=O)N(C)C(Cc2ccc(-c3ccccc3)cc2)C(=O)NC(Cc2c[nH]c3ccccc23)C(=O)O)c1,10.0,0.5646503732145437,0.6396341131598016,0.2834514549054439,0.3561826582543577,0.15511013962189196
correct_CP,Cc1cc(C)cc(C(=O)OC2CC3CCC(C2)N3C)c1,10.0,0.5557230687574319,0.6266238127532672,0.23359485088161414,0.39302896187165304,0.34371876857112893
correct_CP,Cc1cc(C)cc(OCC2CNC(=O)O2)c1,10.0,-0.3111222150707577,-0.3217874136437408,0.015342578552827293,-0.3371299921965681,0.02426001679891973
correct_CP,Cc1cc(C)n(-c2cccc3cccnc23)n1,10.0,-0.019413510290921924,-0.01941594972551819,0.13750590008761238,-0.15692184981313057,0.11445836473848442
correct_CP,Cc1cc(C)n2[nH]c(=O)c(N=Nc3cccc(C(F)(F)F)c3)c2n1,10.0,0.3030731253839966,0.31290010277355335,0.13746433561932908,0.17543576715422426,0.00126494611507047
correct_CP,Cc1cc(C)n2cc(CSCC(=O)O)nc2n1,10.0,0.38835861664831944,0.40986567059596785,0.06029250050662767,0.3495731700893402,0.19198884600911326
correct_CP,Cc1cc(C)n2nc3nc4c(cc3c2n1)CCCC4,10.0,0.3854400798395157,0.40643334032137607,0.03242419624704678,0.3740091440743293,0.13649545216867182
correct_CP,Cc1cc(C)nc(NS(=O)(=O)c2ccc(N)cc2)n1,10.0,0.2014148339515456,0.2042067750250068,-0.02996212106654537,0.23416889609155217,-0.1760943990716529
correct_CP,Cc1cc(CNC(=O)c2ccc(C)c([N+](=O)[O-])c2)c2ccccc2n1,10.0,0.3257635693548908,0.33808150724289265,0.030361125146327463,0.3077203820965652,0.15450170316703724
correct_CP,Cc1cc(Cn2cnc3c2CC(C(=O)O)N(C(=O)C(c2ccccc2)c2ccccc2)C3)ccc1N(C)C,10.0,0.5911532442480101,0.6794369688158388,0.20696631039610403,0.4724706584197348,0.16632951902605148
correct_CP,Cc1cc(NC(=O)C2C(=O)c3ccccc3S(=O)(=O)N2C)no1,10.0,-0.44798415107218675,-0.4821754349014784,0.005844495835249466,-0.4880199307367279,-0.06602600334352458
correct_CP,Cc1cc(NS(=O)(=O)c2ccccc2)c(C)c(Cl)c1O,10.0,0.518790929284721,0.5746840109640707,0.08792971853617787,0.48675429242789287,0.31458635898747683
correct_CP,Cc1cc(O)c(C(=O)/C=C/c2cccc([N+](=O)[O-])c2)c(=O)o1,10.0,0.29958651083371113,0.3090652824035563,0.0031836310206684176,0.30588165138288786,-0.11380088051839281
correct_CP,Cc1cc(O)nc(NN=Cc2sccc2C)n1,10.0,-0.2196494631146553,-0.2232877730657345,0.13326066485199056,-0.35654843791772506,-0.2610333879436357
correct_CP,Cc1cc(OCC(=O)Nc2nnc[nH]2)ccc1Cl,20.0,0.12148993183985363,0.12209300416343066,-0.05083896978849068,0.17293197395192134,-0.025025564925045075
correct_CP,Cc1cc2cc3c(cc2n2c(SCC(=O)Nc4nc(-c5ccccc5)cs4)nnc12)OCCO3,20.0,0.21292307512655592,0.21623125090510237,0.033746928132796464,0.18248432277230592,0.400061472906989
correct_CP,Cc1cc2n(n1)C(c1ccccc1)Nc1ccccc1-2,10.0,0.3459555892817042,0.36084212981073255,0.1417331647712739,0.21910896503945865,-0.2252159055183367
correct_CP,Cc1cc2ncc(-c3ccccc3)nc2cc1C,10.0,0.24219654101016708,0.2471062162320959,0.01712266558653998,0.22998355064555592,0.03973913642619001
correct_CP,Cc1ccc(-c2cc(C(=O)NCc3cnn(C)c3)c3cc(Br)ccc3n2)cc1,10.0,0.4695672245640965,0.5095150002989544,0.12888313597526735,0.380631864323687,0.4811623247969474
correct_CP,Cc1ccc(-c2ccc3c(c2)O[C@@H](CN(C)Cc2cncnc2)[C@@H](C)CN([C@@H](C)CO)S3(=O)=O)cc1,9.97797,0.27475815524909414,0.28200328962333493,0.02907749106119579,0.25292579856213915,0.25573452327181606
correct_CP,Cc1ccc(-c2ccc3c(c2)O[C@@H](CN(C)Cc2cncnc2)[C@H](C)CN([C@@H](C)CO)S3(=O)=O)cc1,10.0191,-0.05745541993173197,-0.057518767964084484,0.06146489030375704,-0.11898365826784152,0.3717343144771482
correct_CP,Cc1ccc(-c2ccc3c(c2)O[C@H](CN(C)C(=O)CC2CC2)[C@@H](C)CN([C@H](C)CO)S3(=O)=O)cc1,9.98551,0.8566238068376242,1.2805215311569211,0.5607257375155401,0.719795793641381,0.6988223755103786
correct_CP,Cc1ccc(-c2cnc3c(c2)C(=O)N([C@@H](C)CO)C[C@H](C)[C@@H](CN(C)C(=O)c2cccc(F)c2)O3)cc1,10.0928,0.3037575057113591,0.31365387616410656,0.034368065377464285,0.2792858107866423,0.31621515744280354
correct_CP,Cc1ccc(-c2cnc3c(c2)C(=O)N([C@@H](C)CO)C[C@H](C)[C@H](CN(C)S(C)(=O)=O)O3)cc1,10.0172,0.2078528305709299,0.21092617376860012,-0.0014744183560387782,0.2124005921246389,-0.050861700331663866
correct_CP,Cc1ccc(-c2cnc3c(c2)C(=O)N([C@H](C)CO)C[C@@H](C)[C@@H](CN(C)S(C)(=O)=O)O3)cc1,10.0273,-0.31001627304358303,-0.32056341254832815,-0.0035367424470811454,-0.317026670101247,-0.09718746370154062
correct_CP,Cc1ccc(-c2cnc3c(c2)C(=O)N([C@H](C)CO)C[C@@H](C)[C@H](CN(C)C(=O)c2cccc(F)c2)O3)cc1,10.0791,-0.06938343702965993,-0.06949509844161939,-0.004219059846727713,-0.06527603859489167,0.3084341455504859
correct_CP,Cc1ccc(-c2csc(-c3c[nH]c4ccccc34)n2)cc1,10.0,0.3297583484610051,0.34255709526229233,0.08204302649490153,0.2605140687673908,0.14154006497239197
correct_CP,Cc1ccc(-c2nn(-c3ccccc3)cc2/C=C2\SC(=S)N(CCS(=O)(=O)O)C2=O)cc1,20.0,-0.11879097943530545,-0.11935452351133949,0.026612775213853176,-0.14596729872519265,0.06012448561003671
correct_CP,Cc1ccc(-c2nnn(CC(=O)N(Cc3cccs3)C(C(=O)NC(C)(C)C)c3ccco3)n2)o1,10.0,0.6357110728319812,0.7509427934912206,0.2706680453799849,0.4802747481112357,0.1469542114358653
correct_CP,Cc1ccc(-n2c(S)nnc2-c2cnccn2)cc1,10.0,-0.056018520089868656,-0.0560772274312631,-0.030207393281069927,-0.025869834150193175,0.20936729593086933
correct_CP,Cc1ccc(-n2nc(C)c(C=C3C=Nc4ccccc43)c2O)cc1C,10.0,0.4496552130585658,0.48426802793895957,-0.024040734613998117,0.5083087625529576,-0.05858751603025072
correct_CP,Cc1ccc(/C(=C\CN2CCCC2)c2ccccn2)cc1,10.0,-0.19134179354352632,-0.1937295848168077,-0.04314098063398436,-0.15058860418282333,-0.008073802537589964
correct_CP,Cc1ccc(C(=O)NC(C)(COc2nonc2C)COc2nonc2C)cc1,10.0,0.34702726825833563,0.36206002496611933,-0.03511877519194386,0.39717880015806317,0.07065592298477641
correct_CP,Cc1ccc(C(=O)NNc2ncnc3ccccc23)cc1,10.0,0.5088774383079142,0.5612137609355292,-0.052605236680176325,0.6138189976157056,-0.07843859969831896
correct_CP,Cc1ccc(C(=O)Nc2ccccc2SCC2CSc3nc4ccccc4c(=O)n32)cc1,10.0,0.12543133034193626,0.1260954150249853,0.10701031086317506,0.01908510416181025,0.05114023452722696
correct_CP,Cc1ccc(C(C(=O)NC2CCCC2)N(Cc2ccc(F)cc2)C(=O)c2csnn2)o1,10.0,0.35934752963166716,0.3761364820017137,0.1337484845492245,0.24238799745248918,0.09403920170239383
correct_CP,Cc1ccc(C)c(C(C)NC(=O)c2ccc(Br)o2)c1,10.0,0.502692382249762,0.5529024579106602,0.13541594738279455,0.4174865105278656,-0.1346780117491486
correct_CP,Cc1ccc(C)c(OCCCC(C)(C)C(=O)O)c1,10.0,0.30307709037500424,0.31290446880421624,0.05696123275022191,0.2559432360539943,-0.36105905224239454
correct_CP,Cc1ccc(C2c3c(C)noc3N=C3CC(C)(C)CC(=O)C32)cc1,10.0,0.42414696846105443,0.4527379101374029,0.10374472478804597,0.3489931853493569,0.061144709141609244
correct_CP,Cc1ccc(C=C2CNCC(=Cc3ccc(C)cc3)C2=O)cc1,10.0,0.494535734992727,0.5420467744239882,-0.015193206593117146,0.5572399810171054,0.9047719992931808
correct_CP,Cc1ccc(CC2(O)CCN(CCOc3ccc(O)cc3)CC2)cc1,10.0,0.14911880517450163,0.15023907949294396,0.0443014854295392,0.10593759406340476,-0.30744162754114696
correct_CP,Cc1ccc(CN(C)C[C@H]2OCc3cnnn3CCCC(=O)N([C@H](C)CO)C[C@@H]2C)cc1,10.0072,0.06764791383072534,0.0677513891316373,0.0627026083011597,0.005048780830477592,-0.08059016934667203
correct_CP,Cc1ccc(C[N+](C)(C)C)o1,10.0,0.5610903824359893,0.63442315492315,0.06262580077656826,0.5717973541465817,-0.1970264187562683
correct_CP,Cc1ccc(Cn2ncc3c(N4CCN(c5ccccc5C)CC4)ncnc32)cc1,10.0,0.618137125640762,0.7219846337990278,0.12148657576957657,0.6004980580294512,0.4811947600320483
correct_CP,Cc1ccc(N(C(=O)Cn2nnc3ccccc32)C(C(=O)NCc2ccco2)c2cccnc2)cc1,10.0,0.2921984018190566,0.3009682042341143,-0.023713352568289443,0.32468155680240374,-0.08578530732802397
correct_CP,Cc1ccc(N2CC(C(=O)Nc3nccs3)CC2=O)cc1Cl,10.0,0.011982077385260364,0.011982650857657495,-0.10562109923561891,0.11760375009327641,0.45393551116551195
correct_CP,Cc1ccc(NC(=O)CCC(=O)N/N=C/c2ccco2)c(C)c1,20.0,0.06704895696916668,0.06714970311726864,0.07388800170397263,-0.006738298586703981,0.4732719712448111
correct_CP,Cc1ccc(NC(=O)CCC(=O)NN=Cc2ccco2)c(C)c1,20.0,0.192450520052168,0.19488070029309457,0.03913743921537746,0.1557432610777171,0.08637632186388586
correct_CP,Cc1ccc(NC(=O)CN(C)CC(=O)Nc2cccc(F)c2)cc1S(=O)(=O)N1CCCCCC1,10.0,0.12484500077669838,0.12549975770984528,-0.06193316844641657,0.18743292615626184,0.10265578989074772
correct_CP,Cc1ccc(NC(=O)CSc2nc3sc(C)cc3c(=O)n2C)cc1,10.0,0.513886030453789,0.5679960262026356,0.11740509970431834,0.4505909264983172,0.057163010041049234
correct_CP,Cc1ccc(NC(=O)Nc2ccc3c(c2)C(=O)N(C)[C@H]2CC[C@H](CC(=O)NCC(F)(F)F)O[C@@H]2CO3)cc1,10.0081,-0.28775848412405136,-0.2961206575853125,0.007364112569384363,-0.3034847701546968,0.07692504860304632
correct_CP,Cc1ccc(NC(=O)c2ccc(CN3CCN(C)CC3)cc2)cc1Nc1nccc(-c2cccnc2)n1,10.0,0.19984789560941274,0.20257411699984712,0.01940108435089485,0.18317303264895227,0.2703664350342569
correct_CP,Cc1ccc(NC(S)=NN=Cc2ccc(OCCC(C)C)cc2)c(C)c1,10.0,0.1319602326174681,0.1327342996908772,-0.038799379836202935,0.17153367952708012,0.2736716540519425
correct_CP,Cc1ccc(NC2=CC(=O)c3sc(C)nc3C2=O)cc1,10.0,0.3755254758093928,0.394840283258086,-0.019696970086229247,0.41453725334431524,0.6114831261897218
correct_CP,Cc1ccc(Nc2nc(-c3sc(NC(=O)c4ccco4)nc3C)cs2)cc1,10.0,0.3318220167931505,0.34487432058618284,-0.07581508398332842,0.42068940456951126,0.1903248737372264
correct_CP,Cc1ccc(Nc2nc(N)nc(CSC(=S)N3CCOCC3)n2)cc1,10.0,0.4461116759982371,0.4798352727572741,-0.08728878609964008,0.5671240588569142,-0.11909873220159783
correct_CP,Cc1ccc(O)c(NC(=S)NC(=O)c2ccccc2Cl)c1,10.0,0.3016540801686308,0.31133826844180496,-0.06851229779823773,0.37985056624004265,0.04992642444453239
correct_CP,Cc1ccc(OC(=O)N(C)C[C@H]2OCc3cn(nn3)CCCC(=O)N([C@H](C)CO)C[C@H]2C)cc1,10.0472,-0.32250959698411474,-0.3344455165207836,-0.015438907512396387,-0.3190066090083872,-0.3731363868198029
correct_CP,Cc1ccc(OCC(=O)c2c[nH]c3ccccc23)c([N+](=O)[O-])n1,10.0,0.28388721607147605,0.2919049842161795,0.008637913050006727,0.2832670711661728,0.16207485420468906
correct_CP,Cc1ccc(OCCCn2c(CO)nc3ccccc32)cc1,10.0,0.38022596926135377,0.4003237827667166,0.12604186559291422,0.27428191717380235,-0.08347838583700365
correct_CP,Cc1ccc(S(=O)(=O)N(C)C)cc1NC(S)=NNC(=O)C(N)=O,10.0,0.4465453991130993,0.4803768912573843,-0.02665501071555052,0.5070319019729348,-0.05991511734833369
correct_CP,Cc1ccc(S(=O)(=O)N(C)C[C@@H]2Oc3cc(C#Cc4ccncc4)ccc3S(=O)(=O)N([C@@H](C)CO)C[C@@H]2C)cc1,10.0328,0.231321078071613,0.23558478181857884,-0.0067069133138142265,0.24229169513239307,0.10704807856484502
correct_CP,Cc1ccc(S(=O)(=O)N(C)C[C@@H]2Oc3cc(C#Cc4ccncc4)ccc3S(=O)(=O)N([C@H](C)CO)C[C@@H]2C)cc1,10.0419,0.30733400486084717,0.31759865912049734,0.024281794188587856,0.2933168649319095,0.22921538732229405
correct_CP,Cc1ccc(S(=O)(=O)N(C)C[C@@H]2Oc3ncc(Br)cc3C(=O)N([C@@H](C)CO)C[C@@H]2C)cc1,10.0176,-0.03517326433620235,-0.03518778008062385,0.039754087207230206,-0.07494186728785406,0.0997949635374604
correct_CP,Cc1ccc(S(=O)(=O)N(C)C[C@H]2OCCCC[C@@H](C)Oc3ccc(N(C)C)cc3C(=O)N([C@H](C)CO)C[C@@H]2C)cc1,10.2219,0.29388476570911337,0.30281298638555376,-0.061962157240064285,0.364775143625618,0.12981394816826416
correct_CP,Cc1ccc(S(=O)(=O)N(C)C[C@H]2OCCCC[C@@H](C)Oc3ccc(N(C)C)cc3C(=O)N([C@H](C)CO)C[C@H]2C)cc1,9.971203,0.21921824258325864,0.22283473835372508,-0.025090317977154556,0.24792505633087963,0.23021221679271694
correct_CP,Cc1ccc(S(=O)(=O)N(C)C[C@H]2OCc3ccccc3-c3ccccc3C(=O)N([C@@H](C)CO)C[C@H]2C)cc1,10.2208,-0.09998917685093586,-0.10032441526922486,-0.020107327864024846,-0.08021708740520002,0.3120618567667554
correct_CP,Cc1ccc(S(=O)(=O)N(C)C[C@H]2OCc3cn(nn3)CCCC(=O)N([C@H](C)CO)C[C@@H]2C)cc1,10.0337,0.14312789786798652,0.14411744288711187,0.09333346839052716,0.05078397449658471,-0.0855334966493031
correct_CP,Cc1ccc(S(=O)(=O)N(C)C[C@H]2OCc3cnnn3CCCC(=O)N([C@H](C)CO)C[C@H]2C)cc1,10.0328,0.28540958752257994,0.29356158141181216,0.051788833624251206,0.24177274778756094,-0.07680424690141685
correct_CP,Cc1ccc(S(=O)(=O)N(C)C[C@H]2Oc3c(NC(=O)Nc4ccccc4)cccc3C(=O)N([C@H](C)CO)C[C@@H]2C)cc1,10.0662,0.04950161270838429,0.049542105335860336,-0.018256799310014206,0.06779890464587454,-0.09779894570515407
correct_CP,Cc1ccc(S(=O)(=O)N2C[C@@H](O)COC[C@@H]3O[C@@H](CC(=O)NCc4ccc5c(c4)OCO5)CC[C@H]32)cc1,10.0965,0.25979423723672973,0.26588773874705995,0.010897180913522427,0.2549905578335375,-0.23609976123400983
correct_CP,Cc1ccc(S(=O)(=O)N2C[C@H](O)COC[C@H]3O[C@@H](CC(=O)N4CCc5ccccc5C4)CC[C@@H]32)cc1,9.981109,0.39270680502993927,0.41499638840226716,0.007054118119839992,0.4079422702824272,-0.05206786115887938
correct_CP,Cc1ccc(S(=O)(=O)N2C[C@H](O)COC[C@H]3O[C@@H](CC(=O)NCc4ccc5c(c4)OCO5)CC[C@@H]32)cc1,10.0384,-0.27916095780627437,-0.2867718851758732,0.14227817626811168,-0.4290500614439849,-0.23657782223156076
correct_CP,Cc1ccc(S(=O)(=O)N2C[C@H](O)COC[C@H]3O[C@H](CC(=O)NCc4ccc5c(c4)OCO5)CC[C@@H]32)cc1,10.0571,0.2142523807834328,0.2176240981019867,0.055821051261360194,0.16180304684062652,-0.14329364618737783
correct_CP,Cc1ccc(S(=O)(=O)NC(=O)Nc2c(C)n(C)n(-c3ccccc3)c2=O)cc1,10.0,0.3298247102104456,0.3426315554886274,0.1341895771883025,0.2084419783003249,0.1386921675159145
correct_CP,Cc1ccc(S(=O)(=O)NC2CCCCCCC2)cc1,20.0,-0.03359965385646339,-0.033612306389136995,0.05494349980152145,-0.08855580619065845,0.05276507406291134
correct_CP,Cc1ccc(S(=O)(=O)NCCC(=O)NC2CCCC2)cc1,10.0,-0.22760303750281746,-0.2316600895449572,0.004112852471019272,-0.23577294201597648,-0.08991227027685622
correct_CP,Cc1ccc(S(=O)(=O)NCC[C@@H]2CC[C@@H](NC(=O)CC3CC3)[C@@H](CO)O2)cc1,10.0411,0.005755729716886255,0.005755793277568922,0.04179024569611,-0.03603445241854108,-0.2041877963339732
correct_CP,Cc1ccc(S(=O)(=O)NCC[C@@H]2CC[C@H](NC(=O)c3cccc(F)c3)[C@H](CO)O2)cc1,10.0578,-0.5244544059440507,-0.5824645472460459,0.026005421985256866,-0.6084699692313028,0.051786380475734695
correct_CP,Cc1ccc(S(=O)(=O)NCC[C@H]2CC[C@@H](NC(=O)c3cccc(F)c3)[C@@H](CO)O2)cc1,10.0759,0.05119209941086599,0.05123688839216553,0.03118753421815177,0.02004935417401376,-0.05807650193506203
correct_CP,Cc1ccc(S(=O)(=O)N[C@@H]2C=C[C@@H](CC(=O)NCCN3CCCCC3)O[C@@H]2CO)cc1,10.0236,0.5940178068931902,0.6838518655954785,0.04079097113120907,0.6430608944642694,-0.019491667047789533
correct_CP,Cc1ccc(S(=O)(=O)N[C@@H]2CC[C@@H](CC(=O)N3CCc4ccccc4C3)O[C@@H]2CO)cc1,10.0416,0.15711659308257248,0.1584289264545391,0.05211302106333083,0.10631590539120828,-0.04804408257134129
correct_CP,Cc1ccc(S(=O)(=O)N[C@@H]2CC[C@@H](CC(=O)N3CCc4ccccc4C3)O[C@H]2CO)cc1,10.0215,0.2463529059520627,0.2515263384673926,-0.06292651527854941,0.314452853745942,-0.03556450724229085
correct_CP,Cc1ccc(S(=O)(=O)N[C@@H]2CC[C@@H](CC(=O)O)O[C@H]2CO)cc1,10.0446,-0.18821513381012925,-0.19048610532579127,-0.04685668118758472,-0.14362942413820656,0.1503425189803569
correct_CP,Cc1ccc(S(=O)(=O)N[C@@H]2CC[C@H](CC(=O)NCCCN(C)C)O[C@@H]2CO)cc1,10.0385,-0.2653779187122033,-0.2718849573270092,-0.10013149818639792,-0.17175345914061124,0.15966263637265787
correct_CP,Cc1ccc(S(=O)(=O)N[C@@H]2CC[C@H](CCNC(=O)c3ccccc3F)O[C@H]2CO)cc1,10.0466,-0.406488620842662,-0.43139757532746914,-0.13883019578434574,-0.2925673795431234,0.4739574450111466
correct_CP,Cc1ccc(S(=O)(=O)N[C@@H]2CC[C@H](CCn3cc(-c4cccnc4)nn3)O[C@@H]2CO)cc1,10.0364,-0.23405668284694423,-0.23847698456914967,-0.04556935302455069,-0.192907631544599,0.29735434275029426
correct_CP,Cc1ccc(S(=O)(=O)N[C@H]2C=C[C@@H](CC(=O)N3CCC(Cc4ccccc4)CC3)O[C@H]2CO)cc1,10.0177,0.055143059247154555,0.05519905365610481,0.04870320663455385,0.0064958470215509545,0.03202242634157845
correct_CP,Cc1ccc(S(=O)(=O)N[C@H]2C=C[C@H](CC(=O)NCCN3CCCCC3)O[C@@H]2CO)cc1,10.016,0.4749512928889442,0.5164446063603021,-0.06326597730908867,0.5797105836693908,-0.26575606857111567
correct_CP,Cc1ccc(S(=O)(=O)N[C@H]2CC[C@@H](CC(=O)N3CCc4ccccc4C3)O[C@H]2CO)cc1,10.0299,-0.33545428306831654,-0.3489615625557122,-0.07024524913151911,-0.2787163134241931,-0.19851424490090738
correct_CP,Cc1ccc(S(=O)(=O)N[C@H]2CC[C@H](CC(=O)NCc3ccncn3)O[C@@H]2CO)cc1,10.0181,0.14149527778025134,0.14245107411846114,-0.05542233805028063,0.19787341216874177,0.09150762638983098
correct_CP,Cc1ccc(S(=O)(=O)N[C@H]2CC[C@H](CC(=O)O)O[C@@H]2CO)cc1,10.0258,-0.04709347583374162,-0.047128336799937456,-0.03570772590910827,-0.011420610890829186,0.0073664429751399176
correct_CP,Cc1ccc(S(=O)(=O)N[C@H]2CC[C@H](CCNC(=O)C3CCCCC3)O[C@H]2CO)cc1,10.0096,0.3593970260672045,0.3761933188238463,0.043242156239415984,0.33295116258443036,-0.30152078143898264
correct_CP,Cc1ccc(S(=O)(=O)Nc2ccc3c(c2)C(=O)N(C)[C@@H]2CC[C@@H](CC(=O)NCCc4ccncc4)O[C@H]2CO3)cc1,10.1024,0.1441451179643018,0.1451560919122314,-0.022724592711584155,0.16788068462381556,0.28729382613744725
correct_CP,Cc1ccc(S(=O)(=O)Nc2ccc3c(c2)C(=O)N(C)[C@@H]2CC[C@H](CC(=O)NCCc4ccncc4)O[C@H]2CO3)cc1,9.95369,0.1639892055918718,0.1654834148645468,-0.009035139390698988,0.1745185542552458,0.07232503094285378
correct_CP,Cc1ccc(S(=O)(=O)Nc2ccc3c(c2)C(=O)N([C@@H](C)CO)C[C@@H](C)[C@@H](CN(C)C(=O)NC(C)C)O3)cc1,10.4287,0.19586395509681198,0.1984278565891815,-0.0626913975862905,0.261119254175472,0.13554234550177813
correct_CP,Cc1ccc(S(=O)(=O)Nc2ccc3c(c2)C(=O)N([C@@H](C)CO)C[C@H](C)[C@H](CN(C)C)OCCCC[C@@H](C)O3)cc1,9.81689,0.48979847136961047,0.5357951669173658,0.0864806211842756,0.44931454573309026,-0.06388981880238286
correct_CP,Cc1ccc(S(=O)(=O)Nc2ccc3c(c2)C(=O)N([C@H](C)CO)C[C@H](C)[C@@H](CN(C)C)OCCCC[C@@H](C)O3)cc1,9.8766,-0.004511371849005227,-0.004511402455241343,0.02663850440869939,-0.031149906863940733,0.06788644013985719
correct_CP,Cc1ccc(S(=O)(=O)Nc2ccc3c(c2)C(=O)N([C@H](C)CO)C[C@H](C)[C@H](CN(C)C)OCCCC[C@@H](C)O3)cc1,10.1373,-0.12843721709661512,-0.1291505291765056,-0.00023959921416185498,-0.12891092996234374,0.13453450994049015
correct_CP,Cc1ccc2[nH]c(SCc3ccc([N+](=O)[O-])cc3)nc2c1,10.0,0.17340166834598575,0.1751716672716936,-0.18048780370280146,0.355659470974495,0.327133918641059
correct_CP,Cc1ccc2c(COn3nnc4ccc(S(=O)(=O)N(C)C)cc43)cc(=O)oc2c1C,10.0,0.3313649812992619,0.3443608239411734,0.06614741215610659,0.2782134117850668,0.26108501726598726
correct_CP,Cc1ccc2c(c1)COc1c3ccc(C(=O)N[C@@H](C)CO)cc3nn1-2,10.0,0.3769298855250946,0.3964762616982554,-0.01287168680978915,0.40934794850804457,-0.19785110982942838
correct_CP,Cc1ccc2nc(NCCC(=O)O)nc(-c3ccccc3)c2c1,10.0,0.47559462631391525,0.5172756624397312,0.18030282851417606,0.33697283392555516,-0.11028037302600928
correct_CP,Cc1ccc2nc(O)c(COC(=O)c3cccs3)cc2c1,10.0,0.6051659663466793,0.7012584637010135,-0.027619939119245488,0.7288784028202591,-0.30868181338752115
correct_CP,Cc1ccc2oc(Nc3nc(C)c(C)c(C)n3)nc2c1,10.0,0.3147259347963967,0.32578232742689645,0.18774843567502947,0.13803389175186698,0.3554583133521429
correct_CP,Cc1cccc(-n2c(Cc3cc(O)nc(O)n3)nnc2SC(C)C)c1,10.0,0.33944498595039163,0.3534651027703406,0.02366188745506699,0.3298032153152736,0.1754026645727213
correct_CP,Cc1cccc(-n2c(N)c(-c3nc4ccccc4n3C)c3nc4ccccc4nc32)c1,10.0,0.18668620407934558,0.18890149561632738,0.17397966984638052,0.014921825769946856,-0.08513725559997068
correct_CP,Cc1cccc(-n2ncc3c(N4CCC5(CC4)OCCO5)ncnc32)c1,10.0,-0.058438251954945494,-0.05850491137539529,-0.030924319218823874,-0.027580592156571417,0.19735016013982257
correct_CP,Cc1cccc(C2CC(c3ccccc3)=NN2c2ccc(S(N)(=O)=O)cc2)c1,20.0,0.0468333383544618,0.046867624301698114,-0.07545896396531598,0.12232658826701409,0.14700319128744932
correct_CP,Cc1cccc(C=Cc2ccccc2)n1,10.0,0.30188539274016585,0.31159275590951935,0.030169564232633908,0.28142319167688545,0.7710326812452172
correct_CP,Cc1cccc(CN2CCN(C(c3ccccc3)c3ccc(Cl)cc3)CC2)c1,10.0,-0.13189627293411793,-0.13266920706621282,0.003907579596969562,-0.13657678666318238,-0.006557149919657022
correct_CP,Cc1cccc(COc2ccc(C=NNC(=O)c3nnn(-c4nonc4N)c3CN3CCCCC3)cc2)c1,20.0,0.28512605840327715,0.2932529353756611,0.08093274199712411,0.212320193378537,0.10105974755802943
correct_CP,Cc1cccc(N2CCN(C(=O)c3cc(S(=O)(=O)N(C)C)ccc3Cl)CC2)c1C,20.0,0.16865038640561877,0.1702772126971575,0.06233653398618489,0.10794067871097263,0.14455548744432423
correct_CP,Cc1cccc(N=C(S)Nc2cccc(C(F)(F)F)c2)n1,10.0,-0.08876774872454436,-0.08900201208368737,0.028587639467209932,-0.1175896515508973,0.18268084207726806
correct_CP,Cc1cccc(N=Cc2c(O)cc(C)oc2=O)c1,10.0,0.37158476855813066,0.3902604855589874,-0.0283763166839361,0.4186368022429235,0.1047320890012008
correct_CP,Cc1cccc(NC(=O)CSc2ccc(-c3ccco3)nn2)c1,10.0,0.06193265772513917,0.06201202454359131,-0.035175142382292184,0.0971871669258835,0.10955162520462308
correct_CP,Cc1cccc(Nc2cc(Cl)nc(SCC(=O)O)n2)c1C,10.0,0.08102425862818514,0.08120226653025989,-0.004842323504217533,0.08604459003447743,-0.057428999173845016
correct_CP,Cc1cccc(Nc2nc(N)nc(CCl)n2)c1,10.0,0.4258040973192598,0.4547602902084542,-0.037521658825769175,0.4922819490342234,-0.34996390266103417
correct_CP,Cc1cccc(Nc2nc3ccccc3n3nnnc23)c1,10.0,0.5265545467668142,0.5853659189278481,-0.06230624144105791,0.647672160368906,-0.11442777081164172
correct_CP,Cc1cccc(OCCNC(=O)c2nc[nH]n2)c1,10.0,0.60295163687709,0.6977719435181103,0.06019123170385314,0.6375807118142572,0.39060688309130304
correct_CP,Cc1cccc(S(=O)(=O)N(C)C[C@@H]2OCc3cnnn3CCCC(=O)N([C@H](C)CO)C[C@@H]2C)c1,10.0247,0.1500506200067259,0.15119222151189296,0.05088603768628788,0.10030618382560508,-0.026989449360951236
correct_CP,Cc1cccc(S(=O)(=O)N(C)C[C@@H]2OCc3cnnn3CCCC(=O)N([C@H](C)CO)C[C@H]2C)c1,10.0356,0.263395102644757,0.2697531247715306,0.0492334463113012,0.22051967846022938,-0.35448478799203514
correct_CP,Cc1cccc(S(=O)(=O)N(C)C[C@H]2OCc3ccccc3-c3c(n(C)c4ccccc34)C(=O)N([C@H](C)CO)C[C@H]2C)c1,9.97374,0.14659647123786923,0.14766036859567597,0.06692784734584922,0.08073252124982674,-0.04939649894373296
correct_CP,Cc1cccc(S(=O)(=O)N[C@@H]2CC[C@@H](CCNS(=O)(=O)c3ccccc3F)O[C@@H]2CO)c1,10.1029,0.21783137633387695,0.22137832351162567,0.005203548835046366,0.2161747746765793,0.11061691409995501
correct_CP,Cc1cccc(S(=O)(=O)N[C@@H]2CC[C@H](CCNC(=O)Nc3cc(F)ccc3F)O[C@@H]2CO)c1,10.1591,0.28518417495153453,0.2933161958508305,0.1894472906514735,0.10386890519935701,0.045939439840042146
correct_CP,Cc1cccc(S(=O)(=O)N[C@@H]2CC[C@H](CCNC(=O)c3cnccn3)O[C@@H]2CO)c1,10.0287,0.6013049570077362,0.6951886762773096,0.12305478641375621,0.5721338898635534,-0.12422675364905024
correct_CP,Cc1cccc(S(=O)(=O)N[C@@H]2CC[C@H](CCNS(=O)(=O)c3ccccc3F)O[C@H]2CO)c1,10.0526,-0.05938853861826368,-0.0594585078427883,0.06876234346702656,-0.12822085130981487,0.033294132958168215
correct_CP,Cc1cccc2cc(CN(Cc3ccc(F)cc3)C(=O)N3CCOCC3)c(O)nc12,10.0,-0.20463041157303383,-0.20756059438116126,0.08972647724932398,-0.29728707163048523,-0.1437134961951359
correct_CP,Cc1cccc2sc(N(CCCN(C)C)C(=O)c3ccc(S(=O)(=O)N4CCc5ccccc5C4)cc3)nc12,10.0,0.3200684643889333,0.3317233855101504,0.05350337076390953,0.27822001474624086,0.20306289692686214
correct_CP,Cc1ccccc1-c1ccc2c(c1)O[C@@H](CN(C)C(=O)Nc1ccc(F)cc1)[C@H](C)CN([C@H](C)CO)S2(=O)=O,10.067,0.0024909455202150647,0.002490950672181791,0.03263897815631957,-0.030148027484137776,0.25775746809607647
correct_CP,Cc1ccccc1-c1ccc2c(c1)O[C@@H](CN(C)C(=O)c1ccccn1)[C@H](C)CN([C@H](C)CO)S2(=O)=O,10.1781,0.21729151014715486,0.2208116342143313,-0.040268507768978175,0.2610801419833095,0.07923442633318663
correct_CP,Cc1ccccc1-c1ccc2c(c1)O[C@H](CN(C)C(=O)c1ccccn1)[C@H](C)CN([C@@H](C)CO)S2(=O)=O,10.0654,-0.013678942907030874,-0.013679796174359986,-0.04674338531071149,0.033063589136351504,-0.11003451028158626
correct_CP,Cc1ccccc1-c1ccc2c(c1)O[C@H](CN(C)C(=O)c1ccccn1)[C@H](C)CN([C@H](C)CO)S2(=O)=O,10.0554,0.1288223515371832,0.12954214311826054,0.004663496593602119,0.12487864652465842,-0.09420355395020483
correct_CP,Cc1ccccc1-c1cnc2c(c1)C(=O)N([C@@H](C)CO)C[C@@H](C)[C@H](CN(C)C(=O)CC1CC1)O2,9.9746,0.2638473678078149,0.27023916808727805,-0.03751289617345803,0.3077520642607361,0.12528456060700888
correct_CP,Cc1ccccc1-c1cnc2c(c1)C(=O)N([C@@H](C)CO)C[C@H](C)[C@H](CN(C)C(=O)CC1CC1)O2,10.0282,0.046289029129932206,0.046322132467927477,-0.04178318161672295,0.08810531408465043,0.21754663955112868
correct_CP,Cc1ccccc1-c1cnc2c(c1)C(=O)N([C@H](C)CO)C[C@@H](C)[C@@H](CN(C)Cc1cncnc1)O2,10.0203,-0.24062151747547691,-0.24543372212001516,0.0021904514023974257,-0.2476241735224126,0.16384250864798322
correct_CP,Cc1ccccc1-c1cnc2c(c1)C(=O)N([C@H](C)CO)C[C@@H](C)[C@H](CN(C)Cc1cncnc1)O2,10.0352,0.4937183443683728,0.5409653386460238,0.13271001034497648,0.4082553283010473,-0.15128095955676246
correct_CP,Cc1ccccc1-c1cnc2c(c1)C(=O)N([C@H](C)CO)C[C@H](C)[C@H](CN(C)C(=O)CC1CC1)O2,10.0663,0.2772828493154588,0.284736198626649,0.02248643043520319,0.2622497681914458,-0.07345054435640239
correct_CP,Cc1ccccc1-n1nnnc1SCc1cc(=O)n2ccsc2n1,10.0,0.33658504828871855,0.35023625218772564,0.10149837928997144,0.2487378728977542,0.09124375786125513
correct_CP,Cc1ccccc1C(=O)C(C#N)N=Nc1c(C)n(C)n(-c2ccccc2)c1=O,10.0,0.32451642175379114,0.3366869302509848,0.08266779085148468,0.2540191393995001,0.023653981460613427
correct_CP,Cc1ccccc1C=NNC(=O)c1csnn1,10.0,0.5601783986133502,0.6330931292449938,0.17080688566780072,0.4622862435771931,-0.20915309249949832
correct_CP,Cc1ccccc1CN(C)C[C@@H]1OCc2cn(nn2)CCCC(=O)N([C@@H](C)CO)C[C@H]1C,10.1046,0.3842607965268024,0.4050490261604011,-0.104294556475195,0.5093435826355961,-0.10239666853604812
correct_CP,Cc1ccccc1Cn1c(O)c(N=NC(S)=Nc2ccccc2F)c2ccccc21,10.0,-0.11487708979926738,-0.11538646375333275,0.07728995846969405,-0.1926764222230268,-0.2935114783224475
correct_CP,Cc1ccccc1N(CC(=O)NN=Cc1cc(Br)c(C)o1)S(C)(=O)=O,10.0,0.37614868899645115,0.3955660075959204,0.058949394827395224,0.33661661276852517,-0.07074166846760617
correct_CP,Cc1ccccc1S(=O)(=O)Cc1ccc(C(=O)N2CCN(c3ncccn3)CC2)o1,10.0,0.27831318667555843,0.28585269834304733,0.12313755829292118,0.16271514005012616,-0.033860014821085596
correct_CP,Cc1ccccc1S(=O)(=O)N(C)C[C@@H]1OCc2ccccc2-c2ccccc2C(=O)N([C@@H](C)CO)C[C@H]1C,9.7943,-0.2577644099782966,-0.2637122233573899,0.08054799461269826,-0.3442602179700882,0.012021992806527534
correct_CP,Cc1ccccc1S(=O)(=O)N(C)C[C@@H]1OCc2ccccc2-c2ccccc2C(=O)N([C@H](C)CO)C[C@H]1C,10.2761,0.02840761207809891,0.028415257356159473,0.1380399004553101,-0.10962464309915061,-0.2657391428901016
correct_CP,Cc1ccccc1S(=O)(=O)N(C)C[C@@H]1OCc2cnnn2CCCC(=O)N([C@H](C)CO)C[C@H]1C,10.0311,-0.01854578172105546,-0.018547908409220326,0.09568162019488388,-0.11422952860410421,0.01166815798135612
correct_CP,Cc1ccccc1S(=O)(=O)N(C)C[C@H]1OCc2ccccc2-c2c(n(C)c3ccccc23)C(=O)N([C@H](C)CO)C[C@@H]1C,9.95353,0.5759182474731099,0.6563335732160797,0.06272765750096992,0.5936059157151097,0.005920772091057694
correct_CP,Cc1ccccc1S(=O)(=O)N(C)C[C@H]1OCc2ccccc2-c2c(n(C)c3ccccc23)C(=O)N([C@H](C)CO)C[C@H]1C,9.87622,0.26468626959065045,0.2711410549692975,-0.04832031473695566,0.31946136970625316,0.18072782201320856
correct_CP,Cc1ccccc1S(=O)(=O)N(C)C[C@H]1OCc2cn(nn2)CCCC(=O)N([C@H](C)CO)C[C@H]1C,10.1844,0.06957001071716966,0.06968257709197095,0.020159143203800516,0.04952343388817044,-0.05345734564680715
correct_CP,Cc1ccccc1S(=O)(=O)NCC[C@@H]1CC[C@H](NS(=O)(=O)c2ccccc2C)[C@@H](CO)O1,10.1666,-0.5455495895115784,-0.6120230238080667,-0.08766907725092983,-0.5243539465571369,0.5867319722493466
correct_CP,Cc1ccccc1S(=O)(=O)N[C@@H]1CC[C@@H](CCn2cc(-c3ccc(F)cc3)nn2)O[C@@H]1CO,10.103283,0.11912969118012658,0.11969809736612734,0.08221836610007571,0.03747973126605163,0.10850278827651283
correct_CP,Cc1ccccc1S(=O)(=O)N[C@@H]1CC[C@H](CCn2cc(-c3ccc(F)cc3)nn2)O[C@H]1CO,10.1042,-0.23878157356471627,-0.2434816156742455,0.11350696862895432,-0.3569885843031998,-0.17300212098252513
correct_CP,Cc1ccccc1S(=O)(=O)Nc1ccc2c(c1)C(=O)N(C)[C@@H]1CC[C@H](CC(=O)O)O[C@H]1CO2,10.0104,0.18712109168463975,0.18935212505607021,-0.0026260985165592714,0.19197822357262948,0.09797726137094138
correct_CP,Cc1cccn2c(=O)c3cc(C(=O)NCCN4CCOCC4)c(=N)n(Cc4cccnc4)c3nc12,10.0,0.16218398042729218,0.1636288631912318,0.00012015501249886679,0.16350870817873292,0.2304474472151191
correct_CP,Cc1ccnc(N)c1,10.0,0.2665238241661882,0.27311808167707524,0.09483971532338265,0.1782783663536926,-0.007189402732077493
correct_CP,Cc1ccsc1C=Nn1c(S)nnc1-c1cc(-c2ccccc2)[nH]n1,10.0,0.4095977781130023,0.435127821144605,0.06901004137424459,0.3661177797703604,0.012717226144376537
correct_CP,Cc1cnc(NC(=O)C2C(=O)c3ccccc3S(=O)(=O)N2C)s1,10.0,0.06972851764569152,0.06984185668934541,0.013664970839859375,0.05617688584948603,-0.003461635451828319
correct_CP,Cc1cnc(NC(=O)C2CCCC2)s1,10.0,0.4276301037541764,0.4569928121122957,-0.004140987185430864,0.4611337992977266,0.16227695414541965
correct_CP,Cc1coc(C)c1C(=O)CC1(O)C(=O)N(CCc2ccccc2)c2ccccc21,10.0,0.7245294038336787,0.9171142944781386,0.05914222611585375,0.8579720683622849,-0.07289187524782095
correct_CP,Cc1nc(C(=N)NOC(=O)c2ccccc2Cl)c(C(F)(F)F)o1,10.0,0.24926239516436202,0.254626187954065,0.08103395774187078,0.17359223021219422,0.004147393137217625
correct_CP,Cc1nc(N2[C@@H](C#N)[C@@H](c3ccccc3)[C@@H]2CO)sc1C,10.0589,0.0595171932309229,0.059587618816863294,0.10807229667114432,-0.048484677854281025,-0.10900866771940934
correct_CP,Cc1nc2c(cc1C(=O)/C=C/c1ccc(Br)cc1)CCCC2,10.0,0.5804793421460875,0.6631853462151589,-0.02571093432814485,0.6888962805433038,0.12931727642054108
correct_CP,Cc1nc2sccn2c(=O)c1CCN1CCC(=C(c2ccc(F)cc2)c2ccc(F)cc2)CC1,10.0,0.4879551031434141,0.5333728659755526,-0.013056917678771363,0.5464297836543239,0.09782727477725497
correct_CP,Cc1nn(-c2cccc(Cl)c2)c(Cl)c1C=NNC(=O)c1cccs1,10.0,-0.5739314876929037,-0.6533658700829522,0.13131884390351456,-0.7846847139864668,-0.5383336087478736
correct_CP,Cc1nn(C)cc1NC(=O)C[C@@H]1CC[C@@H]2[C@H](COc3ccc(NC(=O)C4CCOCC4)cc3C(=O)N2C)O1,9.99537,0.4828075593021789,0.5266387691422976,0.009783424508682453,0.5168553446336152,-0.141092078106223
correct_CP,Cc1nn(C)cc1NC(=O)C[C@H]1CC[C@H]2[C@H](COc3ccc(NC(=O)c4cccc(F)c4)cc3C(=O)N2C)O1,10.0021,-0.2096938330621954,-0.21285107628922725,0.047444017433541735,-0.260295093722769,0.21200575912332878
correct_CP,Cc1nn(Cc2c(F)c(F)c(F)c(F)c2F)c(C)c1NC(=O)c1ccc(COc2ccc(Cl)cc2Cl)o1,10.0,0.4469163431214747,0.48084032130186216,0.16877954328471245,0.3120607780171497,0.06500489150850094
correct_CP,Cc1nn(Cc2ccc(C(=O)Nc3ccc(C(=O)OC(C)C)cc3)o2)c(C)c1Cl,10.0,0.09561161935804549,0.09590457503673498,0.0916325555317859,0.0042720195049490844,0.028959047029041493
correct_CP,Cc1nnc2ccc(-c3cccc(C(F)(F)F)c3)nn12,10.0,-0.15038454058027032,-0.15153385106968625,-0.026783510173257013,-0.12475034089642924,0.11555197365424871
correct_CP,Cc1nnc2ccc(N3CCCC3)nn12,10.0,0.22742272036426875,0.23146992931080773,0.055986325968783696,0.17548360334202404,0.0779232508181519
correct_CP,Cc1noc(C)c1C(=O)N(C)C[C@@H]1OCc2ccccc2-c2c(n(C)c3ccccc23)C(=O)N([C@@H](C)CO)C[C@H]1C,10.1449,0.2398932818605653,0.24466087492632446,-0.06256253496250716,0.3072234098888316,0.129096292519105
correct_CP,Cc1noc(C)c1C(=O)N(C)C[C@@H]1OCc2ccccc2-c2ccccc2C(=O)N([C@@H](C)CO)C[C@H]1C,9.67398,-0.06696161297073273,-0.06706196520113518,0.2562239835883954,-0.32328594878953054,-0.22180822819786136
correct_CP,Cc1noc(C)c1NC(=O)N(C)C[C@@H]1OCCCC[C@H](C)Oc2ccc(N(C)C)cc2C(=O)N([C@H](C)CO)C[C@@H]1C,9.97997,0.21489272532390064,0.21829534793899139,0.0135702861296946,0.20472506180929678,0.14200248954424088
correct_CP,Cc1noc(C)c1NC(=O)N(C)C[C@@H]1OCc2ccccc2-c2ccccc2C(=O)N([C@@H](C)CO)C[C@H]1C,9.73238,-0.1798534155556825,-0.18183119991904018,0.08470366755713653,-0.2665348674761767,-0.027369648488593426
correct_CP,Cc1noc(C)c1NC(=O)N(C)C[C@H]1OCCCC[C@@H](C)Oc2ccc(N(C)C)cc2C(=O)N([C@H](C)CO)C[C@H]1C,10.0552,-0.33901759672227,-0.35298213458100963,0.07155904652403935,-0.424541181105049,0.11517641491857036
correct_CP,Cc1noc(C)c1NC(=O)N(C)C[C@H]1OCc2ccccc2-c2c(n(C)c3ccccc23)C(=O)N([C@@H](C)CO)C[C@@H]1C,9.70671,0.3311132427610085,0.3440780608144046,0.16334232844012947,0.18073573237427515,0.1574950152091002
correct_CP,Cc1noc(C)c1NC(=O)N(C)C[C@H]1OCc2ccccc2-c2c(n(C)c3ccccc23)C(=O)N([C@@H](C)CO)C[C@H]1C,10.1045,0.11352578295329076,0.11401730009934055,0.04362376070707076,0.07039353939226979,-0.09433542625710586
correct_CP,Cc1noc(C)c1NC(=O)N(C)C[C@H]1Oc2cc(C#CCC3CCCC3)ccc2S(=O)(=O)N([C@@H](C)CO)C[C@H]1C,10.0732,0.05589089640414031,0.055949202909623276,0.020097662126839194,0.03585154078278408,-0.11025602283533827
correct_CP,Cc1noc(C)c1NC(=O)N(C)C[C@H]1Oc2cc(C#CCC3CCCC3)ccc2S(=O)(=O)N([C@H](C)CO)C[C@@H]1C,9.99848,0.7158771326308809,0.8991364501344623,0.13792443975968205,0.7612120103747803,0.2301843049195731
correct_CP,Cc1noc(C)c1NC(=O)N(C)C[C@H]1Oc2ccc(N(C)C)cc2CC(=O)N([C@@H](C)CO)C[C@@H]1C,10.3008,0.020714901599897508,0.02071786533377481,0.08029859061147315,-0.059580725277698345,-0.07564134893232219
correct_CP,Cc1noc(C)c1NC(=O)N(C)C[C@H]1Oc2ncc(/C=C/c3ccccc3)cc2C(=O)N([C@@H](C)CO)C[C@@H]1C,10.0301,-0.28244621789503754,-0.29033836916947414,0.015007306505575819,-0.30534567567504994,0.0872997013864688
correct_CP,Cc1noc(C)c1NC(=O)N(C)C[C@H]1Oc2ncc(/C=C/c3ccccc3)cc2C(=O)N([C@@H](C)CO)C[C@H]1C,10.0727,-0.018393497476024884,-0.018395572197810756,0.04585265377913282,-0.06424822597694357,-0.10640898657987849
correct_CP,Cc1noc(C)c1NC(=O)N1C[C@@H](O)COC[C@@H]2O[C@@H](CC(=O)NCC3CC3)CC[C@H]21,10.0309,0.24045597539638305,0.2452580137493905,0.03534466880725758,0.2099133449421329,0.09647664871102063
correct_CP,Cc1noc(C)c1NC(=O)N1C[C@@H](O)COC[C@@H]2O[C@H](CC(=O)N3CCc4ccccc4C3)CC[C@H]21,10.0055,-0.40244164707970675,-0.42655904467132655,0.04639861176337205,-0.4729576564346986,0.37869120667456485
correct_CP,Cc1noc(C)c1NC(=O)N1C[C@H](O)COC[C@@H]2O[C@@H](CC(=O)NCC3CC3)CC[C@H]21,10.1165,-0.026019732231701693,-0.02602560663394311,0.04237891325653257,-0.06840451989047568,0.0010505482086007947
correct_CP,Cc1noc(C)c1NC(=O)N1C[C@H](O)COC[C@H]2O[C@H](CC(=O)N3CCc4ccccc4C3)CC[C@@H]21,10.0137,-0.271786243561453,-0.27879152784203265,0.07394847454185026,-0.3527400023838829,0.0206570883432559
correct_CP,Cc1noc(C)c1NC(=O)N1C[C@H](O)COC[C@H]2O[C@H](CC(=O)NCC3CC3)CC[C@@H]21,10.051,-0.01191620156691136,-0.011916765632064704,0.155905514567725,-0.1678222801997897,-0.0687735712811107
correct_CP,Cc1noc(C)c1NC(=O)NCC[C@@H]1CC[C@H](NC(=O)c2ccc(F)cc2)[C@@H](CO)O1,10.0869,0.3319966643241443,0.34507058989256884,0.000292511656079783,0.34477807823648904,0.41389698644213224
correct_CP,Cc1noc(C)c1NC(=O)NCC[C@H]1CC[C@H](NC(=O)Cc2cccnc2)[C@@H](CO)O1,10.1547,0.580388426552072,0.6630482385792521,0.11862757806360624,0.5444206605156459,-0.293302978464723
correct_CP,Cc1noc(C)c1NC(=O)N[C@@H]1C=C[C@@H](CC(=O)NCCCN(C)C)O[C@@H]1CO,10.0176,0.34384998825653856,0.3584522298666031,-0.011242927539061223,0.3696951574056643,-0.2224428030528647
correct_CP,Cc1noc(C)c1NC(=O)N[C@@H]1C=C[C@@H](CC(=O)NCc2ccc(Cl)c(Cl)c2)O[C@@H]1CO,10.0331,-0.12698108659306998,-0.12767025568486529,0.05359790418105807,-0.18126815986592337,-0.14049009702623194
correct_CP,Cc1noc(C)c1NC(=O)N[C@@H]1C=C[C@@H](CC(=O)NCc2ccc(Cl)c(Cl)c2)O[C@H]1CO,9.92431,0.04766859037335898,0.04770474537109586,0.059931788497604645,-0.012227043126508783,-0.1889141707000714
correct_CP,Cc1noc(C)c1NC(=O)N[C@@H]1C=C[C@H](CC(=O)N2CCCCC2)O[C@@H]1CO,9.96875,-0.22901603186803862,-0.2331507871907177,0.02804604076070607,-0.26119682795142374,-0.048979643509452865
correct_CP,Cc1noc(C)c1NC(=O)N[C@@H]1C=C[C@H](CC(=O)NCCCN(C)C)O[C@H]1CO,10.0953,-0.2920827457896624,-0.3008417563706469,0.14097685225996598,-0.4418186086306129,-0.19162122298584883
correct_CP,Cc1noc(C)c1NC(=O)N[C@@H]1C=C[C@H](CC(=O)NCc2ccc(Cl)c(Cl)c2)O[C@H]1CO,10.0046,0.3757422091512691,0.39509262176227716,0.06138423453386726,0.3337083872284099,0.13147789118397227
correct_CP,Cc1noc(C)c1NC(=O)N[C@@H]1CC[C@@H](CC(=O)N2CCN(C)CC2)O[C@H]1CO,9.93451,0.0933217017052539,0.09359403721403448,-0.055113243941724,0.1487072811557585,0.17119134527326807
correct_CP,Cc1noc(C)c1NC(=O)N[C@@H]1CC[C@H](CC(=O)N2CCN(C)CC2)O[C@H]1CO,10.0799,-0.01612594713315043,-0.016127345181559453,-0.016528556648694997,0.00040121146713554406,0.013994306325785199
correct_CP,Cc1noc(C)c1NC(=O)N[C@@H]1CC[C@H](CC(=O)NCCCN(C)C)O[C@H]1CO,9.97089,0.2590435005791541,0.26508283340037847,0.14797042943653615,0.11711240396384232,-0.251230437936524
correct_CP,Cc1noc(C)c1NC(=O)N[C@H]1C=C[C@@H](CC(=O)N2CCCCC2)O[C@H]1CO,9.93374,0.14675322144214195,0.1478205651914588,0.014529660995154561,0.13329090419630424,-0.005425252458448857
correct_CP,Cc1noc(C)c1NC(=O)N[C@H]1C=C[C@H](CC(=O)NCCCN(C)C)O[C@@H]1CO,10.0401,0.023540754279342876,0.02354510422973225,0.0317261532189053,-0.008181048989173045,-0.11717276025257281
correct_CP,Cc1noc(C)c1NC(=O)N[C@H]1CC[C@H](CC(=O)Nc2ccc(-c3ccccc3)cc2)O[C@@H]1CO,9.8778,-0.5780896752877265,-0.6595887687321895,-0.1355094223654827,-0.5240793463667068,-0.15574315387139015
correct_CP,Cc1noc(C)c1NC(=O)Nc1ccc2c(c1)C(=O)N(C)[C@H]1CC[C@@H](CC(=O)N[C@@H]3CCN(Cc4ccccc4)C3)O[C@@H]1CO2,9.72786,0.31943382631053024,0.33101647199774087,-0.1570547590198476,0.4880712310175885,0.08568357233613703
correct_CP,Cc1noc(C)c1NC(=O)Nc1ccc2c(c1)C(=O)N(C)[C@H]1CC[C@@H](CC(=O)N[C@@H]3CCN(Cc4ccccc4)C3)O[C@H]1CO2,10.0717,0.14393866411935652,0.14494526379061276,0.02914175837246665,0.1158035054181461,0.22435440005036514
correct_CP,Cc1noc(C)c1NC(=O)Nc1ccc2c(c1)C(=O)N(C)[C@H]1CC[C@H](CC(=O)N[C@H]3CCN(Cc4ccccc4)C3)O[C@@H]1CO2,10.0227,0.3930021951203662,0.41534568744555345,-0.0034105528175195723,0.418756240263073,-0.09319640336315677
correct_CP,Cc1noc(C)c1NC(=O)Nc1ccc2c(c1)C(=O)N([C@@H](C)CO)C[C@H](C)[C@H](CN(C)C)OCCCC[C@H](C)O2,10.0625,0.040066664687086063,0.04008812553672586,0.017734811062759103,0.022353314473966757,-0.09118640745343336
correct_CP,Cc1noc(C)c1NC(=O)Nc1ccc2c(c1)C(=O)N([C@H](C)CO)C[C@H](C)[C@H](CN(C)C)OCCCC[C@@H](C)O2,9.99558,-0.019630134578880985,-0.019632656601652625,-0.004405538437636182,-0.015227118164016444,0.19293884019979535
correct_CP,Cc1noc(C)c1NC(=O)Nc1ccc2c(c1)CC(=O)N([C@H](C)CO)C[C@@H](C)[C@H](CN(C)Cc1ccc(C(F)(F)F)cc1)O2,10.2046,-0.49310993657994767,-0.5401611434336753,0.029767375494135627,-0.5699285189278109,-0.21797588237048582
correct_CP,Cc1noc(C)c1NC(=O)Nc1cccc2c1O[C@@H](CN(C)Cc1ccc3c(c1)OCO3)[C@@H](C)CN([C@H](C)CO)C2=O,10.0375,0.1890377744330238,0.1913390953366071,0.03920916647382483,0.15212992886278226,-0.1825661903571392
correct_CP,Cc1noc(C)c1NC(=O)Nc1cccc2c1O[C@H](CN(C)Cc1ccc3c(c1)OCO3)[C@@H](C)CN([C@H](C)CO)C2=O,9.98846,0.018445427170728914,0.018447519517035924,0.021391198844022817,-0.0029436793269868936,0.05072786802511655
correct_CP,Cc1noc(C)c1S(=O)(=O)N(C)C[C@@H]1OCc2ccccc2-c2c(n(C)c3ccccc23)C(=O)N([C@H](C)CO)C[C@H]1C,10.0774,-0.0011388465887107561,-0.001138847081061682,0.23527580125833647,-0.23641464833939815,-0.18010511693991552
correct_CP,Cc1noc(C)c1S(=O)(=O)N(C)C[C@H]1Oc2c(cccc2N(C)C)C(=O)N([C@H](C)CO)C[C@@H]1C,10.1194,0.014620227128949394,0.01462126895882562,-0.046130963976930214,0.06075223293575584,0.014224035172225258
correct_CP,Cc1noc(C)c1S(=O)(=O)Nc1ccc2c(c1)CC(=O)N([C@@H](C)CO)C[C@@H](C)[C@@H](CN(C)CC1CCCCC1)O2,9.90784,-0.045124474257198746,-0.045155139488824,-0.01468313155495117,-0.03047200793387283,-0.032686829108931094
correct_CP,Cc1noc(C)c1S(=O)(=O)Nc1ccc2c(c1)CC(=O)N([C@H](C)CO)C[C@@H](C)[C@H](CN(C)CC1CCCCC1)O2,10.0353,-0.2428151201975732,-0.2477634465549357,-0.03791537862784588,-0.20984806792708982,0.02800466983240011
correct_CP,Cc1onc(-c2c(Cl)cccc2Cl)c1C(=O)NC(=N)N1CCCC1,10.0,0.41282476012792685,0.4390115226435515,0.01940189029846864,0.41960963234508286,-0.10508199300751701
correct_CP,Clc1ccc(-c2[nH]nc3c2CCC3)c(Cl)c1,10.0,0.5295832579705122,0.5895658049363087,0.020403829423335837,0.5691619755129729,-0.028787946148149432
correct_CP,Clc1ccc(Br)cc1-c1nc(-c2ccncc2)no1,10.0,0.6366159782264266,0.7524628874070093,0.11242621265856237,0.6400366747484469,0.5371077668708576
correct_CP,Clc1cccc(SC2CCNCC2)n1,10.0,0.06262408439154114,0.06270614344452394,-0.00310789713285104,0.06581404057737497,0.1958344943922433
correct_CP,Clc1cccc2c1CN(C1=NCCN1)C2,10.0,0.5140373861287795,0.5682017162770167,0.035145433519671594,0.5330562827573451,-0.47638528634966343
correct_CP,Cn1c(=NC(=O)c2ccccc2[N+](=O)[O-])sc2cccc(F)c21,10.0,0.5146824952018256,0.5690788980194399,0.00028483405245215837,0.5687940639669877,0.12063836348237608
correct_CP,Cn1c(CSc2nc3ccccc3s2)nnc1SCC(=O)NCCN1CCOCC1,10.0,-0.030397488287253298,-0.030406855981593393,0.11487629599863688,-0.14528315198023029,-0.13416523253979268
correct_CP,Cn1c(SCC(=O)NN=Cc2ccc([N+](=O)[O-])s2)nnc1-c1ccc(Cl)cc1,20.0,0.3783134104816146,0.3980898870001503,0.141466953469666,0.25662293353048427,0.39888881810087784
correct_CP,Cn1ccc2cc3c(cc21)CCN3C(=O)Nc1cccnc1,10.0,0.2756454899433377,0.28296333439335525,0.014738900285945013,0.26822443410741026,0.2364887474629456
correct_CP,Cn1cccc1-c1cc(C(=O)N2CCc3c([nH]c4ccccc34)C2c2ccccn2)[nH]n1,10.0,0.17119941159119625,0.17290202967550994,-0.04601154664504871,0.21891357632055863,0.15543369688081543
correct_CP,Cn1cnc(CCNC(=O)C[C@@H]2CC[C@H]3[C@@H](COC[C@@H](O)CN3C(=O)Nc3ccc(C(F)(F)F)cc3)O2)c1,10.0793,0.16029892983902766,0.1616934946970078,-0.020674889409201563,0.18236838410620937,-0.034815913978759785
correct_CP,Cn1cnc(S(=O)(=O)N[C@@H]2C=C[C@@H](CC(=O)N3CCN(c4ccccc4)CC3)O[C@H]2CO)c1,10.0676,0.5278661946994074,0.5871824828803487,0.13111065522263274,0.4560718276577159,0.16800764277863198
correct_CP,Cn1cnc(S(=O)(=O)N[C@@H]2C=C[C@H](CC(=O)N3CCN(c4ccccc4)CC3)O[C@H]2CO)c1,9.95473,-0.03717249140752754,-0.037189627193301995,-0.050747858567830775,0.01355823137452878,0.13799416852978824
correct_CP,Cn1cnc(S(=O)(=O)N[C@@H]2CC[C@@H](CC(=O)NCC3CCCCC3)O[C@H]2CO)c1,10.0431,0.03590158195739171,0.03591701869581619,0.16707751238374352,-0.13116049368792732,-0.1945812943674915
correct_CP,Cn1cnc(S(=O)(=O)N[C@@H]2CC[C@H](CC(=O)Nc3ccc(-c4ccccc4)cc3)O[C@H]2CO)c1,9.96291,-0.00027631949738753645,-0.000276319504420095,0.011595707180746716,-0.011872026685166811,-0.03774604606427341
correct_CP,Cn1cnc(S(=O)(=O)N[C@H]2C=C[C@H](CC(=O)N3CCN(c4ccccc4)CC3)O[C@@H]2CO)c1,9.94685,-0.33204088708751445,-0.34512029159618224,-0.058162502225077344,-0.2869577893711049,0.1432258287795335
correct_CP,Cn1cnc(S(=O)(=O)N[C@H]2C=C[C@H](CC(=O)NCC3CC3)O[C@@H]2CO)c1,9.83588,-0.4479264909468367,-0.48210329987540834,-0.0801524290973505,-0.40195087077805786,0.047741435464945414
correct_CP,Cn1cnc(S(=O)(=O)N[C@H]2CC[C@@H](CC(=O)NCC3CCCCC3)O[C@@H]2CO)c1,9.9742,0.16769334279386086,0.1692923143263237,-0.017994385865678992,0.1872867001920027,0.1324640306357969
correct_CP,Cn1cnc(S(=O)(=O)N[C@H]2CC[C@@H](CC(=O)NCC3CCCCC3)O[C@H]2CO)c1,10.0036,-0.002752418627198385,-0.002752425577828606,0.018277217494513928,-0.021029643072342535,-0.1071116232254179
correct_CP,Cn1cnc(S(=O)(=O)N[C@H]2CC[C@H](CC(=O)NCC3CCCCC3)O[C@H]2CO)c1,10.0695,-0.1986833379957533,-0.2013614063855744,0.07921610411307163,-0.28057751049864604,-0.22769031167389986
correct_CP,Cn1cnnc1SCC(=O)N1N=C2/C(=C/c3ccco3)CCCC2C1c1ccco1,10.0,0.1518144116489756,0.15299713062208792,0.002716197598961502,0.15028093302312642,-0.2166145386446108
correct_CP,Cn1cnnc1SCC(=O)c1ccc(O)c(O)c1,10.0,0.3296462465095354,0.34243132121867403,0.10729949036160667,0.23513183085706735,0.18060658313705602
correct_CP,Cn1cnnc1Sc1c([N+](=O)[O-])ncn1C,10.0,0.13572660003221323,0.13656937371651318,0.0027374090076549753,0.1338319647088582,0.11695711350382751
correct_CP,Cn1nc(-c2ccccn2)nc2c(=O)n(C)c(=O)nc1-2,20.0,0.4303330694751608,0.46030537711144015,0.1382572609612553,0.32204811615018486,0.4718201507914082
correct_CP,Cn1nc(C(F)(F)F)c(C=NOC(=O)c2ccccc2)c1SCc1ccccc1Cl,10.0,0.24324287136008244,0.2482180478867606,-0.030871451012209,0.2790894988989696,0.0788230957258538
correct_CP,FC(F)(F)c1cc(Oc2ccccc2Cl)nc(-c2ccccn2)n1,10.0,0.006361312993391267,0.006361398801747707,0.08798204263347871,-0.08162064383173101,-0.02114874640230996
correct_CP,FC(F)(F)c1cccc(Nc2nc(N3CCCC3)nc(N3CCCC3)n2)c1,10.0,0.08651742245180638,0.08673426575954618,-0.04423559831656057,0.13096986407610675,0.051018165373571914
correct_CP,FC(F)Sc1ccc(NC(S)=NCc2ccccc2)cc1,10.0,0.17883591875101726,0.18077988808189918,0.09457173646592626,0.08620815161597292,0.32035205911694536
correct_CP,Fc1ccc(-c2cc3nc(-c4ccccc4)cc(N4CCOCC4)n3n2)cc1,10.0,0.3663110713395068,0.3841557766182616,0.08745412181840126,0.2967016547998603,0.34241864307855385
correct_CP,Fc1ccc(Nc2nnc(-c3ccncc3)s2)cc1Cl,20.0,0.46693683921692974,0.5061459025773137,0.18183004253417792,0.32431586004313584,-0.18589584467796608
correct_CP,Fc1cccc(Cl)c1C=NNc1ccccn1,10.0,0.40154243845462345,0.42548651821422845,0.04526120966023473,0.3802253085539937,-0.2016241868092662
correct_CP,Ic1ccc(N2CCN(Cc3c[nH]c4ncccc34)CC2)cc1,10.0,0.31290392790289445,0.3237612881651925,0.024852138538752983,0.29890914962643955,0.24269058197460594
correct_CP,N#CC(=Cc1ccc(O)c(O)c1)C(=O)NCCCCc1ccccc1,10.0,0.12295639735055734,0.12358170897688811,0.04422659758330488,0.07935511139358323,0.04471805629367853
correct_CP,N#CC1(C#N)C(c2ccccc2)OC23CCCCCC2C1(C#N)C(=N)O3,10.0,-0.11435814307028053,-0.11486060875062785,-0.14737083979301802,0.03251023104239016,-0.03176592190745553
correct_CP,N#CC1=C(SCc2ccccc2)NC(=O)CC1c1ccccc1,10.0,0.3987673055308039,0.4221822966357285,0.05913001732403903,0.36305227931168943,0.1376065103862351
correct_CP,N#C[C@@H]1N[C@@H](CO)[C@@H]1c1ccc(C#Cc2ccccc2F)cc1,10.0484,0.04230329900099482,0.04232856102375871,0.04351142252889741,-0.001182861505138702,0.025350940546429133
correct_CP,N#C[C@@H]1N[C@@H](CO)[C@@H]1c1ccc(C2=CCCCC2)cc1,10.0361,0.14468428709735584,0.14570674526939026,-0.01945331326255364,0.1651600585319439,-0.17142415170380187
correct_CP,N#C[C@@H]1N[C@@H](CO)[C@H]1c1ccc(C#CC2CCCCC2)cc1,10.2592,-0.1252348297358103,-0.12589577845081698,0.0863648871827592,-0.21226066563357618,-0.323937344875702
correct_CP,N#C[C@@H]1[C@@H](c2ccc(C#Cc3cccc(F)c3)cc2)[C@H](CO)N1C(=O)C1CCOCC1,9.88251,-0.34905060767314683,-0.36436223481632946,-0.04847165597176263,-0.31589057884456684,0.24269037423153067
correct_CP,N#C[C@@H]1[C@@H](c2ccc(C3=CCCCC3)cc2)[C@H](CO)N1S(=O)(=O)c1ccccc1,9.80821,0.3283517609478021,0.34097971275578476,0.006212690009670197,0.3347670227461146,0.22720058006538593
correct_CP,N#C[C@@H]1[C@@H](c2ccccc2)[C@H](CO)N1C(=O)c1ccc2c(c1)OCO2,10.0158,0.3326582830621835,0.3458143507758181,0.04376298032470016,0.30205137045111796,0.2870018074750554
correct_CP,N#C[C@@H]1[C@H](c2ccc(C#Cc3ccccc3F)cc2)[C@@H](CO)N1C(=O)c1cccnc1,10.3036,-0.07459627711156774,-0.07473510718910757,0.04811613274091399,-0.12285123993002156,0.12795121700448076
correct_CP,N#C[C@@H]1[C@H](c2ccc(C#Cc3ccccc3F)cc2)[C@H](CO)N1C(=O)c1cccnc1,9.97993,-0.08191406448082961,-0.08209801774530243,0.07031415232778374,-0.15241217007308616,0.06572395786520371
correct_CP,N#C[C@@H]1[C@H](c2ccccc2)[C@H](CO)N1S(=O)(=O)c1ccc(F)cc1,9.80086,-0.07133271358965934,-0.07145407306554724,0.12336407884889278,-0.19481815191444002,-0.03897302396717239
correct_CP,N#C[C@H]1N[C@@H](CO)[C@H]1c1ccc(C#Cc2ccccc2F)cc1,9.90533,0.2440848952343317,0.24911322006884437,0.07864912640708348,0.1704640936617609,0.22780863681203606
correct_CP,N#C[C@H]1N[C@H](CO)[C@@H]1c1ccc(/C=C/c2ccccc2)cc1,10.04,0.05065405422064609,0.0506974443241507,0.0016313094663892198,0.049066134857761484,-0.07279545185524715
correct_CP,N#C[C@H]1N[C@H](CO)[C@@H]1c1ccc(C2=CCCCC2)cc1,10.0219,-0.16940554224396975,-0.17105457826294249,-0.04424126588120449,-0.12681331238173799,0.06990507346130623
correct_CP,N#C[C@H]1N[C@H](CO)[C@H]1c1ccc(-c2cccc(F)c2)cc1,10.0615,0.08442880777594144,0.08463027930046821,-0.08441220010821035,0.16904247940867856,0.03840083798559821
correct_CP,N#C[C@H]1[C@@H](c2ccc(C#CC3(O)CCCC3)cc2)[C@@H](CO)N1C(=O)C1CC1,10.0042,-0.16227769520081825,-0.16372511109856538,0.03626103603377832,-0.1999861471323437,0.028014430560301555
correct_CP,N#C[C@H]1[C@@H](c2ccc(C#CC3CC3)cc2)[C@@H](CO)N1C(=O)Cc1ccccn1,10.0195,0.06852900532021838,0.06863658447902132,0.0017374610807062724,0.06689912339831505,-0.06856932668299931
correct_CP,N#C[C@H]1[C@@H](c2ccccc2)[C@@H](CO)N1C(=O)c1ccc2c(c1)OCO2,10.0773,-0.06588517557227563,-0.06598075733454643,0.04678631987571213,-0.11276707721025855,0.02095254562309077
correct_CP,N#C[C@H]1[C@@H](c2ccccc2)[C@@H](CO)N1S(=O)(=O)Cc1ccccc1,10.0236,0.31806266718822024,0.3294902474335489,0.04527132165687058,0.2842189257766783,-0.14655872956112628
correct_CP,N#C[C@H]1[C@@H](c2ccccc2)[C@H](CO)N1C(=O)C1CCCC1,10.3227,0.22820990094223795,0.23230020128166096,0.03352346583483615,0.1987767354468248,0.09928939272713808
correct_CP,N#C[C@H]1[C@@H](c2ccccc2)[C@H](CO)N1S(=O)(=O)c1ccc(F)cc1,9.9429,0.15120371318351358,0.15237208419719458,0.06409631202818722,0.08827577216900737,-0.14928399481516774
correct_CP,N#C[C@H]1[C@H](c2ccc(C#CC3CC3)cc2)[C@H](CO)N1C(=O)Cc1ccccn1,10.0068,0.41734216754026604,0.4444692890009306,0.028128275652182927,0.4163410133487476,0.0041466033087757745
correct_CP,N#C[C@H]1[C@H](c2ccc(C3=CCCC3)cc2)[C@H](CO)N1c1nc(-c2ccccc2)cs1,10.0112,0.1686798454999429,0.17030753438034216,-0.08546057471270127,0.2557681090930434,0.33953203022267797
correct_CP,N#C[C@H]1[C@H](c2ccc(C3=CCCCC3)cc2)[C@@H](CO)N1C(=O)c1cccc(F)c1,9.46773,0.41132660711426633,0.4372069392651067,-0.01578678278851584,0.45299372205362254,0.35416207581829634
correct_CP,N#C[C@H]1[C@H](c2ccccc2)[C@H](CO)N1C(=O)C1CCCC1,10.0454,0.008864806045676842,0.008865038269589183,0.0007502105511958332,0.00811482771839335,-0.0023213229132444425
correct_CP,N#C[C@H]1[C@H](c2ccccc2)[C@H](CO)N1C(=O)Nc1cccc(F)c1,10.3796,0.013534406436461999,0.013535232938871166,-0.03657022223744725,0.05010545517631841,0.03260760168777689
correct_CP,N#C[C@H]1[C@H](c2ccccc2)[C@H](CO)N1C(=O)c1ccc2c(c1)OCO2,10.0168,0.01967752131835468,0.019680061652424155,0.02460067039132212,-0.004920608738897964,-0.07492728803912924
correct_CP,N#Cc1c(Cl)cccc1Cl,10.0,0.34378791416204646,0.3583818341963259,0.03461291676490768,0.3237689174314182,-0.12312484798355208
correct_CP,N#Cc1c(N)n(CCNC(=O)Nc2ccccc2)c2nc3ccccc3nc12,10.0,0.14319012955239258,0.14418097666474966,0.09533379301823754,0.048847183646512124,0.17165164233444763
correct_CP,N#Cc1ccc(C(=O)Nc2nc(-c3cccs3)c(C(=O)C(F)(F)F)s2)cc1,10.0,0.3823844385626304,0.40284947306931485,-0.033573749277622564,0.4364232223469374,-0.21290715374873503
correct_CP,N#Cc1ccc(N=c2ssnc2Cl)cc1,20.0,-0.14851217331571484,-0.14961870885432726,-0.0807440598444711,-0.06887464900985617,0.09578488856799305
correct_CP,N#Cc1ccc(Oc2ccc(-c3cnc4ccccc4n3)cc2)cc1C#N,10.0,0.051589605065079924,0.05163544665189615,0.045928853957532614,0.005706592694363535,0.18355511536326924
correct_CP,N#Cc1nc(-c2ccc(OCc3ccc(Cl)cc3)cc2)oc1NCCCn1ccnc1,10.0,0.3421799741314436,0.3565595202174853,0.08197747889362697,0.27458204132385833,0.25592439485671903
correct_CP,NC(=NOC(=O)c1ccccc1[N+](=O)[O-])c1ccccn1,10.0,0.06690708161959659,0.06700718843875932,0.020426017652520827,0.04658117078623849,0.09678468070572674
correct_CP,NC(=O)CSc1nnc(-c2cc3ccccc3o2)n1Cc1ccccc1,10.0,0.07382072264639601,0.07395525813207479,0.1757645975605053,-0.10180933942843051,0.0899716994580905
correct_CP,NC(=O)NN=Cc1cn(-c2ccccc2)nc1-c1ccccc1,10.0,0.5588392866405578,0.6311437689164279,0.09710888089250247,0.5340348880239254,-0.1520013455394027
correct_CP,NC(=S)N=Nc1c(O)n(CCCl)c2ccccc12,10.0,0.16477323881839936,0.16628922200164153,-0.0441224256587702,0.21041164766041173,0.5231365159209812
correct_CP,NC(S)=NN=Cc1c(O)c(Br)cc2oc3c(c12)CCCC3,10.0,0.31484304103077365,0.3259123139296533,0.1529909230733303,0.17292139085632302,0.09214930335947796
correct_CP,NC1CCN(c2cccc(Cl)n2)CC1,10.0,-0.23197328869369974,-0.2362739748568572,-0.055379646480628,-0.1808943283762292,0.2097102472715044
correct_CP,NCCCCCCNS(=O)(=O)c1cccc2ccccc12,10.0,0.35071806484526546,0.36626229640684016,0.05060822014078302,0.3156540762660571,0.08911355284310067
correct_CP,NCC[C@@H]1CC[C@@H](NS(=O)(=O)c2ccc(Cl)cc2)[C@H](CO)O1,10.0742,0.3455528667901435,0.36038472659058673,-0.045960196779306364,0.4063449233698931,-0.11640522044895966
correct_CP,NCC[C@@H]1CC[C@H](NC(=O)c2ccccc2F)[C@@H](CO)O1,10.0791,0.26136167132243765,0.2675693565925267,0.05176960560658587,0.2157997509859408,-0.12368990316274489
correct_CP,NCC[C@H]1CC[C@@H](NC(=O)Cc2ccncc2)[C@H](CO)O1,10.04,-0.19001019370856692,-0.1923477447243176,-0.02016326253839939,-0.1721844821859182,0.09997589825794745
correct_CP,NCC[C@H]1CC[C@@H](NS(=O)(=O)Cc2ccccc2)[C@@H](CO)O1,10.0742,0.25927341599684384,0.26532930244624353,0.034705553900536805,0.23062374854570672,0.09091308358537611
correct_CP,NCC[C@H]1CC[C@@H](NS(=O)(=O)c2ccc(Cl)cc2)[C@@H](CO)O1,10.0628,0.4666858874998381,0.5058250282088769,-0.04114852856538871,0.5469735567742656,0.0367769468397891
correct_CP,NCC[C@H]1CC[C@H](NC(=O)Nc2ccc(F)cc2)[C@@H](CO)O1,10.0208,0.14637326510804918,0.14743226792241176,0.047157703139481755,0.10027456478293001,-0.3682400781198004
correct_CP,NCC[C@H]1CC[C@H](NS(=O)(=O)c2ccc(Cl)cc2)[C@@H](CO)O1,10.027,0.46439011606007297,0.5028940320687751,-0.07595097338517492,0.57884500545395,0.33937944769367484
correct_CP,NS(=O)(=O)Cc1noc2ccccc12,10.0,0.024141310920577884,0.024146002436506105,0.006140060790273093,0.018005941646233013,0.1412679502720892
correct_CP,NS(=O)(=O)c1ccc(Nc2nc(-c3ccccc3)cs2)cc1,10.0,0.21115569237137838,0.21438066388937896,-0.15114776886111472,0.3655284327504937,0.32558529294806116
correct_CP,N[C@H]1CC[C@@H](CCn2cc(-c3ccccn3)nn2)O[C@H]1CO,10.0218,-0.03608901857630622,-0.03610469848478643,-0.005592842545523322,-0.03051185593926311,0.09704978738782244
correct_CP,N[C@](CC1c2ccccc2Oc2ccccc21)(C(=O)O)[C@H]1C[C@@H]1C(=O)O,10.0,0.053007256225860264,0.053056986142770206,-0.06943339708479547,0.12249038322756567,0.22891102957439485
correct_CP,Nc1c(-c2ccccc2)nc(Cl)nc1-c1ccccc1,10.0,0.4488525326407576,0.48326237806076866,-0.030349867920042406,0.513612245980811,-0.04864431991618923
correct_CP,Nc1c(O)cccc1C(=O)O,10.0,0.27685429506865733,0.28427201000542035,-0.07567788030793683,0.35994989031335717,-0.26892489804995356
correct_CP,Nc1c(S(=O)(=O)O)cc(Nc2cccc3ccccc23)c2c1C(=O)c1ccccc1C2=O,10.0,0.19391988813528233,0.19640703219851693,0.03415009501337478,0.16225693718514217,-0.2634652922152575
correct_CP,Nc1ccc(-c2cc(=O)c3cc(O)ccc3o2)cc1,10.0,0.11755694755523338,0.11810301402630176,-0.05567258680171764,0.1737756008280194,0.22759989118170873
correct_CP,Nc1ccc(Nc2nc(-c3cc4ccccc4oc3=O)cs2)cc1,10.0,0.6131383044451514,0.7139347823661274,-0.05658966199238438,0.7705244443585118,-0.22062451569052347
correct_CP,Nc1ccc(S(=O)(=O)Nc2ccc(Cl)nn2)cc1,10.0,0.48217538024581325,0.5258147630366268,-0.031864527330429604,0.5576792903670564,0.43012449550001464
correct_CP,Nc1ccc(S(=O)(=O)Nc2cnc3ccccc3n2)cc1,10.0,-0.1023002499548473,-0.10265937670168243,0.015240156436396923,-0.11789953313807935,-0.018305253909165212
correct_CP,Nc1ccc(S(=O)(=O)c2ccc(N)cc2)cc1,10.0,0.4577351311269957,0.4944423300717583,0.07559260026306809,0.41884972980869023,0.4307500918930948
correct_CP,Nc1cccc2c(=O)[nH]ccc12,10.0,0.07401669451473918,0.07415230666943863,-0.0981084638766876,0.17226077054612624,0.04397616414196407
correct_CP,Nc1nc(Nc2ccccc2)nc2c1ncn2C1OC(CO)C(O)C1O,10.0,0.17399055547960818,0.17577887405986783,-0.05539879447315043,0.23117766853301827,0.046395766205223544
correct_CP,Nc1nc2ccccc2n1S(=O)(=O)c1ccc([N+](=O)[O-])cc1,20.0,0.36612045275762256,0.3839356338055546,0.05291708846671973,0.3310185453388349,0.021192968744390153
correct_CP,Nc1ncnc2[nH]nc(Nc3ccc(F)cc3)c12,10.0,0.35569972425926005,0.3719540587888524,-0.019708749316352827,0.3916628081052052,0.4485836284388082
correct_CP,Nc1ncnc2c1cnn2-c1ccccc1,10.0,0.23137373736242817,0.23564041889610093,-0.015766013620566472,0.2514064325166674,0.07063908534697969
correct_CP,Nn1c(SCC(=O)NC(=O)NCc2ccco2)nnc1-c1ccc(OC(F)F)cc1,10.0,0.4248937452967599,0.4536488553523787,0.14562167771965667,0.308027177632722,0.24446782187452265
correct_CP,O=C(/C=C/N1CCOCC1)c1cc2ccccc2o1,10.0,0.28629592254867253,0.2945267850476829,0.1567875402955078,0.13773924475217514,0.04076901269689129
correct_CP,O=C(/C=C/c1ccc(O)c(O)c1)c1ccc(O)cc1O,10.0,0.2928405671838565,0.3016704600074714,0.03093755686924462,0.2707329031382268,0.33712020227360157
correct_CP,O=C(/C=C/c1cccc(O)c1)c1cccnc1,10.0,0.4208765877988083,0.44875683673657585,0.007488989614153951,0.4412678471224219,0.12008791048478382
correct_CP,O=C(C=Cc1c(C(=O)O)[nH]c2cc(Cl)cc(Cl)c12)Nc1ccccc1,10.0,0.43481272115006764,0.46581623427651886,-0.00131783219654963,0.4671340664730685,0.3442212781692615
correct_CP,O=C(CC1C(=O)N(c2ccccc2)C(=S)N1c1ccccc1)c1ccc(Br)cc1,10.0,0.48612851352861275,0.5309782482621277,0.17924460521036412,0.3517336430517636,0.07748479423176274
correct_CP,O=C(CC1CC1)Nc1ccc2c(c1)[C@H]1C[C@H](CC(=O)N3CCCCC3)O[C@H](CO)[C@H]1O2,9.93562,0.414118797985456,0.44057240819416565,-0.01677177619781291,0.45734418439197855,0.2141200222988209
correct_CP,O=C(CC1CC1)Nc1ccc2c(c1)[C@H]1C[C@H](CC(=O)NC3CCCCC3)O[C@H](CO)[C@H]1O2,9.94618,-0.0855906357217952,-0.08580056462752289,-0.039235596765220704,-0.04656496786230219,0.15857234941233853
correct_CP,O=C(CC1SC(N2CCCCC2)=NC1=O)Nc1cccc(C(F)(F)F)c1,10.0,0.347425859894005,0.3625132616785378,-0.1416243898551779,0.5041376515337157,0.11167247562896612
correct_CP,O=C(CC1c2ccccc2Oc2ccccc21)N1CCN(c2ccccn2)CC1,10.0,0.6796249648747067,0.8284167589803522,0.10722473173134793,0.7211920272490042,0.5256956011632083
correct_CP,O=C(CCCn1c(=S)[nH]c2cc3c(cc2c1=O)OCO3)N1CCN(c2ccccc2F)CC1,10.0,0.3173978834050095,0.3287508161540451,0.06986917690607215,0.25888163924797297,-0.028413507278304974
correct_CP,O=C(CCN1CCCCC1)NCC[C@@H]1CC[C@@H](NS(=O)(=O)c2cccc(Cl)c2)[C@H](CO)O1,10.0688,-0.17229845675270686,-0.17403447962979726,-0.027169187322914685,-0.14686529230688258,-0.0014581951589544909
correct_CP,O=C(CCN1CCCCC1)NCC[C@@H]1CC[C@H](NC(=O)c2ccc(F)cc2)[C@@H](CO)O1,10.0831,0.48835449659771607,0.5338972074554651,0.09378861877982694,0.4401085886756382,0.19965637122448612
correct_CP,O=C(CCN1CCCCC1)NCC[C@@H]1CC[C@H](NS(=O)(=O)c2cccc(Cl)c2)[C@@H](CO)O1,10.0055,0.5289392425787419,0.588671193044908,-0.1247847085053142,0.7134559015502222,0.4996091768874321
correct_CP,O=C(CCN1CCCCC1)N[C@@H]1CC[C@@H](CC(=O)N2CCC(Cc3ccccc3)CC2)O[C@@H]1CO,10.0074,0.5477690921691035,0.6151884851681721,0.11260858557759144,0.5025798995905807,-0.14834644876764153
correct_CP,O=C(CCN1CCCCC1)N[C@@H]1CC[C@H](CCNS(=O)(=O)c2ccccc2)O[C@H]1CO,10.0258,-0.21355096895907108,-0.21688905514004547,-0.025406725267731196,-0.19148232987231428,0.5183207378476331
correct_CP,O=C(CCN1CCCCC1)N[C@H]1CC[C@@H](CCNS(=O)(=O)c2ccccc2)O[C@@H]1CO,10.0768,0.45049402325058313,0.4853199162940566,0.07242815464010244,0.41289176165395414,-0.356096550347128
correct_CP,O=C(CCN1CCCCC1)N[C@H]1CC[C@H](CC(=O)N2CCC(Cc3ccccc3)CC2)O[C@H]1CO,9.92374,0.472639965104793,0.5134642351303014,0.1030526420995783,0.41041159303072305,0.13636049663722205
correct_CP,O=C(CCN1CCCCC1)N[C@H]1CC[C@H](CCNC(=O)c2cc(Cl)cc(Cl)c2)O[C@@H]1CO,10.043,0.1989267754332874,0.20161486123477151,0.0012006764867666057,0.2004141847480049,0.106268788324006
correct_CP,O=C(CCN1CCN(Cc2ccccc2)CC1)Nc1ccc(OCc2ccccc2)cc1,10.0,0.5907644816678385,0.6788395779953221,0.01391991390951267,0.6649196640858095,-0.44118124671778575
correct_CP,O=C(CCSc1nnc2ccc3ccccc3n12)Nc1ccc(F)cc1,10.0,0.36744515382574117,0.3854662482194787,-0.036852664712424266,0.422318912931903,0.049695089468692326
correct_CP,O=C(CCc1ccccc1)N1CCN(c2ccccn2)CC1,10.0,-0.09144200035198788,-0.0916981550544897,-0.0089405788710731,-0.08275757618341659,0.11707926746537786
correct_CP,O=C(CCc1ccccc1)Nc1ccccc1F,10.0,0.38121452742744266,0.40147992089298384,0.2958097838421071,0.10567013705087674,0.23274405919214014
correct_CP,O=C(CCl)c1cc(Br)c(Br)s1,10.0,0.26901463591676594,0.2758012816489236,-0.01061734956560818,0.28641863121453176,-0.08282726000427502
correct_CP,O=C(CN(C1CCCCC1)C1CCCCC1)N1CCc2ccccc2C1,10.0,0.07874272498377109,0.07890607903703031,0.007814125327098222,0.0710919537099321,0.12532383488197466
correct_CP,O=C(CN(c1ccccn1)S(=O)(=O)c1ccc(F)cc1)Nc1ccccc1,10.0,0.18818374583256162,0.190453564794183,0.05554457313984369,0.13490899165433928,0.11846948450953722
correct_CP,O=C(CN1C(=O)CSc2ncccc21)N1CCOCC1,10.0,0.2845999044631329,0.29268031504229375,0.1655537461501743,0.12712656889211946,0.03248423694277866
correct_CP,O=C(CN1C(=O)c2ccccc2S1(=O)=O)Nc1ccc(S(=O)(=O)N2CCCC2)cc1,10.0,0.12639123179895015,0.12707077965181734,0.11138425234277705,0.0156865273090403,-0.09792942758950134
correct_CP,O=C(CN1CCN(Cc2ccccc2F)C1=O)NCCc1ccc(Cl)cc1,10.0,-0.06135869632592977,-0.06143587364573359,-0.022074417568508482,-0.039361456077225104,0.43695216404169773
correct_CP,O=C(CN1CCN(S(=O)(=O)N2CCCCC2)CC1)Nc1ccc(Cl)c(Cl)c1,10.0,0.1616486192736514,0.16307908864526255,0.0553192764832398,0.10775981216202274,0.14471035892146517
correct_CP,O=C(CN1CCOCC1)NCC[C@@H]1CC[C@@H](NC(=O)Cc2ccccn2)[C@@H](CO)O1,10.0732,0.0021346277321690164,0.0021346309744180877,-0.06407704240024252,0.0662116733746606,0.06558340564228644
correct_CP,O=C(CN1CCOCC1)NCC[C@@H]1CC[C@@H](NC(=O)c2ccc3c(c2)OCO3)[C@@H](CO)O1,10.1109,0.078389918806972,0.07855108157536342,0.05549468781974068,0.02305639375562274,0.052267110084341206
correct_CP,O=C(CN1CCOCC1)NCC[C@@H]1CC[C@H](NC(=O)Cc2ccccn2)[C@@H](CO)O1,9.9786,0.3649995042479272,0.382641782413175,0.018006682483291694,0.3646350999298833,-0.013580227040429424
correct_CP,O=C(CN1CCOCC1)NCC[C@H]1CC[C@@H](NC(=O)c2ccccc2F)[C@H](CO)O1,10.068,0.0859682230857816,0.08618095092054275,-0.02654743379241303,0.11272838471295578,0.02631358938741986
correct_CP,O=C(CN1CCOCC1)NCC[C@H]1CC[C@H](NC(=O)Cc2ccccn2)[C@@H](CO)O1,9.96628,-0.0491332181822488,-0.04917281260898005,0.004754372906430441,-0.053927185515410495,-0.007260316795550832
correct_CP,O=C(CN1CCOCC1)N[C@@H]1CC[C@@H](CCNC(=O)Nc2cc(F)ccc2F)O[C@H]1CO,10.131,0.19637602935197027,0.19896041466651448,-0.07472104613159641,0.2736814607981109,0.11663132084594031
correct_CP,O=C(CN1CCOCC1)N[C@@H]1CC[C@@H](CCNS(=O)(=O)c2ccccc2F)O[C@H]1CO,10.0163,0.5207544115222917,0.5773743186267488,-0.16783536812710387,0.7452096867538527,0.032964480459908685
correct_CP,O=C(CN1CCOCC1)N[C@@H]1CC[C@@H](CCn2cc(C3CCCCC3)nn2)O[C@H]1CO,10.0358,-0.26066959197930895,-0.26682667922597647,0.14208915964616262,-0.4089158388721391,0.2467000244248929
correct_CP,O=C(CN1CCOCC1)N[C@@H]1CC[C@H](CCNC(=O)C2CCC2)O[C@H]1CO,10.1004,-0.17312638483052997,-0.17488786385565092,0.019268538188115292,-0.19415640204376622,-0.050463552466235184
correct_CP,O=C(CN1CCOCC1)N[C@H]1CC[C@@H](CCNS(=O)(=O)c2ccccc2F)O[C@@H]1CO,10.0823,-0.328600139312218,-0.3412581315183688,-0.08880619922226203,-0.2524519322961068,0.25492749212258364
correct_CP,O=C(CN1CCOCC1)Nc1c2c(nc3ccccc13)N(Cc1ccccc1)CC2,10.0,0.29871919921192974,0.3081127239249861,-0.0334204114659419,0.341533135390928,0.11997557114536189
correct_CP,O=C(CNC(=O)c1ccccc1Cl)NN=Cc1ccc([N+](=O)[O-])s1,10.0,0.03772929979438755,0.03774721765406811,0.054175397334000674,-0.016428179679932563,-0.010534571397355141
correct_CP,O=C(CNC(=O)c1ccccc1Cl)Nc1ccc(Br)cc1C(=O)c1ccccc1,10.0,0.2154362642979571,0.21886527199711847,0.002444913763356947,0.21642035823376152,0.2598964363680342
correct_CP,O=C(COC(=O)c1ccccc1)NCc1ccco1,10.0,0.4263126620616959,0.45538164728022557,0.06010710564890025,0.3952745416313253,0.0755018710219977
correct_CP,O=C(COc1ccc(Cl)cc1Cl)NN=Cc1ccccn1,10.0,0.017546655524167575,0.017548456641616018,-0.006647066422394925,0.024195523064010942,0.4130015663671653
correct_CP,O=C(COc1ccc(F)cc1)Nc1nnc(-c2ccncc2)s1,10.0,0.17130269942390008,0.17300843814131062,0.004726903912976133,0.16828153422833447,0.14177041925243739
correct_CP,O=C(COc1ccc(S(=O)(=O)N2CCc3ccccc32)cc1Cl)NCc1ccccn1,10.0,0.8480247404410657,1.2490774491288867,0.33051482143277333,0.9185626276961134,0.734216193204174
correct_CP,O=C(COc1ccccc1)OC(C(=O)c1ccccc1)c1ccccc1,10.0,0.18874961723882386,0.1910402760192709,0.12004673386642822,0.07099354215284268,0.11377673269000949
correct_CP,O=C(CSCCO)Nc1ccc(C2CCCCC2)cc1,10.0,0.13801603744362784,0.13890252083816246,-0.10649500649259976,0.2453975273307622,-0.057842209447682494
correct_CP,O=C(CSCc1cccc(F)c1)N1CCN(c2ccccc2)CC1,10.0,0.1382422742460078,0.13913315812344118,0.011866750446132331,0.12726640767730885,0.06710292511238843
correct_CP,O=C(CSc1nc2ccccc2c(=O)n1-c1ccccc1)Nc1ccc2c(c1)CCC2,20.0,0.04317032407929513,0.04319717261954351,0.20137517015815967,-0.15817799753861617,-0.07159017582051355
correct_CP,O=C(CSc1nc[nH]n1)c1cccc([N+](=O)[O-])c1,10.0,0.33732139003195166,0.3510669041066207,0.12507784901886582,0.2259890550877549,0.22347543610974874
correct_CP,O=C(C[C@@H]1C=C[C@@H](NC(=O)C2CC2)[C@H](CO)O1)NCc1ccccc1Cl,9.98087,0.5306285878623874,0.5910196965898002,-0.07925745837338002,0.6702771549631803,-0.05965840137591297
correct_CP,O=C(C[C@@H]1C=C[C@@H](NC(=O)C2CCC2)[C@@H](CO)O1)NCCCN1CCOCC1,10.0366,0.3968990068117134,0.41996269823890037,-0.09593575089229589,0.5158984491311962,-0.009610567857370286
correct_CP,O=C(C[C@@H]1C=C[C@@H](NC(=O)C2CCOCC2)[C@H](CO)O1)NCC1CC1,10.1299,0.056529078350621625,0.0565894076450988,-0.03029857912824635,0.08688798677334515,0.20777872725096402
correct_CP,O=C(C[C@@H]1C=C[C@@H](NC(=O)C2CCOCC2)[C@H](CO)O1)NCc1ccncc1,10.0387,0.4393273103329964,0.4713969217227031,-0.08123624015715815,0.5526331618798612,0.35190819206398877
correct_CP,O=C(C[C@@H]1C=C[C@@H](NC(=O)CC2CC2)[C@@H](CO)O1)NCc1ccc(-c2ccccc2)cc1,9.90619,-0.017159781423641194,-0.017161466000143125,0.020610490431833953,-0.037771956431977075,0.19338077036475226
correct_CP,O=C(C[C@@H]1C=C[C@@H](NC(=O)Cc2cccnc2)[C@H](CO)O1)Nc1ccccc1,10.0212,0.07396007609914235,0.07409537660263409,0.014642147718792055,0.05945322888384203,0.12708680546341808
correct_CP,O=C(C[C@@H]1C=C[C@@H](NC(=O)Nc2cc(F)ccc2F)[C@@H](CO)O1)NCc1ccncn1,10.0345,0.051202260352846245,0.05124707603750497,-0.04040745952364481,0.09165453556114977,0.0569589010827954
correct_CP,O=C(C[C@@H]1C=C[C@@H](NC(=O)Nc2ccc(F)cc2)[C@H](CO)O1)NCCN1CCCC1,9.97123,0.4463884192773472,0.4801808300010385,-0.09063537226936852,0.5708162022704071,-0.08805064691099737
correct_CP,O=C(C[C@@H]1C=C[C@@H](NC(=O)Nc2ccc3c(c2)OCO3)[C@H](CO)O1)NCc1ccc(Cl)cc1,10.0034,0.07097640530997082,0.07109595162339837,0.005795620047379414,0.06530033157601894,0.052379074443769935
correct_CP,O=C(C[C@@H]1C=C[C@@H](NC(=O)Nc2cccc(F)c2)[C@@H](CO)O1)NCC1CCCCC1,10.0338,0.11180887641608944,0.11227831860858589,0.01926840026074156,0.09300991834784433,-0.22338823880179892
correct_CP,O=C(C[C@@H]1C=C[C@@H](NC(=O)Nc2cccc(F)c2)[C@H](CO)O1)NCC1CCCCC1,9.88612,-0.04804691104265303,-0.04808393452625912,-0.08418536309046165,0.03610142856420253,0.11941047270551654
correct_CP,O=C(C[C@@H]1C=C[C@@H](NC(=O)Nc2ccccc2)[C@H](CO)O1)NCc1ccccn1,10.0625,-0.13503698309207557,-0.13586688130431246,-0.07219818678386677,-0.06366869452044568,0.18002109745734887
correct_CP,O=C(C[C@@H]1C=C[C@@H](NC(=O)c2ccc3c(c2)OCO3)[C@@H](CO)O1)NC1Cc2ccccc2C1,9.99385,0.4726220729212568,0.5134411965974491,0.14103586405334773,0.3724053325441014,-0.0981076233727664
correct_CP,O=C(C[C@@H]1C=C[C@@H](NC(=O)c2ccncc2)[C@@H](CO)O1)NCC1CC1,10.0915,-0.5381557213372393,-0.6015558095455972,0.15122735524733755,-0.7527831647929347,0.061893469562721876
correct_CP,O=C(C[C@@H]1C=C[C@@H](NC(=O)c2ccncc2)[C@H](CO)O1)Nc1ccc(-c2ccccc2)cc1,10.0369,-0.10292032542727599,-0.1032860503612536,0.019728328744663598,-0.1230143791059172,0.04531445300972883
correct_CP,O=C(C[C@@H]1C=C[C@@H](NS(=O)(=O)c2ccc(F)cc2)[C@@H](CO)O1)N1CCN(c2ccccc2)CC1,10.0645,0.3129215071842614,0.3237807755406253,0.019449618091584242,0.30433115744904105,0.18133385681522
correct_CP,O=C(C[C@@H]1C=C[C@@H](NS(=O)(=O)c2ccccc2)[C@@H](CO)O1)NCc1ccc(Cl)c(Cl)c1,9.93008,0.4407079019868493,0.4731089985002621,0.0359267698292262,0.4371822286710359,-0.1411832401957045
correct_CP,O=C(C[C@@H]1C=C[C@@H](NS(=O)(=O)c2ccccc2F)[C@H](CO)O1)NCCCN1CCOCC1,10.0919,0.00475448819436114,0.004754524020165982,-0.0003939754083813929,0.0051484994285473755,-0.003859011031576059
correct_CP,O=C(C[C@@H]1C=C[C@H](NC(=O)C2CCOCC2)[C@@H](CO)O1)Nc1ccc(-c2ccccc2)cc1,9.99825,0.1175823869526299,0.11812880999169872,-0.08434011297764699,0.2024689229693457,-0.01414843004417736
correct_CP,O=C(C[C@@H]1C=C[C@H](NC(=O)C2CCOCC2)[C@H](CO)O1)Nc1ccc(-c2ccccc2)cc1,9.97097,-0.08512364773065131,-0.08533014925567305,0.06937472666398255,-0.1547048759196556,-0.6785298091886796
correct_CP,O=C(C[C@@H]1C=C[C@H](NC(=O)CC2CC2)[C@H](CO)O1)NCc1ccc(-c2ccccc2)cc1,9.93979,0.400235340136059,0.4239291284304761,-0.03467694192148078,0.4586060703519569,0.3380225306645309
correct_CP,O=C(C[C@@H]1C=C[C@H](NC(=O)Cc2ccccn2)[C@H](CO)O1)NCCCN1CCOCC1,10.0917,0.11838480449622525,0.11894255501703388,-0.013212356599506613,0.1321549116165405,0.24590778392972465
correct_CP,O=C(C[C@@H]1C=C[C@H](NC(=O)NC2CCCCC2)[C@@H](CO)O1)NCc1ccccc1,9.9939,0.2751433080765767,0.28241994038206364,0.0888729871034328,0.19354695327863083,0.03103742417400404
correct_CP,O=C(C[C@@H]1C=C[C@H](NC(=O)Nc2cc(F)ccc2F)[C@@H](CO)O1)NCc1ccc2c(c1)OCO2,10.0784,0.11888849569434849,0.11945343671001972,0.0034200891458216025,0.11603334756419811,-0.13789787844671514
correct_CP,O=C(C[C@@H]1C=C[C@H](NC(=O)Nc2cc(F)ccc2F)[C@H](CO)O1)NCCCN1CCOCC1,9.88835,0.4314527157995763,0.46168030470948285,-0.12470063758377108,0.5863809422932539,0.17160244641702554
correct_CP,O=C(C[C@@H]1C=C[C@H](NC(=O)Nc2ccc3c(c2)OCO3)[C@H](CO)O1)NCc1ccc(Cl)cc1,9.92122,-0.066965032944998,-0.06706540057993658,-0.05752706941098478,-0.009538331168951801,-0.00841118878119964
correct_CP,O=C(C[C@@H]1C=C[C@H](NC(=O)c2ccc(F)cc2)[C@@H](CO)O1)NCCc1ccncc1,9.99492,-0.24750663887394697,-0.2527549875969465,0.01994902549351971,-0.2727040130904662,-0.11889079393213395
correct_CP,O=C(C[C@@H]1C=C[C@H](NC(=O)c2ccccc2)[C@@H](CO)O1)NCc1ccc(Oc2ccccc2)cc1,10.0628,-0.1554496087885171,-0.15672020727130007,-0.0008937268918270697,-0.155826480379473,0.023226762142093217
correct_CP,O=C(C[C@@H]1C=C[C@H](NC(=O)c2ccncc2)[C@H](CO)O1)Nc1ccc(-c2ccccc2)cc1,9.99655,-0.12096854855277803,-0.12156384404682334,-0.025193946223098347,-0.09636989782372499,-0.1586931977606172
correct_CP,O=C(C[C@@H]1C=C[C@H](NC(=O)c2cnccn2)[C@H](CO)O1)NCc1ccccc1F,9.92221,-0.43657392374665727,-0.4679901000041688,-0.012923378866485723,-0.4550667211376831,-0.0019069332885739108
correct_CP,O=C(C[C@@H]1C=C[C@H](NS(=O)(=O)c2ccc(F)cc2)[C@@H](CO)O1)NC1CCCCC1,9.99699,0.09557644215704841,0.09586907341414205,0.022827356394631335,0.07304171701951072,-0.21721535957255306
correct_CP,O=C(C[C@@H]1C=C[C@H](NS(=O)(=O)c2ccc(F)cc2)[C@@H](CO)O1)NCc1ccncn1,9.99989,0.3930719755154654,0.4154282168268971,-0.047652191555561274,0.4630804083824584,-0.3446566687923788
correct_CP,O=C(C[C@@H]1C=C[C@H](NS(=O)(=O)c2ccccc2F)[C@H](CO)O1)NCCCN1CCOCC1,9.95325,0.40922095955602167,0.43467512313405154,-0.003491589269273433,0.438166712403325,-0.19669379927287706
correct_CP,O=C(C[C@@H]1CC[C@@H](NC(=O)C2CC2)[C@H](CO)O1)NCc1ccncc1,10.0221,-0.057495807085896626,-0.05755928897723955,0.02364768700192776,-0.08120697597916732,-0.05583325656985763
correct_CP,O=C(C[C@@H]1CC[C@@H](NC(=O)CCN2CCCCC2)[C@@H](CO)O1)NCc1ccc(Cl)c(Cl)c1,10.0225,0.4248180016771237,0.4535564284432757,0.008896722919999326,0.4446597055232764,-0.5229891887443165
correct_CP,O=C(C[C@@H]1CC[C@@H](NC(=O)CN2CCOCC2)[C@@H](CO)O1)NC1CCCCC1,10.0425,0.06371281220433411,0.06379923307102847,0.014676396105916277,0.049122836965112195,0.11701657649333166
correct_CP,O=C(C[C@@H]1CC[C@@H](NC(=O)CN2CCOCC2)[C@@H](CO)O1)NCCc1ccncc1,10.0666,0.32330343592167093,0.3353317632483702,-0.026450304908224323,0.3617820681565945,0.025651131811484516
correct_CP,O=C(C[C@@H]1CC[C@@H](NC(=O)Cc2ccccn2)[C@@H](CO)O1)NCCc1ccncc1,9.99253,0.014768519167730934,0.014769593024694126,0.025622241329570666,-0.01085264830487654,-0.08586879556617934
correct_CP,O=C(C[C@@H]1CC[C@@H](NC(=O)Cc2cccnc2)[C@@H](CO)O1)Nc1ccc(-c2ccccc2)cc1,10.0536,-0.6075220055886709,-0.7049843374428015,-0.12639495407430282,-0.5785893833684987,-0.14977198954018786
correct_CP,O=C(C[C@@H]1CC[C@@H](NC(=O)Cc2cccnc2)[C@H](CO)O1)Nc1ccc(-c2ccccc2)cc1,10.0565,0.1379097030514437,0.13879412323255588,0.07134939416135608,0.0674447290711998,0.12187098083312539
correct_CP,O=C(C[C@@H]1CC[C@@H](NC(=O)NC2CCCC2)[C@@H](CO)O1)NCc1ccc(F)cc1,10.0291,0.2540992392785337,0.2597901467055379,-0.12456859589989325,0.3843587426054311,-0.2171726957355978
correct_CP,O=C(C[C@@H]1CC[C@@H](NC(=O)Nc2cc(F)ccc2F)[C@@H](CO)O1)NCc1ccccn1,10.119,-0.08209405991815813,-0.08227923178707827,-0.022964556393019465,-0.05931467539405881,-0.07694849359146241
correct_CP,O=C(C[C@@H]1CC[C@@H](NC(=O)Nc2ccc(C(F)(F)F)cc2)[C@H](CO)O1)NCCN1CCCC1,10.0718,-0.5406111150783933,-0.6050186747376293,-0.04829650407919543,-0.5567221706584339,0.300053893901505
correct_CP,O=C(C[C@@H]1CC[C@@H](NC(=O)Nc2ccc3c(c2)OCO3)[C@@H](CO)O1)NCCCN1CCOCC1,10.0258,0.15751527007803554,0.15883772041242641,0.05041628936542619,0.10842143104700022,-0.15907489279952713
correct_CP,O=C(C[C@@H]1CC[C@@H](NC(=O)Nc2ccccc2F)[C@@H](CO)O1)NCc1ccccc1,9.97592,0.24892034467420013,0.2542615104956278,0.004113026073466378,0.2501484844221614,0.15014848444920648
correct_CP,O=C(C[C@@H]1CC[C@@H](NC(=O)c2cccc(F)c2)[C@@H](CO)O1)NCCN1CCCC1,10.0621,-0.14843854604702203,-0.14954342188954572,-0.03798210801635937,-0.11156131387318635,0.04918843096672415
correct_CP,O=C(C[C@@H]1CC[C@@H](NC(=O)c2cccc(F)c2)[C@@H](CO)O1)Nc1nccs1,10.0492,0.3400179295133476,0.3541128021835639,0.0524211988473689,0.301691603336195,-0.06419052552262637
correct_CP,O=C(C[C@@H]1CC[C@@H](NC(=O)c2cccc(F)c2)[C@H](CO)O1)NCCN1CCCC1,10.0188,-0.18315174216851193,-0.1852418890108605,0.023924597112612564,-0.20916648612347305,0.2297558964701938
correct_CP,O=C(C[C@@H]1CC[C@@H](NC(=O)c2ccccc2)[C@H](CO)O1)Nc1ccc(-c2ccccc2)cc1,10.0983,0.16459110533753665,0.16610201132590302,0.01767631280294725,0.14842569852295578,0.13438144142233
correct_CP,O=C(C[C@@H]1CC[C@@H](NC(=O)c2ccccn2)[C@@H](CO)O1)NCc1cccc(F)c1,9.98254,0.056195977090729626,0.05625524483554151,0.07148120409052311,-0.015225959254981603,0.017436327970996673
correct_CP,O=C(C[C@@H]1CC[C@@H](NC(=O)c2cnccn2)[C@@H](CO)O1)NCc1ccccc1F,10.0219,0.5615047320880754,0.6350280934876775,-0.06625695535539004,0.7012850488430675,-0.44036838869456524
correct_CP,O=C(C[C@@H]1CC[C@@H](NS(=O)(=O)c2ccc(F)cc2)[C@@H](CO)O1)NCCc1ccncc1,10.0473,0.6287533403190223,0.7393517433505231,0.012969874438739266,0.7263818689117838,0.08664455787401534
correct_CP,O=C(C[C@@H]1CC[C@@H](NS(=O)(=O)c2cccc(F)c2)[C@H](CO)O1)NCc1ccc2c(c1)OCO2,10.0047,0.18105586416419797,0.18307412309495893,-0.05283330253720055,0.2359074256321595,0.03599485786899487
correct_CP,O=C(C[C@@H]1CC[C@@H](NS(=O)(=O)c2ccccc2)[C@@H](CO)O1)NCCN1CCCCC1,10.0416,-0.04501945229968827,-0.045049903746713436,0.011672967575542353,-0.056722871322255786,0.01652979855862408
correct_CP,O=C(C[C@@H]1CC[C@@H]2NC[C@H](O)COC[C@H]2O1)NC1Cc2ccccc2C1,10.0739,-0.060838893785014954,-0.06091412336635833,0.058210196732940096,-0.11912432009929844,-0.05334287957574937
correct_CP,O=C(C[C@@H]1CC[C@@H]2NC[C@H](O)COC[C@H]2O1)NCCN1CCCCC1,10.0476,-0.26341123097462843,-0.2697704555307653,-0.00860812423168657,-0.26116233129907873,-0.02886664043390058
correct_CP,O=C(C[C@@H]1CC[C@@H]2NC[C@H](O)COC[C@H]2O1)Nc1ccc(-c2ccccc2)cc1,9.98187,0.3368220950461783,0.350503609000502,-0.07964235466917594,0.43014596366967794,0.21982524405196946
correct_CP,O=C(C[C@@H]1CC[C@@H]2[C@H](COC[C@@H](O)CN2C(=O)c2cnccn2)O1)NCc1ccc(F)cc1,10.0999,0.2955619507398104,0.3046497135440372,0.051568494473814765,0.2530812190702224,-0.37103447571819914
correct_CP,O=C(C[C@@H]1CC[C@@H]2[C@H](COC[C@@H](O)CN2Cc2ccc(Oc3ccccc3)cc2)O1)N1CCc2ccccc2C1,10.0654,0.2871907793387879,0.29550181019980765,0.00017833208146866147,0.295323478118339,-0.0169154254137225
correct_CP,O=C(C[C@@H]1CC[C@@H]2[C@H](COC[C@H](O)CN2CCC(F)(F)F)O1)NCc1ccc(Oc2ccccc2)cc1,10.1038,0.23866578276241182,0.24335882728492514,0.00995680763939294,0.2334020196455322,-0.014028233580105864
correct_CP,O=C(C[C@@H]1CC[C@@H]2[C@H](COC[C@H](O)CN2Cc2ccc3c(c2)OCO3)O1)Nc1ccc(-c2ccccc2)cc1,9.98817,0.07757624365991754,0.07773242785325223,-0.028589796336417856,0.10632222418967008,0.06350437552837425
correct_CP,O=C(C[C@@H]1CC[C@H](NC(=O)C2CCOCC2)[C@@H](CO)O1)NCc1ccccc1Cl,10.0724,-0.23772463536961702,-0.24236107009326274,-0.10413406988245616,-0.13822700021080658,0.36651247043189744
correct_CP,O=C(C[C@@H]1CC[C@H](NC(=O)C2CCOCC2)[C@@H](CO)O1)Nc1nccs1,10.0065,0.1506720255143369,0.15182800108166786,-0.04197107024659444,0.1937990713282623,0.09626031120681339
correct_CP,O=C(C[C@@H]1CC[C@H](NC(=O)C2CCOCC2)[C@H](CO)O1)NCc1ccccc1Cl,10.0656,-0.15817949813845505,-0.1595189211597632,-0.09125929962796614,-0.06825962153179707,0.09663230826700732
correct_CP,O=C(C[C@@H]1CC[C@H](NC(=O)C2CCOCC2)[C@H](CO)O1)Nc1nccs1,10.1016,-0.03341558925697338,-0.033428034896333704,-0.047552789467735716,0.014124754571402012,-0.037301158362540936
correct_CP,O=C(C[C@@H]1CC[C@H](NC(=O)Nc2ccc(C(F)(F)F)cc2)[C@@H](CO)O1)NCCN1CCCC1,10.0359,0.19397241822845054,0.19646161544659865,0.0022121418340882992,0.19424947361251035,0.18253348867628721
correct_CP,O=C(C[C@@H]1CC[C@H](NC(=O)Nc2cccc(F)c2)[C@H](CO)O1)NCC1CC1,10.0473,0.2420433451618277,0.2469434804770494,0.03173010703364617,0.21521337344340322,0.2625607085082495
correct_CP,O=C(C[C@@H]1CC[C@H](NC(=O)c2ccc3c(c2)OCO3)[C@@H](CO)O1)NC1Cc2ccccc2C1,10.0303,0.18998086878666184,0.192317321578508,-0.012375473494604081,0.20469279507311208,0.01819047638473257
correct_CP,O=C(C[C@@H]1CC[C@H](NC(=O)c2cccc(F)c2)[C@@H](CO)O1)NCCN1CCCC1,10.0234,0.16049998364445814,0.16189985781044308,0.0065021127940005,0.15539774501644257,0.09868888394975749
correct_CP,O=C(C[C@@H]1CC[C@H](NC(=O)c2cccc(F)c2)[C@H](CO)O1)NCCN1CCCC1,10.0908,0.08940169687818368,0.08964103157421895,-0.07818516480388898,0.16782619637810792,0.12255006612381382
correct_CP,O=C(C[C@@H]1CC[C@H](NC(=O)c2cccnc2)[C@@H](CO)O1)NCc1ccc(Cl)c(Cl)c1,10.084,0.07189374928616217,0.0720180008553936,-0.009587105573424036,0.08160510642881763,0.06312453794608416
correct_CP,O=C(C[C@@H]1CC[C@H](NC(=O)c2cnccn2)[C@@H](CO)O1)NCc1ccccc1F,10.0568,-0.27607963222541204,-0.2834332362913934,-0.043051834819142376,-0.240381401472251,0.2071181787611461
correct_CP,O=C(C[C@@H]1CC[C@H](NS(=O)(=O)c2ccc(F)cc2)[C@H](CO)O1)N1CCN(c2ccccc2)CC1,10.0485,0.4084630185559684,0.4337650640703131,-0.005112483217950504,0.4388775472882636,-0.08864149607222188
correct_CP,O=C(C[C@@H]1CC[C@H]2[C@@H](COC[C@@H](O)CN2C(=O)Nc2cc(Cl)cc(Cl)c2)O1)N1CCOCC1,10.1608,0.24139141379251133,0.2462510948608677,0.07425982906176767,0.1719912657991,-0.02190640806396931
correct_CP,O=C(C[C@@H]1CC[C@H]2[C@@H](COC[C@@H](O)CN2C(=O)c2cc(Cl)cc(Cl)c2)O1)N1CCc2ccccc2C1,10.0634,0.3031622813479394,0.31299827922338336,0.01772410398916504,0.29527417523421834,0.07945702123914791
correct_CP,O=C(C[C@@H]1CC[C@H]2[C@@H](COC[C@@H](O)CN2CCC(F)(F)F)O1)NCC1CCCCC1,10.1214,-0.23538076844098602,-0.23987827133980313,-0.07437745950323503,-0.16550081183656812,0.28478128116121393
correct_CP,O=C(C[C@@H]1CC[C@H]2[C@@H](COC[C@@H](O)CN2Cc2ccc(Cl)cc2)O1)NCCc1ccccc1,10.0615,0.0337888654040261,0.033801732993885066,-0.07479068855811165,0.10859242155199672,0.07479956020393343
correct_CP,O=C(C[C@@H]1CC[C@H]2[C@@H](COC[C@@H](O)CN2Cc2cccc(C(F)(F)F)c2)O1)NCCc1ccncc1,10.0963,-0.33556254337076497,-0.3490835550530252,0.07873370390780542,-0.4278172589608306,0.25141534723604175
correct_CP,O=C(C[C@@H]1CC[C@H]2[C@@H](COC[C@@H](O)CN2Cc2cccc(Cl)c2)O1)NCC1CCCCC1,10.0817,0.3680205242820699,0.38613159135522324,0.044694886436783765,0.34143670491843947,0.07975338031663973
correct_CP,O=C(C[C@@H]1CC[C@H]2[C@@H](COC[C@H](O)CN2C(=O)Nc2ccc(Cl)cc2)O1)NCC1CCCCC1,10.019,0.5566102371735769,0.6279083010547549,0.10686170051468566,0.5210466005400692,-0.2567847066188417
correct_CP,O=C(C[C@@H]1CC[C@H]2[C@@H](COC[C@H](O)CN2C(=O)Nc2ccccc2)O1)NCc1ccncn1,10.0559,0.23616638049964242,0.24071012554303878,-0.01760305137216386,0.2583131769152026,0.44013428258195375
correct_CP,O=C(C[C@@H]1CC[C@H]2[C@@H](COC[C@H](O)CN2C(=O)c2ccc(F)cc2)O1)N1CCCCC1,10.1572,-0.055754154275581905,-0.05581203333929722,-0.015438370571006235,-0.040373662768290984,-0.1251937871794575
correct_CP,O=C(C[C@@H]1CC[C@H]2[C@@H](COC[C@H](O)CN2C(=O)c2cnccn2)O1)N1CCN(c2ccccc2)CC1,10.0526,-0.4902716282687722,-0.5364178518952902,0.07263626727639642,-0.6090541191716866,-0.310835557336254
correct_CP,O=C(C[C@@H]1CC[C@H]2[C@@H](COC[C@H](O)CN2CC2CCOCC2)O1)NCC1CC1,10.0039,-0.019757732344262372,-0.01976030387533215,-0.023563229342693486,0.003802925467361336,0.21885043576739158
correct_CP,O=C(C[C@@H]1CC[C@H]2[C@@H](COC[C@H](O)CN2Cc2ccc3c(c2)OCO3)O1)N1CCCCC1,9.9821,0.1949889376895377,0.19751809391723962,0.09804326657349301,0.09947482734374662,-0.11266611075098486
correct_CP,O=C(C[C@@H]1CC[C@H]2[C@@H](COC[C@H](O)CN2Cc2ccccc2F)O1)NC1CCC1,10.0368,0.35877977354883833,0.37548469286462927,0.11310198516294097,0.2623827077016883,-0.08833765972974088
correct_CP,O=C(C[C@@H]1C[C@@H]2c3cc(NC(=O)C4CCC4)ccc3O[C@@H]2[C@@H](CO)O1)NCc1cccc(F)c1,10.2759,0.08817364502349036,0.08840322159284783,0.005142533704707547,0.08326068788814028,0.20395014184907787
correct_CP,O=C(C[C@@H]1C[C@@H]2c3cc(NC(=O)C4CCC4)ccc3O[C@@H]2[C@H](CO)O1)NCc1ccccn1,10.1031,-0.16482926688241223,-0.16634681423934072,0.22481705897795656,-0.3911638732172973,0.32543302914074823
correct_CP,O=C(C[C@@H]1C[C@@H]2c3cc(NC(=O)CC4CC4)ccc3O[C@@H]2[C@@H](CO)O1)NCc1cc(F)ccc1F,9.98574,0.3280686466472308,0.3406624189482463,-0.009728358696438042,0.35039077764468435,0.003090811568159645
correct_CP,O=C(C[C@@H]1C[C@@H]2c3cc(NC(=O)CC4CC4)ccc3O[C@@H]2[C@@H](CO)O1)NCc1ccc(-c2ccccc2)cc1,9.71738,-0.1281365879144348,-0.12884486959025596,-0.045306035098131886,-0.08353883449212407,0.45606989563913247
correct_CP,O=C(C[C@@H]1C[C@@H]2c3cc(NC(=O)CC4CC4)ccc3O[C@@H]2[C@@H](CO)O1)NCc1ccc(Cl)cc1,10.0037,0.22071797244117608,0.22441072416673669,-0.01691037925088896,0.24132110341762564,0.36426674301024975
correct_CP,O=C(C[C@@H]1C[C@@H]2c3cc(NC(=O)CC4CC4)ccc3O[C@@H]2[C@H](CO)O1)NCc1ccncc1,9.96761,0.20484416295634653,0.20778369766544172,0.06324054976124249,0.14454314790419923,0.03847333080894866
correct_CP,O=C(C[C@@H]1C[C@@H]2c3cc(NC(=O)Cc4ccncc4)ccc3O[C@@H]2[C@H](CO)O1)NCc1cc(F)ccc1F,10.1333,0.09018888612842267,0.09043461972226273,0.030327829333061596,0.06010679038920114,-0.019302670638465934
correct_CP,O=C(C[C@@H]1C[C@@H]2c3cc(NC(=O)Cc4ccncc4)ccc3O[C@@H]2[C@H](CO)O1)NCc1cccnc1,10.0481,0.20627243252271948,0.20927498051435417,0.04807321014669759,0.1612017703676566,-0.13236681510645443
correct_CP,O=C(C[C@@H]1C[C@@H]2c3cc(NC(=O)NC4CCCC4)ccc3O[C@@H]2[C@H](CO)O1)NCc1ccccc1F,10.0531,0.07585092860208661,0.07599689881090672,-0.02476070624407206,0.10075760505497879,0.07588507319196343
correct_CP,O=C(C[C@@H]1C[C@@H]2c3cc(NC(=O)Nc4ccc(C(F)(F)F)cc4)ccc3O[C@@H]2[C@H](CO)O1)NCc1ccc(Cl)cc1,9.94705,0.025855107739671857,0.025860871315895286,0.024654266442434198,0.0012066048734610882,0.13737988828224015
correct_CP,O=C(C[C@@H]1C[C@@H]2c3cc(NC(=O)Nc4ccccc4)ccc3O[C@@H]2[C@H](CO)O1)NC1CCCC1,9.72733,-0.38314672737940103,-0.4037426158543032,-0.0046260007609474525,-0.3991166150933558,-0.024236145041210265
correct_CP,O=C(C[C@@H]1C[C@@H]2c3cc(NC(=O)c4ccc5c(c4)OCO5)ccc3O[C@@H]2[C@H](CO)O1)NCc1ccccn1,10.0676,-0.15976270791582275,-0.16114317925618946,0.12440218042997384,-0.2855453596861633,-0.2929803829462534
correct_CP,O=C(C[C@@H]1C[C@@H]2c3cc(NS(=O)(=O)c4ccccc4)ccc3O[C@@H]2[C@H](CO)O1)NCC1CC1,10.0709,0.40038841850348894,0.4241114187493491,0.04705722025398586,0.37705419849536326,0.01527713444173269
correct_CP,O=C(C[C@@H]1C[C@H]2c3cc(NC(=O)C4CCC4)ccc3O[C@H]2[C@H](CO)O1)NCc1ccc(-c2ccccc2)cc1,10.1163,0.14782265418432597,0.14891371249680352,0.02374673011556671,0.1251669823812368,0.08447542296105898
correct_CP,O=C(C[C@@H]1C[C@H]2c3cc(NC(=O)C4CCC4)ccc3O[C@H]2[C@H](CO)O1)NCc1cccc(F)c1,9.93169,0.3614290497216792,0.3785287046813985,-0.08070481634712508,0.45923352102852355,-0.14380606254237127
correct_CP,O=C(C[C@@H]1C[C@H]2c3cc(NC(=O)C4CCC4)ccc3O[C@H]2[C@H](CO)O1)NCc1ccncc1,10.203,-0.17370736199655182,-0.17548685474025844,-0.07108718470705774,-0.10439967003320069,0.1727553896083011
correct_CP,O=C(C[C@@H]1C[C@H]2c3cc(NC(=O)C4CCOCC4)ccc3O[C@H]2[C@H](CO)O1)NCCN1CCCCC1,10.0337,-0.007722860779270153,-0.0077230143218751865,-0.15120351840326202,0.14348050408138682,0.2882899725103538
correct_CP,O=C(C[C@@H]1C[C@H]2c3cc(NC(=O)C4CCOCC4)ccc3O[C@H]2[C@H](CO)O1)NCc1ccc2c(c1)OCO2,9.92487,0.22691193415625147,0.23093134969012896,-0.012432277807590524,0.24336362749771948,-0.017792439650524856
correct_CP,O=C(C[C@@H]1C[C@H]2c3cc(NC(=O)CC4CC4)ccc3O[C@H]2[C@H](CO)O1)NCC1CC1,10.0097,0.11533916877527224,0.11585474744145972,-0.047140881651883876,0.16299562909334359,-0.08850399210016122
correct_CP,O=C(C[C@@H]1C[C@H]2c3cc(NC(=O)CC4CC4)ccc3O[C@H]2[C@H](CO)O1)NCc1ccc2c(c1)OCO2,10.0424,0.29081753480379235,0.29945909770174134,0.006212918961210574,0.29324617874053077,-0.04898240047958327
correct_CP,O=C(C[C@@H]1C[C@H]2c3cc(NC(=O)Cc4ccncc4)ccc3O[C@H]2[C@@H](CO)O1)NCCN1CCCCC1,10.0088,0.10059581298135027,0.10093721532031386,0.16430926592080114,-0.06337205060048728,-0.19735380470116592
correct_CP,O=C(C[C@@H]1C[C@H]2c3cc(NC(=O)Cc4ccncc4)ccc3O[C@H]2[C@@H](CO)O1)NCc1ccccn1,10.0104,-0.024149411344176246,-0.024154107585393866,-0.024020945483008097,-0.00013316210238576917,-0.1184463514283301
correct_CP,O=C(C[C@@H]1C[C@H]2c3cc(NC(=O)Cc4ccncc4)ccc3O[C@H]2[C@@H](CO)O1)NCc1cccnc1,9.99269,0.004954366230218705,0.00495440676701866,0.028444692980638665,-0.023490286213620003,0.08836425509250104
correct_CP,O=C(C[C@@H]1C[C@H]2c3cc(NC(=O)Cc4ccncc4)ccc3O[C@H]2[C@H](CO)O1)NCCN1CCCCC1,9.87737,0.3463612541292973,0.36130302129058556,0.031351219329263,0.32995180196132257,0.11769171511296447
correct_CP,O=C(C[C@@H]1C[C@H]2c3cc(NC(=O)NC4CCCC4)ccc3O[C@H]2[C@@H](CO)O1)NCCN1CCCCC1,9.79875,-0.026535939290547535,-0.026542170404309288,-0.12651117852249316,0.09996900811818388,0.14288459866340134
correct_CP,O=C(C[C@@H]1C[C@H]2c3cc(NC(=O)NC4CCCC4)ccc3O[C@H]2[C@H](CO)O1)NCCN1CCCCC1,10.1145,0.24801578140954839,0.25329742819847817,0.03433068813747961,0.21896674006099856,-0.03471284142168313
correct_CP,O=C(C[C@@H]1C[C@H]2c3cc(NC(=O)NC4CCCCC4)ccc3O[C@H]2[C@@H](CO)O1)NCc1cccnc1,9.79305,0.17186129023956068,0.17358397293739908,0.010294920203697011,0.16328905273370206,0.07737790487914831
correct_CP,O=C(C[C@@H]1C[C@H]2c3cc(NC(=O)Nc4ccc(C(F)(F)F)cc4)ccc3O[C@H]2[C@@H](CO)O1)NCCc1ccccc1,9.95674,0.2147731982702624,0.218170037402749,0.06543478819520945,0.15273524920753956,0.09272237574948047
correct_CP,O=C(C[C@@H]1C[C@H]2c3cc(NC(=O)Nc4ccc(C(F)(F)F)cc4)ccc3O[C@H]2[C@@H](CO)O1)NCc1ccc(Cl)cc1,9.84017,0.1824014382480931,0.184465653117665,-0.010760328354173789,0.19522598147183878,0.04164799037174026
correct_CP,O=C(C[C@@H]1C[C@H]2c3cc(NC(=O)Nc4ccc(C(F)(F)F)cc4)ccc3O[C@H]2[C@H](CO)O1)NCc1ccc(Cl)cc1,10.0025,-0.37046349069579887,-0.38896021343726034,-0.05775214119377982,-0.33120807224348053,0.24126817348382235
correct_CP,O=C(C[C@@H]1C[C@H]2c3cc(NC(=O)Nc4ccccc4F)ccc3O[C@H]2[C@@H](CO)O1)NCC1CC1,10.0633,-0.2709638955272225,-0.2779038038132133,-0.024980125201396735,-0.2529236786118165,-0.11617610286517736
correct_CP,O=C(C[C@@H]1C[C@H]2c3cc(NC(=O)Nc4ccccc4F)ccc3O[C@H]2[C@@H](CO)O1)NCc1ccncc1,10.0641,0.010395296027846807,0.010395670498241886,-0.018513983389899888,0.028909653888141776,0.08659768130092967
correct_CP,O=C(C[C@@H]1C[C@H]2c3cc(NC(=O)Nc4ccccc4F)ccc3O[C@H]2[C@H](CO)O1)NC1CCCCC1,10.005,0.2904953695174121,0.2991072040201366,0.0505767087992208,0.24853049522091578,0.2146112039760044
correct_CP,O=C(C[C@@H]1C[C@H]2c3cc(NC(=O)Nc4ccccc4F)ccc3O[C@H]2[C@H](CO)O1)NCc1ccc2c(c1)OCO2,10.0957,0.22523296214608052,0.22916194511548968,-0.08135914384507073,0.3105210889605604,-0.2872742406103659
correct_CP,O=C(C[C@@H]1C[C@H]2c3cc(NC(=O)c4ccc5c(c4)OCO5)ccc3O[C@H]2[C@@H](CO)O1)NCC1CC1,10.0324,0.21477247895069135,0.21816928329832241,0.04847625005888473,0.16969303323943769,0.19798820287626762
correct_CP,O=C(C[C@@H]1C[C@H]2c3cc(NC(=O)c4ccc5c(c4)OCO5)ccc3O[C@H]2[C@@H](CO)O1)NCc1ccc(Cl)cc1,10.0189,-0.2559948209685106,-0.26181761385711727,-0.004239243956557864,-0.2575783699005594,0.05802802233384912
correct_CP,O=C(C[C@@H]1C[C@H]2c3cc(NC(=O)c4ccc5c(c4)OCO5)ccc3O[C@H]2[C@@H](CO)O1)NCc1ccccn1,10.0584,0.42346774099435525,0.45190997495993984,0.029209214245335555,0.4227007607146043,0.34282039648701157
correct_CP,O=C(C[C@@H]1C[C@H]2c3cc(NC(=O)c4cccnc4)ccc3O[C@H]2[C@@H](CO)O1)NCCc1ccccc1,9.86644,0.19978430534601233,0.2025078822150051,0.0912537883170689,0.1112540938979362,0.13552743341008597
correct_CP,O=C(C[C@@H]1C[C@H]2c3cc(NS(=O)(=O)c4ccc(F)cc4)ccc3O[C@H]2[C@@H](CO)O1)N1CCc2ccccc2C1,9.91188,-0.017912979966997082,-0.017914896277542537,0.06184017436702294,-0.07975507064456547,0.29016971149664067
correct_CP,O=C(C[C@@H]1C[C@H]2c3cc(NS(=O)(=O)c4ccc(F)cc4)ccc3O[C@H]2[C@@H](CO)O1)NC1CCCCC1,9.88975,-0.13919140594911275,-0.14010091177063952,0.004666574295310567,-0.14476748606595008,-0.1406619256220019
correct_CP,O=C(C[C@@H]1C[C@H]2c3cc(NS(=O)(=O)c4ccc(F)cc4)ccc3O[C@H]2[C@H](CO)O1)NCCN1CCCCC1,10.0813,0.08635382687239268,0.0865694387377545,0.010515102613505052,0.07605433612424944,0.40997064513477166
correct_CP,O=C(C[C@@H]1C[C@H]2c3cc(NS(=O)(=O)c4ccc(F)cc4)ccc3O[C@H]2[C@H](CO)O1)NCc1ccc(Cl)cc1,10.1022,0.29086416350475425,0.2995100351171629,-0.03057046578832465,0.3300805009054876,0.06912847001013021
correct_CP,O=C(C[C@@H]1C[C@H]2c3cc(NS(=O)(=O)c4ccccc4)ccc3O[C@H]2[C@@H](CO)O1)NCC1CC1,10.1007,0.024009624401270864,0.024014239543527244,0.02694893331587663,-0.002934693772349388,-0.015114565966983677
correct_CP,O=C(C[C@H]1C=C[C@@H](NC(=O)CC2CC2)[C@H](CO)O1)NCC(F)(F)F,10.0034,-0.01768931959444191,-0.017691165007879935,-0.008324190112605654,-0.00936697489527428,0.050592337546712815
correct_CP,O=C(C[C@H]1C=C[C@@H](NC(=O)CCN2CCCCC2)[C@@H](CO)O1)Nc1ccc(-c2ccccc2)cc1,10.0083,0.2177991009645247,0.22134444062004213,-0.004419654336347455,0.22576409495638958,0.03852638168576214
correct_CP,O=C(C[C@H]1C=C[C@@H](NC(=O)CCN2CCCCC2)[C@H](CO)O1)Nc1nccs1,10.0531,-0.04487199431730184,-0.0449021472785497,-0.03183540511000796,-0.013066742168541742,0.17604648751604565
correct_CP,O=C(C[C@H]1C=C[C@@H](NC(=O)CN2CCOCC2)[C@H](CO)O1)NC1CCCCC1,10.1016,0.2009578047099831,0.20373046675097398,0.00247146813707284,0.20125899861390115,0.14168322993098556
correct_CP,O=C(C[C@H]1C=C[C@@H](NC(=O)Cc2ccccn2)[C@@H](CO)O1)NCCCN1CCOCC1,9.96025,0.07775724869400798,0.07791453135867946,0.010275933489310947,0.06763859786936852,0.10641793499465824
correct_CP,O=C(C[C@H]1C=C[C@@H](NC(=O)Cc2ccccn2)[C@@H](CO)O1)NCCc1ccncc1,9.93381,-0.21542533579414827,-0.21885381161190842,-0.01388426713042327,-0.20496954448148516,0.3017396603834812
correct_CP,O=C(C[C@H]1C=C[C@@H](NC(=O)Nc2cc(F)ccc2F)[C@@H](CO)O1)Nc1ccccc1,10.0154,-0.13489407099826742,-0.13572131766764936,-0.028288208906326245,-0.10743310876132312,0.14113632928116152
correct_CP,O=C(C[C@H]1C=C[C@@H](NC(=O)Nc2cc(F)ccc2F)[C@H](CO)O1)NCCCN1CCOCC1,10.0001,0.19190465136387017,0.19431389833129237,-0.07404620666333764,0.26836010499463003,-0.16678426222061432
correct_CP,O=C(C[C@H]1C=C[C@@H](NC(=O)Nc2ccc(F)cc2)[C@@H](CO)O1)NCCN1CCCC1,10.037,-0.14254436333872686,-0.14352175502024841,-0.14551968320459757,0.001997928184349157,-0.06806807062104583
correct_CP,O=C(C[C@H]1C=C[C@@H](NC(=O)Nc2ccc3c(c2)OCO3)[C@H](CO)O1)NCc1ccc(Cl)cc1,10.08,-0.035102346166739996,-0.03511677424268327,-0.014297974244492102,-0.02081879999819117,-0.16892545973246081
correct_CP,O=C(C[C@H]1C=C[C@@H](NC(=O)c2ccc(F)cc2)[C@H](CO)O1)NCCc1ccncc1,10.0801,0.41267062295075496,0.4388257344705117,0.016680831325510632,0.4221449031450011,-0.1253649227944498
correct_CP,O=C(C[C@H]1C=C[C@@H](NC(=O)c2cccc(F)c2)[C@@H](CO)O1)Nc1nccs1,10.104,0.3768596914449988,0.39639444567855686,-0.016628889197853273,0.41302333487641013,0.015222901793678446
correct_CP,O=C(C[C@H]1C=C[C@@H](NC(=O)c2ccccn2)[C@H](CO)O1)NCc1cc(F)cc(F)c1,10.0452,-0.22251390628104134,-0.22629941928196218,0.038273528602650986,-0.26457294788461316,0.13519069505148332
correct_CP,O=C(C[C@H]1C=C[C@@H](NC(=O)c2ccncc2)[C@H](CO)O1)Nc1ccc(-c2ccccc2)cc1,10.0003,0.23651628346275105,0.2410807294147463,0.03694603151022941,0.20413469790451688,-0.03859778149108116
correct_CP,O=C(C[C@H]1C=C[C@@H](NS(=O)(=O)c2ccc(F)cc2)[C@@H](CO)O1)NC1CCCCC1,10.0093,0.10608523447158338,0.10648590729132851,-0.015947577026036087,0.12243348431736459,0.20725239210403237
correct_CP,O=C(C[C@H]1C=C[C@@H](NS(=O)(=O)c2ccc(F)cc2)[C@@H](CO)O1)NCc1ccncn1,10.1337,-0.06987371342772301,-0.06998776335748377,0.06440186075797234,-0.13438962411545613,0.0025457377919184954
correct_CP,O=C(C[C@H]1C=C[C@@H](NS(=O)(=O)c2ccc(F)cc2)[C@H](CO)O1)N1CCN(c2ccccc2)CC1,10.0011,0.2559099369147414,0.2617267790691395,0.046938376337427826,0.21478840273171168,-0.07086065197397629
correct_CP,O=C(C[C@H]1C=C[C@H](NC(=O)C2CC2)[C@H](CO)O1)NC1CCC1,9.99791,-0.07407902024192489,-0.07421497601802168,0.06853335240530191,-0.14274832842332358,-0.21783859800362587
correct_CP,O=C(C[C@H]1C=C[C@H](NC(=O)C2CC2)[C@H](CO)O1)NCc1ccccc1Cl,10.0886,0.2292707193669434,0.23341958856068523,-0.12048171366720048,0.35390130222788574,0.085532931550106
correct_CP,O=C(C[C@H]1C=C[C@H](NC(=O)CCN2CCCCC2)[C@@H](CO)O1)Nc1ccc(-c2ccccc2)cc1,9.97032,0.17961304629479447,0.18158280654884615,-0.04388665666008099,0.22546946320892713,0.32179188964015965
correct_CP,O=C(C[C@H]1C=C[C@H](NC(=O)Cc2cccnc2)[C@@H](CO)O1)Nc1ccccc1,10.1657,0.1552306775466169,0.1564958624625286,-0.14486813696493253,0.30136399942746117,0.04425290247849817
correct_CP,O=C(C[C@H]1C=C[C@H](NC(=O)Nc2ccccc2)[C@@H](CO)O1)NCc1ccccn1,9.95468,0.5884274207823078,0.6752571902453067,-0.18335870328806558,0.8586158935333723,0.20443218764097598
correct_CP,O=C(C[C@H]1C=C[C@H](NC(=O)c2ccc(F)cc2)[C@H](CO)O1)NCCc1ccncc1,10.0311,-0.017989436102903045,-0.017991377059101785,-0.029722094225862535,0.01173071716676075,0.14337718435456048
correct_CP,O=C(C[C@H]1C=C[C@H](NC(=O)c2cccc(F)c2)[C@H](CO)O1)Nc1nccs1,10.0627,-0.09274590950541887,-0.09301321783804462,-0.04302001745462157,-0.049993200383423045,-0.09276774193099656
correct_CP,O=C(C[C@H]1C=C[C@H](NC(=O)c2cccnc2)[C@@H](CO)O1)NCc1ccc(Cl)c(Cl)c1,10.0157,0.4002113519392811,0.4239005649759134,0.05358736068633306,0.3703132042895803,-0.3508610240593958
correct_CP,O=C(C[C@H]1C=C[C@H](NC(=O)c2cccnc2)[C@H](CO)O1)NCc1ccc(Cl)c(Cl)c1,10.0502,-0.5372110329816114,-0.6002269402924314,0.034718389515686024,-0.6349453298081175,0.3542911702177451
correct_CP,O=C(C[C@H]1C=C[C@H](NS(=O)(=O)c2ccc(F)cc2)[C@H](CO)O1)NC1CCCCC1,10.0498,0.4116134475343917,0.4375522420735667,0.005431967776138351,0.43212027429742833,0.1203360284415318
correct_CP,O=C(C[C@H]1C=C[C@H](NS(=O)(=O)c2ccc(F)cc2)[C@H](CO)O1)NCc1ccncn1,10.1089,0.4768110543394283,0.5188488387290755,0.01886877019341516,0.49998006853566035,0.23601580104389275
correct_CP,O=C(C[C@H]1CC[C@@H](NC(=O)C2CCC2)[C@@H](CO)O1)NCC1CC1,9.98617,0.4230252303568203,0.45137089478359643,0.05732528139944317,0.3940456133841533,0.17756182621284464
correct_CP,O=C(C[C@H]1CC[C@@H](NC(=O)CC2CC2)[C@@H](CO)O1)NCC(F)(F)F,10.1832,0.189779371216927,0.19210828739329663,0.014137766217598916,0.17797052117569773,0.1966807339589319
correct_CP,O=C(C[C@H]1CC[C@@H](NC(=O)CCN2CCCCC2)[C@@H](CO)O1)NCc1ccc(Cl)c(Cl)c1,9.98148,-0.641307607128755,-0.760391673864414,-0.0961394966265659,-0.664252177237848,0.3506809632656563
correct_CP,O=C(C[C@H]1CC[C@@H](NC(=O)CCN2CCCCC2)[C@H](CO)O1)Nc1ccc(-c2ccccc2)cc1,10.0534,0.28656650249230853,0.29482154819973644,0.010743831302668812,0.2840777168970676,-0.12197668959380852
correct_CP,O=C(C[C@H]1CC[C@@H](NC(=O)CN2CCOCC2)[C@@H](CO)O1)NCc1cccc(F)c1,9.96807,0.5402834758876878,0.6045558530637661,-0.1467079202557532,0.7512637733195193,0.5236698730006715
correct_CP,O=C(C[C@H]1CC[C@@H](NC(=O)Cc2ccccn2)[C@@H](CO)O1)NCCc1ccncc1,10.0466,0.09535193687530996,0.09564250330478127,0.07479904125420642,0.020843462050574857,-0.15873150895619698
correct_CP,O=C(C[C@H]1CC[C@@H](NC(=O)NC2CCCC2)[C@@H](CO)O1)NCc1ccc(F)cc1,10.0012,0.3276467437901709,0.3401897035911385,-0.11682717551555288,0.45701687910669136,0.39246305150511823
correct_CP,O=C(C[C@H]1CC[C@@H](NC(=O)Nc2cc(F)ccc2F)[C@@H](CO)O1)NCc1ccccn1,10.0969,0.10429070739504481,0.10467130198891209,-0.0909203510390199,0.19559165302793197,0.025336269845436757
correct_CP,O=C(C[C@H]1CC[C@@H](NC(=O)Nc2ccc(C(F)(F)F)cc2)[C@H](CO)O1)NCc1cc(F)cc(F)c1,10.092,0.3854981752550098,0.4065015743956518,0.04015965185405936,0.3663419225415925,0.14620704535651835
correct_CP,O=C(C[C@H]1CC[C@@H](NC(=O)Nc2ccc3c(c2)OCO3)[C@H](CO)O1)NCCCN1CCOCC1,10.0187,-0.07432349712377029,-0.07446080640062497,0.04197365347626549,-0.11643445987689047,-0.04217863135473717
correct_CP,O=C(C[C@H]1CC[C@@H](NC(=O)c2ccc(F)cc2)[C@H](CO)O1)NCCc1ccccc1,9.98156,0.1943289361085228,0.19683209849924557,-0.17259726057900193,0.3694293590782475,-0.39229388921222985
correct_CP,O=C(C[C@H]1CC[C@@H](NC(=O)c2ccc(F)cc2)[C@H](CO)O1)NCc1ccncn1,10.0645,0.17823694518484887,0.18016119344387166,0.022552281662051164,0.1576089117818205,-0.004898027639890962
correct_CP,O=C(C[C@H]1CC[C@@H](NC(=O)c2cccc(F)c2)[C@@H](CO)O1)NCCN1CCCC1,10.0039,0.30908600204249037,0.31953455428058963,-0.009381746404156498,0.32891630068474614,-0.19514618379022142
correct_CP,O=C(C[C@H]1CC[C@@H](NC(=O)c2ccccn2)[C@@H](CO)O1)NCc1cccc(F)c1,9.99087,-0.14790858879786473,-0.1490015680044838,-0.00039803196589143115,-0.14860353603859236,0.12975586709848755
correct_CP,O=C(C[C@H]1CC[C@@H](NS(=O)(=O)c2ccc(F)cc2)[C@H](CO)O1)NC1CCC1,10.0287,0.652296667572733,0.7792859478214116,0.08625821410382198,0.6930277337175896,0.1789669282598337
correct_CP,O=C(C[C@H]1CC[C@@H](NS(=O)(=O)c2cccc(F)c2)[C@@H](CO)O1)N1CCCCC1,10.0922,-0.20938191238768955,-0.21252483146725276,0.01952021544313584,-0.2320450469103886,-0.15330519857574862
correct_CP,O=C(C[C@H]1CC[C@@H](NS(=O)(=O)c2cccc(F)c2)[C@@H](CO)O1)NCc1ccc2c(c1)OCO2,9.90127,-0.04435197070534393,-0.04438108662474039,0.02734346161590145,-0.07172454824064184,-0.23022365763419442
correct_CP,O=C(C[C@H]1CC[C@@H]2NC[C@H](O)COC[C@H]2O1)NCCN1CCCCC1,10.1375,0.14284178662737249,0.14382536010977112,-0.012576018895109986,0.1564013790048811,0.02951587098954346
correct_CP,O=C(C[C@H]1CC[C@@H]2NC[C@H](O)COC[C@H]2O1)Nc1ccc(-c2ccccc2)cc1,10.0206,0.17156064859974293,0.17327419767767868,-0.07861640676277298,0.25189060444045164,-0.1100100618333768
correct_CP,O=C(C[C@H]1CC[C@@H]2[C@H](COC[C@@H](O)CN2C(=O)Nc2ccccc2)O1)NCc1ccncn1,9.99661,-0.1558105400848216,-0.15709009758168282,0.08013592799982376,-0.23722602558150657,-0.03134506381186386
correct_CP,O=C(C[C@H]1CC[C@@H]2[C@H](COC[C@@H](O)CN2C(=O)c2ccncc2)O1)NCc1cccc(F)c1,10.084,0.04333687135285171,0.04336403206644205,0.08089476791778041,-0.037530735851338363,0.23996232390003172
correct_CP,O=C(C[C@H]1CC[C@@H]2[C@H](COC[C@@H](O)CN2CCC(F)(F)F)O1)NCc1ccc(Oc2ccccc2)cc1,10.0664,0.23011640457391103,0.23431237655259612,0.09390365871887921,0.14040871783371692,0.13135064234139218
correct_CP,O=C(C[C@H]1CC[C@@H]2[C@H](COC[C@@H](O)CN2Cc2ccc3c(c2)OCO3)O1)N1CCCCC1,9.9166,-0.1901645662756653,-0.19250790437437632,0.1928017946312312,-0.3853096990056075,-0.48221784371425125
correct_CP,O=C(C[C@H]1CC[C@@H]2[C@H](COC[C@H](O)CN2C(=O)c2cnccn2)O1)NCc1ccc(F)cc1,10.1187,0.057274966935212834,0.05733771917798335,0.037844585934607156,0.019493133243376197,-0.24673464660414957
correct_CP,O=C(C[C@H]1CC[C@@H]2[C@H](COC[C@H](O)CN2Cc2cocn2)O1)N[C@@H]1CCN(Cc2ccccc2)C1,10.0387,0.004031335117321793,0.004031356956167769,-0.0705929220721149,0.07462427902828267,0.18641086578387278
correct_CP,O=C(C[C@H]1CC[C@H](NC(=O)C2CC2)[C@@H](CO)O1)Nc1ccccc1,10.1143,0.574198247251648,0.6537637517349311,-0.02863581072602697,0.682399562460958,0.05453785002882402
correct_CP,O=C(C[C@H]1CC[C@H](NC(=O)C2CCOCC2)[C@@H](CO)O1)NCc1ccccc1Cl,10.013884,-0.05257508503149603,-0.05262360715434704,-0.16732473959274952,0.11470113243840248,0.16321001015467715
correct_CP,O=C(C[C@H]1CC[C@H](NC(=O)C2CCOCC2)[C@@H](CO)O1)Nc1nccs1,10.0528,0.06379385743070907,0.06388060904911072,0.004226632765697557,0.059653976283413165,-0.04145871649899379
correct_CP,O=C(C[C@H]1CC[C@H](NC(=O)C2CCOCC2)[C@H](CO)O1)Nc1nccs1,10.0418,-0.24496821340930955,-0.2500527136836622,0.0014582703308526831,-0.2515109840145149,0.003808980426597025
correct_CP,O=C(C[C@H]1CC[C@H](NC(=O)CCN2CCCCC2)[C@@H](CO)O1)NCc1ccc(Cl)c(Cl)c1,10.0181,0.25719746018801787,0.26310501799741104,-0.1763956346939927,0.4395006526914037,-0.15106012160621504
correct_CP,O=C(C[C@H]1CC[C@H](NC(=O)Cc2ccccn2)[C@H](CO)O1)NCCc1ccncc1,10.0751,0.42298735707411783,0.45132476780028197,0.06364687059544032,0.38767789720484164,0.2708979692049005
correct_CP,O=C(C[C@H]1CC[C@H](NC(=O)Nc2cc(F)ccc2F)[C@@H](CO)O1)Nc1ccc(-c2ccccc2)cc1,10.1039,0.1400293798402904,0.14095554339358662,0.018118309231217357,0.12283723416236927,0.1813953384016553
correct_CP,O=C(C[C@H]1CC[C@H](NC(=O)Nc2cc(F)ccc2F)[C@H](CO)O1)Nc1ccc(-c2ccccc2)cc1,10.0282,0.6013803865535212,0.6953068327357275,-0.00745360166998138,0.7027604344057088,0.6111727458600298
correct_CP,O=C(C[C@H]1CC[C@H](NC(=O)Nc2ccc(C(F)(F)F)cc2)[C@H](CO)O1)NCCN1CCCC1,10.0864,-0.07430635403208824,-0.07444356810687687,0.008068855271495617,-0.08251242337837249,-0.14662420070393248
correct_CP,O=C(C[C@H]1CC[C@H](NC(=O)Nc2ccc3c(c2)OCO3)[C@@H](CO)O1)NCCCN1CCOCC1,9.98599,0.13531390338649868,0.1361489557784214,0.09122768562325181,0.044921270155169585,-0.2565525496722345
correct_CP,O=C(C[C@H]1CC[C@H](NC(=O)c2ccc3c(c2)OCO3)[C@@H](CO)O1)NC1Cc2ccccc2C1,9.97739,0.021962402949291682,0.021965935139033943,0.032937845885619,-0.010971910746585059,0.033416194958052356
correct_CP,O=C(C[C@H]1CC[C@H](NC(=O)c2ccc3c(c2)OCO3)[C@H](CO)O1)NCc1ccc(Oc2ccccc2)cc1,10.0728,0.10197767937472181,0.10233340546669698,0.01587627045577014,0.08645713501092683,-0.03546188472367699
correct_CP,O=C(C[C@H]1CC[C@H](NC(=O)c2cccc(F)c2)[C@H](CO)O1)NCCN1CCCC1,10.0193,0.3477493420357121,0.36288119667991614,-0.05241381816411139,0.41529501484402753,-0.1344944314990347
correct_CP,O=C(C[C@H]1CC[C@H](NC(=O)c2ccccn2)[C@@H](CO)O1)NCc1cccc(F)c1,9.97593,-0.0236584587905776,-0.023662874332152337,-0.02203398648848038,-0.0016288878436719577,-0.014606790118137578
correct_CP,O=C(C[C@H]1CC[C@H](NC(=O)c2cccnc2)[C@@H](CO)O1)NCc1ccc(Cl)c(Cl)c1,10.0838,0.33447637401610797,0.3478600631915773,-0.045052970999955776,0.39291303419153306,-0.24199202826047825
correct_CP,O=C(C[C@H]1CC[C@H](NS(=O)(=O)c2ccc(F)cc2)[C@@H](CO)O1)NCCc1ccncc1,9.91465,-0.21983724556889378,-0.22348508305615183,0.10573838745913532,-0.32922347051528716,-0.24956223238003328
correct_CP,O=C(C[C@H]1CC[C@H](NS(=O)(=O)c2ccc(F)cc2)[C@@H](CO)O1)NCc1ccc(Cl)c(Cl)c1,10.0301,0.5779102866759249,0.6593193824912054,0.12147783103275592,0.5378415514584495,0.015775820904914667
correct_CP,O=C(C[C@H]1CC[C@H](NS(=O)(=O)c2ccc(F)cc2)[C@H](CO)O1)NCCc1ccncc1,10.01,0.10472317052763026,0.10510854051677002,-0.004286611242550489,0.1093951517593205,0.05565742079386953
correct_CP,O=C(C[C@H]1CC[C@H](NS(=O)(=O)c2cccc(F)c2)[C@H](CO)O1)N1CCCCC1,9.92525,-0.22792158936923992,-0.23199607066081265,-0.061529199345161455,-0.1704668713156512,-0.004416818373243682
correct_CP,O=C(C[C@H]1CC[C@H]2NC[C@@H](O)COC[C@@H]2O1)NCc1ccc2c(c1)OCO2,9.99917,0.33909042306506715,0.35306442029368496,0.05578649103558224,0.2972779292581027,0.19703835961526034
correct_CP,O=C(C[C@H]1CC[C@H]2NC[C@H](O)COC[C@@H]2O1)NCCN1CCCCC1,10.0597,0.3285804251436064,0.3412360311367794,0.07362148854758721,0.2676145425891922,0.061328018886219776
correct_CP,O=C(C[C@H]1CC[C@H]2[C@@H](COC[C@@H](O)CN2Cc2ccc(Oc3ccccc3)cc2)O1)N1CCc2ccccc2C1,10.0497,0.493830610457682,0.5411138020875899,-0.08629281672302336,0.6274066188106132,0.3229251899195601
correct_CP,O=C(C[C@H]1CC[C@H]2[C@@H](COC[C@@H](O)CN2Cc2ccc3c(c2)OCO3)O1)N1CCCCC1,10.0386,0.19071027952152927,0.19307415345902953,0.03523134061367192,0.15784281284535762,-0.28733874940867055
correct_CP,O=C(C[C@H]1CC[C@H]2[C@@H](COC[C@@H](O)CN2Cc2cccc(C(F)(F)F)c2)O1)NCCc1ccncc1,10.136,-0.13039053853588659,-0.1311371226623518,-0.062362512085286134,-0.06877461057706567,0.0373057196915002
correct_CP,O=C(C[C@H]1CC[C@H]2[C@@H](COC[C@H](O)CN2Cc2ccc3c(c2)OCO3)O1)N1CCCCC1,10.0921,0.07874193841108192,0.0789052875568834,0.13600052014814468,-0.05709523259126127,-0.1236560320517431
correct_CP,O=C(C[C@H]1CC[C@H]2[C@@H](COC[C@H](O)CN2Cc2cccc(C(F)(F)F)c2)O1)NCCc1ccncc1,9.85493,0.023561796529605383,0.023566158157821464,0.12564995288913328,-0.10208379473131181,-0.11229688003313859
correct_CP,O=C(C[C@H]1C[C@@H]2c3cc(NC(=O)C4CCC4)ccc3O[C@@H]2[C@@H](CO)O1)NCc1ccccn1,9.9999,0.18587693408082986,0.18806313371763891,0.029048739562980916,0.159014394154658,-0.1954786325530995
correct_CP,O=C(C[C@H]1C[C@@H]2c3cc(NC(=O)C4CCC4)ccc3O[C@@H]2[C@H](CO)O1)NCCc1ccccc1,10.1611,0.27910873776439094,0.2867152525298138,0.04381158549015266,0.24290366703966113,0.1161856319124149
correct_CP,O=C(C[C@H]1C[C@@H]2c3cc(NC(=O)C4CCOCC4)ccc3O[C@@H]2[C@H](CO)O1)NCc1ccc(Cl)cc1,9.94042,0.1421746866390114,0.14314443138669497,0.00822228574201066,0.1349221456446843,-0.03914609437345608
correct_CP,O=C(C[C@H]1C[C@@H]2c3cc(NC(=O)C4CCOCC4)ccc3O[C@@H]2[C@H](CO)O1)NCc1ccc(Oc2ccccc2)cc1,10.1099,-0.24181998127337095,-0.24670623010236686,-0.01536390213092082,-0.23134232797144605,0.08375472891899569
correct_CP,O=C(C[C@H]1C[C@@H]2c3cc(NC(=O)CC4CC4)ccc3O[C@@H]2[C@@H](CO)O1)NCc1ccc(-c2ccccc2)cc1,10.0199,0.30409018259273674,0.31402040963841876,-0.004996735798523137,0.3190171454369419,-0.13250221272370263
correct_CP,O=C(C[C@H]1C[C@@H]2c3cc(NC(=O)CC4CC4)ccc3O[C@@H]2[C@@H](CO)O1)NCc1ccc2c(c1)OCO2,10.0353,0.2474657455494677,0.2527114261599099,-0.03432779183448129,0.2870392179943912,-0.024951142075381974
correct_CP,O=C(C[C@H]1C[C@@H]2c3cc(NC(=O)CC4CC4)ccc3O[C@@H]2[C@H](CO)O1)NCCN1CCCCC1,9.97841,-0.03623466977469623,-0.03625054039783888,-0.019952208892133436,-0.016298331505705442,0.0501083194431977
correct_CP,O=C(C[C@H]1C[C@@H]2c3cc(NC(=O)Cc4ccncc4)ccc3O[C@@H]2[C@H](CO)O1)NCCN1CCCCC1,9.92051,0.1372868822678931,0.13815928280896536,0.09434722173280137,0.04381206107616399,-0.0678830530449308
correct_CP,O=C(C[C@H]1C[C@@H]2c3cc(NC(=O)Cc4ccncc4)ccc3O[C@@H]2[C@H](CO)O1)NCc1ccccn1,10.0228,-0.029337781957354328,-0.029346203369737905,-0.06004983639188849,0.030703633022150584,0.04173326658291807
correct_CP,O=C(C[C@H]1C[C@@H]2c3cc(NC(=O)NC4CCCC4)ccc3O[C@@H]2[C@@H](CO)O1)NCc1ccccc1F,10.0735,0.6457940569335927,0.7680498760316591,-0.006749092074017238,0.7747989681056763,-0.01847909535780277
correct_CP,O=C(C[C@H]1C[C@@H]2c3cc(NC(=O)NC4CCCCC4)ccc3O[C@@H]2[C@@H](CO)O1)NCc1cccnc1,10.0285,0.3224734121551598,0.33440513163230284,-0.030111264200463388,0.36451639583276624,0.11017861436750506
correct_CP,O=C(C[C@H]1C[C@@H]2c3cc(NC(=O)NC4CCCCC4)ccc3O[C@@H]2[C@H](CO)O1)NCc1cccnc1,9.97203,0.07340094454417996,0.07353319304068949,-0.035409165801390044,0.10894235884207953,0.00832786947460365
correct_CP,O=C(C[C@H]1C[C@@H]2c3cc(NC(=O)Nc4ccc(C(F)(F)F)cc4)ccc3O[C@@H]2[C@@H](CO)O1)NCCc1ccccc1,9.95324,0.18905945325034187,0.191361577658122,0.1618670575153946,0.02949452014272741,0.18604090753474567
correct_CP,O=C(C[C@H]1C[C@@H]2c3cc(NC(=O)Nc4ccc(C(F)(F)F)cc4)ccc3O[C@@H]2[C@@H](CO)O1)NCc1ccc2c(c1)OCO2,10.0609,0.3742866955139895,0.393398911227373,0.06057895541318612,0.3328199558141869,0.20838381410419812
correct_CP,O=C(C[C@H]1C[C@@H]2c3cc(NC(=O)Nc4ccc(C(F)(F)F)cc4)ccc3O[C@@H]2[C@@H](CO)O1)NCc1cccnc1,10.0498,0.02102753189805879,0.02103063187799935,0.08397277196666995,-0.0629421400886706,-0.010612565756202896
correct_CP,O=C(C[C@H]1C[C@@H]2c3cc(NC(=O)Nc4ccccc4)ccc3O[C@@H]2[C@H](CO)O1)NCCN1CCCCC1,9.97078,-0.22463377775743254,-0.22853082939063402,-0.010123023705677647,-0.21840780568495638,0.00041382998853783243
correct_CP,O=C(C[C@H]1C[C@@H]2c3cc(NC(=O)Nc4ccccc4F)ccc3O[C@@H]2[C@@H](CO)O1)NCC1CC1,9.9753,0.14481100504600136,0.14583617501485424,-0.04390823656385374,0.18974441157870797,0.20866791217467626
correct_CP,O=C(C[C@H]1C[C@@H]2c3cc(NC(=O)Nc4ccccc4F)ccc3O[C@@H]2[C@@H](CO)O1)NCc1ccc2c(c1)OCO2,9.96151,0.03175547398306369,0.031766154626617124,-0.16166678788964803,0.19343294251626514,0.04147111509649745
correct_CP,O=C(C[C@H]1C[C@@H]2c3cc(NC(=O)Nc4ccccc4F)ccc3O[C@@H]2[C@H](CO)O1)NCC(F)(F)F,10.1154,0.003378352904299214,0.0033783657570699843,0.0369714652000398,-0.033593099442969815,-0.025652636497001564
correct_CP,O=C(C[C@H]1C[C@@H]2c3cc(NC(=O)Nc4ccccc4F)ccc3O[C@@H]2[C@H](CO)O1)NCC1CC1,10.2485,-0.06571992051157947,-0.06581478361133927,0.04972269985097095,-0.11553748346231021,0.02424136507556241
correct_CP,O=C(C[C@H]1C[C@@H]2c3cc(NC(=O)Nc4ccccc4F)ccc3O[C@@H]2[C@H](CO)O1)NCc1ccccn1,10.0161,0.05957050877379519,0.059641124060996635,0.01717424804276546,0.042466876018231174,0.17958361896517303
correct_CP,O=C(C[C@H]1C[C@@H]2c3cc(NC(=O)c4ccc5c(c4)OCO5)ccc3O[C@@H]2[C@@H](CO)O1)NC1CCCCC1,10.0037,0.25446013294256165,0.2601759881738278,0.008985765468258007,0.2511902227055698,0.2018519554426396
correct_CP,O=C(C[C@H]1C[C@@H]2c3cc(NC(=O)c4ccc5c(c4)OCO5)ccc3O[C@@H]2[C@@H](CO)O1)NCC(F)(F)F,9.99389,-0.46347269750534265,-0.5017249997737917,-0.15663612255734916,-0.34508887721644255,0.16808777412566203
correct_CP,O=C(C[C@H]1C[C@@H]2c3cc(NC(=O)c4ccc5c(c4)OCO5)ccc3O[C@@H]2[C@@H](CO)O1)NCCN1CCCCC1,10.0869,0.5246340783365339,0.5827124213810384,-0.15986115449372593,0.7425735758747644,0.08496269464620522
correct_CP,O=C(C[C@H]1C[C@@H]2c3cc(NC(=O)c4ccc5c(c4)OCO5)ccc3O[C@@H]2[C@@H](CO)O1)NCCc1ccccc1,9.9136,0.3279009191631587,0.3404744734064604,-0.009947532690503816,0.3504220060969642,0.03172751721930424
correct_CP,O=C(C[C@H]1C[C@@H]2c3cc(NC(=O)c4ccc5c(c4)OCO5)ccc3O[C@@H]2[C@@H](CO)O1)NCc1ccccn1,10.0315,-0.02109991999424551,-0.02110305210566425,0.06822661859325851,-0.08932967069892277,0.1230139796378433
correct_CP,O=C(C[C@H]1C[C@@H]2c3cc(NC(=O)c4ccc5c(c4)OCO5)ccc3O[C@@H]2[C@H](CO)O1)NCc1ccccn1,9.71844,-0.3701502370937383,-0.3885971777762952,0.0424824221609607,-0.4310795999372559,-0.1376692432691582
correct_CP,O=C(C[C@H]1C[C@@H]2c3cc(NS(=O)(=O)c4ccc(F)cc4)ccc3O[C@@H]2[C@@H](CO)O1)NCc1ccc(Cl)cc1,10.1358,-0.23316896784039973,-0.23753802586007344,0.04325482990878506,-0.2807928557688585,0.013110854007177652
correct_CP,O=C(C[C@H]1C[C@@H]2c3cc(NS(=O)(=O)c4ccccc4)ccc3O[C@@H]2[C@H](CO)O1)NCC1CC1,9.98994,0.5971795178673668,0.6887517711974185,-0.002085406949756192,0.6908371781471747,-0.15998142738431462
correct_CP,O=C(C[C@H]1C[C@H]2c3cc(NC(=O)C4CCC4)ccc3O[C@H]2[C@@H](CO)O1)NC1CCCC1,10.0372,-0.30938512909351673,-0.3198653104329888,0.1697007845142442,-0.489566094947233,0.2058762555454921
correct_CP,O=C(C[C@H]1C[C@H]2c3cc(NC(=O)C4CCC4)ccc3O[C@H]2[C@@H](CO)O1)NCc1ccncc1,9.9333,-0.1043617790365494,-0.10474315568354747,-0.0060969691620738654,-0.09864618652147361,0.12510675627436105
correct_CP,O=C(C[C@H]1C[C@H]2c3cc(NC(=O)C4CCOCC4)ccc3O[C@H]2[C@H](CO)O1)NCCN1CCCCC1,10.0769,0.20480821741518487,0.20774617803437095,-0.15975084714940718,0.36749702518377814,0.10258842024261763
correct_CP,O=C(C[C@H]1C[C@H]2c3cc(NC(=O)C4CCOCC4)ccc3O[C@H]2[C@H](CO)O1)NCc1ccc(Oc2ccccc2)cc1,10.1311,0.0693119430323906,0.06942325896092046,0.046227705924293316,0.02319555303662714,0.1226493356204382
correct_CP,O=C(C[C@H]1C[C@H]2c3cc(NC(=O)CC4CC4)ccc3O[C@H]2[C@@H](CO)O1)NCC(F)(F)F,9.82753,-0.5552403470502829,-0.6259256730816973,-0.1052172064819016,-0.5207084665997957,-0.010567202304475456
correct_CP,O=C(C[C@H]1C[C@H]2c3cc(NC(=O)CC4CC4)ccc3O[C@H]2[C@@H](CO)O1)NCc1ccc(Cl)cc1,10.0438,0.2182205895710419,0.2217869614961126,-0.006148413917327797,0.2279353754134404,-0.3877442076637801
correct_CP,O=C(C[C@H]1C[C@H]2c3cc(NC(=O)CC4CC4)ccc3O[C@H]2[C@H](CO)O1)NCc1ccc(Cl)cc1,9.98133,-0.10545858486049209,-0.10585216757066802,-0.0004418905842441985,-0.10541027698642383,-0.024078313085903594
correct_CP,O=C(C[C@H]1C[C@H]2c3cc(NC(=O)CC4CC4)ccc3O[C@H]2[C@H](CO)O1)NCc1ccccn1,9.94485,-0.10469953663654963,-0.10508464461990198,0.02765999847206318,-0.13274464309196515,-0.10391125460225559
correct_CP,O=C(C[C@H]1C[C@H]2c3cc(NC(=O)Cc4ccncc4)ccc3O[C@H]2[C@H](CO)O1)NCc1cccc(F)c1,10.0376,-0.001031151113898802,-0.0010311514793639506,0.12558043937578292,-0.12661159085514687,-0.2065951093504925
correct_CP,O=C(C[C@H]1C[C@H]2c3cc(NC(=O)Cc4ccncc4)ccc3O[C@H]2[C@H](CO)O1)NCc1ccccn1,10.0641,0.39241595523481976,0.41465255186724964,0.04826178746969888,0.36639076439755075,0.08342663403534605
correct_CP,O=C(C[C@H]1C[C@H]2c3cc(NC(=O)Cc4ccncc4)ccc3O[C@H]2[C@H](CO)O1)NCc1cccnc1,9.95851,0.3147218498146716,0.3257777933386104,0.01436133228746636,0.31141646105114407,-0.1552188365550309
correct_CP,O=C(C[C@H]1C[C@H]2c3cc(NC(=O)NC4CCCC4)ccc3O[C@H]2[C@H](CO)O1)NCC1CC1,10.0513,0.2076625265710006,0.21072728508540986,-0.09868859072293523,0.30941587580834506,-0.10180082255157297
correct_CP,O=C(C[C@H]1C[C@H]2c3cc(NC(=O)Nc4ccc(C(F)(F)F)cc4)ccc3O[C@H]2[C@@H](CO)O1)NCCc1ccccc1,9.88278,0.3795015992730127,0.39947726286145724,0.016893289091331677,0.38258397377012554,-0.12873331869415344
correct_CP,O=C(C[C@H]1C[C@H]2c3cc(NC(=O)Nc4ccc(C(F)(F)F)cc4)ccc3O[C@H]2[C@@H](CO)O1)NCc1ccccn1,10.0822,-0.09376879537746277,-0.09404507782116295,0.09336409970871656,-0.1874091775298795,-0.09796057580408712
correct_CP,O=C(C[C@H]1C[C@H]2c3cc(NC(=O)Nc4ccccc4)ccc3O[C@H]2[C@H](CO)O1)NC1CCCC1,9.91602,0.2690993803841197,0.2758926396768938,-0.030659160910529497,0.3065518005874233,0.3369160878862436
correct_CP,O=C(C[C@H]1C[C@H]2c3cc(NC(=O)Nc4ccccc4)ccc3O[C@H]2[C@H](CO)O1)NCCN1CCCCC1,10.1769,0.06405518240229995,0.06414300626758339,0.050036312243609264,0.014106694023974124,0.09261949144217785
correct_CP,O=C(C[C@H]1C[C@H]2c3cc(NC(=O)Nc4ccccc4F)ccc3O[C@H]2[C@@H](CO)O1)NCC(F)(F)F,10.056,-0.18190427166426146,-0.18395142459285083,0.012880547846627764,-0.1968319724394786,-0.045417911076956766
correct_CP,O=C(C[C@H]1C[C@H]2c3cc(NC(=O)Nc4ccccc4F)ccc3O[C@H]2[C@@H](CO)O1)NCc1ccc2c(c1)OCO2,10.0355,0.09488906925707016,0.0951754094547323,0.060893291918037315,0.03428211753669498,-0.053568577266052096
correct_CP,O=C(C[C@H]1C[C@H]2c3cc(NC(=O)c4ccc5c(c4)OCO5)ccc3O[C@H]2[C@@H](CO)O1)NCC1CC1,9.85144,0.39676237794602004,0.4198005323672518,0.212076880713427,0.20772365165382478,-0.3664006259413033
correct_CP,O=C(C[C@H]1C[C@H]2c3cc(NC(=O)c4ccc5c(c4)OCO5)ccc3O[C@H]2[C@@H](CO)O1)NCc1ccc(Oc2ccccc2)cc1,10.0282,0.44436009534990134,0.47765061547497134,-0.02344460730302996,0.5010952227780013,-0.11916128321540406
correct_CP,O=C(C[C@H]1C[C@H]2c3cc(NC(=O)c4ccc5c(c4)OCO5)ccc3O[C@H]2[C@@H](CO)O1)NCc1cccnc1,10.0892,0.5013004539979493,0.551041589316305,-0.08442703576376964,0.6354686250800746,0.18065333301964004
correct_CP,O=C(C[C@H]1C[C@H]2c3cc(NC(=O)c4cccnc4)ccc3O[C@H]2[C@@H](CO)O1)NCc1cc(F)ccc1F,10.0991,0.3265363782243239,0.3389463083617943,0.18108422014202863,0.15786208821976566,-0.3598468059223366
correct_CP,O=C(C[C@H]1C[C@H]2c3cc(NC(=O)c4cccnc4)ccc3O[C@H]2[C@H](CO)O1)NCC(F)(F)F,9.96604,0.21566331016960763,0.21910338081292455,0.036746764358284535,0.18235661645464002,-0.4825118352483094
correct_CP,O=C(C[C@H]1C[C@H]2c3cc(NC(=O)c4cccnc4)ccc3O[C@H]2[C@H](CO)O1)NCC1CC1,9.96784,-0.06266071653294873,-0.06274291989933106,-0.01945287109804803,-0.04329004880128303,0.2987853124106035
correct_CP,O=C(C[C@H]1C[C@H]2c3cc(NS(=O)(=O)c4ccc(F)cc4)ccc3O[C@H]2[C@H](CO)O1)NCc1ccc(Cl)cc1,10.0966,0.09299515656287895,0.09326463333943685,-0.017411212063946198,0.11067584540338304,0.3548334568716752
correct_CP,O=C(C[C@H]1C[C@H]2c3cc(NS(=O)(=O)c4ccccc4)ccc3O[C@H]2[C@@H](CO)O1)N1CCOCC1,9.94068,-0.08298825934679296,-0.08317956528823878,-0.13775320390231718,0.05457363861407841,0.18626881485249527
correct_CP,O=C(C[C@H]1C[C@H]2c3cc(NS(=O)(=O)c4ccccc4)ccc3O[C@H]2[C@@H](CO)O1)NCC1CC1,10.0178,0.004724104763681139,0.004724139907028171,0.014799363005686532,-0.01007522309865836,0.1744385791855394
correct_CP,O=C(Cc1ccccc1)N[C@H]1C=C[C@@H](CC(=O)N2CCOCC2)O[C@@H]1CO,10.035,-0.22188996058716182,-0.22564306702336573,0.018057447285961786,-0.24370051430932752,0.11259273820217375
correct_CP,O=C(Cc1ccccc1)N[C@H]1C=C[C@H](CC(=O)N2CCOCC2)O[C@H]1CO,10.0276,-0.16042818417777327,-0.16182616073828335,-0.08495491452189216,-0.07687124621639119,-0.04992495030814173
correct_CP,O=C(Cc1ccccn1)NCC[C@@H]1CC[C@@H](NC(=O)c2ccccc2F)[C@@H](CO)O1,10.0347,-0.05689978181598581,-0.05696130734003059,-0.00250894330305502,-0.05445236403697557,0.05687166156125598
correct_CP,O=C(Cc1ccccn1)NCC[C@@H]1CC[C@H](NC(=O)Nc2ccc(Cl)cc2)[C@@H](CO)O1,10.041,0.5555875733276041,0.6264277968595587,0.07918548540213313,0.5472423114574256,0.08119915381239459
correct_CP,O=C(Cc1ccccn1)NCC[C@@H]1CC[C@H](NC(=O)Nc2ccc(Cl)cc2)[C@H](CO)O1,10.1029,0.5613748166958618,0.6348383765386637,0.07830878143029145,0.5565295951083723,0.9395307248627289
correct_CP,O=C(Cc1ccccn1)N[C@@H]1CC[C@@H](CCNC(=O)c2cc(Cl)cc(Cl)c2)O[C@H]1CO,10.057,-0.22981387557733687,-0.2339929552899605,-0.035192519453196056,-0.19880043583676443,-0.045607624061650975
correct_CP,O=C(Cc1ccccn1)N[C@@H]1CC[C@@H](CCn2cc(-c3ccccc3)nn2)O[C@H]1CO,10.0553,0.0578363328598873,0.05790095090883551,0.08847579776943144,-0.03057484686059593,0.02992164175904495
correct_CP,O=C(Cc1ccccn1)N[C@H]1CC[C@@H](CCNC(=O)c2cc(Cl)cc(Cl)c2)O[C@@H]1CO,10.03,-0.18793615155692042,-0.19019689291982236,0.04721512199623196,-0.23741201491605432,0.14126187027212028
correct_CP,O=C(Cc1ccccn1)N[C@H]1CC[C@H](CCNC(=O)c2cc(Cl)cc(Cl)c2)O[C@H]1CO,9.9083,0.4226710808973176,0.4509396360030161,0.07759084745547606,0.37334878854754006,-0.03263025597726855
correct_CP,O=C(Cc1ccccn1)N[C@H]1CC[C@H](CCn2cc(-c3ccccc3)nn2)O[C@@H]1CO,10.0251,0.5205810812223389,0.5771365231964024,0.12416368664749416,0.45297283654890824,0.36200341686749077
correct_CP,O=C(Cc1cccnc1)N[C@H]1CC[C@@H](CCNS(=O)(=O)c2ccccc2Cl)O[C@H]1CO,9.94791,0.15368147024643383,0.1549087925979609,0.07194823284140162,0.08296055975655928,0.024722553137165898
correct_CP,O=C(Cc1ccncc1)NCC[C@@H]1CC[C@@H](NC(=O)Nc2cccc(F)c2)[C@H](CO)O1,10.1054,-0.292917178442344,-0.30175425941440404,-0.04201745034391863,-0.2597368090704854,0.04724751084475597
correct_CP,O=C(Cc1ccncc1)NCC[C@@H]1CC[C@H](NC(=O)Nc2cccc(F)c2)[C@@H](CO)O1,10.0223,0.08479263826358047,0.08499673322656016,0.0562083490103765,0.02878838421618366,0.025133878932049734
correct_CP,O=C(Cc1ccncc1)NCC[C@H]1CC[C@H](NC(=O)Nc2cccc(F)c2)[C@H](CO)O1,9.93299,0.31925376791173,0.33081596589323103,0.12113852346015469,0.20967744243307634,0.20709311931186108
correct_CP,O=C(Cc1ccncc1)NCC[C@H]1CC[C@H](NS(=O)(=O)c2ccccc2Cl)[C@H](CO)O1,10.0637,0.10973696180725791,0.11018066364396441,0.008120997471704137,0.10205966617226027,-0.0032644172902149687
correct_CP,O=C(Cc1ccncc1)N[C@@H]1CC[C@@H](CCn2cc(-c3ccccc3F)nn2)O[C@@H]1CO,9.96734,0.20043108782485558,0.20318164423460122,0.04929019201411014,0.15389145222049108,-0.18860305816818138
correct_CP,O=C(Cc1ccncc1)Nc1ccc2c(c1)[C@@H]1C[C@@H](CC(=O)N3CCc4ccccc4C3)O[C@@H](CO)[C@@H]1O2,10.2233,0.06498867149682601,0.06508039786665269,0.024649729232254367,0.04043066863439833,-0.028846333860189498
correct_CP,O=C(Cc1ccncc1)Nc1ccc2c(c1)[C@@H]1C[C@H](CC(=O)N3CCc4ccccc4C3)O[C@@H](CO)[C@@H]1O2,9.99644,-0.003283153076202717,-0.003283164872751019,0.05588862897227441,-0.059171793845025425,0.25945826172473735
correct_CP,O=C(Cn1ccnc1)c1ccc(O)c(O)c1,20.0,0.27897810837938436,0.2865735927748588,0.06784622643561987,0.2187273663392389,0.12716731083728222
correct_CP,O=C(Cn1nnc(-c2ccncc2)n1)N1CCc2ccccc21,10.0,0.42110129707411736,0.44902995041222765,-0.03912819113429436,0.48815814154652204,0.12381244245433878
correct_CP,O=C(NC(NC(=S)Nc1ccc(F)c([N+](=O)[O-])c1)C(Cl)(Cl)Cl)C(c1ccccc1)c1ccccc1,10.0,0.6315877322418162,0.7440531423166132,0.271942596063343,0.47211054625327026,0.5911129163369291
correct_CP,O=C(NC1CCC1)[C@H]1[C@H](CO)[C@H]2Cn3c(ccc(-c4ccc(F)cc4)c3=O)[C@H]2N1Cc1ccccn1,10.1209,-0.36813308658012456,-0.3862617935112138,0.033626278570148,-0.4198880720813618,0.0765410104736777
correct_CP,O=C(NC1CCCC1)[C@@H]1[C@@H](CO)[C@@H]2Cn3c(ccc(C4=CCCC4)c3=O)[C@H]1N2C(=O)c1ccccc1,9.98508,0.18014067760534644,0.1821280805890782,0.07544481811774775,0.10668326247133045,-0.19993546392616854
correct_CP,O=C(NC1CCCC1)[C@H]1[C@H](CO)[C@H]2Cn3c(ccc(C4=CCCC4)c3=O)[C@@H]1N2C(=O)c1ccccc1,10.1502,0.2557570560756481,0.26156319128169003,0.1156252917176116,0.14593789956407843,-0.18857168756745757
correct_CP,O=C(NC1CCCCC1)C(c1ccccc1F)N(Cc1ccco1)C(=O)Cn1nnc2ccccc21,10.0,0.4611670757685693,0.4987926065414475,0.09420152388374915,0.4045910826576984,0.11234388136755898
correct_CP,O=C(NC1CCCCC1)N1CCc2ccccc21,10.0,0.5163364874835547,0.5713315280760733,0.15884794124989274,0.4124835868261806,-0.0746411962846181
correct_CP,O=C(NC1CCCCC1)N[C@@H]1CC[C@@H](CCNS(=O)(=O)c2ccc(Cl)cc2)O[C@@H]1CO,10.067,0.001842885211942082,0.001842887298231165,0.11522093779116992,-0.11337805049293875,-0.0693228553424078
correct_CP,O=C(NC1CCCCC1)N[C@H]1CC[C@@H](CCNS(=O)(=O)c2ccc(Cl)cc2)O[C@@H]1CO,9.99186,0.4216145391686293,0.4496539852310731,0.14713179692983974,0.30252218830123334,0.10392011810541962
correct_CP,O=C(NC1CCCCC1)N[C@H]1CC[C@H](CCNS(=O)(=O)c2ccc(Cl)cc2)O[C@@H]1CO,10.0553,-0.146825045854019,-0.14789397128818893,-0.020699437263210253,-0.12719453402497868,-0.08563640098471703
correct_CP,O=C(NC1Cc2ccccc2C1)[C@@H]1N[C@@H]2c3cccc(=O)n3C[C@@H]2[C@H]1CO,9.98167,-0.23943224491648593,-0.2441717431001712,-0.04970276791887977,-0.19446897518129141,0.03742969794985241
correct_CP,O=C(NC1Cc2ccccc2C1)[C@H]1[C@H](CO)[C@H]2Cn3c(cccc3=O)[C@H]2N1C(=O)c1cnccn1,9.84123,0.21809122739107267,0.22165113506431913,-0.03975209200755526,0.2614032270718744,-0.08602101596643338
correct_CP,O=C(NCC(F)(F)F)[C@@H]1[C@@H](CO)[C@@H]2Cn3c(cccc3=O)[C@@H]2N1C(=O)C1CC1,10.0653,-0.13621957510883717,-0.1370716349516002,-0.012637127530105142,-0.12443450742149507,0.31362640591444374
correct_CP,O=C(NCC(F)(F)F)[C@@H]1[C@@H](CO)[C@@H]2Cn3c(cccc3=O)[C@@H]2N1Cc1cccc(F)c1,10.049,0.017103624313028774,0.017105292402832328,-0.07049232908443821,0.08759762148727054,-0.20304211165185004
correct_CP,O=C(NCC(F)(F)F)[C@@H]1[C@@H](CO)[C@@H]2Cn3c(cccc3=O)[C@H]1N2CC1CCOCC1,10.0459,0.45022172708534114,0.48497834108351767,-0.049256553943555374,0.534234895027073,0.16212387985002513
correct_CP,O=C(NCC(F)(F)F)[C@H]1[C@H](CO)[C@H]2Cn3c(cccc3=O)[C@H]2N1Cc1cccc(F)c1,10.0908,0.23721476686732249,0.2418207308415996,-0.03702689632920116,0.27884762717080075,0.08859919819001341
correct_CP,O=C(NCC1CC1)[C@@H]1N[C@@H]2c3ccc(C4=CCCCC4)c(=O)n3C[C@@H]2[C@H]1CO,10.0021,-0.3104917340228201,-0.3210895148594886,0.10595572495723089,-0.4270452398167195,0.041511910093100915
correct_CP,O=C(NCC1CC1)[C@@H]1[C@@H](CO)[C@@H]2Cn3c(ccc(-c4cccc(F)c4)c3=O)[C@@H]2N1CC1CCOCC1,9.97662,0.17429023466869598,0.17608792518909933,-4.353065162690517e-05,0.17613145584072623,-0.19303723492940664
correct_CP,O=C(NCC1CC1)[C@@H]1[C@@H](CO)[C@@H]2Cn3c(ccc(-c4ccncc4)c3=O)[C@H]1N2Cc1nccs1,10.0785,-0.4436075082114494,-0.47671325404966713,-0.11772546435883663,-0.3589877896908305,0.4552576178323569
correct_CP,O=C(NCC1CC1)[C@H]1[C@H](CO)[C@H]2Cn3c(ccc(-c4cccc(F)c4)c3=O)[C@H]2N1CC1CCOCC1,10.0274,0.038782244709268054,0.03880170591484932,0.029051088757287593,0.009750617157561727,0.07835304470308159
correct_CP,O=C(NCC1CC1)[C@H]1[C@H](CO)[C@H]2Cn3c(ccc(-c4ccccc4F)c3=O)[C@@H]1N2Cc1cccnc1,10.0243,0.027887604053757738,0.027894836997332036,0.028404205500818642,-0.0005093685034866062,0.01653812014355038
correct_CP,O=C(NCC1CC1)[C@H]1[C@H](CO)[C@H]2Cn3c(ccc(C4=CCCC4)c3=O)[C@@H]1N2CCC(F)(F)F,9.99778,-0.15834883557690774,-0.15969260905429017,0.00861019401192464,-0.1683028030662148,-0.212933182540575
correct_CP,O=C(NCCCN1CCOCC1)c1cc2ccccc2oc1=O,10.0,0.38438480126700236,0.40519452108530574,0.18142281897573548,0.22377170210957026,0.0714790043789772
correct_CP,O=C(NCCCNCc1ccccc1)c1ccccn1,10.0,0.4964096589694655,0.5445304175577319,0.13762716479544798,0.4069032527622839,0.2104621134120964
correct_CP,O=C(NCCN1CCCCC1)[C@@H]1N[C@@H]2c3ccc(-c4cccnc4)c(=O)n3C[C@@H]2[C@H]1CO,9.98998,0.18768156733059832,0.18993300063908958,-0.02410136283664788,0.21403436347573745,0.11557953773859575
correct_CP,O=C(NCCN1CCCCC1)[C@@H]1[C@@H](CO)[C@@H]2Cn3c(cccc3=O)[C@@H]2N1Cc1ccccn1,9.9049,0.32052603158956183,0.33223326101895584,0.01729401849809933,0.31493924252085653,0.23359938504779906
correct_CP,O=C(NCCN1CCOCC1)c1cc2c(=O)n3ccccc3nc2n1Cc1ccccc1,10.0,0.5209536804850632,0.5776477726405641,0.009116612105758282,0.5685311605348058,0.2319477898884231
correct_CP,O=C(NCC[C@@H]1CC[C@@H](NC(=O)c2cccnc2)[C@H](CO)O1)Nc1ccc(C(F)(F)F)cc1,10.2174,0.28161766480989775,0.2894382160187735,-0.1021277444377253,0.39156596045649883,-0.35710859495147207
correct_CP,O=C(NCC[C@@H]1CC[C@@H](NS(=O)(=O)c2ccc(F)cc2)[C@@H](CO)O1)Nc1ccc(Cl)cc1,9.90708,-0.013258567388895921,-0.013259344376976068,-0.08811823059242437,0.0748588862154483,-0.18450339842888364
correct_CP,O=C(NCC[C@@H]1CC[C@@H](NS(=O)(=O)c2ccc(F)cc2)[C@H](CO)O1)Nc1ccc(Cl)cc1,10.1096,-0.08502209909678152,-0.08522786031637868,-0.07528986560919028,-0.009937994707188397,-0.1864569187233877
correct_CP,O=C(NCC[C@@H]1CC[C@@H](NS(=O)(=O)c2ccccc2)[C@@H](CO)O1)c1cc(Cl)cc(Cl)c1,10.0348,-0.008171855224592703,-0.008172037135248125,-0.041727778914598536,0.03355574177935041,-0.07138007926042708
correct_CP,O=C(NCC[C@@H]1CC[C@H](NC(=O)C2CCC2)[C@H](CO)O1)c1cnccn1,10.0683,0.01868753214644797,0.018689707979733752,-0.031606564831979135,0.05029627281171289,0.0944406916399555
correct_CP,O=C(NCC[C@@H]1CC[C@H](NC(=O)C2CCCCC2)[C@@H](CO)O1)c1ccc(F)cc1,10.0264,0.7138869350889779,0.8950660334513484,0.02320122110238715,0.8718648123489612,-0.4808749856172582
correct_CP,O=C(NCC[C@@H]1CC[C@H](NC(=O)c2ccccc2F)[C@@H](CO)O1)c1ccc2c(c1)OCO2,10.005,-0.20057351959056818,-0.2033300417551194,0.01977647620559778,-0.22310651796071718,0.14592597800086946
correct_CP,O=C(NCC[C@@H]1CC[C@H](NC(=O)c2ccccc2F)[C@H](CO)O1)c1ccc2c(c1)OCO2,10.087,-0.05184322780474014,-0.051889749548340386,-0.011403603785278299,-0.04048614576306209,-0.03888298119017567
correct_CP,O=C(NCC[C@@H]1CC[C@H](NS(=O)(=O)c2ccccc2F)[C@@H](CO)O1)c1ccc(F)cc1,10.0613,-0.11932504190653723,-0.11989626507994078,0.023286797379725076,-0.14318306245966586,0.06553785013020089
correct_CP,O=C(NCC[C@H]1CC[C@@H](NC(=O)C2CCCCC2)[C@@H](CO)O1)Nc1ccc(Cl)cc1,10.0343,0.36871983127341146,0.38694069037671497,-0.1569257413507747,0.5438664317274897,0.16205169878974734
correct_CP,O=C(NCC[C@H]1CC[C@@H](NC(=O)C2CCCCC2)[C@H](CO)O1)Nc1ccc(Cl)cc1,10.1258,0.5639839467590239,0.6386562974003753,-0.11006448889537959,0.7487207862957549,-0.24440224619629944
correct_CP,O=C(NCC[C@H]1CC[C@@H](NC(=O)C2CCOCC2)[C@H](CO)O1)c1cc(Cl)cc(Cl)c1,10.0724,0.7231385926767744,0.9141928118644337,0.03992887079345603,0.8742639410709776,0.43245340222009393
correct_CP,O=C(NCC[C@H]1CC[C@@H](NC(=O)c2cnccn2)[C@H](CO)O1)Nc1ccc(Cl)cc1,10.1576,0.4565228052112261,0.49290974402457155,0.05308002696948716,0.4398297170550844,0.0647300697888034
correct_CP,O=C(NCC[C@H]1CC[C@@H](NS(=O)(=O)c2ccc(F)cc2)[C@@H](CO)O1)Nc1ccc(Cl)cc1,10.0347,0.14647813770961987,0.14753943830927194,-0.070577814841895,0.21811725315116692,0.02994625099332164
correct_CP,O=C(NCC[C@H]1CC[C@H](NC(=O)C2CCC2)[C@H](CO)O1)c1cnccn1,10.2331,0.13898849725025142,0.13989400015588485,-0.0013832852156209566,0.1412772853715058,0.15267543912483625
correct_CP,O=C(NCC[C@H]1CC[C@H](NC(=O)C2CCCCC2)[C@H](CO)O1)Nc1ccc(Cl)cc1,10.0124,0.2560993684189005,0.2619294963357713,0.0297786113235369,0.23215088501223438,0.19715133122946774
correct_CP,O=C(NCC[C@H]1CC[C@H](NC(=O)c2ccc3c(c2)OCO3)[C@@H](CO)O1)Nc1cc(F)ccc1F,9.96386,0.09658281683918614,0.09688482488690285,-0.14059240030136394,0.2374772251882668,-0.06507623211165478
correct_CP,O=C(NCC[C@H]1CC[C@H](NC(=O)c2cccnc2)[C@H](CO)O1)Nc1ccc(C(F)(F)F)cc1,10.1539,0.21980982331199514,0.2234562684066257,-0.04698901733222241,0.2704452857388481,0.060205113810283734
correct_CP,O=C(NCC[C@H]1CC[C@H](NS(=O)(=O)c2cccc(F)c2)[C@@H](CO)O1)C1CC1,10.0113,0.24631473036121848,0.2514856967211573,-0.09343833576043135,0.34492403248158865,-0.09430372256826287
correct_CP,O=C(NCC[C@H]1CC[C@H](NS(=O)(=O)c2ccccc2F)[C@@H](CO)O1)c1ccc(F)cc1,10.0099,0.24915449791819624,0.25451114604742214,-0.0601037373132016,0.31461488336062376,0.17470518838524987
correct_CP,O=C(NCCc1ccc2c(c1)OCCO2)c1ccccc1F,10.0,0.6394688761479373,0.7572746620626524,0.13195406581052904,0.6253205962521233,0.08164086936962853
correct_CP,O=C(NCCc1ccncc1)[C@@H]1[C@@H](CO)[C@@H]2Cn3c(ccc(-c4ccc(F)cc4)c3=O)[C@H]1N2,10.0286,-0.12786658072212012,-0.12857036479831543,-0.015556680663339845,-0.11301368413497559,0.0009931441376599022
correct_CP,O=C(NCCc1nc2ccccc2[nH]1)c1cc([N+](=O)[O-])cc([N+](=O)[O-])c1,10.0,0.09006469026606133,0.0903094067752573,0.04452328675978259,0.045786120015474704,-0.08570329185571798
correct_CP,O=C(NCCc1nc2ccccc2[nH]1)c1ccc(Cl)c([N+](=O)[O-])c1,10.0,0.18304331945817306,0.18512970537707954,0.010500607424218737,0.1746290979528608,-0.015807462285483177
correct_CP,O=C(NCSc1ccncn1)c1ccccc1,10.0,0.405866611347444,0.4306526713386137,0.11622677580165174,0.31442589553696193,-0.03654387842524201
correct_CP,O=C(NCc1ccc(F)cc1)[C@@H]1[C@@H](CO)[C@@H]2Cn3c(cccc3=O)[C@H]1N2C(=O)Cc1ccccn1,10.1196,0.1102992867154317,0.11074987833547792,-0.055250101508669956,0.16599997984414788,0.14606130298940811
correct_CP,O=C(NCc1ccc(F)cc1)[C@H]1[C@H](CO)[C@H]2Cn3c(ccc(C4=CCCCC4)c3=O)[C@@H]1N2,9.98574,0.5955068510362582,0.6861559701886384,0.015372853832837208,0.6707831163558011,0.5496682105793744
correct_CP,O=C(NCc1ccccc1)[C@H]1[C@H](CO)[C@H]2Cn3c(ccc(-c4cccc(F)c4)c3=O)[C@@H]1N2,10.0354,-0.42940304850166783,-0.45916454567869713,-0.0007436121494457486,-0.4584209335292514,0.09441778704571452
correct_CP,O=C(NCc1ccccn1)C(=O)Nc1nc(-c2ccccc2)cs1,10.0,0.17346696106423734,0.1752389848669892,0.08853562870262402,0.08670335616436517,-0.031864370442492955
correct_CP,O=C(NCc1ccccn1)[C@H]1[C@H](CO)[C@H]2Cn3c(ccc(C4=CCCC4)c3=O)[C@@H]1N2Cc1cccnc1,10.0562,0.35785557062904483,0.37442435086803766,0.008481651587527013,0.36594269928051065,-0.16797945731475777
correct_CP,O=C(NCc1ccncn1)[C@H]1[C@H](CO)[C@H]2Cn3c(cccc3=O)[C@@H]1N2CC1CC1,10.0165,0.005379795329321137,0.0053798472312559225,0.036643293937718945,-0.03126344670646302,-0.1254908478351212
correct_CP,O=C(NN=C(S)Nc1ccc(F)cc1)c1ccccc1OC(F)F,10.0,0.2743773519978241,0.2815914379148351,0.027466120267289507,0.2541253176475456,0.040956203418589146
correct_CP,O=C(NN=C1CCCC1C(=O)C(F)(F)F)c1ccccc1O,10.0,0.06756154839727528,0.06766462716125159,0.047870960614694855,0.019793666546556732,-0.024585755534413313
correct_CP,O=C(NN=Cc1cc2c(cc1Br)OCO2)c1cc2ccccc2o1,10.0,0.0521256432403912,0.052172930248188816,0.0664457376498512,-0.01427280740166239,0.12052589395182287
correct_CP,O=C(NN=Cc1cccs1)c1cccc2cc[nH]c12,10.0,0.22099069726391138,0.2246974337194549,0.0212749995759991,0.2034224341434558,-0.24121252985011235
correct_CP,O=C(NNC(=S)NC(=O)c1ccccc1[N+](=O)[O-])c1ccccc1Cl,10.0,0.40486155777318256,0.42944999351397006,0.04022426741387568,0.38922572610009437,0.18692632340739607
correct_CP,O=C(NNc1c(Cl)cc(Cl)cc1Cl)c1cccc([N+](=O)[O-])c1,10.0,0.346047995835901,0.3609471035289044,-0.07472365814051504,0.4356707616694194,-0.19759977066154058
correct_CP,O=C(NNc1nc2ccccc2s1)c1ccc(F)cc1,10.0,0.040039033004709595,0.040060449455528495,0.3418691646358102,-0.3018087151802817,-0.21547643885031778
correct_CP,O=C(N[C@@H]1C=C[C@@H](CC(=O)N2CCCCC2)O[C@H]1CO)c1ccc2c(c1)OCO2,10.0542,-0.26421723917008355,-0.27063675656366876,0.013485727606129205,-0.28412248416979796,0.12210945179112362
correct_CP,O=C(N[C@@H]1C=C[C@@H](CC(=O)N2CCOCC2)O[C@@H]1CO)c1cccc(F)c1,9.97418,-0.20641366683844675,-0.20942249564926357,-0.1031306499375804,-0.10629184571168318,0.10615193619353433
correct_CP,O=C(N[C@@H]1C=C[C@@H](CC(=O)N2CCc3ccccc3C2)O[C@@H]1CO)C1CC1,10.014834,0.26522951049820376,0.27172531233014274,-0.15352249372466806,0.42524780605481083,-0.037853013108822386
correct_CP,O=C(N[C@@H]1C=C[C@H](CC(=O)N2CCC(Cc3ccccc3)CC2)O[C@@H]1CO)c1cnccn1,10.0345,0.49537581147082677,0.543159431019938,0.03803610943082392,0.5051233215891141,0.902870558296186
correct_CP,O=C(N[C@@H]1CC[C@@H](CC(=O)N2CCOCC2)O[C@@H]1CO)c1cccc(F)c1,9.96992,0.08557863078044514,0.08578847110438763,0.02391078334355667,0.061877687760830954,0.23621178827655814
correct_CP,O=C(N[C@@H]1CC[C@@H](CC(=O)N2CCOCC2)O[C@@H]1CO)c1ccccn1,9.9398,0.5027502443330404,0.5529798890722581,0.12413159858219758,0.42884829049006057,0.06754749531187565
correct_CP,O=C(N[C@@H]1CC[C@@H](CC(=O)N2CCOCC2)O[C@H]1CO)c1ccccn1,10.0649,0.16725237174019286,0.16883861838267541,-0.00825891752586853,0.17709753590854393,-0.17084905811817652
correct_CP,O=C(N[C@@H]1CC[C@@H](CCNC(=O)C2CCCCC2)O[C@@H]1CO)c1ccccn1,10.0473,-0.11220605536318479,-0.1126805437460493,-0.059492318922571535,-0.053188224823477764,0.16171526960941252
correct_CP,O=C(N[C@@H]1CC[C@@H](CCNC(=O)c2ccccc2F)O[C@@H]1CO)c1cnccn1,10.0036,-0.09166673714060784,-0.09192479155714052,0.023078606051065844,-0.11500339760820637,-0.1561548847768048
correct_CP,O=C(N[C@@H]1CC[C@@H](CCNS(=O)(=O)Cc2ccccc2)O[C@@H]1CO)c1cnccn1,10.0141,0.11880224397665123,0.1193659493006794,-0.040521136542396446,0.15988708584307584,0.1437138720361131
correct_CP,O=C(N[C@@H]1CC[C@@H](CCNS(=O)(=O)c2ccc(F)cc2)O[C@@H]1CO)C1CCOCC1,10.1337,-0.4522275894951177,-0.4874970168964745,-0.1422976692059785,-0.345199347690496,0.06242770851869063
correct_CP,O=C(N[C@@H]1CC[C@@H](CCn2cc(-c3ccccn3)nn2)O[C@@H]1CO)c1ccc(F)cc1,10.0807,-0.11379272461078235,-0.1142877353563698,-0.051784241445545054,-0.06250349391082474,-0.16740664854243797
correct_CP,O=C(N[C@@H]1CC[C@@H](CCn2cc(C3(O)CCCC3)nn2)O[C@H]1CO)c1ccccc1F,9.9734,-0.38811722557292344,-0.4095814374268564,-0.018268801479940224,-0.3913126359469162,0.4121307362077663
correct_CP,O=C(N[C@@H]1CC[C@H](CC(=O)N2CCN(c3ccccc3)CC2)O[C@H]1CO)c1ccccc1,10.0296,-0.694419215200755,-0.8564405684245335,0.06489160646499065,-0.9213321748895242,-0.38975520958913834
correct_CP,O=C(N[C@@H]1CC[C@H](CC(=O)N2CCOCC2)O[C@@H]1CO)c1ccccn1,9.86744,0.37702352877405004,0.3965854171914125,0.14448347569040162,0.25210194150101084,0.22141206276326822
correct_CP,O=C(N[C@@H]1CC[C@H](CCNC(=O)C2CCCCC2)O[C@H]1CO)c1ccccn1,10.0304,0.029493950165134734,0.02950250682615132,-0.058813967593169786,0.08831647441932111,-0.08159845172054866
correct_CP,O=C(N[C@@H]1CC[C@H](CCNS(=O)(=O)Cc2ccccc2)O[C@@H]1CO)c1ccc2c(c1)OCO2,10.0522,0.16622129012934278,0.16777805167082732,-0.03435063022236301,0.20212868189319033,0.10667763616507488
correct_CP,O=C(N[C@@H]1CC[C@H](CCNS(=O)(=O)Cc2ccccc2)O[C@H]1CO)c1cnccn1,10.068,0.24770746331798146,0.2529689286050115,-0.03740857986523059,0.29037750847024213,0.0944862441369787
correct_CP,O=C(N[C@@H]1CC[C@H](CCn2cc(-c3ccccc3F)nn2)O[C@@H]1CO)c1ccc2c(c1)OCO2,10.0324,0.3101873450665395,0.3207526856679223,-0.0669927477655193,0.3877454334334416,0.03581340325732789
correct_CP,O=C(N[C@@H]1CC[C@H](CCn2cc(Cc3ccccc3)nn2)O[C@H]1CO)c1ccccn1,10.0615,0.013207873762767828,0.013208641871909397,0.007923778632756132,0.005284863239153266,0.16307813513613378
correct_CP,O=C(N[C@H]1C=C[C@@H](CC(=O)N2CCC(Cc3ccccc3)CC2)O[C@H]1CO)c1cnccn1,10.0337,0.08689070063686119,0.08711037135840216,-0.05233793284226857,0.13944830420067073,-0.3308445358359857
correct_CP,O=C(N[C@H]1C=C[C@@H](CC(=O)N2CCOCC2)O[C@H]1CO)c1cccc(F)c1,10.0021,0.29874093484568115,0.3081365892961818,0.055610477328007585,0.2525261119681742,0.3081721112136022
correct_CP,O=C(N[C@H]1C=C[C@H](CC(=O)N2CCCCC2)O[C@H]1CO)c1ccc2c(c1)OCO2,9.98452,0.17290700764989672,0.174661717018829,0.02160065322558897,0.15306106379324003,-0.05456784756658852
correct_CP,O=C(N[C@H]1C=C[C@H](CC(=O)N2CCCCC2)O[C@H]1CO)c1ccccn1,10.0549,0.26223043295246196,0.26850204191360383,-0.00012693382784172494,0.26862897574144556,-0.06574322423846436
correct_CP,O=C(N[C@H]1C=C[C@H](CC(=O)N2CCN(c3ccccc3)CC2)O[C@@H]1CO)c1ccncc1,10.0121,0.6675579482771377,0.8063249822009482,0.056107783001312535,0.7502171991996356,0.24889181217442624
correct_CP,O=C(N[C@H]1C=C[C@H](CC(=O)N2CCc3ccccc3C2)O[C@@H]1CO)C1CC1,10.143,0.3023873860967205,0.3121451778955087,0.024904421596362136,0.2872407562991466,0.24895994504669
correct_CP,O=C(N[C@H]1CC[C@@H](CC(=O)N2CCN(c3ccccc3)CC2)O[C@@H]1CO)c1ccccc1,10.082,-0.14911927532381183,-0.15023956033448133,-0.1439822729922247,-0.006257287342256612,-0.2484860401387482
correct_CP,O=C(N[C@H]1CC[C@@H](CC(=O)N2CCOCC2)O[C@@H]1CO)c1ccccn1,10.0774,0.6407285919268823,0.7594087856655782,0.06209619032118003,0.6973125953443982,0.6722678369390966
correct_CP,O=C(N[C@H]1CC[C@@H](CC(=O)N2CCc3ccccc3C2)O[C@@H]1CO)C1CCOCC1,10.0293,0.09292660930265696,0.09319548854886933,-0.010035912739071109,0.10323140128794044,-0.04091485858998909
correct_CP,O=C(N[C@H]1CC[C@@H](CC(=O)N2CCc3ccccc3C2)O[C@H]1CO)C1CCOCC1,10.1753,0.04117510462763824,0.04119839760309145,0.07656169061156515,-0.0353632930084737,0.06484853749194047
correct_CP,O=C(N[C@H]1CC[C@@H](CCNC(=O)c2cnccn2)O[C@H]1CO)c1ccc2c(c1)OCO2,9.93443,-0.15601299661817844,-0.15729759813886168,-0.10128754052546446,-0.056010057613397224,0.10013045300892147
correct_CP,O=C(N[C@H]1CC[C@@H](CCNS(=O)(=O)Cc2ccccc2)O[C@H]1CO)c1ccc2c(c1)OCO2,10.1605,0.32460554598554675,0.33678654822333376,0.00169769707327104,0.3350888511500627,0.1611212082726971
correct_CP,O=C(N[C@H]1CC[C@@H](CCn2cc(-c3cccnc3)nn2)O[C@H]1CO)c1ccccc1F,10.0186,-0.282441675396608,-0.29033343288066316,0.016675002499474643,-0.3070084353801378,-0.35400028576391496
correct_CP,O=C(N[C@H]1CC[C@@H](CCn2cc(C3CC3)nn2)O[C@H]1CO)c1cccnc1,10.073,0.3661834473492778,0.3840083814776257,-0.010320107891264502,0.3943284893688902,0.04285957966570207
correct_CP,O=C(N[C@H]1CC[C@@H](CCn2cc(Cc3ccccc3)nn2)O[C@@H]1CO)c1ccccn1,10.0312,-0.1372245415747994,-0.1380957451210582,0.0028075241813062465,-0.14090326930236446,-0.2559816733030246
correct_CP,O=C(N[C@H]1CC[C@H](CCNS(=O)(=O)c2cccc(Cl)c2)O[C@@H]1CO)c1ccncc1,10.0288,0.1220453511238661,0.12265678281093706,-0.01613591263867973,0.13879269544961678,-0.005054493509943744
correct_CP,O=C(N[C@H]1CC[C@H](CCNS(=O)(=O)c2ccccc2)O[C@H]1CO)c1cccnc1,10.1115,0.4362599206048417,0.467602221649474,0.07662015547283248,0.39098206617664155,0.06384420986425803
correct_CP,O=C(N[C@H]1CC[C@H](CCn2cc(C3(O)CCCC3)nn2)O[C@H]1CO)c1ccccc1F,10.2217,-0.1483462254977448,-0.14944902264039467,-0.020561936407957,-0.12888708623243766,0.03541480450421299
correct_CP,O=C(N[C@H]1CN2CCC1CC2)c1ccc(Cl)cc1,10.0,0.05000324588937882,0.05004498330346064,-0.07383269699605165,0.1238776802995123,-0.009153488708976074
correct_CP,O=C(Nc1cc(F)ccc1F)N[C@H]1CC[C@@H](CCNC(=O)c2cnccn2)O[C@H]1CO,10.0039,0.5714751553229754,0.6497106648243687,-0.13104165460039086,0.7807523194247595,-0.08842819758558843
correct_CP,O=C(Nc1cc(F)ccc1F)N[C@H]1CC[C@H](CCNC(=O)c2cnccn2)O[C@@H]1CO,10.0598,0.42118490453351193,0.44913158370638884,-0.07997026396646155,0.5291018476728504,-0.4285907758580273
correct_CP,O=C(Nc1cc(Sc2ccccn2)cc([N+](=O)[O-])c1)c1cccc(Cl)c1,10.0,0.07835257297092688,0.07851350494166882,0.0763310956819653,0.002182409259703519,-0.20230156848199554
correct_CP,O=C(Nc1ccc(-c2nc3ccccc3o2)cc1)c1ccc(N2C(=O)C3C4C=CC(C4)C3C2=O)cc1,10.0,-0.032369403677508686,-0.03238071610963898,0.025911188800938727,-0.05829190491057771,-0.052851477076738665
correct_CP,O=C(Nc1ccc(C(F)(F)F)cc1)N[C@@H]1CC[C@@H](CCNC(=O)c2ccccc2F)O[C@H]1CO,10.0997,0.10503666855963287,0.10542552532013934,-0.04448355002871165,0.14990907534885098,0.041184277968663786
correct_CP,O=C(Nc1ccc(C(F)(F)F)cc1)N[C@H]1C=C[C@H](CC(=O)N2CCCCC2)O[C@H]1CO,9.98224,0.2360660435020689,0.24060386439433856,0.008526698945922277,0.23207716544841628,-0.14604140603083407
correct_CP,O=C(Nc1ccc(C(F)(F)F)cc1)Nc1ccc2c(c1)[C@@H]1C[C@H](CC(=O)N3CCc4ccccc4C3)O[C@@H](CO)[C@@H]1O2,10.0089,0.15275947228422387,0.15396462889107043,-0.27509744675358266,0.4290620756446531,0.413917896223407
correct_CP,O=C(Nc1ccc(Cl)c(Cl)c1)C1CC(=O)N(c2ccc(Br)cc2)C1,10.0,0.13964642332767194,0.14056494894243568,0.07374771593076387,0.0668172330116718,-0.08779247729787926
correct_CP,O=C(Nc1ccc(Cl)c(Cl)c1)N[C@@H]1CC[C@@H](CCn2cc(C3CCCCC3)nn2)O[C@@H]1CO,10.1242,0.0068333188900898826,0.006833425251963275,0.01234713263140126,-0.005513707379437985,-0.22091310667037417
correct_CP,O=C(Nc1ccc(Cl)c(Cl)c1)N[C@@H]1CC[C@H](CCn2cc(C3CCCCC3)nn2)O[C@@H]1CO,10.085,0.20227050904368266,0.2050987913393933,-0.06898495339890152,0.27408374473829483,0.26062200105270283
correct_CP,O=C(Nc1ccc(Cl)cc1)Nc1nnc(SCc2ccc(Cl)cc2)s1,10.0,0.20338262547625494,0.20625862172951304,0.30602593564972014,-0.0997673139202071,0.019566836563161494
correct_CP,O=C(Nc1ccc(F)cc1)N[C@@H]1CC[C@@H](CC(=O)N2CCOCC2)O[C@@H]1CO,9.98049,-0.21096972912423656,-0.21418603020371332,-0.09389903641060075,-0.12028699379311257,-0.035029482244112634
correct_CP,O=C(Nc1ccc(F)cc1)N[C@@H]1CC[C@@H](CC(=O)N2CCOCC2)O[C@H]1CO,9.98593,-0.12733353447743737,-0.1280284959535049,-0.11927470860048545,-0.00875378735301946,-0.13139561963065366
correct_CP,O=C(Nc1ccc(F)cc1)Nc1ccc2c(c1)OCO2,10.0,0.22843995770056044,0.2325429110534573,0.05860968873425487,0.17393322231920244,0.07668201725628151
correct_CP,O=C(Nc1ccc(F)cc1)Nc1ccc2c(c1)[C@@H]1C[C@H](CC(=O)N3CCOCC3)O[C@@H](CO)[C@@H]1O2,9.92091,-0.2678586074249719,-0.2745554829378796,-0.02808250935936969,-0.24647297357850995,0.005499503723116916
correct_CP,O=C(Nc1ccc(F)cc1)Nc1ccc2c(c1)[C@H]1C[C@@H](CC(=O)N3CCOCC3)O[C@@H](CO)[C@H]1O2,10.0027,0.0483072602523966,0.04834488942204486,-0.05839166939743358,0.10673655881947844,-0.07095559609905873
correct_CP,O=C(Nc1ccc(N2CCCC2)cc1)c1ccc2ccccc2c1,10.0,0.5948121178323545,0.6850801738481169,0.3154895676274141,0.36959060622070283,-0.1675387063053807
correct_CP,O=C(Nc1ccc(N2CCN(C(=O)c3ccco3)CC2)cc1)c1ccccc1F,10.0,0.3325636676867101,0.34570796605171533,0.06593741707335954,0.2797705489783558,-0.15001615532232815
correct_CP,O=C(Nc1ccc(N2CCOCC2)c(Cl)c1)c1ccco1,10.0,0.6924711179548274,0.8526879658654624,-0.03126147736051068,0.883949443225973,0.15572621285182164
correct_CP,O=C(Nc1ccc(Nc2ccccc2)cc1)C1CC1,10.0,0.4674426858692318,0.5067929856758568,-0.2024011839028761,0.7091941695787329,0.07910961949370586
correct_CP,O=C(Nc1ccc([N+](=O)[O-])cc1Cl)c1cc(Cl)ccc1O,10.0,0.509131093085365,0.561556114510648,-0.06659791125424509,0.6281540257648931,0.24231260836034363
correct_CP,O=C(Nc1ccc2c(c1)OCO2)N[C@@H]1CC[C@H](CC(=O)N2CCN(c3ccccc3)CC2)O[C@H]1CO,10.0056,0.07833453011541526,0.0784953506604055,-0.03593655361297855,0.11443190427338405,-0.001827691735486768
correct_CP,O=C(Nc1ccc2c(c1)OCO2)N[C@H]1CC[C@@H](CCNC(=O)C2CC2)O[C@@H]1CO,9.99166,-0.21443475911917015,-0.217815258974029,-0.07727775185110522,-0.1405375071229238,0.1268454355334296
correct_CP,O=C(Nc1ccc2c(c1)OCO2)c1cncc(Br)c1,10.0,0.4015676746886584,0.425516605996799,-0.04550146376579523,0.47101806976259425,0.0353773496732518
correct_CP,O=C(Nc1ccc2c(c1)[C@@H]1C[C@@H](CC(=O)N3CCOCC3)O[C@H](CO)[C@@H]1O2)Nc1ccccc1F,10.0867,-0.010735761890069922,-0.010736174374340287,0.1915580292022826,-0.2022942035766229,0.18028601415049167
correct_CP,O=C(Nc1ccc2c(c1)[C@@H]1C[C@@H](CC(=O)N3CCc4ccccc4C3)O[C@@H](CO)[C@@H]1O2)C1CCOCC1,9.93913,0.07612178309795545,0.0762693262846284,0.07649765713087,-0.00022833084624160338,0.18487631998062723
correct_CP,O=C(Nc1ccc2c(c1)[C@@H]1C[C@@H](CC(=O)N3CCc4ccccc4C3)O[C@H](CO)[C@@H]1O2)c1cccnc1,10.29,0.43179634847883436,0.4621026133933274,0.03486245364677969,0.4272401597465477,-0.0635095105131099
correct_CP,O=C(Nc1ccc2c(c1)[C@@H]1C[C@H](CC(=O)N3CCCCC3)O[C@@H](CO)[C@@H]1O2)C1CCOCC1,10.0711,0.2852457780107623,0.29338325392209197,0.027828694001035076,0.2655545599210569,0.05419114068030602
correct_CP,O=C(Nc1ccc2c(c1)[C@@H]1C[C@H](CC(=O)N3CCCCC3)O[C@@H](CO)[C@@H]1O2)NC1CCCC1,9.99641,0.11097786265693318,0.1114368636188235,0.015703100954512522,0.09573376266431098,-0.07010840404315487
correct_CP,O=C(Nc1ccc2c(c1)[C@@H]1C[C@H](CC(=O)N3CCCCC3)O[C@H](CO)[C@@H]1O2)C1CCOCC1,10.1036,0.14059928983249742,0.1415368992013744,0.040137202681942805,0.1013996965194316,0.08538801496410099
correct_CP,O=C(Nc1ccc2c(c1)[C@@H]1C[C@H](CC(=O)N3CCCCC3)O[C@H](CO)[C@@H]1O2)NC1CCCC1,9.9468,-0.29177097415189074,-0.3005009399101316,-0.012340102975452256,-0.28816083693467937,-0.1912574435245775
correct_CP,O=C(Nc1ccc2c(c1)[C@H]1C[C@@H](CC(=O)N3CCOCC3)O[C@@H](CO)[C@H]1O2)c1cccnc1,10.027,0.33126303247130995,0.3442463044234335,-0.01768323723315622,0.36192954165658975,0.35923526001885586
correct_CP,O=C(Nc1ccc2c(c1)[C@H]1C[C@@H](CC(=O)N3CCc4ccccc4C3)O[C@H](CO)[C@H]1O2)C1CCOCC1,9.63439,-0.19130534781015937,-0.19369175430870705,-0.2642388050997059,0.07054705079099882,0.2932267260340924
correct_CP,O=C(Nc1ccc2c(c1)[C@H]1C[C@H](CC(=O)N3CCc4ccccc4C3)O[C@H](CO)[C@H]1O2)c1ccc2c(c1)OCO2,10.0241,0.06237450953248214,0.062455589881306145,-0.022560430878994103,0.08501602076030025,0.08119953450343258
correct_CP,O=C(Nc1cccc(Cl)c1)N[C@@H]1CC[C@@H](CCNC(=O)C2CCOCC2)O[C@@H]1CO,9.940199,-0.32165855781663927,-0.3334959734223162,0.04372980890532431,-0.3772257823276405,0.22217134114506037
correct_CP,O=C(Nc1cccc(Cl)c1)N[C@H]1CC[C@@H](CCn2cc(Cc3ccccc3)nn2)O[C@H]1CO,10.0475,0.13181883125419494,0.13259039512928056,0.12488552518945256,0.007704869939827996,0.03892064841708101
correct_CP,O=C(Nc1cccc(F)c1)N[C@@H]1CC[C@H](CCNS(=O)(=O)c2cccc(Cl)c2)O[C@@H]1CO,10.0347,-0.12938393115388408,-0.13011324160416493,-0.010880983639751821,-0.11923225796441311,0.4344285967083385
correct_CP,O=C(Nc1cccc(F)c1)N[C@H]1CC[C@@H](CCNS(=O)(=O)c2cccc(Cl)c2)O[C@@H]1CO,10.1488,0.3945845227779664,0.41721842760847505,-0.12401095994597341,0.5412293875544485,-0.03173185598653583
correct_CP,O=C(Nc1ccccc1)[C@@H]1[C@@H](CO)[C@@H]2Cn3c(ccc(C4=CCCCC4)c3=O)[C@@H]2N1Cc1cocn1,10.0514,-0.11505311636477979,-0.11556484801970643,0.0403682709693206,-0.15593311898902704,0.08471363745041985
correct_CP,O=C(Nc1ccccc1)[C@H]1[C@H](CO)[C@H]2Cn3c(ccc(C4=CCCCC4)c3=O)[C@H]2N1Cc1cocn1,10.0228,-0.3024057629020983,-0.31216540427569156,-0.019903429095569355,-0.2922619751801222,0.15065503064064734
correct_CP,O=C(Nc1ccccc1)c1ccccc1Oc1ccc(C(F)(F)F)cc1[N+](=O)[O-],10.0,-0.39201629457884185,-0.41418023269428583,-0.03394222855707872,-0.3802380041372071,0.35019468029031486
correct_CP,O=C(Nc1ccccc1F)N[C@@H]1CC[C@@H](CCNC(=O)C2CCCCC2)O[C@@H]1CO,9.93465,-0.19267332641531096,-0.19511208647892786,0.05748681557378663,-0.2525989020527145,0.17597893719712185
correct_CP,O=C(Nc1ccccc1F)N[C@@H]1CC[C@H](CCNC(=O)C2CCCCC2)O[C@H]1CO,10.035568,0.5205408081484796,0.5770812801603833,0.0742559672340024,0.5028253129263809,-0.08370496128288857
correct_CP,O=C(Nc1ccccc1F)N[C@H]1CC[C@H](CC(=O)N2CCCCC2)O[C@@H]1CO,9.98465,0.00044826140094281403,0.00044826143096710986,0.015278081245022206,-0.014829819814055097,0.009629426457817787
correct_CP,O=C(Nc1ccncc1)Nc1cccc(Cl)c1Cl,10.0,0.338087734071249,0.3519318956237374,0.04417740577316108,0.3077544898505763,0.12734086945288753
correct_CP,O=C(Nc1nc2ccccc2[nH]1)c1ccccc1[N+](=O)[O-],10.0,-0.2874755887286195,-0.29581224957897534,0.07772167824530954,-0.37353392782428485,-0.6080068064707443
correct_CP,O=C(Nc1nc[nH]n1)c1cccc(F)c1,20.0,0.01987473268807564,0.019877350181382075,0.08646608782652683,-0.06658873764514475,-0.1469926915953726
correct_CP,O=C(Nc1nccs1)[C@@H]1[C@@H](CO)[C@@H]2Cn3c(cccc3=O)[C@H]1N2C(=O)C1CCCC1,10.0669,-0.2180455391389174,-0.2216031656849315,-0.028102075300028444,-0.19350109038490304,-0.18309063585069968
correct_CP,O=C(Nc1nccs1)[C@H]1[C@H](CO)[C@H]2Cn3c(ccc(-c4cncnc4)c3=O)[C@H]2N1CC1CCCC1,10.0759,0.5348635921545494,0.5969330391264007,0.04109504531586914,0.5558379938105316,0.07987295921691276
correct_CP,O=C(Nc1nccs1)c1cccnc1O,10.0,0.34686576442428324,0.36187642029051514,0.17938818884291777,0.18248823144759738,0.015190680181208033
correct_CP,O=C(Nc1nnc(COc2ccc(Cl)cc2)s1)c1cccs1,10.0,0.4362846756467725,0.4676327960186588,0.3138113818743683,0.1538214141442905,-0.11894166026256467
correct_CP,O=C(Nc1sc2c(c1C(=O)NC1CC1)CCCCCC2)c1ccco1,10.0,0.33135423888733334,0.34434875653815317,0.0663982397375662,0.27795051680058697,0.2527868940996077
correct_CP,O=C(O)C(=O)/C(=C\c1cccc(Cl)c1)c1ccc2ccccc2n1,10.0,0.2936403011882556,0.3025454329583093,0.3026848155884174,-0.00013938263010809804,0.26032076956941985
correct_CP,O=C(O)C1=CCCN(CCOC(c2ccc(C(F)(F)F)cc2)c2ccc(C(F)(F)F)cc2)C1,10.0,-0.1716043934786556,-0.1733192694962471,-0.037033409536449624,-0.13628585995979747,0.193358624385665
correct_CP,O=C(O)C1=CCCN(CCON=C(c2ccccc2)c2ccccc2)C1,10.0,0.5376764024635569,0.6008813264720246,0.018250173557655285,0.5826311529143694,-0.07834386872943405
correct_CP,O=C(O)CC/C=C\CC[C@@H]1[C@@H](N2CCCCC2)[C@@H](O)C[C@@H]1OCc1ccc(-c2ccccc2)cc1,10.0,-0.16492762703943833,-0.16644792302902384,0.01720773030107289,-0.18365565333009673,-0.028300032004960122
correct_CP,O=C(O)CCC(=O)c1ccc(-c2ccccc2)cc1,10.0,0.09562793904856223,0.0959210453173696,-0.04741849422352688,0.14333953954089648,-0.18953970257102115
correct_CP,O=C(O)CCC=CCC1COC(c2ccccc2Cl)OC1c1ccccc1O,10.0,0.3450188268949158,0.3597783988791113,0.22691539995094984,0.13286299892816145,-0.4289291833907457
correct_CP,O=C(O)CCCc1ccccc1,10.0,0.28209850941499026,0.28996055752634925,0.07719899833044257,0.21276155919590667,-0.025338255576473248
correct_CP,O=C(O)CCSCCCN1C(=O)c2cccc3cccc(c23)C1=O,10.0,0.23377658810968416,0.2381806767572245,0.1875218672786146,0.0506588094786099,-0.005391820091920019
correct_CP,O=C(O)CCc1ccc(-c2ccccc2)n1Cc1ccco1,10.0,0.3912104702981737,0.41322844047965357,0.0870146752946386,0.326213765185015,-0.2633184197804642
correct_CP,O=C(O)CCc1nc(-c2ccccc2)c(-c2ccccc2)o1,10.0,-0.3691507045036983,-0.3874394516250322,-0.10825489666359604,-0.2791845549614361,0.04414377961814349
correct_CP,O=C(O)COc1ccccc1/C=C1\SC(=S)N(N=Cc2ccccc2O)C1=O,10.0,0.07365691058475948,0.07379055048655644,0.06393889291400644,0.009851657572550007,-0.3655312440119203
correct_CP,O=C(O)C[C@@H]1C=C[C@@H](NC(=O)c2ccccc2F)[C@H](CO)O1,10.0998,-0.0988778935807509,-0.09920203487259463,-0.03318985784589626,-0.06601217702669837,-0.17299271801723462
correct_CP,O=C(O)C[C@@H]1CC[C@@H](NC(=O)c2ccncc2)[C@@H](CO)O1,10.0489,-0.12380568162318432,-0.12444412171089803,0.053213902815730296,-0.17765802452662832,-0.23538191223984953
correct_CP,O=C(O)C[C@@H]1CC[C@@H]2[C@H](COC[C@@H](O)CN2S(=O)(=O)c2ccc(Oc3ccccc3)cc2)O1,10.0018,0.19672748295430909,0.1993259914523423,-0.02648819358460897,0.22581418503695128,0.032391053135618506
correct_CP,O=C(O)C[C@@H]1C[C@@H]2c3cc(NC(=O)Nc4ccc(C(F)(F)F)cc4)ccc3O[C@@H]2[C@H](CO)O1,9.9947,-0.10834093798645358,-0.1087678418483885,-0.09597018789235157,-0.012797653956036936,0.1121749780716706
correct_CP,O=C(O)C[C@@H]1C[C@H]2c3cc(NC(=O)Nc4ccc(C(F)(F)F)cc4)ccc3O[C@H]2[C@H](CO)O1,10.0442,0.33398313788925454,0.34730479871413406,-0.048109151450857576,0.39541395016499165,0.1622275041188888
correct_CP,O=C(O)C[C@@H]1C[C@H]2c3cc(NC(=O)c4ccc5c(c4)OCO5)ccc3O[C@H]2[C@H](CO)O1,9.96195,0.28142950551311785,0.2892338604092454,0.02024999583885883,0.2689838645703866,-0.02690991739614552
correct_CP,O=C(O)C[C@H]1C=C[C@@H](NC(=O)Nc2ccccc2)[C@H](CO)O1,9.9611,0.23267272775449135,0.2370133193179355,0.007208534803685624,0.22980478451424988,0.06252509736672617
correct_CP,O=C(O)C[C@H]1C=C[C@H](NC(=O)c2ccccc2F)[C@H](CO)O1,9.95979,0.26157043748321407,0.2677934422583182,-0.08208244329409745,0.34987588555241567,-0.06138433152928097
correct_CP,O=C(O)C[C@H]1CC[C@@H](NC(=O)Nc2ccccc2)[C@@H](CO)O1,10.0504,-0.578951749135857,-0.6608845093414822,-0.002778666713786359,-0.6581058426276959,0.24472603460812084
correct_CP,O=C(O)C[C@H]1CC[C@@H](NC(=O)c2ccncc2)[C@@H](CO)O1,9.92721,0.05248389987254507,0.05253216968757963,0.13684616759999707,-0.08431399791241745,-0.04596842001124743
correct_CP,O=C(O)C[C@H]1CC[C@@H]2[C@H](COC[C@H](O)CN2S(=O)(=O)c2ccc(Oc3ccccc3)cc2)O1,10.0252,0.03766938621636316,0.03768721880323113,-0.08244625495778928,0.1201334737610204,-0.016630064143393894
correct_CP,O=C(O)C[C@H]1CC[C@H]2[C@@H](COC[C@H](O)CN2S(=O)(=O)c2ccc(Oc3ccccc3)cc2)O1,9.98301,-0.10003491838451697,-0.10037061895096736,-0.09431102980595525,-0.006059589145012104,-0.03663754685926689
correct_CP,O=C(O)C[C@H]1C[C@@H]2c3cc(NC(=O)Nc4ccccc4)ccc3O[C@@H]2[C@H](CO)O1,10.1604,-0.11326390250409565,-0.11375200842463838,0.12539225524517214,-0.2391442636698105,-0.057293474584519694
correct_CP,O=C(O)C[C@H]1C[C@H]2c3cc(NC(=O)CC4CC4)ccc3O[C@H]2[C@H](CO)O1,10.0483,0.2861504746283596,0.29436835821130014,0.0025913076895347185,0.29177705052176545,-0.1156577793704266
correct_CP,O=C(O)C[C@H]1C[C@H]2c3cc(NC(=O)Nc4ccccc4)ccc3O[C@H]2[C@@H](CO)O1,9.99803,-0.008949208520092518,-0.008949447440637892,0.07133002663481877,-0.08027947407545666,0.3527922555986318
correct_CP,O=C(O)Cc1cc(I)c(Oc2cc(I)c(O)c(I)c2)c(I)c1,10.0,0.2733918026628453,0.28052596435110594,-0.005481027466330512,0.28600699181743644,0.10616752945166229
correct_CP,O=C(O)Cc1nn(Cc2ccc(Br)cc2F)c(=O)c2ccccc12,10.0,-0.14105453906981782,-0.1420013597306872,-0.004638811387463911,-0.13736254834322328,0.1528234768149225
correct_CP,O=C(O)[C@@H]1[C@@H](CO)[C@@H]2Cn3c(ccc(-c4ccc(F)cc4)c3=O)[C@H]1N2CC1CCCCC1,10.0608,-0.2974755597899529,-0.3067477937699631,0.04079251022215172,-0.3475403039921148,0.029746379548147767
correct_CP,O=C(O)[C@@H]1[C@@H](CO)[C@@H]2Cn3c(ccc(/C=C/c4ccccc4)c3=O)[C@@H]2N1Cc1ccc2c(c1)OCO2,10.0572,0.22197060305577412,0.22572788714155478,-0.05292427369409003,0.2786521608356448,0.15036797039155225
correct_CP,O=C(O)[C@H]1[C@H](CO)[C@H]2Cn3c(ccc(-c4ccc(F)cc4)c3=O)[C@@H]1N2CC1CCCCC1,10.0003,-0.024493887271919295,-0.024498787409361275,-0.03373080669989071,0.009232019290529435,-0.09548741606360736
correct_CP,O=C(O)[C@H]1[C@H](CO)[C@H]2Cn3c(ccc(-c4ccncc4)c3=O)[C@@H]1N2S(=O)(=O)c1ccccc1F,9.96003,0.28135559489968404,0.28915359417334874,0.022814564099032382,0.26633903007431636,0.022919919209703994
correct_CP,O=C(O)c1cc(-c2ccc(F)cc2F)ccc1O,10.0,0.685786399822207,0.8399572150281089,-0.019656554537421815,0.8596137695655307,-0.5350545911852448
correct_CP,O=C(O)c1cccc(NC(=O)c2ccc(Cl)c(S(=O)(=O)N3CCCCCC3)c2)c1,10.0,0.01958549073345983,0.019587995585567668,0.10929069077661194,-0.08970269519104426,-0.16695406774465393
correct_CP,O=C(OC1CCOC1=O)c1cc(-c2cccs2)nc2ccccc12,10.0,0.3290995556748461,0.3418181046355424,-0.08775215970094058,0.429570264336483,0.02146138683766939
correct_CP,O=C(OCCN1CCOCC1)C1(c2ccccc2)CCCCC1,10.0,0.0694357476936002,0.06954766234222966,0.04952451313966326,0.020023149202566398,-0.06118583180704773
correct_CP,O=C(O[C@H]1[C@H](Oc2ccccc2COC(=O)C2(O)C=CCCC2=O)O[C@H](CO)[C@@H](O)[C@@H]1O)c1ccccc1,10.0,0.5003175822186482,0.5497296769885316,0.3650745049819703,0.18465517200656129,0.4149514814547423
correct_CP,O=C(Oc1cc(OC(=O)c2ccccc2)c2c(c1)O[C@H](c1ccc(OC(=O)c3ccccc3)c(OC(=O)c3ccccc3)c1)[C@@H](OC(=O)c1ccccc1)C2)c1ccccc1,10.0,0.274951867144998,0.28221283141266384,-0.0036788054751278818,0.28589163688779173,-0.1767566767200378
correct_CP,O=C([C@@H]1[C@@H](CO)[C@@H]2Cn3c(ccc(-c4cccnc4)c3=O)[C@@H]2N1CCC(F)(F)F)N1CCOCC1,9.92373,-0.033835876256298365,-0.033848797654082316,-0.0646437561730653,0.03079495851898298,-0.07781786741190351
correct_CP,O=C([C@@H]1[C@@H](CO)[C@@H]2Cn3c(ccc(-c4ccncc4)c3=O)[C@@H]2N1Cc1cocn1)N1CCCCC1,9.9116,0.2851919081431825,0.29332461368348817,-0.016000352356806396,0.3093249660402946,0.016337508764171744
correct_CP,O=C([C@@H]1[C@@H](CO)[C@@H]2Cn3c(ccc(-c4ccncc4)c3=O)[C@H]1N2CCC(F)(F)F)N1CCCCC1,9.99353,-0.09491006280594383,-0.09519659378818077,0.03135117697657326,-0.12654777076475404,0.16279401007754124
correct_CP,O=C([C@@H]1[C@@H](CO)[C@@H]2Cn3c(ccc(C4=CCCC4)c3=O)[C@H]1N2C(=O)c1ccncc1)N1CCOCC1,9.96807,-0.3044501141310208,-0.3144170635280246,-0.09797314092239252,-0.2164439226056321,0.29759138124285917
correct_CP,O=C([C@@H]1[C@@H](CO)[C@@H]2Cn3c(cccc3=O)[C@@H]2N1Cc1ccccc1Cl)N1CCCCC1,10.0518,0.036900915638245574,0.03691767838542561,0.06386835686521987,-0.02695067847979426,0.15526796245949026
correct_CP,O=C([C@@H]1[C@@H](CO)[C@@H]2Cn3c(cccc3=O)[C@H]1N2S(=O)(=O)c1ccccc1F)N1CCOCC1,10.0187,-0.32278174540152754,-0.334749287577559,-0.06351958713196335,-0.2712297004455957,-0.06845343608826424
correct_CP,O=C([C@H]1[C@H](CO)[C@H]2Cn3c(ccc(-c4ccccc4)c3=O)[C@@H]1N2Cc1cccnc1)N1CCOCC1,10.055,0.5666430301578533,0.6425643063497115,-0.00754714606435105,0.6501114524140625,0.11611786003310273
correct_CP,O=C([C@H]1[C@H](CO)[C@H]2Cn3c(ccc(-c4ccccc4F)c3=O)[C@@H]1N2C(=O)C1CCC1)N1CCCCC1,10.0685,0.1035582712503099,0.10393086891063935,-0.06590971028739592,0.16984057919803527,0.07086671775954383
correct_CP,O=C([C@H]1[C@H](CO)[C@H]2Cn3c(cccc3=O)[C@@H]1N2Cc1cccc(Cl)c1)N1CCOCC1,9.92512,0.2382245891229378,0.24289103689575373,-0.08377265136299104,0.32666368825874476,0.41750385576435084
correct_CP,O=C([C@H]1[C@H](CO)[C@H]2Cn3c(cccc3=O)[C@@H]1N2Cc1cocn1)N1CCCCC1,9.98112,0.2980299147850987,0.30735607718221925,-0.12075864129907243,0.4281147184812917,-0.1391800707398183
correct_CP,O=C(c1c(O)c2ccc(Cl)cc2[nH]c1=O)C1CC1,10.0,0.14621556846947564,0.1472711224387477,-0.008815870761418074,0.15608699320016578,0.16871244692519236
correct_CP,O=C(c1cc2c(s1)CCCC2)N1CCC2(CC1)OCCO2,10.0,0.1167638217149696,0.11729884973558546,0.0826984171657354,0.03460043256985007,0.07019274609152407
correct_CP,O=C(c1cc2sccc2n1Cc1ccccc1)N1CCCc2ccccc21,10.0,0.28284469664004086,0.2907714457401127,0.05051200721900738,0.24025943852110532,-0.12761200249650687
correct_CP,O=C(c1ccc(Cl)c(Cl)c1)N1CCN(c2ccnc3cc(Cl)ccc23)CC1,20.0,0.19862737949721562,0.2013031488129969,0.09063471502896606,0.11066843378403085,0.5600898653882163
correct_CP,O=C(c1ccc(Cl)cc1)c1cc(-c2ccccn2)c(N2CCOCC2)s1,10.0,0.05488380850969819,0.05493901591870706,0.011612015433267356,0.04332700048543971,-0.12800956327421206
correct_CP,O=C(c1cccc2cnccc12)N1CCCNCC1,20.0,-0.4909891662172412,-0.5373628739251394,0.12285287179187349,-0.6602157457170128,0.20725884456731264
correct_CP,O=C(c1ccco1)N1CCN(CC(=O)N2c3ccccc3CCc3ccccc32)CC1,10.0,0.25666884842910875,0.26253904362380054,0.14408737826670798,0.11845166535709256,-0.30451425993698555
correct_CP,O=C(c1cnn2c(C(F)(F)F)cc(-c3cccs3)nc12)N1CCOCC1,10.0,0.4097723029159201,0.4353375466639584,0.02267696325390725,0.4126605834100512,0.08889296699748309
correct_CP,O=C1/C(=C/c2cccc([N+](=O)[O-])c2)N2CCC1CC2,10.0,0.20060859147726978,0.20336658398310514,0.11929252796677663,0.08407405601632852,0.08248470244347035
correct_CP,O=C1/C(=C/c2cn(-c3ccccc3)nc2-c2ccc(OCc3ccccc3)cc2)SC(=S)N1CCS(=O)(=O)O,20.0,0.10211840613377457,0.10247561314878492,0.03950100102331152,0.0629746121254734,0.14470120436170883
correct_CP,O=C1CC(c2ccc(O)cc2)Oc2cc(O)cc(O)c21,10.0,0.0012392904133039268,0.0012392910477554084,0.051228379701321124,-0.049989088653565716,-0.21179868841330005
correct_CP,O=C1NC(=O)C(c2c[nH]c3ccccc23)=C1c1c[nH]c2ccccc12,10.0,0.1056959151914025,0.10609217313818797,0.049360423043627394,0.05673175009456058,0.02886159803922074
correct_CP,O=C1NC(=S)N(C2CC2)C(=O)/C1=C/Nc1ccc2c(c1)OCO2,10.0,0.6797707384317702,0.8286877080968731,-0.05819513295127959,0.8868828410481526,-0.04321892620741449
correct_CP,O=C1NCCCC2c3c(cc(Br)c(O)c3Br)OC12N1CCOCC1,10.0,0.2717665842593438,0.2787703006480209,0.14651692230044283,0.13225337834757805,-0.03878895956621414
correct_CP,O=C1Nc2ccc(Br)cc2C12NNc1ccccc1O2,20.0,0.652075034018547,0.7789002658135732,0.004601342920349399,0.7742989228932238,0.2827681940918799
correct_CP,O=C1Nc2ccccc2C1=Nc1sc2c(c1C(=O)NCCc1ccccc1)CCCC2,10.0,0.015335905719284884,0.01533710817288282,-0.06216420500832915,0.07750131318121196,0.012256902564537486
correct_CP,O=C1Nc2ccccc2N(O)N1c1cc(-c2cccc(Cl)c2)no1,10.0,0.23930734706896328,0.24403925389956882,-0.03944752997225522,0.283486783871824,0.10181412535410359
correct_CP,O=C1OCCN1/N=C/c1ccc([N+](=O)[O-])o1,10.0,0.3955685224857618,0.41838442229557365,-0.0895343132323963,0.50791873552797,0.19694876578301834
correct_CP,O=C1c2cccc(OCC(=O)N3N=C(c4cccs4)CC3c3ccc(F)cc3)c2CCN1Cc1ccccc1,10.0,0.6491571097227883,0.7738405382826501,0.1009697273766675,0.6728708109059826,-0.2869816711394996
correct_CP,O=C1c2ccccc2C(=O)c2ccccc21,10.0,0.1918149706786817,0.194220790322821,-0.059906128129344635,0.2541269184521656,0.027477311129780253
correct_CP,O=Cc1sc(N2CCOCC2)nc1-c1ccccc1,10.0,0.3110065509485008,0.32165935880010377,-0.08359050687278094,0.4052498656728847,0.18861854642296785
correct_CP,O=S(=O)(Cc1ccccc1)NCC[C@H]1CC[C@@H](NS(=O)(=O)c2ccc(F)cc2)[C@@H](CO)O1,10.0481,0.3554418630615689,0.3716588776651586,-0.07974577809374493,0.45140465575890354,0.3240943681291049
correct_CP,O=S(=O)(N[C@@H]1CC[C@@H](CCn2cc(Cc3ccccc3)nn2)O[C@H]1CO)c1ccccc1F,10.1829,0.0345793959808198,0.03459318847117926,0.010829961942143258,0.023763226529036,0.03008604752320069
correct_CP,O=S(=O)(N[C@@H]1CC[C@H](CCn2cc(C3(O)CCCC3)nn2)O[C@H]1CO)c1ccc(Cl)cc1,9.98964,-0.49985305331785457,-0.5491102346142098,-0.0893482668354065,-0.4597619677788033,-0.03401428748343001
correct_CP,O=S(=O)(N[C@H]1CC[C@@H](CCn2cc(C3(O)CCCC3)nn2)O[C@H]1CO)c1ccc(Cl)cc1,10.0747,0.36792454470701536,0.3860205804883529,-0.07593465392946253,0.46195523441781544,0.45591626053605616
correct_CP,O=S(=O)(N[C@H]1CC[C@H](CCn2cc(-c3cccc(F)c3)nn2)O[C@@H]1CO)c1ccc(Cl)cc1,10.0497,0.17641373627416435,0.178278793231333,-0.02201905596810494,0.20029784919943794,0.038451185988034986
correct_CP,O=S(=O)(N[C@H]1CC[C@H](CCn2cc(-c3ccccn3)nn2)O[C@@H]1CO)c1cccc(Cl)c1,10.1015,-0.23574180260043895,-0.24026051591944064,-0.06628870032261129,-0.17397181559682934,0.1624660117246835
correct_CP,O=S(=O)(N[C@H]1CC[C@H](CCn2cc(C3(O)CCCC3)nn2)O[C@H]1CO)c1ccc(Cl)cc1,10.0741,0.15128407230835034,0.1524543245466425,0.024732798760247032,0.12772152578639548,0.030350472987725502
correct_CP,O=S(=O)(N[C@H]1CC[C@H](CCn2cc(C3CC3)nn2)O[C@H]1CO)c1ccc(F)cc1,9.91364,0.01583676649925719,0.015838090668956643,-0.09148545898933402,0.10732354965829066,0.02791382695082227
correct_CP,O=S(=O)(N[C@H]1CC[C@H](CCn2cc(Cc3ccccc3)nn2)O[C@H]1CO)c1ccccc1F,10.012,0.37976470945648616,0.3997846781485135,0.052678788268749076,0.34710588987976443,0.1568980448319685
correct_CP,O=S(=O)(Nc1c(S(=O)(=O)c2ccccc2)c2nc3ccccc3nc2n1C1CCCCC1)c1ccccc1,10.0,0.290806610558317,0.29944716422206036,-0.07696541013602169,0.37641257435808206,0.2949530248632639
correct_CP,O=S(=O)(Nc1cc(O)nc(SCc2ccc(Cl)cc2)n1)c1ccccc1,10.0,0.7124115343072349,0.8920636951702449,0.023509197370755512,0.8685544977994893,-0.328457856043623
correct_CP,O=S(=O)(Nc1nc(CN2CCOCC2)nc2sc3c(c12)CCCC3)c1cc(F)ccc1F,10.0,-0.10470768250236848,-0.1050928807774465,0.046175692614219124,-0.1512685733916656,0.031294346487917055
correct_CP,O=S(=O)(c1cccs1)N1CCN(S(=O)(=O)c2cccs2)CC1,10.0,0.6018353344301208,0.696019841270079,0.26738707867001615,0.42863276260006283,0.10624061977145888
correct_CP,O=[N+]([O-])C(=C1Nc2ccccc2N1)C(Cl)=C(Cl)Cl,10.0,0.6718769786132893,0.8141568051425716,-0.04187626863956844,0.85603307378214,-0.2700232404339226
correct_CP,O=[N+]([O-])c1ccc(-c2nc(-c3ccc(F)cc3)c(-c3ccncc3)[nH]2)cc1,10.0,0.3880296338814935,0.40947831546628466,0.07992579342856278,0.3295525220377219,-0.12951285348772884
correct_CP,O=[N+]([O-])c1ccc(NN=C2CCCCC2c2ccccn2)c([N+](=O)[O-])c1,10.0,0.31343009663758387,0.3243446714001439,0.027459192488879684,0.2968854789112642,0.33271969468083096
correct_CP,O=[N+]([O-])c1ccccc1C=Nn1c(S)nnc1COc1ccccc1,10.0,0.45222487455636007,0.48749360398888314,0.03721988549051873,0.4502737184983644,-0.04598296924302297
correct_CP,O=[N+]([O-])c1ccccc1CSc1nc2ccccc2o1,10.0,0.5374862958216963,0.6006139495924776,0.27492382428910006,0.32569012530337754,-0.19725485520023445
correct_CP,O=[N+]([O-])c1cnc2ccccc2c1Sc1ccccc1,20.0,0.4856494736325224,0.5303511603325668,0.10625059203866308,0.42410056829390375,0.501450570900058
correct_CP,O=c1c(O)c(-c2ccc(O)cc2)oc2cc(O)cc(O)c12,10.0,0.14508067082992124,0.14611162787116108,-0.06670520318489831,0.2128168310560594,0.2594625736078483
correct_CP,O=c1cc(CN2CCN(c3ccccc3)CC2)c2cc(O)c(-c3ccccc3)cc2o1,10.0,0.24520711922128557,0.2503068871817339,0.05552745224645748,0.1947794349352764,-0.10201110597310034
correct_CP,O=c1ccc2ccc(O)c(O)c2o1,10.0,0.08637493743273286,0.08659070794096675,0.07666809043792121,0.009922617503045544,-0.06983900418401887
correct_CP,O=c1ccn(CCc2c[nH]c3ccccc23)c2c1CCCC2,10.0,-0.0784146143058754,-0.07857592981429067,-0.022059619798295786,-0.05651631001599488,-0.32642347143991907
correct_CP,O=c1n(CCCN2CCN(c3cccc(Cl)c3)CC2)nc2ccccn12,10.0,0.28647017858480095,0.29471660959225626,0.006937099485047796,0.2877795101072085,0.045720536862610225
correct_CP,OC(CN1CCC(Cc2ccc(F)cc2)CC1)c1ccc(Cl)cc1,10.0,0.5287170699494259,0.588362765924896,0.2967095836621059,0.2916531822627901,-0.06563671407526048
correct_CP,OC1(c2ccc(F)cc2)CC2CCC(C1)N2Cc1nnnn1C1CCCCC1,10.0,0.23068979689500171,0.2349179142174967,0.02779964087225211,0.20711827334524457,-0.13785641067945065
correct_CP,Oc1c(Br)cc(Br)c2cccnc12,10.0,-0.10439042407425439,-0.10477211622815961,0.07061072803226974,-0.17538284426042935,-0.38472780718258365
correct_CP,Oc1cc(CSc2nnc(COc3ccc(Cl)cc3)o2)c2ccccc2n1,10.0,-0.3411850945779705,-0.355433138938276,-0.053705735742857585,-0.3017274031954184,0.12804481327195397
correct_CP,Oc1cc(O)c2c(c1)O[C@H](c1cc(O)c(O)c(O)c1)[C@H](O)C2,10.0,0.07270761973379762,0.072836148123151,-0.044093316567038146,0.11692946469018915,0.028684289280067336
correct_CP,Oc1ccc(Cl)cc1Cc1cc(Cl)ccc1O,10.0,0.41004483944600706,0.43566512447072386,0.056304159575386176,0.37936096489533766,-0.15400116724255658
correct_CP,Oc1ccc2c(c1)OCC1(O)Cc3cc(O)c(O)cc3C21,10.0,0.1196407113571384,0.12021650634823818,0.33955023189520195,-0.2193337255469638,-0.13626725084772878
correct_CP,Oc1ccc2c3c1OC1c4[nH]c5ccccc5c4CC4(O)C(C2)N(CC2CC2)CCC314,10.0,0.5201759687311446,0.5765809704388681,0.328780678876912,0.24780029156195615,-0.13880167976944283
correct_CP,Oc1nc2ccc(Br)cc2c(-c2ccccc2)c1N1CCOCC1,10.0,-0.08198320621748424,-0.08216762694807445,-0.09035250085282767,0.008184873904753226,0.2597908987764871
correct_CP,Sc1nnc(-c2cc(-c3ccccc3)[nH]n2)n1N=Cc1c(Cl)cccc1Cl,10.0,0.3325277186650633,0.34566754725074916,-0.09019878186255496,0.43586632911330414,-0.2048592034760643
correct_CP,Sc1nnc(-c2ccccc2)n1N=Cc1cccc(Br)c1,10.0,0.3027204741026166,0.3125118287114283,0.043301648346790664,0.2692101803646376,-0.23988700662138612
correct_CP,[C-]#[N+]C(C#N)=Cc1cc(C(C)(C)C)c(O)c(C(C)(C)C)c1,10.0,0.43853540980448835,0.47041604457872405,0.0009302801430193068,0.4694857644357047,0.3297104988345292
correct_CP,[O-][N+]c1ccc(O)c2ncccc12,10.0,0.5057270640389272,0.5569716464984936,0.0016595083876688507,0.5553121381108248,0.9453799664819922
correct_CP,c1ccc(-c2cnc(-c3ccccn3)nn2)cc1,20.0,0.4414396258299408,0.47401746004123957,0.13582952584980168,0.3381879341914379,0.44271211332912774
correct_CP,c1ccc(-c2nnc(-c3ccncc3)nc2-c2ccccc2)cc1,20.0,0.7067110911359655,0.8805826493543494,-0.09921900342886972,0.9798016527832191,0.11889896803368749
correct_CP,c1ccc(CC(c2ccccc2)N2CCCCC2)cc1,10.0,-0.0818638220890782,-0.08204743616361858,0.0772474713437587,-0.1592949075073773,-0.01079173308165303
correct_CP,c1ccc(CCCCN2CCC(c3ccccc3)CC2)cc1,10.0,0.37615056744286035,0.395568195623108,0.04182428460993501,0.35374391101317304,0.24020216541425246
correct_CP,c1ccc(CCc2nn3c(Cn4nnc5ccccc54)nnc3s2)cc1,10.0,0.28209613672916806,0.28995797969993764,0.053546667745135355,0.23641131195480228,0.15111460441732294
correct_CP,c1ccc(CNc2ncnc3ccccc23)cc1,10.0,0.18704901706987573,0.18927743627279098,0.009465767060622238,0.17981166921216873,0.1254921023469137
correct_CP,c1ccc(N2CCN(CC3CCCCC3)CC2)cc1,10.0,0.5103517356161652,0.5632052673112699,0.08086534587124916,0.4823399214400207,0.34759687920928006
correct_CP,c1ccc(OCCOc2nc3ccccc3nc2N2CCOCC2)cc1,10.0,0.45842792046029307,0.4953190996526367,0.08633920813670609,0.4089798915159306,0.09916153127809332
correct_CP,c1ccc2c(Nc3nnc(-c4ccncc4)s3)cccc2c1,20.0,-0.3722063925908985,-0.39098188353067564,-0.04728526978595617,-0.3436966137447195,-0.07804651327065995
correct_CP,c1ccc2c(c1)cc1ccc3cccc4ccc2c1c34,10.0,-0.2811735052498286,-0.2889558619788535,-0.048722695311082795,-0.24023316666777067,0.08675952700695891
correct_CP,c1ccc2nc(C3=NCCN3)ccc2c1,10.0,0.3135286789859755,0.32445399711282613,0.012628753790171851,0.31182524332265427,-0.038785596035727926
correct_CP,c1ccc2oc(C3=NCCN3)cc2c1,10.0,0.7012495354787376,0.8697548113956043,-0.08232899295981647,0.9520838043554207,-0.2188858938156424
correct_CP,c1csc(-c2ncc3ccccn23)c1,10.0,-0.08205299337921425,-0.08223788674529008,0.01164666637706693,-0.09388455312235701,0.08156174408195634
correct_CP,c1nc(CCCC2CCNCC2)c[nH]1,10.0,0.060994585889927094,0.06107039537344213,-0.009230973874938434,0.07030136924838057,-0.031189089254208862
