method,canonical_compound,dose,raw_pcc,model_z,null_z,model_excess_z,replicate_excess_z
frozen_GE_teacher,Brc1c(CSc2nc3ccccc3s2)nc2ncccn12,10.0,0.2916138708608726,0.3003292264718531,0.1352067298405507,0.1651224966313024,0.04698632662609284
frozen_GE_teacher,Brc1c(NC2=NCCN2)ccc2nccnc12,10.0,-0.10237657098317642,-0.10273650551166671,-0.059721480202009514,-0.0430150253096572,0.2779416463541551
frozen_GE_teacher,C#C[C@]1(O)CC[C@H]2[C@@H]3CCC4=CC(=O)CC[C@@H]4[C@H]3CC[C@@]21CC,6.40111,0.04407243280684606,0.04410100123623431,0.053654726187958926,-0.009553724951724615,0.0007057096618387354
frozen_GE_teacher,C/C(=N\NC(=O)C1CCCC1)c1ccc(NC(=O)C(F)(F)F)cc1,20.0,0.05456299365390546,0.05461723744601667,0.03459563115331557,0.020021606292701097,-0.1751364152658763
frozen_GE_teacher,C/C(C=NNC(=O)c1cc(-c2cccnc2)nc2c1c(C)nn2-c1ccccc1)=C\c1ccccc1,10.0,0.5462780996600479,0.6130608201424472,0.16771341309066612,0.4453474070517811,0.06442191210434275
frozen_GE_teacher,C/C=C/c1ccc([C@@H]2[C@@H](CO)N(C(=O)CN3CCOCC3)[C@H]2C#N)cc1,10.1372,-0.044674254499814034,-0.04470401026848772,-0.00013633300170507075,-0.04456767726678265,-0.03444347846734676
frozen_GE_teacher,C/C=C/c1ccc([C@H]2[C@@H](C#N)N(C(=O)CN3CCOCC3)[C@H]2CO)cc1,10.1059,0.2218681486986384,0.2256201257276281,-0.01829829189856619,0.2439184176261943,-0.010688184238829411
frozen_GE_teacher,C/C=C/c1ccc2c(c1)O[C@@H](CN(C)C(=O)Cc1cccnc1)[C@H](C)CN([C@H](C)CO)S2(=O)=O,10.0786,0.03490999561726633,0.034924187690889466,0.009886913074576818,0.02503727461631265,0.0013230584349472503
frozen_GE_teacher,C/C=C/c1ccc2c(c1)O[C@@H](CN(C)C(=O)Nc1cccc(F)c1)[C@H](C)CN([C@H](C)CO)S2(=O)=O,10.0765,0.16184149087084088,0.163277141598098,0.014200844279519346,0.14907629731857866,0.03448068326382436
frozen_GE_teacher,C/C=C/c1ccc2c(c1)O[C@@H](CN(C)C(=O)c1ccccc1)[C@@H](C)CN([C@@H](C)CO)S2(=O)=O,10.0279,-0.0804853405076128,-0.08065981085962379,-0.06526839259447959,-0.015391418265144202,0.0701422380107218
frozen_GE_teacher,C/C=C/c1ccc2c(c1)O[C@@H](CN(C)CC1CCOCC1)[C@H](C)CN([C@@H](C)CO)S2(=O)=O,10.1002,0.3281351254205326,0.34073691756032554,-0.047053871660781135,0.38779078922110666,0.13632100882488835
frozen_GE_teacher,C/C=C/c1ccc2c(c1)O[C@@H](CN(C)Cc1ccccn1)[C@H](C)CN([C@@H](C)CO)S2(=O)=O,10.1091,-0.00385326839933677,-0.0038532874702019867,0.0403094400896056,-0.04416272755980759,-0.020971448714538068
frozen_GE_teacher,C/C=C/c1ccc2c(c1)O[C@@H](CNC)[C@H](C)CN([C@@H](C)CO)S2(=O)=O,9.99997,0.04462959759279447,0.04465926414688954,0.06487998342034448,-0.020220719273454944,-0.0628391916444065
frozen_GE_teacher,C/C=C/c1ccc2c(c1)O[C@H](CN(C)C(=O)Cc1cccnc1)[C@@H](C)CN([C@@H](C)CO)S2(=O)=O,10.0396,-0.15387857537336955,-0.15511067182521793,0.014390818541435459,-0.16950149036665338,-0.1537319852794165
frozen_GE_teacher,C/C=C/c1ccc2c(c1)O[C@H](CN(C)C(=O)Cc1cccnc1)[C@H](C)CN([C@@H](C)CO)S2(=O)=O,9.95401,0.1686753194237747,0.17030287575641517,0.04238500527604003,0.12791787048037515,0.027358932215604995
frozen_GE_teacher,C/C=C/c1ccc2c(c1)O[C@H](CN(C)C(=O)NCCC)[C@@H](C)CN([C@H](C)CO)S2(=O)=O,10.1028,0.11078143354118505,0.11123798948486231,0.08593946450021431,0.025298524984648005,0.10899766966777477
frozen_GE_teacher,C/C=C/c1ccc2c(c1)O[C@H](CN(C)C(=O)c1cnccn1)[C@@H](C)CN([C@@H](C)CO)S2(=O)=O,10.0232,0.21582044374350262,0.2192681851312929,0.03848975915033906,0.18077842598095384,0.40539913373811076
frozen_GE_teacher,C/C=C/c1ccc2c(c1)O[C@H](CN(C)CC1CCOCC1)[C@H](C)CN([C@@H](C)CO)S2(=O)=O,10.0059,-0.28462440595497046,-0.29270697619636055,-0.08871783124953397,-0.20398914494682657,0.0750905609030578
frozen_GE_teacher,C/C=C/c1ccc2c(c1)O[C@H](CN(C)Cc1ccc(C(=O)O)cc1)[C@@H](C)CN([C@@H](C)CO)S2(=O)=O,10.0737,0.00655485894302461,0.006554952824518675,0.08808979153464454,-0.08153483871012586,0.42524340728768445
frozen_GE_teacher,C/C=C/c1ccc2c(c1)O[C@H](CN(C)Cc1ccc(C(=O)O)cc1)[C@H](C)CN([C@@H](C)CO)S2(=O)=O,10.0799,0.10100590689601177,0.10135151890239383,-0.07402735218850892,0.17537887109090275,-0.058866590759196646
frozen_GE_teacher,C/C=C/c1ccc2c(c1)O[C@H](CN(C)Cc1ccccn1)[C@@H](C)CN([C@@H](C)CO)S2(=O)=O,10.0171,-0.13542313249457363,-0.1362602238331781,-0.07987294164079817,-0.05638728219237993,-0.07681791778008376
frozen_GE_teacher,C/C=C/c1ccc2c(c1)O[C@H](CN(C)Cc1ccccn1)[C@@H](C)CN([C@H](C)CO)S2(=O)=O,10.0533,0.3741094630766523,0.3931928211969871,-0.057032505521252115,0.4502253267182392,-0.0741028875938664
frozen_GE_teacher,C/C=C/c1ccc2c(c1)O[C@H](CN(C)Cc1ccccn1)[C@H](C)CN([C@H](C)CO)S2(=O)=O,9.99822,0.053380815982719966,0.053431605930238206,-0.04063933691776801,0.09407094284800621,0.04168496455133212
frozen_GE_teacher,C/C=C/c1ccc2c(c1)O[C@H](CN(C)S(=O)(=O)c1ccc(F)cc1)[C@H](C)CN([C@@H](C)CO)S2(=O)=O,10.0868,0.728939699309802,0.926461150562838,0.1886194717064859,0.737841678856352,0.02822311912646408
frozen_GE_teacher,C/C=C/c1ccc2c(c1)O[C@H](CN(C)S(=O)(=O)c1ccc(F)cc1)[C@H](C)CN([C@H](C)CO)S2(=O)=O,10.0374,0.2740459441095563,0.2812330847186879,0.014470765900337093,0.26676231881835083,-0.058819958938113356
frozen_GE_teacher,C/C=C/c1ccc2n(c1=O)C[C@@H]1[C@@H](CO)[C@H](C(=O)NC3CCC3)[C@H]2N1S(=O)(=O)c1cn(C)cn1.C/C=C\c1ccc2n(c1=O)C[C@@H]1[C@@H](CO)[C@H](C(=O)NC3CCC3)[C@H]2N1S(=O)(=O)c1cn(C)cn1,9.98965,0.33935829078344215,0.3533671207095039,-0.012458560675941512,0.3658256813854454,-0.23104704594051728
frozen_GE_teacher,C/C=C/c1ccc2n(c1=O)C[C@@H]1[C@@H](CO)[C@H](C(=O)NCC3CC3)[C@H]2N1Cc1ccccc1OC.C/C=C\c1ccc2n(c1=O)C[C@@H]1[C@@H](CO)[C@H](C(=O)NCC3CC3)[C@H]2N1Cc1ccccc1OC,10.0236,-0.1643473844187717,-0.1658515144315751,0.03286991592913112,-0.19872143036070622,-0.28627301194293076
frozen_GE_teacher,C/C=C/c1ccc2n(c1=O)C[C@@H]1[C@@H](CO)[C@H](C(=O)NCC3CCCCC3)[C@H]2N1C(C)=O.C/C=C\c1ccc2n(c1=O)C[C@@H]1[C@@H](CO)[C@H](C(=O)NCC3CCCCC3)[C@H]2N1C(C)=O,10.0122,-0.21979960468620446,-0.2234455310132033,-0.0002767990796593862,-0.22316873193354392,0.3082182043481503
frozen_GE_teacher,C/C=C/c1ccc2n(c1=O)C[C@@H]1[C@@H](CO)[C@H](C(=O)NCCCN(C)C)[C@H]2N1C(=O)c1ccccc1F.C/C=C\c1ccc2n(c1=O)C[C@@H]1[C@@H](CO)[C@H](C(=O)NCCCN(C)C)[C@H]2N1C(=O)c1ccccc1F,10.0023,0.06675803140018555,0.06685746948579674,-0.042686939767510756,0.1095444092533075,0.14834118173141575
frozen_GE_teacher,C/C=C/c1ccc2n(c1=O)C[C@@H]1[C@@H](CO)[C@H](C(=O)NCCc3cn(C)cn3)[C@H]2N1C(=O)CC.C/C=C\c1ccc2n(c1=O)C[C@@H]1[C@@H](CO)[C@H](C(=O)NCCc3cn(C)cn3)[C@H]2N1C(=O)CC,10.03,0.06840682717426867,0.0685138308817833,-0.04915941353020943,0.11767324441199273,-0.08047178706698542
frozen_GE_teacher,C/C=C/c1ccc2n(c1=O)C[C@@H]1[C@@H](CO)[C@H](C(=O)NCc3cc(F)cc(F)c3)[C@H]2N1S(C)(=O)=O.C/C=C\c1ccc2n(c1=O)C[C@@H]1[C@@H](CO)[C@H](C(=O)NCc3cc(F)cc(F)c3)[C@H]2N1S(C)(=O)=O,9.98674,0.38138062763176384,0.4016742783025288,0.004878914022705162,0.3967953642798236,-0.077099563709661
frozen_GE_teacher,C/C=C/c1ccc2n(c1=O)C[C@@H]1[C@@H](CO)[C@H](C(=O)NCc3ccc(F)cc3)[C@H]2N1CCC.C/C=C\c1ccc2n(c1=O)C[C@@H]1[C@@H](CO)[C@H](C(=O)NCc3ccc(F)cc3)[C@H]2N1CCC,10.0363,-0.32140774651893517,-0.3332162425464595,-0.035166616984471884,-0.2980496255619876,0.08020644593465642
frozen_GE_teacher,C/C=C/c1ccc2n(c1=O)C[C@@H]1[C@@H](CO)[C@H](C(=O)NCc3ccncn3)N(C(=O)NC3CCCC3)[C@H]21.C/C=C\c1ccc2n(c1=O)C[C@@H]1[C@@H](CO)[C@H](C(=O)NCc3ccncn3)N(C(=O)NC3CCCC3)[C@H]21,10.0758,0.3061181789367929,0.31625656781018663,-0.08621313969718827,0.4024697075073749,0.06585486234137714
frozen_GE_teacher,C/C=C/c1ccc2n(c1=O)C[C@@H]1[C@@H](CO)[C@H](C(=O)N[C@@H](C)c3ccccc3)N(C(=O)c3cnccn3)[C@H]21.C/C=C\c1ccc2n(c1=O)C[C@@H]1[C@@H](CO)[C@H](C(=O)N[C@@H](C)c3ccccc3)N(C(=O)c3cnccn3)[C@H]21,10.0434,0.4396665696925525,0.4718173995641625,0.016644887330460385,0.45517251223370214,-0.1392273953129907
frozen_GE_teacher,C/C=C/c1ccc2n(c1=O)C[C@@H]1[C@@H](CO)[C@H](C(=O)O)[C@H]2N1S(=O)(=O)c1ccccc1F.C/C=C\c1ccc2n(c1=O)C[C@@H]1[C@@H](CO)[C@H](C(=O)O)[C@H]2N1S(=O)(=O)c1ccccc1F,9.94431,0.18193009847812472,0.18397813536947735,0.046219533652215136,0.13775860171726223,-0.06204490860977127
frozen_GE_teacher,C/C=C/c1ccc2n(c1=O)C[C@H]1[C@H](CO)[C@@H](C(=O)N(C)C)[C@@H]2N1CCc1ccccc1.C/C=C\c1ccc2n(c1=O)C[C@H]1[C@H](CO)[C@@H](C(=O)N(C)C)[C@@H]2N1CCc1ccccc1,9.83879,0.20079075912378697,0.20355639738222114,0.013323526881577355,0.1902328705006438,-0.32528620376692535
frozen_GE_teacher,C/C=C/c1ccc2n(c1=O)C[C@H]1[C@H](CO)[C@@H](C(=O)N3CCCCC3)[C@@H]2N1C(=O)C1CCC1.C/C=C\c1ccc2n(c1=O)C[C@H]1[C@H](CO)[C@@H](C(=O)N3CCCCC3)[C@@H]2N1C(=O)C1CCC1,9.94315,-0.10866330900767457,-0.10909405326524053,0.004862588135236914,-0.11395664140047745,-0.1535057426587959
frozen_GE_teacher,C/C=C/c1ccc2n(c1=O)C[C@H]1[C@H](CO)[C@@H](C(=O)N3CCCCC3)[C@@H]2N1Cc1ccccn1.C/C=C\c1ccc2n(c1=O)C[C@H]1[C@H](CO)[C@@H](C(=O)N3CCCCC3)[C@@H]2N1Cc1ccccn1,10.0521,0.1489111731760378,0.15002673222336094,-0.11908042995024057,0.26910716217360153,0.36717733931990415
frozen_GE_teacher,C/C=C/c1ccc2n(c1=O)C[C@H]1[C@H](CO)[C@@H](C(=O)N3CCc4ccccc4C3)N(C(=O)C3CC3)[C@@H]21.C/C=C\c1ccc2n(c1=O)C[C@H]1[C@H](CO)[C@@H](C(=O)N3CCc4ccccc4C3)N(C(=O)C3CC3)[C@@H]21,10.0466,-0.02974161473161751,-0.029750388839239143,-0.05471255509362506,0.02496216625438592,0.2889733448659942
frozen_GE_teacher,C/C=C/c1ccc2n(c1=O)C[C@H]1[C@H](CO)[C@@H](C(=O)NC3CCC3)[C@@H]2N1S(=O)(=O)c1cn(C)cn1.C/C=C\c1ccc2n(c1=O)C[C@H]1[C@H](CO)[C@@H](C(=O)NC3CCC3)[C@@H]2N1S(=O)(=O)c1cn(C)cn1,10.0274,-0.11977290038550059,-0.12035061714691682,-0.08089613854751382,-0.039454478599403,0.058023695623080865
frozen_GE_teacher,C/C=C/c1ccc2n(c1=O)C[C@H]1[C@H](CO)[C@@H](C(=O)NCC(F)(F)F)N(C(=O)c3cccnc3)[C@@H]21.C/C=C\c1ccc2n(c1=O)C[C@H]1[C@H](CO)[C@@H](C(=O)NCC(F)(F)F)N(C(=O)c3cccnc3)[C@@H]21,10.1379,-0.09105019220189106,-0.09130305737512107,0.051951384445690474,-0.14325444182081154,-0.014426494500760861
frozen_GE_teacher,C/C=C/c1ccc2n(c1=O)C[C@H]1[C@H](CO)[C@@H](C(=O)NCCOC)[C@@H]2N1Cc1nccs1.C/C=C\c1ccc2n(c1=O)C[C@H]1[C@H](CO)[C@@H](C(=O)NCCOC)[C@@H]2N1Cc1nccs1,10.1001,-0.1587527067978194,-0.16010689473872464,-0.06930821825313968,-0.09079867648558496,0.10390660167279556
frozen_GE_teacher,C/C=C/c1ccc2n(c1=O)C[C@H]1[C@H](CO)[C@@H](C(=O)NCc3ccc(F)cc3)[C@@H]2N1CCC.C/C=C\c1ccc2n(c1=O)C[C@H]1[C@H](CO)[C@@H](C(=O)NCc3ccc(F)cc3)[C@@H]2N1CCC,10.0693,0.21189239783674454,0.21515187526051446,-0.04360168641722486,0.25875356167773933,0.19425589068994034
frozen_GE_teacher,C/C=C/c1ccc2n(c1=O)C[C@H]1[C@H](CO)[C@@H](C(=O)NCc3ccc4c(c3)OCO4)[C@@H]2N1C(=O)COC.C/C=C\c1ccc2n(c1=O)C[C@H]1[C@H](CO)[C@@H](C(=O)NCc3ccc4c(c3)OCO4)[C@@H]2N1C(=O)COC,9.95689,0.22207617531143786,0.22583893335203342,0.008081015885110428,0.217757917466923,-0.13292541077857498
frozen_GE_teacher,C/C=C/c1ccc2n(c1=O)C[C@H]1[C@H](CO)[C@@H](C(=O)Nc3ccc(-c4ccccc4)cc3)[C@@H]2N1C(=O)CC.C/C=C\c1ccc2n(c1=O)C[C@H]1[C@H](CO)[C@@H](C(=O)Nc3ccc(-c4ccccc4)cc3)[C@@H]2N1C(=O)CC,10.0346,0.20479222626098892,0.2077294867974397,-0.051271661658652656,0.25900114845609234,0.3764916833980891
frozen_GE_teacher,C/C=C/c1ccc2n(c1=O)C[C@H]1[C@H](CO)[C@@H](C(=O)Nc3nccs3)N(Cc3cc(F)ccc3F)[C@@H]21.C/C=C\c1ccc2n(c1=O)C[C@H]1[C@H](CO)[C@@H](C(=O)Nc3nccs3)N(Cc3cc(F)ccc3F)[C@@H]21,10.0951,0.13909190092989715,0.13999944226106872,-0.06417180620994689,0.20417124847101562,0.06629947558159982
frozen_GE_teacher,C/C=C/c1ccc2n(c1=O)C[C@H]1[C@H](CO)[C@@H](C(=O)OC)N(CCc3ccccc3)[C@@H]21.C/C=C\c1ccc2n(c1=O)C[C@H]1[C@H](CO)[C@@H](C(=O)OC)N(CCc3ccccc3)[C@@H]21,9.99932,-0.32054808782870264,-0.3322578428989384,-0.009708595313607188,-0.3225492475853312,0.008604018169845769
frozen_GE_teacher,C/C=C/c1cnc2c(c1)C(=O)N([C@@H](C)CO)C[C@@H](C)[C@@H](CN(C)C(=O)C1CCOCC1)O2,10.0771,-0.04619074242875357,-0.04622363516692654,-0.03210037816492341,-0.014123257002003134,0.17360579982260987
frozen_GE_teacher,C/C=C/c1cnc2c(c1)C(=O)N([C@@H](C)CO)C[C@@H](C)[C@H](CN(C)C(=O)c1cnccn1)O2,10.0726,0.11188059940566489,0.11235095016414623,0.033049682149551236,0.079301268014595,-0.18159784263879228
frozen_GE_teacher,C/C=C/c1cnc2c(c1)C(=O)N([C@@H](C)CO)C[C@@H](C)[C@H](CN(C)S(=O)(=O)c1cn(C)cn1)O2,10.0895,0.05060403050751243,0.050647292055700226,-0.00871328153631551,0.059360573592015735,-0.1807227023339481
frozen_GE_teacher,C/C=C/c1cnc2c(c1)C(=O)N([C@@H](C)CO)C[C@H](C)[C@@H](CN(C)C(=O)CCN1CCCCC1)O2,10.0604,0.3121305930402487,0.3229042487390631,-0.047362212703424035,0.37026646144248715,0.0057201103383436105
frozen_GE_teacher,C/C=C/c1cnc2c(c1)C(=O)N([C@@H](C)CO)C[C@H](C)[C@@H](CN(C)S(=O)(=O)c1ccccc1F)O2,9.993701,0.4705094978773184,0.5107244947410405,0.01803879206584707,0.49268570267519346,0.1677790608651546
frozen_GE_teacher,C/C=C/c1cnc2c(c1)C(=O)N([C@@H](C)CO)C[C@H](C)[C@@H](CN(C)S(=O)(=O)c1cn(C)cn1)O2,10.0224,0.8634316449994331,1.306674889376361,0.722481202201539,0.5841936871748219,0.5063249399228957
frozen_GE_teacher,C/C=C/c1cnc2c(c1)C(=O)N([C@@H](C)CO)C[C@H](C)[C@H](CN(C)C(=O)c1cnccn1)O2,10.0676,0.01160042359888403,0.011600943996570787,0.016854744645554615,-0.005253800648983828,0.010669638169245578
frozen_GE_teacher,C/C=C/c1cnc2c(c1)C(=O)N([C@H](C)CO)C[C@@H](C)[C@@H](CN(C)Cc1cccc(C(=O)O)c1)O2,10.0204,0.12239932705970423,0.12301612673820582,0.042357491981181064,0.08065863475702476,-0.03586973991278173
frozen_GE_teacher,C/C=C/c1cnc2c(c1)C(=O)N([C@H](C)CO)C[C@@H](C)[C@H](CN(C)C(=O)c1cnccn1)O2,10.018,-0.12344926560805307,-0.12408217376903273,0.05144284422034986,-0.17552501798938258,-0.05760080134697292
frozen_GE_teacher,C/C=C/c1cnc2c(c1)C(=O)N([C@H](C)CO)C[C@H](C)[C@@H](CN(C)C(=O)Nc1ccc(F)cc1)O2,10.0195,-0.11380688550523414,-0.11430208204613022,-0.01604104734338015,-0.09826103470275008,-0.16051351507388947
frozen_GE_teacher,C/C=C/c1cnc2c(c1)C(=O)N([C@H](C)CO)C[C@H](C)[C@@H](CN(C)Cc1cccc(C(=O)O)c1)O2,10.2193,-0.023980545557638743,-0.023985143947693428,0.05558344158764558,-0.079568585535339,-0.06272554700815747
frozen_GE_teacher,C=C(C)[C@H]1CC=C(C(=O)O)CC1,10.0,0.7101457780901802,0.8874778913423972,-0.03605330632391426,0.9235311976663114,-0.10460399589276212
frozen_GE_teacher,C=C(C)[C@H]1Cc2c(ccc3c2O[C@@H]2COc4cc(OC)c(OC)cc4[C@@H]2C3=O)O1,10.0,-0.004322618579061289,-0.0043226455021177215,-0.006624674425762647,0.0023020289236449255,-0.1577009044235972
frozen_GE_teacher,C=C1CCC(C2CC(=O)OC2=O)C(=O)CCC2C1CC2(C)C,10.0,0.1949271374514358,0.19745385192873033,0.3003784464035021,-0.10292459447477176,-0.14836238955597483
frozen_GE_teacher,C=C1CC[C@]2(O)[C@]3(C)C[C@@]4(O)O[C@@]2([C@@H]1O)[C@]1(O)[C@@]3(O)[C@H]([C@H](OO)c2ccc[nH]2)[C@](C)(C(C)C)[C@@]14C,10.0,0.5549984744863344,0.6255760666470827,0.022397377929427035,0.6031786887176556,-0.05535626194869964
frozen_GE_teacher,C=CC1=C(C(=O)O)N2C(=O)[C@@H](NC(=O)/C(=N\O)c3csc(N)n3)[C@H]2SC1,10.0,0.2273666554259567,0.23141080726962865,0.03122455568532122,0.20018625158430742,-0.1851289082922027
frozen_GE_teacher,C=CCN1C[C@H](C)N([C@@H](c2ccccc2)c2ccc(C(=O)N(CC)CC)cc2)C[C@H]1C,10.0,0.4685220316472469,0.5081750041283354,0.05316332511940644,0.4550116790089289,0.1778516725834635
frozen_GE_teacher,C=CCN1C[C@H](C)N([C@H](c2ccc(C(=O)N(CC)CC)cc2)c2cccc(O)c2)C[C@H]1C,10.0,0.20666184881144725,0.20968173627016143,0.016926595353846437,0.192755140916315,0.08709945481061777
frozen_GE_teacher,C=CCN=C(S)N1CCN(c2ccc([N+](=O)[O-])cc2)CC1,10.0,0.5770639969954616,0.6580496465768731,-0.0572236592851581,0.7152733058620313,-0.2905970295133195
frozen_GE_teacher,C=CCc1cccc(C=NNC(=O)CCCNc2ccc(C)cc2)c1O,10.0,0.3612311324454092,0.37830106718050016,-0.011831139474078291,0.39013220665457843,0.20996610913997935
frozen_GE_teacher,C=CCn1c(CCC(=O)O)ccc1-c1ccc(OC)cc1,10.0,0.39699742446110586,0.4200795238535816,0.19251219358042698,0.22756733027315462,0.003068157934637744
frozen_GE_teacher,CC(/C=C/c1ccco1)=NNC(=O)c1cc(Cl)ccc1O,10.0,0.5901198303422892,0.6778499047588777,0.08760684127680007,0.5902430634820777,0.23344059259210953
frozen_GE_teacher,CC(=Cc1ccc(C(=O)O)cc1)c1ccc2c(c1)C(C)(C)CCC2(C)C,10.0,0.17475120804062597,0.17656337971836,-0.020847064762297595,0.1974104444806576,0.09099501793128037
frozen_GE_teacher,CC(=NNC(=O)c1ccc(CN2CCc3ccccc3C2)cc1)c1ccccc1O,10.0,0.5022849610992008,0.5523574166135524,-0.11951865056727902,0.6718760671808315,0.09777086322553595
frozen_GE_teacher,CC(=O)/C=C(/C)NC(Cc1c[nH]c2ccccc12)C(=O)O,10.0,0.3445495542801536,0.3592458146987359,0.0815872979914905,0.2776585167072454,0.0773431809919303
frozen_GE_teacher,CC(=O)/C=C/c1ccc2ccccc2n1,10.0,0.3529903315284645,0.3688556221316732,-0.12635128395229958,0.4952069060839728,0.4405169163655892
frozen_GE_teacher,CC(=O)/C=C\[C@@H]1[C@@]2(C)CCCC(C)(C)C2CC[C@@]1(C)O,10.0,0.6021960514629189,0.6965856035124808,0.27833295868676305,0.4182526448257177,0.18774561728444594
frozen_GE_teacher,CC(=O)N(C)C[C@@H]1OCc2ccccc2-c2c(n(C)c3ccccc23)C(=O)N([C@H](C)CO)C[C@H]1C,9.78501,0.24134350253577166,0.24620021970667097,0.07622512489891876,0.1699750948077522,-0.0435050113243879
frozen_GE_teacher,CC(=O)N(C)C[C@@H]1OCc2ccccc2-c2ccccc2C(=O)N([C@@H](C)CO)C[C@H]1C,9.76582,0.3921945990487496,0.4143909313904765,0.012792585266046808,0.4015983461244297,-0.20758353987114841
frozen_GE_teacher,CC(=O)N(C)C[C@@H]1Oc2cc(C#Cc3ccc(F)cc3)ccc2S(=O)(=O)N([C@@H](C)CO)C[C@@H]1C,10.074,-0.07738061186120636,-0.07753561460230197,-0.12461107790311113,0.04707546330080915,0.09686881963345406
frozen_GE_teacher,CC(=O)N(C)C[C@@H]1Oc2cc(C#Cc3ccc(F)cc3)ccc2S(=O)(=O)N([C@H](C)CO)C[C@@H]1C,10.0443,-0.19528884123604562,-0.19782986963194113,0.028563422876936403,-0.22639329250887752,0.2710218488060903
frozen_GE_teacher,CC(=O)N(C)C[C@@H]1Oc2ncc(C#Cc3ccc(F)cc3)cc2C(=O)N([C@@H](C)CO)C[C@@H]1C,10.0062,0.2528897024381123,0.258497547985623,0.026249696687722264,0.23224785129790076,0.23202493271936186
frozen_GE_teacher,CC(=O)N(C)C[C@H]1Oc2cc(C#Cc3ccc(F)cc3)ccc2S(=O)(=O)N([C@H](C)CO)C[C@@H]1C,10.0955,-0.29914385195208554,-0.3085790473639833,0.010990805519707148,-0.31956985288369044,-0.06783411523836305
frozen_GE_teacher,CC(=O)N(C)C[C@H]1Oc2ncc(C#Cc3ccc(F)cc3)cc2C(=O)N([C@H](C)CO)C[C@@H]1C,10.0611,0.024176924617381083,0.024181636931848514,0.03958743850162215,-0.015405801569773635,0.08824097912703414
frozen_GE_teacher,CC(=O)N(C)c1ccc(NC(=O)Nc2ccc(C)c(C)c2)cc1,10.0,0.4126834705762791,0.4388412191780384,0.08198788063819346,0.35685333853984497,-0.03566082085711568
frozen_GE_teacher,CC(=O)N1CCN(S(=O)(=O)c2cccc(C(=O)Nc3nc4ccccc4[nH]3)c2)CC1,20.0,-0.10581699318978888,-0.10621462064197194,0.07340886097581642,-0.17962348161778835,-0.3065070657255311
frozen_GE_teacher,CC(=O)N1[C@@H]2Cn3c(ccc(/C=C/c4ccccc4)c3=O)[C@H]1[C@@H](C(=O)N(C)C)[C@@H]2CO,10.0796,-0.037942165182991434,-0.037960388206219296,0.0031391074376449554,-0.04109949564386425,-0.022433196988339163
frozen_GE_teacher,CC(=O)N1[C@@H]2c3ccc(-c4cccc(F)c4)c(=O)n3C[C@@H]2[C@@H](CO)[C@@H]1C(=O)NCCCN(C)C,10.125,0.26667505103678624,0.273280879441536,-0.017469452045755125,0.2907503314872911,-0.1251750759179393
frozen_GE_teacher,CC(=O)N1[C@@H]2c3ccc(-c4cncnc4)c(=O)n3C[C@@H]2[C@@H](CO)[C@@H]1C(=O)NCc1ccccc1Cl,10.0251,-0.24391825444746684,-0.2489360299546521,0.012714761976764988,-0.2616507919314171,-0.07550338123936469
frozen_GE_teacher,CC(=O)N1[C@@H]2c3ccc(/C=C/c4ccccc4)c(=O)n3C[C@@H]2[C@@H](CO)[C@@H]1C(=O)Nc1nccs1,9.99873,-0.16260170091854034,-0.16405789795156125,-0.020970758653470582,-0.14308713929809067,0.09231528269559705
frozen_GE_teacher,CC(=O)N1[C@@H]2c3ccc(C4=CCCC4)c(=O)n3C[C@@H]2[C@@H](CO)[C@@H]1C(=O)Nc1ccccc1,9.97191,0.006530428309921215,0.006530521145587081,0.030108948904404503,-0.02357842775881742,0.175647465460156
frozen_GE_teacher,CC(=O)N1[C@H](C(=O)NCCCN(C)C)[C@@H](CO)[C@@H]2Cn3c(ccc(-c4cccc(F)c4)c3=O)[C@@H]21,9.9777,-0.18310057310290254,-0.18518894443898115,-0.029750787215923277,-0.15543815722305787,-0.14099668704850865
frozen_GE_teacher,CC(=O)N1[C@H](C(=O)NCc2ccccc2F)[C@@H](CO)[C@@H]2Cn3c(cccc3=O)[C@@H]21,9.92312,0.2175368803904866,0.22106917829282324,-0.05507823637602221,0.27614741466884546,0.19780737073306323
frozen_GE_teacher,CC(=O)NC(Cc1c[nH]c2ccccc12)C(=O)OCc1cc(C(F)(F)F)cc(C(F)(F)F)c1,10.0,0.3757185512550309,0.3950650749978916,0.27714075040997044,0.11792432458792118,0.080704808666203
frozen_GE_teacher,CC(=O)Nc1ccc(S(=O)(=O)Nc2ccc([N+](=O)[O-])cc2)cc1,10.0,0.2558257472790002,0.2616366915519909,0.05926037520168535,0.2023763163503055,0.12076933749331543
frozen_GE_teacher,CC(=O)Nc1ccc(S(=O)(=O)Nc2nc3ccccc3nc2Nc2ccc(O)c(C(=O)O)c2)cc1,10.0,0.35154639410354005,0.36720711621410584,0.08746439894703495,0.2797427172670709,-0.08045296432830529
frozen_GE_teacher,CC(=O)Nc1cccc(C(=O)/C=C/c2ccc(F)cc2)c1,10.0,0.48197889373633584,0.5255587884495524,0.05045493568110729,0.47510385276844513,0.8534491026008477
frozen_GE_teacher,CC(=O)Nc1cccc(NC(=O)c2ccc(C(=O)Nc3cccc(NC(C)=O)c3)nc2)c1,10.0,0.3729094862760265,0.39179829466105476,0.12101213607894244,0.2707861585821123,0.24857350996204797
frozen_GE_teacher,CC(=O)Nc1nnc(S(N)(=O)=O)s1,10.0,0.13367477865710298,0.13447963475417024,-0.019567372162292464,0.1540470069164627,0.32642399005457917
frozen_GE_teacher,CC(=O)OCC(CCn1cnc2cnc(N)nc21)COC(C)=O,10.0,0.053175513721389706,0.053225719245883034,0.04781183129398209,0.005413887951900946,-0.19130327213011292
frozen_GE_teacher,CC(=O)O[C@@H]1C[C@@]2(C)C(CC[C@@H]2C(C)=O)C2CCC3=CC(=O)CC[C@]3(C)C21,10.0,0.056603475589688056,0.05666404370044727,0.028802839118195197,0.02786120458225207,0.16110925290162487
frozen_GE_teacher,CC(=O)O[C@]1(C(C)=O)CCC2C3C=C(Cl)C4=CC(=O)[C@@H]5C[C@@H]5[C@]4(C)C3CC[C@@]21C,10.0,0.4036901565180586,0.4280497351986758,0.2570502124063535,0.17099952279232228,0.002943314844401468
frozen_GE_teacher,CC(=O)O[C@]1(C(C)=O)CCC2C3C[C@H](C)C4=CC(=O)CC[C@]4(C)C3CC[C@@]21C,10.0,0.6308481149707008,0.7428236512597532,0.30679010650577077,0.4360335447539825,-0.4376720385266384
frozen_GE_teacher,CC(=O)Oc1ccc(C(c2ccc(OC(C)=O)cc2)c2ccccn2)cc1,10.0,-0.24359837313403043,-0.24859594120495915,-0.05378097346527846,-0.19481496773968068,0.11287148232064971
frozen_GE_teacher,CC(=O)Oc1ccc(NC(=O)C2CCCCC2)c(C(=O)O)c1,10.0,0.33827738085276665,0.3521460327179698,0.07804773846102421,0.2740982942569456,-0.09771998625972105
frozen_GE_teacher,CC(=O)Oc1ccc2c(c1C(C)C)CCC1C(C)(C)CCC[C@]21C,10.0,-0.369273362461461,-0.38758146904659446,-0.05060914683048887,-0.33697232221610557,0.3077496389666494
frozen_GE_teacher,CC(=O)[C@H]1CC[C@H]2[C@@H]3CC[C@H]4C[C@H](O)CC[C@]4(C)[C@H]3CC[C@]12C,10.0,-0.018879592826830237,-0.01888183644790005,0.00402481902102804,-0.02290665546892809,-0.18596426670866492
frozen_GE_teacher,CC(=O)c1c(C)[nH]c(C2=NN=C(NC(C)(C)C)SC2)c1C,10.0,-0.15977248530366972,-0.16115321275599115,0.05306890701097021,-0.21422211976696137,0.09636348371895721
frozen_GE_teacher,CC(=O)c1ccc(O)c(CC=C(C)C)c1,10.0,0.07709334437276906,0.07724662311845523,-0.013567059562167458,0.09081368268062269,-0.14122049950085513
frozen_GE_teacher,CC(=O)c1ccc(OCc2ccc(Oc3c(Cl)cccc3[N+](=O)[O-])cc2)cc1,10.0,-0.15055657552947693,-0.1517098713632784,0.053621246765966704,-0.2053311181292451,0.10769187464636663
frozen_GE_teacher,CC(=O)c1cccc(NS(=O)(=O)c2ccc(-c3cc(C)no3)s2)c1,10.0,0.42658963354277424,0.4557201855279753,0.0977106125591572,0.3580095729688181,-0.3702528529146281
frozen_GE_teacher,CC(C(=O)O)c1cccc(C(=O)c2ccccc2)c1,10.0,0.28814573475130556,0.2965429207702143,-0.02213264616201601,0.3186755669322303,-0.2724970430619301
frozen_GE_teacher,CC(C(=O)OC1CC2CCC(C1)N2C)c1ccc(Br)cc1,10.0,0.4801271299886764,0.5231494803861763,0.3122062290590278,0.21094325132714847,0.1530889879761111
frozen_GE_teacher,CC(C)(C)CC(C)(C)N=C(S)NC1CCN(Cc2ccccc2)CC1,10.0,0.352247295880932,0.3680070784819483,-0.03496672375982575,0.40297380224177404,0.18864031471122678
frozen_GE_teacher,CC(C)(C)CCNc1nc(-c2ccccn2)nnc1-c1ccccc1,20.0,0.3801660623823388,0.40025375318023926,0.032293460915781134,0.36796029226445814,0.8329583774015499
frozen_GE_teacher,CC(C)(C)NCC(O)c1cc(Cl)c(N)c(Cl)c1,10.0,-0.3261565268006325,-0.3385211798956479,-0.0015718299507758646,-0.336949349944872,-0.19788505097837206
frozen_GE_teacher,CC(C)(C)Nc1ncnc2c1cnn2-c1ccccc1,10.0,0.4049129036003973,0.42951140709489083,-0.07775335221839386,0.5072647593132846,0.10862078658587579
frozen_GE_teacher,CC(C)(C)OC(=O)NN=Cc1ccc(OC(=O)c2ccco2)cc1,10.0,0.33356184280649925,0.34683068547370605,-0.0069852323882753226,0.35381591786198135,-0.08645692421568972
frozen_GE_teacher,CC(C)(C)[C@@H]1CCC(=O)N(CC[C@H](Sc2ccccc2)c2ccccc2)CC1,10.0,0.13651980375531889,0.13737755265797674,0.09220998400833114,0.045167568649645606,-0.20118491882817996
frozen_GE_teacher,CC(C)(C)[S@@](=O)N1Cc2cc(C(=O)N3CCCCC3)nc(-c3cccc(-c4cccc(C#N)c4)c3)c2[C@H]1CCO,10.0083,0.22546866734250093,0.22941026051150543,-0.23688261050922851,0.4662928710207339,0.18880827565384442
frozen_GE_teacher,CC(C)(C)[S@@](=O)N1Cc2cc(C(=O)N3CCCCC3)nc(-c3cccc(-c4ccccc4F)c3)c2[C@H]1CCO,10.1202,-0.09840176642119125,-0.09872122955630548,-0.08380976104511628,-0.0149114685111892,0.07596947356906182
frozen_GE_teacher,CC(C)(C)[S@@](=O)N1Cc2cc(C(=O)N3CCc4ccccc4C3)nc(-c3cccc(-c4ccncc4)c3)c2[C@H]1CCO,10.027,0.11339636544972712,0.11388619482290509,0.05381014576805763,0.06007604905484746,-0.04608880022146865
frozen_GE_teacher,CC(C)(C)[S@@](=O)N1Cc2cc(C(=O)NC3CCC3)nc(-c3cccc(-c4ccccc4F)c3)c2[C@H]1CCO,10.0785,-0.1339767357455745,-0.13478709831248897,-0.030427891885046125,-0.10435920642744284,-0.03798082033791172
frozen_GE_teacher,CC(C)(C)[S@@](=O)N1Cc2cc(C(=O)NCc3ccc4c(c3)OCO4)nc(-c3cccc(-c4ccccc4)c3)c2[C@H]1CCO,9.84483,-0.019363594403169797,-0.0193660150665203,-0.10319527989877401,0.08382926483225371,-0.1878847082159597
frozen_GE_teacher,CC(C)(C)[S@@](=O)N1Cc2cc(C(=O)NCc3ccccc3F)nc(-c3cccc(-c4ccncc4)c3)c2[C@H]1CCO,10.0185,0.5508406473179568,0.6195873427363008,-0.09556629361196907,0.7151536363482699,0.38924416408474816
frozen_GE_teacher,CC(C)(C)[S@@](=O)N1Cc2cc(C(=O)N[C@H]3CCN(Cc4ccccc4)C3)nc(-c3cccc(-c4cccnc4)c3)c2[C@H]1CCO,10.1413,0.34205809110065366,0.35642148023724773,-0.05860540529125216,0.41502688552849987,0.10118074938365564
frozen_GE_teacher,CC(C)(C)[S@](=O)N1Cc2cc(C(=O)NCCc3ccncc3)nc(-c3cccc(-c4ccncc4)c3)c2[C@@H]1CCO,10.5897,0.20390456798482492,0.2068031460658697,-0.2724312933295997,0.4792344393954694,0.1903247136193596
frozen_GE_teacher,CC(C)(C)[S@](=O)N1Cc2cc(C(=O)NCc3ccccc3F)nc(-c3cccc(-c4ccncc4)c3)c2[C@@H]1CCO,10.5212,0.025218940862862912,0.025224289277198577,-0.1346333297750868,0.15985761905228538,0.2158178276562708
frozen_GE_teacher,CC(C)(C)[S@](=O)N1Cc2cc(C(=O)NCc3ccccc3F)nc(-c3cccc(-c4cncnc4)c3)c2[C@@H]1CCO,10.5048,0.5600898991030473,0.6329641681598511,-0.2939594497806972,0.9269236179405483,0.34815909860138294
frozen_GE_teacher,CC(C)(C)c1ccc(C(=O)Nc2cccc3c(=O)[nH][nH]c(=O)c23)cc1,10.0,0.6603285046249878,0.793395897825137,-0.05542684339245923,0.8488227412175962,-0.2925774656050725
frozen_GE_teacher,CC(C)(C)c1ccc(C=CC(=O)Nc2ccc3c(c2)OCCO3)cc1,10.0,0.2652458107895534,0.2717428461430567,-0.019603642045433373,0.29134648818849007,0.20184164043247724
frozen_GE_teacher,CC(C)(C)c1ccc(Cn2cnc(-c3ccc([N+](=O)[O-])cc3)c2)cc1,10.0,0.4634467245399717,0.50169192183594,0.07051393451517096,0.43117798732076906,-0.30301933989506147
frozen_GE_teacher,CC(C)(C)c1ccc(NC(=O)COc2ccc(-n3ccnc3)cc2)cc1,10.0,0.2962052145372087,0.3053546965926334,0.11734207353416676,0.18801262305846667,0.1329159732223179
frozen_GE_teacher,CC(C)(C)c1ccc2c(c1)OC(C(=O)NN=Cc1ccccn1)CO2,20.0,0.5298699991127599,0.5899643943929452,0.07888797916609437,0.5110764152268509,0.23525999617092852
frozen_GE_teacher,CC(C)(O)/C=C/C(=O)[C@](C)(O)C1[C@H](O)C[C@@]2(C)[C@@H]3CC=C4C(CC(=O)C(=O)C4(C)C)[C@]3(C)C(=O)C[C@@]12C,10.0,0.4506788794346102,0.4855518644932202,-0.02589894484368908,0.5114508093369092,0.601007304170396
frozen_GE_teacher,CC(C)(Oc1ccc(Cl)cc1)C(=O)O,10.0,0.7409362381543176,0.9525520496366561,0.0037400198001184028,0.9488120298365377,0.08365833092223494
frozen_GE_teacher,CC(C)(c1ccc(NS(=O)(=O)C(F)(F)F)cc1)c1ccc(C(C)(C)c2cccc(NS(=O)(=O)C(F)(F)F)c2)cc1,10.0,-0.005077130223696289,-0.005077173849191586,-0.003215487821175476,-0.0018616860280161098,-0.1371910690199208
frozen_GE_teacher,CC(C)C#Cc1ccc2c(c1)O[C@@H](CN(C)C(=O)Nc1ccccc1)[C@H](C)CN([C@H](C)CO)S2(=O)=O,10.0264,0.30171053017075566,0.31140037048868713,0.011845011058292826,0.2995553594303943,0.21832891746650376
frozen_GE_teacher,CC(C)C#Cc1cnc2c(c1)C(=O)N([C@@H](C)CO)C[C@@H](C)[C@H](CN(C)C(=O)c1cccnc1)O2,10.0102,-0.26559563207983106,-0.2721191794253841,-0.017626476733043392,-0.2544927026923407,0.1902548636205254
frozen_GE_teacher,CC(C)C#Cc1cnc2c(c1)C(=O)N([C@H](C)CO)C[C@@H](C)[C@@H](CN(C)Cc1cncnc1)O2,10.1643,0.1159252447266256,0.11644876591727381,-0.0011854350306761598,0.11763420094794996,0.09949224443983863
frozen_GE_teacher,CC(C)C#Cc1cnc2c(c1)C(=O)N([C@H](C)CO)C[C@H](C)[C@H](CN(C)Cc1cncnc1)O2,10.0568,-0.056561721586863324,-0.056622155589038374,0.028492394475392313,-0.0851145500644307,-0.03094809447240814
frozen_GE_teacher,CC(C)C(=O)OCC(=O)C(C#N)c1nc2ccccc2[nH]1,10.0,0.05221645344896473,0.05226398830029686,0.004342206707913373,0.047921781592383486,-0.13878989403275566
frozen_GE_teacher,CC(C)C1N=C2c3ccccc3N=C(SCC(=O)NCCc3ccc(S(N)(=O)=O)cc3)N2C1=O,10.0,0.3308863931919858,0.34382329935409767,0.13431659976342278,0.2095066995906749,0.22418329133606776
frozen_GE_teacher,CC(C)CC#Cc1ccc2c(c1)O[C@@H](CN(C)C(=O)CC1CC1)[C@@H](C)CN([C@@H](C)CO)S2(=O)=O,10.0001,0.1764118941475473,0.1782768919335112,0.017159598655451233,0.16111729327805996,0.2654493766348196
frozen_GE_teacher,CC(C)CC#Cc1ccc2c(c1)O[C@@H](CN(C)C(=O)CC1CC1)[C@H](C)CN([C@H](C)CO)S2(=O)=O,10.0733,0.2660333857273026,0.2725902152255401,0.020894984218285173,0.25169523100725494,0.3257383517797498
frozen_GE_teacher,CC(C)CC#Cc1ccc2c(c1)O[C@@H](CN(C)C(=O)c1cnccn1)[C@@H](C)CN([C@@H](C)CO)S2(=O)=O,10.0125,0.439089228789197,0.4711019363452247,0.1641033114864649,0.3069986248587598,0.21854465035689363
frozen_GE_teacher,CC(C)CC#Cc1ccc2c(c1)O[C@@H](CN(C)S(=O)(=O)c1ccc(F)cc1)[C@@H](C)CN([C@H](C)CO)S2(=O)=O,9.97582,0.2825156776730208,0.29041385214848253,0.060391505473771534,0.230022346674711,-0.17425364280288413
frozen_GE_teacher,CC(C)CC#Cc1ccc2c(c1)O[C@@H](CN(C)S(=O)(=O)c1ccc(F)cc1)[C@H](C)CN([C@@H](C)CO)S2(=O)=O,10.0732,0.2865919902902198,0.2948493165471705,0.01202604849094839,0.2828232680562221,0.1984824942502133
frozen_GE_teacher,CC(C)CC#Cc1ccc2c(c1)O[C@H](CN(C)S(=O)(=O)c1ccc(F)cc1)[C@H](C)CN([C@@H](C)CO)S2(=O)=O,10.0442,0.11377278574240193,0.11426753496328906,-0.041554531511641,0.15582206647493008,-0.03832559264377902
frozen_GE_teacher,CC(C)CC#Cc1cnc2c(c1)C(=O)N([C@@H](C)CO)C[C@H](C)[C@H](CN(C)C(=O)c1cccc(F)c1)O2,10.027,-0.09908602316190726,-0.09941222376509792,0.03953261946218074,-0.13894484322727868,0.04840040312145935
frozen_GE_teacher,CC(C)COC(=O)N(C)C[C@@H]1OCc2ccccc2-c2c(n(C)c3ccccc23)C(=O)N([C@H](C)CO)C[C@@H]1C,9.75033,-0.27495719102113,-0.28221859069013255,-0.04468213234431295,-0.2375364583458196,0.29395669401410696
frozen_GE_teacher,CC(C)COC(=O)N(C)C[C@@H]1OCc2ccccc2-c2ccccc2C(=O)N([C@H](C)CO)C[C@@H]1C,10.2633,-0.3094467332557082,-0.3199334369019828,-0.11345997188646484,-0.20647346501551794,0.21880752244740548
frozen_GE_teacher,CC(C)COC(=O)N(C)C[C@@H]1OCc2ccccc2-c2ccccc2C(=O)N([C@H](C)CO)C[C@H]1C,10.1029,0.4231944151484493,0.45157697189710966,0.010436564884902029,0.44114040701220764,-0.27490972391211604
frozen_GE_teacher,CC(C)COC(=O)N(C)C[C@@H]1OCc2cn(nn2)CCCC(=O)N([C@H](C)CO)C[C@@H]1C,10.0127,0.015656368125591454,0.015657647553139774,-0.0012926869166770757,0.01695033446981685,-0.12064899499613616
frozen_GE_teacher,CC(C)COC(=O)N(C)C[C@@H]1OCc2cnnn2CCCC(=O)N([C@@H](C)CO)C[C@H]1C,9.99401,-0.18453629263512003,-0.1866748726104846,-0.038927732877587225,-0.14774713973289738,-0.06722769995579181
frozen_GE_teacher,CC(C)COC(=O)N(C)C[C@H]1OCc2ccccc2-c2c(n(C)c3ccccc23)C(=O)N([C@@H](C)CO)C[C@@H]1C,10.0439,-0.01918643035097021,-0.019188785168323202,0.05866501313187728,-0.07785379830020048,-0.026965788863265172
frozen_GE_teacher,CC(C)COC(=O)N(C)C[C@H]1OCc2ccccc2-c2ccccc2C(=O)N([C@H](C)CO)C[C@H]1C,9.95358,0.33807979568620583,0.3519229327799885,-0.004107956467816042,0.3560308892478045,-0.03542658823790629
frozen_GE_teacher,CC(C)COC(=O)N(C)C[C@H]1OCc2cn(nn2)CCCC(=O)N([C@@H](C)CO)C[C@@H]1C,10.0027,-0.11128556138975773,-0.11174841003263707,0.0707038454366814,-0.18245225546931848,0.09109719863512211
frozen_GE_teacher,CC(C)COC(=O)N(C)C[C@H]1OCc2cnnn2CCCC(=O)N([C@@H](C)CO)C[C@@H]1C,10.0057,0.31680116616378573,0.3280873899840246,-0.041202144527195964,0.36928953451122054,0.051251910251769534
frozen_GE_teacher,CC(C)COC(=O)N(C)C[C@H]1OCc2cnnn2CCCC(=O)N([C@H](C)CO)C[C@@H]1C,10.0003,0.14583292818597643,0.1468801453131042,0.10602640067997658,0.04085374463312762,-0.18625622675595246
frozen_GE_teacher,CC(C)NC(=O)N(C)C[C@@H]1OCCCC[C@@H](C)Oc2ccc(NC(=O)c3ccncc3)cc2C(=O)N([C@H](C)CO)C[C@H]1C,10.0933,-0.21772343577345254,-0.2212650087731266,0.02350261501254449,-0.2447676237856711,-0.2640175148014693
frozen_GE_teacher,CC(C)NC(=O)N(C)C[C@@H]1OCc2cn(nn2)CCCC(=O)N([C@H](C)CO)C[C@@H]1C,10.1945,-0.015282983489927664,-0.015284173536741169,0.0555155982418302,-0.07079977177857137,-0.13368730956276043
frozen_GE_teacher,CC(C)NC(=O)N(C)C[C@@H]1Oc2ccc(N(C)C)cc2C(=O)N([C@@H](C)CO)C[C@@H]1C,10.0311,0.12141755207127618,0.12201954073494559,0.022504586839825754,0.09951495389511983,-0.15987324088843602
frozen_GE_teacher,CC(C)NC(=O)N(C)C[C@@H]1Oc2ccc(NC(=O)C3CC3)cc2CC(=O)N([C@@H](C)CO)C[C@@H]1C,10.1285,0.18087435846017322,0.18288647212672693,0.061390147393308905,0.12149632473341802,0.26329680154745816
frozen_GE_teacher,CC(C)NC(=O)N(C)C[C@@H]1Oc2ncc(C#CC3CC3)cc2C(=O)N([C@H](C)CO)C[C@H]1C,10.076,0.06749908569714856,0.06760187830475037,0.010646212504464748,0.05695566580028562,0.16129853749121945
frozen_GE_teacher,CC(C)NC(=O)N(C)C[C@H]1OCCCC[C@H](C)Oc2ccc(NC(=O)c3ccncc3)cc2C(=O)N([C@H](C)CO)C[C@@H]1C,10.0641,-0.5165405915933233,-0.5716098678440024,0.0394773947231159,-0.6110872625671182,0.23597493357424587
frozen_GE_teacher,CC(C)NC(=O)N(C)C[C@H]1OCc2ccccc2-c2c(n(C)c3ccccc23)C(=O)N([C@H](C)CO)C[C@H]1C,10.0705,0.1503440049837794,0.15149237778653857,-0.04654090049737236,0.19803327828391093,0.24943150104342215
frozen_GE_teacher,CC(C)NC(=O)N(C)C[C@H]1OCc2cn(nn2)CCCC(=O)N([C@@H](C)CO)C[C@@H]1C,10.0468,-0.3328908659082547,-0.34607589696556446,-0.09653501928736072,-0.24954087767820374,-0.14412748595513206
frozen_GE_teacher,CC(C)NC(=O)N(C)C[C@H]1Oc2cc(C#C[C@@H](C)O)ccc2S(=O)(=O)N([C@H](C)CO)C[C@H]1C,10.0953,0.42381843273297864,0.45233737338265667,0.2175541788018814,0.23478319458077526,-0.08283416481071373
frozen_GE_teacher,CC(C)NC(=O)N(C)C[C@H]1Oc2ccc(N(C)C)cc2C(=O)N([C@@H](C)CO)C[C@@H]1C,9.75738,0.10925625979537738,0.10969412830300611,0.042365837904228924,0.06732829039877719,0.12232027582608476
frozen_GE_teacher,CC(C)NC(=O)N(C)C[C@H]1Oc2ccc(NC(=O)C3CC3)cc2C(=O)N([C@@H](C)CO)C[C@@H]1C,9.85014,-0.15547472680572932,-0.1567459473881578,0.028914751176216107,-0.18566069856437392,0.07706088632442165
frozen_GE_teacher,CC(C)NC(=O)N1[C@@H]2Cn3c(ccc(-c4cccc(C(=O)N(C)C)c4)c3=O)[C@H]1[C@@H](C(=O)O)[C@@H]2CO,10.0437,-0.20349565214805287,-0.2063765282558356,0.0009333562653778072,-0.2073098845212134,0.07170555869028318
frozen_GE_teacher,CC(C)NC(=O)N1[C@H](C#N)[C@@H](c2ccc(-c3ccc(F)cc3)cc2)[C@@H]1CO,10.1843,-0.14338324809459788,-0.1443781432495984,0.025997220502525113,-0.17037536375212353,0.0011436779391351681
frozen_GE_teacher,CC(C)NC(=O)N1[C@H](C#N)[C@@H](c2ccc(-c3ccc(F)cc3)cc2)[C@H]1CO,10.0013,-0.36121419551758455,-0.3782815886600067,-0.07631203787663164,-0.30196955078337506,0.3864755489820951
frozen_GE_teacher,CC(C)NC(=O)N1[C@H](C#N)[C@@H](c2ccc(C#CC3CCCCC3)cc2)[C@@H]1CO,9.98957,0.2088770662840331,0.21199689601779156,0.04935292549230344,0.16264397052548812,-0.08984259052681343
frozen_GE_teacher,CC(C)NC(=O)N1[C@H](C#N)[C@@H](c2ccc(C#CC3CCCCC3)cc2)[C@H]1CO,10.0301,0.05132491823025882,0.05137005710385377,0.0009504493003167584,0.05041960780353701,-0.04829646574603028
frozen_GE_teacher,CC(C)NC(=O)NCC[C@@H]1CC[C@H](NC(=O)CCN2CCCCC2)[C@H](CO)O1,10.1369,-0.16690159475127678,-0.16847776836297476,0.04372316161160111,-0.21220092997457587,-0.07755961216347818
frozen_GE_teacher,CC(C)NC(=O)NCC[C@H]1CC[C@@H](NC(=O)Nc2ccccc2)[C@@H](CO)O1,10.2596,0.16222072524036973,0.16366660086760765,0.30862073566303716,-0.1449541347954295,-0.24054860897878466
frozen_GE_teacher,CC(C)NC(=O)NCC[C@H]1CC[C@@H](NS(=O)(=O)c2ccc(Oc3ccccc3)cc2)[C@H](CO)O1,10.0977,0.4851474313362014,0.5296943707148744,-0.14550606029786498,0.6752004310127393,0.1978458371708538
frozen_GE_teacher,CC(C)NC(=O)N[C@@H]1C=C[C@@H](CC(=O)NC2Cc3ccccc3C2)O[C@@H]1CO,10.102,0.2500889112663768,0.25550765281606225,0.049450181633205074,0.20605747118285717,0.2722010317717698
frozen_GE_teacher,CC(C)NC(=O)N[C@@H]1C=C[C@@H](CC(=O)NC2Cc3ccccc3C2)O[C@H]1CO,9.95058,0.13851667348943225,0.13941291438754963,-0.053758391081347584,0.19317130546889721,-0.18415957894774765
frozen_GE_teacher,CC(C)NC(=O)N[C@@H]1C=C[C@H](CC(=O)NC2Cc3ccccc3C2)O[C@@H]1CO,10.0034,0.02993820349844815,0.029947152809314606,0.1345118663585082,-0.1045647135491936,0.2425450740817886
frozen_GE_teacher,CC(C)NC(=O)N[C@@H]1C=C[C@H](CC(=O)NCCCN(C)C)O[C@@H]1CO,10.1322,-0.17545323423497672,-0.17728761146206437,-0.05314011804175836,-0.12414749342030601,0.0024516151954326743
frozen_GE_teacher,CC(C)NC(=O)N[C@@H]1CC[C@@H](CC(=O)NCc2ccc(Oc3ccccc3)cc2)O[C@H]1CO,10.0603,0.43027408360649183,0.46023298749721037,0.049000045770651264,0.4112329417265591,0.3855197747513507
frozen_GE_teacher,CC(C)NC(=O)N[C@@H]1CC[C@@H](CCN)O[C@@H]1CO,10.0971,-0.06856115608520476,-0.06866888701515363,-0.04386215903762297,-0.024806727977530654,-0.02059088528791886
frozen_GE_teacher,CC(C)NC(=O)N[C@H]1C=C[C@@H](CC(=O)NCCCN(C)C)O[C@@H]1CO,10.0109,0.03411430882821653,0.0341275519958735,-0.014496179432915392,0.0486237314287889,0.11661291874462601
frozen_GE_teacher,CC(C)NC(=O)N[C@H]1C=C[C@H](CC(=O)NCCCN(C)C)O[C@@H]1CO,9.9989,0.18930336001395626,0.19161453776539955,-0.021755229661798662,0.2133697674271982,-0.07514951781780588
frozen_GE_teacher,CC(C)NC(=O)N[C@H]1C=C[C@H](CC(=O)O)O[C@H]1CO,10.0087,0.3497642491988621,0.3651751176436425,0.05097629838762959,0.31419881925601295,0.06279063083828221
frozen_GE_teacher,CC(C)NC(=O)N[C@H]1CC[C@@H](CC(=O)NCc2ccc(Oc3ccccc3)cc2)O[C@@H]1CO,9.96555,0.09353522063893975,0.09380943634113072,0.029894273278283118,0.0639151630628476,-0.18621396973276158
frozen_GE_teacher,CC(C)NC(=O)N[C@H]1CC[C@@H](CCN)O[C@H]1CO,9.94691,-0.1492811939616264,-0.15040516546037558,-0.04631629724261371,-0.10408886821776187,-0.047713755960492765
frozen_GE_teacher,CC(C)NC(=O)N[C@H]1CC[C@@H](CCNS(=O)(=O)Cc2ccccc2)O[C@H]1CO,9.98625,0.025422603647172,0.02542808272265075,0.019449403098100324,0.005978679624550426,-0.010570582096296488
frozen_GE_teacher,CC(C)NC(=O)Nc1ccc2c(c1)C(=O)N(C)[C@H]1CC[C@H](CC(=O)NCc3ccc(F)cc3)O[C@@H]1CO2,10.022,0.10887542229143643,0.10930870605872797,0.007943440319745879,0.1013652657389821,-0.3596632908511562
frozen_GE_teacher,CC(C)NC(=O)Nc1ccc2c(c1)C(=O)N(C)[C@H]1CC[C@H](CC(=O)NCc3ccc(F)cc3)O[C@H]1CO2,9.83263,0.26945609250243496,0.2762772393121635,0.0975769803368503,0.17870025897531322,-0.17219888419044221
frozen_GE_teacher,CC(C)NC(=O)Nc1ccc2c(c1)C(=O)N(C)[C@H]1CC[C@H](CC(=O)Nc3ccccc3Cl)O[C@@H]1CO2,10.0,0.26272083045237676,0.2690287244048889,0.0024394155451118197,0.26658930885977705,0.1606159838721303
frozen_GE_teacher,CC(C)NC(=O)Nc1ccc2c(c1)C(=O)N([C@@H](C)CO)C[C@@H](C)[C@@H](CN(C)C(=O)C1CCCCC1)OCCCC[C@@H](C)O2,10.0299,-0.18122874276160558,-0.1832528667243059,0.028495707941114775,-0.21174857466542069,0.1297936780996533
frozen_GE_teacher,CC(C)NC(=O)Nc1ccc2c(c1)C(=O)N([C@@H](C)CO)C[C@@H](C)[C@H](CN(C)Cc1ccccc1)OCCCC[C@H](C)O2,10.0289,0.06414038664539468,0.06422856201875723,-0.04972692054482461,0.11395548256358184,0.03890166088795306
frozen_GE_teacher,CC(C)NC(=O)Nc1ccc2c(c1)C(=O)N([C@H](C)CO)C[C@@H](C)[C@@H](CN(C)C(=O)c1ccccc1)OCCCC[C@H](C)O2,10.0416,-0.03262446949449585,-0.03263605157526138,-0.0550984426072453,0.02246239103198392,0.09576047503684479
frozen_GE_teacher,CC(C)NC(=O)Nc1ccc2c(c1)C(=O)N([C@H](C)CO)C[C@@H](C)[C@@H](CN(C)Cc1ccccc1)OCCCC[C@@H](C)O2,10.0511,0.3881382903775128,0.409606238315614,0.017793094982970898,0.3918131433326431,0.2569273577970622
frozen_GE_teacher,CC(C)NC(=O)Nc1ccc2c(c1)C(=O)N([C@H](C)CO)C[C@@H](C)[C@H](CN(C)C(=O)C1CCCCC1)OCCCC[C@@H](C)O2,10.0429,0.11027153570119394,0.11072178563329965,0.031171720009151877,0.07955006562414778,0.08128719779900503
frozen_GE_teacher,CC(C)NC(=O)Nc1ccc2c(c1)C(=O)N([C@H](C)CO)C[C@@H](C)[C@H](CN(C)C(=O)Nc1ccccc1)O2,10.1396,-0.13327209900335085,-0.13406965117182132,-0.009549169776721062,-0.12452048139510026,-0.09279141510625209
frozen_GE_teacher,CC(C)NC(=O)Nc1ccc2c(c1)C(=O)N([C@H](C)CO)C[C@@H](C)[C@H](CN(C)C(=O)c1ccccc1)OCCCC[C@H](C)O2,10.0756,-0.22464765552325386,-0.2285454446951682,0.06668711957941006,-0.2952325642745782,-0.008428306684868624
frozen_GE_teacher,CC(C)NC(=O)Nc1ccc2c(c1)C(=O)N([C@H](C)CO)C[C@H](C)[C@@H](CN(C)C(=O)c1ccccc1)OCCCC[C@H](C)O2,10.0798,-0.21195328640175978,-0.21521562699840605,0.0010444477181227188,-0.21626007471652878,0.2169500467558134
frozen_GE_teacher,CC(C)NC(=O)Nc1ccc2c(c1)C(=O)N([C@H](C)CO)C[C@H](C)[C@H](CN(C)C(=O)C1CCCCC1)OCCCC[C@@H](C)O2,10.0402,-0.39423055586061045,-0.41679925538054086,-0.037742397628580296,-0.3790568577519606,-0.13004102664579698
frozen_GE_teacher,CC(C)NC(=O)Nc1ccc2c(c1)C(=O)N([C@H](C)CO)C[C@H](C)[C@H](CN(C)C(=O)Nc1ccccc1)O2,10.3344,0.27225205914933404,0.27929456541469216,-0.0068735142006835035,0.28616807961537566,0.1509779816849678
frozen_GE_teacher,CC(C)NC(=O)Nc1cccc2c1O[C@@H](CN(C)C(=O)Nc1ccccc1)[C@@H](C)CN([C@H](C)CO)C2=O,10.0594,-0.053624578467720924,-0.053676068199147095,-0.0301036977573815,-0.023572370441765595,-0.16822662863775614
frozen_GE_teacher,CC(C)NC(=O)Nc1cccc2c1O[C@@H](CN(C)Cc1ccccc1)[C@@H](C)CN([C@@H](C)CO)C2=O,10.1156,0.3594239269382332,0.37622421010343077,-0.009468130345401716,0.3856923404488325,0.03310166309867428
frozen_GE_teacher,CC(C)NC(=O)Nc1cccc2c1O[C@@H](CN(C)Cc1ccccc1)[C@@H](C)CN([C@H](C)CO)C2=O,10.0459,0.17207982236825103,0.17380916486437162,-0.06344146708935477,0.2372506319537264,-0.16147287196325713
frozen_GE_teacher,CC(C)NC(=O)Nc1cccc2c1O[C@@H](CN(C)Cc1ccccc1)[C@H](C)CN([C@@H](C)CO)C2=O,10.0336,0.03349278004126719,0.03350531216803391,0.043568150832873055,-0.010062838664839147,-0.2720964319084061
frozen_GE_teacher,CC(C)NCC(O)COc1cccc2[nH]ccc12,10.0,0.20493518512012582,0.2078787083570913,-0.020493894085003718,0.228372602442095,0.33877045879723117
frozen_GE_teacher,CC(C)NCC(O)c1ccc2ccccc2c1,10.0,-0.2597740663510224,-0.2658661080532977,0.054920167362284146,-0.32078627541558186,0.045249743209494035
frozen_GE_teacher,CC(C)Nc1nc(Cl)nc(NC2CCCCC2)n1,10.0,0.6033782540721346,0.6984425228336668,-0.08687277009257885,0.7853152929262457,-0.06713333716184897
frozen_GE_teacher,CC(C)OC(=O)N(C)C[C@@H]1OCc2ccccc2-c2ccccc2C(=O)N([C@@H](C)CO)C[C@H]1C,10.1211,-0.006223490570264356,-0.006223570921201359,0.10060494600597973,-0.1068285169271811,-0.10416305266040696
frozen_GE_teacher,CC(C)OC(=O)N(C)C[C@H]1OCc2ccccc2-c2ccccc2C(=O)N([C@H](C)CO)C[C@H]1C,10.1667,0.41025954115338104,0.43592324915889163,-0.03437912459719355,0.4703023737560852,0.30637032861608443
frozen_GE_teacher,CC(C)OC(=O)N(C)C[C@H]1OCc2cn(nn2)CCCC(=O)N([C@@H](C)CO)C[C@@H]1C,10.0184,0.14872566070679413,0.1498370181713597,-0.032580014839585614,0.1824170330109453,0.13394647167103174
frozen_GE_teacher,CC(C)[C@@H](C)NC(=O)N(C)C[C@H]1OCc2ccccc2-c2ccccc2C(=O)N([C@@H](C)CO)C[C@H]1C,10.1637,0.34445502929092897,0.3591385605963439,-0.08066063172911939,0.4397991923254633,0.06218584424362199
frozen_GE_teacher,CC(C)[C@@]1(NC(=O)[C@@H]2CC3c4cccc5[nH]cc(c45)C[C@H]3N(C)C2)O[C@@]2(O)[C@@H]3CCCN3C(=O)[C@H](Cc3ccccc3)N2C1=O,10.0,0.12429968891588641,0.12494585014783778,0.01064216376622621,0.11430368638161156,0.279090103493899
frozen_GE_teacher,CC(C)[C@H](C)NC(=O)N(C)C[C@@H]1OCc2ccccc2-c2c(n(C)c3ccccc23)C(=O)N([C@@H](C)CO)C[C@@H]1C,9.76388,0.41694226526144457,0.443985141320386,0.1087028716975272,0.33528226962285884,-0.2639512959626027
frozen_GE_teacher,CC(C)[C@H](C)NC(=O)N(C)C[C@@H]1OCc2ccccc2-c2c(n(C)c3ccccc23)C(=O)N([C@@H](C)CO)C[C@H]1C,10.0263,0.17444387221857582,0.17624638039056956,0.02037523739354121,0.15587114299702834,0.08576783874882701
frozen_GE_teacher,CC(C)[C@H](C)NC(=O)N(C)C[C@H]1OCc2ccccc2-c2c(n(C)c3ccccc23)C(=O)N([C@@H](C)CO)C[C@H]1C,10.1992,0.37797643061038483,0.39769668122019647,0.030930731300126933,0.36676594992006956,-0.41464075580917725
frozen_GE_teacher,CC(C)[C@H](C)NC(=O)N(C)C[C@H]1OCc2ccccc2-c2ccccc2C(=O)N([C@H](C)CO)C[C@H]1C,10.1939,0.21744062017599972,0.22096813877184027,0.05293408423041209,0.16803405454142817,-0.06342020620934159
frozen_GE_teacher,CC(C)[C@H](CO)Nc1nc(NCc2ccc(S(N)(=O)=O)cc2)c2ncn(C(C)C)c2n1,10.0,0.36213082610057906,0.37933616538420295,0.070011236684959,0.30932492869924394,0.4958176946297478
frozen_GE_teacher,CC(C)[C@H](NC(=O)c1cccc(S(=O)(=O)N2CCCC2)c1)c1nc2ccccc2[nH]1,20.0,0.43815106672543525,0.46994028718076425,0.052948625432202114,0.4169916617485621,0.22722218774726524
frozen_GE_teacher,CC(C)[C@H]1C(=O)N2CCC[C@H]2[C@]2(O)O[C@](NC(=O)[C@@H]3C=C4c5cccc6[nH]cc(c56)C[C@H]4N(C)C3)(C(C)C)C(=O)N12,10.0,0.4808802538880095,0.5241286874282348,0.0254873370122381,0.4986413504159967,-0.3956900120458683
frozen_GE_teacher,CC(C)c1ccc(NS(=O)(=O)c2cn(C)c(=O)n(C)c2=O)cc1,10.0,0.2799396588204568,0.28761659928183136,-0.1084833737477788,0.3960999730296102,0.027955040126298417
frozen_GE_teacher,CC(C)c1ccc(OCC(=O)NNC(=O)c2cnccn2)cc1,10.0,0.7636548916472697,1.0049252586853927,0.11406909298361029,0.8908561657017824,0.36996822165108806
frozen_GE_teacher,CC(C)c1ccc(S(=O)(=O)N2CCN(C(=O)c3ccco3)CC2)cc1,10.0,0.06404220389893993,0.064129974304045,-0.045770682156191005,0.109900656460236,0.004527629628484367
frozen_GE_teacher,CC(C)c1ccc2c(c1)CC[C@H]1[C@](C)(CN)CCC[C@]21C,10.0,0.5654733474213672,0.6408431160162917,0.04407855362866067,0.5967645623876311,0.14607573539086463
frozen_GE_teacher,CC(C)c1ccc2nc(N)sc2c1,10.0,0.10430792218131503,0.1046887061031781,-0.00317816623193299,0.10786687233511108,-0.004400849509237632
frozen_GE_teacher,CC(C)c1cn(CC[C@@H]2CC[C@H](NC(=O)c3cccc(F)c3)[C@@H](CO)O2)nn1,10.1153,-0.04950033164124345,-0.04954082112195076,0.03168771208107592,-0.08122853320302667,-0.2854447434321835
frozen_GE_teacher,CC(C)c1cn(CC[C@@H]2CC[C@H](NS(=O)(=O)Cc3ccccc3)[C@H](CO)O2)nn1,10.0341,-0.007627047663360813,-0.007627195561695903,-0.012992617531847009,0.005365421970151106,0.11389772221745299
frozen_GE_teacher,CC(C)c1cn(CC[C@H]2CC[C@@H](NC(=O)c3cccc(F)c3)[C@H](CO)O2)nn1,10.1373,-0.2691762419315274,-0.27597550347709654,0.03654842671174477,-0.3125239301888413,0.1895118203654337
frozen_GE_teacher,CC(C)c1cn(CC[C@H]2CC[C@@H](NS(=O)(=O)Cc3ccccc3)[C@H](CO)O2)nn1,9.98791,-0.39717365611672945,-0.42028874483075107,-0.06909796745083133,-0.35119077737991977,-0.1660311223737904
frozen_GE_teacher,CC(C)c1cn(CC[C@H]2CC[C@H](N)[C@@H](CO)O2)nn1,10.0629,-0.13497108562740104,-0.1357997604896504,0.04419971493039891,-0.1799994754200493,0.12598279992528078
frozen_GE_teacher,CC(C)c1cn(CC[C@H]2CC[C@H](NC(=O)C3CC3)[C@@H](CO)O2)nn1,10.0408,0.4610208596985857,0.4986069099568546,-0.17749679229061938,0.676103702247474,0.19842224362776992
frozen_GE_teacher,CC(C)n1nnnc1SCC(=O)c1ccc2c(c1)OCCO2,10.0,0.17850964041810288,0.1804428501597249,0.05516160781463753,0.12528124234508736,0.21494996218286094
frozen_GE_teacher,CC(CC(=O)c1ccccc1)=NNC(=O)c1ccc(Cl)cc1,10.0,0.29952814378321413,0.30900116148889617,0.1103142870955335,0.1986868743933627,0.2385514826670514
frozen_GE_teacher,CC(Nc1nc(N2CCCC2)nc2ccccc12)c1ccccc1,20.0,0.20585409804402857,0.2088380949636311,0.08541082169657338,0.12342727326705771,0.2485845191331043
frozen_GE_teacher,CC/C(=C(/CC)c1ccc(O)cc1)c1ccc(O)cc1,10.0,0.3096073152374516,0.3201110339177868,0.019868398135270537,0.30024263578251625,-0.19704648583229462
frozen_GE_teacher,CC1(C)C(=O)CC[C@@]2(C)C1C[C@@H](O)[C@@]1(C)C3=CC(=O)O[C@@H](c4ccoc4)[C@]3(C)CCC21,10.0,-0.17712470168451588,-0.17901269104335815,-0.03957075873256927,-0.13944193231078889,0.15579892364106684
frozen_GE_teacher,CC1(C)C(=O)[C@@H]2C[C@@]3(O)C4=CC(=O)O[C@@H](c5ccoc5)[C@]4(C)CCC3[C@@](C)(C2=O)[C@H]1CC(=O)O,10.0,0.7472404561088822,0.9666771613584058,0.2639559368498411,0.7027212245085647,0.48402517626196484
frozen_GE_teacher,CC1(C)Cc2c(cnn2-c2ccccc2)-c2c1c1ccccc1n2CC(O)CBr,10.0,0.0895975675315458,0.08983848385738465,0.12504369370648638,-0.035205209849101735,-0.014965006567080552
frozen_GE_teacher,CC1(CCc2ccccc2)NC(=O)N(CC(=O)Nc2ccc3c(c2)OCCO3)C1=O,10.0,0.21997085717670323,0.22362548415113365,0.08821863297929192,0.13540685117184173,-0.06603251139883295
frozen_GE_teacher,CC12CC3CC(C)(C1)CC(C(=O)NC1=NCCS1)(C3)C2,10.0,0.3274348329022338,0.33995232614491133,0.22479593159516956,0.11515639454974178,-0.008586379339899947
frozen_GE_teacher,CC12CCC(O)CC1CCC1C2[C@H](O)CC2(C)C(C3=CC(=O)OC3)CCC12O,10.0,0.33415612019008983,0.34749951144676106,0.25380339422196907,0.09369611722479199,0.8025912875440506
frozen_GE_teacher,CC1=C(C(=O)OC(C)C)C(c2ccc(Cl)cc2)n2c(sc(=Cc3ccc(OCC(=O)O)cc3)c2=O)=N1,20.0,0.24198103670839585,0.24687729558079874,0.16987060192015607,0.07700669366064267,-0.021470916060331025
frozen_GE_teacher,CC1=C(C(=O)OCc2ccccc2)C(c2ccc([N+](=O)[O-])cc2)NC(=O)N1CCCCCC(=O)O,10.0,0.3160362729748549,0.3272373945024139,-0.04137515830384917,0.3686125528062631,0.17860775660818218
frozen_GE_teacher,CC1C(OC(=O)C(O)c2ccccc2)CCC(C)(C)N1C,10.0,-0.21165568745568575,-0.2149040503664821,0.31559458507445226,-0.5304986354409343,-0.5191454739098587
frozen_GE_teacher,CC1CC(C)CN(c2oc(-c3ccco3)nc2C#N)C1,10.0,0.4016004726352743,0.4255557102825149,0.15855572084433048,0.26699998943818437,0.2266196774773743
frozen_GE_teacher,CC1CCCN(c2nc3c(c(=O)n(C)c(=O)n3C)n2CCSc2nc3ccccc3s2)C1,10.0,0.6529498890565636,0.7804238003750095,0.029719942850722603,0.7507038575242868,0.03297450079387966
frozen_GE_teacher,CC1CCN(Cc2nc(-c3ccccc3)no2)CC1,10.0,0.5636636871631453,0.6381867792387208,0.10955709341340338,0.5286296858253174,0.13368650688050765
frozen_GE_teacher,CC1CN(c2cc(-c3ccccc3)c3ccccc3n2)CC(C)O1,10.0,0.15497626773146733,0.15623518141923812,-0.013305851328635826,0.16954103274787394,-0.017536822101085703
frozen_GE_teacher,CC1Cc2ccccc2N1NC(=O)c1ccc(Cl)c(S(N)(=O)=O)c1,10.0,0.32437060590308553,0.33652395951446634,0.2686622680553754,0.06786169145909093,0.06776209068952299
frozen_GE_teacher,CC1O[C@@H](Oc2c(-c3ccc(O)c(O)c3)oc3cc(O)cc(O)c3c2=O)[C@H](O)[C@H](O)[C@H]1O,10.0,0.28515852107430234,0.2932882710537654,0.33629413251842505,-0.04300586146465962,-0.12348400293976092
frozen_GE_teacher,CCC(=C(c1ccccc1)c1ccc(OCCN(C)C)cc1)c1ccccc1,10.0,0.21642950454901463,0.2199070891709622,-0.004718985180407465,0.22462607435136966,0.325717935673412
frozen_GE_teacher,CCC(=O)N(C)C[C@@H]1Oc2cc(-c3ccc(OC)cc3)ccc2S(=O)(=O)N([C@@H](C)CO)C[C@H]1C,10.0025,-0.019315824882441438,-0.019318227672132805,0.00740781113651969,-0.026726038808652493,0.07599427819966958
frozen_GE_teacher,CCC(=O)N(C)C[C@@H]1Oc2cc(C#Cc3ccccc3)ccc2S(=O)(=O)N([C@H](C)CO)C[C@@H]1C,10.062206,-0.02264484129831652,-0.022648713163603618,0.015520385105319348,-0.038169098268922966,0.03498610213079206
frozen_GE_teacher,CCC(=O)N(C)C[C@H]1Oc2cc(C#Cc3ccccc3)ccc2S(=O)(=O)N([C@@H](C)CO)C[C@H]1C,10.0427,0.2096660617206857,0.21282202781163523,-0.00724809835052275,0.220070126162158,-0.2971042549035436
frozen_GE_teacher,CCC(=O)N(c1ccccc1)C1CCN(CCc2ccc(N=C=S)cc2)CC1,10.0,0.18977321184433482,0.19210189790294868,-0.003983547590508398,0.19608544549345708,0.4290651673034674
frozen_GE_teacher,CCC(=O)N1C[C@@H](C)[C@@H](OC)CN(C)C(=O)c2cc(NC(=O)NC(C)C)ccc2OC[C@@H]1C,9.94756,0.17796529605847766,0.1798806453267008,0.02981641568722319,0.15006422963947763,-0.03992367188768553
frozen_GE_teacher,CCC(=O)N1C[C@@H](C)[C@@H](OC)CN(C)C(=O)c2cc(NC(=O)NC(C)C)ccc2OC[C@H]1C,9.98107,0.2701921721872857,0.2770711173868814,0.04444516338921314,0.23262595399766825,0.14971996728465417
frozen_GE_teacher,CCC(=O)N1C[C@@H](C)[C@@H](OC)CN(C)C(=O)c2cc(NC(=O)c3cnccn3)ccc2OC[C@H]1C,10.095,0.32941225287336695,0.342168823026337,0.017483443371344536,0.32468537965499245,0.08033614831256691
frozen_GE_teacher,CCC(=O)N1C[C@@H](C)[C@@H](OC)CN(C)C(=O)c2cc(NS(C)(=O)=O)ccc2OC[C@H]1C,9.9461,0.252477998043463,0.2580577637425637,0.030130472777932574,0.2279272909646311,-0.03021268553910443
frozen_GE_teacher,CCC(=O)N1C[C@@H](C)[C@@H](OC)CN(C)C(=O)c2ccc(NC(=O)C3CCOCC3)cc2OC[C@@H]1C,10.045,-0.1953313369758019,-0.1978740507042551,0.05242340681567692,-0.25029745751993204,-0.03912307303367022
frozen_GE_teacher,CCC(=O)N1C[C@@H](C)[C@@H](OC)CN(C)C(=O)c2ccc(NC(=O)c3cc(C)on3)cc2OC[C@@H]1C,10.0235,0.18956432054021946,0.19188521146792104,0.04233259946681619,0.14955261200110484,0.1411126685858007
frozen_GE_teacher,CCC(=O)N1C[C@@H](C)[C@@H](OC)CN(C)C(=O)c2ccc(NC(=O)c3cc(C)on3)cc2OC[C@H]1C,10.0462,-0.010824669062495709,-0.010825091880198845,-0.0016003978631171662,-0.009224694017081678,0.009687316706619155
frozen_GE_teacher,CCC(=O)N1C[C@@H](C)[C@H](OC)CN(C)C(=O)c2cc(NC(=O)C3CC3)ccc2OC[C@@H]1C,9.94469,0.5522286823037613,0.6215821931072781,0.009194713136850392,0.6123874799704278,0.13045284675405117
frozen_GE_teacher,CCC(=O)N1C[C@@H](C)[C@H](OC)CN(C)C(=O)c2ccc(NC(=O)C3CCOCC3)cc2OC[C@H]1C,10.098,-0.2941838930349132,-0.30314042260137564,0.009581529114094987,-0.3127219517154706,-0.23727955032678233
frozen_GE_teacher,CCC(=O)N1C[C@@H](C)[C@H](OC)CN(C)C(=O)c2ccc(NC(=O)c3cc(C)on3)cc2OC[C@H]1C,10.0269,0.036971558256466065,0.036988417512047476,-0.011325501895059063,0.04831391940710654,0.08088155020564289
frozen_GE_teacher,CCC(=O)N1C[C@@H](O)COC[C@H]2O[C@@H](CC(=O)NCc3cc(F)cc(F)c3)CC[C@@H]21,9.96981,-0.1792110180100144,-0.18116740709888943,-0.06599558129217308,-0.11517182580671635,0.028390245148304738
frozen_GE_teacher,CCC(=O)N1C[C@H](C)[C@@H](OC)CN(C)C(=O)c2cc(NC(=O)c3cnccn3)ccc2OC[C@H]1C,9.93465,0.21126498216970435,0.21449505673034866,0.035936445220733235,0.17855861150961544,0.12268829646293088
frozen_GE_teacher,CCC(=O)N1C[C@H](C)[C@@H](OC)CN(C)C(=O)c2ccc(NC(=O)Nc3cccc(F)c3)cc2OC[C@H]1C,9.9857,0.015080427874773605,0.015081571224264397,0.027120275636372985,-0.012038704412108588,-0.016241739270123675
frozen_GE_teacher,CCC(=O)N1C[C@H](C)[C@@H](OC)CN(C)C(=O)c2ccc(NC(=O)Nc3ccccc3)cc2OC[C@H]1C,10.0375,-0.20899633015763305,-0.212121603959895,-0.034532498200073744,-0.17758910575982123,-0.2927632517940079
frozen_GE_teacher,CCC(=O)N1C[C@H](C)[C@@H](OC)CN(C)C(=O)c2ccc(NC(=O)c3ccc(F)cc3)cc2OC[C@H]1C,10.031,-0.0006735651108614943,-0.0006735652127247646,0.04912798922251125,-0.04980155443523601,0.0032828330978224365
frozen_GE_teacher,CCC(=O)N1C[C@H](C)[C@H](OC)CN(C)C(=O)c2cc(NC(=O)NC(C)C)ccc2OC[C@@H]1C,10.0038,-0.09258627351317274,-0.0928521991774793,0.05273089068854998,-0.1455830898660293,-0.15874706234621805
frozen_GE_teacher,CCC(=O)N1C[C@H](C)[C@H](OC)CN(C)C(=O)c2ccc(NC(=O)Nc3ccc(Cl)cc3)cc2OC[C@H]1C,9.73124,0.23426400862525887,0.23869633771561594,-0.1830987532724308,0.42179509098804674,0.1689422451819757
frozen_GE_teacher,CCC(=O)N1C[C@H](O)COC[C@@H]2O[C@@H](CC(=O)NCc3cc(F)cc(F)c3)CC[C@H]21,9.99998,-0.14622879241569078,-0.14728463530250382,0.10878228102349968,-0.25606691632600354,-0.06377383925510482
frozen_GE_teacher,CCC(=O)N1C[C@H](O)COC[C@@H]2O[C@H](CC(=O)NCc3cc(F)cc(F)c3)CC[C@H]21,10.1877,0.10250513599942912,0.1028664340145059,0.03384966411004493,0.06901676990446097,-0.013949165099614184
frozen_GE_teacher,CCC(=O)N1[C@@H]2Cn3c(ccc(-c4ccncc4)c3=O)[C@H]1[C@@H](C(=O)NC1Cc3ccccc3C1)[C@@H]2CO,9.9921,0.007059212728244037,0.0070593299911194075,-0.018537783675514993,0.0255971136666344,-0.05745951905270737
frozen_GE_teacher,CCC(=O)N1[C@H](C(=O)N(C)C)[C@@H](CO)[C@@H]2Cn3c(ccc(-c4ccc(F)cc4)c3=O)[C@@H]21,9.96753,0.5032514766370594,0.5536508916920388,0.02666394097517727,0.5269869507168616,-0.3001658223957972
frozen_GE_teacher,CCC(=O)N1[C@H](C(=O)N2CCCCC2)[C@@H](CO)[C@@H]2Cn3c(cccc3=O)[C@@H]21,9.94511,-0.005441457280774379,-0.0054415109879275975,0.01455095633567487,-0.019992467323602468,-0.09125789207461275
frozen_GE_teacher,CCC(=O)N1[C@H](C(=O)NCCCN(C)C)[C@@H](CO)[C@@H]2Cn3c(ccc(-c4ccccc4OC)c3=O)[C@@H]21,10.0679,0.13964283156135315,0.14056128574141863,-0.005632420836961735,0.14619370657838038,0.008618401600722995
frozen_GE_teacher,CCC(=O)NCC(=O)OCC(=O)c1ccccc1,10.0,0.19036710687558217,0.1927180525685076,0.013240443437778745,0.17947760913072885,0.2548060268048444
frozen_GE_teacher,CCC(=O)N[C@@H]1C=C[C@H](CC(=O)NCc2cc(F)cc(F)c2)O[C@H]1CO,10.0137,-0.08109508321287419,-0.08127355955795562,0.015285783870242167,-0.09655934342819779,-0.051412709267453664
frozen_GE_teacher,CCC(=O)N[C@@H]1CC[C@@H](CC(=O)NCC2CCCCC2)O[C@H]1CO,9.96946,0.4635458762331906,0.5018182021885826,0.03306326835384654,0.4687549338347361,0.07588061452337291
frozen_GE_teacher,CCC(=O)N[C@@H]1CC[C@H](CC(=O)NCCN2CCCCC2)O[C@H]1CO,10.0665,0.6413581912878445,0.7604776002053555,-0.026198495590877502,0.786676095796233,-0.3473684772195553
frozen_GE_teacher,CCC(=O)N[C@@H]1CC[C@H](CC(=O)OC)O[C@H]1CO,10.0395,0.3102027245207791,0.32076970249786946,-0.025575714497444918,0.3463454169953144,0.18811291592186846
frozen_GE_teacher,CCC(=O)N[C@H]1C=C[C@@H](CC(=O)NCC2CCCCC2)O[C@H]1CO,10.1413,-0.05297858980522224,-0.053028238992949873,-0.09680110986693383,0.04377287087398395,-0.013814063403639804
frozen_GE_teacher,CCC(=O)N[C@H]1C=C[C@@H](CC(=O)NCc2cc(F)cc(F)c2)O[C@@H]1CO,10.0774,0.07133245302447397,0.07145381116773743,0.07197392995430865,-0.0005201187865712248,0.3189203555053327
frozen_GE_teacher,CCC(=O)N[C@H]1C=C[C@@H](CC(=O)OC)O[C@@H]1CO,10.0543,-0.06892188483790927,-0.0690313284514064,-0.08939747029169182,0.020366141840285415,0.3532383166188067
frozen_GE_teacher,CCC(=O)N[C@H]1C=C[C@H](CC(=O)NCC2CCCCC2)O[C@H]1CO,10.0662,0.3641600743596425,0.3816736728349846,-0.05474463220288104,0.43641830503786566,-0.2584176048731491
frozen_GE_teacher,CCC(=O)N[C@H]1CC[C@@H](CC(=O)NCCN2CCCCC2)O[C@H]1CO,9.97289,0.03393530685697105,0.033948342555609676,-0.13885548944551765,0.1728038320011273,0.05030687414019666
frozen_GE_teacher,CCC(=O)N[C@H]1CC[C@H](CC(=O)NCC2CCCCC2)O[C@@H]1CO,10.0016,-0.02746064745502481,-0.027467553153664732,0.04961841596282014,-0.07708596911648488,-0.20815357140187568
frozen_GE_teacher,CCC(=O)N[C@H]1CC[C@H](CC(=O)NCCN2CCCCC2)O[C@@H]1CO,10.03,-0.20407000043082385,-0.20697576116686708,0.04850287262198644,-0.2554786337888535,0.22719267719815556
frozen_GE_teacher,CCC(=O)N[C@H]1CC[C@H](CC(=O)NCCN2CCCCC2)O[C@H]1CO,10.0187,-0.2621748535734484,-0.2684423593444444,0.01803174180868196,-0.2864741011531263,-0.23338523331363298
frozen_GE_teacher,CCC(=O)N[C@H]1CC[C@H](CCNC(=O)Nc2ccc(C(F)(F)F)cc2)O[C@H]1CO,10.0945,-0.12487093636498528,-0.12552610402432784,0.023198994414063204,-0.14872509843839105,-0.13289544113850188
frozen_GE_teacher,CCC(=O)Nc1ccc2c(c1)C(=O)N(C)C[C@@H](OC)[C@@H](C)CN(C(=O)C1CCC1)[C@@H](C)CO2,10.0122,0.18800362232332987,0.19026683492462426,0.07893546202131255,0.11133137290331171,0.010848977581065344
frozen_GE_teacher,CCC(=O)Nc1ccc2c(c1)C(=O)N(C)C[C@@H](OC)[C@@H](C)CN(C(=O)C1CCC1)[C@H](C)CO2,9.94692,-0.04412326091707445,-0.04415192838042187,0.03141461815604092,-0.07556654653646279,-0.16245100793454786
frozen_GE_teacher,CCC(=O)Nc1ccc2c(c1)C(=O)N(C)C[C@@H](OC)[C@@H](C)CN(C(=O)NC(C)C)[C@@H](C)CO2,10.0552,0.009278978226738253,0.009279244545429865,0.05955351457637803,-0.050274270030948164,0.12988506159975463
frozen_GE_teacher,CCC(=O)Nc1ccc2c(c1)C(=O)N(C)C[C@@H](OC)[C@@H](C)CN(Cc1ccncc1)[C@H](C)CO2,9.96716,-0.19089426290518444,-0.19326508790869115,0.06262195950238843,-0.2558870474110796,0.31531960770454365
frozen_GE_teacher,CCC(=O)Nc1ccc2c(c1)C(=O)N(C)C[C@@H](OC)[C@H](C)CN(C(=O)C1CCC1)[C@@H](C)CO2,9.94223,-0.33438985980030383,-0.34776265421955843,0.050477489020109755,-0.39824014323966817,-0.16846678425903228
frozen_GE_teacher,CCC(=O)Nc1ccc2c(c1)C(=O)N(C)C[C@@H](OC)[C@H](C)CN(C(=O)NC(C)C)[C@@H](C)CO2,10.0875,0.3281658346133044,0.34077133266588,-0.045186525499368024,0.385957858165248,0.3015911536715367
frozen_GE_teacher,CCC(=O)Nc1ccc2c(c1)C(=O)N(C)C[C@@H](OC)[C@H](C)CN(C(=O)c1cccnc1)[C@@H](C)CO2,9.95082,0.25902532770206665,0.26506335344084153,0.096855515950866,0.16820783748997553,0.03676801083912912
frozen_GE_teacher,CCC(=O)Nc1ccc2c(c1)C(=O)N(C)C[C@H](OC)[C@@H](C)CN(C(=O)CC)[C@H](C)CO2,10.1138,0.2731791432190629,0.2802961405253031,0.028197563752477086,0.25209857677282604,0.3108774777397549
frozen_GE_teacher,CCC(=O)Nc1ccc2c(c1)C(=O)N(C)C[C@H](OC)[C@H](C)CN(C(=O)NC(C)C)[C@@H](C)CO2,10.0618,0.550742908822291,0.6194470405413897,0.10840486469639002,0.5110421758449997,0.24614324092160314
frozen_GE_teacher,CCC(=O)Nc1ccc2c(c1)C(=O)N(C)C[C@H](OC)[C@H](C)CN(C(=O)NC(C)C)[C@H](C)CO2,9.99718,0.1508746397800855,0.15203532843759474,0.024842946659288077,0.12719238177830666,-0.05663986908913361
frozen_GE_teacher,CCC(=O)Nc1ccc2c(c1)C(=O)N(C)[C@H]1CC[C@H](CC(=O)Nc3c(F)cccc3F)O[C@@H]1CO2,10.0214,-0.12883268837463227,-0.12955265440662128,-0.0466882080902338,-0.08286444631638748,-0.1990917398773836
frozen_GE_teacher,CCC(=O)Nc1ccc2c(c1)OC[C@@H](C)N(C(=O)CC1CC1)C[C@@H](C)[C@@H](OC)CN(C)C2=O,10.0162,0.2781409949746474,0.2856660588172074,0.06437009882393671,0.2212959599932707,0.0952358211835291
frozen_GE_teacher,CCC(=O)Nc1ccc2c(c1)OC[C@@H](C)N(C(=O)CC1CC1)C[C@H](C)[C@@H](OC)CN(C)C2=O,10.0764,0.25737678085295385,0.26329705057897645,-0.05570739184883796,0.3190044424278144,0.03778595615085294
frozen_GE_teacher,CCC(=O)Nc1ccc2c(c1)OC[C@@H](C)N(C(=O)COC)C[C@@H](C)[C@H](OC)CN(C)C2=O,9.87195,0.4046559885017207,0.4292041473457172,-0.10574328912632783,0.534947436472045,0.28166388016075095
frozen_GE_teacher,CCC(=O)Nc1ccc2c(c1)OC[C@@H](C)N(C(=O)c1ccc(F)cc1)C[C@@H](C)[C@@H](OC)CN(C)C2=O,10.0935,0.10560878019055463,0.10600405452038589,-0.016289688383076872,0.12229374290346276,0.16313474919687032
frozen_GE_teacher,CCC(=O)Nc1ccc2c(c1)OC[C@@H](C)N(C(=O)c1ccc(F)cc1)C[C@H](C)[C@@H](OC)CN(C)C2=O,9.9439,0.11247625658860376,0.11295419864453174,0.0289476924987742,0.08400650614575754,-0.03282495430212852
frozen_GE_teacher,CCC(=O)Nc1ccc2c(c1)OC[C@@H](C)N(C(=O)c1cnccn1)C[C@H](C)[C@H](OC)CN(C)C2=O,9.92882,0.009853028730069928,0.009853347599797736,0.01769469442765598,-0.007841346827858245,-0.2224700070640651
frozen_GE_teacher,CCC(=O)Nc1ccc2c(c1)OC[C@@H](C)N(C(C)=O)C[C@@H](C)[C@@H](OC)CN(C)C2=O,9.94506,0.23417915756646845,0.23860656155926696,0.12176162971752899,0.11684493184173797,-0.11451239603161198
frozen_GE_teacher,CCC(=O)Nc1ccc2c(c1)OC[C@@H](C)N(CCc1ccccc1)C[C@@H](C)[C@H](OC)CN(C)C2=O,10.1224,0.2514438923813562,0.25695355822100335,-0.037495698173585876,0.29444925639458924,0.5091812870128234
frozen_GE_teacher,CCC(=O)Nc1ccc2c(c1)OC[C@@H](C)N(Cc1ccccc1)C[C@@H](C)[C@@H](OC)CN(C)C2=O,10.079,0.33585060589388527,0.349408205307472,0.04862783957303056,0.30078036573444145,0.11843806375521053
frozen_GE_teacher,CCC(=O)Nc1ccc2c(c1)OC[C@@H](C)N(Cc1cncnc1)C[C@H](C)[C@H](OC)CN(C)C2=O,9.97511,0.3017320948464792,0.3114240949374043,-0.05215323813253198,0.3635773330699363,-6.938940269054367e-05
frozen_GE_teacher,CCC(=O)Nc1ccc2c(c1)OC[C@@H](C)N(Cc1nccs1)C[C@H](C)[C@@H](OC)CN(C)C2=O,9.98046,-0.09474273988538745,-0.09502775263977682,-0.20878154602144788,0.11375379338167106,0.5876683105458012
frozen_GE_teacher,CCC(=O)Nc1ccc2c(c1)OC[C@H](C)N(C(=O)CC1CC1)C[C@H](C)[C@H](OC)CN(C)C2=O,9.9845,0.08314215072111801,0.08333452586424388,0.039355617089270566,0.04397890877497331,0.22807952201287954
frozen_GE_teacher,CCC(=O)Nc1ccc2c(c1)OC[C@H](C)N(C(=O)COC)C[C@@H](C)[C@H](OC)CN(C)C2=O,10.0096,0.058855409215288035,0.05892350838568785,0.02523579851472396,0.03368770987096389,0.05687796966946028
frozen_GE_teacher,CCC(=O)Nc1ccc2c(c1)OC[C@H](C)N(C(=O)c1cnccn1)C[C@H](C)[C@H](OC)CN(C)C2=O,9.94973,-0.01135748588314541,-0.011357974264389165,-0.022197383169332542,0.010839408904943377,0.1222247979650452
frozen_GE_teacher,CCC(=O)Nc1ccc2c(c1)OC[C@H](C)N(CC1CCCCC1)C[C@@H](C)[C@H](OC)CN(C)C2=O,9.97762,0.2565067892786657,0.262365562973745,0.01995074407437103,0.242414818899374,0.11375459920683323
frozen_GE_teacher,CCC(=O)Nc1ccc2c(c1)OC[C@H](C)N(CCc1ccccc1)C[C@@H](C)[C@@H](OC)CN(C)C2=O,10.0737,0.07903154317332739,0.0791967058516151,-0.07301703068454654,0.15221373653616166,0.11393820173190894
frozen_GE_teacher,CCC(=O)Nc1ccc2c(c1)OC[C@H](C)N(CCc1ccccc1)C[C@H](C)[C@H](OC)CN(C)C2=O,10.0097,0.2594832347777331,0.26555425541510497,-0.02452196046736914,0.2900762158824741,0.42011281020067187
frozen_GE_teacher,CCC(=O)Nc1ccc2c(c1)OC[C@H](C)N(Cc1ccccc1)C[C@@H](C)[C@@H](OC)CN(C)C2=O,10.0995,0.030488354323197516,0.030497806307766776,0.034536777292264044,-0.004038970984497268,-0.022937851572759196
frozen_GE_teacher,CCC(=O)Nc1ccc2c(c1)OC[C@H](C)N(Cc1cncnc1)C[C@H](C)[C@H](OC)CN(C)C2=O,10.0329,0.15478367622812592,0.15603785652397545,-0.06346274369992794,0.21950060022390339,-0.03212724133520897
frozen_GE_teacher,CCC(=O)Nc1ccc2c(c1)OC[C@H](C)N(Cc1nccs1)C[C@@H](C)[C@@H](OC)CN(C)C2=O,10.0395,0.29804188852180685,0.3073692181726408,0.007466661902134171,0.2999025562705066,0.023329213204027352
frozen_GE_teacher,CCC(=O)Nc1cccc(-c2csc(-c3ccccc3)n2)c1,10.0,0.6370447489923112,0.7531841808841875,-0.06365322041789762,0.8168374013020852,-0.06999351815867152
frozen_GE_teacher,CCC(=O)O[C@H]1[C@H](O[C@@H]2[C@@H](C)[C@H](O[C@H]3C[C@@](C)(OC)[C@@H](O)[C@H](C)O3)[C@@H](C)C(=O)O[C@H](CC)[C@@](C)(O)[C@H](O)[C@@H](C)C(=O)[C@H](C)C[C@@]2(C)O)O[C@H](C)C[C@@H]1N(C)C,10.0,0.5711254892747377,0.649191576658383,-0.03818610998532226,0.6873776866437052,0.5431947193143161
frozen_GE_teacher,CCC(=O)Oc1ccc(NC(=O)c2ccco2)cc1,10.0,0.1102422069031898,0.11069209590986434,0.08541018446693469,0.025281911442929655,0.1398474062507004
frozen_GE_teacher,CCC(C(=O)N1CCc2cc(OC)c(OC)cc2C1)c1ccccc1,10.0,-0.039837483510503376,-0.039858577962588106,0.13528408753998206,-0.17514266550257016,-0.061726004712854735
frozen_GE_teacher,CCC(C)C(=O)O[C@H]1C[C@H](O)C=C2C=C[C@H](C)[C@H](CC[C@@H](O)C[C@@H](O)CC(=O)O)C21,10.0,0.36476840626040785,0.38237519026493166,0.01963635369217854,0.36273883657275313,0.11402939708610788
frozen_GE_teacher,CCC(NC(=O)Nc1nnc(C(F)(F)F)s1)(C(F)(F)F)C(F)(F)F,10.0,0.322171795961389,0.33406854703452027,-0.022144662405005018,0.3562132094395253,0.1649162349329093
frozen_GE_teacher,CCC1(c2ccccc2)C(=O)NCNC1=O,10.0,-0.22317688878525982,-0.22699704601006482,-0.06839426220311978,-0.15860278380694504,0.02581845923898539
frozen_GE_teacher,CCC1=Nc2cc(C(=O)NCc3cccnc3)ccc2Sc2ccc(C)cc21,10.0,0.1898450938863897,0.19217646646499156,0.13192741190599172,0.06024905455899984,-0.09312570161319669
frozen_GE_teacher,CCC1Oc2ccc(C)cc2N(CC(=O)N(Cc2cccnc2)Cc2ccc(C)o2)C1=O,10.0,-0.002381578754344736,-0.002381583257066022,0.02136138113388848,-0.0237429643909545,0.20833204868869737
frozen_GE_teacher,CCCC#Cc1ccc([C@@H]2[C@@H](C#N)N(S(C)(=O)=O)[C@H]2CO)cc1,10.2615,0.30509245063286367,0.31512517321058137,-0.12721671213551655,0.4423418853460979,0.25200625876590255
frozen_GE_teacher,CCCC#Cc1ccc([C@@H]2[C@@H](CO)N(S(C)(=O)=O)[C@H]2C#N)cc1,10.0521,0.10614571871565347,0.10654708037457776,0.07556902840752931,0.030978051967048448,-0.04280318297784189
frozen_GE_teacher,CCCC#Cc1ccc([C@H]2[C@@H](C#N)N(S(C)(=O)=O)[C@H]2CO)cc1,9.87547,0.3004462772682461,0.3100100909854903,0.10814066333583215,0.20186942764965815,0.02313828777114922
frozen_GE_teacher,CCCC#Cc1ccc2c(c1)O[C@@H](CN(C)C(=O)CN(C)C)[C@@H](C)CN([C@@H](C)CO)S2(=O)=O,10.0657,0.07334665617228925,0.07347861081365364,0.04830649048021057,0.02517212033344307,-0.009453549586148594
frozen_GE_teacher,CCCC#Cc1ccc2c(c1)O[C@H](CN(C)C(=O)Nc1ccccc1F)[C@@H](C)CN([C@H](C)CO)S2(=O)=O,10.0701,-0.06569315742863427,-0.06578790448180233,-0.01113561791169658,-0.05465228657010575,0.07861560210960439
frozen_GE_teacher,CCCC#Cc1ccc2c(c1)O[C@H](CN(C)CC1CCOCC1)[C@@H](C)CN([C@@H](C)CO)S2(=O)=O,10.0627,-0.016441934718781356,-0.01644341658144331,0.16121732342552145,-0.17766074000696475,0.043856332855839786
frozen_GE_teacher,CCCC#Cc1ccc2c(c1)O[C@H](CN(C)CC1CCOCC1)[C@@H](C)CN([C@H](C)CO)S2(=O)=O,10.0112,0.133963117692063,0.13477323137601588,0.04824745441340173,0.08652577696261415,0.06655649636516056
frozen_GE_teacher,CCCC#Cc1cnc2c(c1)C(=O)N([C@@H](C)CO)C[C@@H](C)[C@@H](CN(C)C(=O)Nc1cccc(F)c1)O2,10.0012,-0.10931176853187592,-0.10975030799332254,-0.07218684401893437,-0.03756346397438817,0.009570815099091384
frozen_GE_teacher,CCCC#Cc1cnc2c(c1)C(=O)N([C@@H](C)CO)C[C@@H](C)[C@H](CN(C)C(=O)Nc1cccc(F)c1)O2,9.98406,-0.006511540391158509,-0.006511632423614214,0.026174167860621995,-0.03268580028423621,-0.08521403885842826
frozen_GE_teacher,CCCC#Cc1cnc2c(c1)C(=O)N([C@@H](C)CO)C[C@@H](C)[C@H](CN(C)S(=O)(=O)c1cn(C)cn1)O2,10.0467,-0.2148998466996459,-0.21830281410539007,0.0080327640664536,-0.22633557817184366,0.3405592161918213
frozen_GE_teacher,CCCC#Cc1cnc2c(c1)C(=O)N([C@@H](C)CO)C[C@H](C)[C@@H](CN(C)C(=O)Nc1cccc(F)c1)O2,10.0698,-0.12290126611187682,-0.12352573183981605,0.013889146722354927,-0.13741487856217097,0.05863742404937097
frozen_GE_teacher,CCCC#Cc1cnc2c(c1)C(=O)N([C@@H](C)CO)C[C@H](C)[C@@H](CN(C)C(=O)c1ccccc1)O2,9.99578,0.17895564031486091,0.18090356785629794,0.10731203052294348,0.07359153733335445,0.24795160045307507
frozen_GE_teacher,CCCC#Cc1cnc2c(c1)C(=O)N([C@@H](C)CO)C[C@H](C)[C@@H](CN(C)S(=O)(=O)c1cn(C)cn1)O2,10.056,0.13014703055699875,0.1308894110265387,0.007026943678226911,0.12386246734831179,-0.09595965349738873
frozen_GE_teacher,CCCC#Cc1cnc2c(c1)C(=O)N([C@@H](C)CO)C[C@H](C)[C@H](CN(C)C(=O)Nc1cccc(F)c1)O2,10.0948,-0.18845234768323982,-0.1907320424926425,-0.05820332034327169,-0.1325287221493708,-0.1250155090387237
frozen_GE_teacher,CCCC#Cc1cnc2c(c1)C(=O)N([C@@H](C)CO)C[C@H](C)[C@H](CN(C)Cc1ccccc1F)O2,10.0558,0.09670029865290806,0.09700341427713047,-0.003349246329879846,0.10035266060701031,0.038947198972012105
frozen_GE_teacher,CCCC#Cc1cnc2c(c1)C(=O)N([C@H](C)CO)C[C@@H](C)[C@@H](CN(C)S(=O)(=O)c1cccc(OC)c1)O2,10.0147,-0.03111322666778361,-0.031123272045056244,0.0013169014389769118,-0.03244017348403316,0.18611161338636156
frozen_GE_teacher,CCCC#Cc1cnc2c(c1)C(=O)N([C@H](C)CO)C[C@@H](C)[C@H](CN(C)C(=O)CCN1CCCCC1)O2,10.0107,-0.00591044748560032,-0.005910516311030914,-0.012541404913065296,0.006630888602034382,0.008267113594536251
frozen_GE_teacher,CCCC#Cc1cnc2c(c1)C(=O)N([C@H](C)CO)C[C@H](C)[C@@H](CN(C)C(=O)c1ccccc1)O2,10.0087,-0.25627800218003305,-0.2621206778452121,-0.04284182826473455,-0.21927884958047755,0.022246288406877066
frozen_GE_teacher,CCCC#Cc1cnc2c(c1)C(=O)N([C@H](C)CO)C[C@H](C)[C@@H](CN(C)S(=O)(=O)c1cccc(OC)c1)O2,9.98846,0.3395774500719799,0.3536148250614202,0.00567553999490867,0.34793928506651156,0.20338489931883014
frozen_GE_teacher,CCCC#Cc1cnc2c(c1)C(=O)N([C@H](C)CO)C[C@H](C)[C@@H](CN(C)S(=O)(=O)c1cn(C)cn1)O2,10.0333,-0.1415787208962261,-0.14253622299834412,-0.06558669850144626,-0.07694952449689786,0.11827434042553497
frozen_GE_teacher,CCCC#Cc1cnc2c(c1)C(=O)N([C@H](C)CO)C[C@H](C)[C@H](CN(C)C(=O)c1ccccc1)O2,10.0324,0.16159105447290062,0.16301997986573824,0.0228330046375274,0.14018697522821083,0.2729680511920054
frozen_GE_teacher,CCCC(=O)NC(=S)N1CCN(c2ccc([N+](=O)[O-])cc2)CC1,10.0,0.3594447656182237,0.376248140413099,0.025172032069513798,0.3510761083435852,0.16782671625845474
frozen_GE_teacher,CCCC(=O)Nc1ccc2c(c1)C(=O)N(C)C[C@@H](OC)[C@@H](C)CN(C(=O)C1CCCC1)[C@H](C)CO2,10.0395,0.41282871119016773,0.43901628540350984,0.19480055892256187,0.24421572648094797,0.23895135361100078
frozen_GE_teacher,CCCC(=O)Nc1ccc2c(c1)C(=O)N(C)C[C@@H](OC)[C@@H](C)CN(C(=O)CC1CC1)[C@H](C)CO2,10.0192,-0.4158260753388458,-0.4426348419343728,0.07557005658978516,-0.518204898524158,0.21764963567608636
frozen_GE_teacher,CCCC(=O)Nc1ccc2c(c1)C(=O)N(C)C[C@@H](OC)[C@@H](C)CN(C(=O)c1ccccc1F)[C@H](C)CO2,10.0092,0.49228103923743477,0.5390665297394355,0.03107548503573851,0.5079910447036969,0.10780533402056866
frozen_GE_teacher,CCCC(=O)Nc1ccc2c(c1)C(=O)N(C)C[C@@H](OC)[C@@H](C)CN(C(=O)c1ccccn1)[C@@H](C)CO2,10.031,0.20663632654875808,0.20965507548961898,0.05585645449053568,0.1537986209990833,-0.05104903839634273
frozen_GE_teacher,CCCC(=O)Nc1ccc2c(c1)C(=O)N(C)C[C@@H](OC)[C@@H](C)CN(C(=O)c1ccccn1)[C@H](C)CO2,10.082,0.5112616385177213,0.5644364024798527,0.001937884968103834,0.5624985175117488,0.15493449640236118
frozen_GE_teacher,CCCC(=O)Nc1ccc2c(c1)C(=O)N(C)C[C@@H](OC)[C@@H](C)CN(C)[C@@H](C)CO2,9.85625,0.2502567938840005,0.25568674412454706,0.16143971079619102,0.09424703332835604,-0.26456864697480653
frozen_GE_teacher,CCCC(=O)Nc1ccc2c(c1)C(=O)N(C)C[C@@H](OC)[C@@H](C)CN(CC1CCCC1)[C@@H](C)CO2,9.99451,-0.23972378126659996,-0.24448103189507725,0.09281806904383637,-0.33729910093891363,-0.06707286997578024
frozen_GE_teacher,CCCC(=O)Nc1ccc2c(c1)C(=O)N(C)C[C@@H](OC)[C@@H](C)CN(CCc1ccccc1)[C@@H](C)CO2,10.0459,0.08158943418727328,0.08177120323351535,0.05207588301750994,0.029695320216005405,0.17031635047219457
frozen_GE_teacher,CCCC(=O)Nc1ccc2c(c1)C(=O)N(C)C[C@@H](OC)[C@@H](C)CN(CCc1ccccc1)[C@H](C)CO2,10.0584,0.5098130950714829,0.5624771935221972,0.024925207083938056,0.5375519864382591,0.5532088020583636
frozen_GE_teacher,CCCC(=O)Nc1ccc2c(c1)C(=O)N(C)C[C@@H](OC)[C@@H](C)CN(Cc1cncnc1)[C@H](C)CO2,10.047,0.16839329928591742,0.17001261099014264,0.07696921404910288,0.09304339694103976,0.48529158287000024
frozen_GE_teacher,CCCC(=O)Nc1ccc2c(c1)C(=O)N(C)C[C@@H](OC)[C@@H](C)CN(Cc1nccs1)[C@H](C)CO2,10.0368,0.1840878812297013,0.186210692561085,0.01503842112466464,0.17117227143642036,0.2537738701080229
frozen_GE_teacher,CCCC(=O)Nc1ccc2c(c1)C(=O)N(C)C[C@@H](OC)[C@H](C)CN(C(=O)c1ccccc1F)[C@H](C)CO2,10.0205,0.2379279827145939,0.24257660858811142,0.0913186997069235,0.15125790888118792,0.11341027385660671
frozen_GE_teacher,CCCC(=O)Nc1ccc2c(c1)C(=O)N(C)C[C@@H](OC)[C@H](C)CN(C(=O)c1ccncc1)[C@H](C)CO2,10.346,0.08742022186558636,0.08764394567016046,-0.01769585856925457,0.10533980423941502,-0.28188451637358114
frozen_GE_teacher,CCCC(=O)Nc1ccc2c(c1)C(=O)N(C)C[C@@H](OC)[C@H](C)CN(C(C)=O)[C@@H](C)CO2,9.95139,-0.07282281830084257,-0.07295195988780602,0.10739372843964907,-0.1803456883274551,-0.1875120825216136
frozen_GE_teacher,CCCC(=O)Nc1ccc2c(c1)C(=O)N(C)C[C@@H](OC)[C@H](C)CN(C)[C@@H](C)CO2,10.0758,0.21173197790329196,0.21498392011951395,-0.0032415942961645638,0.2182255144156785,0.04240315872511335
frozen_GE_teacher,CCCC(=O)Nc1ccc2c(c1)C(=O)N(C)C[C@@H](OC)[C@H](C)CN(CCC(F)(F)F)[C@@H](C)CO2,10.081781,-0.1449722824258164,-0.1460009107901217,0.022270266311297686,-0.1682711771014194,0.42698129441458266
frozen_GE_teacher,CCCC(=O)Nc1ccc2c(c1)C(=O)N(C)C[C@H](OC)[C@@H](C)CN(C(=O)C1CCCC1)[C@@H](C)CO2,9.98859,0.1001738436882455,0.10051095050155612,0.08780666225464571,0.012704288246910403,0.0004054752100622755
frozen_GE_teacher,CCCC(=O)Nc1ccc2c(c1)C(=O)N(C)C[C@H](OC)[C@@H](C)CN(C(=O)c1ccccn1)[C@@H](C)CO2,10.04,-0.05811422669108999,-0.05817978193002168,0.05223447035658879,-0.11041425228661048,0.15184276417757314
frozen_GE_teacher,CCCC(=O)Nc1ccc2c(c1)C(=O)N(C)C[C@H](OC)[C@@H](C)CN(C(C)=O)[C@@H](C)CO2,10.0026,0.36307458020994277,0.38042278978155486,0.01631550577321953,0.3641072840083353,-0.033386230201483985
frozen_GE_teacher,CCCC(=O)Nc1ccc2c(c1)C(=O)N(C)C[C@H](OC)[C@@H](C)CN(Cc1ccccc1)[C@@H](C)CO2,9.96518,0.06648525709925371,0.06658347909225926,0.06998908192075355,-0.0034056028284942946,0.05288944524423242
frozen_GE_teacher,CCCC(=O)Nc1ccc2c(c1)C(=O)N(C)C[C@H](OC)[C@H](C)CN(C(=O)c1cnccn1)[C@H](C)CO2,9.94223,0.41868852045146204,0.44610071205690477,0.16343053712284705,0.2826701749340577,0.15924738219981338
frozen_GE_teacher,CCCC(=O)Nc1ccc2c(c1)C(=O)N(C)C[C@H](OC)[C@H](C)CN(C(C)=O)[C@H](C)CO2,10.062,0.15413572020212385,0.15537406384047436,0.027227855091533457,0.1281462087489409,0.20991125167931302
frozen_GE_teacher,CCCC(=O)Nc1ccc2c(c1)C(=O)N(C)C[C@H](OC)[C@H](C)CN(CC1CCCC1)[C@H](C)CO2,9.99209,0.22002344251852204,0.22368074400037183,0.04405585716979052,0.1796248868305813,0.0010488364579691323
frozen_GE_teacher,CCCC(=O)Nc1ccc2c(c1)C(=O)N(C)C[C@H](OC)[C@H](C)CN(CCC(F)(F)F)[C@@H](C)CO2,10.058555,-0.29715796098394887,-0.3063993977036269,0.035232076720362056,-0.34163147442398895,0.36215591590873253
frozen_GE_teacher,CCCC(=O)Nc1ccc2c(c1)C(=O)N(C)C[C@H](OC)[C@H](C)CN(Cc1ccccc1F)[C@H](C)CO2,10.0368,0.3796934040562977,0.3997013585488719,0.06758023038398872,0.33212112816488315,0.2604965646912093
frozen_GE_teacher,CCCC(=O)Nc1ccc2c(c1)C(=O)N(C)C[C@H](OC)[C@H](C)CN(Cc1nccs1)[C@@H](C)CO2,10.0897,0.26079301779562947,0.2669591076333585,0.028890497865865703,0.2380686097674928,-0.37418499856454707
frozen_GE_teacher,CCCC(=O)Nc1ccc2c(c1)C(=O)N(C)C[C@H](OC)[C@H](C)CN(Cc1nccs1)[C@H](C)CO2,9.93833,0.01333395488650093,0.013334745204771402,0.009633260532552677,0.003701484672218725,-0.08478830823786154
frozen_GE_teacher,CCCC(=O)Nc1ccc2c(c1)C(=O)N(C)[C@@H]1CC[C@@H](CC(=O)NCc3cccc(F)c3)O[C@@H]1CO2,10.342,0.02410007226346394,0.024104739772448033,-0.15781036648585345,0.18191510625830148,0.3408569563214072
frozen_GE_teacher,CCCC(=O)Nc1ccc2c(c1)C(=O)N(C)[C@@H]1CC[C@@H](CC(=O)NCc3cccc(F)c3)O[C@H]1CO2,9.78312,0.5887283767562169,0.6757176660866312,0.00265191027282222,0.673065755813809,-0.3353531610585042
frozen_GE_teacher,CCCC(=O)Nc1ccc2c(c1)C(=O)N(C)[C@H]1CC[C@H](CC(=O)NCc3cccc(F)c3)O[C@@H]1CO2,10.0116,0.5463268567074625,0.6131303188197967,0.010826414723383415,0.6023039040964133,-0.0013030517332647124
frozen_GE_teacher,CCCC(=O)Nc1ccc2c(c1)C(=O)N(C)[C@H]1CC[C@H](CC(=O)NCc3cccc(F)c3)O[C@H]1CO2,9.90194,-0.2935488872006642,-0.30244539600692,0.0637993076638976,-0.36624470367081763,-0.21554896653997385
frozen_GE_teacher,CCCC(=O)Nc1ccc2c(c1)OC[C@@H](C)N(C(=O)c1cccnc1)C[C@H](C)[C@H](OC)CN(C)C2=O,10.0663,0.1551932998736976,0.15645756210482387,0.0476022866497635,0.10885527545506037,-0.28831679887827133
frozen_GE_teacher,CCCC(=O)Nc1ccc2c(c1)OC[C@@H](C)N(Cc1ccccn1)C[C@@H](C)[C@@H](OC)CN(C)C2=O,10.006,0.3475342903401244,0.3626365821327797,-0.04888807317731711,0.41152465531009685,0.12738165867692414
frozen_GE_teacher,CCCC(=O)Nc1ccc2c(c1)OC[C@@H](C)N(Cc1ccccn1)C[C@H](C)[C@@H](OC)CN(C)C2=O,9.98359,0.21043509488453904,0.21362655789158566,-0.03114115842084407,0.24476771631242972,0.23727436985640726
frozen_GE_teacher,CCCC(=O)Nc1ccc2c(c1)OC[C@@H](C)N(Cc1ccncc1)C[C@@H](C)[C@@H](OC)CN(C)C2=O,10.0113,-0.2870714621795362,-0.2953717721466118,0.04701951249276598,-0.3423912846393778,0.10753777878809512
frozen_GE_teacher,CCCC(=O)Nc1ccc2c(c1)OC[C@@H](C)N(S(=O)(=O)c1cn(C)cn1)C[C@H](C)[C@@H](OC)CN(C)C2=O,10.0162,0.5080632895598653,0.5601157229951772,0.09603227149216106,0.4640834515030161,0.07228678088887955
frozen_GE_teacher,CCCC(=O)Nc1ccc2c(c1)OC[C@H](C)N(C(=O)CN(C)C)C[C@H](C)[C@@H](OC)CN(C)C2=O,10.0698,0.312289790365137,0.32308063982116136,-0.019581132224084023,0.3426617720452454,-0.04665083740968052
frozen_GE_teacher,CCCC(=O)Nc1ccc2c(c1)OC[C@H](C)N(Cc1ccc(-c3ccccn3)cc1)C[C@@H](C)[C@@H](OC)CN(C)C2=O,9.94223,-0.11319797375495198,-0.11368522340839027,0.0014427220551198883,-0.11512794546351016,-0.006244518535747645
frozen_GE_teacher,CCCC(=O)Nc1ccc2c(c1)OC[C@H](C)N(Cc1ccc(-c3ccccn3)cc1)C[C@@H](C)[C@H](OC)CN(C)C2=O,10.0194,-0.08704534122254344,-0.08726619047240426,0.06778385814729099,-0.15505004861969524,0.3278997882230075
frozen_GE_teacher,CCCC(=O)Nc1ccc2c(c1)OC[C@H](C)N(Cc1ccc(-c3ccccn3)cc1)C[C@H](C)[C@H](OC)CN(C)C2=O,9.95711,0.24709729592114735,0.25231897911503076,-0.03197284576474683,0.2842918248797776,-0.26094418491394283
frozen_GE_teacher,CCCC(=O)Nc1ccc2c(c1)OC[C@H](C)N(Cc1ccncc1)C[C@@H](C)[C@@H](OC)CN(C)C2=O,10.0911,-0.24120084665111194,-0.24604874620658235,0.011045787455411125,-0.2570945336619935,0.003646989351476136
frozen_GE_teacher,CCCC(=O)Nc1ccc2c(c1)OC[C@H](C)NC[C@@H](C)[C@@H](OC)CN(C)C2=O,10.0893,0.10675444446316495,0.10716278305065158,0.02394821323351385,0.08321456981713773,-0.13403817039465465
frozen_GE_teacher,CCCC(=O)Nc1ccc2c(c1)OC[C@H](C)NC[C@@H](C)[C@H](OC)CN(C)C2=O,10.0224,0.10290232672628043,0.10326785900026422,0.03389363413695149,0.06937422486331274,0.11805367125237498
frozen_GE_teacher,CCCC(O)C#Cc1cnc2c(c1)C(=O)N([C@H](C)CO)C[C@H](C)[C@H](CN(C)C(=O)NC1CCCCC1)O2,10.1217,0.6167041506671851,0.7196688687077621,0.03274428623008503,0.6869245824776771,-0.18316384329608637
frozen_GE_teacher,CCCC(O)C#Cc1cnc2c(c1)C(=O)N([C@H](C)CO)C[C@H](C)[C@H](CN(C)Cc1ccc(F)cc1)O2,9.8853,0.5335106114230838,0.595039815065245,-0.08945160187263926,0.6844914169378842,0.1806991985520624
frozen_GE_teacher,CCCCC(=O)N(Cc1ccc(-c2ccccc2-c2nn[nH]n2)cc1)[C@H](C(=O)O)C(C)C,10.0,0.27206731207800267,0.27909503926201185,0.006413245337392308,0.27268179392461955,0.015808219000354742
frozen_GE_teacher,CCCCC(=O)NCCc1c(Cc2ccccc2)[nH]c2ccccc12,10.0,-0.3251524424781144,-0.337397979035496,-0.06861719553578664,-0.26878078349970935,0.1114468182615506
frozen_GE_teacher,CCCCC(=O)Nc1ccc2c(c1)nc1n2CCSC1,10.0,0.20677643792315165,0.2098014406874502,0.04866327963439064,0.16113816105305956,0.2039597375126987
frozen_GE_teacher,CCCCC(=O)Oc1ccccc1C(=O)O,10.0,0.34614384977129564,0.3610560015266186,0.08746470308558638,0.27359129844103225,-0.0657349348984498
frozen_GE_teacher,CCCCC(Sc1nc(C)c(Cc2ccccc2)c(O)n1)C(=O)O,10.0,0.6470587554536734,0.7702224033671049,0.08003336579074449,0.6901890375763604,0.11825213418223446
frozen_GE_teacher,CCCCCC=CCC=CCC=CCC=CCCCC(=O)NCCCC(=O)O,10.0,0.06017517118668763,0.06024796185866754,-8.648219111427255e-05,0.06033444404978182,0.07530025578763869
frozen_GE_teacher,CCCCCCCCCc1ccc(O)cc1,10.0,0.17967787381028066,0.1816497959802007,-0.03195868287257844,0.21360847885277914,0.13718394478263474
frozen_GE_teacher,CCCCCCCCc1n[nH]c(S)n1,10.0,0.30455130210862014,0.3145285925529254,-0.084540214041124,0.3990688065940494,-0.0887641752253932
frozen_GE_teacher,CCCCCCN(CCCCCC)C(=O)Cc1c(-c2ccc(Cl)cc2)[nH]c2ccc(Cl)cc12,10.0,-0.14449164800982847,-0.14550999293989164,0.04330065480755818,-0.18881064774744982,0.017902648338960284
frozen_GE_teacher,CCCCC[C@H](O)/C=C/[C@H]1[C@H](O)CC(=O)[C@@H]1CCCCCCC(=O)O,10.0,0.19711953126549642,0.19973385630680823,-0.017259840030100976,0.2169936963369092,0.25803471913049136
frozen_GE_teacher,CCCCCn1c(=O)c(-c2nc3ccccc3[nH]2)c(O)c2ccccc21,10.0,0.4782234928608166,0.5206784770748951,-0.013235613825915933,0.5339140909008111,0.12330657006117449
frozen_GE_teacher,CCCCCn1c(=O)c(C(=O)NC(C)c2ccccc2)c(O)c2ccccc21,10.0,0.5888357909459961,0.6758820749766113,0.003258811539851709,0.6726232634367596,-0.1507558986294968
frozen_GE_teacher,CCCCCn1c(SCCc2ccccc2)nc2c1c(=O)[nH]c(=O)n2C,10.0,0.2123585209995262,0.21563996092730578,0.09325238083180394,0.12238758009550184,0.3425323728692404
frozen_GE_teacher,CCCCN(C)CCOc1ccccc1OCC,10.0,0.4594528622015121,0.49661752390196756,-0.10736071159991023,0.6039782355018778,0.25520379795754367
frozen_GE_teacher,CCCCN1C(=O)[C@H]2Cc3c([nH]c4ccccc34)[C@H](c3ccc(OC)cc3)N2C1=O,10.0,-0.1557852698133925,-0.15706419866620877,0.11783429574525592,-0.2748984944114647,0.006485082028112529
frozen_GE_teacher,CCCCc1c(-c2ccc(OC)cc2)[nH]c2nccnc12,10.0,0.04680903097555108,0.04684326351850885,0.09055009603280809,-0.043706832514299236,-0.18931217470121225
frozen_GE_teacher,CCCCn1c(S)nnc1-c1csc(CC)c1,10.0,0.24116136696711507,0.24600682822367165,0.04746974634266922,0.19853708188100244,-0.08755122185421707
frozen_GE_teacher,CCCCn1c(S)nnc1Cc1ccccc1,10.0,0.004909454504172577,0.004909493948517268,0.001404722287532004,0.003504771660985264,0.23461923109336644
frozen_GE_teacher,CCCCn1c(SCN2C(=O)c3ccccc3C2=O)nc2cc(S(N)(=O)=O)ccc21,10.0,-0.10056088524122238,-0.10090193064020618,-0.02572930933719518,-0.075172621303011,-0.05555806302385756
frozen_GE_teacher,CCCN(C)C[C@@H]1OCCCC[C@@H](C)Oc2ccc(NC(=O)CCC(F)(F)F)cc2C(=O)N([C@@H](C)CO)C[C@@H]1C,10.0451,-0.4694301275084498,-0.5093391381165111,0.018452267491408887,-0.52779140560792,-0.16472693849458547
frozen_GE_teacher,CCCN(C)C[C@@H]1OCCCC[C@@H](C)Oc2ccc(NC(=O)NC3CCCCC3)cc2C(=O)N([C@H](C)CO)C[C@@H]1C,10.2564,-0.08154693301961627,-0.08172841739590424,0.034931245630258366,-0.1166596630261626,-0.06866548061818045
frozen_GE_teacher,CCCN(C)C[C@@H]1OCCCC[C@@H](C)Oc2ccc(NS(=O)(=O)c3ccc(Cl)cc3)cc2C(=O)N([C@H](C)CO)C[C@@H]1C,10.223,0.3984699655597235,0.4218287847461972,0.08030807876413423,0.34152070598206297,0.005544816200042865
frozen_GE_teacher,CCCN(C)C[C@@H]1OCCCC[C@@H](C)Oc2ccc(NS(=O)(=O)c3ccc(OC)cc3)cc2C(=O)N([C@H](C)CO)C[C@@H]1C,10.4149,-0.07574162592785631,-0.07588696455595352,-0.03157778685071229,-0.04430917770524123,0.24036337624539883
frozen_GE_teacher,CCCN(C)C[C@@H]1OCCCC[C@@H](C)Oc2ccc(NS(C)(=O)=O)cc2C(=O)N([C@@H](C)CO)C[C@@H]1C,10.021,-0.06850712241984776,-0.06861459835986487,0.004444103739788239,-0.07305870209965311,-0.38832700333976927
frozen_GE_teacher,CCCN(C)C[C@@H]1OCCCC[C@@H](C)Oc2ccc(NS(C)(=O)=O)cc2C(=O)N([C@H](C)CO)C[C@@H]1C,9.82179,0.01912334923693788,0.019125680900695514,0.007207913543358993,0.01191776735733652,-0.033052605501443316
frozen_GE_teacher,CCCN(C)C[C@@H]1OCCCC[C@H](C)Oc2ccc(N(C)C)cc2C(=O)N([C@H](C)CO)C[C@@H]1C,10.0948,0.16409269829037676,0.16558976950636256,0.009859497678714404,0.15573027182764815,-0.06879960325658328
frozen_GE_teacher,CCCN(C)C[C@@H]1OCCCC[C@H](C)Oc2ccc(NS(C)(=O)=O)cc2C(=O)N([C@@H](C)CO)C[C@H]1C,9.90925,0.37469560499505233,0.39387452211238216,-0.02297140735238454,0.41684592946476673,-0.2171901998834924
frozen_GE_teacher,CCCN(C)C[C@@H]1Oc2cc(C#Cc3cccc(OC)c3)ccc2S(=O)(=O)N([C@@H](C)CO)C[C@@H]1C,10.0218,0.03170286088349066,0.03171348850593809,0.010999179360399352,0.020714309145538734,0.0664971683262821
frozen_GE_teacher,CCCN(C)C[C@@H]1Oc2ncc(-c3ccccc3)cc2C(=O)N([C@@H](C)CO)C[C@H]1C,10.0101,0.02075380642995612,0.020756786896741222,0.05082902900505197,-0.03007224210831075,0.019859111458682355
frozen_GE_teacher,CCCN(C)C[C@H]1OCCCC[C@@H](C)Oc2ccc(NC(=O)CCCN(C)C)cc2C(=O)N([C@H](C)CO)C[C@@H]1C,10.3044,-0.08590949369164681,-0.0861217845539365,0.00804802077271646,-0.09416980532665296,-0.005868681369196188
frozen_GE_teacher,CCCN(C)C[C@H]1OCCCC[C@@H](C)Oc2ccc(NC(=O)Cc3ccccc3)cc2C(=O)N([C@H](C)CO)C[C@H]1C,9.97547,0.52617849258916,0.5848457442463246,-0.018458697217837123,0.6033044414641617,-0.07747078961391758
frozen_GE_teacher,CCCN(C)C[C@H]1OCCCC[C@@H](C)Oc2ccc(NC(=O)Nc3ccccc3)cc2C(=O)N([C@H](C)CO)C[C@@H]1C,9.97292,-0.5422923107429268,-0.6073971774227285,-0.001973188030241768,-0.6054239893924867,0.3218255005689216
frozen_GE_teacher,CCCN(C)C[C@H]1OCCCC[C@@H](C)Oc2ccc(NC(=O)c3ccccc3)cc2C(=O)N([C@@H](C)CO)C[C@H]1C,9.9644,0.10114537592742745,0.10149242749644352,-0.03340528866008388,0.1348977161565274,-0.15824597381290514
frozen_GE_teacher,CCCN(C)C[C@H]1OCCCC[C@@H](C)Oc2ccc(NC(=O)c3ccncc3)cc2C(=O)N([C@H](C)CO)C[C@@H]1C,9.89101,0.0435258970835479,0.043553415027971575,-0.05186181445068533,0.09541522947865691,0.283136296641979
frozen_GE_teacher,CCCN(C)C[C@H]1OCCCC[C@@H](C)Oc2ccc(NS(=O)(=O)c3ccc(Cl)cc3)cc2C(=O)N([C@@H](C)CO)C[C@H]1C,9.97116,0.13493312216383532,0.13576109280753285,0.0005651157407755257,0.13519597706675732,0.08385901181764266
frozen_GE_teacher,CCCN(C)C[C@H]1OCCCC[C@@H](C)Oc2ccc(NS(=O)(=O)c3ccc(OC)cc3)cc2C(=O)N([C@@H](C)CO)C[C@H]1C,10.106,-0.19739541760709334,-0.20002091213972864,-0.03909481827255531,-0.16092609386717333,-0.20027143492833302
frozen_GE_teacher,CCCN(C)C[C@H]1OCCCC[C@@H](C)Oc2ccc(NS(=O)(=O)c3cn(C)cn3)cc2C(=O)N([C@H](C)CO)C[C@@H]1C,10.175,-0.008555202769880447,-0.008555411501738932,0.029814861135228934,-0.038370272636967864,-0.030185169659446023
frozen_GE_teacher,CCCN(C)C[C@H]1OCCCC[C@H](C)Oc2ccc(NC(=O)CCC(F)(F)F)cc2C(=O)N([C@@H](C)CO)C[C@H]1C,9.97595,-0.3083500726465011,-0.31872109677942057,-0.05517789688525367,-0.2635431998941669,0.04238121169408872
frozen_GE_teacher,CCCN(C)C[C@H]1OCCCC[C@H](C)Oc2ccc(NC(=O)CCCN(C)C)cc2C(=O)N([C@H](C)CO)C[C@@H]1C,10.063,0.16647022966133818,0.1680340756204326,0.030336187471151594,0.137697888149281,0.17269255259400582
frozen_GE_teacher,CCCN(C)C[C@H]1OCCCC[C@H](C)Oc2ccc(NC(=O)Nc3ccc(F)cc3)cc2C(=O)N([C@@H](C)CO)C[C@H]1C,10.0217,0.4147564256907007,0.44134226551141104,-0.07733731818147606,0.5186795836928871,0.5433300419504937
frozen_GE_teacher,CCCN(C)C[C@H]1OCCCC[C@H](C)Oc2ccc(NC(=O)c3ccccc3)cc2C(=O)N([C@@H](C)CO)C[C@H]1C,10.0176,0.28310611968050575,0.29105562441320293,-0.028446715846426586,0.31950234025962954,0.40436800046537796
frozen_GE_teacher,CCCN(C)C[C@H]1OCCCC[C@H](C)Oc2ccc(NC(=O)c3ccncc3)cc2C(=O)N([C@H](C)CO)C[C@H]1C,9.8829,0.09815525114127688,0.09847231004483638,0.01839667860660249,0.08007563143823389,0.12862147702373414
frozen_GE_teacher,CCCN(C)C[C@H]1OCCCC[C@H](C)Oc2ccc(NS(=O)(=O)c3ccc(OC)cc3)cc2C(=O)N([C@@H](C)CO)C[C@H]1C,10.0628,0.21438058875703672,0.21775847837059523,-0.0028414352830146965,0.22059991365360992,0.12887559355557257
frozen_GE_teacher,CCCN(C)C[C@H]1OCCCC[C@H](C)Oc2ccc(NS(=O)(=O)c3ccc(OC)cc3)cc2C(=O)N([C@H](C)CO)C[C@H]1C,10.0927,0.20275041712474973,0.20559922235155614,-0.0050207727562021735,0.2106199951077583,0.10205754990034847
frozen_GE_teacher,CCCN(C)C[C@H]1Oc2cc(C#CCC3CCCC3)ccc2S(=O)(=O)N([C@@H](C)CO)C[C@@H]1C,10.0208,-0.10636704998501284,-0.10677093910379054,0.030072775679931295,-0.13684371478372184,0.09171247802051585
frozen_GE_teacher,CCCN(C)C[C@H]1Oc2cc(C#CCC3CCCC3)ccc2S(=O)(=O)N([C@@H](C)CO)C[C@H]1C,10.0092,0.33020655506087176,0.3430600699982204,0.0070709158454499,0.33598915415277053,-0.028928134020313044
frozen_GE_teacher,CCCN(C)C[C@H]1Oc2ncc(-c3ccccc3)cc2C(=O)N([C@@H](C)CO)C[C@@H]1C,10.0572,-0.04828599070926044,-0.04832357015034151,-0.044015504530956207,-0.004308065619385307,0.20377170639741504
frozen_GE_teacher,CCCN(CCC)CC1CCCCN1CCNC(=O)N1c2ccccc2C(=O)Nc2cccnc21,10.0,0.7079284941167828,0.8830189263749694,0.25620873422880375,0.6268101921461656,0.1472561882070877
frozen_GE_teacher,CCCN(CCC)CCNC(=O)c1cc2c(C)nc3ccccc3c2o1,10.0,0.3309504105289125,0.3438951891231921,0.16437995173649572,0.1795152373866964,-0.07164937486571342
frozen_GE_teacher,CCCN(CCC)CCc1cccc2c1CC(=O)N2,10.0,0.1504557088766018,0.15160666691289681,-0.014136751235959106,0.16574341814885593,-0.050985028935039034
frozen_GE_teacher,CCCN(CCC)[C@@H]1CCc2c(OC)cccc2[C@@H]1C,10.0,0.24028349802855234,0.2450749599711251,-0.0027744164943178965,0.247849376465443,0.1565594219600685
frozen_GE_teacher,CCCN1CCO[C@@H]2c3cc(O)ccc3OC[C@H]21,10.0,0.476491484084541,0.5184353180415939,0.04842299408038664,0.4700123239612073,0.2792162762677087
frozen_GE_teacher,CCCN1CCc2cccc3c2[C@H]1Cc1ccc(O)c(O)c1-3,10.0,0.0951982431523924,0.09548740167085074,-0.022690268379604438,0.11817767005045518,0.15958753737431358
frozen_GE_teacher,CCCN1C[C@@H](C)[C@@H](OC)CN(C)C(=O)c2cc(NC(=O)Nc3ccccc3F)ccc2OC[C@@H]1C,10.0593,0.16697378670139612,0.1685520298464533,-0.03620528932800805,0.20475731917446133,0.32677963905288826
frozen_GE_teacher,CCCN1C[C@@H](C)[C@@H](OC)CN(C)C(=O)c2cc(NC(=O)c3cccc(F)c3)ccc2OC[C@H]1C,10.08,0.07474978278256128,0.07488947361709179,-0.0057394771171874245,0.08062895073427921,-0.1449554649597439
frozen_GE_teacher,CCCN1C[C@@H](C)[C@@H](OC)CN(C)C(=O)c2cc(NS(=O)(=O)CC)ccc2OC[C@@H]1C,9.99584,0.25999128595878557,0.266099061077815,0.027518230602357398,0.2385808304754576,-0.020639838729914126
frozen_GE_teacher,CCCN1C[C@@H](C)[C@@H](OC)CN(C)C(=O)c2cc(NS(=O)(=O)c3ccccc3)ccc2OC[C@H]1C,10.0184,0.2834814327450015,0.2914636866688778,0.03363977106088217,0.2578239156079956,0.2501260769842557
frozen_GE_teacher,CCCN1C[C@@H](C)[C@@H](OC)CN(C)C(=O)c2cc(NS(C)(=O)=O)ccc2OC[C@H]1C,10.0418,0.19693829992192025,0.19954530533988685,0.017977845143840147,0.1815674601960467,0.18023871378638895
frozen_GE_teacher,CCCN1C[C@@H](C)[C@@H](OC)CN(C)C(=O)c2ccc(NC(=O)Nc3c(C)noc3C)cc2OC[C@@H]1C,10.0153,0.36084688939911685,0.37785923116932496,0.033195705192473994,0.34466352597685096,-0.04905553368638462
frozen_GE_teacher,CCCN1C[C@@H](C)[C@@H](OC)CN(C)C(=O)c2ccc(NC(=O)Nc3c(C)noc3C)cc2OC[C@H]1C,9.98485,0.12022448510723036,0.12080879955988497,0.08839849179006748,0.03241030776981749,-0.17452406375968066
frozen_GE_teacher,CCCN1C[C@@H](C)[C@@H](OC)CN(C)C(=O)c2ccc(NS(=O)(=O)c3cn(C)cn3)cc2OC[C@@H]1C,10.099,0.5057210498213255,0.5569635655139745,-0.010535494106668089,0.5674990596206426,0.49851246756298395
frozen_GE_teacher,CCCN1C[C@@H](C)[C@@H](OC)CN(C)C(=O)c2ccc(NS(=O)(=O)c3cn(C)cn3)cc2OC[C@H]1C,10.0766,-0.013201463080358657,-0.013202230071517733,0.04589743405700461,-0.05909966412852234,-0.07291205372728154
frozen_GE_teacher,CCCN1C[C@@H](C)[C@H](OC)CN(C)C(=O)c2cc(NC(=O)c3cccc(F)c3)ccc2OC[C@H]1C,10.0886,-0.4701899235215174,-0.5103141375219686,-0.03628206611321877,-0.47403207140874987,-0.11568190611802387
frozen_GE_teacher,CCCN1C[C@@H](C)[C@H](OC)CN(C)C(=O)c2cc(NS(=O)(=O)CC)ccc2OC[C@@H]1C,10.061,-0.055433128267090834,-0.055490012072026695,-0.043590862850594984,-0.011899149221431711,0.04083363759801206
frozen_GE_teacher,CCCN1C[C@@H](C)[C@H](OC)CN(C)C(=O)c2ccc(NC(=O)c3cccc(OC)c3)cc2OC[C@H]1C,10.0605,0.11606173316241315,0.11658711578006094,0.06378535103470344,0.0528017647453575,-0.010607972585067793
frozen_GE_teacher,CCCN1C[C@@H](C)[C@H](OC)CN(C)C(=O)c2ccc(NC(=O)c3ccccc3F)cc2OC[C@H]1C,10.0362,0.08206984491272319,0.08225485252767611,0.04113308285158323,0.041121769676092886,0.08653599434058862
frozen_GE_teacher,CCCN1C[C@H](C)[C@@H](OC)CN(C)C(=O)c2cc(NC(=O)Nc3ccccc3F)ccc2OC[C@H]1C,9.93003,0.17743663393140194,0.1793347449433132,-0.06721187358489658,0.24654661852820978,0.15691105645083736
frozen_GE_teacher,CCCN1C[C@H](C)[C@@H](OC)CN(C)C(=O)c2cc(NC(=O)c3cnccn3)ccc2OC[C@@H]1C,10.1003,0.06495386085101673,0.06504543965294085,0.0296034285741833,0.03544201107875755,-0.061140492143841575
frozen_GE_teacher,CCCN1C[C@H](C)[C@@H](OC)CN(C)C(=O)c2cc(NS(=O)(=O)CC)ccc2OC[C@H]1C,9.92847,-0.03199941208759781,-0.032010340867435004,0.026376445468884898,-0.0583867863363199,-0.018448441936266116
frozen_GE_teacher,CCCN1C[C@H](C)[C@@H](OC)CN(C)C(=O)c2cc(NS(C)(=O)=O)ccc2OC[C@H]1C,10.0735,-0.10452752156086817,-0.10491072618204617,0.01916618636905066,-0.12407691255109682,-0.054408053883775676
frozen_GE_teacher,CCCN1C[C@H](C)[C@@H](OC)CN(C)C(=O)c2ccc(NC(=O)Nc3c(C)noc3C)cc2OC[C@@H]1C,10.0845,0.33973456896851656,0.3537924340313078,0.07810649049801113,0.2756859435332967,-0.045692317192441455
frozen_GE_teacher,CCCN1C[C@H](C)[C@@H](OC)CN(C)C(=O)c2ccc(NC(=O)c3ccc(F)cc3)cc2OC[C@@H]1C,9.9931,0.22061191832974877,0.2242992416342067,0.028070473981221776,0.19622876765298491,0.16711410345635308
frozen_GE_teacher,CCCN1C[C@H](C)[C@H](OC)CN(C)C(=O)c2cc(NC(=O)C3CCC3)ccc2OC[C@H]1C,9.98569,0.07883937836620468,0.07900333619487802,0.06225498185513964,0.016748354339738383,-0.09134262240904976
frozen_GE_teacher,CCCN1C[C@H](C)[C@H](OC)CN(C)C(=O)c2cc(NC(=O)c3ccccc3)ccc2OC[C@@H]1C,10.0334,0.4133161302273669,0.4396039825323168,0.013080188562713195,0.4265237939696036,0.02856259836009664
frozen_GE_teacher,CCCN1C[C@H](C)[C@H](OC)CN(C)C(=O)c2cc(NS(C)(=O)=O)ccc2OC[C@@H]1C,9.96253,-0.2176734486017528,-0.22121253471893765,0.03954352462180226,-0.2607560593407399,0.02798007038574618
frozen_GE_teacher,CCCN1C[C@H](C)[C@H](OC)CN(C)C(=O)c2ccc(NC(=O)Nc3c(C)noc3C)cc2OC[C@@H]1C,10.028,0.08829492166369532,0.0885254498152127,0.05669744167858206,0.031828008136630635,-0.012999971425845552
frozen_GE_teacher,CCCN1C[C@H](C)[C@H](OC)CN(C)C(=O)c2ccc(NC(=O)c3ccc(F)cc3)cc2OC[C@@H]1C,9.99729,0.3369206363551776,0.3506147644924094,0.03898864940268163,0.31162611508972776,0.027036244756994933
frozen_GE_teacher,CCCN1[C@@H]2Cn3c(ccc(/C=C/c4ccccc4)c3=O)[C@H]1[C@@H](C(=O)NCC)[C@@H]2CO,9.99964,0.003743231860218827,0.00374324934348552,-0.010459629813761445,0.014202879157246965,0.0144099632276226
frozen_GE_teacher,CCCN1[C@@H]2c3ccc(-c4ccc(F)cc4)c(=O)n3C[C@H]1[C@H](CO)[C@H]2C(=O)NCCOC,9.98969,0.6839034180280172,0.8364110172009812,-0.005519401663750135,0.8419304188647313,0.3247678750144763
frozen_GE_teacher,CCCN1[C@@H]2c3ccc(-c4cccc(F)c4)c(=O)n3C[C@@H]2[C@@H](CO)[C@@H]1C(=O)N[C@@H](C)c1ccccc1,9.95259,0.03342447118996609,0.03343692676063566,-0.032575142181407,0.06601206894204266,0.17507923613134307
frozen_GE_teacher,CCCN1[C@@H]2c3ccc(-c4ccccc4F)c(=O)n3C[C@@H]2[C@@H](CO)[C@@H]1C(=O)N1CCN(C)CC1,9.99515,0.08353512052496279,0.08373024406610521,-0.043988130745353585,0.1277183748114588,-0.18446639438685442
frozen_GE_teacher,CCCN1[C@@H]2c3ccc(-c4ccccc4OC)c(=O)n3C[C@H]1[C@H](CO)[C@H]2C(=O)NCc1ccccn1,10.0351,-0.5287307808248681,-0.5883817968863895,0.03614931494367654,-0.624531111830066,0.2825138508228666
frozen_GE_teacher,CCCN1[C@@H]2c3ccc(-c4ccncc4)c(=O)n3C[C@@H]2[C@@H](CO)[C@@H]1C(=O)NCCCN1CCOCC1,9.98945,-0.038145829251982594,-0.03816434747549586,-0.04779840201060571,0.009634054535109848,-0.31170918000013936
frozen_GE_teacher,CCCN1[C@@H]2c3ccc(C4=CCCCC4)c(=O)n3C[C@@H]2[C@@H](CO)[C@@H]1C(=O)NC1Cc2ccccc2C1,10.0989,-0.35114389835630533,-0.366747937922214,0.08176359560429268,-0.4485115335265067,0.1015044779022692
frozen_GE_teacher,CCCN1[C@@H]2c3ccc(C4=CCCCC4)c(=O)n3C[C@H]1[C@H](CO)[C@H]2C(=O)N1CCc2ccccc2C1,9.95682,0.03289434817495479,0.0329062201966222,0.019551439703762778,0.01335478049285942,-0.21477288039495213
frozen_GE_teacher,CCCN1[C@H](C(=O)N[C@H](C)c2ccccc2)[C@@H](CO)[C@@H]2Cn3c(ccc(-c4cccc(F)c4)c3=O)[C@@H]21,10.0514,-0.16881456964607525,-0.17044620732478802,0.06468766096739231,-0.23513386829218033,0.033744469579494646
frozen_GE_teacher,CCCN1[C@H](C(=O)OC)[C@@H](CO)[C@@H]2Cn3c(ccc(-c4cncnc4)c3=O)[C@@H]21,9.98411,0.25074845951821434,0.25621132824735515,-0.07001233785700198,0.32622366610435716,-0.10398389437088298
frozen_GE_teacher,CCCNC(=O)C[C@@H]1C[C@@H]2c3cc(NS(=O)(=O)c4ccc(F)cc4)ccc3O[C@@H]2[C@@H](CO)O1,9.87212,0.12061792451631884,0.12120802829676162,0.01070536487550908,0.11050266342125255,0.02738224903065994
frozen_GE_teacher,CCCNC(=O)C[C@@H]1C[C@H]2c3cc(NC(=O)NC4CCCCC4)ccc3O[C@H]2[C@@H](CO)O1,9.75578,0.42830266192658206,0.45781617323515705,-0.057190868877789326,0.5150070421129463,0.3346505110182889
frozen_GE_teacher,CCCNC(=O)C[C@@H]1C[C@H]2c3cc(NS(=O)(=O)c4ccc(F)cc4)ccc3O[C@H]2[C@@H](CO)O1,10.0869,0.03758134840151433,0.03759905617929615,-0.004265024594309472,0.04186408077360562,0.019890513272194942
frozen_GE_teacher,CCCNC(=O)C[C@H]1CC[C@@H]2[C@@H](COc3ccc(NC(=O)c4ccc5c(c4)OCO5)cc3C(=O)N2C)O1,9.90628,-0.20091356419730347,-0.20368436486787295,0.04789643890900283,-0.25158080377687575,-0.3143693959685415
frozen_GE_teacher,CCCNC(=O)C[C@H]1CC[C@@H]2[C@H](COc3ccc(NC(=O)c4ccc5c(c4)OCO5)cc3C(=O)N2C)O1,9.95469,-0.19164892874417977,-0.19404841154747599,-0.03842886565193777,-0.15561954589553822,0.1832828565657702
frozen_GE_teacher,CCCNC(=O)C[C@H]1C[C@@H]2c3cc(NS(=O)(=O)c4ccc(F)cc4)ccc3O[C@@H]2[C@H](CO)O1,10.1059,0.056046950761275444,0.05610574764666349,0.011819905147783505,0.044285842498879985,0.2510066554210968
frozen_GE_teacher,CCCNC(=O)N(C)C[C@@H]1Oc2ncc(Br)cc2C(=O)N([C@H](C)CO)C[C@@H]1C,10.0087,0.7091079569758838,0.8853873193142802,0.2301916706776309,0.6551956486366493,0.21105748401256869
frozen_GE_teacher,CCCNC(=O)N(C)C[C@@H]1Oc2ncc(C#CCc3ccccc3)cc2C(=O)N([C@@H](C)CO)C[C@H]1C,9.98717,0.3455271124118883,0.36035548026264613,-0.017435597904269965,0.3777910781669161,0.109440010737663
frozen_GE_teacher,CCCNC(=O)N(C)C[C@H]1Oc2cc(-c3cncnc3)ccc2S(=O)(=O)N([C@H](C)CO)C[C@H]1C,10.0918,0.536773639052094,0.599612311508479,0.15581419167846727,0.4437981198300118,-0.276386136016557
frozen_GE_teacher,CCCNC(=O)N(C)C[C@H]1Oc2ncc(-c3ccccc3F)cc2C(=O)N([C@@H](C)CO)C[C@H]1C,10.0869,0.5056814906791324,0.5569104136432238,0.0040411599208205855,0.5528692537224033,-0.038416800215513414
frozen_GE_teacher,CCCNC(=O)N(C)C[C@H]1Oc2ncc(C#CC3(O)CCCC3)cc2C(=O)N([C@H](C)CO)C[C@@H]1C,10.1181,-0.13855834851183566,-0.13945540491544806,0.18545118238076003,-0.3249065872962081,-0.24492673264123127
frozen_GE_teacher,CCCNC(=O)N(C)C[C@H]1Oc2ncc(C3=CCCC3)cc2C(=O)N([C@@H](C)CO)C[C@@H]1C,10.0488,0.1997901536775322,0.20251397368725663,0.011282160946281022,0.19123181274097562,0.02682049269278908
frozen_GE_teacher,CCCNC(=O)N1C[C@@H](C)[C@@H](OC)CN(C)C(=O)c2cc(NS(C)(=O)=O)ccc2OC[C@H]1C,9.95626,0.01737271093201479,0.017374459007491513,-0.1818091444715874,0.19918360347907893,0.3660678861392103
frozen_GE_teacher,CCCNC(=O)N1C[C@@H](C)[C@@H](OC)CN(C)C(=O)c2ccc(NC(=O)CC)cc2OC[C@@H]1C,10.0454,0.36064565235818624,0.377627887562459,0.07640524724551509,0.3012226403169439,-0.17586574640533886
frozen_GE_teacher,CCCNC(=O)N1C[C@@H](C)[C@@H](OC)CN(C)C(=O)c2ccc(NS(=O)(=O)CC(F)(F)F)cc2OC[C@H]1C,10.1025,0.045476109970295005,0.04550749828687209,0.01864303142833401,0.026864466858538077,0.00198781882418312
frozen_GE_teacher,CCCNC(=O)N1C[C@@H](C)[C@H](OC)CN(C)C(=O)c2ccc(NC(=O)CC)cc2OC[C@@H]1C,9.99608,-0.19872637925588715,-0.20140621692819066,-0.08054162582977727,-0.1208645910984134,-0.14212002672208368
frozen_GE_teacher,CCCNC(=O)N1C[C@@H](O)COC[C@@H]2O[C@@H](CC(=O)O)CC[C@H]21,10.0049,-0.06937423239839866,-0.06948584929028298,0.062464148363396144,-0.13194999765367912,-0.16501683056635316
frozen_GE_teacher,CCCNC(=O)N1C[C@H](C)[C@H](OC)CN(C)C(=O)c2cc(NC(C)=O)ccc2OC[C@@H]1C,9.95335,0.45943111556984123,0.4965899585936878,-0.051167677530933625,0.5477576361246215,0.11099618362730806
frozen_GE_teacher,CCCNC(=O)N1C[C@H](C)[C@H](OC)CN(C)C(=O)c2ccc(NC(=O)CC)cc2OC[C@@H]1C,9.97001,0.3329862872368425,0.3461832142060224,0.07606921178583131,0.27011400242019107,0.022803158298676796
frozen_GE_teacher,CCCNC(=O)N1C[C@H](O)COC[C@@H]2O[C@@H](CC(=O)N[C@@H]3CCN(Cc4ccccc4)C3)CC[C@H]21,10.0722,-0.23870376836285562,-0.2433991076762717,0.0010361312791667358,-0.24443523895543845,-0.01887033066992174
frozen_GE_teacher,CCCNC(=O)N1[C@@H](C#N)[C@@H](c2ccc(-c3ccccc3F)cc2)[C@@H]1CO,10.2293,0.297295378139058,0.3065501312140496,-0.07913014356027284,0.38568027477432243,-0.05404367009789077
frozen_GE_teacher,CCCNC(=O)N1[C@@H](C#N)[C@@H](c2ccc(C3=CCCCC3)cc2)[C@@H]1CO,10.2755,-0.22424520883150284,-0.22812164876769314,-0.025696046278436472,-0.20242560248925667,0.29047149972683395
frozen_GE_teacher,CCCNC(=O)N1[C@@H]2Cn3c(cccc3=O)[C@H]1[C@@H](C(=O)N1CCC(Cc3ccccc3)CC1)[C@@H]2CO,10.1858,0.1564151530239426,0.1577098137819556,-0.16299965367603045,0.320709467457986,-0.09772555799457042
frozen_GE_teacher,CCCNC(=O)N1[C@@H]2Cn3c(cccc3=O)[C@H]1[C@@H](C(=O)NCC(F)(F)F)[C@@H]2CO,10.033,0.26044309866992016,0.2665836894332023,0.04744061945888761,0.2191430699743147,-0.28335908407648314
frozen_GE_teacher,CCCNC(=O)N1[C@H](C#N)[C@H](c2ccc(C3=CCCCC3)cc2)[C@H]1CO,10.2333,-0.056164586421002985,-0.056223754776129134,-0.010248003138439881,-0.04597575163768925,0.10044212796919141
frozen_GE_teacher,CCCNC(=O)N1[C@H](C(=O)N2CCCCC2)[C@@H](CO)[C@@H]2Cn3c(ccc(-c4ccc(F)cc4)c3=O)[C@@H]21,10.0202,-0.14517106240654315,-0.14620396419083267,0.0599617465378697,-0.20616571072870238,0.02091308522171556
frozen_GE_teacher,CCCNC(=O)N[C@@H]1C=C[C@@H](CC(=O)N2CCN(C)CC2)O[C@H]1CO,10.0682,0.5395021821618101,0.6034531339035495,-0.0058733396497829705,0.6093264735533325,0.19085813208072366
frozen_GE_teacher,CCCNC(=O)N[C@@H]1C=C[C@@H](CC(=O)NC2CCCCC2)O[C@@H]1CO,10.1005,-0.29296414947484845,-0.3018056395979427,-0.03552112805737001,-0.2662845115405727,0.31018924102307927
frozen_GE_teacher,CCCNC(=O)N[C@@H]1C=C[C@@H](CC(=O)NC2CCCCC2)O[C@H]1CO,10.075,-0.1076484637706172,-0.10806719607285353,0.005799948513949351,-0.11386714458680289,-0.059522002819549724
frozen_GE_teacher,CCCNC(=O)N[C@@H]1C=C[C@@H](CC(=O)NCCc2ccccc2)O[C@@H]1CO,10.0742,-0.33926031985699684,-0.35325640273322245,-0.12255880571572414,-0.2306975970174983,-0.030876290774126736
frozen_GE_teacher,CCCNC(=O)N[C@@H]1C=C[C@@H](CC(=O)NCCc2ccccc2)O[C@H]1CO,10.1223,-0.0071728621282705915,-0.007172985146536794,0.018819651690818014,-0.025992636837354807,0.00987946453035565
frozen_GE_teacher,CCCNC(=O)N[C@@H]1C=C[C@H](CC(=O)NC2CCCCC2)O[C@H]1CO,9.93267,-0.06485704352190959,-0.06494821273419264,-0.01631426483941082,-0.04863394789478182,0.021182185553285902
frozen_GE_teacher,CCCNC(=O)N[C@@H]1CC[C@@H](CC(=O)N2CCN(C)CC2)O[C@H]1CO,10.0816,0.4085292590975451,0.43384457203390714,-0.07207450391345513,0.5059190759473623,-0.09830563054097338
frozen_GE_teacher,CCCNC(=O)N[C@@H]1CC[C@H](CC(=O)N2CCN(C)CC2)O[C@@H]1CO,9.95975,0.2955555346550331,0.304642683335611,-0.055193210865787365,0.3598358942013984,-0.06368883741640538
frozen_GE_teacher,CCCNC(=O)N[C@@H]1CC[C@H](CC(=O)NC2CCC2)O[C@H]1CO,10.0692,-0.578510298135856,-0.6602207434740185,0.019867433096570596,-0.6800881765705891,0.3582613980556114
frozen_GE_teacher,CCCNC(=O)N[C@@H]1CC[C@H](CC(=O)NCCc2ccccc2)O[C@@H]1CO,10.1751,0.6677448259625757,0.8066621594915978,-0.003250914384879569,0.8099130738764774,0.17655591817026894
frozen_GE_teacher,CCCNC(=O)N[C@H]1C=C[C@@H](CC(=O)NCCc2ccccc2)O[C@@H]1CO,9.98492,0.0822218005613557,0.08240784052988824,-0.014077407888010351,0.09648524841789859,0.30395561345227995
frozen_GE_teacher,CCCNC(=O)N[C@H]1C=C[C@H](CC(=O)N2CCN(C)CC2)O[C@@H]1CO,10.1919,0.13253912513411029,0.13332349727771906,-0.024951963695831993,0.15827546097355105,0.096863444294306
frozen_GE_teacher,CCCNC(=O)N[C@H]1C=C[C@H](CC(=O)NCCc2ccccc2)O[C@H]1CO,9.96996,-0.49770470385033644,-0.5462504158103306,-0.01576490099223028,-0.5304855148181004,0.1985229829772296
frozen_GE_teacher,CCCNC(=O)N[C@H]1CC[C@@H](CC(=O)N2CCN(C)CC2)O[C@@H]1CO,10.0094,0.46021906750103997,0.4975891864949708,-0.12220851564527019,0.619797702140241,0.10940043205589883
frozen_GE_teacher,CCCNC(=O)N[C@H]1CC[C@@H](CCn2cc(-c3cccc(F)c3)nn2)O[C@H]1CO,10.0797,0.08521142240619456,0.08541856525754266,-0.01236820956997154,0.09778677482751419,0.013472382038701554
frozen_GE_teacher,CCCNC(=O)N[C@H]1CC[C@H](CC(=O)N2CCN(C)CC2)O[C@@H]1CO,10.1052,-0.3674811106251564,-0.3855078181747782,-0.06681608809615952,-0.3186917300786187,0.21155629572103052
frozen_GE_teacher,CCCNC(=O)N[C@H]1CC[C@H](CC(=O)NCCc2ccccc2)O[C@H]1CO,9.99157,-0.2922032943699607,-0.30097355351364974,0.049330201159828606,-0.35030375467347835,-0.08573557629379658
frozen_GE_teacher,CCCNC(=O)Nc1ccc2c(c1)C(=O)N(C)C[C@@H](OC)[C@@H](C)CN(C(=O)CC)[C@H](C)CO2,9.93749,-0.12175494309264445,-0.12236199432501271,-0.017342742057806455,-0.10501925226720626,-0.09318621182018538
frozen_GE_teacher,CCCNC(=O)Nc1ccc2c(c1)C(=O)N(C)C[C@@H](OC)[C@@H](C)CN(CCC)[C@H](C)CO2,10.0566,0.21698999156149812,0.2204951955073256,0.019265657023233712,0.2012295384840919,-0.2524295301847433
frozen_GE_teacher,CCCNC(=O)Nc1ccc2c(c1)C(=O)N(C)C[C@@H](OC)[C@@H](C)CN(Cc1ccccn1)[C@@H](C)CO2,10.0273,-0.031708479036971736,-0.0317191123127482,-0.013994932470839216,-0.017724179841908987,-0.03069502401731404
frozen_GE_teacher,CCCNC(=O)Nc1ccc2c(c1)C(=O)N(C)C[C@@H](OC)[C@@H](C)CN(Cc1ccccn1)[C@H](C)CO2,10.0325,0.07170511247542041,0.07182838655233448,0.017889832688785294,0.053938553863549184,0.01785661031706741
frozen_GE_teacher,CCCNC(=O)Nc1ccc2c(c1)C(=O)N(C)C[C@@H](OC)[C@H](C)CN(Cc1ccccn1)[C@@H](C)CO2,9.98586,0.42258608401274184,0.4508361560559996,0.07750261035453412,0.3733335457014655,-0.017250832893977504
frozen_GE_teacher,CCCNC(=O)Nc1ccc2c(c1)C(=O)N(C)C[C@@H](OC)[C@H](C)CN(Cc1ccncc1)[C@@H](C)CO2,10.0489,0.5245288096751337,0.5825671860283581,0.004218978961327499,0.5783482070670306,0.0014337138843138683
frozen_GE_teacher,CCCNC(=O)Nc1ccc2c(c1)C(=O)N(C)C[C@@H](OC)[C@H](C)CN[C@@H](C)CO2,10.0162,-0.037341320609791014,-0.03735869106965523,0.05603120222997572,-0.09338989329963096,-0.13055804551756695
frozen_GE_teacher,CCCNC(=O)Nc1ccc2c(c1)C(=O)N(C)C[C@H](OC)[C@@H](C)CN(C(=O)C1CCCCC1)[C@H](C)CO2,10.0536,0.006209813399915422,0.006209893222253437,-0.01781352902538756,0.024023422247641,-0.05279780503993012
frozen_GE_teacher,CCCNC(=O)Nc1ccc2c(c1)C(=O)N(C)C[C@H](OC)[C@@H](C)CN(C(=O)c1ccccc1F)[C@@H](C)CO2,10.0642,0.23219550360952398,0.23650884037444983,0.0745743254491304,0.16193451492531943,0.1376570406970952
frozen_GE_teacher,CCCNC(=O)Nc1ccc2c(c1)C(=O)N(C)C[C@H](OC)[C@@H](C)CN(C)[C@H](C)CO2,9.96397,-0.16658497548425347,-0.16815209427090197,0.10968780864911663,-0.2778399029200186,-0.025476105260120313
frozen_GE_teacher,CCCNC(=O)Nc1ccc2c(c1)C(=O)N(C)C[C@H](OC)[C@@H](C)CN(CCC)[C@H](C)CO2,10.1085,0.343312281953541,0.3578425523293255,0.004734188585742259,0.35310836374358323,0.2673406413777977
frozen_GE_teacher,CCCNC(=O)Nc1ccc2c(c1)C(=O)N(C)C[C@H](OC)[C@@H](C)CN(Cc1ccncc1)[C@H](C)CO2,10.0322,0.18773305852432945,0.18998637233298227,-0.040422251135085074,0.23040862346806734,0.05048957761173373
frozen_GE_teacher,CCCNC(=O)Nc1ccc2c(c1)C(=O)N(C)C[C@H](OC)[C@H](C)CN(Cc1ccc(-c3ccccn3)cc1)[C@@H](C)CO2,9.85814,0.3295765787830656,0.3423531619851384,0.05672925752233683,0.28562390446280156,-0.13625365130673858
frozen_GE_teacher,CCCNC(=O)Nc1ccc2c(c1)OC[C@@H](C)N(C(C)=O)C[C@H](C)[C@@H](OC)CN(C)C2=O,10.0373,0.09838063522086643,0.09869989178871337,0.031442812236521095,0.06725707955219228,0.1998634071089986
frozen_GE_teacher,CCCNC(=O)Nc1ccc2c(c1)OC[C@@H](C)N(CCC(F)(F)F)C[C@H](C)[C@H](OC)CN(C)C2=O,10.0487,0.19281121481219413,0.1952552950133934,0.0762223508280707,0.11903294418532269,0.2653487393857809
frozen_GE_teacher,CCCNC(=O)Nc1ccc2c(c1)OC[C@H](C)N(CC1CCCC1)C[C@@H](C)[C@@H](OC)CN(C)C2=O,9.9737,0.3359815022937631,0.34955575066625577,-0.12393746128886458,0.47349321195512034,0.24331988954023942
frozen_GE_teacher,CCCNC(=O)[C@H]1[C@H](CO)[C@H]2Cn3c(ccc(C4=CCCC4)c3=O)[C@@H]1N2C(=O)CC,10.0247,-0.00564412871365376,-0.005644188648276232,-0.027776944034312443,0.02213275538603621,0.08434481748029843
frozen_GE_teacher,CCCNC(=O)c1cc2c(c(-c3cccc(-c4cccc(OC)c4)c3)n1)[C@H](CCO)N([S@@](=O)C(C)(C)C)C2,10.1097,-0.3271886900680943,-0.33967664921517393,0.12746239153161604,-0.46713904074678997,-0.2800289612765079
frozen_GE_teacher,CCCc1cc(N2CCN(c3ccccn3)CC2)n2nc(C)c(-c3ccccc3)c2n1,10.0,0.14452497204219325,0.14554402770847674,0.3339233017878095,-0.18837927407933275,0.07827203459857679
frozen_GE_teacher,CCCc1cn(CC[C@@H]2CC[C@@H](NC(=O)Nc3ccccc3F)[C@@H](CO)O2)nn1,10.0248,0.0711884415539061,0.07130906466674987,-0.08627884218965726,0.1575879068564071,0.40371979510542116
frozen_GE_teacher,CCCc1cn(CC[C@@H]2CC[C@@H](NS(=O)(=O)c3ccccc3Cl)[C@@H](CO)O2)nn1,10.1213,0.4896794438791202,0.5356385838876665,0.21022568387129534,0.32541290001637113,-0.05182971219531571
frozen_GE_teacher,CCCc1cn(CC[C@@H]2CC[C@@H](NS(=O)(=O)c3ccccc3Cl)[C@H](CO)O2)nn1,9.96713,-0.07619103070472041,-0.07633897785649077,-0.017607597016230322,-0.058731380840260444,-0.06807632745942925
frozen_GE_teacher,CCCc1cn(CC[C@H]2CC[C@@H](NC(=O)Nc3ccccc3F)[C@@H](CO)O2)nn1,10.0961,0.3185209296965947,0.33000017004592386,-0.0800670888735012,0.4100672589194251,0.11987797312819644
frozen_GE_teacher,CCCc1cn(CC[C@H]2CC[C@H](NC(=O)C3CCCCC3)[C@H](CO)O2)nn1,10.0297,0.13274569900650357,0.1335337707035613,0.055196214883735634,0.07833755581982565,-0.04451525435686595
frozen_GE_teacher,CCCc1cn(CC[C@H]2CC[C@H](NS(=O)(=O)c3ccccc3Cl)[C@H](CO)O2)nn1,10.1161,0.4613088555989331,0.4989726994129413,0.10948518919335361,0.3894875102195877,-0.05892233659688248
frozen_GE_teacher,CCCc1nc(SCC(=O)Nc2nc3c(s2)CCCC3)c2ccccc2n1,10.0,0.09419320024191692,0.09447326462133461,-0.09475003000032829,0.1892232946216629,0.1156672707433962
frozen_GE_teacher,CCCn1c(C)cc(-c2csc(N)n2)c1C,10.0,0.3899176881902346,0.41170296089241126,-0.011157197796976064,0.4228601586893873,0.03392850252741961
frozen_GE_teacher,CCCn1cnc2cc(NCc3cccc(OC)c3O)ccc21,10.0,0.2997661101712826,0.30926260222418617,0.017474692311603326,0.29178790991258285,0.09193832486534972
frozen_GE_teacher,CCCn1ncc(CN2CCCC(C(=O)c3cccc(OC(C)C)c3)C2)c1C,20.0,0.3905821552228937,0.41248680324713977,0.17644468368741376,0.236042119559726,0.27464384257671937
frozen_GE_teacher,CCN(CC)C(=O)N1CCN(C)CC1,10.0,0.09084974102693609,0.09110093425797616,0.03801760727573139,0.05308332698224477,0.05471522668229743
frozen_GE_teacher,CCN(CC)C(=O)N[C@@H]1C[C@@H]2c3cccc4[nH]cc(c34)C[C@H]2N(C)C1,10.0,0.5706680876764272,0.6485130165975621,-0.04028812358065277,0.6888011401782149,0.41472743977995136
frozen_GE_teacher,CCN(CC)C(=S)SCCC(=O)NC(=O)Oc1ccc(C(C)C)cc1,10.0,0.6723285491496821,0.8149804214460585,0.12699806560922844,0.6879823558368301,0.17369410453442546
frozen_GE_teacher,CCN(CC)CCNC(=S)NC(=O)c1cn(-c2ccccc2)nc1-c1ccc(OC)cc1,10.0,0.26645242929024926,0.27304122904025585,0.1709581508345516,0.10208307820570425,0.05404825138740213
frozen_GE_teacher,CCN(CC)CCOC(=O)c1ccc(N)cc1,10.0,0.3523799386873033,0.36815851880082023,-0.0002026886122560266,0.36836120741307626,0.03887949366896838
frozen_GE_teacher,CCN(CC)CCOC1CCC2(C)C(=CCC3C4CCC(=O)C4(C)CCC32)C1,10.0,0.192835794357571,0.1952808237398992,0.002842314870003181,0.192438508869896,0.1170669856433397
frozen_GE_teacher,CCN(CC)CCn1c(=S)[nH]c2ccc(Cl)cc2c1=O,10.0,0.6309083373102868,0.7429236895879912,0.12187196114043741,0.6210517284475537,-0.3262451256950117
frozen_GE_teacher,CCN(CC)CCn1c2ccc(Cl)cc2c2nc(C)sc21,10.0,0.13248839363156456,0.13327185901257393,0.03136532106600568,0.10190653794656826,0.1702044889471592
frozen_GE_teacher,CCN(CC)c1ccc(C=C2C(=O)N(C)C(=S)N(C)C2=O)o1,10.0,0.18712497575881504,0.18935615006609113,0.09195999567934163,0.0973961543867495,0.06841764122234781
frozen_GE_teacher,CCN(CC)c1ccc2ccc(=O)oc2c1,10.0,0.24308449383922262,0.24804971721229188,-0.09878956383907207,0.34683928105136397,-0.17930903203443704
frozen_GE_teacher,CCN(Cc1ccncc1)C(=O)C(CO)c1ccccc1,10.0,0.8447888693984408,1.2376668965125548,0.3021298367730893,0.9355370597394654,0.3419979930811205
frozen_GE_teacher,CCN1CCCC(OC(=O)C(c2ccccc2)c2ccccc2)C1,10.0,0.08302948898656583,0.08322108099085353,0.0017309898484353207,0.0814900911424182,-0.02654405244556689
frozen_GE_teacher,CCN1CCCC1CNC(=O)c1cc(S(=O)(=O)CC)c(N)cc1OC,10.0,0.0029944248002935054,0.0029944337502580496,-0.008697062392116421,0.01169149614237447,0.01925977926689272
frozen_GE_teacher,CCN1CCCc2cc(CN(CCN3CCOCC3)C(S)=Nc3ccc(C)cc3)ccc21,10.0,0.47809471049885677,0.5205115229733462,0.04893642896446157,0.47157509400888464,0.3111211000374732
frozen_GE_teacher,CCN1CCN(C(=O)CSc2cc(=O)n(C)c3ccccc23)CC1,10.0,0.22646731118008023,0.2304626405948518,0.0818456130591068,0.14861702753574502,0.0664173034977653
frozen_GE_teacher,CCN1CCN(c2cc(-c3ccccc3)nc3cc(-c4cccc(F)c4)nn23)CC1,10.0,0.6558157140766321,0.7854359080798216,-0.035690296252164674,0.8211262043319862,-0.24001412624595475
frozen_GE_teacher,CCN1C[C@@H](C)[C@H](OC)CN(C)C(=O)c2ccc(NC(=O)c3ccno3)cc2OC[C@H]1C,10.0104,-0.3065531885019619,-0.3167366268731604,0.0036276809189103552,-0.32036430779207076,0.05397012636207561
frozen_GE_teacher,CCN1[C@@H]2c3ccc(-c4cccc(C(=O)N(C)C)c4)c(=O)n3C[C@@H]2[C@@H](CO)[C@@H]1C(=O)N(C)C,10.0473,-0.04551214484668117,-0.045543607899892605,-0.04245696859202034,-0.0030866393078722645,0.09900918324686801
frozen_GE_teacher,CCN1[C@@H]2c3ccc(C4=CCCCC4)c(=O)n3C[C@H]1[C@H](CO)[C@H]2C(=O)NCCOC,9.98008,0.339694491446228,0.35374712791281987,-0.010235081482625138,0.363982209395445,-0.36483315540930006
frozen_GE_teacher,CCN1[C@H](C(=O)NCCc2cn(C)cn2)[C@@H](CO)[C@@H]2Cn3c(ccc(-c4ccc(F)cc4)c3=O)[C@@H]21,10.0304,0.5056810024789372,0.5569097577127315,-0.016381746639984842,0.5732915043527164,0.11049609373848063
frozen_GE_teacher,CCN=C(S)NNC(=O)CSc1nc2ccccc2n1C,10.0,0.40715082117049006,0.43219110701514646,0.09756030047888273,0.33463080653626376,0.18987743955926747
frozen_GE_teacher,CCNC(=O)C[C@@H]1CC[C@@H]2[C@@H](COc3ccc(NC(C)=O)cc3C(=O)N2C)O1,10.325049,0.3281729832223843,0.34077934406374216,-0.04599966918923103,0.3867790132529732,0.12037745346175797
frozen_GE_teacher,CCNC(=O)C[C@@H]1CC[C@@H]2[C@H](COC[C@@H](O)CN2C(=O)C2CCOCC2)O1,10.0559,-0.028225516986229437,-0.028233016137704642,0.17799274974981047,-0.20622576588751512,0.2023879575065244
frozen_GE_teacher,CCNC(=O)C[C@@H]1CC[C@@H]2[C@H](COC[C@@H](O)CN2Cc2ccncc2)O1,10.1089,0.05856975433092608,0.05863686539301055,0.08348221071908411,-0.024845345326073562,0.07669703489066203
frozen_GE_teacher,CCNC(=O)C[C@@H]1CC[C@H]2[C@@H](COC[C@@H](O)CN2C(=O)C2CCOCC2)O1,10.0422,0.002498579140944916,0.002498584340422402,0.2348418359994465,-0.23234325165902409,0.23719699946703357
frozen_GE_teacher,CCNC(=O)C[C@H]1CC[C@@H]2[C@H](COc3ccc(NC(C)=O)cc3C(=O)N2C)O1,10.0015,0.23058625450262774,0.2348085545583509,0.06554479871893024,0.16926375583942066,-0.15703725730226742
frozen_GE_teacher,CCNC(=O)Nc1ccc2c(c1)C(=O)N(C)[C@@H]1CC[C@@H](CC(=O)N[C@H](C)c3ccccc3)O[C@H]1CO2,10.07,-0.16574107117973044,-0.1672842279905628,-0.018993909519937575,-0.14829031847062524,0.05145940596968137
frozen_GE_teacher,CCNC(=O)Nc1ccc2c(c1)C(=O)N(C)[C@H]1CC[C@H](CC(=O)N[C@H](C)c3ccccc3)O[C@H]1CO2,10.0608,0.1496501323430959,0.1507825342596284,0.03233255434859277,0.11844997991103562,0.10266615273507629
frozen_GE_teacher,CCNC(=O)[C@@H]1[C@@H](CO)[C@@H]2Cn3c(ccc(-c4ccc(OC)cc4)c3=O)[C@H]1N2CC1CC1,9.95368,-0.3254504515502594,-0.33773125580251223,-0.008111943283842734,-0.3296193125186695,0.06998668569850353
frozen_GE_teacher,CCNC(=O)[C@H]1[C@H](CO)[C@H]2Cn3c(ccc(-c4ccc(F)cc4)c3=O)[C@H]2N1C(=O)Cc1cccnc1,10.0871,0.19006128034056397,0.1924007454005608,0.030673313685136757,0.16172743171542403,-0.1573266902564016
frozen_GE_teacher,CCNC(=O)[C@H]1[C@H](CO)[C@H]2Cn3c(ccc(-c4ccccc4)c3=O)[C@@H]1N2CCC(F)(F)F,10.1006,-0.015923899700272807,-0.015925245849254796,0.030716675269402832,-0.04664192111865763,-0.0032271698292169228
frozen_GE_teacher,CCNC(=O)[C@H]1[C@H](CO)[C@H]2Cn3c(ccc(-c4ccccc4)c3=O)[C@H]2N1CC,10.100153,-0.25763109298791714,-0.2635694232805095,-0.027266492296931892,-0.23630293098357757,-0.3579500648285248
frozen_GE_teacher,CCNc1nc(Cl)nc(NC(C)C)n1,10.0,0.0857903427482399,0.08600174892275916,0.047171053690615694,0.03883069523214347,0.07742390123001684
frozen_GE_teacher,CCOC(=O)C(CC)Sc1ncnc2c1nnn2-c1ccc(F)cc1,10.0,0.577076965048223,0.6580690892362444,0.13001455809357165,0.5280545311426728,0.3970566110235979
frozen_GE_teacher,CCOC(=O)C1=C(C)N=c2sc(=Cc3ccc(OCC(=O)O)cc3)c(=O)n2C1c1ccc(Cl)cc1,20.0,0.18886028200794674,0.19115503151307559,-0.04338163378925328,0.23453666530232886,0.12557066016794521
frozen_GE_teacher,CCOC(=O)C1C(=O)C=C(c2ccc(NS(C)(=O)=O)cc2)CC1c1ccco1,10.0,0.5549295397141333,0.6254764520762863,-0.07919338645970812,0.7046698385359944,0.07137448822664594
frozen_GE_teacher,CCOC(=O)C1CCCN(c2nc3ccccc3nc2C(C#N)C(=O)NCc2ccccc2)C1,10.0,0.5501908952423674,0.6186550397196899,0.042267672904598534,0.5763873668150914,0.3989103336008072
frozen_GE_teacher,CCOC(=O)C1CCN(S(=O)(=O)c2cc(Br)cc3c2N(C(=O)C2CC2)CC3)CC1,10.0,0.03803049648712274,0.03804884715324834,0.020183531671866217,0.017865315481382125,0.07935476579588802
frozen_GE_teacher,CCOC(=O)C=c1sc(=Cc2ccc(C)cc2)c(=O)n1CC(=O)NCc1ccco1,10.0,0.2507721764942462,0.2562366366333547,-0.01852775311169106,0.2747643897450458,0.1216165922756571
frozen_GE_teacher,CCOC(=O)CC(=NNc1ncnc2ccccc12)c1ccccc1,10.0,0.25086828529609567,0.2563391976283401,-0.13234983444056136,0.3886890320689015,0.05372304756056462
frozen_GE_teacher,CCOC(=O)CC(=O)CSc1nc(-c2cccnc2)cc(C)c1C#N,10.0,-0.05800329430287029,-0.058068474343885464,0.1211278931808931,-0.17919636752477858,0.373084351326499
frozen_GE_teacher,CCOC(=O)CC(Nc1nc(N2CCOCC2)nc(N2CCOCC2)n1)c1ccccc1Cl,10.0,0.20705917592666304,0.21009682559170148,0.16441467413514804,0.04568215145655344,0.22031065836835317
frozen_GE_teacher,CCOC(=O)CN(C(=O)CNC(=O)c1cccs1)C(C(=O)NC1CCCCC1)c1cccs1,10.0,0.06140090342151837,0.06147824035705906,-0.004362321408365058,0.06584056176542412,-0.015137965573871521
frozen_GE_teacher,CCOC(=O)CSc1nc(N)c(C#N)c(-c2cccs2)c1C#N,10.0,0.11974578545602658,0.12032310766823903,0.10081671017976702,0.019506397488472008,0.0669440983556245
frozen_GE_teacher,CCOC(=O)N(C)C[C@@H]1OCc2ccccc2-c2c(n(C)c3ccccc23)C(=O)N([C@@H](C)CO)C[C@@H]1C,10.1272,-0.11686441577806735,-0.1174008354487327,0.009596888806546678,-0.1269977242552794,0.03210435631056102
frozen_GE_teacher,CCOC(=O)N(C)C[C@@H]1OCc2cnnn2CCCC(=O)N([C@H](C)CO)C[C@@H]1C,10.0028,-0.06982706054411017,-0.069940881734836,-0.017517902808487182,-0.05242297892634881,0.24265128116934853
frozen_GE_teacher,CCOC(=O)N(C)C[C@H]1OCc2ccccc2-c2ccccc2C(=O)N([C@@H](C)CO)C[C@H]1C,9.98581,0.48671128016764903,0.531741635715945,-0.05696018566888167,0.5887018213848267,-0.19786215610702768
frozen_GE_teacher,CCOC(=O)N1CCN(C(=O)C2CCN(S(=O)(=O)CC)CC2)CC1,10.0,0.21765015853567557,0.22118808637181184,0.1763818220859406,0.04480626428587123,0.19299908908720814
frozen_GE_teacher,CCOC(=O)NN1C(=O)c2ccccc2NC1c1ccc(N(C)C)cc1,10.0,0.6124835514152648,0.7128862760460384,-0.04730574578269006,0.7601920218287285,-0.11019161361914007
frozen_GE_teacher,CCOC(=O)NN=Cc1cn(CCCOc2ccc(C)cc2)c2ccccc12,10.0,0.07681726804655083,0.07696890209342928,0.07039050247196944,0.006578399621459841,0.20332088005710613
frozen_GE_teacher,CCOC(=O)c1[nH]c(COC(=O)c2ccccc2NC(=O)c2ccco2)c(C(=O)OCC)c1C,10.0,0.028472394530976292,0.02848009224971215,-0.07433336307045696,0.10281345532016911,0.2291404987242251
frozen_GE_teacher,CCOC(=O)c1[nH]c2c(c1-c1ccccc1)C(=O)CC(c1ccc(OC)c(OC)c1)C2,10.0,0.2807316100528788,0.2884760968258832,-0.07493293765823479,0.363409034484118,0.1546212483137926
frozen_GE_teacher,CCOC(=O)c1c(-c2ccc(F)cc2)cn2ccccc12,10.0,0.6148282316286373,0.7166472427349867,0.1277461089526478,0.5889011337823389,0.14844571721363367
frozen_GE_teacher,CCOC(=O)c1c(-c2ccccc2)csc1NC(=O)/C(C#N)=C/c1ccc(OC)c(OC)c1,10.0,0.45044646510428366,0.4852602505746491,0.07729210874476769,0.4079681418298814,0.17736946544382046
frozen_GE_teacher,CCOC(=O)c1c(-n2c(C)cc(C=C3C(=O)NC(=O)NC3=O)c2C)sc2c1CCCC2,10.0,0.17651951325880938,0.17838797003297152,0.1400263537382032,0.03836161629476831,0.07760019774881871
frozen_GE_teacher,CCOC(=O)c1c(C)[nH]c(C(=O)COC(=O)c2ccccc2NC(=O)c2ccco2)c1C,10.0,0.5887168325102451,0.675699998279227,-0.052935439793668146,0.7286354380728951,0.028919386842401175
frozen_GE_teacher,CCOC(=O)c1c(C)cc(O)c(C)c1O,10.0,0.14992824523131237,0.1510670303316216,0.0018631485392622514,0.14920388179235936,-0.01206054966945073
frozen_GE_teacher,CCOC(=O)c1cc(C#N)c(N2CCN(c3ccccn3)CC2)nc1-c1ccccc1,10.0,-0.0022749166863289642,-0.002274920610758924,0.058758821887026094,-0.06103374249778502,0.16234800973767693
frozen_GE_teacher,CCOC(=O)c1cnn(-c2ccccn2)c1N,10.0,0.15093214813320993,0.1520941768776634,0.1777355363384609,-0.025641359460797486,0.07077906109124321
frozen_GE_teacher,CCOC(=O)c1nc(Nc2ccc(Nc3ccccc3)cc2)c2ccccc2n1,10.0,0.008189690794014649,0.008189873898396757,-0.12331500010388463,0.1315048740022814,0.4511634932884416
frozen_GE_teacher,CCOC(=O)c1ncn2c1C1CCCN1C(=O)c1cc(OC)ccc1-2,10.0,0.052146379524414005,0.05219372305045235,0.010041732892135086,0.04215199015831726,0.11056742650290755
frozen_GE_teacher,CCOC(=O)c1nn(-c2ccc(C)cc2)c2nc(Nc3ccccc3)cc(=O)n12,10.0,0.36188164178964943,0.37904940102836077,-0.06691404968598266,0.4459634507143434,0.10498315042159537
frozen_GE_teacher,CCOC(=O)c1sc(C)c(C(=O)NCCCN2CCOCC2)c1N,10.0,0.2309089840101737,0.23514943401331878,0.14653000949191985,0.08861942452139893,-0.13896087179951794
frozen_GE_teacher,CCOC(=O)c1sc2nc(C)nc(SCC(=O)NC3CCS(=O)(=O)C3)c2c1C,10.0,0.39707405613880936,0.42017049616868407,-0.05063823495515634,0.4708087311238404,-0.21950044218290637
frozen_GE_teacher,CCOCCCN=C(S)N(Cc1ccccc1)Cc1nc(O)c2ccccc2n1,10.0,0.0037852159671147873,0.0037852340452849123,0.14008046248450892,-0.136295228439224,-0.020471029787721848
frozen_GE_teacher,CCOCCCNc1nc2nc3ccc(C)cn3c(=O)c2cc1C(=O)NCC1CCCO1,10.0,-0.2401308074611669,-0.24491291976852983,0.0319705084518153,-0.2768834282203451,-0.16177226300301517
frozen_GE_teacher,CCOP(=S)(OCC)Oc1ccc2c(C)c(Cl)c(=O)oc2c1,10.0,0.23447559850992886,0.2389202255838895,0.044263850444307,0.1946563751395825,0.08128962921410354
frozen_GE_teacher,CCOP(=S)(OCC)SCn1c(=O)oc2cc(Cl)ccc21,10.0,0.11613276581551749,0.11665911893282839,-0.004196694513367625,0.12085581344619602,0.017788317112153885
frozen_GE_teacher,CCOc1cc(/C=C(/C#N)C(N)=O)cc(CSc2ccccc2)c1O,10.0,-0.3549094243406201,-0.37104957562940444,0.014803860024102148,-0.3858534356535066,0.46144659763626816
frozen_GE_teacher,CCOc1ccc(-n2ccnc2SCC(=O)N2CCCc3ccccc32)cc1,10.0,-0.39589780098059413,-0.4187748424399116,0.0953647309715502,-0.5141395734114618,-0.46928302265183997
frozen_GE_teacher,CCOc1ccc(C(=O)Nc2cccc(C(=O)O)c2)cc1Cl,10.0,0.6104625247315683,0.7096583123486717,-0.052386478032390466,0.7620447903810622,-0.06779024118588195
frozen_GE_teacher,CCOc1ccc(C(=O)Nc2nnc(SCC(=O)NCC3CCCO3)s2)cc1,10.0,0.1676037129752094,0.16920009251881618,0.10532146323675265,0.06387862928206353,-0.03076593978570749
frozen_GE_teacher,CCOc1ccc(NC(=O)c2ccc(NC(=O)COC(=O)Cc3ccccc3)cc2)cc1,10.0,0.20688736038226135,0.2099173204159563,0.19209276287804006,0.01782455753791623,0.18393455739955183
frozen_GE_teacher,CCOc1ccc2nc(NC(=O)CSc3nnnn3C3CCCCC3)sc2c1,10.0,-0.1449893997234977,-0.14601839560897917,0.03382482290653735,-0.17984321851551652,-0.15703480333015304
frozen_GE_teacher,CCOc1ccc2nc(O)c(CN(Cc3cccs3)Cc3nnnn3C(C)(C)CC)cc2c1,10.0,0.5477377140932893,0.615143657181614,0.1561392752589832,0.4590043819226308,-0.28374989773920734
frozen_GE_teacher,CCOc1nc(Nc2ccc([N+](=O)[O-])cc2)nc(NC(C)(C)C)n1,10.0,0.06314026871245013,0.06322437695957044,0.0546187718530045,0.008605605106565939,0.11353489735145254
frozen_GE_teacher,CCS(=O)(=O)C1=NN2C(=N)/C(=C\c3ccc(O)c(OC)c3)C(=O)N=C2S1,10.0,0.4005460942515092,0.4242992115917654,0.13097529001806843,0.293323921573697,0.013880341338865315
frozen_GE_teacher,CCS(=O)(=O)N(C)C[C@@H]1OCc2ccccc2-c2c(n(C)c3ccccc23)C(=O)N([C@@H](C)CO)C[C@@H]1C,10.1754,-0.40256746976840974,-0.4267091928556428,-0.19310123609434104,-0.23360795676130175,0.28804113102682916
frozen_GE_teacher,CCS(=O)(=O)N1[C@H](CO)[C@H](c2ccc(-c3cccc(F)c3)cc2)[C@@H]1C#N,10.0026,0.19006573287650255,0.19240536480862713,-0.015150801812578238,0.20755616662120538,0.07740662143155988
frozen_GE_teacher,CCS(=O)(=O)N1[C@H](CO)[C@H](c2ccc(C#Cc3ccccc3F)cc2)[C@@H]1C#N,10.0413,0.22989793254022678,0.23408170102152281,0.0161601657258156,0.2179215352957072,-0.07346663461525799
frozen_GE_teacher,CCS(=O)(=O)NCC[C@@H]1CC[C@@H](NC(=O)Cc2ccccn2)[C@H](CO)O1,10.0929,-0.01743440715149812,-0.017436173919445644,-0.057941472768130574,0.04050529884868493,0.30815210042652014
frozen_GE_teacher,CCS(=O)(=O)NCC[C@@H]1CC[C@H](NC(=O)Cc2ccccn2)[C@@H](CO)O1,10.0003,0.4650764282483137,0.5037694046955139,-0.055535885978964944,0.5593052906744789,0.3195565224348579
frozen_GE_teacher,CCS(=O)(=O)NCC[C@H]1CC[C@@H](NC(=O)Cc2ccccn2)[C@H](CO)O1,10.001,0.04170690408781438,0.04173111193651419,0.08684464806970826,-0.045113536133194077,0.025783091609105163
frozen_GE_teacher,CCS(=O)(=O)NCC[C@H]1CC[C@H](NC(=O)Nc2cc(Cl)cc(Cl)c2)[C@@H](CO)O1,9.8817,0.15851563409040542,0.1598637021368587,-0.23622518558881142,0.3960888877256701,0.046859258171512735
frozen_GE_teacher,CCS(=O)(=O)N[C@@H]1CC[C@@H](CC(=O)NC2Cc3ccccc3C2)O[C@@H]1CO,10.0602,0.2055779039329308,0.2085496960768135,-0.05816737063732219,0.2667170667141357,-0.04525875203155662
frozen_GE_teacher,CCS(=O)(=O)N[C@H]1CC[C@H](CC(=O)Nc2ccc(-c3ccccc3)cc2)O[C@@H]1CO,10.0423,-0.42819762762294766,-0.45768754958759417,0.0072695908670482295,-0.46495714045464237,-0.04406343054305655
frozen_GE_teacher,CCS(=O)(=O)N[C@H]1CC[C@H](CC(=O)Nc2ccc(-c3ccccc3)cc2)O[C@H]1CO,10.0589,0.09140293299825346,0.09165875842103181,0.0008452754021981389,0.09081348301883367,-0.18814160495193874
frozen_GE_teacher,CCS(=O)(=O)Nc1ccc2c(c1)C(=O)N(C)C[C@@H](OC)[C@@H](C)CN(C(C)=O)[C@H](C)CO2,10.0091,0.33829462039255503,0.35216550004884367,0.08721621297920357,0.2649492870696401,0.006332866853863084
frozen_GE_teacher,CCS(=O)(=O)Nc1ccc2c(c1)C(=O)N(C)C[C@@H](OC)[C@@H](C)CN(C)[C@@H](C)CO2,10.0217,0.02530177491691962,0.025307176220274296,0.07037570506668442,-0.04506852884641012,0.0828523113533163
frozen_GE_teacher,CCS(=O)(=O)Nc1ccc2c(c1)C(=O)N(C)C[C@@H](OC)[C@@H](C)CN(Cc1ccccn1)[C@H](C)CO2,10.0049,-0.17135973484482225,-0.17306719843457863,0.006211019068349665,-0.1792782175029283,0.13965035996166278
frozen_GE_teacher,CCS(=O)(=O)Nc1ccc2c(c1)C(=O)N(C)C[C@@H](OC)[C@H](C)CN(C(=O)CN(C)C)[C@@H](C)CO2,10.0243,-0.22469666920096437,-0.22859706399000373,0.04425382624422863,-0.27285089023423237,0.008872235286547354
frozen_GE_teacher,CCS(=O)(=O)Nc1ccc2c(c1)C(=O)N(C)C[C@@H](OC)[C@H](C)CN(CC1CCCC1)[C@@H](C)CO2,10.0592,0.37916518536988314,0.39908430470021433,0.02081441590785589,0.37826988879235846,0.12140668073142187
frozen_GE_teacher,CCS(=O)(=O)Nc1ccc2c(c1)C(=O)N(C)C[C@@H](OC)[C@H](C)CN(CCC(F)(F)F)[C@@H](C)CO2,10.049985,0.17634001670162205,0.1782027066978028,0.0016012342572573612,0.17660147244054544,0.2994085612319596
frozen_GE_teacher,CCS(=O)(=O)Nc1ccc2c(c1)C(=O)N(C)C[C@@H](OC)[C@H](C)CN(CCC(F)(F)F)[C@H](C)CO2,10.0186,0.1351629599750598,0.135995200265454,-0.0007432855400291063,0.13673848580548312,0.0559633605361248
frozen_GE_teacher,CCS(=O)(=O)Nc1ccc2c(c1)C(=O)N(C)C[C@H](OC)[C@@H](C)CN(C(=O)CN(C)C)[C@@H](C)CO2,9.94684,-0.2756140472537586,-0.2829293065481667,0.030205262842932883,-0.3131345693910996,0.01226187481509122
frozen_GE_teacher,CCS(=O)(=O)Nc1ccc2c(c1)C(=O)N(C)C[C@H](OC)[C@@H](C)CN(C(=O)COC)[C@@H](C)CO2,9.97351,-0.012145755017029608,-0.01214635231458719,-0.037181339182855225,0.025034986868268036,-0.022251364763829676
frozen_GE_teacher,CCS(=O)(=O)Nc1ccc2c(c1)C(=O)N(C)C[C@H](OC)[C@@H](C)CN(C(=O)COC)[C@H](C)CO2,10.0331,-0.2304299654377497,-0.2346434952327077,0.03877737318232932,-0.273420868415037,-0.06610633471814208
frozen_GE_teacher,CCS(=O)(=O)Nc1ccc2c(c1)C(=O)N(C)C[C@H](OC)[C@@H](C)CN(C(=O)c1ccc3c(c1)OCO3)[C@H](C)CO2,10.0519,0.25122813358121704,0.2567232509579605,0.002500397334396047,0.25422285362356445,0.14555464045017685
frozen_GE_teacher,CCS(=O)(=O)Nc1ccc2c(c1)C(=O)N(C)C[C@H](OC)[C@@H](C)CN(C(C)=O)[C@H](C)CO2,10.063,0.3616610840980372,0.37879563018263435,0.10468364075865068,0.2741119894239837,-0.10783327257053596
frozen_GE_teacher,CCS(=O)(=O)Nc1ccc2c(c1)C(=O)N(C)C[C@H](OC)[C@@H](C)CN(CC1CCCC1)[C@@H](C)CO2,10.059,0.3031673956951356,0.31300391119940985,0.01870815782943159,0.29429575336997826,0.1470202008846709
frozen_GE_teacher,CCS(=O)(=O)Nc1ccc2c(c1)C(=O)N(C)C[C@H](OC)[C@@H](C)CN(CC1CCCC1)[C@H](C)CO2,10.0455,-0.16505981942952763,-0.16658381479108358,-0.00032592753155804254,-0.16625788725952553,0.14607585898225459
frozen_GE_teacher,CCS(=O)(=O)Nc1ccc2c(c1)C(=O)N(C)C[C@H](OC)[C@@H](C)CN(CCC(F)(F)F)[C@@H](C)CO2,10.0311,0.24437729318130508,0.24942416555204677,-0.08517283794966456,0.33459700350171134,0.12086965436904447
frozen_GE_teacher,CCS(=O)(=O)Nc1ccc2c(c1)C(=O)N(C)C[C@H](OC)[C@@H](C)CN(Cc1ccccn1)[C@@H](C)CO2,10.0368,0.2620414329758148,0.2682990964912806,0.07445989624537326,0.19383920024590734,-0.19855510957466072
frozen_GE_teacher,CCS(=O)(=O)Nc1ccc2c(c1)C(=O)N(C)C[C@H](OC)[C@@H](C)CN(Cc1nccs1)[C@H](C)CO2,10.0536,0.15676466286294058,0.1580681091709626,0.004413489830394636,0.15365461934056796,0.16524740596318685
frozen_GE_teacher,CCS(=O)(=O)Nc1ccc2c(c1)C(=O)N(C)C[C@H](OC)[C@H](C)CN(C(=O)COC)[C@H](C)CO2,9.98666,0.525497815582695,0.5839049252809108,-0.043539020748888144,0.6274439460297989,-0.07656127207989435
frozen_GE_teacher,CCS(=O)(=O)Nc1ccc2c(c1)C(=O)N(C)C[C@H](OC)[C@H](C)CN(C(=O)c1ccc3c(c1)OCO3)[C@@H](C)CO2,9.95937,0.024079306917134124,0.024083962368716978,-0.007032296597040676,0.031116258965757655,-0.14111756147831528
frozen_GE_teacher,CCS(=O)(=O)Nc1ccc2c(c1)C(=O)N(C)C[C@H](OC)[C@H](C)CN(C)[C@H](C)CO2,10.0725,0.1359319970960159,0.1367786315032229,0.11986715805396393,0.01691147344925896,-0.07664555878614883
frozen_GE_teacher,CCS(=O)(=O)Nc1ccc2c(c1)C(=O)N(C)C[C@H](OC)[C@H](C)CN(CCC(F)(F)F)[C@H](C)CO2,10.043,0.34925203693793117,0.36459162872421264,0.02438184082423871,0.3402097878999739,-0.12530636501888587
frozen_GE_teacher,CCS(=O)(=O)Nc1ccc2c(c1)C(=O)N(C)[C@@H]1CC[C@@H](CC(=O)NCCOC)O[C@@H]1CO2,10.1388,0.07276614419895916,0.07289498386789789,0.02007771959933989,0.052817264268558,0.18210869866211954
frozen_GE_teacher,CCS(=O)(=O)Nc1ccc2c(c1)C(=O)N(C)[C@@H]1CC[C@@H](CC(=O)N[C@H]3CCN(Cc4ccccc4)C3)O[C@H]1CO2,9.92713,-0.28817308877039655,-0.29657275183721044,0.043752770229100416,-0.34032552206631084,-0.1257557435891881
frozen_GE_teacher,CCS(=O)(=O)Nc1ccc2c(c1)C(=O)N(C)[C@@H]1CC[C@H](CC(=O)NCc3ccccc3F)O[C@H]1CO2,9.9318,-0.1528633817290407,-0.15407102277492052,0.016093712502072463,-0.170164735276993,-0.04673421639743956
frozen_GE_teacher,CCS(=O)(=O)Nc1ccc2c(c1)C(=O)N(C)[C@@H]1CC[C@H](CC(=O)N[C@@H]3CCN(Cc4ccccc4)C3)O[C@@H]1CO2,10.121,0.23222334948393653,0.23653827330851207,0.003416125287424748,0.23312214802108733,0.05861296241232756
frozen_GE_teacher,CCS(=O)(=O)Nc1ccc2c(c1)C(=O)N(C)[C@@H]1CC[C@H](CC(=O)N[C@H]3CCN(Cc4ccccc4)C3)O[C@H]1CO2,10.0721,0.3147785082050735,0.3258406819583942,-0.03493547252575378,0.360776154484148,0.025817613247116022
frozen_GE_teacher,CCS(=O)(=O)Nc1ccc2c(c1)C(=O)N(C)[C@H]1CC[C@@H](CC(=O)N[C@@H]3CCN(Cc4ccccc4)C3)O[C@@H]1CO2,10.0682,-0.11128105320302775,-0.11174384531657992,0.04713103619373008,-0.15887488151031,-0.12723853614037198
frozen_GE_teacher,CCS(=O)(=O)Nc1ccc2c(c1)C(=O)N(C)[C@H]1CC[C@H](CC(=O)NCCOC)O[C@H]1CO2,10.1081,-0.22182053974386104,-0.22557005241932435,-0.000970317096982057,-0.2245997353223423,0.03136212965357233
frozen_GE_teacher,CCSc1nnc(NC(=O)C(CC)(C(F)(F)F)C(F)(F)F)s1,10.0,0.34387433021215624,0.3584798360046913,0.1813139176191758,0.1771659183855155,-0.02084512102129424
frozen_GE_teacher,CC[C@H](C)[C@H](N)C(=O)N1CCC[C@H]1C(=O)N[C@H](C(=O)O)[C@@H](C)CC,10.0,0.2740686738699185,0.28125766028624594,0.07875207359107422,0.2025055866951717,-0.0008239102631260181
frozen_GE_teacher,CCc1c(C)c2ccc(OCC(=O)OC)cc2oc1=O,10.0,0.33438597516348423,0.34775828053835306,0.25672773110033803,0.09103054943801503,-0.14125598025195374
frozen_GE_teacher,CCc1c(C)nc2ncnn2c1N1CCCC(C(=O)NCc2ccc3c(c2)OCO3)C1,10.0,-0.2623289276715005,-0.26860781266978073,0.07121146121222369,-0.3398192738820044,-0.17143898435615526
frozen_GE_teacher,CCc1cc(-c2n[nH]c(C)c2-c2ccc3c(c2)OCCO3)c(O)cc1O,10.0,0.2605962002757384,0.2667479387185455,0.02444491980153608,0.24230301891700945,0.4322511017436651
frozen_GE_teacher,CCc1cc(C(=O)Nc2ccc(C)cc2Br)cs1,10.0,0.6856476632158783,0.8396953451466151,0.08447731629577188,0.7552180288508432,0.33310614169342195
frozen_GE_teacher,CCc1cc(Cl)c(OC)c(C(=O)NC[C@@H]2CCCN2CC)c1O,10.0,0.33116743142350985,0.3441389232856551,-0.0014099128883416322,0.34554883617399673,0.11055810263202064
frozen_GE_teacher,CCc1ccc(NC(=O)c2onc(C)c2Cl)cc1,10.0,0.2276704589079147,0.2317311955561559,0.0752917225787836,0.15643947297737232,0.1279482475453952
frozen_GE_teacher,CCc1ccc(OCC(O)CN2CCN(c3ccccc3)CC2)cc1,10.0,0.07707113308079343,0.07722427906545515,0.15762016210448465,-0.0803958830390295,-0.06955666863468822
frozen_GE_teacher,CCc1cnc(N2[C@@H](C#N)[C@H](c3ccc(C4=CCCCC4)cc3)[C@@H]2CO)s1,10.0827,0.10289567341756874,0.10326113449107596,0.024188050238418593,0.07907308425265737,-0.22998643679115088
frozen_GE_teacher,CCc1cnc(N2[C@H](C#N)[C@@H](c3ccc(C#CC(C)C)cc3)[C@@H]2CO)s1,9.50755,-0.07511564331369049,-0.07525740002664025,-0.018177699471811064,-0.05707970055482918,0.11354692619005742
frozen_GE_teacher,CCc1cnc(N2[C@H](C#N)[C@@H](c3ccc(C#CC(C)C)cc3)[C@H]2CO)s1,10.0092,0.1905948880149891,0.19295440944821193,0.027118615629257412,0.16583579381895452,-0.039135223232942495
frozen_GE_teacher,CCc1cnc(N2[C@H](C#N)[C@@H](c3ccc(C4=CCCCC4)cc3)[C@@H]2CO)s1,9.9427,0.03364196633614387,0.03365466675123492,-0.07578512957149897,0.10943979632273389,0.13522798384344972
frozen_GE_teacher,CCc1nnc(NC(=O)/C=C/c2ccco2)s1,10.0,0.09260936387945991,0.09287548924106463,-0.021678161818707367,0.114553651059772,0.1073499107464375
frozen_GE_teacher,CCn1c(=O)n(C2=C(CO)CN(CC3CCCCCCC3)CC2)c2ccccc21,10.0,-0.14185200932060163,-0.14281511242928574,-0.016288794445685196,-0.12652631798360053,0.14965265303778585
frozen_GE_teacher,CCn1c(C)c(C(C)=O)c(N2CCN(c3ccc(F)cc3)CC2)nc1=S,10.0,0.5090795835406411,0.56148658329108,0.12270643798611416,0.4387801453049659,0.1644970059814063
frozen_GE_teacher,CCn1c(C)nc2cc(C(=O)NN=Cc3ccc(N4CCOCC4)cc3)ccc21,10.0,0.33308235444830797,0.3462912655983925,0.05024250055077696,0.29604876504761557,0.06889409146779404
frozen_GE_teacher,CCn1c(C)nc2cc(C(=O)NN=Cc3ccccc3)ccc21,10.0,0.36601707143585344,0.38381625496186644,0.12757121689408732,0.2562450380677791,-0.18813007067614945
frozen_GE_teacher,CCn1c(SCC(=O)N2CCCc3ccccc32)nc2ccccc2c1=O,10.0,0.13041135225923686,0.13115829643310928,0.03784726902687591,0.09331102740623337,0.30518198141216973
frozen_GE_teacher,CCn1c(SCC(=O)Nc2ccc(NC(C)=O)cc2)nnc1C1CC1,10.0,0.42288439246879006,0.4511993732809223,0.06625646287329781,0.3849429104076245,0.02958995806816428
frozen_GE_teacher,CCn1cc(C(=O)O)c(=O)c2cc3c(cc21)OCO3,10.0,0.07258494828687598,0.07271282584489616,-0.015798056597342885,0.08851088244223905,0.10793859482471348
frozen_GE_teacher,CCn1nc(C(=O)O)c(=O)c2cc3c(cc21)OCO3,10.0,0.15234587129497948,0.15354117309746612,-0.055478933084113356,0.20902010618157948,0.10413398925988068
frozen_GE_teacher,CCn1nc(C)c(C=NNC(=O)Cn2nnnc2N)c1C,10.0,0.5550281632695467,0.6256189719797018,0.07537686054718028,0.5502421114325216,0.27347402573090074
frozen_GE_teacher,CN(C(=O)CCCOc1ccc2[nH]c(=O)ccc2c1)C1CCCCC1,10.0,-0.012719521894983614,-0.012720207909439745,0.026969418875450915,-0.03968962678489066,-0.06922106309988768
frozen_GE_teacher,CN(C(=O)Cc1ccccc1)C(CN1CCCC1)c1ccccc1,10.0,0.07735116507052338,0.07750599049710695,-0.00030315052373769066,0.07780914102084464,-0.23460260866527555
frozen_GE_teacher,CN(C(=O)Oc1ccc(C(C)(C)C)cc1)c1ccccc1,10.0,0.17473560529708362,0.17654728553476615,0.012377185098781874,0.16417010043598426,-0.023239733481078974
frozen_GE_teacher,CN(C(S)=NC1=CCS(=O)(=O)C1)C1CCCCC1,10.0,-0.08132155446566551,-0.08150153425725346,0.03984410312634855,-0.121345637383602,0.02478573441525582
frozen_GE_teacher,CN(C)C(=O)C[C@@H]1C=C[C@H](NC(=O)Nc2cccc(F)c2)[C@@H](CO)O1,10.1422,0.601732891855976,0.6958592366921035,0.04768707558357091,0.6481721611085326,0.06850554036655036
frozen_GE_teacher,CN(C)C(=O)C[C@@H]1C=C[C@H](NC(=O)c2ccc(F)cc2)[C@@H](CO)O1,10.0481,-0.3865349661906202,-0.4077199079254247,0.007822296820766718,-0.4155422047461914,-0.03601556389433186
frozen_GE_teacher,CN(C)C(=O)C[C@@H]1CC[C@@H](NC(=O)C2CCOCC2)[C@@H](CO)O1,10.0543,0.15884331980720665,0.16019985182938512,0.03572712751291859,0.12447272431646653,0.19080554283984938
frozen_GE_teacher,CN(C)C(=O)C[C@@H]1CC[C@@H](NC(=O)c2ccc(F)cc2)[C@@H](CO)O1,10.0339,0.42448932370073983,0.4531554399025345,0.01384486374501998,0.4393105761575145,-0.2497219124772455
frozen_GE_teacher,CN(C)C(=O)C[C@@H]1CC[C@@H](NS(=O)(=O)c2ccccc2)[C@@H](CO)O1,10.0973,-0.4510249705648135,-0.48598625259818584,0.0003714555576741878,-0.48635770815586005,0.25013187124903175
frozen_GE_teacher,CN(C)C(=O)C[C@@H]1CC[C@@H]2[C@H](COC[C@@H](O)CN2Cc2ccc(C(F)(F)F)cc2)O1,10.0277,0.08751907735816991,0.08774356333153824,-0.019515050385530884,0.10725861371706913,-0.00581659946521829
frozen_GE_teacher,CN(C)C(=O)C[C@@H]1CC[C@@H]2[C@H](COC[C@H](O)CN2C(=O)C2CCCC2)O1,9.91998,0.10489785054039466,0.10528516074616298,-0.16030143691019344,0.2655865976563564,-0.01745684822914384
frozen_GE_teacher,CN(C)C(=O)C[C@@H]1CC[C@@H]2[C@H](COC[C@H](O)CN2C(=O)c2ccncc2)O1,10.0764,0.5100582439251697,0.562808491157358,0.20007756109025043,0.36273093006710755,-0.16663780122108385
frozen_GE_teacher,CN(C)C(=O)C[C@@H]1CC[C@H](NC(=O)C2CCOCC2)[C@H](CO)O1,10.1456,-0.399735748898899,-0.4233343851194792,-0.08715681486068694,-0.33617757025879225,0.0023212112768349197
frozen_GE_teacher,CN(C)C(=O)C[C@@H]1CC[C@H](NS(=O)(=O)c2ccccc2)[C@H](CO)O1,10.0279,-0.6367684669379478,-0.7527193334406458,-0.19442000399557263,-0.5582993294450731,0.6380281796261187
frozen_GE_teacher,CN(C)C(=O)C[C@@H]1CC[C@H]2[C@@H](COC[C@@H](O)CN2C(=O)C2CCCC2)O1,10.0419,0.19684760433921894,0.1994509519758531,0.021580141155569457,0.17787081082028366,-0.14510479134620083
frozen_GE_teacher,CN(C)C(=O)C[C@@H]1C[C@@H]2c3cc(NC(=O)NC4CCCC4)ccc3O[C@@H]2[C@H](CO)O1,9.95903,0.2794485963478217,0.2870838613424803,-0.03521317533708082,0.3222970366795611,-0.05338990453471196
frozen_GE_teacher,CN(C)C(=O)C[C@@H]1C[C@@H]2c3cc(NC(=O)c4cccnc4)ccc3O[C@@H]2[C@@H](CO)O1,10.1242,-0.09425613534888629,-0.09453676348956687,-0.061903810439664496,-0.03263295304990237,-0.14597927288618234
frozen_GE_teacher,CN(C)C(=O)C[C@@H]1C[C@@H]2c3cc(NS(C)(=O)=O)ccc3O[C@@H]2[C@H](CO)O1,9.95365,0.10314843563941,0.10351660819566855,0.03151016985724549,0.07200643833842306,-0.011702454275455614
frozen_GE_teacher,CN(C)C(=O)C[C@@H]1C[C@H]2c3cc(NC(=O)CC4CC4)ccc3O[C@H]2[C@@H](CO)O1,10.0665,0.1430733937727425,0.14406179933460078,-0.028794833078763758,0.17285663241336455,0.11574968026829932
frozen_GE_teacher,CN(C)C(=O)C[C@@H]1C[C@H]2c3cc(NC(=O)NC4CCCC4)ccc3O[C@H]2[C@@H](CO)O1,10.1845,0.0766570346045013,0.07680771951283101,-0.06102284819404574,0.13783056770687674,0.047789620580836745
frozen_GE_teacher,CN(C)C(=O)C[C@@H]1C[C@H]2c3cc(NC(=O)NC4CCCC4)ccc3O[C@H]2[C@H](CO)O1,10.0587,0.09038172159078701,0.09062903998963401,-0.022595217130654047,0.11322425712028805,-0.10826242129494651
frozen_GE_teacher,CN(C)C(=O)C[C@@H]1C[C@H]2c3cc(NC(=O)Nc4ccc(F)cc4)ccc3O[C@H]2[C@@H](CO)O1,10.0388,0.5139509991423947,0.5680843123410928,-0.15386920284361422,0.721953515184707,0.16605823833104752
frozen_GE_teacher,CN(C)C(=O)C[C@@H]1C[C@H]2c3cc(NC(=O)Nc4ccccc4F)ccc3O[C@H]2[C@H](CO)O1,10.0531,0.0612493725238822,0.061326137434632416,-0.019788113630920656,0.08111425106555308,0.08196821511385506
frozen_GE_teacher,CN(C)C(=O)C[C@@H]1C[C@H]2c3cc(NS(C)(=O)=O)ccc3O[C@H]2[C@H](CO)O1,10.0525,0.09703117779739386,0.09733742746087656,0.020041908586074582,0.07729551887480199,0.19280230615416966
frozen_GE_teacher,CN(C)C(=O)C[C@H]1C=C[C@@H](NC(=O)Nc2cccc(F)c2)[C@@H](CO)O1,9.99917,0.37444917454437393,0.393587873588619,0.07860265740407033,0.31498521618454867,0.04389557327904198
frozen_GE_teacher,CN(C)C(=O)C[C@H]1C=C[C@@H](NC(=O)Nc2cccc(F)c2)[C@H](CO)O1,10.036,-0.18265677686451695,-0.18472979201849107,0.01706586000458373,-0.2017956520230748,0.04272929298372994
frozen_GE_teacher,CN(C)C(=O)C[C@H]1CC[C@@H]2[C@H](COc3ccc(NC(=O)c4ccc(F)cc4)cc3C(=O)N2C)O1,10.0611,0.34986370667131406,0.36528844268050725,-0.03968617546645367,0.4049746181469609,-0.28724402095269874
frozen_GE_teacher,CN(C)C(=O)C[C@H]1CC[C@H](NC(=O)C2CCOCC2)[C@H](CO)O1,9.93412,-0.5904859783441482,-0.6784118758232002,0.04911903935742341,-0.7275309151806236,0.12474522027211893
frozen_GE_teacher,CN(C)C(=O)C[C@H]1CC[C@H](NS(=O)(=O)c2ccccc2)[C@@H](CO)O1,10.096052,-0.0989456779858019,-0.0992704890014745,0.0559849354422711,-0.1552554244437456,-0.08457792211123817
frozen_GE_teacher,CN(C)C(=O)C[C@H]1CC[C@H](NS(=O)(=O)c2ccccc2)[C@H](CO)O1,10.0352,0.02299052394309898,0.02299457588410076,-0.04837250402488214,0.0713670799089829,-0.0296259548862323
frozen_GE_teacher,CN(C)C(=O)C[C@H]1CC[C@H]2[C@H](COc3ccc(NC(=O)c4ccc(F)cc4)cc3C(=O)N2C)O1,9.85927,0.2897485196391941,0.2982917136608509,-0.010164571193916297,0.30845628485476717,-0.14671169278336332
frozen_GE_teacher,CN(C)C(=O)C[C@H]1C[C@@H]2c3cc(NC(=O)C4CCOCC4)ccc3O[C@@H]2[C@@H](CO)O1,9.95494,0.27549240153431925,0.2827976653691473,-0.0426856846302795,0.3254833499994268,-0.01664284399504709
frozen_GE_teacher,CN(C)C(=O)C[C@H]1C[C@@H]2c3cc(NC(=O)CC4CC4)ccc3O[C@@H]2[C@@H](CO)O1,9.99573,0.07266127202179323,0.0727895542543935,0.04087895666312897,0.03191059759126453,-0.08887121485696199
frozen_GE_teacher,CN(C)C(=O)C[C@H]1C[C@@H]2c3cc(NC(=O)NC4CCCC4)ccc3O[C@@H]2[C@H](CO)O1,9.97571,-0.28990154706162446,-0.2984587739017148,0.01576384708702195,-0.31422262098873677,-0.14826306349258647
frozen_GE_teacher,CN(C)C(=O)C[C@H]1C[C@@H]2c3cc(NC(=O)Nc4ccc(F)cc4)ccc3O[C@@H]2[C@H](CO)O1,10.043,0.5181015621237974,0.5737412394448259,-0.22873178098594732,0.8024730204307733,0.09235502792487607
frozen_GE_teacher,CN(C)C(=O)C[C@H]1C[C@@H]2c3cc(NC(=O)Nc4ccccc4F)ccc3O[C@@H]2[C@@H](CO)O1,10.0703,0.06279537414857511,0.0628781094600858,-0.021949057439093606,0.08482716689917941,0.17045249046601205
frozen_GE_teacher,CN(C)C(=O)C[C@H]1C[C@H]2c3cc(NC(=O)CC4CC4)ccc3O[C@H]2[C@@H](CO)O1,9.97759,-0.4153823242495085,-0.44209843977268504,0.0036965379019012756,-0.4457949776745863,-0.08141396828262301
frozen_GE_teacher,CN(C)C(=O)C[C@H]1C[C@H]2c3cc(NC(=O)CC4CC4)ccc3O[C@H]2[C@H](CO)O1,9.95043,0.0051622404217569265,0.005162286278200616,-0.0011452756392157475,0.006307561917416363,-0.10023684939761718
frozen_GE_teacher,CN(C)C(=O)C[C@H]1C[C@H]2c3cc(NC(=O)NC4CCCC4)ccc3O[C@H]2[C@H](CO)O1,10.0655,-0.028076915291890575,-0.028084296584187998,-0.03426216946267126,0.006177872878483259,0.04740076192588944
frozen_GE_teacher,CN(C)C(=O)C[C@H]1C[C@H]2c3cc(NC(=O)Nc4ccccc4F)ccc3O[C@H]2[C@@H](CO)O1,10.0138,-0.42605750984312313,-0.4550698648542676,0.000249212492542325,-0.45531907734680993,-0.07105126384357154
frozen_GE_teacher,CN(C)C(=O)C[C@H]1C[C@H]2c3cc(NS(C)(=O)=O)ccc3O[C@H]2[C@H](CO)O1,10.0645,0.07666989286338058,0.07682065379016625,-0.01460823523425988,0.09142888902442614,0.13837743309468678
frozen_GE_teacher,CN(C)C(=O)Nc1ccc(Cl)c(Cl)c1,10.0,-0.17373586631743249,-0.17551624606787292,-0.03253143019307634,-0.14298481587479658,-0.08434971250845932
frozen_GE_teacher,CN(C)C(=O)[C@@H]1[C@@H](CO)[C@@H]2Cn3c(ccc(-c4cccc(F)c4)c3=O)[C@H]1N2Cc1ccccc1,10.0035,0.03428016935241409,0.03429360671333571,0.04312096878808942,-0.008827362074753715,-0.07148680318511347
frozen_GE_teacher,CN(C)C(=O)[C@@H]1[C@@H](CO)[C@@H]2Cn3c(ccc(-c4cncnc4)c3=O)[C@@H]2N1Cc1cc(F)ccc1F,9.96719,0.3747492026345653,0.39393687517433235,-0.06478257353439126,0.4587194487087236,-0.16761596903710396
frozen_GE_teacher,CN(C)C(=O)[C@@H]1[C@@H](CO)[C@@H]2Cn3c(ccc(/C=C/c4ccccc4)c3=O)[C@@H]2N1C(=O)c1cccnc1,10.076,0.16316374066030193,0.16463525545551944,0.06467377930410512,0.09996147615141432,-0.12416130557815531
frozen_GE_teacher,CN(C)C(=O)[C@@H]1[C@@H](CO)[C@@H]2Cn3c(ccc(C4=CCCC4)c3=O)[C@@H]2N1C(=O)c1ccccc1F,9.90384,-0.01082719755537975,-0.010827620669459092,-0.07357948701027003,0.06275186634081094,0.251383254049685
frozen_GE_teacher,CN(C)C(=O)[C@@H]1[C@@H](CO)[C@@H]2Cn3c(ccc(C4=CCCC4)c3=O)[C@H]1N2CC1CCOCC1,9.98993,0.11033510925797069,0.11078614220511407,0.015050329946155329,0.09573581225895875,0.15902548714784073
frozen_GE_teacher,CN(C)C(=O)[C@@H]1[C@@H](CO)[C@@H]2Cn3c(cccc3=O)[C@H]1N2C(=O)c1ccc(F)cc1,10.035,-0.026919300017144696,-0.026925805191133065,0.007378890871537872,-0.034304696062670934,-0.15381495771915232
frozen_GE_teacher,CN(C)C(=O)[C@H]1N[C@H]2c3ccc(-c4ccc(F)cc4)c(=O)n3C[C@H]2[C@@H]1CO,10.0581,-0.1235902235421357,-0.12422531563706965,0.05209390611460811,-0.17631922175167775,-0.1985142242470358
frozen_GE_teacher,CN(C)C(=O)[C@H]1[C@H](CO)[C@H]2Cn3c(ccc(-c4ccccc4)c3=O)[C@@H]1N2C(=O)C1CCC1,10.0579,0.10886018058383697,0.10929328153663537,0.07999115496142614,0.029302126575209225,-0.11990304905376262
frozen_GE_teacher,CN(C)C(=O)c1cc2c(c(-c3cccc(-c4ccc(F)cc4)c3)n1)[C@@H](CCO)N([S@](=O)C(C)(C)C)C2,9.87558,-0.343281868077737,-0.3578080752277426,-0.16723962683443783,-0.19056844839330478,0.1953269717259103
frozen_GE_teacher,CN(C)C(=O)c1ccc(-c2ccc([C@H]3[C@@H](C#N)N[C@@H]3CO)cc2)cc1,10.0274,0.07399162285550537,0.0741270969462426,-0.008334766054079581,0.08246186300032218,0.19089615396425041
frozen_GE_teacher,CN(C)C(=O)c1cccc(-c2ccc([C@H]3[C@@H](C#N)N(C(=O)C4CC4)[C@H]3CO)cc2)c1,10.0348,0.18423098374869482,0.1863588187345962,0.013747813345501389,0.1726110053890948,0.10154730825387018
frozen_GE_teacher,CN(C)C(=O)c1cccc(-c2ccc3n(c2=O)C[C@H]2N[C@@H]3[C@@H](C(=O)NC3CCC3)[C@@H]2CO)c1,10.0113,0.37607495693806614,0.39548012683634304,-0.025319110706436807,0.42079923754277987,0.38511465885590335
frozen_GE_teacher,CN(C)C(=O)c1cccc(-c2cccc(-c3nc(C(=O)N4CCOCC4)cc4c3[C@H](CCO)N([S@@](=O)C(C)(C)C)C4)c2)c1,10.0786,0.06044016566701224,0.06051392364755256,-0.03692677417029667,0.09744069781784923,0.028043592231128015
frozen_GE_teacher,CN(C)CC(=O)N1[C@@H]2c3ccc(-c4cccnc4)c(=O)n3C[C@H]1[C@H](CO)[C@H]2C(=O)NC1CCC1,10.1544,-0.5225883587576732,-0.5798939674648185,-0.041401040547589446,-0.538492926917229,0.11405432078869053
frozen_GE_teacher,CN(C)CC(=O)N[C@@H]1C=C[C@@H](CC(=O)NCCN2CCCCC2)O[C@H]1CO,10.01,0.5197912874410995,0.576053733145602,-0.07404035044537038,0.6500940835909724,0.3460286241215835
frozen_GE_teacher,CN(C)CC(=O)N[C@H]1C=C[C@@H](CC(=O)NCCN2CCCCC2)O[C@H]1CO,10.0685,0.27045022067420144,0.2773495089342755,-0.06055532781566986,0.33790483674994537,0.3713811739848228
frozen_GE_teacher,CN(C)CC(=O)Nc1ccc2c(c1)[C@@H]1C[C@@H](CC(=O)NC3CCCCC3)O[C@H](CO)[C@@H]1O2,10.0937,-0.1067110121134978,-0.10711885022369141,-0.04006761862960443,-0.06705123159408699,0.23585596795825517
frozen_GE_teacher,CN(C)CC(=O)Nc1ccc2c(c1)[C@@H]1C[C@@H](CC(=O)NCc3ccncc3)O[C@@H](CO)[C@@H]1O2,10.0973,0.2493099792362559,0.25467692500940176,0.11465442881884436,0.1400224961905574,-0.4310559842859488
frozen_GE_teacher,CN(C)CC(=O)Nc1ccc2c(c1)[C@@H]1C[C@H](CC(=O)NCc3cc(F)ccc3F)O[C@H](CO)[C@@H]1O2,10.0188,-0.11478573486776872,-0.11529388809569914,-0.03736104236477317,-0.07793284573092597,0.09099893997390686
frozen_GE_teacher,CN(C)CC(=O)Nc1ccc2c(c1)[C@@H]1C[C@H](CC(=O)NCc3ccc(-c4ccccc4)cc3)O[C@H](CO)[C@@H]1O2,10.1054,0.026290681311521596,0.026296741197182297,-0.15487252471720334,0.18116926591438565,-0.12347191606387256
frozen_GE_teacher,CN(C)CC(=O)Nc1ccc2c(c1)[C@@H]1C[C@H](CC(=O)NCc3ccc4c(c3)OCO4)O[C@H](CO)[C@@H]1O2,10.123,0.009406265631531062,0.009406543061592701,-0.019931299115000807,0.029337842176593507,0.042438681758785526
frozen_GE_teacher,CN(C)CC(=O)Nc1ccc2c(c1)[C@@H]1C[C@H](CC(=O)NCc3ccncc3)O[C@H](CO)[C@@H]1O2,10.0252,-0.03717864735735466,-0.03719579166256719,0.028304486507227368,-0.06550027816979456,0.053264244956324515
frozen_GE_teacher,CN(C)CC(=O)Nc1ccc2c(c1)[C@H]1C[C@@H](CC(=O)NC3CCCCC3)O[C@@H](CO)[C@H]1O2,10.0073,0.12104586315438814,0.12164230756974401,0.01577437510730089,0.10586793246244311,-0.08810911826615303
frozen_GE_teacher,CN(C)CC(=O)Nc1ccc2c(c1)[C@H]1C[C@@H](CC(=O)NCC3CC3)O[C@H](CO)[C@H]1O2,9.7129,0.20101178847343643,0.20378672297847855,-0.04561695510186958,0.24940367808034813,0.18113058870975815
frozen_GE_teacher,CN(C)CC(=O)Nc1ccc2c(c1)[C@H]1C[C@@H](CC(=O)NCc3cccc(F)c3)O[C@H](CO)[C@H]1O2,9.98051,0.3153132189418136,0.32643431289927266,-0.0326599191260918,0.35909423202536445,0.10729639473397069
frozen_GE_teacher,CN(C)CC(=O)Nc1ccc2c(c1)[C@H]1C[C@H](CC(=O)NCc3ccncc3)O[C@@H](CO)[C@H]1O2,9.94813,0.04741412981260027,0.0474497083792057,-0.01989853509431166,0.06734824347351737,0.0069715404145547
frozen_GE_teacher,CN(C)CCCNC(=O)C[C@@H]1C=C[C@@H](NC(=O)c2ccccc2F)[C@@H](CO)O1,10.0737,-0.1260767926064549,-0.12675124872291108,-0.008858650098413745,-0.11789259862449733,-0.10307761599760645
frozen_GE_teacher,CN(C)CCCNC(=O)C[C@@H]1C=C[C@@H](NS(=O)(=O)c2ccccc2)[C@H](CO)O1,10.0407,0.21349941246821927,0.21683503574240073,0.07626017739454818,0.14057485834785255,-0.0870084251498363
frozen_GE_teacher,CN(C)CCCNC(=O)C[C@@H]1C=C[C@H](NC(=O)Cc2cccnc2)[C@@H](CO)O1,10.0163,-0.2876854995616739,-0.29604108575270544,-0.009672088961898475,-0.28636899679080696,-0.010708701363709714
frozen_GE_teacher,CN(C)CCCNC(=O)C[C@@H]1C=C[C@H](NC(=O)c2ccccc2F)[C@@H](CO)O1,9.98798,0.16058865067109596,0.1619908706454394,0.02226089936563527,0.13972997127980413,-0.2851686780662432
frozen_GE_teacher,CN(C)CCCNC(=O)C[C@@H]1CC[C@@H]2[C@H](COc3ccc(NS(C)(=O)=O)cc3C(=O)N2C)O1,10.2563,-0.027235791094889748,-0.02724252849098594,0.18689109366877368,-0.21413362215975962,-0.1543440011787197
frozen_GE_teacher,CN(C)CCCNC(=O)C[C@@H]1CC[C@H](NC(=O)c2ccccc2F)[C@@H](CO)O1,10.0537,-0.020837697394561365,-0.02084071415685544,-0.03772512193264316,0.016884407775787716,-0.09031645346899747
frozen_GE_teacher,CN(C)CCCNC(=O)C[C@@H]1CC[C@H]2[C@@H](COC[C@H](O)CN2CC2CCCC2)O1,10.0421,0.22914677129990982,0.2332887675984821,0.22955929806323194,0.0037294695352501628,-0.3291361518833893
frozen_GE_teacher,CN(C)CCCNC(=O)C[C@H]1C=C[C@@H](NS(=O)(=O)c2ccccc2)[C@H](CO)O1,10.1283,0.40686886162845765,0.43185316500596627,0.05339083496373038,0.3784623300422359,0.08244469405214161
frozen_GE_teacher,CN(C)CCCNC(=O)C[C@H]1C=C[C@H](NC(=O)Cc2cccnc2)[C@H](CO)O1,10.0008,-0.17204959408632914,-0.17377801433155443,-0.04751050834807913,-0.1262675059834753,-0.3035443850686695
frozen_GE_teacher,CN(C)CCCNC(=O)C[C@H]1C=C[C@H](NC(=O)c2ccccc2F)[C@@H](CO)O1,10.1689,0.030687583964850683,0.030697222528655636,-0.015333655941265005,0.04603087846992064,0.2377017137652006
frozen_GE_teacher,CN(C)CCCNC(=O)C[C@H]1CC[C@H](NC(=O)c2ccccc2F)[C@H](CO)O1,9.9477,-0.051778198962104116,-0.051824545675664135,0.04356183365996414,-0.09538637933562827,0.03372947942747182
frozen_GE_teacher,CN(C)CCCNC(=O)[C@H]1[C@H](CO)[C@H]2Cn3c(ccc(C4=CCCC4)c3=O)[C@@H]1N2Cc1cocn1,9.97376,-0.20676881357002178,-0.20979347579603488,-0.05217502524561927,-0.15761845055041562,-0.1128134991626871
frozen_GE_teacher,CN(C)CCCNC(=O)[C@H]1[C@H](CO)[C@H]2Cn3c(ccc(C4=CCCC4)c3=O)[C@H]2N1CCC(F)(F)F,10.0957,0.2442106095197797,0.24924690293979376,-0.06577455946876892,0.31502146240856266,0.15620742181201475
frozen_GE_teacher,CN(C)CCCc1cc(C(=O)Nc2ccc(-c3ccncc3)cc2)ccc1O,10.0,0.19968610632009298,0.20240560284001152,0.03669869692122787,0.16570690591878365,0.054571933840284075
frozen_GE_teacher,CN(C)CCCn1c(SCc2ccc(Cl)cc2)nnc1-c1ccncc1,10.0,-0.008387122511342973,-0.00838731918040037,0.07482994337892596,-0.08321726255932632,0.17211710839961886
frozen_GE_teacher,CN(C)CCOC(=O)C(c1ccccc1)C1(O)CCCC1,10.0,0.1446075241836024,0.14562834196736804,0.3418744462921851,-0.19624610432481707,-0.22743815384734717
frozen_GE_teacher,CN(C)CCc1c[nH]c2ccc(CS(=O)(=O)N3CCCC3)cc12,10.0,0.08439467251905114,0.08459589907269788,0.01708075148599317,0.06751514758670471,-0.018298826984109985
frozen_GE_teacher,CN(C)Cc1cn(CC[C@@H]2CC[C@@H](N)[C@H](CO)O2)nn1,10.1215,0.16297724390819704,0.16444366390302145,-0.07815149917420133,0.2425951630772228,-0.17942698405485502
frozen_GE_teacher,CN(C)Cc1cn(CC[C@@H]2CC[C@@H](NC(=O)Cc3cccnc3)[C@@H](CO)O2)nn1,10.0959,0.3011680467996203,0.31080366727488556,0.03547553188729851,0.27532813538758705,-0.3534015030421493
frozen_GE_teacher,CN(C)Cc1cn(CC[C@@H]2CC[C@H](NC(=O)Cc3cccnc3)[C@@H](CO)O2)nn1,10.0188,0.154261692340138,0.15550310420246355,0.06352840501496633,0.09197469918749722,0.138328634201007
frozen_GE_teacher,CN(C)Cc1cn(CC[C@H]2CC[C@@H](NC(=O)Cc3cccnc3)[C@@H](CO)O2)nn1,10.114,-0.3223007722542615,-0.33421246748348865,-0.15441786095078686,-0.1797946065327018,0.13523553820777523
frozen_GE_teacher,CN(C)Cc1cn(CC[C@H]2CC[C@H](NC(=O)Cc3cccnc3)[C@@H](CO)O2)nn1,10.021,0.3452200742228465,0.360006857305428,0.11132168858518399,0.248685168720244,-0.2207099553909265
frozen_GE_teacher,CN(C)Cc1cn(CC[C@H]2CC[C@H](NC(=O)Cc3cccnc3)[C@H](CO)O2)nn1,9.98849,0.4982176046546061,0.5469324333376351,0.03493637587929263,0.5119960574583424,0.05850263698343566
frozen_GE_teacher,CN(C)S(=O)(=O)c1ccc(N2CCCC2)c(C(=O)N2CCN(c3ccc([N+](=O)[O-])cc3)CC2)c1,20.0,0.006830197627472488,0.006830303843660635,-0.08137565501777823,0.08820595886143887,0.17607290206118942
frozen_GE_teacher,CN(C)c1ccc2c(c1)[C@@H]1C[C@@H](CC(=O)NCc3ccccn3)O[C@@H](CO)[C@@H]1O2,10.073,0.17504979110603788,0.1768713847161352,-0.2214439457655625,0.3983153304816977,0.30778691133091673
frozen_GE_teacher,CN(C)c1ccc2c(c1)[C@@H]1C[C@@H](CC(=O)NCc3ccccn3)O[C@H](CO)[C@@H]1O2,10.0586,-0.007411751740653841,-0.007411887464341872,0.007330021132112821,-0.014741908596454693,0.11374985939022673
frozen_GE_teacher,CN(C)c1ccc2c(c1)[C@@H]1C[C@H](CC(=O)N3CCc4ccccc4C3)O[C@@H](CO)[C@@H]1O2,10.0419,0.14979705843853613,0.15093282954814477,-0.15701934476229135,0.3079521743104361,0.25239407302377637
frozen_GE_teacher,CN(C)c1ccc2c(c1)[C@@H]1C[C@H](CC(=O)N3CCc4ccccc4C3)O[C@H](CO)[C@@H]1O2,10.1031,0.05057088129196089,0.050614057790647184,-0.14466648272783014,0.19528054051847732,-0.1850090999963784
frozen_GE_teacher,CN(C)c1ccc2c(c1)[C@@H]1C[C@H](CC(=O)NCC3CC3)O[C@H](CO)[C@@H]1O2,9.9718,0.41478519076954035,0.44137700740594427,0.040565685806816375,0.4008113215991279,0.29876876598979885
frozen_GE_teacher,CN(C)c1ccc2c(c1)[C@@H]1C[C@H](CC(=O)NCc3ccc(Cl)cc3)O[C@H](CO)[C@@H]1O2,9.998544,-0.12440281072212672,-0.12505059159562334,-0.025311857763934444,-0.09973873383168891,0.030790694686347007
frozen_GE_teacher,CN(C)c1ccc2c(c1)[C@@H]1C[C@H](CC(=O)NCc3ccc(Oc4ccccc4)cc3)O[C@H](CO)[C@@H]1O2,10.0034,0.16055431437393156,0.1619556256186615,0.03883503421235262,0.12312059140630888,0.015303121510548863
frozen_GE_teacher,CN(C)c1ccc2c(c1)[C@@H]1C[C@H](CC(=O)NCc3cccc(F)c3)O[C@@H](CO)[C@@H]1O2,9.91433,0.25146440222684363,0.2569754524188476,0.05889938985361321,0.1980760625652344,0.26427831535319524
frozen_GE_teacher,CN(C)c1ccc2c(c1)[C@H]1C[C@H](CC(=O)NCc3ccc(Cl)cc3)O[C@H](CO)[C@H]1O2,9.943933,-0.08934858627536406,-0.08958749331225059,0.04312609660630582,-0.13271358991855642,0.1890243517974662
frozen_GE_teacher,CN(C)c1ccc2c(c1)[C@H]1C[C@H](CC(=O)NCc3ccc4c(c3)OCO4)O[C@@H](CO)[C@H]1O2,10.0281,-0.02826496914082421,-0.028272499792117496,-0.041731857094898184,0.013459357302780688,0.30296144113817053
frozen_GE_teacher,CN(C)c1ccc2c(c1)[C@H]1C[C@H](CC(=O)O)O[C@H](CO)[C@H]1O2,10.2478,-0.05907749816843513,-0.059146372246916844,0.09964125651866579,-0.15878762876558264,-0.11550549245836733
frozen_GE_teacher,CN([N+][O-])c1cc(O)ccc1O,10.0,0.18903759309609053,0.1913389072794034,0.057518662549783474,0.13382024472961992,-0.11346142856082778
frozen_GE_teacher,CN(c1ccccc1)S(=O)(=O)c1ccc(NC(=O)c2cccs2)cc1,10.0,0.3381995208751404,0.35205811442615265,0.06832251035698192,0.28373560406917075,0.0034715810956013754
frozen_GE_teacher,CN1C(=O)/C(=C/c2ccccc2Cl)Sc2ccc(C(=O)NCc3cccnc3)cc21,10.0,0.3230119686799586,0.3350063084674135,0.022906641334993816,0.3120996671324197,0.37018979606825025
frozen_GE_teacher,CN1C(=O)NC2C1N(S(C)(=O)=O)CCN2S(C)(=O)=O,10.0,-0.03104170604939251,-0.03105168228460562,0.039843271916439264,-0.07089495420104489,0.1026489120589103
frozen_GE_teacher,CN1C(=O)c2cc(NC(=O)C3CCCCC3)ccc2OC[C@@H]2O[C@H](CC(=O)NCc3ccccc3F)CC[C@@H]21,10.0797,0.18485484799332486,0.18700467845859395,0.018812293066854453,0.1681923853917395,-0.13492717068933127
frozen_GE_teacher,CN1C(=O)c2cc(NC(=O)C3CCCCC3)ccc2OC[C@H]2O[C@H](CC(=O)NCc3ccccc3F)CC[C@@H]21,10.1669,0.30013498091285457,0.30966794147855664,-0.02457470784272901,0.33424264932128567,0.2875150072202215
frozen_GE_teacher,CN1C(=O)c2cc(NC(=O)C3CCOCC3)ccc2OC[C@@H]2O[C@@H](CC(=O)NCC3CCCCC3)CC[C@@H]21,9.8337,-0.19574831611580504,-0.19830760724294488,-0.12996784769182848,-0.0683397595511164,-0.2819202179781374
frozen_GE_teacher,CN1C(=O)c2cc(NC(=O)C3CCOCC3)ccc2OC[C@@H]2O[C@@H](CC(=O)NCc3ccc4c(c3)OCO4)CC[C@@H]21,10.03,0.25336058566723635,0.25900066725473136,-0.1020904852445978,0.36109115249932916,-0.3030185334593353
frozen_GE_teacher,CN1C(=O)c2cc(NC(=O)C3CCOCC3)ccc2OC[C@@H]2O[C@@H](CC(=O)NCc3ccc4c(c3)OCO4)CC[C@H]21,9.89398,0.17501287210299096,0.17683329891782146,0.008817279272122842,0.16801601964569862,0.11963156422734825
frozen_GE_teacher,CN1C(=O)c2cc(NC(=O)C3CCOCC3)ccc2OC[C@@H]2O[C@H](CC(=O)NCc3ccc4c(c3)OCO4)CC[C@H]21,9.97377,0.12283958236441259,0.12346310256939491,-0.05686798392364276,0.18033108649303767,-0.07621653491933292
frozen_GE_teacher,CN1C(=O)c2cc(NC(=O)C3CCOCC3)ccc2OC[C@H]2O[C@H](CC(=O)NCCc3ccncc3)CC[C@H]21,10.1712,0.1713812752309866,0.17308939055562594,0.007120626459838268,0.16596876409578767,0.09538038181030906
frozen_GE_teacher,CN1C(=O)c2cc(NC(=O)CC(F)(F)F)ccc2OC[C@H]2O[C@@H](CC(=O)NC3CCC3)CC[C@@H]21,10.0,-0.120590559478684,-0.12118025934914109,-0.015376674891182943,-0.10580358445795815,-0.07207303730217268
frozen_GE_teacher,CN1C(=O)c2cc(NC(=O)Cc3cccs3)ccc2OC[C@@H]2O[C@H](CC(=O)N[C@H]3CCN(Cc4ccccc4)C3)CC[C@@H]21,9.9423,-0.3369653854896165,-0.35066524467150934,0.05881574110995943,-0.40948098578146874,-0.21053148314144268
frozen_GE_teacher,CN1C(=O)c2cc(NC(=O)Cc3cccs3)ccc2OC[C@H]2O[C@@H](CC(=O)N[C@@H]3CCN(Cc4ccccc4)C3)CC[C@@H]21,10.0134,0.09149241355355384,0.09174899358391089,-0.0006386384839924403,0.09238763206790333,-0.09157887697938634
frozen_GE_teacher,CN1C(=O)c2cc(NC(=O)Cc3cccs3)ccc2OC[C@H]2O[C@H](CC(=O)N[C@H]3CCN(Cc4ccccc4)C3)CC[C@@H]21,9.98421,-0.062230464429325755,-0.06231098347368075,0.03680990918570721,-0.09912089265938795,-0.013497640031161079
frozen_GE_teacher,CN1C(=O)c2cc(NC(=O)NC3CCCC3)ccc2OC[C@@H]2O[C@@H](CC(=O)NCC3CC3)CC[C@@H]21,9.8291,-0.32134465663396755,-0.3331458860557413,-0.10704951793331254,-0.22609636812242878,0.08821302298116557
frozen_GE_teacher,CN1C(=O)c2cc(NC(=O)NC3CCCC3)ccc2OC[C@H]2O[C@@H](CC(=O)NCC3CC3)CC[C@H]21,9.82482,0.07196991432328882,0.07209456203452504,-0.0011359118843399761,0.07323047391886502,0.09892031964268237
frozen_GE_teacher,CN1C(=O)c2cc(NC(=O)Nc3ccccc3)ccc2OC[C@@H]2O[C@H](CC(=O)O)CC[C@@H]21,10.1688,-0.16268324237971055,-0.16414165500233158,0.03609002333536703,-0.20023167833769862,-0.09750855504602585
frozen_GE_teacher,CN1C(=O)c2cc(NC(=O)Nc3ccccc3Cl)ccc2OC[C@H]2O[C@@H](CC(=O)NCCCN3CCOCC3)CC[C@@H]21,10.0241,-0.0878991002529501,-0.08812653236753908,0.023882977985697412,-0.11200951035323649,-0.007323738164860063
frozen_GE_teacher,CN1C(=O)c2cc(NC(=O)Nc3ccccc3Cl)ccc2OC[C@H]2O[C@H](CC(=O)NCCCN3CCOCC3)CC[C@@H]21,10.1545,-0.20687817260688962,-0.2099077218159038,0.014015353816350034,-0.22392307563225383,0.00013230756604243853
frozen_GE_teacher,CN1C(=O)c2cc(NC(=O)Nc3ccccc3F)ccc2OC[C@@H]2O[C@H](CC(=O)NCCc3ccncc3)CC[C@@H]21,9.79992,0.03772618257320122,0.03774409598955929,0.014154326992863838,0.02358976899669545,0.20244280156777297
frozen_GE_teacher,CN1C(=O)c2cc(NC(=O)c3ccc(C(F)(F)F)cc3)ccc2OC[C@H]2O[C@H](CC(=O)NC3Cc4ccccc4C3)CC[C@@H]21,9.99072,-0.12694547778033488,-0.12763406346530848,0.027189194826539163,-0.15482325829184765,-0.07838724224666183
frozen_GE_teacher,CN1C(=O)c2cc(NC(=O)c3ccc(C(F)(F)F)cc3)ccc2OC[C@H]2O[C@H](CC(=O)NC3Cc4ccccc4C3)CC[C@H]21,9.92732,-0.048000065308697305,-0.04803698050432731,0.03184425516537362,-0.07988123566970093,0.10867453433856886
frozen_GE_teacher,CN1C(=O)c2cc(NC(=O)c3ccc(Cl)cc3)ccc2OC[C@@H]2O[C@H](CC(=O)O)CC[C@H]21,10.1725,-0.13069095065895417,-0.13144274282624951,0.012656393632326748,-0.14409913645857625,0.026986488770949765
frozen_GE_teacher,CN1C(=O)c2cc(NC(=O)c3ccc(F)c(F)c3)ccc2OC[C@@H]2O[C@@H](CC(=O)N[C@@H]3CCN(Cc4ccccc4)C3)CC[C@@H]21,9.9261,0.11245752788660021,0.11293523001205405,-0.11010386759841978,0.22303909761047383,0.4234360143245609
frozen_GE_teacher,CN1C(=O)c2cc(NC(=O)c3ccc(F)c(F)c3)ccc2OC[C@@H]2O[C@@H](CC(=O)N[C@@H]3CCN(Cc4ccccc4)C3)CC[C@H]21,10.0621,-0.32996429958416773,-0.34278819163471125,0.009050672821390233,-0.35183886445610146,0.06735648798855941
frozen_GE_teacher,CN1C(=O)c2cc(NC(=O)c3ccc(F)c(F)c3)ccc2OC[C@@H]2O[C@@H](CC(=O)N[C@H]3CCN(Cc4ccccc4)C3)CC[C@H]21,10.0511,0.12610564655924553,0.12678056883605537,0.01683682225882184,0.10994374657723353,0.11352458429716349
frozen_GE_teacher,CN1C(=O)c2cc(NC(=O)c3ccc(F)c(F)c3)ccc2OC[C@@H]2O[C@H](CC(=O)N3CCOCC3)CC[C@H]21,10.1999,0.21596915012825663,0.2194241616707637,0.10891465350202509,0.11050950816873861,0.04287602904114604
frozen_GE_teacher,CN1C(=O)c2cc(NC(=O)c3cccc(C(F)(F)F)c3)ccc2OC[C@@H]2O[C@H](CC(=O)O)CC[C@H]21,9.88446,0.154930424594147,0.1561882104844236,-0.025684709761726647,0.18187292024615026,0.0605922194891482
frozen_GE_teacher,CN1C(=O)c2cc(NC(=O)c3cccc(F)c3)ccc2OC[C@@H]2O[C@@H](CC(=O)NCC3CCCCC3)CC[C@H]21,10.08092,0.29361246979796535,0.302514975646594,-0.06910912691409049,0.3716241025606845,0.19750651507687544
frozen_GE_teacher,CN1C(=O)c2cc(NC(=O)c3cccc(F)c3)ccc2OC[C@H]2O[C@H](CC(=O)NCC3CCCCC3)CC[C@@H]21,10.003,-0.08468041733544485,-0.08488370069316038,0.029345012614875723,-0.1142287133080361,0.16322754266534328
frozen_GE_teacher,CN1C(=O)c2cc(NC(=O)c3ccccc3Cl)ccc2OC[C@@H]2O[C@@H](CC(=O)NCC(F)(F)F)CC[C@@H]21,10.0,-0.37597954069301076,-0.39536899725873276,0.05144089383948931,-0.44680989109822206,-0.02527512166329739
frozen_GE_teacher,CN1C(=O)c2cc(NC(=O)c3ccccc3Cl)ccc2OC[C@@H]2O[C@@H](CC(=O)NCC(F)(F)F)CC[C@H]21,10.0,-0.07343226775885446,-0.07356468600236894,-0.036543048977665735,-0.03702163702470321,-0.1403492573899256
frozen_GE_teacher,CN1C(=O)c2cc(NC(=O)c3ccccc3Cl)ccc2OC[C@@H]2O[C@H](CC(=O)NCC(F)(F)F)CC[C@H]21,10.0,0.06641115918324023,0.0665090525559348,-0.08936985333557898,0.15587890589151376,0.237997016224606
frozen_GE_teacher,CN1C(=O)c2cc(NC(=O)c3ccccc3Cl)ccc2OC[C@H]2O[C@@H](CC(=O)NCC(F)(F)F)CC[C@H]21,10.0,0.5175652304598743,0.5730083942545483,0.005395250612506432,0.5676131436420419,-0.008600802392523489
frozen_GE_teacher,CN1C(=O)c2cc(NC(=O)c3ccccc3F)ccc2OC[C@@H]2O[C@@H](CC(=O)NCc3ccc4c(c3)OCO4)CC[C@H]21,9.96225,-0.4354070208440672,-0.46654932276453753,-0.01041350700174562,-0.45613581576279194,0.27147622998269594
frozen_GE_teacher,CN1C(=O)c2cc(NC(=O)c3ccccc3F)ccc2OC[C@@H]2O[C@H](CC(=O)NCc3ccc4c(c3)OCO4)CC[C@H]21,10.0629,0.40967343205421913,0.43521872965470865,-0.02253244667965012,0.45775117633435874,0.012939460313140218
frozen_GE_teacher,CN1C(=O)c2cc(NC(=O)c3cccs3)ccc2OC[C@@H]2O[C@@H](CC(=O)N3CCCCC3)CC[C@H]21,10.0504,0.13648953829541657,0.1373467125379172,0.012122522363243241,0.12522419017467395,0.07946007320747661
frozen_GE_teacher,CN1C(=O)c2cc(NC(=O)c3cccs3)ccc2OC[C@@H]2O[C@H](CC(=O)N3CCCCC3)CC[C@@H]21,10.0879,-0.0540004422218853,-0.05405302353990085,0.09231690858184532,-0.14636993212174618,-0.14228340359617778
frozen_GE_teacher,CN1C(=O)c2cc(NC(=O)c3cccs3)ccc2OC[C@H]2O[C@H](CC(=O)N3CCCCC3)CC[C@@H]21,10.0335,0.1818990902731968,0.183946065891902,-0.03042030450403952,0.2143663703959415,-0.023919853252787726
frozen_GE_teacher,CN1C(=O)c2cc(NC(=O)c3cscn3)ccc2OC[C@@H]2O[C@@H](CC(=O)NCc3ccc(Cl)c(Cl)c3)CC[C@H]21,9.863,0.19568767287214503,0.19824454850049955,0.031915696859213194,0.16632885164128636,0.1733342327530785
frozen_GE_teacher,CN1C(=O)c2cc(NC(=O)c3cscn3)ccc2OC[C@H]2O[C@H](CC(=O)NCc3ccc(Cl)c(Cl)c3)CC[C@@H]21,10.1504,0.16231919042413823,0.16376772890843957,0.029431628291752953,0.13433610061668663,-0.19529151400833533
frozen_GE_teacher,CN1C(=O)c2cc(NS(=O)(=O)c3cccc(F)c3)ccc2OC[C@@H]2O[C@@H](CC(=O)N3CCc4ccccc4C3)CC[C@H]21,10.1525,-0.36114988914221446,-0.3782076348242217,-0.011369542853732064,-0.36683809197048967,0.15228887936825478
frozen_GE_teacher,CN1C(=O)c2cc(NS(=O)(=O)c3cccc(F)c3)ccc2OC[C@@H]2O[C@@H](CC(=O)NCCN3CCCCC3)CC[C@@H]21,10.1709,-0.2717373706404044,-0.2787387576023711,0.03277367544903677,-0.31151243305140786,-0.11148692624614734
frozen_GE_teacher,CN1C(=O)c2cc(NS(=O)(=O)c3cccc(F)c3)ccc2OC[C@@H]2O[C@H](CC(=O)N3CCc4ccccc4C3)CC[C@@H]21,9.99468,-0.2044433566371638,-0.20736537226146307,0.018346233776079246,-0.2257116060375423,0.28057645320237345
frozen_GE_teacher,CN1C(=O)c2cc(NS(=O)(=O)c3cccc(F)c3)ccc2OC[C@@H]2O[C@H](CC(=O)NCCN3CCCCC3)CC[C@H]21,10.034,-0.08546643400997962,-0.08567544766868809,-0.037980553306757404,-0.04769489436193069,-0.16692843870183868
frozen_GE_teacher,CN1C(=O)c2cc(NS(=O)(=O)c3cccc(F)c3)ccc2OC[C@H]2O[C@@H](CC(=O)N3CCc4ccccc4C3)CC[C@H]21,10.0167,0.12954763797691757,0.13027973915792385,0.042245522119771096,0.08803421703815276,0.027671821212166887
frozen_GE_teacher,CN1C(=O)c2cc(NS(=O)(=O)c3cccc(F)c3)ccc2OC[C@H]2O[C@H](CC(=O)NCCN3CCCCC3)CC[C@@H]21,10.0541,-0.00017055375323093828,-0.00017055375488466063,0.0436085605595722,-0.04377911431445686,-0.04802348836130078
frozen_GE_teacher,CN1C(=O)c2cc(NS(=O)(=O)c3ccccc3F)ccc2OC[C@@H]2O[C@H](CC(=O)NC3Cc4ccccc4C3)CC[C@@H]21,10.025,-0.4808401801639223,-0.5240765605968324,-0.07048562979652277,-0.4535909308003096,-0.0861622186179458
frozen_GE_teacher,CN1C(=O)c2cc(NS(C)(=O)=O)ccc2OC[C@@H]2O[C@@H](CC(=O)NCc3ccc(-c4ccccc4)cc3)CC[C@H]21,9.97229,-0.18233974138835868,-0.1844018336853645,-0.04522651304997846,-0.13917532063538604,-0.0560676936804122
frozen_GE_teacher,CN1C(=O)c2cc(NS(C)(=O)=O)ccc2OC[C@@H]2O[C@H](CC(=O)NC3CCCCC3)CC[C@@H]21,9.97918,0.10232649966856729,0.10268590410496899,-0.01008315381459857,0.11276905791956755,-0.048269271221562396
frozen_GE_teacher,CN1C(=O)c2cc(NS(C)(=O)=O)ccc2OC[C@@H]2O[C@H](CC(=O)NCc3ccc(-c4ccccc4)cc3)CC[C@H]21,10.0385,-0.1323125651626116,-0.13309289329431903,-0.05469081428799524,-0.07840207900632379,0.09560392112107535
frozen_GE_teacher,CN1C(=O)c2cc(NS(C)(=O)=O)ccc2OC[C@H]2O[C@@H](CC(=O)N3CCOCC3)CC[C@H]21,10.2659,0.10807781048904876,0.10850159681474293,-0.15695149856636964,0.26545309538111256,0.21921457010701062
frozen_GE_teacher,CN1C(=O)c2cc(NS(C)(=O)=O)ccc2OC[C@H]2O[C@H](CC(=O)N3CCOCC3)CC[C@@H]21,10.1094,0.37535415332318395,0.3946408495871394,-0.14352208972218022,0.5381629393093197,0.0664934531014903
frozen_GE_teacher,CN1C(=O)c2cc(NS(C)(=O)=O)ccc2OC[C@H]2O[C@H](CC(=O)NCc3ccc(-c4ccccc4)cc3)CC[C@H]21,9.9014,-0.1974732540304711,-0.20010190571852726,-0.12809927429582052,-0.07200263142270674,-0.18741867572845256
frozen_GE_teacher,CN1C(=O)c2cccc(NCCCN3C(=O)c4ccccc4C3=O)c2C1=O,20.0,-0.18374725898416155,-0.18585814515865062,-0.0531293242577027,-0.13272882090094792,0.19719279971542442
frozen_GE_teacher,CN1C2CCC1CC(OC(=O)C(CO)c1ccccc1)C2,10.0,-0.09714873157245435,-0.09745609989696785,-0.0414612177010626,-0.05599488219590525,0.3336406893574031
frozen_GE_teacher,CN1C2CCC1CC(OC(=O)c1c[nH]c3ccccc13)C2,10.0,0.08427649662589087,0.08447687663338754,-0.04157658662627467,0.1260534632596622,0.2902679293422602
frozen_GE_teacher,CN1C2CCC1CC(OC(=O)c1cc(Cl)cc(Cl)c1)C2,10.0,0.7302372682942792,0.9292355130993425,0.23108701055858732,0.6981485025407552,0.5811229162032465
frozen_GE_teacher,CN1C2CCC1CC(OC(c1ccc(F)cc1)c1ccc(F)cc1)C2,10.0,0.6903358806796871,0.8485971550568681,0.2918059315561613,0.5567912235007068,0.33410655593636407
frozen_GE_teacher,CN1CC(C(=O)c2ccccc2)C(C(=O)c2ccccc2)C1,10.0,0.4032861400225886,0.4275671530160946,-0.05799412538969309,0.48556127840578767,0.029942973964470935
frozen_GE_teacher,CN1CCCC(n2nc(Cc3ccc(Cl)cc3)c3ccccc3c2=O)CC1,10.0,0.8401842733618643,1.2217997755792316,0.2861253110626739,0.9356744645165577,-0.05750745045011832
frozen_GE_teacher,CN1CCN(C(=O)C[C@@H]2C=C[C@@H](NC(=O)Cc3ccccn3)[C@@H](CO)O2)CC1,10.0619,-0.33244302298728506,-0.34557232509473923,-0.013710878724453722,-0.33186144637028553,0.014841573082050325
frozen_GE_teacher,CN1CCN(C(=O)C[C@@H]2C=C[C@@H](NC(=O)Cc3ccccn3)[C@H](CO)O2)CC1,10.0575,0.07765718444084418,0.07781385920554172,0.0006915083378035147,0.0771223508677382,-0.0065571506320020075
frozen_GE_teacher,CN1CCN(C(=O)C[C@@H]2CC[C@@H]3[C@H](COC[C@@H](O)CN3C(=O)c3ccccc3F)O2)CC1,10.0173,0.19402531327364583,0.1965165790788847,0.0247115063958755,0.1718050726830092,0.08900853374802442
frozen_GE_teacher,CN1CCN(C(=O)C[C@@H]2CC[C@@H]3[C@H](COC[C@H](O)CN3Cc3cccc(F)c3)O2)CC1,9.99742,0.15377462080874232,0.1550041978059858,0.08422961530256581,0.07077458250341997,-0.013496503100392146
frozen_GE_teacher,CN1CCN(C(=O)C[C@@H]2CC[C@@H]3[C@H](COc4ccc(NC(=O)C5CCOCC5)cc4C(=O)N3C)O2)CC1,10.1177,-0.15979244734873457,-0.1611736977929941,-0.003989723305025399,-0.1571839744879687,0.12101007868569523
frozen_GE_teacher,CN1CCN(C(=O)C[C@@H]2CC[C@H](NC(=O)c3ccc4c(c3)OCO4)[C@@H](CO)O2)CC1,10.0488,0.2637923161715379,0.27017999817102323,-0.10967746350255167,0.3798574616735749,0.040187103237658006
frozen_GE_teacher,CN1CCN(C(=O)C[C@@H]2C[C@@H]3c4cc(NC(=O)Cc5ccncc5)ccc4O[C@@H]3[C@@H](CO)O2)CC1,9.88658,0.31673223728514427,0.3280107732996296,-0.07536836234913145,0.40337913564876104,-0.04460449184203094
frozen_GE_teacher,CN1CCN(C(=O)C[C@@H]2C[C@@H]3c4cc(NS(C)(=O)=O)ccc4O[C@@H]3[C@H](CO)O2)CC1,10.016,-0.03138654826280929,-0.031396860816402035,0.054008796975838186,-0.08540565779224021,-0.3708605451755196
frozen_GE_teacher,CN1CCN(C(=O)C[C@@H]2C[C@H]3c4cc(NC(=O)C5CCC5)ccc4O[C@H]3[C@H](CO)O2)CC1,10.1747,-0.09622023447114522,-0.09651884133655436,0.0640173262045982,-0.16053616754115257,-0.10355851534415418
frozen_GE_teacher,CN1CCN(C(=O)C[C@@H]2C[C@H]3c4cc(NC(=O)Cc5ccncc5)ccc4O[C@H]3[C@@H](CO)O2)CC1,10.0242,-0.13169679955082714,-0.13246620751359858,0.0368797185013206,-0.16934592601491918,-0.09118677561222882
frozen_GE_teacher,CN1CCN(C(=O)C[C@@H]2C[C@H]3c4cc(NC(=O)c5ccc6c(c5)OCO6)ccc4O[C@H]3[C@@H](CO)O2)CC1,9.94877,-0.3123131664630271,-0.3231065422392193,-0.015728442009694074,-0.3073781002295252,-0.15706350826955806
frozen_GE_teacher,CN1CCN(C(=O)C[C@H]2C=C[C@@H](NC(=O)Nc3ccccc3F)[C@@H](CO)O2)CC1,10.0978,0.46813657992761765,0.5076812578753518,0.04801817704507068,0.4596630808302811,0.30448193980060323
frozen_GE_teacher,CN1CCN(C(=O)C[C@H]2C=C[C@H](NC(=O)Cc3ccccn3)[C@H](CO)O2)CC1,10.0356,-0.20258684809838348,-0.20542864701536556,-0.06697663558736647,-0.1384520114279991,0.18874410967353913
frozen_GE_teacher,CN1CCN(C(=O)C[C@H]2CC[C@@H](NC(=O)Cc3ccccn3)[C@@H](CO)O2)CC1,9.97841,-0.36149776026151736,-0.3786077418905343,0.031199632057961522,-0.4098073739484958,0.3177553667993264
frozen_GE_teacher,CN1CCN(C(=O)C[C@H]2CC[C@@H](NC(=O)c3ccc4c(c3)OCO4)[C@@H](CO)O2)CC1,10.0328,0.7067335765309822,0.8806275713103846,-0.03734483506281283,0.9179724063731974,-0.369423455939159
frozen_GE_teacher,CN1CCN(C(=O)C[C@H]2CC[C@@H]3[C@H](COC[C@@H](O)CN3CC3CCOCC3)O2)CC1,10.0706,0.2322351582724543,0.23655075525365327,0.0008660531529200753,0.2356847021007332,-0.1556343357370295
frozen_GE_teacher,CN1CCN(C(=O)C[C@H]2CC[C@@H]3[C@H](COC[C@H](O)CN3C(=O)Nc3ccc4c(c3)OCO4)O2)CC1,10.1024,0.2992698298924917,0.3087174123974089,0.07957599219240669,0.22914142020500222,-0.05259347739189221
frozen_GE_teacher,CN1CCN(C(=O)C[C@H]2CC[C@@H]3[C@H](COC[C@H](O)CN3C(=O)c3ccccc3F)O2)CC1,10.1031,-0.3519964911575528,-0.36772077504196976,0.22962045370515222,-0.597341228747122,0.04446851748817604
frozen_GE_teacher,CN1CCN(C(=O)C[C@H]2CC[C@@H]3[C@H](COc4ccc(NC(=O)c5cscn5)cc4C(=O)N3C)O2)CC1,10.066,0.6204627416214488,0.7257571304261352,-0.006991705289686866,0.7327488357158221,-0.06846714296095341
frozen_GE_teacher,CN1CCN(C(=O)C[C@H]2CC[C@H](NC(=O)c3ccc4c(c3)OCO4)[C@H](CO)O2)CC1,10.0385,0.5386721618988369,0.6022830775650174,-0.10906226768814022,0.7113453452531576,-0.13967131949932304
frozen_GE_teacher,CN1CCN(C(=O)C[C@H]2CC[C@H]3[C@@H](COC[C@H](O)CN3C(=O)c3ccccc3F)O2)CC1,10.0781,0.45756929526046075,0.49423255847771286,0.053315909983930945,0.4409166484937819,0.01784876147494953
frozen_GE_teacher,CN1CCN(C(=O)C[C@H]2CC[C@H]3[C@@H](COC[C@H](O)CN3Cc3cccc(F)c3)O2)CC1,10.068,-0.17587260744979652,-0.17772033751155833,0.27350877166813836,-0.4512291091796967,0.034012705533004395
frozen_GE_teacher,CN1CCN(C(=O)C[C@H]2C[C@@H]3c4cc(NC(=O)Cc5ccncc5)ccc4O[C@@H]3[C@@H](CO)O2)CC1,10.0102,0.28219837124186575,0.2900690567299986,-0.03205194210198978,0.3221209988319884,-0.12363639936333556
frozen_GE_teacher,CN1CCN(C(=O)C[C@H]2C[C@@H]3c4cc(NC(=O)c5ccc6c(c5)OCO6)ccc4O[C@@H]3[C@H](CO)O2)CC1,10.0498,-0.05205428069932598,-0.052101373547707976,-0.0012171124006423277,-0.05088426114706565,-0.08135900237660963
frozen_GE_teacher,CN1CCN(C(=O)C[C@H]2C[C@H]3c4cc(NC(=O)Cc5ccncc5)ccc4O[C@H]3[C@@H](CO)O2)CC1,10.2176,-0.026178391184836274,-0.02618437373337136,-0.018065275447406572,-0.008119098285964788,0.00029410996204482995
frozen_GE_teacher,CN1CCN(C(=O)NC2CCCN2S(=O)(=O)c2ccc(Cl)cc2)CC1,10.0,0.5638983633549265,0.6385308030862148,0.17815075770072972,0.46038004538548505,0.05353502017394504
frozen_GE_teacher,CN1CCN(C(=O)c2cc3c(c(-c4cccc(-c5ccc(C(=O)N(C)C)cc5)c4)n2)[C@H](CCO)N([S@@](=O)C(C)(C)C)C3)CC1,10.0069,-0.1558297192815801,-0.1571097540354251,-0.15099693914734652,-0.006112814888078577,0.25842355673996115
frozen_GE_teacher,CN1CCN(C(=O)c2cc3c(c(-c4cccc(-c5ccccc5F)c4)n2)[C@@H](CCO)N([S@](=O)C(C)(C)C)C3)CC1,10.0056,-0.17525224775218207,-0.17708024887252713,-0.04161687277922136,-0.13546337609330578,-0.010049272536955922
frozen_GE_teacher,CN1CCN(C(=O)c2nc3ccc(Cl)cc3[nH]2)CC1,10.0,-0.19886801678549168,-0.20155368233919,0.08951752869928006,-0.29107121103847006,-0.24433161147371218
frozen_GE_teacher,CN1CCN(c2ccc(NC(=O)c3ccc(-c4ccc(Cl)cc4)o3)cc2)CC1,10.0,0.36790723305976153,0.3860005586418892,0.09433705378799676,0.2916635048538925,-0.05516586815620316
frozen_GE_teacher,CN1[C@@H]2Cn3c(ccc(-c4ccncc4)c3=O)[C@H]1[C@@H](C(=O)N1CCC(Cc3ccccc3)CC1)[C@@H]2CO,10.0015,-0.16936901278278674,-0.17101696973602828,-0.030941655849265885,-0.1400753138867624,0.1432333105029069
frozen_GE_teacher,CN1[C@@H]2c3ccc(-c4cccc(F)c4)c(=O)n3C[C@@H]2[C@@H](CO)[C@@H]1C(=O)NCc1ccccn1,9.99259,0.3440854386455847,0.3587192754296502,-0.019404145557654698,0.3781234209873049,0.026920305951674516
frozen_GE_teacher,CN1[C@@H]2c3ccc(-c4ccccc4F)c(=O)n3C[C@@H]2[C@@H](CO)[C@@H]1C(=O)NCC(F)(F)F,10.0197,-0.2894268902035795,-0.29794064307725465,0.022193987562851472,-0.3201346306401061,0.017550395623979455
frozen_GE_teacher,CN1[C@@H]2c3ccc(-c4cccnc4)c(=O)n3C[C@@H]2[C@@H](CO)[C@@H]1C(=O)NCC1CCCCC1,10.0436,0.08793328548997276,0.08816098388922931,0.04079191299562007,0.04736907089360924,-0.029961796007407115
frozen_GE_teacher,CN1[C@@H]2c3ccc(-c4cncnc4)c(=O)n3C[C@@H]2[C@@H](CO)[C@@H]1C(=O)NC1Cc2ccccc2C1,10.0609,0.48579604687705663,0.5305429917001673,0.07944646785373624,0.45109652384643106,-0.3861282180706168
frozen_GE_teacher,CN1[C@H](C(=O)NCCCN2CCOCC2)[C@@H](CO)[C@@H]2Cn3c(ccc(/C=C/c4ccccc4)c3=O)[C@@H]21,10.0484,0.3738713799226761,0.39291602253426505,0.011092893003779969,0.3818231295304851,-0.16983165209438578
frozen_GE_teacher,CN=C(S)NN=Cc1ccco1,10.0,0.33149387614854003,0.3445056244726394,0.020577771934090872,0.3239278525385485,-0.05623702702301721
frozen_GE_teacher,CNC(=Nc1ccc(C2=NNC(=O)CC2C)cc1)NC#N,10.0,0.03626875762628502,0.03628467310618391,-0.04179821280610558,0.07808288591228948,-0.03270877751619299
frozen_GE_teacher,CNC(=O)C1OC(n2cnc3c(NCc4cccc(I)c4)nc(Cl)nc32)C(O)C1O,10.0,0.33691346401903266,0.3506066737511537,-0.005217276840780332,0.355823950591934,-0.14400696560223822
frozen_GE_teacher,CNC(=O)C[C@@H]1CC[C@@H]2[C@H](COC[C@H](O)CN2Cc2ccc(Cl)c(Cl)c2)O1,9.98964,-0.02867164688379784,-0.028679507397819163,0.08959563672914095,-0.11827514412696011,-0.19540436195746508
frozen_GE_teacher,CNC(=O)C[C@@H]1CC[C@H]2[C@@H](COC[C@H](O)CN2Cc2ccc(Cl)c(Cl)c2)O1,10.0112,-0.5483057862848623,-0.6159555692202806,0.02254648733943298,-0.6385020565597136,0.0847024235540493
frozen_GE_teacher,CNC(=O)C[C@H]1CC[C@H]2[C@@H](COC[C@@H](O)CN2Cc2ccc(Cl)c(Cl)c2)O1,10.058,-0.4101073162498384,-0.4357402314424407,-0.09479017679305056,-0.3409500546493901,0.03958764860691923
frozen_GE_teacher,CNC(=O)C[C@H]1CC[C@H]2[C@H](COc3ccc(NC(=O)c4cc(F)cc(F)c4)cc3C(=O)N2C)O1,9.87832,-0.48559096393704887,-0.5302745942993722,0.019086399643350523,-0.5493609939427228,0.19465992700694745
frozen_GE_teacher,CNC(=O)O/N=C/C(C)(C)SC,10.0,0.13200249471928321,0.1327773110103289,-0.06336784508333204,0.19614515609366096,0.19278863718254174
frozen_GE_teacher,CNC(=O)c1cc2c(cn1)[nH]c1ccccc12,10.0,0.28666227442434716,0.2949258917236147,-0.005766574232374951,0.3006924659559897,0.12187730202704898
frozen_GE_teacher,CNC(=S)N1N=C(c2ccc(C)cc2)CC1c1ccc(OC)cc1,10.0,0.2990326859723355,0.30845696022658653,0.10001646039589346,0.20844049983069307,-0.09048318457776042
frozen_GE_teacher,CNC(C)(C)Cc1ccccc1,10.0,0.39390206336528905,0.41641037419844795,-0.0023034007843197113,0.4187137749827677,0.10229938452037972
frozen_GE_teacher,CNCCCCOc1ccccc1Cc1ccccc1,10.0,0.3834016182607042,0.4040413974890554,-0.03126587740570488,0.43530727489476023,0.29271918541706454
frozen_GE_teacher,CNC[C@@H]1OCCCC[C@@H](C)Oc2ccc(N(C)C)cc2C(=O)N([C@H](C)CO)C[C@H]1C,10.0219,0.01119043329697561,0.011190900442386164,-0.00021069033036336463,0.011401590772749529,-0.12156895674885485
frozen_GE_teacher,CNC[C@@H]1OCCCC[C@@H](C)Oc2ccc(N)cc2C(=O)N([C@H](C)CO)C[C@H]1C,10.1605,-0.08096095125550877,-0.08113854113156031,0.06801796548530062,-0.14915650661686092,-0.0512902523380494
frozen_GE_teacher,CNC[C@@H]1OCCCC[C@@H](C)Oc2ccc(NC(=O)CCC(F)(F)F)cc2C(=O)N([C@H](C)CO)C[C@H]1C,10.0865,-0.1682683297891748,-0.1698839971872674,0.05594928812902379,-0.2258332853162912,-0.5118033990513002
frozen_GE_teacher,CNC[C@@H]1OCCCC[C@@H](C)Oc2ccc(NC(=O)CCCN(C)C)cc2C(=O)N([C@@H](C)CO)C[C@H]1C,10.061,-0.12426343821563524,-0.12490903073840688,-0.05074932745128555,-0.07415970328712133,0.2608142263821353
frozen_GE_teacher,CNC[C@@H]1OCCCC[C@@H](C)Oc2ccc(NC(=O)CCCN(C)C)cc2C(=O)N([C@H](C)CO)C[C@@H]1C,10.3866,-0.22690663494607105,-0.23092576282439203,-0.013331520230201364,-0.21759424259419066,0.0275262725116567
frozen_GE_teacher,CNC[C@@H]1OCCCC[C@@H](C)Oc2ccc(NC(=O)Nc3ccc(C(F)(F)F)cc3)cc2C(=O)N([C@H](C)CO)C[C@@H]1C,9.75098,-0.4935096177911371,-0.5406893713110958,0.0631591699586953,-0.6038485412697912,-0.3392439776195208
frozen_GE_teacher,CNC[C@@H]1OCCCC[C@@H](C)Oc2ccc(NC(=O)Nc3ccc4c(c3)OCO4)cc2C(=O)N([C@H](C)CO)C[C@H]1C,10.014,-0.43626569286488975,-0.46760935075897403,0.08749397706223987,-0.5551033278212139,-0.27501680692943165
frozen_GE_teacher,CNC[C@@H]1OCCCC[C@@H](C)Oc2ccc(NS(=O)(=O)c3ccc(Cl)cc3)cc2C(=O)N([C@H](C)CO)C[C@H]1C,10.0781,-0.29738899430153887,-0.30665282695068546,0.024530075431426508,-0.33118290238211195,-0.2888212471522672
frozen_GE_teacher,CNC[C@@H]1OCCCC[C@@H](C)Oc2ccc(NS(=O)(=O)c3ccc(OC)cc3)cc2C(=O)N([C@@H](C)CO)C[C@H]1C,10.0549,0.20781686457770812,0.210888584076447,0.05917818280552067,0.15171040127092633,-0.24792154647238224
frozen_GE_teacher,CNC[C@@H]1OCCCC[C@@H](C)Oc2ccc(NS(C)(=O)=O)cc2C(=O)N([C@H](C)CO)C[C@@H]1C,9.80418,0.07906849411934787,0.07923388915257183,0.03347914237786777,0.045754746774704064,-0.0884068225174317
frozen_GE_teacher,CNC[C@@H]1OCCCC[C@H](C)Oc2ccc(NC(=O)Nc3ccc(C(F)(F)F)cc3)cc2C(=O)N([C@@H](C)CO)C[C@H]1C,10.02,0.45725468249992207,0.4938347044019509,-0.007337531986069126,0.50117223638802,-0.08254397677880093
frozen_GE_teacher,CNC[C@@H]1OCCCC[C@H](C)Oc2ccc(NC(=O)Nc3ccc(C(F)(F)F)cc3)cc2C(=O)N([C@H](C)CO)C[C@@H]1C,9.95556,0.3145934212467197,0.3256352518157934,0.0968385511814765,0.2287967006343169,-0.055702581034110486
frozen_GE_teacher,CNC[C@@H]1OCCCC[C@H](C)Oc2ccc(NC(=O)Nc3ccc4c(c3)OCO4)cc2C(=O)N([C@@H](C)CO)C[C@@H]1C,10.05,0.08875237548488252,0.08898651676651445,0.024700053650997783,0.06428646311551667,0.0736915379357625
frozen_GE_teacher,CNC[C@@H]1OCCCC[C@H](C)Oc2ccc(NC(=O)Nc3cccc4ccccc34)cc2C(=O)N([C@H](C)CO)C[C@@H]1C,10.0479,0.2869439025965034,0.29523276180771757,0.02537325886031378,0.2698595029474038,0.165922784636961
frozen_GE_teacher,CNC[C@@H]1OCCCC[C@H](C)Oc2ccc(NC(=O)c3ccncc3)cc2C(=O)N([C@H](C)CO)C[C@H]1C,10.0178,0.03915938593115433,0.039179420786048656,0.038733271942704414,0.00044614884334424204,0.12648683264138666
frozen_GE_teacher,CNC[C@@H]1OCCCC[C@H](C)Oc2ccc(NS(=O)(=O)c3ccc(F)cc3)cc2C(=O)N([C@@H](C)CO)C[C@@H]1C,9.99673,-0.04709342522570988,-0.0471282860794181,0.01935211733733684,-0.06648040341675494,-0.07008979803885168
frozen_GE_teacher,CNC[C@@H]1OCCCC[C@H](C)Oc2ccc(NS(=O)(=O)c3ccc(F)cc3)cc2C(=O)N([C@@H](C)CO)C[C@H]1C,9.98377,0.24749136971280197,0.25273872207919623,-0.02948746060072265,0.2822261826799189,0.06215072253824047
frozen_GE_teacher,CNC[C@@H]1OCCCC[C@H](C)Oc2ccc(NS(=O)(=O)c3ccc(F)cc3)cc2C(=O)N([C@H](C)CO)C[C@@H]1C,9.9982,0.22660666507266575,0.23060953285252467,0.03685346544750942,0.19375606740501525,0.02526319529279395
frozen_GE_teacher,CNC[C@@H]1Oc2c(N)cccc2C(=O)N([C@@H](C)CO)C[C@@H]1C,9.99149,-0.23690520894654438,-0.24149274071268817,-0.004603109797401986,-0.2368896309152862,-0.018124777237559002
frozen_GE_teacher,CNC[C@@H]1Oc2c(NC(=O)C3CC3)cccc2C(=O)N([C@@H](C)CO)C[C@@H]1C,10.0843,0.17632974161533002,0.17819210186494808,-0.019476000782625118,0.1976681026475732,0.05918711426920889
frozen_GE_teacher,CNC[C@@H]1Oc2c(NC(=O)Nc3c(C)noc3C)cccc2C(=O)N([C@@H](C)CO)C[C@H]1C,10.0363,0.12726208139987089,0.12795586592577785,-0.027324369606678084,0.15528023553245593,0.38384272187983315
frozen_GE_teacher,CNC[C@@H]1Oc2c(NC(=O)Nc3ccc(C(F)(F)F)cc3)cccc2C(=O)N([C@@H](C)CO)C[C@@H]1C,10.2299,-0.11563810335580561,-0.11615772299875696,0.05735023839495794,-0.17350796139371488,0.2883129027196585
frozen_GE_teacher,CNC[C@@H]1Oc2c(NC(=O)c3ccc(-c4nccs4)cc3)cccc2C(=O)N([C@H](C)CO)C[C@H]1C,10.0535,-0.2350018922574316,-0.23947721048440285,0.00363260961458434,-0.24310982009898718,-0.02323246561889094
frozen_GE_teacher,CNC[C@@H]1Oc2c(NC(=O)c3cnccn3)cccc2C(=O)N([C@@H](C)CO)C[C@H]1C,10.1469,0.0009193169355627945,0.000919317194547876,0.06693500343648467,-0.0660156862419368,-0.021828204401007384
frozen_GE_teacher,CNC[C@@H]1Oc2c(NC(=O)c3cnccn3)cccc2C(=O)N([C@H](C)CO)C[C@@H]1C,10.017,-0.13818574212287438,-0.13907552502882653,-0.03964571644334644,-0.09942980858548009,0.005890548078940433
frozen_GE_teacher,CNC[C@@H]1Oc2cc(-c3ccccc3F)ccc2S(=O)(=O)N([C@H](C)CO)C[C@H]1C,10.1416,-0.1377890369823348,-0.13867111979679417,0.07302095923127119,-0.21169207902806536,0.09254266481587356
frozen_GE_teacher,CNC[C@@H]1Oc2cc(-c3cccnc3)ccc2S(=O)(=O)N([C@H](C)CO)C[C@H]1C,10.0324,-0.08481070498400776,-0.0850149308117099,0.0034415415297142232,-0.08845647234142412,0.047183306204286346
frozen_GE_teacher,CNC[C@@H]1Oc2cc(Br)ccc2S(=O)(=O)N([C@@H](C)CO)C[C@@H]1C,9.97125,0.39773840154623513,0.42095944104010535,-0.0020694269554636918,0.42302886799556905,0.046129401286313015
frozen_GE_teacher,CNC[C@@H]1Oc2ccc(NC(=O)C3CC3)cc2CC(=O)N([C@@H](C)CO)C[C@H]1C,10.0254,0.0171320296619591,0.01713370607753955,-0.02415792281355293,0.04129162889109248,0.14718842611573923
frozen_GE_teacher,CNC[C@@H]1Oc2ccc(NC(=O)c3ccncc3)cc2CC(=O)N([C@@H](C)CO)C[C@@H]1C,10.1355,-0.04224618203034508,-0.042271341793535123,0.02747662667422606,-0.06974796846776118,-0.18511505549193644
frozen_GE_teacher,CNC[C@@H]1Oc2ccc(NC(=O)c3ccncc3)cc2CC(=O)N([C@@H](C)CO)C[C@H]1C,10.0249,0.18127214918482576,0.18329774756038117,-0.005518733257517193,0.18881648081789837,-0.045121549752569906
frozen_GE_teacher,CNC[C@@H]1Oc2ccc(NS(=O)(=O)c3ccc(OC)cc3)cc2CC(=O)N([C@@H](C)CO)C[C@@H]1C,10.3436,-0.17513994332419733,-0.1769643882566771,-0.023881379680606114,-0.153083008576071,-0.018413480336226223
frozen_GE_teacher,CNC[C@@H]1Oc2ccc(NS(C)(=O)=O)cc2CC(=O)N([C@H](C)CO)C[C@H]1C,9.93895,0.24842367834491427,0.2537321070227641,-0.029594774763489755,0.28332688178625387,0.08562673270440377
frozen_GE_teacher,CNC[C@@H]1Oc2ncc(-c3ccc(OC)cc3)cc2C(=O)N([C@@H](C)CO)C[C@H]1C,10.0424,0.22012910466945113,0.22379178422552076,-0.00585633131351212,0.2296481155390329,0.030253271260208298
frozen_GE_teacher,CNC[C@@H]1Oc2ncc(/C=C/c3ccccc3)cc2C(=O)N([C@H](C)CO)C[C@@H]1C,10.054,0.15755924615575004,0.15888281566353604,0.01535942538774312,0.14352339027579292,0.042084845454965665
frozen_GE_teacher,CNC[C@@H]1Oc2ncc(/C=C/c3ccccc3)cc2C(=O)N([C@H](C)CO)C[C@H]1C,10.0785,0.18655353832858454,0.1887640427993319,0.007691519720506919,0.181072523078825,0.06787248811455707
frozen_GE_teacher,CNC[C@@H]1Oc2ncc(Br)cc2C(=O)N([C@@H](C)CO)C[C@H]1C,10.0831,-0.05273946256189684,-0.05278844173655439,0.032847081170542414,-0.0856355229070968,0.07397249567474173
frozen_GE_teacher,CNC[C@@H]1Oc2ncc(C#CC3(O)CCCC3)cc2C(=O)N([C@@H](C)CO)C[C@H]1C,10.0154,0.4001092954692465,0.4237790506203787,0.023245015123514703,0.400534035496864,0.18036313869543757
frozen_GE_teacher,CNC[C@@H]1Oc2ncc(C#Cc3cccc(OC)c3)cc2C(=O)N([C@@H](C)CO)C[C@@H]1C,10.0549,0.16572455219586443,0.16726724245890068,0.0028315445353410563,0.1644356979235596,0.06903447201152778
frozen_GE_teacher,CNC[C@@H]1Oc2ncc(C#Cc3ccccc3F)cc2C(=O)N([C@H](C)CO)C[C@@H]1C,10.006,0.11685337612672639,0.11738964295264759,-0.07806780352336393,0.19545744647601151,0.10107806313200873
frozen_GE_teacher,CNC[C@@H]1Oc2ncc(C3=CCCCC3)cc2C(=O)N([C@H](C)CO)C[C@@H]1C,10.0645,-0.11914078490071991,-0.11970935080914384,-0.04803592144663174,-0.0716734293625121,-0.06709651962121757
frozen_GE_teacher,CNC[C@H]1OCCCC[C@@H](C)Oc2ccc(N(C)C)cc2C(=O)N([C@H](C)CO)C[C@H]1C,10.0557,0.021556791232963737,0.021560131277092696,0.03625208041076372,-0.014691949133671025,-0.2240522124140865
frozen_GE_teacher,CNC[C@H]1OCCCC[C@@H](C)Oc2ccc(NC(=O)C3CCCCC3)cc2C(=O)N([C@H](C)CO)C[C@H]1C,9.98559,0.14014957425928887,0.14107814385433645,0.10695793965360015,0.034120204200736304,-0.13844667255177887
frozen_GE_teacher,CNC[C@H]1OCCCC[C@@H](C)Oc2ccc(NC(=O)Nc3c(C)noc3C)cc2C(=O)N([C@@H](C)CO)C[C@@H]1C,10.106,0.286449476326396,0.2946940566573126,-0.005838971671512372,0.30053302832882495,-0.03156863153343384
frozen_GE_teacher,CNC[C@H]1OCCCC[C@@H](C)Oc2ccc(NC(=O)Nc3ccc(F)cc3)cc2C(=O)N([C@@H](C)CO)C[C@H]1C,9.9903,0.0940143904167893,0.09429285719334751,0.05959478504496719,0.034698072148380325,-0.03184776822061412
frozen_GE_teacher,CNC[C@H]1OCCCC[C@@H](C)Oc2ccc(NC(=O)Nc3ccc(OC)cc3)cc2C(=O)N([C@@H](C)CO)C[C@@H]1C,10.0,-0.1122057680769337,-0.1126802527966974,-0.040187621106914845,-0.07249263168978255,0.07358482026543968
frozen_GE_teacher,CNC[C@H]1OCCCC[C@@H](C)Oc2ccc(NC(=O)Nc3cccc4ccccc34)cc2C(=O)N([C@H](C)CO)C[C@H]1C,10.114,0.024078258734798803,0.024082913578305786,0.07308039709128986,-0.048997483512984066,-0.18977432337813774
frozen_GE_teacher,CNC[C@H]1OCCCC[C@@H](C)Oc2ccc(NC(=O)Nc3ccccc3)cc2C(=O)N([C@@H](C)CO)C[C@H]1C,10.0633,-0.06887817992600319,-0.06898741507326941,0.0575876580560325,-0.1265750731293019,0.2225115956151123
frozen_GE_teacher,CNC[C@H]1OCCCC[C@@H](C)Oc2ccc(NC(=O)c3ccccc3)cc2C(=O)N([C@@H](C)CO)C[C@@H]1C,10.0666,0.12739023530670232,0.1280861316950152,-0.09505141161917591,0.2231375433141911,0.13760600763411876
frozen_GE_teacher,CNC[C@H]1OCCCC[C@@H](C)Oc2ccc(NS(=O)(=O)c3ccc(Cl)cc3)cc2C(=O)N([C@@H](C)CO)C[C@H]1C,9.96128,-0.1403073737903748,-0.14123910860056546,-0.023312765957872694,-0.11792634264269276,0.35641949940166573
frozen_GE_teacher,CNC[C@H]1OCCCC[C@@H](C)Oc2ccc(NS(=O)(=O)c3ccc(F)cc3)cc2C(=O)N([C@@H](C)CO)C[C@@H]1C,10.2711,0.21729040117332243,0.22081047028516496,0.03525729234763195,0.185553177937533,-0.19395266025618615
frozen_GE_teacher,CNC[C@H]1OCCCC[C@@H](C)Oc2ccc(NS(=O)(=O)c3ccccc3)cc2C(=O)N([C@@H](C)CO)C[C@H]1C,10.0051,0.43853353454506416,0.4704137228151888,0.0978976348486982,0.3725160879664906,-0.025645431576675426
frozen_GE_teacher,CNC[C@H]1OCCCC[C@@H](C)Oc2ccc(NS(C)(=O)=O)cc2C(=O)N([C@@H](C)CO)C[C@@H]1C,10.1238,0.18920146024237658,0.1915088527282515,0.004889212571764577,0.1866196401564869,0.06475802691682325
frozen_GE_teacher,CNC[C@H]1OCCCC[C@@H](C)Oc2ccc(NS(C)(=O)=O)cc2C(=O)N([C@H](C)CO)C[C@H]1C,9.87973,0.2170205144580435,0.22052722679836367,-0.10106925973996704,0.32159648653833073,0.2561712207833428
frozen_GE_teacher,CNC[C@H]1OCCCC[C@H](C)Oc2ccc(N(C)C)cc2C(=O)N([C@H](C)CO)C[C@H]1C,10.1398,-0.012131288940215219,-0.01213188410597293,-0.05258130179877143,0.0404494176927985,-0.08218824904286995
frozen_GE_teacher,CNC[C@H]1OCCCC[C@H](C)Oc2ccc(NC(=O)C3CCCCC3)cc2C(=O)N([C@@H](C)CO)C[C@@H]1C,10.0506,0.06901617459239551,0.06912606886023048,0.02596923247236796,0.043156836387862524,0.008939647456246452
frozen_GE_teacher,CNC[C@H]1OCCCC[C@H](C)Oc2ccc(NC(=O)CCC(F)(F)F)cc2C(=O)N([C@@H](C)CO)C[C@@H]1C,10.0417,0.3931160634221324,0.415480362422687,0.059949730197798354,0.3555306322248886,-0.041688973502951435
frozen_GE_teacher,CNC[C@H]1OCCCC[C@H](C)Oc2ccc(NC(=O)Nc3c(C)noc3C)cc2C(=O)N([C@@H](C)CO)C[C@H]1C,9.984,-0.37406041519546745,-0.39313579278610067,0.005690610553811596,-0.39882640333991226,-0.0010245361581635972
frozen_GE_teacher,CNC[C@H]1OCCCC[C@H](C)Oc2ccc(NC(=O)c3ccccc3)cc2C(=O)N([C@H](C)CO)C[C@@H]1C,10.005308,0.2864211482151654,0.2946631966292734,-0.06412455961021513,0.35878775623948855,0.015100354797393814
frozen_GE_teacher,CNC[C@H]1OCCCC[C@H](C)Oc2ccc(NS(=O)(=O)c3ccc(Cl)cc3)cc2C(=O)N([C@@H](C)CO)C[C@H]1C,10.0401,0.43457049487078453,0.4655175741307527,0.028433665583942225,0.43708390854681045,0.13277556785329264
frozen_GE_teacher,CNC[C@H]1OCCCC[C@H](C)Oc2ccc(NS(=O)(=O)c3ccc(Cl)cc3)cc2C(=O)N([C@H](C)CO)C[C@@H]1C,10.0308,0.3620175398277694,0.37920578677333433,-0.07275388997379564,0.45195967674713,-0.2491888861126406
frozen_GE_teacher,CNC[C@H]1OCCCC[C@H](C)Oc2ccc(NS(=O)(=O)c3ccc(F)cc3)cc2C(=O)N([C@H](C)CO)C[C@@H]1C,9.91002,-0.017911228240734885,-0.01791314398907002,0.04115704949571231,-0.05907019348478233,0.053401147786992696
frozen_GE_teacher,CNC[C@H]1OCCCC[C@H](C)Oc2ccc(NS(=O)(=O)c3ccc(OC)cc3)cc2C(=O)N([C@@H](C)CO)C[C@H]1C,9.95503,0.1560953419878766,0.15738199891253046,0.1120906855543808,0.04529131335814966,-0.2611562507374312
frozen_GE_teacher,CNC[C@H]1OCCCC[C@H](C)Oc2ccc(NS(=O)(=O)c3ccc(OC)cc3)cc2C(=O)N([C@H](C)CO)C[C@@H]1C,10.0188,0.6708694195792958,0.8123224037354407,0.049895401900832685,0.7624270018346081,0.03150878753786058
frozen_GE_teacher,CNC[C@H]1Oc2c(NC(=O)Nc3ccc(C(F)(F)F)cc3)cccc2C(=O)N([C@@H](C)CO)C[C@H]1C,10.0344,-0.05651396714766447,-0.056574248011926044,-0.05833792008380084,0.0017636720718747986,-0.3056915725519486
frozen_GE_teacher,CNC[C@H]1Oc2c(NC(=O)c3cnccn3)cccc2C(=O)N([C@@H](C)CO)C[C@@H]1C,9.74167,-0.011009911928851843,-0.011010356828301319,0.07719788864254237,-0.08820824547084369,-0.07193667563188762
frozen_GE_teacher,CNC[C@H]1Oc2c(NC(=O)c3cnccn3)cccc2C(=O)N([C@H](C)CO)C[C@H]1C,10.0324,0.11159921957746838,0.11206601265917418,0.030133945729803293,0.08193206692937088,0.009661970516691754
frozen_GE_teacher,CNC[C@H]1Oc2c(NC(=O)c3nc4ccccc4s3)cccc2C(=O)N([C@@H](C)CO)C[C@H]1C,10.2234,-0.49748450599811433,-0.5459577550323567,0.04140677079248492,-0.5873645258248416,-0.20429090046468773
frozen_GE_teacher,CNC[C@H]1Oc2c(cccc2N(C)C)C(=O)N([C@@H](C)CO)C[C@H]1C,10.0981,-0.28321810274717524,-0.2911773690610158,0.04610969605788829,-0.3372870651189041,0.3025873743409838
frozen_GE_teacher,CNC[C@H]1Oc2cc(-c3cccc(C(=O)N(C)C)c3)ccc2S(=O)(=O)N([C@@H](C)CO)C[C@H]1C,10.0511,-0.2504612339134679,-0.25590485528295936,0.02792113304491968,-0.28382598832787903,-0.1682647237133263
frozen_GE_teacher,CNC[C@H]1Oc2cc(-c3cccc(C(=O)N(C)C)c3)ccc2S(=O)(=O)N([C@H](C)CO)C[C@@H]1C,9.99183,-0.08362521777713583,-0.08382097513333808,-0.03045543445188786,-0.05336554068145022,-0.1703969014484423
frozen_GE_teacher,CNC[C@H]1Oc2cc(-c3cccnc3)ccc2S(=O)(=O)N([C@@H](C)CO)C[C@H]1C,9.99303,0.17313390789645317,0.1748956193862163,0.011197445529675668,0.16369817385654065,0.1702151701167876
frozen_GE_teacher,CNC[C@H]1Oc2cc(Br)ccc2S(=O)(=O)N([C@@H](C)CO)C[C@@H]1C,10.0011,0.2171965023202341,0.22071192039791868,0.10180264006351068,0.118909280334408,-0.09101212854099658
frozen_GE_teacher,CNC[C@H]1Oc2cc(C#CC3(O)CCCC3)ccc2S(=O)(=O)N([C@H](C)CO)C[C@@H]1C,10.0057,0.33931814531139715,0.3533217508825364,0.030412106312429556,0.32290964457010685,-0.057071911543008585
frozen_GE_teacher,CNC[C@H]1Oc2cc(C#CC3CCCCC3)ccc2S(=O)(=O)N([C@H](C)CO)C[C@@H]1C,10.0624,0.20896086010606427,0.21208451411880763,0.008401440172065225,0.2036830739467424,0.10888110095564049
frozen_GE_teacher,CNC[C@H]1Oc2cc(C#Cc3ccccc3F)ccc2S(=O)(=O)N([C@@H](C)CO)C[C@@H]1C,10.1847,-0.12687489963461257,-0.12756232996575095,0.00885941171355617,-0.13642174167930712,-0.07853761096374763
frozen_GE_teacher,CNC[C@H]1Oc2ccc(N(C)C)cc2CC(=O)N([C@@H](C)CO)C[C@H]1C,9.82001,-0.2918400662097882,-0.3005764627748642,-0.002382335627012313,-0.29819412714785193,0.10209706783193327
frozen_GE_teacher,CNC[C@H]1Oc2ccc(N(C)C)cc2CC(=O)N([C@H](C)CO)C[C@H]1C,10.0459,0.19960885200847728,0.20232514140675245,-0.05951901938729553,0.261844160794048,0.1725126907883224
frozen_GE_teacher,CNC[C@H]1Oc2ccc(NC(=O)Cc3ccccc3)cc2CC(=O)N([C@@H](C)CO)C[C@@H]1C,10.3211,0.005712815500437024,0.005712877649966487,0.06274709351309973,-0.057034215863133245,0.014940258442857221
frozen_GE_teacher,CNC[C@H]1Oc2ccc(NC(=O)NC3CCCCC3)cc2CC(=O)N([C@@H](C)CO)C[C@@H]1C,9.99422,0.13933846307757822,0.140250877441898,0.043507506052818536,0.09674337138907946,0.11193256745358579
frozen_GE_teacher,CNC[C@H]1Oc2ccc(NC(=O)Nc3ccc(C(F)(F)F)cc3)cc2CC(=O)N([C@@H](C)CO)C[C@@H]1C,10.16,-0.2718895865684161,-0.2789031168110754,-0.017231833353338052,-0.2616712834577373,-0.19558341549471303
frozen_GE_teacher,CNC[C@H]1Oc2ccc(NC(=O)Nc3ccc(C(F)(F)F)cc3)cc2CC(=O)N([C@H](C)CO)C[C@H]1C,10.0982,0.08915319534319287,0.0893905334520375,-0.02782831398084785,0.11721884743288535,0.0782820173193661
frozen_GE_teacher,CNC[C@H]1Oc2ccc(NS(=O)(=O)c3ccc(F)cc3)cc2C(=O)N([C@@H](C)CO)C[C@@H]1C,9.7766,0.23991809495299704,0.2446872033439726,0.006458033725167997,0.23822916961880458,0.11961934817752208
frozen_GE_teacher,CNC[C@H]1Oc2ccc(NS(=O)(=O)c3cn(C)cn3)cc2CC(=O)N([C@@H](C)CO)C[C@@H]1C,10.0941,-0.08205134385844844,-0.08223622604375425,-0.02930277534730296,-0.052933450696451285,0.0012480119898325183
frozen_GE_teacher,CNC[C@H]1Oc2ccc(NS(=O)(=O)c3cn(C)cn3)cc2CC(=O)N([C@H](C)CO)C[C@H]1C,10.0641,-0.23728162198946381,-0.2418915734614737,-0.0008218218309613036,-0.2410697516305124,-0.027625549423372035
frozen_GE_teacher,CNC[C@H]1Oc2ccc(NS(C)(=O)=O)cc2CC(=O)N([C@@H](C)CO)C[C@@H]1C,9.93083,-0.35506945634737486,-0.3712326822795668,0.06979466416330732,-0.4410273464428741,0.1417140648823466
frozen_GE_teacher,CNC[C@H]1Oc2ncc(-c3ccc(OC)cc3)cc2C(=O)N([C@H](C)CO)C[C@@H]1C,10.1767,0.08594458401987787,0.08615713589725948,0.0541299089730206,0.032027226924238886,-0.026994156327877442
frozen_GE_teacher,CNC[C@H]1Oc2ncc(-c3ccccc3F)cc2C(=O)N([C@@H](C)CO)C[C@H]1C,10.0919,0.25667206304468876,0.26254248495320814,-0.03854219502753188,0.30108467998074,-0.10869660395816945
frozen_GE_teacher,CNC[C@H]1Oc2ncc(C#CC3(O)CCCC3)cc2C(=O)N([C@@H](C)CO)C[C@H]1C,10.1238,-0.34490789702499075,-0.3596524853319989,-0.016598096823276176,-0.3430543885087227,0.07461850876829762
frozen_GE_teacher,CNC[C@H]1Oc2ncc(C#Cc3cccc(OC)c3)cc2C(=O)N([C@@H](C)CO)C[C@H]1C,9.98346,0.1916047420462048,0.19400254042308768,-0.02643824760660591,0.22044078802969358,0.1869328658939958
frozen_GE_teacher,CNC[C@H]1Oc2ncc(C3=CCCCC3)cc2C(=O)N([C@@H](C)CO)C[C@H]1C,10.1228,0.37683649454589,0.3963674092091637,0.006480975299357899,0.3898864339098058,-0.10285110880594947
frozen_GE_teacher,CNc1cc(NS(=O)(=O)c2ccc(N)cc2)nc(NC)n1,10.0,0.02750739172149326,0.02751433275611237,0.003388445328791045,0.024125887427321323,-0.11575326692745039
frozen_GE_teacher,CNc1cc2c(Nc3cccc(Br)c3)ncnc2cn1,10.0,0.3533326585996342,0.3692467292822491,0.034158610767190005,0.3350881185150591,0.32900950813926844
frozen_GE_teacher,CNc1nc(-c2ccccn2)nnc1-c1ccccc1,10.0,0.3195948344766781,0.3311957862502123,0.024301355064666873,0.30689443118554544,0.19453935134706116
frozen_GE_teacher,COC(=O)C1=C(C)NC(C)=C(C(=O)OCCCN2CCC(c3ccccc3)(c3ccccc3)CC2)[C@@H]1c1cccc([N+](=O)[O-])c1,10.0,0.31389386981582595,0.3248590512570253,0.046672587892820416,0.2781864633642049,0.21537715559255333
frozen_GE_teacher,COC(=O)C1=C(C)NC(C)=C(C(=O)OCCCN2CCC(c3ccccc3)(c3ccccc3)CC2)[C@H]1c1cccc([N+](=O)[O-])c1,10.0,0.43115121287082053,0.4613098982536338,0.020108478221976235,0.4412014200316575,0.21125726469601472
frozen_GE_teacher,COC(=O)C[C@@H]1C=C[C@@H](NC(=O)Nc2ccc(C(F)(F)F)cc2)[C@H](CO)O1,10.0367,0.21032656683042614,0.2135130039282502,-0.012492133380790249,0.22600513730904045,-0.0889818172444124
frozen_GE_teacher,COC(=O)C[C@@H]1C=C[C@@H](NS(=O)(=O)c2ccc(OC)cc2)[C@@H](CO)O1,10.053,-0.3036531770076601,-0.31353894672073546,0.029238835848323853,-0.34277778256905933,-0.01941658763510099
frozen_GE_teacher,COC(=O)C[C@@H]1C=C[C@@H](NS(=O)(=O)c2ccccc2F)[C@H](CO)O1,9.96609,0.24095719597551235,0.24579006097814537,0.004310642559600189,0.2414794184185452,0.38755913870634123
frozen_GE_teacher,COC(=O)C[C@@H]1C=C[C@H](NC(=O)Nc2ccc(C(F)(F)F)cc2)[C@H](CO)O1,10.0709,0.026537335297646084,0.02654356739515918,0.0016420830941552382,0.024901484301003942,-0.2797814049287457
frozen_GE_teacher,COC(=O)C[C@@H]1C=C[C@H](NS(=O)(=O)c2ccc(OC)cc2)[C@@H](CO)O1,10.0307,0.10069712903179275,0.1010395681758089,0.016879767235092272,0.08415980094071664,-0.029215149359272545
frozen_GE_teacher,COC(=O)C[C@@H]1C=C[C@H](NS(=O)(=O)c2ccccc2F)[C@H](CO)O1,9.98991,-0.05870890943823145,-0.058776500646310986,-0.1905494429466812,0.1317729423003702,0.26466176717759704
frozen_GE_teacher,COC(=O)C[C@@H]1CC[C@@H](NS(=O)(=O)c2ccc(OC)cc2)[C@@H](CO)O1,10.0477,-0.11452018812177235,-0.11502480415853307,0.0427777523470568,-0.15780255650558989,0.15708856261508747
frozen_GE_teacher,COC(=O)C[C@@H]1CC[C@@H]2[C@@H](COc3ccc(NS(=O)(=O)c4ccccc4Cl)cc3C(=O)N2C)O1,9.96331,-0.006200608684131848,-0.006200688152031846,0.039900544831005316,-0.046101232983037164,-0.10471167628947577
frozen_GE_teacher,COC(=O)C[C@@H]1CC[C@H](NC(=O)Nc2ccc(C(F)(F)F)cc2)[C@@H](CO)O1,10.0516,0.1433251291903863,0.1443188049175206,0.0596599992216601,0.08465880569586051,-0.10378546628758124
frozen_GE_teacher,COC(=O)C[C@@H]1CC[C@H](NS(=O)(=O)c2ccccc2F)[C@@H](CO)O1,10.0275,-0.5270483230127498,-0.5860493649907532,-0.022776511402982976,-0.5632728535877702,0.11032248972285484
frozen_GE_teacher,COC(=O)C[C@@H]1CC[C@H](NS(=O)(=O)c2ccccc2F)[C@H](CO)O1,10.0458,0.3309521588826647,0.34389715252600583,-0.032600908400037557,0.3764980609260434,0.29888143725376565
frozen_GE_teacher,COC(=O)C[C@@H]1CC[C@H]2[C@@H](COC[C@H](O)CN2CCC(F)(F)F)O1,10.0633,-0.0147487420842903,-0.014749811632525828,-0.016295342932327594,0.001545531299801766,0.01557147444756498
frozen_GE_teacher,COC(=O)C[C@@H]1CC[C@H]2[C@@H](COc3ccc(NC(=O)c4ccccc4F)cc3C(=O)N2C)O1,10.0048,-0.3806048265008474,-0.4007667434592859,0.06522747235627974,-0.46599421581556566,0.06933926043894817
frozen_GE_teacher,COC(=O)C[C@@H]1CC[C@H]2[C@H](COc3ccc(NC(=O)c4cccc(Cl)c4)cc3C(=O)N2C)O1,10.0936,0.4040253034456427,0.42845019805107687,-0.008902549326029187,0.43735274737710605,0.2859168317514846
frozen_GE_teacher,COC(=O)C[C@@H]1C[C@@H]2c3cc(N)ccc3O[C@@H]2[C@H](CO)O1,9.99477,-0.10275810742456015,-0.10312209841807991,0.030851832129338022,-0.13397393054741794,-0.010006829887917797
frozen_GE_teacher,COC(=O)C[C@@H]1C[C@@H]2c3cc(NC(=O)CN(C)C)ccc3O[C@@H]2[C@@H](CO)O1,10.3424,0.0010541237993916205,0.0010541241898312488,-0.06995215857841877,0.07100628276825002,0.1424808857715647
frozen_GE_teacher,COC(=O)C[C@@H]1C[C@@H]2c3cc(NC(=O)c4ccc5c(c4)OCO5)ccc3O[C@@H]2[C@@H](CO)O1,10.099,0.50463192327547,0.5555012512166333,-0.007768579505785189,0.5632698307224184,-0.4482337058797956
frozen_GE_teacher,COC(=O)C[C@@H]1C[C@@H]2c3cc(NS(C)(=O)=O)ccc3O[C@@H]2[C@@H](CO)O1,9.7017,0.1719038960517023,0.17362787579927205,0.13883513537233044,0.03479274042694161,-0.3297109617032538
frozen_GE_teacher,COC(=O)C[C@@H]1C[C@H]2c3cc(N)ccc3O[C@H]2[C@@H](CO)O1,9.94729,0.16233404661232986,0.16378298715025166,-0.04571024341187924,0.2094932305621309,-0.06145660555875307
frozen_GE_teacher,COC(=O)C[C@@H]1C[C@H]2c3cc(N)ccc3O[C@H]2[C@H](CO)O1,9.88185,-0.14391189358422246,-0.1449179269876578,0.18754626198738777,-0.3324641889750456,0.40011119577720944
frozen_GE_teacher,COC(=O)C[C@@H]1C[C@H]2c3cc(NC(=O)C4CCOCC4)ccc3O[C@H]2[C@H](CO)O1,10.1389,-0.20650429002984172,-0.20951715366811097,-0.13520796070211075,-0.07430919296600022,-0.02264853605246689
frozen_GE_teacher,COC(=O)C[C@@H]1C[C@H]2c3cc(NC(=O)CC4CC4)ccc3O[C@H]2[C@H](CO)O1,10.1405,-0.2463407038861751,-0.25151334805565756,0.06309864515299106,-0.31461199320864863,0.0132336887306055
frozen_GE_teacher,COC(=O)C[C@@H]1C[C@H]2c3cc(NC(=O)Cc4ccncc4)ccc3O[C@H]2[C@H](CO)O1,10.0587,0.29624396524883745,0.30539717471758077,-0.029503533335858464,0.33490070805343924,0.11142262441972234
frozen_GE_teacher,COC(=O)C[C@@H]1C[C@H]2c3cc(NC(=O)c4ccc5c(c4)OCO5)ccc3O[C@H]2[C@@H](CO)O1,9.95348,0.22755006135320419,0.2316042198427865,0.0358913959311675,0.195712823911619,-0.16533904523396362
frozen_GE_teacher,COC(=O)C[C@H]1C(C)(C)C(=O)[C@@H]2CC3=C4CC(=O)O[C@@H](c5ccoc5)[C@]4(C)CCC3[C@@]1(C)C2=O,10.0,0.43034188574935245,0.4603161971528249,0.3086453696810837,0.1516708274717412,0.1154156623790884
frozen_GE_teacher,COC(=O)C[C@H]1C=C[C@H](NC(=O)Nc2ccc(C(F)(F)F)cc2)[C@@H](CO)O1,10.0604,0.13969097358822868,0.1406103855506067,-0.05088175498246762,0.19149214053307434,0.028640791899181103
frozen_GE_teacher,COC(=O)C[C@H]1C=C[C@H](NS(=O)(=O)c2ccc(OC)cc2)[C@H](CO)O1,10.0709,0.25701103081600546,0.2629053928872352,0.09817261675283151,0.16473277613440368,-0.2129369185668165
frozen_GE_teacher,COC(=O)C[C@H]1C=C[C@H](NS(=O)(=O)c2ccccc2F)[C@@H](CO)O1,9.97727,0.3083009449237191,0.3186668081264969,-0.07463579217340105,0.39330260029989794,0.36782042220815087
frozen_GE_teacher,COC(=O)C[C@H]1CC[C@@H](NC(=O)c2ccccc2)[C@H](CO)O1,10.0481,0.39925593268428966,0.42276344928024906,0.10803653465773223,0.31472691462251684,0.3569226556614878
frozen_GE_teacher,COC(=O)C[C@H]1CC[C@@H]2[C@@H](COc3ccc(NC(=O)Cc4cccs4)cc3C(=O)N2C)O1,10.0776,0.551396079742066,0.6203850701087319,-0.05399517384067701,0.6743802439494089,0.17921538213432492
frozen_GE_teacher,COC(=O)C[C@H]1CC[C@@H]2[C@@H](COc3ccc(NC(=O)c4ccccc4F)cc3C(=O)N2C)O1,9.94185,0.046794859482743,0.04682906091600646,0.0043073171384010785,0.04252174377760538,-0.010963463163658125
frozen_GE_teacher,COC(=O)C[C@H]1CC[C@@H]2[C@@H](COc3ccc(NS(=O)(=O)c4ccc(F)cc4)cc3C(=O)N2C)O1,9.97159,-0.18752801623590026,-0.18977384808095854,-0.0023942106589491825,-0.18737963742200936,0.13344523172979184
frozen_GE_teacher,COC(=O)C[C@H]1CC[C@@H]2[C@H](COc3ccc(NC(=O)c4cccc(Cl)c4)cc3C(=O)N2C)O1,9.9519,0.17462970346765927,0.176438050504257,-0.0033489824585271437,0.17978703296278414,-0.13147943503470172
frozen_GE_teacher,COC(=O)C[C@H]1CC[C@H]2NC[C@@H](O)COC[C@@H]2O1,10.062,0.4434042037905669,0.4764601683086007,-0.06837877943987448,0.5448389477484752,-0.48214919472273365
frozen_GE_teacher,COC(=O)C[C@H]1C[C@@H]2c3cc(NC(=O)Cc4ccncc4)ccc3O[C@@H]2[C@@H](CO)O1,10.145,0.10595991904089452,0.10635916720214701,0.038680425738247884,0.06767874146389913,-0.1797806008388308
frozen_GE_teacher,COC(=O)C[C@H]1C[C@@H]2c3cc(NC(=O)Nc4ccc(C(F)(F)F)cc4)ccc3O[C@@H]2[C@H](CO)O1,10.1672,0.29839635754169497,0.3077582890814843,0.0508635025954014,0.2568947864860829,0.046384037416292295
frozen_GE_teacher,COC(=O)C[C@H]1C[C@@H]2c3cc(NC(=O)c4ccc5c(c4)OCO5)ccc3O[C@@H]2[C@H](CO)O1,9.93377,0.2355134348554464,0.24001872378314157,0.01860253062003997,0.2214161931631016,-0.3139264892885934
frozen_GE_teacher,COC(=O)C[C@H]1C[C@@H]2c3cc(NS(=O)(=O)c4ccc(F)cc4)ccc3O[C@@H]2[C@@H](CO)O1,10.0326,0.3651461807644741,0.3828110137786593,0.035301806058832194,0.3475092077198271,0.020310993737389975
frozen_GE_teacher,COC(=O)C[C@H]1C[C@@H]2c3cc(NS(C)(=O)=O)ccc3O[C@@H]2[C@@H](CO)O1,9.94176,0.33759732622423116,0.3513783019165333,0.07282364575118669,0.2785546561653466,0.6594705174314719
frozen_GE_teacher,COC(=O)C[C@H]1C[C@H]2c3cc(NC(=O)c4ccc5c(c4)OCO5)ccc3O[C@H]2[C@H](CO)O1,10.0851,0.6218060935999314,0.727944317912655,-0.06739241685886793,0.795336734771523,0.005106400021820792
frozen_GE_teacher,COC(=O)N(C)C[C@H]1OCc2ccccc2-c2ccccc2C(=O)N([C@H](C)CO)C[C@H]1C,10.1978,0.2460113009781565,0.251162694625614,0.059715654145494096,0.19144704048011993,0.02154151085481229
frozen_GE_teacher,COC(=O)N(C)c1ccc(C(O)(C(=O)OC)C(F)(F)F)cc1,10.0,0.3563104646347782,0.37265343829690234,-0.038182910646961256,0.4108363489438636,0.017256046724049942
frozen_GE_teacher,COC(=O)NN=Cc1cc(N=Nc2ccccc2Cl)ccc1O,10.0,0.40027526148589065,0.4239766654089576,0.15564219623396097,0.26833446917499665,0.09881265555142116
frozen_GE_teacher,COC(=O)Nc1nc2ccc(C(=O)c3ccccc3)cc2[nH]1,10.0,0.20730313659434188,0.21035172768641675,0.0764198157136377,0.13393191197277904,0.3295448946511303
frozen_GE_teacher,COC(=O)[C@@H]1[C@@H](CO)[C@@H]2Cn3c(ccc(-c4ccccc4OC)c3=O)[C@H]1N2Cc1ccccc1,9.96855,-0.5228115479619367,-0.5802010586699735,0.10587423192125375,-0.6860752905912273,-0.290180303577125
frozen_GE_teacher,COC(=O)[C@@H]1[C@@H](CO)[C@@H]2Cn3c(ccc(C4=CCCC4)c3=O)[C@@H]2N1C(=O)Cc1cccnc1,9.99078,-0.4317350728895384,-0.4620272972449151,-0.028201413702401187,-0.4338258835425139,0.10414862060055737
frozen_GE_teacher,COC(=O)[C@@H]1[C@@H](CO)[C@@H]2Cn3c(cccc3=O)[C@@H]2N1CC1CCOCC1,10.0441,0.1982774535221994,0.2009388765681059,-0.028003754235654474,0.22894263080376037,0.36820848719895044
frozen_GE_teacher,COC(=O)[C@H](NC(=O)c1cc(-c2ccccc2)nc2ccccc12)c1ccccc1,10.0,0.4384136785090681,0.4702653385537504,0.0283080655163282,0.4419572730374222,0.49349214759592236
frozen_GE_teacher,COC(=O)[C@H]1[C@H](CO)[C@H]2Cn3c(ccc(-c4ccc(F)cc4)c3=O)[C@H]2N1C(=O)C1CCC1,10.0662,-0.133595392686661,-0.1343988053041965,0.007154023540013852,-0.14155282884421036,-0.1014600748617565
frozen_GE_teacher,COC(=O)[C@H]1[C@H](CO)[C@H]2Cn3c(ccc(-c4ccccc4F)c3=O)[C@@H]1N2CC1CCCC1,10.0659,-0.04478051878735175,-0.04481048756812933,-0.007104857212175035,-0.0377056303559543,0.2350322232165651
frozen_GE_teacher,COC(=O)[C@H]1[C@H](CO)[C@H]2Cn3c(ccc(-c4cccnc4)c3=O)[C@H]2N1Cc1cccc(F)c1,10.0371,-0.01532047779374944,-0.015321676621650675,0.023277670447797646,-0.03859934706944832,0.07442082119807082
frozen_GE_teacher,COC(=O)[C@H]1[C@H](CO)[C@H]2Cn3c(ccc(C4=CCCCC4)c3=O)[C@H]2N1Cc1ccc2c(c1)OCO2,9.96294,0.034286182905959604,0.0342996273431452,-0.08674303319048968,0.12104266053363488,0.23953027967610754
frozen_GE_teacher,COC(=O)c1[nH]nc2ccccc12,10.0,0.2228404108946182,0.22664295832274423,0.10132390722406229,0.12531905109868194,-0.1341799539207345
frozen_GE_teacher,COC(=O)c1c(C)cc(OC)cc1O,10.0,0.5557892007532852,0.6267194988125672,-0.02904534538661979,0.6557648441991869,0.03978380028810384
frozen_GE_teacher,COC(=O)c1cc(-c2ccc(Br)cc2)[nH]n1,10.0,0.5786457478716264,0.6604243515184718,-0.08868227611325223,0.749106627631724,-0.09956033935186549
frozen_GE_teacher,COC(=O)c1cc(S(=O)(=O)NCCc2ccccc2)c[nH]1,10.0,0.5591002659609208,0.6315233460638697,-0.10824351303557597,0.7397668590994457,0.1532821248956109
frozen_GE_teacher,COC(=O)c1cc2oc(C)cc2n1CC(=O)N1CCCc2ccccc21,10.0,0.01667876766497195,0.016680314496866095,0.0838266648071475,-0.0671463503102814,0.2014086514890468
frozen_GE_teacher,COC(=O)c1ccc(C(C(=O)NC2CCCCC2)N(Cc2ccccc2)C(=O)Cc2cccs2)cc1,10.0,-0.11025863324009157,-0.11070872436825778,0.11930521984468506,-0.23001394421294286,0.00615502441108895
frozen_GE_teacher,COC(=O)c1ccc(C)c(-n2c(C)cc(C=O)c2C)c1,10.0,0.2954121991447608,0.3044856359010747,0.16015741938730896,0.14432821651376573,0.18136293979518678
frozen_GE_teacher,COC(=O)c1ccc(C2c3c(C)n[nH]c3C(=O)N2c2ccc(C)cc2)cc1,10.0,0.21266796657569373,0.2159640426458375,0.040050915787932025,0.17591312685790547,-0.022878438127109463
frozen_GE_teacher,COC(=O)c1ccc(CN2C(=O)NC3(CCCCC3)C2=O)cc1,10.0,0.7339585451879502,0.9372550541074094,-0.05796201540605203,0.9952170695134614,-0.039330288748472664
frozen_GE_teacher,COC(=O)c1oc2ccc(OC)cc2c1N,10.0,0.31073590701947484,0.3213597615104635,-0.10156263893571171,0.42292240044617524,0.21069787198355872
frozen_GE_teacher,COC(C[C@@H](O)C[C@@H](O)COCc1ccccc1)OC,10.0,-0.22595499824567783,-0.2299226979798488,0.13031646306367745,-0.36023916104352627,0.14277894489098025
frozen_GE_teacher,COC1(C[S@@](=O)c2ccccc2)CCN(CCc2c[nH]c3ccc(F)cc23)CC1,10.0,-0.1610266039938123,-0.16244044968223162,0.010926985790279098,-0.1733674354725107,-0.0714578187571078
frozen_GE_teacher,COCC#Cc1ccc([C@@H]2[C@H](C#N)N(C(=O)Cc3ccccc3)[C@H]2CO)cc1,9.78695,0.13013118175024774,0.13087328917713179,0.10562220120298318,0.0252510879741486,-0.022369862388656292
frozen_GE_teacher,COCC#Cc1ccc2c(c1)O[C@@H](CN(C)C(=O)c1ccccc1F)[C@@H](C)CN([C@H](C)CO)S2(=O)=O,10.0758,-0.19420744482426747,-0.19670584228904617,0.006999138229630445,-0.2037049805186766,-0.055144827360020146
frozen_GE_teacher,COCC#Cc1ccc2c(c1)O[C@@H](CN(C)Cc1ccc3c(c1)OCO3)[C@H](C)CN([C@@H](C)CO)S2(=O)=O,10.0569,0.16162195363494972,0.16305170765165583,-0.04488875253080343,0.20794046018245926,-0.07496953075733016
frozen_GE_teacher,COCC#Cc1ccc2c(c1)O[C@@H](CN(C)Cc1ccc3c(c1)OCO3)[C@H](C)CN([C@H](C)CO)S2(=O)=O,10.0088,-0.13201939700368248,-0.13279451307318277,-0.04823955182314732,-0.08455496125003545,0.07632808755792138
frozen_GE_teacher,COCC#Cc1ccc2c(c1)O[C@H](CN(C)Cc1ccccn1)[C@@H](C)CN([C@@H](C)CO)S2(=O)=O,9.95286,-0.14122555844481005,-0.14217585514435918,0.01516370721435844,-0.15733956235871763,-0.06608022753053006
frozen_GE_teacher,COCC#Cc1ccc2c(c1)O[C@H](CN(C)S(=O)(=O)c1ccc(OC)cc1)[C@@H](C)CN([C@H](C)CO)S2(=O)=O,10.0813,0.41344466212456965,0.43975900522772793,0.17141576366626016,0.26834324156146777,0.21774129606539966
frozen_GE_teacher,COCC#Cc1cnc2c(c1)C(=O)N([C@@H](C)CO)C[C@@H](C)[C@@H](CN(C)S(C)(=O)=O)O2,10.0789,-0.10084322672951863,-0.10118716466132333,-0.024410798671238833,-0.0767763659900845,0.14462239157524182
frozen_GE_teacher,COCC#Cc1cnc2c(c1)C(=O)N([C@@H](C)CO)C[C@@H](C)[C@H](CN(C)C(=O)C1CCCCC1)O2,9.99496,0.356482567138994,0.3728505816502951,-0.0362534954828679,0.409104077133163,0.04972031998031115
frozen_GE_teacher,COCC#Cc1cnc2c(c1)C(=O)N([C@@H](C)CO)C[C@H](C)[C@@H](CN(C)Cc1ccc3c(c1)OCO3)O2,10.0292,0.04825567525047709,0.04829318388933986,0.03877243278028843,0.009520751109051435,-0.22627991437784822
frozen_GE_teacher,COCC#Cc1cnc2c(c1)C(=O)N([C@H](C)CO)C[C@@H](C)[C@@H](CN(C)C(=O)CN1CCOCC1)O2,10.0948,0.03171267404693198,0.031723311545291524,-0.026646178118370667,0.05836948966366219,0.16813277922356962
frozen_GE_teacher,COCC#Cc1cnc2c(c1)C(=O)N([C@H](C)CO)C[C@@H](C)[C@H](CN(C)S(C)(=O)=O)O2,10.019,-0.2202820318902654,-0.22395250486988008,-0.0028740093676010124,-0.22107849550227907,-0.04272779010580342
frozen_GE_teacher,COCC#Cc1cnc2c(c1)C(=O)N([C@H](C)CO)C[C@H](C)[C@H](CN(C)C(=O)Nc1cc(F)ccc1F)O2,10.0713,0.2082839753613049,0.21137682852016657,0.15767313527630894,0.053703693243857625,-0.1145012570506077
frozen_GE_teacher,COCC#Cc1cnc2c(c1)C(=O)N([C@H](C)CO)C[C@H](C)[C@H](CN(C)Cc1ccc3c(c1)OCO3)O2,10.0679,0.2510370722217093,0.25651932871439065,-0.024607659123759937,0.2811269878381506,0.04691051212691773
frozen_GE_teacher,COCC(=O)N(C)C[C@H]1Oc2cc(-c3ccc(C#N)cc3)ccc2S(=O)(=O)N([C@@H](C)CO)C[C@@H]1C,9.9934,-0.036845815191338095,-0.036862502919453415,0.03142927079108858,-0.06829177371054199,-0.1304479261957781
frozen_GE_teacher,COCC(=O)N(C)C[C@H]1Oc2cc(-c3ccccc3F)ccc2S(=O)(=O)N([C@@H](C)CO)C[C@@H]1C,10.0918,0.08058441998942412,0.08075953715298766,0.04123898762291417,0.03952054953007349,0.10884266759810612
frozen_GE_teacher,COCC(=O)N(C)C[C@H]1Oc2cc(-c3ccccc3F)ccc2S(=O)(=O)N([C@@H](C)CO)C[C@H]1C,10.0192,-0.18252345445246693,-0.1845918714516978,0.019650954135877606,-0.20424282558757542,0.10898957528006684
frozen_GE_teacher,COCC(=O)N(C)C[C@H]1Oc2cc(C#Cc3cccnc3)ccc2S(=O)(=O)N([C@H](C)CO)C[C@H]1C,10.0221,-0.06675713119790054,-0.06685656525373403,-0.004838464278494637,-0.06201810097523939,-0.13610075704465693
frozen_GE_teacher,COCC(=O)N(C)C[C@H]1Oc2ncc(-c3ccc(C#N)cc3)cc2C(=O)N([C@@H](C)CO)C[C@H]1C,10.0531,0.15487128908187608,0.15612762117556733,0.008979767397232833,0.1471478537783345,0.09181782706741762
frozen_GE_teacher,COCC(=O)N(C)c1nnc(-c2ccccn2)s1,10.0,0.36357875507606535,0.3810036406183612,0.06951064440529087,0.3114929962130703,0.00015245404014843644
frozen_GE_teacher,COCC(=O)N1C[C@@H](C)[C@@H](OC)CN(C)C(=O)c2cc(NC(=O)C3CCC3)ccc2OC[C@H]1C,10.0751,-0.185610566482031,-0.18778724785018078,0.06777570710671921,-0.25556295495689996,0.0884066609050165
frozen_GE_teacher,COCC(=O)N1C[C@@H](C)[C@@H](OC)CN(C)C(=O)c2cc(NC(=O)c3cc(C)on3)ccc2OC[C@@H]1C,10.0372,0.19284592384079227,0.19529134446355123,0.06959259403529276,0.12569875042825845,-0.08030058437459053
frozen_GE_teacher,COCC(=O)N1C[C@@H](C)[C@@H](OC)CN(C)C(=O)c2ccc(NC(=O)c3ccccc3)cc2OC[C@@H]1C,9.98459,0.15035944305532686,0.15150817291713686,-0.027699376990080238,0.1792075499072171,0.2947326791536883
frozen_GE_teacher,COCC(=O)N1C[C@@H](C)[C@@H](OC)CN(C)C(=O)c2ccc(NS(C)(=O)=O)cc2OC[C@H]1C,9.92194,-0.04534416671977355,-0.045375282396325795,-0.07727474974847406,0.03189946735214827,0.026523805112502588
frozen_GE_teacher,COCC(=O)N1C[C@@H](C)[C@H](OC)CN(C)C(=O)c2cc(NC(=O)c3cc(C)on3)ccc2OC[C@H]1C,9.87256,0.07753854051197712,0.07769449654282064,0.003031524997351605,0.07466297154546903,-0.06749217647535674
frozen_GE_teacher,COCC(=O)N1C[C@@H](C)[C@H](OC)CN(C)C(=O)c2ccc(NC(=O)NC(C)C)cc2OC[C@H]1C,10.0464,0.42691165183072727,0.4561139068113136,-0.0480906532435116,0.5042045600548252,0.16498724420072264
frozen_GE_teacher,COCC(=O)N1C[C@@H](C)[C@H](OC)CN(C)C(=O)c2ccc(NC(=O)c3ccc(OC)cc3)cc2OC[C@@H]1C,10.0648,0.21891098952123186,0.22251199716287906,-0.006622635407854526,0.22913463257073358,0.2686421899064039
frozen_GE_teacher,COCC(=O)N1C[C@H](C)[C@@H](OC)CN(C)C(=O)c2ccc(NS(C)(=O)=O)cc2OC[C@@H]1C,9.91089,0.2692935720524117,0.27610200324165,-0.021846042158702533,0.2979480454003526,0.08346324288981058
frozen_GE_teacher,COCC(=O)N1C[C@H](C)[C@H](OC)CN(C)C(=O)c2cc(NC(=O)C3CCC3)ccc2OC[C@@H]1C,10.063,0.13782160050815442,0.13870431368470149,0.1410543166049896,-0.0023500029202881134,-0.3030217589830385
frozen_GE_teacher,COCC(=O)N1C[C@H](C)[C@H](OC)CN(C)C(=O)c2cc(NC(=O)c3ccc(F)cc3)ccc2OC[C@H]1C,10.0228,0.1310691465949978,0.13182753001283792,0.007287811253982729,0.1245397187588552,0.07728009673605973
frozen_GE_teacher,COCC(=O)N1C[C@H](C)[C@H](OC)CN(C)C(=O)c2ccc(NC(=O)Nc3ccccc3)cc2OC[C@@H]1C,9.98898,0.06814799625625541,0.06825378769165999,-0.005765320524096923,0.07401910821575691,-0.152448811188082
frozen_GE_teacher,COCC(=O)N1C[C@H](C)[C@H](OC)CN(C)C(=O)c2ccc(NC(=O)c3ccc(OC)cc3)cc2OC[C@H]1C,10.1159,0.18998767512802825,0.19232438278731157,-0.02299920087280119,0.21532358366011276,-0.11945400719630628
frozen_GE_teacher,COCC(=O)N1C[C@H](C)[C@H](OC)CN(C)C(=O)c2ccc(NC(=O)c3ccccc3)cc2OC[C@@H]1C,10.0663,0.26161835167698533,0.2678448761575218,-0.0770539352569199,0.3448988114144417,0.3859997051170728
frozen_GE_teacher,COCC(=O)N1C[C@H](C)[C@H](OC)CN(C)C(=O)c2ccc(NC(=O)c3ccccc3)cc2OC[C@H]1C,10.1855,0.32542004239208927,0.33769724458042977,0.03789637031628401,0.29980087426414576,0.15530135281775692
frozen_GE_teacher,COCC(=O)N1[C@@H](C#N)[C@H](c2ccc(C#CCC3CCCC3)cc2)[C@@H]1CO,9.48304,0.20815666807623595,0.211243751591158,0.2064599177973812,0.004783833793776782,-0.06096037960332287
frozen_GE_teacher,COCC(=O)N1[C@H](C#N)[C@@H](c2ccc(-c3cccnc3)cc2)[C@@H]1CO,9.80567,0.13706945159235318,0.1379376820833863,-0.00759494190898008,0.14553262399236638,0.01022711817620582
frozen_GE_teacher,COCC(=O)N1[C@H](C(=O)Nc2ccccc2)[C@@H](CO)[C@@H]2Cn3c(ccc(-c4cccnc4)c3=O)[C@@H]21,10.1009,0.6114100802284338,0.7111701520727325,0.030481705936818992,0.6806884461359135,0.37035382586685184
frozen_GE_teacher,COCC(=O)N1[C@H](CO)[C@H](c2ccc(C#CCC3CCCC3)cc2)[C@@H]1C#N,10.0977,-0.3837827296956205,-0.40448826188058606,-0.05346067776427267,-0.3510275841163134,0.2780598461703875
frozen_GE_teacher,COCC(=O)N[C@@H]1C=C[C@@H](CC(=O)NCc2ccc(Cl)cc2)O[C@@H]1CO,10.0386,0.7701498205358613,1.02069588165814,-0.14923160186377,1.16992748352191,-0.19218205953115292
frozen_GE_teacher,COCC(=O)N[C@@H]1C=C[C@H](CC(=O)N2CCCCC2)O[C@@H]1CO,10.0359,-0.014163198146951755,-0.014164145288773404,0.15068484007687336,-0.16484898536564677,-0.0571252005930976
frozen_GE_teacher,COCC(=O)N[C@@H]1C=C[C@H](CC(=O)N2CCCCC2)O[C@H]1CO,10.0688,0.40639823431891003,0.43128930254485687,0.039636219047465095,0.39165308349739175,-0.12252995327803848
frozen_GE_teacher,COCC(=O)N[C@@H]1C=C[C@H](CC(=O)NCc2ccc(Cl)cc2)O[C@H]1CO,10.0907,-0.1603660538731771,-0.16176238978326815,-0.050396366498935315,-0.11136602328433284,0.08002232845977175
frozen_GE_teacher,COCC(=O)N[C@@H]1CC[C@H](CC(=O)NCc2ccccc2OC)O[C@@H]1CO,9.99335,0.18189456818832406,0.18394138906748156,-0.006499908129252151,0.19044129719673372,0.035718913340779895
frozen_GE_teacher,COCC(=O)N[C@H]1CC[C@@H](CC(=O)N2CCCCC2)O[C@H]1CO,10.0646,0.13106634642582332,0.13182468089944485,-0.03807226613207426,0.1698969470315191,0.24651828268378234
frozen_GE_teacher,COCC(=O)N[C@H]1CC[C@@H](CC(=O)NCc2ccccc2OC)O[C@H]1CO,9.9722,0.17167850654678565,0.17339563227191263,-0.03292783835858828,0.2063234706305009,0.07884894952301641
frozen_GE_teacher,COCC(=O)N[C@H]1CC[C@H](CC(=O)N2CCCCC2)O[C@H]1CO,10.0346,-0.1665495582157541,-0.16811566632153313,-0.16031214622579365,-0.00780352009573948,0.1493303713662937
frozen_GE_teacher,COCC(=O)N[C@H]1CC[C@H](CC(=O)NCc2ccccc2OC)O[C@H]1CO,9.99713,0.07585368636491377,0.07599967253254256,0.017602269917627495,0.058397402614915064,0.04858901833474635
frozen_GE_teacher,COCC(=O)Nc1ccc2c(c1)C(=O)N(C)C[C@@H](OC)[C@@H](C)CN(C)[C@H](C)CO2,10.0369,-0.4168824941464059,-0.44391279531733563,-0.07803365542789752,-0.3658791398894381,0.21122888876765306
frozen_GE_teacher,COCC(=O)Nc1ccc2c(c1)C(=O)N(C)C[C@@H](OC)[C@@H](C)CN(Cc1cc(F)ccc1F)[C@H](C)CO2,9.99616,-0.29301138795238185,-0.3018573138915519,-0.008365064430421489,-0.2934922494611304,-0.05039359563782598
frozen_GE_teacher,COCC(=O)Nc1ccc2c(c1)C(=O)N(C)C[C@@H](OC)[C@@H](C)CN(Cc1ccccn1)[C@@H](C)CO2,9.94104,0.298731480174893,0.3081262081801128,0.07208912697870196,0.23603708120141087,-0.12464028904396054
frozen_GE_teacher,COCC(=O)Nc1ccc2c(c1)C(=O)N(C)C[C@@H](OC)[C@H](C)CN(C(=O)c1cnccn1)[C@@H](C)CO2,9.95553,0.05336408056328257,0.053414822701789814,0.01330087493655459,0.040113947765235226,0.10705387905554449
frozen_GE_teacher,COCC(=O)Nc1ccc2c(c1)C(=O)N(C)C[C@@H](OC)[C@H](C)CN(C(=O)c1cnccn1)[C@H](C)CO2,10.0152,0.20602985781840766,0.20902163923629632,0.08439374811803764,0.12462789111825869,0.20302674215565952
frozen_GE_teacher,COCC(=O)Nc1ccc2c(c1)C(=O)N(C)C[C@@H](OC)[C@H](C)CN(C)[C@H](C)CO2,10.0562,0.5103984299121379,0.5632684089005006,-0.08871819753083005,0.6519866064313307,0.027023225045411277
frozen_GE_teacher,COCC(=O)Nc1ccc2c(c1)C(=O)N(C)C[C@@H](OC)[C@H](C)CN(Cc1cc(F)ccc1F)[C@@H](C)CO2,9.98975,-0.15254154929764932,-0.1537415066697115,-0.0061945929797322845,-0.14754691368997921,-0.29798246609728407
frozen_GE_teacher,COCC(=O)Nc1ccc2c(c1)C(=O)N(C)C[C@@H](OC)[C@H](C)CN(Cc1ccccn1)[C@@H](C)CO2,10.0488,0.0187441309051335,0.018746326570927577,0.0027100121155577313,0.016036314455369845,0.04016229012315839
frozen_GE_teacher,COCC(=O)Nc1ccc2c(c1)C(=O)N(C)C[C@@H](OC)[C@H](C)CN(Cc1cncnc1)[C@H](C)CO2,9.9888,-0.07006436380336936,-0.07017935168625891,-0.024594347363237012,-0.0455850043230219,-0.205253912328596
frozen_GE_teacher,COCC(=O)Nc1ccc2c(c1)C(=O)N(C)C[C@@H](OC)[C@H](C)CN[C@@H](C)CO2,10.0124,-0.09748216492662039,-0.09779272115750663,-0.005390559987434618,-0.09240216117007201,0.02917567219333058
frozen_GE_teacher,COCC(=O)Nc1ccc2c(c1)C(=O)N(C)C[C@H](OC)[C@@H](C)CN(C(=O)Cc1cccnc1)[C@H](C)CO2,9.98412,0.19803118113600693,0.2006825390536875,0.023408250740188447,0.17727428831349903,0.17427773468879346
frozen_GE_teacher,COCC(=O)Nc1ccc2c(c1)C(=O)N(C)C[C@H](OC)[C@@H](C)CN(Cc1cc(F)ccc1F)[C@@H](C)CO2,10.1286,0.051110311263998384,0.051154885689624466,-0.035143273129386546,0.08629815881901101,0.2141351450464361
frozen_GE_teacher,COCC(=O)Nc1ccc2c(c1)C(=O)N(C)C[C@H](OC)[C@@H](C)CN(Cc1ccccc1OC)[C@@H](C)CO2,9.99621,0.10651939241763764,0.10692502738146545,-0.03688172240799034,0.1438067497894558,-0.037211266573053445
frozen_GE_teacher,COCC(=O)Nc1ccc2c(c1)C(=O)N(C)C[C@H](OC)[C@H](C)CN(Cc1ccccn1)[C@@H](C)CO2,10.0676,0.06394545890954446,0.06403283149432226,0.06412903914334739,-9.620764902512624e-05,-0.13211418434083927
frozen_GE_teacher,COCC(=O)Nc1ccc2c(c1)OC[C@@H](C)N(C(=O)CC1CC1)C[C@@H](C)[C@@H](OC)CN(C)C2=O,9.9433,0.4539379399930279,0.48964917130986185,0.08527662006003103,0.40437255124983085,-0.126585050342706
frozen_GE_teacher,COCC(=O)Nc1ccc2c(c1)OC[C@@H](C)N(C(=O)CC1CC1)C[C@H](C)[C@@H](OC)CN(C)C2=O,10.0782,0.2183527180146789,0.2219257007347451,-0.03480254630872172,0.2567282470434668,0.30769058231065644
frozen_GE_teacher,COCC(=O)Nc1ccc2c(c1)OC[C@@H](C)N(C(=O)Cc1ccccn1)C[C@@H](C)[C@H](OC)CN(C)C2=O,10.0375,0.10002049676608324,0.10035605157806786,0.04967835536347818,0.05067769621458968,-0.09125876269954683
frozen_GE_teacher,COCC(=O)Nc1ccc2c(c1)OC[C@@H](C)N(C(=O)Cc1ccccn1)C[C@H](C)[C@@H](OC)CN(C)C2=O,10.0815,0.11642984921351192,0.11696027435881286,0.043747665970533624,0.07321260838827923,0.07717653552878803
frozen_GE_teacher,COCC(=O)Nc1ccc2c(c1)OC[C@@H](C)N(C(=O)c1ccccn1)C[C@@H](C)[C@H](OC)CN(C)C2=O,9.99147,-0.19639010084206956,-0.19897505061095913,-0.021007107845405097,-0.17796794276555403,0.0506378272557305
frozen_GE_teacher,COCC(=O)Nc1ccc2c(c1)OC[C@@H](C)N(C(=O)c1cccnc1)C[C@H](C)[C@@H](OC)CN(C)C2=O,9.9565,0.3782027395737479,0.39796073748670285,0.05327316436395006,0.3446875731227528,-0.21015786784506274
frozen_GE_teacher,COCC(=O)Nc1ccc2c(c1)OC[C@@H](C)N(C)C[C@H](C)[C@H](OC)CN(C)C2=O,9.94938,-0.05117853318687286,-0.05122328653216128,0.028645671984160855,-0.07986895851632214,0.02486125003001899
frozen_GE_teacher,COCC(=O)Nc1ccc2c(c1)OC[C@@H](C)N(CC1CC1)C[C@@H](C)[C@@H](OC)CN(C)C2=O,10.1038,0.20130155093404983,0.20408870483723537,0.014721642446407189,0.18936706239082818,-0.011528389248454021
frozen_GE_teacher,COCC(=O)Nc1ccc2c(c1)OC[C@@H](C)N(CC1CC1)C[C@H](C)[C@H](OC)CN(C)C2=O,10.0252,0.23623536831319172,0.24078318966639475,0.031566845066817284,0.20921634459957747,0.03599374533063461
frozen_GE_teacher,COCC(=O)Nc1ccc2c(c1)OC[C@@H](C)N(Cc1ccccc1)C[C@H](C)[C@@H](OC)CN(C)C2=O,10.0559,0.51582856911808,0.5706392193552242,0.08228117944944795,0.48835803990577625,0.14243109980923652
frozen_GE_teacher,COCC(=O)Nc1ccc2c(c1)OC[C@@H](C)N(Cc1ccccc1F)C[C@H](C)[C@H](OC)CN(C)C2=O,10.0687,0.06095150985341979,0.06102715859501353,0.00829841598878268,0.05272874260623085,-0.0002108748814192707
frozen_GE_teacher,COCC(=O)Nc1ccc2c(c1)OC[C@@H](C)N(Cc1ccncc1)C[C@H](C)[C@H](OC)CN(C)C2=O,10.0102,0.2935639180881048,0.302461844334978,0.07132410077807602,0.231137743556902,0.1574694470036513
frozen_GE_teacher,COCC(=O)Nc1ccc2c(c1)OC[C@H](C)N(C(=O)Cc1ccccn1)C[C@@H](C)[C@H](OC)CN(C)C2=O,9.95078,-0.1968178903688577,-0.19942004039404332,0.01184263651806517,-0.21126267691210848,-0.027947004650995626
frozen_GE_teacher,COCC(=O)Nc1ccc2c(c1)OC[C@H](C)N(C(=O)NC(C)C)C[C@H](C)[C@H](OC)CN(C)C2=O,9.81135,-0.03117471570916312,-0.031184820785467728,-0.014240812704321943,-0.016944008081145785,0.13187493532937813
frozen_GE_teacher,COCC(=O)Nc1ccc2c(c1)OC[C@H](C)N(C(=O)c1ccccn1)C[C@H](C)[C@H](OC)CN(C)C2=O,10.0428,0.35618403553221534,0.37250863145290625,0.007855788173301636,0.3646528432796046,0.033671515257601994
frozen_GE_teacher,COCC(=O)Nc1ccc2c(c1)OC[C@H](C)N(C)C[C@@H](C)[C@@H](OC)CN(C)C2=O,10.1097,0.30501484188402034,0.3150396013376821,0.02179033330445563,0.2932492680332265,0.2507933171872588
frozen_GE_teacher,COCC(=O)Nc1ccc2c(c1)OC[C@H](C)N(CC1CC1)C[C@@H](C)[C@H](OC)CN(C)C2=O,9.91797,0.11851743874063946,0.11907707669062609,-0.06687926553278162,0.1859563422234077,0.10484076977555684
frozen_GE_teacher,COCC(=O)Nc1ccc2c(c1)OC[C@H](C)N(CCC(F)(F)F)C[C@@H](C)[C@@H](OC)CN(C)C2=O,10.076,0.24671301452412386,0.2519097502371002,0.08022346721818774,0.17168628301891248,0.12616172338838394
frozen_GE_teacher,COCC(=O)Nc1ccc2c(c1)OC[C@H](C)N(CCC(F)(F)F)C[C@@H](C)[C@H](OC)CN(C)C2=O,10.0098,0.36232735531225524,0.3795623756230695,0.02976486218846102,0.34979751343460846,0.054297836062809336
frozen_GE_teacher,COCC(=O)Nc1ccc2c(c1)OC[C@H](C)N(Cc1ccccc1)C[C@H](C)[C@@H](OC)CN(C)C2=O,10.0197,-0.013273678585254425,-0.013274458233222708,-0.0071959587111377465,-0.006078499522084961,0.015369855476686164
frozen_GE_teacher,COCC(=O)Nc1ccc2c(c1)OC[C@H](C)N(Cc1ccccc1)C[C@H](C)[C@H](OC)CN(C)C2=O,10.0072,0.2569190199589072,0.26280687691981164,0.08567606841166372,0.1771308085081479,0.11964072527494693
frozen_GE_teacher,COCC(=O)Nc1ccc2c(c1)OC[C@H](C)N(Cc1cccnc1)C[C@H](C)[C@H](OC)CN(C)C2=O,10.0102,0.4156528920359905,0.4424254711220908,0.003077615016006695,0.4393478561060841,-0.08852457636275801
frozen_GE_teacher,COCC(=O)Nc1ccc2c(c1)[C@@H]1C[C@@H](CC(=O)NCCc3ccccc3)O[C@@H](CO)[C@@H]1O2,10.0838,0.33611102267133125,0.3497017593837955,0.014432647990528355,0.33526911139326715,-0.011078283036588898
frozen_GE_teacher,COCC(=O)Nc1ccc2c(c1)[C@@H]1C[C@@H](CC(=O)N[C@H](C)c3ccccc3)O[C@H](CO)[C@@H]1O2,9.95508,-0.6287882932739552,-0.7394095505337681,-0.02256307210134465,-0.7168464784324234,-0.1149720030864061
frozen_GE_teacher,COCC(=O)Nc1ccc2c(c1)[C@@H]1C[C@H](CC(=O)NCc3cccnc3)O[C@@H](CO)[C@@H]1O2,10.1451,0.264745510152827,0.2712047596019273,0.012163100020431425,0.2590416595814959,-0.1898060538412637
frozen_GE_teacher,COCC(=O)Nc1ccc2c(c1)[C@@H]1C[C@H](CC(=O)NCc3cccnc3)O[C@H](CO)[C@@H]1O2,10.0482,0.14162256785715652,0.1425809671119827,0.04296129680002703,0.09961967031195568,0.16739250737092706
frozen_GE_teacher,COCC(=O)Nc1ccc2c(c1)[C@@H]1C[C@H](CC(=O)N[C@H](C)c3ccccc3)O[C@@H](CO)[C@@H]1O2,9.98931,-0.003698115195975356,-0.0036981320546572004,0.23813483550773212,-0.2418329675623893,-0.3199471790400985
frozen_GE_teacher,COCC(=O)Nc1ccc2c(c1)[C@H]1C[C@@H](CC(=O)NCCc3ccccc3)O[C@H](CO)[C@H]1O2,10.1754,0.25271870115770917,0.258314871881322,-0.044544478738085924,0.30285935061940794,0.19838094338074103
frozen_GE_teacher,COCC(=O)Nc1ccc2c(c1)[C@H]1C[C@@H](CC(=O)NCc3ccccn3)O[C@H](CO)[C@H]1O2,9.81743,-0.18849600542605002,-0.19077730818676988,-0.10166481722853611,-0.08911249095823377,0.28696915398983974
frozen_GE_teacher,COCC(=O)Nc1ccc2c(c1)[C@H]1C[C@H](CC(=O)NCc3ccc(-c4ccccc4)cc3)O[C@@H](CO)[C@H]1O2,10.0462,0.15482417852899072,0.15607935326332867,0.04754113733674337,0.1085382159265853,-0.13898956369889912
frozen_GE_teacher,COCC(=O)Nc1ccc2c(c1)[C@H]1C[C@H](CC(=O)NCc3ccccn3)O[C@H](CO)[C@H]1O2,10.0458,0.26983554689272055,0.2766864467160454,-0.013798168530930898,0.29048461524697633,0.10641992910658594
frozen_GE_teacher,COCC(=O)Nc1ccc2c(c1)[C@H]1C[C@H](CC(=O)N[C@@H](C)c3ccccc3)O[C@@H](CO)[C@H]1O2,10.0617,-0.23074792331002145,-0.23497930873596282,-0.010022726693768486,-0.22495658204219432,-0.568932929315944
frozen_GE_teacher,COCC(=O)O[C@]1(CCN(C)CCCc2nc3ccccc3[nH]2)CCc2cc(F)ccc2[C@@H]1C(C)C,10.0,0.33462374589210697,0.3480260082612999,0.05196096720500728,0.29606504105629267,0.12557573349528847
frozen_GE_teacher,COCCCCC(=NOCCN)c1ccc(C(F)(F)F)cc1,10.0,0.23867629484194594,0.24336997434402652,-0.012075911382234175,0.2554458857262607,-0.16482218341063665
frozen_GE_teacher,COCCCNS(=O)(=O)c1ccc2c(c1)CCN2C(C)=O,10.0,0.39066779368802773,0.41258786206170717,0.08208440101792094,0.33050346104378625,0.012731140613485847
frozen_GE_teacher,COCCCn1c(-c2ccsc2)nc2c1c(=O)[nH]c(=O)n2Cc1ccccc1,10.0,0.34780977809656216,0.3629499482909433,0.021086773892609136,0.34186317439833414,0.1681507860446214
frozen_GE_teacher,COCCN(C(=O)CN1CCc2ccccc2C1)c1c(N)n(Cc2ccccc2)c(=O)[nH]c1=O,10.0,0.4856584231112932,0.530362872160153,-0.056178758692599334,0.5865416308527523,0.3555997917133831
frozen_GE_teacher,COCCNC(=O)C[C@@H]1C=C[C@@H](NC(=O)NC2CCCC2)[C@@H](CO)O1,9.93684,0.1524992109117412,0.15369815993176353,-0.00772058022745053,0.16141874015921406,-7.443663015305798e-05
frozen_GE_teacher,COCCNC(=O)C[C@@H]1CC[C@@H](NC(=O)NC2CCCCC2)[C@H](CO)O1,9.99732,-0.20197476747885218,-0.2047904530550563,0.06456151739531579,-0.26935197045037207,-0.12282724358753722
frozen_GE_teacher,COCCNC(=O)C[C@@H]1CC[C@@H]2[C@H](COC[C@H](O)CN2C(=O)c2cc(Cl)cc(Cl)c2)O1,10.0235,0.09787637083024062,0.09819072451175379,-0.08144517526668614,0.1796358997784399,-0.18235782333265665
frozen_GE_teacher,COCCNC(=O)C[C@@H]1CC[C@H]2[C@@H](COc3ccc(NC(=O)Cc4ccccc4)cc3C(=O)N2C)O1,10.1389,-0.005310382214512511,-0.005310432133231877,0.023547289430975712,-0.02885772156420759,-0.05452641416466143
frozen_GE_teacher,COCCNC(=O)C[C@@H]1CC[C@H]2[C@H](COc3ccc(NC(=O)Cc4ccccc4)cc3C(=O)N2C)O1,9.80212,0.20175844720847197,0.20456494322958335,0.03106092532585336,0.17350401790373,-0.020423962352241812
frozen_GE_teacher,COCCNC(=O)C[C@@H]1C[C@@H]2c3cc(NC(=O)c4cccnc4)ccc3O[C@@H]2[C@H](CO)O1,10.0926,-0.2746543591596772,-0.28189102137576894,0.018353475643980828,-0.30024449701974976,-0.1607543824989677
frozen_GE_teacher,COCCNC(=O)C[C@@H]1C[C@@H]2c3cc(NS(C)(=O)=O)ccc3O[C@@H]2[C@H](CO)O1,9.85907,0.3649824240587844,0.3826220771157613,-0.009342711813215235,0.3919647889289765,-0.1739234057298179
frozen_GE_teacher,COCCNC(=O)C[C@@H]1C[C@H]2c3cc(NC(=O)CC4CC4)ccc3O[C@H]2[C@H](CO)O1,9.9577,0.004914520485390901,0.004914560051968628,0.010000588927392133,-0.005086028875423505,0.04244270756527578
frozen_GE_teacher,COCCNC(=O)C[C@@H]1C[C@H]2c3cc(NC(=O)Nc4ccc(OC)cc4)ccc3O[C@H]2[C@H](CO)O1,9.96552,0.0608974275203336,0.060972874771713405,-0.055749855197017764,0.11672272996873118,0.07205084363904858
frozen_GE_teacher,COCCNC(=O)C[C@H]1C=C[C@@H](NC(=O)NC2CCCC2)[C@H](CO)O1,10.0003,0.3343277011899471,0.34769267187768554,-0.06623840843845069,0.41393108031613624,-0.09846845911356875
frozen_GE_teacher,COCCNC(=O)C[C@H]1CC[C@@H]2[C@@H](COc3ccc(NC(=O)Cc4ccccc4)cc3C(=O)N2C)O1,10.0327,0.4699977439063851,0.510067440848265,-0.014069762865195661,0.5241372037134607,-0.25596746274418347
frozen_GE_teacher,COCCNC(=O)C[C@H]1CC[C@H]2[C@@H](COC[C@@H](O)CN2C(=O)c2cc(Cl)cc(Cl)c2)O1,10.0467,-0.08927227873394986,-0.08951057222099361,-0.06396030610463857,-0.02555026611635504,-0.16075957911915242
frozen_GE_teacher,COCCNC(=O)C[C@H]1CC[C@H]2[C@@H](COC[C@@H](O)CN2S(=O)(=O)c2ccccc2F)O1,9.97416,0.40577186151589156,0.43053924069976973,0.10404616333985506,0.3264930773599147,-0.23918754099579959
frozen_GE_teacher,COCCNC(=O)C[C@H]1C[C@@H]2c3cc(NC(=O)CC4CC4)ccc3O[C@@H]2[C@H](CO)O1,9.85192,0.2761397950722663,0.2834983642724167,-0.022074104334233083,0.30557246860664977,-0.07972848280004045
frozen_GE_teacher,COCCNC(=O)C[C@H]1C[C@@H]2c3cc(NC(=O)Nc4ccc(C(F)(F)F)cc4)ccc3O[C@@H]2[C@@H](CO)O1,10.0099,-0.029456697504685526,-0.02946522177264034,-0.03522555616855946,0.005760334395919123,0.18888469338657735
frozen_GE_teacher,COCCNC(=O)C[C@H]1C[C@@H]2c3cc(NC(=O)Nc4ccc(C(F)(F)F)cc4)ccc3O[C@@H]2[C@H](CO)O1,10.1599,0.024569151574369157,0.02457409703283516,-0.018528967666341673,0.04310306469917684,0.1317104732511903
frozen_GE_teacher,COCCNC(=O)C[C@H]1C[C@@H]2c3cc(NC(=O)Nc4ccc(OC)cc4)ccc3O[C@@H]2[C@@H](CO)O1,9.79264,0.21089558809038353,0.21410843684039127,0.0861955324575739,0.12791290438281738,-0.1514601962371317
frozen_GE_teacher,COCCNC(=O)C[C@H]1C[C@@H]2c3cc(NC(=O)c4cccnc4)ccc3O[C@@H]2[C@@H](CO)O1,10.0693,0.28584572320155444,0.29403645912419485,0.007122765383376431,0.28691369374081843,0.2685745826839954
frozen_GE_teacher,COCCNC(=O)C[C@H]1C[C@H]2c3cc(NC(=O)CN(C)C)ccc3O[C@H]2[C@H](CO)O1,10.0704,0.47441770327011046,0.5157558144012034,-0.04406531268662858,0.559821127087832,0.033490110025945326
frozen_GE_teacher,COCCNC(=O)[C@H]1[C@H](CO)[C@H]2Cn3c(ccc(-c4ccccc4F)c3=O)[C@H]2N1C(=O)C1CCCC1,10.0995,0.16677681748068188,0.16834941843066697,0.06288329499459638,0.10546612343607059,0.20022390642099241
frozen_GE_teacher,COCCSc1ccccc1C(=O)Nc1nncs1,10.0,0.5461574674085367,0.6128888926616144,0.170475134398341,0.4424137582632734,0.29848354054439225
frozen_GE_teacher,COCCn1c(COc2ccc(C)cc2)nc2ccccc21,10.0,0.6375551366874533,0.7540436383413281,0.23625899236956902,0.5177846459717591,0.30201326785086846
frozen_GE_teacher,COCc1cc(O)n2c(-c3ccccc3OC)nnc2n1,10.0,0.47570203543007433,0.5174144771907125,0.062261183158686007,0.45515329403202653,-0.02022243022389985
frozen_GE_teacher,COCc1cn(CC[C@@H]2CC[C@@H](NC(=O)Nc3c(C)noc3C)[C@@H](CO)O2)nn1,10.1321,0.1449672816535099,0.14599580266422718,-0.002535361878987787,0.14853116454321497,0.023817507982603063
frozen_GE_teacher,COCc1cn(CC[C@@H]2CC[C@@H](NC(=O)c3ccncc3)[C@@H](CO)O2)nn1,10.0717,-0.08409444762310818,-0.08429352820424903,-0.02820225929413188,-0.05609126891011715,0.1688386341963397
frozen_GE_teacher,COCc1cn(CC[C@@H]2CC[C@H](NC(=O)c3ccncc3)[C@H](CO)O2)nn1,10.1712,-0.24845327411600357,-0.2537636496581955,0.007379933250095378,-0.26114358290829087,-0.14018516623700847
frozen_GE_teacher,COCc1cn(CC[C@H]2CC[C@@H](NC(=O)Nc3ccc(C(F)(F)F)cc3)[C@H](CO)O2)nn1,10.0453,-0.02063552768966821,-0.02063845747946496,-0.023233021804412807,0.002594564324947847,-0.06906434804809813
frozen_GE_teacher,COCc1n[nH]c2c1C(c1ccc(OC)cc1)C(C#N)=C(N)O2,10.0,0.30759511806187645,0.3178870336536225,0.05736854892461918,0.2605184847290033,-0.12572963805844894
frozen_GE_teacher,CO[C@@H](C(=O)N(C)C[C@H]1OCc2ccccc2-c2c(n(C)c3ccccc23)C(=O)N([C@@H](C)CO)C[C@H]1C)c1ccccc1,9.86619,0.3470089352036848,0.3620391819646552,0.062472448945651356,0.29956673301900383,0.21978050786138748
frozen_GE_teacher,CO[C@@H](CN(C)C(=O)Nc1ccc(C(F)(F)F)cc1)[C@H](C)CN(Cc1ccccc1Cl)[C@H](C)CO,10.0179,0.32621207238809424,0.3385833389725426,0.04019336577002448,0.29838997320251814,0.12205801780382429
frozen_GE_teacher,CO[C@@H](CN(C)C(=O)Nc1ccc(F)cc1)[C@@H](C)CN(Cc1ccccc1Cl)[C@@H](C)CO,10.1027,0.07834245456837718,0.07850332404538832,0.022040287145634163,0.056463036899754154,0.09145315481239724
frozen_GE_teacher,CO[C@@H](CN(C)C(=O)c1ccc2c(c1)OCO2)[C@H](C)CN([C@@H](C)CO)S(=O)(=O)c1ccc(F)cc1,9.45595,0.6263350701014043,0.7353624262827233,0.03345825025988233,0.7019041760228409,0.05343395133104065
frozen_GE_teacher,CO[C@@H](CN(C)C(=O)c1ccccc1F)[C@@H](C)CN([C@@H](C)CO)S(=O)(=O)c1ccc(C)cc1,10.0232,-0.0488420162407621,-0.04888091016181786,0.023283422708369375,-0.07216433287018723,0.0707612104145149
frozen_GE_teacher,CO[C@@H](CN(C)C(=O)c1ccccc1F)[C@@H](C)CN([C@@H](C)CO)S(=O)(=O)c1ccc(Cl)cc1,10.5412,-0.1655607436113261,-0.16709881258140186,0.008224184992594707,-0.17532299757399655,0.10080594811697054
frozen_GE_teacher,CO[C@@H](CN(C)C(=O)c1ccccc1F)[C@H](C)CN([C@H](C)CO)S(=O)(=O)c1ccc(F)cc1,10.001,-0.3217530409378006,-0.3336013638901554,0.05392515056862577,-0.38752651445878117,0.03641814733876971
frozen_GE_teacher,CO[C@@H](CN(C)C(=O)c1cnccn1)[C@@H](C)CN([C@H](C)CO)S(=O)(=O)c1ccc(Cl)cc1,10.0015,-0.13366908451288026,-0.13447383701486737,-0.008774463193562395,-0.12569937382130497,-0.05571314857151419
frozen_GE_teacher,CO[C@@H](CN(C)C(=O)c1cnccn1)[C@H](C)CN([C@@H](C)CO)S(=O)(=O)c1ccc(C)cc1,10.0466,0.16734155505239176,0.1689303696546793,0.03616420356786293,0.13276616608681638,-0.015413281342731486
frozen_GE_teacher,CO[C@@H](CN(C)C(=O)c1cnccn1)[C@H](C)CN([C@@H](C)CO)S(=O)(=O)c1ccc(Cl)cc1,10.0294,-0.03982087453986779,-0.03984194260222361,0.027176959959661146,-0.06701890256188475,-0.02169484977255247
frozen_GE_teacher,CO[C@@H](CN(C)Cc1cc(F)ccc1F)[C@@H](C)CN(C(=O)Nc1ccc(F)cc1)[C@@H](C)CO,9.69666,0.24708043954666029,0.25230102669296006,-0.09250159794530222,0.3448026246382623,0.08772027865907121
frozen_GE_teacher,CO[C@@H](CN(C)Cc1cc(F)ccc1F)[C@@H](C)CN([C@H](C)CO)S(=O)(=O)c1ccc(C)cc1,10.0403,-0.23577454245474888,-0.24029518261511856,0.01872808362331963,-0.2590232662384382,0.1584410338641727
frozen_GE_teacher,CO[C@@H](CN(C)Cc1cc(F)ccc1F)[C@H](C)CN(C(=O)Nc1ccc(C(F)(F)F)cc1)[C@H](C)CO,10.0253,0.3730812878770144,0.39199786104794004,0.020992991436987202,0.37100486961095286,-0.07267579902560414
frozen_GE_teacher,CO[C@@H](CN(C)Cc1cc(F)ccc1F)[C@H](C)CN([C@H](C)CO)S(=O)(=O)c1ccc(F)cc1,10.049798,0.3501436429066434,0.365607459272192,-0.01435561085995717,0.3799630701321492,0.32320833905067775
frozen_GE_teacher,CO[C@@H](CN(C)Cc1ccc(-c2ccccn2)cc1)[C@@H](C)CN(C(=O)Nc1ccc(F)cc1)[C@H](C)CO,10.0806,0.4053758703436387,0.430065289149819,0.08331251332339669,0.34675277582642233,-0.20474455623421273
frozen_GE_teacher,CO[C@@H](CN(C)Cc1ccc2c(c1)OCO2)[C@@H](C)CN(C(=O)Nc1ccc(F)cc1)[C@@H](C)CO,10.7238,0.05007177501410676,0.05011368443885194,-0.20912888528591111,0.25924256972476306,0.3208147498203144
frozen_GE_teacher,CO[C@@H](CN(C)Cc1ccc2c(c1)OCO2)[C@H](C)CN(C(=O)c1ccccc1)[C@H](C)CO,10.012608,0.1269729755662646,0.12766201173955768,0.07405451404516163,0.05360749769439606,-0.07373748115836196
frozen_GE_teacher,CO[C@@H](CN(C)Cc1nccs1)[C@@H](C)CN([C@@H](C)CO)S(=O)(=O)c1ccc(F)cc1,10.0223,0.04862019260936838,0.04865855850646097,-0.026354814440294423,0.07501337294675539,0.1328555575495139
frozen_GE_teacher,CO[C@@H](CN(C)S(=O)(=O)c1ccc(C)cc1)[C@H](C)CN(C(=O)Nc1ccccc1F)[C@@H](C)CO,10.0208,0.3372573919786918,0.3509946907651157,0.00022716218289213497,0.35076752858222354,0.031515039285980984
frozen_GE_teacher,CO[C@@H](CN(C)S(=O)(=O)c1ccc(Cl)cc1)[C@@H](C)CN([C@H](C)CO)S(=O)(=O)c1cccc(Cl)c1,9.70291,0.27544304665646724,0.2827442577926162,-0.12180846641814358,0.4045527242107598,0.03827732387362413
frozen_GE_teacher,CO[C@@H](CN(C)S(=O)(=O)c1ccc(F)cc1)[C@@H](C)CN(Cc1ccccc1Cl)[C@H](C)CO,10.0812,0.007659784231750728,0.007659934042729974,0.018006977882487583,-0.01034704383975761,0.00114800574627821
frozen_GE_teacher,CO[C@@H](CN(C)S(=O)(=O)c1ccc(F)cc1)[C@H](C)CN(C(=O)Nc1ccccc1F)[C@@H](C)CO,10.0595,0.1881605561316176,0.19042952383263861,0.1097505010181558,0.08067902281448282,-0.09532638831647806
frozen_GE_teacher,CO[C@@H](CN(C)S(=O)(=O)c1ccc(F)cc1)[C@H](C)CN(C(=O)Nc1ccccc1F)[C@H](C)CO,10.0061,0.3367821182244882,0.3504585171556669,-0.17231731644001635,0.5227758335956832,0.19173112368923706
frozen_GE_teacher,CO[C@@H](CN(C)S(=O)(=O)c1ccc(F)cc1)[C@H](C)CN([C@H](C)CO)S(=O)(=O)c1cccc(Cl)c1,10.0156,-0.13992272151884894,-0.14084675351997272,0.018821696428511753,-0.15966844994848448,0.31776123734373074
frozen_GE_teacher,CO[C@@H](CN(C)S(=O)(=O)c1cccc(Cl)c1)[C@@H](C)CN([C@H](C)CO)S(=O)(=O)c1ccc(Cl)cc1,9.9079,0.18894297564862314,0.19124078517241305,-0.013007723925763232,0.2042485090981763,-0.40978219860907117
frozen_GE_teacher,CO[C@@H](CN(C)S(=O)(=O)c1cccc(Cl)c1)[C@H](C)CN(C(=O)Nc1ccccc1F)[C@@H](C)CO,10.0117,0.16875720790061519,0.17038716349886873,-0.0029645452829385813,0.1733517087818073,-0.16639618824000607
frozen_GE_teacher,CO[C@@H](CN(C)S(=O)(=O)c1cccc(Cl)c1)[C@H](C)CN(C(=O)Nc1ccccc1F)[C@H](C)CO,10.0315,-0.3195036534896287,-0.3310942357688053,-0.0038360522234309356,-0.3272581835453744,0.243627946301216
frozen_GE_teacher,CO[C@@H](CN(C)S(=O)(=O)c1cccc(Cl)c1)[C@H](C)CN([C@@H](C)CO)S(=O)(=O)c1ccc(Cl)cc1,10.0466,0.3649399461207312,0.3825730718380594,-0.037172607111240465,0.41974567894929987,-0.1674078472028897
frozen_GE_teacher,CO[C@@H](CN(C)S(=O)(=O)c1ccccc1)[C@@H](C)CN(Cc1ccccc1Cl)[C@@H](C)CO,10.7035,-0.016714953968742237,-0.01671651089165809,-0.07428746964387486,0.05757095875221677,0.1484530595273672
frozen_GE_teacher,CO[C@@H](CN(C)S(=O)(=O)c1ccccc1)[C@@H](C)CN(Cc1ccccc1Cl)[C@H](C)CO,10.0623,-0.26896833334965076,-0.275751367470606,0.016004483595461375,-0.2917558510660674,0.040911235786352605
frozen_GE_teacher,CO[C@@H](CN(C)S(=O)(=O)c1ccccc1)[C@H](C)CN(C(=O)Nc1ccccc1F)[C@H](C)CO,10.0303,-0.0180736366484606,-0.01807560499026741,-0.015121059043432698,-0.0029545459468347107,-0.04286256260437732
frozen_GE_teacher,CO[C@@H](CN(C)S(=O)(=O)c1cn(C)cn1)[C@H](C)CN(C(=O)Nc1ccc(F)cc1)[C@@H](C)CO,9.53441,-0.05350048720457267,-0.05355161990052269,0.1812955628244146,-0.23484718272493732,-0.008750367893334943
frozen_GE_teacher,CO[C@@H]1CC[C@@H]2CCN(C)C(=O)[C@H](C)[C@H](OC)CN(C)C(=O)c3cc(C#N)ccc3OC[C@@H]1O2,10.0242,-0.09296106429610085,-0.09323024377733191,0.08386878104055474,-0.17709902481788664,-0.25904987337685936
frozen_GE_teacher,CO[C@@H]1CN(C)C(=O)c2cc(NC(=O)C3CC3)ccc2OC[C@@H](C)N(CCc2ccccc2)C[C@@H]1C,10.0224,0.36959816590446076,0.38795760914238564,0.06470237422597411,0.3232552349164115,0.09938091606916141
frozen_GE_teacher,CO[C@@H]1CN(C)C(=O)c2cc(NC(=O)C3CC3)ccc2OC[C@H](C)N(C(=O)NC(C)C)C[C@@H]1C,10.0823,0.003883094276151953,0.003883113793305489,0.014857762099775414,-0.010974648306469924,0.014454398716784708
frozen_GE_teacher,CO[C@@H]1CN(C)C(=O)c2cc(NC(=O)C3CC3)ccc2OC[C@H](C)N(C(=O)NC(C)C)C[C@H]1C,9.97793,0.3164218598139044,0.32766582472360484,-0.0002856705295143421,0.3279514952531192,0.10100722139317897
frozen_GE_teacher,CO[C@@H]1CN(C)C(=O)c2cc(NC(=O)C3CC3)ccc2OC[C@H](C)N(CCc2ccccc2)C[C@@H]1C,10.0037,0.007611261949058085,0.007611408930954937,0.014706740318114886,-0.007095331387159949,-0.049233551727388095
frozen_GE_teacher,CO[C@@H]1CN(C)C(=O)c2cc(NC(=O)C3CC3)ccc2OC[C@H](C)N(Cc2ccccc2)C[C@@H]1C,9.92788,-0.15245386073025172,-0.15365173030347393,-0.00305191450465134,-0.1505998157988226,-0.09151330333780776
frozen_GE_teacher,CO[C@@H]1CN(C)C(=O)c2cc(NC(=O)C3CCC3)ccc2OC[C@H](C)N(C)C[C@@H]1C,10.046,0.3202812949283132,0.33196052576124263,-0.011327215211523363,0.343287740972766,-0.3034835411331522
frozen_GE_teacher,CO[C@@H]1CN(C)C(=O)c2cc(NC(=O)C3CCC3)ccc2OC[C@H](C)N(Cc2ccncc2)C[C@@H]1C,10.0412,0.33398698210625644,0.3473091255752768,0.0455169310424789,0.30179219453279793,0.054470989504789825
frozen_GE_teacher,CO[C@@H]1CN(C)C(=O)c2cc(NC(=O)C3CCCC3)ccc2OC[C@@H](C)N(Cc2ccc(F)cc2)C[C@H]1C,10.0468,0.40904132732176446,0.4344593776266408,0.016837937086847183,0.4176214405397936,0.223133806960555
frozen_GE_teacher,CO[C@@H]1CN(C)C(=O)c2cc(NC(=O)C3CCCCC3)ccc2OC[C@H](C)N(C(=O)c2ccccc2)C[C@H]1C,10.1088,-0.052198584009948465,-0.052246070022774725,0.0030565141791466417,-0.05530258420192137,0.062063135376358075
frozen_GE_teacher,CO[C@@H]1CN(C)C(=O)c2cc(NC(=O)C3CCCCC3)ccc2OC[C@H](C)NC[C@@H]1C,10.0159,-0.11642124725028487,-0.1169515541945591,-0.031360577770905916,-0.08559097642365318,0.04962146794150086
frozen_GE_teacher,CO[C@@H]1CN(C)C(=O)c2cc(NC(=O)C3CCOCC3)ccc2OC[C@@H](C)N(Cc2cccnc2)C[C@@H]1C,9.74956,0.4697908396155167,0.5098019063715284,0.11569635276221979,0.39410555360930866,0.05010992819282531
frozen_GE_teacher,CO[C@@H]1CN(C)C(=O)c2cc(NC(=O)C3CCOCC3)ccc2OC[C@@H](C)N(Cc2cccnc2)C[C@H]1C,10.0793,0.16868370938086005,0.17031151142218665,0.04105505649064413,0.12925645493154253,0.12660131957012905
frozen_GE_teacher,CO[C@@H]1CN(C)C(=O)c2cc(NC(=O)C3CCOCC3)ccc2OC[C@H](C)N(CC2CC2)C[C@@H]1C,10.021,-0.04359652781131006,-0.04362418003797656,0.006450368527586452,-0.05007454856556301,-0.026787498383972277
frozen_GE_teacher,CO[C@@H]1CN(C)C(=O)c2cc(NC(=O)CN(C)C)ccc2OC[C@@H](C)N(C(=O)C2CC2)C[C@H]1C,10.0065,0.14606187132706147,0.1471140712278136,-0.05644910198484989,0.20356317321266348,0.0479236128742585
frozen_GE_teacher,CO[C@@H]1CN(C)C(=O)c2cc(NC(=O)Cc3ccccc3)ccc2OC[C@@H](C)NC[C@@H]1C,10.0073,0.40144327815892533,0.425368301852858,-0.06538146313676449,0.49074976498962253,0.34259656807194305
frozen_GE_teacher,CO[C@@H]1CN(C)C(=O)c2cc(NC(=O)Cc3ccccc3)ccc2OC[C@H](C)NC[C@H]1C,9.94041,-0.03350371817470941,-0.033516262589301946,-0.06963166120596012,0.036115398616658176,0.33087490157358446
frozen_GE_teacher,CO[C@@H]1CN(C)C(=O)c2cc(NC(=O)NC(C)C)ccc2OC[C@@H](C)N(C(=O)C2CCC2)C[C@H]1C,10.0207,0.03729727877972162,0.037314587815648,0.08518755693696764,-0.04787296912131964,-0.04347423680574337
frozen_GE_teacher,CO[C@@H]1CN(C)C(=O)c2cc(NC(=O)NC(C)C)ccc2OC[C@@H](C)N(CCC(F)(F)F)C[C@H]1C,10.0037,-0.01915825177133205,-0.019160596227029862,0.01882888377282394,-0.037989479999853804,0.09998411597692078
frozen_GE_teacher,CO[C@@H]1CN(C)C(=O)c2cc(NC(=O)NC(C)C)ccc2OC[C@@H](C)N(Cc2ccc(-c3ccccn3)cc2)C[C@H]1C,10.0072,-0.05239149706348058,-0.05243951209673861,0.04964268582537192,-0.10208219792211054,-0.10633626332152699
frozen_GE_teacher,CO[C@@H]1CN(C)C(=O)c2cc(NC(=O)NC(C)C)ccc2OC[C@@H](C)N(Cc2cncnc2)C[C@@H]1C,10.0064,0.06617871030590149,0.06627557755058813,0.021071572044600338,0.0452040055059878,-0.00755102348548852
frozen_GE_teacher,CO[C@@H]1CN(C)C(=O)c2cc(NC(=O)NC(C)C)ccc2OC[C@H](C)N(C(=O)CN(C)C)C[C@@H]1C,10.0978,-0.26976281538680846,-0.2766080053367267,-0.0037065536172186248,-0.2729014517195081,-0.2559750402153146
frozen_GE_teacher,CO[C@@H]1CN(C)C(=O)c2cc(NC(=O)NC(C)C)ccc2OC[C@H](C)N(CC2CC2)C[C@@H]1C,10.1016,0.4693159422034323,0.5091926882986078,0.03848704294223561,0.47070564535637216,0.20098782325508985
frozen_GE_teacher,CO[C@@H]1CN(C)C(=O)c2cc(NC(=O)NC(C)C)ccc2OC[C@H](C)N(Cc2ccc(-c3ccccn3)cc2)C[C@@H]1C,9.8979,-0.2761003959942305,-0.28345571339291825,0.0825615991728872,-0.36601731256580544,-0.07278413793877492
frozen_GE_teacher,CO[C@@H]1CN(C)C(=O)c2cc(NC(=O)NC(C)C)ccc2OC[C@H](C)N(Cc2ccccc2)C[C@H]1C,10.0688,0.6705746982898577,0.8117866753120053,0.036992583553036806,0.7747940917589685,0.1078494867016638
frozen_GE_teacher,CO[C@@H]1CN(C)C(=O)c2cc(NC(=O)NC3CCCCC3)ccc2OC[C@@H](C)N(C)C[C@H]1C,10.0847,-0.3019981347152926,-0.3117168075253409,-0.06860647277368023,-0.2431103347516607,-0.1797568953553502
frozen_GE_teacher,CO[C@@H]1CN(C)C(=O)c2cc(NC(=O)Nc3c(C)noc3C)ccc2OC[C@@H](C)N(C)C[C@@H]1C,10.0933,0.4679881188525965,0.5074911468204695,0.03820589702635273,0.46928524979411673,0.34897800060702777
frozen_GE_teacher,CO[C@@H]1CN(C)C(=O)c2cc(NC(=O)Nc3cc(F)ccc3F)ccc2OC[C@@H](C)N(C(=O)c2ccccn2)C[C@H]1C,9.8862,-0.21827510007484366,-0.22184419831086122,-0.06217604113017682,-0.1596681571806844,0.2013771062844247
frozen_GE_teacher,CO[C@@H]1CN(C)C(=O)c2cc(NC(=O)Nc3cc(F)ccc3F)ccc2OC[C@H](C)N(C(=O)c2ccccn2)C[C@H]1C,9.94818,-0.01846713694024296,-0.018469236684163868,0.026562622949181686,-0.04503185963334555,0.018246441734390877
frozen_GE_teacher,CO[C@@H]1CN(C)C(=O)c2cc(NC(=O)Nc3ccc(C(F)(F)F)cc3)ccc2OC[C@H](C)NC[C@H]1C,10.035,0.16808236558397482,0.16969262027837134,-0.02612303434180621,0.19581565462017755,0.1173387515588655
frozen_GE_teacher,CO[C@@H]1CN(C)C(=O)c2cc(NC(=O)Nc3ccc(Cl)c(Cl)c3)ccc2OC[C@H](C)NC[C@H]1C,10.0353,0.15401683013621315,0.15525228275244102,0.044655112365328556,0.11059717038711246,0.03623574091042446
frozen_GE_teacher,CO[C@@H]1CN(C)C(=O)c2cc(NC(=O)Nc3ccc(Cl)cc3)ccc2OC[C@@H](C)N(C)C[C@@H]1C,10.0511,-0.5061267219983641,-0.5575087937782668,-0.12741074068731062,-0.43009805309095617,-0.38774643809991305
frozen_GE_teacher,CO[C@@H]1CN(C)C(=O)c2cc(NC(=O)Nc3ccc(Cl)cc3)ccc2OC[C@H](C)N(C(=O)Nc2c(C)noc2C)C[C@@H]1C,9.9897,0.04341392427211968,0.043441230228310646,0.015638125377478034,0.02780310485083261,0.010345662348197712
frozen_GE_teacher,CO[C@@H]1CN(C)C(=O)c2cc(NC(=O)Nc3ccc(Cl)cc3)ccc2OC[C@H](C)N(C)C[C@@H]1C,9.99201,0.19548162709151423,0.1980303072732006,-0.08666545502943881,0.2846957623026394,-0.03439670381803697
frozen_GE_teacher,CO[C@@H]1CN(C)C(=O)c2cc(NC(=O)Nc3ccc(Cl)cc3)ccc2OC[C@H](C)NC[C@@H]1C,10.0733,-0.035841690503045344,-0.035857050075373056,0.07914035903849469,-0.11499740911386774,-0.06285149758283441
frozen_GE_teacher,CO[C@@H]1CN(C)C(=O)c2cc(NC(=O)Nc3ccc(F)cc3)ccc2OC[C@H](C)NC[C@@H]1C,9.95245,0.262480843654663,0.2687709625546888,0.04394609773393799,0.2248248648207508,0.249562221779976
frozen_GE_teacher,CO[C@@H]1CN(C)C(=O)c2cc(NC(=O)Nc3ccc4c(c3)OCO4)ccc2OC[C@@H](C)N(C(C)=O)C[C@H]1C,10.0253,0.06558102122893833,0.06567528308338107,-0.10153770106548372,0.1672129841488648,0.30292943007270423
frozen_GE_teacher,CO[C@@H]1CN(C)C(=O)c2cc(NC(=O)Nc3ccccc3)ccc2OC[C@@H](C)N(C(=O)CN(C)C)C[C@@H]1C,10.0276,0.4386103612176177,0.47050884598816234,0.1291210757043365,0.34138777028382583,-0.06554825331013779
frozen_GE_teacher,CO[C@@H]1CN(C)C(=O)c2cc(NC(=O)Nc3ccccc3Cl)ccc2OC[C@@H](C)N(Cc2ccccc2C(=O)O)C[C@H]1C,10.0222,0.5746147851346061,0.6543853970782674,-0.0020427140604670907,0.6564281111387344,-0.051939564901354374
frozen_GE_teacher,CO[C@@H]1CN(C)C(=O)c2cc(NC(=O)Nc3ccccc3F)ccc2OC[C@@H](C)N(C(C)=O)C[C@@H]1C,10.0613,-0.02261784127669135,-0.022621699306083865,-0.0589595949581732,0.036337895652089336,0.18597943669057632
frozen_GE_teacher,CO[C@@H]1CN(C)C(=O)c2cc(NC(=O)Nc3ccccc3F)ccc2OC[C@@H](C)N(C(C)=O)C[C@H]1C,10.0344,0.3288146503452176,0.3414986278309305,0.07562617588923091,0.26587245194169956,-0.1617784030727083
frozen_GE_teacher,CO[C@@H]1CN(C)C(=O)c2cc(NC(=O)Nc3ccccc3F)ccc2OC[C@H](C)N(C(C)=O)C[C@@H]1C,10.0268,-0.17608748348459538,-0.17794208070710996,0.07657420656813743,-0.2545162872752474,0.10694547876777896
frozen_GE_teacher,CO[C@@H]1CN(C)C(=O)c2cc(NC(=O)c3ccc(F)cc3)ccc2OC[C@H](C)NC[C@H]1C,10.0212,0.23708289534823437,0.24168100097490786,0.04079270962698227,0.20088829134792557,0.04868395518287043
frozen_GE_teacher,CO[C@@H]1CN(C)C(=O)c2cc(NC(=O)c3ccc4c(c3)OCO4)ccc2OC[C@@H](C)NC[C@@H]1C,10.0376,0.38481829678240115,0.4057032699002429,-0.024226445528894993,0.4299297154291379,-0.29949443197484393
frozen_GE_teacher,CO[C@@H]1CN(C)C(=O)c2cc(NC(=O)c3ccc4c(c3)OCO4)ccc2OC[C@H](C)N(CC2CC2)C[C@H]1C,10.0164,0.11763135506244765,0.11817846489720056,-0.005408932531901334,0.1235873974291019,-0.07639530653558296
frozen_GE_teacher,CO[C@@H]1CN(C)C(=O)c2cc(NC(=O)c3ccc4c(c3)OCO4)ccc2OC[C@H](C)NC[C@@H]1C,10.0159,0.05380817127180146,0.053860192284395404,0.017166913099757132,0.03669327918463827,0.3377458382294354
frozen_GE_teacher,CO[C@@H]1CN(C)C(=O)c2cc(NC(=O)c3cccc(F)c3)ccc2OC[C@H](C)N(C)C[C@H]1C,10.0386,-0.23144656074410153,-0.23571736266732354,-0.009597630716260248,-0.2261197319510633,-0.06405812353104406
frozen_GE_teacher,CO[C@@H]1CN(C)C(=O)c2cc(NC(=O)c3ccccc3)ccc2OC[C@@H](C)N(C(=O)CN(C)C)C[C@@H]1C,9.97951,0.328270492935625,0.34088862674695386,-0.016218231834013167,0.357106858580967,-0.14950120963969862
frozen_GE_teacher,CO[C@@H]1CN(C)C(=O)c2cc(NC(=O)c3ccccc3)ccc2OC[C@@H](C)N(C)C[C@H]1C,10.0248,-0.2632682072683391,-0.26961677437274767,-0.02485932642549639,-0.2447574479472513,0.0008957705402909515
frozen_GE_teacher,CO[C@@H]1CN(C)C(=O)c2cc(NC(=O)c3ccccc3F)ccc2OC[C@@H](C)NC[C@@H]1C,10.0291,-0.16120464270663382,-0.1626232331330181,0.007445044021247987,-0.1700682771542661,-0.05031682837874958
frozen_GE_teacher,CO[C@@H]1CN(C)C(=O)c2cc(NC(=O)c3ccccc3F)ccc2OC[C@H](C)N(CC2CCOCC2)C[C@H]1C,10.0979,0.18005686514911637,0.18204145849604939,0.0015174251213182274,0.18052403337473116,0.10840689756378247
frozen_GE_teacher,CO[C@@H]1CN(C)C(=O)c2cc(NC(=O)c3cnccn3)ccc2OC[C@@H](C)N(C(=O)C2CC2)C[C@@H]1C,9.97371,-0.331935874275313,-0.3450022709911943,-0.09401883984378608,-0.25098343114740823,-0.08974423130488716
frozen_GE_teacher,CO[C@@H]1CN(C)C(=O)c2cc(NC(=O)c3nc4ccccc4s3)ccc2OC[C@@H](C)N(Cc2cncnc2)C[C@@H]1C,10.0303,0.0660117761837489,0.06610791096294011,0.07097509680046682,-0.004867185837526711,-0.06795089096256217
frozen_GE_teacher,CO[C@@H]1CN(C)C(=O)c2cc(NC(C)=O)ccc2OC[C@@H](C)N(C(=O)c2cnccn2)C[C@@H]1C,10.0091,0.15134301003743805,0.15251464332161804,-0.015893569182439,0.16840821250405705,0.1145708657116764
frozen_GE_teacher,CO[C@@H]1CN(C)C(=O)c2cc(NC(C)=O)ccc2OC[C@@H](C)N(CCc2ccccc2)C[C@@H]1C,10.053,-0.0862163692918904,-0.08643095009270263,0.10463981228264131,-0.19107076237534393,-0.030440208582796127
frozen_GE_teacher,CO[C@@H]1CN(C)C(=O)c2cc(NC(C)=O)ccc2OC[C@H](C)N(C(=O)C2CC2)C[C@H]1C,9.98425,0.43681910396896456,0.4682930548913333,0.03500456935362157,0.43328848553771176,-0.17313274819761934
frozen_GE_teacher,CO[C@@H]1CN(C)C(=O)c2cc(NC(C)=O)ccc2OC[C@H](C)N(C(=O)CC2CC2)C[C@H]1C,9.80228,0.33011845975973186,0.3429611967982647,0.0671175605340503,0.2758436362642144,0.017949124030532726
frozen_GE_teacher,CO[C@@H]1CN(C)C(=O)c2cc(NC(C)=O)ccc2OC[C@H](C)N(C(=O)c2ccccn2)C[C@H]1C,10.0756,0.3408891921323462,0.35509829162584944,0.013001119105535409,0.342097172520314,-0.3524108326357393
frozen_GE_teacher,CO[C@@H]1CN(C)C(=O)c2cc(NC(C)=O)ccc2OC[C@H](C)N(C(=O)c2ccncc2)C[C@@H]1C,9.98505,-0.015573319156798755,-0.015574578330083704,0.02670969257138115,-0.04228427090146485,0.18976146675624367
frozen_GE_teacher,CO[C@@H]1CN(C)C(=O)c2cc(NC(C)=O)ccc2OC[C@H](C)N(C(=O)c2cnccn2)C[C@@H]1C,10.1226,0.26729850581092496,0.273952186299142,-0.0027547206774798313,0.2767069069766218,-0.10480457209908056
frozen_GE_teacher,CO[C@@H]1CN(C)C(=O)c2cc(NC(C)=O)ccc2OC[C@H](C)N(Cc2cccc(F)c2)C[C@@H]1C,10.0495,0.47475896440148163,0.5161962843995864,0.049244137641797275,0.4669521467577892,-0.051631156690511534
frozen_GE_teacher,CO[C@@H]1CN(C)C(=O)c2cc(NC(C)=O)ccc2OC[C@H](C)N(Cc2cccnc2)C[C@H]1C,10.0582,0.30656372003900534,0.31674825080507585,0.014257947285270718,0.3024903035198051,-0.04397425268911641
frozen_GE_teacher,CO[C@@H]1CN(C)C(=O)c2cc(NC(C)=O)ccc2OC[C@H](C)NC[C@H]1C,10.084,0.30519856130424566,0.3152421787060612,0.07080482023491827,0.24443735847114292,-0.3523708556449284
frozen_GE_teacher,CO[C@@H]1CN(C)C(=O)c2cc(NS(=O)(=O)c3ccc(-c4ccccc4)cc3)ccc2OC[C@@H](C)NC[C@@H]1C,10.066,0.3202606574344122,0.3319375294558511,0.04974882485946093,0.28218870459639017,0.07430641431731783
frozen_GE_teacher,CO[C@@H]1CN(C)C(=O)c2cc(NS(=O)(=O)c3ccc(C)cc3)ccc2OC[C@@H](C)N(C)C[C@@H]1C,9.97517,0.15666072866826602,0.1579615582049652,0.045066720157598036,0.11289483804736718,-0.06297300987195456
frozen_GE_teacher,CO[C@@H]1CN(C)C(=O)c2cc(NS(=O)(=O)c3ccc(Cl)cc3)ccc2OC[C@@H](C)N(C)C[C@@H]1C,10.0304,0.46744182138128304,0.5067918794820638,0.02725755421049621,0.47953432527156764,-0.12963036046009122
frozen_GE_teacher,CO[C@@H]1CN(C)C(=O)c2cc(NS(=O)(=O)c3cccc(F)c3)ccc2OC[C@@H](C)N(C(=O)Cc2cccnc2)C[C@@H]1C,10.0199,0.13674098644001387,0.1376029428982069,0.06006795591500489,0.07753498698320202,-0.16399435343635918
frozen_GE_teacher,CO[C@@H]1CN(C)C(=O)c2cc(NS(=O)(=O)c3cccc(F)c3)ccc2OC[C@H](C)N(Cc2cc(F)ccc2F)C[C@@H]1C,10.011,0.11170163268705728,0.11216971854755264,0.03417600632451316,0.07799371222303948,0.0677351337789695
frozen_GE_teacher,CO[C@@H]1CN(C)C(=O)c2cc(NS(=O)(=O)c3cccc(F)c3)ccc2OC[C@H](C)N(Cc2cc(F)ccc2F)C[C@H]1C,10.0289,0.1801930754650964,0.18218223635045627,0.13292929152988864,0.049252944820567635,-0.09131207833554979
frozen_GE_teacher,CO[C@@H]1CN(C)C(=O)c2cc(NS(=O)(=O)c3ccccc3)ccc2OC[C@H](C)N(Cc2ccccn2)C[C@@H]1C,10.0745,0.4106871351654838,0.4364374861297382,0.029155289256645806,0.4072821968730924,-0.23231644444547936
frozen_GE_teacher,CO[C@@H]1CN(C)C(=O)c2cc(NS(=O)(=O)c3ccccc3C)ccc2OC[C@@H](C)NC[C@@H]1C,10.0377,0.012289812690127003,0.012290431495244426,-0.06564879872511754,0.07793923022036198,-0.08558046894534692
frozen_GE_teacher,CO[C@@H]1CN(C)C(=O)c2cc(NS(=O)(=O)c3cn(C)cn3)ccc2OC[C@@H](C)N(C)C[C@H]1C,10.0496,0.16100692235303382,0.1624202441857073,-0.01617890939730589,0.1785991535830132,0.13643709526514178
frozen_GE_teacher,CO[C@@H]1CN(C)C(=O)c2cc(NS(=O)(=O)c3cn(C)cn3)ccc2OC[C@@H](C)N(Cc2cccc(Cl)c2)C[C@H]1C,10.0184,0.25020923668469675,0.25563601013738146,-0.019298022547542468,0.27493403268492395,0.1027853224094074
frozen_GE_teacher,CO[C@@H]1CN(C)C(=O)c2cc(NS(=O)(=O)c3cn(C)cn3)ccc2OC[C@H](C)N(CCC(F)(F)F)C[C@H]1C,10.0164,0.48033472872745153,0.5234193070152695,0.008618641655758357,0.5148006653595112,-0.10795008292129124
frozen_GE_teacher,CO[C@@H]1CN(C)C(=O)c2cc(NS(C)(=O)=O)ccc2OC[C@@H](C)N(C(=O)C2CCOCC2)C[C@@H]1C,10.1032,0.1341809211641692,0.1349950215962264,0.11019245023509748,0.024802571361128914,-0.05125169251683717
frozen_GE_teacher,CO[C@@H]1CN(C)C(=O)c2cc(NS(C)(=O)=O)ccc2OC[C@@H](C)N(C)C[C@@H]1C,10.0477,0.38135666120243283,0.4016462328912897,-0.046076091911233644,0.44772232480252333,0.07368216373100137
frozen_GE_teacher,CO[C@@H]1CN(C)C(=O)c2cc(NS(C)(=O)=O)ccc2OC[C@H](C)N(C(=O)CC2CC2)C[C@H]1C,9.96637,0.20963083103726277,0.21278517746438644,-0.09590783527077835,0.3086930127351648,0.0763434333909301
frozen_GE_teacher,CO[C@@H]1CN(C)C(=O)c2cc(NS(C)(=O)=O)ccc2OC[C@H](C)N(CC2CCOCC2)C[C@H]1C,10.0172,0.37153097496912985,0.39019807600297507,-0.02378036995751131,0.4139784459604864,0.15011019856595084
frozen_GE_teacher,CO[C@@H]1CN(C)C(=O)c2ccc(NC(=O)C3CCC3)cc2OC[C@H](C)N(C(=O)CN(C)C)C[C@@H]1C,9.95497,-0.3735876668396611,-0.3925862486968918,0.030950395609585367,-0.42353664430647714,-0.12891674130437505
frozen_GE_teacher,CO[C@@H]1CN(C)C(=O)c2ccc(NC(=O)C3CCC3)cc2OC[C@H](C)N(CC2CCCCC2)C[C@@H]1C,10.0228,0.11703508769123443,0.11757387405363838,0.015071729916296748,0.10250214413734163,-0.03996655425118301
frozen_GE_teacher,CO[C@@H]1CN(C)C(=O)c2ccc(NC(=O)C3CCCC3)cc2OC[C@@H](C)N(C(=O)CC2CC2)C[C@H]1C,9.80035,-0.10835395663286485,-0.10878101513828074,-0.08010566857938721,-0.028675346558893533,0.03556424265342654
frozen_GE_teacher,CO[C@@H]1CN(C)C(=O)c2ccc(NC(=O)C3CCCC3)cc2OC[C@H](C)N(CCC(F)(F)F)C[C@H]1C,10.0518,0.3879681629173765,0.40940595044408773,0.0113829295795112,0.3980230208645765,0.19657726433230366
frozen_GE_teacher,CO[C@@H]1CN(C)C(=O)c2ccc(NC(=O)C3CCCCC3)cc2OC[C@@H](C)N(C)C[C@@H]1C,10.0043,0.21205078878492792,0.21531771784068646,0.032831413515914884,0.1824863043247716,0.23234504157301805
frozen_GE_teacher,CO[C@@H]1CN(C)C(=O)c2ccc(NC(=O)C3CCCCC3)cc2OC[C@@H](C)N(Cc2cccnc2)C[C@@H]1C,10.0733,0.04456227448414458,0.04459180687936821,-0.1853560135015253,0.2299478203808935,0.30761251655014965
frozen_GE_teacher,CO[C@@H]1CN(C)C(=O)c2ccc(NC(=O)C3CCOCC3)cc2OC[C@@H](C)N(C(=O)c2ccccc2)C[C@@H]1C,9.94605,0.4537564769754958,0.48942063500200095,0.009513644352850043,0.4799069906491509,0.302889269435925
frozen_GE_teacher,CO[C@@H]1CN(C)C(=O)c2ccc(NC(=O)C3CCOCC3)cc2OC[C@@H](C)N(Cc2nccs2)C[C@@H]1C,10.0584,0.2177004736309515,0.22124090410565853,-0.014257963500542908,0.23549886760620142,-0.02532659518038732
frozen_GE_teacher,CO[C@@H]1CN(C)C(=O)c2ccc(NC(=O)C3CCOCC3)cc2OC[C@@H](C)NC[C@H]1C,10.0565,-0.27159900262402853,-0.27858936378348753,0.023976141513680816,-0.30256550529716836,-0.03330283227882099
frozen_GE_teacher,CO[C@@H]1CN(C)C(=O)c2ccc(NC(=O)Cc3ccccc3)cc2OC[C@H](C)N(C(=O)c2ccccc2F)C[C@H]1C,9.73326,-0.08173675617953506,-0.08191951429190276,-0.05166132090727474,-0.030258193384628027,0.20703202092884945
frozen_GE_teacher,CO[C@@H]1CN(C)C(=O)c2ccc(NC(=O)NC(C)C)cc2OC[C@H](C)N(Cc2ccccn2)C[C@@H]1C,10.0574,0.16517851864273922,0.1667058409676184,0.06094208126777041,0.10576375969984798,0.18246372221835327
frozen_GE_teacher,CO[C@@H]1CN(C)C(=O)c2ccc(NC(=O)Nc3c(C)noc3C)cc2OC[C@H](C)NC[C@@H]1C,10.0707,0.27399242896039033,0.281175225091784,0.018886438734809816,0.26228878635697417,-0.10623033226795858
frozen_GE_teacher,CO[C@@H]1CN(C)C(=O)c2ccc(NC(=O)Nc3cc(Cl)cc(Cl)c3)cc2OC[C@H](C)NC[C@@H]1C,10.0717,0.05836557826561038,0.05843198896345447,-0.057300777231538744,0.11573276619499322,0.4840173999390238
frozen_GE_teacher,CO[C@@H]1CN(C)C(=O)c2ccc(NC(=O)Nc3ccc4c(c3)OCO4)cc2OC[C@@H](C)NC[C@@H]1C,10.0113,0.01358420246488165,0.01358503812422038,0.03148029131815285,-0.017895253193932474,0.051704642439160904
frozen_GE_teacher,CO[C@@H]1CN(C)C(=O)c2ccc(NC(=O)Nc3ccc4c(c3)OCO4)cc2OC[C@H](C)NC[C@H]1C,10.0136,0.09691070236770155,0.09721580840285446,-0.07638467636596133,0.1736004847688158,-0.13060405198419178
frozen_GE_teacher,CO[C@@H]1CN(C)C(=O)c2ccc(NC(=O)Nc3cccc(F)c3)cc2OC[C@@H](C)N(C(C)=O)C[C@@H]1C,10.0266,-0.07465363888302814,-0.07479279019054848,0.017178723793142735,-0.09197151398369122,-0.03457493798055857
frozen_GE_teacher,CO[C@@H]1CN(C)C(=O)c2ccc(NC(=O)Nc3cccc(F)c3)cc2OC[C@@H](C)N(C(C)=O)C[C@H]1C,10.0639,-0.11378192340851014,-0.1142767924704794,0.06264531893341854,-0.17692211140389794,-0.2108405387716896
frozen_GE_teacher,CO[C@@H]1CN(C)C(=O)c2ccc(NC(=O)Nc3cccc(F)c3)cc2OC[C@H](C)NC[C@@H]1C,9.94541,0.061926865944882434,0.06200621046462424,0.058872508728266666,0.0031337017363575748,-0.18274122297912204
frozen_GE_teacher,CO[C@@H]1CN(C)C(=O)c2ccc(NC(=O)Nc3ccccc3Cl)cc2OC[C@@H](C)N(C(C)=O)C[C@H]1C,10.0485,0.02516095541258754,0.02516626700983526,0.04384454125252528,-0.01867827424269002,-0.07931225137128381
frozen_GE_teacher,CO[C@@H]1CN(C)C(=O)c2ccc(NC(=O)Nc3ccccc3Cl)cc2OC[C@H](C)NC[C@H]1C,9.95305,-0.0006443652765963449,-0.0006443653657779411,0.05725909929839403,-0.057903464664171976,-0.06398600104876363
frozen_GE_teacher,CO[C@@H]1CN(C)C(=O)c2ccc(NC(=O)Nc3ccccc3F)cc2OC[C@@H](C)N(C)C[C@@H]1C,10.0121,0.3273029057426569,0.3398045631715101,0.1677982409621419,0.17200632220936818,0.011911476848944447
frozen_GE_teacher,CO[C@@H]1CN(C)C(=O)c2ccc(NC(=O)Nc3ccccc3F)cc2OC[C@H](C)N(C)C[C@H]1C,9.97517,0.44694435942589117,0.48087533059927157,0.12030982939073698,0.3605655012085346,0.0350198721510106
frozen_GE_teacher,CO[C@@H]1CN(C)C(=O)c2ccc(NC(=O)c3cc(C)on3)cc2OC[C@H](C)N(C)C[C@@H]1C,10.0043,-0.1639392296503359,-0.16543205823785498,0.057731709214104227,-0.2231637674519592,-0.272022445257605
frozen_GE_teacher,CO[C@@H]1CN(C)C(=O)c2ccc(NC(=O)c3ccc(F)cc3)cc2OC[C@H](C)N(C(=O)CC2CC2)C[C@H]1C,10.0993,-0.2193520718936771,-0.2229753280581363,-0.0394826721639315,-0.1834926558942048,0.11798261532142484
frozen_GE_teacher,CO[C@@H]1CN(C)C(=O)c2ccc(NC(=O)c3ccc4c(c3)OCO4)cc2OC[C@@H](C)N(CCC(F)(F)F)C[C@H]1C,9.84296,0.026130934089772885,0.026136884152273315,0.1295889773041093,-0.10345209315183597,0.021436400615750972
frozen_GE_teacher,CO[C@@H]1CN(C)C(=O)c2ccc(NC(=O)c3ccc4c(c3)OCO4)cc2OC[C@H](C)N(CCC(F)(F)F)C[C@H]1C,10.0576,0.2911506117717897,0.29982298570111054,-0.00943242308231098,0.3092554087834215,-0.159495603752843
frozen_GE_teacher,CO[C@@H]1CN(C)C(=O)c2ccc(NC(=O)c3cccc(F)c3)cc2OC[C@@H](C)NC[C@@H]1C,10.1027,0.4951465316243007,0.5428556349740242,0.050030648375428956,0.49282498659859525,0.12393042033663385
frozen_GE_teacher,CO[C@@H]1CN(C)C(=O)c2ccc(NC(=O)c3cccc(F)c3)cc2OC[C@H](C)N(CC2CC2)C[C@H]1C,9.93882,0.1793922818668436,0.18135469199367776,0.017012517144448895,0.16434217484922886,-0.3056587126778238
frozen_GE_teacher,CO[C@@H]1CN(C)C(=O)c2ccc(NC(=O)c3cccc(Oc4ccccc4)c3)cc2OC[C@H](C)NC[C@@H]1C,10.0235,0.009860380032059406,0.009860699616069604,-0.013141441625253464,0.02300214124132307,-0.23850437032867242
frozen_GE_teacher,CO[C@@H]1CN(C)C(=O)c2ccc(NC(=O)c3ccccc3)cc2OC[C@H](C)N(C(C)=O)C[C@H]1C,9.91213,0.43775478315134836,0.4694499568886402,-0.04824765689182526,0.5176976137804655,0.0965196165496879
frozen_GE_teacher,CO[C@@H]1CN(C)C(=O)c2ccc(NC(=O)c3ccccc3F)cc2OC[C@H](C)N(C)C[C@@H]1C,9.99399,0.23888826461433696,0.243594760759361,0.035001943417138255,0.20859281734222276,-0.02472297054205513
frozen_GE_teacher,CO[C@@H]1CN(C)C(=O)c2ccc(NC(=O)c3ccccc3F)cc2OC[C@H](C)N(CC2CC2)C[C@H]1C,10.0442,0.4577479535011868,0.49445855121957133,0.03876378686089196,0.4556947643586794,-0.41403756579384854
frozen_GE_teacher,CO[C@@H]1CN(C)C(=O)c2ccc(NC(=O)c3cccnc3)cc2OC[C@@H](C)N(CC2CC2)C[C@H]1C,10.0081,0.2857589424128887,0.2939419593096035,0.04470980744211504,0.24923215186748843,-0.050810263986622126
frozen_GE_teacher,CO[C@@H]1CN(C)C(=O)c2ccc(NC(=O)c3cnccn3)cc2OC[C@@H](C)N(C(C)=O)C[C@H]1C,10.0392,0.30746690868684595,0.3177454322827626,0.042770218279846256,0.27497521400291636,0.14870616040544563
frozen_GE_teacher,CO[C@@H]1CN(C)C(=O)c2ccc(NC(=O)c3cnccn3)cc2OC[C@H](C)N(C)C[C@@H]1C,9.99405,0.31154283895058704,0.3222531836629692,0.016285397828590443,0.3059677858343787,0.026683386504452383
frozen_GE_teacher,CO[C@@H]1CN(C)C(=O)c2ccc(NC(=O)c3nc4ccccc4s3)cc2OC[C@@H](C)N(Cc2cccnc2)C[C@@H]1C,10.0155,0.15102360888184574,0.15218777104167636,0.04032051112074003,0.11186725992093632,0.04595393237500249
frozen_GE_teacher,CO[C@@H]1CN(C)C(=O)c2ccc(NC(=O)c3nc4ccccc4s3)cc2OC[C@@H](C)N(Cc2cccnc2)C[C@H]1C,9.93334,0.30513285110348387,0.3151697207806585,0.01345339933126518,0.30171632144939337,0.13623976274305952
frozen_GE_teacher,CO[C@@H]1CN(C)C(=O)c2ccc(NC(=O)c3nc4ccccc4s3)cc2OC[C@@H](C)NC[C@@H]1C,10.1591,-0.06729973873823923,-0.06740162164308028,0.0317588323741249,-0.09916045401720518,0.09451598393547637
frozen_GE_teacher,CO[C@@H]1CN(C)C(=O)c2ccc(NC(C)=O)cc2OC[C@@H](C)N(C(=O)C2CCC2)C[C@@H]1C,10.1387,0.19886071478454415,0.20154607967542498,0.057295045219243834,0.14425103445618115,-0.3228355469562982
frozen_GE_teacher,CO[C@@H]1CN(C)C(=O)c2ccc(NC(C)=O)cc2OC[C@@H](C)N(C(=O)CN(C)C)C[C@@H]1C,9.98527,0.029859697972142666,0.02986857704037566,0.02989965687779331,-3.107983741764894e-05,0.04491337340155488
frozen_GE_teacher,CO[C@@H]1CN(C)C(=O)c2ccc(NC(C)=O)cc2OC[C@@H](C)N(C(=O)Cc2cccnc2)C[C@@H]1C,10.0581,-0.34625130057808834,-0.3611780842898426,0.018853392810926656,-0.38003147710076923,-0.14855926916523857
frozen_GE_teacher,CO[C@@H]1CN(C)C(=O)c2ccc(NC(C)=O)cc2OC[C@@H](C)N(C(=O)c2cccnc2)C[C@@H]1C,10.0408,0.026783191859379392,0.026789598829813008,-0.07897493099194419,0.1057645298217572,0.1768913992177809
frozen_GE_teacher,CO[C@@H]1CN(C)C(=O)c2ccc(NC(C)=O)cc2OC[C@H](C)N(C(=O)Cc2ccccn2)C[C@@H]1C,9.98205,0.20958580484208192,0.21273808210407244,0.056282631167944915,0.15645545093612753,-0.19416396103569228
frozen_GE_teacher,CO[C@@H]1CN(C)C(=O)c2ccc(NC(C)=O)cc2OC[C@H](C)N(C(=O)c2ccccc2F)C[C@@H]1C,10.0386,0.38109145151201196,0.4013359257011707,-0.003954571812951798,0.4052904975141225,-0.20702778999171892
frozen_GE_teacher,CO[C@@H]1CN(C)C(=O)c2ccc(NC(C)=O)cc2OC[C@H](C)N(Cc2ccccc2F)C[C@@H]1C,9.99817,0.3488583198998857,0.36414328579039407,0.027626309440517638,0.33651697634987643,0.046658796377470044
frozen_GE_teacher,CO[C@@H]1CN(C)C(=O)c2ccc(NS(=O)(=O)CC(F)(F)F)cc2OC[C@H](C)NC[C@H]1C,9.97216,0.08901107960505086,0.08924728091491417,0.016491813470641447,0.07275546744427272,-0.373263108096749
frozen_GE_teacher,CO[C@@H]1CN(C)C(=O)c2ccc(NS(=O)(=O)c3ccc(F)cc3)cc2OC[C@H](C)NC[C@H]1C,10.0332,0.08920182597586822,0.0894395539263393,-0.1538890389230028,0.2433285928493421,0.4195176713762061
frozen_GE_teacher,CO[C@@H]1CN(C)C(=O)c2ccc(NS(=O)(=O)c3ccc(Oc4ccccc4)cc3)cc2OC[C@@H](C)NC[C@@H]1C,9.9631,0.1769258468844786,0.1788074029345317,-0.016218390613784814,0.1950257935483165,0.3753210981244467
frozen_GE_teacher,CO[C@@H]1CN(C)C(=O)c2ccc(NS(=O)(=O)c3ccc(Oc4ccccc4)cc3)cc2OC[C@H](C)NC[C@@H]1C,10.041,0.08326519529550362,0.08345842819619789,0.04361391003069881,0.03984451816549908,-0.05657990312495184
frozen_GE_teacher,CO[C@@H]1CN(C)C(=O)c2ccc(NS(=O)(=O)c3cccc(Cl)c3)cc2OC[C@H](C)NC[C@H]1C,10.0419,0.015770216425513756,0.015771523970132793,0.048762259769656785,-0.032990735799523996,-0.04877550859864619
frozen_GE_teacher,CO[C@@H]1CN(C)C(=O)c2ccc(NS(=O)(=O)c3ccccc3)cc2OC[C@@H](C)N(C)C[C@@H]1C,9.99468,0.3247683186619108,0.3369685028487606,0.107828923941498,0.2291395789072626,0.3210825427412276
frozen_GE_teacher,CO[C@@H]1CN(C)C(=O)c2ccc(NS(=O)(=O)c3ccccc3)cc2OC[C@@H](C)N(Cc2cccnc2)C[C@@H]1C,10.0277,-0.08430614998762759,-0.08450674219072327,0.015113320709049534,-0.0996200628997728,0.3539275984773134
frozen_GE_teacher,CO[C@@H]1CN(C)C(=O)c2ccc(NS(=O)(=O)c3ccccc3C)cc2OC[C@@H](C)N(C)C[C@@H]1C,9.94585,0.2552847595559317,0.2610579040762051,0.03934907132642046,0.22170883274978465,0.17994745875253543
frozen_GE_teacher,CO[C@@H]1CN(C)C(=O)c2ccc(NS(=O)(=O)c3ccccc3C)cc2OC[C@@H](C)N(S(C)(=O)=O)C[C@H]1C,10.0262,0.290984286196153,0.29964126467210045,-0.04121300707512559,0.34085427174722605,-0.1438135287790165
frozen_GE_teacher,CO[C@@H]1CN(C)C(=O)c2ccc(NS(=O)(=O)c3ccccc3Cl)cc2OC[C@H](C)NC[C@@H]1C,9.9779,0.5116178054158854,0.5649187328221725,0.032029463517831355,0.5328892693043412,0.2102472740180763
frozen_GE_teacher,CO[C@@H]1CN(C)C(=O)c2ccc(NS(=O)(=O)c3ccccc3F)cc2OC[C@H](C)NC[C@H]1C,9.99456,0.4217666692678293,0.44983901849461166,-0.0036482108653912854,0.45348722936000296,0.21741225788279772
frozen_GE_teacher,CO[C@@H]1CN(C)C(=O)c2ccc(NS(=O)(=O)c3cn(C)cn3)cc2OC[C@@H](C)N(Cc2cccc(C(F)(F)F)c2)C[C@H]1C,9.96955,-0.17429669356165223,-0.17609458643891213,0.07335681275332281,-0.24945139919223494,-0.31145161968462587
frozen_GE_teacher,CO[C@@H]1CN(C)C(=O)c2ccc(NS(=O)(=O)c3cn(C)cn3)cc2OC[C@H](C)N(Cc2cccc(F)c2)C[C@H]1C,9.96432,0.1396281934740837,0.14054635656390582,-0.03758033530751339,0.17812669187141922,0.3270369099062236
frozen_GE_teacher,CO[C@@H]1CN(C)C(=O)c2ccc(NS(=O)(=O)c3cn(C)cn3)cc2OC[C@H](C)NC[C@H]1C,10.0571,0.17681526579941942,0.17869325080619922,0.05202239808944707,0.12667085271675216,0.06305840096394243
frozen_GE_teacher,CO[C@@H]1CN(C)C(=O)c2ccc(NS(C)(=O)=O)cc2OC[C@@H](C)N(Cc2ccccn2)C[C@H]1C,9.97834,-0.012331227374081979,-0.012331852456506585,-0.014068834758033333,0.0017369823015267478,-0.34088646389250965
frozen_GE_teacher,CO[C@@H]1CN(C)C(=O)c2ccc(NS(C)(=O)=O)cc2OC[C@@H](C)N(Cc2nccs2)C[C@H]1C,10.2058,0.25374209261244923,0.25940838572614383,-0.04130792253372408,0.3007163082598679,0.11080545297564812
frozen_GE_teacher,CO[C@@H]1CN(C)C(=O)c2ccc(NS(C)(=O)=O)cc2OC[C@@H](C)N(S(C)(=O)=O)C[C@H]1C,10.0512,-0.05596033791062591,-0.05601886228800944,-0.06458018347748845,0.008561321189479013,0.11443863307294937
frozen_GE_teacher,CO[C@@H]1CN(C)C(=O)c2ccc(NS(C)(=O)=O)cc2OC[C@H](C)N(C)C[C@H]1C,10.0347,0.03522687834266116,0.035241460599675506,0.01166682665879288,0.023574633940882626,0.013212758416448464
frozen_GE_teacher,CO[C@@H]1CN(C)C(=O)c2ccc(NS(C)(=O)=O)cc2OC[C@H](C)N(Cc2ccccc2)C[C@H]1C,9.97788,0.3279628146190993,0.3405438271120297,0.012607222279052338,0.3279366048329774,-0.08918385971561668
frozen_GE_teacher,CO[C@@H]1CN(C)C(=O)c2cccc(C#N)c2OC[C@H]2O[C@H](CC[C@H]2OC)CCN(C)C(=O)[C@H]1C,10.0074,-0.2143582691927781,-0.21773508372279302,-0.06370808928506255,-0.15402699443773046,0.3138505029690731
frozen_GE_teacher,CO[C@H](C(=O)N(C)C[C@@H]1OCc2ccccc2-c2c(n(C)c3ccccc23)C(=O)N([C@H](C)CO)C[C@H]1C)c1ccccc1,9.89076,0.14141261984941209,0.14236672849751514,0.11387983165903948,0.02848689683847566,-0.1414835955266679
frozen_GE_teacher,CO[C@H](CN(C)C(=O)C1CC1)[C@@H](C)CN(C(=O)Nc1ccc(C(F)(F)F)cc1)[C@@H](C)CO,9.54397,0.046256566267428696,0.046289599947705984,-0.008705554391973416,0.0549951543396794,0.15444351693863523
frozen_GE_teacher,CO[C@H](CN(C)C(=O)C1CCOCC1)[C@@H](C)CN(C(=O)Nc1ccc(C(F)(F)F)cc1)[C@@H](C)CO,10.0047,0.1010617760268271,0.10140796421781043,-0.05795298800336746,0.15936095222117788,0.11174107118249633
frozen_GE_teacher,CO[C@H](CN(C)C(=O)C1CCOCC1)[C@@H](C)CN(C(=O)Nc1ccc(C(F)(F)F)cc1)[C@H](C)CO,10.0397,0.40347488977748885,0.4277925839570609,0.014859008745575261,0.4129335752114856,-0.4023099113746028
frozen_GE_teacher,CO[C@H](CN(C)C(=O)C1CCOCC1)[C@@H](C)CN(C(=O)Nc1ccc(F)cc1)[C@H](C)CO,10.0149,0.2501653703978374,0.25558921475500174,0.012700734769213668,0.24288847998578808,-0.13184635880413628
frozen_GE_teacher,CO[C@H](CN(C)C(=O)C1CCOCC1)[C@H](C)CN(C(=O)Nc1ccc(C(F)(F)F)cc1)[C@@H](C)CO,10.8327,-0.5362717838551048,-0.5989076005616085,-0.08546466188855156,-0.513442938673057,-0.20174653756376754
frozen_GE_teacher,CO[C@H](CN(C)C(=O)C1CCOCC1)[C@H](C)CN([C@@H](C)CO)S(=O)(=O)c1ccccc1,10.0134,0.11194564162868564,0.11241681734374802,0.012603162065534568,0.09981365527821345,0.04505379556301213
frozen_GE_teacher,CO[C@H](CN(C)C(=O)c1ccc2c(c1)OCO2)[C@@H](C)CN([C@@H](C)CO)S(=O)(=O)c1ccc(C)cc1,9.48517,0.2580622967344686,0.2640313373556922,0.2034968995364712,0.060534437819220965,-0.18509270566219177
frozen_GE_teacher,CO[C@H](CN(C)C(=O)c1ccc2c(c1)OCO2)[C@@H](C)CN([C@H](C)CO)S(=O)(=O)c1ccccc1,10.0334,0.21333409788865346,0.21666183231588576,0.034252096951833524,0.18240973536405225,0.11362228221317207
frozen_GE_teacher,CO[C@H](CN(C)C(=O)c1ccccc1F)[C@H](C)CN([C@H](C)CO)S(=O)(=O)c1ccc(Cl)cc1,9.54788,0.09074985447644147,0.09100021733633333,-0.08084042795575923,0.17184064529209256,-0.04189386613717257
frozen_GE_teacher,CO[C@H](CN(C)CC1CCOCC1)[C@H](C)CN(C(=O)Nc1ccc(F)cc1)[C@H](C)CO,10.7651,0.4008604880826859,0.4246737410494782,0.07606139951105609,0.34861234153842213,-0.2581870395636995
frozen_GE_teacher,CO[C@H](CN(C)Cc1ccc(-c2ccccn2)cc1)[C@@H](C)CN(C(=O)Nc1ccc(F)cc1)[C@@H](C)CO,10.7731,0.12047611689949236,0.12106412960370513,0.050972625778774365,0.07009150382493076,-0.09772637233680759
frozen_GE_teacher,CO[C@H](CN(C)Cc1nccs1)[C@@H](C)CN([C@H](C)CO)S(=O)(=O)c1ccc(F)cc1,10.8571,0.46417423474108627,0.5026188284153803,-0.13041016145884177,0.6330289898742221,0.09940519038816673
frozen_GE_teacher,CO[C@H](CN(C)Cc1nccs1)[C@H](C)CN([C@@H](C)CO)S(=O)(=O)c1ccc(F)cc1,10.0346,-0.07021145047990836,-0.0703271655074461,0.03198670287410539,-0.10231386838155149,0.026887988247584815
frozen_GE_teacher,CO[C@H](CN(C)Cc1nccs1)[C@H](C)CN([C@H](C)CO)S(=O)(=O)c1ccc(F)cc1,10.0145,-0.13460695513627946,-0.13542889202620864,-0.01598093354527865,-0.11944795848092998,0.06161047343843583
frozen_GE_teacher,CO[C@H](CN(C)S(=O)(=O)c1ccc(C)cc1)[C@@H](C)CN(C(=O)Nc1ccccc1F)[C@@H](C)CO,9.46685,0.2694442264444671,0.2762644442924059,0.1630228317689429,0.11324161252346299,-0.14736522915801453
frozen_GE_teacher,CO[C@H](CN(C)S(=O)(=O)c1ccc(C)cc1)[C@@H](C)CN(Cc1ccccc1Cl)[C@@H](C)CO,10.617,-0.42351846089019174,-0.4519717792294463,-0.032815776527092624,-0.4191560027023537,-0.05004379840244173
frozen_GE_teacher,CO[C@H](CN(C)S(=O)(=O)c1ccc(C)cc1)[C@H](C)CN(Cc1ccccc1Cl)[C@H](C)CO,10.0893,-0.1695490522284827,-0.1712023321157975,0.022586407833855654,-0.19378873994965315,-0.044984146979120954
frozen_GE_teacher,CO[C@H](CN(C)S(=O)(=O)c1cccc(Cl)c1)[C@H](C)CN([C@@H](C)CO)S(=O)(=O)c1cccc(Cl)c1,10.7871,-0.27743385268602777,-0.28489978642318525,0.07123072098064478,-0.35613050740383,0.13893505329359232
frozen_GE_teacher,CO[C@H](CN(C)S(=O)(=O)c1ccccc1)[C@@H](C)CN(Cc1ccccc1Cl)[C@H](C)CO,9.90679,-0.6818830333375399,-0.832625081521554,0.08382177808022853,-0.9164468596017825,0.2542418771659273
frozen_GE_teacher,CO[C@H](CN(C)S(=O)(=O)c1cn(C)cn1)[C@@H](C)CN(C(=O)Nc1ccc(C(F)(F)F)cc1)[C@@H](C)CO,9.4895,-0.604870768822003,-0.700792817760871,0.12085574491141635,-0.8216485626722874,0.14337104691541827
frozen_GE_teacher,CO[C@H](CN(C)S(=O)(=O)c1cn(C)cn1)[C@@H](C)CN(C(=O)Nc1ccc(F)cc1)[C@H](C)CO,10.0209,-0.1366110193028653,-0.13747050171589825,0.02549768134621639,-0.16296818306211464,-0.14787424204774133
frozen_GE_teacher,CO[C@H](CN(C)S(=O)(=O)c1cn(C)cn1)[C@H](C)CN(C(=O)Nc1ccc(C(F)(F)F)cc1)[C@H](C)CO,9.77082,-0.3156201175022437,-0.32677512923947793,-0.007422741470709999,-0.31935238776876795,0.1974675268694106
frozen_GE_teacher,CO[C@H]1CC[C@@H]2CCN(C)C(=O)[C@@H](C)[C@H](OC)CN(C)C(=O)c3cc(C#N)ccc3OC[C@H]1O2,10.0221,0.5280277648955901,0.587406490190271,0.02022548324642805,0.567181006943843,-0.0873894862357081
frozen_GE_teacher,CO[C@H]1CC[C@@H]2CCOc3c(C#N)cccc3C(=O)N(C)C[C@@H](C)C(=O)N(C)C[C@@H]1O2,10.0379,0.4708743576874842,0.5111931956708893,-0.05003450234218583,0.5612276980130751,-0.6182064464253206
frozen_GE_teacher,CO[C@H]1CC[C@@H]2CCOc3c(C#N)cccc3C(=O)N(C)C[C@H](c3ccccc3)CC(=O)N(C)C[C@@H]1O2,10.0322,0.08907219989913455,0.08930888966869965,-0.13660321498614753,0.22591210465484718,0.0955170307879627
frozen_GE_teacher,CO[C@H]1CC[C@@H]2CCOc3c(C#N)cccc3C(=O)N(C)C[C@H](c3ccccc3)CC(=O)N(C)C[C@H]1O2,10.0613,0.5987327549745516,0.6911694572448548,0.10398218998933886,0.587187267255516,-0.1239801097324889
frozen_GE_teacher,CO[C@H]1CC[C@@H]2CCOc3c(C#N)cccc3C(=O)N(C)[C@@H](C)C(=O)N(C)C[C@H]1O2,10.0383,0.5750801731130574,0.6550804725089178,-0.19154043577358174,0.8466209082824995,-0.09495109269986754
frozen_GE_teacher,CO[C@H]1CC[C@H]2CCN(C)C(=O)[C@H](C)[C@H](OC)CN(C)C(=O)c3cccc(C#N)c3OC[C@@H]1O2,10.0367,0.17439197957134012,0.17619285955312286,-0.09492623574186981,0.2711190952949927,0.10013624044165287
frozen_GE_teacher,CO[C@H]1CC[C@H]2CCOc3c(C#N)cccc3C(=O)N(C)C[C@@H](C)C(=O)N(C)C[C@@H]1O2,10.0097,0.12478687172271086,0.12544070873073507,-0.13441424046886255,0.2598549491995976,0.18189521515698082
frozen_GE_teacher,CO[C@H]1CC[C@H]2CCOc3c(C#N)cccc3C(=O)N(C)C[C@H](c3ccccc3)CC(=O)N(C)C[C@@H]1O2,10.0322,-0.2036446435294882,-0.20653196089115314,0.10002575758409565,-0.3065577184752488,-0.12347623843977672
frozen_GE_teacher,CO[C@H]1CN(C)C(=O)c2cc(NC(=O)C3CC3)ccc2OC[C@@H](C)N(C(=O)CN(C)C)C[C@H]1C,10.0373,0.05742244471758368,0.05748568359696531,-0.01637356157640793,0.07385924517337325,0.12639213786856413
frozen_GE_teacher,CO[C@H]1CN(C)C(=O)c2cc(NC(=O)C3CC3)ccc2OC[C@@H](C)N(C(=O)CN2CCOCC2)C[C@H]1C,10.0119,0.1925509287740701,0.1949849729996621,-0.0077713657175899255,0.20275633871725204,0.12575039405048444
frozen_GE_teacher,CO[C@H]1CN(C)C(=O)c2cc(NC(=O)C3CC3)ccc2OC[C@@H](C)N(C(=O)NC(C)C)C[C@@H]1C,9.95577,-0.32502732246869326,-0.3372580733084603,-0.017798644911017257,-0.31945942839744307,0.04897306140998363
frozen_GE_teacher,CO[C@H]1CN(C)C(=O)c2cc(NC(=O)C3CC3)ccc2OC[C@@H](C)N(CCC(F)(F)F)C[C@@H]1C,10.0886,0.04109264231782035,0.04111579553088811,-0.012929595204940369,0.05404539073582848,0.06811458164172159
frozen_GE_teacher,CO[C@H]1CN(C)C(=O)c2cc(NC(=O)C3CC3)ccc2OC[C@@H](C)N(CCc2ccccc2)C[C@@H]1C,10.0335,0.15480933161954813,0.15606414176113836,0.06780805709878918,0.08825608466234919,-0.05482037834848698
frozen_GE_teacher,CO[C@H]1CN(C)C(=O)c2cc(NC(=O)C3CC3)ccc2OC[C@H](C)N(C(=O)CN(C)C)C[C@@H]1C,10.0339,0.13159494110406308,0.13236255266232716,0.05318634192905307,0.07917621073327409,-0.09825780176053273
frozen_GE_teacher,CO[C@H]1CN(C)C(=O)c2cc(NC(=O)C3CC3)ccc2OC[C@H](C)N(C(=O)CN(C)C)C[C@H]1C,10.1564,-0.1339800114368727,-0.13479043387786813,0.07418594348197657,-0.2089763773598447,-0.08513284700329016
frozen_GE_teacher,CO[C@H]1CN(C)C(=O)c2cc(NC(=O)C3CC3)ccc2OC[C@H](C)N(C(=O)c2cccnc2)C[C@H]1C,10.0078,0.03722739864050871,0.03724461051419094,0.04836071110504299,-0.011116100590852052,0.26883732947130795
frozen_GE_teacher,CO[C@H]1CN(C)C(=O)c2cc(NC(=O)C3CC3)ccc2OC[C@H](C)N(CC2CCCC2)C[C@@H]1C,10.0289,-0.17908775336492724,-0.18104005515639662,-0.0010679537478983179,-0.17997210140849831,-0.3095423114550978
frozen_GE_teacher,CO[C@H]1CN(C)C(=O)c2cc(NC(=O)C3CCC3)ccc2OC[C@@H](C)N(C)C[C@@H]1C,9.91722,0.15248893176122488,0.15368763605435243,-0.04335509630020237,0.1970427323545548,-0.011696028172389267
frozen_GE_teacher,CO[C@H]1CN(C)C(=O)c2cc(NC(=O)C3CCC3)ccc2OC[C@@H](C)N(Cc2ccncc2)C[C@H]1C,9.9998,0.3141919056422771,0.32518969626858873,0.04916480230596929,0.2760248939626194,0.13498833601620466
frozen_GE_teacher,CO[C@H]1CN(C)C(=O)c2cc(NC(=O)C3CCC3)ccc2OC[C@H](C)N(C)C[C@@H]1C,10.0538,0.16726714681408597,0.1688538186979607,0.0881442330411186,0.08070958565684211,0.19276638308002927
frozen_GE_teacher,CO[C@H]1CN(C)C(=O)c2cc(NC(=O)C3CCCCC3)ccc2OC[C@H](C)N(C(=O)c2ccccc2)C[C@H]1C,10.0415,-0.017424712836481043,-0.01742647665850184,0.036529417930375084,-0.053955894588876924,-0.21209062588031305
frozen_GE_teacher,CO[C@H]1CN(C)C(=O)c2cc(NC(=O)C3CCOCC3)ccc2OC[C@H](C)N(CC2CC2)C[C@H]1C,10.0251,0.6198244136767657,0.7247199102309633,0.028959664569822696,0.6957602456611406,-0.25529728238430704
frozen_GE_teacher,CO[C@H]1CN(C)C(=O)c2cc(NC(=O)Cc3ccccc3)ccc2OC[C@H](C)N(C(C)=O)C[C@@H]1C,9.99207,-0.1136333426358542,-0.11412626546984529,0.02734731220000208,-0.14147357766984736,-0.08219212738370546
frozen_GE_teacher,CO[C@H]1CN(C)C(=O)c2cc(NC(=O)Cc3ccccc3)ccc2OC[C@H](C)NC[C@H]1C,10.0865,0.1432844684429694,0.14427729164246483,0.04322946324370194,0.10104782839876289,-0.06741218586783607
frozen_GE_teacher,CO[C@H]1CN(C)C(=O)c2cc(NC(=O)NC(C)C)ccc2OC[C@@H](C)N(C(=O)C2CCC2)C[C@@H]1C,10.0525,0.023350229715483308,0.023354474878037695,-0.002204351009498128,0.025558825887535823,-0.15825920949060038
frozen_GE_teacher,CO[C@H]1CN(C)C(=O)c2cc(NC(=O)NC(C)C)ccc2OC[C@@H](C)N(C)C[C@H]1C,10.1107,0.20623906889637814,0.20924013448805673,-0.06508632004098094,0.2743264545290377,0.026432439791538948
frozen_GE_teacher,CO[C@H]1CN(C)C(=O)c2cc(NC(=O)NC(C)C)ccc2OC[C@@H](C)N(Cc2ccccc2)C[C@@H]1C,10.1047,0.16439464360453723,0.16590008591340152,0.024636313600892825,0.1412637723125087,-0.09992681825793993
frozen_GE_teacher,CO[C@H]1CN(C)C(=O)c2cc(NC(=O)NC(C)C)ccc2OC[C@@H](C)N(Cc2ccccc2)C[C@H]1C,10.0109,0.3541319965838392,0.37016039064600414,0.02766658459458949,0.34249380605141466,-0.301089719141462
frozen_GE_teacher,CO[C@H]1CN(C)C(=O)c2cc(NC(=O)NC(C)C)ccc2OC[C@H](C)N(C(=O)C2CCC2)C[C@@H]1C,10.0065,0.25516669074867315,0.2609316083431382,0.01056311238314346,0.2503684959599948,-0.0543702657247163
frozen_GE_teacher,CO[C@H]1CN(C)C(=O)c2cc(NC(=O)NC(C)C)ccc2OC[C@H](C)N(C)C[C@@H]1C,10.1362,-0.08391665636094252,-0.0841144733636267,0.04494782338420586,-0.12906229674783254,-0.2557284966726474
frozen_GE_teacher,CO[C@H]1CN(C)C(=O)c2cc(NC(=O)NC(C)C)ccc2OC[C@H](C)N(C)C[C@H]1C,9.86182,0.1914620369821133,0.1938544008527468,-0.00014841927858207267,0.19400282013132888,0.20890665884728302
frozen_GE_teacher,CO[C@H]1CN(C)C(=O)c2cc(NC(=O)NC3CCCCC3)ccc2OC[C@@H](C)N(CC2CC2)C[C@H]1C,9.99196,-0.020448623939863356,-0.020451474826758693,0.006692079390420144,-0.027143554217178838,-0.17314329057912603
frozen_GE_teacher,CO[C@H]1CN(C)C(=O)c2cc(NC(=O)Nc3ccc(Cl)c(Cl)c3)ccc2OC[C@@H](C)NC[C@H]1C,10.091,0.05646380266932247,0.056523922946585856,0.05080902138068302,0.005714901565902833,0.06588113417139757
frozen_GE_teacher,CO[C@H]1CN(C)C(=O)c2cc(NC(=O)Nc3ccc(Cl)cc3)ccc2OC[C@@H](C)N(C(=O)Nc2c(C)noc2C)C[C@H]1C,9.94028,-0.07840942677929688,-0.07857071019517123,0.023505610499845557,-0.10207632069501679,0.10396798774860339
frozen_GE_teacher,CO[C@H]1CN(C)C(=O)c2cc(NC(=O)Nc3ccc(Cl)cc3)ccc2OC[C@@H](C)NC[C@@H]1C,10.0635,-0.13772718252434524,-0.13860806880132825,0.06874795686248575,-0.207356025663814,0.012184353633646311
frozen_GE_teacher,CO[C@H]1CN(C)C(=O)c2cc(NC(=O)Nc3ccc(Cl)cc3)ccc2OC[C@H](C)N(C)C[C@H]1C,10.0178,0.1158765209553348,0.11639937872712423,-0.006647032291494895,0.12304641101861913,0.06551564989341829
frozen_GE_teacher,CO[C@H]1CN(C)C(=O)c2cc(NC(=O)Nc3cccc(Cl)c3)ccc2OC[C@@H](C)NC[C@H]1C,9.9504,0.11897601427360915,0.11954221099100515,0.04375468601896754,0.07578752497203761,0.02604335916549233
frozen_GE_teacher,CO[C@H]1CN(C)C(=O)c2cc(NC(=O)Nc3cccc(Cl)c3)ccc2OC[C@H](C)NC[C@@H]1C,10.0555,0.2934312514985683,0.3023166725245769,0.04255398840832234,0.2597626841162545,-0.027658360669176676
frozen_GE_teacher,CO[C@H]1CN(C)C(=O)c2cc(NC(=O)Nc3cccc(F)c3)ccc2OC[C@@H](C)N(C(=O)Nc2c(C)noc2C)C[C@@H]1C,9.98754,-0.13591620856804593,-0.13676254578580457,0.028378421084494256,-0.16514096687029883,0.04509521582340641
frozen_GE_teacher,CO[C@H]1CN(C)C(=O)c2cc(NC(=O)Nc3cccc(F)c3)ccc2OC[C@@H](C)N(C)C[C@@H]1C,10.0462,0.3788124990330473,0.398672464734922,0.04126123512108773,0.3574112296138343,-0.1018003275564944
frozen_GE_teacher,CO[C@H]1CN(C)C(=O)c2cc(NC(=O)Nc3cccc(F)c3)ccc2OC[C@H](C)N(C)C[C@H]1C,10.0149,0.32007529186881434,0.3317309922724573,0.0367312738587175,0.2949997184137398,0.0022784469503559363
frozen_GE_teacher,CO[C@H]1CN(C)C(=O)c2cc(NC(=O)Nc3ccccc3)ccc2OC[C@@H](C)N(C(=O)CN(C)C)C[C@@H]1C,10.0476,-0.4253745828016055,-0.4542357715608229,0.023773755756563666,-0.47800952731738655,0.11070309178051722
frozen_GE_teacher,CO[C@H]1CN(C)C(=O)c2cc(NC(=O)Nc3ccccc3)ccc2OC[C@@H](C)N(C(C)=O)C[C@H]1C,10.0922,0.04338929485921855,0.04341655433343217,0.04842020719518307,-0.005003652861750904,-0.08623726611266502
frozen_GE_teacher,CO[C@H]1CN(C)C(=O)c2cc(NC(=O)Nc3ccccc3F)ccc2OC[C@H](C)N(C(C)=O)C[C@H]1C,10.0528,-0.05228566845510871,-0.05233339279276599,0.053513401965166865,-0.10584679475793285,-0.4993160565239055
frozen_GE_teacher,CO[C@H]1CN(C)C(=O)c2cc(NC(=O)c3cc(C)on3)ccc2OC[C@@H](C)N(C(C)=O)C[C@H]1C,9.94768,0.15465796944677535,0.155909066703058,-0.027541949686229538,0.18345101638928754,0.021377234766999667
frozen_GE_teacher,CO[C@H]1CN(C)C(=O)c2cc(NC(=O)c3cc(C)on3)ccc2OC[C@@H](C)NC[C@H]1C,9.8982,0.24520872815039324,0.250308599039592,0.02366759736294903,0.22664100167664297,-0.002613387965973723
frozen_GE_teacher,CO[C@H]1CN(C)C(=O)c2cc(NC(=O)c3ccc(F)cc3)ccc2OC[C@H](C)NC[C@@H]1C,10.0095,0.42497148644183524,0.45374372731169066,0.0022385909612428504,0.4515051363504478,0.13162465259969713
frozen_GE_teacher,CO[C@H]1CN(C)C(=O)c2cc(NC(=O)c3ccc4c(c3)OCO4)ccc2OC[C@@H](C)N(CC2CC2)C[C@@H]1C,10.0567,-0.1535036365446085,-0.15472666231987406,0.061004263133746864,-0.21573092545362094,0.16065681615553845
frozen_GE_teacher,CO[C@H]1CN(C)C(=O)c2cc(NC(=O)c3cccc(F)c3)ccc2OC[C@@H](C)N(C)C[C@@H]1C,10.0577,0.22075665484880355,0.22445138791389024,0.024927641128824365,0.19952374678506588,0.0653687720219857
frozen_GE_teacher,CO[C@H]1CN(C)C(=O)c2cc(NC(=O)c3cccc(F)c3)ccc2OC[C@@H](C)N(C)C[C@H]1C,10.0249,0.04874429120569907,0.048782951910428723,0.018824474634294163,0.02995847727613456,0.047526794811616965
frozen_GE_teacher,CO[C@H]1CN(C)C(=O)c2cc(NC(=O)c3ccccc3)ccc2OC[C@@H](C)N(CC2CC2)C[C@H]1C,10.0112,0.2536353845079918,0.2592943377228835,-0.005221876398534379,0.2645162141214179,0.8151450083082661
frozen_GE_teacher,CO[C@H]1CN(C)C(=O)c2cc(NC(=O)c3ccccc3F)ccc2OC[C@@H](C)N(C(C)=O)C[C@H]1C,10.0158,-0.3978569291546451,-0.42110025080615754,0.007003937593908648,-0.4281041884000662,-0.16877996121987787
frozen_GE_teacher,CO[C@H]1CN(C)C(=O)c2cc(NC(=O)c3ccccc3F)ccc2OC[C@H](C)N(CC2CCOCC2)C[C@H]1C,10.0742,0.1442228465625437,0.1452354707181595,0.04566395615762124,0.09957151456053827,-0.09944127507108122
frozen_GE_teacher,CO[C@H]1CN(C)C(=O)c2cc(NC(=O)c3ccno3)ccc2OC[C@@H](C)N(S(C)(=O)=O)C[C@H]1C,10.0273,-0.011343762598416818,-0.011344249211370222,-0.06663999903295875,0.05529574982158853,-0.29274215652746416
frozen_GE_teacher,CO[C@H]1CN(C)C(=O)c2cc(NC(=O)c3cnccn3)ccc2OC[C@@H](C)N(C(=O)C2CC2)C[C@H]1C,10.0584,0.026298907934820856,0.02630497351243793,0.004830333363591093,0.021474640148846837,0.13624904944229413
frozen_GE_teacher,CO[C@H]1CN(C)C(=O)c2cc(NC(=O)c3cnccn3)ccc2OC[C@H](C)N(C(=O)C2CC2)C[C@@H]1C,10.0376,0.021778824134100414,0.021782268471199007,-0.01739520978338756,0.03917747825458657,0.12298672102045768
frozen_GE_teacher,CO[C@H]1CN(C)C(=O)c2cc(NC(C)=O)ccc2OC[C@@H](C)N(C(=O)C2CC2)C[C@@H]1C,10.0589,0.4458422247540366,0.47949892309482023,0.008577698394418238,0.470921224700402,0.05405653561861148
frozen_GE_teacher,CO[C@H]1CN(C)C(=O)c2cc(NC(C)=O)ccc2OC[C@@H](C)N(C(=O)CC2CC2)C[C@@H]1C,9.7775,-0.07819981953101468,-0.07835980978619596,-0.07585888768819621,-0.00250092209799975,0.2480754808095673
frozen_GE_teacher,CO[C@H]1CN(C)C(=O)c2cc(NC(C)=O)ccc2OC[C@@H](C)N(C(=O)CC2CC2)C[C@H]1C,10.1378,-0.1888655424423545,-0.19116048652333312,0.05382769492518183,-0.24498818144851495,-0.03613057923688372
frozen_GE_teacher,CO[C@H]1CN(C)C(=O)c2cc(NC(C)=O)ccc2OC[C@@H](C)N(Cc2ccccn2)C[C@@H]1C,9.95434,-0.16036289721608638,-0.16175914980440226,0.151231591353717,-0.31299074115811926,-0.07490746348700403
frozen_GE_teacher,CO[C@H]1CN(C)C(=O)c2cc(NC(C)=O)ccc2OC[C@@H](C)N(Cc2ccccn2)C[C@H]1C,9.97721,0.07381572673487596,0.07395023484802543,0.1360720459834409,-0.062121811135415456,0.21554062275205518
frozen_GE_teacher,CO[C@H]1CN(C)C(=O)c2cc(NC(C)=O)ccc2OC[C@@H](C)N(S(=O)(=O)c2cn(C)cn2)C[C@@H]1C,9.9714,0.15526440621142376,0.1565304241256046,0.010210179376691282,0.14632024474891334,0.14946901809111268
frozen_GE_teacher,CO[C@H]1CN(C)C(=O)c2cc(NC(C)=O)ccc2OC[C@H](C)N(C(=O)C2CC2)C[C@@H]1C,10.1042,0.312127926750957,0.32290129464845424,0.0609479250295465,0.26195336961890775,0.13134176143635773
frozen_GE_teacher,CO[C@H]1CN(C)C(=O)c2cc(NC(C)=O)ccc2OC[C@H](C)N(C(=O)c2ccc(F)cc2)C[C@H]1C,10.016,0.044721451332873155,0.04475130158478455,0.006574213262142352,0.038177088322642196,-0.0019032454273710817
frozen_GE_teacher,CO[C@H]1CN(C)C(=O)c2cc(NC(C)=O)ccc2OC[C@H](C)N(C(=O)c2ccccn2)C[C@H]1C,10.1286,0.1746377973692216,0.17644639900974707,-0.0036925718691673166,0.1801389708789144,0.10127505229869625
frozen_GE_teacher,CO[C@H]1CN(C)C(=O)c2cc(NC(C)=O)ccc2OC[C@H](C)N(Cc2ccc(F)cc2)C[C@H]1C,9.9845,0.29255998423294155,0.301363586107646,0.09931777658743352,0.2020458095202125,0.08323752250948402
frozen_GE_teacher,CO[C@H]1CN(C)C(=O)c2cc(NC(C)=O)ccc2OC[C@H](C)N(Cc2cccnc2)C[C@@H]1C,10.065,0.23657203643676689,0.24113978683697163,-0.0247859797080201,0.2659257665449917,-0.027155910777623735
frozen_GE_teacher,CO[C@H]1CN(C)C(=O)c2cc(NC(C)=O)ccc2OC[C@H](C)N(S(=O)(=O)c2cn(C)cn2)C[C@@H]1C,10.0692,0.6459509093045963,0.7683189893771432,3.207264525903041e-05,0.7682869167318841,-0.42018413847691083
frozen_GE_teacher,CO[C@H]1CN(C)C(=O)c2cc(NC(C)=O)ccc2OC[C@H](C)N(S(C)(=O)=O)C[C@H]1C,10.0069,0.08750613558319732,0.08773052167762903,-0.01388636066827284,0.10161688234590187,-0.04165820245944697
frozen_GE_teacher,CO[C@H]1CN(C)C(=O)c2cc(NS(=O)(=O)CC(F)(F)F)ccc2OC[C@H](C)N(Cc2nccs2)C[C@H]1C,10.079,-0.22006545791806087,-0.22372489728241052,0.020588308502899978,-0.2443132057853105,0.009193586284155602
frozen_GE_teacher,CO[C@H]1CN(C)C(=O)c2cc(NS(=O)(=O)c3c(C)noc3C)ccc2OC[C@H](C)NC[C@H]1C,9.93892,0.10541930116785765,0.1058124422367649,0.05561547266847465,0.050196969568290256,-0.1276530651613109
frozen_GE_teacher,CO[C@H]1CN(C)C(=O)c2cc(NS(=O)(=O)c3ccc(-c4ccccc4)cc3)ccc2OC[C@@H](C)NC[C@@H]1C,10.0426,0.1969458867324178,0.19955319828774493,0.08455644597529098,0.11499675231245395,0.09280964617636565
frozen_GE_teacher,CO[C@H]1CN(C)C(=O)c2cc(NS(=O)(=O)c3ccc(-c4ccccc4)cc3)ccc2OC[C@@H](C)NC[C@H]1C,9.9484,-0.01464461322760794,-0.014645660279855517,0.056278506725305405,-0.07092416700516092,0.030772190455022427
frozen_GE_teacher,CO[C@H]1CN(C)C(=O)c2cc(NS(=O)(=O)c3ccc(C)cc3)ccc2OC[C@@H](C)N(C)C[C@H]1C,10.0885,0.08694134492019726,0.08716140114088389,-0.02927243098827279,0.11643383212915667,0.1133388047704045
frozen_GE_teacher,CO[C@H]1CN(C)C(=O)c2cc(NS(=O)(=O)c3ccc(C)cc3)ccc2OC[C@@H](C)N(Cc2nccs2)C[C@H]1C,10.061844,-0.11429797009344178,-0.11479963884191423,-0.0899307076130984,-0.024868931228815824,-0.13800388881347103
frozen_GE_teacher,CO[C@H]1CN(C)C(=O)c2cc(NS(=O)(=O)c3ccc(C)cc3)ccc2OC[C@H](C)N(C(=O)NC(C)C)C[C@@H]1C,9.9591,0.33102010451186387,0.3439734575044666,0.0079581722845656,0.33601528521990104,0.14240962335782822
frozen_GE_teacher,CO[C@H]1CN(C)C(=O)c2cc(NS(=O)(=O)c3cccc(F)c3)ccc2OC[C@@H](C)N(Cc2cc(F)ccc2F)C[C@@H]1C,9.95291,0.018610103528221546,0.018612252424098842,-0.007438377521693394,0.026050629945792235,0.2891423050585217
frozen_GE_teacher,CO[C@H]1CN(C)C(=O)c2cc(NS(=O)(=O)c3cccc(F)c3)ccc2OC[C@H](C)N(C(=O)Cc2cccnc2)C[C@@H]1C,10.0575,0.01183518161962335,0.011835734256711297,0.0006469445235985638,0.011188789733112733,-0.048827994420679526
frozen_GE_teacher,CO[C@H]1CN(C)C(=O)c2cc(NS(=O)(=O)c3cccc(F)c3)ccc2OC[C@H](C)N(Cc2cc(F)ccc2F)C[C@@H]1C,10.0227,0.24366873443636092,0.24867074251156282,0.11793359257228428,0.13073714993927854,-0.0322646804298016
frozen_GE_teacher,CO[C@H]1CN(C)C(=O)c2cc(NS(=O)(=O)c3cccc(F)c3)ccc2OC[C@H](C)NC[C@H]1C,9.94174,-0.08403639219577864,-0.08423505957943364,0.01603969314011451,-0.10027475271954815,-0.010847924774507455
frozen_GE_teacher,CO[C@H]1CN(C)C(=O)c2cc(NS(=O)(=O)c3cn(C)cn3)ccc2OC[C@@H](C)N(C)C[C@@H]1C,10.0836,-0.006035607042106779,-0.006035680333184451,0.020437671269328078,-0.02647335160251253,-0.09599819696425661
frozen_GE_teacher,CO[C@H]1CN(C)C(=O)c2cc(NS(=O)(=O)c3cn(C)cn3)ccc2OC[C@H](C)N(C)C[C@H]1C,10.007,-0.16337877883003632,-0.16485618300324273,0.027665847147256527,-0.19252203015049926,0.17706948079960957
frozen_GE_teacher,CO[C@H]1CN(C)C(=O)c2cc(NS(C)(=O)=O)ccc2OC[C@@H](C)N(C(=O)C2CCOCC2)C[C@@H]1C,10.0213,0.4762618650254215,0.5181382938798995,0.04591761530710342,0.4722206785727961,0.10081131419846939
frozen_GE_teacher,CO[C@H]1CN(C)C(=O)c2cc(NS(C)(=O)=O)ccc2OC[C@@H](C)N(CC2CCOCC2)C[C@@H]1C,10.0899,0.08293212377180481,0.08312304068870553,-0.00343465071693141,0.08655769140563695,0.1809265526929803
frozen_GE_teacher,CO[C@H]1CN(C)C(=O)c2cc(NS(C)(=O)=O)ccc2OC[C@H](C)N(S(C)(=O)=O)C[C@@H]1C,10.0115,-0.05986007236376056,-0.059931723907643314,0.0030198318117706947,-0.062951555719414,0.0204928415735465
frozen_GE_teacher,CO[C@H]1CN(C)C(=O)c2ccc(NC(=O)C3CC3)cc2OC[C@@H](C)N(C(=O)C2CCCCC2)C[C@H]1C,9.97075,0.10197556068775693,0.10233126451548583,0.05896855747677483,0.04336270703871099,0.08198178320353992
frozen_GE_teacher,CO[C@H]1CN(C)C(=O)c2ccc(NC(=O)C3CC3)cc2OC[C@@H](C)N(C(=O)c2ccncc2)C[C@H]1C,10.0458,0.48336152161651713,0.5273613639296014,0.014939767348732532,0.5124215965808689,-0.0058456595257122945
frozen_GE_teacher,CO[C@H]1CN(C)C(=O)c2ccc(NC(=O)C3CC3)cc2OC[C@@H](C)N(C(=O)c2cnccn2)C[C@H]1C,10.0459,0.22265976099591542,0.22645287704653633,-0.03644346241954451,0.2628963394660808,0.1810945014302754
frozen_GE_teacher,CO[C@H]1CN(C)C(=O)c2ccc(NC(=O)C3CC3)cc2OC[C@@H](C)N(C(C)=O)C[C@H]1C,9.94852,-0.023415724832152356,-0.023420005824668227,-0.06358520186304127,0.04016519603837304,-0.03582423939489217
frozen_GE_teacher,CO[C@H]1CN(C)C(=O)c2ccc(NC(=O)C3CC3)cc2OC[C@H](C)N(C(C)=O)C[C@H]1C,10.0453,-0.27621501272399696,-0.2835797928003527,-0.024350416757746348,-0.2592293760426064,0.01757507803920573
frozen_GE_teacher,CO[C@H]1CN(C)C(=O)c2ccc(NC(=O)C3CC3)cc2OC[C@H](C)N(Cc2cc(F)ccc2F)C[C@H]1C,9.97673,-0.09656950765099141,-0.09687139039581255,0.0014067273912168419,-0.0982781177870294,-0.0313448879604291
frozen_GE_teacher,CO[C@H]1CN(C)C(=O)c2ccc(NC(=O)C3CCC3)cc2OC[C@@H](C)N(C(=O)CN(C)C)C[C@@H]1C,10.0091,0.039869870892373725,0.03989101686767987,0.06167208790612429,-0.02178107103844442,0.1846547351310412
frozen_GE_teacher,CO[C@H]1CN(C)C(=O)c2ccc(NC(=O)C3CCC3)cc2OC[C@@H](C)N(C(=O)CN(C)C)C[C@H]1C,9.98711,-0.25188367127874284,-0.257423073732884,-0.024946540947789322,-0.23247653278509467,0.022616889588480307
frozen_GE_teacher,CO[C@H]1CN(C)C(=O)c2ccc(NC(=O)C3CCC3)cc2OC[C@@H](C)N(C(=O)NC(C)C)C[C@H]1C,10.0495,0.358380659120346,0.3750266883047986,-0.0021467347210328593,0.3771734230258315,0.050640217610503954
frozen_GE_teacher,CO[C@H]1CN(C)C(=O)c2ccc(NC(=O)C3CCC3)cc2OC[C@H](C)N(C(=O)CN(C)C)C[C@H]1C,10.014,0.35618816168377077,0.3725133571462635,0.013848583414879222,0.3586647737313843,-0.04951651403735806
frozen_GE_teacher,CO[C@H]1CN(C)C(=O)c2ccc(NC(=O)C3CCC3)cc2OC[C@H](C)N(C(=O)NC(C)C)C[C@H]1C,9.9593,-0.10089592882963376,-0.10124040850003133,0.09454169557357,-0.19578210407360133,-0.07286695732931295
frozen_GE_teacher,CO[C@H]1CN(C)C(=O)c2ccc(NC(=O)C3CCCC3)cc2OC[C@@H](C)N(S(C)(=O)=O)C[C@@H]1C,10.1113,-0.004576004448681461,-0.00457603638931424,0.04009195790185187,-0.04466799429116611,0.1920515001217062
frozen_GE_teacher,CO[C@H]1CN(C)C(=O)c2ccc(NC(=O)C3CCCC3)cc2OC[C@H](C)N(CCC(F)(F)F)C[C@H]1C,10.0294,0.3565948325949575,0.3729791966216291,0.03870920426989094,0.33426999235173815,-0.0152333330766289
frozen_GE_teacher,CO[C@H]1CN(C)C(=O)c2ccc(NC(=O)C3CCCCC3)cc2OC[C@H](C)N(C)C[C@H]1C,9.95259,-0.04292151666853316,-0.042947903323629924,-0.015543117009042153,-0.027404786314587773,-0.07229591105231441
frozen_GE_teacher,CO[C@H]1CN(C)C(=O)c2ccc(NC(=O)C3CCOCC3)cc2OC[C@@H](C)N(C)C[C@H]1C,10.0566,-0.006761974609402846,-0.006762077674417011,0.030328822294637882,-0.037090899969054895,0.03297168117018121
frozen_GE_teacher,CO[C@H]1CN(C)C(=O)c2ccc(NC(=O)C3CCOCC3)cc2OC[C@@H](C)N(Cc2nccs2)C[C@H]1C,10.0084,-0.17786927351402262,-0.1797814838698517,0.03764851723003526,-0.21743000109988697,0.355419552291415
frozen_GE_teacher,CO[C@H]1CN(C)C(=O)c2ccc(NC(=O)C3CCOCC3)cc2OC[C@@H](C)NC[C@H]1C,10.001,-0.1989727309080228,-0.20166271063690783,0.007106996836362641,-0.20876970747327048,0.07225074466304458
frozen_GE_teacher,CO[C@H]1CN(C)C(=O)c2ccc(NC(=O)Cc3ccccc3)cc2OC[C@@H](C)N(C)C[C@@H]1C,10.001,0.3264855075578749,0.33888936723634533,-0.011864642633122993,0.3507540098694683,0.5368953041291135
frozen_GE_teacher,CO[C@H]1CN(C)C(=O)c2ccc(NC(=O)Cc3ccccc3)cc2OC[C@@H](C)N(C)C[C@H]1C,10.0354,-0.21935875118324122,-0.22298234497947717,-0.005941301100591528,-0.21704104387888565,-0.1297198267559371
frozen_GE_teacher,CO[C@H]1CN(C)C(=O)c2ccc(NC(=O)Nc3cc(Cl)cc(Cl)c3)cc2OC[C@H](C)NC[C@H]1C,10.0419,0.3660352983781725,0.38383730163587315,0.01541989026041615,0.368417411375457,0.28207348622739764
frozen_GE_teacher,CO[C@H]1CN(C)C(=O)c2ccc(NC(=O)Nc3cc(F)ccc3F)cc2OC[C@@H](C)N(C)C[C@@H]1C,9.98558,-0.09981021762968724,-0.10014365203956936,-0.006840504048121185,-0.09330314799144818,-0.1529959827323339
frozen_GE_teacher,CO[C@H]1CN(C)C(=O)c2ccc(NC(=O)Nc3cccc(F)c3)cc2OC[C@@H](C)N(C(C)=O)C[C@H]1C,10.0434,0.029418758235145916,0.029427249597175097,0.035322069575711545,-0.005894819978536449,0.11211894127216476
frozen_GE_teacher,CO[C@H]1CN(C)C(=O)c2ccc(NC(=O)Nc3cccc(F)c3)cc2OC[C@H](C)N(C(C)=O)C[C@H]1C,9.96181,-0.22429293379994342,-0.22817190126681414,0.05904711821853848,-0.2872190194853526,-0.2994227936773766
frozen_GE_teacher,CO[C@H]1CN(C)C(=O)c2ccc(NC(=O)Nc3ccccc3)cc2OC[C@H](C)N(C(=O)Nc2c(C)noc2C)C[C@H]1C,10.0861,0.05891525284430127,0.0589835602434678,0.0035318388091579835,0.05545172143430981,-0.17298856666795098
frozen_GE_teacher,CO[C@H]1CN(C)C(=O)c2ccc(NC(=O)Nc3ccccc3Cl)cc2OC[C@@H](C)NC[C@H]1C,10.0693,0.15223233760994334,0.15342494382636973,0.11095601193218388,0.04246893189418585,-0.1957744044584303
frozen_GE_teacher,CO[C@H]1CN(C)C(=O)c2ccc(NC(=O)Nc3ccccc3F)cc2OC[C@@H](C)N(Cc2ccccc2C(=O)O)C[C@@H]1C,10.012,0.09630166235363961,0.09660103080065802,-0.06251235874253905,0.15911338954319706,0.04893433293511887
frozen_GE_teacher,CO[C@H]1CN(C)C(=O)c2ccc(NC(=O)c3cc(C)on3)cc2OC[C@@H](C)N(C)C[C@@H]1C,10.0658,0.25403650759316315,0.2597230862342388,0.020984394158070824,0.23873869207616796,0.3615781075327591
frozen_GE_teacher,CO[C@H]1CN(C)C(=O)c2ccc(NC(=O)c3ccc(-c4ccccc4)cc3)cc2OC[C@@H](C)NC[C@@H]1C,9.98676,0.29420990346210923,0.3031688975905689,-0.07320450025092864,0.3763733978414976,0.19525001417125165
frozen_GE_teacher,CO[C@H]1CN(C)C(=O)c2ccc(NC(=O)c3ccc(-c4ccccc4)cc3)cc2OC[C@H](C)NC[C@H]1C,10.0234,0.1143201892917401,0.11482215221265141,0.019355042335973502,0.0954671098766779,0.3164553187943441
frozen_GE_teacher,CO[C@H]1CN(C)C(=O)c2ccc(NC(=O)c3cccc(F)c3)cc2OC[C@@H](C)NC[C@H]1C,10.0472,0.6030473061462565,0.6979222743268881,0.1418642651928826,0.5560580091340055,0.020350909964362895
frozen_GE_teacher,CO[C@H]1CN(C)C(=O)c2ccc(NC(=O)c3ccccc3)cc2OC[C@@H](C)N(C(=O)C2CC2)C[C@@H]1C,10.0316,0.2205573093862751,0.22424183964952044,0.02248057099204233,0.20176126865747812,-0.027698015128386377
frozen_GE_teacher,CO[C@H]1CN(C)C(=O)c2ccc(NC(=O)c3ccccc3F)cc2OC[C@H](C)N(CC2CC2)C[C@H]1C,9.97283,-0.09549850539033158,-0.09579041873395638,0.055332034277718906,-0.1511224530116753,0.020326994136048576
frozen_GE_teacher,CO[C@H]1CN(C)C(=O)c2ccc(NC(=O)c3ccno3)cc2OC[C@@H](C)NC[C@H]1C,9.83674,-0.09263598372168864,-0.09290233942998373,-0.009109077604586985,-0.08379326182539674,-0.066428209363389
frozen_GE_teacher,CO[C@H]1CN(C)C(=O)c2ccc(NC(=O)c3cnccn3)cc2OC[C@H](C)NC[C@H]1C,9.93452,0.03824135681392043,0.03826001459196552,0.04261485405993712,-0.004354839467971598,0.1666781374820626
frozen_GE_teacher,CO[C@H]1CN(C)C(=O)c2ccc(NC(=O)c3nc4ccccc4s3)cc2OC[C@@H](C)N(Cc2cccnc2)C[C@@H]1C,9.9667,0.409080080772188,0.43450591885081413,0.0001432885080335923,0.43436263034278055,0.3626008433745639
frozen_GE_teacher,CO[C@H]1CN(C)C(=O)c2ccc(NC(C)=O)cc2OC[C@@H](C)N(C(=O)CN2CCOCC2)C[C@H]1C,9.95004,0.21465640422370447,0.21804759862908943,0.042105951140167665,0.17594164748892177,0.023399888332845946
frozen_GE_teacher,CO[C@H]1CN(C)C(=O)c2ccc(NC(C)=O)cc2OC[C@@H](C)N(C(=O)Cc2cccnc2)C[C@@H]1C,10.0257,0.008525156006087744,0.008525362546333503,0.001484458917899065,0.007040903628434438,-0.06197582077966016
frozen_GE_teacher,CO[C@H]1CN(C)C(=O)c2ccc(NC(C)=O)cc2OC[C@@H](C)N(C(=O)c2ccccc2F)C[C@H]1C,10.0677,0.6454947629230728,0.7675366333563239,0.02419638070563269,0.7433402526506913,-0.0731940997615772
frozen_GE_teacher,CO[C@H]1CN(C)C(=O)c2ccc(NC(C)=O)cc2OC[C@@H](C)N(CC2CC2)C[C@H]1C,9.99204,0.22490073134472846,0.22881198716007745,0.06905593984482389,0.15975604731525356,0.12404171086896201
frozen_GE_teacher,CO[C@H]1CN(C)C(=O)c2ccc(NC(C)=O)cc2OC[C@@H](C)NC[C@H]1C,10.0876,0.013456443647237176,0.013457255947930607,0.03669479472913577,-0.02323753878120516,0.17749293197062632
frozen_GE_teacher,CO[C@H]1CN(C)C(=O)c2ccc(NC(C)=O)cc2OC[C@H](C)N(C(=O)c2cccnc2)C[C@H]1C,9.96599,0.20187291857311776,0.204684274922922,-0.028840867521884715,0.2335251424448067,-0.14878101265719687
frozen_GE_teacher,CO[C@H]1CN(C)C(=O)c2ccc(NC(C)=O)cc2OC[C@H](C)N(Cc2ccccc2F)C[C@H]1C,10.0199,-0.09398300464541987,-0.09426119163283643,0.028771108535107854,-0.12303230016794428,-0.008815017208716865
frozen_GE_teacher,CO[C@H]1CN(C)C(=O)c2ccc(NC(C)=O)cc2OC[C@H](C)NC[C@@H]1C,9.94597,0.07261242052579438,0.07274044364533858,0.020724575300367136,0.05201586834497144,-0.2740125184993206
frozen_GE_teacher,CO[C@H]1CN(C)C(=O)c2ccc(NS(=O)(=O)CC(F)(F)F)cc2OC[C@H](C)N(C(=O)c2ccc3c(c2)OCO3)C[C@@H]1C,10.1024,-0.2902276009919897,-0.2988147814021937,0.023536679905260996,-0.3223514613074547,-0.1038776512683442
frozen_GE_teacher,CO[C@H]1CN(C)C(=O)c2ccc(NS(=O)(=O)CC(F)(F)F)cc2OC[C@H](C)N(C)C[C@H]1C,10.1019,0.2062700458475673,0.20927248777872492,-0.03807703139072472,0.24734951916944964,-0.07220825318383756
frozen_GE_teacher,CO[C@H]1CN(C)C(=O)c2ccc(NS(=O)(=O)CC(F)(F)F)cc2OC[C@H](C)N(Cc2ccccn2)C[C@@H]1C,10.0185,-0.18850448445937967,-0.1907860995995896,0.023927453567170298,-0.21471355316675989,-0.13920431418891235
frozen_GE_teacher,CO[C@H]1CN(C)C(=O)c2ccc(NS(=O)(=O)c3ccc(C)cc3)cc2OC[C@@H](C)NC[C@H]1C,9.96309,0.01935362738296576,0.019356044309717085,-0.054216954226162316,0.0735729985358794,-0.0017016314150778908
frozen_GE_teacher,CO[C@H]1CN(C)C(=O)c2ccc(NS(=O)(=O)c3ccc(F)cc3)cc2OC[C@@H](C)NC[C@@H]1C,10.0383,0.4774285489639737,0.5196483329057937,-0.005991788627934588,0.5256401215337283,0.5097487735603733
frozen_GE_teacher,CO[C@H]1CN(C)C(=O)c2ccc(NS(=O)(=O)c3ccc(Oc4ccccc4)cc3)cc2OC[C@H](C)NC[C@H]1C,9.98449,0.031013844511851005,0.03102379389827585,0.003917772081042093,0.027106021817233757,-0.06778273760764475
frozen_GE_teacher,CO[C@H]1CN(C)C(=O)c2ccc(NS(=O)(=O)c3cccc(Cl)c3)cc2OC[C@@H](C)NC[C@H]1C,9.95143,-0.025788840702920018,-0.025794560064477376,0.027541676986222428,-0.0533362370506998,0.001906044393365263
frozen_GE_teacher,CO[C@H]1CN(C)C(=O)c2ccc(NS(=O)(=O)c3ccccc3)cc2OC[C@@H](C)N(C)C[C@H]1C,10.0321,0.08909609133404107,0.08933297222239223,0.14859476159759955,-0.05926178937520732,0.1189014971057642
frozen_GE_teacher,CO[C@H]1CN(C)C(=O)c2ccc(NS(=O)(=O)c3ccccc3)cc2OC[C@@H](C)N(Cc2cccnc2)C[C@@H]1C,10.0261,0.3027661866116616,0.31256215368132567,0.06346010833648472,0.24910204534484096,-0.15602786380256506
frozen_GE_teacher,CO[C@H]1CN(C)C(=O)c2ccc(NS(=O)(=O)c3ccccc3)cc2OC[C@H](C)N(C(=O)NC(C)C)C[C@H]1C,10.0555,-0.030216514573546776,-0.030225715887617584,0.0797936035785978,-0.11001931946621538,-0.03708795868955593
frozen_GE_teacher,CO[C@H]1CN(C)C(=O)c2ccc(NS(=O)(=O)c3ccccc3)cc2OC[C@H](C)N(Cc2cccnc2)C[C@H]1C,10.0262,-0.030697681474058634,-0.030707329559067385,-0.05809783397293401,0.027390504413866628,-0.3469284189793864
frozen_GE_teacher,CO[C@H]1CN(C)C(=O)c2ccc(NS(=O)(=O)c3ccccc3Cl)cc2OC[C@@H](C)NC[C@@H]1C,10.0183,-0.05937201484191109,-0.05944192559715092,0.014355028180743207,-0.07379695377789412,0.09202668419121103
frozen_GE_teacher,CO[C@H]1CN(C)C(=O)c2ccc(NS(=O)(=O)c3cn(C)cn3)cc2OC[C@@H](C)N(Cc2cccc(F)c2)C[C@@H]1C,9.9693,0.09777276005942735,0.09808611264232689,0.03210771970882344,0.06597839293350345,0.10735421816152917
frozen_GE_teacher,CO[C@H]1CN(C)C(=O)c2ccc(NS(=O)(=O)c3cn(C)cn3)cc2OC[C@@H](C)N(Cc2cccc(F)c2)C[C@H]1C,9.95446,0.14509291264154506,0.1461241329161982,0.006309921479039169,0.13981421143715902,0.14046715736178148
frozen_GE_teacher,CO[C@H]1CN(C)C(=O)c2ccc(NS(=O)(=O)c3cn(C)cn3)cc2OC[C@H](C)NC[C@H]1C,10.0195,-0.015655930414423664,-0.0156572097346561,-0.03846150351214568,0.02280429377748958,0.27119834154030137
frozen_GE_teacher,CO[C@H]1CN(C)C(=O)c2ccc(NS(C)(=O)=O)cc2OC[C@@H](C)N(C(=O)C2CCCCC2)C[C@@H]1C,9.97152,0.17558046736892693,0.17741888874586872,-0.055309269815478034,0.23272815856134677,-0.034173726295106156
frozen_GE_teacher,CO[C@H]1CN(C)C(=O)c2ccc(NS(C)(=O)=O)cc2OC[C@@H](C)N(C)C[C@@H]1C,10.0138,0.19930768521287526,0.20201149669223473,-0.04499105585784531,0.24700255255008002,0.21283018066401116
frozen_GE_teacher,CO[C@H]1CN(C)C(=O)c2ccc(NS(C)(=O)=O)cc2OC[C@@H](C)N(Cc2ccccn2)C[C@H]1C,10.0222,0.12306337772517682,0.1236903329885099,-0.021592095718849198,0.1452824287073591,0.05733211064465288
frozen_GE_teacher,CO[C@H]1CN(C)C(=O)c2ccc(NS(C)(=O)=O)cc2OC[C@@H](C)N(Cc2cccnc2)C[C@@H]1C,10.0027,0.48507823900919095,0.52960388366697,-0.05813707161658527,0.5877409552835553,0.16135700380501955
frozen_GE_teacher,CO[C@H]1CN(C)C(=O)c2ccc(NS(C)(=O)=O)cc2OC[C@@H](C)N(Cc2nccs2)C[C@H]1C,9.98771,-0.28415351892361157,-0.2921946540303979,0.04872992833457707,-0.34092458236497497,0.03859855196662212
frozen_GE_teacher,CO[C@H]1CN(C)C(=O)c2ccc(NS(C)(=O)=O)cc2OC[C@@H](C)N(S(C)(=O)=O)C[C@@H]1C,9.94201,0.11502995899800546,0.1155413800649843,-0.00744052918467099,0.12298190924965528,0.02014053724945713
frozen_GE_teacher,CO[C@H]1CN(C)C(=O)c2ccc(NS(C)(=O)=O)cc2OC[C@H](C)N(Cc2ccccc2)C[C@H]1C,9.98944,-0.18974223961113368,-0.19206976876388265,0.004146779610218118,-0.19621654837410077,0.08237520122210527
frozen_GE_teacher,CO[C@H]1CN(C)C(=O)c2ccc(NS(C)(=O)=O)cc2OC[C@H](C)N(Cc2ccccn2)C[C@H]1C,10.063,0.12614255592645504,0.126818074821821,0.021317641363211882,0.10550043345860913,-0.03237984554200653
frozen_GE_teacher,CO[C@H]1CN(C)C(=O)c2cccc(C#N)c2OC[C@@H]2O[C@H](CC[C@H]2OC)CCN(C)C(=O)[C@H]1C,10.0154,-0.20481530186040348,-0.20775357266865008,-0.08806538687877856,-0.11968818578987152,-0.02999973560515072
frozen_GE_teacher,COc1c(C=NNC(=O)c2ccccc2O)c(CCN(C)C(C)=O)cc2c1OCO2,10.0,0.17267800074959788,0.17442566216881722,0.09175104395813281,0.0826746182106844,-0.016372870092843023
frozen_GE_teacher,COc1c2c(cc3occ(-c4ccc5c(c4)OCO5)c(=O)c13)OC(C)(C)C=C2,10.0,0.38348922988478856,0.40414411114204046,-0.0331682399017839,0.4373123510438244,-0.274838559775304
frozen_GE_teacher,COc1cc(-c2coc3cc(OCc4ccccc4)c(OC)c(O)c3c2=O)cc(OCc2ccccc2)c1OC,10.0,0.25755929302226643,0.2634925204025505,0.054628051007782744,0.20886446939476777,0.22966046394437606
frozen_GE_teacher,COc1cc(/C=C/C(=O)O)cc(OC)c1OC,10.0,0.5818263944686645,0.6652193668785433,0.05016891773639288,0.6150504491421505,0.2977481835101882
frozen_GE_teacher,COc1cc(/C=C2\SC(Nc3ccc(O)cc3)=NC2=O)cc(OC)c1O,20.0,0.546082015369941,0.6127813733290116,-0.03250346273841435,0.6452848360674259,-0.08381745895828699
frozen_GE_teacher,COc1cc(C(=O)N2CCN(c3cccc(C)c3C)CC2)cc(OC)c1OC,10.0,0.4261779251404356,0.45521699561183954,0.06858548166035093,0.3866315139514886,0.13314233320851232
frozen_GE_teacher,COc1cc(C(=O)N=c2sc3ccccc3n2C)cc(OC)c1OC,10.0,0.4591244064495745,0.4962012586269202,0.037732038298774195,0.458469220328146,0.16094153386498877
frozen_GE_teacher,COc1cc(C(=O)NN=Cc2ccc(OC)c(CN3CCN(c4ccc(F)cc4)CC3)c2)ccc1O,10.0,0.36389254445500174,0.38136527562341443,0.17380036516275715,0.20756491046065728,0.09377135351376126
frozen_GE_teacher,COc1cc(C2C(C#N)=C(N)OC3=C2C(=O)CCC3)cc(OC)c1OC(=O)N1CCOCC1,10.0,0.14092866931274042,0.14187293710729756,0.05016847168301028,0.09170446542428728,0.4744249643886901
frozen_GE_teacher,COc1cc(C=Cc2ccc(OC)cc2OC)cc(OC)c1,10.0,-0.14874913508864404,-0.1498610236213037,-0.005206238222939835,-0.14465478539836388,0.13926107490871648
frozen_GE_teacher,COc1cc(C=Nn2nnnc2N)ccc1OCc1ccc(F)cc1,10.0,0.3846965884639085,0.4055604133407126,0.15851988379161988,0.2470405295490927,0.037602209082136684
frozen_GE_teacher,COc1cc(NC(=O)c2ccc(C(C)(C)C)cc2)c(OC)cc1NC(=O)CN1CCCCC1,10.0,0.36595336766636366,0.3837426986832946,-0.03866155763544589,0.42240425631874046,0.01145387542912641
frozen_GE_teacher,COc1cc(OC)cc(C(=O)Nc2nc[nH]n2)c1,20.0,0.28313031378416575,0.2910819268097829,0.1578677505157466,0.13321417629403629,0.30032365315457343
frozen_GE_teacher,COc1cc([C@@H]2c3cc4c(c(O)c3C[C@H]3COC(=O)[C@@H]32)OCO4)cc(OC)c1OC,10.0,0.3574284534878346,0.3739345893986328,-0.01570510530424715,0.3896396947028799,0.8463305947213964
frozen_GE_teacher,COc1cc([C@@H]2c3cc4c(cc3[C@H](O)[C@H]3COC(=O)[C@H]23)OCO4)cc(OC)c1OC,10.0,0.10584575404982716,0.10624370728049766,0.06515672080031928,0.041086986480178375,0.29492625267406003
frozen_GE_teacher,COc1cc2c(cc1NC(=O)CSc1nc3ccccc3[nH]1)oc1ccccc12,10.0,0.4303602598494821,0.46033874765143323,0.06692599167594651,0.39341275597548675,0.011797277687177865
frozen_GE_teacher,COc1cc2c(cc1O)CCNC2C,10.0,0.7965640058415877,1.089139901803707,0.28615146984781636,0.8029884319558905,0.8720296252899363
frozen_GE_teacher,COc1cc2ccccc2cc1C(=O)Nc1ccc(O)cc1,10.0,-0.16491940799667146,-0.16643947417952215,-0.009488127746304708,-0.15695134643321745,-0.3248966335919654
frozen_GE_teacher,COc1cc2ncnc(Nc3ccc(Cl)cc3F)c2cc1OC,10.0,0.14641741660103683,0.147477386375866,0.02518281415150063,0.12229457222436536,0.07979726593556331
frozen_GE_teacher,COc1ccc(-c2cc(C(=O)NN=Cc3ccc(OC)c(COCC(F)(F)C(F)F)c3)c3ccccc3n2)c(OC)c1,10.0,0.33631009600797906,0.34992620331101015,0.04662904080725601,0.30329716250375416,-0.028968986855068504
frozen_GE_teacher,COc1ccc(-c2ccc([C@H]3[C@@H](C#N)N(C(=O)NC4CCCCC4)[C@H]3CO)cc2)cc1,10.1014,0.14042684373724337,0.141360979766051,-0.06093984823770658,0.2023008280037576,0.2666967245612388
frozen_GE_teacher,COc1ccc(-c2ccc([C@H]3[C@H](C#N)N(C(=O)NC4CCCCC4)[C@H]3CO)cc2)cc1,9.85492,0.2880318809236715,0.2964187623983066,0.0011505666165658873,0.29526819578174074,0.25497472974344854
frozen_GE_teacher,COc1ccc(-c2ccc3n(c2=O)C[C@@H]2[C@@H](CO)[C@H](C(=O)N(C)C)[C@H]3N2C(=O)c2cnccn2)cc1,9.93628,-0.38603979966208324,-0.40713789453640586,-0.06403482510427404,-0.3431030694321318,0.25862333189730113
frozen_GE_teacher,COc1ccc(-c2ccc3n(c2=O)C[C@@H]2[C@@H](CO)[C@H](C(=O)O)[C@H]3N2C(=O)c2ccccc2F)cc1,10.0589,0.2276773199811068,0.231738431718729,-0.030380429759780912,0.2621188614785099,0.056964699106906755
frozen_GE_teacher,COc1ccc(-c2ccc3n(c2=O)C[C@H]2[C@H](CO)[C@@H](C(=O)N(C)C)[C@@H]3N2C(=O)c2cnccn2)cc1,9.95692,0.1410303572334575,0.14197668708201186,0.0897052016506268,0.05227148543138506,0.08840348552472153
frozen_GE_teacher,COc1ccc(-c2cn(CC[C@@H]3CC[C@@H](NC(=O)CCN4CCCCC4)[C@H](CO)O3)nn2)cc1,10.1492,0.10174654347432117,0.10209984617980347,-0.026937598492063456,0.12903744467186692,-0.33012376415138217
frozen_GE_teacher,COc1ccc(-c2cnc3c(c2)C(=O)N([C@@H](C)CO)C[C@H](C)[C@H](CN(C)C(=O)C2CCCCC2)O3)cc1,10.026732,0.8024199516786368,1.105370824190486,0.6484171943116327,0.45695362987885335,0.4700344539592082
frozen_GE_teacher,COc1ccc(-c2cnc3c(c2)C(=O)N([C@H](C)CO)C[C@@H](C)[C@@H](CN(C)C(=O)C2CCCCC2)O3)cc1,9.97959,-0.007651421126763131,-0.007651570447566631,-0.006370546286722002,-0.0012810241608446288,0.14211646100775574
frozen_GE_teacher,COc1ccc(-c2cnc3c(c2)C(=O)N([C@H](C)CO)C[C@@H](C)[C@@H](CN(C)C(=O)Cc2cccnc2)O3)cc1,10.0355,0.007734999625580195,0.0077351538933592145,0.03253124619058148,-0.024796092297222266,0.3538996496582425
frozen_GE_teacher,COc1ccc(-c2cnc3c(c2)C(=O)N([C@H](C)CO)C[C@H](C)[C@H](CN(C)C(=O)Nc2ccc(F)cc2)O3)cc1,10.1543,0.36612888002471594,0.3839453655920766,0.003357441464725377,0.3805879241273512,0.3593335948948206
frozen_GE_teacher,COc1ccc(-c2csc(N=C(N)N)n2)cc1,10.0,0.6035474599105072,0.6987086398048991,-0.048658543538094075,0.7473671833429931,0.11054104465229617
frozen_GE_teacher,COc1ccc(-c2csc(NC(=O)c3nc(-c4ccccc4)oc3C)n2)cc1,10.0,0.5859229654955276,0.6714348996252999,0.09561036166140559,0.5758245379638943,0.3668047934454196
frozen_GE_teacher,COc1ccc(-c2csc3nc(-c4ccc(C)cc4)oc(=O)c23)cc1OC,10.0,0.26165461113106353,0.26788380009729307,0.10951678102375614,0.15836701907353692,0.16691154414816514
frozen_GE_teacher,COc1ccc(-n2ncc3c(NCC4CCCO4)ncnc32)cc1,10.0,0.45015054539126087,0.48488906628377193,0.3509786580049538,0.13391040827881812,-0.1563463546064759
frozen_GE_teacher,COc1ccc(/C=C/C(=O)OCC(=O)c2c(N)n(C)c(=O)n(C)c2=O)c(OC)c1,10.0,-0.01231202698654607,-0.012312649153476681,0.09158795255398128,-0.10390060170745796,0.10224506450539342
frozen_GE_teacher,COc1ccc(/C=C2\SC(=S)N(CCCC(=O)Nc3ccc(C(=O)O)c(O)c3)C2=O)cc1OC,20.0,0.030104954016143284,0.030114053754417076,0.021220133940443198,0.008893919813973878,0.2625774531046426
frozen_GE_teacher,COc1ccc(C#Cc2ccc3c(c2)O[C@@H](CN(C)C(=O)CN2CCOCC2)[C@H](C)CN([C@H](C)CO)S3(=O)=O)cc1,10.1227,0.2739267203692978,0.2811041846414579,-0.031092305527754584,0.3121964901692125,0.1314658763970178
frozen_GE_teacher,COc1ccc(C#Cc2ccc3c(c2)O[C@H](CN(C)S(=O)(=O)c2ccccc2F)[C@@H](C)CN([C@H](C)CO)S3(=O)=O)cc1,10.0526,-0.4701008926164891,-0.5101998434265602,0.059737593148707774,-0.569937436575268,-0.004142258907202351
frozen_GE_teacher,COc1ccc(C#Cc2cnc3c(c2)C(=O)N([C@H](C)CO)C[C@@H](C)[C@@H](CN(C)C(=O)CC2CC2)O3)cc1,10.0928,0.07795334096975377,0.07811181948659078,0.03111353918228544,0.04699828030430534,0.10656969892144394
frozen_GE_teacher,COc1ccc(C#Cc2cnc3c(c2)C(=O)N([C@H](C)CO)C[C@H](C)[C@@H](CN(C)C(=O)CC2CC2)O3)cc1,10.0517,-0.03879401748707259,-0.038813496431711975,-0.004352585264800198,-0.03446091116691177,0.4278115564103855
frozen_GE_teacher,COc1ccc(C(=C2C(=O)Nc3ccccc32)c2ccc(OC)cc2)cc1,10.0,0.12591336300857325,0.12658518286912404,0.02018330977857158,0.10640187309055246,-0.03282080453999448
frozen_GE_teacher,COc1ccc(C(=O)C2CCCN(Cc3cccn3-c3ccc(Cl)cn3)C2)c(OC)c1,10.0,0.1919394553042443,0.1943500332686473,-0.05641999237979255,0.25077002564843986,-0.024471186974738254
frozen_GE_teacher,COc1ccc(C(=O)Cn2c(Cl)nc3c2c(=O)n(C)c(=O)n3C)cc1,10.0,0.13935643515895882,0.14026920541048693,0.0863011573797346,0.053968048030752336,-0.01942268412688658
frozen_GE_teacher,COc1ccc(C(=O)NN=C(C)CC(=O)Nc2cccc(C(F)(F)F)c2)cc1,10.0,0.338229672806195,0.3520921609035827,-0.03824839364425892,0.3903405545478416,-0.3768112616582423
frozen_GE_teacher,COc1ccc(C(=O)Nc2ccc3c(c2)C(=O)N(C)C[C@@H](OC)[C@H](C)CN(C)[C@H](C)CO3)cc1,10.0664,0.3024643346679267,0.31222987277952563,0.037720269941493925,0.2745096028380317,-0.14716075882306578
frozen_GE_teacher,COc1ccc(C(=O)Nc2ccc3c(c2)C(=O)N(C)[C@H]2CC[C@@H](CC(=O)NCC4CC4)O[C@@H]2CO3)cc1,10.0055,0.1707346593317965,0.1724232837949616,-0.12359140338117863,0.2960146871761402,0.16891799201699587
frozen_GE_teacher,COc1ccc(C(=O)Nc2ccc3c(c2)OC[C@@H](C)N(C(C)=O)C[C@@H](C)[C@@H](OC)CN(C)C3=O)cc1,10.0852,-0.23284663244429318,-0.237197185329863,0.023169211213039623,-0.2603663965429026,0.07601811767793247
frozen_GE_teacher,COc1ccc(C(=O)Nc2ccc3c(c2)OC[C@@H](C)N(C(C)=O)C[C@H](C)[C@@H](OC)CN(C)C3=O)cc1,10.0281,-0.4885559888986189,-0.5341618374345446,0.03570676115816294,-0.5698685985927076,0.11420265924971779
frozen_GE_teacher,COc1ccc(C(=O)Nc2ccc3c(c2)OC[C@@H](C)NC[C@@H](C)[C@@H](OC)CN(C)C3=O)cc1,9.95246,0.11082270875563986,0.11127977773784098,0.09811386453650672,0.013165913201334256,-0.029839743012912368
frozen_GE_teacher,COc1ccc(C(=O)Nc2ccc3c(c2)OC[C@H](C)N(C(C)=O)C[C@@H](C)[C@H](OC)CN(C)C3=O)cc1,10.0878,-0.028183966616311104,-0.02819143268783572,0.053802013825576867,-0.08199344651341259,-0.14349279374457238
frozen_GE_teacher,COc1ccc(C(=O)Nc2ccc3c(c2)OC[C@H](C)NC[C@@H](C)[C@@H](OC)CN(C)C3=O)cc1,9.99286,0.020622852662646168,0.02062577705611757,0.022394840651727373,-0.0017690635956098023,-0.09346837311073738
frozen_GE_teacher,COc1ccc(C(=O)ON=C(C)c2cnccn2)cc1,10.0,0.3671802151615688,0.38515998956036335,-0.02948067744423903,0.4146406670046024,-0.06183861256595603
frozen_GE_teacher,COc1ccc(C(=O)c2c[nH]c3ccccc23)cc1,10.0,0.4422658390933675,0.4750441102865848,0.08691166702485087,0.3881324432617339,0.2743864079427228
frozen_GE_teacher,COc1ccc(C2=C(Oc3ccc(F)cc3)c3ccc(OC)cc3S2=O)cc1,10.0,0.022641597773953897,0.022645467975383044,0.16540836941987486,-0.1427629014444918,0.01166142553402788
frozen_GE_teacher,COc1ccc(C2=NN(C(=O)c3cccs3)C(O)(C(F)(F)F)C2)cc1,10.0,-0.15447397964868287,-0.1557205736854639,0.07876570562473659,-0.2344862793102005,0.20738531729674722
frozen_GE_teacher,COc1ccc(C2CC(c3c(O)cc(C)oc3=O)=NCCS2)c(OC)c1,10.0,0.7083565804604623,0.8838776166216303,0.16850048685081376,0.7153771297708166,0.2251321859601928
frozen_GE_teacher,COc1ccc(C2Sc3ccccc3N(CCN(C)C)C(=O)C2OC(C)=O)cc1,10.0,0.3217050630895641,0.33354784647676544,0.33643714678674713,-0.0028893003099816905,-0.05189385223873283
frozen_GE_teacher,COc1ccc(C=NNC(=O)c2ccc(O)cc2O)cc1CSc1ccccn1,10.0,0.741361543448506,0.9534957083043621,0.318343802947485,0.6351519053568772,0.3148282583064673
frozen_GE_teacher,COc1ccc(CC(=O)N2N=C(C)CC2(O)C(F)(F)F)cc1OC,10.0,0.1445378083294368,0.1455571378578623,-0.10869599854186945,0.2542531363997318,0.29866472600621397
frozen_GE_teacher,COc1ccc(CC(=O)NN=C/C=C/c2cccc([N+](=O)[O-])c2)cc1OC,10.0,0.2800435310581218,0.2877293072975767,-0.06309805227921228,0.35082735957678896,0.10898495428809074
frozen_GE_teacher,COc1ccc(CCNC(=O)c2cc(C(=O)c3cc(C)ccc3O)cn(CCc3ccc(OC)cc3)c2=O)cc1,10.0,0.24934450815808182,0.2547137426668297,0.02249252511141217,0.23222121755541755,-0.02946200861688145
frozen_GE_teacher,COc1ccc(CN(C)C[C@@H]2OCCCC[C@@H](C)Oc3ccc(NC(=O)NC(C)C)cc3C(=O)N([C@H](C)CO)C[C@@H]2C)cc1,9.9869,-0.26624322556344243,-0.27281605091370764,0.023872924000595652,-0.2966889749143033,-0.391513523139328
frozen_GE_teacher,COc1ccc(CN(C)C[C@@H]2OCCCC[C@H](C)Oc3ccc(NC(=O)NC(C)C)cc3C(=O)N([C@H](C)CO)C[C@H]2C)cc1,9.98914,-0.14491453342203395,-0.1459419225259767,0.04064473087560135,-0.18658665340157807,0.07536176360971072
frozen_GE_teacher,COc1ccc(CN(C)C[C@@H]2OCCCC[C@H](C)Oc3ccc(NS(C)(=O)=O)cc3C(=O)N([C@@H](C)CO)C[C@H]2C)cc1,10.1587,-0.11741996951827191,-0.11796411874280252,0.02562697595396021,-0.14359109469676273,-0.03203036513768715
frozen_GE_teacher,COc1ccc(CN(C)C[C@@H]2OCc3cnnn3CCCC(=O)N([C@H](C)CO)C[C@H]2C)cc1,10.0132,0.28568256055242985,0.29385878761576195,0.032861898676552564,0.26099688893920936,0.45087374541084035
frozen_GE_teacher,COc1ccc(CN(C)C[C@@H]2Oc3c(NC(=O)c4nc5ccccc5s4)cccc3C(=O)N([C@@H](C)CO)C[C@H]2C)cc1,10.024,0.04246662613404118,0.042492182099989034,0.04136623034591708,0.0011259517540719577,-0.030754915469831865
frozen_GE_teacher,COc1ccc(CN(C)C[C@@H]2Oc3ccc(NC(=O)CCC(F)(F)F)cc3CC(=O)N([C@H](C)CO)C[C@H]2C)cc1,10.2955,0.34562288400777846,0.36046424019606776,0.09536256237438227,0.2651016778216855,0.09311594071714953
frozen_GE_teacher,COc1ccc(CN(C)C[C@@H]2Oc3ccc(NC(=O)CCN4CCOCC4)cc3C(=O)N([C@H](C)CO)C[C@H]2C)cc1,9.94528,0.2304031215154513,0.23461514621024387,0.02323399036009678,0.2113811558501471,-0.110468572021133
frozen_GE_teacher,COc1ccc(CN(C)C[C@@H]2Oc3ccc(NC(=O)Nc4ccc5c(c4)OCO5)cc3CC(=O)N([C@@H](C)CO)C[C@@H]2C)cc1,9.99165,0.15132944704638243,0.15250076242109945,-0.03985503312684631,0.19235579554794574,0.1364841081530328
frozen_GE_teacher,COc1ccc(CN(C)C[C@H]2OCCCC[C@@H](C)Oc3ccc(N(C)C)cc3C(=O)N([C@@H](C)CO)C[C@@H]2C)cc1,10.0205,0.4766469748664377,0.5186365011835843,0.07122570496481329,0.447410796218771,0.383741221110412
frozen_GE_teacher,COc1ccc(CN(C)C[C@H]2OCCCC[C@@H](C)Oc3ccc(NC(=O)NC(C)C)cc3C(=O)N([C@@H](C)CO)C[C@H]2C)cc1,10.013,0.20940345818822464,0.21254736526901172,0.03351708359555976,0.17903028167345197,0.23676927102365214
frozen_GE_teacher,COc1ccc(CN(C)C[C@H]2OCCCC[C@@H](C)Oc3ccc(NS(C)(=O)=O)cc3C(=O)N([C@@H](C)CO)C[C@H]2C)cc1,10.0169,0.222970023155457,0.22677934730724994,0.06997373866168018,0.15680560864556975,0.030641917321608148
frozen_GE_teacher,COc1ccc(CN(C)C[C@H]2OCCCC[C@H](C)Oc3ccc(N(C)C)cc3C(=O)N([C@@H](C)CO)C[C@@H]2C)cc1,10.0608,0.22190178133433808,0.22565549993971146,0.007341055919224187,0.21831444402048727,-0.08065790306448985
frozen_GE_teacher,COc1ccc(CN(C)C[C@H]2OCCCC[C@H](C)Oc3ccc(N(C)C)cc3C(=O)N([C@H](C)CO)C[C@H]2C)cc1,9.90503,-0.3293133767965082,-0.34205791574227484,0.0364192924538423,-0.37847720819611713,-0.1370062984922237
frozen_GE_teacher,COc1ccc(CN(C)C[C@H]2Oc3ccc(NC(=O)Nc4c(C)noc4C)cc3C(=O)N([C@H](C)CO)C[C@@H]2C)cc1,10.1546,0.04392280212494156,0.04395108033862216,-0.017468504093582193,0.061419584432204355,0.25578791619684893
frozen_GE_teacher,COc1ccc(CN2CCN(c3cccc(C)c3C)CC2)cc1OC,10.0,0.2945780832374916,0.3035720146503479,0.04720722774591905,0.2563647869044288,0.022190728991971914
frozen_GE_teacher,COc1ccc(CN2C[C@@H](O)COC[C@H]3O[C@@H](CC(=O)NCCN4CCCC4)CC[C@@H]32)cc1,10.1432,0.33245185516028714,0.3455822547006979,-0.11414770623874941,0.45972996093944735,0.22125171208311326
frozen_GE_teacher,COc1ccc(CN2C[C@H](C)[C@@H](OC)CN(C)C(=O)c3ccc(NC(=O)c4nc5ccccc5s4)cc3OC[C@H]2C)cc1,9.90805,0.14031811258883622,0.14125006306690033,-0.12264020284235785,0.2638902659092582,0.38401887540347357
frozen_GE_teacher,COc1ccc(CNC(=O)C[C@@H]2C=C[C@@H](NC(=O)c3ccc4c(c3)OCO4)[C@H](CO)O2)cc1,9.96174,0.43079962122547805,0.46087810549474645,-0.09480656562287404,0.5556846711176204,-0.009783966555195076
frozen_GE_teacher,COc1ccc(CNC(=O)C[C@@H]2CC[C@@H](NC(=O)CN(C)C)[C@@H](CO)O2)cc1,10.1579,-0.12141932788084978,-0.1220213431160095,-0.017733398299217197,-0.1042879448167923,-0.011477678915924775
frozen_GE_teacher,COc1ccc(CNC(=O)C[C@@H]2CC[C@@H](NC(=O)CN(C)C)[C@H](CO)O2)cc1,10.1382,0.24322487938088075,0.24819892451702494,-0.022845327967502566,0.2710442524845275,-0.24830822616601225
frozen_GE_teacher,COc1ccc(CNC(=O)C[C@@H]2CC[C@@H](NC(=O)c3cccc(F)c3)[C@@H](CO)O2)cc1,10.02,0.42022720018058307,0.4479679177883515,0.05116780978046724,0.39680010800788423,0.3431162296761435
frozen_GE_teacher,COc1ccc(CNC(=O)C[C@@H]2CC[C@H](NC(=O)Nc3ccc4c(c3)OCO4)[C@@H](CO)O2)cc1,10.0739,-0.3092272176297364,-0.3196906932929709,-0.015978438984772934,-0.303712254308198,-0.11956085649535517
frozen_GE_teacher,COc1ccc(CNC(=O)C[C@@H]2CC[C@H](NC(=O)c3cccc(F)c3)[C@@H](CO)O2)cc1,9.91708,0.3040293614277811,0.31395339259017163,0.025052001351938052,0.28890139123823355,0.198707652899951
frozen_GE_teacher,COc1ccc(CNC(=O)C[C@@H]2CC[C@H]3[C@H](COc4ccc(NC(=O)C(C)C)cc4C(=O)N3C)O2)cc1,9.85099,-0.4737709042406474,-0.5149214874765939,0.012644489354220585,-0.5275659768308145,0.38826769495597324
frozen_GE_teacher,COc1ccc(CNC(=O)C[C@H]2CC[C@@H](NC(=O)Nc3ccc4c(c3)OCO4)[C@@H](CO)O2)cc1,9.92659,0.31006032041166615,0.32061214418373957,0.030314902701157182,0.2902972414825824,0.012074029092319572
frozen_GE_teacher,COc1ccc(CNC(=O)C[C@H]2CC[C@@H](NC(=O)Nc3ccc4c(c3)OCO4)[C@H](CO)O2)cc1,10.0182,0.12657926880202217,0.12726187388004287,-0.009960354859478014,0.1372222287395209,-0.08079765709991629
frozen_GE_teacher,COc1ccc(CNC(=O)C[C@H]2CC[C@@H](NC(=O)c3cccc(F)c3)[C@@H](CO)O2)cc1,9.91934,0.09855322275681683,0.09887416907165773,0.01653218180461921,0.08234198726703852,0.14071026770287637
frozen_GE_teacher,COc1ccc(CNC(=O)C[C@H]2CC[C@H](NC(=O)CN(C)C)[C@@H](CO)O2)cc1,10.0269,-0.045588843709935066,-0.045620466232506,0.0028338515070357425,-0.048454317739541744,0.02475222618912405
frozen_GE_teacher,COc1ccc(CNC(=O)C[C@H]2CC[C@H]3[C@H](COc4ccc(NC(=O)C(C)C)cc4C(=O)N3C)O2)cc1,10.3362,-0.21741500581491865,-0.22094125340916593,-0.022131796923406798,-0.19880945648575912,-0.08883671237515486
frozen_GE_teacher,COc1ccc(CNC(=O)C[C@H]2C[C@H]3c4cc(NC(=O)C5CCC5)ccc4O[C@H]3[C@@H](CO)O2)cc1,9.89834,0.3841892304038747,0.4049650649377464,-0.15048733333481007,0.5554523982725565,-0.12019202481553931
frozen_GE_teacher,COc1ccc(CNC(=O)C[C@H]2C[C@H]3c4cc(NC(=O)CN(C)C)ccc4O[C@H]3[C@H](CO)O2)cc1,10.0036,0.04282426354391064,0.04285047111026879,-0.015192420066998398,0.058042891177267186,0.15086464657384804
frozen_GE_teacher,COc1ccc(CNC(=O)N(C)C[C@@H]2OCc3ccccc3-c3c(n(C)c4ccccc34)C(=O)N([C@H](C)CO)C[C@H]2C)cc1,9.93869,0.19204188047975748,0.19445637836896423,-0.0674377844369494,0.2618941628059136,0.025189929571969943
frozen_GE_teacher,COc1ccc(CNC(=O)N(C)C[C@@H]2OCc3ccccc3-c3ccccc3C(=O)N([C@H](C)CO)C[C@H]2C)cc1,10.4034,0.2661173568621168,0.27268058412646,0.1857120313307976,0.0869685527956624,-0.21854079286319927
frozen_GE_teacher,COc1ccc(CNC(=O)N(C)C[C@H]2OCc3ccccc3-c3c(n(C)c4ccccc34)C(=O)N([C@@H](C)CO)C[C@H]2C)cc1,9.849794,-0.11138052702084981,-0.11184456754061001,-0.0682442438697225,-0.04360032367088751,-0.2546578613139733
frozen_GE_teacher,COc1ccc(CNC(=O)c2cc3c(c(-c4cccc(-c5ccc(C#N)cc5)c4)n2)[C@@H](CCO)N([S@](=O)C(C)(C)C)C3)cc1,10.1091,0.59589608713459,0.6867593063136233,-0.04512683658525769,0.731886142898881,0.08415849919098278
frozen_GE_teacher,COc1ccc(CNC(=O)c2cc3c(c(-c4cccc(-c5cccc(C#N)c5)c4)n2)[C@@H](CCO)N([S@](=O)C(C)(C)C)C3)cc1,9.62243,-0.004712053415733083,-0.004712088290807735,-0.2107643328022351,0.20605224451142737,0.16558621071581758
frozen_GE_teacher,COc1ccc(CNC(=O)c2csc(Cc3ccccc3)n2)cc1,10.0,-0.20461953398891533,-0.20754924143346118,-0.02768712869247323,-0.17986211274098796,0.10720147008204359
frozen_GE_teacher,COc1ccc(Cc2nccc3cc(OC)c(OC)cc23)cc1OC,10.0,-0.04261734505801878,-0.042643174293026644,-0.018765346187844395,-0.02387782810518225,0.3074336062893699
frozen_GE_teacher,COc1ccc(Cn2nnnc2CN2CCC(O)(c3ccccc3F)CC2)cc1,10.0,0.4843076164455244,0.5285966295740572,0.06988428286187023,0.45871234671218697,-0.19662867643443976
frozen_GE_teacher,COc1ccc(N2C(=O)C(Cl)=C(N3CCCC(C)C3)C2=O)cc1,10.0,0.09491552781854322,0.0952021084795393,-0.05465758788046925,0.14985969636000857,-0.1980767393447792
frozen_GE_teacher,COc1ccc(N2CCN(C(=O)Cn3nnc(-c4ccccc4N)n3)CC2)cc1,10.0,0.0335222184714039,0.033534783687394994,0.047798299679328776,-0.014263515991933783,0.12265974922607079
frozen_GE_teacher,COc1ccc(N=Cc2cc3c(cc2O)OC(N)=C(C#N)C3c2ccccc2)cc1,10.0,0.07674286416470791,0.0768940569862807,0.0915807433219642,-0.0146866863356835,-0.00912112250426625
frozen_GE_teacher,COc1ccc(NC(=O)C2CCN(C(=O)c3cccs3)CC2)cc1,10.0,0.3914745627625038,0.41354029280859356,0.03770538732744838,0.3758349054811452,0.18931054346308648
frozen_GE_teacher,COc1ccc(NC(=O)CSc2ncccc2C(=O)OC(C)C)cc1OC,10.0,0.023051360723354054,0.02305544492276082,0.14353784646582018,-0.12048240154305936,-0.20718614951331799
frozen_GE_teacher,COc1ccc(NC(=O)N(C)C[C@@H]2OCCCC[C@H](C)Oc3ccc(N(C)C)cc3C(=O)N([C@H](C)CO)C[C@@H]2C)cc1,10.0196,0.23856360733855075,0.24325048306930047,-0.02770887893557095,0.2709593620048714,0.12134334032216597
frozen_GE_teacher,COc1ccc(NC(=O)N(C)C[C@@H]2OCc3ccccc3-c3c(n(C)c4ccccc34)C(=O)N([C@@H](C)CO)C[C@@H]2C)cc1,9.93272,0.17833056151024848,0.1802578830580897,0.022065783040851897,0.15819210001723782,0.043547124031595705
frozen_GE_teacher,COc1ccc(NC(=O)N(C)C[C@@H]2OCc3ccccc3-c3c(n(C)c4ccccc34)C(=O)N([C@H](C)CO)C[C@@H]2C)c(OC)c1,10.0489,0.22322205724113175,0.22704458264631733,-0.028656137012304676,0.255700719658622,-0.2937565019041902
frozen_GE_teacher,COc1ccc(NC(=O)N(C)C[C@@H]2OCc3ccccc3-c3ccccc3C(=O)N([C@@H](C)CO)C[C@@H]2C)cc1,10.1292,0.09023017161528556,0.09047624393696366,0.022041732966907722,0.06843451097005593,0.47807046955085
frozen_GE_teacher,COc1ccc(NC(=O)N(C)C[C@@H]2OCc3cn(nn3)CCCC(=O)N([C@H](C)CO)C[C@@H]2C)c(OC)c1,10.0017,0.08321051594231993,0.08340336735170309,0.008306818180747862,0.07509654917095523,-0.1307658275528801
frozen_GE_teacher,COc1ccc(NC(=O)N(C)C[C@@H]2Oc3c(NC(=O)c4ccncc4)cccc3C(=O)N([C@@H](C)CO)C[C@@H]2C)cc1,9.94418,0.051342170212123145,0.051387354667094126,-0.01278749989583817,0.0641748545629323,0.05298158507626617
frozen_GE_teacher,COc1ccc(NC(=O)N(C)C[C@@H]2Oc3cc(-c4cccc(C(=O)N(C)C)c4)ccc3S(=O)(=O)N([C@@H](C)CO)C[C@H]2C)cc1,10.0208,0.03441688206008201,0.03443048090829726,-0.010854291995100976,0.04528477290339824,-0.026962218390890295
frozen_GE_teacher,COc1ccc(NC(=O)N(C)C[C@@H]2Oc3ccc(NC(=O)Cc4ccccc4)cc3CC(=O)N([C@@H](C)CO)C[C@H]2C)cc1,10.1921,0.26416846094070656,0.2705843182522535,0.04165445068756165,0.22892986756469183,0.23576012813111188
frozen_GE_teacher,COc1ccc(NC(=O)N(C)C[C@@H]2Oc3ncc(C#CCN(C)C)cc3C(=O)N([C@@H](C)CO)C[C@@H]2C)cc1,10.0668,-0.0005696836180283055,-0.0005696836796565821,0.05659138013173169,-0.057161063811388274,-0.13613843920825502
frozen_GE_teacher,COc1ccc(NC(=O)N(C)C[C@H]2OCCCC[C@@H](C)Oc3ccc(N(C)C)cc3C(=O)N([C@@H](C)CO)C[C@@H]2C)cc1,10.045,-0.28285066743539744,-0.290777935754897,0.023037728869323135,-0.31381566462422017,0.2608057219361767
frozen_GE_teacher,COc1ccc(NC(=O)N(C)C[C@H]2OCc3ccccc3-c3c(n(C)c4ccccc34)C(=O)N([C@@H](C)CO)C[C@H]2C)c(OC)c1,10.3507,0.2000028490265574,0.20273552179184098,0.1468951235603973,0.05584039823144368,-0.022359158939809692
frozen_GE_teacher,COc1ccc(NC(=O)N(C)C[C@H]2OCc3ccccc3-c3c(n(C)c4ccccc34)C(=O)N([C@H](C)CO)C[C@@H]2C)c(OC)c1,10.2096,0.225298542811324,0.2292310315482518,0.01699617905048495,0.21223485249776686,0.09111410573497662
frozen_GE_teacher,COc1ccc(NC(=O)N(C)C[C@H]2Oc3c(NC(=O)C4CCCCC4)cccc3C(=O)N([C@H](C)CO)C[C@@H]2C)cc1,9.98552,0.13590288128679107,0.13674896769820238,0.04805142636471901,0.08869754133348337,-0.04088816886069634
frozen_GE_teacher,COc1ccc(NC(=O)N(C)C[C@H]2Oc3ccc(NC(=O)Cc4ccccc4)cc3CC(=O)N([C@H](C)CO)C[C@@H]2C)cc1,9.98704,-0.2776815740168213,-0.2851681846984274,0.04183351402791507,-0.3270016987263425,0.01663515455954763
frozen_GE_teacher,COc1ccc(NC(=O)N(C)C[C@H]2Oc3ccc(NC(=O)NC4CCCCC4)cc3CC(=O)N([C@H](C)CO)C[C@@H]2C)cc1,10.04,0.2828131371221003,0.29073714220723523,0.01257632152627661,0.2781608206809586,-0.21595821592827896
frozen_GE_teacher,COc1ccc(NC(=O)N[C@@H]2CC[C@H](CCNC(=O)CCN3CCCCC3)O[C@@H]2CO)cc1,10.1014,0.1821250166566648,0.18417973330099974,-0.10188263473669995,0.2860623680376997,0.2508805733038015
frozen_GE_teacher,COc1ccc(NC(=O)N[C@@H]2CC[C@H](CCNC(=O)Nc3cc(F)ccc3F)O[C@@H]2CO)cc1,10.0484,-0.08292785258879534,-0.08311873992771579,-0.09544618286587206,0.012327442938156269,0.09483234958481987
frozen_GE_teacher,COc1ccc(NC(=O)N[C@H]2C=C[C@@H](CC(=O)NC3CCCCC3)O[C@H]2CO)cc1,9.95309,-0.3441032129275516,-0.3587394368409643,-0.01320917860187185,-0.34553025823909245,0.09540976238668496
frozen_GE_teacher,COc1ccc(NC(=O)N[C@H]2CC[C@@H](CCNS(=O)(=O)c3ccccc3F)O[C@H]2CO)cc1,10.0459,-0.20695409479015736,-0.20998703994845921,-0.058272005427888296,-0.15171503452057092,0.09220623479585593
frozen_GE_teacher,COc1ccc(NC(=O)N[C@H]2CC[C@@H](CCn3cc(-c4ccccn4)nn3)O[C@@H]2CO)cc1,9.96973,0.11092095536106952,0.11137924707648075,0.09816975227223299,0.013209494804247768,-0.2841070214906186
frozen_GE_teacher,COc1ccc(NC(=O)N[C@H]2CC[C@H](CCNC(=O)CCN3CCCCC3)O[C@@H]2CO)cc1,10.053,0.2282055633241018,0.2322956253548916,-0.011341028242295293,0.2436366535971869,0.14745170328404586
frozen_GE_teacher,COc1ccc(NC(=O)N[C@H]2CC[C@H](CCNC(=O)CCN3CCCCC3)O[C@H]2CO)cc1,9.8569,0.2908410152919745,0.29948474771042377,0.2659880785603598,0.033496669150063996,-0.3034051953182213
frozen_GE_teacher,COc1ccc(NC(=O)Nc2ccc3c(c2)C(=O)N(C)C[C@@H](OC)[C@@H](C)CN[C@H](C)CO3)cc1,10.0203,0.19183394748417018,0.1942404920866897,0.0600389320918169,0.1342015599948728,-0.1828677628275554
frozen_GE_teacher,COc1ccc(NC(=O)Nc2ccc3c(c2)C(=O)N(C)C[C@@H](OC)[C@H](C)CN[C@@H](C)CO3)cc1,9.98787,0.1869080795005925,0.18913139288358413,0.029010291168688078,0.16012110171489605,0.12703856563505994
frozen_GE_teacher,COc1ccc(NC(=O)Nc2ccc3c(c2)C(=O)N(C)C[C@H](OC)[C@@H](C)CN[C@@H](C)CO3)cc1,9.99937,0.42260431620348254,0.4508583521792081,0.003535427029334977,0.44732292514987315,0.1799369067939819
frozen_GE_teacher,COc1ccc(NC(=O)Nc2ccc3c(c2)C(=O)N(C)C[C@H](OC)[C@H](C)CN[C@@H](C)CO3)cc1,10.0554,0.2761669876654263,0.28352780179124026,0.027206311223190737,0.25632149056804954,0.16528276034934022
frozen_GE_teacher,COc1ccc(NC(=O)Nc2ccc3c(c2)C(=O)N([C@@H](C)CO)C[C@H](C)[C@@H](CN(C)Cc2ccc4c(c2)OCO4)O3)cc1,10.2431,0.1455627705190302,0.14660412839492432,0.01105843286380187,0.13554569553112245,-0.06584993839584496
frozen_GE_teacher,COc1ccc(NC(=O)Nc2ccc3c(c2)C(=O)N([C@H](C)CO)C[C@@H](C)[C@@H](CN(C)Cc2ccc4c(c2)OCO4)O3)cc1,9.9348,0.20612890096581396,0.20912507517473863,0.02135529954034608,0.18776977563439257,0.09277771470951664
frozen_GE_teacher,COc1ccc(NC(=O)Nc2ccc3c(c2)CC(=O)N([C@H](C)CO)C[C@H](C)[C@@H](CN(C)CC2CCCCC2)O3)cc1,10.0549,0.07535846858571243,0.07550160766521087,-0.04025539283484409,0.11575700050005497,-0.08114717391873338
frozen_GE_teacher,COc1ccc(NC(=O)Nc2ccc3c(c2)[C@@H]2C[C@@H](CC(=O)NCc4ccccn4)O[C@@H](CO)[C@@H]2O3)cc1,9.81468,0.19101195720706132,0.19338723611167857,0.21653702663644778,-0.023149790524769204,-0.1906005478054294
frozen_GE_teacher,COc1ccc(NC(=O)Nc2ccc3c(c2)[C@@H]2C[C@H](CC(=O)N4CCN(C)CC4)O[C@H](CO)[C@@H]2O3)cc1,9.94172,0.2781763314310857,0.2857043586148603,0.05827845433930977,0.22742590427555054,0.14347664336727467
frozen_GE_teacher,COc1ccc(NC(=O)Nc2ccc3c(c2)[C@@H]2C[C@H](CC(=O)N4CCc5ccccc5C4)O[C@H](CO)[C@@H]2O3)cc1,10.0552,0.005832967754596491,0.005833033908631376,0.054094641680273316,-0.04826160777164194,0.0737258034509368
frozen_GE_teacher,COc1ccc(NC(=O)Nc2ccc3c(c2)[C@@H]2C[C@H](CC(=O)NCCc4ccccc4)O[C@H](CO)[C@@H]2O3)cc1,9.98689,0.08271706615825831,0.08290649760748847,-0.11189243685135156,0.19479893445884003,-0.10269993953156459
frozen_GE_teacher,COc1ccc(NC(=O)Nc2ccc3c(c2)[C@@H]2C[C@H](CC(=O)O)O[C@@H](CO)[C@@H]2O3)cc1,9.99227,0.3450126384589847,0.3597713742618532,0.017682981437605327,0.34208839282424786,0.20143107279402003
frozen_GE_teacher,COc1ccc(NC(=O)Nc2ccc3c(c2)[C@H]2C[C@@H](CC(=O)N4CCN(C)CC4)O[C@@H](CO)[C@H]2O3)cc1,9.88105,0.12288023592345132,0.1235043791806118,0.08588841900363853,0.03761596017697327,-0.19924195885582402
frozen_GE_teacher,COc1ccc(NC(=O)Nc2ccc3c(c2)[C@H]2C[C@@H](CC(=O)N[C@@H](C)c4ccccc4)O[C@@H](CO)[C@H]2O3)cc1,10.0469,0.0296124054432185,0.02962106565250529,0.07450728319149222,-0.04488621753898693,0.011569396907222695
frozen_GE_teacher,COc1ccc(NC(=O)Nc2ccc3c(c2)[C@H]2C[C@@H](CC(=O)O)O[C@@H](CO)[C@H]2O3)cc1,9.95209,-0.13928869458273185,-0.1402001239085978,0.022489346437699058,-0.16268947034629685,-0.05160058865051581
frozen_GE_teacher,COc1ccc(NC(=O)Nc2ccc3c(c2)[C@H]2C[C@H](CC(=O)N4CCc5ccccc5C4)O[C@H](CO)[C@H]2O3)cc1,10.1078,0.36288124755002515,0.38020011967333267,-0.00460863390691454,0.3848087535802472,0.2632980659321032
frozen_GE_teacher,COc1ccc(NC(=O)Nc2ccc3c(c2)[C@H]2C[C@H](CC(=O)NC4CCCCC4)O[C@@H](CO)[C@H]2O3)cc1,10.0251,0.23598468051091717,0.2405177014397062,0.023009527393829582,0.2175081740458766,-0.12859122248145216
frozen_GE_teacher,COc1ccc(NC(=O)Nc2ccc3c(c2)[C@H]2C[C@H](CC(=O)NCC4CC4)O[C@@H](CO)[C@H]2O3)cc1,10.1505,0.24728643781095788,0.25252043045161515,-0.00848180580881813,0.2610022362604333,-0.15775106120069154
frozen_GE_teacher,COc1ccc(NC(=O)Nc2ccc3c(c2)[C@H]2C[C@H](CC(=O)NCc4ccccn4)O[C@@H](CO)[C@H]2O3)cc1,10.0498,0.18945292742793957,0.1917696688121924,0.04243481072012105,0.14933485809207137,0.09404137172071249
frozen_GE_teacher,COc1ccc(NC(=O)Nc2ccc3c(c2)[C@H]2C[C@H](CC(=O)O)O[C@@H](CO)[C@H]2O3)cc1,9.95489,0.1536751428804315,0.15490231218387715,-0.035916373633772494,0.19081868581764966,0.02753507018354913
frozen_GE_teacher,COc1ccc(NC(=O)Nc2ccc3oc(C)nc3c2)cc1,10.0,0.491580154494028,0.5381418847990117,0.02945848515661513,0.5086833996423966,0.1479749132578444
frozen_GE_teacher,COc1ccc(NC(=O)Nc2cccc3c2O[C@@H](CN(C)C(=O)NC(C)C)[C@@H](C)CN([C@H](C)CO)C3=O)cc1,10.0873,-0.5279760693666001,-0.5873348116998558,-0.020497042605378206,-0.5668377690944776,-0.38952145343410594
frozen_GE_teacher,COc1ccc(NC(=O)Nc2cccc3c2O[C@@H](CN(C)C(=O)NC(C)C)[C@H](C)CN([C@H](C)CO)C3=O)cc1,10.0409,-0.19131505115867736,-0.19370182628754556,-0.018777509445498552,-0.174924316842047,-0.03657512902775687
frozen_GE_teacher,COc1ccc(NC(=O)c2cccc(NC(=O)C(C)C)c2)c([N+](=O)[O-])c1,10.0,0.708234981854019,0.8836335980814785,0.10171958546964713,0.7819140126118314,0.22655984656728487
frozen_GE_teacher,COc1ccc(NC2=NC(N)=NC3(CCCCC3)N2)cc1,10.0,0.1466972651672561,0.14776337776873433,0.051234927031731686,0.09652845073700264,0.08328324398611534
frozen_GE_teacher,COc1ccc(NCC(=O)Nc2ccc(Br)cc2F)c(OC)c1,10.0,0.49611594573641987,0.5441407344122113,-0.017423766351288297,0.5615645007634996,-0.22039000259082708
frozen_GE_teacher,COc1ccc(OC(=O)N(C)C[C@@H]2OCc3ccccc3-c3ccccc3C(=O)N([C@@H](C)CO)C[C@H]2C)cc1,9.82979,0.15886405321677421,0.1602211219804469,0.08255521453976686,0.07766590744068005,-0.18011406439085637
frozen_GE_teacher,COc1ccc(OC(=O)N(C)C[C@@H]2OCc3ccccc3-c3ccccc3C(=O)N([C@H](C)CO)C[C@@H]2C)cc1,10.0408,0.4086905247840883,0.4340381594762286,0.05966461501150194,0.37437354446472665,0.0483370445014077
frozen_GE_teacher,COc1ccc(OC(=O)N(C)C[C@@H]2OCc3ccccc3-c3ccccc3C(=O)N([C@H](C)CO)C[C@H]2C)cc1,9.89865,0.43323101360333743,0.46386741765073597,0.07955242011297405,0.38431499753776194,0.2740036790558202
frozen_GE_teacher,COc1ccc(OC(=O)N(C)C[C@@H]2OCc3cn(nn3)CCCC(=O)N([C@@H](C)CO)C[C@@H]2C)cc1,10.0155,-0.1023887640268033,-0.10274882771926898,-0.006974512684694172,-0.09577431503457481,0.01920992114854921
frozen_GE_teacher,COc1ccc(OC(=O)N(C)C[C@@H]2OCc3cn(nn3)CCCC(=O)N([C@@H](C)CO)C[C@H]2C)cc1,10.0354,0.1435965872427453,0.14459596725473142,-0.027041667415468665,0.1716376346702001,0.5428629109529278
frozen_GE_teacher,COc1ccc(OC)c(C(C(=O)NCc2ccco2)N(C(=O)Cn2nnc3ccccc32)C(C)C)c1,10.0,0.24949069892919853,0.25486963112538996,0.0506925712232721,0.20417705990211787,-0.10167175058917466
frozen_GE_teacher,COc1ccc(S(=O)(=O)N(C)C[C@@H]2OCCCC[C@H](C)Oc3ccc(N(C)C)cc3C(=O)N([C@@H](C)CO)C[C@@H]2C)cc1,10.0966,0.31322134763384163,0.32411319795031845,-0.004411592818768925,0.32852479076908736,-0.18188631153534376
frozen_GE_teacher,COc1ccc(S(=O)(=O)N(C)C[C@@H]2OCc3ccccc3-c3ccccc3C(=O)N([C@H](C)CO)C[C@@H]2C)cc1,10.008,0.014527777158727648,0.01452879934785032,-0.10274337180272701,0.11727217115057734,0.33027865489079733
frozen_GE_teacher,COc1ccc(S(=O)(=O)N(C)C[C@@H]2OCc3cn(nn3)CCCC(=O)N([C@@H](C)CO)C[C@H]2C)cc1,10.0231,0.4027066609437287,0.4268753152264377,0.0982955285077666,0.32857978671867105,0.1276166884470789
frozen_GE_teacher,COc1ccc(S(=O)(=O)N(C)C[C@@H]2OCc3cnnn3CCCC(=O)N([C@@H](C)CO)C[C@@H]2C)cc1,10.0216,0.17075317031521559,0.17244235064345226,0.12045846557622919,0.05198388506722307,-0.127843328772186
frozen_GE_teacher,COc1ccc(S(=O)(=O)N(C)C[C@@H]2OCc3cnnn3CCCC(=O)N([C@H](C)CO)C[C@H]2C)cc1,10.0155,0.36086117443259036,0.37787565481868596,0.02276143166261057,0.3551142231560754,0.34761703433431895
frozen_GE_teacher,COc1ccc(S(=O)(=O)N(C)C[C@@H]2Oc3ccc(N(C)C)cc3CC(=O)N([C@@H](C)CO)C[C@H]2C)cc1,9.91227,-0.24335549032772388,-0.24833775272136271,-0.031581667498251934,-0.2167560852231108,-0.10283609067371031
frozen_GE_teacher,COc1ccc(S(=O)(=O)N(C)C[C@@H]2Oc3ncc(/C=C/c4ccccc4)cc3C(=O)N([C@H](C)CO)C[C@@H]2C)cc1,10.0094,-0.07796732127700895,-0.07812588528313047,0.027809103830556764,-0.10593498911368723,0.15559592540546766
frozen_GE_teacher,COc1ccc(S(=O)(=O)N(C)C[C@@H]2Oc3ncc(C#CC4(O)CCCC4)cc3C(=O)N([C@@H](C)CO)C[C@H]2C)cc1,10.0455,-0.339476372214246,-0.3535005768369177,-0.06282448329719392,-0.2906760935397238,-0.023677957150993315
frozen_GE_teacher,COc1ccc(S(=O)(=O)N(C)C[C@H]2OCc3ccccc3-c3c(n(C)c4ccccc34)C(=O)N([C@H](C)CO)C[C@@H]2C)cc1,9.9424,-0.4551699231181845,-0.491201998962421,-0.04789231269396763,-0.44330968626845335,0.33240600047844415
frozen_GE_teacher,COc1ccc(S(=O)(=O)N(C)C[C@H]2Oc3ncc(C#CC4(O)CCCC4)cc3C(=O)N([C@@H](C)CO)C[C@@H]2C)cc1,10.0359,0.3180608519554494,0.32948822789792437,-0.15272878148965408,0.48221700938757844,0.21162568990669606
frozen_GE_teacher,COc1ccc(S(=O)(=O)N(C)C[C@H]2Oc3ncc(C#CC4(O)CCCC4)cc3C(=O)N([C@H](C)CO)C[C@H]2C)cc1,10.078,0.09872772133444098,0.0990503821933279,-0.013191256968456092,0.112241639161784,0.0013553041329590568
frozen_GE_teacher,COc1ccc(S(=O)(=O)N2CCOCC2)cc1NC(=O)c1ccc(-n2nc(C)cc2C)cc1,20.0,0.3303892387834488,0.3432651244901866,0.021363866350692845,0.3219012581394938,0.36930390814115266
frozen_GE_teacher,COc1ccc(S(=O)(=O)N2C[C@@H](O)COC[C@@H]3O[C@H](CC(=O)N[C@@H]4CCN(Cc5ccccc5)C4)CC[C@H]32)cc1,10.0475,-0.32609553503345107,-0.3384529290971775,-0.024422294471246345,-0.31403063462593117,0.14038665568206937
frozen_GE_teacher,COc1ccc(S(=O)(=O)N2C[C@@H](O)COC[C@H]3O[C@@H](CC(=O)N[C@H]4CCN(Cc5ccccc5)C4)CC[C@@H]32)cc1,9.95434,-0.11492141078707392,-0.11543137768761877,0.060966170646709644,-0.1763975483343284,0.03765842358615121
frozen_GE_teacher,COc1ccc(S(=O)(=O)N2C[C@H](O)COC[C@@H]3O[C@@H](CC(=O)N[C@@H]4CCN(Cc5ccccc5)C4)CC[C@H]32)cc1,10.1201,0.20361941553016405,0.20650564153324139,0.06703388420509639,0.13947175732814499,0.7137529288950927
frozen_GE_teacher,COc1ccc(S(=O)(=O)N2C[C@H](O)COC[C@@H]3O[C@H](CC(=O)N[C@@H]4CCN(Cc5ccccc5)C4)CC[C@H]32)cc1,10.1162,0.7015510626447029,0.8703483248987924,0.1961981178540707,0.6741502070447217,0.39017372243011317
frozen_GE_teacher,COc1ccc(S(=O)(=O)N[C@@H]2C=C[C@@H](CC(=O)NCCc3ccncc3)O[C@H]2CO)cc1,10.1019,0.1264682527631295,0.12714905175488303,0.08198736585765859,0.04516168589722444,-0.139376278825722
frozen_GE_teacher,COc1ccc(S(=O)(=O)N[C@@H]2CC[C@@H](CC(=O)NCc3ccccc3F)O[C@@H]2CO)cc1,10.0735,0.1726122130698636,0.17435785335703524,0.028934169725782475,0.14542368363125277,-0.11166850021405579
frozen_GE_teacher,COc1ccc(S(=O)(=O)N[C@@H]2CC[C@H](CC(=O)NCc3ccccc3F)O[C@H]2CO)cc1,10.0025,-0.17617217148509556,-0.17802947998320193,-0.039272955362310444,-0.1387565246208915,-0.1479195763436678
frozen_GE_teacher,COc1ccc(S(=O)(=O)N[C@@H]2CC[C@H](CCNC(=O)Cc3ccccn3)O[C@H]2CO)cc1,10.0236,0.2421259133593639,0.24703118881920924,-0.11345382069605955,0.3604850095152688,0.28185839231068677
frozen_GE_teacher,COc1ccc(S(=O)(=O)N[C@H]2C=C[C@H](CC(=O)N3CCc4ccccc4C3)O[C@H]2CO)cc1,9.92394,0.28816045263861584,0.29655897137460574,-0.11979594631323084,0.4163549176878366,-0.10217902977090867
frozen_GE_teacher,COc1ccc(S(=O)(=O)N[C@H]2C=C[C@H](CC(=O)NCCc3ccncc3)O[C@@H]2CO)cc1,10.1227,0.38969173870263685,0.41143652745022824,0.022030750348459142,0.3894057771017691,-0.01935683316292337
frozen_GE_teacher,COc1ccc(S(=O)(=O)N[C@H]2CC[C@@H](CC(=O)N3CCC(Cc4ccccc4)CC3)O[C@H]2CO)cc1,10.0153,0.3771195135569571,0.39669731142462245,-0.03807179632428814,0.4347691077489106,-0.15994216259363983
frozen_GE_teacher,COc1ccc(S(=O)(=O)N[C@H]2CC[C@@H](CCNC(=O)Cc3ccccn3)O[C@H]2CO)cc1,9.99776,0.060625852631513766,0.06070029351749821,-0.14310532490134953,0.20380561841884776,-0.2291320218345615
frozen_GE_teacher,COc1ccc(S(=O)(=O)N[C@H]2CC[C@H](CC(=O)NCc3ccccc3F)O[C@@H]2CO)cc1,10.0635,0.4581430315210909,0.49495846905989543,0.05653682487347059,0.4384216441864248,0.2432102412710758
frozen_GE_teacher,COc1ccc(S(=O)(=O)N[C@H]2CC[C@H](CCNC(=O)Cc3ccccn3)O[C@@H]2CO)cc1,10.0563,-0.14331260008985564,-0.14430601306861454,0.02553165605051838,-0.16983766911913292,-0.012646994623996571
frozen_GE_teacher,COc1ccc(S(=O)(=O)N[C@H]2CC[C@H](CCn3cc(C(C)C)nn3)O[C@H]2CO)cc1,10.1129,-0.5036039647506075,-0.5541230411171599,0.019188327792987465,-0.5733113689101474,-0.14138682852912823
frozen_GE_teacher,COc1ccc(S(=O)(=O)Nc2ccc3c(c2)C(=O)N(C)C[C@@H](OC)[C@@H](C)CN[C@@H](C)CO3)cc1,10.0733,0.061469066735719925,0.06154666191184642,0.005854751994936309,0.055691909916910115,-0.10262180397851481
frozen_GE_teacher,COc1ccc(S(=O)(=O)Nc2ccc3c(c2)[C@@H]2C[C@H](CC(=O)NCC4CC4)O[C@@H](CO)[C@@H]2O3)cc1,10.0042,0.033738762977742046,0.03375157338588069,-0.005395261154610181,0.039146834540490866,0.1165659677709289
frozen_GE_teacher,COc1ccc(S(=O)(=O)Nc2cccc3c2O[C@@H](CN(C)CC2CCCCC2)[C@H](C)CN([C@@H](C)CO)C3=O)cc1,10.065,0.6028378236933827,0.6975931375859614,-0.07430669861690814,0.7718998362028695,0.19293716898845398
frozen_GE_teacher,COc1ccc(S(=O)(=O)Nc2cccc3c2O[C@H](CN(C)CC2CCCCC2)[C@@H](C)CN([C@@H](C)CO)C3=O)cc1,10.0184,0.057855076828386656,0.05791975780758019,0.09074983377850104,-0.03283007597092085,-0.05147907423743889
frozen_GE_teacher,COc1ccc(S(=O)(=O)Nc2cccc3c2O[C@H](CN(C)Cc2ccc4c(c2)OCO4)[C@H](C)CN([C@H](C)CO)C3=O)cc1,10.0086,0.4052503369280828,0.42991507948338165,0.0826365523389722,0.34727852714440943,-0.07805310952589722
frozen_GE_teacher,COc1ccc(S(=O)(=O)Nc2ccccc2-c2nnn(CC(=O)Nc3ccccc3OC)n2)cc1,10.0,0.043235145971592115,0.043262115726634534,0.1278337145163041,-0.08457159878966956,0.10741842349933584
frozen_GE_teacher,COc1ccc(S(=O)(=O)n2c(N)nc3ccccc32)cc1,20.0,0.04648468567392365,0.046518210922509504,0.09109078607003354,-0.04457257514752404,-0.0029427698980163536
frozen_GE_teacher,COc1ccc([C@@H]2CNC(=O)C2)cc1OC1CCCC1,10.0,0.3246916915837144,0.3368828429728926,-1.168491411243644e-05,0.336894527887005,-0.24702474374470165
frozen_GE_teacher,COc1ccc([C@@H]2[C@@H]3C(=O)N(C(C)(C)C)C(=O)[C@@H]3[C@]3(C)C(=O)N(c4cccc(C)c4)C(=O)N23)cc1,10.0,0.39337374983754364,0.4157851874591448,0.04252607526639871,0.37325911219274605,0.08562423355422066
frozen_GE_teacher,COc1ccc2[nH]c(C(=O)c3ccccc3)cc2c1,10.0,0.49200352544310644,0.5387003179763363,-0.04755672201442045,0.5862570399907567,0.16381143284651228
frozen_GE_teacher,COc1ccc2c(c1)[C@@]1(C)CCC(=O)C[C@@H]1CC2,10.0,0.1281642057234321,0.12887294852626135,0.014993500083848244,0.11387944844241311,-0.18671465208713542
frozen_GE_teacher,COc1ccc2c(c1)[nH]c1c(C)nccc12,10.0,0.2424938930278816,0.24742212176508893,-0.01471617858363974,0.26213830034872865,0.060468782831990406
frozen_GE_teacher,COc1ccc2c(c1)c(=O)oc1cc(OCC(=O)NC3CCCCC3)ccc12,10.0,0.27604281792903473,0.283393384930789,0.31085193116238935,-0.027458546231600323,-0.42304691979395853
frozen_GE_teacher,COc1ccc2c(c1)c(CC(=O)OCC(=O)O)c(C)n2C(=O)c1ccc(Cl)cc1,10.0,-0.1494798880902281,-0.15060839455468808,0.0006109828513049947,-0.15121937740599306,-0.13763904378576175
frozen_GE_teacher,COc1ccc2c(c1)sc(=N)n2C,10.0,-0.24945514354186532,-0.25483171602592364,0.08079021220075339,-0.335621928226677,-0.07700609301936452
frozen_GE_teacher,COc1ccc2c(c1O)-c1cc(O)cc3c1[C@@H](C2)N(C)CC3,10.0,0.47096103395384253,0.5113045708940521,-0.029859865514670448,0.5411644364087226,0.3500895653978241
frozen_GE_teacher,COc1ccc2cc([C@H](C)C(=O)O)ccc2c1,10.0,-0.041455203716375726,-0.041478975624074155,0.0428195630226948,-0.08429853864676895,-0.21093725151130704
frozen_GE_teacher,COc1ccc2cc1Oc1ccc(cc1)C[C@H]1c3cc(c(OC)cc3CCN1C)Oc1c(OC)c(OC)cc3c1[C@H](C2)N(C)CC3,10.0,0.19045406518318703,0.1928082822611736,0.022784437625433987,0.1700238446357396,0.40108370701173596
frozen_GE_teacher,COc1ccc2cc3c(N)nn(C(=O)Cc4ccc(Cl)cc4)c3nc2c1,10.0,0.8036954113441086,1.1089626844546745,-0.018180827015350638,1.1271435114700252,0.015558556805033062
frozen_GE_teacher,COc1ccc2cccc(N3CCN(CCNC(=O)c4ccc(F)cc4)CC3)c2c1,10.0,-0.17776564009122156,-0.1796744666648052,0.07674673324388502,-0.2564211999086902,0.04887757523684129
frozen_GE_teacher,COc1ccc2nc(N=C(N)NC(=O)Nc3ccccc3)nc(C)c2c1,10.0,0.18558756843175703,0.18776342932276197,0.07316556673089875,0.11459786259186322,0.2644070264583894
frozen_GE_teacher,COc1cccc(-c2cc(=O)c3cc(OC)ccc3o2)c1,10.0,0.02180237638926921,0.021805831915005038,0.024305050356855352,-0.0024992184418503142,0.0949257737534123
frozen_GE_teacher,COc1cccc(-c2cc(C(=O)Nc3nc4ccccc4s3)c3ccccc3n2)c1,10.0,0.46100233734064683,0.4985833885556777,0.06538407522045622,0.43319931333522144,0.23965321211786764
frozen_GE_teacher,COc1cccc(-c2ccc([C@@H]3[C@@H](C#N)N(C(=O)Cc4ccncc4)[C@@H]3CO)cc2)c1,10.0349,-0.09058563901981517,-0.09083464073362962,-0.02533599846619168,-0.06549864226743794,0.10818639925344156
frozen_GE_teacher,COc1cccc(-c2ccc3c(c2)O[C@@H](CN(C)C(=O)C2CCOCC2)[C@H](C)CN([C@H](C)CO)S3(=O)=O)c1,10.0456,-0.18257376202196618,-0.18464391326221002,0.006387228821954989,-0.19103114208416502,-0.04266457856346125
frozen_GE_teacher,COc1cccc(-c2ccc3c(c2)O[C@@H](CN(C)C(=O)c2ccccc2F)[C@@H](C)CN([C@H](C)CO)S3(=O)=O)c1,9.98892,0.10733784947735911,0.10775295074168498,0.031288078683597606,0.07646487205808737,0.10519732235019168
frozen_GE_teacher,COc1cccc(-c2ccc3c(c2)O[C@@H](CN(C)C(=O)c2ccccc2F)[C@H](C)CN([C@@H](C)CO)S3(=O)=O)c1,10.0176,-0.006225073040237804,-0.0062251534524847335,-0.0037715199298249315,-0.002453633522659802,0.12032662217418899
frozen_GE_teacher,COc1cccc(-c2ccc3c(c2)O[C@@H](CN(C)Cc2ccncc2)[C@@H](C)CN([C@@H](C)CO)S3(=O)=O)c1,10.0802,0.1697543114594349,0.17141367412854067,0.003866113694768034,0.16754756043377264,0.23681891237092395
frozen_GE_teacher,COc1cccc(-c2ccc3c(c2)O[C@@H](CN(C)Cc2ccncc2)[C@@H](C)CN([C@H](C)CO)S3(=O)=O)c1,10.086,-0.2601718937416713,-0.2662927719351416,-0.036928371710586036,-0.22936440022455556,0.015814972433180596
frozen_GE_teacher,COc1cccc(-c2ccc3n(c2=O)C[C@H]2[C@H](CO)[C@@H](C(=O)NCCN4CCCCC4)N(C)[C@@H]32)c1,10.0372,0.10083932491404655,0.10118322276081114,-0.017399957171730228,0.11858317993254136,0.33611372839501086
frozen_GE_teacher,COc1cccc(-c2cccc(-c3nc(C(=O)N(C)C)cc4c3[C@@H](CCO)N([S@](=O)C(C)(C)C)C4)c2)c1,10.0327,-0.10011337739029,-0.1004498716595888,0.04412576010420681,-0.14457563176379562,-0.006474491145465527
frozen_GE_teacher,COc1cccc(-c2cccc(-c3nc(C(=O)N4CCN(C)CC4)cc4c3[C@@H](CCO)N(S(=O)C(C)(C)C)C4)c2)c1,10.0598,0.35915169354683674,0.37591162592700667,-0.14307984769544657,0.5189914736224532,-0.13438163173310236
frozen_GE_teacher,COc1cccc(-c2cn(CC[C@@H]3CC[C@@H](NS(=O)(=O)Cc4ccccc4)[C@@H](CO)O3)nn2)c1,10.0511,0.2284003253801935,0.23250109705594024,0.10140081616409954,0.1311002808918407,0.031641443393083474
frozen_GE_teacher,COc1cccc(-c2cn(CC[C@H]3CC[C@@H](NC(=O)CN(C)C)[C@@H](CO)O3)nn2)c1,9.99328,0.09209598279144744,0.09235769183881883,-0.009074107119759419,0.10143179895857825,0.14281983213814856
frozen_GE_teacher,COc1cccc(-c2cnc3c(c2)C(=O)N([C@@H](C)CO)C[C@H](C)[C@@H](CN(C)Cc2ccc(C(=O)O)cc2)O3)c1,10.1787,0.2510223716482915,0.2565036394687009,0.0769538807992288,0.17954975866947212,0.08759299999937711
frozen_GE_teacher,COc1cccc(-c2cnc3c(c2)C(=O)N([C@H](C)CO)C[C@H](C)[C@@H](CN(C)Cc2ccc(C(=O)O)cc2)O3)c1,10.0122,0.05738673432379192,0.05744985513811868,0.041255203996452536,0.01619465114166614,-0.06742855378252958
frozen_GE_teacher,COc1cccc(-c2cnc3c(c2)C(=O)N([C@H](C)CO)C[C@H](C)[C@H](CN(C)C(=O)NC(C)C)O3)c1,10.0265,-0.04547896708402972,-0.04551036132195461,0.036651277483181206,-0.08216163880513581,-0.10415359495763765
frozen_GE_teacher,COc1cccc(-c2cnc3c(c2)C(=O)N([C@H](C)CO)C[C@H](C)[C@H](CN(C)S(=O)(=O)c2cn(C)cn2)O3)c1,10.1273,-0.24283280830083737,-0.24778224295958526,0.034173121471593404,-0.28195536443117863,0.1672101516826081
frozen_GE_teacher,COc1cccc(C#Cc2ccc([C@@H]3[C@@H](CO)N(C(=O)c4ccccn4)[C@H]3C#N)cc2)c1,10.0721,-0.021723583667779853,-0.021727001857407505,0.0410028184863423,-0.06272982034374981,-0.012562204880478378
frozen_GE_teacher,COc1cccc(C#Cc2ccc([C@H]3[C@@H](C#N)N(C(=O)c4ccccn4)[C@@H]3CO)cc2)c1,9.96222,0.018460498349091196,0.01846259582906116,-0.027743322688640798,0.046205918517701956,-0.0446589879774614
frozen_GE_teacher,COc1cccc(C#Cc2ccc([C@H]3[C@@H](CO)N(C(=O)c4ccccn4)[C@H]3C#N)cc2)c1,10.0988,-0.22610897719112497,-0.23008496734195372,-0.034061014813250835,-0.1960239525287029,0.21103289121378357
frozen_GE_teacher,COc1cccc(C(=O)Nc2ccc(C(=O)O)cc2)c1,10.0,0.3812431671641564,0.4015134308077004,-0.10209147442267533,0.5036049052303757,-0.051816085197909006
frozen_GE_teacher,COc1cccc(C(=O)Nc2ccc(F)c(F)c2F)c1,10.0,0.2683999664128728,0.2751387768792122,0.16470540779139964,0.11043336908781254,0.2800239798059031
frozen_GE_teacher,COc1cccc(C(=O)Nc2ccc3c(c2)C(=O)N(C)C[C@@H](OC)[C@@H](C)CN(C(C)=O)[C@H](C)CO3)c1,10.0321,0.5238862870237436,0.5816812000703065,0.09675779787905607,0.48492340219125046,0.027838893459250905
frozen_GE_teacher,COc1cccc(C(=O)Nc2ccc3c(c2)C(=O)N(C)C[C@@H](OC)[C@@H](C)CN[C@H](C)CO3)c1,10.0484,0.45090170222578513,0.48583151574514405,-0.022556862229070142,0.5083883779742142,0.27348861409368364
frozen_GE_teacher,COc1cccc(C(=O)Nc2ccc3c(c2)C(=O)N(C)C[C@@H](OC)[C@H](C)CN(CCc2ccccc2)[C@@H](C)CO3)c1,10.0187,0.08392795587052448,0.08412585301959621,-0.05002693934488502,0.13415279236448124,0.2441597887989432
frozen_GE_teacher,COc1cccc(C(=O)Nc2ccc3c(c2)C(=O)N(C)C[C@H](OC)[C@@H](C)CN(C(C)=O)[C@@H](C)CO3)c1,10.0321,-0.005228112928734366,-0.005228160563139652,-0.01775553535721983,0.012527374794080177,-0.42772033905959594
frozen_GE_teacher,COc1cccc(C(=O)Nc2ccc3c(c2)C(=O)N(C)C[C@H](OC)[C@@H](C)CN(C(C)=O)[C@H](C)CO3)c1,10.0161,-0.027189605023457145,-0.02719630819198383,-0.07538947517749138,0.048193166985507546,0.1583645575621366
frozen_GE_teacher,COc1cccc(C(=O)Nc2ccc3c(c2)C(=O)N(C)[C@@H]2CC[C@H](CC(=O)NCC(F)(F)F)O[C@@H]2CO3)c1,9.95565,-0.06404593955564782,-0.06413372534618912,0.09083998524835518,-0.1549737105945443,0.020668040063061208
frozen_GE_teacher,COc1cccc(C(=O)Nc2ccc3c(c2)C(=O)N(C)[C@@H]2CC[C@H](CC(=O)NCCCN4CCOCC4)O[C@H]2CO3)c1,9.99054,0.37048390187840124,0.3889838717398689,-0.005652340328441195,0.3946362120683101,0.14107071612518554
frozen_GE_teacher,COc1cccc(C(=O)Nc2ccc3c(c2)C(=O)N(C)[C@H]2CC[C@H](CC(=O)NCC(F)(F)F)O[C@@H]2CO3)c1,10.0476,0.4637854196152815,0.5021233474907161,0.016942306878743003,0.4851810406119731,0.22325315810213794
frozen_GE_teacher,COc1cccc(C(=O)Nc2ccc3c(c2)C(=O)N(C)[C@H]2CC[C@H](CC(=O)NCC(F)(F)F)O[C@H]2CO3)c1,10.0911,-0.013119039799143388,-0.013119792512712109,0.08047661007419514,-0.09359640258690725,-0.07578984642401984
frozen_GE_teacher,COc1cccc(C(=O)Nc2ccc3c(c2)OC[C@@H](C)N(C)C[C@H](C)[C@@H](OC)CN(C)C3=O)c1,9.99288,0.5121722078875351,0.5656699929002061,-0.007260994536526996,0.5729309874367331,0.15703527567422676
frozen_GE_teacher,COc1cccc(CN(C)C[C@H]2OCc3cn(nn3)CCCC(=O)N([C@H](C)CO)C[C@H]2C)c1,9.6374,-0.15010271457114663,-0.151245516438277,0.10778040464799948,-0.2590259210862765,0.1389185782041067
frozen_GE_teacher,COc1cccc(CNC(=O)C[C@@H]2C=C[C@@H](NC(=O)C3CCC3)[C@@H](CO)O2)c1,10.1263,0.5844520342294971,0.6691979290452889,0.08314264037476488,0.5860552886705239,0.07906264073371577
frozen_GE_teacher,COc1cccc(CNC(=O)C[C@@H]2CC[C@@H]3[C@@H](COc4ccc(NS(=O)(=O)c5ccccc5F)cc4C(=O)N3C)O2)c1,10.0425,-0.03525491252884228,-0.03526952964538768,-0.017117131579166563,-0.01815239806622112,-0.11376455835374757
frozen_GE_teacher,COc1cccc(CNC(=O)C[C@@H]2CC[C@H]3[C@H](COc4ccc(NC(=O)c5cccs5)cc4C(=O)N3C)O2)c1,10.1524,-0.1122066253811506,-0.11268112103219946,0.0967988036469783,-0.20947992467917775,-0.5496584391432076
frozen_GE_teacher,COc1cccc(CNC(=O)C[C@H]2C=C[C@@H](NC(=O)C3CCC3)[C@H](CO)O2)c1,10.0394,-0.07248439660465626,-0.07261174233406634,-0.08946686039341366,0.01685511805934732,-0.04033724650611338
frozen_GE_teacher,COc1cccc(CNC(=O)C[C@H]2CC[C@@H]3[C@H](COc4ccc(NC(=O)c5cccs5)cc4C(=O)N3C)O2)c1,10.1037,-0.3339526027351585,-0.3472704302941787,0.01562643831662937,-0.36289686861080805,-0.09746527309641391
frozen_GE_teacher,COc1cccc(CNC(=O)C[C@H]2CC[C@H](NC(C)=O)[C@@H](CO)O2)c1,10.0323,0.6187108300233221,0.7229136319597605,0.021805512177838132,0.7011081197819224,0.09163598383393835
frozen_GE_teacher,COc1cccc(CNC(=O)[C@@H]2[C@@H](CO)[C@@H]3Cn4c(cccc4=O)[C@H]2N3C(=O)C2CCCCC2)c1,9.92915,0.6190440481483503,0.7234537019059071,0.03163631273792841,0.6918173891679786,0.3132488848752252
frozen_GE_teacher,COc1cccc(CNC(=O)[C@H]2[C@H](CO)[C@H]3Cn4c(cccc4=O)[C@@H]2N3C(=O)C2CCCCC2)c1,10.0097,0.0007116823537988342,0.0007116824739526231,0.062581886232987,-0.06187020375903437,-0.05602144209785997
frozen_GE_teacher,COc1cccc(CNC(=O)c2cc3c(c(-c4cccc(-c5ccc(C#N)cc5)c4)n2)[C@@H](CCO)N([S@](=O)C(C)(C)C)C3)c1,9.9531,0.1760650225162022,0.17791890110506287,0.09815087658729224,0.07976802451777062,0.12031602468749011
frozen_GE_teacher,COc1cccc(CNC(=O)c2cc3c(c(-c4cccc(-c5ccc(C#N)cc5)c4)n2)[C@H](CCO)N([S@@](=O)C(C)(C)C)C3)c1,9.99719,-0.44238241540704865,-0.47518904272374096,-0.060895055212636696,-0.41429398751110424,0.20508739412494933
frozen_GE_teacher,COc1cccc(NC(=O)/C=C/c2ccc([N+](=O)[O-])cc2)c1,10.0,0.27231962883008676,0.27936754583311263,0.029931604834712633,0.2494359409984,0.05906122191069088
frozen_GE_teacher,COc1cccc(NC(=O)C[C@@H]2CC[C@H]3[C@H](COc4ccc(NC(=O)C5CCOCC5)cc4C(=O)N3C)O2)c1,9.91177,0.4151090566000282,0.4417682352974538,0.00530746801955307,0.43646076727790073,0.07640126346218531
frozen_GE_teacher,COc1cccc(NC(=O)C[C@H]2CC[C@H]3[C@@H](COc4ccc(NC(=O)C5CCOCC5)cc4C(=O)N3C)O2)c1,9.9375,0.1236476417170466,0.12428362487277571,0.04103696421608738,0.08324666065668833,-0.06660376981340506
frozen_GE_teacher,COc1cccc(NC(=O)N(C)C[C@@H]2OCc3ccccc3-c3c(n(C)c4ccccc34)C(=O)N([C@@H](C)CO)C[C@@H]2C)c1,10.0734,0.24112317536349906,0.24596627868054138,-0.0870559189790426,0.33302219765958396,0.17968473500536408
frozen_GE_teacher,COc1cccc(NC(=O)N(C)C[C@@H]2Oc3cc(C#CC4(O)CCCC4)ccc3S(=O)(=O)N([C@@H](C)CO)C[C@H]2C)c1,10.0279,-0.0378518271315541,-0.03786992022620687,0.18114369867898777,-0.21901361890519463,-0.2926990496666101
frozen_GE_teacher,COc1cccc(NC(=O)N(C)C[C@@H]2Oc3cc(C#CC4(O)CCCC4)ccc3S(=O)(=O)N([C@H](C)CO)C[C@H]2C)c1,10.0368,0.10959752885255986,0.11003953332816846,0.04039937947780886,0.0696401538503596,0.15793788803953146
frozen_GE_teacher,COc1cccc(NC(=O)N(C)C[C@@H]2Oc3ncc(C#Cc4ccncc4)cc3C(=O)N([C@@H](C)CO)C[C@H]2C)c1,10.0559,-0.005984493554711318,-0.005984564999455991,0.010084924276456308,-0.0160694892759123,0.23031834380308447
frozen_GE_teacher,COc1cccc(NC(=O)N(C)C[C@H]2OCc3ccccc3-c3ccccc3C(=O)N([C@H](C)CO)C[C@@H]2C)c1,10.1784,0.4062619915930683,0.43112611724690736,0.08029776599470191,0.35082835125220546,0.23637117506239297
frozen_GE_teacher,COc1cccc(NC(=O)N(C)C[C@H]2OCc3cn(nn3)CCCC(=O)N([C@@H](C)CO)C[C@H]2C)c1,10.1993,0.24903313269589672,0.2543817522325873,-0.11345598765633816,0.36783773988892543,0.2689057568572466
frozen_GE_teacher,COc1cccc(NC(=O)N(C)C[C@H]2OCc3cn(nn3)CCCC(=O)N([C@H](C)CO)C[C@@H]2C)c1,10.0094,0.0778219446630217,0.07797962120075859,0.0293076282363278,0.04867199296443079,0.027537387590433282
frozen_GE_teacher,COc1cccc(NC(=O)N(C)C[C@H]2OCc3cnnn3CCCC(=O)N([C@@H](C)CO)C[C@H]2C)c1,10.0059,0.26841324275431916,0.2751530839307753,-0.024061759902932425,0.2992148438337077,0.04669364348668329
frozen_GE_teacher,COc1cccc(NC(=O)N(C)C[C@H]2Oc3cc(-c4ccccc4OC)ccc3S(=O)(=O)N([C@@H](C)CO)C[C@H]2C)c1,10.0176,0.06386912989944601,0.06395618946724291,-0.0883317814006876,0.1522879708679305,-0.1526605711717296
frozen_GE_teacher,COc1cccc(NC(=O)N(C)C[C@H]2Oc3cc(C#CC4(O)CCCC4)ccc3S(=O)(=O)N([C@@H](C)CO)C[C@H]2C)c1,10.0262,-0.009201221843724364,-0.009201481523012802,0.017993850739730432,-0.027195332262743233,0.019128334015385776
frozen_GE_teacher,COc1cccc(NC(=O)N(C)C[C@H]2Oc3ncc(/C=C/c4ccccc4)cc3C(=O)N([C@H](C)CO)C[C@@H]2C)c1,9.96699,0.2749308140016643,0.2821900566636295,0.03059107852698221,0.2515989781366473,-0.05234714968224175
frozen_GE_teacher,COc1cccc(NC(=O)N(C)C[C@H]2Oc3ncc(C#Cc4ccncc4)cc3C(=O)N([C@H](C)CO)C[C@H]2C)c1,10.0925,0.22894312047293855,0.233073841401153,0.01488491466595781,0.2181889267351952,0.077157846265318
frozen_GE_teacher,COc1cccc(NC(=O)N2C[C@@H](O)COC[C@H]3O[C@@H](CC(=O)N(C)C)CC[C@@H]32)c1,10.0024,-0.2293620619313944,-0.23351600107433795,0.07413338154266051,-0.3076493826169985,-0.23711376184253335
frozen_GE_teacher,COc1cccc(NC(=O)N2C[C@@H](O)COC[C@H]3O[C@H](CC(=O)N(C)C)CC[C@@H]32)c1,9.96364,-0.14449518508351084,-0.14551360543653397,0.07511472730585086,-0.22062833274238483,-0.21887807440524165
frozen_GE_teacher,COc1cccc(NC(=O)N2C[C@H](O)COC[C@@H]3O[C@H](CC(=O)N(C)C)CC[C@H]32)c1,10.0378,-0.19493830734583906,-0.19746546303068285,0.04999602319246834,-0.2474614862231512,-0.1553689607560032
frozen_GE_teacher,COc1cccc(NC(=O)NCCCCc2ccccc2)c1,10.0,-0.5664725695643483,-0.6423132643502507,-0.10341488662033742,-0.5388983777299133,0.20397822823755044
frozen_GE_teacher,COc1cccc(NC(=O)N[C@@H]2C=C[C@@H](CC(=O)Nc3ccc(-c4ccccc4)cc3)O[C@@H]2CO)c1,10.0808,0.0906116558928704,0.09086087292351559,-0.07787150015953287,0.16873237308304845,-0.05863945844702173
frozen_GE_teacher,COc1cccc(NC(=O)N[C@@H]2CC[C@@H](CC(=O)N3CCCCC3)O[C@H]2CO)c1,10.021,0.041508260399743604,0.04153212376126632,0.12020284738240329,-0.07867072362113697,-0.04882320799348176
frozen_GE_teacher,COc1cccc(NC(=O)Nc2ccc3c(c2)C(=O)N(C)C[C@@H](OC)[C@@H](C)CN(CC2CC2)[C@@H](C)CO3)c1,9.97027,-0.3571772222163606,-0.37364659067630596,0.058069101599878395,-0.43171569227618434,0.1277301340904473
frozen_GE_teacher,COc1cccc(Nc2c(F)c(F)c(F)c(F)c2C(=O)O)c1,20.0,0.3400999690995381,0.3542055693762528,0.09585411236963327,0.25835145700661954,0.19911139476835393
frozen_GE_teacher,COc1cccc(S(=O)(=O)N(C)C[C@@H]2OCc3ccccc3-c3c(n(C)c4ccccc34)C(=O)N([C@H](C)CO)C[C@@H]2C)c1,9.86023,0.16414259401166129,0.16564104634899565,0.11454060451622644,0.05110044183276921,-0.224971832931967
frozen_GE_teacher,COc1cccc(S(=O)(=O)N(C)C[C@@H]2OCc3ccccc3-c3c(n(C)c4ccccc34)C(=O)N([C@H](C)CO)C[C@H]2C)c1,9.89215,0.5091336958469967,0.5615596280326893,0.17904498580696465,0.3825146422257247,-0.3063350384386335
frozen_GE_teacher,COc1cccc(S(=O)(=O)N(C)C[C@@H]2OCc3ccccc3-c3ccccc3C(=O)N([C@@H](C)CO)C[C@@H]2C)c1,10.0371,0.33121879411693156,0.34419661400990686,0.10497613120706341,0.23922048280284347,0.039105769133248966
frozen_GE_teacher,COc1cccc(S(=O)(=O)N(C)C[C@@H]2OCc3cnnn3CCCC(=O)N([C@@H](C)CO)C[C@@H]2C)c1,10.0125,0.14404771355045484,0.14505662212991752,0.12461403986117287,0.020442582268744652,-0.02079217339050217
frozen_GE_teacher,COc1cccc(S(=O)(=O)N2C[C@H](O)COC[C@@H]3O[C@@H](CC(=O)NCCCN4CCOCC4)CC[C@H]32)c1,10.0416,0.25744744360417643,0.26337272777669885,0.12996813254469797,0.13340459523200088,-0.027891087460761868
frozen_GE_teacher,COc1cccc(S(=O)(=O)N2C[C@H](O)COC[C@@H]3O[C@H](CC(=O)NCCCN4CCOCC4)CC[C@H]32)c1,10.1568,0.45585209470193566,0.4920627728232567,0.11806418364838105,0.37399858917487566,-0.18013411781119706
frozen_GE_teacher,COc1cccc(S(=O)(=O)N2C[C@H](O)COC[C@H]3O[C@H](CC(=O)N4CCN(c5ccccc5)CC4)CC[C@@H]32)c1,10.0416,-0.1050629815002502,-0.10545213187649942,0.1436566095456431,-0.2491087414221425,0.07450836478321016
frozen_GE_teacher,COc1cccc(S(=O)(=O)N2C[C@H](O)COC[C@H]3O[C@H](CC(=O)NCCCN4CCOCC4)CC[C@@H]32)c1,10.0273,9.22243368825737e-05,9.222433714403978e-05,0.054281121372647706,-0.05418889703550367,-0.25564611334171317
frozen_GE_teacher,COc1cccc(S(=O)(=O)N[C@@H]2C=C[C@@H](CC(=O)NC3Cc4ccccc4C3)O[C@@H]2CO)c1,10.0065,-0.17012100184772136,-0.17179126901136285,0.14835052792838077,-0.32014179693974365,-0.2554393195753403
frozen_GE_teacher,COc1cccc(S(=O)(=O)N[C@@H]2C=C[C@@H](CC(=O)NCc3ccc(F)cc3)O[C@@H]2CO)c1,10.0775,-0.1859352221079502,-0.18812350835690497,-0.012233500402080709,-0.17589000795482426,-0.17264576911485435
frozen_GE_teacher,COc1cccc(S(=O)(=O)N[C@@H]2C=C[C@H](CC(=O)NCc3ccc(F)cc3)O[C@H]2CO)c1,10.0934,-0.37043217854903465,-0.3889239207929043,0.03891205212759341,-0.4278359729204977,-0.3528398747789283
frozen_GE_teacher,COc1cccc(S(=O)(=O)N[C@@H]2CC[C@@H](CC(=O)NCc3ccncc3)O[C@@H]2CO)c1,9.96238,0.524871483948906,0.5830400425612734,0.06395427538801265,0.5190857671732607,-0.3591083179436986
frozen_GE_teacher,COc1cccc(S(=O)(=O)N[C@@H]2CC[C@@H](CC(=O)NCc3ccncc3)O[C@H]2CO)c1,9.97563,0.28486581207943557,0.29296968249031036,-0.19430708463200835,0.4872767671223187,0.3282120825644038
frozen_GE_teacher,COc1cccc(S(=O)(=O)N[C@H]2C=C[C@@H](CC(=O)NCc3ccc(F)cc3)O[C@@H]2CO)c1,10.0205,0.09485953668313193,0.0951456086396812,-1.1709924885036985e-05,0.09515731856456625,0.11702319195218303
frozen_GE_teacher,COc1cccc(S(=O)(=O)N[C@H]2CC[C@@H](CCn3cc(-c4ccccc4OC)nn3)O[C@@H]2CO)c1,10.0503,0.37316529897029355,0.3920954599584644,-0.007973043284872092,0.4000685032433365,-0.025412744374869678
frozen_GE_teacher,COc1cccc(S(=O)(=O)N[C@H]2CC[C@@H](CCn3cc(-c4ccccc4OC)nn3)O[C@H]2CO)c1,10.0733,0.11074089176033877,0.11119694415850355,0.05816711078834907,0.05302983337015448,-0.040083052455419904
frozen_GE_teacher,COc1cccc(S(=O)(=O)N[C@H]2CC[C@H](CC(=O)NCc3ccncc3)O[C@@H]2CO)c1,9.95826,0.4064872195557532,0.4313958966722866,-0.08930492087270728,0.5207008175449939,0.06697345463461474
frozen_GE_teacher,COc1cccc(S(=O)(=O)Nc2ccc3c(c2)OC[C@@H](C)N(Cc2ccccc2F)C[C@H](C)[C@H](OC)CN(C)C3=O)c1,9.9633,0.21476324591387094,0.21815960379200075,0.01420285566486624,0.20395674812713452,0.33330032200719
frozen_GE_teacher,COc1cccc(S(=O)(=O)Nc2ccc3c(c2)OC[C@H](C)N(Cc2ccccc2F)C[C@@H](C)[C@H](OC)CN(C)C3=O)c1,10.0535,-0.16764268296771864,-0.16924018912724997,0.03698896113356762,-0.2062291502608176,-0.14408876963529657
frozen_GE_teacher,COc1cccc(S(=O)(=O)Nc2ccc3c(c2)OC[C@H](C)NC[C@H](C)[C@H](OC)CN(C)C3=O)c1,9.95773,0.14123968363013994,0.1421902678142173,0.0028429934419664125,0.1393472743722509,-0.10823342803974738
frozen_GE_teacher,COc1cccc(S(=O)(=O)Nc2ccc3c(c2)[C@@H]2C[C@@H](CC(=O)NCc4ccc(Cl)cc4)O[C@@H](CO)[C@@H]2O3)c1,10.0494,0.15526776624578173,0.15653386716318923,0.010295446850013155,0.14623842031317608,0.14807171821592618
frozen_GE_teacher,COc1cccc(S(=O)(=O)Nc2ccc3c(c2)[C@@H]2C[C@H](CC(=O)NCC(F)(F)F)O[C@H](CO)[C@@H]2O3)c1,9.9949,-0.1754523852147079,-0.1772867354757044,-0.006296468348332745,-0.17099026712737164,0.06726097788308545
frozen_GE_teacher,COc1cccc(S(=O)(=O)Nc2ccc3c(c2)[C@@H]2C[C@H](CC(=O)NCCc4ccccc4)O[C@@H](CO)[C@@H]2O3)c1,9.98032,0.08052964896156838,0.08070440837042238,0.004997633771102825,0.07570677459931956,-0.1613939925350458
frozen_GE_teacher,COc1cccc(S(=O)(=O)Nc2ccc3c(c2)[C@@H]2C[C@H](CC(=O)NCc4ccc(Cl)cc4)O[C@@H](CO)[C@@H]2O3)c1,10.0662,0.3790004541558804,0.39889192826353526,-0.011138720830407421,0.41003064909394266,-0.02488411697551609
frozen_GE_teacher,COc1cccc(S(=O)(=O)Nc2ccc3c(c2)[C@H]2C[C@@H](CC(=O)NCc4cccc(F)c4)O[C@@H](CO)[C@H]2O3)c1,10.127,0.22394430817267186,0.22780483837571966,0.009050154334275178,0.2187546840414445,0.23109954591504217
frozen_GE_teacher,COc1cccc(S(=O)(=O)Nc2ccc3c(c2)[C@H]2C[C@H](CC(=O)N4CCCCC4)O[C@H](CO)[C@H]2O3)c1,10.1414,0.021996365534415314,0.02199991413918924,0.01092138942536917,0.011078524713820068,-0.12500163138575673
frozen_GE_teacher,COc1cccc(S(=O)(=O)Nc2ccc3c(c2)[C@H]2C[C@H](CC(=O)NCc4ccc(Cl)cc4)O[C@@H](CO)[C@H]2O3)c1,9.98124,0.21788125203731223,0.22143068433151014,0.027394384496124222,0.19403629983538592,0.030875127853159812
frozen_GE_teacher,COc1cccc(S(=O)(=O)Nc2ccc3c(c2)[C@H]2C[C@H](CC(=O)NCc4cccc(F)c4)O[C@H](CO)[C@H]2O3)c1,10.0425,0.07755848682811003,0.07771456353728311,0.013372753150706025,0.06434181038657708,-0.0637992761347704
frozen_GE_teacher,COc1cccc(S(=O)(=O)Nc2ccc3c(c2)[C@H]2C[C@H](CC(=O)NCc4ccccc4F)O[C@@H](CO)[C@H]2O3)c1,10.0723,0.051518369444385814,0.051564021195622305,-0.19001220976145283,0.24157623095707514,0.2315665728685168
frozen_GE_teacher,COc1ccccc1-c1c(C)nn2c(N3CCN(Cc4ccccc4)CC3)cc(C)nc12,10.0,0.38498386572315124,0.40589763359866127,0.16339399396716495,0.24250363963149632,0.16813224287454612
frozen_GE_teacher,COc1ccccc1-c1cc(=O)c2cccc(OC)c2o1,10.0,0.013266221486729986,0.013266999821334747,0.04377592741841242,-0.030508927597077677,0.1463862671052577
frozen_GE_teacher,COc1ccccc1-c1ccc([C@@H]2[C@@H](C#N)N(C(=O)CN(C)C)[C@H]2CO)cc1,10.0398,0.09174554128017771,0.09200426406178608,0.03992961563186746,0.052074648429918616,0.02725831208792598
frozen_GE_teacher,COc1ccccc1-c1ccc([C@@H]2[C@@H](C#N)N[C@@H]2CO)cc1,10.0193,0.3372529566448772,0.35098968620766924,-0.023256969207283328,0.37424665541495256,-0.1816703092725722
frozen_GE_teacher,COc1ccccc1-c1ccc([C@H]2[C@@H](C#N)N(C(=O)CN(C)C)[C@H]2CO)cc1,10.3742,-0.20896413340230807,-0.21208793687062197,-0.03777080005975272,-0.17431713681086924,0.1358067479057273
frozen_GE_teacher,COc1ccccc1-c1ccc2c(c1)O[C@@H](CN(C)Cc1ccc3c(c1)OCO3)[C@H](C)CN([C@@H](C)CO)S2(=O)=O,10.0596,0.409239719878635,0.43469765722975107,0.066965405042726,0.3677322521870251,0.2558829969641515
frozen_GE_teacher,COc1ccccc1-c1ccc2c(c1)O[C@@H](CN(C)S(=O)(=O)c1ccc(F)cc1)[C@@H](C)CN([C@H](C)CO)S2(=O)=O,10.0285,-0.041901281976812164,-0.041925830112145984,-0.02457425792082092,-0.017351572191325063,0.019477836966995753
frozen_GE_teacher,COc1ccccc1-c1ccc2c(c1)O[C@H](CN(C)CC1CCOCC1)[C@H](C)CN([C@H](C)CO)S2(=O)=O,10.0486,0.03826873621931894,0.03828743412444174,0.054380336566323885,-0.016092902441882148,0.25812063141863006
frozen_GE_teacher,COc1ccccc1-c1ccc2c(c1)O[C@H](CN(C)S(=O)(=O)c1ccc(F)cc1)[C@@H](C)CN([C@H](C)CO)S2(=O)=O,9.98793,0.18798732907819343,0.19024994474159043,-0.0026509929484211762,0.1929009376900116,0.11024843540584031
frozen_GE_teacher,COc1ccccc1-c1ccc2c(c1)O[C@H](CN(C)S(=O)(=O)c1ccc(F)cc1)[C@H](C)CN([C@@H](C)CO)S2(=O)=O,10.0127,0.040140945679061575,0.040162526188434106,0.04249760826660047,-0.0023350820781663645,-0.035384631586630584
frozen_GE_teacher,COc1ccccc1-c1ccc2n(c1=O)C[C@H]1[C@H](CO)[C@@H](C(=O)N3CCCCC3)N(C)[C@@H]21,10.1018,0.3068007461301884,0.31700988460096113,0.02224702120297829,0.29476286339798285,-0.23350220786610115
frozen_GE_teacher,COc1ccccc1-c1cccc(-c2nc(C(=O)N3CCN(C)CC3)cc3c2[C@@H](CCO)N([S@](=O)C(C)(C)C)C3)c1,10.09,-0.12444224004954486,-0.12509064092531108,-0.04171512437661925,-0.08337551654869182,-0.05257156836487822
frozen_GE_teacher,COc1ccccc1-c1cccc(-c2nc(C(=O)N3CCOCC3)cc3c2[C@@H](CCO)N([S@](=O)C(C)(C)C)C3)c1,10.104,-0.45737058887202536,-0.49398126083064897,0.0525788546033305,-0.5465601154339794,0.44593545262211454
frozen_GE_teacher,COc1ccccc1-c1cn(CC[C@@H]2CC[C@H](NC(=O)c3cnccn3)[C@H](CO)O2)nn1,10.035,0.24651757322486148,0.2517016526269842,0.05180706066903444,0.19989459195794973,0.3388529249110148
frozen_GE_teacher,COc1ccccc1-c1cnc2c(c1)C(=O)N([C@H](C)CO)C[C@@H](C)[C@H](CN(C)CC1CCOCC1)O2,10.0381,0.09247398394525315,0.09273893990338358,0.669650791158551,-0.5769118512551674,-0.5178692379175901
frozen_GE_teacher,COc1ccccc1-n1cc([C@@H]2C[C@H]3CN(c4ccccc4)C(=O)[C@]34CCCN24)cn1,10.0,0.04603025964051926,0.046062810436290826,0.0550164515780778,-0.008953641141786976,0.17779645606288083
frozen_GE_teacher,COc1ccccc1C#Cc1ccc([C@@H]2[C@@H](C#N)N(C(=O)C3CC3)[C@@H]2CO)cc1,10.008,0.03872809640409747,0.038747476158564685,-0.040223540089362166,0.07897101624792685,-0.09203433331295566
frozen_GE_teacher,COc1ccccc1C#Cc1ccc([C@H]2[C@@H](C#N)N(C(=O)C3CC3)[C@@H]2CO)cc1,10.1255,-0.04748275557124034,-0.04751848898741954,-0.075768364954758,0.02824987596733846,0.13904655498341326
frozen_GE_teacher,COc1ccccc1C#Cc1ccc([C@H]2[C@H](C#N)N(C(=O)C3CC3)[C@H]2CO)cc1,10.0531,0.2656048975022574,0.2721291480709667,-0.02511020294487907,0.2972393510158458,0.15877571468997045
frozen_GE_teacher,COc1ccccc1C#Cc1ccc2c(c1)O[C@@H](CN(C)Cc1cccnc1)[C@H](C)CN([C@H](C)CO)S2(=O)=O,10.0481,-0.024819813043403808,-0.024824911454198753,0.019688125692245016,-0.044513037146443765,0.055962770805655745
frozen_GE_teacher,COc1ccccc1C#Cc1ccc2c(c1)O[C@H](CN(C)Cc1cccnc1)[C@H](C)CN([C@H](C)CO)S2(=O)=O,10.0395,-0.1953228945990364,-0.19786527345176502,0.7631896265166683,-0.9610548999684334,-0.6774248931452779
frozen_GE_teacher,COc1ccccc1C#Cc1cnc2c(c1)C(=O)N([C@@H](C)CO)C[C@@H](C)[C@@H](CN(C)S(=O)(=O)c1cn(C)cn1)O2,10.0287,-0.19503794567287086,-0.19756903936844494,-0.0128424419265342,-0.18472659744191075,-0.06910937340387421
frozen_GE_teacher,COc1ccccc1C#Cc1cnc2c(c1)C(=O)N([C@@H](C)CO)C[C@@H](C)[C@H](CN(C)C(=O)c1ccc3c(c1)OCO3)O2,10.0102,0.08189702142867329,0.08208085958733469,0.07297806574767073,0.009102793839663961,-0.11359700058475883
frozen_GE_teacher,COc1ccccc1C#Cc1cnc2c(c1)C(=O)N([C@@H](C)CO)C[C@H](C)[C@H](CN(C)S(=O)(=O)c1cn(C)cn1)O2,10.0479,0.12002652042621095,0.12060793639530554,-0.03252909801501987,0.1531370344103254,0.1718991582472747
frozen_GE_teacher,COc1ccccc1C(=O)Nc1ccc2c(c1)C(=O)N(C)C[C@@H](OC)[C@@H](C)CN(CC1CC1)[C@H](C)CO2,10.0588,0.19928508927723854,0.20198796614564088,0.05263180540310478,0.1493561607425361,-0.0882807334807579
frozen_GE_teacher,COc1ccccc1C(=O)Nc1ccc2c(c1)C(=O)N(C)C[C@@H](OC)[C@H](C)CN(C)[C@@H](C)CO2,10.0216,-0.03526703098100221,-0.03528166318361421,0.01024734810616626,-0.04552901128978047,-0.21315937230151039
frozen_GE_teacher,COc1ccccc1C(=O)Nc1ccc2c(c1)C(=O)N(C)C[C@@H](OC)[C@H](C)CN(CC1CC1)[C@@H](C)CO2,10.0541,-0.2696691290112925,-0.2765069688926559,-0.0901000640267122,-0.18640690486594372,-0.02692654116965887
frozen_GE_teacher,COc1ccccc1C(=O)Nc1ccc2c(c1)C(=O)N(C)C[C@@H](OC)[C@H](C)CN(CC1CC1)[C@H](C)CO2,10.0193,0.3629010003171582,0.38022286819218243,0.028413488227523168,0.3518093799646593,0.19821237786582713
frozen_GE_teacher,COc1ccccc1C(=O)Nc1ccc2c(c1)C(=O)N(C)C[C@H](OC)[C@@H](C)CN(C)[C@@H](C)CO2,9.96286,0.5009950180319781,0.5506337164615703,0.11755288744327784,0.4330808290182925,-0.010398699677842183
frozen_GE_teacher,COc1ccccc1C(=O)Nc1ccc2c(c1)C(=O)N(C)[C@@H]1CC[C@H](CC(=O)NCCc3ccncc3)O[C@H]1CO2,9.86287,-0.0145580212301659,-0.014559049817141621,0.0027326982387331448,-0.017291748055874766,-0.06855786223461896
frozen_GE_teacher,COc1ccccc1C(=O)Nc1ccc2c(c1)OC[C@H](C)N(C(C)=O)C[C@@H](C)[C@H](OC)CN(C)C2=O,10.0652,0.2896175930334641,0.2981487937484363,0.09557149149524061,0.20257730225319567,-0.002914170251935161
frozen_GE_teacher,COc1ccccc1CN(C)C[C@@H]1OCc2ccccc2-c2ccccc2C(=O)N([C@H](C)CO)C[C@@H]1C,9.97715,0.342338984421231,0.356739628694191,0.054084833353481986,0.30265479534070905,0.0968229298471519
frozen_GE_teacher,COc1ccccc1CN(C)C[C@@H]1OCc2cn(nn2)CCCC(=O)N([C@H](C)CO)C[C@@H]1C,10.2146,0.04423084734471525,0.044259725185718274,0.014245067911925324,0.03001465727379295,-0.1748298323321863
frozen_GE_teacher,COc1ccccc1CN(C)C[C@@H]1OCc2cnnn2CCCC(=O)N([C@H](C)CO)C[C@@H]1C,10.0905,-0.28998132646049896,-0.298545875594783,-0.02295559381327793,-0.2755902817815051,0.10134054057672047
frozen_GE_teacher,COc1ccccc1CN1C[C@@H](C)[C@H](OC)CN(C)C(=O)c2cc(NC(C)=O)ccc2OC[C@@H]1C,9.97519,-0.19596370904732513,-0.1985315921415841,-0.018940938776753954,-0.17959065336483016,0.16161509482655723
frozen_GE_teacher,COc1ccccc1CN1C[C@H](C)[C@@H](OC)CN(C)C(=O)c2cc(NC(C)=O)ccc2OC[C@@H]1C,9.97004,-0.18864975247953925,-0.1909367240248885,-0.02052959226319063,-0.1704071317616979,0.028203741013932956
frozen_GE_teacher,COc1ccccc1CN1C[C@H](C)[C@@H](OC)CN(C)C(=O)c2cc(NC(C)=O)ccc2OC[C@H]1C,10.0049,0.11816141019581616,0.11871599142448883,-0.025818944089328905,0.14453493551381774,-0.058909854143928145
frozen_GE_teacher,COc1ccccc1CNC(=O)C[C@@H]1CC[C@@H]2[C@@H](COc3ccc(NS(=O)(=O)c4ccc(C)cc4)cc3C(=O)N2C)O1,10.1381,0.08312692328477915,0.08331919245331604,-0.017684368253368606,0.10100356070668465,0.14882334906486355
frozen_GE_teacher,COc1ccccc1CNC(=O)C[C@@H]1CC[C@H]2[C@@H](COC[C@H](O)CN2C(=O)Nc2ccc(F)cc2)O1,10.0963,-0.3275917867594872,-0.34012813851048707,-0.003532047522159045,-0.33659609098832804,0.3124607818546818
frozen_GE_teacher,COc1ccccc1CNC(=O)C[C@@H]1CC[C@H]2[C@@H](COC[C@H](O)CN2Cc2cccc(-c3ccncc3)c2)O1,10.0742,0.22803012226915464,0.23211055358060573,0.03761269232492781,0.19449786125567792,0.23265993019800457
frozen_GE_teacher,COc1ccccc1CNC(=O)C[C@@H]1C[C@@H]2c3cc(NC(=O)Nc4ccccc4F)ccc3O[C@@H]2[C@@H](CO)O1,9.80771,0.002369363573023336,0.0023693680068154837,-0.06720058704915295,0.06956995505596844,0.17808134006558718
frozen_GE_teacher,COc1ccccc1CNC(=O)C[C@@H]1C[C@H]2c3cc(N(C)C)ccc3O[C@H]2[C@@H](CO)O1,10.0247,0.15633869701130848,0.15763144126798992,-0.12399974452397122,0.2816311857919611,0.018893426083340395
frozen_GE_teacher,COc1ccccc1CNC(=O)C[C@@H]1C[C@H]2c3cc(NC(=O)C4CCOCC4)ccc3O[C@H]2[C@@H](CO)O1,10.0725,-0.2124043974961239,-0.21568800447040673,0.08377225471210858,-0.2994602591825153,-0.00993771009578362
frozen_GE_teacher,COc1ccccc1CNC(=O)C[C@@H]1C[C@H]2c3cc(NC(=O)C4CCOCC4)ccc3O[C@H]2[C@H](CO)O1,10.1036,0.48789192748336146,0.5332899507382167,0.02549262456005885,0.5077973261781579,0.026400008691000964
frozen_GE_teacher,COc1ccccc1CNC(=O)C[C@@H]1C[C@H]2c3cc(NC(=O)CN(C)C)ccc3O[C@H]2[C@H](CO)O1,9.92629,-0.012700537981815843,-0.01270122092902229,-0.021751928537416754,0.009050707608394463,-0.04367495923032513
frozen_GE_teacher,COc1ccccc1CNC(=O)C[C@@H]1C[C@H]2c3cc(NC(=O)NC4CCCC4)ccc3O[C@H]2[C@@H](CO)O1,9.75061,-0.1865149218400259,-0.18872403421118306,0.05486133814960466,-0.2435853723607877,-0.09108882279676479
frozen_GE_teacher,COc1ccccc1CNC(=O)C[C@@H]1C[C@H]2c3cc(NC(=O)NC4CCCC4)ccc3O[C@H]2[C@H](CO)O1,9.92941,-0.1133896070433137,-0.11387934838520569,-0.07972811327308768,-0.03415123511211801,0.031936888076386304
frozen_GE_teacher,COc1ccccc1CNC(=O)C[C@@H]1C[C@H]2c3cc(NS(C)(=O)=O)ccc3O[C@H]2[C@H](CO)O1,10.0887,0.3673220486101392,0.3853239348696532,-0.03806040108723804,0.42338433595689123,-0.1431727767137534
frozen_GE_teacher,COc1ccccc1CNC(=O)C[C@H]1CC[C@@H]2[C@H](COC[C@H](O)CN2C(=O)Nc2ccc(F)cc2)O1,10.0266,-0.18299025676274094,-0.18507480374346902,-0.030944168844869564,-0.15413063489859946,0.33950607283962886
frozen_GE_teacher,COc1ccccc1CNC(=O)C[C@H]1CC[C@H]2[C@@H](COC[C@H](O)CN2C(=O)Nc2ccc(F)cc2)O1,10.0007,-0.11228408478804904,-0.11275956880416653,-0.08065886582173032,-0.03210070298243621,-0.03595539186458545
frozen_GE_teacher,COc1ccccc1CNC(=O)C[C@H]1CC[C@H]2[C@@H](COC[C@H](O)CN2Cc2cccc(-c3ccncc3)c2)O1,10.1074,0.1137747942310102,0.11426956979168318,0.07221735585371064,0.04205221393797254,0.037542643285265576
frozen_GE_teacher,COc1ccccc1CNC(=O)C[C@H]1C[C@@H]2c3cc(NC(=O)CN(C)C)ccc3O[C@@H]2[C@H](CO)O1,10.0769,-0.00716642648022914,-0.007166549167661552,-0.03058714860177922,0.02342059943411767,-0.00786184601936055
frozen_GE_teacher,COc1ccccc1CNC(=O)C[C@H]1C[C@@H]2c3cc(NC(=O)c4ccc5c(c4)OCO5)ccc3O[C@@H]2[C@@H](CO)O1,10.0125,0.10436341771119176,0.10474481240242958,-0.12423673230572678,0.22898154470815635,0.24856654374031895
frozen_GE_teacher,COc1ccccc1CNC(=O)C[C@H]1C[C@@H]2c3cc(NC(=O)c4cccnc4)ccc3O[C@@H]2[C@@H](CO)O1,10.0323,0.16710049033037638,0.16868237015340387,-0.04645816977841895,0.2151405399318228,0.27744488050663013
frozen_GE_teacher,COc1ccccc1CNC(=O)C[C@H]1C[C@H]2c3cc(NC(=O)CN(C)C)ccc3O[C@H]2[C@@H](CO)O1,9.93909,0.404805329495932,0.429382743648335,-0.07496299009381327,0.5043457337421483,-0.015272087737913234
frozen_GE_teacher,COc1ccccc1CNC(=O)C[C@H]1C[C@H]2c3cc(NC(=O)CN(C)C)ccc3O[C@H]2[C@H](CO)O1,10.0296,-0.387327431833997,-0.4086519088757951,-0.059352082465946095,-0.349299826409849,-0.22199274898436905
frozen_GE_teacher,COc1ccccc1CNC(=O)C[C@H]1C[C@H]2c3cc(NC(=O)Cc4ccncc4)ccc3O[C@H]2[C@@H](CO)O1,10.0166,0.6255315962140212,0.7340413735314941,0.13402080250944534,0.6000205710220488,-0.10481285959782125
frozen_GE_teacher,COc1ccccc1CNC(=O)C[C@H]1C[C@H]2c3cc(NC(=O)NC4CCCC4)ccc3O[C@H]2[C@H](CO)O1,10.0149,0.022503233623153575,0.022507033289957963,-0.019551584733914367,0.04205861802387233,0.13786009016415568
frozen_GE_teacher,COc1ccccc1CNC(=O)C[C@H]1C[C@H]2c3cc(NC(=O)c4cccnc4)ccc3O[C@H]2[C@@H](CO)O1,10.0845,0.08337066449971037,0.08356463467285034,-0.0005960911495635516,0.08416072582241389,0.21501472716119724
frozen_GE_teacher,COc1ccccc1CNC(=O)C[C@H]1C[C@H]2c3cc(NS(=O)(=O)c4ccc(F)cc4)ccc3O[C@H]2[C@@H](CO)O1,10.0275,0.1268313007493891,0.1275180180256738,-0.1378822680497736,0.2654002860754474,-0.1630202284518823
frozen_GE_teacher,COc1ccccc1N1CCN(C(=O)CSc2nnc3n2C(C)(C)Cc2ccccc2-3)CC1,10.0,0.3280621316216816,0.340655118161674,0.021168484755675194,0.3194866334059988,0.06868267240720784
frozen_GE_teacher,COc1ccccc1N1CCN(CC(C(=O)NC(C)(C)C)c2ccccc2)CC1,10.0,0.8089992035776973,1.1241257236757143,0.34856952297289,0.7755562007028243,-0.43214564738327577
frozen_GE_teacher,COc1ccccc1N1CCN(CCCCN2C(=O)CCC2=O)CC1,10.0,0.330040907579313,0.34287416194436976,0.07640099665943463,0.26647316528493514,0.35293120194669764
frozen_GE_teacher,COc1ccccc1N1CCNCC1,10.0,0.35528220365385993,0.37147614199958345,0.015316532235847571,0.3561596097637359,0.04327425413156025
frozen_GE_teacher,COc1ccccc1N=c1scc(-c2ccc3c(c2)NC(=O)CO3)n1CC1CCCO1,10.0,0.013653716052760112,0.013654564607624462,0.3022363419379803,-0.28858177733035584,0.283039076723582
frozen_GE_teacher,COc1ccccc1NC(=O)CSc1nc2ccccc2n1C(C)=O,10.0,0.01128927235611942,0.011289751989950721,0.008331837876591117,0.0029579141133596037,0.21747780547201526
frozen_GE_teacher,COc1ccccc1NC(=O)N(C)C[C@@H]1OCc2ccccc2-c2c(n(C)c3ccccc23)C(=O)N([C@@H](C)CO)C[C@@H]1C,9.91131,0.1440532356694658,0.14506226126400157,-0.03458196853062261,0.1796442297946242,-0.06630094326841565
frozen_GE_teacher,COc1ccccc1NC(=O)N(C)C[C@@H]1OCc2cnnn2CCCC(=O)N([C@H](C)CO)C[C@H]1C,10.0201,0.14406673431907607,0.1450760459919203,0.09179836731918345,0.05327767867273686,-0.16895278903023223
frozen_GE_teacher,COc1ccccc1NC(=O)N(C)C[C@@H]1Oc2cc(Br)ccc2S(=O)(=O)N([C@@H](C)CO)C[C@@H]1C,10.0831,0.2604041799641157,0.2665419392073727,-0.06110085936753464,0.3276427985749073,0.0516992220714476
frozen_GE_teacher,COc1ccccc1NC(=O)N(C)C[C@@H]1Oc2cc(Br)ccc2S(=O)(=O)N([C@@H](C)CO)C[C@H]1C,10.0115,0.3478639727202223,0.36301160248601605,0.14478143989879652,0.21823016258721953,-0.2394148484386414
frozen_GE_teacher,COc1ccccc1NC(=O)N(C)C[C@H]1OCc2cnnn2CCCC(=O)N([C@H](C)CO)C[C@@H]1C,10.0235,0.36546805513707276,0.3831824569893389,-0.056024970728844055,0.43920742771818294,-0.4234036389397938
frozen_GE_teacher,COc1ccccc1NC(=O)N(C)C[C@H]1Oc2cc(Br)ccc2S(=O)(=O)N([C@@H](C)CO)C[C@@H]1C,10.0219,0.28310254032268567,0.29105173318063504,0.019316096605311833,0.2717356365753232,0.37654088591236134
frozen_GE_teacher,COc1ccccc1NC(=O)N(C)C[C@H]1Oc2cc(Br)ccc2S(=O)(=O)N([C@@H](C)CO)C[C@H]1C,10.0871,0.18713355235339552,0.1893650378887711,0.012436175363590178,0.17692886252518092,0.02072293995036511
frozen_GE_teacher,COc1ccccc1NC(=O)N(C)C[C@H]1Oc2ncc(C#CC(C)C)cc2C(=O)N([C@H](C)CO)C[C@H]1C,10.0225,0.06747461235757644,0.0675772929919898,-0.0033745285181741077,0.07095182151016391,-0.16595995033768227
frozen_GE_teacher,COc1ccccc1NC(=O)N1C[C@@H](O)COC[C@@H]2O[C@H](CC(=O)N3CCC(Cc4ccccc4)CC3)CC[C@H]21,9.93399,0.009861523931757635,0.009861843627009597,-0.10848492406886759,0.11834676769587718,-0.048319881191582176
frozen_GE_teacher,COc1ccccc1NC(=O)N1C[C@@H](O)COC[C@H]2O[C@H](CC(=O)NCCc3ccncc3)CC[C@@H]21,10.0133,0.6339803645521862,0.7480436389114885,0.05322747547319226,0.6948161634382962,0.105186644469147
frozen_GE_teacher,COc1ccccc1NC(=O)N[C@@H]1C=C[C@H](CC(=O)N2CCC(Cc3ccccc3)CC2)O[C@@H]1CO,10.0019,-0.10057265539149575,-0.10091382104618485,-0.10432186967776522,0.003408048631580368,-0.05183796994206796
frozen_GE_teacher,COc1ccccc1NC(=O)N[C@@H]1CC[C@@H](CCNC(=O)c2ccc3c(c2)OCO3)O[C@@H]1CO,9.94104,0.05409876936218321,0.054151638770859045,-0.0472198194621524,0.10137145823301144,0.2152134990276585
frozen_GE_teacher,COc1ccccc1NC(=O)N[C@@H]1CC[C@H](CC(=O)N[C@H](C)c2ccccc2)O[C@@H]1CO,10.1067,0.3164767364207851,0.32772680822832245,0.06991538814774914,0.25781142008057334,-0.1946451467798635
frozen_GE_teacher,COc1ccccc1NC(=O)N[C@@H]1CC[C@H](CCNC(=O)c2ccc3c(c2)OCO3)O[C@H]1CO,10.0305,-0.2580802021073248,-0.26405052032936205,0.002193872260923201,-0.26624439259028526,0.19036753411047605
frozen_GE_teacher,COc1ccccc1NC(=O)N[C@@H]1CC[C@H](CCNS(=O)(=O)c2ccccc2)O[C@H]1CO,10.1676,0.49143266867569557,0.5379474206001875,-0.06638364830722293,0.6043310689074104,-0.016814757582286607
frozen_GE_teacher,COc1ccccc1NC(=O)N[C@H]1C=C[C@@H](CC(=O)N2CCC(Cc3ccccc3)CC2)O[C@@H]1CO,10.0072,0.43752364970393987,0.46916406761377094,-0.07657548150362414,0.5457395491173951,-0.28727769957256494
frozen_GE_teacher,COc1ccccc1NC(=O)N[C@H]1C=C[C@@H](CC(=O)N2CCC(Cc3ccccc3)CC2)O[C@H]1CO,10.1187,-0.3129610230597691,-0.32382458142424875,-0.10585576566907925,-0.2179688157551695,0.2428695288597277
frozen_GE_teacher,COc1ccccc1NC(=O)N[C@H]1C=C[C@@H](CC(=O)N[C@H](C)c2ccccc2)O[C@@H]1CO,10.052,0.31981418219100466,0.33144010613948455,0.008083187383318775,0.3233569187561658,-0.2762369242957592
frozen_GE_teacher,COc1ccccc1NC(=O)N[C@H]1CC[C@@H](CCn2cc(C3(O)CCCC3)nn2)O[C@H]1CO,10.1371,0.3422757151658188,0.35666796193482325,0.014102227406599048,0.3425657345282242,-0.4097755706225835
frozen_GE_teacher,COc1ccccc1NC(=O)N[C@H]1CC[C@H](CC(=O)N[C@H](C)c2ccccc2)O[C@@H]1CO,9.8593,0.1665647827774067,0.16813132528299338,-0.00981817434289624,0.17794949962588963,0.2753442037090883
frozen_GE_teacher,COc1ccccc1NC(=O)N[C@H]1CC[C@H](CC(=O)N[C@H](C)c2ccccc2)O[C@H]1CO,10.0888,0.2837177032756747,0.2917206221953937,-0.0038400100965100877,0.29556063229190377,-0.24739967418347913
frozen_GE_teacher,COc1ccccc1NC(=O)N[C@H]1CC[C@H](CCn2cc(-c3cccnc3)nn2)O[C@@H]1CO,10.0082,0.09129438037267236,0.09154929234724947,-0.006145733993925115,0.09769502634117458,-0.021894829411177062
frozen_GE_teacher,COc1ccccc1NC(=O)Nc1ccc2c(c1)C(=O)N(C)C[C@@H](OC)[C@@H](C)CN(C)[C@H](C)CO2,10.121,0.09658723032153724,0.09688927992885583,0.04663440494225106,0.050254874986604775,-0.12559296464390396
frozen_GE_teacher,COc1ccccc1NC(=O)Nc1ccc2c(c1)C(=O)N(C)C[C@H](OC)[C@@H](C)CN[C@@H](C)CO2,9.94079,0.5061646969473684,0.5575598479669786,-0.09450798532743634,0.6520678332944149,0.07069414036616184
frozen_GE_teacher,COc1ccccc1NC(=O)Nc1ccc2c(c1)C(=O)N(C)C[C@H](OC)[C@@H](C)CN[C@H](C)CO2,10.041,0.14637484412629156,0.14743388151240694,-0.18602337473892466,0.3334572562513316,0.007621573444389573
frozen_GE_teacher,COc1ccccc1NC(=O)Nc1ccc2c(c1)C(=O)N(C)C[C@H](OC)[C@H](C)CN(C)[C@H](C)CO2,10.0042,0.09163419047297412,0.09189196918792014,-0.016188153065757483,0.10808012225367762,0.10258195920965786
frozen_GE_teacher,COc1ccccc1NC(=O)c1csc2c1CCC(C)C2,10.0,0.5888598315485475,0.6759188760462739,0.346481783927862,0.3294370921184119,0.05633401724414294
frozen_GE_teacher,COc1ccccc1Nc1nnc(SCC(=O)N2CCCC2=O)s1,10.0,0.3121164659556253,0.3228885968280919,-0.0851740644110727,0.40806266123916457,-0.060985326988291344
frozen_GE_teacher,COc1ccccc1OCC(=O)NNC(=S)NC(=O)c1ccco1,10.0,0.249095110242895,0.25444782869672306,-0.08867379011722701,0.3431216188139501,0.04541832687265748
frozen_GE_teacher,COc1ccccc1S(=O)(=O)N(C)C[C@@H]1OCc2cnnn2CCCC(=O)N([C@H](C)CO)C[C@@H]1C,10.0251,0.18791081096480888,0.19017062465787032,-0.024913430597109435,0.21508405525497976,0.18567900693698855
frozen_GE_teacher,COc1ccccc1S(=O)(=O)N(C)C[C@@H]1Oc2cc(C#CCC3CCCC3)ccc2S(=O)(=O)N([C@@H](C)CO)C[C@@H]1C,10.0399,0.3677947538776289,0.38587047763175863,-0.01763336839747019,0.40350384602922884,0.22432301787619466
frozen_GE_teacher,COc1ccccc1S(=O)(=O)N(C)C[C@H]1OCc2cnnn2CCCC(=O)N([C@H](C)CO)C[C@H]1C,10.0245,0.30544660408936547,0.31551572168365705,0.03831057267872455,0.2772051490049325,0.08618213855453428
frozen_GE_teacher,COc1ccccc1S(=O)(=O)N[C@@H]1C=C[C@@H](CC(=O)N2CCCCC2)O[C@H]1CO,9.93972,-0.11959971865437373,-0.12017491856606531,-0.14926772556182383,0.029092806995758516,0.09097688051206287
frozen_GE_teacher,COc1ccccc1S(=O)(=O)N[C@@H]1CC[C@@H](CC(=O)N2CCN(C)CC2)O[C@H]1CO,10.072,0.037234402553872115,0.03725162414943444,-0.1266459210340409,0.16389754518347535,0.09645711853048969
frozen_GE_teacher,COc1ccccc1S(=O)(=O)N[C@@H]1CC[C@@H](CCn2cc(C3CCCCC3)nn2)O[C@@H]1CO,10.0975,0.1575733681546859,0.15889729719756152,0.09173392767485722,0.0671633695227043,0.11545220872582027
frozen_GE_teacher,COc1ccccc1S(=O)(=O)N[C@@H]1CC[C@H](CC(=O)N2CCN(C)CC2)O[C@H]1CO,10.0688,0.17009403999293934,0.17176350372444738,-0.12587673558286347,0.29764023930731087,0.453500291748163
frozen_GE_teacher,COc1ccccc1S(=O)(=O)N[C@H]1C=C[C@@H](CC(=O)NCc2cc(F)cc(F)c2)O[C@@H]1CO,10.0614,-0.07759921568580953,-0.07775553900494572,-0.1762206790349375,0.09846514002999177,-0.14004943552908944
frozen_GE_teacher,COc1ccccc1S(=O)(=O)N[C@H]1C=C[C@H](CC(=O)N2CCCCC2)O[C@@H]1CO,10.1222,0.20481445354298763,0.20775268720687967,-0.03812837001294924,0.24588105721982892,-0.22261221387805788
frozen_GE_teacher,COc1ccccc1S(=O)(=O)N[C@H]1C=C[C@H](CC(=O)N2CCCCC2)O[C@H]1CO,10.0259,-0.1699358517724407,-0.17160060695924156,0.09018026761773261,-0.2617808745769742,0.23100066764226718
frozen_GE_teacher,COc1ccccc1S(=O)(=O)N[C@H]1CC[C@@H](CCn2cc(C3CCCCC3)nn2)O[C@H]1CO,10.1379,0.25807309677745105,0.2640429079906532,-0.06514406440103267,0.3291869723916859,-0.025453848394696374
frozen_GE_teacher,COc1ccccc1S(=O)(=O)Nc1ccc2c(c1)C(=O)N(C)C[C@H](OC)[C@H](C)CN[C@@H](C)CO2,10.0642,-0.2271179178668278,-0.23114852573792938,0.010785657857105828,-0.2419341835950352,0.0810495775851113
frozen_GE_teacher,COn1c(SCc2cccnc2)nc2ccccc2c1=O,10.0,0.3976664227266648,0.42087393852657545,0.29032639682404965,0.1305475417025258,-0.029364491308069562
frozen_GE_teacher,CS(=O)(=O)N1[C@@H]2c3ccc(-c4cccc(F)c4)c(=O)n3C[C@H]1[C@H](CO)[C@H]2C(=O)N1CCCCC1,10.0398,-0.330290953708334,-0.34315480033828943,-0.002326086680914566,-0.3408287136573749,-0.3990484176200016
frozen_GE_teacher,CS(=O)(=O)Nc1ccc2c(c1)[C@@H]1C[C@@H](CC(=O)NCC3CC3)O[C@H](CO)[C@@H]1O2,10.0101,-0.07825010334056058,-0.07841040318406975,-0.0038654568455791325,-0.07454494633849061,0.020396708904193095
frozen_GE_teacher,CS(=O)(=O)Nc1ccc2c(c1)[C@@H]1C[C@@H](CC(=O)NCc3ccc(Cl)cc3)O[C@@H](CO)[C@@H]1O2,10.1686,-0.17956345377953467,-0.18153156127407008,0.09782523825730405,-0.27935679953137416,-0.05282095182534648
frozen_GE_teacher,CS(=O)(=O)Nc1ccc2c(c1)[C@@H]1C[C@@H](CC(=O)NCc3ccccn3)O[C@@H](CO)[C@@H]1O2,10.0599,0.22082463097192345,0.2245228475896169,0.101935331759829,0.12258751582978791,-0.12063428436464894
frozen_GE_teacher,CS(=O)(=O)Nc1ccc2c(c1)[C@@H]1C[C@H](CC(=O)NC3CCCC3)O[C@@H](CO)[C@@H]1O2,10.0964,0.2983208978472783,0.3076754557392638,0.029902943775602757,0.27777251196366104,0.013416587779057097
frozen_GE_teacher,CS(=O)(=O)Nc1ccc2c(c1)[C@@H]1C[C@H](CC(=O)NCCc3ccccc3)O[C@@H](CO)[C@@H]1O2,9.88916,0.3599766354585128,0.37685905799459124,0.032172690378273715,0.34468636761631755,-0.09639390963532568
frozen_GE_teacher,CS(=O)(=O)Nc1ccc2c(c1)[C@@H]1C[C@H](CC(=O)NCc3cc(F)ccc3F)O[C@H](CO)[C@@H]1O2,9.97189,0.1653864853979527,0.16691964858550723,-0.16133788763976906,0.3282575362252763,0.1291651413332235
frozen_GE_teacher,CS(=O)(=O)Nc1ccc2c(c1)[C@@H]1C[C@H](CC(=O)NCc3ccc(Cl)cc3)O[C@@H](CO)[C@@H]1O2,10.0443,-0.31353130713004806,-0.3244569117708632,0.03457199219994759,-0.35902890397081083,0.18127042834480533
frozen_GE_teacher,CS(=O)(=O)Nc1ccc2c(c1)[C@@H]1C[C@H](CC(=O)NCc3ccccn3)O[C@@H](CO)[C@@H]1O2,9.95269,0.32444298312085484,0.3366048495845198,0.05653733387626298,0.28006751570825683,0.24255042121817333
frozen_GE_teacher,CS(=O)(=O)Nc1ccc2c(c1)[C@H]1C[C@@H](CC(=O)NCc3ccccn3)O[C@H](CO)[C@H]1O2,10.1934,0.30682305269479265,0.3170345091627819,0.03271458094812877,0.28431992821465313,0.05470509665401153
frozen_GE_teacher,CS(=O)(=O)Nc1ccc2c(c1)[C@H]1C[C@H](CC(=O)NCc3ccccn3)O[C@@H](CO)[C@H]1O2,9.92933,-0.40639183633130704,-0.4312816388439859,-0.04861706537712665,-0.3826645734668592,-0.35693119621951175
frozen_GE_teacher,CS(=O)(=O)Nc1ccc2c(c1)[C@H]1C[C@H](CC(=O)NCc3ccccn3)O[C@H](CO)[C@H]1O2,9.96482,0.126217128347463,0.12689385374583226,0.12425095141354424,0.002642902332288019,-0.08833685693916582
frozen_GE_teacher,CS(=O)(=O)c1ccc(-c2cc(Br)sc2-c2ccc(F)cc2)cc1,10.0,0.3187117538163006,0.33021255468483884,0.002632044770497116,0.32758050991434173,-0.15655869596900895
frozen_GE_teacher,CSc1cc(-c2ccc(Cl)cc2)nc(O)c1C#N,10.0,0.2480354344541568,0.25331836948177555,0.025752821436372385,0.22756554804540316,0.08930614827884198
frozen_GE_teacher,C[C@@H](NC(=O)C[C@@H]1C=C[C@H](NC(=O)C2CCC2)[C@H](CO)O1)c1ccccc1,9.99493,0.19950579735419988,0.20221781258311497,0.01025900351799633,0.19195880906511864,0.06788853165023953
frozen_GE_teacher,C[C@@H](NC(=O)C[C@@H]1C=C[C@H](NC(=O)Cc2ccccn2)[C@@H](CO)O1)c1ccccc1,10.0242,-0.1981467037208541,-0.20080277979259278,0.1147972327514451,-0.3156000125440379,-0.2536037397401681
frozen_GE_teacher,C[C@@H](NC(=O)C[C@@H]1C=C[C@H](NC(=O)Cc2ccccn2)[C@H](CO)O1)c1ccccc1,10.0273,0.2780810634593428,0.2856011032664385,-0.0819967936708712,0.3675978969373097,0.27904348122162503
frozen_GE_teacher,C[C@@H](NC(=O)C[C@@H]1C=C[C@H](NC(=O)c2cccnc2)[C@@H](CO)O1)c1ccccc1,10.072,-0.05279155841504919,-0.05284068303990832,0.0299424814973198,-0.08278316453722812,-0.3204847558122102
frozen_GE_teacher,C[C@@H](NC(=O)C[C@@H]1CC[C@@H](NC(=O)Cc2ccccn2)[C@@H](CO)O1)c1ccccc1,10.0352,-0.08587780751770882,-0.08608986287078059,0.019326219044053884,-0.10541608191483448,0.28961988638085506
frozen_GE_teacher,C[C@@H](NC(=O)C[C@@H]1CC[C@@H]2[C@H](COC[C@@H](O)CN2C(=O)Nc2cccc(Cl)c2)O1)c1ccccc1,9.90399,0.1706054419137622,0.17229018957278952,-0.03932783902973604,0.21161802860252557,0.10826924951452976
frozen_GE_teacher,C[C@@H](NC(=O)C[C@@H]1CC[C@@H]2[C@H](COC[C@H](O)CN2C(=O)Nc2cccc(Cl)c2)O1)c1ccccc1,10.0542,0.05615970877898866,0.05621886170043994,0.030880883755321623,0.025337977945118315,0.0936086942561871
frozen_GE_teacher,C[C@@H](NC(=O)C[C@@H]1CC[C@H](NC(=O)C2CCC2)[C@@H](CO)O1)c1ccccc1,10.0244,0.07656185816153749,0.07671198118082619,-0.0329234718446213,0.10963545302544749,-0.004360408909811535
frozen_GE_teacher,C[C@@H](NC(=O)C[C@@H]1CC[C@H](NC(=O)c2cccnc2)[C@H](CO)O1)c1ccccc1,9.97691,-0.4506715864549485,-0.4855427127120789,0.18659607047354743,-0.6721387831856263,-0.4286450000438251
frozen_GE_teacher,C[C@@H](NC(=O)C[C@@H]1C[C@@H]2c3cc(NC(=O)c4ccc5c(c4)OCO5)ccc3O[C@@H]2[C@H](CO)O1)c1ccccc1,9.82443,0.24981556396855492,0.25521608978895405,0.09031189891951338,0.16490419086944066,0.16441824435649852
frozen_GE_teacher,C[C@@H](NC(=O)C[C@@H]1C[C@@H]2c3cc(NC(=O)c4cccnc4)ccc3O[C@@H]2[C@H](CO)O1)c1ccccc1,9.89447,0.17116151821187078,0.1728629923964904,-0.02089170545196646,0.19375469784845684,-0.04477194642833661
frozen_GE_teacher,C[C@@H](NC(=O)C[C@@H]1C[C@H]2c3cc(NC(=O)C4CCOCC4)ccc3O[C@H]2[C@@H](CO)O1)c1ccccc1,10.044,-0.42147443179168326,-0.44948360053519404,0.007557213396379164,-0.4570408139315732,-0.209139873561579
frozen_GE_teacher,C[C@@H](NC(=O)C[C@@H]1C[C@H]2c3cc(NC(=O)C4CCOCC4)ccc3O[C@H]2[C@H](CO)O1)c1ccccc1,9.96448,0.4134816006421694,0.43980356055740827,-0.1043336685372374,0.5441372290946457,0.16358456774255734
frozen_GE_teacher,C[C@@H](NC(=O)C[C@@H]1C[C@H]2c3cc(NC(=O)c4ccc5c(c4)OCO5)ccc3O[C@H]2[C@H](CO)O1)c1ccccc1,10.1455,0.07749174552663944,0.0776474186855837,0.02139064822956646,0.056256770456017235,0.1379184795812599
frozen_GE_teacher,C[C@@H](NC(=O)C[C@H]1C=C[C@@H](NC(=O)CN2CCOCC2)[C@H](CO)O1)c1ccccc1,9.98592,0.28423179351724603,0.2922798059592966,0.0008281608808745709,0.29145164507842203,0.08735205797653124
frozen_GE_teacher,C[C@@H](NC(=O)C[C@H]1C=C[C@@H](NC(=O)Nc2ccc3c(c2)OCO3)[C@H](CO)O1)c1ccccc1,10.0022,0.3246046383240285,0.3367855336586962,-0.044566753446499435,0.38135228710519564,0.11557617847923406
frozen_GE_teacher,C[C@@H](NC(=O)C[C@H]1C=C[C@@H](NC(=O)c2cccnc2)[C@H](CO)O1)c1ccccc1,9.9988,0.6563314920828149,0.7863414691463142,0.08811070767167704,0.6982307614746371,0.16505132863826488
frozen_GE_teacher,C[C@@H](NC(=O)C[C@H]1C=C[C@@H](NS(=O)(=O)c2cccc(F)c2)[C@H](CO)O1)c1ccccc1,9.99713,0.17562429226840406,0.17746410803624593,-0.019066874698560665,0.1965309827348066,0.5144991741682439
frozen_GE_teacher,C[C@@H](NC(=O)C[C@H]1C=C[C@H](NC(=O)CN2CCOCC2)[C@@H](CO)O1)c1ccccc1,9.96404,0.5332184479302207,0.5946314930476465,0.03677534609758439,0.5578561469500621,0.04598455767078901
frozen_GE_teacher,C[C@@H](NC(=O)C[C@H]1CC[C@@H](NC(=O)CN2CCOCC2)[C@@H](CO)O1)c1ccccc1,9.8853,-0.1763886190491428,-0.17825286932229858,-0.0031127867171700657,-0.17514008260512853,-0.5035126837963093
frozen_GE_teacher,C[C@@H](NC(=O)C[C@H]1CC[C@@H](NC(=O)Cc2ccccn2)[C@H](CO)O1)c1ccccc1,10.0458,-0.1777449439247235,-0.1796530952261597,0.016401593678064725,-0.19605468890422442,-0.011001078575452745
frozen_GE_teacher,C[C@@H](NC(=O)C[C@H]1CC[C@@H](NC(=O)c2cccnc2)[C@H](CO)O1)c1ccccc1,10.0548,0.5622879190013854,0.6361726478248103,-0.07026757009580921,0.7064402179206195,0.37163171506372805
frozen_GE_teacher,C[C@@H](NC(=O)C[C@H]1CC[C@H](NC(=O)Cc2ccccn2)[C@@H](CO)O1)c1ccccc1,10.095,0.2167975818083621,0.22029328740794682,-0.016180137965132665,0.23647342537307947,0.14292048906242144
frozen_GE_teacher,C[C@@H](NC(=O)C[C@H]1CC[C@H]2[C@@H](COC[C@H](O)CN2C(=O)Nc2cccc(Cl)c2)O1)c1ccccc1,9.9729,0.10452443308713444,0.10490760359189184,-0.0005278730232972598,0.10543547661518911,0.04844103607826244
frozen_GE_teacher,C[C@@H](NC(=O)C[C@H]1CC[C@H]2[C@H](COc3ccc(NS(=O)(=O)c4ccc(Cl)cc4)cc3C(=O)N2C)O1)c1ccccc1,9.96487,0.5157703495270396,0.5705598958068967,-0.001994107449249446,0.5725540032561461,0.2740573870462678
frozen_GE_teacher,C[C@@H](NC(=O)C[C@H]1C[C@@H]2c3cc(NC(=O)C4CCOCC4)ccc3O[C@@H]2[C@@H](CO)O1)c1ccccc1,9.99549,0.1356788897594115,0.13652076836472749,0.029879450804873073,0.10664131755985441,0.08205069048626527
frozen_GE_teacher,C[C@@H](NC(=O)C[C@H]1C[C@@H]2c3cc(NC(=O)CN(C)C)ccc3O[C@@H]2[C@@H](CO)O1)c1ccccc1,9.91282,-0.08991099085938753,-0.09015445257839909,0.15159899003043487,-0.24175344260883397,0.07344922176603835
frozen_GE_teacher,C[C@@H](NC(=O)C[C@H]1C[C@@H]2c3cc(NC(=O)CN(C)C)ccc3O[C@@H]2[C@H](CO)O1)c1ccccc1,10.0608,-0.00812845880242548,-0.008128637830272682,0.038008728535269404,-0.04613736636554208,0.02743984204128884
frozen_GE_teacher,C[C@@H](NC(=O)C[C@H]1C[C@@H]2c3cc(NS(=O)(=O)c4ccc(F)cc4)ccc3O[C@@H]2[C@H](CO)O1)c1ccccc1,9.92929,0.24056097768548143,0.2453694627299222,-0.003639711948579887,0.2490091746785021,0.01560018867197217
frozen_GE_teacher,C[C@@H](NC(=O)C[C@H]1C[C@H]2c3cc(NC(=O)CN(C)C)ccc3O[C@H]2[C@@H](CO)O1)c1ccccc1,10.0546,-0.019639003703389068,-0.01964152914667154,0.02619919400217455,-0.04584072314884609,-0.13519672935204557
frozen_GE_teacher,C[C@@H](NC(=O)C[C@H]1C[C@H]2c3cc(NS(=O)(=O)c4ccc(F)cc4)ccc3O[C@H]2[C@@H](CO)O1)c1ccccc1,10.1088,0.02215769556632356,0.02216132284128747,0.07521868172252097,-0.0530573588812335,-0.10563837541173775
frozen_GE_teacher,C[C@@H](O)C#Cc1ccc2c(c1)O[C@H](CN(C)Cc1ccc(-c3ccccc3)cc1)[C@@H](C)CN([C@@H](C)CO)S2(=O)=O,10.0354,0.2070457478011396,0.21008279600778654,0.0023042806885010675,0.20777851531928548,0.10920936148255743
frozen_GE_teacher,C[C@@H](O)C#Cc1cnc2c(c1)C(=O)N([C@@H](C)CO)C[C@H](C)[C@H](CN(C)Cc1ccc(-c3ccccc3)cc1)O2,10.0672,0.35333242357622874,0.3692464607319855,0.0005152241226488215,0.3687312366093367,-0.13005371733578824
frozen_GE_teacher,C[C@@H]1CC=C[C@H]2[C@H]1C(=O)N(Cc1ccccc1)[C@H]2c1ccc2ccccc2c1,10.0,-0.007775393998648978,-0.0077755506960215295,0.0686422998843797,-0.07641785058040122,0.140481660588068
frozen_GE_teacher,C[C@@H]1CCCCO[C@@H](CN(C)C(=O)C2CCCCC2)[C@H](C)CN([C@@H](C)CO)C(=O)c2cc(N(C)C)ccc2O1,9.99643,0.17023143970929544,0.17190500053176927,0.019220001813151075,0.15268499871861818,0.7210009456937029
frozen_GE_teacher,C[C@@H]1CCCCO[C@@H](CN(C)C(=O)CCC(F)(F)F)[C@@H](C)CN([C@@H](C)CO)C(=O)c2cc(NS(C)(=O)=O)ccc2O1,10.0144,-0.2994143282838694,-0.30887613306233164,0.0031094055876554564,-0.31198553864998707,0.3658461338081826
frozen_GE_teacher,C[C@@H]1CCCCO[C@@H](CN(C)C(=O)CCC(F)(F)F)[C@H](C)CN([C@@H](C)CO)C(=O)c2cc(N(C)C)ccc2O1,10.031,-0.07885892559215661,-0.07902300570991858,0.03456040478500334,-0.11358341049492192,-0.18551508287285756
frozen_GE_teacher,C[C@@H]1CCCCO[C@@H](CN(C)C(=O)CCC(F)(F)F)[C@H](C)CN([C@H](C)CO)C(=O)c2cc(N(C)C)ccc2O1,10.0798,0.08159036196368026,0.08177213722743717,-0.055997486871677146,0.1377696240991143,0.36719562332735667
frozen_GE_teacher,C[C@@H]1CCCCO[C@@H](CN(C)C(=O)Cc2ccccc2)[C@H](C)CN([C@@H](C)CO)C(=O)c2cc(N(C)C)ccc2O1,10.008,0.04754436307948307,0.04758023589168448,0.046289312877837156,0.0012909230138473254,0.016228259372588573
frozen_GE_teacher,C[C@@H]1CCCCO[C@@H](CN(C)C(=O)Nc2ccccc2)[C@@H](C)CN([C@@H](C)CO)C(=O)c2cc(N(C)C)ccc2O1,10.0041,-0.34135599629930935,-0.3556265685536843,-0.0034540278845367894,-0.3521725406691475,0.007693263543113152
frozen_GE_teacher,C[C@@H]1CCCCO[C@@H](CN(C)C(=O)Nc2ccccc2)[C@H](C)CN([C@H](C)CO)C(=O)c2cc(N(C)C)ccc2O1,9.99506,-0.010027955869920915,-0.010028292026946412,-0.01613262405854316,0.00610433203159675,0.004676267161274552
frozen_GE_teacher,C[C@@H]1CCCCO[C@@H](CN(C)C(=O)c2ccccc2)[C@@H](C)CN([C@@H](C)CO)C(=O)c2cc(NS(C)(=O)=O)ccc2O1,10.0293,0.07609508566247915,0.07624247330342376,0.030822106827229488,0.045420366476194275,-0.047474536164495276
frozen_GE_teacher,C[C@@H]1CCCCO[C@@H](CN(C)C(=O)c2ccccc2)[C@@H](C)CN([C@H](C)CO)C(=O)c2cc(NC(=O)CCCN(C)C)ccc2O1,9.95046,0.26128721322830667,0.26748944102730793,-0.0019524154021324513,0.2694418564294404,0.01730286435167023
frozen_GE_teacher,C[C@@H]1CCCCO[C@@H](CN(C)C(=O)c2ccccc2)[C@H](C)CN([C@@H](C)CO)C(=O)c2cc(NC(=O)CCCN(C)C)ccc2O1,9.98814,0.06422961246805249,0.06431815694697064,0.08410470070795201,-0.019786543760981365,-0.17562649696880772
frozen_GE_teacher,C[C@@H]1CCCCO[C@@H](CN(C)C(=O)c2ccncc2)[C@@H](C)CN([C@H](C)CO)C(=O)c2cc(NC(=O)C3CCCCC3)ccc2O1,10.0835,0.19782458346769588,0.20046751783210454,-0.03132903029265983,0.23179654812476436,0.07606052778448753
frozen_GE_teacher,C[C@@H]1CCCCO[C@@H](CN(C)C)[C@@H](C)CN([C@@H](C)CO)C(=O)c2cc(NS(=O)(=O)c3ccc(Cl)cc3)ccc2O1,10.3832,-0.0024422890877469155,-0.0024422939436667297,-0.18047511059518268,0.17803281665151593,0.1824022869440806
frozen_GE_teacher,C[C@@H]1CCCCO[C@@H](CN(C)C)[C@@H](C)CN([C@@H](C)CO)C(=O)c2cc(NS(C)(=O)=O)ccc2O1,10.024,-0.3342732155657316,-0.34763133099264204,-0.07153353557624754,-0.2760977954163945,0.033912613206960575
frozen_GE_teacher,C[C@@H]1CCCCO[C@@H](CN(C)C)[C@@H](C)CN([C@H](C)CO)C(=O)c2cc(NC(=O)c3ccccc3)ccc2O1,10.0612,0.5261155053631139,0.584758645384371,0.11911746398534202,0.46564118139902894,-0.05398610850447383
frozen_GE_teacher,C[C@@H]1CCCCO[C@@H](CN(C)C)[C@H](C)CN([C@@H](C)CO)C(=O)c2cc(NC(=O)C3CCCCC3)ccc2O1,10.0424,0.3007737470619203,0.31037009284861267,0.005526161546015797,0.30484393130259685,0.0978677191777399
frozen_GE_teacher,C[C@@H]1CCCCO[C@@H](CN(C)C)[C@H](C)CN([C@@H](C)CO)C(=O)c2cc(NC(=O)Cc3ccccc3)ccc2O1,10.078,0.04768012658312297,0.04771630786060015,-0.13127857106155522,0.17899487892215538,0.09981451895841256
frozen_GE_teacher,C[C@@H]1CCCCO[C@@H](CN(C)C)[C@H](C)CN([C@@H](C)CO)C(=O)c2cc(NC(=O)Nc3cccc4ccccc34)ccc2O1,10.0207,-0.07936424197600113,-0.07953150461782815,-0.018578879742381184,-0.06095262487544697,0.017744606430495687
frozen_GE_teacher,C[C@@H]1CCCCO[C@@H](CN(C)C)[C@H](C)CN([C@@H](C)CO)C(=O)c2cc(NC(=O)Nc3ccccc3)ccc2O1,10.0538,-0.10321014944553748,-0.10357898607462072,0.07311216552227473,-0.17669115159689547,-0.05457126039093632
frozen_GE_teacher,C[C@@H]1CCCCO[C@@H](CN(C)C)[C@H](C)CN([C@@H](C)CO)C(=O)c2cc(NS(=O)(=O)c3ccc(F)cc3)ccc2O1,10.0252,-0.11536037634524526,-0.11587624099542101,-0.00145223529650135,-0.11442400569891967,-0.125647675711133
frozen_GE_teacher,C[C@@H]1CCCCO[C@@H](CN(C)C)[C@H](C)CN([C@H](C)CO)C(=O)c2cc(NC(=O)C3CCCCC3)ccc2O1,10.0558,0.2860924622478076,0.2943051731548174,0.002511711253663032,0.2917934619011544,0.2839800947270094
frozen_GE_teacher,C[C@@H]1CCCCO[C@@H](CN(C)C)[C@H](C)CN([C@H](C)CO)C(=O)c2cc(NC(=O)Nc3ccc4c(c3)OCO4)ccc2O1,10.1105,0.28802207139460667,0.2964080654558247,-0.009152973219648645,0.30556103867547335,0.1260150755274619
frozen_GE_teacher,C[C@@H]1CCCCO[C@@H](CN(C)CC2CCCCC2)[C@@H](C)CN([C@@H](C)CO)C(=O)c2cc(NS(C)(=O)=O)ccc2O1,10.0713,0.15778658185896904,0.1591159471919975,0.014626709258898212,0.14448923793309928,0.18398777131859861
frozen_GE_teacher,C[C@@H]1CCCCO[C@@H](CN(C)CC2CCCCC2)[C@@H](C)CN([C@H](C)CO)C(=O)c2cc(NC(=O)CCCN(C)C)ccc2O1,10.1323,-0.018883533494666215,-0.018885778521138073,0.04341839552927631,-0.062304174050414385,-0.13067360049217375
frozen_GE_teacher,C[C@@H]1CCCCO[C@@H](CN(C)CC2CCCCC2)[C@H](C)CN([C@H](C)CO)C(=O)c2cc(NS(C)(=O)=O)ccc2O1,10.0451,-0.10302331134287543,-0.10339013995929419,-0.01033092009333901,-0.09305921986595518,0.049570420994103484
frozen_GE_teacher,C[C@@H]1CCCCO[C@@H](CN(C)Cc2ccc3c(c2)OCO3)[C@@H](C)CN([C@@H](C)CO)C(=O)c2cc(N(C)C)ccc2O1,10.0119,0.3232424627308001,0.3352636744057509,0.052598471270712294,0.2826652031350386,-0.03182195918835311
frozen_GE_teacher,C[C@@H]1CCCCO[C@@H](CN(C)Cc2ccc3c(c2)OCO3)[C@H](C)CN([C@H](C)CO)C(=O)c2cc(N(C)C)ccc2O1,9.97672,0.5984105641669374,0.6906673771255116,-0.022725164015010284,0.7133925411405219,-0.10355237418854879
frozen_GE_teacher,C[C@@H]1CCCCO[C@@H](CN(C)Cc2ccccc2)[C@@H](C)CN([C@@H](C)CO)C(=O)c2cc(NS(C)(=O)=O)ccc2O1,10.313,-0.16801540364328382,-0.16962371234823825,0.11442214839894921,-0.28404586074718746,-0.012069717694411439
frozen_GE_teacher,C[C@@H]1CCCCO[C@@H](CN(C)Cc2ccccc2)[C@H](C)CN([C@@H](C)CO)C(=O)c2cc(NC(=O)CCC(F)(F)F)ccc2O1,10.017233,0.30717020052922117,0.31741777900850365,-0.007656134049575072,0.3250739130580787,0.18002033181002763
frozen_GE_teacher,C[C@@H]1CCCCO[C@@H](CN(C)Cc2ccccc2)[C@H](C)CN([C@H](C)CO)C(=O)c2cc(NC(=O)CCC(F)(F)F)ccc2O1,10.0412,0.40974315190299193,0.4353025135407642,0.03388788818408583,0.4014146253566784,-0.11379842902590209
frozen_GE_teacher,C[C@@H]1CCCCO[C@@H](CN(C)Cc2ccncc2)[C@@H](C)CN([C@@H](C)CO)C(=O)c2cc(N(C)C)ccc2O1,10.2259,-0.012936008888301247,-0.012936730532740085,-0.006132405227720581,-0.006804325305019504,-0.054509319509901004
frozen_GE_teacher,C[C@@H]1CCCCO[C@@H](CN(C)Cc2ccncc2)[C@@H](C)CN([C@H](C)CO)C(=O)c2cc(N(C)C)ccc2O1,9.92372,-0.12318482751548532,-0.12381365224271923,-0.025811703883117897,-0.09800194835960133,0.33666948996655033
frozen_GE_teacher,C[C@@H]1CCCCO[C@@H](CN(C)Cc2ccncc2)[C@@H](C)CN([C@H](C)CO)C(=O)c2cc(NC(=O)C3CCCCC3)ccc2O1,10.0183,0.1341588681907912,0.13497256435750282,0.0055601952092549645,0.12941236914824786,-0.2856892870092387
frozen_GE_teacher,C[C@@H]1CCCCO[C@@H](CN(C)Cc2ccncc2)[C@@H](C)CN([C@H](C)CO)C(=O)c2cc(NC(=O)c3ccccc3)ccc2O1,10.4119,0.08454507173894765,0.08474737912720745,0.02502866097984613,0.05971871814736132,0.08709008479153166
frozen_GE_teacher,C[C@@H]1CCCCO[C@@H](CN(C)Cc2ccncc2)[C@H](C)CN([C@@H](C)CO)C(=O)c2cc(NC(=O)c3ccccc3)ccc2O1,10.0152,0.018327125061610335,0.018329177401617623,0.0222116543837586,-0.0038824769821409755,-0.16807098891787992
frozen_GE_teacher,C[C@@H]1CCCCO[C@@H](CN(C)Cc2ccncc2)[C@H](C)CN([C@H](C)CO)C(=O)c2cc(NC(=O)Cc3ccccc3)ccc2O1,10.0148,0.2362686027394697,0.24081838872834277,0.038271731724152436,0.20254665700419033,0.2765563158648732
frozen_GE_teacher,C[C@@H]1CCCCO[C@@H](CN(C)S(=O)(=O)c2cccs2)[C@H](C)CN([C@H](C)CO)C(=O)c2cc(N(C)C)ccc2O1,10.0457,0.03581448687175552,0.03582981147920476,-0.03415812247255803,0.0699879339517628,0.20216002508627
frozen_GE_teacher,C[C@@H]1CCCCO[C@@H](CN(C)S(C)(=O)=O)[C@@H](C)CN([C@@H](C)CO)C(=O)c2cc(NC(=O)CCCN(C)C)ccc2O1,10.4041,-0.29256038537076545,-0.30136402479320845,0.06523214072515746,-0.36659616551836594,0.12397849175289413
frozen_GE_teacher,C[C@@H]1CCCCO[C@@H](CN(C)S(C)(=O)=O)[C@@H](C)CN([C@@H](C)CO)C(=O)c2cc(NC(=O)c3ccccc3)ccc2O1,10.0014,0.266378741196081,0.27296191118143015,0.06411037728439946,0.2088515338970307,0.10806616738317008
frozen_GE_teacher,C[C@@H]1CCCCO[C@@H](CN(C)S(C)(=O)=O)[C@H](C)CN([C@@H](C)CO)C(=O)c2cc(N(C)C)ccc2O1,9.97262,0.1594056560511213,0.16077679668143804,-0.019902180447343088,0.18067897712878114,0.4092540398862117
frozen_GE_teacher,C[C@@H]1CCCCO[C@H](CN(C)C(=O)C2CCCCC2)[C@@H](C)CN([C@@H](C)CO)C(=O)c2cc(NS(C)(=O)=O)ccc2O1,10.0923,0.31942985290578885,0.33101204709001675,0.008110440282289135,0.3229016068077276,0.14117519447401655
frozen_GE_teacher,C[C@@H]1CCCCO[C@H](CN(C)C(=O)CCC(F)(F)F)[C@H](C)CN([C@H](C)CO)C(=O)c2cc(N(C)C)ccc2O1,10.0091,0.4756156603004415,0.5173028451657429,0.09967252072091205,0.41763032444483084,-0.07367270537443363
frozen_GE_teacher,C[C@@H]1CCCCO[C@H](CN(C)C(=O)CCCN(C)C)[C@@H](C)CN([C@@H](C)CO)C(=O)c2cc(NC(=O)c3ccccc3)ccc2O1,9.99917,0.32729145871664206,0.3397917427811019,0.013322669189019237,0.32646907359208266,0.11305671512199204
frozen_GE_teacher,C[C@@H]1CCCCO[C@H](CN(C)C(=O)CCCN(C)C)[C@H](C)CN([C@H](C)CO)C(=O)c2cc(N(C)C)ccc2O1,10.0265,0.10384413009195324,0.10421983528106255,-0.044335006383778214,0.14855484166484076,0.2808781319735011
frozen_GE_teacher,C[C@@H]1CCCCO[C@H](CN(C)C(=O)CCCN(C)C)[C@H](C)CN([C@H](C)CO)C(=O)c2cc(NC(=O)c3ccccc3)ccc2O1,10.0136,0.03344688774407397,0.03345936840325905,0.026462301402137525,0.006997067001121522,-0.07212810534966257
frozen_GE_teacher,C[C@@H]1CCCCO[C@H](CN(C)C(=O)Cc2ccccc2)[C@H](C)CN([C@@H](C)CO)C(=O)c2cc(N(C)C)ccc2O1,10.0737,0.35245362483411324,0.36824265438421855,0.012008737991055542,0.356233916393163,-0.34394951799012335
frozen_GE_teacher,C[C@@H]1CCCCO[C@H](CN(C)C(=O)Cc2ccccc2)[C@H](C)CN([C@@H](C)CO)C(=O)c2cc(NS(C)(=O)=O)ccc2O1,10.0201,0.20894632324368845,0.2120693135763752,0.033763004265823994,0.17830630931055122,0.17313629037675185
frozen_GE_teacher,C[C@@H]1CCCCO[C@H](CN(C)C(=O)Nc2ccc(C(F)(F)F)cc2)[C@@H](C)CN([C@H](C)CO)C(=O)c2cc(N(C)C)ccc2O1,9.80323,-0.37032040528721455,-0.38879437687833307,-0.32276636095869154,-0.06602801591964153,0.21099673352763304
frozen_GE_teacher,C[C@@H]1CCCCO[C@H](CN(C)C(=O)Nc2ccc(F)cc2)[C@H](C)CN([C@H](C)CO)C(=O)c2cc(N(C)C)ccc2O1,10.0012,0.11167922205178808,0.11214702481358915,0.07209181096326883,0.04005521385032032,0.039293295093663874
frozen_GE_teacher,C[C@@H]1CCCCO[C@H](CN(C)C(=O)Nc2ccc3c(c2)OCO3)[C@@H](C)CN([C@@H](C)CO)C(=O)c2cc(N(C)C)ccc2O1,9.97268,-0.16775137129806753,-0.16935202246767825,-0.06476662056011245,-0.1045854019075658,-0.07352555339200098
frozen_GE_teacher,C[C@@H]1CCCCO[C@H](CN(C)C(=O)c2ccccc2)[C@@H](C)CN([C@@H](C)CO)C(=O)c2cc(N(C)C)ccc2O1,9.96661,-0.17911904151049626,-0.18107238022643732,0.04887429126006254,-0.22994667148649986,-0.14893991734087558
frozen_GE_teacher,C[C@@H]1CCCCO[C@H](CN(C)C(=O)c2ccccc2)[C@@H](C)CN([C@@H](C)CO)C(=O)c2cc(NS(C)(=O)=O)ccc2O1,10.0091,-0.16236244524808108,-0.16381215454978235,0.06896775099497511,-0.23277990554475747,-0.25029112430478867
frozen_GE_teacher,C[C@@H]1CCCCO[C@H](CN(C)C(=O)c2ccccc2)[C@H](C)CN([C@@H](C)CO)C(=O)c2cc(N(C)C)ccc2O1,10.0594,0.3781737261276606,0.39792688178328106,0.011947229085003227,0.38597965269827783,0.2324144482813415
frozen_GE_teacher,C[C@@H]1CCCCO[C@H](CN(C)C(=O)c2ccncc2)[C@@H](C)CN([C@@H](C)CO)C(=O)c2cc(NC(=O)C3CCCCC3)ccc2O1,10.063,0.12331986600769776,0.12395077376756858,-0.027039725916429936,0.15099049968399852,0.021335100702028473
frozen_GE_teacher,C[C@@H]1CCCCO[C@H](CN(C)C(=O)c2ccncc2)[C@@H](C)CN([C@H](C)CO)C(=O)c2cc(N(C)C)ccc2O1,9.80102,0.012361038450740668,0.01236166807787314,-0.11995652646474375,0.1323181945426169,0.28908553530429976
frozen_GE_teacher,C[C@@H]1CCCCO[C@H](CN(C)C(=O)c2ccncc2)[C@H](C)CN([C@@H](C)CO)C(=O)c2cc(N(C)C)ccc2O1,10.0459,0.2880369386558665,0.2964242777010963,0.08830177896366873,0.20812249873742758,0.0837026009331531
frozen_GE_teacher,C[C@@H]1CCCCO[C@H](CN(C)C)[C@@H](C)CN([C@@H](C)CO)C(=O)c2cc(NC(=O)C3CCCCC3)ccc2O1,10.042,-0.07188394516443494,-0.0720081458026913,0.024697095180710997,-0.0967052409834023,0.09049027015435326
frozen_GE_teacher,C[C@@H]1CCCCO[C@H](CN(C)C)[C@@H](C)CN([C@@H](C)CO)C(=O)c2cc(NC(=O)NC3CCCCC3)ccc2O1,10.0686,-0.04179603581376114,-0.041820399306947004,-0.005580730220532312,-0.03623966908641469,0.1013752905957122
frozen_GE_teacher,C[C@@H]1CCCCO[C@H](CN(C)C)[C@@H](C)CN([C@@H](C)CO)C(=O)c2cc(NC(=O)c3ccncc3)ccc2O1,10.0263,0.34276336824257475,0.3572204304315318,0.011501705135381592,0.3457187252961502,0.21566488908189432
frozen_GE_teacher,C[C@@H]1CCCCO[C@H](CN(C)C)[C@@H](C)CN([C@H](C)CO)C(=O)c2cc(NS(=O)(=O)c3ccccc3)ccc2O1,10.2865,0.2578685245781309,0.2638237511340328,0.10173181994334433,0.16209193119068843,-0.2771010236555005
frozen_GE_teacher,C[C@@H]1CCCCO[C@H](CN(C)C)[C@@H](C)CN([C@H](C)CO)C(=O)c2cc(NS(C)(=O)=O)ccc2O1,9.98344,0.2524905285212227,0.25807114740616915,-0.009472317160268381,0.2675434645664375,0.22460334885430133
frozen_GE_teacher,C[C@@H]1CCCCO[C@H](CN(C)C)[C@H](C)CN([C@@H](C)CO)C(=O)c2cc(NC(=O)NC3CCCCC3)ccc2O1,10.0444,0.23006219722727872,0.2342551389870441,0.006082239331840083,0.22817289965520401,0.1490772607709601
frozen_GE_teacher,C[C@@H]1CCCCO[C@H](CN(C)C)[C@H](C)CN([C@@H](C)CO)C(=O)c2cc(NC(=O)Nc3ccc(C(F)(F)F)cc3)ccc2O1,10.0179,-0.07204773452996881,-0.07217278786335098,-0.014961577284094876,-0.0572112105792561,0.0941314008156109
frozen_GE_teacher,C[C@@H]1CCCCO[C@H](CN(C)C)[C@H](C)CN([C@@H](C)CO)C(=O)c2cc(NC(=O)Nc3ccc(F)cc3)ccc2O1,10.0205,0.22182381400452847,0.22557349612794353,0.027150889576064336,0.19842260655187918,0.253180486011457
frozen_GE_teacher,C[C@@H]1CCCCO[C@H](CN(C)C)[C@H](C)CN([C@@H](C)CO)C(=O)c2cc(NS(=O)(=O)c3ccc(F)cc3)ccc2O1,10.0294,-0.3020333592890472,-0.3117555675357543,-0.003194699862071157,-0.3085608676736831,0.1634908113076302
frozen_GE_teacher,C[C@@H]1CCCCO[C@H](CN(C)C)[C@H](C)CN([C@H](C)CO)C(=O)c2cc(N(C)C)ccc2O1,10.1476,0.4025566171147184,0.4266962413263442,0.036731530426178306,0.3899647109001659,-0.250515668242639
frozen_GE_teacher,C[C@@H]1CCCCO[C@H](CN(C)C)[C@H](C)CN([C@H](C)CO)C(=O)c2cc(NC(=O)C3CCCCC3)ccc2O1,9.98936,0.06454077029534175,0.06463061003637881,0.06203682513208034,0.002593784904298471,-0.10370781601743018
frozen_GE_teacher,C[C@@H]1CCCCO[C@H](CN(C)C)[C@H](C)CN([C@H](C)CO)C(=O)c2cc(NC(=O)c3ccccc3)ccc2O1,10.0806,0.20858477765119676,0.2116912926731798,0.0595612144015548,0.152130078271625,-0.06535298834433935
frozen_GE_teacher,C[C@@H]1CCCCO[C@H](CN(C)C)[C@H](C)CN([C@H](C)CO)C(=O)c2cc(NC(=O)c3ccncc3)ccc2O1,10.0688,0.3935995849648876,0.4160523947652583,-0.05987848767885268,0.47593088244411097,0.4657470622424935
frozen_GE_teacher,C[C@@H]1CCCCO[C@H](CN(C)CC2CCCCC2)[C@@H](C)CN([C@H](C)CO)C(=O)c2cc(NC(=O)CCCN(C)C)ccc2O1,9.97667,0.41682397860317427,0.44384197326543945,-0.04866112723287229,0.49250310049831175,0.159060605511052
frozen_GE_teacher,C[C@@H]1CCCCO[C@H](CN(C)Cc2ccc(C(=O)O)cc2)[C@H](C)CN([C@H](C)CO)C(=O)c2cc(N(C)C)ccc2O1,10.1095,0.14005014294722293,0.14097672183376453,-0.0104559526442355,0.15143267447800002,0.05461805172808262
frozen_GE_teacher,C[C@@H]1CCCCO[C@H](CN(C)Cc2ccc3c(c2)OCO3)[C@@H](C)CN([C@@H](C)CO)C(=O)c2cc(NS(C)(=O)=O)ccc2O1,10.09107,0.21229451896787657,0.21557293729950447,0.04619536337816255,0.16937757392134192,0.1453463410559571
frozen_GE_teacher,C[C@@H]1CCCCO[C@H](CN(C)Cc2ccc3c(c2)OCO3)[C@H](C)CN([C@@H](C)CO)C(=O)c2cc(NS(C)(=O)=O)ccc2O1,10.0656,-0.11859559885259084,-0.11915635105519579,0.024819989742580456,-0.14397634079777624,0.10375847870193747
frozen_GE_teacher,C[C@@H]1CCCCO[C@H](CN(C)Cc2ccccc2)[C@@H](C)CN([C@H](C)CO)C(=O)c2cc(NC(=O)CCC(F)(F)F)ccc2O1,10.4259,0.1548379799751792,0.15609349369328077,-0.18073349162850683,0.33682698532178756,0.3691025608008007
frozen_GE_teacher,C[C@@H]1CCCCO[C@H](CN(C)Cc2ccccc2)[C@H](C)CN([C@@H](C)CO)C(=O)c2cc(NC(=O)CCCN(C)C)ccc2O1,10.0325,-0.49658352607892703,-0.5447611662726772,0.00795356971139086,-0.5527147359840681,0.10200933794665046
frozen_GE_teacher,C[C@@H]1CCCCO[C@H](CN(C)Cc2ccccc2)[C@H](C)CN([C@@H](C)CO)C(=O)c2cc(NS(C)(=O)=O)ccc2O1,10.0228,0.1941524068725307,0.19664864776969096,0.00702278131092174,0.18962586645876922,-0.35982990958285604
frozen_GE_teacher,C[C@@H]1CCCCO[C@H](CN(C)Cc2ccncc2)[C@@H](C)CN([C@@H](C)CO)C(=O)c2cc(NC(=O)CCCN(C)C)ccc2O1,10.0187,0.1975231299453816,0.20015380603302751,-0.04578866526530226,0.24594247129832977,0.22705136735705195
frozen_GE_teacher,C[C@@H]1CCCCO[C@H](CN(C)Cc2ccncc2)[C@@H](C)CN([C@H](C)CO)C(=O)c2cc(NC(=O)C3CCCCC3)ccc2O1,9.96987,0.08154796610355847,0.08172945739583196,0.07221302400923937,0.009516433386592582,-0.22244546535822304
frozen_GE_teacher,C[C@@H]1CCCCO[C@H](CN(C)Cc2ccncc2)[C@@H](C)CN([C@H](C)CO)C(=O)c2cc(NC(=O)c3ccccc3)ccc2O1,10.093,0.1922946967276856,0.19471888877366203,0.026890547968982347,0.16782834080467968,0.14498117668408575
frozen_GE_teacher,C[C@@H]1CCCCO[C@H](CN(C)Cc2ccncc2)[C@H](C)CN([C@@H](C)CO)C(=O)c2cc(N(C)C)ccc2O1,10.0346,-0.16237529236641693,-0.16382534953611397,0.039598833904955215,-0.2034241834410692,-0.0354389758706948
frozen_GE_teacher,C[C@@H]1CCCCO[C@H](CN(C)Cc2ccncc2)[C@H](C)CN([C@@H](C)CO)C(=O)c2cc(NC(=O)C3CCCCC3)ccc2O1,10.0439,0.18371306523755596,0.18582275681580357,-0.008331896775541197,0.19415465359134476,0.194818170365666
frozen_GE_teacher,C[C@@H]1CCCCO[C@H](CN(C)Cc2ccncc2)[C@H](C)CN([C@@H](C)CO)C(=O)c2cc(NC(=O)NC3CCCCC3)ccc2O1,10.045,-0.26318219782200764,-0.2695243618962032,0.08718326688897293,-0.35670762878517615,0.15576202090918817
frozen_GE_teacher,C[C@@H]1CCCCO[C@H](CN(C)Cc2ccncc2)[C@H](C)CN([C@@H](C)CO)C(=O)c2cc(NS(C)(=O)=O)ccc2O1,10.0399,-0.2287062615782427,-0.2328238951337005,0.058826500450918535,-0.291650395584619,0.07843530162861687
frozen_GE_teacher,C[C@@H]1CCCCO[C@H](CN(C)S(=O)(=O)c2ccccc2)[C@H](C)CN([C@@H](C)CO)C(=O)c2cc(N(C)C)ccc2O1,10.0784,-0.16119297080970904,-0.1626112498498165,-0.016477545316199597,-0.1461337045336169,0.32679662107000446
frozen_GE_teacher,C[C@@H]1CCCCO[C@H](CN(C)S(=O)(=O)c2cn(C)cn2)[C@H](C)CN([C@H](C)CO)C(=O)c2cc(N(C)C)ccc2O1,9.97203,0.06747279688984428,0.06757546922117476,0.04425882767398531,0.023316641547189446,0.01715635086185855
frozen_GE_teacher,C[C@@H]1CCCCO[C@H](CN(C)S(C)(=O)=O)[C@@H](C)CN([C@@H](C)CO)C(=O)c2cc(NC(=O)C3CCCCC3)ccc2O1,10.0111,0.14769270614802651,0.14878086406931956,-0.042113642142704466,0.19089450621202403,0.053479604053776116
frozen_GE_teacher,C[C@@H]1CC[C@H]2[C@@H](C)C(=O)O[C@@H]3O[C@@]4(C)CC[C@@H]1[C@]32OO4,10.0,0.5224710885205182,0.5797326521186977,-0.02823225205271272,0.6079649041714105,0.13284539967647951
frozen_GE_teacher,C[C@@H]1CN([C@@H](C)CO)C(=O)CCCn2cc(nn2)CO[C@@H]1CN(C)C(=O)C1CCCCC1,9.87175,0.20037774134550826,0.20312606561046043,-0.060227246276246274,0.2633533118867067,-0.01872605401107652
frozen_GE_teacher,C[C@@H]1CN([C@@H](C)CO)C(=O)CCCn2cc(nn2)CO[C@@H]1CN(C)C(=O)Nc1cccc2ccccc12,10.0584,0.46979010927729214,0.5098009691957035,-0.026816615285246835,0.5366175844809503,-0.2196441388915181
frozen_GE_teacher,C[C@@H]1CN([C@@H](C)CO)C(=O)CCCn2cc(nn2)CO[C@@H]1CN(C)C(=O)Nc1ccccc1,9.83928,0.12485730601638916,0.12551225779855024,-0.12038358893251871,0.24589584673106896,0.17875801954634718
frozen_GE_teacher,C[C@@H]1CN([C@@H](C)CO)C(=O)CCCn2cc(nn2)CO[C@@H]1CN(C)C(=O)Nc1ccccc1F,9.98155,0.16143449942650095,0.16285923147585551,0.03256596631047662,0.1302932651653789,-0.18064431666801986
frozen_GE_teacher,C[C@@H]1CN([C@@H](C)CO)C(=O)CCCn2cc(nn2)CO[C@@H]1CN(C)C(=O)c1cc(-c2ccccc2)on1,10.1063,-0.16986658905823412,-0.17152928544796853,-0.009508135483506538,-0.16202114996446199,-0.11100851733836051
frozen_GE_teacher,C[C@@H]1CN([C@@H](C)CO)C(=O)CCCn2cc(nn2)CO[C@@H]1CN(C)C(=O)c1ccc(N2CCN(C)CC2)cc1,10.2313,0.3939008013662757,0.41640888042858465,0.13406580252623274,0.2823430779023519,0.07743069167905764
frozen_GE_teacher,C[C@@H]1CN([C@@H](C)CO)C(=O)CCCn2cc(nn2)CO[C@@H]1CN(C)Cc1ccc(Oc2ccccc2)cc1,9.90833,0.09788634257065978,0.09820079271319457,0.06238811520456716,0.035812677508627405,0.1387599698023958
frozen_GE_teacher,C[C@@H]1CN([C@@H](C)CO)C(=O)CCCn2cc(nn2)CO[C@@H]1CN(C)Cc1ccc2c(c1)OCO2,9.79256,0.49378403019556316,0.5410522005596052,0.08400821524838231,0.4570439853112229,-0.08092978008622817
frozen_GE_teacher,C[C@@H]1CN([C@@H](C)CO)C(=O)CCCn2cc(nn2)CO[C@@H]1CN(C)S(C)(=O)=O,10.0037,0.24544133486715275,0.25055610154008756,0.0986052800103003,0.15195082152978726,0.016512355851864335
frozen_GE_teacher,C[C@@H]1CN([C@@H](C)CO)C(=O)CCCn2cc(nn2)CO[C@H]1CN(C)C,10.177,0.16228322411877105,0.16373078955846196,-0.06361527547009517,0.22734606502855714,0.00436543149457317
frozen_GE_teacher,C[C@@H]1CN([C@@H](C)CO)C(=O)CCCn2cc(nn2)CO[C@H]1CN(C)C(=O)C1CC1,10.0113,0.18137166519087702,0.18340064664497377,0.02622471825462753,0.15717592839034625,0.10888779235809784
frozen_GE_teacher,C[C@@H]1CN([C@@H](C)CO)C(=O)CCCn2cc(nn2)CO[C@H]1CN(C)C(=O)CCC(F)(F)F,10.056,0.16534684794618057,0.16687889672795356,0.08156641126578988,0.08531248546216368,-0.0767051227407118
frozen_GE_teacher,C[C@@H]1CN([C@@H](C)CO)C(=O)CCCn2cc(nn2)CO[C@H]1CN(C)C(=O)Nc1ccc(F)cc1,9.98871,0.2907925868003732,0.29943184500348813,0.10890190523024795,0.19052993977324018,-0.259553610019294
frozen_GE_teacher,C[C@@H]1CN([C@@H](C)CO)C(=O)CCCn2cc(nn2)CO[C@H]1CN(C)C(=O)Nc1ccc(N2CCN(C)CC2)cc1,10.0082,0.11309589268586846,0.11358181852628385,0.02190309798128471,0.09167872054499915,-0.040601043169749995
frozen_GE_teacher,C[C@@H]1CN([C@@H](C)CO)C(=O)CCCn2cc(nn2)CO[C@H]1CN(C)C(=O)Nc1cccc(F)c1,10.001909,0.6522892802360124,0.7792730894083656,0.07925755834973257,0.700015531058633,0.4112946298186848
frozen_GE_teacher,C[C@@H]1CN([C@@H](C)CO)C(=O)CCCn2cc(nn2)CO[C@H]1CN(C)C(=O)Nc1cccc(Oc2ccccn2)c1,10.0421,0.19050697818648687,0.19286318737744068,-0.1529998275050183,0.34586301488245896,0.20980449088000305
frozen_GE_teacher,C[C@@H]1CN([C@@H](C)CO)C(=O)CCCn2cc(nn2)CO[C@H]1CN(C)C(=O)Nc1ccccc1F,10.055,0.31679197865576775,0.32807717755603616,0.07310710146113206,0.2549700760949041,-0.6099297667224698
frozen_GE_teacher,C[C@@H]1CN([C@@H](C)CO)C(=O)CCCn2cc(nn2)CO[C@H]1CN(C)Cc1ccc2c(c1)OCCO2,10.0884,-0.10144449478743482,-0.10179464733499374,-0.05649351120015625,-0.045301136134837494,-0.059334471782963055
frozen_GE_teacher,C[C@@H]1CN([C@@H](C)CO)C(=O)CCCn2cc(nn2)CO[C@H]1CN(C)S(=O)(=O)c1ccc(Cl)cc1,10.0638,0.13431082626299573,0.1351273108053752,0.028399128035747435,0.10672818276962778,-0.09320137986159013
frozen_GE_teacher,C[C@@H]1CN([C@@H](C)CO)C(=O)CCCn2cc(nn2)CO[C@H]1CN(C)S(=O)(=O)c1ccc(F)cc1,9.90118,-0.3391951207392523,-0.35318272513267945,0.1030424751611775,-0.45622520029385694,0.1573208493250718
frozen_GE_teacher,C[C@@H]1CN([C@@H](C)CO)C(=O)CCCn2cc(nn2)CO[C@H]1CN(C)S(=O)(=O)c1ccccc1F,10.0162,0.2573683456940051,0.26328801703213667,0.1337438752524054,0.12954414177973128,-0.006867051155371784
frozen_GE_teacher,C[C@@H]1CN([C@@H](C)CO)C(=O)CCCn2nncc2CO[C@@H]1CN(C)C(=O)NC1CCCCC1,10.0571,0.04188342974739005,0.04190794649752554,0.03778657945318161,0.004121367044343932,-0.09848211929586331
frozen_GE_teacher,C[C@@H]1CN([C@@H](C)CO)C(=O)CCCn2nncc2CO[C@@H]1CN(C)C(=O)Nc1ccc2c(c1)OCO2,10.011,0.473789567566085,0.5149455526583101,0.07622081932914905,0.43872473332916107,0.060666500800335935
frozen_GE_teacher,C[C@@H]1CN([C@@H](C)CO)C(=O)CCCn2nncc2CO[C@@H]1CN(C)C(=O)c1cc(-c2ccccc2)on1,10.046,0.011529948048226494,0.011530459018269885,0.06041391893922975,-0.04888345992095986,0.25302717400962793
frozen_GE_teacher,C[C@@H]1CN([C@@H](C)CO)C(=O)CCCn2nncc2CO[C@@H]1CN(C)Cc1ccc(-c2ccccc2)cc1,10.3222,0.24287141446014204,0.24782326870006444,0.04823123029000249,0.19959203841006196,0.25215139073059634
frozen_GE_teacher,C[C@@H]1CN([C@@H](C)CO)C(=O)CCCn2nncc2CO[C@@H]1CN(C)Cc1cccc(O)c1,9.87312,0.1744485866588159,0.17625124280119522,0.014319571074594023,0.1619316717266012,0.11702481298329459
frozen_GE_teacher,C[C@@H]1CN([C@@H](C)CO)C(=O)CCCn2nncc2CO[C@@H]1CN(C)Cc1cccnc1,10.0581,0.24834969268852822,0.2536532566159264,0.08414590618872836,0.16950735042719806,0.06109338730532621
frozen_GE_teacher,C[C@@H]1CN([C@@H](C)CO)C(=O)CCCn2nncc2CO[C@H]1CN(C)C(=O)c1ccccc1,10.024,-0.05906808922178909,-0.05913693035188145,0.004791339609855861,-0.06392826996173731,0.02579741437896954
frozen_GE_teacher,C[C@@H]1CN([C@@H](C)CO)C(=O)CCCn2nncc2CO[C@H]1CN(C)Cc1ccc(O)cc1,10.085926,0.0941541772572813,0.09443389245742739,0.01788983145323042,0.07654406100419697,0.04654512239604948
frozen_GE_teacher,C[C@@H]1CN([C@@H](C)CO)C(=O)CCCn2nncc2CO[C@H]1CN(C)Cc1ccc2c(c1)OCCN2C,9.98734,0.5105912038537868,0.5635291273698724,0.10166177605036206,0.4618673513195103,-0.32113315470071324
frozen_GE_teacher,C[C@@H]1CN([C@@H](C)CO)C(=O)CCCn2nncc2CO[C@H]1CN(C)Cc1ccccc1,10.0124,0.4463738167754058,0.480162593830912,0.04974004693332544,0.4304225468975865,0.04864694039171834
frozen_GE_teacher,C[C@@H]1CN([C@@H](C)CO)C(=O)CCCn2nncc2CO[C@H]1CN(C)Cc1cccnc1,10.0325,0.5219487068805673,0.5790144011041941,0.05823678204907906,0.520777619055115,0.11601810352675429
frozen_GE_teacher,C[C@@H]1CN([C@@H](C)CO)C(=O)CCCn2nncc2CO[C@H]1CN(C)S(=O)(=O)c1ccc(F)cc1,10.0255,0.22885439787282075,0.23298021318404852,0.04054656463908049,0.19243364854496803,-0.2520913073643909
frozen_GE_teacher,C[C@@H]1CN([C@@H](C)CO)C(=O)CCCn2nncc2CO[C@H]1CN(C)S(=O)(=O)c1ccc(Oc2ccccc2)cc1,10.0024,0.5691038681840337,0.6461964415964679,0.0032347001742279863,0.6429617414222399,-0.6565043383982021
frozen_GE_teacher,C[C@@H]1CN([C@@H](C)CO)C(=O)CCCn2nncc2CO[C@H]1CN(C)S(=O)(=O)c1ccccc1,10.0228,0.24454069624230082,0.2495979542615838,0.04763114557767175,0.20196680868391204,0.06909037805719759
frozen_GE_teacher,C[C@@H]1CN([C@@H](C)CO)C(=O)Cc2cc(N(C)C)ccc2O[C@H]1CN(C)C(=O)NC1CCCCC1,10.0707,-0.03829286763620774,-0.03831160095588492,0.0583174123539203,-0.09662901330980522,0.18825146660201172
frozen_GE_teacher,C[C@@H]1CN([C@@H](C)CO)C(=O)Cc2cc(N(C)C)ccc2O[C@H]1CN(C)C(=O)Nc1ccccc1,9.98088,0.2786112072570975,0.28617577031456937,0.0273797795228658,0.25879599079170357,0.04754724789652462
frozen_GE_teacher,C[C@@H]1CN([C@@H](C)CO)C(=O)Cc2cc(NC(=O)C3CCCCC3)ccc2O[C@H]1CN(C)CC1CC1,10.066,0.3209962892176188,0.33275745141707325,-0.0045373005763443,0.3372947519934175,0.33578290589878323
frozen_GE_teacher,C[C@@H]1CN([C@@H](C)CO)C(=O)Cc2cc(NC(=O)CCC(F)(F)F)ccc2O[C@H]1CN(C)C(=O)Nc1ccc2c(c1)OCO2,10.0202,0.12489582907602573,0.12555139110918676,0.060902457285658684,0.06464893382352807,-0.1524924401460105
frozen_GE_teacher,C[C@@H]1CN([C@@H](C)CO)C(=O)Cc2cc(NC(=O)CCCN(C)C)ccc2O[C@H]1CN(C)CC1CCCCC1,9.9715,0.029195253030259962,0.02920355225758018,-0.017642499615812754,0.046846051873392934,-0.04511750485143924
frozen_GE_teacher,C[C@@H]1CN([C@@H](C)CO)C(=O)Cc2cc(NC(=O)CCN3CCOCC3)ccc2O[C@H]1CN(C)C(=O)NC1CCCCC1,10.1796,-0.036994562946902454,-0.03701145371017049,-0.1429748033503977,0.1059633496402272,0.16200077203259983
frozen_GE_teacher,C[C@@H]1CN([C@@H](C)CO)C(=O)Cc2cc(NS(C)(=O)=O)ccc2O[C@@H]1CN(C)Cc1ccncc1,9.74082,-0.26864667489132227,-0.27540465655315993,-0.09352054823331483,-0.18188410831984508,0.14520162614228788
frozen_GE_teacher,C[C@@H]1CN([C@@H](C)CO)C(=O)Cc2cc(NS(C)(=O)=O)ccc2O[C@H]1CN(C)Cc1ccncc1,9.90592,0.19601074838584595,0.19858051048219427,0.02949222927203991,0.16908828121015437,-0.05163288879959197
frozen_GE_teacher,C[C@@H]1CN([C@@H](C)CO)C(=O)c2c(c3ccccc3n2C)-c2ccccc2CO[C@@H]1CN(C)C(=O)N[C@H](C)c1ccccc1,9.9205,0.1429742172245475,0.14396055168371374,-0.02022057888131982,0.16418113056503356,0.21906830306304126
frozen_GE_teacher,C[C@@H]1CN([C@@H](C)CO)C(=O)c2c(c3ccccc3n2C)-c2ccccc2CO[C@@H]1CN(C)C(=O)Nc1ccc(F)cc1,9.86141,0.07336415429774965,0.0734962036062035,0.08145287321774428,-0.007956669611540776,-0.11696249399751352
frozen_GE_teacher,C[C@@H]1CN([C@@H](C)CO)C(=O)c2c(c3ccccc3n2C)-c2ccccc2CO[C@@H]1CN(C)Cc1cccc(C(=O)O)c1,9.88596,0.12114816350668851,0.1217461304311034,-0.05060684281887795,0.17235297324998133,-0.12439128961947696
frozen_GE_teacher,C[C@@H]1CN([C@@H](C)CO)C(=O)c2c(c3ccccc3n2C)-c2ccccc2CO[C@@H]1CN(C)Cc1ccncc1,10.1052,0.0018640668308001155,0.0018640689898570097,-0.09529329284891982,0.09715736183877684,0.14212520737594986
frozen_GE_teacher,C[C@@H]1CN([C@@H](C)CO)C(=O)c2c(c3ccccc3n2C)-c2ccccc2CO[C@@H]1CN(C)S(=O)(=O)c1ccc(C#N)cc1,9.79465,-0.06553311062542057,-0.06562716568431774,0.09312261427247573,-0.15874977995679346,-0.10571720572478105
frozen_GE_teacher,C[C@@H]1CN([C@@H](C)CO)C(=O)c2c(c3ccccc3n2C)-c2ccccc2CO[C@@H]1CN(C)S(=O)(=O)c1cccc(C#N)c1,9.94266,0.34915555972776713,0.36448175289329854,0.05961500786594552,0.304866745027353,0.5951358752703625
frozen_GE_teacher,C[C@@H]1CN([C@@H](C)CO)C(=O)c2c(c3ccccc3n2C)-c2ccccc2CO[C@H]1CN(C)C,10.1291,-0.17290233758095286,-0.17465690303077394,0.058598012910599406,-0.23325491594137335,0.009640061686750842
frozen_GE_teacher,C[C@@H]1CN([C@@H](C)CO)C(=O)c2c(c3ccccc3n2C)-c2ccccc2CO[C@H]1CN(C)C(=O)Cc1ccccc1,9.79899,0.6599146848619737,0.7926624861792523,0.08885257751012283,0.7038099086691294,0.28832231054203816
frozen_GE_teacher,C[C@@H]1CN([C@@H](C)CO)C(=O)c2c(c3ccccc3n2C)-c2ccccc2CO[C@H]1CN(C)C(=O)c1ccc(F)cc1,10.0696,-0.25784358948183134,-0.263797040022721,0.0532194120797201,-0.31701645210244106,0.27903260429061094
frozen_GE_teacher,C[C@@H]1CN([C@@H](C)CO)C(=O)c2c(c3ccccc3n2C)-c2ccccc2CO[C@H]1CN(C)S(=O)(=O)Cc1ccccc1,10.2576,0.20599524618649284,0.20898549353862023,-0.05803135059153028,0.2670168441301505,0.2107318210615866
frozen_GE_teacher,C[C@@H]1CN([C@@H](C)CO)C(=O)c2cc(-c3ccc(C(=O)N(C)C)cc3)cnc2O[C@@H]1CN(C)C(=O)c1ccncc1,10.008,0.20963468781084565,0.21278921151806393,0.028370780673691615,0.18441843084437232,-0.05435651794918112
frozen_GE_teacher,C[C@@H]1CN([C@@H](C)CO)C(=O)c2cc(-c3ccc(F)cc3)cnc2O[C@@H]1CN(C)C(=O)Cc1ccccn1,10.0488,0.2567569548614986,0.26263336604673176,0.038038783432336847,0.2245945826143949,0.0880819071632386
frozen_GE_teacher,C[C@@H]1CN([C@@H](C)CO)C(=O)c2cc(-c3cccc(F)c3)cnc2O[C@@H]1CN(C)C(=O)C1CCC1,10.0337,0.28715964471796174,0.2954678771324003,0.014899311383593617,0.2805685657488067,-0.0008549086195004246
frozen_GE_teacher,C[C@@H]1CN([C@@H](C)CO)C(=O)c2cc(-c3cccc(F)c3)cnc2O[C@@H]1CN(C)CC1CCOCC1,10.0254,0.026787067697303896,0.026793477450427414,-0.07949469037403545,0.10628816782446286,-0.0450294556398905
frozen_GE_teacher,C[C@@H]1CN([C@@H](C)CO)C(=O)c2cc(-c3ccccc3F)cnc2O[C@@H]1CN(C)Cc1cccc(F)c1,10.0254,0.2397928258462969,0.2445542875034335,0.09974467216581642,0.14480961533761708,0.12340736783943457
frozen_GE_teacher,C[C@@H]1CN([C@@H](C)CO)C(=O)c2cc(-c3cncnc3)cnc2O[C@@H]1CN(C)C(=O)CN1CCOCC1,9.99958,0.05811976687680314,0.05818534089160184,0.06648800598895441,-0.008302665097352564,0.12668566537091766
frozen_GE_teacher,C[C@@H]1CN([C@@H](C)CO)C(=O)c2cc(/C=C/c3ccccc3)cnc2O[C@@H]1CN(C)C(=O)Cc1cccnc1,10.0681,0.09798894695757818,0.09830439079040675,0.14317303308629042,-0.04486864229588368,-0.0014017238618379557
frozen_GE_teacher,C[C@@H]1CN([C@@H](C)CO)C(=O)c2cc(/C=C/c3ccccc3)cnc2O[C@H]1CN(C)C(=O)CN1CCOCC1,10.0595,-0.2597780977184551,-0.2658704311595595,0.014811230591344628,-0.28068166175090414,-0.04086268411785704
frozen_GE_teacher,C[C@@H]1CN([C@@H](C)CO)C(=O)c2cc(Br)cnc2O[C@H]1CN(C)C(=O)c1ccc(F)cc1,10.1115,0.291848875081069,0.30058609177921036,0.01625921367512462,0.28432687810408575,0.3159808162755191
frozen_GE_teacher,C[C@@H]1CN([C@@H](C)CO)C(=O)c2cc(Br)cnc2O[C@H]1CN(C)C(=O)c1ccccn1,9.97744,-0.09871736687620424,-0.09903992582586238,-0.07095435267970654,-0.02808557314615584,0.15848407660603606
frozen_GE_teacher,C[C@@H]1CN([C@@H](C)CO)C(=O)c2cc(Br)cnc2O[C@H]1CN(C)Cc1ccccc1C(=O)O,9.99724,0.04341263578019869,0.04343993930336678,-0.04153592683152445,0.08497586613489122,0.013495082296796735
frozen_GE_teacher,C[C@@H]1CN([C@@H](C)CO)C(=O)c2cc(C#CC3(O)CCCC3)cnc2O[C@@H]1CN(C)C(=O)Cc1cccnc1,10.0349,0.06790500644617697,0.06800966819176758,0.00389841989184498,0.0641112482999226,0.11324664033180915
frozen_GE_teacher,C[C@@H]1CN([C@@H](C)CO)C(=O)c2cc(C#CC3(O)CCCC3)cnc2O[C@@H]1CN(C)Cc1ccccn1,10.0801,0.2992833172761397,0.3087322266404776,-0.005196304691631692,0.3139285313321093,-0.10360000581526953
frozen_GE_teacher,C[C@@H]1CN([C@@H](C)CO)C(=O)c2cc(C#CC3(O)CCCC3)cnc2O[C@H]1CN(C)Cc1ccccn1,10.0313,-0.015033456274921567,-0.015034588972986835,0.024343721279989062,-0.0393783102529759,0.1230383729934292
frozen_GE_teacher,C[C@@H]1CN([C@@H](C)CO)C(=O)c2cc(C#CC3CCCCC3)cnc2O[C@@H]1CN(C)C(=O)Cc1ccccn1,10.0428,0.02566574014881089,0.025671377976792493,-0.05237160131328554,0.07804297929007803,0.20080874786776004
frozen_GE_teacher,C[C@@H]1CN([C@@H](C)CO)C(=O)c2cc(C#CC3CCCCC3)cnc2O[C@@H]1CN(C)Cc1cccnc1,10.0166,-0.10392269055203963,-0.1042992527961881,0.03917718476528107,-0.14347643756146916,0.034284988160068856
frozen_GE_teacher,C[C@@H]1CN([C@@H](C)CO)C(=O)c2cc(C#CCC3CCCC3)cnc2O[C@@H]1CN(C)C(=O)CN(C)C,10.0818,-0.1809980624177758,-0.18301436296350654,0.03339998210756896,-0.2164143450710755,-0.03337096711952176
frozen_GE_teacher,C[C@@H]1CN([C@@H](C)CO)C(=O)c2cc(C#CCN(C)C)cnc2O[C@H]1CN(C)C(=O)c1cnccn1,10.0428,0.2256254724838576,0.22957547011019186,-0.003923492481814362,0.23349896259200623,-0.01835668627447231
frozen_GE_teacher,C[C@@H]1CN([C@@H](C)CO)C(=O)c2cc(C#Cc3ccccn3)cnc2O[C@H]1CN(C)CC1CCCC1,10.0645,0.04507339774328885,0.04510395887794043,-0.08002418773472983,0.12512814661267024,-0.20800273607579764
frozen_GE_teacher,C[C@@H]1CN([C@@H](C)CO)C(=O)c2cc(C#Cc3cccnc3)cnc2O[C@@H]1CN(C)C(=O)CN(C)C,10.0256,0.32522516421212977,0.33747930031224327,0.07464556942713052,0.26283373088511275,0.011563832432612456
frozen_GE_teacher,C[C@@H]1CN([C@@H](C)CO)C(=O)c2cc(C#Cc3cccnc3)cnc2O[C@H]1CN(C)C(=O)CN(C)C,10.0916,0.044271234085250716,0.04430019116490275,0.003492807388270293,0.040807383776632455,0.020673376315601816
frozen_GE_teacher,C[C@@H]1CN([C@@H](C)CO)C(=O)c2cc(C3=CCCC3)cnc2O[C@@H]1CN(C)C(=O)C1CCOCC1,10.0005,0.4412606628550064,0.4737952037789366,-0.03095244449086791,0.5047476482698044,-0.2435362818438646
frozen_GE_teacher,C[C@@H]1CN([C@@H](C)CO)C(=O)c2cc(C3=CCCC3)cnc2O[C@@H]1CN(C)C(=O)Nc1cccc(F)c1,10.0119,0.10179820177371258,0.10215204513594137,0.02051676188119853,0.08163528325474284,0.01733701697002522
frozen_GE_teacher,C[C@@H]1CN([C@@H](C)CO)C(=O)c2cc(C3=CCCC3)cnc2O[C@H]1CN(C)C(=O)c1ccccn1,10.0482,-0.12845257797406442,-0.1291661477302878,0.03562497527111796,-0.16479112300140578,-0.032993503612611615
frozen_GE_teacher,C[C@@H]1CN([C@@H](C)CO)C(=O)c2cc(C3=CCCC3)cnc2O[C@H]1CN(C)Cc1ccccc1F,10.0591,0.12344412621462492,0.12407695484395262,0.16455395033378845,-0.040476995489835826,-0.11599683083802259
frozen_GE_teacher,C[C@@H]1CN([C@@H](C)CO)C(=O)c2cc(C3=CCCCC3)cnc2O[C@H]1CN(C)C(=O)Cc1ccncc1,10.034,-0.17140287506255653,-0.17311164409019175,-0.004238385648256974,-0.16887325844193476,0.08056186898380083
frozen_GE_teacher,C[C@@H]1CN([C@@H](C)CO)C(=O)c2cc(C3=CCCCC3)cnc2O[C@H]1CN(C)Cc1ccc(C(=O)O)cc1,9.89147,-0.08000288725973535,-0.0801742308954868,-0.20561455761424335,0.12544032671875655,0.19727797489075385
frozen_GE_teacher,C[C@@H]1CN([C@@H](C)CO)C(=O)c2cc(N(C)C)ccc2O[C@@H](C)CCCCO[C@@H]1CN(C)C(=O)Cc1ccccc1,9.98102,0.10915042563881196,0.10958701680204921,0.044557648002353636,0.06502936879969558,0.16717765751060082
frozen_GE_teacher,C[C@@H]1CN([C@@H](C)CO)C(=O)c2cc(N(C)C)ccc2O[C@@H](C)CCCCO[C@@H]1CN(C)C(=O)Nc1ccc2c(c1)OCO2,10.0398,-0.10550047454832875,-0.10589452856400806,-0.011086904539321962,-0.09480762402468611,0.025713619928008156
frozen_GE_teacher,C[C@@H]1CN([C@@H](C)CO)C(=O)c2cc(N(C)C)ccc2O[C@@H](C)CCCCO[C@@H]1CN(C)Cc1ccc2c(c1)OCO2,10.0354,0.152896818030357,0.15410525926255406,-0.06393932849664297,0.21804458775919702,0.203022954645708
frozen_GE_teacher,C[C@@H]1CN([C@@H](C)CO)C(=O)c2cc(N(C)C)ccc2O[C@@H](C)CCCCO[C@H]1CN(C)C(=O)C1CCCCC1,10.0598,0.37318133639851847,0.3921140920622558,0.016645137975252768,0.37546895408700304,0.26656008964045524
frozen_GE_teacher,C[C@@H]1CN([C@@H](C)CO)C(=O)c2cc(N(C)C)ccc2O[C@@H]1CN(C)Cc1ccncc1,10.0849,0.0786926160830825,0.07885565770195736,-0.020672290393297158,0.09952794809525452,-0.07392200683107585
frozen_GE_teacher,C[C@@H]1CN([C@@H](C)CO)C(=O)c2cc(NC(=O)C3CCCCC3)ccc2O[C@@H](C)CCCCO[C@@H]1CN(C)C(=O)c1ccncc1,10.0177,-0.30174265556557733,-0.3114357134710525,-0.005176982376857944,-0.30625873109419455,0.03302656667651305
frozen_GE_teacher,C[C@@H]1CN([C@@H](C)CO)C(=O)c2cc(NC(=O)CCC(F)(F)F)ccc2O[C@@H](C)CCCCO[C@@H]1CN(C)C,10.0859,0.41650255931477337,0.44345303024160765,0.042003968560381466,0.4014490616812262,0.30223274701251457
frozen_GE_teacher,C[C@@H]1CN([C@@H](C)CO)C(=O)c2cc(NC(=O)CCC(F)(F)F)ccc2O[C@@H](C)CCCCO[C@@H]1CN(C)Cc1ccncc1,9.97197,-0.1427728845362381,-0.14375502357998324,-0.032679090225499294,-0.11107593335448394,0.16824544662870228
frozen_GE_teacher,C[C@@H]1CN([C@@H](C)CO)C(=O)c2cc(NC(=O)CCC(F)(F)F)ccc2O[C@@H](C)CCCCO[C@H]1CN(C)Cc1ccccc1,10.0031,0.3302357335654622,0.34309281973022665,0.06973437261888725,0.2733584471113394,-0.06596443365995053
frozen_GE_teacher,C[C@@H]1CN([C@@H](C)CO)C(=O)c2cc(NC(=O)CCC(F)(F)F)ccc2O[C@@H](C)CCCCO[C@H]1CN(C)Cc1ccncc1,10.0457,-0.3221292750911675,-0.3340211023042792,0.03833614108249667,-0.3723572433867759,-0.12903178218559017
frozen_GE_teacher,C[C@@H]1CN([C@@H](C)CO)C(=O)c2cc(NC(=O)Cc3ccccc3)ccc2O[C@@H](C)CCCCO[C@H]1CN(C)C,10.0442,0.3326690517672182,0.34582645949349466,-0.0012387384742816518,0.3470651979677763,-0.07586099170197003
frozen_GE_teacher,C[C@@H]1CN([C@@H](C)CO)C(=O)c2cc(NC(=O)NC3CCCCC3)ccc2O[C@@H](C)CCCCO[C@@H]1CN(C)C,9.96064,-0.16860899588271222,-0.17023461074633198,-0.04222560348383102,-0.12800900726250097,0.4566849686372267
frozen_GE_teacher,C[C@@H]1CN([C@@H](C)CO)C(=O)c2cc(NC(=O)NC3CCCCC3)ccc2O[C@@H](C)CCCCO[C@@H]1CN(C)Cc1ccncc1,10.074,0.021443530666529743,0.02144681833084372,0.08019818229500884,-0.058751363964165124,0.025475028216455434
frozen_GE_teacher,C[C@@H]1CN([C@@H](C)CO)C(=O)c2cc(NC(=O)NC3CCCCC3)ccc2O[C@H]1CN(C)Cc1ccc2c(c1)OCO2,9.97098,0.10206765484429586,0.1024243273076457,-0.002751731993588285,0.10517605930123398,0.1381926908676386
frozen_GE_teacher,C[C@@H]1CN([C@@H](C)CO)C(=O)c2cc(NC(=O)Nc3ccc(F)cc3)ccc2O[C@@H]1CN(C)S(C)(=O)=O,10.1308,0.0075410227890776275,0.007541165739131563,-0.005504012455639121,0.013045178194770683,0.024423498773991248
frozen_GE_teacher,C[C@@H]1CN([C@@H](C)CO)C(=O)c2cc(NC(=O)c3ccncc3)ccc2O[C@@H](C)CCCCO[C@H]1CN(C)C(=O)c1ccccc1,10.3891,0.19199181036118115,0.19440439146899557,0.168077926933668,0.02632646453532758,-0.28874801491656243
frozen_GE_teacher,C[C@@H]1CN([C@@H](C)CO)C(=O)c2cc(NC(=O)c3ccncc3)ccc2O[C@@H]1CN(C)Cc1ccc(Oc2ccccc2)cc1,9.9464,0.39555447529425586,0.41836776945195414,-0.004784624205466672,0.4231523936574208,0.06367629163881382
frozen_GE_teacher,C[C@@H]1CN([C@@H](C)CO)C(=O)c2cc(NS(=O)(=O)c3ccccc3)ccc2O[C@H]1CN(C)Cc1ccc2c(c1)OCO2,10.2908,0.07315353347959709,0.07328444631589968,-0.049437413477712897,0.12272185979361258,0.15743818642330393
frozen_GE_teacher,C[C@@H]1CN([C@@H](C)CO)C(=O)c2cc(NS(C)(=O)=O)ccc2O[C@@H](C)CCCCO[C@@H]1CN(C)C(=O)CCC(F)(F)F,10.1094,-0.10914360479006405,-0.10958011371635172,-0.05907405579418321,-0.05050605792216851,0.06549941255385631
frozen_GE_teacher,C[C@@H]1CN([C@@H](C)CO)C(=O)c2cc(NS(C)(=O)=O)ccc2O[C@@H](C)CCCCO[C@H]1CN(C)C(=O)Cc1ccccc1,10.035,0.1374954906829093,0.13837190474843336,0.017192787951324458,0.12117911679710891,0.1349184332918799
frozen_GE_teacher,C[C@@H]1CN([C@@H](C)CO)C(=O)c2cccc(N(C)C)c2O[C@@H]1CN(C)C(=O)Nc1ccc(C(F)(F)F)cc1,10.0933,-0.03183699266808089,-0.031847755810513634,-0.045917738396875046,0.014069982586361413,0.1407314732686591
frozen_GE_teacher,C[C@@H]1CN([C@@H](C)CO)C(=O)c2cccc(N(C)C)c2O[C@@H]1CN(C)Cc1ccc(C(=O)Nc2ccccc2N)cc1,10.2997,-0.024604654567808498,-0.02460962150138086,0.03477294125414325,-0.05938256275552411,0.2572600258319772
frozen_GE_teacher,C[C@@H]1CN([C@@H](C)CO)C(=O)c2cccc(N(C)C)c2O[C@@H]1CN(C)S(=O)(=O)c1cccs1,9.98631,0.11985922423448382,0.12043819830126938,-0.10075090506114893,0.22118910336241832,-0.030114902240678518
frozen_GE_teacher,C[C@@H]1CN([C@@H](C)CO)C(=O)c2cccc(N(C)C)c2O[C@H]1CN(C)Cc1ccc(Oc2ccccc2)cc1,10.0554,-0.16326309297765632,-0.16473732681301395,0.021514855965462633,-0.18625218277847658,-0.04247237615811916
frozen_GE_teacher,C[C@@H]1CN([C@@H](C)CO)C(=O)c2cccc(NC(=O)C3CC3)c2O[C@H]1CN(C)Cc1ccc(C(=O)O)cc1,10.0034,0.19886178646747718,0.2015471954838932,-0.007401921381428323,0.2089491168653215,-0.15215779821252082
frozen_GE_teacher,C[C@@H]1CN([C@@H](C)CO)C(=O)c2cccc(NC(=O)C3CCOCC3)c2O[C@@H]1CN(C)C(=O)Nc1ccc(C(F)(F)F)cc1,10.0404,-0.09121206744280841,-0.09146628822952567,0.017129072329619674,-0.10859536055914534,0.053156904913946826
frozen_GE_teacher,C[C@@H]1CN([C@@H](C)CO)C(=O)c2cccc(NC(=O)NC3CCCCC3)c2O[C@@H]1CN(C)Cc1ccc2c(c1)OCO2,10.0854,0.3241531629278544,0.33628096689145337,0.10674991593239544,0.22953105095905793,0.18179424756505666
frozen_GE_teacher,C[C@@H]1CN([C@@H](C)CO)C(=O)c2cccc(NC(=O)NC3CCCCC3)c2O[C@H]1CN(C)Cc1ccc2c(c1)OCO2,10.0668,0.24897981306902894,0.25432490802473184,0.017386310476239557,0.23693859754849228,-0.04676640375347546
frozen_GE_teacher,C[C@@H]1CN([C@@H](C)CO)C(=O)c2cccc(NC(=O)Nc3ccc(F)cc3)c2O[C@@H]1CN(C)CC1CCCCC1,10.0521,0.036117842356726194,0.03613355988482228,-0.01916066293400704,0.05529422281882932,0.0711660017809721
frozen_GE_teacher,C[C@@H]1CN([C@@H](C)CO)C(=O)c2cccc(NC(=O)Nc3cccc4ccccc34)c2O[C@H]1CN(C)CC1CC1,10.0986,0.2365920516823944,0.2411609887777766,-0.015430058440258378,0.256591047218035,0.1102583907707698
frozen_GE_teacher,C[C@@H]1CN([C@@H](C)CO)C(=O)c2cccc(NS(C)(=O)=O)c2O[C@@H]1CN(C)C,10.256,0.0226731664361708,0.022677052851918896,-0.0020127731876647516,0.024689826039583647,-0.06030733004189543
frozen_GE_teacher,C[C@@H]1CN([C@@H](C)CO)C(=O)c2cccc(NS(C)(=O)=O)c2O[C@H]1CN(C)C,9.82204,0.09033194087145957,0.09057884949720013,-0.15044663414903475,0.24102548364623488,0.17079048500822397
frozen_GE_teacher,C[C@@H]1CN([C@@H](C)CO)C(=O)c2ccccc2-c2ccccc2CO[C@@H]1CN(C)C(=O)N[C@H](C)c1ccccc1,9.75893,0.5630364686071393,0.6372679615842274,0.0781248622449851,0.5591430993392423,0.2107613084866653
frozen_GE_teacher,C[C@@H]1CN([C@@H](C)CO)C(=O)c2ccccc2-c2ccccc2CO[C@@H]1CN(C)C(=O)Nc1ccccc1,9.91073,0.06251526348530465,0.06259689483378929,0.10865649616404335,-0.046059601330254066,0.004586560836944975
frozen_GE_teacher,C[C@@H]1CN([C@@H](C)CO)C(=O)c2ccccc2-c2ccccc2CO[C@@H]1CN(C)C(=O)Nc1ccccc1C(F)(F)F,10.0029,0.330190508445499,0.3430420597008467,-0.011264724857294732,0.35430678455814146,0.18750625927157957
frozen_GE_teacher,C[C@@H]1CN([C@@H](C)CO)C(=O)c2ccccc2-c2ccccc2CO[C@@H]1CN(C)C(=O)Nc1ccnc(N2CCOCC2)c1,10.2454,0.08562708533839655,0.08583728335113745,0.026584631654823256,0.0592526516963142,0.0683190703816928
frozen_GE_teacher,C[C@@H]1CN([C@@H](C)CO)C(=O)c2ccccc2-c2ccccc2CO[C@@H]1CN(C)Cc1ccc(O)cc1,10.024,-0.12964848363765288,-0.130382307521849,0.06862914748585591,-0.19901145500770492,0.010478562411945891
frozen_GE_teacher,C[C@@H]1CN([C@@H](C)CO)C(=O)c2ccccc2-c2ccccc2CO[C@@H]1CN(C)Cc1ccc2c(c1)OCO2,10.2066,0.22646122147485132,0.23045622168921823,-0.06818869647151674,0.29864491816073496,0.22670077325689955
frozen_GE_teacher,C[C@@H]1CN([C@@H](C)CO)C(=O)c2ccccc2-c2ccccc2CO[C@@H]1CN(C)S(=O)(=O)c1cccc(F)c1,9.8493,0.10807215648796127,0.10849587599330511,0.056895231482338125,0.051600644510966985,-0.2528637919870646
frozen_GE_teacher,C[C@@H]1CN([C@@H](C)CO)C(=O)c2ccccc2-c2ccccc2CO[C@@H]1CN(C)S(=O)(=O)c1cccs1,9.75905,0.4221757559028634,0.45033672696578086,0.1287354730662299,0.32160125389955097,0.5240482584076328
frozen_GE_teacher,C[C@@H]1CN([C@@H](C)CO)C(=O)c2ccccc2-c2ccccc2CO[C@H]1CN(C)C(=O)CCN(C)C,9.83688,0.17533114707390357,0.177161649402981,-0.017635719909756944,0.19479736931273794,-0.12232213243896074
frozen_GE_teacher,C[C@@H]1CN([C@@H](C)CO)C(=O)c2ccccc2-c2ccccc2CO[C@H]1CN(C)C(=O)Cc1ccccc1,10.256,-0.24583764973804104,-0.2509778651087349,0.08318053365865694,-0.33415839876739184,-0.03435486605830384
frozen_GE_teacher,C[C@@H]1CN([C@@H](C)CO)C(=O)c2ccccc2-c2ccccc2CO[C@H]1CN(C)C(=O)Oc1ccccc1,10.1737,0.5158787982100868,0.5707076611535916,0.14666435703588745,0.4240433041177042,0.2657761229119484
frozen_GE_teacher,C[C@@H]1CN([C@@H](C)CO)C(=O)c2ccccc2-c2ccccc2CO[C@H]1CN(C)C(=O)c1ccccc1,10.2462,0.335827732384196,0.34938242397410624,-0.09133127869329422,0.44071370266740045,0.001473576006505356
frozen_GE_teacher,C[C@@H]1CN([C@@H](C)CO)C(=O)c2ccccc2-c2ccccc2CO[C@H]1CN(C)C(=O)c1ccncc1,9.86434,0.22145018291614496,0.2251805629958739,0.02774120570898687,0.19743935728688705,-0.2766666513971233
frozen_GE_teacher,C[C@@H]1CN([C@@H](C)CO)C(=O)c2ccccc2-c2ccccc2CO[C@H]1CN(C)Cc1ccncc1,10.185,0.2339271385718922,0.23833993661490446,0.006416754089234701,0.23192318252566976,-0.07259170742353643
frozen_GE_teacher,C[C@@H]1CN([C@@H](C)CO)C(=O)c2ccccc2-c2ccccc2CO[C@H]1CN(C)S(=O)(=O)c1cccs1,10.0189,0.48721362167816096,0.5324001268622663,0.07002791119243928,0.46237221566982706,0.12410329253004179
frozen_GE_teacher,C[C@@H]1CN([C@@H](C)CO)S(=O)(=O)c2ccc(-c3ccc(C(=O)N(C)C)cc3)cc2O[C@@H]1CN(C)C(=O)Nc1ccccc1F,10.009,0.002897220035868528,0.002897228142218927,0.01408051960850063,-0.011183291466281702,-0.07867485674776936
frozen_GE_teacher,C[C@@H]1CN([C@@H](C)CO)S(=O)(=O)c2ccc(-c3ccc(C(=O)N(C)C)cc3)cc2O[C@H]1CN(C)C(=O)C1CCC1,10.0685,0.3008786862830782,0.31048547361540024,-0.007170576967365503,0.31765605058276575,0.06759112551637073
frozen_GE_teacher,C[C@@H]1CN([C@@H](C)CO)S(=O)(=O)c2ccc(-c3cccc(C#N)c3)cc2O[C@@H]1CN(C)CC1CC1,10.0838,0.008397255724841946,0.00839745310762015,0.07260927448661897,-0.06421182137899882,-0.1650560842062333
frozen_GE_teacher,C[C@@H]1CN([C@@H](C)CO)S(=O)(=O)c2ccc(-c3cccc(C#N)c3)cc2O[C@H]1CN(C)C(=O)Nc1cc(F)ccc1F,9.96613,0.7240650882816919,0.9161375969683496,0.6266126286759148,0.2895249682924348,0.4559954800177708
frozen_GE_teacher,C[C@@H]1CN([C@@H](C)CO)S(=O)(=O)c2ccc(-c3ccccc3)cc2O[C@H]1CN(C)C(=O)c1ccc2c(c1)OCO2,10.0031,0.1474222989184888,0.14850443815669073,-0.02992715340342901,0.17843159156011973,-0.07346397755383921
frozen_GE_teacher,C[C@@H]1CN([C@@H](C)CO)S(=O)(=O)c2ccc(-c3ccncc3)cc2O[C@@H]1CN(C)S(=O)(=O)c1ccccc1F,10.054,0.14413783927014767,0.14514865878166383,-0.014037952858974297,0.15918661164063813,-0.09522910264552435
frozen_GE_teacher,C[C@@H]1CN([C@@H](C)CO)S(=O)(=O)c2ccc(-c3cncnc3)cc2O[C@@H]1CN(C)C(=O)Cc1ccccc1,10.0551,-0.28354010202598556,-0.2915274838634545,0.027864437938227092,-0.3193919218016816,0.004440276882078938
frozen_GE_teacher,C[C@@H]1CN([C@@H](C)CO)S(=O)(=O)c2ccc(-c3cncnc3)cc2O[C@@H]1CN(C)C(=O)c1cccc(F)c1,10.084,0.036920641727044796,0.03693743138582349,-0.020169839362338546,0.057107270748162034,0.04905039509234525
frozen_GE_teacher,C[C@@H]1CN([C@@H](C)CO)S(=O)(=O)c2ccc(-c3cncnc3)cc2O[C@@H]1CN(C)Cc1ccc(Oc2ccccc2)cc1,10.0406,0.27060711081122946,0.27751878787987494,-0.015020835497334736,0.2925396233772097,-0.012926997715842166
frozen_GE_teacher,C[C@@H]1CN([C@@H](C)CO)S(=O)(=O)c2ccc(/C=C/c3ccccc3)cc2O[C@H]1CN(C)C(=O)CN1CCOCC1,10.0015,-0.017066999649522064,-0.01706865704517173,-0.00725768643967352,-0.00981097060549821,0.06880899839083614
frozen_GE_teacher,C[C@@H]1CN([C@@H](C)CO)S(=O)(=O)c2ccc(/C=C/c3ccccc3)cc2O[C@H]1CN(C)Cc1ccccc1,10.0659,0.2727079357303733,0.27978700322401173,0.05586397644954123,0.2239230267744705,0.08776437549206885
frozen_GE_teacher,C[C@@H]1CN([C@@H](C)CO)S(=O)(=O)c2ccc(C#CC(C)(C)O)cc2O[C@@H]1CN(C)Cc1ccc(F)cc1,10.0055,0.6399010139666277,0.7580061034000904,0.1933080794638446,0.5646980239362458,0.22077361807369694
frozen_GE_teacher,C[C@@H]1CN([C@@H](C)CO)S(=O)(=O)c2ccc(C#CC3CC3)cc2O[C@H]1CN(C)C(=O)c1cccc(F)c1,10.0433,0.28495421507854474,0.29306589545321504,0.1985228657477137,0.09454302970550135,0.0346446939162226
frozen_GE_teacher,C[C@@H]1CN([C@@H](C)CO)S(=O)(=O)c2ccc(C#CC3CCCC3)cc2O[C@@H]1CN(C)Cc1cncnc1,10.0342,0.08294194659459087,0.0831329315462678,0.011364102433219347,0.07176882911304845,0.19731045205432174
frozen_GE_teacher,C[C@@H]1CN([C@@H](C)CO)S(=O)(=O)c2ccc(C#CC3CCCC3)cc2O[C@H]1CN(C)Cc1cncnc1,9.99045,0.08513306398447189,0.08533963424566988,-0.005280997898111858,0.09062063214378174,0.045025980310150995
frozen_GE_teacher,C[C@@H]1CN([C@@H](C)CO)S(=O)(=O)c2ccc(C#C[C@@H](C)O)cc2O[C@@H]1CN(C)Cc1ccc(-c2ccccc2)cc1,10.0021,0.23983396877241508,0.2445979409601787,-0.1083528520731306,0.3529507930333093,-0.005900869291950855
frozen_GE_teacher,C[C@@H]1CN([C@@H](C)CO)S(=O)(=O)c2ccc(C3=CCCCC3)cc2O[C@@H]1CN(C)C(=O)Cc1ccncc1,10.036,0.4312514877553431,0.4614330761767783,-0.1178130026358267,0.579246078812605,0.10382866502352414
frozen_GE_teacher,C[C@@H]1CN([C@H](C)CO)C(=O)CCCn2cc(nn2)CO[C@@H]1CN(C)C(=O)CCC(F)(F)F,10.2775,0.03929196812518024,0.039312207292725165,0.12490994090597923,-0.08559773361325407,0.1464339598257725
frozen_GE_teacher,C[C@@H]1CN([C@H](C)CO)C(=O)CCCn2cc(nn2)CO[C@@H]1CN(C)C(=O)NC1CCCCC1,10.1178,-0.3031039171914071,-0.31293400932686616,-0.013700503527463527,-0.2992335057994026,0.09429988926828639
frozen_GE_teacher,C[C@@H]1CN([C@H](C)CO)C(=O)CCCn2cc(nn2)CO[C@@H]1CN(C)C(=O)Nc1ccccc1F,10.1491,0.3526776779783367,0.36849851117924787,-0.016760144225033184,0.38525865540428106,0.00064901235102683
frozen_GE_teacher,C[C@@H]1CN([C@H](C)CO)C(=O)CCCn2cc(nn2)CO[C@@H]1CN(C)C(=O)Oc1ccc2ccccc2c1,9.88249,0.21677392677220816,0.22026846585659385,0.03215740411643389,0.18811106174015996,-0.07806787581841931
frozen_GE_teacher,C[C@@H]1CN([C@H](C)CO)C(=O)CCCn2cc(nn2)CO[C@@H]1CN(C)C(=O)Oc1ccccc1,10.0603,0.35385662006053,0.3698455623676967,0.11615888577848585,0.25368667658921085,-0.04234011717119117
frozen_GE_teacher,C[C@@H]1CN([C@H](C)CO)C(=O)CCCn2cc(nn2)CO[C@@H]1CN(C)Cc1ccc(Cl)c(Cl)c1,9.92289,0.2827411611965635,0.2906589106589196,0.04782930219815425,0.24282960846076534,0.13163756792420012
frozen_GE_teacher,C[C@@H]1CN([C@H](C)CO)C(=O)CCCn2cc(nn2)CO[C@@H]1CN(C)Cc1ccc(Oc2ccccc2)cc1,10.4694,0.3353741715528134,0.34887129578427933,-0.07802201924222482,0.4268933150265042,0.42732832687718225
frozen_GE_teacher,C[C@@H]1CN([C@H](C)CO)C(=O)CCCn2cc(nn2)CO[C@@H]1CN(C)Cc1cccc(O)c1,9.88594,-0.10486852436332078,-0.10525550837872265,0.07153547222571835,-0.17679098060444098,-0.1048194226669429
frozen_GE_teacher,C[C@@H]1CN([C@H](C)CO)C(=O)CCCn2cc(nn2)CO[C@@H]1CN(C)Cc1ccccc1C(F)(F)F,10.2084,0.2214894460913702,0.2252218513169597,0.033477387652485514,0.1917444636644742,0.004686191704841927
frozen_GE_teacher,C[C@@H]1CN([C@H](C)CO)C(=O)CCCn2cc(nn2)CO[C@H]1CN(C)C(=O)Nc1ccc(N2CCN(C)CC2)cc1,10.0243,0.07849972105716807,0.07866156368726727,0.055528558238899,0.02313300544836827,-0.06307269061839994
frozen_GE_teacher,C[C@@H]1CN([C@H](C)CO)C(=O)CCCn2cc(nn2)CO[C@H]1CN(C)C(=O)Oc1cccc2ccccc12,10.0525,0.2850970974817269,0.2932214119593547,0.057504835412896,0.2357165765464587,0.07936710040198325
frozen_GE_teacher,C[C@@H]1CN([C@H](C)CO)C(=O)CCCn2cc(nn2)CO[C@H]1CN(C)Cc1ccc2c(c1)OCCO2,9.70189,0.1415088923079166,0.14246496681741597,0.03705476126047469,0.10541020555694128,0.04646411447047481
frozen_GE_teacher,C[C@@H]1CN([C@H](C)CO)C(=O)CCCn2cc(nn2)CO[C@H]1CN(C)Cc1cccnc1,9.90744,0.13013142572125913,0.13087353735075405,-0.007429033117922309,0.13830257046867636,0.05264798658556445
frozen_GE_teacher,C[C@@H]1CN([C@H](C)CO)C(=O)CCCn2nncc2CO[C@@H]1CN(C)C(=O)c1ccc(N2CCN(C)CC2)cc1,10.0414,-0.19116396588941745,-0.1935450056888134,0.08339973461992896,-0.27694474030874233,-0.13530113885140221
frozen_GE_teacher,C[C@@H]1CN([C@H](C)CO)C(=O)CCCn2nncc2CO[C@@H]1CN(C)Cc1ccc(-c2ccccc2)cc1,9.79476,0.543300237255361,0.6088261064739094,0.0327890790871574,0.576037027386752,0.3422709385934523
frozen_GE_teacher,C[C@@H]1CN([C@H](C)CO)C(=O)CCCn2nncc2CO[C@@H]1CN(C)Cc1ccc(Cl)c(Cl)c1,10.442,0.15293290092349676,0.15414220608147466,0.11217908383352831,0.04196312224794635,-0.22438665323572238
frozen_GE_teacher,C[C@@H]1CN([C@H](C)CO)C(=O)CCCn2nncc2CO[C@@H]1CN(C)Cc1ccc2c(c1)OCCO2,9.85433,0.3954331676414927,0.4182239692359193,0.01337648332029837,0.4048474859156209,0.042870773990165506
frozen_GE_teacher,C[C@@H]1CN([C@H](C)CO)C(=O)CCCn2nncc2CO[C@@H]1CN(C)Cc1ccc2cccnc2c1,10.2924,0.042255195924807414,0.04228037180766282,-0.027489723910410383,0.0697700957180732,-0.28741828883036485
frozen_GE_teacher,C[C@@H]1CN([C@H](C)CO)C(=O)CCCn2nncc2CO[C@@H]1CN(C)Cc1cccc(C(F)(F)F)c1,10.18162,0.21200751817101438,0.21527241036760691,-0.11574808808851537,0.3310204984561223,0.447468544595537
frozen_GE_teacher,C[C@@H]1CN([C@H](C)CO)C(=O)CCCn2nncc2CO[C@@H]1CN(C)Cc1ccccc1C(F)(F)F,10.088,0.1919806492544896,0.1943928032349163,0.05157614794489297,0.14281665529002335,0.29593740213287495
frozen_GE_teacher,C[C@@H]1CN([C@H](C)CO)C(=O)CCCn2nncc2CO[C@@H]1CN(C)S(=O)(=O)c1ccc(Oc2ccccc2)cc1,10.0424,0.29924944231570405,0.3086950193845779,0.011876441373222083,0.2968185780113558,-0.24056036335783143
frozen_GE_teacher,C[C@@H]1CN([C@H](C)CO)C(=O)CCCn2nncc2CO[C@H]1CN(C)C(=O)Cc1ccccc1,10.0489,0.3008822429029151,0.3104893842624115,-0.13370964088185056,0.44419902514426207,0.0832947890987979
frozen_GE_teacher,C[C@@H]1CN([C@H](C)CO)C(=O)CCCn2nncc2CO[C@H]1CN(C)Cc1ccc2c(c1)OCCN2C,10.0079,0.033048219209429124,0.03306025868749986,0.01577644560197389,0.017283813085525967,-0.11754833650112285
frozen_GE_teacher,C[C@@H]1CN([C@H](C)CO)C(=O)CCCn2nncc2CO[C@H]1CN(C)Cc1ccc2c(c1)OCO2,10.0336,-0.44150519248513437,-0.474098898972125,-0.052157024821694424,-0.42194187415043055,-0.0780326866543741
frozen_GE_teacher,C[C@@H]1CN([C@H](C)CO)C(=O)CCCn2nncc2CO[C@H]1CN(C)Cc1ccccc1C(F)(F)F,9.98391,0.30057612591320243,0.31015282995644805,-0.007582062599710476,0.3177348925561585,0.23674827091724168
frozen_GE_teacher,C[C@@H]1CN([C@H](C)CO)C(=O)CCCn2nncc2CO[C@H]1CN(C)Cc1cccnc1,10.0385,0.12104031881959358,0.12163668079464869,0.09739912016107274,0.024237560633575947,0.22386077991850653
frozen_GE_teacher,C[C@@H]1CN([C@H](C)CO)C(=O)CCCn2nncc2CO[C@H]1CN(C)S(=O)(=O)c1ccc(Cl)cc1,10.027,-0.11135181023561079,-0.1118154901249451,0.02159577748195686,-0.13341126760690197,0.06547197863561999
frozen_GE_teacher,C[C@@H]1CN([C@H](C)CO)C(=O)CCCn2nncc2CO[C@H]1CN(C)S(=O)(=O)c1ccccc1,10.0411,-0.1677467361461548,-0.16934725310717708,0.0668400876370705,-0.23618734074424758,-0.1857937866421542
frozen_GE_teacher,C[C@@H]1CN([C@H](C)CO)C(=O)Cc2cc(N(C)C)ccc2O[C@@H]1CN(C)Cc1ccc(C(F)(F)F)cc1,9.8943,-0.08661615012546559,-0.08683373886569584,0.004329953075286483,-0.09116369194098232,-0.1651055973678045
frozen_GE_teacher,C[C@@H]1CN([C@H](C)CO)C(=O)Cc2cc(NC(=O)Cc3ccccc3)ccc2O[C@@H]1CN(C)Cc1ccc(C(=O)O)cc1,9.91401,0.48319880228318773,0.5271490586299721,-0.03979609233370563,0.5669451509636777,0.4284731438832493
frozen_GE_teacher,C[C@@H]1CN([C@H](C)CO)C(=O)Cc2cc(NC(=O)Cc3ccccc3)ccc2O[C@H]1CN(C)C(=O)NC1CCCCC1,9.96989,0.12719927773581738,0.1278920288903826,0.04002195866684187,0.08787007022354072,-0.1518145306393079
frozen_GE_teacher,C[C@@H]1CN([C@H](C)CO)C(=O)Cc2cc(NC(=O)Nc3ccc(F)cc3)ccc2O[C@H]1CN(C)Cc1ccc(C(=O)O)cc1,9.86118,0.16906792435283066,0.17070700551196205,-0.04657944378920945,0.2172864493011715,-0.1076743552727161
frozen_GE_teacher,C[C@@H]1CN([C@H](C)CO)C(=O)Cc2cc(NC(=O)c3ccncc3)ccc2O[C@H]1CN(C)Cc1ccc(-c2ccccc2)cc1,9.9326,-0.023551921625576795,-0.023556277770913066,-0.004304706063156358,-0.01925157170775671,0.02771178907117596
frozen_GE_teacher,C[C@@H]1CN([C@H](C)CO)C(=O)Cc2cc(NS(=O)(=O)c3ccc(Cl)cc3)ccc2O[C@@H]1CN(C)CC1CCCCC1,10.2146,0.13661961987278445,0.13747926585752676,0.03669509152236188,0.10078417433516487,0.09013488451198548
frozen_GE_teacher,C[C@@H]1CN([C@H](C)CO)C(=O)Cc2cc(NS(C)(=O)=O)ccc2O[C@H]1CN(C)Cc1ccncc1,10.0382,-0.36706306733960264,-0.38502459325425326,0.026488273046105286,-0.41151286630035855,-0.12740919790302221
frozen_GE_teacher,C[C@@H]1CN([C@H](C)CO)C(=O)c2c(c3ccccc3n2C)-c2ccccc2CO[C@@H]1CN(C)C(=O)CCC(F)(F)F,10.0481,0.06766597799484332,0.06776953636402845,0.002004373033851455,0.065765163330177,-0.13578234254136143
frozen_GE_teacher,C[C@@H]1CN([C@H](C)CO)C(=O)c2c(c3ccccc3n2C)-c2ccccc2CO[C@@H]1CN(C)C(=O)N[C@H](C)c1ccccc1,10.3415,-0.10126573411487878,-0.10161403121799298,-0.06310690456125893,-0.038507126656734045,0.13051568442074896
frozen_GE_teacher,C[C@@H]1CN([C@H](C)CO)C(=O)c2c(c3ccccc3n2C)-c2ccccc2CO[C@@H]1CN(C)C(=O)Nc1ccccc1,10.2715,0.31990353534458527,0.3315396428646058,0.05416439348973474,0.27737524937487107,0.4254903197588222
frozen_GE_teacher,C[C@@H]1CN([C@H](C)CO)C(=O)c2c(c3ccccc3n2C)-c2ccccc2CO[C@@H]1CN(C)C(=O)[C@@H](Cc1ccccc1)N(C)C,10.0268,0.32955026468131715,0.34232364161556217,0.08278053559568901,0.2595431060198732,0.01068185114342031
frozen_GE_teacher,C[C@@H]1CN([C@H](C)CO)C(=O)c2c(c3ccccc3n2C)-c2ccccc2CO[C@@H]1CN(C)Cc1cccnc1,9.98432,-0.04081827888778083,-0.040840971122459394,0.08221359275458694,-0.12305456387704633,-0.1911407253920821
frozen_GE_teacher,C[C@@H]1CN([C@H](C)CO)C(=O)c2c(c3ccccc3n2C)-c2ccccc2CO[C@@H]1CN(C)S(=O)(=O)c1ccc(C#N)cc1,10.1094,-0.15924980250580076,-0.1606168836925138,-0.14187799155680433,-0.01873889213570948,0.27725304519398786
frozen_GE_teacher,C[C@@H]1CN([C@H](C)CO)C(=O)c2c(c3ccccc3n2C)-c2ccccc2CO[C@@H]1CN(C)S(=O)(=O)c1ccc(Cl)cc1,9.771486,0.5442999120919353,0.610245532063582,-0.044944148211194725,0.6551896802747768,-0.02998622348784081
frozen_GE_teacher,C[C@@H]1CN([C@H](C)CO)C(=O)c2c(c3ccccc3n2C)-c2ccccc2CO[C@@H]1CN(C)S(=O)(=O)c1cccc(C#N)c1,9.87508,-0.050832208240090666,-0.0508760582508866,0.07142080971613081,-0.12229686796701741,0.021899565617316707
frozen_GE_teacher,C[C@@H]1CN([C@H](C)CO)C(=O)c2c(c3ccccc3n2C)-c2ccccc2CO[C@@H]1CN(C)S(=O)(=O)c1cn(C)cn1,10.3556,0.21025868338392023,0.21344197957246602,-0.038084539854765995,0.25152651942723203,0.2145434949213258
frozen_GE_teacher,C[C@@H]1CN([C@H](C)CO)C(=O)c2c(c3ccccc3n2C)-c2ccccc2CO[C@H]1CN(C)C(=O)Nc1ccc(F)cc1,10.0182,0.15970627984307473,0.16108527371731532,0.08348914083598596,0.07759613288132935,-0.03777462007155916
frozen_GE_teacher,C[C@@H]1CN([C@H](C)CO)C(=O)c2c(c3ccccc3n2C)-c2ccccc2CO[C@H]1CN(C)C(=O)Nc1ccc2c(c1)OCO2,10.0438,-0.04227885047043405,-0.04230406868779656,0.0162814704465065,-0.05858553913430306,-0.028614315925215385
frozen_GE_teacher,C[C@@H]1CN([C@H](C)CO)C(=O)c2c(c3ccccc3n2C)-c2ccccc2CO[C@H]1CN(C)C(=O)c1ccccc1,9.99405,0.14414469174471634,0.14515565664885063,-0.03001486296194077,0.17517051961079141,-0.003362971783323534
frozen_GE_teacher,C[C@@H]1CN([C@H](C)CO)C(=O)c2c(c3ccccc3n2C)-c2ccccc2CO[C@H]1CN(C)C(=O)c1ccncc1,9.97114,-0.06494779940989229,-0.06503935253262771,-0.059143292157738135,-0.005896060374889579,0.029461791329020222
frozen_GE_teacher,C[C@@H]1CN([C@H](C)CO)C(=O)c2c(c3ccccc3n2C)-c2ccccc2CO[C@H]1CN(C)S(=O)(=O)c1ccc(C#N)cc1,10.017,0.02441456796286234,0.024419420638199442,0.029797572348430855,-0.005378151710231413,0.1293502658695653
frozen_GE_teacher,C[C@@H]1CN([C@H](C)CO)C(=O)c2c(c3ccccc3n2C)-c2ccccc2CO[C@H]1CN(C)S(=O)(=O)c1ccc(Cl)cc1,9.92041,-0.06729308026025656,-0.0673949328729504,-0.004758931592764644,-0.06263600128018576,-0.4405628673255836
frozen_GE_teacher,C[C@@H]1CN([C@H](C)CO)C(=O)c2c(c3ccccc3n2C)-c2ccccc2CO[C@H]1CN(C)S(=O)(=O)c1cccc(F)c1,9.99108,-0.26517756904201567,-0.27166944130148896,-0.034301201363080555,-0.2373682399384084,-0.012774136828417819
frozen_GE_teacher,C[C@@H]1CN([C@H](C)CO)C(=O)c2cc(-c3ccc(C(=O)N(C)C)cc3)cnc2O[C@@H]1CN(C)C(=O)c1ccncc1,10.1791,0.310176883460266,0.3207411103679617,-0.015419663584606618,0.3361607739525683,-0.00682993752243906
frozen_GE_teacher,C[C@@H]1CN([C@H](C)CO)C(=O)c2cc(-c3ccc(C(=O)N(C)C)cc3)cnc2O[C@H]1CN(C)C(=O)c1ccncc1,10.057,-0.08264359657675252,-0.08283252232818766,0.0005496767290615739,-0.08338219905724924,0.09828738913288239
frozen_GE_teacher,C[C@@H]1CN([C@H](C)CO)C(=O)c2cc(-c3cccc(F)c3)cnc2O[C@@H]1CN(C)C(=O)C1CCC1,10.0674,0.3722862176552878,0.39107454900013405,-0.008971205916490484,0.40004575491662453,-0.21744058301495073
frozen_GE_teacher,C[C@@H]1CN([C@H](C)CO)C(=O)c2cc(-c3cccc(F)c3)cnc2O[C@H]1CN(C)Cc1ccccn1,10.0084,0.30110583210293185,0.31073524809000375,-0.08691792560864636,0.3976531736986501,0.02628767816249622
frozen_GE_teacher,C[C@@H]1CN([C@H](C)CO)C(=O)c2cc(-c3ccccc3F)cnc2O[C@@H]1CN(C)C(=O)C1CCOCC1,10.0363,0.048523124638456316,0.048561260990586455,0.03874077478690228,0.009820486203684177,0.03340543858446956
frozen_GE_teacher,C[C@@H]1CN([C@H](C)CO)C(=O)c2cc(-c3ccccc3F)cnc2O[C@H]1CN(C)C(=O)c1cnccn1,10.1526,0.12107519827685745,0.12167207901211743,0.22968629421697057,-0.10801421520485313,-0.19815205466341312
frozen_GE_teacher,C[C@@H]1CN([C@H](C)CO)C(=O)c2cc(-c3ccccc3F)cnc2O[C@H]1CN(C)Cc1cccc(F)c1,10.0136,0.22216212770723362,0.22592934645152393,0.058434801867300955,0.16749454458422297,0.0761153441228879
frozen_GE_teacher,C[C@@H]1CN([C@H](C)CO)C(=O)c2cc(-c3ccncc3)cnc2O[C@@H]1CN(C)S(=O)(=O)c1ccc(F)cc1,10.046,-0.07438327668845542,-0.07452091828946625,0.06102527767938491,-0.13554619596885115,-0.17431107096679144
frozen_GE_teacher,C[C@@H]1CN([C@H](C)CO)C(=O)c2cc(/C=C/c3ccccc3)cnc2O[C@H]1CN(C)C(=O)c1ccc2c(c1)OCO2,10.0876,-0.05357239475383144,-0.05362373414007757,-0.04938829875717392,-0.004235435382903649,-0.08530198291971243
frozen_GE_teacher,C[C@@H]1CN([C@H](C)CO)C(=O)c2cc(Br)cnc2O[C@@H]1CN(C)C(=O)C1CCCCC1,10.003,0.06531362720657184,0.06540673878958266,-0.014514765542022441,0.0799215043316051,0.10527473334535992
frozen_GE_teacher,C[C@@H]1CN([C@H](C)CO)C(=O)c2cc(C#CC3(O)CCCC3)cnc2O[C@H]1CN(C)Cc1ccccn1,10.0155,0.09200153165638499,0.09226243358298612,-0.0026373719641337506,0.09489980554711987,-0.2101286266975097
frozen_GE_teacher,C[C@@H]1CN([C@H](C)CO)C(=O)c2cc(C#CCN(C)C)cnc2O[C@H]1CN(C)C(=O)c1cnccn1,10.0636,-0.354743034818488,-0.37085922002075583,-0.14643013420567064,-0.2244290858150852,-0.054300991970050394
frozen_GE_teacher,C[C@@H]1CN([C@H](C)CO)C(=O)c2cc(C#CCc3ccccc3)cnc2O[C@@H]1CN(C)Cc1ccc(C(=O)O)cc1,10.0027,0.30940811460287365,0.3198907291846191,0.00416294057533984,0.31572778860927925,0.25206930791111115
frozen_GE_teacher,C[C@@H]1CN([C@H](C)CO)C(=O)c2cc(C#C[C@@H](C)O)cnc2O[C@@H]1CN(C)C(=O)Cc1ccncc1,10.0733,0.04830346711077811,0.048341087408777586,-0.003172055650677767,0.051513143059455355,0.2640174848686381
frozen_GE_teacher,C[C@@H]1CN([C@H](C)CO)C(=O)c2cc(C#Cc3ccccc3F)cnc2O[C@H]1CN(C)C(=O)C1CCCCC1,9.96964,0.12496838428721666,0.12562509671988942,0.008423887733365831,0.11720120898652359,0.5151082143965353
frozen_GE_teacher,C[C@@H]1CN([C@H](C)CO)C(=O)c2cc(C#Cc3cccnc3)cnc2O[C@@H]1CN(C)C(=O)CN(C)C,10.0624,0.1076147531468356,0.108033090349159,0.1336511101844004,-0.025618019835241396,0.2990205770461518
frozen_GE_teacher,C[C@@H]1CN([C@H](C)CO)C(=O)c2cc(C#Cc3cccnc3)cnc2O[C@@H]1CN(C)S(=O)(=O)c1ccccc1F,10.0683,0.1880409423173461,0.19030552262072736,-0.010211232733455061,0.20051675535418242,0.1324600364117688
frozen_GE_teacher,C[C@@H]1CN([C@H](C)CO)C(=O)c2cc(C3=CCCC3)cnc2O[C@@H]1CN(C)C(=O)c1ccc2c(c1)OCO2,10.0535,0.11603436873376165,0.11655937779986403,-0.034309132510640335,0.15086851031050436,0.05489472255426861
frozen_GE_teacher,C[C@@H]1CN([C@H](C)CO)C(=O)c2cc(C3=CCCCC3)cnc2O[C@@H]1CN(C)C(=O)Cc1ccncc1,10.0502,-0.18908133950611133,-0.19138427530046764,-0.029780272194485903,-0.16160400310598175,0.20122468319339176
frozen_GE_teacher,C[C@@H]1CN([C@H](C)CO)C(=O)c2cc(N(C)C)ccc2O[C@@H](C)CCCCO[C@@H]1CN(C)C(=O)C1CCCCC1,9.98252,-0.4139097926901641,-0.44032016673420704,-0.04360588737657323,-0.3967142793576338,-0.15199803112179144
frozen_GE_teacher,C[C@@H]1CN([C@H](C)CO)C(=O)c2cc(N(C)C)ccc2O[C@@H](C)CCCCO[C@@H]1CN(C)C(=O)Cc1ccccc1,9.9333,-0.038271649843180676,-0.03829035202187845,0.03900601921279209,-0.07729637123467054,0.10268566809075516
frozen_GE_teacher,C[C@@H]1CN([C@H](C)CO)C(=O)c2cc(N(C)C)ccc2O[C@@H](C)CCCCO[C@@H]1CN(C)C(=O)c1ccncc1,10.0157,0.08157406242635155,0.08175572847910169,-0.014830990870499598,0.09658671934960128,-0.20664327389296075
frozen_GE_teacher,C[C@@H]1CN([C@H](C)CO)C(=O)c2cc(N(C)C)ccc2O[C@@H](C)CCCCO[C@@H]1CN(C)Cc1ccc(C(=O)O)cc1,10.0179,0.3865335556586108,0.4077182496295224,-0.06137124847285309,0.4690894981023755,-0.0010917273689552767
frozen_GE_teacher,C[C@@H]1CN([C@H](C)CO)C(=O)c2cc(N(C)C)ccc2O[C@@H](C)CCCCO[C@@H]1CN(C)Cc1ccc2c(c1)OCO2,9.9551,-0.050066583676053364,-0.050108480053807414,0.008351606486067326,-0.05846008653987474,0.06644545460609305
frozen_GE_teacher,C[C@@H]1CN([C@H](C)CO)C(=O)c2cc(N(C)C)ccc2O[C@@H](C)CCCCO[C@@H]1CN(C)Cc1ccccc1,10.0287,0.4000482642274979,0.42370638892792506,0.05309767664151086,0.3706087122864142,0.5292848210962038
frozen_GE_teacher,C[C@@H]1CN([C@H](C)CO)C(=O)c2cc(N(C)C)ccc2O[C@@H](C)CCCCO[C@@H]1CN(C)Cc1ccncc1,10.1063,-0.43746672575549655,-0.46909366928079704,-0.03860764200405187,-0.4304860272767452,0.1903052336599188
frozen_GE_teacher,C[C@@H]1CN([C@H](C)CO)C(=O)c2cc(N(C)C)ccc2O[C@@H](C)CCCCO[C@H]1CN(C)C(=O)Nc1ccc(C(F)(F)F)cc1,10.1167,0.27038423104764386,0.27727831307670703,-0.061005605765422105,0.33828391884212916,-0.020671555218595372
frozen_GE_teacher,C[C@@H]1CN([C@H](C)CO)C(=O)c2cc(N(C)C)ccc2O[C@@H](C)CCCCO[C@H]1CN(C)C(=O)Nc1ccc2c(c1)OCO2,10.077,0.2180029807541683,0.2215584833439553,-0.02985501577787874,0.251413499121834,-0.3366374075960233
frozen_GE_teacher,C[C@@H]1CN([C@H](C)CO)C(=O)c2cc(N(C)C)ccc2O[C@@H](C)CCCCO[C@H]1CN(C)C(=O)Nc1cccc2ccccc12,10.0713,0.1622625607382945,0.16370956734420558,-0.019561059863841747,0.18327062720804732,-0.2408906317393
frozen_GE_teacher,C[C@@H]1CN([C@H](C)CO)C(=O)c2cc(N(C)C)ccc2O[C@@H](C)CCCCO[C@H]1CN(C)C(=O)Nc1ccccc1,9.9318,-0.3219319363214147,-0.3338009309466351,0.029770207097003305,-0.3635711380436384,-0.201747619339928
frozen_GE_teacher,C[C@@H]1CN([C@H](C)CO)C(=O)c2cc(N(C)C)ccc2O[C@@H](C)CCCCO[C@H]1CN(C)C(=O)c1ccncc1,10.3366,0.018878819210380305,0.01888106255561601,-0.08683734996777989,0.1057184125233959,0.17824622985086472
frozen_GE_teacher,C[C@@H]1CN([C@H](C)CO)C(=O)c2cc(N(C)C)ccc2O[C@@H](C)CCCCO[C@H]1CN(C)Cc1ccccc1,10.061,0.18835608342986146,0.19063223547444236,-0.0045417386835104046,0.19517397415795276,0.22193358289285067
frozen_GE_teacher,C[C@@H]1CN([C@H](C)CO)C(=O)c2cc(N(C)C)ccc2O[C@@H](C)CCCCO[C@H]1CN(C)S(=O)(=O)c1ccc(F)cc1,10.0636,-0.24089383198589878,-0.24572279237551614,0.09074114485115667,-0.3364639372266728,-0.014030973682968975
frozen_GE_teacher,C[C@@H]1CN([C@H](C)CO)C(=O)c2cc(N(C)C)ccc2O[C@@H]1CN(C)Cc1ccc(C(=O)Nc2ccccc2N)cc1,10.0581,0.16452823983274392,0.16603739604670226,0.010159222064705,0.15587817398199727,0.058633910552994106
frozen_GE_teacher,C[C@@H]1CN([C@H](C)CO)C(=O)c2cc(N(C)C)ccc2O[C@H]1CN(C)C(=O)Nc1cccc2ccccc12,10.1609,0.24570328279197032,0.25083486022068135,0.02535255704930071,0.22548230317138065,0.273524725487249
frozen_GE_teacher,C[C@@H]1CN([C@H](C)CO)C(=O)c2cc(N(C)C)ccc2O[C@H]1CN(C)Cc1ccc(C(=O)Nc2ccccc2N)cc1,10.0581,0.2977072175557035,0.30700196072404295,0.04862750789575003,0.2583744528282929,0.13291667139531638
frozen_GE_teacher,C[C@@H]1CN([C@H](C)CO)C(=O)c2cc(NC(=O)C3CC3)ccc2O[C@H]1CN(C)CC1CCCCC1,10.1658,0.24714037287562943,0.25236485777457973,-0.05634476649062187,0.3087096242652016,0.032936496310543004
frozen_GE_teacher,C[C@@H]1CN([C@H](C)CO)C(=O)c2cc(NC(=O)C3CCCCC3)ccc2O[C@@H](C)CCCCO[C@H]1CN(C)Cc1ccncc1,9.99352,-0.2839083840525555,-0.29192800785565376,-0.019822248296465665,-0.2721057595591881,0.20288460739423522
frozen_GE_teacher,C[C@@H]1CN([C@H](C)CO)C(=O)c2cc(NC(=O)CCC(F)(F)F)ccc2O[C@@H](C)CCCCO[C@@H]1CN(C)Cc1ccncc1,9.9458,0.3188768937691147,0.3303963764069524,-0.006210840530786511,0.33660721693773893,0.25722048438972805
frozen_GE_teacher,C[C@@H]1CN([C@H](C)CO)C(=O)c2cc(NC(=O)CCC(F)(F)F)ccc2O[C@@H](C)CCCCO[C@H]1CN(C)S(C)(=O)=O,10.1243,0.04607429688148281,0.046106941270478985,0.008998404819459085,0.0371085364510199,-0.09731818026037306
frozen_GE_teacher,C[C@@H]1CN([C@H](C)CO)C(=O)c2cc(NC(=O)CCCN(C)C)ccc2O[C@@H](C)CCCCO[C@@H]1CN(C)S(C)(=O)=O,10.0279,-0.02051548792358911,-0.02051836687270032,0.038742007418285346,-0.05926037429098567,-0.35869485634381304
frozen_GE_teacher,C[C@@H]1CN([C@H](C)CO)C(=O)c2cc(NC(=O)CCCN(C)C)ccc2O[C@@H](C)CCCCO[C@H]1CN(C)Cc1ccccc1,10.0032,0.060191218161327296,0.060264067167006885,0.02460779495282628,0.03565627221418061,0.1216863410658662
frozen_GE_teacher,C[C@@H]1CN([C@H](C)CO)C(=O)c2cc(NC(=O)Cc3ccccc3)ccc2O[C@@H](C)CCCCO[C@H]1CN(C)C,10.0021,-0.38280064899210475,-0.4033370542004939,0.03849568113088649,-0.4418327353313804,-0.0615274102534088
frozen_GE_teacher,C[C@@H]1CN([C@H](C)CO)C(=O)c2cc(NC(=O)Cn3cnnn3)ccc2O[C@H]1CN(C)Cc1ccc(Cl)c(Cl)c1,9.75103,-0.19408289008217108,-0.19657640889861425,0.027016313204094144,-0.2235927221027084,0.18597266528008816
frozen_GE_teacher,C[C@@H]1CN([C@H](C)CO)C(=O)c2cc(NC(=O)NC3CCCCC3)ccc2O[C@@H](C)CCCCO[C@@H]1CN(C)Cc1ccncc1,9.82253,-0.16417269528626685,-0.16567198124900795,0.07224128587290712,-0.23791326712191507,0.055503344219461626
frozen_GE_teacher,C[C@@H]1CN([C@H](C)CO)C(=O)c2cc(NC(=O)Nc3ccccc3)ccc2O[C@@H](C)CCCCO[C@H]1CN(C)C,9.99782,-0.09510918050679695,-0.0953975252636323,-0.05589881609915249,-0.039498709164479805,0.05557870957570037
frozen_GE_teacher,C[C@@H]1CN([C@H](C)CO)C(=O)c2cc(NC(=O)c3ccncc3)ccc2O[C@@H](C)CCCCO[C@H]1CN(C)C(=O)c1ccccc1,10.1748,0.23278926190072577,0.23713652684165962,-0.08252503027078571,0.3196615571124453,0.1008013437650502
frozen_GE_teacher,C[C@@H]1CN([C@H](C)CO)C(=O)c2cc(NC(=O)c3ccncc3)ccc2O[C@H]1CN(C)Cc1ccc2c(c1)OCO2,10.1933,0.45376281186340467,0.48942861242358193,-0.022944187712271427,0.5123728001358534,-0.021712483327516886
frozen_GE_teacher,C[C@@H]1CN([C@H](C)CO)C(=O)c2cc(NC(=O)c3ccncc3)ccc2O[C@H]1CN(C)S(C)(=O)=O,9.79731,0.4699886136829434,0.5100557220081906,-0.020495220753466957,0.5305509427616576,-0.00638314711474023
frozen_GE_teacher,C[C@@H]1CN([C@H](C)CO)C(=O)c2cccc(N(C)C)c2O[C@@H]1CN(C)C(=O)Nc1ccc2c(c1)OCO2,10.0677,0.3801903149869254,0.40028210339619497,0.06863107893697998,0.331651024459215,0.0995354851932343
frozen_GE_teacher,C[C@@H]1CN([C@H](C)CO)C(=O)c2cccc(N(C)C)c2O[C@@H]1CN(C)C(=O)Nc1cccc2ccccc12,10.0061,-0.16357668208381324,-0.1650595204444376,-0.10858112121454698,-0.05647839922989063,0.08088432996155413
frozen_GE_teacher,C[C@@H]1CN([C@H](C)CO)C(=O)c2cccc(N(C)C)c2O[C@@H]1CN(C)Cc1ccc(C(=O)Nc2ccccc2N)cc1,10.0633,0.1713135883742723,0.17301965630531027,-0.07297192060748559,0.24599157691279586,0.25736459980203996
frozen_GE_teacher,C[C@@H]1CN([C@H](C)CO)C(=O)c2cccc(N(C)C)c2O[C@@H]1CN(C)Cc1ccc(Oc2ccccc2)cc1,10.1194,-0.10843031307261466,-0.10885827934401182,-0.04352829251611983,-0.06532998682789198,-0.10106482836868225
frozen_GE_teacher,C[C@@H]1CN([C@H](C)CO)C(=O)c2cccc(N(C)C)c2O[C@@H]1CN(C)Cc1ccncc1,10.0061,0.1325039280029006,0.13328767096643873,0.03615186244317335,0.09713580852326538,0.1118179066219359
frozen_GE_teacher,C[C@@H]1CN([C@H](C)CO)C(=O)c2cccc(N(C)C)c2O[C@H]1CN(C)S(=O)(=O)c1cn(C)cn1,10.1653,0.04548398644109651,0.04551539108340854,-0.008829949409365004,0.05434534049277354,0.06831733296387468
frozen_GE_teacher,C[C@@H]1CN([C@H](C)CO)C(=O)c2cccc(NC(=O)C3CC3)c2O[C@H]1CN(C)Cc1ccc(C(=O)O)cc1,9.98841,0.24020908384737027,0.24499598764292174,0.016439833454231535,0.2285561541886902,-0.12856221483410082
frozen_GE_teacher,C[C@@H]1CN([C@H](C)CO)C(=O)c2cccc(NC(=O)C3CCOCC3)c2O[C@@H]1CN(C)Cc1ccc2c(c1)OCO2,9.97721,-0.14514405981023248,-0.14617638038391578,-0.029787506336766995,-0.11638887404714879,0.19586833026672762
frozen_GE_teacher,C[C@@H]1CN([C@H](C)CO)C(=O)c2cccc(NC(=O)C3CCOCC3)c2O[C@H]1CN(C)CC1CCCCC1,9.86275,0.4913046643399077,0.5377786734072997,-0.02075271466546006,0.5585313880727597,-0.19311240515273476
frozen_GE_teacher,C[C@@H]1CN([C@H](C)CO)C(=O)c2cccc(NC(=O)NC3CCCCC3)c2O[C@H]1CN(C)C(=O)Nc1cccc2ccccc12,10.0095,0.4037808412957062,0.42815808051853793,-0.07955086552353625,0.5077089460420742,0.21064186531902196
frozen_GE_teacher,C[C@@H]1CN([C@H](C)CO)C(=O)c2cccc(NC(=O)c3ccc(-c4nccs4)cc3)c2O[C@@H]1CN(C)CC1CCCCC1,9.75361,0.4051355413909555,0.42977773445884304,-0.005080121516463981,0.434857855975307,-0.09925008109304673
frozen_GE_teacher,C[C@@H]1CN([C@H](C)CO)C(=O)c2cccc(NC(=O)c3ccc(-c4nccs4)cc3)c2O[C@H]1CN(C)CC1CCCCC1,10.2534,0.2341468512521177,0.23857238104845788,-0.02196217592151159,0.26053455696996947,0.06424793265892217
frozen_GE_teacher,C[C@@H]1CN([C@H](C)CO)C(=O)c2cccc(NC(=O)c3ccncc3)c2O[C@H]1CN(C)CC1CC1,10.0419,0.5920939758488235,0.6808842899036344,0.07160271036145016,0.6092815795421842,0.3264611993061213
frozen_GE_teacher,C[C@@H]1CN([C@H](C)CO)C(=O)c2cccc(NC(=O)c3ccncc3)c2O[C@H]1CN(C)S(=O)(=O)c1ccccc1,10.0602,-0.0705529422701502,-0.07067035735460722,-0.025074831746312212,-0.04559552560829501,0.17135313018031706
frozen_GE_teacher,C[C@@H]1CN([C@H](C)CO)C(=O)c2cccc(NS(C)(=O)=O)c2O[C@H]1CN(C)Cc1ccc(-c2ccccc2)cc1,10.0197,0.2215623584596767,0.22529852641816722,-0.0519774506755184,0.2772759770936856,0.12131526901674328
frozen_GE_teacher,C[C@@H]1CN([C@H](C)CO)C(=O)c2ccccc2-c2ccccc2CO[C@@H]1CN(C)C(=O)Nc1cccc(C(F)(F)F)c1,9.92815,-0.08737638595225787,-0.08759977234045689,0.022876052181041807,-0.1104758245214987,-0.017489974836545873
frozen_GE_teacher,C[C@@H]1CN([C@H](C)CO)C(=O)c2ccccc2-c2ccccc2CO[C@@H]1CN(C)C(=O)[C@H]1CCCN1C,10.2543,-0.42045518119368097,-0.4482448245502369,-0.060069961064886684,-0.38817486348535024,0.33103491985652855
frozen_GE_teacher,C[C@@H]1CN([C@H](C)CO)C(=O)c2ccccc2-c2ccccc2CO[C@@H]1CN(C)Cc1cccc(F)c1,9.9766,-0.08243282820403391,-0.08262030823415524,0.10385148736873098,-0.18647179560288624,-0.05311648190522984
frozen_GE_teacher,C[C@@H]1CN([C@H](C)CO)C(=O)c2ccccc2-c2ccccc2CO[C@@H]1CN(C)Cc1cccc(O)c1,10.1141,-0.10382598578340432,-0.10420149321348995,0.04711876738478415,-0.1513202605982741,0.06577147362302874
frozen_GE_teacher,C[C@@H]1CN([C@H](C)CO)C(=O)c2ccccc2-c2ccccc2CO[C@@H]1CN(C)S(=O)(=O)c1ccc(C#N)cc1,10.2641,0.12903976731291908,0.12976323413918356,-0.03385071185129984,0.1636139459904834,0.04433832203728551
frozen_GE_teacher,C[C@@H]1CN([C@H](C)CO)C(=O)c2ccccc2-c2ccccc2CO[C@@H]1CN(C)S(=O)(=O)c1ccc(Cl)cc1,10.018,0.17995417878237358,0.18193533346729934,0.10609022771973159,0.07584510574756775,0.021574012045828483
frozen_GE_teacher,C[C@@H]1CN([C@H](C)CO)C(=O)c2ccccc2-c2ccccc2CO[C@@H]1CN(C)S(=O)(=O)c1cccc(C#N)c1,10.1894,-0.02355458893946995,-0.0235589465653355,0.012600859754483721,-0.03615980631981922,0.13615013541344984
frozen_GE_teacher,C[C@@H]1CN([C@H](C)CO)C(=O)c2ccccc2-c2ccccc2CO[C@@H]1CN(C)S(=O)(=O)c1cccc(F)c1,9.84849,-0.13031511422298966,-0.13106039459692037,-0.02596416939433435,-0.10509622520258602,-0.00046924537545578113
frozen_GE_teacher,C[C@@H]1CN([C@H](C)CO)C(=O)c2ccccc2-c2ccccc2CO[C@@H]1CN(C)S(=O)(=O)c1ccccc1,10.0212,-0.01427177829379073,-0.014272747388218621,0.07100321850188235,-0.08527596589010097,-0.174641883408173
frozen_GE_teacher,C[C@@H]1CN([C@H](C)CO)C(=O)c2ccccc2-c2ccccc2CO[C@@H]1CN(C)S(=O)(=O)c1ccccc1C#N,10.0025,-0.2667007943602635,-0.2733085938840123,-0.04884557466384107,-0.22446301922017123,0.12390484746998168
frozen_GE_teacher,C[C@@H]1CN([C@H](C)CO)C(=O)c2ccccc2-c2ccccc2CO[C@@H]1CN(C)S(=O)(=O)c1ccccc1F,9.77378,-0.07876764628918474,-0.07893115587852702,-0.024029564330297914,-0.0549015915482291,0.012625639896651773
frozen_GE_teacher,C[C@@H]1CN([C@H](C)CO)C(=O)c2ccccc2-c2ccccc2CO[C@H]1CN(C)C(=O)CCN(C)C,9.84062,-0.5310777812743055,-0.5916451444190334,0.004213422650686067,-0.5958585670697194,-0.23052499651701833
frozen_GE_teacher,C[C@@H]1CN([C@H](C)CO)C(=O)c2ccccc2-c2ccccc2CO[C@H]1CN(C)C(=O)[C@H]1CCCN1C,10.2807,0.4242950247208309,0.45291845850577594,0.11327388639949246,0.3396445721062835,-0.08962346022160161
frozen_GE_teacher,C[C@@H]1CN([C@H](C)CO)C(=O)c2ccccc2-c2ccccc2CO[C@H]1CN(C)S(=O)(=O)c1cccc(C#N)c1,10.0389,0.19390839175494476,0.19639508663272814,0.004516423556055372,0.19187866307667278,0.29882670701211705
frozen_GE_teacher,C[C@@H]1CN([C@H](C)CO)C(=O)c2ccccc2-c2ccccc2CO[C@H]1CN(C)S(=O)(=O)c1cccc(F)c1,10.0309,-0.3860041746584684,-0.40709603137920386,0.09626657532441298,-0.5033626067036169,0.07750981869055089
frozen_GE_teacher,C[C@@H]1CN([C@H](C)CO)C(=O)c2ccccc2-c2ccccc2CO[C@H]1CN(C)S(=O)(=O)c1ccccc1F,10.0661,0.2915681373753308,0.300279243137628,0.01197432086732408,0.2883049222703039,-0.1159276534142733
frozen_GE_teacher,C[C@@H]1CN([C@H](C)CO)C(=O)c2ccccc2-c2ccccc2CO[C@H]1CN(C)S(=O)(=O)c1ccsc1,10.0447,0.234793202840719,0.23925633378442557,0.10296098656893048,0.13629534721549508,0.14339485269258467
frozen_GE_teacher,C[C@@H]1CN([C@H](C)CO)C(=O)c2ccccc2-c2ccccc2CO[C@H]1CN(C)S(=O)(=O)c1cn(C)cn1,10.0247,0.42978009765506414,0.4596269267741712,0.1192605423772632,0.34036638439690803,0.2539890356274507
frozen_GE_teacher,C[C@@H]1CN([C@H](C)CO)S(=O)(=O)c2ccc(-c3cccc(C#N)c3)cc2O[C@@H]1CN(C)C(=O)c1ccncc1,10.0294,-0.12046342410733536,-0.12105124988868687,-0.02425046953960124,-0.09680078034908564,0.02243444536728923
frozen_GE_teacher,C[C@@H]1CN([C@H](C)CO)S(=O)(=O)c2ccc(-c3cccc(C#N)c3)cc2O[C@H]1CN(C)C(=O)Nc1cc(F)ccc1F,10.0747,0.20476599914352422,0.2077021117202076,-0.012283654134614401,0.21998576585482202,0.1211019721516827
frozen_GE_teacher,C[C@@H]1CN([C@H](C)CO)S(=O)(=O)c2ccc(-c3cccc(C(=O)N(C)C)c3)cc2O[C@@H]1CN(C)Cc1ccc2c(c1)OCO2,10.0643,0.07875943029983576,0.07892288860151321,-0.038831812783658395,0.1177547013851716,0.1834110583339943
frozen_GE_teacher,C[C@@H]1CN([C@H](C)CO)S(=O)(=O)c2ccc(-c3ccccc3)cc2O[C@@H]1CN(C)C,10.032,0.06351003325658894,0.06359563026149824,0.06423604993049703,-0.0006404196689987901,-0.03447370616609845
frozen_GE_teacher,C[C@@H]1CN([C@H](C)CO)S(=O)(=O)c2ccc(-c3cncnc3)cc2O[C@@H]1CN(C)C(=O)Cc1ccccc1,9.97018,9.338433739162848e-05,9.338433766308538e-05,0.012226366886559937,-0.012132982548896852,0.16101004308892516
frozen_GE_teacher,C[C@@H]1CN([C@H](C)CO)S(=O)(=O)c2ccc(/C=C/c3ccccc3)cc2O[C@H]1CN(C)C(=O)CN1CCOCC1,10.0937,-0.02387295737159739,-0.02387749413316643,-0.0038238112930940246,-0.020053682840072404,0.17640415596668713
frozen_GE_teacher,C[C@@H]1CN([C@H](C)CO)S(=O)(=O)c2ccc(/C=C/c3ccccc3)cc2O[C@H]1CN(C)Cc1ccccc1,10.0447,0.030532103722293324,0.03054159646999636,-0.003815358420428223,0.03435695489042458,0.043455586809217565
frozen_GE_teacher,C[C@@H]1CN([C@H](C)CO)S(=O)(=O)c2ccc(C#CC(C)(C)O)cc2O[C@@H]1CN(C)Cc1ccc(F)cc1,10.062,0.4183350513094705,0.4456721855896168,0.16404873538189632,0.2816234502077205,0.15840111681325778
frozen_GE_teacher,C[C@@H]1CN([C@H](C)CO)S(=O)(=O)c2ccc(C#CC(C)(C)O)cc2O[C@H]1CN(C)Cc1ccc(F)cc1,10.009,-0.25778117902671543,-0.26373018596376674,0.7700829780905283,-1.033813164054295,-0.6405738898358704
frozen_GE_teacher,C[C@@H]1CN([C@H](C)CO)S(=O)(=O)c2ccc(C#CC3CC3)cc2O[C@@H]1CN(C)C(=O)c1cccc(F)c1,10.0341,0.40322640512049135,0.42749581791162017,0.2551061392059293,0.17238967870569089,-0.014213709582167083
frozen_GE_teacher,C[C@@H]1CN([C@H](C)CO)S(=O)(=O)c2ccc(C#CC3CC3)cc2O[C@@H]1CN(C)S(C)(=O)=O,9.99498,0.16037108274281708,0.1617675513997622,-0.03461495440061743,0.19638250580037964,-0.08099649525874725
frozen_GE_teacher,C[C@@H]1CN([C@H](C)CO)S(=O)(=O)c2ccc(C#CC3CCCC3)cc2O[C@@H]1CN(C)Cc1ccccc1C(=O)O,9.99368,0.0076469453614656634,0.007647094420376787,-0.0030492914157544977,0.010696385836131285,-0.00013525385081675657
frozen_GE_teacher,C[C@@H]1CN([C@H](C)CO)S(=O)(=O)c2ccc(C#CCN(C)C)cc2O[C@@H]1CN(C)C(=O)C1CCCCC1,10.0181,0.24812178836608018,0.2534103863901261,0.03479591134441131,0.21861447504571477,0.16682270304902033
frozen_GE_teacher,C[C@@H]1CN([C@H](C)CO)S(=O)(=O)c2ccc(C#CCN(C)C)cc2O[C@H]1CN(C)S(=O)(=O)c1cccc(F)c1,10.0382,0.14128808920256072,0.1422396590119846,-0.02744636362036364,0.16968602263234825,-0.01162157825763874
frozen_GE_teacher,C[C@@H]1CN([C@H](C)CO)S(=O)(=O)c2ccc(C#Cc3ccccn3)cc2O[C@H]1CN(C)C,10.021,0.20580255274399756,0.2087842693242511,0.028331725023545508,0.1804525443007056,0.006045810407264721
frozen_GE_teacher,C[C@@H]1CN([C@H](C)CO)S(=O)(=O)c2ccc(C3=CCCCC3)cc2O[C@@H]1CN(C)Cc1cccc(C(=O)O)c1,9.98785,0.005977961115506507,0.005978032326544257,-0.017060743142842158,0.023038775469386416,0.11980514702420834
frozen_GE_teacher,C[C@@H]1CN([C@H](C)CO)S(=O)(=O)c2ccc(C3=CCCCC3)cc2O[C@H]1CN(C)C(=O)Nc1ccc2c(c1)OCO2,10.0278,0.18250534743056512,0.18457314047266465,-0.0029419248195341544,0.1875150652921988,-0.0007656735296123502
frozen_GE_teacher,C[C@@H]1C[C@@H]([C@H](O)CC2CC(=O)NC(=O)C2)C(=O)[C@@H](C)C1,10.0,0.4356596757968578,0.4668611228619849,0.03628185360344822,0.4305792692585367,0.5650377319078197
frozen_GE_teacher,C[C@H](C(=O)N(C)C[C@@H]1OCc2ccccc2-c2ccccc2C(=O)N([C@@H](C)CO)C[C@@H]1C)c1ccccc1,10.3584,-0.4150884041389599,-0.4417432834614821,-0.041889799090352384,-0.3998534843711297,-0.16431726861747387
frozen_GE_teacher,C[C@H](C(=O)N(C)C[C@H]1OCc2ccccc2-c2ccccc2C(=O)N([C@@H](C)CO)C[C@@H]1C)c1ccccc1,10.1566,0.08099874779105476,0.08117658716294168,0.05456362535067931,0.026612961812262373,0.05514878649159344
frozen_GE_teacher,C[C@H](CO)N1C[C@H](C)[C@@H](CN(C)C(=O)C2CC2)Oc2cc(Br)ccc2S1(=O)=O,10.0619,-0.2844881948966944,-0.2925587640621408,-0.026231945032870914,-0.2663268190292699,0.2561350691151424
frozen_GE_teacher,C[C@H](CO)N1C[C@H](C)[C@@H](CN(C)C(=O)C2CCCCC2)OCCCC[C@H](C)Oc2ccc(NC(=O)c3ccncc3)cc2C1=O,10.0698,0.21474960603255058,0.2181453044189851,0.02456823609897478,0.19357706832001031,0.07570939608093923
frozen_GE_teacher,C[C@H](CO)N1C[C@H](C)[C@@H](CN(C)C(=O)C2CCOCC2)Oc2ncc(-c3cccc(C#N)c3)cc2C1=O,9.99771,-0.14557186615145762,-0.1466134209348242,0.013525200445387731,-0.16013862138021195,0.05267292484593922
frozen_GE_teacher,C[C@H](CO)N1C[C@H](C)[C@@H](CN(C)C(=O)C2CCOCC2)Oc2ncc(C#CC3(O)CCCC3)cc2C1=O,10.0876,0.5964905541429294,0.6876815991456151,0.14548040186178865,0.5422011972838264,0.4668811096223663
frozen_GE_teacher,C[C@H](CO)N1C[C@H](C)[C@@H](CN(C)C(=O)CCC(F)(F)F)OCc2ccccc2-c2ccccc2C1=O,9.78259,0.34752858793904035,0.36263009639682187,0.07481903413479127,0.28781106226203057,0.27618400192269976
frozen_GE_teacher,C[C@H](CO)N1C[C@H](C)[C@@H](CN(C)C(=O)CCC(F)(F)F)OCc2cn(nn2)CCCC1=O,10.0284,0.24999324844053486,0.2554056102325317,0.14506478176533386,0.11034082846719787,0.052701017072498996
frozen_GE_teacher,C[C@H](CO)N1C[C@H](C)[C@@H](CN(C)C(=O)CN2CCOCC2)Oc2cc(/C=C/c3ccccc3)ccc2S1(=O)=O,10.1453,0.10321558781466687,0.10358448300194663,-0.021608926751264395,0.12519340975321103,0.07158403635269431
frozen_GE_teacher,C[C@H](CO)N1C[C@H](C)[C@@H](CN(C)C(=O)Cc2ccccc2)OCc2ccccc2-c2ccccc2C1=O,10.0168,0.4158785723281721,0.44269831563022405,-0.04432999983468528,0.4870283154649093,0.30319703158827266
frozen_GE_teacher,C[C@H](CO)N1C[C@H](C)[C@@H](CN(C)C(=O)Cc2ccccc2)Oc2cc(-c3cncnc3)ccc2S1(=O)=O,10.1657,0.3279140289862736,0.3404891626675749,-0.03308671642051693,0.3735758790880918,0.19642214767837762
frozen_GE_teacher,C[C@H](CO)N1C[C@H](C)[C@@H](CN(C)C(=O)Cc2cccnc2)Oc2ncc(C#CC3(O)CCCC3)cc2C1=O,10.1939,0.16753627079580416,0.16913070187064688,0.003889933041498263,0.16524076882914862,0.12689456967175725
frozen_GE_teacher,C[C@H](CO)N1C[C@H](C)[C@@H](CN(C)C(=O)Cc2ccncc2)Oc2ncc(C#C[C@@H](C)O)cc2C1=O,10.0039,-0.0496380282520194,-0.04967885690115706,-0.04789720311990349,-0.0017816537812535699,0.27387412544617784
frozen_GE_teacher,C[C@H](CO)N1C[C@H](C)[C@@H](CN(C)C(=O)NC2CCCCC2)OCc2ccccc2-c2c(n(C)c3ccccc23)C1=O,10.0332,0.4396120891032591,0.4717498658791599,0.06516557223660369,0.4065842936425562,-0.0534766126619759
frozen_GE_teacher,C[C@H](CO)N1C[C@H](C)[C@@H](CN(C)C(=O)NC2CCCCC2)Oc2c(NC(=O)c3ccncc3)cccc2C1=O,10.0408,0.31475721949000995,0.3258170520168893,-0.007091386852028014,0.33290843886891736,0.15607476702891668
frozen_GE_teacher,C[C@H](CO)N1C[C@H](C)[C@@H](CN(C)C(=O)NC2CCCCC2)Oc2ccc(N(C)C)cc2CC1=O,9.88612,0.11666393944441628,0.11719758806531495,0.03071708741246673,0.08648050065284822,-0.06318777186779959
frozen_GE_teacher,C[C@H](CO)N1C[C@H](C)[C@@H](CN(C)C(=O)Nc2ccc(F)cc2)Oc2c(NC(=O)c3cnccn3)cccc2C1=O,10.0482,0.2769054143431123,0.28432737358799015,-0.003176859672557644,0.2875042332605478,0.10293873214908505
frozen_GE_teacher,C[C@H](CO)N1C[C@H](C)[C@@H](CN(C)C(=O)Nc2ccc(F)cc2)Oc2ccc(NC(=O)C3CCCCC3)cc2CC1=O,9.65199,0.28437668915557174,0.29243744324680193,-0.050676541701078145,0.3431139849478801,0.207626534492441
frozen_GE_teacher,C[C@H](CO)N1C[C@H](C)[C@@H](CN(C)C(=O)Nc2ccc(N3CCCCC3)cc2)OCc2cnnn2CCCC1=O,10.0731,0.12939669886937125,0.13012622671446822,0.0543436655283715,0.07578256118609672,-0.19830481469044672
frozen_GE_teacher,C[C@H](CO)N1C[C@H](C)[C@@H](CN(C)C(=O)Nc2ccc3c(c2)OCO3)OCc2ccccc2-c2c(n(C)c3ccccc23)C1=O,9.97504,0.17979481594465793,0.1817706420661098,0.05041249117861599,0.1313581508874938,0.2518029106065198
frozen_GE_teacher,C[C@H](CO)N1C[C@H](C)[C@@H](CN(C)C(=O)Nc2cccc3ccccc23)OCc2cn(nn2)CCCC1=O,10.1484,-0.3444256288653304,-0.3591052026076398,-0.025827130628223637,-0.33327807197941617,-0.209148553824327
frozen_GE_teacher,C[C@H](CO)N1C[C@H](C)[C@@H](CN(C)C(=O)Nc2cccc3ccccc23)Oc2c(NC(=O)c3ccncc3)cccc2C1=O,10.048,-0.25472787514366013,-0.26046228777528174,0.0034094818694771637,-0.2638717696447589,0.0731703469035641
frozen_GE_teacher,C[C@H](CO)N1C[C@H](C)[C@@H](CN(C)C(=O)Nc2cccc3ccccc23)Oc2ccc(NC(=O)c3ccncc3)cc2CC1=O,9.99608,0.04609850331242513,0.04613119922425562,0.003338821765859021,0.0427923774583966,-0.10142862226832648
frozen_GE_teacher,C[C@H](CO)N1C[C@H](C)[C@@H](CN(C)C(=O)Nc2ccccc2)OCc2ccccc2-c2ccccc2C1=O,10.2371,0.4371250843473244,0.4686712494973934,-0.09584757037179183,0.5645188198691853,-0.06493902880392242
frozen_GE_teacher,C[C@H](CO)N1C[C@H](C)[C@@H](CN(C)C(=O)Nc2ccccc2)Oc2ccc(N(C)C)cc2CC1=O,10.1456,-0.0632897070348609,-0.06337441485389954,0.042243156714734754,-0.1056175715686343,0.11639133834577534
frozen_GE_teacher,C[C@H](CO)N1C[C@H](C)[C@@H](CN(C)C(=O)[C@H](Cc2ccccc2)N(C)C)OCc2ccccc2-c2c(n(C)c3ccccc23)C1=O,10.0224,-0.17514949297534724,-0.17697424012036922,0.14269154158577674,-0.31966578170614596,-0.23792822546687264
frozen_GE_teacher,C[C@H](CO)N1C[C@H](C)[C@@H](CN(C)C(=O)c2ccc(F)cc2)Oc2cc(Br)ccc2S1(=O)=O,10.011,0.011860212069433112,0.011860768220487806,0.09578470317814186,-0.08392393495765406,0.030635530664750776
frozen_GE_teacher,C[C@H](CO)N1C[C@H](C)[C@@H](CN(C)C(=O)c2ccccc2)OCCCC[C@H](C)Oc2ccc(N(C)C)cc2C1=O,10.0094,0.2870347270694979,0.2953317382656265,-0.07658399487299075,0.37191573313861725,0.10129950172212696
frozen_GE_teacher,C[C@H](CO)N1C[C@H](C)[C@@H](CN(C)C(=O)c2ccccc2)OCCCC[C@H](C)Oc2ccc(NC(=O)CCCN(C)C)cc2C1=O,10.0817,0.10847251697139476,0.10890098554067415,-0.027485254990692858,0.136386240531367,0.06841785203592413
frozen_GE_teacher,C[C@H](CO)N1C[C@H](C)[C@@H](CN(C)C(=O)c2ccccc2)OCc2ccccc2-c2c(n(C)c3ccccc23)C1=O,10.0589,-0.2985516666980478,-0.3079287873747382,0.010996786646156581,-0.31892557402089483,-0.16925446356566629
frozen_GE_teacher,C[C@H](CO)N1C[C@H](C)[C@@H](CN(C)C(=O)c2ccccn2)Oc2ncc(C3=CCCC3)cc2C1=O,10.008,0.3088754065427559,0.31930173139385,0.08308019755762282,0.23622153383622718,-0.024758527746977295
frozen_GE_teacher,C[C@H](CO)N1C[C@H](C)[C@@H](CN(C)C(=O)c2ccncc2)Oc2ncc(C#CC3CCCC3)cc2C1=O,10.0567,0.29316855547805515,0.3020292511236633,-0.03741924232558427,0.33944849344924755,0.34648066497013696
frozen_GE_teacher,C[C@H](CO)N1C[C@H](C)[C@@H](CN(C)C)OCCCC[C@H](C)Oc2ccc(N(C)C)cc2C1=O,10.0456,0.33700813841365196,0.35071347458870117,-0.011061595640944211,0.3617750702296454,0.3309854064710768
frozen_GE_teacher,C[C@H](CO)N1C[C@H](C)[C@@H](CN(C)C)OCCCC[C@H](C)Oc2ccc(NC(=O)NC3CCCCC3)cc2C1=O,10.0535,0.06632637870793155,0.06642389698617165,0.051613254723873826,0.014810642262297828,-0.020083907731650252
frozen_GE_teacher,C[C@H](CO)N1C[C@H](C)[C@@H](CN(C)C)OCCCC[C@H](C)Oc2ccc(NC(=O)Nc3ccc(F)cc3)cc2C1=O,9.98569,-0.2671306884866174,-0.2737714648013428,-0.05873032915453992,-0.21504113564680288,-0.16642471094957723
frozen_GE_teacher,C[C@H](CO)N1C[C@H](C)[C@@H](CN(C)C)OCCCC[C@H](C)Oc2ccc(NC(=O)c3ccncc3)cc2C1=O,10.0051,-0.17572141328120772,-0.17756432173933934,0.025174145142368556,-0.20273846688170788,0.02817420145642538
frozen_GE_teacher,C[C@H](CO)N1C[C@H](C)[C@@H](CN(C)C)OCCCC[C@H](C)Oc2ccc(NS(=O)(=O)c3ccccc3)cc2C1=O,10.0117,-0.4509157186937523,-0.48584910931405917,-0.009496720529388467,-0.4763523887846707,-0.12389266027388654
frozen_GE_teacher,C[C@H](CO)N1C[C@H](C)[C@@H](CN(C)C)Oc2cc(-c3ccccc3)ccc2S1(=O)=O,10.0186,0.17001343188439658,0.17168049515126482,0.011033150599814022,0.1606473445514508,0.040806381701018045
frozen_GE_teacher,C[C@H](CO)N1C[C@H](C)[C@@H](CN(C)C)Oc2ccc(NC(=O)Cn3cnnn3)cc2CC1=O,10.1341,0.315390096854293,0.3265196803170814,0.05551823815612314,0.27100144216095823,-0.1836286518278137
frozen_GE_teacher,C[C@H](CO)N1C[C@H](C)[C@@H](CN(C)C)Oc2ccc(NC(=O)Nc3ccccc3)cc2CC1=O,10.0481,0.6021005610867135,0.6964357952800823,-0.034018805868790435,0.7304546011488727,-0.09229299839192051
frozen_GE_teacher,C[C@H](CO)N1C[C@H](C)[C@@H](CN(C)CC2CC2)OCCCC[C@H](C)Oc2ccc(NC(=O)c3ccncc3)cc2C1=O,10.0744,0.12345322333567227,0.12408619274671483,0.0022167345095424063,0.12186945823717242,-0.10508483893734001
frozen_GE_teacher,C[C@H](CO)N1C[C@H](C)[C@@H](CN(C)CC2CC2)Oc2ccc(N(C)C)cc2CC1=O,9.99583,-0.13532648046796195,-0.1361617674617198,0.006843643372241267,-0.14300541083396107,-0.063637655046799
frozen_GE_teacher,C[C@H](CO)N1C[C@H](C)[C@@H](CN(C)CC2CCCCC2)Oc2ccc(NS(=O)(=O)c3ccc(Cl)cc3)cc2CC1=O,9.93811,0.6297791121807648,0.741049974502102,-0.022841813917006702,0.7638917884191087,-0.03601558079618565
frozen_GE_teacher,C[C@H](CO)N1C[C@H](C)[C@@H](CN(C)CC2CCOCC2)Oc2cc(-c3cccnc3)ccc2S1(=O)=O,10.0919,-0.11391999327962687,-0.11441667551150324,0.045588658275864447,-0.1600053337873677,0.22124934153972947
frozen_GE_teacher,C[C@H](CO)N1C[C@H](C)[C@@H](CN(C)Cc2ccc(-c3ccccc3)cc2)OCc2cnnn2CCCC1=O,10.0545,0.3506047861023479,0.3661331356081979,0.043980558883366175,0.3221525767248317,-0.09924160067107678
frozen_GE_teacher,C[C@H](CO)N1C[C@H](C)[C@@H](CN(C)Cc2ccc(C(=O)O)cc2)Oc2ccc(NC(=O)Cc3ccccc3)cc2CC1=O,9.92959,-0.3825389401067372,-0.403030446915099,-0.031978720028950205,-0.3710517268861488,-0.03761659919872662
frozen_GE_teacher,C[C@H](CO)N1C[C@H](C)[C@@H](CN(C)Cc2ccc(C(F)(F)F)cc2)Oc2c(cccc2N(C)C)C1=O,10.0348,-0.00785432581990163,-0.007854487338136575,-0.0038663859050629776,-0.003988101433073597,0.1532522930193852
frozen_GE_teacher,C[C@H](CO)N1C[C@H](C)[C@@H](CN(C)Cc2ccc(C(F)(F)F)cc2)Oc2ccc(N(C)C)cc2CC1=O,9.88912,-0.3318329386753358,-0.3448865938736024,-0.020091856354785165,-0.3247947375188172,0.18078264152823081
frozen_GE_teacher,C[C@H](CO)N1C[C@H](C)[C@@H](CN(C)Cc2ccc(Cl)c(Cl)c2)Oc2ccc(N(C)C)cc2C1=O,10.0924,0.2552951051804813,0.2610689709623686,-0.0031045249018704507,0.26417349586423905,0.02225842118712623
frozen_GE_teacher,C[C@H](CO)N1C[C@H](C)[C@@H](CN(C)Cc2ccc3c(c2)OCCN3C)OCc2cn(nn2)CCCC1=O,10.3046,0.3566735626163066,0.373069399342254,0.05901588726335266,0.31405351207890136,0.11571849343694893
frozen_GE_teacher,C[C@H](CO)N1C[C@H](C)[C@@H](CN(C)Cc2ccc3c(c2)OCO3)OCCCC[C@H](C)Oc2ccc(NS(C)(=O)=O)cc2C1=O,10.0617,0.10651067168420536,0.10691620657196181,-0.004879428854362069,0.11179563542632388,0.022466271707038573
frozen_GE_teacher,C[C@H](CO)N1C[C@H](C)[C@@H](CN(C)Cc2ccc3c(c2)OCO3)OCc2cnnn2CCCC1=O,10.0108,0.052755808894146154,0.052804833676312384,0.021361270470577554,0.031443563205734826,0.13929497623102538
frozen_GE_teacher,C[C@H](CO)N1C[C@H](C)[C@@H](CN(C)Cc2ccc3c(c2)OCO3)Oc2c(NC(=O)NC3CCCCC3)cccc2C1=O,10.1083,0.15590500925384806,0.15718691869499102,0.006769493173706136,0.15041742552128487,0.08415566174730359
frozen_GE_teacher,C[C@H](CO)N1C[C@H](C)[C@@H](CN(C)Cc2ccc3c(c2)OCO3)Oc2ccc(NC(=O)C3CC3)cc2CC1=O,10.1075,0.2921946594134255,0.30096411247931754,0.0077003334572519275,0.29326377902206563,-0.0546640468883833
frozen_GE_teacher,C[C@H](CO)N1C[C@H](C)[C@@H](CN(C)Cc2ccc3c(c2)OCO3)Oc2ccc(NC(=O)c3ccncc3)cc2C1=O,10.097,0.14118948645890728,0.14213904926525553,0.010101467168197025,0.13203758209705851,0.017889720888877712
frozen_GE_teacher,C[C@H](CO)N1C[C@H](C)[C@@H](CN(C)Cc2ccc3cccnc3c2)OCc2cn(nn2)CCCC1=O,9.69064,0.17821338539184856,0.18013686074182347,0.06331579157624576,0.11682106916557772,0.19438165271900829
frozen_GE_teacher,C[C@H](CO)N1C[C@H](C)[C@@H](CN(C)Cc2ccc3cccnc3c2)OCc2cnnn2CCCC1=O,10.0185,0.20757878554166148,0.21063977167339576,0.09952504523856107,0.11111472643483469,0.029578176811324464
frozen_GE_teacher,C[C@H](CO)N1C[C@H](C)[C@@H](CN(C)Cc2cccc(C(=O)O)c2)OCc2ccccc2-c2c(n(C)c3ccccc23)C1=O,10.1588,-0.6137313679995703,-0.7148856655390603,-0.09757604661894603,-0.6173096189201143,-0.3302313000756945
frozen_GE_teacher,C[C@H](CO)N1C[C@H](C)[C@@H](CN(C)Cc2cccc(C(=O)O)c2)OCc2ccccc2-c2ccccc2C1=O,9.87939,-0.06456010435638776,-0.06465002499487771,0.08184219762174502,-0.14649222261662273,0.35083923023929175
frozen_GE_teacher,C[C@H](CO)N1C[C@H](C)[C@@H](CN(C)Cc2cccc(C(=O)O)c2)Oc2cc(C#CCC3CCCC3)ccc2S1(=O)=O,10.0075,0.17219781940677334,0.17393076513474037,0.03305823001252382,0.14087253512221654,0.15176745528892338
frozen_GE_teacher,C[C@H](CO)N1C[C@H](C)[C@@H](CN(C)Cc2cccc(C(F)(F)F)c2)OCc2cnnn2CCCC1=O,10.0509,0.24146365364595043,0.24632780599575513,-0.08434782878069505,0.3306756347764502,-0.06128336332678114
frozen_GE_teacher,C[C@H](CO)N1C[C@H](C)[C@@H](CN(C)Cc2cccc(F)c2)Oc2ncc(-c3ccccc3F)cc2C1=O,10.0564,0.24251474281818014,0.24744427430986693,0.006530189168511133,0.2409140851413558,0.04108969240595375
frozen_GE_teacher,C[C@H](CO)N1C[C@H](C)[C@@H](CN(C)Cc2ccccc2)OCCCC[C@H](C)Oc2ccc(NC(=O)CCC(F)(F)F)cc2C1=O,9.95872,-0.03154154089114263,-0.03155200703764987,0.026552671442764623,-0.05810467848041449,0.2499337614342726
frozen_GE_teacher,C[C@H](CO)N1C[C@H](C)[C@@H](CN(C)Cc2ccccc2)OCCCC[C@H](C)Oc2ccc(NC(=O)CCCN(C)C)cc2C1=O,10.0326,0.2279296710963783,0.23200459524066655,-0.02878271753750954,0.2607873127781761,0.01655668099359032
frozen_GE_teacher,C[C@H](CO)N1C[C@H](C)[C@@H](CN(C)Cc2ccccc2C(F)(F)F)OCc2cnnn2CCCC1=O,10.2485,0.22448711890057466,0.22837638216204492,0.1214454448629384,0.10693093729910652,-0.12938472355366434
frozen_GE_teacher,C[C@H](CO)N1C[C@H](C)[C@@H](CN(C)Cc2cccnc2)OCc2ccccc2-c2ccccc2C1=O,9.77323,-0.39429674249844204,-0.4168776239246893,-0.01983662448718574,-0.39704099943750354,0.2394248937109164
frozen_GE_teacher,C[C@H](CO)N1C[C@H](C)[C@@H](CN(C)Cc2ccncc2)OCCCC[C@H](C)Oc2ccc(NC(=O)CCC(F)(F)F)cc2C1=O,10.01,-0.03712176164435296,-0.037138827330928714,0.06285631676041069,-0.0999951440913394,0.053776801137803934
frozen_GE_teacher,C[C@H](CO)N1C[C@H](C)[C@@H](CN(C)Cc2ccncc2)OCCCC[C@H](C)Oc2ccc(NC(=O)NC3CCCCC3)cc2C1=O,10.0129,0.2815125212825277,0.2893240190836791,0.001428615006145783,0.28789540407753333,0.24396057986326752
frozen_GE_teacher,C[C@H](CO)N1C[C@H](C)[C@@H](CN(C)Cc2ccncc2)OCCCC[C@H](C)Oc2ccc(NS(C)(=O)=O)cc2C1=O,10.0131,-0.08544464938176807,-0.08565350278467705,-0.06557284201967517,-0.02008066076500188,0.18287310155906053
frozen_GE_teacher,C[C@H](CO)N1C[C@H](C)[C@@H](CN(C)S(=O)(=O)CC(F)(F)F)OCc2ccccc2-c2c(n(C)c3ccccc23)C1=O,10.031,0.18357338439754273,0.18567820084955391,-0.006948251209673847,0.19262645205922777,0.04853161874766096
frozen_GE_teacher,C[C@H](CO)N1C[C@H](C)[C@@H](CN(C)S(=O)(=O)c2ccc(C#N)cc2)OCc2ccccc2-c2c(n(C)c3ccccc23)C1=O,9.86742,0.3728303611708659,0.3917063921705986,-0.06905790842466508,0.4607643005952637,0.3900789929824797
frozen_GE_teacher,C[C@H](CO)N1C[C@H](C)[C@@H](CN(C)S(=O)(=O)c2ccc(Cl)cc2)OCc2cnnn2CCCC1=O,10.0733,-0.04867979088758179,-0.04871829817784264,-0.03533923695694302,-0.013379061220899616,-0.03231738695995853
frozen_GE_teacher,C[C@H](CO)N1C[C@H](C)[C@@H](CN(C)S(=O)(=O)c2ccc(F)cc2)OCc2cnnn2CCCC1=O,10.015,0.5249761883861985,0.5831845711275848,0.06134649567706935,0.5218380754505154,-0.3260133507919252
frozen_GE_teacher,C[C@H](CO)N1C[C@H](C)[C@@H](CN(C)S(=O)(=O)c2ccc(F)cc2)Oc2ccc(NC(=O)CCCN(C)C)cc2CC1=O,9.95683,0.2998426629958711,0.30934671536228436,-0.05367435885700693,0.3630210742192913,0.1471663489780406
frozen_GE_teacher,C[C@H](CO)N1C[C@H](C)[C@@H](CN(C)S(=O)(=O)c2ccc3ccccc3c2)OCc2cn(nn2)CCCC1=O,10.0,-0.09532577288326241,-0.09561609931372811,-0.03377983457466496,-0.061836264739063146,0.2119919792407765
frozen_GE_teacher,C[C@H](CO)N1C[C@H](C)[C@@H](CN(C)S(=O)(=O)c2cccc(C#N)c2)OCc2ccccc2-c2c(n(C)c3ccccc23)C1=O,10.0092,0.45261342489673223,0.4879821518199602,-0.031193933453900338,0.5191760852738605,-0.09057105791626044
frozen_GE_teacher,C[C@H](CO)N1C[C@H](C)[C@@H](CN(C)S(=O)(=O)c2ccccc2)OCc2cnnn2CCCC1=O,10.0435,0.3626629491429763,0.3799487386133922,-0.053238091663016185,0.43318683027640836,0.5724461785958893
frozen_GE_teacher,C[C@H](CO)N1C[C@H](C)[C@@H](CN(C)S(=O)(=O)c2ccccc2)Oc2ccc(NC(=O)C3CC3)cc2CC1=O,9.95792,0.21838852376728468,0.22196329940743742,0.03372938981309151,0.1882339095943459,0.17179488294207404
frozen_GE_teacher,C[C@H](CO)N1C[C@H](C)[C@@H](CN(C)S(=O)(=O)c2ccsc2)OCc2ccccc2-c2ccccc2C1=O,10.0762,-0.016762838708751726,-0.01676440905229354,-0.012794453759156523,-0.003969955293137015,-0.055630201587785325
frozen_GE_teacher,C[C@H](CO)N1C[C@H](C)[C@@H](CN(C)S(=O)(=O)c2cn(C)cn2)Oc2ccc(N(C)C)cc2CC1=O,10.0245,-0.30140660077240244,-0.31106603767347574,-0.05237795420022085,-0.2586880834732549,0.3320195090066452
frozen_GE_teacher,C[C@H](CO)N1C[C@H](C)[C@@H](CN(C)S(C)(=O)=O)OCCCC[C@H](C)Oc2ccc(N(C)C)cc2C1=O,10.0221,0.17348341565463263,0.17525595000000704,0.10098905993823731,0.07426689006176973,0.051094511533555764
frozen_GE_teacher,C[C@H](CO)N1C[C@H](C)[C@@H](CN(C)S(C)(=O)=O)Oc2cc(-c3ccc(F)cc3)ccc2S1(=O)=O,10.0321,0.23387244265176987,0.23828207514513125,-0.080542881374285,0.3188249565194162,0.11081924160376808
frozen_GE_teacher,C[C@H](CO)N1C[C@H](C)[C@H](CN(C)C(=O)C2CC2)OCc2ccccc2-c2ccccc2C1=O,10.0757,-0.14851072242847457,-0.1496172252451214,0.05344745571665952,-0.2030646809617809,-0.3234816906225394
frozen_GE_teacher,C[C@H](CO)N1C[C@H](C)[C@H](CN(C)C(=O)C2CC2)OCc2cn(nn2)CCCC1=O,10.121,-0.07481644945614134,-0.07495651522184099,-0.030397697038689338,-0.044558818183151654,-0.11982107724374286
frozen_GE_teacher,C[C@H](CO)N1C[C@H](C)[C@H](CN(C)C(=O)C2CCC2)Oc2cc(-c3ccc(C(=O)N(C)C)cc3)ccc2S1(=O)=O,10.0786,0.24198793275056157,0.2468846205472983,0.02855726636319427,0.218327354184104,0.3149825318388018
frozen_GE_teacher,C[C@H](CO)N1C[C@H](C)[C@H](CN(C)C(=O)C2CCCCC2)Oc2cc(C#CCN(C)C)ccc2S1(=O)=O,10.0901,0.014118093221362583,0.014119031342288365,0.02580136802746976,-0.011682336685181396,-0.07197488185474568
frozen_GE_teacher,C[C@H](CO)N1C[C@H](C)[C@H](CN(C)C(=O)C2CCCCC2)Oc2ncc(Br)cc2C1=O,10.0116,-0.06406680562659378,-0.06415467738794896,0.1631722433235157,-0.22732692071146465,-0.23574882642089734
frozen_GE_teacher,C[C@H](CO)N1C[C@H](C)[C@H](CN(C)C(=O)C2CCOCC2)Oc2ncc(C3=CCCC3)cc2C1=O,10.0807,0.21026176980023364,0.21344520874859893,0.04314732125180894,0.17029788749678998,0.08818949638490582
frozen_GE_teacher,C[C@H](CO)N1C[C@H](C)[C@H](CN(C)C(=O)CCC(F)(F)F)OCc2ccccc2-c2c(n(C)c3ccccc23)C1=O,9.89643,0.2551669780040145,0.26093191560428786,0.027640572832055038,0.23329134277223282,-0.1444090479320414
frozen_GE_teacher,C[C@H](CO)N1C[C@H](C)[C@H](CN(C)C(=O)CCC(F)(F)F)OCc2cn(nn2)CCCC1=O,10.2147,0.28756889835436583,0.29591396818433097,0.04109520677395548,0.2548187614103755,-0.14950752352444646
frozen_GE_teacher,C[C@H](CO)N1C[C@H](C)[C@H](CN(C)C(=O)CN(C)C)Oc2ncc(C#CCC3CCCC3)cc2C1=O,10.0487,0.25948603141842314,0.2655572539542572,0.06089084491941466,0.20466640903484257,-0.1733306543909511
frozen_GE_teacher,C[C@H](CO)N1C[C@H](C)[C@H](CN(C)C(=O)CN2CCOCC2)Oc2cc(/C=C/c3ccccc3)ccc2S1(=O)=O,10.0384,-0.1930375972176925,-0.19549042906878206,-0.024048316102749347,-0.1714421129660327,0.24174809072283107
frozen_GE_teacher,C[C@H](CO)N1C[C@H](C)[C@H](CN(C)C(=O)Cc2ccccc2)OCc2ccccc2-c2c(n(C)c3ccccc23)C1=O,10.1263,0.2749364555543725,0.28219615952229127,0.08173275932887873,0.20046340019341252,0.059297956648194275
frozen_GE_teacher,C[C@H](CO)N1C[C@H](C)[C@H](CN(C)C(=O)NC2CCCCC2)Oc2cc(C#Cc3cccc(F)c3)ccc2S1(=O)=O,10.0134,0.2200313732537548,0.22368907821195783,0.010791337137606927,0.2128977410743509,0.3735962318569706
frozen_GE_teacher,C[C@H](CO)N1C[C@H](C)[C@H](CN(C)C(=O)NC2CCCCC2)Oc2ccc(NC(=O)Cc3cn(C)c4ccccc34)cc2C1=O,10.0413,0.02389678517759635,0.023901335540381208,0.02240647430220405,0.0014948612381771587,-0.00030530626618720247
frozen_GE_teacher,C[C@H](CO)N1C[C@H](C)[C@H](CN(C)C(=O)NC2CCCCC2)Oc2ncc(-c3cc4ccccc4o3)cc2C1=O,9.97957,0.3552504866858011,0.3714398436674375,0.2665762458032165,0.104863597864221,0.02142613735705201
frozen_GE_teacher,C[C@H](CO)N1C[C@H](C)[C@H](CN(C)C(=O)N[C@H](C)c2ccccc2)OCc2ccccc2-c2ccccc2C1=O,9.86838,0.04895280446898246,0.0489919639148722,-0.038507545547498016,0.08749950946237021,-0.00817063435436522
frozen_GE_teacher,C[C@H](CO)N1C[C@H](C)[C@H](CN(C)C(=O)Nc2ccc(F)cc2)OCc2ccccc2-c2ccccc2C1=O,10.2032,0.039882906441615504,0.039904073178105376,0.08807228624210636,-0.048168213064000986,0.10568953601557882
frozen_GE_teacher,C[C@H](CO)N1C[C@H](C)[C@H](CN(C)C(=O)Nc2ccc3c(c2)OCO3)OCc2ccccc2-c2c(n(C)c3ccccc23)C1=O,10.0413,0.07871733183990974,0.0788805275141643,0.0612046900337123,0.017675837480451997,-0.09147806491152602
frozen_GE_teacher,C[C@H](CO)N1C[C@H](C)[C@H](CN(C)C(=O)Nc2ccc3c(c2)OCO3)OCc2ccccc2-c2ccccc2C1=O,10.0868,0.12906058423556563,0.12978440361721444,-0.01615040353966418,0.14593480715687862,0.13698699164918268
frozen_GE_teacher,C[C@H](CO)N1C[C@H](C)[C@H](CN(C)C(=O)Nc2ccc3c(c2)OCO3)OCc2cnnn2CCCC1=O,10.0495,0.005444741063782032,0.005444794868227854,0.013626890502570481,-0.008182095634342627,0.040628064323393755
frozen_GE_teacher,C[C@H](CO)N1C[C@H](C)[C@H](CN(C)C(=O)Nc2cccc(F)c2)OCc2cn(nn2)CCCC1=O,9.81445,0.2731849055958347,0.28030236762032823,0.16886528000777726,0.11143708761255097,-0.010994278144801028
frozen_GE_teacher,C[C@H](CO)N1C[C@H](C)[C@H](CN(C)C(=O)Nc2cccc(Oc3ccccn3)c2)OCc2cn(nn2)CCCC1=O,10.2425,-0.10596534185260408,-0.10636465159303096,-0.06713788710115826,-0.03922676449187271,-0.027506914407455882
frozen_GE_teacher,C[C@H](CO)N1C[C@H](C)[C@H](CN(C)C(=O)Nc2cccc3ccccc23)Oc2ncccc2C1=O,10.0023,0.03191476435035378,0.03192560659479927,0.005895255836931235,0.026030350757868033,-0.009662488135211473
frozen_GE_teacher,C[C@H](CO)N1C[C@H](C)[C@H](CN(C)C(=O)Nc2ccnc(N3CCOCC3)c2)OCc2cn(nn2)CCCC1=O,10.0749,0.17107241200439105,0.172771198366505,0.07030312725622774,0.10246807111027727,0.15403460454049994
frozen_GE_teacher,C[C@H](CO)N1C[C@H](C)[C@H](CN(C)C(=O)OCc2ccccc2)OCc2cnnn2CCCC1=O,10.0219,-0.0807460492074004,-0.08092222496138594,-0.07914997302352031,-0.0017722519378656348,0.19360683157634168
frozen_GE_teacher,C[C@H](CO)N1C[C@H](C)[C@H](CN(C)C(=O)[C@@H](Cc2ccccc2)N(C)C)OCc2ccccc2-c2c(n(C)c3ccccc23)C1=O,10.4192,0.23183782958054358,0.23613081666913138,-0.04269751248243147,0.27882832915156286,0.01246358195171799
frozen_GE_teacher,C[C@H](CO)N1C[C@H](C)[C@H](CN(C)C(=O)[C@H]2CCCN2C)OCc2ccccc2-c2ccccc2C1=O,9.84477,0.10261815018237075,0.10298064961902686,-0.04227089773323103,0.1452515473522579,0.007649667529891727
frozen_GE_teacher,C[C@H](CO)N1C[C@H](C)[C@H](CN(C)C(=O)c2ccc(F)cc2)Oc2cc(C3=CCCC3)ccc2S1(=O)=O,10.0224,0.06995307438904534,0.07006751413127213,0.013411476459620821,0.05665603767165131,0.097983316216837
frozen_GE_teacher,C[C@H](CO)N1C[C@H](C)[C@H](CN(C)C(=O)c2ccc3c(c2)OCO3)Oc2cc(C#Cc3ccccc3F)ccc2S1(=O)=O,10.001,0.17150870315509234,0.1732206774459544,-0.014463492724148843,0.18768417017010325,0.1586549248523098
frozen_GE_teacher,C[C@H](CO)N1C[C@H](C)[C@H](CN(C)C(=O)c2ccc3c(c2)OCO3)Oc2ncc(C3=CCCC3)cc2C1=O,10.0142,0.03584489354987159,0.035860257242580386,-0.05489114523526648,0.09075140247784687,0.1163807512965778
frozen_GE_teacher,C[C@H](CO)N1C[C@H](C)[C@H](CN(C)C(=O)c2cccc(F)c2)Oc2cc(C#CC3CC3)ccc2S1(=O)=O,9.94509,0.0876755846766092,0.0879012808630455,0.018588752359229563,0.06931252850381593,0.18722238822407417
frozen_GE_teacher,C[C@H](CO)N1C[C@H](C)[C@H](CN(C)C(=O)c2ccccc2)OCCCC[C@H](C)Oc2ccc(NS(C)(=O)=O)cc2C1=O,10.0419,0.061723806581308556,0.06180237195368086,0.06119328145688828,0.0006090904967925789,-0.19106180808077938
frozen_GE_teacher,C[C@H](CO)N1C[C@H](C)[C@H](CN(C)C(=O)c2ccccc2)OCc2ccccc2-c2ccccc2C1=O,9.87273,-0.11288458146428246,-0.11336777464985251,0.03917377711099416,-0.15254155176084666,0.0313548407709344
frozen_GE_teacher,C[C@H](CO)N1C[C@H](C)[C@H](CN(C)C(=O)c2ccncc2)Oc2cc(-c3cccc(C#N)c3)ccc2S1(=O)=O,10.0243,-0.23441113424473192,-0.23885201205105172,0.05467718256349237,-0.2935291946145441,-0.1602828727688158
frozen_GE_teacher,C[C@H](CO)N1C[C@H](C)[C@H](CN(C)C)OCCCC[C@H](C)Oc2ccc(NC(=O)CCC(F)(F)F)cc2C1=O,10.0044,-0.16397374901084996,-0.16546753117223112,0.025241625104591263,-0.1907091562768224,0.3731385930291978
frozen_GE_teacher,C[C@H](CO)N1C[C@H](C)[C@H](CN(C)C)OCCCC[C@H](C)Oc2ccc(NC(=O)Cc3ccccc3)cc2C1=O,10.0527,0.27461470353236067,0.2818481307613468,-0.04225638467351904,0.32410451543486585,0.44613510828046726
frozen_GE_teacher,C[C@H](CO)N1C[C@H](C)[C@H](CN(C)C)Oc2ccc(N(C)C)cc2C1=O,10.073,0.2358854657467434,0.24041263829795056,0.022238477876714326,0.21817416042123625,0.009939371518592019
frozen_GE_teacher,C[C@H](CO)N1C[C@H](C)[C@H](CN(C)CC2CC2)Oc2c(NC(=O)c3ccncc3)cccc2C1=O,10.1131,-0.27575133296847426,-0.2830778843138863,0.061296083301181095,-0.3443739676150674,-0.02636062724849305
frozen_GE_teacher,C[C@H](CO)N1C[C@H](C)[C@H](CN(C)CC2CC2)Oc2cc(C#Cc3cccc(F)c3)ccc2S1(=O)=O,10.070014,0.32294267453262965,0.33492894410705404,0.015496917972166664,0.31943202613488736,0.3400470458190752
frozen_GE_teacher,C[C@H](CO)N1C[C@H](C)[C@H](CN(C)CC2CCCC2)Oc2ncc(C#Cc3ccccn3)cc2C1=O,10.0347,-0.27344668670959127,-0.28058528294203755,0.04124554106488408,-0.32183082400692165,0.1267354177084748
frozen_GE_teacher,C[C@H](CO)N1C[C@H](C)[C@H](CN(C)CC2CCCCC2)Oc2c(NC(=O)C3CCOCC3)cccc2C1=O,10.0303,-0.11181251000785117,-0.11228199820125788,0.03308833233739847,-0.14537033053865633,-0.0005112286512422501
frozen_GE_teacher,C[C@H](CO)N1C[C@H](C)[C@H](CN(C)CC2CCCCC2)Oc2ccc(NC(=O)C3CC3)cc2C1=O,10.1431,0.38311311002818105,0.40370321489382655,0.06486114734662632,0.33884206754720025,-0.03861075729394012
frozen_GE_teacher,C[C@H](CO)N1C[C@H](C)[C@H](CN(C)Cc2ccc(C(=O)O)cc2)Oc2c(NC(=O)C3CC3)cccc2C1=O,10.1494,0.08210202507016715,0.0822872509892201,-0.008006321800451579,0.09029357278967168,0.04508647522129143
frozen_GE_teacher,C[C@H](CO)N1C[C@H](C)[C@H](CN(C)Cc2ccc(C(F)(F)F)cc2)OCc2cn(nn2)CCCC1=O,9.78084,-0.2362616223752157,-0.24081099567495157,0.10746392352100499,-0.34827491919595654,-0.19915074363703228
frozen_GE_teacher,C[C@H](CO)N1C[C@H](C)[C@H](CN(C)Cc2ccc(C(F)(F)F)cc2)OCc2cnnn2CCCC1=O,9.90465,0.16215326271912567,0.1635973158296694,0.06895090413051472,0.09464641169915469,0.05495231086020409
frozen_GE_teacher,C[C@H](CO)N1C[C@H](C)[C@H](CN(C)Cc2ccc(F)cc2)Oc2ncc(/C=C/c3ccccc3)cc2C1=O,10.0228,0.17788180809351584,0.1797944279977731,0.005793842742300829,0.17400058525547227,0.16065764056649348
frozen_GE_teacher,C[C@H](CO)N1C[C@H](C)[C@H](CN(C)Cc2ccc(Oc3ccccc3)cc2)OCc2cnnn2CCCC1=O,9.8894,-0.08106051647603656,-0.08123876408928658,0.01504357646606618,-0.09628234055535276,-0.07469093388977847
frozen_GE_teacher,C[C@H](CO)N1C[C@H](C)[C@H](CN(C)Cc2ccc3c(c2)OCCO3)OCc2cnnn2CCCC1=O,9.79128,0.29595843632636004,0.3050842059688355,0.0464737456252472,0.2586104603435883,-0.06628405847234199
frozen_GE_teacher,C[C@H](CO)N1C[C@H](C)[C@H](CN(C)Cc2ccc3c(c2)OCO3)OCc2cn(nn2)CCCC1=O,9.73636,0.116859082993443,0.11739542882767703,0.2212870057725646,-0.10389157694488757,-0.16491618197492572
frozen_GE_teacher,C[C@H](CO)N1C[C@H](C)[C@H](CN(C)Cc2ccc3c(c2)OCO3)Oc2cc(-c3cccc(C(=O)N(C)C)c3)ccc2S1(=O)=O,10.0116,0.27707771616414073,0.2845139937131854,-0.03418530400347288,0.3186992977166583,0.09176675034302391
frozen_GE_teacher,C[C@H](CO)N1C[C@H](C)[C@H](CN(C)Cc2ccc3c(c2)OCO3)Oc2ncc(-c3ccc(F)cc3)cc2C1=O,10.1717,0.026564286743797183,0.0265705378540173,0.05264114581838539,-0.026070607964368088,-0.07320769857701498
frozen_GE_teacher,C[C@H](CO)N1C[C@H](C)[C@H](CN(C)Cc2cccc(C(=O)O)c2)Oc2cc(C3=CCCCC3)ccc2S1(=O)=O,10.0294,0.0920461598364862,0.09230744291962976,0.025532207477433767,0.06677523544219599,-0.04526494830069261
frozen_GE_teacher,C[C@H](CO)N1C[C@H](C)[C@H](CN(C)Cc2cccc(C(F)(F)F)c2)Oc2ncccc2C1=O,10.0137,-0.01991244397002534,-0.019915076393667984,-0.02388298060094813,0.003967904207280146,0.05222440235793746
frozen_GE_teacher,C[C@H](CO)N1C[C@H](C)[C@H](CN(C)Cc2cccc(O)c2)OCc2cnnn2CCCC1=O,10.5087,0.2388065170545826,0.24350806751684984,0.03695396671729277,0.20655410079955705,0.3228207951971428
frozen_GE_teacher,C[C@H](CO)N1C[C@H](C)[C@H](CN(C)Cc2cccc3c2OCCCO3)OCc2ccccc2-c2ccccc2C1=O,9.84538,-0.21664620453414968,-0.22013444978783359,-0.05024383777744586,-0.16989061201038774,0.24832833707085916
frozen_GE_teacher,C[C@H](CO)N1C[C@H](C)[C@H](CN(C)Cc2ccccc2)OCCCC[C@H](C)Oc2ccc(N(C)C)cc2C1=O,10.0144,0.1755569990834029,0.1773946740575882,0.026428245190667655,0.15096642886692052,0.15298308839544583
frozen_GE_teacher,C[C@H](CO)N1C[C@H](C)[C@H](CN(C)Cc2ccccc2)OCCCC[C@H](C)Oc2ccc(NC(=O)CCC(F)(F)F)cc2C1=O,9.99828,0.15234372768393517,0.15353897855338444,-0.05299145610736408,0.20653043466074852,-0.03858611878062934
frozen_GE_teacher,C[C@H](CO)N1C[C@H](C)[C@H](CN(C)Cc2ccccc2)Oc2cc(/C=C/c3ccccc3)ccc2S1(=O)=O,10.1709,0.1030987327378848,0.10346637104851664,-0.1281395814268551,0.23160595247537175,0.11796203451833918
frozen_GE_teacher,C[C@H](CO)N1C[C@H](C)[C@H](CN(C)Cc2ccccc2C(=O)O)Oc2cc(-c3ccc(F)cc3)ccc2S1(=O)=O,10.0896,0.34148934136875403,0.3557775086225951,-0.002239371899406952,0.35801688052200203,-0.03766475291142139
frozen_GE_teacher,C[C@H](CO)N1C[C@H](C)[C@H](CN(C)Cc2ccccc2F)Oc2ncc(C3=CCCC3)cc2C1=O,10.0515,0.005847035398850308,0.005847102032687497,0.03079909436235737,-0.024951992329669874,-0.09247475568870578
frozen_GE_teacher,C[C@H](CO)N1C[C@H](C)[C@H](CN(C)Cc2ccccn2)Oc2ncc(-c3cccc(F)c3)cc2C1=O,9.9949,0.11781503823725906,0.11836472946686163,0.02051271795180555,0.09785201151505608,0.06309495866804961
frozen_GE_teacher,C[C@H](CO)N1C[C@H](C)[C@H](CN(C)Cc2cccnc2)OCc2cn(nn2)CCCC1=O,9.80361,-0.3405328515442368,-0.35469515309823113,0.016129573618915788,-0.37082472671714695,0.14650900106328363
frozen_GE_teacher,C[C@H](CO)N1C[C@H](C)[C@H](CN(C)Cc2cccnc2)OCc2cnnn2CCCC1=O,10.1155,0.23102181876178224,0.23526862712352947,0.09894324239942576,0.13632538472410372,0.021896515382960016
frozen_GE_teacher,C[C@H](CO)N1C[C@H](C)[C@H](CN(C)Cc2cccnc2)Oc2ncc(C#CC3CCCCC3)cc2C1=O,10.0191,0.12266814914848645,0.12328904658845587,-0.012946292152699877,0.13623533874115573,0.18911624037579655
frozen_GE_teacher,C[C@H](CO)N1C[C@H](C)[C@H](CN(C)Cc2ccncc2)OCCCC[C@H](C)Oc2ccc(NS(C)(=O)=O)cc2C1=O,10.0519,0.2356407142450633,0.24015348177786022,-0.03446017829625597,0.2746136600741162,0.23094987113753404
frozen_GE_teacher,C[C@H](CO)N1C[C@H](C)[C@H](CN(C)S(=O)(=O)CC(F)(F)F)OCc2ccccc2-c2ccccc2C1=O,10.0147,-0.08776723008464811,-0.08799363695546716,0.1058014888662221,-0.19379512582168926,-0.019335571316994996
frozen_GE_teacher,C[C@H](CO)N1C[C@H](C)[C@H](CN(C)S(=O)(=O)c2ccc(C#N)cc2)OCc2ccccc2-c2ccccc2C1=O,10.1655,0.20590761908516933,0.20889398501225,0.046801429069435026,0.162092555942815,-0.02268406391658788
frozen_GE_teacher,C[C@H](CO)N1C[C@H](C)[C@H](CN(C)S(=O)(=O)c2ccc(F)cc2)OCc2ccccc2-c2ccccc2C1=O,9.90266,-0.15114386572064126,-0.15231083702106737,-0.00038700318525792306,-0.15192383383580946,-0.22571201919446243
frozen_GE_teacher,C[C@H](CO)N1C[C@H](C)[C@H](CN(C)S(=O)(=O)c2ccc(F)cc2)OCc2cn(nn2)CCCC1=O,10.0667,-0.2814013646664015,-0.2892032992850831,-0.020817955053286315,-0.2683853442317968,0.10066464596788124
frozen_GE_teacher,C[C@H](CO)N1C[C@H](C)[C@H](CN(C)S(=O)(=O)c2ccc(F)cc2)OCc2cnnn2CCCC1=O,10.0444,0.22619292883740041,0.23017344406420853,-0.060003272792638035,0.29017671685684654,-0.02603540771508922
frozen_GE_teacher,C[C@H](CO)N1C[C@H](C)[C@H](CN(C)S(=O)(=O)c2ccc(F)cc2)Oc2ccc(NC(=O)CCN3CCOCC3)cc2C1=O,9.98044,0.15160763407615832,0.1527854816869311,0.07872564381038778,0.07405983787654331,-0.2342008208416575
frozen_GE_teacher,C[C@H](CO)N1C[C@H](C)[C@H](CN(C)S(=O)(=O)c2ccc(Oc3ccccc3)cc2)OCc2cnnn2CCCC1=O,10.0207,0.4217333852297893,0.44979853321495555,-0.0053928979895296325,0.4551914312044852,0.5477395118377242
frozen_GE_teacher,C[C@H](CO)N1C[C@H](C)[C@H](CN(C)S(=O)(=O)c2ccc3ccccc3c2)OCc2cn(nn2)CCCC1=O,10.3357,0.3757272075135852,0.39507515409991645,-0.02446193601692533,0.41953709011684176,0.2633266293093154
frozen_GE_teacher,C[C@H](CO)N1C[C@H](C)[C@H](CN(C)S(=O)(=O)c2cccc(F)c2)OCc2cn(nn2)CCCC1=O,9.92906,0.38804701876899367,0.40949878208990453,-0.08529430265737814,0.4947930847472827,-0.027462985006728877
frozen_GE_teacher,C[C@H](CO)N1C[C@H](C)[C@H](CN(C)S(=O)(=O)c2cccc(F)c2)Oc2ncc(-c3cc4ccccc4o3)cc2C1=O,9.89733,-0.1240923721883641,-0.12473528553318736,0.05451427589268805,-0.1792495614258754,-0.056381826868319336
frozen_GE_teacher,C[C@H](CO)N1C[C@H](C)[C@H](CN(C)S(=O)(=O)c2ccccc2F)OCc2ccccc2-c2c(n(C)c3ccccc23)C1=O,9.79256,0.09427288263984586,0.09455366092774338,0.04390513705130879,0.05064852387643459,-0.05787577305021954
frozen_GE_teacher,C[C@H](CO)N1C[C@H](C)[C@H](CN(C)S(=O)(=O)c2ccccc2F)OCc2ccccc2-c2ccccc2C1=O,10.0185,-0.20272866821961144,-0.20557654117469737,-0.023036106428752923,-0.18254043474594445,0.07212618065899351
frozen_GE_teacher,C[C@H](CO)N1C[C@H](C)[C@H](CN(C)S(=O)(=O)c2ccccc2F)Oc2ncc(C#Cc3cccnc3)cc2C1=O,10.051,-0.276656559622093,-0.2840578730443446,0.0036766575773787497,-0.28773453062172333,0.03656771283839259
frozen_GE_teacher,C[C@H](CO)N1C[C@H](C)[C@H](CN(C)S(=O)(=O)c2ccsc2)OCc2ccccc2-c2c(n(C)c3ccccc23)C1=O,10.2675,0.12818932880381187,0.12889849125538494,0.1412741899717473,-0.012375698716362349,-0.291451438490162
frozen_GE_teacher,C[C@H](CO)N1C[C@H](C)[C@H](CN(C)S(=O)(=O)c2cn(C)cn2)OCc2ccccc2-c2c(n(C)c3ccccc23)C1=O,10.3119,-0.2266146699345854,-0.23061797103533813,0.19488371461675796,-0.4255016856520961,-0.39025349614787297
frozen_GE_teacher,C[C@H](CO)N1C[C@H](C)[C@H](CN(C)S(=O)(=O)c2cn(C)cn2)Oc2cc(C3=CCCCC3)ccc2S1(=O)=O,10.0678,0.16685931424067185,0.1684342766478436,0.03226642809138039,0.13616784855646322,-0.19456248256020678
frozen_GE_teacher,C[C@H](CO)N1C[C@H](C)[C@H](CN(C)S(C)(=O)=O)OCCCC[C@H](C)Oc2ccc(NC(=O)CCCN(C)C)cc2C1=O,9.91048,0.5175852722241883,0.5730357693811275,0.05644636958776256,0.516589399793365,0.4399863749469492
frozen_GE_teacher,C[C@H](CO)N1C[C@H](C)[C@H](CN(C)S(C)(=O)=O)Oc2cc(C#CC3CC3)ccc2S1(=O)=O,10.0302,-0.2943152106285652,-0.3032841877874896,0.03579811845873729,-0.3390823062462269,-0.19702373012637103
frozen_GE_teacher,C[C@H](NC(=O)C[C@@H]1C=C[C@@H](NC(=O)C2CCC2)[C@@H](CO)O1)c1ccccc1,10.0408,0.4019221972047797,0.42593936070521804,0.05488692698946647,0.3710524337157516,-0.21606576697352464
frozen_GE_teacher,C[C@H](NC(=O)C[C@@H]1C=C[C@@H](NC(=O)CN2CCOCC2)[C@H](CO)O1)c1ccccc1,10.0407,-0.04905084756761076,-0.04909024299924892,0.06605073053720553,-0.11514097353645444,-0.1094676174437403
frozen_GE_teacher,C[C@H](NC(=O)C[C@@H]1C=C[C@@H](NS(=O)(=O)c2cccc(F)c2)[C@@H](CO)O1)c1ccccc1,10.0402,0.5765276005495376,0.6572458234191331,0.02734007562871363,0.6299057477904194,-0.28753806900826695
frozen_GE_teacher,C[C@H](NC(=O)C[C@@H]1C=C[C@H](NC(=O)Nc2ccc3c(c2)OCO3)[C@@H](CO)O1)c1ccccc1,10.0377,0.21047297950471425,0.21366619821754995,-0.0615213081627385,0.27518750638028844,0.12522450832002735
frozen_GE_teacher,C[C@H](NC(=O)C[C@@H]1CC[C@@H](NC(=O)C2CCC2)[C@@H](CO)O1)c1ccccc1,10.1187,-0.09916887511912639,-0.09949589792568546,0.012516461648044472,-0.11201235957372993,0.014845145564766314
frozen_GE_teacher,C[C@H](NC(=O)C[C@@H]1CC[C@@H](NC(=O)Cc2ccccn2)[C@H](CO)O1)c1ccccc1,10.0067,0.1779295740349295,0.17984375516550924,-0.012906608658977102,0.19275036382448635,0.12585603285709077
frozen_GE_teacher,C[C@H](NC(=O)C[C@@H]1CC[C@H](NC(=O)Cc2ccccn2)[C@H](CO)O1)c1ccccc1,10.092,0.09644108441072256,0.09674175987100075,-0.040318077876715805,0.13705983774771657,0.17347031826168202
frozen_GE_teacher,C[C@H](NC(=O)C[C@@H]1CC[C@H](NS(=O)(=O)c2cccc(F)c2)[C@@H](CO)O1)c1ccccc1,10.0041,0.19094693518803535,0.19331975276238,0.10605195921704999,0.08726779354533001,0.11905196686425731
frozen_GE_teacher,C[C@H](NC(=O)C[C@@H]1CC[C@H](NS(=O)(=O)c2cccc(F)c2)[C@H](CO)O1)c1ccccc1,10.0791,0.04217979422423994,0.04220483547738202,0.07562709903208922,-0.033422263554707204,-0.00851068666766247
frozen_GE_teacher,C[C@H](NC(=O)C[C@@H]1CC[C@H]2[C@@H](COC[C@H](O)CN2C(=O)Nc2cccc(Cl)c2)O1)c1ccccc1,10.0602,-0.46851819475302703,-0.5081700881145362,-0.03836943909337917,-0.46980064902115704,-0.014934238929317598
frozen_GE_teacher,C[C@H](NC(=O)C[C@@H]1CC[C@H]2[C@@H](COc3ccc(NS(=O)(=O)c4ccc(Cl)cc4)cc3C(=O)N2C)O1)c1ccccc1,10.0597,0.3234348411280616,0.3354785138089528,-0.01818200749559979,0.3536605213045526,0.09659784137869343
frozen_GE_teacher,C[C@H](NC(=O)C[C@@H]1C[C@H]2c3cc(NC(=O)CN(C)C)ccc3O[C@H]2[C@@H](CO)O1)c1ccccc1,9.88297,-0.13658802506148354,-0.1374470702568583,-0.023531484063336026,-0.11391558619352227,0.1678634921084937
frozen_GE_teacher,C[C@H](NC(=O)C[C@@H]1C[C@H]2c3cc(NC(=O)NC4CCCCC4)ccc3O[C@H]2[C@@H](CO)O1)c1ccccc1,9.97043,0.46271129556332696,0.5007557347897325,-0.07260427041314572,0.5733600052028782,0.08637077079136854
frozen_GE_teacher,C[C@H](NC(=O)C[C@@H]1C[C@H]2c3cc(NC(=O)NC4CCCCC4)ccc3O[C@H]2[C@H](CO)O1)c1ccccc1,10.0368,0.10983277956836716,0.11027765035865712,-0.006290382081417377,0.11656803244007449,-0.05769217453420875
frozen_GE_teacher,C[C@H](NC(=O)C[C@@H]1C[C@H]2c3cc(NS(=O)(=O)c4ccc(F)cc4)ccc3O[C@H]2[C@H](CO)O1)c1ccccc1,9.99168,0.44900963628340934,0.48345913615765734,-0.08917491231219785,0.5726340484698552,0.16610724385913928
frozen_GE_teacher,C[C@H](NC(=O)C[C@H]1C=C[C@@H](NC(=O)C2CCC2)[C@H](CO)O1)c1ccccc1,10.0265,0.0782646534535664,0.078425042954209,0.01173358612318072,0.06669145683102828,-0.21175728853521297
frozen_GE_teacher,C[C@H](NC(=O)C[C@H]1C=C[C@@H](NC(=O)c2cccnc2)[C@@H](CO)O1)c1ccccc1,10.0742,-0.13157117952636402,-0.13233837242554664,0.04040955754030305,-0.1727479299658497,-0.16295383812643327
frozen_GE_teacher,C[C@H](NC(=O)C[C@H]1CC[C@@H](NC(=O)Cc2ccccn2)[C@H](CO)O1)c1ccccc1,10.07,-0.017723315130230868,-0.017725171205080013,-0.020691198968732394,0.0029660277636523805,-0.1447911711128464
frozen_GE_teacher,C[C@H](NC(=O)C[C@H]1CC[C@@H]2[C@H](COC[C@H](O)CN2C(=O)Nc2cccc(Cl)c2)O1)c1ccccc1,10.0494,-0.30730490108060415,-0.3175665199482129,-0.08246203103596708,-0.2351044889122458,0.013634505463416893
frozen_GE_teacher,C[C@H](NC(=O)C[C@H]1CC[C@H](NC(=O)C2CCC2)[C@H](CO)O1)c1ccccc1,10.0764,0.21661745431465335,0.22010428390298095,-0.044871935287454506,0.26497621919043546,0.3303475834122327
frozen_GE_teacher,C[C@H](NC(=O)C[C@H]1CC[C@H](NC(=O)Cc2ccccn2)[C@H](CO)O1)c1ccccc1,9.9867,0.1995129509362033,0.20222526270989297,0.0010304615512356195,0.20119480115865734,-0.08286285957654721
frozen_GE_teacher,C[C@H](NC(=O)C[C@H]1C[C@@H]2c3cc(NC(=O)Cc4ccncc4)ccc3O[C@@H]2[C@@H](CO)O1)c1ccccc1,10.0286,0.20092397347265215,0.20369521202507845,0.00504531592030847,0.19864989610477,0.15800378816746524
frozen_GE_teacher,C[C@H](NC(=O)C[C@H]1C[C@@H]2c3cc(NC(=O)c4cccnc4)ccc3O[C@@H]2[C@@H](CO)O1)c1ccccc1,9.97888,-0.0666829600924148,-0.06678206249437549,-0.04271398992106817,-0.02406807257330732,0.12291290085607595
frozen_GE_teacher,C[C@H](NC(=O)C[C@H]1C[C@H]2c3cc(N(C)C)ccc3O[C@H]2[C@@H](CO)O1)c1ccccc1,10.0292,0.2375984323117171,0.24222731197470812,0.14313201506942627,0.09909529690528185,-0.04596770763641668
frozen_GE_teacher,C[C@H](NC(=O)C[C@H]1C[C@H]2c3cc(NC(=O)NC4CCCCC4)ccc3O[C@H]2[C@@H](CO)O1)c1ccccc1,10.1535,0.1640419830897982,0.16553765138538148,0.07001382730308901,0.09552382408229247,-0.2497382103612259
frozen_GE_teacher,C[C@H](NC(=O)C[C@H]1C[C@H]2c3cc(NC(=O)Nc4ccc(C(F)(F)F)cc4)ccc3O[C@H]2[C@H](CO)O1)c1ccccc1,10.0819,0.021400105338751595,0.021403373066275044,0.058018502113644156,-0.03661512904736911,0.21323486511334974
frozen_GE_teacher,C[C@H](NC(=O)N(C)C[C@@H]1OCc2ccccc2-c2c(n(C)c3ccccc23)C(=O)N([C@H](C)CO)C[C@H]1C)c1ccccc1,10.1195,0.41494128064913544,0.44156554714422436,0.008518016995055694,0.43304753014916864,0.02997535970463902
frozen_GE_teacher,C[C@H](NC(=O)N(C)C[C@H]1OCc2ccccc2-c2ccccc2C(=O)N([C@@H](C)CO)C[C@@H]1C)c1ccccc1,10.3713,-0.2194722343319517,-0.22310156789610924,0.06875586720253979,-0.29185743509864903,0.09062470679675469
frozen_GE_teacher,C[C@H](NC(=O)N(C)C[C@H]1OCc2ccccc2-c2ccccc2C(=O)N([C@@H](C)CO)C[C@H]1C)c1ccccc1,9.75333,0.4557071925199675,0.4918798766989787,0.0470828423098473,0.44479703438913143,-0.06005019175359714
frozen_GE_teacher,C[C@H](NC(=O)[C@H]1[C@H](CO)[C@H]2Cn3c(cccc3=O)[C@@H]1N2CCC(F)(F)F)c1ccccc1,10.0574,0.1965683487353349,0.19916045590673526,0.04611932842220891,0.15304112748452636,0.25562910669144684
frozen_GE_teacher,C[C@H](NC(=O)[C@H]1[C@H](CO)[C@H]2Cn3c(cccc3=O)[C@H]2N1S(C)(=O)=O)c1ccccc1,10.016,-0.33808677273052806,-0.3519308102178807,-0.022498496794522517,-0.32943231342335816,-0.004994448055779543
frozen_GE_teacher,C[C@H](O)C#Cc1ccc2c(c1)O[C@H](CN(C)Cc1ccc(-c3ccccc3)cc1)[C@@H](C)CN([C@@H](C)CO)S2(=O)=O,10.0685,0.011208837164438776,0.011209306618570199,0.025550336985035872,-0.014341030366465673,0.08949505130580793
frozen_GE_teacher,C[C@H](O)C#Cc1ccc2c(c1)O[C@H](CN(C)Cc1ccc(-c3ccccc3)cc1)[C@@H](C)CN([C@H](C)CO)S2(=O)=O,10.0132,0.28521010997293034,0.29334442713147935,0.0009597513803162837,0.29238467575116306,0.38948529343173577
frozen_GE_teacher,C[C@H](O)C#Cc1cnc2c(c1)C(=O)N([C@@H](C)CO)C[C@H](C)[C@@H](CN(C)Cc1ccc(-c3ccccc3)cc1)O2,10.0575,-0.12623935312689505,-0.12691643837907196,-0.01835970171194607,-0.1085567366671259,0.037078017448013464
frozen_GE_teacher,C[C@H](O)C#Cc1cnc2c(c1)C(=O)N([C@@H](C)CO)C[C@H](C)[C@H](CN(C)Cc1ccc(-c3ccccc3)cc1)O2,10.0434,0.25684451406616715,0.26272710716084763,0.032019373280677076,0.23070773388017055,0.20750369613928102
frozen_GE_teacher,C[C@H](O)C#Cc1cnc2c(c1)C(=O)N([C@H](C)CO)C[C@@H](C)[C@H](CN(C)Cc1ccc(-c3ccccc3)cc1)O2,10.0611,-0.17670541084591931,-0.17857985282129965,0.024120223543298198,-0.20270007636459786,-0.21611936880681473
frozen_GE_teacher,C[C@H](O)C#Cc1cnc2c(c1)C(=O)N([C@H](C)CO)C[C@H](C)[C@@H](CN(C)C(=O)Cc1ccncc1)O2,10.0434,-0.1977254201741302,-0.20036431787722664,0.0190964623894018,-0.21946078026662844,-0.26931353968745425
frozen_GE_teacher,C[C@H](O)C#Cc1cnc2c(c1)C(=O)N([C@H](C)CO)C[C@H](C)[C@H](CN(C)C(=O)Cc1ccncc1)O2,10.2654,0.0913136845175243,0.09156875877252244,-0.05834446474867544,0.14991322352119787,0.0689987024612389
frozen_GE_teacher,C[C@H](O)C#Cc1cnc2c(c1)C(=O)N([C@H](C)CO)C[C@H](C)[C@H](CN(C)CC1CCOCC1)O2,10.0432,-0.09509674405368122,-0.09538497530146195,0.02982549842952844,-0.1252104737309904,-0.13316990980003252
frozen_GE_teacher,C[C@H](O)C#Cc1cnc2c(c1)C(=O)N([C@H](C)CO)C[C@H](C)[C@H](CN(C)Cc1ccc(-c3ccccc3)cc1)O2,10.074,0.08071264097110047,0.08088859756771953,0.025114607301504256,0.055773990266215275,0.05564022218099093
frozen_GE_teacher,C[C@H]1CCCCO[C@@H](CN(C)C(=O)CCC(F)(F)F)[C@@H](C)CN([C@@H](C)CO)C(=O)c2cc(N(C)C)ccc2O1,10.0044,0.19018056708629058,0.19252450557756084,0.08981821980051977,0.10270628577704108,0.16465321552741805
frozen_GE_teacher,C[C@H]1CCCCO[C@@H](CN(C)C(=O)Nc2ccc(F)cc2)[C@@H](C)CN([C@@H](C)CO)C(=O)c2cc(N(C)C)ccc2O1,10.0377,0.11860887647203362,0.11916981810882445,-0.05059393433437206,0.1697637524431965,-0.044916240433152614
frozen_GE_teacher,C[C@H]1CCCCO[C@@H](CN(C)C)[C@@H](C)CN([C@@H](C)CO)C(=O)c2cc(N(C)C)ccc2O1,10.1063,-0.23379139486219014,-0.23819633955947808,0.05781806586077276,-0.2960144054202508,0.13894732165565293
frozen_GE_teacher,C[C@H]1CCCCO[C@@H](CN(C)C)[C@@H](C)CN([C@@H](C)CO)C(=O)c2cc(NC(=O)CCC(F)(F)F)ccc2O1,10.0186,-0.1015532652441603,-0.10190455001169618,0.05500288632019058,-0.15690743633188675,0.0499945391267433
frozen_GE_teacher,C[C@H]1CCCCO[C@@H](CN(C)C)[C@@H](C)CN([C@@H](C)CO)C(=O)c2cc(NC(=O)Nc3ccc4c(c3)OCO4)ccc2O1,10.1076,-0.2739427131168665,-0.2811214748502553,0.03734773124792254,-0.31846920609817786,-0.29443483820752736
frozen_GE_teacher,C[C@H]1CCCCO[C@@H](CN(C)C)[C@@H](C)CN([C@@H](C)CO)C(=O)c2cc(NC(=O)Nc3cccc4ccccc34)ccc2O1,10.1267,0.021173533562515376,0.021176698576354444,0.011324857180225618,0.009851841396128826,-0.058857490491785916
frozen_GE_teacher,C[C@H]1CCCCO[C@@H](CN(C)C)[C@@H](C)CN([C@@H](C)CO)C(=O)c2cc(NC(=O)c3ccccc3)ccc2O1,10.0046,-0.03339242748522875,-0.0334048472511695,0.058801968512862304,-0.09220681576403181,-0.10448585128857049
frozen_GE_teacher,C[C@H]1CCCCO[C@@H](CN(C)CC2CCCCC2)[C@@H](C)CN([C@@H](C)CO)C(=O)c2cc(NS(C)(=O)=O)ccc2O1,10.0521,-0.08482638387836675,-0.08503072332030523,0.02708462839358706,-0.1121153517138923,0.4499929186904214
frozen_GE_teacher,C[C@H]1CCCCO[C@@H](CN(C)Cc2ccncc2)[C@@H](C)CN([C@@H](C)CO)C(=O)c2cc(NC(=O)NC3CCCCC3)ccc2O1,10.0823,0.12268750642564275,0.12330869964109589,0.11660621734546493,0.00670248229563096,-0.20105178102075288
frozen_GE_teacher,C[C@H]1CCCCO[C@@H](CN(C)Cc2ccncc2)[C@@H](C)CN([C@@H](C)CO)C(=O)c2cc(NS(C)(=O)=O)ccc2O1,9.85088,-0.3850770674217763,-0.4060070571739684,0.010525647740060465,-0.4165327049140289,-0.09836737651178355
frozen_GE_teacher,C[C@H]1CCCCO[C@@H](CN(C)S(=O)(=O)c2ccc(Cl)cc2)[C@@H](C)CN([C@@H](C)CO)C(=O)c2cc(N(C)C)ccc2O1,10.0838,-0.05515082854470708,-0.055206846653607755,0.017536724963411146,-0.0727435716170189,0.13831492214841534
frozen_GE_teacher,C[C@H]1CCCCO[C@H](CN(C)C(=O)C2CCCCC2)[C@@H](C)CN([C@@H](C)CO)C(=O)c2cc(N(C)C)ccc2O1,9.97134,0.49294307837806606,0.5399407012058884,-0.017335370644323177,0.5572760718502117,-0.068784890659644
frozen_GE_teacher,C[C@H]1CCCCO[C@H](CN(C)C(=O)CCCN(C)C)[C@@H](C)CN([C@@H](C)CO)C(=O)c2cc(NC(=O)c3ccccc3)ccc2O1,10.0762,0.12416739270001936,0.12481148006761779,-0.002849899034188811,0.1276613791018066,-0.06504256560469375
frozen_GE_teacher,C[C@H]1CCCCO[C@H](CN(C)C)[C@@H](C)CN([C@@H](C)CO)C(=O)c2cc(NC(=O)CCC(F)(F)F)ccc2O1,10.05,-0.09638906719266929,-0.0966892545706547,0.022629232679273973,-0.11931848724992868,0.1127185039267157
frozen_GE_teacher,C[C@H]1CCCCO[C@H](CN(C)C)[C@@H](C)CN([C@@H](C)CO)C(=O)c2cc(NC(=O)Nc3cccc4ccccc34)ccc2O1,10.0693,0.02862796045507682,0.028635785081321898,-0.015063376162484186,0.04369916124380609,0.019590074857799587
frozen_GE_teacher,C[C@H]1CCCCO[C@H](CN(C)C)[C@@H](C)CN([C@@H](C)CO)C(=O)c2cc(NC(=O)Nc3ccccc3)ccc2O1,9.99047,0.09338217184070882,0.09365503895430444,0.02196872547471938,0.07168631347958505,-0.1123779606809543
frozen_GE_teacher,C[C@H]1CCCCO[C@H](CN(C)C)[C@@H](C)CN([C@@H](C)CO)C(=O)c2cc(NC(=O)c3ccccc3)ccc2O1,10.0572,0.2559475419804644,0.2617670198892576,0.09619542831105712,0.16557159157820048,0.08087033653569745
frozen_GE_teacher,C[C@H]1CCCCO[C@H](CN(C)C)[C@@H](C)CN([C@@H](C)CO)C(=O)c2cc(NC(=O)c3ccncc3)ccc2O1,10.0753,0.26092357156308643,0.267099193855201,-0.03550130967136356,0.30260050352656453,-0.24099607102313536
frozen_GE_teacher,C[C@H]1CCCCO[C@H](CN(C)C)[C@@H](C)CN([C@@H](C)CO)C(=O)c2cc(NS(=O)(=O)c3ccc(F)cc3)ccc2O1,10.0465,0.3998713844983294,0.4234958258768873,0.047355060273166105,0.37614076560372117,-0.05920270130853752
frozen_GE_teacher,C[C@H]1CCCCO[C@H](CN(C)Cc2ccccc2)[C@@H](C)CN([C@@H](C)CO)C(=O)c2cc(N(C)C)ccc2O1,10.0466,0.3108979223854566,0.3215391024996496,0.02918253652783092,0.2923565659718187,-0.060684014152199844
frozen_GE_teacher,C[C@H]1CCCCO[C@H](CN(C)Cc2ccncc2)[C@@H](C)CN([C@@H](C)CO)C(=O)c2cc(NC(=O)Cc3ccccc3)ccc2O1,10.0073,-0.008198526885813961,-0.008198710583521385,0.0059434317490885905,-0.014142142332609976,0.27749965039499275
frozen_GE_teacher,C[C@H]1CCCCO[C@H](CN(C)Cc2ccncc2)[C@@H](C)CN([C@@H](C)CO)C(=O)c2cc(NC(=O)c3ccccc3)ccc2O1,10.0129,0.4357381382068179,0.4669579701318907,0.0785663403238814,0.38839162980800934,-0.020876496750174986
frozen_GE_teacher,C[C@H]1CCCCO[C@H](CN(C)S(C)(=O)=O)[C@@H](C)CN([C@@H](C)CO)C(=O)c2cc(NC(=O)c3ccccc3)ccc2O1,10.2368,0.3770780456348945,0.3966489690478815,0.01126344531140036,0.38538552373648116,-0.3018715185601797
frozen_GE_teacher,C[C@H]1CN([C@@H](C)CO)C(=O)CCCn2cc(nn2)CO[C@@H]1CN(C)C(=O)Cc1ccccc1,10.0042,-0.25339600797765266,-0.2590385197143039,0.0497470262402304,-0.30878554595453434,-0.11996555839668854
frozen_GE_teacher,C[C@H]1CN([C@@H](C)CO)C(=O)CCCn2cc(nn2)CO[C@@H]1CN(C)C(=O)Nc1cccc(F)c1,10.0012,0.08707762209771713,0.08729871789574323,0.09832380238850201,-0.011025084492758783,-0.15003257045284962
frozen_GE_teacher,C[C@H]1CN([C@@H](C)CO)C(=O)CCCn2cc(nn2)CO[C@@H]1CN(C)C(=O)Nc1ccccc1,10.0103,0.33898913444109036,0.3529499765989952,-0.03916692983603353,0.3921169064350287,0.13193083270039427
frozen_GE_teacher,C[C@H]1CN([C@@H](C)CO)C(=O)CCCn2cc(nn2)CO[C@@H]1CN(C)C(=O)c1cc(-c2ccccc2)on1,10.0208,0.17676403292722934,0.17864036501066213,-0.021985738748951815,0.20062610375961396,0.2599753335757138
frozen_GE_teacher,C[C@H]1CN([C@@H](C)CO)C(=O)CCCn2cc(nn2)CO[C@@H]1CN(C)CC1CCCCC1,10.1488,0.034016777896301906,0.03402990775151978,-0.06651279354411596,0.10054270129563575,0.021129185586170975
frozen_GE_teacher,C[C@H]1CN([C@@H](C)CO)C(=O)CCCn2cc(nn2)CO[C@@H]1CN(C)Cc1ccc(-c2ccccc2)cc1,9.73866,0.55473153821354,0.6251903901482457,0.0008835238806381718,0.6243068662676076,0.5214825005972361
frozen_GE_teacher,C[C@H]1CN([C@@H](C)CO)C(=O)CCCn2cc(nn2)CO[C@@H]1CN(C)Cc1cccc(O)c1,10.1239,-0.18070497757553797,-0.18271136797935889,-0.03096490355506471,-0.15174646442429418,0.10535285956677887
frozen_GE_teacher,C[C@H]1CN([C@@H](C)CO)C(=O)CCCn2cc(nn2)CO[C@@H]1CN(C)S(=O)(=O)c1ccc(F)cc1,10.0327,0.3202894450956242,0.3319696075646319,-0.09873104108550164,0.4307006486501335,0.03781747402436421
frozen_GE_teacher,C[C@H]1CN([C@@H](C)CO)C(=O)CCCn2cc(nn2)CO[C@@H]1CN(C)S(=O)(=O)c1ccc(Oc2ccccc2)cc1,10.0248,0.5433188108599843,0.6088524589365014,0.11226139555402473,0.4965910633824767,0.18929583589871832
frozen_GE_teacher,C[C@H]1CN([C@@H](C)CO)C(=O)CCCn2cc(nn2)CO[C@@H]1CN(C)S(=O)(=O)c1cccc(F)c1,10.0459,-0.011596980269583482,-0.011597500203977209,0.028997655780494874,-0.04059515598447208,0.32116718957363155
frozen_GE_teacher,C[C@H]1CN([C@@H](C)CO)C(=O)CCCn2cc(nn2)CO[C@H]1CN(C)C(=O)CCC(F)(F)F,10.0686,0.05139316439901995,0.05143848376514452,-0.007308387376592203,0.05874687114173672,-0.1285791680330078
frozen_GE_teacher,C[C@H]1CN([C@@H](C)CO)C(=O)CCCn2cc(nn2)CO[C@H]1CN(C)C(=O)Nc1ccc(N2CCCCC2)cc1,10.198,0.022760278088172405,0.02276420948110806,-0.027425507606147512,0.05018971708725557,0.2599236264149801
frozen_GE_teacher,C[C@H]1CN([C@@H](C)CO)C(=O)CCCn2cc(nn2)CO[C@H]1CN(C)C(=O)Nc1ccccc1,10.2028,0.11998232920171284,0.12056309947148094,0.10351690045462453,0.017046199016856417,-0.04849030242692018
frozen_GE_teacher,C[C@H]1CN([C@@H](C)CO)C(=O)CCCn2cc(nn2)CO[C@H]1CN(C)C(=O)Nc1ccccc1C(F)(F)F,9.69457,0.188238352671322,0.19051017703080925,-0.11442098794056435,0.3049311649713736,0.7997264779763312
frozen_GE_teacher,C[C@H]1CN([C@@H](C)CO)C(=O)CCCn2cc(nn2)CO[C@H]1CN(C)C(=O)c1cc(-c2ccccc2)on1,10.2003,-0.2191450163758253,-0.22275781678915868,-0.055925817303520746,-0.16683199948563793,0.10767366483640863
frozen_GE_teacher,C[C@H]1CN([C@@H](C)CO)C(=O)CCCn2cc(nn2)CO[C@H]1CN(C)Cc1ccc(O)cc1,10.1937,0.0909438650412019,0.09119584242530804,-0.1327169697011783,0.22391281212648634,0.2722112504553883
frozen_GE_teacher,C[C@H]1CN([C@@H](C)CO)C(=O)CCCn2cc(nn2)CO[C@H]1CN(C)Cc1ccc2c(c1)OCCO2,10.0565,0.36124748717773153,0.3783198764000959,0.08582036264633984,0.29249951375375605,-0.006199355564957668
frozen_GE_teacher,C[C@H]1CN([C@@H](C)CO)C(=O)CCCn2cc(nn2)CO[C@H]1CN(C)Cc1cccc(O)c1,9.96438,0.37875532090175373,0.39860570861974115,0.029574875512860324,0.36903083310688084,0.4720654771273566
frozen_GE_teacher,C[C@H]1CN([C@@H](C)CO)C(=O)CCCn2nncc2CO[C@H]1CN(C)C(=O)Nc1ccc(N2CCN(C)CC2)cc1,10.0109,-0.160513789890239,-0.16191402914466516,0.012735285348674073,-0.17464931449333923,-0.1459495512675458
frozen_GE_teacher,C[C@H]1CN([C@@H](C)CO)C(=O)CCCn2nncc2CO[C@H]1CN(C)C(=O)Oc1cccc2ccccc12,10.0515,0.023207250098286846,0.02321141773797118,0.00533837127043555,0.01787304646753563,0.11049574518826566
frozen_GE_teacher,C[C@H]1CN([C@@H](C)CO)C(=O)CCCn2nncc2CO[C@H]1CN(C)CC1CCCCC1,10.201,-0.09710532271745492,-0.09741227763769306,0.11255364242958696,-0.20996592006728002,-0.04971038803818363
frozen_GE_teacher,C[C@H]1CN([C@@H](C)CO)C(=O)CCCn2nncc2CO[C@H]1CN(C)Cc1ccc2cccnc2c1,10.2668,-0.04596347706963026,-0.04599588627312844,0.001757996772737887,-0.04775388304586633,-0.29428889454199675
frozen_GE_teacher,C[C@H]1CN([C@@H](C)CO)C(=O)CCCn2nncc2CO[C@H]1CN(C)Cc1ccncc1,10.2545,0.43817470436270023,0.46996954120131684,0.012882675268899831,0.457086865932417,0.30310733435569653
frozen_GE_teacher,C[C@H]1CN([C@@H](C)CO)C(=O)CCCn2nncc2CO[C@H]1CN(C)S(=O)(=O)c1ccc2ccccc2c1,10.0691,0.3358438757179015,0.3494006195030496,0.04287451697707312,0.3065261025259765,0.05250396395844889
frozen_GE_teacher,C[C@H]1CN([C@@H](C)CO)C(=O)CCCn2nncc2CO[C@H]1CN(C)S(=O)(=O)c1cccc(F)c1,10.0749,0.2207463164207948,0.22444051987300742,-0.07333488525352955,0.297775405126537,-0.1007154605484056
frozen_GE_teacher,C[C@H]1CN([C@@H](C)CO)C(=O)Cc2cc(N(C)C)ccc2O[C@H]1CN(C)CC1CC1,9.93932,0.4515802729061378,0.48668358310967874,0.017482607190060975,0.4692009759196178,0.0491984748874424
frozen_GE_teacher,C[C@H]1CN([C@@H](C)CO)C(=O)Cc2cc(NC(=O)C3CC3)ccc2O[C@@H]1CN(C)Cc1ccc2c(c1)OCO2,9.71361,-0.291885557905199,-0.3006261904692887,0.036317034278043295,-0.33694322474733196,-0.19183872591246748
frozen_GE_teacher,C[C@H]1CN([C@@H](C)CO)C(=O)Cc2cc(NC(=O)C3CC3)ccc2O[C@H]1CN(C)S(=O)(=O)c1ccccc1,10.2175,-0.002244590896893552,-0.002244594666462141,0.08026489153978163,-0.08250948620624377,0.0033724968656452525
frozen_GE_teacher,C[C@H]1CN([C@@H](C)CO)C(=O)Cc2cc(NC(=O)C3CCCCC3)ccc2O[C@@H]1CN(C)CC1CC1,10.3294,0.31067034167819646,0.3212871904145167,0.034267757695852614,0.2870194327186641,0.006874192614491154
frozen_GE_teacher,C[C@H]1CN([C@@H](C)CO)C(=O)Cc2cc(NC(=O)CCC(F)(F)F)ccc2O[C@H]1CN(C)C(=O)Nc1cccc2ccccc12,10.132,-0.07185998085712962,-0.0719840570630958,0.08151491839084014,-0.15349897545393593,-0.01592750808437149
frozen_GE_teacher,C[C@H]1CN([C@@H](C)CO)C(=O)Cc2cc(NC(=O)CCCN(C)C)ccc2O[C@@H]1CN(C)CC1CCCCC1,10.0468,0.3165580222270325,0.3278171441844458,0.052597249985778145,0.27521989419866766,0.039576889332201735
frozen_GE_teacher,C[C@H]1CN([C@@H](C)CO)C(=O)Cc2cc(NC(=O)Nc3ccccc3)ccc2O[C@H]1CN(C)C,10.0051,0.3265373468467678,0.33894739259168416,-0.023262590879620314,0.36220998347130445,-0.11745611645774806
frozen_GE_teacher,C[C@H]1CN([C@@H](C)CO)C(=O)Cc2cc(NC(=O)Nc3ccccc3)ccc2O[C@H]1CN(C)S(=O)(=O)c1ccc(F)cc1,9.90172,-0.07001763349874891,-0.07013239100466556,0.01098880869688084,-0.08112119970154641,-0.005677927560645015
frozen_GE_teacher,C[C@H]1CN([C@@H](C)CO)C(=O)Cc2cc(NC(=O)c3ccncc3)ccc2O[C@@H]1CN(C)C(=O)NC1CCCCC1,9.95964,0.5710999772998157,0.6491537155278028,0.06812993889049988,0.5810237766373029,0.21741575650857226
frozen_GE_teacher,C[C@H]1CN([C@@H](C)CO)C(=O)Cc2cc(NC(=O)c3ccncc3)ccc2O[C@@H]1CN(C)C(=O)Nc1cccc2ccccc12,10.2114,0.5618927679498957,0.6355949875591173,-0.05387207269166366,0.6894670602507809,0.38460027444820544
frozen_GE_teacher,C[C@H]1CN([C@@H](C)CO)C(=O)Cc2cc(NC(=O)c3ccncc3)ccc2O[C@H]1CN(C)C(=O)NC1CCCCC1,9.91618,0.3811727620316866,0.4014310548396773,-0.021934237961827148,0.4233652928015044,-0.11645649706724442
frozen_GE_teacher,C[C@H]1CN([C@@H](C)CO)C(=O)Cc2cc(NS(=O)(=O)c3ccc(F)cc3)ccc2O[C@H]1CN(C)Cc1ccc2c(c1)OCO2,9.75792,-0.07665912782989791,-0.07680982511169812,-0.011107254293743984,-0.06570257081795414,-0.08940714501309951
frozen_GE_teacher,C[C@H]1CN([C@@H](C)CO)C(=O)Cc2cc(NS(=O)(=O)c3cn(C)cn3)ccc2O[C@H]1CN(C)Cc1ccc(Cl)c(Cl)c1,9.82651,-0.1845461245983044,-0.18668505121055293,-0.09175464476280176,-0.09493040644775116,0.056328500718390156
frozen_GE_teacher,C[C@H]1CN([C@@H](C)CO)C(=O)Cc2cc(NS(C)(=O)=O)ccc2O[C@@H]1CN(C)CC1CC1,9.89864,-0.15892906361926484,-0.16028781628861102,-0.04562399053684173,-0.1146638257517693,-0.18134694178632826
frozen_GE_teacher,C[C@H]1CN([C@@H](C)CO)C(=O)Cc2cc(NS(C)(=O)=O)ccc2O[C@@H]1CN(C)Cc1ccncc1,10.203,0.10835926367204271,0.1087863852285203,-0.09277676333885598,0.20156314856737628,0.09937477050539226
frozen_GE_teacher,C[C@H]1CN([C@@H](C)CO)C(=O)Cc2cc(NS(C)(=O)=O)ccc2O[C@H]1CN(C)Cc1ccncc1,10.1146,0.611514426210808,0.7113368086199499,0.004273323039926358,0.7070634855800235,0.42445342613540266
frozen_GE_teacher,C[C@H]1CN([C@@H](C)CO)C(=O)c2c(c3ccccc3n2C)-c2ccccc2CO[C@@H]1CN(C)C(=O)CCC(F)(F)F,10.1254,-0.035810360709454994,-0.03582568001818277,0.07030688683047849,-0.10613256684866126,-0.03543370278607037
frozen_GE_teacher,C[C@H]1CN([C@@H](C)CO)C(=O)c2c(c3ccccc3n2C)-c2ccccc2CO[C@@H]1CN(C)C(=O)CCN(C)C,9.92959,-0.43740790867724605,-0.4690209342525492,-0.01826345624724025,-0.45075747800530896,0.34435803844959534
frozen_GE_teacher,C[C@H]1CN([C@@H](C)CO)C(=O)c2c(c3ccccc3n2C)-c2ccccc2CO[C@@H]1CN(C)C(=O)Cc1ccccc1,10.2643,-0.32306707905384824,-0.3350678399282463,0.05708754394667005,-0.39215538387491633,0.3480339564629852
frozen_GE_teacher,C[C@H]1CN([C@@H](C)CO)C(=O)c2c(c3ccccc3n2C)-c2ccccc2CO[C@@H]1CN(C)C(=O)NC1CCCCC1,10.1054,0.10409852552485059,0.1044770107922,0.19935280367505132,-0.09487579288285132,-0.1689786200491251
frozen_GE_teacher,C[C@H]1CN([C@@H](C)CO)C(=O)c2c(c3ccccc3n2C)-c2ccccc2CO[C@@H]1CN(C)C(=O)Nc1ccc2c(c1)OCO2,10.025,-0.11961989597540076,-0.120195388743814,0.014342881611371957,-0.13453827035518595,0.028765922127925614
frozen_GE_teacher,C[C@H]1CN([C@@H](C)CO)C(=O)c2c(c3ccccc3n2C)-c2ccccc2CO[C@@H]1CN(C)C(=O)Nc1cccc(F)c1,10.0341,0.006283390427992529,0.00628347312145402,0.009954484422344985,-0.003671011300890965,0.12297263702013439
frozen_GE_teacher,C[C@H]1CN([C@@H](C)CO)C(=O)c2c(c3ccccc3n2C)-c2ccccc2CO[C@@H]1CN(C)C(=O)[C@H](Cc1ccccc1)N(C)C,10.3092,0.08570301389896895,0.08591377323279979,0.09110365939922584,-0.005189886166426044,-0.012938523067858199
frozen_GE_teacher,C[C@H]1CN([C@@H](C)CO)C(=O)c2c(c3ccccc3n2C)-c2ccccc2CO[C@@H]1CN(C)C(=O)c1ccccc1,10.0292,0.3570726984415775,0.3735267874030584,-0.06777191879745698,0.44129870620051537,0.2276038177774115
frozen_GE_teacher,C[C@H]1CN([C@@H](C)CO)C(=O)c2c(c3ccccc3n2C)-c2ccccc2CO[C@@H]1CN(C)Cc1ccncc1,10.2164,0.11874851281691916,0.11931144927691523,0.04597772636593203,0.0733337229109832,-0.12676185600892015
frozen_GE_teacher,C[C@H]1CN([C@@H](C)CO)C(=O)c2c(c3ccccc3n2C)-c2ccccc2CO[C@@H]1CN(C)S(=O)(=O)c1ccc(F)cc1,10.1819,0.031685968775121545,0.031696579411775914,0.010775190910014644,0.02092138850176127,0.3805072533312429
frozen_GE_teacher,C[C@H]1CN([C@@H](C)CO)C(=O)c2c(c3ccccc3n2C)-c2ccccc2CO[C@H]1CN(C)C,10.0318,0.24886516850286294,0.25420269057084754,0.028850876164912637,0.2253518144059349,0.19349490943389622
frozen_GE_teacher,C[C@H]1CN([C@@H](C)CO)C(=O)c2c(c3ccccc3n2C)-c2ccccc2CO[C@H]1CN(C)C(=O)CCC(F)(F)F,9.86928,0.6227045269262298,0.7294104343034357,-0.009139321109352627,0.7385497554127883,0.5133377767874394
frozen_GE_teacher,C[C@H]1CN([C@@H](C)CO)C(=O)c2c(c3ccccc3n2C)-c2ccccc2CO[C@H]1CN(C)C(=O)CCN(C)C,9.80261,0.010774797229884663,0.010775214230135846,-0.1134629413408928,0.12423815557102864,0.1448415369408608
frozen_GE_teacher,C[C@H]1CN([C@@H](C)CO)C(=O)c2c(c3ccccc3n2C)-c2ccccc2CO[C@H]1CN(C)C(=O)Nc1ccccc1,10.2479,0.025241384458326317,0.025246747168483085,-0.03368746472943886,0.058934211897921945,-0.00103373915993972
frozen_GE_teacher,C[C@H]1CN([C@@H](C)CO)C(=O)c2c(c3ccccc3n2C)-c2ccccc2CO[C@H]1CN(C)C(=O)[C@H]1CCCN1C,10.0834,0.008135091936982506,0.008135271403479872,-0.014050423551232892,0.022185694954712766,0.16453068700006274
frozen_GE_teacher,C[C@H]1CN([C@@H](C)CO)C(=O)c2c(c3ccccc3n2C)-c2ccccc2CO[C@H]1CN(C)Cc1cccc(C(=O)O)c1,10.0071,0.23255998313783524,0.2368941250556295,0.04451800598070141,0.1923761190749281,-0.09525850378602033
frozen_GE_teacher,C[C@H]1CN([C@@H](C)CO)C(=O)c2c(c3ccccc3n2C)-c2ccccc2CO[C@H]1CN(C)S(=O)(=O)c1ccccc1C#N,10.0402,-0.09645461415487133,-0.09675541665309928,0.029640393471293023,-0.1263958101243923,0.16140332977933672
frozen_GE_teacher,C[C@H]1CN([C@@H](C)CO)C(=O)c2c(c3ccccc3n2C)-c2ccccc2CO[C@H]1CN(C)S(=O)(=O)c1cccs1,9.90054,-0.11271549246005931,-0.1131965064546594,-0.038987828594956433,-0.07420867785970296,0.11761362719986886
frozen_GE_teacher,C[C@H]1CN([C@@H](C)CO)C(=O)c2cc(-c3ccc(C#N)cc3)cnc2O[C@@H]1CN(C)C(=O)Nc1ccc(C(F)(F)F)cc1,10.0934,0.22260159931076234,0.2263916822781772,0.1969397815840599,0.029451900694117294,-0.17154274884288076
frozen_GE_teacher,C[C@H]1CN([C@@H](C)CO)C(=O)c2cc(-c3ccc(C#N)cc3)cnc2O[C@@H]1CN(C)CC1CCCCC1,9.93682,0.2272888130547544,0.23132872295339202,-0.07170454915549035,0.30303327210888237,0.06298467128091648
frozen_GE_teacher,C[C@H]1CN([C@@H](C)CO)C(=O)c2cc(-c3ccc(C#N)cc3)cnc2O[C@H]1CN(C)C(=O)Nc1ccc(C(F)(F)F)cc1,10.1931,0.2751845278421347,0.2824645367713501,-0.007301786490277966,0.28976632326162804,0.21193937465646367
frozen_GE_teacher,C[C@H]1CN([C@@H](C)CO)C(=O)c2cc(-c3cccc(F)c3)cnc2O[C@H]1CN(C)Cc1ccccn1,10.0432,-0.06794116205568282,-0.06804599137995429,-0.07318870335380974,0.005142711973855449,0.062379769332115635
frozen_GE_teacher,C[C@H]1CN([C@@H](C)CO)C(=O)c2cc(-c3cncnc3)cnc2O[C@@H]1CN(C)C(=O)CN1CCOCC1,10.0784,-0.0995842912753872,-0.09991545753527567,0.9016355470241612,-1.001551004559437,-0.8304778309325991
frozen_GE_teacher,C[C@H]1CN([C@@H](C)CO)C(=O)c2cc(-c3cncnc3)cnc2O[C@H]1CN(C)C(=O)CN1CCOCC1,10.0083,0.4929748783681496,0.5399827095935323,-0.017446413976778367,0.5574291235703107,0.3715109127600982
frozen_GE_teacher,C[C@H]1CN([C@@H](C)CO)C(=O)c2cc(-c3cncnc3)cnc2O[C@H]1CN(C)C(=O)Cc1ccccc1,10.0512,-0.40012333639727043,-0.4237957678630406,-0.0176479362995488,-0.40614783156349177,-0.3114910440122448
frozen_GE_teacher,C[C@H]1CN([C@@H](C)CO)C(=O)c2cc(/C=C/c3ccccc3)cnc2O[C@@H]1CN(C)C(=O)NC1CCCCC1,10.0482,-0.12789840050743767,-0.12860271361394782,0.07333582058248718,-0.20193853419643498,0.11909537700521404
frozen_GE_teacher,C[C@H]1CN([C@@H](C)CO)C(=O)c2cc(/C=C/c3ccccc3)cnc2O[C@@H]1CN(C)C(=O)c1ccc2c(c1)OCO2,10.0538,0.22215192421478244,0.22591861323463186,-0.05190621092889955,0.2778248241635314,-0.2118841055510595
frozen_GE_teacher,C[C@H]1CN([C@@H](C)CO)C(=O)c2cc(/C=C/c3ccccc3)cnc2O[C@H]1CN(C)C(=O)Cc1cccnc1,10.0033,0.829816554328279,1.1875470249194493,0.7148838087916406,0.4726632161278087,0.579620318926627
frozen_GE_teacher,C[C@H]1CN([C@@H](C)CO)C(=O)c2cc(C#CC3(O)CCCC3)cnc2O[C@@H]1CN(C)Cc1ccccn1,10.0285,0.3036492670956598,0.3135346396822833,0.002516099792890983,0.3110185398893923,-0.14345459933700966
frozen_GE_teacher,C[C@H]1CN([C@@H](C)CO)C(=O)c2cc(C#CC3CCCCC3)cnc2O[C@@H]1CN(C)Cc1cccnc1,10.0252,-0.10812231464857586,-0.10854662718219922,0.04206283582498164,-0.15060946300718087,-0.1893547246605933
frozen_GE_teacher,C[C@H]1CN([C@@H](C)CO)C(=O)c2cc(C#CC3CCCCC3)cnc2O[C@H]1CN(C)S(=O)(=O)c1cccc(F)c1,10.0503,0.3215227769950288,0.3333445302645843,0.015251398441709111,0.31809313182287524,0.43931964660628287
frozen_GE_teacher,C[C@H]1CN([C@@H](C)CO)C(=O)c2cc(C#CCc3ccccc3)cnc2O[C@@H]1CN(C)Cc1ccc(C(=O)O)cc1,10.0549,0.10709691789813408,0.10750921730710986,-0.009604605947369761,0.11711382325447961,0.042376325863476734
frozen_GE_teacher,C[C@H]1CN([C@@H](C)CO)C(=O)c2cc(C#CCc3ccccc3)cnc2O[C@H]1CN(C)Cc1ccc(C(=O)O)cc1,10.0228,0.333251815240042,0.3464818852281207,0.0012795245796667406,0.34520236064845394,0.4697087248930423
frozen_GE_teacher,C[C@H]1CN([C@@H](C)CO)C(=O)c2cc(C#Cc3ccccc3F)cnc2O[C@H]1CN(C)C(=O)C1CCCCC1,10.0299,-0.09005177309786572,-0.09029638398592274,-0.008117642843005075,-0.08217874114291766,0.10472818446050967
frozen_GE_teacher,C[C@H]1CN([C@@H](C)CO)C(=O)c2cc(C#Cc3ccccn3)cnc2O[C@@H]1CN(C)CC1CCCC1,10.0392,-0.21990597413241927,-0.2235573029856664,-0.020717062947338515,-0.20284024003832787,-0.10516144068096364
frozen_GE_teacher,C[C@H]1CN([C@@H](C)CO)C(=O)c2cc(C3=CCCC3)cnc2O[C@@H]1CN(C)C(=O)c1ccccn1,10.0919,0.019853103311678597,0.01985571226719904,0.025966119103081775,-0.006110406835882733,-0.20484827273607295
frozen_GE_teacher,C[C@H]1CN([C@@H](C)CO)C(=O)c2cc(C3=CCCCC3)cnc2O[C@@H]1CN(C)Cc1ccc(C(=O)O)cc1,10.0364,-0.12803185779614498,-0.12873839265728262,-0.002834626863269584,-0.12590376579401305,0.10191264690999273
frozen_GE_teacher,C[C@H]1CN([C@@H](C)CO)C(=O)c2cc(C3=CCCCC3)cnc2O[C@@H]1CN(C)S(=O)(=O)c1cn(C)cn1,9.99953,0.4983980580955495,0.5471724972060573,-0.07958122156565176,0.626753718771709,0.07342968695356575
frozen_GE_teacher,C[C@H]1CN([C@@H](C)CO)C(=O)c2cc(N(C)C)ccc2O[C@@H]1CN(C)C(=O)Nc1ccc(F)cc1,10.1025,0.023605002568818714,0.023609388240607806,0.0054999418862650105,0.018109446354342796,0.09572574007045086
frozen_GE_teacher,C[C@H]1CN([C@@H](C)CO)C(=O)c2cc(N(C)C)ccc2O[C@@H]1CN(C)Cc1ccc(C(F)(F)F)cc1,9.98566,0.2695725230429752,0.27640278956758413,-0.023514755023630755,0.2999175445912149,0.07820182054879764
frozen_GE_teacher,C[C@H]1CN([C@@H](C)CO)C(=O)c2cc(N(C)C)ccc2O[C@@H]1CN(C)Cc1ccc(Oc2ccccc2)cc1,10.2027,0.11463897957807546,0.11514517591328469,0.07353428988917583,0.041610886024108854,-0.10623491782468875
frozen_GE_teacher,C[C@H]1CN([C@@H](C)CO)C(=O)c2cc(N(C)C)ccc2O[C@@H]1CN(C)Cc1ccncc1,10.0199,0.40903021373015164,0.4344460310089269,0.031037620331836747,0.40340841067709016,0.1409196197114596
frozen_GE_teacher,C[C@H]1CN([C@@H](C)CO)C(=O)c2cc(N(C)C)ccc2O[C@H]1CN(C)C(=O)Nc1cccc2ccccc12,10.2,-0.05594646098570823,-0.05600494178100611,-0.05175955027138246,-0.00424539150962365,-0.017162524436146687
frozen_GE_teacher,C[C@H]1CN([C@@H](C)CO)C(=O)c2cc(N(C)C)ccc2O[C@H]1CN(C)CC1CCCCC1,9.98472,0.2941224943679086,0.303073208128006,0.03503063759043502,0.26804257053757097,0.0719986780424362
frozen_GE_teacher,C[C@H]1CN([C@@H](C)CO)C(=O)c2cc(N(C)C)ccc2O[C@H]1CN(C)S(=O)(=O)c1ccccc1,10.0777,0.08758806931309275,0.0878130882385778,-0.10739456115867471,0.1952076493972525,-0.06656751589769494
frozen_GE_teacher,C[C@H]1CN([C@@H](C)CO)C(=O)c2cc(NC(=O)C3CC3)ccc2O[C@@H]1CN(C)CC1CCCCC1,10.1621,0.002909322583245661,0.00290933079160925,0.01869188552116443,-0.01578255472955518,-0.09888933498418156
frozen_GE_teacher,C[C@H]1CN([C@@H](C)CO)C(=O)c2cc(NC(=O)C3CC3)ccc2O[C@@H]1CN(C)S(=O)(=O)c1ccc(F)cc1,10.0086,0.18893669583688943,0.19123427288327866,0.02206602744070818,0.16916824544257048,0.052526942700500276
frozen_GE_teacher,C[C@H]1CN([C@@H](C)CO)C(=O)c2cc(NC(=O)C3CC3)ccc2O[C@H]1CN(C)CC1CCCCC1,10.1122,-0.02694073859810952,-0.026947259331197605,0.013017363855006701,-0.03996462318620431,0.187408582140082
frozen_GE_teacher,C[C@H]1CN([C@@H](C)CO)C(=O)c2cc(NC(=O)C3CC3)ccc2O[C@H]1CN(C)S(=O)(=O)c1ccc(F)cc1,10.0137,-0.06218056696680856,-0.0622608921815867,-0.006110407100145224,-0.05615048508144148,0.28929453665885946
frozen_GE_teacher,C[C@H]1CN([C@@H](C)CO)C(=O)c2cc(NC(=O)CCC(F)(F)F)ccc2O[C@H]1CN(C)Cc1ccc2c(c1)OCO2,10.2689,0.23705806804507645,0.24165469522512714,-0.13131783398333802,0.37297252920846513,0.37082029010701506
frozen_GE_teacher,C[C@H]1CN([C@@H](C)CO)C(=O)c2cc(NC(=O)Cc3ccccc3)ccc2O[C@@H]1CN(C)C(=O)Nc1ccc2c(c1)OCO2,10.1196,0.009714606344794817,0.009714911962815166,0.04118186040474563,-0.03146694844193046,-0.0463334528590263
frozen_GE_teacher,C[C@H]1CN([C@@H](C)CO)C(=O)c2cc(NC(=O)Cc3ccccc3)ccc2O[C@@H]1CN(C)CC1CCCCC1,9.84049,-0.06401722597336257,-0.06410489355229006,0.08472044630207487,-0.1488253398543649,-0.05821590132824232
frozen_GE_teacher,C[C@H]1CN([C@@H](C)CO)C(=O)c2cc(NC(=O)NC3CCCCC3)ccc2O[C@@H]1CN(C)Cc1ccc2c(c1)OCO2,9.87761,-0.16819882176162645,-0.16981246460623578,0.00884740707466394,-0.17865987168089972,-0.0024396531865862863
frozen_GE_teacher,C[C@H]1CN([C@@H](C)CO)C(=O)c2cc(NC(=O)c3ccncc3)ccc2O[C@H]1CN(C)Cc1ccc(Oc2ccccc2)cc1,10.0903,0.12791953301319892,0.1286241976130553,0.07351065477588517,0.055113542837170126,-0.10565216435906298
frozen_GE_teacher,C[C@H]1CN([C@@H](C)CO)C(=O)c2cc(NC(=O)c3ccncc3)ccc2O[C@H]1CN(C)Cc1ccc2c(c1)OCO2,10.1575,-0.0826478966263252,-0.08283685195046352,0.00200132001216698,-0.0848381719626305,-0.01768400194423918
frozen_GE_teacher,C[C@H]1CN([C@@H](C)CO)C(=O)c2cc(NS(=O)(=O)c3ccccc3)ccc2O[C@@H]1CN(C)Cc1ccc2c(c1)OCO2,10.1866,-0.09790221697692002,-0.09821682072049745,0.028634310407055243,-0.1268511311275527,0.05039098210506612
frozen_GE_teacher,C[C@H]1CN([C@@H](C)CO)C(=O)c2cc(NS(=O)(=O)c3cccs3)ccc2O[C@H]1CN(C)Cc1ccc(Cl)c(Cl)c1,9.93614,-0.20696038124841526,-0.20999360771258185,0.022098586314316427,-0.2320921940268983,-0.07294483178779305
frozen_GE_teacher,C[C@H]1CN([C@@H](C)CO)C(=O)c2cc(NS(=O)(=O)c3cn(C)cn3)ccc2O[C@@H]1CN(C)CC1CC1,10.2553,0.08233438468141246,0.0825211920037868,-0.005175235991535481,0.08769642799532228,-0.08731292930790285
frozen_GE_teacher,C[C@H]1CN([C@@H](C)CO)C(=O)c2cccc(N(C)C)c2O[C@@H]1CN(C)Cc1ccc2c(c1)OCO2,9.96725,-0.024167749900139562,-0.024172456850668156,0.012501076531806762,-0.03667353338247492,0.28838979044132507
frozen_GE_teacher,C[C@H]1CN([C@@H](C)CO)C(=O)c2cccc(N(C)C)c2O[C@H]1CN(C)Cc1ccncc1,10.0434,0.16585140704303697,0.1673976825371507,-0.03521409845618033,0.20261178099333105,0.22555904608011867
frozen_GE_teacher,C[C@H]1CN([C@@H](C)CO)C(=O)c2cccc(NC(=O)C3CC3)c2O[C@H]1CN(C)Cc1ccc(C(=O)O)cc1,10.0908,0.2684709335534987,0.27521525483728915,0.020559205971967986,0.25465604886532117,0.05418603089213522
frozen_GE_teacher,C[C@H]1CN([C@@H](C)CO)C(=O)c2cccc(NC(=O)C3CCCCC3)c2O[C@H]1CN(C)S(=O)(=O)c1ccc(Cl)cc1,9.76679,-0.06824381781729567,-0.06835005697055244,0.010626397004392666,-0.0789764539749451,0.1226827035375514
frozen_GE_teacher,C[C@H]1CN([C@@H](C)CO)C(=O)c2cccc(NC(=O)Nc3ccc(F)cc3)c2O[C@H]1CN(C)Cc1ccncc1,9.93205,-0.05613323762777982,-0.05619230683697548,-0.03050015173882558,-0.0256921550981499,0.0719931802055185
frozen_GE_teacher,C[C@H]1CN([C@@H](C)CO)C(=O)c2cccc(NC(=O)Nc3cccc4ccccc34)c2O[C@H]1CN(C)C(=O)Nc1ccc(F)cc1,10.0363,-0.015230210711084768,-0.015231388471435996,0.048218454141142286,-0.06344984261257829,0.0848146978244865
frozen_GE_teacher,C[C@H]1CN([C@@H](C)CO)C(=O)c2cccc(NC(=O)c3ccc(-c4nccs4)cc3)c2O[C@@H]1CN(C)CC1CCCCC1,10.1003,-0.05451895092217754,-0.05457306330869519,0.003975736632940425,-0.058548799941635615,0.11909416300410594
frozen_GE_teacher,C[C@H]1CN([C@@H](C)CO)C(=O)c2cccc(NC(=O)c3ccncc3)c2O[C@@H]1CN(C)CC1CC1,9.78244,0.40002537739531696,0.4236791417436028,0.04807782013920657,0.37560132160439624,-0.24820259770934122
frozen_GE_teacher,C[C@H]1CN([C@@H](C)CO)C(=O)c2ccccc2-c2ccccc2CO[C@@H]1CN(C)C(=O)c1ccc(F)cc1,10.0727,0.20778259489332795,0.21085276782004872,0.02884441245513944,0.18200835536490928,-0.005272445759791279
frozen_GE_teacher,C[C@H]1CN([C@@H](C)CO)C(=O)c2ccccc2-c2ccccc2CO[C@@H]1CN(C)CC1CC1,9.98901,-0.18475124086890313,-0.18689740780911734,0.04206524041773897,-0.2289626482268563,-0.023825728692604613
frozen_GE_teacher,C[C@H]1CN([C@@H](C)CO)C(=O)c2ccccc2-c2ccccc2CO[C@@H]1CN(C)Cc1ccc(F)cc1,10.0513,0.2936785283565934,0.3025872677889094,0.040614281896088664,0.2619729858928207,-0.0027674432468552668
frozen_GE_teacher,C[C@H]1CN([C@@H](C)CO)C(=O)c2ccccc2-c2ccccc2CO[C@@H]1CN(C)S(=O)(=O)c1ccc(F)cc1,10.2481,0.031497238497992616,0.03150766058753934,-0.12819483851425334,0.15970249910179268,0.3459450204906625
frozen_GE_teacher,C[C@H]1CN([C@@H](C)CO)C(=O)c2ccccc2-c2ccccc2CO[C@@H]1CN(C)S(=O)(=O)c1cccs1,9.87761,0.10838898053174158,0.10881645525923904,0.03132303265216653,0.07749342260707251,0.05764728957509084
frozen_GE_teacher,C[C@H]1CN([C@@H](C)CO)C(=O)c2ccccc2-c2ccccc2CO[C@H]1CN(C)C(=O)Nc1cccc(C(F)(F)F)c1,9.94774,0.34822788059396637,0.3634256686750904,0.01282939308389245,0.35059627559119794,0.15218093045037515
frozen_GE_teacher,C[C@H]1CN([C@@H](C)CO)C(=O)c2ccccc2-c2ccccc2CO[C@H]1CN(C)C(=O)Nc1cccc(F)c1,9.73429,0.29916308387191404,0.3086001695690287,-0.11817534861059181,0.4267755181796205,0.13815311932095023
frozen_GE_teacher,C[C@H]1CN([C@@H](C)CO)C(=O)c2ccccc2-c2ccccc2CO[C@H]1CN(C)C(=O)[C@H](Cc1ccccc1)N(C)C,10.2631,0.0910456454597969,0.09129847262673031,0.021209866146599,0.07008860648013131,0.16192761283616802
frozen_GE_teacher,C[C@H]1CN([C@@H](C)CO)C(=O)c2ccccc2-c2ccccc2CO[C@H]1CN(C)Cc1ccc2c(c1)OCCN2C,9.92904,-0.0806021715609205,-0.08077740477971095,0.1828474451916225,-0.26362484997133345,-0.10923909164847563
frozen_GE_teacher,C[C@H]1CN([C@@H](C)CO)C(=O)c2ccccc2-c2ccccc2CO[C@H]1CN(C)S(=O)(=O)c1ccc(F)cc1,9.98643,0.42782858909272,0.45723574206955553,-0.1035335485321073,0.5607692906016628,0.25497200664136005
frozen_GE_teacher,C[C@H]1CN([C@@H](C)CO)S(=O)(=O)c2ccc(-c3ccc(C(=O)N(C)C)cc3)cc2O[C@@H]1CN(C)C(=O)C1CCC1,10.0824,-0.025244906480998676,-0.025250271436877043,0.041126305034492085,-0.06637657647136913,0.0679636856930885
frozen_GE_teacher,C[C@H]1CN([C@@H](C)CO)S(=O)(=O)c2ccc(-c3ccc(F)cc3)cc2O[C@@H]1CN(C)S(C)(=O)=O,10.0674,0.21185860893617126,0.21511649824210466,0.034593201108723035,0.1805232971333816,0.3772963721949948
frozen_GE_teacher,C[C@H]1CN([C@@H](C)CO)S(=O)(=O)c2ccc(-c3cccc(C#N)c3)cc2O[C@H]1CN(C)CC1CC1,10.069,0.21112963665504628,0.21435339237555728,-0.1429556729585269,0.3573090653340842,0.18462814516424594
frozen_GE_teacher,C[C@H]1CN([C@@H](C)CO)S(=O)(=O)c2ccc(-c3ccccc3)cc2O[C@@H]1CN(C)C,10.0184,-0.048438017156386404,-0.04847595300349312,-0.054321725356894224,0.005845772353401106,0.19228108378322603
frozen_GE_teacher,C[C@H]1CN([C@@H](C)CO)S(=O)(=O)c2ccc(-c3cccnc3)cc2O[C@@H]1CN(C)C(=O)NC1CCCC1,10.0214,0.0349727095477894,0.034986978282348306,-0.03749516181918623,0.07248214010153453,0.18298839384732107
frozen_GE_teacher,C[C@H]1CN([C@@H](C)CO)S(=O)(=O)c2ccc(-c3ccncc3)cc2O[C@@H]1CN(C)C(=O)CN(C)C,10.0288,0.7133751349150919,0.894023098409172,-0.029891883602633968,0.923914982011806,-0.12244707719192173
frozen_GE_teacher,C[C@H]1CN([C@@H](C)CO)S(=O)(=O)c2ccc(/C=C/c3ccccc3)cc2O[C@@H]1CN(C)C(=O)CN1CCOCC1,10.0681,-0.03658020251621473,-0.03659653175484848,-0.005175236887540043,-0.031421294867308436,0.14754731464160553
frozen_GE_teacher,C[C@H]1CN([C@@H](C)CO)S(=O)(=O)c2ccc(Br)cc2O[C@H]1CN(C)CC1CC1,9.98096,0.16921089747901083,0.17085418929267462,-0.025777222778815244,0.19663141207148987,-0.059324938172699286
frozen_GE_teacher,C[C@H]1CN([C@@H](C)CO)S(=O)(=O)c2ccc(C#CC3(O)CCCC3)cc2O[C@@H]1CN(C)C(=O)c1cccnc1,10.0548,-0.1886445296303795,-0.19093130844754974,0.005978971507882032,-0.19691027995543178,0.08646352158224455
frozen_GE_teacher,C[C@H]1CN([C@@H](C)CO)S(=O)(=O)c2ccc(C#CC3CCCC3)cc2O[C@@H]1CN(C)Cc1cncnc1,10.0078,0.08840161269541387,0.08863298016619221,0.0009322616238075553,0.08770071854238466,0.26383701321146513
frozen_GE_teacher,C[C@H]1CN([C@@H](C)CO)S(=O)(=O)c2ccc(C#CCN(C)C)cc2O[C@@H]1CN(C)C(=O)C1CCCCC1,9.9793,-0.13638184162726744,-0.1372369731032748,0.013677086301905037,-0.15091405940517982,-0.023337121770753044
frozen_GE_teacher,C[C@H]1CN([C@@H](C)CO)S(=O)(=O)c2ccc(C3=CCCC3)cc2O[C@@H]1CN(C)C(=O)c1cnccn1,10.096,-0.05714480188380878,-0.057207126701019004,0.09049971320392355,-0.14770683990494254,-0.08388230611345454
frozen_GE_teacher,C[C@H]1CN([C@@H](C)CO)S(=O)(=O)c2ccc(C3=CCCC3)cc2O[C@H]1CN(C)Cc1ccccn1,10.0062,0.7273948198313626,0.92317257305806,0.5823226275232511,0.34084994553480885,0.3142202264287689
frozen_GE_teacher,C[C@H]1CN([C@@H](C)CO)S(=O)(=O)c2ccc(C3=CCCCC3)cc2O[C@@H]1CN(C)C(=O)C1CCOCC1,10.0498,0.0004513761957316328,0.00045137622638616933,-0.011360431051866878,0.011811807278253048,0.13241758339430512
frozen_GE_teacher,C[C@H]1CN([C@@H](C)CO)S(=O)(=O)c2ccc(C3=CCCCC3)cc2O[C@H]1CN(C)C(=O)Cc1ccncc1,10.058,-0.018423612433041938,-0.018425697363492463,0.029033223034792947,-0.047458920398285406,0.015142072253837627
frozen_GE_teacher,C[C@H]1OC(n2cc(F)c(=O)[nH]c2=O)C(O)[C@@H]1O,10.0,0.0947387384686084,0.09502371498175598,0.011442353293118795,0.08358136168863718,-0.12702698001260235
frozen_GE_teacher,C[C@]12CCC3c4ccc(OC(=O)c5ccccc5)cc4CCC3C1CCC2=O,10.0,-0.3180015927990544,-0.3294223006002391,-0.06865354519179215,-0.2607687554084469,0.12557073361449256
frozen_GE_teacher,C[N+]1(C)CCCC(OC(=O)C(O)(c2ccccc2)c2ccccc2)C1,10.0,0.06202795328262651,0.06210768759634363,-0.01864991271733409,0.08075760031367772,0.10482534186482935
frozen_GE_teacher,Cc1[nH]c2ccc(Cl)cc2c1C1=CCNCC1,10.0,0.09359139012150595,0.09386610187905098,0.03243546988507963,0.06143063199397135,0.08852592680411416
frozen_GE_teacher,Cc1[nH]c2nc(S)nc-2cc1Br,10.0,0.5753937866315165,0.6555491803209624,0.021116104596322245,0.6344330757246401,0.057967938381282634
frozen_GE_teacher,Cc1c(-c2cc(C(=O)O)c3ccccc3n2)cnn1C,10.0,0.5150081802238069,0.5695220465310747,-0.09413725672593265,0.6636593032570074,-0.09027889337040892
frozen_GE_teacher,Cc1c(-c2ccccc2)n[nH]c1C(=O)NN,10.0,0.4532005362770933,0.4887207726424977,0.03202117186374079,0.45669960077875693,0.1801107975442757
frozen_GE_teacher,Cc1c(C(=O)Nc2ccc3c(c2)OCO3)sc2nc(-c3ccccc3)cn12,10.0,-0.33046295691802924,-0.3433478777411228,0.0073643349067420375,-0.35071221264786484,0.2789323514730394
frozen_GE_teacher,Cc1c(C2CCN(CCc3ccccc3)CC2)noc1-c1ccc(Cl)cc1,10.0,0.2868091939989259,0.2950859727405921,-0.003416789205741337,0.29850276194633346,0.1704351581724689
frozen_GE_teacher,Cc1c(Cl)cnc(NC(=O)COC(=O)c2ccc3ncsc3c2)c1Cl,10.0,0.6889250077583617,0.8459067498604866,-0.051903389600825016,0.8978101394613116,0.13568137606652664
frozen_GE_teacher,Cc1c(NC(=O)c2ccc(Br)o2)cccc1C(=O)O,10.0,0.5111043392586866,0.564223459507215,-0.1662692293138835,0.7304926888210985,0.2864947664768255
frozen_GE_teacher,Cc1c[nH]c(=O)n(CCCN2CCN(c3ccccc3OCC(F)(F)F)CC2)c1=O,10.0,0.16820463158450777,0.16981844358532233,-0.09926574492896915,0.2690841885142915,0.4877765148498011
frozen_GE_teacher,Cc1cc(-c2ccccc2)nc(NN=Cc2ccco2)n1,10.0,-0.14978454883441064,-0.15092003282018873,-0.014133970629868268,-0.13678606219032047,-0.16397734495511046
frozen_GE_teacher,Cc1cc(-c2nnc(S)n2-c2ccccc2C)cs1,10.0,0.3219049262343822,0.33377079815378935,0.15810318256463293,0.17566761558915642,0.14706570036888952
frozen_GE_teacher,Cc1cc(-c2nnnn2-c2cc(Cl)cc(Cl)c2)no1,10.0,0.3024576057258001,0.3122224662704024,-0.049157737579635104,0.3613802038500375,0.05226286892464237
frozen_GE_teacher,Cc1cc(/C=C2/NC(=O)N(c3ccccc3)C2=O)c(C)n1-c1cccnc1,10.0,0.10193558015121303,0.10229086401825875,0.18064629775848717,-0.07835543374022842,0.03864466977819722
frozen_GE_teacher,Cc1cc(=O)oc2cc(NC(S)=NCc3ccccn3)ccc12,10.0,0.6165436134991235,0.7194098437824589,0.10922345988541621,0.6101863838970427,0.61033898520542
frozen_GE_teacher,Cc1cc(C(=O)CSc2nnnn2C)c(C)n1-c1cccc(F)c1,10.0,-0.0487106218245768,-0.04874920239563591,-0.02018944608359439,-0.02855975631204152,0.07755522387567175
frozen_GE_teacher,Cc1cc(C(=O)Nc2ccc3c(c2)C(=O)N(C)[C@@H]2CC[C@@H](CC(=O)NC4CCCC4)O[C@@H]2CO3)no1,10.1104,0.15187253615852395,0.15305662690414581,-0.042442596949290604,0.19549922385343643,0.02915485263421938
frozen_GE_teacher,Cc1cc(C(=O)Nc2ccc3c(c2)C(=O)N(C)[C@@H]2CC[C@@H](CC(=O)NCc4ccc(-c5ccccc5)cc4)O[C@@H]2CO3)no1,10.1602,0.38141891897433955,0.4017190879099217,-0.118680427965168,0.5203995158750897,0.4472254017690689
frozen_GE_teacher,Cc1cc(C(=O)Nc2ccc3c(c2)C(=O)N(C)[C@H]2CC[C@@H](CC(=O)NCc4ccc(-c5ccccc5)cc4)O[C@@H]2CO3)no1,9.78431,-0.005842338124793672,-0.005842404598164781,-0.411850539424965,0.40600813482680026,0.07404314562337411
frozen_GE_teacher,Cc1cc(C(=O)OCC(=O)N2CCc3ccccc32)c(C)o1,10.0,0.26924814488797727,0.27605302480794136,-0.06502056862173516,0.3410735934296765,-0.061730479069629474
frozen_GE_teacher,Cc1cc(C(C)(C)C)c(O)c(C)c1CC1=NCCN1,10.0,0.17445518757844589,0.17625805091529978,0.0026617228330646,0.17359632808223519,-0.02061861894966264
frozen_GE_teacher,Cc1cc(C)c(-c2nc3ccccc3s2)[nH]1,10.0,0.06770149500849311,0.06780521683305724,0.08343299410892738,-0.01562777727587014,-0.05553359532188139
frozen_GE_teacher,Cc1cc(C)c(C#N)c(Nc2ccc3c(c2)OCCO3)n1,10.0,-0.011787778922888821,-0.01178832494584438,0.31308383030464304,-0.3248721552504874,-0.1253980876598383
frozen_GE_teacher,Cc1cc(C)c(NC(=O)Cn2cc3c(n2)CCCC3)c(C)c1,10.0,0.036368620679081164,0.036384668057121816,0.04030051441960776,-0.003915846362485945,-0.16505022724509302
frozen_GE_teacher,Cc1cc(C)cc(C(=O)N(C)C(Cc2ccc(-c3ccccc3)cc2)C(=O)NC(Cc2c[nH]c3ccccc23)C(=O)O)c1,10.0,0.5569744427526186,0.628436148798904,0.2834514549054439,0.3449846938934601,0.15511013962189196
frozen_GE_teacher,Cc1cc(C)cc(C(=O)OC2CC3CCC(C2)N3C)c1,10.0,0.5597882488476164,0.6325247446728521,0.23359485088161414,0.398929893791238,0.34371876857112893
frozen_GE_teacher,Cc1cc(C)cc(OCC2CNC(=O)O2)c1,10.0,-0.28207823961046163,-0.2899385353309211,0.015342578552827293,-0.3052811138837484,0.02426001679891973
frozen_GE_teacher,Cc1cc(C)n(-c2cccc3cccnc23)n1,10.0,-0.005318337072539229,-0.0053183872159294114,0.13750590008761238,-0.1428242873035418,0.11445836473848442
frozen_GE_teacher,Cc1cc(C)n2[nH]c(=O)c(N=Nc3cccc(C(F)(F)F)c3)c2n1,10.0,0.09097937974314169,0.09123165342808849,0.13746433561932908,-0.04623268219124059,0.00126494611507047
frozen_GE_teacher,Cc1cc(C)n2cc(CSCC(=O)O)nc2n1,10.0,0.39033600446461597,0.4121963741640921,0.06029250050662767,0.35190387365746445,0.19198884600911326
frozen_GE_teacher,Cc1cc(C)n2nc3nc4c(cc3c2n1)CCCC4,10.0,0.36855355859424976,0.3867482689724712,0.03242419624704678,0.35432407272542443,0.13649545216867182
frozen_GE_teacher,Cc1cc(C)nc(NS(=O)(=O)c2ccc(N)cc2)n1,10.0,-0.04126209281225807,-0.04128553382985277,-0.02996212106654537,-0.011323412763307398,-0.1760943990716529
frozen_GE_teacher,Cc1cc(CNC(=O)c2ccc(C)c([N+](=O)[O-])c2)c2ccccc2n1,10.0,0.3433671969149588,0.35790480587413515,0.030361125146327463,0.3275436807278077,0.15450170316703724
frozen_GE_teacher,Cc1cc(Cn2cnc3c2CC(C(=O)O)N(C(=O)C(c2ccccc2)c2ccccc2)C3)ccc1N(C)C,10.0,0.5912473938074974,0.6795817069229172,0.20696631039610403,0.47261539652681317,0.16632951902605148
frozen_GE_teacher,Cc1cc(NC(=O)C2C(=O)c3ccccc3S(=O)(=O)N2C)no1,10.0,-0.4056747910795811,-0.43042304275487636,0.005844495835249466,-0.43626753859012585,-0.06602600334352458
frozen_GE_teacher,Cc1cc(NS(=O)(=O)c2ccccc2)c(C)c(Cl)c1O,10.0,0.5071928915616796,0.5589431753922054,0.08792971853617787,0.4710134568560275,0.31458635898747683
frozen_GE_teacher,Cc1cc(O)c(C(=O)/C=C/c2cccc([N+](=O)[O-])c2)c(=O)o1,10.0,-0.051006239823924084,-0.05105054223153765,0.0031836310206684176,-0.054234173252206065,-0.11380088051839281
frozen_GE_teacher,Cc1cc(O)nc(NN=Cc2sccc2C)n1,10.0,-0.061343812014894986,-0.06142093309883276,0.13326066485199056,-0.19468159795082332,-0.2610333879436357
frozen_GE_teacher,Cc1cc(OCC(=O)Nc2nnc[nH]2)ccc1Cl,20.0,0.14280384352935446,0.1437866269182998,-0.05083896978849068,0.19462559670679047,-0.025025564925045075
frozen_GE_teacher,Cc1cc2cc3c(cc2n2c(SCC(=O)Nc4nc(-c5ccccc5)cs4)nnc12)OCCO3,20.0,0.20654127290550103,0.20955578420006146,0.033746928132796464,0.17580885606726498,0.400061472906989
frozen_GE_teacher,Cc1cc2n(n1)C(c1ccccc1)Nc1ccccc1-2,10.0,0.4088165162738788,0.4341894241901572,0.1417331647712739,0.2924562594188833,-0.2252159055183367
frozen_GE_teacher,Cc1cc2ncc(-c3ccccc3)nc2cc1C,10.0,0.0862501864942572,0.08646502064980732,0.01712266558653998,0.06934235506326734,0.03973913642619001
frozen_GE_teacher,Cc1ccc(-c2cc(C(=O)NCc3cnn(C)c3)c3cc(Br)ccc3n2)cc1,10.0,0.49587002496358257,0.5438145756249482,0.12888313597526735,0.4149314396496808,0.4811623247969474
frozen_GE_teacher,Cc1ccc(-c2ccc3c(c2)O[C@@H](CN(C)Cc2cncnc2)[C@@H](C)CN([C@@H](C)CO)S3(=O)=O)cc1,9.97797,0.2825974919659154,0.29050276509299067,0.02907749106119579,0.2614252740317949,0.25573452327181606
frozen_GE_teacher,Cc1ccc(-c2ccc3c(c2)O[C@@H](CN(C)Cc2cncnc2)[C@H](C)CN([C@@H](C)CO)S3(=O)=O)cc1,10.0191,0.026310471106843182,0.026316544690983382,0.06146489030375704,-0.03514834561277366,0.3717343144771482
frozen_GE_teacher,Cc1ccc(-c2ccc3c(c2)O[C@H](CN(C)C(=O)CC2CC2)[C@@H](C)CN([C@H](C)CO)S3(=O)=O)cc1,9.98551,0.8606671992746641,1.2959125451850004,0.5607257375155401,0.7351868076694603,0.6988223755103786
frozen_GE_teacher,Cc1ccc(-c2cnc3c(c2)C(=O)N([C@@H](C)CO)C[C@H](C)[C@@H](CN(C)C(=O)c2cccc(F)c2)O3)cc1,10.0928,0.395140240378369,0.41787679552876356,0.034368065377464285,0.38350873015129927,0.31621515744280354
frozen_GE_teacher,Cc1ccc(-c2cnc3c(c2)C(=O)N([C@@H](C)CO)C[C@H](C)[C@H](CN(C)S(C)(=O)=O)O3)cc1,10.0172,0.13862019311987128,0.13951846063380413,-0.0014744183560387782,0.14099287898984292,-0.050861700331663866
frozen_GE_teacher,Cc1ccc(-c2cnc3c(c2)C(=O)N([C@H](C)CO)C[C@@H](C)[C@@H](CN(C)S(C)(=O)=O)O3)cc1,10.0273,-0.2847334098515493,-0.29282559304968664,-0.0035367424470811454,-0.2892888506026055,-0.09718746370154062
frozen_GE_teacher,Cc1ccc(-c2cnc3c(c2)C(=O)N([C@H](C)CO)C[C@@H](C)[C@H](CN(C)C(=O)c2cccc(F)c2)O3)cc1,10.0791,-0.0538582705347017,-0.0539104371577367,-0.004219059846727713,-0.049691377311008984,0.3084341455504859
frozen_GE_teacher,Cc1ccc(-c2csc(-c3c[nH]c4ccccc34)n2)cc1,10.0,0.26570043428817797,0.2722319389467174,0.08204302649490153,0.19018891245181585,0.14154006497239197
frozen_GE_teacher,Cc1ccc(-c2nn(-c3ccccc3)cc2/C=C2\SC(=S)N(CCS(=O)(=O)O)C2=O)cc1,20.0,-0.1287264197571069,-0.12944459369133157,0.026612775213853176,-0.15605736890518473,0.06012448561003671
frozen_GE_teacher,Cc1ccc(-c2nnn(CC(=O)N(Cc3cccs3)C(C(=O)NC(C)(C)C)c3ccco3)n2)o1,10.0,0.48671097905542465,0.5317412411315128,0.2706680453799849,0.2610731957515279,0.1469542114358653
frozen_GE_teacher,Cc1ccc(-n2c(S)nnc2-c2cnccn2)cc1,10.0,-0.04734139296457277,-0.047376807894907905,-0.030207393281069927,-0.017169414613837978,0.20936729593086933
frozen_GE_teacher,Cc1ccc(-n2nc(C)c(C=C3C=Nc4ccccc43)c2O)cc1C,10.0,0.5287871851598311,0.5884600912280843,-0.024040734613998117,0.6125008258420824,-0.05858751603025072
frozen_GE_teacher,Cc1ccc(/C(=C\CN2CCCC2)c2ccccn2)cc1,10.0,-0.15814935225754875,-0.1594880018006174,-0.04314098063398436,-0.11634702116663304,-0.008073802537589964
frozen_GE_teacher,Cc1ccc(C(=O)NC(C)(COc2nonc2C)COc2nonc2C)cc1,10.0,0.3730756251001475,0.3919912826384779,-0.03511877519194386,0.4271100578304217,0.07065592298477641
frozen_GE_teacher,Cc1ccc(C(=O)NNc2ncnc3ccccc23)cc1,10.0,0.5284056390414686,0.5879305968677799,-0.052605236680176325,0.6405358335479563,-0.07843859969831896
frozen_GE_teacher,Cc1ccc(C(=O)Nc2ccccc2SCC2CSc3nc4ccccc4c(=O)n32)cc1,10.0,0.13254728540853267,0.133331803472897,0.10701031086317506,0.02632149260972194,0.05114023452722696
frozen_GE_teacher,Cc1ccc(C(C(=O)NC2CCCC2)N(Cc2ccc(F)cc2)C(=O)c2csnn2)o1,10.0,0.37869382394790985,0.39853391399801086,0.1337484845492245,0.26478542944878636,0.09403920170239383
frozen_GE_teacher,Cc1ccc(C)c(C(C)NC(=O)c2ccc(Br)o2)c1,10.0,0.5198784879583905,0.5761732232802976,0.13541594738279455,0.4407572758975031,-0.1346780117491486
frozen_GE_teacher,Cc1ccc(C)c(OCCCC(C)(C)C(=O)O)c1,10.0,0.30652810115532625,0.3167089376485296,0.05696123275022191,0.2597477048983077,-0.36105905224239454
frozen_GE_teacher,Cc1ccc(C2c3c(C)noc3N=C3CC(C)(C)CC(=O)C32)cc1,10.0,0.4069417908331422,0.4319405652369084,0.10374472478804597,0.3281958404488624,0.061144709141609244
frozen_GE_teacher,Cc1ccc(C=C2CNCC(=Cc3ccc(C)cc3)C2=O)cc1,10.0,0.5395461291333904,0.6035151258956739,-0.015193206593117146,0.6187083324887911,0.9047719992931808
frozen_GE_teacher,Cc1ccc(CC2(O)CCN(CCOc3ccc(O)cc3)CC2)cc1,10.0,0.17304716932301148,0.17480620183289905,0.0443014854295392,0.13050471640335987,-0.30744162754114696
frozen_GE_teacher,Cc1ccc(CN(C)C[C@H]2OCc3cnnn3CCCC(=O)N([C@H](C)CO)C[C@@H]2C)cc1,10.0072,0.05179049334448753,0.051836873115538605,0.0627026083011597,-0.010865735185621096,-0.08059016934667203
frozen_GE_teacher,Cc1ccc(C[N+](C)(C)C)o1,10.0,0.5782846828055727,0.6598817049525875,0.06262580077656826,0.5972559041760193,-0.1970264187562683
frozen_GE_teacher,Cc1ccc(Cn2ncc3c(N4CCN(c5ccccc5C)CC4)ncnc32)cc1,10.0,0.08836507657275029,0.0885961563903422,0.12148657576957657,-0.03289041937923437,0.4811947600320483
frozen_GE_teacher,Cc1ccc(N(C(=O)Cn2nnc3ccccc32)C(C(=O)NCc2ccco2)c2cccnc2)cc1,10.0,0.48161216338328927,0.5250811960194497,-0.023713352568289443,0.5487945485877391,-0.08578530732802397
frozen_GE_teacher,Cc1ccc(N2CC(C(=O)Nc3nccs3)CC2=O)cc1Cl,10.0,0.030496944400231166,0.03050640437930171,-0.10562109923561891,0.13612750361492063,0.45393551116551195
frozen_GE_teacher,Cc1ccc(NC(=O)CCC(=O)N/N=C/c2ccco2)c(C)c1,20.0,0.00016405527953386418,0.0001640552810056662,0.07388800170397263,-0.07372394642296697,0.4732719712448111
frozen_GE_teacher,Cc1ccc(NC(=O)CCC(=O)NN=Cc2ccco2)c(C)c1,20.0,0.1589959477476048,0.16035643433167626,0.03913743921537746,0.1212189951162988,0.08637632186388586
frozen_GE_teacher,Cc1ccc(NC(=O)CN(C)CC(=O)Nc2cccc(F)c2)cc1S(=O)(=O)N1CCCCCC1,10.0,0.18128623464983112,0.1833123116320272,-0.06193316844641657,0.24524548007844377,0.10265578989074772
frozen_GE_teacher,Cc1ccc(NC(=O)CSc2nc3sc(C)cc3c(=O)n2C)cc1,10.0,0.23063165922867124,0.2348565095546531,0.11740509970431834,0.11745140985033475,0.057163010041049234
frozen_GE_teacher,Cc1ccc(NC(=O)Nc2ccc3c(c2)C(=O)N(C)[C@H]2CC[C@H](CC(=O)NCC(F)(F)F)O[C@@H]2CO3)cc1,10.0081,-0.286879086771398,-0.29516213185129114,0.007364112569384363,-0.3025262444206755,0.07692504860304632
frozen_GE_teacher,Cc1ccc(NC(=O)c2ccc(CN3CCN(C)CC3)cc2)cc1Nc1nccc(-c2cccnc2)n1,10.0,0.038440316557788054,0.03845926724182639,0.01940108435089485,0.01905818289093154,0.2703664350342569
frozen_GE_teacher,Cc1ccc(NC(S)=NN=Cc2ccc(OCCC(C)C)cc2)c(C)c1,10.0,0.10165522563865399,0.10200757396611165,-0.038799379836202935,0.1408069538023146,0.2736716540519425
frozen_GE_teacher,Cc1ccc(NC2=CC(=O)c3sc(C)nc3C2=O)cc1,10.0,0.324240774167716,0.33637886788562327,-0.019696970086229247,0.3560758379718525,0.6114831261897218
frozen_GE_teacher,Cc1ccc(Nc2nc(-c3sc(NC(=O)c4ccco4)nc3C)cs2)cc1,10.0,0.2589206370473191,0.26495113674842324,-0.07581508398332842,0.34076622073175167,0.1903248737372264
frozen_GE_teacher,Cc1ccc(Nc2nc(N)nc(CSC(=S)N3CCOCC3)n2)cc1,10.0,0.34269063856296067,0.3571380207640795,-0.08728878609964008,0.4444268068637196,-0.11909873220159783
frozen_GE_teacher,Cc1ccc(O)c(NC(=S)NC(=O)c2ccccc2Cl)c1,10.0,0.29082175364825835,0.2994637063254695,-0.06851229779823773,0.36797600412370723,0.04992642444453239
frozen_GE_teacher,Cc1ccc(OC(=O)N(C)C[C@H]2OCc3cn(nn3)CCCC(=O)N([C@H](C)CO)C[C@H]2C)cc1,10.0472,-0.33390175257763216,-0.3472131983540879,-0.015438907512396387,-0.3317742908416915,-0.3731363868198029
frozen_GE_teacher,Cc1ccc(OCC(=O)c2c[nH]c3ccccc23)c([N+](=O)[O-])n1,10.0,0.29633694998835347,0.30549910797784646,0.008637913050006727,0.29686119492783974,0.16207485420468906
frozen_GE_teacher,Cc1ccc(OCCCn2c(CO)nc3ccccc32)cc1,10.0,0.07667081919739224,0.07682158560168612,0.12604186559291422,-0.049220279991228105,-0.08347838583700365
frozen_GE_teacher,Cc1ccc(S(=O)(=O)N(C)C)cc1NC(S)=NNC(=O)C(N)=O,10.0,0.331504931844909,0.3445180450941441,-0.02665501071555052,0.3711730558096946,-0.05991511734833369
frozen_GE_teacher,Cc1ccc(S(=O)(=O)N(C)C[C@@H]2Oc3cc(C#Cc4ccncc4)ccc3S(=O)(=O)N([C@@H](C)CO)C[C@@H]2C)cc1,10.0328,0.13786925581093246,0.13875289204245356,-0.0067069133138142265,0.1454598053562678,0.10704807856484502
frozen_GE_teacher,Cc1ccc(S(=O)(=O)N(C)C[C@@H]2Oc3cc(C#Cc4ccncc4)ccc3S(=O)(=O)N([C@H](C)CO)C[C@@H]2C)cc1,10.0419,0.1859986160657235,0.18818917324931436,0.024281794188587856,0.1639073790607265,0.22921538732229405
frozen_GE_teacher,Cc1ccc(S(=O)(=O)N(C)C[C@@H]2Oc3ncc(Br)cc3C(=O)N([C@@H](C)CO)C[C@@H]2C)cc1,10.0176,-0.05753135376840895,-0.05759495363172539,0.039754087207230206,-0.0973490408389556,0.0997949635374604
frozen_GE_teacher,Cc1ccc(S(=O)(=O)N(C)C[C@H]2OCCCC[C@@H](C)Oc3ccc(N(C)C)cc3C(=O)N([C@H](C)CO)C[C@@H]2C)cc1,10.2219,0.08754716967610635,0.08777187255610594,-0.061962157240064285,0.14973402979617023,0.12981394816826416
frozen_GE_teacher,Cc1ccc(S(=O)(=O)N(C)C[C@H]2OCCCC[C@@H](C)Oc3ccc(N(C)C)cc3C(=O)N([C@H](C)CO)C[C@H]2C)cc1,9.971203,0.20185127844804668,0.2046617155412437,-0.025090317977154556,0.22975203351839826,0.23021221679271694
frozen_GE_teacher,Cc1ccc(S(=O)(=O)N(C)C[C@H]2OCc3ccccc3-c3ccccc3C(=O)N([C@@H](C)CO)C[C@H]2C)cc1,10.2208,-0.1618459011296751,-0.1632816704837642,-0.020107327864024846,-0.14317434261973938,0.3120618567667554
frozen_GE_teacher,Cc1ccc(S(=O)(=O)N(C)C[C@H]2OCc3cn(nn3)CCCC(=O)N([C@H](C)CO)C[C@@H]2C)cc1,10.0337,0.11222411797044299,0.11269883670234192,0.09333346839052716,0.019365368311814762,-0.0855334966493031
frozen_GE_teacher,Cc1ccc(S(=O)(=O)N(C)C[C@H]2OCc3cnnn3CCCC(=O)N([C@H](C)CO)C[C@H]2C)cc1,10.0328,0.2354164030022923,0.23991599633731886,0.051788833624251206,0.18812716271306765,-0.07680424690141685
frozen_GE_teacher,Cc1ccc(S(=O)(=O)N(C)C[C@H]2Oc3c(NC(=O)Nc4ccccc4)cccc3C(=O)N([C@H](C)CO)C[C@@H]2C)cc1,10.0662,0.05774762458535584,0.0578119453634843,-0.018256799310014206,0.0760687446734985,-0.09779894570515407
frozen_GE_teacher,Cc1ccc(S(=O)(=O)N2C[C@@H](O)COC[C@@H]3O[C@@H](CC(=O)NCc4ccc5c(c4)OCO5)CC[C@H]32)cc1,10.0965,0.5151774208497042,0.5697524063664898,0.010897180913522427,0.5588552254529674,-0.23609976123400983
frozen_GE_teacher,Cc1ccc(S(=O)(=O)N2C[C@H](O)COC[C@H]3O[C@@H](CC(=O)N4CCc5ccccc5C4)CC[C@@H]32)cc1,9.981109,0.018756406925714574,0.018758606908938973,0.007054118119839992,0.011704488789098981,-0.05206786115887938
frozen_GE_teacher,Cc1ccc(S(=O)(=O)N2C[C@H](O)COC[C@H]3O[C@@H](CC(=O)NCc4ccc5c(c4)OCO5)CC[C@@H]32)cc1,10.0384,-0.051561551138077366,-0.05160731790128273,0.14227817626811168,-0.1938854941693944,-0.23657782223156076
frozen_GE_teacher,Cc1ccc(S(=O)(=O)N2C[C@H](O)COC[C@H]3O[C@H](CC(=O)NCc4ccc5c(c4)OCO5)CC[C@@H]32)cc1,10.0571,0.28005618722798853,0.28774304053688715,0.055821051261360194,0.23192198927552696,-0.14329364618737783
frozen_GE_teacher,Cc1ccc(S(=O)(=O)NC(=O)Nc2c(C)n(C)n(-c3ccccc3)c2=O)cc1,10.0,0.1861271314935969,0.18832229735306258,0.1341895771883025,0.05413272016476009,0.1386921675159145
frozen_GE_teacher,Cc1ccc(S(=O)(=O)NC2CCCCCCC2)cc1,20.0,-0.09601277649747143,-0.09630944891479021,0.05494349980152145,-0.15125294871631167,0.05276507406291134
frozen_GE_teacher,Cc1ccc(S(=O)(=O)NCCC(=O)NC2CCCC2)cc1,10.0,-0.16974494117927694,-0.17140402583337855,0.004112852471019272,-0.17551687830439783,-0.08991227027685622
frozen_GE_teacher,Cc1ccc(S(=O)(=O)NCC[C@@H]2CC[C@@H](NC(=O)CC3CC3)[C@@H](CO)O2)cc1,10.0411,-0.1363049517000564,-0.13715862675486953,0.04179024569611,-0.17894887245097954,-0.2041877963339732
frozen_GE_teacher,Cc1ccc(S(=O)(=O)NCC[C@@H]2CC[C@H](NC(=O)c3cccc(F)c3)[C@H](CO)O2)cc1,10.0578,-0.4111884381248191,-0.43704064436070117,0.026005421985256866,-0.463046066345958,0.051786380475734695
frozen_GE_teacher,Cc1ccc(S(=O)(=O)NCC[C@H]2CC[C@@H](NC(=O)c3cccc(F)c3)[C@@H](CO)O2)cc1,10.0759,-0.03920513645584639,-0.039225241657222534,0.03118753421815177,-0.07041277587537431,-0.05807650193506203
frozen_GE_teacher,Cc1ccc(S(=O)(=O)N[C@@H]2C=C[C@@H](CC(=O)NCCN3CCCCC3)O[C@@H]2CO)cc1,10.0236,0.5875023600486582,0.6738433664911387,0.04079097113120907,0.6330523953599296,-0.019491667047789533
frozen_GE_teacher,Cc1ccc(S(=O)(=O)N[C@@H]2CC[C@@H](CC(=O)N3CCc4ccccc4C3)O[C@@H]2CO)cc1,10.0416,0.16932388533578815,0.1709705099037382,0.05211302106333083,0.11885748884040737,-0.04804408257134129
frozen_GE_teacher,Cc1ccc(S(=O)(=O)N[C@@H]2CC[C@@H](CC(=O)N3CCc4ccccc4C3)O[C@H]2CO)cc1,10.0215,0.20341906254373504,0.20629663132636517,-0.06292651527854941,0.2692231466049146,-0.03556450724229085
frozen_GE_teacher,Cc1ccc(S(=O)(=O)N[C@@H]2CC[C@@H](CC(=O)O)O[C@H]2CO)cc1,10.0446,-0.09987629791855872,-0.10021039769428054,-0.04685668118758472,-0.05335371650669582,0.1503425189803569
frozen_GE_teacher,Cc1ccc(S(=O)(=O)N[C@@H]2CC[C@H](CC(=O)NCCCN(C)C)O[C@@H]2CO)cc1,10.0385,-0.2798232593996569,-0.2874903069216831,-0.10013149818639792,-0.18735880873528515,0.15966263637265787
frozen_GE_teacher,Cc1ccc(S(=O)(=O)N[C@@H]2CC[C@H](CCNC(=O)c3ccccc3F)O[C@H]2CO)cc1,10.0466,-0.2655976477394083,-0.2721213480641562,-0.13883019578434574,-0.13329115227981048,0.4739574450111466
frozen_GE_teacher,Cc1ccc(S(=O)(=O)N[C@@H]2CC[C@H](CCn3cc(-c4cccnc4)nn3)O[C@@H]2CO)cc1,10.0364,-0.24882441075413914,-0.25415924234600107,-0.04556935302455069,-0.2085898893214504,0.29735434275029426
frozen_GE_teacher,Cc1ccc(S(=O)(=O)N[C@H]2C=C[C@@H](CC(=O)N3CCC(Cc4ccccc4)CC3)O[C@H]2CO)cc1,10.0177,-0.021891587611304403,-0.021895085737111856,0.04870320663455385,-0.0705982923716657,0.03202242634157845
frozen_GE_teacher,Cc1ccc(S(=O)(=O)N[C@H]2C=C[C@H](CC(=O)NCCN3CCCCC3)O[C@@H]2CO)cc1,10.016,0.44224992669553864,0.4750243287845092,-0.06326597730908867,0.5382903060935978,-0.26575606857111567
frozen_GE_teacher,Cc1ccc(S(=O)(=O)N[C@H]2CC[C@@H](CC(=O)N3CCc4ccccc4C3)O[C@H]2CO)cc1,10.0299,-0.17101313159949166,-0.17271013140929328,-0.07024524913151911,-0.10246488227777417,-0.19851424490090738
frozen_GE_teacher,Cc1ccc(S(=O)(=O)N[C@H]2CC[C@H](CC(=O)NCc3ccncn3)O[C@@H]2CO)cc1,10.0181,0.19113480166589758,0.19351473544862396,-0.05542233805028063,0.2489370734989046,0.09150762638983098
frozen_GE_teacher,Cc1ccc(S(=O)(=O)N[C@H]2CC[C@H](CC(=O)O)O[C@@H]2CO)cc1,10.0258,-0.051335420734123643,-0.051380587352674006,-0.03570772590910827,-0.015672861443565736,0.0073664429751399176
frozen_GE_teacher,Cc1ccc(S(=O)(=O)N[C@H]2CC[C@H](CCNC(=O)C3CCCCC3)O[C@H]2CO)cc1,10.0096,0.4444125829351736,0.47771601887200055,0.043242156239415984,0.4344738626325846,-0.30152078143898264
frozen_GE_teacher,Cc1ccc(S(=O)(=O)Nc2ccc3c(c2)C(=O)N(C)[C@@H]2CC[C@@H](CC(=O)NCCc4ccncc4)O[C@H]2CO3)cc1,10.1024,0.10370772249729036,0.10408194265946491,-0.022724592711584155,0.12680653537104908,0.28729382613744725
frozen_GE_teacher,Cc1ccc(S(=O)(=O)Nc2ccc3c(c2)C(=O)N(C)[C@@H]2CC[C@H](CC(=O)NCCc4ccncc4)O[C@H]2CO3)cc1,9.95369,0.13176084807425226,0.13253138706409093,-0.009035139390698988,0.14156652645478993,0.07232503094285378
frozen_GE_teacher,Cc1ccc(S(=O)(=O)Nc2ccc3c(c2)C(=O)N([C@@H](C)CO)C[C@@H](C)[C@@H](CN(C)C(=O)NC(C)C)O3)cc1,10.4287,0.282732181707641,0.2906491509811047,-0.0626913975862905,0.3533405485673952,0.13554234550177813
frozen_GE_teacher,Cc1ccc(S(=O)(=O)Nc2ccc3c(c2)C(=O)N([C@@H](C)CO)C[C@H](C)[C@H](CN(C)C)OCCCC[C@@H](C)O3)cc1,9.81689,0.4632860205117103,0.5014872793461965,0.0864806211842756,0.41500665816192095,-0.06388981880238286
frozen_GE_teacher,Cc1ccc(S(=O)(=O)Nc2ccc3c(c2)C(=O)N([C@H](C)CO)C[C@H](C)[C@@H](CN(C)C)OCCCC[C@@H](C)O3)cc1,9.8766,-0.02901817236196703,-0.029026321438744524,0.02663850440869939,-0.055664825847443915,0.06788644013985719
frozen_GE_teacher,Cc1ccc(S(=O)(=O)Nc2ccc3c(c2)C(=O)N([C@H](C)CO)C[C@H](C)[C@H](CN(C)C)OCCCC[C@@H](C)O3)cc1,10.1373,0.019917247289302407,0.019919881618702485,-0.00023959921416185498,0.02015948083286434,0.13453450994049015
frozen_GE_teacher,Cc1ccc2[nH]c(SCc3ccc([N+](=O)[O-])cc3)nc2c1,10.0,0.16625103438494415,0.1678086412530683,-0.18048780370280146,0.34829644495586976,0.327133918641059
frozen_GE_teacher,Cc1ccc2c(COn3nnc4ccc(S(=O)(=O)N(C)C)cc43)cc(=O)oc2c1C,10.0,0.337934735152921,0.3517591615629957,0.06614741215610659,0.2856117494068891,0.26108501726598726
frozen_GE_teacher,Cc1ccc2c(c1)COc1c3ccc(C(=O)N[C@@H](C)CO)cc3nn1-2,10.0,0.5038193211931837,0.5544116164629747,-0.01287168680978915,0.5672833032727638,-0.19785110982942838
frozen_GE_teacher,Cc1ccc2nc(NCCC(=O)O)nc(-c3ccccc3)c2c1,10.0,0.42453246768610287,0.4532080679647137,0.18030282851417606,0.27290523945053763,-0.11028037302600928
frozen_GE_teacher,Cc1ccc2nc(O)c(COC(=O)c3cccs3)cc2c1,10.0,0.6572417776508479,0.7879423060822537,-0.027619939119245488,0.8155622452014992,-0.30868181338752115
frozen_GE_teacher,Cc1ccc2oc(Nc3nc(C)c(C)c(C)n3)nc2c1,10.0,0.3095809199802587,0.32008184051633715,0.18774843567502947,0.13233340484130768,0.3554583133521429
frozen_GE_teacher,Cc1cccc(-n2c(Cc3cc(O)nc(O)n3)nnc2SC(C)C)c1,10.0,0.16102118926045014,0.16243489081468676,0.02366188745506699,0.13877300335961978,0.1754026645727213
frozen_GE_teacher,Cc1cccc(-n2c(N)c(-c3nc4ccccc4n3C)c3nc4ccccc4nc32)c1,10.0,0.24313940701031506,0.24810807981271332,0.17397966984638052,0.0741284099663328,-0.08513725559997068
frozen_GE_teacher,Cc1cccc(-n2ncc3c(N4CCC5(CC4)OCCO5)ncnc32)c1,10.0,-0.25168896220854226,-0.2572151852937459,-0.030924319218823874,-0.226290866074922,0.19735016013982257
frozen_GE_teacher,Cc1cccc(C2CC(c3ccccc3)=NN2c2ccc(S(N)(=O)=O)cc2)c1,20.0,0.11332751114410926,0.11381644415639135,-0.07545896396531598,0.18927540812170734,0.14700319128744932
frozen_GE_teacher,Cc1cccc(C=Cc2ccccc2)n1,10.0,0.29221024994591854,0.3009811584342113,0.030169564232633908,0.2708115942015774,0.7710326812452172
frozen_GE_teacher,Cc1cccc(CN2CCN(C(c3ccccc3)c3ccc(Cl)cc3)CC2)c1,10.0,-0.1279869565272911,-0.12869274336040226,0.003907579596969562,-0.1326003229573718,-0.006557149919657022
frozen_GE_teacher,Cc1cccc(COc2ccc(C=NNC(=O)c3nnn(-c4nonc4N)c3CN3CCCCC3)cc2)c1,20.0,0.3016863674899025,0.3113737882395756,0.08093274199712411,0.2304410462424515,0.10105974755802943
frozen_GE_teacher,Cc1cccc(N2CCN(C(=O)c3cc(S(=O)(=O)N(C)C)ccc3Cl)CC2)c1C,20.0,0.10605554372597698,0.10645587869617447,0.06233653398618489,0.04411934470998958,0.14455548744432423
frozen_GE_teacher,Cc1cccc(N=C(S)Nc2cccc(C(F)(F)F)c2)n1,10.0,0.10577975203673615,0.10617695791892065,0.028587639467209932,0.07758931845171071,0.18268084207726806
frozen_GE_teacher,Cc1cccc(N=Cc2c(O)cc(C)oc2=O)c1,10.0,0.3647110597281915,0.3823090439533012,-0.0283763166839361,0.41068536063723726,0.1047320890012008
frozen_GE_teacher,Cc1cccc(NC(=O)CSc2ccc(-c3ccco3)nn2)c1,10.0,0.08638657186232027,0.08660242983504678,-0.035175142382292184,0.12177757221733895,0.10955162520462308
frozen_GE_teacher,Cc1cccc(Nc2cc(Cl)nc(SCC(=O)O)n2)c1C,10.0,0.03481189792764838,0.03482597063942308,-0.004842323504217533,0.03966829414364061,-0.057428999173845016
frozen_GE_teacher,Cc1cccc(Nc2nc(N)nc(CCl)n2)c1,10.0,0.4804712055491893,0.5235967309853092,-0.037521658825769175,0.5611183898110784,-0.34996390266103417
frozen_GE_teacher,Cc1cccc(Nc2nc3ccccc3n3nnnc23)c1,10.0,0.5358742555607447,0.5983497645141984,-0.06230624144105791,0.6606560059552563,-0.11442777081164172
frozen_GE_teacher,Cc1cccc(OCCNC(=O)c2nc[nH]n2)c1,10.0,0.5801898662611253,0.6627488703905988,0.06019123170385314,0.6025576386867457,0.39060688309130304
frozen_GE_teacher,Cc1cccc(S(=O)(=O)N(C)C[C@@H]2OCc3cnnn3CCCC(=O)N([C@H](C)CO)C[C@@H]2C)c1,10.0247,0.027297051407849993,0.02730383438230408,0.05088603768628788,-0.023582203303983803,-0.026989449360951236
frozen_GE_teacher,Cc1cccc(S(=O)(=O)N(C)C[C@@H]2OCc3cnnn3CCCC(=O)N([C@H](C)CO)C[C@H]2C)c1,10.0356,0.035540746203286996,0.03555572192252378,0.0492334463113012,-0.013677724388777422,-0.35448478799203514
frozen_GE_teacher,Cc1cccc(S(=O)(=O)N(C)C[C@H]2OCc3ccccc3-c3c(n(C)c4ccccc34)C(=O)N([C@H](C)CO)C[C@H]2C)c1,9.97374,-0.18794686367651678,-0.19020799726729445,0.06692784734584922,-0.25713584461314365,-0.04939649894373296
frozen_GE_teacher,Cc1cccc(S(=O)(=O)N[C@@H]2CC[C@@H](CCNS(=O)(=O)c3ccccc3F)O[C@@H]2CO)c1,10.1029,0.2003995789037681,0.20314881675492158,0.005203548835046366,0.1979452679198752,0.11061691409995501
frozen_GE_teacher,Cc1cccc(S(=O)(=O)N[C@@H]2CC[C@H](CCNC(=O)Nc3cc(F)ccc3F)O[C@@H]2CO)c1,10.1591,0.22869596799214245,0.23281303343514775,0.1894472906514735,0.04336574278367425,0.045939439840042146
frozen_GE_teacher,Cc1cccc(S(=O)(=O)N[C@@H]2CC[C@H](CCNC(=O)c3cnccn3)O[C@@H]2CO)c1,10.0287,0.3842290579563351,0.4050117898687772,0.12305478641375621,0.28195700345502095,-0.12422675364905024
frozen_GE_teacher,Cc1cccc(S(=O)(=O)N[C@@H]2CC[C@H](CCNS(=O)(=O)c3ccccc3F)O[C@H]2CO)c1,10.0526,-0.1053544485695907,-0.10574686127046298,0.06876234346702656,-0.17450920473748954,0.033294132958168215
frozen_GE_teacher,Cc1cccc2cc(CN(Cc3ccc(F)cc3)C(=O)N3CCOCC3)c(O)nc12,10.0,-0.22484581272357473,-0.2287541435014429,0.08972647724932398,-0.3184806207507669,-0.1437134961951359
frozen_GE_teacher,Cc1cccc2sc(N(CCCN(C)C)C(=O)c3ccc(S(=O)(=O)N4CCc5ccccc5C4)cc3)nc12,10.0,0.30809052207393656,0.3184343006428012,0.05350337076390953,0.26493092987889166,0.20306289692686214
frozen_GE_teacher,Cc1ccccc1-c1ccc2c(c1)O[C@@H](CN(C)C(=O)Nc1ccc(F)cc1)[C@H](C)CN([C@H](C)CO)S2(=O)=O,10.067,-0.014350124622788545,-0.014351109766132625,0.03263897815631957,-0.04699008792245219,0.25775746809607647
frozen_GE_teacher,Cc1ccccc1-c1ccc2c(c1)O[C@@H](CN(C)C(=O)c1ccccn1)[C@H](C)CN([C@H](C)CO)S2(=O)=O,10.1781,0.22099359421984535,0.22470047941986962,-0.040268507768978175,0.2649689871888478,0.07923442633318663
frozen_GE_teacher,Cc1ccccc1-c1ccc2c(c1)O[C@H](CN(C)C(=O)c1ccccn1)[C@H](C)CN([C@@H](C)CO)S2(=O)=O,10.0654,-0.05841962178986042,-0.058486217390153285,-0.04674338531071149,-0.011742832079441795,-0.11003451028158626
frozen_GE_teacher,Cc1ccccc1-c1ccc2c(c1)O[C@H](CN(C)C(=O)c1ccccn1)[C@H](C)CN([C@H](C)CO)S2(=O)=O,10.0554,0.21855465680084168,0.22213775938768004,0.004663496593602119,0.21747426279407792,-0.09420355395020483
frozen_GE_teacher,Cc1ccccc1-c1cnc2c(c1)C(=O)N([C@@H](C)CO)C[C@@H](C)[C@H](CN(C)C(=O)CC1CC1)O2,9.9746,0.20695309493702185,0.20998599535563178,-0.03751289617345803,0.24749889152908983,0.12528456060700888
frozen_GE_teacher,Cc1ccccc1-c1cnc2c(c1)C(=O)N([C@@H](C)CO)C[C@H](C)[C@H](CN(C)C(=O)CC1CC1)O2,10.0282,-0.00942265919889168,-0.009422938082078823,-0.04178318161672295,0.03236024353464413,0.21754663955112868
frozen_GE_teacher,Cc1ccccc1-c1cnc2c(c1)C(=O)N([C@H](C)CO)C[C@@H](C)[C@@H](CN(C)Cc1cncnc1)O2,10.0203,-0.24329991550947724,-0.24827868032259445,0.0021904514023974257,-0.25046913172499186,0.16384250864798322
frozen_GE_teacher,Cc1ccccc1-c1cnc2c(c1)C(=O)N([C@H](C)CO)C[C@@H](C)[C@H](CN(C)Cc1cncnc1)O2,10.0352,0.5156584703069381,0.5704074798259581,0.13271001034497648,0.4376974694809816,-0.15128095955676246
frozen_GE_teacher,Cc1ccccc1-c1cnc2c(c1)C(=O)N([C@H](C)CO)C[C@H](C)[C@H](CN(C)C(=O)CC1CC1)O2,10.0663,0.07298144563035837,0.07311143478220891,0.02248643043520319,0.05062500434700572,-0.07345054435640239
frozen_GE_teacher,Cc1ccccc1-n1nnnc1SCc1cc(=O)n2ccsc2n1,10.0,0.25181229932024257,0.25734686825866004,0.10149837928997144,0.1558484889686886,0.09124375786125513
frozen_GE_teacher,Cc1ccccc1C(=O)C(C#N)N=Nc1c(C)n(C)n(-c2ccccc2)c1=O,10.0,0.33956062488165994,0.35359580694686965,0.08266779085148468,0.27092801609538497,0.023653981460613427
frozen_GE_teacher,Cc1ccccc1C=NNC(=O)c1csnn1,10.0,0.5065395599054654,0.558063961980127,0.17080688566780072,0.38725707631232625,-0.20915309249949832
frozen_GE_teacher,Cc1ccccc1CN(C)C[C@@H]1OCc2cn(nn2)CCCC(=O)N([C@@H](C)CO)C[C@H]1C,10.1046,0.29874021554250013,0.30813579950758163,-0.104294556475195,0.41243035598277666,-0.10239666853604812
frozen_GE_teacher,Cc1ccccc1Cn1c(O)c(N=NC(S)=Nc2ccccc2F)c2ccccc21,10.0,-0.20106454362021445,-0.20384170009951896,0.07728995846969405,-0.281131658569213,-0.2935114783224475
frozen_GE_teacher,Cc1ccccc1N(CC(=O)NN=Cc1cc(Br)c(C)o1)S(C)(=O)=O,10.0,0.15130786222316686,0.15247867178109303,0.058949394827395224,0.09352927695369781,-0.07074166846760617
frozen_GE_teacher,Cc1ccccc1S(=O)(=O)Cc1ccc(C(=O)N2CCN(c3ncccn3)CC2)o1,10.0,0.27188156953448034,0.27889445983841915,0.12313755829292118,0.15575690154549798,-0.033860014821085596
frozen_GE_teacher,Cc1ccccc1S(=O)(=O)N(C)C[C@@H]1OCc2ccccc2-c2ccccc2C(=O)N([C@@H](C)CO)C[C@H]1C,9.7943,-0.28989487565674044,-0.298451490382816,0.08054799461269826,-0.3789994849955143,0.012021992806527534
frozen_GE_teacher,Cc1ccccc1S(=O)(=O)N(C)C[C@@H]1OCc2ccccc2-c2ccccc2C(=O)N([C@H](C)CO)C[C@H]1C,10.2761,0.08938226003538328,0.08962143816191377,0.1380399004553101,-0.04841846229339632,-0.2657391428901016
frozen_GE_teacher,Cc1ccccc1S(=O)(=O)N(C)C[C@@H]1OCc2cnnn2CCCC(=O)N([C@H](C)CO)C[C@H]1C,10.0311,-0.009216437487836019,-0.00921669845755951,0.09568162019488388,-0.1048983186524434,0.01166815798135612
frozen_GE_teacher,Cc1ccccc1S(=O)(=O)N(C)C[C@H]1OCc2ccccc2-c2c(n(C)c3ccccc23)C(=O)N([C@H](C)CO)C[C@@H]1C,9.95353,0.5939948862681629,0.6838164481555841,0.06272765750096992,0.6210887906546141,0.005920772091057694
frozen_GE_teacher,Cc1ccccc1S(=O)(=O)N(C)C[C@H]1OCc2ccccc2-c2c(n(C)c3ccccc23)C(=O)N([C@H](C)CO)C[C@H]1C,9.87622,0.023110574383349194,0.023114690144543298,-0.04832031473695566,0.07143500488149895,0.18072782201320856
frozen_GE_teacher,Cc1ccccc1S(=O)(=O)N(C)C[C@H]1OCc2cn(nn2)CCCC(=O)N([C@H](C)CO)C[C@H]1C,10.1844,0.09756570675162543,0.09787706517156934,0.020159143203800516,0.07771792196776883,-0.05345734564680715
frozen_GE_teacher,Cc1ccccc1S(=O)(=O)NCC[C@@H]1CC[C@H](NS(=O)(=O)c2ccccc2C)[C@@H](CO)O1,10.1666,-0.4908752839979274,-0.5372128286184411,-0.08766907725092983,-0.4495437513675113,0.5867319722493466
frozen_GE_teacher,Cc1ccccc1S(=O)(=O)N[C@@H]1CC[C@@H](CCn2cc(-c3ccc(F)cc3)nn2)O[C@@H]1CO,10.103283,0.052167509142443336,0.052214910305163925,0.08221836610007571,-0.030003455794911787,0.10850278827651283
frozen_GE_teacher,Cc1ccccc1S(=O)(=O)N[C@@H]1CC[C@H](CCn2cc(-c3ccc(F)cc3)nn2)O[C@H]1CO,10.1042,-0.26715447201893233,-0.27379707608712006,0.11350696862895432,-0.3873040447160744,-0.17300212098252513
frozen_GE_teacher,Cc1ccccc1S(=O)(=O)Nc1ccc2c(c1)C(=O)N(C)[C@@H]1CC[C@H](CC(=O)O)O[C@H]1CO2,10.0104,0.20246772105733,0.20530442471046936,-0.0026260985165592714,0.20793052322702862,0.09797726137094138
frozen_GE_teacher,Cc1cccn2c(=O)c3cc(C(=O)NCCN4CCOCC4)c(=N)n(Cc4cccnc4)c3nc12,10.0,0.12521640241226445,0.12587705755640882,0.00012015501249886679,0.12575690254390995,0.2304474472151191
frozen_GE_teacher,Cc1ccnc(N)c1,10.0,0.2344645375303673,0.2389085211382327,0.09483971532338265,0.14406880581485004,-0.007189402732077493
frozen_GE_teacher,Cc1ccsc1C=Nn1c(S)nnc1-c1cc(-c2ccccc2)[nH]n1,10.0,0.4103021101323793,0.43597443412074965,0.06901004137424459,0.36696439274650505,0.012717226144376537
frozen_GE_teacher,Cc1cnc(NC(=O)C2C(=O)c3ccccc3S(=O)(=O)N2C)s1,10.0,-0.06274318955738474,-0.06282571844920454,0.013664970839859375,-0.07649068928906391,-0.003461635451828319
frozen_GE_teacher,Cc1cnc(NC(=O)C2CCCC2)s1,10.0,0.42167373807268477,0.4497259844237772,-0.004140987185430864,0.4538669716092081,0.16227695414541965
frozen_GE_teacher,Cc1coc(C)c1C(=O)CC1(O)C(=O)N(CCc2ccccc2)c2ccccc21,10.0,0.7548359823173717,0.9841016138390248,0.05914222611585375,0.9249593877231711,-0.07289187524782095
frozen_GE_teacher,Cc1nc(C(=N)NOC(=O)c2ccccc2Cl)c(C(F)(F)F)o1,10.0,0.2183801482897771,0.22195450448496545,0.08103395774187078,0.14092054674309468,0.004147393137217625
frozen_GE_teacher,Cc1nc(N2[C@@H](C#N)[C@@H](c3ccccc3)[C@@H]2CO)sc1C,10.0589,0.09450161248681765,0.09478444683645652,0.10807229667114432,-0.013287849834687795,-0.10900866771940934
frozen_GE_teacher,Cc1nc2c(cc1C(=O)/C=C/c1ccc(Br)cc1)CCCC2,10.0,0.6420860280380205,0.7617150125631558,-0.02571093432814485,0.7874259468913006,0.12931727642054108
frozen_GE_teacher,Cc1nc2sccn2c(=O)c1CCN1CCC(=C(c2ccc(F)cc2)c2ccc(F)cc2)CC1,10.0,0.39075079123983714,0.41268581204617394,-0.013056917678771363,0.4257427297249453,0.09782727477725497
frozen_GE_teacher,Cc1nn(-c2cccc(Cl)c2)c(Cl)c1C=NNC(=O)c1cccs1,10.0,-0.6188486172514926,-0.7231369095928977,0.13131884390351456,-0.8544557534964122,-0.5383336087478736
frozen_GE_teacher,Cc1nn(C)cc1NC(=O)C[C@@H]1CC[C@@H]2[C@H](COc3ccc(NC(=O)C4CCOCC4)cc3C(=O)N2C)O1,9.99537,0.433543689356693,0.46425240315758143,0.009783424508682453,0.45446897864889896,-0.141092078106223
frozen_GE_teacher,Cc1nn(C)cc1NC(=O)C[C@H]1CC[C@H]2[C@H](COc3ccc(NC(=O)c4cccc(F)c4)cc3C(=O)N2C)O1,10.0021,-0.49804301698304304,-0.5467002275615889,0.047444017433541735,-0.5941442449951306,0.21200575912332878
frozen_GE_teacher,Cc1nn(Cc2c(F)c(F)c(F)c(F)c2F)c(C)c1NC(=O)c1ccc(COc2ccc(Cl)cc2Cl)o1,10.0,0.46959792039105397,0.5095543795597909,0.16877954328471245,0.34077483627507843,0.06500489150850094
frozen_GE_teacher,Cc1nn(Cc2ccc(C(=O)Nc3ccc(C(=O)OC(C)C)cc3)o2)c(C)c1Cl,10.0,0.08695748044830064,0.08717765958609104,0.0916325555317859,-0.004454895945694856,0.028959047029041493
frozen_GE_teacher,Cc1nnc2ccc(-c3cccc(C(F)(F)F)c3)nn12,10.0,0.3592008918462382,0.3759681112648136,-0.026783510173257013,0.40275162143807064,0.11555197365424871
frozen_GE_teacher,Cc1nnc2ccc(N3CCCC3)nn12,10.0,0.20141877751819176,0.20421088534199142,0.055986325968783696,0.14822455937320772,0.0779232508181519
frozen_GE_teacher,Cc1noc(C)c1C(=O)N(C)C[C@@H]1OCc2ccccc2-c2c(n(C)c3ccccc23)C(=O)N([C@@H](C)CO)C[C@H]1C,10.1449,0.2775785058995143,0.28505650877513783,-0.06256253496250716,0.34761904373764496,0.129096292519105
frozen_GE_teacher,Cc1noc(C)c1C(=O)N(C)C[C@@H]1OCc2ccccc2-c2ccccc2C(=O)N([C@@H](C)CO)C[C@H]1C,9.67398,-0.036539383658383585,-0.0365556582647498,0.2562239835883954,-0.2927796418531452,-0.22180822819786136
frozen_GE_teacher,Cc1noc(C)c1NC(=O)N(C)C[C@@H]1OCCCC[C@H](C)Oc2ccc(N(C)C)cc2C(=O)N([C@H](C)CO)C[C@@H]1C,9.97997,0.222192141654106,0.22596091889899442,0.0135702861296946,0.21239063276929981,0.14200248954424088
frozen_GE_teacher,Cc1noc(C)c1NC(=O)N(C)C[C@@H]1OCc2ccccc2-c2ccccc2C(=O)N([C@@H](C)CO)C[C@H]1C,9.73238,0.13499629031697308,0.13582543294669244,0.08470366755713653,0.051121765389555915,-0.027369648488593426
frozen_GE_teacher,Cc1noc(C)c1NC(=O)N(C)C[C@H]1OCCCC[C@@H](C)Oc2ccc(N(C)C)cc2C(=O)N([C@H](C)CO)C[C@H]1C,10.0552,-0.3935371690037401,-0.4159785388065074,0.07155904652403935,-0.4875375853305468,0.11517641491857036
frozen_GE_teacher,Cc1noc(C)c1NC(=O)N(C)C[C@H]1OCc2ccccc2-c2c(n(C)c3ccccc23)C(=O)N([C@@H](C)CO)C[C@@H]1C,9.70671,-0.05486501301859146,-0.054920163659659293,0.16334232844012947,-0.21826249209978876,0.1574950152091002
frozen_GE_teacher,Cc1noc(C)c1NC(=O)N(C)C[C@H]1OCc2ccccc2-c2c(n(C)c3ccccc23)C(=O)N([C@@H](C)CO)C[C@H]1C,10.1045,0.0635599712961133,0.06364577070277772,0.04362376070707076,0.020022009995706955,-0.09433542625710586
frozen_GE_teacher,Cc1noc(C)c1NC(=O)N(C)C[C@H]1Oc2cc(C#CCC3CCCC3)ccc2S(=O)(=O)N([C@@H](C)CO)C[C@H]1C,10.0732,0.04491396676280042,0.04494420448529529,0.020097662126839194,0.024846542358456097,-0.11025602283533827
frozen_GE_teacher,Cc1noc(C)c1NC(=O)N(C)C[C@H]1Oc2cc(C#CCC3CCCC3)ccc2S(=O)(=O)N([C@H](C)CO)C[C@@H]1C,9.99848,0.7120289730968139,0.8912873030258128,0.13792443975968205,0.7533628632661308,0.2301843049195731
frozen_GE_teacher,Cc1noc(C)c1NC(=O)N(C)C[C@H]1Oc2ccc(N(C)C)cc2CC(=O)N([C@@H](C)CO)C[C@@H]1C,10.3008,0.018893301018447252,0.01889554953094489,0.08029859061147315,-0.06140304108052826,-0.07564134893232219
frozen_GE_teacher,Cc1noc(C)c1NC(=O)N(C)C[C@H]1Oc2ncc(/C=C/c3ccccc3)cc2C(=O)N([C@@H](C)CO)C[C@@H]1C,10.0301,-0.3061168509345882,-0.31625510249646166,0.015007306505575819,-0.33126240900203746,0.0872997013864688
frozen_GE_teacher,Cc1noc(C)c1NC(=O)N(C)C[C@H]1Oc2ncc(/C=C/c3ccccc3)cc2C(=O)N([C@@H](C)CO)C[C@H]1C,10.0727,-0.0035448828614059093,-0.003544897710080371,0.04585265377913282,-0.04939755148921319,-0.10640898657987849
frozen_GE_teacher,Cc1noc(C)c1NC(=O)N1C[C@@H](O)COC[C@@H]2O[C@@H](CC(=O)NCC3CC3)CC[C@H]21,10.0309,0.24148232167106579,0.2463476299392308,0.03534466880725758,0.2110029611319732,0.09647664871102063
frozen_GE_teacher,Cc1noc(C)c1NC(=O)N1C[C@@H](O)COC[C@@H]2O[C@H](CC(=O)N3CCc4ccccc4C3)CC[C@H]21,10.0055,-0.26264900004213576,-0.2689515700870747,0.04639861176337205,-0.3153501818504468,0.37869120667456485
frozen_GE_teacher,Cc1noc(C)c1NC(=O)N1C[C@H](O)COC[C@@H]2O[C@@H](CC(=O)NCC3CC3)CC[C@H]21,10.1165,-0.058708909123940875,-0.05877650033093339,0.04237891325653257,-0.10115541358746596,0.0010505482086007947
frozen_GE_teacher,Cc1noc(C)c1NC(=O)N1C[C@H](O)COC[C@H]2O[C@H](CC(=O)N3CCc4ccccc4C3)CC[C@@H]21,10.0137,0.22718962824071434,0.23122413759575317,0.07394847454185026,0.1572756630539029,0.0206570883432559
frozen_GE_teacher,Cc1noc(C)c1NC(=O)N1C[C@H](O)COC[C@H]2O[C@H](CC(=O)NCC3CC3)CC[C@@H]21,10.051,-0.05080650581425246,-0.050850289273905364,0.155905514567725,-0.20675580384163036,-0.0687735712811107
frozen_GE_teacher,Cc1noc(C)c1NC(=O)NCC[C@@H]1CC[C@H](NC(=O)c2ccc(F)cc2)[C@@H](CO)O1,10.0869,0.29759885425222266,0.3068830634383716,0.000292511656079783,0.3065905517822918,0.41389698644213224
frozen_GE_teacher,Cc1noc(C)c1NC(=O)NCC[C@H]1CC[C@H](NC(=O)Cc2cccnc2)[C@@H](CO)O1,10.1547,0.5748980010203213,0.6548083250884249,0.11862757806360624,0.5361807470248187,-0.293302978464723
frozen_GE_teacher,Cc1noc(C)c1NC(=O)N[C@@H]1C=C[C@@H](CC(=O)NCCCN(C)C)O[C@@H]1CO,10.0176,0.3153214556368717,0.32644345893960286,-0.011242927539061223,0.33768638647866406,-0.2224428030528647
frozen_GE_teacher,Cc1noc(C)c1NC(=O)N[C@@H]1C=C[C@@H](CC(=O)NCc2ccc(Cl)c(Cl)c2)O[C@@H]1CO,10.0331,-0.09456925786094454,-0.09485270220532707,0.05359790418105807,-0.14845060638638513,-0.14049009702623194
frozen_GE_teacher,Cc1noc(C)c1NC(=O)N[C@@H]1C=C[C@@H](CC(=O)NCc2ccc(Cl)c(Cl)c2)O[C@H]1CO,9.92431,-0.01299027979464727,-0.012991010560484177,0.059931788497604645,-0.07292279905808882,-0.1889141707000714
frozen_GE_teacher,Cc1noc(C)c1NC(=O)N[C@@H]1C=C[C@H](CC(=O)N2CCCCC2)O[C@@H]1CO,9.96875,-0.2970159747407148,-0.30624366652216317,0.02804604076070607,-0.3342897072828692,-0.048979643509452865
frozen_GE_teacher,Cc1noc(C)c1NC(=O)N[C@@H]1C=C[C@H](CC(=O)NCCCN(C)C)O[C@H]1CO,10.0953,0.1212870683191885,0.12188710670843707,0.14097685225996598,-0.01908974555152891,-0.19162122298584883
frozen_GE_teacher,Cc1noc(C)c1NC(=O)N[C@@H]1C=C[C@H](CC(=O)NCc2ccc(Cl)c(Cl)c2)O[C@H]1CO,10.0046,0.38889073852907663,0.4104924552492013,0.06138423453386726,0.34910822071533404,0.13147789118397227
frozen_GE_teacher,Cc1noc(C)c1NC(=O)N[C@@H]1CC[C@@H](CC(=O)N2CCN(C)CC2)O[C@H]1CO,9.93451,0.08083258467169385,0.08100932894592797,-0.055113243941724,0.13612257288765195,0.17119134527326807
frozen_GE_teacher,Cc1noc(C)c1NC(=O)N[C@@H]1CC[C@H](CC(=O)N2CCN(C)CC2)O[C@H]1CO,10.0799,0.039797350418271246,0.03981838114123697,-0.016528556648694997,0.05634693778993197,0.013994306325785199
frozen_GE_teacher,Cc1noc(C)c1NC(=O)N[C@@H]1CC[C@H](CC(=O)NCCCN(C)C)O[C@H]1CO,9.97089,0.23942298079607666,0.24416191561336292,0.14797042943653615,0.09619148617682677,-0.251230437936524
frozen_GE_teacher,Cc1noc(C)c1NC(=O)N[C@H]1C=C[C@@H](CC(=O)N2CCCCC2)O[C@H]1CO,9.93374,0.052222679007277416,0.052270230881398455,0.014529660995154561,0.03774056988624389,-0.005425252458448857
frozen_GE_teacher,Cc1noc(C)c1NC(=O)N[C@H]1C=C[C@H](CC(=O)NCCCN(C)C)O[C@@H]1CO,10.0401,0.053271424729407595,0.0533219027165166,0.0317261532189053,0.021595749497611304,-0.11717276025257281
frozen_GE_teacher,Cc1noc(C)c1NC(=O)N[C@H]1CC[C@H](CC(=O)Nc2ccc(-c3ccccc3)cc2)O[C@@H]1CO,9.8778,-0.6111362052420395,-0.7107328931622922,-0.1355094223654827,-0.5752234707968095,-0.15574315387139015
frozen_GE_teacher,Cc1noc(C)c1NC(=O)Nc1ccc2c(c1)C(=O)N(C)[C@H]1CC[C@@H](CC(=O)N[C@@H]3CCN(Cc4ccccc4)C3)O[C@@H]1CO2,9.72786,0.3143961350277609,0.3254163108047969,-0.1570547590198476,0.4824710698246445,0.08568357233613703
frozen_GE_teacher,Cc1noc(C)c1NC(=O)Nc1ccc2c(c1)C(=O)N(C)[C@H]1CC[C@@H](CC(=O)N[C@@H]3CCN(Cc4ccccc4)C3)O[C@H]1CO2,10.0717,0.06620779446256793,0.06630478970165966,0.02914175837246665,0.03716303132919301,0.22435440005036514
frozen_GE_teacher,Cc1noc(C)c1NC(=O)Nc1ccc2c(c1)C(=O)N(C)[C@H]1CC[C@H](CC(=O)N[C@H]3CCN(Cc4ccccc4)C3)O[C@@H]1CO2,10.0227,0.4128200294204738,0.43900582009438455,-0.0034105528175195723,0.4424163729119041,-0.09319640336315677
frozen_GE_teacher,Cc1noc(C)c1NC(=O)Nc1ccc2c(c1)C(=O)N([C@@H](C)CO)C[C@H](C)[C@H](CN(C)C)OCCCC[C@H](C)O2,10.0625,0.1819013966895413,0.18394845123371747,0.017734811062759103,0.16621364017095838,-0.09118640745343336
frozen_GE_teacher,Cc1noc(C)c1NC(=O)Nc1ccc2c(c1)C(=O)N([C@H](C)CO)C[C@H](C)[C@H](CN(C)C)OCCCC[C@@H](C)O2,9.99558,0.026196083834461807,0.026202078524436862,-0.004405538437636182,0.030607616962073043,0.19293884019979535
frozen_GE_teacher,Cc1noc(C)c1NC(=O)Nc1ccc2c(c1)CC(=O)N([C@H](C)CO)C[C@@H](C)[C@H](CN(C)Cc1ccc(C(F)(F)F)cc1)O2,10.2046,-0.5517883150339491,-0.620948832293232,0.029767375494135627,-0.6507162077873676,-0.21797588237048582
frozen_GE_teacher,Cc1noc(C)c1NC(=O)Nc1cccc2c1O[C@@H](CN(C)Cc1ccc3c(c1)OCO3)[C@@H](C)CN([C@H](C)CO)C2=O,10.0375,0.30664181299608717,0.3168344466221031,0.03920916647382483,0.27762528014827825,-0.1825661903571392
frozen_GE_teacher,Cc1noc(C)c1NC(=O)Nc1cccc2c1O[C@H](CN(C)Cc1ccc3c(c1)OCO3)[C@@H](C)CN([C@H](C)CO)C2=O,9.98846,0.005661626515964469,0.005661687009747972,0.021391198844022817,-0.015729511834274845,0.05072786802511655
frozen_GE_teacher,Cc1noc(C)c1S(=O)(=O)N(C)C[C@@H]1OCc2ccccc2-c2c(n(C)c3ccccc23)C(=O)N([C@H](C)CO)C[C@H]1C,10.0774,-0.0742750644260726,-0.07441210485170882,0.23527580125833647,-0.30968790611004526,-0.18010511693991552
frozen_GE_teacher,Cc1noc(C)c1S(=O)(=O)N(C)C[C@H]1Oc2c(cccc2N(C)C)C(=O)N([C@H](C)CO)C[C@@H]1C,10.1194,-0.15407057366061105,-0.15530733257964133,-0.046130963976930214,-0.10917636860271111,0.014224035172225258
frozen_GE_teacher,Cc1noc(C)c1S(=O)(=O)Nc1ccc2c(c1)CC(=O)N([C@@H](C)CO)C[C@@H](C)[C@@H](CN(C)CC1CCCCC1)O2,9.90784,0.017524952717567217,0.01752674715925289,-0.01468313155495117,0.03220987871420406,-0.032686829108931094
frozen_GE_teacher,Cc1noc(C)c1S(=O)(=O)Nc1ccc2c(c1)CC(=O)N([C@H](C)CO)C[C@@H](C)[C@H](CN(C)CC1CCCCC1)O2,10.0353,-0.18671853963167936,-0.18893499902289435,-0.03791537862784588,-0.15101962039504846,0.02800466983240011
frozen_GE_teacher,Cc1onc(-c2c(Cl)cccc2Cl)c1C(=O)NC(=N)N1CCCC1,10.0,0.4044951822321644,0.4290118686242862,0.01940189029846864,0.4096099783258176,-0.10508199300751701
frozen_GE_teacher,Clc1ccc(-c2[nH]nc3c2CCC3)c(Cl)c1,10.0,0.5640658827206336,0.6387764599729737,0.020403829423335837,0.6183726305496379,-0.028787946148149432
frozen_GE_teacher,Clc1ccc(Br)cc1-c1nc(-c2ccncc2)no1,10.0,0.5504409018677722,0.61901365087313,0.11242621265856237,0.5065874382145676,0.5371077668708576
frozen_GE_teacher,Clc1cccc(SC2CCNCC2)n1,10.0,0.07692974990319766,0.07708205261733593,-0.00310789713285104,0.08018994975018696,0.1958344943922433
frozen_GE_teacher,Clc1cccc2c1CN(C1=NCCN1)C2,10.0,0.5483275895423394,0.6159867457335975,0.035145433519671594,0.5808413122139259,-0.47638528634966343
frozen_GE_teacher,Cn1c(=NC(=O)c2ccccc2[N+](=O)[O-])sc2cccc(F)c21,10.0,0.517982995301703,0.5735791814832252,0.00028483405245215837,0.573294347430773,0.12063836348237608
frozen_GE_teacher,Cn1c(CSc2nc3ccccc3s2)nnc1SCC(=O)NCCN1CCOCC1,10.0,-0.06652458078028677,-0.06662297747084373,0.11487629599863688,-0.1814992734694806,-0.13416523253979268
frozen_GE_teacher,Cn1c(SCC(=O)NN=Cc2ccc([N+](=O)[O-])s2)nnc1-c1ccc(Cl)cc1,20.0,0.39679377830676277,0.4198377998544755,0.141466953469666,0.27837084638480947,0.39888881810087784
frozen_GE_teacher,Cn1ccc2cc3c(cc21)CCN3C(=O)Nc1cccnc1,10.0,0.31410842184651583,0.32509707128276033,0.014738900285945013,0.31035817099681534,0.2364887474629456
frozen_GE_teacher,Cn1cccc1-c1cc(C(=O)N2CCc3c([nH]c4ccccc34)C2c2ccccn2)[nH]n1,10.0,0.15398847638930493,0.15522324020883255,-0.04601154664504871,0.20123478685388124,0.15543369688081543
frozen_GE_teacher,Cn1cnc(CCNC(=O)C[C@@H]2CC[C@H]3[C@@H](COC[C@@H](O)CN3C(=O)Nc3ccc(C(F)(F)F)cc3)O2)c1,10.0793,0.15723487082567236,0.1585502001691958,-0.020674889409201563,0.17922508957839736,-0.034815913978759785
frozen_GE_teacher,Cn1cnc(S(=O)(=O)N[C@@H]2C=C[C@@H](CC(=O)N3CCN(c4ccccc4)CC3)O[C@H]2CO)c1,10.0676,0.4084929655509343,0.43380100855624415,0.13111065522263274,0.3026903533336114,0.16800764277863198
frozen_GE_teacher,Cn1cnc(S(=O)(=O)N[C@@H]2C=C[C@H](CC(=O)N3CCN(c4ccccc4)CC3)O[C@H]2CO)c1,9.95473,-0.07333195885083285,-0.07346383401289809,-0.050747858567830775,-0.022715975445067316,0.13799416852978824
frozen_GE_teacher,Cn1cnc(S(=O)(=O)N[C@@H]2CC[C@@H](CC(=O)NCC3CCCCC3)O[C@H]2CO)c1,10.0431,-0.09422205207322687,-0.09450237480778784,0.16707751238374352,-0.26157988719153136,-0.1945812943674915
frozen_GE_teacher,Cn1cnc(S(=O)(=O)N[C@@H]2CC[C@H](CC(=O)Nc3ccc(-c4ccccc4)cc3)O[C@H]2CO)c1,9.96291,-0.010941345694270806,-0.010941782332906052,0.011595707180746716,-0.022537489513652767,-0.03774604606427341
frozen_GE_teacher,Cn1cnc(S(=O)(=O)N[C@H]2C=C[C@H](CC(=O)N3CCN(c4ccccc4)CC3)O[C@@H]2CO)c1,9.94685,-0.4892983187058953,-0.5351373675954243,-0.058162502225077344,-0.47697486537034695,0.1432258287795335
frozen_GE_teacher,Cn1cnc(S(=O)(=O)N[C@H]2C=C[C@H](CC(=O)NCC3CC3)O[C@@H]2CO)c1,9.83588,-0.49186741083417457,-0.5385207471317284,-0.0801524290973505,-0.4583683180343779,0.047741435464945414
frozen_GE_teacher,Cn1cnc(S(=O)(=O)N[C@H]2CC[C@@H](CC(=O)NCC3CCCCC3)O[C@@H]2CO)c1,9.9742,0.1855291832923914,0.18770296218425409,-0.017994385865678992,0.2056973480499331,0.1324640306357969
frozen_GE_teacher,Cn1cnc(S(=O)(=O)N[C@H]2CC[C@@H](CC(=O)NCC3CCCCC3)O[C@H]2CO)c1,10.0036,-0.1820144730538308,-0.18406539960554485,0.018277217494513928,-0.2023426171000588,-0.1071116232254179
frozen_GE_teacher,Cn1cnc(S(=O)(=O)N[C@H]2CC[C@H](CC(=O)NCC3CCCCC3)O[C@H]2CO)c1,10.0695,-0.28804084821272424,-0.296428540965687,0.07921610411307163,-0.3756446450787586,-0.22769031167389986
frozen_GE_teacher,Cn1cnnc1SCC(=O)N1N=C2/C(=C/c3ccco3)CCCC2C1c1ccco1,10.0,0.13674763972077655,0.13760972295938206,0.002716197598961502,0.13489352536042057,-0.2166145386446108
frozen_GE_teacher,Cn1cnnc1SCC(=O)c1ccc(O)c(O)c1,10.0,0.32203503098933,0.3339159500299631,0.10729949036160667,0.22661645966835642,0.18060658313705602
frozen_GE_teacher,Cn1cnnc1Sc1c([N+](=O)[O-])ncn1C,10.0,0.15840139428065544,0.1597465199886053,0.0027374090076549753,0.15700911098095033,0.11695711350382751
frozen_GE_teacher,Cn1nc(-c2ccccn2)nc2c(=O)n(C)c(=O)nc1-2,20.0,0.4009943989153338,0.4248332998062627,0.1382572609612553,0.28657603884500743,0.4718201507914082
frozen_GE_teacher,Cn1nc(C(F)(F)F)c(C=NOC(=O)c2ccccc2)c1SCc1ccccc1Cl,10.0,0.2106666529851398,0.2138688575417258,-0.030871451012209,0.2447403085539348,0.0788230957258538
frozen_GE_teacher,FC(F)(F)c1cc(Oc2ccccc2Cl)nc(-c2ccccn2)n1,10.0,0.001843162187576755,0.0018431642748066546,0.08798204263347871,-0.08613887835867205,-0.02114874640230996
frozen_GE_teacher,FC(F)(F)c1cccc(Nc2nc(N3CCCC3)nc(N3CCCC3)n2)c1,10.0,0.09313826078986451,0.09340898788087292,-0.04423559831656057,0.13764458619743347,0.051018165373571914
frozen_GE_teacher,FC(F)Sc1ccc(NC(S)=NCc2ccccc2)cc1,10.0,0.0671721796719058,0.06727348330488914,0.09457173646592626,-0.027298253161037123,0.32035205911694536
frozen_GE_teacher,Fc1ccc(-c2cc3nc(-c4ccccc4)cc(N4CCOCC4)n3n2)cc1,10.0,0.3615194317852473,0.3786326714156342,0.08745412181840126,0.291178549597233,0.34241864307855385
frozen_GE_teacher,Fc1ccc(Nc2nnc(-c3ccncc3)s2)cc1Cl,20.0,0.3868125947334601,0.4080463441033565,0.18183004253417792,0.22621630156917857,-0.18589584467796608
frozen_GE_teacher,Fc1cccc(Cl)c1C=NNc1ccccn1,10.0,0.40444593350023134,0.4289529870821107,0.04526120966023473,0.383691777421876,-0.2016241868092662
frozen_GE_teacher,Ic1ccc(N2CCN(Cc3c[nH]c4ncccc34)CC2)cc1,10.0,0.33376522183102286,0.3470595435822355,0.024852138538752983,0.32220740504348255,0.24269058197460594
frozen_GE_teacher,N#CC(=Cc1ccc(O)c(O)c1)C(=O)NCCCCc1ccccc1,10.0,0.26973721914410653,0.2765804004202963,0.04422659758330488,0.23235380283699142,0.04471805629367853
frozen_GE_teacher,N#CC1(C#N)C(c2ccccc2)OC23CCCCCC2C1(C#N)C(=N)O3,10.0,-0.0962135673504439,-0.09651211191695891,-0.14737083979301802,0.05085872787605911,-0.03176592190745553
frozen_GE_teacher,N#CC1=C(SCc2ccccc2)NC(=O)CC1c1ccccc1,10.0,0.3964544404213268,0.41943511539438527,0.05913001732403903,0.3603050980703462,0.1376065103862351
frozen_GE_teacher,N#C[C@@H]1N[C@@H](CO)[C@@H]1c1ccc(C#Cc2ccccc2F)cc1,10.0484,0.02129178458705012,0.021295002935686078,0.04351142252889741,-0.022216419593211335,0.025350940546429133
frozen_GE_teacher,N#C[C@@H]1N[C@@H](CO)[C@@H]1c1ccc(C2=CCCCC2)cc1,10.0361,0.131453005833336,0.13221811889580018,-0.01945331326255364,0.15167143215835382,-0.17142415170380187
frozen_GE_teacher,N#C[C@@H]1N[C@@H](CO)[C@H]1c1ccc(C#CC2CCCCC2)cc1,10.2592,-0.10882200376294138,-0.10925464703663752,0.0863648871827592,-0.1956195342193967,-0.323937344875702
frozen_GE_teacher,N#C[C@@H]1[C@@H](c2ccc(C#Cc3cccc(F)c3)cc2)[C@H](CO)N1C(=O)C1CCOCC1,9.88251,-0.3813794067007993,-0.4016728495599278,-0.04847165597176263,-0.3532011935881652,0.24269037423153067
frozen_GE_teacher,N#C[C@@H]1[C@@H](c2ccc(C3=CCCCC3)cc2)[C@H](CO)N1S(=O)(=O)c1ccccc1,9.80821,0.40506097950225056,0.429688534435929,0.006212690009670197,0.42347584442625885,0.22720058006538593
frozen_GE_teacher,N#C[C@@H]1[C@@H](c2ccccc2)[C@H](CO)N1C(=O)c1ccc2c(c1)OCO2,10.0158,0.3189431096831054,0.33047008917395654,0.04376298032470016,0.2867071088492564,0.2870018074750554
frozen_GE_teacher,N#C[C@@H]1[C@H](c2ccc(C#Cc3ccccc3F)cc2)[C@@H](CO)N1C(=O)c1cccnc1,10.3036,0.06369427783225018,0.06378062317735943,0.04811613274091399,0.01566449043644544,0.12795121700448076
frozen_GE_teacher,N#C[C@@H]1[C@H](c2ccc(C#Cc3ccccc3F)cc2)[C@H](CO)N1C(=O)c1cccnc1,9.97993,-0.0929335698614372,-0.09320250974269031,0.07031415232778374,-0.16351666207047405,0.06572395786520371
frozen_GE_teacher,N#C[C@@H]1[C@H](c2ccccc2)[C@H](CO)N1S(=O)(=O)c1ccc(F)cc1,9.80086,-0.034254753528338774,-0.03426816100941438,0.12336407884889278,-0.15763223985830715,-0.03897302396717239
frozen_GE_teacher,N#C[C@H]1N[C@@H](CO)[C@H]1c1ccc(C#Cc2ccccc2F)cc1,9.90533,0.06337469328911262,0.06345974335806708,0.07864912640708348,-0.015189383049016403,0.22780863681203606
frozen_GE_teacher,N#C[C@H]1N[C@H](CO)[C@@H]1c1ccc(/C=C/c2ccccc2)cc1,10.04,0.07657798360302912,0.07672820172258865,0.0016313094663892198,0.07509689225619944,-0.07279545185524715
frozen_GE_teacher,N#C[C@H]1N[C@H](CO)[C@@H]1c1ccc(C2=CCCCC2)cc1,10.0219,-0.21326740551986317,-0.21659196099694653,-0.04424126588120449,-0.17235069511574203,0.06990507346130623
frozen_GE_teacher,N#C[C@H]1N[C@H](CO)[C@H]1c1ccc(-c2cccc(F)c2)cc1,10.0615,0.09741786798996707,0.0977278077704797,-0.08441220010821035,0.18214000787869006,0.03840083798559821
frozen_GE_teacher,N#C[C@H]1[C@@H](c2ccc(C#CC3(O)CCCC3)cc2)[C@@H](CO)N1C(=O)C1CC1,10.0042,-0.17179623791023055,-0.17351694149642483,0.03626103603377832,-0.20977797753020314,0.028014430560301555
frozen_GE_teacher,N#C[C@H]1[C@@H](c2ccc(C#CC3CC3)cc2)[C@@H](CO)N1C(=O)Cc1ccccn1,10.0195,0.08178374770476095,0.08196682205719165,0.0017374610807062724,0.08022936097648538,-0.06856932668299931
frozen_GE_teacher,N#C[C@H]1[C@@H](c2ccccc2)[C@@H](CO)N1C(=O)c1ccc2c(c1)OCO2,10.0773,-0.034553913559204806,-0.03456767556537497,0.04678631987571213,-0.0813539954410871,0.02095254562309077
frozen_GE_teacher,N#C[C@H]1[C@@H](c2ccccc2)[C@@H](CO)N1S(=O)(=O)Cc1ccccc1,10.0236,0.23157844320085486,0.2358567140870963,0.04527132165687058,0.1905853924302257,-0.14655872956112628
frozen_GE_teacher,N#C[C@H]1[C@@H](c2ccccc2)[C@H](CO)N1C(=O)C1CCCC1,10.3227,0.29791829456286484,0.30723358067002116,0.03352346583483615,0.27371011483518504,0.09928939272713808
frozen_GE_teacher,N#C[C@H]1[C@@H](c2ccccc2)[C@H](CO)N1S(=O)(=O)c1ccc(F)cc1,9.9429,0.21913368484995846,0.22274591365009297,0.06409631202818722,0.15864960162190575,-0.14928399481516774
frozen_GE_teacher,N#C[C@H]1[C@H](c2ccc(C#CC3CC3)cc2)[C@H](CO)N1C(=O)Cc1ccccn1,10.0068,0.06140371305936594,0.06148106062801476,0.028128275652182927,0.033352784975831835,0.0041466033087757745
frozen_GE_teacher,N#C[C@H]1[C@H](c2ccc(C3=CCCC3)cc2)[C@H](CO)N1c1nc(-c2ccccc2)cs1,10.0112,0.1564593124511167,0.1577550810164122,-0.08546057471270127,0.24321565572911347,0.33953203022267797
frozen_GE_teacher,N#C[C@H]1[C@H](c2ccc(C3=CCCCC3)cc2)[C@@H](CO)N1C(=O)c1cccc(F)c1,9.46773,0.39850289966370733,0.4218679356838335,-0.01578678278851584,0.4376547184723494,0.35416207581829634
frozen_GE_teacher,N#C[C@H]1[C@H](c2ccccc2)[C@H](CO)N1C(=O)C1CCCC1,10.0454,0.27579932857142747,0.283129830532379,0.0007502105511958332,0.28237961998118316,-0.0023213229132444425
frozen_GE_teacher,N#C[C@H]1[C@H](c2ccccc2)[C@H](CO)N1C(=O)Nc1cccc(F)c1,10.3796,0.0418449820103659,0.041869431258236306,-0.03657022223744725,0.07843965349568355,0.03260760168777689
frozen_GE_teacher,N#C[C@H]1[C@H](c2ccccc2)[C@H](CO)N1C(=O)c1ccc2c(c1)OCO2,10.0168,0.13636236853536396,0.13721713100082594,0.02460067039132212,0.11261646060950382,-0.07492728803912924
frozen_GE_teacher,N#Cc1c(Cl)cccc1Cl,10.0,0.3634925648423746,0.3809043250156646,0.03461291676490768,0.34629140825075694,-0.12312484798355208
frozen_GE_teacher,N#Cc1c(N)n(CCNC(=O)Nc2ccccc2)c2nc3ccccc3nc12,10.0,0.19217248144629046,0.19459198388001928,0.09533379301823754,0.09925819086178174,0.17165164233444763
frozen_GE_teacher,N#Cc1ccc(C(=O)Nc2nc(-c3cccs3)c(C(=O)C(F)(F)F)s2)cc1,10.0,0.223341943426573,0.2271707593529344,-0.033573749277622564,0.260744508630557,-0.21290715374873503
frozen_GE_teacher,N#Cc1ccc(N=c2ssnc2Cl)cc1,20.0,-0.38251119138266493,-0.4029979418775608,-0.0807440598444711,-0.3222538820330897,0.09578488856799305
frozen_GE_teacher,N#Cc1ccc(Oc2ccc(-c3cnc4ccccc4n3)cc2)cc1C#N,10.0,0.028631965093821068,0.028639793005260275,0.045928853957532614,-0.01728906095227234,0.18355511536326924
frozen_GE_teacher,N#Cc1nc(-c2ccc(OCc3ccc(Cl)cc3)cc2)oc1NCCCn1ccnc1,10.0,0.42613790095633425,0.4551680895745758,0.08197747889362697,0.37319061068094883,0.25592439485671903
frozen_GE_teacher,NC(=NOC(=O)c1ccccc1[N+](=O)[O-])c1ccccn1,10.0,-0.036363626509613015,-0.03637966727414344,0.020426017652520827,-0.05680568492666427,0.09678468070572674
frozen_GE_teacher,NC(=O)CSc1nnc(-c2cc3ccccc3o2)n1Cc1ccccc1,10.0,-0.019919821316490713,-0.019922456667536288,0.1757645975605053,-0.19568705422804158,0.0899716994580905
frozen_GE_teacher,NC(=O)NN=Cc1cn(-c2ccccc2)nc1-c1ccccc1,10.0,0.5135066736867803,0.5674806770562669,0.09710888089250247,0.47037179616376446,-0.1520013455394027
frozen_GE_teacher,NC(=S)N=Nc1c(O)n(CCCl)c2ccccc12,10.0,0.13874927742079524,0.13965007636018062,-0.0441224256587702,0.18377250201895082,0.5231365159209812
frozen_GE_teacher,NC(S)=NN=Cc1c(O)c(Br)cc2oc3c(c12)CCCC3,10.0,0.26900482010494164,0.2757907000894961,0.1529909230733303,0.12279977701616579,0.09214930335947796
frozen_GE_teacher,NC1CCN(c2cccc(Cl)n2)CC1,10.0,-0.27823477737930324,-0.2857677076745617,-0.055379646480628,-0.23038806119393374,0.2097102472715044
frozen_GE_teacher,NCCCCCCNS(=O)(=O)c1cccc2ccccc12,10.0,0.3464664440350405,0.361422555621613,0.05060822014078302,0.31081433548083,0.08911355284310067
frozen_GE_teacher,NCC[C@@H]1CC[C@@H](NS(=O)(=O)c2ccc(Cl)cc2)[C@H](CO)O1,10.0742,0.06819161501404691,0.0682976100975426,-0.045960196779306364,0.11425780687684896,-0.11640522044895966
frozen_GE_teacher,NCC[C@@H]1CC[C@H](NC(=O)c2ccccc2F)[C@@H](CO)O1,10.0791,0.22078012713315248,0.2244760628206877,0.05176960560658587,0.17270645721410183,-0.12368990316274489
frozen_GE_teacher,NCC[C@H]1CC[C@@H](NC(=O)Cc2ccncc2)[C@H](CO)O1,10.04,-0.1866879150604477,-0.1889032683819606,-0.02016326253839939,-0.1687400058435612,0.09997589825794745
frozen_GE_teacher,NCC[C@H]1CC[C@@H](NS(=O)(=O)Cc2ccccc2)[C@@H](CO)O1,10.0742,0.33750315818292026,0.35127202462258805,0.034705553900536805,0.31656647072205124,0.09091308358537611
frozen_GE_teacher,NCC[C@H]1CC[C@@H](NS(=O)(=O)c2ccc(Cl)cc2)[C@@H](CO)O1,10.0628,0.20267401190526876,0.20551954292579072,-0.04114852856538871,0.24666807149117942,0.0367769468397891
frozen_GE_teacher,NCC[C@H]1CC[C@H](NC(=O)Nc2ccc(F)cc2)[C@@H](CO)O1,10.0208,0.1639452123336835,0.16543820615920332,0.047157703139481755,0.11828050301972157,-0.3682400781198004
frozen_GE_teacher,NCC[C@H]1CC[C@H](NS(=O)(=O)c2ccc(Cl)cc2)[C@@H](CO)O1,10.027,0.5177753380693284,0.5732954196586106,-0.07595097338517492,0.6492463930437855,0.33937944769367484
frozen_GE_teacher,NS(=O)(=O)Cc1noc2ccccc12,10.0,-0.031949444428907056,-0.0319603220713142,0.006140060790273093,-0.03810038286158729,0.1412679502720892
frozen_GE_teacher,NS(=O)(=O)c1ccc(Nc2nc(-c3ccccc3)cs2)cc1,10.0,0.07262104437321754,0.07274911320901682,-0.15114776886111472,0.22389688207013153,0.32558529294806116
frozen_GE_teacher,N[C@H]1CC[C@@H](CCn2cc(-c3ccccn3)nn2)O[C@H]1CO,10.0218,-0.12214548037105888,-0.12275842730218336,-0.005592842545523322,-0.11716558475666004,0.09704978738782244
frozen_GE_teacher,N[C@](CC1c2ccccc2Oc2ccccc21)(C(=O)O)[C@H]1C[C@@H]1C(=O)O,10.0,-0.055985781727980424,-0.05604438607095428,-0.06943339708479547,0.013389011013841191,0.22891102957439485
frozen_GE_teacher,Nc1c(-c2ccccc2)nc(Cl)nc1-c1ccccc1,10.0,0.46110256963849305,0.4987106788763688,-0.030349867920042406,0.5290605467964111,-0.04864431991618923
frozen_GE_teacher,Nc1c(O)cccc1C(=O)O,10.0,0.287965138915353,0.2963459839137968,-0.07567788030793683,0.3720238642217336,-0.26892489804995356
frozen_GE_teacher,Nc1c(S(=O)(=O)O)cc(Nc2cccc3ccccc23)c2c1C(=O)c1ccccc1C2=O,10.0,0.16804529099048046,0.16965446805823134,0.03415009501337478,0.13550437304485657,-0.2634652922152575
frozen_GE_teacher,Nc1ccc(-c2cc(=O)c3cc(O)ccc3o2)cc1,10.0,0.06367041568683744,0.06375666386636648,-0.05567258680171764,0.11942925066808413,0.22759989118170873
frozen_GE_teacher,Nc1ccc(Nc2nc(-c3cc4ccccc4oc3=O)cs2)cc1,10.0,0.6427418497637974,0.762831677030898,-0.05658966199238438,0.8194213390232824,-0.22062451569052347
frozen_GE_teacher,Nc1ccc(S(=O)(=O)Nc2ccc(Cl)nn2)cc1,10.0,0.46794341031874087,0.5074339021681685,-0.031864527330429604,0.5392984294985981,0.43012449550001464
frozen_GE_teacher,Nc1ccc(S(=O)(=O)Nc2cnc3ccccc3n2)cc1,10.0,-0.1794220604410537,-0.18138546092543734,0.015240156436396923,-0.19662561736183426,-0.018305253909165212
frozen_GE_teacher,Nc1ccc(S(=O)(=O)c2ccc(N)cc2)cc1,10.0,0.44928608091933564,0.48380544249002544,0.07559260026306809,0.40821284222695736,0.4307500918930948
frozen_GE_teacher,Nc1cccc2c(=O)[nH]ccc12,10.0,0.08141779801454901,0.08159841928432371,-0.0981084638766876,0.1797068831610113,0.04397616414196407
frozen_GE_teacher,Nc1nc(Nc2ccccc2)nc2c1ncn2C1OC(CO)C(O)C1O,10.0,0.1743205012079472,0.17611914011140026,-0.05539879447315043,0.2315179345845507,0.046395766205223544
frozen_GE_teacher,Nc1nc2ccccc2n1S(=O)(=O)c1ccc([N+](=O)[O-])cc1,20.0,0.378068062872364,0.39780359097362816,0.05291708846671973,0.34488650250690844,0.021192968744390153
frozen_GE_teacher,Nc1ncnc2[nH]nc(Nc3ccc(F)cc3)c12,10.0,0.3841871929079563,0.404962674631189,-0.019708749316352827,0.4246714239475418,0.4485836284388082
frozen_GE_teacher,Nc1ncnc2c1cnn2-c1ccccc1,10.0,0.24874941100976175,0.25407929421802966,-0.015766013620566472,0.2698453078385961,0.07063908534697969
frozen_GE_teacher,Nn1c(SCC(=O)NC(=O)NCc2ccco2)nnc1-c1ccc(OC(F)F)cc1,10.0,0.4195637924455061,0.4471625060627954,0.14562167771965667,0.3015408283431387,0.24446782187452265
frozen_GE_teacher,O=C(/C=C/N1CCOCC1)c1cc2ccccc2o1,10.0,0.28501379239579605,0.29313073910487936,0.1567875402955078,0.13634319880937157,0.04076901269689129
frozen_GE_teacher,O=C(/C=C/c1ccc(O)c(O)c1)c1ccc(O)cc1O,10.0,0.2649186106277221,0.27139091637244694,0.03093755686924462,0.24045335950320232,0.33712020227360157
frozen_GE_teacher,O=C(/C=C/c1cccc(O)c1)c1cccnc1,10.0,0.4167051960340633,0.4436982221785547,0.007488989614153951,0.43620923256440075,0.12008791048478382
frozen_GE_teacher,O=C(C=Cc1c(C(=O)O)[nH]c2cc(Cl)cc(Cl)c12)Nc1ccccc1,10.0,0.38214060439943776,0.40256391129336416,-0.00131783219654963,0.4038817434899138,0.3442212781692615
frozen_GE_teacher,O=C(CC1C(=O)N(c2ccccc2)C(=S)N1c1ccccc1)c1ccc(Br)cc1,10.0,0.5346365601646088,0.5966150860083942,0.17924460521036412,0.4173704807980301,0.07748479423176274
frozen_GE_teacher,O=C(CC1CC1)Nc1ccc2c(c1)[C@H]1C[C@H](CC(=O)N3CCCCC3)O[C@H](CO)[C@H]1O2,9.93562,0.41219191043683473,0.43824890319656634,-0.01677177619781291,0.45502067939437923,0.2141200222988209
frozen_GE_teacher,O=C(CC1CC1)Nc1ccc2c(c1)[C@H]1C[C@H](CC(=O)NC3CCCCC3)O[C@H](CO)[C@H]1O2,9.94618,-0.16796962748982622,-0.16957660680641604,-0.039235596765220704,-0.13034101004119533,0.15857234941233853
frozen_GE_teacher,O=C(CC1SC(N2CCCCC2)=NC1=O)Nc1cccc(C(F)(F)F)c1,10.0,0.3654975019344394,0.38321644364464424,-0.1416243898551779,0.5248408334998221,0.11167247562896612
frozen_GE_teacher,O=C(CC1c2ccccc2Oc2ccccc21)N1CCN(c2ccccn2)CC1,10.0,0.6315070549933057,0.7439189369901533,0.10722473173134793,0.6366942052588054,0.5256956011632083
frozen_GE_teacher,O=C(CCCn1c(=S)[nH]c2cc3c(cc2c1=O)OCO3)N1CCN(c2ccccc2F)CC1,10.0,0.31888296518548337,0.3304031350744323,0.06986917690607215,0.26053395816836017,-0.028413507278304974
frozen_GE_teacher,O=C(CCN1CCCCC1)NCC[C@@H]1CC[C@@H](NS(=O)(=O)c2cccc(Cl)c2)[C@H](CO)O1,10.0688,-0.16721800589808195,-0.1688032637562133,-0.027169187322914685,-0.14163407643329862,-0.0014581951589544909
frozen_GE_teacher,O=C(CCN1CCCCC1)NCC[C@@H]1CC[C@H](NC(=O)c2ccc(F)cc2)[C@@H](CO)O1,10.0831,0.5013296680663426,0.551080609916775,0.09378861877982694,0.4572919911369481,0.19965637122448612
frozen_GE_teacher,O=C(CCN1CCCCC1)NCC[C@@H]1CC[C@H](NS(=O)(=O)c2cccc(Cl)c2)[C@@H](CO)O1,10.0055,0.4898877395044984,0.5359126166861117,-0.1247847085053142,0.6606973251914259,0.4996091768874321
frozen_GE_teacher,O=C(CCN1CCCCC1)N[C@@H]1CC[C@@H](CC(=O)N2CCC(Cc3ccccc3)CC2)O[C@@H]1CO,10.0074,0.23111045034157907,0.23536225779064562,0.11260858557759144,0.12275367221305418,-0.14834644876764153
frozen_GE_teacher,O=C(CCN1CCCCC1)N[C@@H]1CC[C@H](CCNS(=O)(=O)c2ccccc2)O[C@H]1CO,10.0258,-0.4121595689725156,-0.4382099427947559,-0.025406725267731196,-0.4128032175270247,0.5183207378476331
frozen_GE_teacher,O=C(CCN1CCCCC1)N[C@H]1CC[C@@H](CCNS(=O)(=O)c2ccccc2)O[C@@H]1CO,10.0768,0.48971571478953724,0.5356862964473634,0.07242815464010244,0.463258141807261,-0.356096550347128
frozen_GE_teacher,O=C(CCN1CCCCC1)N[C@H]1CC[C@H](CC(=O)N2CCC(Cc3ccccc3)CC2)O[C@H]1CO,9.92374,0.45213649528690364,0.4873825095265417,0.1030526420995783,0.3843298674269634,0.13636049663722205
frozen_GE_teacher,O=C(CCN1CCCCC1)N[C@H]1CC[C@H](CCNC(=O)c2cc(Cl)cc(Cl)c2)O[C@@H]1CO,10.043,0.23703852474148873,0.24163398836376274,0.0012006764867666057,0.24043331187699613,0.106268788324006
frozen_GE_teacher,O=C(CCN1CCN(Cc2ccccc2)CC1)Nc1ccc(OCc2ccccc2)cc1,10.0,0.6258536134164946,0.7345705642970464,0.01391991390951267,0.7206506503875337,-0.44118124671778575
frozen_GE_teacher,O=C(CCSc1nnc2ccc3ccccc3n12)Nc1ccc(F)cc1,10.0,0.35609467218682167,0.37240628725679303,-0.036852664712424266,0.4092589519692173,0.049695089468692326
frozen_GE_teacher,O=C(CCc1ccccc1)N1CCN(c2ccccn2)CC1,10.0,-0.17875954379617606,-0.180700990892046,-0.0089405788710731,-0.1717604120209729,0.11707926746537786
frozen_GE_teacher,O=C(CCc1ccccc1)Nc1ccccc1F,10.0,0.2643978482287667,0.2708309303050092,0.2958097838421071,-0.02497885353709789,0.23274405919214014
frozen_GE_teacher,O=C(CCl)c1cc(Br)c(Br)s1,10.0,0.2772578289368266,0.2847090945153532,-0.01061734956560818,0.29532644408096137,-0.08282726000427502
frozen_GE_teacher,O=C(CN(C1CCCCC1)C1CCCCC1)N1CCc2ccccc2C1,10.0,0.03027494673026644,0.03028420154728238,0.007814125327098222,0.022470076220184158,0.12532383488197466
frozen_GE_teacher,O=C(CN(c1ccccn1)S(=O)(=O)c1ccc(F)cc1)Nc1ccccc1,10.0,0.18180426187048634,0.18384799425699444,0.05554457313984369,0.12830342111715076,0.11846948450953722
frozen_GE_teacher,O=C(CN1C(=O)CSc2ncccc21)N1CCOCC1,10.0,0.33279456718412226,0.34596760072041544,0.1655537461501743,0.18041385457024114,0.03248423694277866
frozen_GE_teacher,O=C(CN1C(=O)c2ccccc2S1(=O)=O)Nc1ccc(S(=O)(=O)N2CCCC2)cc1,10.0,0.2057993894651376,0.20878096614229125,0.11138425234277705,0.0973967137995142,-0.09792942758950134
frozen_GE_teacher,O=C(CN1CCN(Cc2ccccc2F)C1=O)NCCc1ccc(Cl)cc1,10.0,0.08282527110797597,0.08301544899046985,-0.022074417568508482,0.10508986655897834,0.43695216404169773
frozen_GE_teacher,O=C(CN1CCN(S(=O)(=O)N2CCCCC2)CC1)Nc1ccc(Cl)c(Cl)c1,10.0,-0.05485366243081562,-0.05490877880863982,0.0553192764832398,-0.11022805529187962,0.14471035892146517
frozen_GE_teacher,O=C(CN1CCOCC1)NCC[C@@H]1CC[C@@H](NC(=O)Cc2ccccn2)[C@@H](CO)O1,10.0732,-0.10893466186493425,-0.10936865666490966,-0.06407704240024252,-0.04529161426466714,0.06558340564228644
frozen_GE_teacher,O=C(CN1CCOCC1)NCC[C@@H]1CC[C@@H](NC(=O)c2ccc3c(c2)OCO3)[C@@H](CO)O1,10.1109,0.02473009497380329,0.024735138281913194,0.05549468781974068,-0.030759549537827485,0.052267110084341206
frozen_GE_teacher,O=C(CN1CCOCC1)NCC[C@@H]1CC[C@H](NC(=O)Cc2ccccn2)[C@@H](CO)O1,9.9786,0.4265551338992548,0.455678011780773,0.018006682483291694,0.4376713292974813,-0.013580227040429424
frozen_GE_teacher,O=C(CN1CCOCC1)NCC[C@H]1CC[C@@H](NC(=O)c2ccccc2F)[C@H](CO)O1,10.068,0.14346674126604494,0.14446339000909533,-0.02654743379241303,0.17101082380150837,0.02631358938741986
frozen_GE_teacher,O=C(CN1CCOCC1)NCC[C@H]1CC[C@H](NC(=O)Cc2ccccn2)[C@@H](CO)O1,9.96628,-0.05466252773787207,-0.054717069283877165,0.004754372906430441,-0.0594714421903076,-0.007260316795550832
frozen_GE_teacher,O=C(CN1CCOCC1)N[C@@H]1CC[C@@H](CCNC(=O)Nc2cc(F)ccc2F)O[C@H]1CO,10.131,0.18802101423348214,0.19028486414297877,-0.07472104613159641,0.2650059102745752,0.11663132084594031
frozen_GE_teacher,O=C(CN1CCOCC1)N[C@@H]1CC[C@@H](CCNS(=O)(=O)c2ccccc2F)O[C@H]1CO,10.0163,0.5266992281433841,0.5855661244910813,-0.16783536812710387,0.7534014926181851,0.032964480459908685
frozen_GE_teacher,O=C(CN1CCOCC1)N[C@@H]1CC[C@@H](CCn2cc(C3CCCCC3)nn2)O[C@H]1CO,10.0358,-0.24635091155204217,-0.25152421520834545,0.14208915964616262,-0.3936133748545081,0.2467000244248929
frozen_GE_teacher,O=C(CN1CCOCC1)N[C@@H]1CC[C@H](CCNC(=O)C2CCC2)O[C@H]1CO,10.1004,-0.20242142331478458,-0.2052561484219274,0.019268538188115292,-0.2245246866100427,-0.050463552466235184
frozen_GE_teacher,O=C(CN1CCOCC1)N[C@H]1CC[C@@H](CCNS(=O)(=O)c2ccccc2F)O[C@@H]1CO,10.0823,-0.14774304944848596,-0.14883233039441332,-0.08880619922226203,-0.06002613117215129,0.25492749212258364
frozen_GE_teacher,O=C(CN1CCOCC1)Nc1c2c(nc3ccccc13)N(Cc1ccccc1)CC2,10.0,0.27171619168869665,0.2787158902279261,-0.0334204114659419,0.31213630169386797,0.11997557114536189
frozen_GE_teacher,O=C(CNC(=O)c1ccccc1Cl)NN=Cc1ccc([N+](=O)[O-])s1,10.0,0.06852890793600423,0.06863648663531179,0.054175397334000674,0.014461089301311111,-0.010534571397355141
frozen_GE_teacher,O=C(CNC(=O)c1ccccc1Cl)Nc1ccc(Br)cc1C(=O)c1ccccc1,10.0,0.19150649681088547,0.19390055290296054,0.002444913763356947,0.1914556391396036,0.2598964363680342
frozen_GE_teacher,O=C(COC(=O)c1ccccc1)NCc1ccco1,10.0,0.4221261514344644,0.45027636537145715,0.06010710564890025,0.3901692597225569,0.0755018710219977
frozen_GE_teacher,O=C(COc1ccc(Cl)cc1Cl)NN=Cc1ccccn1,10.0,0.13092002894722246,0.13167580889377428,-0.006647066422394925,0.1383228753161692,0.4130015663671653
frozen_GE_teacher,O=C(COc1ccc(F)cc1)Nc1nnc(-c2ccncc2)s1,10.0,0.2264826201010302,0.23047877717572016,0.004726903912976133,0.225751873262744,0.14177041925243739
frozen_GE_teacher,O=C(COc1ccc(S(=O)(=O)N2CCc3ccccc32)cc1Cl)NCc1ccccn1,10.0,0.8372811664879423,1.2120091836672762,0.33051482143277333,0.8814943622345028,0.734216193204174
frozen_GE_teacher,O=C(COc1ccccc1)OC(C(=O)c1ccccc1)c1ccccc1,10.0,0.2061601541753799,0.20915771545134457,0.12004673386642822,0.08911098158491634,0.11377673269000949
frozen_GE_teacher,O=C(CSCCO)Nc1ccc(C2CCCCC2)cc1,10.0,0.08432727498843572,0.08452801845101984,-0.10649500649259976,0.1910230249436196,-0.057842209447682494
frozen_GE_teacher,O=C(CSCc1cccc(F)c1)N1CCN(c2ccccc2)CC1,10.0,0.009001371907186157,0.009001615030147068,0.011866750446132331,-0.002865135415985263,0.06710292511238843
frozen_GE_teacher,O=C(CSc1nc2ccccc2c(=O)n1-c1ccccc1)Nc1ccc2c(c1)CCC2,20.0,0.31836913708649445,0.3298312474625154,0.20137517015815967,0.12845607730435574,-0.07159017582051355
frozen_GE_teacher,O=C(CSc1nc[nH]n1)c1cccc([N+](=O)[O-])c1,10.0,0.32612065883206415,0.33848104267627616,0.12507784901886582,0.21340319365741034,0.22347543610974874
frozen_GE_teacher,O=C(C[C@@H]1C=C[C@@H](NC(=O)C2CC2)[C@H](CO)O1)NCc1ccccc1Cl,9.98087,0.48086162519554476,0.5241044553969251,-0.07925745837338002,0.6033619137703051,-0.05965840137591297
frozen_GE_teacher,O=C(C[C@@H]1C=C[C@@H](NC(=O)C2CCC2)[C@@H](CO)O1)NCCCN1CCOCC1,10.0366,0.4068760552804193,0.4318617857867919,-0.09593575089229589,0.5277975366790878,-0.009610567857370286
frozen_GE_teacher,O=C(C[C@@H]1C=C[C@@H](NC(=O)C2CCOCC2)[C@H](CO)O1)NCC1CC1,10.1299,0.11395519614143863,0.11445234137961124,-0.03029857912824635,0.1447509205078576,0.20777872725096402
frozen_GE_teacher,O=C(C[C@@H]1C=C[C@@H](NC(=O)C2CCOCC2)[C@H](CO)O1)NCc1ccncc1,10.0387,0.31581071735780303,0.32698683069814743,-0.08123624015715815,0.40822307085530557,0.35190819206398877
frozen_GE_teacher,O=C(C[C@@H]1C=C[C@@H](NC(=O)CC2CC2)[C@@H](CO)O1)NCc1ccc(-c2ccccc2)cc1,9.90619,-0.012293121804071062,-0.012293741109205518,0.020610490431833953,-0.03290423154103947,0.19338077036475226
frozen_GE_teacher,O=C(C[C@@H]1C=C[C@@H](NC(=O)Cc2cccnc2)[C@H](CO)O1)Nc1ccccc1,10.0212,0.08618462759321824,0.08639897077084738,0.014642147718792055,0.07175682305205533,0.12708680546341808
frozen_GE_teacher,O=C(C[C@@H]1C=C[C@@H](NC(=O)Nc2cc(F)ccc2F)[C@@H](CO)O1)NCc1ccncn1,10.0345,0.061714121254592476,0.06179264959224893,-0.04040745952364481,0.10220010911589374,0.0569589010827954
frozen_GE_teacher,O=C(C[C@@H]1C=C[C@@H](NC(=O)Nc2ccc(F)cc2)[C@H](CO)O1)NCCN1CCCC1,9.97123,0.4464692381258973,0.4802817650795359,-0.09063537226936852,0.5709171373489044,-0.08805064691099737
frozen_GE_teacher,O=C(C[C@@H]1C=C[C@@H](NC(=O)Nc2ccc3c(c2)OCO3)[C@H](CO)O1)NCc1ccc(Cl)cc1,10.0034,0.021680127461885263,0.021683525175269815,0.005795620047379414,0.0158879051278904,0.052379074443769935
frozen_GE_teacher,O=C(C[C@@H]1C=C[C@@H](NC(=O)Nc2cccc(F)c2)[C@@H](CO)O1)NCC1CCCCC1,10.0338,0.09611553093121894,0.09641316043186858,0.01926840026074156,0.07714476017112702,-0.22338823880179892
frozen_GE_teacher,O=C(C[C@@H]1C=C[C@@H](NC(=O)Nc2cccc(F)c2)[C@H](CO)O1)NCC1CCCCC1,9.88612,-0.013400299939993558,-0.01340110211494742,-0.08418536309046165,0.07078426097551423,0.11941047270551654
frozen_GE_teacher,O=C(C[C@@H]1C=C[C@@H](NC(=O)Nc2ccccc2)[C@H](CO)O1)NCc1ccccn1,10.0625,-0.12023049929051764,-0.12081490195110074,-0.07219818678386677,-0.04861671516723397,0.18002109745734887
frozen_GE_teacher,O=C(C[C@@H]1C=C[C@@H](NC(=O)c2ccc3c(c2)OCO3)[C@@H](CO)O1)NC1Cc2ccccc2C1,9.99385,0.4262269572237078,0.4552769112893268,0.14103586405334773,0.31424104723597907,-0.0981076233727664
frozen_GE_teacher,O=C(C[C@@H]1C=C[C@@H](NC(=O)c2ccncc2)[C@@H](CO)O1)NCC1CC1,10.0915,-0.5394432944799962,-0.6033700729118774,0.15122735524733755,-0.7545974281592149,0.061893469562721876
frozen_GE_teacher,O=C(C[C@@H]1C=C[C@@H](NC(=O)c2ccncc2)[C@H](CO)O1)Nc1ccc(-c2ccccc2)cc1,10.0369,-0.07299837085984623,-0.07312845066426327,0.019728328744663598,-0.09285677940892686,0.04531445300972883
frozen_GE_teacher,O=C(C[C@@H]1C=C[C@@H](NS(=O)(=O)c2ccc(F)cc2)[C@@H](CO)O1)N1CCN(c2ccccc2)CC1,10.0645,0.22057530073069517,0.22426075102269444,0.019449618091584242,0.2048111329311102,0.18133385681522
frozen_GE_teacher,O=C(C[C@@H]1C=C[C@@H](NS(=O)(=O)c2ccccc2)[C@@H](CO)O1)NCc1ccc(Cl)c(Cl)c1,9.93008,0.42976117903116684,0.4596037222005074,0.0359267698292262,0.42367695237128117,-0.1411832401957045
frozen_GE_teacher,O=C(C[C@@H]1C=C[C@@H](NS(=O)(=O)c2ccccc2F)[C@H](CO)O1)NCCCN1CCOCC1,10.0919,0.09897783816531934,0.09930296725447793,-0.0003939754083813929,0.09969694266285932,-0.003859011031576059
frozen_GE_teacher,O=C(C[C@@H]1C=C[C@H](NC(=O)C2CCOCC2)[C@@H](CO)O1)Nc1ccc(-c2ccccc2)cc1,9.99825,0.6473149377276595,0.7706632235380613,-0.08434011297764699,0.8550033365157083,-0.01414843004417736
frozen_GE_teacher,O=C(C[C@@H]1C=C[C@H](NC(=O)C2CCOCC2)[C@H](CO)O1)Nc1ccc(-c2ccccc2)cc1,9.97097,-0.2575148539875057,-0.26344492455693536,0.06937472666398255,-0.3328196512209179,-0.6785298091886796
frozen_GE_teacher,O=C(C[C@@H]1C=C[C@H](NC(=O)CC2CC2)[C@H](CO)O1)NCc1ccc(-c2ccccc2)cc1,9.93979,0.058310979028876234,0.05837720327156149,-0.03467694192148078,0.09305414519304228,0.3380225306645309
frozen_GE_teacher,O=C(C[C@@H]1C=C[C@H](NC(=O)Cc2ccccn2)[C@H](CO)O1)NCCCN1CCOCC1,10.0917,0.09791630601360629,0.0982310461250916,-0.013212356599506613,0.11144340272459821,0.24590778392972465
frozen_GE_teacher,O=C(C[C@@H]1C=C[C@H](NC(=O)NC2CCCCC2)[C@@H](CO)O1)NCc1ccccc1,9.9939,0.2920848719872137,0.30084408087885395,0.0888729871034328,0.21197109377542114,0.03103742417400404
frozen_GE_teacher,O=C(C[C@@H]1C=C[C@H](NC(=O)Nc2cc(F)ccc2F)[C@@H](CO)O1)NCc1ccc2c(c1)OCO2,10.0784,-0.37065150832162,-0.3891781576006199,0.0034200891458216025,-0.3925982467464415,-0.13789787844671514
frozen_GE_teacher,O=C(C[C@@H]1C=C[C@H](NC(=O)Nc2cc(F)ccc2F)[C@H](CO)O1)NCCCN1CCOCC1,9.88835,0.31151936492008636,0.3222271865725302,-0.12470063758377108,0.4469278241563013,0.17160244641702554
frozen_GE_teacher,O=C(C[C@@H]1C=C[C@H](NC(=O)Nc2ccc3c(c2)OCO3)[C@H](CO)O1)NCc1ccc(Cl)cc1,9.92122,-0.0058686659231356976,-0.005868733299237973,-0.05752706941098478,0.051658336111746805,-0.00841118878119964
frozen_GE_teacher,O=C(C[C@@H]1C=C[C@H](NC(=O)c2ccc(F)cc2)[C@@H](CO)O1)NCCc1ccncc1,9.99492,-0.22946579589666063,-0.23362549794208157,0.01994902549351971,-0.2535745234356013,-0.11889079393213395
frozen_GE_teacher,O=C(C[C@@H]1C=C[C@H](NC(=O)c2ccccc2)[C@@H](CO)O1)NCc1ccc(Oc2ccccc2)cc1,10.0628,-0.16196448962109858,-0.16340345125017086,-0.0008937268918270697,-0.1625097243583438,0.023226762142093217
frozen_GE_teacher,O=C(C[C@@H]1C=C[C@H](NC(=O)c2ccncc2)[C@H](CO)O1)Nc1ccc(-c2ccccc2)cc1,9.99655,-0.12928443815448717,-0.13001205604022606,-0.025193946223098347,-0.10481810981712772,-0.1586931977606172
frozen_GE_teacher,O=C(C[C@@H]1C=C[C@H](NC(=O)c2cnccn2)[C@H](CO)O1)NCc1ccccc1F,9.92221,-0.23926770299004688,-0.24399720199058958,-0.012923378866485723,-0.23107382312410385,-0.0019069332885739108
frozen_GE_teacher,O=C(C[C@@H]1C=C[C@H](NS(=O)(=O)c2ccc(F)cc2)[C@@H](CO)O1)NC1CCCCC1,9.99699,-0.12992545906699715,-0.13066402844571273,0.022827356394631335,-0.15349138484034408,-0.21721535957255306
frozen_GE_teacher,O=C(C[C@@H]1C=C[C@H](NS(=O)(=O)c2ccc(F)cc2)[C@@H](CO)O1)NCc1ccncn1,9.99989,0.3864820712054897,0.4076577232430066,-0.047652191555561274,0.45530991479856786,-0.3446566687923788
frozen_GE_teacher,O=C(C[C@@H]1C=C[C@H](NS(=O)(=O)c2ccccc2F)[C@H](CO)O1)NCCCN1CCOCC1,9.95325,0.40637332654551106,0.4312594675378778,-0.003491589269273433,0.43475105680715126,-0.19669379927287706
frozen_GE_teacher,O=C(C[C@@H]1CC[C@@H](NC(=O)C2CC2)[C@H](CO)O1)NCc1ccncc1,10.0221,-0.0688263740218215,-0.06893536240632674,0.02364768700192776,-0.0925830494082545,-0.05583325656985763
frozen_GE_teacher,O=C(C[C@@H]1CC[C@@H](NC(=O)CCN2CCCCC2)[C@@H](CO)O1)NCc1ccc(Cl)c(Cl)c1,10.0225,0.4203690692377343,0.4481402250059862,0.008896722919999326,0.4392435020859869,-0.5229891887443165
frozen_GE_teacher,O=C(C[C@@H]1CC[C@@H](NC(=O)CN2CCOCC2)[C@@H](CO)O1)NC1CCCCC1,10.0425,0.11125461601730632,0.11171707672143431,0.014676396105916277,0.09704068061551804,0.11701657649333166
frozen_GE_teacher,O=C(C[C@@H]1CC[C@@H](NC(=O)CN2CCOCC2)[C@@H](CO)O1)NCCc1ccncc1,10.0666,0.3096899956552494,0.32020248264945195,-0.026450304908224323,0.34665278755767626,0.025651131811484516
frozen_GE_teacher,O=C(C[C@@H]1CC[C@@H](NC(=O)Cc2ccccn2)[C@@H](CO)O1)NCCc1ccncc1,9.99253,0.00415122869926672,0.004151252545139149,0.025622241329570666,-0.021470988784431516,-0.08586879556617934
frozen_GE_teacher,O=C(C[C@@H]1CC[C@@H](NC(=O)Cc2cccnc2)[C@@H](CO)O1)Nc1ccc(-c2ccccc2)cc1,10.0536,-0.5828812434429501,-0.6668155339854467,-0.12639495407430282,-0.5404205799111439,-0.14977198954018786
frozen_GE_teacher,O=C(C[C@@H]1CC[C@@H](NC(=O)Cc2cccnc2)[C@H](CO)O1)Nc1ccc(-c2ccccc2)cc1,10.0565,0.3081398504022443,0.318488803166464,0.07134939416135608,0.24713940900510792,0.12187098083312539
frozen_GE_teacher,O=C(C[C@@H]1CC[C@@H](NC(=O)NC2CCCC2)[C@@H](CO)O1)NCc1ccc(F)cc1,10.0291,0.29776702676605404,0.3070675875845777,-0.12456859589989325,0.43163618348447097,-0.2171726957355978
frozen_GE_teacher,O=C(C[C@@H]1CC[C@@H](NC(=O)Nc2cc(F)ccc2F)[C@@H](CO)O1)NCc1ccccn1,10.119,0.17460348001280718,0.17641100232459841,-0.022964556393019465,0.1993755587176179,-0.07694849359146241
frozen_GE_teacher,O=C(C[C@@H]1CC[C@@H](NC(=O)Nc2ccc(C(F)(F)F)cc2)[C@H](CO)O1)NCCN1CCCC1,10.0718,-0.46987488411776646,-0.509909758458261,-0.04829650407919543,-0.4616132543790656,0.300053893901505
frozen_GE_teacher,O=C(C[C@@H]1CC[C@@H](NC(=O)Nc2ccc3c(c2)OCO3)[C@@H](CO)O1)NCCCN1CCOCC1,10.0258,0.1236333515396648,0.12426911285050969,0.05041628936542619,0.0738528234850835,-0.15907489279952713
frozen_GE_teacher,O=C(C[C@@H]1CC[C@@H](NC(=O)Nc2ccccc2F)[C@@H](CO)O1)NCc1ccccc1,9.97592,0.2798451896534539,0.28751410037394487,0.004113026073466378,0.2834010743004785,0.15014848444920648
frozen_GE_teacher,O=C(C[C@@H]1CC[C@@H](NC(=O)c2cccc(F)c2)[C@@H](CO)O1)NCCN1CCCC1,10.0621,-0.1728762931470167,-0.1746300561235745,-0.03798210801635937,-0.13664794810721512,0.04918843096672415
frozen_GE_teacher,O=C(C[C@@H]1CC[C@@H](NC(=O)c2cccc(F)c2)[C@@H](CO)O1)Nc1nccs1,10.0492,0.31509798234367226,0.3261953325053648,0.0524211988473689,0.2737741336579959,-0.06419052552262637
frozen_GE_teacher,O=C(C[C@@H]1CC[C@@H](NC(=O)c2cccc(F)c2)[C@H](CO)O1)NCCN1CCCC1,10.0188,-0.08194692069906943,-0.08213109600485616,0.023924597112612564,-0.10605569311746872,0.2297558964701938
frozen_GE_teacher,O=C(C[C@@H]1CC[C@@H](NC(=O)c2ccccc2)[C@H](CO)O1)Nc1ccc(-c2ccccc2)cc1,10.0983,0.14739263706461922,0.14847411746568767,0.01767631280294725,0.13079780466274044,0.13438144142233
frozen_GE_teacher,O=C(C[C@@H]1CC[C@@H](NC(=O)c2ccccn2)[C@@H](CO)O1)NCc1cccc(F)c1,9.98254,0.029727990535146513,0.029736752586159036,0.07148120409052311,-0.04174445150436407,0.017436327970996673
frozen_GE_teacher,O=C(C[C@@H]1CC[C@@H](NC(=O)c2cnccn2)[C@@H](CO)O1)NCc1ccccc1F,10.0219,0.5320407060213498,0.592987303500441,-0.06625695535539004,0.659244258855831,-0.44036838869456524
frozen_GE_teacher,O=C(C[C@@H]1CC[C@@H](NS(=O)(=O)c2ccc(F)cc2)[C@@H](CO)O1)NCCc1ccncc1,10.0473,0.5219305917126144,0.5789895032334577,0.012969874438739266,0.5660196287947183,0.08664455787401534
frozen_GE_teacher,O=C(C[C@@H]1CC[C@@H](NS(=O)(=O)c2cccc(F)c2)[C@H](CO)O1)NCc1ccc2c(c1)OCO2,10.0047,0.14089335857191068,0.1418369110358936,-0.05283330253720055,0.19467021357309416,0.03599485786899487
frozen_GE_teacher,O=C(C[C@@H]1CC[C@@H](NS(=O)(=O)c2ccccc2)[C@@H](CO)O1)NCCN1CCCCC1,10.0416,-0.04502475208437176,-0.045055214295825215,0.011672967575542353,-0.056728181871367564,0.01652979855862408
frozen_GE_teacher,O=C(C[C@@H]1CC[C@@H]2NC[C@H](O)COC[C@H]2O1)NC1Cc2ccccc2C1,10.0739,-0.05995792598722215,-0.06002993000151534,0.058210196732940096,-0.11824012673445544,-0.05334287957574937
frozen_GE_teacher,O=C(C[C@@H]1CC[C@@H]2NC[C@H](O)COC[C@H]2O1)NCCN1CCCCC1,10.0476,-0.23854955312408588,-0.2432355807766573,-0.00860812423168657,-0.23462745654497072,-0.02886664043390058
frozen_GE_teacher,O=C(C[C@@H]1CC[C@@H]2NC[C@H](O)COC[C@H]2O1)Nc1ccc(-c2ccccc2)cc1,9.98187,0.4649778112860053,0.5036435775944338,-0.07964235466917594,0.5832859322636097,0.21982524405196946
frozen_GE_teacher,O=C(C[C@@H]1CC[C@@H]2[C@H](COC[C@@H](O)CN2C(=O)c2cnccn2)O1)NCc1ccc(F)cc1,10.0999,0.3227922197827058,0.33476098023333484,0.051568494473814765,0.28319248575952005,-0.37103447571819914
frozen_GE_teacher,O=C(C[C@@H]1CC[C@@H]2[C@H](COC[C@@H](O)CN2Cc2ccc(Oc3ccccc3)cc2)O1)N1CCc2ccccc2C1,10.0654,0.2615927129248631,0.2678173538486346,0.00017833208146866147,0.2676390217671659,-0.0169154254137225
frozen_GE_teacher,O=C(C[C@@H]1CC[C@@H]2[C@H](COC[C@H](O)CN2CCC(F)(F)F)O1)NCc1ccc(Oc2ccccc2)cc1,10.1038,0.24109244667291674,0.24593365338437967,0.00995680763939294,0.23597684574498673,-0.014028233580105864
frozen_GE_teacher,O=C(C[C@@H]1CC[C@@H]2[C@H](COC[C@H](O)CN2Cc2ccc3c(c2)OCO3)O1)Nc1ccc(-c2ccccc2)cc1,9.98817,0.3161495753589309,0.32736327411503646,-0.028589796336417856,0.3559530704514543,0.06350437552837425
frozen_GE_teacher,O=C(C[C@@H]1CC[C@H](NC(=O)C2CCOCC2)[C@@H](CO)O1)NCc1ccccc1Cl,10.0724,-0.19246128820367114,-0.19489188263025964,-0.10413406988245616,-0.09075781274780348,0.36651247043189744
frozen_GE_teacher,O=C(C[C@@H]1CC[C@H](NC(=O)C2CCOCC2)[C@@H](CO)O1)Nc1nccs1,10.0065,0.20063793941802457,0.20339716270821043,-0.04197107024659444,0.24536823295480487,0.09626031120681339
frozen_GE_teacher,O=C(C[C@@H]1CC[C@H](NC(=O)C2CCOCC2)[C@H](CO)O1)NCc1ccccc1Cl,10.0656,-0.12034429656250022,-0.12093036993620034,-0.09125929962796614,-0.029671070308234196,0.09663230826700732
frozen_GE_teacher,O=C(C[C@@H]1CC[C@H](NC(=O)C2CCOCC2)[C@H](CO)O1)Nc1nccs1,10.1016,0.1344700777602324,0.1352894914134672,-0.047552789467735716,0.1828422808812029,-0.037301158362540936
frozen_GE_teacher,O=C(C[C@@H]1CC[C@H](NC(=O)Nc2ccc(C(F)(F)F)cc2)[C@@H](CO)O1)NCCN1CCCC1,10.0359,0.21001398270229998,0.21318597439753442,0.0022121418340882992,0.21097383256344612,0.18253348867628721
frozen_GE_teacher,O=C(C[C@@H]1CC[C@H](NC(=O)Nc2cccc(F)c2)[C@H](CO)O1)NCC1CC1,10.0473,0.3504918952660171,0.3660044287388049,0.03173010703364617,0.33427432170515875,0.2625607085082495
frozen_GE_teacher,O=C(C[C@@H]1CC[C@H](NC(=O)c2ccc3c(c2)OCO3)[C@@H](CO)O1)NC1Cc2ccccc2C1,10.0303,0.1627015869876868,0.164160498372105,-0.012375473494604081,0.17653597186670908,0.01819047638473257
frozen_GE_teacher,O=C(C[C@@H]1CC[C@H](NC(=O)c2cccc(F)c2)[C@@H](CO)O1)NCCN1CCCC1,10.0234,0.1430034810896156,0.14399042636078474,0.0065021127940005,0.13748831356678423,0.09868888394975749
frozen_GE_teacher,O=C(C[C@@H]1CC[C@H](NC(=O)c2cccc(F)c2)[C@H](CO)O1)NCCN1CCCC1,10.0908,0.08239696813070153,0.08258420292578592,-0.07818516480388898,0.1607693677296749,0.12255006612381382
frozen_GE_teacher,O=C(C[C@@H]1CC[C@H](NC(=O)c2cccnc2)[C@@H](CO)O1)NCc1ccc(Cl)c(Cl)c1,10.084,-0.06291859762756224,-0.06300182172647999,-0.009587105573424036,-0.05341471615305595,0.06312453794608416
frozen_GE_teacher,O=C(C[C@@H]1CC[C@H](NC(=O)c2cnccn2)[C@@H](CO)O1)NCc1ccccc1F,10.0568,-0.27674549982256674,-0.2841541874056366,-0.043051834819142376,-0.2411023525864942,0.2071181787611461
frozen_GE_teacher,O=C(C[C@@H]1CC[C@H](NS(=O)(=O)c2ccc(F)cc2)[C@H](CO)O1)N1CCN(c2ccccc2)CC1,10.0485,0.36042911965864133,0.3773790030601063,-0.005112483217950504,0.3824914862780568,-0.08864149607222188
frozen_GE_teacher,O=C(C[C@@H]1CC[C@H]2[C@@H](COC[C@@H](O)CN2C(=O)Nc2cc(Cl)cc(Cl)c2)O1)N1CCOCC1,10.1608,0.09608846718974332,0.09638584441070394,0.07425982906176767,0.022126015348936268,-0.02190640806396931
frozen_GE_teacher,O=C(C[C@@H]1CC[C@H]2[C@@H](COC[C@@H](O)CN2C(=O)c2cc(Cl)cc(Cl)c2)O1)N1CCc2ccccc2C1,10.0634,0.1964731772804861,0.19906146123703922,0.01772410398916504,0.18133735724787417,0.07945702123914791
frozen_GE_teacher,O=C(C[C@@H]1CC[C@H]2[C@@H](COC[C@@H](O)CN2CCC(F)(F)F)O1)NCC1CCCCC1,10.1214,-0.24146168609144156,-0.2463257166219333,-0.07437745950323503,-0.17194825711869827,0.28478128116121393
frozen_GE_teacher,O=C(C[C@@H]1CC[C@H]2[C@@H](COC[C@@H](O)CN2Cc2ccc(Cl)cc2)O1)NCCc1ccccc1,10.0615,0.09227951329631,0.09254279546233615,-0.07479068855811165,0.1673334840204478,0.07479956020393343
frozen_GE_teacher,O=C(C[C@@H]1CC[C@H]2[C@@H](COC[C@@H](O)CN2Cc2cccc(C(F)(F)F)c2)O1)NCCc1ccncc1,10.0963,0.023122643102952603,0.023126765316848444,0.07873370390780542,-0.05560693859095697,0.25141534723604175
frozen_GE_teacher,O=C(C[C@@H]1CC[C@H]2[C@@H](COC[C@@H](O)CN2Cc2cccc(Cl)c2)O1)NCC1CCCCC1,10.0817,0.3469953019817511,0.3620236824373485,0.044694886436783765,0.31732879600056474,0.07975338031663973
frozen_GE_teacher,O=C(C[C@@H]1CC[C@H]2[C@@H](COC[C@H](O)CN2C(=O)Nc2ccc(Cl)cc2)O1)NCC1CCCCC1,10.019,0.3817462719653947,0.4021022281471681,0.10686170051468566,0.29524052763248243,-0.2567847066188417
frozen_GE_teacher,O=C(C[C@@H]1CC[C@H]2[C@@H](COC[C@H](O)CN2C(=O)Nc2ccccc2)O1)NCc1ccncn1,10.0559,0.45869391160745954,0.49565591588615693,-0.01760305137216386,0.5132589672583208,0.44013428258195375
frozen_GE_teacher,O=C(C[C@@H]1CC[C@H]2[C@@H](COC[C@H](O)CN2C(=O)c2ccc(F)cc2)O1)N1CCCCC1,10.1572,0.02246084582212838,0.022464624053512447,-0.015438370571006235,0.03790299462451868,-0.1251937871794575
frozen_GE_teacher,O=C(C[C@@H]1CC[C@H]2[C@@H](COC[C@H](O)CN2C(=O)c2cnccn2)O1)N1CCN(c2ccccc2)CC1,10.0526,-0.4042551437837894,-0.42872490630354565,0.07263626727639642,-0.501361173579942,-0.310835557336254
frozen_GE_teacher,O=C(C[C@@H]1CC[C@H]2[C@@H](COC[C@H](O)CN2CC2CCOCC2)O1)NCC1CC1,10.0039,-0.007738623747176921,-0.007738778231902526,-0.023563229342693486,0.01582445111079096,0.21885043576739158
frozen_GE_teacher,O=C(C[C@@H]1CC[C@H]2[C@@H](COC[C@H](O)CN2Cc2ccc3c(c2)OCO3)O1)N1CCCCC1,9.9821,0.00624956578206205,0.006249647147216663,0.09804326657349301,-0.09179361942627634,-0.11266611075098486
frozen_GE_teacher,O=C(C[C@@H]1CC[C@H]2[C@@H](COC[C@H](O)CN2Cc2ccccc2F)O1)NC1CCC1,10.0368,0.47362587479357593,0.5147344998430052,0.11310198516294097,0.4016325146800643,-0.08833765972974088
frozen_GE_teacher,O=C(C[C@@H]1C[C@@H]2c3cc(NC(=O)C4CCC4)ccc3O[C@@H]2[C@@H](CO)O1)NCc1cccc(F)c1,10.2759,0.13829217966055735,0.13918403621653563,0.005142533704707547,0.1340415025118281,0.20395014184907787
frozen_GE_teacher,O=C(C[C@@H]1C[C@@H]2c3cc(NC(=O)C4CCC4)ccc3O[C@@H]2[C@H](CO)O1)NCc1ccccn1,10.1031,-0.264416321858493,-0.27085079252447936,0.22481705897795656,-0.4956678515024359,0.32543302914074823
frozen_GE_teacher,O=C(C[C@@H]1C[C@@H]2c3cc(NC(=O)CC4CC4)ccc3O[C@@H]2[C@@H](CO)O1)NCc1cc(F)ccc1F,9.98574,0.2716690902317639,0.2786650347799102,-0.009728358696438042,0.2883933934763483,0.003090811568159645
frozen_GE_teacher,O=C(C[C@@H]1C[C@@H]2c3cc(NC(=O)CC4CC4)ccc3O[C@@H]2[C@@H](CO)O1)NCc1ccc(-c2ccccc2)cc1,9.71738,-0.3216463941707296,-0.33348240609661084,-0.045306035098131886,-0.2881763709984789,0.45606989563913247
frozen_GE_teacher,O=C(C[C@@H]1C[C@@H]2c3cc(NC(=O)CC4CC4)ccc3O[C@@H]2[C@@H](CO)O1)NCc1ccc(Cl)cc1,10.0037,0.17044582082514806,0.17212578784750204,-0.01691037925088896,0.189036167098391,0.36426674301024975
frozen_GE_teacher,O=C(C[C@@H]1C[C@@H]2c3cc(NC(=O)CC4CC4)ccc3O[C@@H]2[C@H](CO)O1)NCc1ccncc1,9.96761,0.1803922451408807,0.18238809763948285,0.06324054976124249,0.11914754787824036,0.03847333080894866
frozen_GE_teacher,O=C(C[C@@H]1C[C@@H]2c3cc(NC(=O)Cc4ccncc4)ccc3O[C@@H]2[C@H](CO)O1)NCc1cc(F)ccc1F,10.1333,0.15192080298997282,0.15310603367825393,0.030327829333061596,0.12277820434519233,-0.019302670638465934
frozen_GE_teacher,O=C(C[C@@H]1C[C@@H]2c3cc(NC(=O)Cc4ccncc4)ccc3O[C@@H]2[C@H](CO)O1)NCc1cccnc1,10.0481,0.23037720193718136,0.23458777370987272,0.04807321014669759,0.18651456356317514,-0.13236681510645443
frozen_GE_teacher,O=C(C[C@@H]1C[C@@H]2c3cc(NC(=O)NC4CCCC4)ccc3O[C@@H]2[C@H](CO)O1)NCc1ccccc1F,10.0531,0.048473109313207065,0.04851112774856494,-0.02476070624407206,0.07327183399263701,0.07588507319196343
frozen_GE_teacher,O=C(C[C@@H]1C[C@@H]2c3cc(NC(=O)Nc4ccc(C(F)(F)F)cc4)ccc3O[C@@H]2[C@H](CO)O1)NCc1ccc(Cl)cc1,9.94705,0.008086616331312795,0.008086792608576854,0.024654266442434198,-0.016567473833857344,0.13737988828224015
frozen_GE_teacher,O=C(C[C@@H]1C[C@@H]2c3cc(NC(=O)Nc4ccccc4)ccc3O[C@@H]2[C@H](CO)O1)NC1CCCC1,9.72733,-0.19814689354071482,-0.20080297736975858,-0.0046260007609474525,-0.19617697660881112,-0.024236145041210265
frozen_GE_teacher,O=C(C[C@@H]1C[C@@H]2c3cc(NC(=O)c4ccc5c(c4)OCO5)ccc3O[C@@H]2[C@H](CO)O1)NCc1ccccn1,10.0676,-0.15912704689214047,-0.1604909364554682,0.12440218042997384,-0.28489311688544205,-0.2929803829462534
frozen_GE_teacher,O=C(C[C@@H]1C[C@@H]2c3cc(NS(=O)(=O)c4ccccc4)ccc3O[C@@H]2[C@H](CO)O1)NCC1CC1,10.0709,0.4254295747006234,0.4543029140254809,0.04705722025398586,0.40724569377149505,0.01527713444173269
frozen_GE_teacher,O=C(C[C@@H]1C[C@H]2c3cc(NC(=O)C4CCC4)ccc3O[C@H]2[C@H](CO)O1)NCc1ccc(-c2ccccc2)cc1,10.1163,0.17041861220339508,0.1720977652494051,0.02374673011556671,0.14835103513383838,0.08447542296105898
frozen_GE_teacher,O=C(C[C@@H]1C[C@H]2c3cc(NC(=O)C4CCC4)ccc3O[C@H]2[C@H](CO)O1)NCc1cccc(F)c1,9.93169,0.43567274657321176,0.4668772557400227,-0.08070481634712508,0.5475820720871478,-0.14380606254237127
frozen_GE_teacher,O=C(C[C@@H]1C[C@H]2c3cc(NC(=O)C4CCC4)ccc3O[C@H]2[C@H](CO)O1)NCc1ccncc1,10.203,0.02226881817231339,0.02227250030555257,-0.07108718470705774,0.09335968501261031,0.1727553896083011
frozen_GE_teacher,O=C(C[C@@H]1C[C@H]2c3cc(NC(=O)C4CCOCC4)ccc3O[C@H]2[C@H](CO)O1)NCCN1CCCCC1,10.0337,0.3116605730341406,0.32238357851627947,-0.15120351840326202,0.4735870969195415,0.2882899725103538
frozen_GE_teacher,O=C(C[C@@H]1C[C@H]2c3cc(NC(=O)C4CCOCC4)ccc3O[C@H]2[C@H](CO)O1)NCc1ccc2c(c1)OCO2,9.92487,0.20854996307701837,0.21165489477788602,-0.012432277807590524,0.22408717258547653,-0.017792439650524856
frozen_GE_teacher,O=C(C[C@@H]1C[C@H]2c3cc(NC(=O)CC4CC4)ccc3O[C@H]2[C@H](CO)O1)NCC1CC1,10.0097,0.12547445427126372,0.12613922850970288,-0.047140881651883876,0.17328011016158676,-0.08850399210016122
frozen_GE_teacher,O=C(C[C@@H]1C[C@H]2c3cc(NC(=O)CC4CC4)ccc3O[C@H]2[C@H](CO)O1)NCc1ccc2c(c1)OCO2,10.0424,0.3480851156568601,0.36326321186934046,0.006212918961210574,0.3570502929081299,-0.04898240047958327
frozen_GE_teacher,O=C(C[C@@H]1C[C@H]2c3cc(NC(=O)Cc4ccncc4)ccc3O[C@H]2[C@@H](CO)O1)NCCN1CCCCC1,10.0088,0.08190982016138,0.08209374475594745,0.16430926592080114,-0.08221552116485369,-0.19735380470116592
frozen_GE_teacher,O=C(C[C@@H]1C[C@H]2c3cc(NC(=O)Cc4ccncc4)ccc3O[C@H]2[C@@H](CO)O1)NCc1ccccn1,10.0104,-0.1751918877608355,-0.17701797696078703,-0.024020945483008097,-0.15299703147777893,-0.1184463514283301
frozen_GE_teacher,O=C(C[C@@H]1C[C@H]2c3cc(NC(=O)Cc4ccncc4)ccc3O[C@H]2[C@@H](CO)O1)NCc1cccnc1,9.99269,-0.1359915901517676,-0.1368393469204773,0.028444692980638665,-0.16528403990111598,0.08836425509250104
frozen_GE_teacher,O=C(C[C@@H]1C[C@H]2c3cc(NC(=O)Cc4ccncc4)ccc3O[C@H]2[C@H](CO)O1)NCCN1CCCCC1,9.87737,0.3053741793077954,0.31543584650414325,0.031351219329263,0.28408462717488026,0.11769171511296447
frozen_GE_teacher,O=C(C[C@@H]1C[C@H]2c3cc(NC(=O)NC4CCCC4)ccc3O[C@H]2[C@@H](CO)O1)NCCN1CCCCC1,9.79875,-0.0374717087751424,-0.037489261936130426,-0.12651117852249316,0.08902191658636274,0.14288459866340134
frozen_GE_teacher,O=C(C[C@@H]1C[C@H]2c3cc(NC(=O)NC4CCCC4)ccc3O[C@H]2[C@H](CO)O1)NCCN1CCCCC1,10.1145,0.227505888308011,0.2315576351558911,0.03433068813747961,0.19722694701841148,-0.03471284142168313
frozen_GE_teacher,O=C(C[C@@H]1C[C@H]2c3cc(NC(=O)NC4CCCCC4)ccc3O[C@H]2[C@@H](CO)O1)NCc1cccnc1,9.79305,0.23508232225882447,0.23956234364988754,0.010294920203697011,0.22926742344619053,0.07737790487914831
frozen_GE_teacher,O=C(C[C@@H]1C[C@H]2c3cc(NC(=O)Nc4ccc(C(F)(F)F)cc4)ccc3O[C@H]2[C@@H](CO)O1)NCCc1ccccc1,9.95674,0.2604229528992315,0.2665620778490152,0.06543478819520945,0.20112728965380575,0.09272237574948047
frozen_GE_teacher,O=C(C[C@@H]1C[C@H]2c3cc(NC(=O)Nc4ccc(C(F)(F)F)cc4)ccc3O[C@H]2[C@@H](CO)O1)NCc1ccc(Cl)cc1,9.84017,0.2580092776811688,0.2639745363513509,-0.010760328354173789,0.27473486470552466,0.04164799037174026
frozen_GE_teacher,O=C(C[C@@H]1C[C@H]2c3cc(NC(=O)Nc4ccc(C(F)(F)F)cc4)ccc3O[C@H]2[C@H](CO)O1)NCc1ccc(Cl)cc1,10.0025,-0.38398738705035046,-0.40472829192082527,-0.05775214119377982,-0.34697615072704546,0.24126817348382235
frozen_GE_teacher,O=C(C[C@@H]1C[C@H]2c3cc(NC(=O)Nc4ccccc4F)ccc3O[C@H]2[C@@H](CO)O1)NCC1CC1,10.0633,-0.29555393598977775,-0.3046409316566404,-0.024980125201396735,-0.27966080645524366,-0.11617610286517736
frozen_GE_teacher,O=C(C[C@@H]1C[C@H]2c3cc(NC(=O)Nc4ccccc4F)ccc3O[C@H]2[C@@H](CO)O1)NCc1ccncc1,10.0641,0.16372535184110756,0.16521228139312333,-0.018513983389899888,0.18372626478302323,0.08659768130092967
frozen_GE_teacher,O=C(C[C@@H]1C[C@H]2c3cc(NC(=O)Nc4ccccc4F)ccc3O[C@H]2[C@H](CO)O1)NC1CCCCC1,10.005,0.2818796751170688,0.2897228187513389,0.0505767087992208,0.23914610995211807,0.2146112039760044
frozen_GE_teacher,O=C(C[C@@H]1C[C@H]2c3cc(NC(=O)Nc4ccccc4F)ccc3O[C@H]2[C@H](CO)O1)NCc1ccc2c(c1)OCO2,10.0957,0.2152737848946318,0.21869489068521825,-0.08135914384507073,0.300054034530289,-0.2872742406103659
frozen_GE_teacher,O=C(C[C@@H]1C[C@H]2c3cc(NC(=O)c4ccc5c(c4)OCO5)ccc3O[C@H]2[C@@H](CO)O1)NCC1CC1,10.0324,0.1679920360073489,0.16959966599805976,0.04847625005888473,0.12112341593917503,0.19798820287626762
frozen_GE_teacher,O=C(C[C@@H]1C[C@H]2c3cc(NC(=O)c4ccc5c(c4)OCO5)ccc3O[C@H]2[C@@H](CO)O1)NCc1ccc(Cl)cc1,10.0189,-0.2641890954091525,-0.27060650085394056,-0.004239243956557864,-0.2663672568973827,0.05802802233384912
frozen_GE_teacher,O=C(C[C@@H]1C[C@H]2c3cc(NC(=O)c4ccc5c(c4)OCO5)ccc3O[C@H]2[C@@H](CO)O1)NCc1ccccn1,10.0584,0.40612784426953175,0.43096546286359977,0.029209214245335555,0.4017562486182642,0.34282039648701157
frozen_GE_teacher,O=C(C[C@@H]1C[C@H]2c3cc(NC(=O)c4cccnc4)ccc3O[C@H]2[C@@H](CO)O1)NCCc1ccccc1,9.86644,0.20639955575771818,0.20940775663202535,0.0912537883170689,0.11815396831495645,0.13552743341008597
frozen_GE_teacher,O=C(C[C@@H]1C[C@H]2c3cc(NS(=O)(=O)c4ccc(F)cc4)ccc3O[C@H]2[C@@H](CO)O1)N1CCc2ccccc2C1,9.91188,0.007274856552671573,0.007274984893795693,0.06184017436702294,-0.05456518947322724,0.29016971149664067
frozen_GE_teacher,O=C(C[C@@H]1C[C@H]2c3cc(NS(=O)(=O)c4ccc(F)cc4)ccc3O[C@H]2[C@@H](CO)O1)NC1CCCCC1,9.88975,-0.1603495603568149,-0.16174546094823902,0.004666574295310567,-0.16641203524354958,-0.1406619256220019
frozen_GE_teacher,O=C(C[C@@H]1C[C@H]2c3cc(NS(=O)(=O)c4ccc(F)cc4)ccc3O[C@H]2[C@H](CO)O1)NCCN1CCCCC1,10.0813,0.12015642700751654,0.12073974389963392,0.010515102613505052,0.11022464128612887,0.40997064513477166
frozen_GE_teacher,O=C(C[C@@H]1C[C@H]2c3cc(NS(=O)(=O)c4ccc(F)cc4)ccc3O[C@H]2[C@H](CO)O1)NCc1ccc(Cl)cc1,10.1022,0.31918543583953846,0.3307398806465393,-0.03057046578832465,0.361310346434864,0.06912847001013021
frozen_GE_teacher,O=C(C[C@@H]1C[C@H]2c3cc(NS(=O)(=O)c4ccccc4)ccc3O[C@H]2[C@@H](CO)O1)NCC1CC1,10.1007,0.043885906931039796,0.04391411388846978,0.02694893331587663,0.01696518057259315,-0.015114565966983677
frozen_GE_teacher,O=C(C[C@H]1C=C[C@@H](NC(=O)CC2CC2)[C@H](CO)O1)NCC(F)(F)F,10.0034,-0.0077688034506520655,-0.007768959749895074,-0.008324190112605654,0.0005552303627105806,0.050592337546712815
frozen_GE_teacher,O=C(C[C@H]1C=C[C@@H](NC(=O)CCN2CCCCC2)[C@@H](CO)O1)Nc1ccc(-c2ccccc2)cc1,10.0083,0.2515379225833427,0.2570539371575975,-0.004419654336347455,0.26147359149394495,0.03852638168576214
frozen_GE_teacher,O=C(C[C@H]1C=C[C@@H](NC(=O)CCN2CCCCC2)[C@H](CO)O1)Nc1nccs1,10.0531,0.07647221467589767,0.07662180975432935,-0.03183540511000796,0.1084572148643373,0.17604648751604565
frozen_GE_teacher,O=C(C[C@H]1C=C[C@@H](NC(=O)CN2CCOCC2)[C@H](CO)O1)NC1CCCCC1,10.1016,0.16184267194114174,0.16327835443609384,0.00247146813707284,0.160806886299021,0.14168322993098556
frozen_GE_teacher,O=C(C[C@H]1C=C[C@@H](NC(=O)Cc2ccccn2)[C@@H](CO)O1)NCCCN1CCOCC1,9.96025,0.17795440460852388,0.17986939766663315,0.010275933489310947,0.1695934641773222,0.10641793499465824
frozen_GE_teacher,O=C(C[C@H]1C=C[C@@H](NC(=O)Cc2ccccn2)[C@@H](CO)O1)NCCc1ccncc1,9.93381,-0.17980910043948306,-0.18178540378889463,-0.01388426713042327,-0.16790113665847137,0.3017396603834812
frozen_GE_teacher,O=C(C[C@H]1C=C[C@@H](NC(=O)Nc2cc(F)ccc2F)[C@@H](CO)O1)Nc1ccccc1,10.0154,-0.14250403719400864,-0.14348059274004837,-0.028288208906326245,-0.11519238383372213,0.14113632928116152
frozen_GE_teacher,O=C(C[C@H]1C=C[C@@H](NC(=O)Nc2cc(F)ccc2F)[C@H](CO)O1)NCCCN1CCOCC1,10.0001,0.2611736880051731,0.26736760129649434,-0.07404620666333764,0.341413807959832,-0.16678426222061432
frozen_GE_teacher,O=C(C[C@H]1C=C[C@@H](NC(=O)Nc2ccc(F)cc2)[C@@H](CO)O1)NCCN1CCCC1,10.037,0.30461234285248806,0.3145958751050049,-0.14551968320459757,0.4601155583096025,-0.06806807062104583
frozen_GE_teacher,O=C(C[C@H]1C=C[C@@H](NC(=O)Nc2ccc3c(c2)OCO3)[C@H](CO)O1)NCc1ccc(Cl)cc1,10.08,-0.26620345358578534,-0.27277324507816203,-0.014297974244492102,-0.25847527083366995,-0.16892545973246081
frozen_GE_teacher,O=C(C[C@H]1C=C[C@@H](NC(=O)c2ccc(F)cc2)[C@H](CO)O1)NCCc1ccncc1,10.0801,0.4167013018741607,0.44369350974398436,0.016680831325510632,0.42701267841847373,-0.1253649227944498
frozen_GE_teacher,O=C(C[C@H]1C=C[C@@H](NC(=O)c2cccc(F)c2)[C@@H](CO)O1)Nc1nccs1,10.104,0.4215296498848025,0.44955074838128806,-0.016628889197853273,0.4661796375791413,0.015222901793678446
frozen_GE_teacher,O=C(C[C@H]1C=C[C@@H](NC(=O)c2ccccn2)[C@H](CO)O1)NCc1cc(F)cc(F)c1,10.0452,-0.11376068813228166,-0.11425527872222858,0.038273528602650986,-0.15252880732487956,0.13519069505148332
frozen_GE_teacher,O=C(C[C@H]1C=C[C@@H](NC(=O)c2ccncc2)[C@H](CO)O1)Nc1ccc(-c2ccccc2)cc1,10.0003,0.23898933188349217,0.24370194750758856,0.03694603151022941,0.20675591599735915,-0.03859778149108116
frozen_GE_teacher,O=C(C[C@H]1C=C[C@@H](NS(=O)(=O)c2ccc(F)cc2)[C@@H](CO)O1)NC1CCCCC1,10.0093,0.1677438898624091,0.16934432441443997,-0.015947577026036087,0.18529190144047605,0.20725239210403237
frozen_GE_teacher,O=C(C[C@H]1C=C[C@@H](NS(=O)(=O)c2ccc(F)cc2)[C@@H](CO)O1)NCc1ccncn1,10.1337,0.042508021089354475,0.04253365191548576,0.06440186075797234,-0.02186820884248658,0.0025457377919184954
frozen_GE_teacher,O=C(C[C@H]1C=C[C@@H](NS(=O)(=O)c2ccc(F)cc2)[C@H](CO)O1)N1CCN(c2ccccc2)CC1,10.0011,0.2604300116896859,0.26656965021190737,0.046938376337427826,0.21963127387447956,-0.07086065197397629
frozen_GE_teacher,O=C(C[C@H]1C=C[C@H](NC(=O)C2CC2)[C@H](CO)O1)NC1CCC1,9.99791,-0.007174301678175809,-0.007174424770525461,0.06853335240530191,-0.07570777717582737,-0.21783859800362587
frozen_GE_teacher,O=C(C[C@H]1C=C[C@H](NC(=O)C2CC2)[C@H](CO)O1)NCc1ccccc1Cl,10.0886,0.0437099843216106,0.04373785316467924,-0.12048171366720048,0.16421956683187972,0.085532931550106
frozen_GE_teacher,O=C(C[C@H]1C=C[C@H](NC(=O)CCN2CCCCC2)[C@@H](CO)O1)Nc1ccc(-c2ccccc2)cc1,9.97032,0.15305165879772278,0.15426381030178452,-0.04388665666008099,0.1981504669618655,0.32179188964015965
frozen_GE_teacher,O=C(C[C@H]1C=C[C@H](NC(=O)Cc2cccnc2)[C@@H](CO)O1)Nc1ccccc1,10.1657,0.11844880937735885,0.11900747017358089,-0.14486813696493253,0.26387560713851343,0.04425290247849817
frozen_GE_teacher,O=C(C[C@H]1C=C[C@H](NC(=O)Nc2ccccc2)[C@@H](CO)O1)NCc1ccccn1,9.95468,0.6612398950040664,0.7950136626235538,-0.18335870328806558,0.9783723659116194,0.20443218764097598
frozen_GE_teacher,O=C(C[C@H]1C=C[C@H](NC(=O)c2ccc(F)cc2)[C@H](CO)O1)NCCc1ccncc1,10.0311,-0.026231492373266992,-0.026237511411403566,-0.029722094225862535,0.003484582814458969,0.14337718435456048
frozen_GE_teacher,O=C(C[C@H]1C=C[C@H](NC(=O)c2cccc(F)c2)[C@H](CO)O1)Nc1nccs1,10.0627,-0.1560446744667425,-0.1573300664278435,-0.04302001745462157,-0.11431004897322193,-0.09276774193099656
frozen_GE_teacher,O=C(C[C@H]1C=C[C@H](NC(=O)c2cccnc2)[C@@H](CO)O1)NCc1ccc(Cl)c(Cl)c1,10.0157,0.4048745952622491,0.42946558707004745,0.05358736068633306,0.3758782263837144,-0.3508610240593958
frozen_GE_teacher,O=C(C[C@H]1C=C[C@H](NC(=O)c2cccnc2)[C@H](CO)O1)NCc1ccc(Cl)c(Cl)c1,10.0502,-0.5312837634778872,-0.5919320888652803,0.034718389515686024,-0.6266504783809663,0.3542911702177451
frozen_GE_teacher,O=C(C[C@H]1C=C[C@H](NS(=O)(=O)c2ccc(F)cc2)[C@H](CO)O1)NC1CCCCC1,10.0498,0.39129271041408975,0.41332554516847375,0.005431967776138351,0.4078935773923354,0.1203360284415318
frozen_GE_teacher,O=C(C[C@H]1C=C[C@H](NS(=O)(=O)c2ccc(F)cc2)[C@H](CO)O1)NCc1ccncn1,10.1089,0.4587482114936553,0.4957246869175057,0.01886877019341516,0.47685591672409056,0.23601580104389275
frozen_GE_teacher,O=C(C[C@H]1CC[C@@H](NC(=O)C2CCC2)[C@@H](CO)O1)NCC1CC1,9.98617,0.4394017708743275,0.4714891947623826,0.05732528139944317,0.41416391336293945,0.17756182621284464
frozen_GE_teacher,O=C(C[C@H]1CC[C@@H](NC(=O)CC2CC2)[C@@H](CO)O1)NCC(F)(F)F,10.1832,-0.008478402698873486,-0.008478605859525612,0.014137766217598916,-0.022616372077124528,0.1966807339589319
frozen_GE_teacher,O=C(C[C@H]1CC[C@@H](NC(=O)CCN2CCCCC2)[C@@H](CO)O1)NCc1ccc(Cl)c(Cl)c1,9.98148,-0.5463510840757914,-0.6131648546632408,-0.0961394966265659,-0.5170253580366748,0.3506809632656563
frozen_GE_teacher,O=C(C[C@H]1CC[C@@H](NC(=O)CCN2CCCCC2)[C@H](CO)O1)Nc1ccc(-c2ccccc2)cc1,10.0534,0.21046813299316006,0.21366112706480656,0.010743831302668812,0.20291729576213774,-0.12197668959380852
frozen_GE_teacher,O=C(C[C@H]1CC[C@@H](NC(=O)CN2CCOCC2)[C@@H](CO)O1)NCc1cccc(F)c1,9.96807,0.2728343629441311,0.27992359329964417,-0.1467079202557532,0.42663151355539736,0.5236698730006715
frozen_GE_teacher,O=C(C[C@H]1CC[C@@H](NC(=O)Cc2ccccn2)[C@@H](CO)O1)NCCc1ccncc1,10.0466,0.24214970752864665,0.2470564649459862,0.07479904125420642,0.1722574236917798,-0.15873150895619698
frozen_GE_teacher,O=C(C[C@H]1CC[C@@H](NC(=O)NC2CCCC2)[C@@H](CO)O1)NCc1ccc(F)cc1,10.0012,0.39752267432622335,0.4207031994489166,-0.11682717551555288,0.5375303749644695,0.39246305150511823
frozen_GE_teacher,O=C(C[C@H]1CC[C@@H](NC(=O)Nc2cc(F)ccc2F)[C@@H](CO)O1)NCc1ccccn1,10.0969,0.11274228823065849,0.1132236471235259,-0.0909203510390199,0.2041439981625458,0.025336269845436757
frozen_GE_teacher,O=C(C[C@H]1CC[C@@H](NC(=O)Nc2ccc(C(F)(F)F)cc2)[C@H](CO)O1)NCc1cc(F)cc(F)c1,10.092,-0.16752222966969071,-0.16911625528596985,0.04015965185405936,-0.20927590714002922,0.14620704535651835
frozen_GE_teacher,O=C(C[C@H]1CC[C@@H](NC(=O)Nc2ccc3c(c2)OCO3)[C@H](CO)O1)NCCCN1CCOCC1,10.0187,-0.02651745943362072,-0.026523677534582363,0.04197365347626549,-0.06849733101084786,-0.04217863135473717
frozen_GE_teacher,O=C(C[C@H]1CC[C@@H](NC(=O)c2ccc(F)cc2)[C@H](CO)O1)NCCc1ccccc1,9.98156,0.3471844425491962,0.3622387300935746,-0.17259726057900193,0.5348359906725766,-0.39229388921222985
frozen_GE_teacher,O=C(C[C@H]1CC[C@@H](NC(=O)c2ccc(F)cc2)[C@H](CO)O1)NCc1ccncn1,10.0645,0.3421557053069659,0.3565320332511296,0.022552281662051164,0.33397975158907844,-0.004898027639890962
frozen_GE_teacher,O=C(C[C@H]1CC[C@@H](NC(=O)c2cccc(F)c2)[C@@H](CO)O1)NCCN1CCCC1,10.0039,0.32338816820566846,0.33542638887947684,-0.009381746404156498,0.34480813528363335,-0.19514618379022142
frozen_GE_teacher,O=C(C[C@H]1CC[C@@H](NC(=O)c2ccccn2)[C@@H](CO)O1)NCc1cccc(F)c1,9.99087,-0.13871927335428832,-0.13961948346614667,-0.00039803196589143115,-0.13922145150025522,0.12975586709848755
frozen_GE_teacher,O=C(C[C@H]1CC[C@@H](NS(=O)(=O)c2ccc(F)cc2)[C@H](CO)O1)NC1CCC1,10.0287,0.6863789531696252,0.8410767390482786,0.08625821410382198,0.7548185249444567,0.1789669282598337
frozen_GE_teacher,O=C(C[C@H]1CC[C@@H](NS(=O)(=O)c2cccc(F)c2)[C@@H](CO)O1)N1CCCCC1,10.0922,-0.1595248404970464,-0.16089909096919472,0.01952021544313584,-0.18041930641233056,-0.15330519857574862
frozen_GE_teacher,O=C(C[C@H]1CC[C@@H](NS(=O)(=O)c2cccc(F)c2)[C@@H](CO)O1)NCc1ccc2c(c1)OCO2,9.90127,0.07825111356837991,0.07841141963578324,0.02734346161590145,0.05106795801988179,-0.23022365763419442
frozen_GE_teacher,O=C(C[C@H]1CC[C@@H]2NC[C@H](O)COC[C@H]2O1)NCCN1CCCCC1,10.1375,0.1525890939060816,0.15379018430748387,-0.012576018895109986,0.16636620320259385,0.02951587098954346
frozen_GE_teacher,O=C(C[C@H]1CC[C@@H]2NC[C@H](O)COC[C@H]2O1)Nc1ccc(-c2ccccc2)cc1,10.0206,0.12044370791590991,0.1210312434222069,-0.07861640676277298,0.19964765018497987,-0.1100100618333768
frozen_GE_teacher,O=C(C[C@H]1CC[C@@H]2[C@H](COC[C@@H](O)CN2C(=O)Nc2ccccc2)O1)NCc1ccncn1,9.99661,-0.12964736290486212,-0.13038116762907478,0.08013592799982376,-0.21051709562889853,-0.03134506381186386
frozen_GE_teacher,O=C(C[C@H]1CC[C@@H]2[C@H](COC[C@@H](O)CN2C(=O)c2ccncc2)O1)NCc1cccc(F)c1,10.084,0.06718596460638658,0.06728733073319815,0.08089476791778041,-0.013607437184582266,0.23996232390003172
frozen_GE_teacher,O=C(C[C@H]1CC[C@@H]2[C@H](COC[C@@H](O)CN2CCC(F)(F)F)O1)NCc1ccc(Oc2ccccc2)cc1,10.0664,0.18124781244429172,0.18327258406878363,0.09390365871887921,0.08936892534990443,0.13135064234139218
frozen_GE_teacher,O=C(C[C@H]1CC[C@@H]2[C@H](COC[C@@H](O)CN2Cc2ccc3c(c2)OCO3)O1)N1CCCCC1,9.9166,-0.13115326470287897,-0.1319131194152896,0.1928017946312312,-0.3247149140465208,-0.48221784371425125
frozen_GE_teacher,O=C(C[C@H]1CC[C@@H]2[C@H](COC[C@H](O)CN2C(=O)c2cnccn2)O1)NCc1ccc(F)cc1,10.1187,-0.07961863027424032,-0.07978751059065951,0.037844585934607156,-0.11763209652526667,-0.24673464660414957
frozen_GE_teacher,O=C(C[C@H]1CC[C@@H]2[C@H](COC[C@H](O)CN2Cc2cocn2)O1)N[C@@H]1CCN(Cc2ccccc2)C1,10.0387,0.047496534290129754,0.047532298851230684,-0.0705929220721149,0.11812522092334558,0.18641086578387278
frozen_GE_teacher,O=C(C[C@H]1CC[C@H](NC(=O)C2CC2)[C@@H](CO)O1)Nc1ccccc1,10.1143,0.5488145921479145,0.6166833895767583,-0.02863581072602697,0.6453192003027852,0.05453785002882402
frozen_GE_teacher,O=C(C[C@H]1CC[C@H](NC(=O)C2CCOCC2)[C@@H](CO)O1)NCc1ccccc1Cl,10.013884,-0.04056319937063051,-0.0405854685590581,-0.16732473959274952,0.12673927103369143,0.16321001015467715
frozen_GE_teacher,O=C(C[C@H]1CC[C@H](NC(=O)C2CCOCC2)[C@@H](CO)O1)Nc1nccs1,10.0528,0.032303479072764076,0.03231472249895223,0.004226632765697557,0.028088089733254676,-0.04145871649899379
frozen_GE_teacher,O=C(C[C@H]1CC[C@H](NC(=O)C2CCOCC2)[C@H](CO)O1)Nc1nccs1,10.0418,-0.2524982728214078,-0.25807941905209036,0.0014582703308526831,-0.259537689382943,0.003808980426597025
frozen_GE_teacher,O=C(C[C@H]1CC[C@H](NC(=O)CCN2CCCCC2)[C@@H](CO)O1)NCc1ccc(Cl)c(Cl)c1,10.0181,0.126810022016461,0.1274963914623427,-0.1763956346939927,0.30389202615633537,-0.15106012160621504
frozen_GE_teacher,O=C(C[C@H]1CC[C@H](NC(=O)Cc2ccccn2)[C@H](CO)O1)NCCc1ccncc1,10.0751,0.39669642006857,0.41972225391396445,0.06364687059544032,0.3560753833185241,0.2708979692049005
frozen_GE_teacher,O=C(C[C@H]1CC[C@H](NC(=O)Nc2cc(F)ccc2F)[C@@H](CO)O1)Nc1ccc(-c2ccccc2)cc1,10.1039,0.15857937158948868,0.1599290831385161,0.018118309231217357,0.14181077390729874,0.1813953384016553
frozen_GE_teacher,O=C(C[C@H]1CC[C@H](NC(=O)Nc2cc(F)ccc2F)[C@H](CO)O1)Nc1ccc(-c2ccccc2)cc1,10.0282,0.5690791453778797,0.6461598766924304,-0.00745360166998138,0.6536134783624117,0.6111727458600298
frozen_GE_teacher,O=C(C[C@H]1CC[C@H](NC(=O)Nc2ccc(C(F)(F)F)cc2)[C@H](CO)O1)NCCN1CCCC1,10.0864,-0.07958668555947507,-0.07975536216471742,0.008068855271495617,-0.08782421743621303,-0.14662420070393248
frozen_GE_teacher,O=C(C[C@H]1CC[C@H](NC(=O)Nc2ccc3c(c2)OCO3)[C@@H](CO)O1)NCCCN1CCOCC1,9.98599,0.1271827643756184,0.12787524399154504,0.09122768562325181,0.036647558368293226,-0.2565525496722345
frozen_GE_teacher,O=C(C[C@H]1CC[C@H](NC(=O)c2ccc3c(c2)OCO3)[C@@H](CO)O1)NC1Cc2ccccc2C1,9.97739,0.1500058235628077,0.15114639355080128,0.032937845885619,0.11820854766518228,0.033416194958052356
frozen_GE_teacher,O=C(C[C@H]1CC[C@H](NC(=O)c2ccc3c(c2)OCO3)[C@H](CO)O1)NCc1ccc(Oc2ccccc2)cc1,10.0728,0.12809023402059863,0.12879774219225626,0.01587627045577014,0.11292147173648612,-0.03546188472367699
frozen_GE_teacher,O=C(C[C@H]1CC[C@H](NC(=O)c2cccc(F)c2)[C@H](CO)O1)NCCN1CCCC1,10.0193,0.2447989806031593,0.2498726849161482,-0.05241381816411139,0.3022865030802596,-0.1344944314990347
frozen_GE_teacher,O=C(C[C@H]1CC[C@H](NC(=O)c2ccccn2)[C@@H](CO)O1)NCc1cccc(F)c1,9.97593,-0.0021101645297216154,-0.0021101676617728765,-0.02203398648848038,0.019923818826707504,-0.014606790118137578
frozen_GE_teacher,O=C(C[C@H]1CC[C@H](NC(=O)c2cccnc2)[C@@H](CO)O1)NCc1ccc(Cl)c(Cl)c1,10.0838,0.38498634481104005,0.40590054405565945,-0.045052970999955776,0.4509535150556152,-0.24199202826047825
frozen_GE_teacher,O=C(C[C@H]1CC[C@H](NS(=O)(=O)c2ccc(F)cc2)[C@@H](CO)O1)NCCc1ccncc1,9.91465,-0.18402489402164723,-0.18614549672988223,0.10573838745913532,-0.29188388418901756,-0.24956223238003328
frozen_GE_teacher,O=C(C[C@H]1CC[C@H](NS(=O)(=O)c2ccc(F)cc2)[C@@H](CO)O1)NCc1ccc(Cl)c(Cl)c1,10.0301,0.6085707960327515,0.7066483465539941,0.12147783103275592,0.5851705155212382,0.015775820904914667
frozen_GE_teacher,O=C(C[C@H]1CC[C@H](NS(=O)(=O)c2ccc(F)cc2)[C@H](CO)O1)NCCc1ccncc1,10.01,0.09907859156726372,0.09940471848887886,-0.004286611242550489,0.10369132973142935,0.05565742079386953
frozen_GE_teacher,O=C(C[C@H]1CC[C@H](NS(=O)(=O)c2cccc(F)c2)[C@H](CO)O1)N1CCCCC1,9.92525,-0.19562323197343207,-0.1981775425429419,-0.061529199345161455,-0.13664834319778044,-0.004416818373243682
frozen_GE_teacher,O=C(C[C@H]1CC[C@H]2NC[C@@H](O)COC[C@@H]2O1)NCc1ccc2c(c1)OCO2,9.99917,0.463535095173714,0.5018044706326851,0.05578649103558224,0.4460179795971028,0.19703835961526034
frozen_GE_teacher,O=C(C[C@H]1CC[C@H]2NC[C@H](O)COC[C@@H]2O1)NCCN1CCCCC1,10.0597,0.3494137887510444,0.3647758633285966,0.07362148854758721,0.29115437478100936,0.061328018886219776
frozen_GE_teacher,O=C(C[C@H]1CC[C@H]2[C@@H](COC[C@@H](O)CN2Cc2ccc(Oc3ccccc3)cc2)O1)N1CCc2ccccc2C1,10.0497,0.5312518178409803,0.591887581118723,-0.08629281672302336,0.6781803978417463,0.3229251899195601
frozen_GE_teacher,O=C(C[C@H]1CC[C@H]2[C@@H](COC[C@@H](O)CN2Cc2ccc3c(c2)OCO3)O1)N1CCCCC1,10.0386,-0.0994320594265361,-0.0997617032299016,0.03523134061367192,-0.13499304384357352,-0.28733874940867055
frozen_GE_teacher,O=C(C[C@H]1CC[C@H]2[C@@H](COC[C@@H](O)CN2Cc2cccc(C(F)(F)F)c2)O1)NCCc1ccncc1,10.136,-0.10291743825689903,-0.10328313228171371,-0.062362512085286134,-0.04092062019642757,0.0373057196915002
frozen_GE_teacher,O=C(C[C@H]1CC[C@H]2[C@@H](COC[C@H](O)CN2Cc2ccc3c(c2)OCO3)O1)N1CCCCC1,10.0921,0.027234561375757273,0.027241297859026275,0.13600052014814468,-0.1087592222891184,-0.1236560320517431
frozen_GE_teacher,O=C(C[C@H]1CC[C@H]2[C@@H](COC[C@H](O)CN2Cc2cccc(C(F)(F)F)c2)O1)NCCc1ccncc1,9.85493,0.19815438405636443,0.2008107740101685,0.12564995288913328,0.07516082112103523,-0.11229688003313859
frozen_GE_teacher,O=C(C[C@H]1C[C@@H]2c3cc(NC(=O)C4CCC4)ccc3O[C@@H]2[C@@H](CO)O1)NCc1ccccn1,9.9999,0.22599380286157916,0.22996359076237513,0.029048739562980916,0.20091485119939423,-0.1954786325530995
frozen_GE_teacher,O=C(C[C@H]1C[C@@H]2c3cc(NC(=O)C4CCC4)ccc3O[C@@H]2[C@H](CO)O1)NCCc1ccccc1,10.1611,0.3102271994319512,0.32079678350426966,0.04381158549015266,0.276985198014117,0.1161856319124149
frozen_GE_teacher,O=C(C[C@H]1C[C@@H]2c3cc(NC(=O)C4CCOCC4)ccc3O[C@@H]2[C@H](CO)O1)NCc1ccc(Cl)cc1,9.94042,0.1902792654189803,0.19262690964961765,0.00822228574201066,0.18440462390760698,-0.03914609437345608
frozen_GE_teacher,O=C(C[C@H]1C[C@@H]2c3cc(NC(=O)C4CCOCC4)ccc3O[C@@H]2[C@H](CO)O1)NCc1ccc(Oc2ccccc2)cc1,10.1099,-0.24150934112772462,-0.24637632276848198,-0.01536390213092082,-0.23101242063756117,0.08375472891899569
frozen_GE_teacher,O=C(C[C@H]1C[C@@H]2c3cc(NC(=O)CC4CC4)ccc3O[C@@H]2[C@@H](CO)O1)NCc1ccc(-c2ccccc2)cc1,10.0199,0.16102765500806132,0.16244152867446487,-0.004996735798523137,0.167438264472988,-0.13250221272370263
frozen_GE_teacher,O=C(C[C@H]1C[C@@H]2c3cc(NC(=O)CC4CC4)ccc3O[C@@H]2[C@@H](CO)O1)NCc1ccc2c(c1)OCO2,10.0353,0.22186982389812102,0.22562188765970992,-0.03432779183448129,0.25994967949419123,-0.024951142075381974
frozen_GE_teacher,O=C(C[C@H]1C[C@@H]2c3cc(NC(=O)CC4CC4)ccc3O[C@@H]2[C@H](CO)O1)NCCN1CCCCC1,9.97841,0.04447289009183179,0.0445022449918914,-0.019952208892133436,0.06445445388402483,0.0501083194431977
frozen_GE_teacher,O=C(C[C@H]1C[C@@H]2c3cc(NC(=O)Cc4ccncc4)ccc3O[C@@H]2[C@H](CO)O1)NCCN1CCCCC1,9.92051,0.16016979769164227,0.16156095970674053,0.09434722173280137,0.06721373797393916,-0.0678830530449308
frozen_GE_teacher,O=C(C[C@H]1C[C@@H]2c3cc(NC(=O)Cc4ccncc4)ccc3O[C@@H]2[C@H](CO)O1)NCc1ccccn1,10.0228,-0.04125479811624817,-0.04127822669520477,-0.06004983639188849,0.01877160969668372,0.04173326658291807
frozen_GE_teacher,O=C(C[C@H]1C[C@@H]2c3cc(NC(=O)NC4CCCC4)ccc3O[C@@H]2[C@@H](CO)O1)NCc1ccccc1F,10.0735,0.6182233468851343,0.7221241835258908,-0.006749092074017238,0.728873275599908,-0.01847909535780277
frozen_GE_teacher,O=C(C[C@H]1C[C@@H]2c3cc(NC(=O)NC4CCCCC4)ccc3O[C@@H]2[C@@H](CO)O1)NCc1cccnc1,10.0285,0.2854049330554223,0.2935565141817541,-0.030111264200463388,0.3236677783822175,0.11017861436750506
frozen_GE_teacher,O=C(C[C@H]1C[C@@H]2c3cc(NC(=O)NC4CCCCC4)ccc3O[C@@H]2[C@H](CO)O1)NCc1cccnc1,9.97203,0.17431048353451872,0.17610880850284139,-0.035409165801390044,0.21151797430423142,0.00832786947460365
frozen_GE_teacher,O=C(C[C@H]1C[C@@H]2c3cc(NC(=O)Nc4ccc(C(F)(F)F)cc4)ccc3O[C@@H]2[C@@H](CO)O1)NCCc1ccccc1,9.95324,0.02161997763937925,0.02162334714581228,0.1618670575153946,-0.14024371036958233,0.18604090753474567
frozen_GE_teacher,O=C(C[C@H]1C[C@@H]2c3cc(NC(=O)Nc4ccc(C(F)(F)F)cc4)ccc3O[C@@H]2[C@@H](CO)O1)NCc1ccc2c(c1)OCO2,10.0609,0.332028842222591,0.3451067542808009,0.06057895541318612,0.28452779886761476,0.20838381410419812
frozen_GE_teacher,O=C(C[C@H]1C[C@@H]2c3cc(NC(=O)Nc4ccc(C(F)(F)F)cc4)ccc3O[C@@H]2[C@@H](CO)O1)NCc1cccnc1,10.0498,0.05990643264162569,0.0599782510319676,0.08397277196666995,-0.023994520934702356,-0.010612565756202896
frozen_GE_teacher,O=C(C[C@H]1C[C@@H]2c3cc(NC(=O)Nc4ccccc4)ccc3O[C@@H]2[C@H](CO)O1)NCCN1CCCCC1,9.97078,-0.31718013458494876,-0.328508692148376,-0.010123023705677647,-0.3183856684426984,0.00041382998853783243
frozen_GE_teacher,O=C(C[C@H]1C[C@@H]2c3cc(NC(=O)Nc4ccccc4F)ccc3O[C@@H]2[C@@H](CO)O1)NCC1CC1,9.9753,0.11346854831178699,0.11395931856247174,-0.04390823656385374,0.15786755512632547,0.20866791217467626
frozen_GE_teacher,O=C(C[C@H]1C[C@@H]2c3cc(NC(=O)Nc4ccccc4F)ccc3O[C@@H]2[C@@H](CO)O1)NCc1ccc2c(c1)OCO2,9.96151,-0.11545451660889887,-0.11597165202710677,-0.16166678788964803,0.04569513586254126,0.04147111509649745
frozen_GE_teacher,O=C(C[C@H]1C[C@@H]2c3cc(NC(=O)Nc4ccccc4F)ccc3O[C@@H]2[C@H](CO)O1)NCC(F)(F)F,10.1154,0.36109105654891077,0.37813997942599115,0.0369714652000398,0.34116851422595135,-0.025652636497001564
frozen_GE_teacher,O=C(C[C@H]1C[C@@H]2c3cc(NC(=O)Nc4ccccc4F)ccc3O[C@@H]2[C@H](CO)O1)NCC1CC1,10.2485,-0.06402568336897219,-0.06411338575528838,0.04972269985097095,-0.11383608560625932,0.02424136507556241
frozen_GE_teacher,O=C(C[C@H]1C[C@@H]2c3cc(NC(=O)Nc4ccccc4F)ccc3O[C@@H]2[C@H](CO)O1)NCc1ccccn1,10.0161,-0.012686411343787044,-0.012687092014481805,0.01717424804276546,-0.029861340057247266,0.17958361896517303
frozen_GE_teacher,O=C(C[C@H]1C[C@@H]2c3cc(NC(=O)c4ccc5c(c4)OCO5)ccc3O[C@@H]2[C@@H](CO)O1)NC1CCCCC1,10.0037,0.16585848122967958,0.16740495682387224,0.008985765468258007,0.15841919135561425,0.2018519554426396
frozen_GE_teacher,O=C(C[C@H]1C[C@@H]2c3cc(NC(=O)c4ccc5c(c4)OCO5)ccc3O[C@@H]2[C@@H](CO)O1)NCC(F)(F)F,9.99389,0.13537211019740664,0.13620824870106485,-0.15663612255734916,0.292844371258414,0.16808777412566203
frozen_GE_teacher,O=C(C[C@H]1C[C@@H]2c3cc(NC(=O)c4ccc5c(c4)OCO5)ccc3O[C@@H]2[C@@H](CO)O1)NCCN1CCCCC1,10.0869,0.5176491053666282,0.5731229644980501,-0.15986115449372593,0.7329841189917761,0.08496269464620522
frozen_GE_teacher,O=C(C[C@H]1C[C@@H]2c3cc(NC(=O)c4ccc5c(c4)OCO5)ccc3O[C@@H]2[C@@H](CO)O1)NCCc1ccccc1,9.9136,0.42541896792559397,0.45428996336459215,-0.009947532690503816,0.46423749605509596,0.03172751721930424
frozen_GE_teacher,O=C(C[C@H]1C[C@@H]2c3cc(NC(=O)c4ccc5c(c4)OCO5)ccc3O[C@@H]2[C@@H](CO)O1)NCc1ccccn1,10.0315,-0.0072054995048449096,-0.007205624210041838,0.06822661859325851,-0.07543224280330035,0.1230139796378433
frozen_GE_teacher,O=C(C[C@H]1C[C@@H]2c3cc(NC(=O)c4ccc5c(c4)OCO5)ccc3O[C@@H]2[C@H](CO)O1)NCc1ccccn1,9.71844,-0.17297814713741036,-0.17473504982724988,0.0424824221609607,-0.2172174719882106,-0.1376692432691582
frozen_GE_teacher,O=C(C[C@H]1C[C@@H]2c3cc(NS(=O)(=O)c4ccc(F)cc4)ccc3O[C@@H]2[C@@H](CO)O1)NCc1ccc(Cl)cc1,10.1358,-0.2351033526224201,-0.23958460433111017,0.04325482990878506,-0.2828394342398952,0.013110854007177652
frozen_GE_teacher,O=C(C[C@H]1C[C@@H]2c3cc(NS(=O)(=O)c4ccccc4)ccc3O[C@@H]2[C@H](CO)O1)NCC1CC1,9.98994,0.5962776471225754,0.6873511654476622,-0.002085406949756192,0.6894365723974184,-0.15998142738431462
frozen_GE_teacher,O=C(C[C@H]1C[C@H]2c3cc(NC(=O)C4CCC4)ccc3O[C@H]2[C@@H](CO)O1)NC1CCCC1,10.0372,-0.24068934388440394,-0.2455057181836145,0.1697007845142442,-0.4152065026978587,0.2058762555454921
frozen_GE_teacher,O=C(C[C@H]1C[C@H]2c3cc(NC(=O)C4CCC4)ccc3O[C@H]2[C@@H](CO)O1)NCc1ccncc1,9.9333,-0.09748315964500028,-0.0977937254192548,-0.0060969691620738654,-0.09169675625718093,0.12510675627436105
frozen_GE_teacher,O=C(C[C@H]1C[C@H]2c3cc(NC(=O)C4CCOCC4)ccc3O[C@H]2[C@H](CO)O1)NCCN1CCCCC1,10.0769,0.20141891304963752,0.20421102660438928,-0.15975084714940718,0.36396187375379646,0.10258842024261763
frozen_GE_teacher,O=C(C[C@H]1C[C@H]2c3cc(NC(=O)C4CCOCC4)ccc3O[C@H]2[C@H](CO)O1)NCc1ccc(Oc2ccccc2)cc1,10.1311,-0.0065170221341072174,-0.006517114399195287,0.046227705924293316,-0.0527448203234886,0.1226493356204382
frozen_GE_teacher,O=C(C[C@H]1C[C@H]2c3cc(NC(=O)CC4CC4)ccc3O[C@H]2[C@@H](CO)O1)NCC(F)(F)F,9.82753,-0.5576275340731459,-0.6293834604161617,-0.1052172064819016,-0.5241662539342601,-0.010567202304475456
frozen_GE_teacher,O=C(C[C@H]1C[C@H]2c3cc(NC(=O)CC4CC4)ccc3O[C@H]2[C@@H](CO)O1)NCc1ccc(Cl)cc1,10.0438,0.34439290290007896,0.35906807233303384,-0.006148413917327797,0.3652164862503616,-0.3877442076637801
frozen_GE_teacher,O=C(C[C@H]1C[C@H]2c3cc(NC(=O)CC4CC4)ccc3O[C@H]2[C@H](CO)O1)NCc1ccc(Cl)cc1,9.98133,-0.11370118934432155,-0.11419500024868508,-0.0004418905842441985,-0.11375310966444088,-0.024078313085903594
frozen_GE_teacher,O=C(C[C@H]1C[C@H]2c3cc(NC(=O)CC4CC4)ccc3O[C@H]2[C@H](CO)O1)NCc1ccccn1,9.94485,0.054735622724746594,0.05479038362647896,0.02765999847206318,0.02713038515441578,-0.10391125460225559
frozen_GE_teacher,O=C(C[C@H]1C[C@H]2c3cc(NC(=O)Cc4ccncc4)ccc3O[C@H]2[C@H](CO)O1)NCc1cccc(F)c1,10.0376,0.005682198085798563,0.005682259241403604,0.12558043937578292,-0.11989818013437932,-0.2065951093504925
frozen_GE_teacher,O=C(C[C@H]1C[C@H]2c3cc(NC(=O)Cc4ccncc4)ccc3O[C@H]2[C@H](CO)O1)NCc1ccccn1,10.0641,0.350680454474661,0.36621941164001093,0.04826178746969888,0.31795762417031204,0.08342663403534605
frozen_GE_teacher,O=C(C[C@H]1C[C@H]2c3cc(NC(=O)Cc4ccncc4)ccc3O[C@H]2[C@H](CO)O1)NCc1cccnc1,9.95851,0.37161142377600964,0.3902914111402437,0.01436133228746636,0.3759300788527773,-0.1552188365550309
frozen_GE_teacher,O=C(C[C@H]1C[C@H]2c3cc(NC(=O)NC4CCCC4)ccc3O[C@H]2[C@H](CO)O1)NCC1CC1,10.0513,0.20463155967855312,0.20756179266335784,-0.09868859072293523,0.30625038338629307,-0.10180082255157297
frozen_GE_teacher,O=C(C[C@H]1C[C@H]2c3cc(NC(=O)Nc4ccc(C(F)(F)F)cc4)ccc3O[C@H]2[C@@H](CO)O1)NCCc1ccccc1,9.88278,0.25255495850449905,0.2581399657814628,0.016893289091331677,0.24124667669013114,-0.12873331869415344
frozen_GE_teacher,O=C(C[C@H]1C[C@H]2c3cc(NC(=O)Nc4ccc(C(F)(F)F)cc4)ccc3O[C@H]2[C@@H](CO)O1)NCc1ccccn1,10.0822,-0.12617336005905141,-0.12684937715707797,0.09336409970871656,-0.22021347686579454,-0.09796057580408712
frozen_GE_teacher,O=C(C[C@H]1C[C@H]2c3cc(NC(=O)Nc4ccccc4)ccc3O[C@H]2[C@H](CO)O1)NC1CCCC1,9.91602,0.3206232016153765,0.33234156080666266,-0.030659160910529497,0.36300072171719217,0.3369160878862436
frozen_GE_teacher,O=C(C[C@H]1C[C@H]2c3cc(NC(=O)Nc4ccccc4)ccc3O[C@H]2[C@H](CO)O1)NCCN1CCCCC1,10.1769,0.29840969489084823,0.3077729301338655,0.050036312243609264,0.2577366178902562,0.09261949144217785
frozen_GE_teacher,O=C(C[C@H]1C[C@H]2c3cc(NC(=O)Nc4ccccc4F)ccc3O[C@H]2[C@@H](CO)O1)NCC(F)(F)F,10.056,-0.18428387879949354,-0.1864135727273193,0.012880547846627764,-0.19929412057394705,-0.045417911076956766
frozen_GE_teacher,O=C(C[C@H]1C[C@H]2c3cc(NC(=O)Nc4ccccc4F)ccc3O[C@H]2[C@@H](CO)O1)NCc1ccc2c(c1)OCO2,10.0355,0.04113103459900233,0.041154252811927534,0.060893291918037315,-0.01973903910610978,-0.053568577266052096
frozen_GE_teacher,O=C(C[C@H]1C[C@H]2c3cc(NC(=O)c4ccc5c(c4)OCO5)ccc3O[C@H]2[C@@H](CO)O1)NCC1CC1,9.85144,0.38583604798026816,0.40689848295799946,0.212076880713427,0.19482160224457246,-0.3664006259413033
frozen_GE_teacher,O=C(C[C@H]1C[C@H]2c3cc(NC(=O)c4ccc5c(c4)OCO5)ccc3O[C@H]2[C@@H](CO)O1)NCc1ccc(Oc2ccccc2)cc1,10.0282,0.5704332647343701,0.6481648583752037,-0.02344460730302996,0.6716094656782337,-0.11916128321540406
frozen_GE_teacher,O=C(C[C@H]1C[C@H]2c3cc(NC(=O)c4ccc5c(c4)OCO5)ccc3O[C@H]2[C@@H](CO)O1)NCc1cccnc1,10.0892,0.5317815426814911,0.5926258839121157,-0.08442703576376964,0.6770529196758853,0.18065333301964004
frozen_GE_teacher,O=C(C[C@H]1C[C@H]2c3cc(NC(=O)c4cccnc4)ccc3O[C@H]2[C@@H](CO)O1)NCc1cc(F)ccc1F,10.0991,0.3325391923222819,0.3456804473855067,0.18108422014202863,0.16459622724347805,-0.3598468059223366
frozen_GE_teacher,O=C(C[C@H]1C[C@H]2c3cc(NC(=O)c4cccnc4)ccc3O[C@H]2[C@H](CO)O1)NCC(F)(F)F,9.96604,0.1601784764215986,0.16156986695897058,0.036746764358284535,0.12482310260068605,-0.4825118352483094
frozen_GE_teacher,O=C(C[C@H]1C[C@H]2c3cc(NC(=O)c4cccnc4)ccc3O[C@H]2[C@H](CO)O1)NCC1CC1,9.96784,-0.004359129625687537,-0.004359157236745505,-0.01945287109804803,0.015093713861302527,0.2987853124106035
frozen_GE_teacher,O=C(C[C@H]1C[C@H]2c3cc(NS(=O)(=O)c4ccc(F)cc4)ccc3O[C@H]2[C@H](CO)O1)NCc1ccc(Cl)cc1,10.0966,0.1057666507746935,0.10616370842190083,-0.017411212063946198,0.12357492048584703,0.3548334568716752
frozen_GE_teacher,O=C(C[C@H]1C[C@H]2c3cc(NS(=O)(=O)c4ccccc4)ccc3O[C@H]2[C@@H](CO)O1)N1CCOCC1,9.94068,-0.0919083350541648,-0.09216844221698395,-0.13775320390231718,0.045584761685333236,0.18626881485249527
frozen_GE_teacher,O=C(C[C@H]1C[C@H]2c3cc(NS(=O)(=O)c4ccccc4)ccc3O[C@H]2[C@@H](CO)O1)NCC1CC1,10.0178,0.018659075250141766,0.018661241157264644,0.014799363005686532,0.003861878151578112,0.1744385791855394
frozen_GE_teacher,O=C(Cc1ccccc1)N[C@H]1C=C[C@@H](CC(=O)N2CCOCC2)O[C@@H]1CO,10.035,-0.1938674017788831,-0.19635249555070533,0.018057447285961786,-0.21440994283666712,0.11259273820217375
frozen_GE_teacher,O=C(Cc1ccccc1)N[C@H]1C=C[C@H](CC(=O)N2CCOCC2)O[C@H]1CO,10.0276,-0.34338598082657007,-0.35792610059234703,-0.08495491452189216,-0.2729711860704549,-0.04992495030814173
frozen_GE_teacher,O=C(Cc1ccccn1)NCC[C@@H]1CC[C@@H](NC(=O)c2ccccc2F)[C@@H](CO)O1,10.0347,0.0006496181758437186,0.0006496182672241824,-0.00250894330305502,0.003158561570279202,0.05687166156125598
frozen_GE_teacher,O=C(Cc1ccccn1)NCC[C@@H]1CC[C@H](NC(=O)Nc2ccc(Cl)cc2)[C@@H](CO)O1,10.041,0.511775651037372,0.5651325675484471,0.07918548540213313,0.485947082146314,0.08119915381239459
frozen_GE_teacher,O=C(Cc1ccccn1)NCC[C@@H]1CC[C@H](NC(=O)Nc2ccc(Cl)cc2)[C@H](CO)O1,10.1029,0.5470508555572874,0.6141629342192738,0.07830878143029145,0.5358541527889824,0.9395307248627289
frozen_GE_teacher,O=C(Cc1ccccn1)N[C@@H]1CC[C@@H](CCNC(=O)c2cc(Cl)cc(Cl)c2)O[C@H]1CO,10.057,-0.22345368507745103,-0.2272883705783942,-0.035192519453196056,-0.19209585112519817,-0.045607624061650975
frozen_GE_teacher,O=C(Cc1ccccn1)N[C@@H]1CC[C@@H](CCn2cc(-c3ccccc3)nn2)O[C@H]1CO,10.0553,0.04721677583928854,0.04725191158726762,0.08847579776943144,-0.04122388618216383,0.02992164175904495
frozen_GE_teacher,O=C(Cc1ccccn1)N[C@H]1CC[C@@H](CCNC(=O)c2cc(Cl)cc(Cl)c2)O[C@@H]1CO,10.03,-0.06811300569606848,-0.06821863395608427,0.04721512199623196,-0.11543375595231622,0.14126187027212028
frozen_GE_teacher,O=C(Cc1ccccn1)N[C@H]1CC[C@H](CCNC(=O)c2cc(Cl)cc(Cl)c2)O[C@H]1CO,9.9083,0.4325186858871526,0.462990835306537,0.07759084745547606,0.38539998785106094,-0.03263025597726855
frozen_GE_teacher,O=C(Cc1ccccn1)N[C@H]1CC[C@H](CCn2cc(-c3ccccc3)nn2)O[C@@H]1CO,10.0251,0.5313509460162553,0.5920256967286609,0.12416368664749416,0.46786201008116673,0.36200341686749077
frozen_GE_teacher,O=C(Cc1cccnc1)N[C@H]1CC[C@@H](CCNS(=O)(=O)c2ccccc2Cl)O[C@H]1CO,9.94791,-0.10428413848758353,-0.1046646608533464,0.07194823284140162,-0.17661289369474803,0.024722553137165898
frozen_GE_teacher,O=C(Cc1ccncc1)NCC[C@@H]1CC[C@@H](NC(=O)Nc2cccc(F)c2)[C@H](CO)O1,10.1054,-0.23391302912199752,-0.23832501042469384,-0.04201745034391863,-0.1963075600807752,0.04724751084475597
frozen_GE_teacher,O=C(Cc1ccncc1)NCC[C@@H]1CC[C@H](NC(=O)Nc2cccc(F)c2)[C@@H](CO)O1,10.0223,0.06788675354354172,0.06799133075629536,0.0562083490103765,0.01178298174591886,0.025133878932049734
frozen_GE_teacher,O=C(Cc1ccncc1)NCC[C@H]1CC[C@H](NC(=O)Nc2cccc(F)c2)[C@H](CO)O1,9.93299,-0.35409378384403756,-0.37011669917289686,0.12113852346015469,-0.49125522263305155,0.20709311931186108
frozen_GE_teacher,O=C(Cc1ccncc1)NCC[C@H]1CC[C@H](NS(=O)(=O)c2ccccc2Cl)[C@H](CO)O1,10.0637,0.06950525421541091,0.06961750593978248,0.008120997471704137,0.061496508468078345,-0.0032644172902149687
frozen_GE_teacher,O=C(Cc1ccncc1)N[C@@H]1CC[C@@H](CCn2cc(-c3ccccc3F)nn2)O[C@@H]1CO,9.96734,0.20863824443295836,0.21174719213015114,0.04929019201411014,0.162457000116041,-0.18860305816818138
frozen_GE_teacher,O=C(Cc1ccncc1)Nc1ccc2c(c1)[C@@H]1C[C@@H](CC(=O)N3CCc4ccccc4C3)O[C@@H](CO)[C@@H]1O2,10.2233,-0.03711182874685405,-0.037128880730431024,0.024649729232254367,-0.06177860996268539,-0.028846333860189498
frozen_GE_teacher,O=C(Cc1ccncc1)Nc1ccc2c(c1)[C@@H]1C[C@H](CC(=O)N3CCc4ccccc4C3)O[C@@H](CO)[C@@H]1O2,9.99644,0.15466908711276667,0.15592045683007943,0.05588862897227441,0.10003182785780503,0.25945826172473735
frozen_GE_teacher,O=C(Cn1ccnc1)c1ccc(O)c(O)c1,20.0,0.3376391174928661,0.35142546964938104,0.06784622643561987,0.28357924321376116,0.12716731083728222
frozen_GE_teacher,O=C(Cn1nnc(-c2ccncc2)n1)N1CCc2ccccc21,10.0,0.3859868726857791,0.4070757002145658,-0.03912819113429436,0.4462038913488602,0.12381244245433878
frozen_GE_teacher,O=C(NC(NC(=S)Nc1ccc(F)c([N+](=O)[O-])c1)C(Cl)(Cl)Cl)C(c1ccccc1)c1ccccc1,10.0,0.6883280721818839,0.8447714453256789,0.271942596063343,0.5728288492623359,0.5911129163369291
frozen_GE_teacher,O=C(NC1CCC1)[C@H]1[C@H](CO)[C@H]2Cn3c(ccc(-c4ccc(F)cc4)c3=O)[C@H]2N1Cc1ccccn1,10.1209,-0.5821188555438654,-0.6656616133734746,0.033626278570148,-0.6992878919436226,0.0765410104736777
frozen_GE_teacher,O=C(NC1CCCC1)[C@@H]1[C@@H](CO)[C@@H]2Cn3c(ccc(C4=CCCC4)c3=O)[C@H]1N2C(=O)c1ccccc1,9.98508,0.19608708802460725,0.19865990153008367,0.07544481811774775,0.12321508341233592,-0.19993546392616854
frozen_GE_teacher,O=C(NC1CCCC1)[C@H]1[C@H](CO)[C@H]2Cn3c(ccc(C4=CCCC4)c3=O)[C@@H]1N2C(=O)c1ccccc1,10.1502,0.269788660623352,0.2766358792040344,0.1156252917176116,0.16101058748642277,-0.18857168756745757
frozen_GE_teacher,O=C(NC1CCCCC1)C(c1ccccc1F)N(Cc1ccco1)C(=O)Cn1nnc2ccccc21,10.0,0.4743242237475462,0.5156351913335845,0.09420152388374915,0.42143366744983535,0.11234388136755898
frozen_GE_teacher,O=C(NC1CCCCC1)N1CCc2ccccc21,10.0,0.4709998611836064,0.5113544659808007,0.15884794124989274,0.35250652473090793,-0.0746411962846181
frozen_GE_teacher,O=C(NC1CCCCC1)N[C@@H]1CC[C@@H](CCNS(=O)(=O)c2ccc(Cl)cc2)O[C@@H]1CO,10.067,0.012008520700864929,0.012009097978665768,0.11522093779116992,-0.10321183981250415,-0.0693228553424078
frozen_GE_teacher,O=C(NC1CCCCC1)N[C@H]1CC[C@@H](CCNS(=O)(=O)c2ccc(Cl)cc2)O[C@@H]1CO,9.99186,0.412697628520476,0.4388582833872566,0.14713179692983974,0.29172648645741683,0.10392011810541962
frozen_GE_teacher,O=C(NC1CCCCC1)N[C@H]1CC[C@H](CCNS(=O)(=O)c2ccc(Cl)cc2)O[C@@H]1CO,10.0553,-0.15277400600284102,-0.15397950989781048,-0.020699437263210253,-0.13328007263460023,-0.08563640098471703
frozen_GE_teacher,O=C(NC1Cc2ccccc2C1)[C@@H]1N[C@@H]2c3cccc(=O)n3C[C@@H]2[C@H]1CO,9.98167,-0.19698965306430422,-0.19959873112537668,-0.04970276791887977,-0.1498959632064969,0.03742969794985241
frozen_GE_teacher,O=C(NC1Cc2ccccc2C1)[C@H]1[C@H](CO)[C@H]2Cn3c(cccc3=O)[C@H]2N1C(=O)c1cnccn1,9.84123,0.2662517549322075,0.2728252310408079,-0.03975209200755526,0.31257732304836316,-0.08602101596643338
frozen_GE_teacher,O=C(NCC(F)(F)F)[C@@H]1[C@@H](CO)[C@@H]2Cn3c(cccc3=O)[C@@H]2N1C(=O)C1CC1,10.0653,-0.20056728456026515,-0.20332354538570926,-0.012637127530105142,-0.1906864178556041,0.31362640591444374
frozen_GE_teacher,O=C(NCC(F)(F)F)[C@@H]1[C@@H](CO)[C@@H]2Cn3c(cccc3=O)[C@@H]2N1Cc1cccc(F)c1,10.049,0.3062222636596642,0.31637141867692975,-0.07049232908443821,0.38686374776136795,-0.20304211165185004
frozen_GE_teacher,O=C(NCC(F)(F)F)[C@@H]1[C@@H](CO)[C@@H]2Cn3c(cccc3=O)[C@H]1N2CC1CCOCC1,10.0459,0.48337000721995094,0.5273724365726115,-0.049256553943555374,0.5766289905161668,0.16212387985002513
frozen_GE_teacher,O=C(NCC(F)(F)F)[C@H]1[C@H](CO)[C@H]2Cn3c(cccc3=O)[C@H]2N1Cc1cccc(F)c1,10.0908,0.2868304204128777,0.29510910188775574,-0.03702689632920116,0.3321359982169569,0.08859919819001341
frozen_GE_teacher,O=C(NCC1CC1)[C@@H]1N[C@@H]2c3ccc(C4=CCCCC4)c(=O)n3C[C@@H]2[C@H]1CO,10.0021,-0.30500213157215206,-0.315025587297142,0.10595572495723089,-0.42098131225437285,0.041511910093100915
frozen_GE_teacher,O=C(NCC1CC1)[C@@H]1[C@@H](CO)[C@@H]2Cn3c(ccc(-c4cccc(F)c4)c3=O)[C@@H]2N1CC1CCOCC1,9.97662,0.18491145846863963,0.1870632924650196,-4.353065162690517e-05,0.1871068231166465,-0.19303723492940664
frozen_GE_teacher,O=C(NCC1CC1)[C@@H]1[C@@H](CO)[C@@H]2Cn3c(ccc(-c4ccncc4)c3=O)[C@H]1N2Cc1nccs1,10.0785,-0.46872790973963163,-0.5084388182806918,-0.11772546435883663,-0.3907133539218552,0.4552576178323569
frozen_GE_teacher,O=C(NCC1CC1)[C@H]1[C@H](CO)[C@H]2Cn3c(ccc(-c4cccc(F)c4)c3=O)[C@H]2N1CC1CCOCC1,10.0274,-0.09068161942432688,-0.09093141609504496,0.029051088757287593,-0.11998250485233256,0.07835304470308159
frozen_GE_teacher,O=C(NCC1CC1)[C@H]1[C@H](CO)[C@H]2Cn3c(ccc(-c4ccccc4F)c3=O)[C@@H]1N2Cc1cccnc1,10.0243,0.14848499104037546,0.14959091364375807,0.028404205500818642,0.12118670814293943,0.01653812014355038
frozen_GE_teacher,O=C(NCC1CC1)[C@H]1[C@H](CO)[C@H]2Cn3c(ccc(C4=CCCC4)c3=O)[C@@H]1N2CCC(F)(F)F,9.99778,-0.04978145610480031,-0.04982264005075619,0.00861019401192464,-0.058432834062680836,-0.212933182540575
frozen_GE_teacher,O=C(NCCCN1CCOCC1)c1cc2ccccc2oc1=O,10.0,0.3440993257123982,0.35873502753945136,0.18142281897573548,0.17731220856371588,0.0714790043789772
frozen_GE_teacher,O=C(NCCCNCc1ccccc1)c1ccccn1,10.0,0.48817784540564685,0.5336652588114282,0.13762716479544798,0.3960380940159802,0.2104621134120964
frozen_GE_teacher,O=C(NCCN1CCCCC1)[C@@H]1N[C@@H]2c3ccc(-c4cccnc4)c(=O)n3C[C@@H]2[C@H]1CO,9.98998,0.16899441398984338,0.17063133307105566,-0.02410136283664788,0.19473269590770353,0.11557953773859575
frozen_GE_teacher,O=C(NCCN1CCCCC1)[C@@H]1[C@@H](CO)[C@@H]2Cn3c(cccc3=O)[C@@H]2N1Cc1ccccn1,9.9049,0.3180241839385085,0.3294474334833889,0.01729401849809933,0.3121534149852896,0.23359938504779906
frozen_GE_teacher,O=C(NCCN1CCOCC1)c1cc2c(=O)n3ccccc3nc2n1Cc1ccccc1,10.0,0.5019244251698914,0.5518753463642738,0.009116612105758282,0.5427587342585155,0.2319477898884231
frozen_GE_teacher,O=C(NCC[C@@H]1CC[C@@H](NC(=O)c2cccnc2)[C@H](CO)O1)Nc1ccc(C(F)(F)F)cc1,10.2174,0.2843947006345837,0.29245703958396146,-0.1021277444377253,0.3945847840216868,-0.35710859495147207
frozen_GE_teacher,O=C(NCC[C@@H]1CC[C@@H](NS(=O)(=O)c2ccc(F)cc2)[C@@H](CO)O1)Nc1ccc(Cl)cc1,9.90708,0.0908732816953677,0.09112467089164733,-0.08811823059242437,0.17924290148407168,-0.18450339842888364
frozen_GE_teacher,O=C(NCC[C@@H]1CC[C@@H](NS(=O)(=O)c2ccc(F)cc2)[C@H](CO)O1)Nc1ccc(Cl)cc1,10.1096,-0.32607763492183534,-0.33843289915222213,-0.07528986560919028,-0.26314303354303187,-0.1864569187233877
frozen_GE_teacher,O=C(NCC[C@@H]1CC[C@@H](NS(=O)(=O)c2ccccc2)[C@@H](CO)O1)c1cc(Cl)cc(Cl)c1,10.0348,-0.05643263217994693,-0.05649265281803102,-0.041727778914598536,-0.014764873903432486,-0.07138007926042708
frozen_GE_teacher,O=C(NCC[C@@H]1CC[C@H](NC(=O)C2CCC2)[C@H](CO)O1)c1cnccn1,10.0683,0.03623647048409972,0.03625234347471213,-0.031606564831979135,0.06785890830669127,0.0944406916399555
frozen_GE_teacher,O=C(NCC[C@@H]1CC[C@H](NC(=O)C2CCCCC2)[C@@H](CO)O1)c1ccc(F)cc1,10.0264,0.6897444168893346,0.847468072212884,0.02320122110238715,0.8242668511104969,-0.4808749856172582
frozen_GE_teacher,O=C(NCC[C@@H]1CC[C@H](NC(=O)c2ccccc2F)[C@@H](CO)O1)c1ccc2c(c1)OCO2,10.005,-0.26493628636676964,-0.27140992635676653,0.01977647620559778,-0.29118640256236433,0.14592597800086946
frozen_GE_teacher,O=C(NCC[C@@H]1CC[C@H](NC(=O)c2ccccc2F)[C@H](CO)O1)c1ccc2c(c1)OCO2,10.087,-0.12161389488555001,-0.12221882621343308,-0.011403603785278299,-0.11081522242815478,-0.03888298119017567
frozen_GE_teacher,O=C(NCC[C@@H]1CC[C@H](NS(=O)(=O)c2ccccc2F)[C@@H](CO)O1)c1ccc(F)cc1,10.0613,-0.07765031259294948,-0.07780694566829383,0.023286797379725076,-0.10109374304801891,0.06553785013020089
frozen_GE_teacher,O=C(NCC[C@H]1CC[C@@H](NC(=O)C2CCCCC2)[C@@H](CO)O1)Nc1ccc(Cl)cc1,10.0343,0.1634960756508903,0.16497669902318243,-0.1569257413507747,0.3219024403739571,0.16205169878974734
frozen_GE_teacher,O=C(NCC[C@H]1CC[C@@H](NC(=O)C2CCCCC2)[C@H](CO)O1)Nc1ccc(Cl)cc1,10.1258,0.4787689602349541,0.5213859195546064,-0.11006448889537959,0.631450408449986,-0.24440224619629944
frozen_GE_teacher,O=C(NCC[C@H]1CC[C@@H](NC(=O)C2CCOCC2)[C@H](CO)O1)c1cc(Cl)cc(Cl)c1,10.0724,0.6251097026753122,0.7333485795596183,0.03992887079345603,0.6934197087661622,0.43245340222009393
frozen_GE_teacher,O=C(NCC[C@H]1CC[C@@H](NC(=O)c2cnccn2)[C@H](CO)O1)Nc1ccc(Cl)cc1,10.1576,0.3740473240735105,0.3931205720326815,0.05308002696948716,0.34004054506319437,0.0647300697888034
frozen_GE_teacher,O=C(NCC[C@H]1CC[C@@H](NS(=O)(=O)c2ccc(F)cc2)[C@@H](CO)O1)Nc1ccc(Cl)cc1,10.0347,0.09865830945292305,0.09898028756831351,-0.070577814841895,0.16955810241020852,0.02994625099332164
frozen_GE_teacher,O=C(NCC[C@H]1CC[C@H](NC(=O)C2CCC2)[C@H](CO)O1)c1cnccn1,10.2331,-0.03495283808259768,-0.03496708249663595,-0.0013832852156209566,-0.033583797281014995,0.15267543912483625
frozen_GE_teacher,O=C(NCC[C@H]1CC[C@H](NC(=O)C2CCCCC2)[C@H](CO)O1)Nc1ccc(Cl)cc1,10.0124,0.12880717613167766,0.1295267116547245,0.0297786113235369,0.09974810033118761,0.19715133122946774
frozen_GE_teacher,O=C(NCC[C@H]1CC[C@H](NC(=O)c2ccc3c(c2)OCO3)[C@@H](CO)O1)Nc1cc(F)ccc1F,9.96386,0.06776449651591569,0.0678685087083536,-0.14059240030136394,0.20846090900971753,-0.06507623211165478
frozen_GE_teacher,O=C(NCC[C@H]1CC[C@H](NC(=O)c2cccnc2)[C@H](CO)O1)Nc1ccc(C(F)(F)F)cc1,10.1539,0.12003719996906245,0.12061877205451507,-0.04698901733222241,0.16760778938673748,0.060205113810283734
frozen_GE_teacher,O=C(NCC[C@H]1CC[C@H](NS(=O)(=O)c2cccc(F)c2)[C@@H](CO)O1)C1CC1,10.0113,0.2793994169748986,0.2870305169587238,-0.09343833576043135,0.38046885271915515,-0.09430372256826287
frozen_GE_teacher,O=C(NCC[C@H]1CC[C@H](NS(=O)(=O)c2ccccc2F)[C@@H](CO)O1)c1ccc(F)cc1,10.0099,-0.04532182212548803,-0.045352891787538444,-0.0601037373132016,0.014750845525663157,0.17470518838524987
frozen_GE_teacher,O=C(NCCc1ccc2c(c1)OCCO2)c1ccccc1F,10.0,0.40724121007637326,0.4322994621306379,0.13195406581052904,0.30034539632010887,0.08164086936962853
frozen_GE_teacher,O=C(NCCc1ccncc1)[C@@H]1[C@@H](CO)[C@@H]2Cn3c(ccc(-c4ccc(F)cc4)c3=O)[C@H]1N2,10.0286,-0.11226983355985755,-0.11274513562970967,-0.015556680663339845,-0.09718845496636982,0.0009931441376599022
frozen_GE_teacher,O=C(NCCc1nc2ccccc2[nH]1)c1cc([N+](=O)[O-])cc([N+](=O)[O-])c1,10.0,0.02007818113363864,0.020080879847958984,0.04452328675978259,-0.02444240691182361,-0.08570329185571798
frozen_GE_teacher,O=C(NCCc1nc2ccccc2[nH]1)c1ccc(Cl)c([N+](=O)[O-])c1,10.0,0.14501403198008042,0.14604355689410328,0.010500607424218737,0.13554294946988454,-0.015807462285483177
frozen_GE_teacher,O=C(NCSc1ccncn1)c1ccccc1,10.0,0.40285130970793404,0.427047974693876,0.11622677580165174,0.31082119889222426,-0.03654387842524201
frozen_GE_teacher,O=C(NCc1ccc(F)cc1)[C@@H]1[C@@H](CO)[C@@H]2Cn3c(cccc3=O)[C@H]1N2C(=O)Cc1ccccn1,10.1196,0.1190929875870552,0.11966086554619029,-0.055250101508669956,0.17491096705486026,0.14606130298940811
frozen_GE_teacher,O=C(NCc1ccc(F)cc1)[C@H]1[C@H](CO)[C@H]2Cn3c(ccc(C4=CCCCC4)c3=O)[C@@H]1N2,9.98574,0.5882094275669421,0.6749238068383349,0.015372853832837208,0.6595509530054977,0.5496682105793744
frozen_GE_teacher,O=C(NCc1ccccc1)[C@H]1[C@H](CO)[C@H]2Cn3c(ccc(-c4cccc(F)c4)c3=O)[C@@H]1N2,10.0354,-0.4266859662219953,-0.45583795449211445,-0.0007436121494457486,-0.4550943423426687,0.09441778704571452
frozen_GE_teacher,O=C(NCc1ccccn1)C(=O)Nc1nc(-c2ccccc2)cs1,10.0,0.24335212487823285,0.24833417542025188,0.08853562870262402,0.15979854671762786,-0.031864370442492955
frozen_GE_teacher,O=C(NCc1ccccn1)[C@H]1[C@H](CO)[C@H]2Cn3c(ccc(C4=CCCC4)c3=O)[C@@H]1N2Cc1cccnc1,10.0562,0.31835256094277564,0.3298128017821274,0.008481651587527013,0.3213311501946004,-0.16797945731475777
frozen_GE_teacher,O=C(NCc1ccncn1)[C@H]1[C@H](CO)[C@H]2Cn3c(cccc3=O)[C@@H]1N2CC1CC1,10.0165,0.002966548001733501,0.0029665567040560977,0.036643293937718945,-0.033676737233662844,-0.1254908478351212
frozen_GE_teacher,O=C(NN=C(S)Nc1ccc(F)cc1)c1ccccc1OC(F)F,10.0,0.2551189906421372,0.26088058684583415,0.027466120267289507,0.23341446657854464,0.040956203418589146
frozen_GE_teacher,O=C(NN=C1CCCC1C(=O)C(F)(F)F)c1ccccc1O,10.0,0.11844634887086666,0.11900497465539531,0.047870960614694855,0.07113401404070045,-0.024585755534413313
frozen_GE_teacher,O=C(NN=Cc1cc2c(cc1Br)OCO2)c1cc2ccccc2o1,10.0,0.0638059462758166,0.06389274730209686,0.0664457376498512,-0.002552990347754344,0.12052589395182287
frozen_GE_teacher,O=C(NN=Cc1cccs1)c1cccc2cc[nH]c12,10.0,0.26928822430931687,0.27609623737156475,0.0212749995759991,0.25482123779556565,-0.24121252985011235
frozen_GE_teacher,O=C(NNC(=S)NC(=O)c1ccccc1[N+](=O)[O-])c1ccccc1Cl,10.0,0.31710610662008354,0.3284263858342188,0.04022426741387568,0.2882021184203431,0.18692632340739607
frozen_GE_teacher,O=C(NNc1c(Cl)cc(Cl)cc1Cl)c1cccc([N+](=O)[O-])c1,10.0,0.5546829613215483,0.6251202227333121,-0.07472365814051504,0.6998438808738272,-0.19759977066154058
frozen_GE_teacher,O=C(NNc1nc2ccccc2s1)c1ccc(F)cc1,10.0,0.028206801444812017,0.02821428568400523,0.3418691646358102,-0.31365487895180494,-0.21547643885031778
frozen_GE_teacher,O=C(N[C@@H]1C=C[C@@H](CC(=O)N2CCCCC2)O[C@H]1CO)c1ccc2c(c1)OCO2,10.0542,-0.14283586672559379,-0.1438193169089874,0.013485727606129205,-0.1573050445151166,0.12210945179112362
frozen_GE_teacher,O=C(N[C@@H]1C=C[C@@H](CC(=O)N2CCOCC2)O[C@@H]1CO)c1cccc(F)c1,9.97418,0.15128596018434765,0.15245625664282686,-0.1031306499375804,0.2555869065804073,0.10615193619353433
frozen_GE_teacher,O=C(N[C@@H]1C=C[C@@H](CC(=O)N2CCc3ccccc3C2)O[C@@H]1CO)C1CC1,10.014834,0.2668045074451553,0.27342025224008326,-0.15352249372466806,0.42694274596475135,-0.037853013108822386
frozen_GE_teacher,O=C(N[C@@H]1C=C[C@H](CC(=O)N2CCC(Cc3ccccc3)CC2)O[C@@H]1CO)c1cnccn1,10.0345,0.6075144024729003,0.7049722866342892,0.03803610943082392,0.6669361772034653,0.902870558296186
frozen_GE_teacher,O=C(N[C@@H]1CC[C@@H](CC(=O)N2CCOCC2)O[C@@H]1CO)c1cccc(F)c1,9.96992,0.1370980962558653,0.13796687534554672,0.02391078334355667,0.11405609200199004,0.23621178827655814
frozen_GE_teacher,O=C(N[C@@H]1CC[C@@H](CC(=O)N2CCOCC2)O[C@@H]1CO)c1ccccn1,9.9398,0.5179667051022648,0.5735569180505371,0.12413159858219758,0.4494253194683395,0.06754749531187565
frozen_GE_teacher,O=C(N[C@@H]1CC[C@@H](CC(=O)N2CCOCC2)O[C@H]1CO)c1ccccn1,10.0649,-0.2017892385137098,-0.2045970413348292,-0.00825891752586853,-0.19633812380896068,-0.17084905811817652
frozen_GE_teacher,O=C(N[C@@H]1CC[C@@H](CCNC(=O)C2CCCCC2)O[C@@H]1CO)c1ccccn1,10.0473,-0.043833866702395245,-0.043861973357612695,-0.059492318922571535,0.01563034556495884,0.16171526960941252
frozen_GE_teacher,O=C(N[C@@H]1CC[C@@H](CCNC(=O)c2ccccc2F)O[C@@H]1CO)c1cnccn1,10.0036,-0.1045098024090913,-0.10489281132567801,0.023078606051065844,-0.12797141737674386,-0.1561548847768048
frozen_GE_teacher,O=C(N[C@@H]1CC[C@@H](CCNS(=O)(=O)Cc2ccccc2)O[C@@H]1CO)c1cnccn1,10.0141,0.13433893568991148,0.13515593673491047,-0.040521136542396446,0.17567707327730692,0.1437138720361131
frozen_GE_teacher,O=C(N[C@@H]1CC[C@@H](CCNS(=O)(=O)c2ccc(F)cc2)O[C@@H]1CO)C1CCOCC1,10.1337,-0.4007655417280019,-0.42456062199759104,-0.1422976692059785,-0.2822629527916125,0.06242770851869063
frozen_GE_teacher,O=C(N[C@@H]1CC[C@@H](CCn2cc(-c3ccccn3)nn2)O[C@@H]1CO)c1ccc(F)cc1,10.0807,-0.13825576091074793,-0.13914690757864326,-0.051784241445545054,-0.0873626661330982,-0.16740664854243797
frozen_GE_teacher,O=C(N[C@@H]1CC[C@@H](CCn2cc(C3(O)CCCC3)nn2)O[C@H]1CO)c1ccccc1F,9.9734,-0.3707145704614995,-0.3892512651503544,-0.018268801479940224,-0.3709824636704142,0.4121307362077663
frozen_GE_teacher,O=C(N[C@@H]1CC[C@H](CC(=O)N2CCN(c3ccccc3)CC2)O[C@H]1CO)c1ccccc1,10.0296,-0.6979880413801791,-0.8633663547044359,0.06489160646499065,-0.9282579611694266,-0.38975520958913834
frozen_GE_teacher,O=C(N[C@@H]1CC[C@H](CC(=O)N2CCOCC2)O[C@@H]1CO)c1ccccn1,9.86744,0.39424182498833754,0.41681259829267786,0.14448347569040162,0.27232912260227626,0.22141206276326822
frozen_GE_teacher,O=C(N[C@@H]1CC[C@H](CCNC(=O)C2CCCCC2)O[C@H]1CO)c1ccccn1,10.0304,0.03441537418401187,0.034428971244075325,-0.058813967593169786,0.0932429388372451,-0.08159845172054866
frozen_GE_teacher,O=C(N[C@@H]1CC[C@H](CCNS(=O)(=O)Cc2ccccc2)O[C@@H]1CO)c1ccc2c(c1)OCO2,10.0522,0.1788257731438283,0.18076940729417748,-0.03435063022236301,0.2151200375165405,0.10667763616507488
frozen_GE_teacher,O=C(N[C@@H]1CC[C@H](CCNS(=O)(=O)Cc2ccccc2)O[C@H]1CO)c1cnccn1,10.068,0.23131480122313744,0.23557815012131783,-0.03740857986523059,0.27298672998654844,0.0944862441369787
frozen_GE_teacher,O=C(N[C@@H]1CC[C@H](CCn2cc(-c3ccccc3F)nn2)O[C@@H]1CO)c1ccc2c(c1)OCO2,10.0324,0.2829455618566697,0.29088108537927,-0.0669927477655193,0.35787383314478927,0.03581340325732789
frozen_GE_teacher,O=C(N[C@@H]1CC[C@H](CCn2cc(Cc3ccccc3)nn2)O[C@H]1CO)c1ccccn1,10.0615,0.04422068612531579,0.04424954405285318,0.007923778632756132,0.03632576542009705,0.16307813513613378
frozen_GE_teacher,O=C(N[C@H]1C=C[C@@H](CC(=O)N2CCC(Cc3ccccc3)CC2)O[C@H]1CO)c1cnccn1,10.0337,-0.19579176481445718,-0.19835278751665242,-0.05233793284226857,-0.14601485467438385,-0.3308445358359857
frozen_GE_teacher,O=C(N[C@H]1C=C[C@@H](CC(=O)N2CCOCC2)O[C@H]1CO)c1cccc(F)c1,10.0021,0.15527957166209022,0.15654596423893277,0.055610477328007585,0.10093548691092519,0.3081721112136022
frozen_GE_teacher,O=C(N[C@H]1C=C[C@H](CC(=O)N2CCCCC2)O[C@H]1CO)c1ccc2c(c1)OCO2,9.98452,0.16861243733358858,0.17023815289910177,0.02160065322558897,0.1486374996735128,-0.05456784756658852
frozen_GE_teacher,O=C(N[C@H]1C=C[C@H](CC(=O)N2CCCCC2)O[C@H]1CO)c1ccccn1,10.0549,-0.02102747463623915,-0.021030574590849862,-0.00012693382784172494,-0.020903640763008137,-0.06574322423846436
frozen_GE_teacher,O=C(N[C@H]1C=C[C@H](CC(=O)N2CCN(c3ccccc3)CC2)O[C@@H]1CO)c1ccncc1,10.0121,0.6910038598977176,0.8498744231335562,0.056107783001312535,0.7937666401322436,0.24889181217442624
frozen_GE_teacher,O=C(N[C@H]1C=C[C@H](CC(=O)N2CCc3ccccc3C2)O[C@@H]1CO)C1CC1,10.143,0.3159018741714168,0.32708808962934166,0.024904421596362136,0.3021836680329795,0.24895994504669
frozen_GE_teacher,O=C(N[C@H]1CC[C@@H](CC(=O)N2CCN(c3ccccc3)CC2)O[C@@H]1CO)c1ccccc1,10.082,0.019081969029697932,0.019084285587820375,-0.1439822729922247,0.1630665585800451,-0.2484860401387482
frozen_GE_teacher,O=C(N[C@H]1CC[C@@H](CC(=O)N2CCOCC2)O[C@@H]1CO)c1ccccn1,10.0774,0.6611848187685689,0.7949158011987485,0.06209619032118003,0.7328196108775684,0.6722678369390966
frozen_GE_teacher,O=C(N[C@H]1CC[C@@H](CC(=O)N2CCc3ccccc3C2)O[C@@H]1CO)C1CCOCC1,10.0293,0.01741213372301447,0.0174138937273553,-0.010035912739071109,0.02744980646642641,-0.04091485858998909
frozen_GE_teacher,O=C(N[C@H]1CC[C@@H](CC(=O)N2CCc3ccccc3C2)O[C@H]1CO)C1CCOCC1,10.1753,-0.026517126078779894,-0.026523343945172535,0.07656169061156515,-0.10308503455673768,0.06484853749194047
frozen_GE_teacher,O=C(N[C@H]1CC[C@@H](CCNC(=O)c2cnccn2)O[C@H]1CO)c1ccc2c(c1)OCO2,9.93443,0.0560900670576888,0.05614899991427241,-0.10128754052546446,0.15743654043973687,0.10013045300892147
frozen_GE_teacher,O=C(N[C@H]1CC[C@@H](CCNS(=O)(=O)Cc2ccccc2)O[C@H]1CO)c1ccc2c(c1)OCO2,10.1605,0.324031375055828,0.33614488561343914,0.00169769707327104,0.3344471885401681,0.1611212082726971
frozen_GE_teacher,O=C(N[C@H]1CC[C@@H](CCn2cc(-c3cccnc3)nn2)O[C@H]1CO)c1ccccc1F,10.0186,-0.13281325930845367,-0.13360254349670989,0.016675002499474643,-0.15027754599618454,-0.35400028576391496
frozen_GE_teacher,O=C(N[C@H]1CC[C@@H](CCn2cc(C3CC3)nn2)O[C@H]1CO)c1cccnc1,10.073,0.14728417604910585,0.14836324966463976,-0.010320107891264502,0.15868335755590426,0.04285957966570207
frozen_GE_teacher,O=C(N[C@H]1CC[C@@H](CCn2cc(Cc3ccccc3)nn2)O[C@@H]1CO)c1ccccn1,10.0312,-0.13389559017932626,-0.13470447049437698,0.0028075241813062465,-0.13751199467568323,-0.2559816733030246
frozen_GE_teacher,O=C(N[C@H]1CC[C@H](CCNS(=O)(=O)c2cccc(Cl)c2)O[C@@H]1CO)c1ccncc1,10.0288,-0.04558585725960153,-0.045617473562786726,-0.01613591263867973,-0.029481560924106996,-0.005054493509943744
frozen_GE_teacher,O=C(N[C@H]1CC[C@H](CCNS(=O)(=O)c2ccccc2)O[C@H]1CO)c1cccnc1,10.1115,0.40352912843193495,0.42785737080985053,0.07662015547283248,0.35123721533701807,0.06384420986425803
frozen_GE_teacher,O=C(N[C@H]1CC[C@H](CCn2cc(C3(O)CCCC3)nn2)O[C@H]1CO)c1ccccc1F,10.2217,-0.11554668338895438,-0.11606506497222008,-0.020561936407957,-0.09550312856426307,0.03541480450421299
frozen_GE_teacher,O=C(N[C@H]1CN2CCC1CC2)c1ccc(Cl)cc1,10.0,0.07991677318306126,0.08008756269919239,-0.07383269699605165,0.15392025969524403,-0.009153488708976074
frozen_GE_teacher,O=C(Nc1cc(F)ccc1F)N[C@H]1CC[C@@H](CCNC(=O)c2cnccn2)O[C@H]1CO,10.0039,0.5537904871147653,0.6238320493060211,-0.13104165460039086,0.754873703906412,-0.08842819758558843
frozen_GE_teacher,O=C(Nc1cc(F)ccc1F)N[C@H]1CC[C@H](CCNC(=O)c2cnccn2)O[C@@H]1CO,10.0598,0.406521765019132,0.4314372806720529,-0.07997026396646155,0.5114075446385145,-0.4285907758580273
frozen_GE_teacher,O=C(Nc1cc(Sc2ccccn2)cc([N+](=O)[O-])c1)c1cccc(Cl)c1,10.0,0.09070291219530284,0.09095288545336341,0.0763310956819653,0.014621789771398108,-0.20230156848199554
frozen_GE_teacher,O=C(Nc1ccc(-c2nc3ccccc3o2)cc1)c1ccc(N2C(=O)C3C4C=CC(C4)C3C2=O)cc1,10.0,-0.08434112192909395,-0.08454196458013312,0.025911188800938727,-0.11045315338107184,-0.052851477076738665
frozen_GE_teacher,O=C(Nc1ccc(C(F)(F)F)cc1)N[C@@H]1CC[C@@H](CCNC(=O)c2ccccc2F)O[C@H]1CO,10.0997,0.09506470075546385,0.09535263967809031,-0.04448355002871165,0.13983618970680195,0.041184277968663786
frozen_GE_teacher,O=C(Nc1ccc(C(F)(F)F)cc1)N[C@H]1C=C[C@H](CC(=O)N2CCCCC2)O[C@H]1CO,9.98224,0.25652809016623535,0.26238836420994827,0.008526698945922277,0.253861665264026,-0.14604140603083407
frozen_GE_teacher,O=C(Nc1ccc(C(F)(F)F)cc1)Nc1ccc2c(c1)[C@@H]1C[C@H](CC(=O)N3CCc4ccccc4C3)O[C@@H](CO)[C@@H]1O2,10.0089,-0.22173297746658974,-0.22547796061286735,-0.27509744675358266,0.04961948614071532,0.413917896223407
frozen_GE_teacher,O=C(Nc1ccc(Cl)c(Cl)c1)C1CC(=O)N(c2ccc(Br)cc2)C1,10.0,0.018784502850485132,0.018786712736236864,0.07374771593076387,-0.054961003194527014,-0.08779247729787926
frozen_GE_teacher,O=C(Nc1ccc(Cl)c(Cl)c1)N[C@@H]1CC[C@@H](CCn2cc(C3CCCCC3)nn2)O[C@@H]1CO,10.1242,0.37748299445687766,0.39712112481085415,0.01234713263140126,0.3847739921794529,-0.22091310667037417
frozen_GE_teacher,O=C(Nc1ccc(Cl)c(Cl)c1)N[C@@H]1CC[C@H](CCn2cc(C3CCCCC3)nn2)O[C@@H]1CO,10.085,0.05997723470511627,0.06004930840629872,-0.06898495339890152,0.12903426180520025,0.26062200105270283
frozen_GE_teacher,O=C(Nc1ccc(Cl)cc1)Nc1nnc(SCc2ccc(Cl)cc2)s1,10.0,0.15400178472677875,0.1552368718129865,0.30602593564972014,-0.15078906383673363,0.019566836563161494
frozen_GE_teacher,O=C(Nc1ccc(F)cc1)N[C@@H]1CC[C@@H](CC(=O)N2CCOCC2)O[C@@H]1CO,9.98049,-0.14875696171330724,-0.14986902734818877,-0.09389903641060075,-0.05596999093758802,-0.035029482244112634
frozen_GE_teacher,O=C(Nc1ccc(F)cc1)N[C@@H]1CC[C@@H](CC(=O)N2CCOCC2)O[C@H]1CO,9.98593,-0.1789284698152228,-0.18087549857086643,-0.11927470860048545,-0.06160078997038099,-0.13139561963065366
frozen_GE_teacher,O=C(Nc1ccc(F)cc1)Nc1ccc2c(c1)OCO2,10.0,0.13112979886480305,0.13188924294729587,0.05860968873425487,0.073279554213041,0.07668201725628151
frozen_GE_teacher,O=C(Nc1ccc(F)cc1)Nc1ccc2c(c1)[C@@H]1C[C@H](CC(=O)N3CCOCC3)O[C@@H](CO)[C@@H]1O2,9.92091,-0.17097039507642134,-0.17266610771333085,-0.02808250935936969,-0.14458359835396117,0.005499503723116916
frozen_GE_teacher,O=C(Nc1ccc(F)cc1)Nc1ccc2c(c1)[C@H]1C[C@@H](CC(=O)N3CCOCC3)O[C@@H](CO)[C@H]1O2,10.0027,0.05422763804983914,0.054280886627009806,-0.05839166939743358,0.11267255602444338,-0.07095559609905873
frozen_GE_teacher,O=C(Nc1ccc(N2CCCC2)cc1)c1ccc2ccccc2c1,10.0,0.5102937033485453,0.5631267998085034,0.3154895676274141,0.24763723218108935,-0.1675387063053807
frozen_GE_teacher,O=C(Nc1ccc(N2CCN(C(=O)c3ccco3)CC2)cc1)c1ccccc1F,10.0,0.4162283951399623,0.4431213692422755,0.06593741707335954,0.377183952168916,-0.15001615532232815
frozen_GE_teacher,O=C(Nc1ccc(N2CCOCC2)c(Cl)c1)c1ccco1,10.0,0.7045797817275242,0.8763375427719693,-0.03126147736051068,0.90759902013248,0.15572621285182164
frozen_GE_teacher,O=C(Nc1ccc(Nc2ccccc2)cc1)C1CC1,10.0,0.44108086906088023,0.47357195960236353,-0.2024011839028761,0.6759731435052396,0.07910961949370586
frozen_GE_teacher,O=C(Nc1ccc([N+](=O)[O-])cc1Cl)c1cc(Cl)ccc1O,10.0,0.5248099958351732,0.5829551777818427,-0.06659791125424509,0.6495530890360878,0.24231260836034363
frozen_GE_teacher,O=C(Nc1ccc2c(c1)OCO2)N[C@@H]1CC[C@H](CC(=O)N2CCN(c3ccccc3)CC2)O[C@H]1CO,10.0056,0.10092877550014426,0.10127359309936891,-0.03593655361297855,0.13721014671234746,-0.001827691735486768
frozen_GE_teacher,O=C(Nc1ccc2c(c1)OCO2)N[C@H]1CC[C@@H](CCNC(=O)C2CC2)O[C@@H]1CO,9.99166,-0.23998906187792873,-0.24476250602564892,-0.07727775185110522,-0.1674847541745437,0.1268454355334296
frozen_GE_teacher,O=C(Nc1ccc2c(c1)OCO2)c1cncc(Br)c1,10.0,0.3931849530046241,0.41556184683220765,-0.04550146376579523,0.4610633105980029,0.0353773496732518
frozen_GE_teacher,O=C(Nc1ccc2c(c1)[C@@H]1C[C@@H](CC(=O)N3CCOCC3)O[C@H](CO)[C@@H]1O2)Nc1ccccc1F,10.0867,-0.08536944502288986,-0.08557774582695878,0.1915580292022826,-0.27713577502924136,0.18028601415049167
frozen_GE_teacher,O=C(Nc1ccc2c(c1)[C@@H]1C[C@@H](CC(=O)N3CCc4ccccc4C3)O[C@@H](CO)[C@@H]1O2)C1CCOCC1,9.93913,0.303641230753911,0.31352578713148005,0.07649765713087,0.23702813000061004,0.18487631998062723
frozen_GE_teacher,O=C(Nc1ccc2c(c1)[C@@H]1C[C@@H](CC(=O)N3CCc4ccccc4C3)O[C@H](CO)[C@@H]1O2)c1cccnc1,10.29,0.43119279965385826,0.46136098197563175,0.03486245364677969,0.42649852832885204,-0.0635095105131099
frozen_GE_teacher,O=C(Nc1ccc2c(c1)[C@@H]1C[C@H](CC(=O)N3CCCCC3)O[C@@H](CO)[C@@H]1O2)C1CCOCC1,10.0711,0.32007458850112824,0.33173020862130337,0.027828694001035076,0.30390151462026826,0.05419114068030602
frozen_GE_teacher,O=C(Nc1ccc2c(c1)[C@@H]1C[C@H](CC(=O)N3CCCCC3)O[C@@H](CO)[C@@H]1O2)NC1CCCC1,9.99641,0.13760242734961983,0.13848090364340673,0.015703100954512522,0.12277780268889421,-0.07010840404315487
frozen_GE_teacher,O=C(Nc1ccc2c(c1)[C@@H]1C[C@H](CC(=O)N3CCCCC3)O[C@H](CO)[C@@H]1O2)C1CCOCC1,10.1036,0.16836256864783075,0.16998098368217626,0.040137202681942805,0.12984378100023347,0.08538801496410099
frozen_GE_teacher,O=C(Nc1ccc2c(c1)[C@@H]1C[C@H](CC(=O)N3CCCCC3)O[C@H](CO)[C@@H]1O2)NC1CCCC1,9.9468,0.2647351964658912,0.27119366857300453,-0.012340102975452256,0.28353377154845677,-0.1912574435245775
frozen_GE_teacher,O=C(Nc1ccc2c(c1)[C@H]1C[C@@H](CC(=O)N3CCOCC3)O[C@@H](CO)[C@H]1O2)c1cccnc1,10.027,0.3311235122548844,0.34408959489806074,-0.01768323723315622,0.36177283213121697,0.35923526001885586
frozen_GE_teacher,O=C(Nc1ccc2c(c1)[C@H]1C[C@@H](CC(=O)N3CCc4ccccc4C3)O[C@H](CO)[C@H]1O2)C1CCOCC1,9.63439,-0.19383605546282126,-0.1963199252934669,-0.2642388050997059,0.06791887980623898,0.2932267260340924
frozen_GE_teacher,O=C(Nc1ccc2c(c1)[C@H]1C[C@H](CC(=O)N3CCc4ccccc4C3)O[C@H](CO)[C@H]1O2)c1ccc2c(c1)OCO2,10.0241,0.1474179193946363,0.14849996133956583,-0.022560430878994103,0.17106039221855993,0.08119953450343258
frozen_GE_teacher,O=C(Nc1cccc(Cl)c1)N[C@@H]1CC[C@@H](CCNC(=O)C2CCOCC2)O[C@@H]1CO,9.940199,-0.3119711661597864,-0.32272762277177314,0.04372980890532431,-0.36645743167709743,0.22217134114506037
frozen_GE_teacher,O=C(Nc1cccc(Cl)c1)N[C@H]1CC[C@@H](CCn2cc(Cc3ccccc3)nn2)O[C@H]1CO,10.0475,-0.02727177477545656,-0.027278538918974866,0.12488552518945256,-0.15216406410842742,0.03892064841708101
frozen_GE_teacher,O=C(Nc1cccc(F)c1)N[C@@H]1CC[C@H](CCNS(=O)(=O)c2cccc(Cl)c2)O[C@@H]1CO,10.0347,0.21117739420470538,0.21440337860145198,-0.010880983639751821,0.2252843622412038,0.4344285967083385
frozen_GE_teacher,O=C(Nc1cccc(F)c1)N[C@H]1CC[C@@H](CCNS(=O)(=O)c2cccc(Cl)c2)O[C@@H]1CO,10.1488,0.47059627246771335,0.5108359471191162,-0.12401095994597341,0.6348469070650896,-0.03173185598653583
frozen_GE_teacher,O=C(Nc1ccccc1)[C@@H]1[C@@H](CO)[C@@H]2Cn3c(ccc(C4=CCCCC4)c3=O)[C@@H]2N1Cc1cocn1,10.0514,-0.0777213874329827,-0.07787845205593526,0.0403682709693206,-0.11824672302525585,0.08471363745041985
frozen_GE_teacher,O=C(Nc1ccccc1)[C@H]1[C@H](CO)[C@H]2Cn3c(ccc(C4=CCCCC4)c3=O)[C@H]2N1Cc1cocn1,10.0228,-0.2685016651446788,-0.2752483738057698,-0.019903429095569355,-0.2553449447102004,0.15065503064064734
frozen_GE_teacher,O=C(Nc1ccccc1)c1ccccc1Oc1ccc(C(F)(F)F)cc1[N+](=O)[O-],10.0,-0.3885764726727235,-0.410122245593845,-0.03394222855707872,-0.3761800170367663,0.35019468029031486
frozen_GE_teacher,O=C(Nc1ccccc1F)N[C@@H]1CC[C@@H](CCNC(=O)C2CCCCC2)O[C@@H]1CO,9.93465,-0.255599078373862,-0.26139416405424515,0.05748681557378663,-0.3188809796280318,0.17597893719712185
frozen_GE_teacher,O=C(Nc1ccccc1F)N[C@@H]1CC[C@H](CCNC(=O)C2CCCCC2)O[C@H]1CO,10.035568,0.48215233168354904,0.525784733041517,0.0742559672340024,0.45152876580751455,-0.08370496128288857
frozen_GE_teacher,O=C(Nc1ccccc1F)N[C@H]1CC[C@H](CC(=O)N2CCCCC2)O[C@@H]1CO,9.98465,0.007280362681062109,0.00728049131382608,0.015278081245022206,-0.007997589931196127,0.009629426457817787
frozen_GE_teacher,O=C(Nc1ccncc1)Nc1cccc(Cl)c1Cl,10.0,0.2691996817346378,0.27600077447098026,0.04417740577316108,0.23182336869781917,0.12734086945288753
frozen_GE_teacher,O=C(Nc1nc2ccccc2[nH]1)c1ccccc1[N+](=O)[O-],10.0,0.036945965282928726,0.03696278953196751,0.07772167824530954,-0.04075888871334203,-0.6080068064707443
frozen_GE_teacher,O=C(Nc1nc[nH]n1)c1cccc(F)c1,20.0,-0.4989513393552593,-0.5479089060503676,0.08646608782652683,-0.6343749938768944,-0.1469926915953726
frozen_GE_teacher,O=C(Nc1nccs1)[C@@H]1[C@@H](CO)[C@@H]2Cn3c(cccc3=O)[C@H]1N2C(=O)C1CCCC1,10.0669,-0.11140161822967472,-0.11186592373649627,-0.028102075300028444,-0.08376384843646784,-0.18309063585069968
frozen_GE_teacher,O=C(Nc1nccs1)[C@H]1[C@H](CO)[C@H]2Cn3c(ccc(-c4cncnc4)c3=O)[C@H]2N1CC1CCCC1,10.0759,0.5279177460304505,0.5872539499290649,0.04109504531586914,0.5461589046131957,0.07987295921691276
frozen_GE_teacher,O=C(Nc1nccs1)c1cccnc1O,10.0,0.3092620137457949,0.31972916891904696,0.17938818884291777,0.1403409800761292,0.015190680181208033
frozen_GE_teacher,O=C(Nc1nnc(COc2ccc(Cl)cc2)s1)c1cccs1,10.0,0.41584524204884193,0.44265801586393316,0.3138113818743683,0.12884663398956486,-0.11894166026256467
frozen_GE_teacher,O=C(Nc1sc2c(c1C(=O)NC1CC1)CCCCCC2)c1ccco1,10.0,0.10469110763367816,0.10507612220186482,0.0663982397375662,0.038677882464298624,0.2527868940996077
frozen_GE_teacher,O=C(O)C(=O)/C(=C\c1cccc(Cl)c1)c1ccc2ccccc2n1,10.0,-0.28425824179205217,-0.2923085789549047,0.3026848155884174,-0.5949933945433221,0.26032076956941985
frozen_GE_teacher,O=C(O)C1=CCCN(CCOC(c2ccc(C(F)(F)F)cc2)c2ccc(C(F)(F)F)cc2)C1,10.0,-0.16552907981369963,-0.16706625658279567,-0.037033409536449624,-0.13003284704634605,0.193358624385665
frozen_GE_teacher,O=C(O)C1=CCCN(CCON=C(c2ccccc2)c2ccccc2)C1,10.0,0.4882300017936852,0.5337337363451953,0.018250173557655285,0.51548356278754,-0.07834386872943405
frozen_GE_teacher,O=C(O)CC/C=C\CC[C@@H]1[C@@H](N2CCCCC2)[C@@H](O)C[C@@H]1OCc1ccc(-c2ccccc2)cc1,10.0,-0.16011542762917305,-0.16150515858793713,0.01720773030107289,-0.17871288888901002,-0.028300032004960122
frozen_GE_teacher,O=C(O)CCC(=O)c1ccc(-c2ccccc2)cc1,10.0,0.13816250443885705,0.13905183505371027,-0.04741849422352688,0.18647032927723717,-0.18953970257102115
frozen_GE_teacher,O=C(O)CCC=CCC1COC(c2ccccc2Cl)OC1c1ccccc1O,10.0,0.3702166232631126,0.3886741058426795,0.22691539995094984,0.16175870589172964,-0.4289291833907457
frozen_GE_teacher,O=C(O)CCCc1ccccc1,10.0,0.376198076809243,0.3956235360546264,0.07719899833044257,0.31842453772418383,-0.025338255576473248
frozen_GE_teacher,O=C(O)CCSCCCN1C(=O)c2cccc3cccc(c23)C1=O,10.0,0.20162650798358273,0.2044274091374644,0.1875218672786146,0.016905541858849793,-0.005391820091920019
frozen_GE_teacher,O=C(O)CCc1ccc(-c2ccccc2)n1Cc1ccco1,10.0,0.37795111730973296,0.3976671490543062,0.0870146752946386,0.31065247375966765,-0.2633184197804642
frozen_GE_teacher,O=C(O)CCc1nc(-c2ccccc2)c(-c2ccccc2)o1,10.0,-0.39358159183855673,-0.41603110330287707,-0.10825489666359604,-0.307776206639281,0.04414377961814349
frozen_GE_teacher,O=C(O)COc1ccccc1/C=C1\SC(=S)N(N=Cc2ccccc2O)C1=O,10.0,0.029302504196095428,0.02931089525512054,0.06393889291400644,-0.0346279976588859,-0.3655312440119203
frozen_GE_teacher,O=C(O)C[C@@H]1C=C[C@@H](NC(=O)c2ccccc2F)[C@H](CO)O1,10.0998,0.061273076956613465,0.061349931163746804,-0.03318985784589626,0.09453978900964306,-0.17299271801723462
frozen_GE_teacher,O=C(O)C[C@@H]1CC[C@@H](NC(=O)c2ccncc2)[C@@H](CO)O1,10.0489,-0.07338384061929822,-0.07351599648754907,0.053213902815730296,-0.12672989930327938,-0.23538191223984953
frozen_GE_teacher,O=C(O)C[C@@H]1CC[C@@H]2[C@H](COC[C@@H](O)CN2S(=O)(=O)c2ccc(Oc3ccccc3)cc2)O1,10.0018,0.18391015612416348,0.18602673961032434,-0.02648819358460897,0.2125149331949333,0.032391053135618506
frozen_GE_teacher,O=C(O)C[C@@H]1C[C@@H]2c3cc(NC(=O)Nc4ccc(C(F)(F)F)cc4)ccc3O[C@@H]2[C@H](CO)O1,9.9947,-0.08183802169484461,-0.08202146175190533,-0.09597018789235157,0.013948726140446233,0.1121749780716706
frozen_GE_teacher,O=C(O)C[C@@H]1C[C@H]2c3cc(NC(=O)Nc4ccc(C(F)(F)F)cc4)ccc3O[C@H]2[C@H](CO)O1,10.0442,0.4866354783064656,0.5316423079842563,-0.048109151450857576,0.5797514594351139,0.1622275041188888
frozen_GE_teacher,O=C(O)C[C@@H]1C[C@H]2c3cc(NC(=O)c4ccc5c(c4)OCO5)ccc3O[C@H]2[C@H](CO)O1,9.96195,0.36326586199903643,0.38064313324627636,0.02024999583885883,0.3603931374074175,-0.02690991739614552
frozen_GE_teacher,O=C(O)C[C@H]1C=C[C@@H](NC(=O)Nc2ccccc2)[C@H](CO)O1,9.9611,0.2608332045640102,0.26700222756983877,0.007208534803685624,0.25979369276615316,0.06252509736672617
frozen_GE_teacher,O=C(O)C[C@H]1C=C[C@H](NC(=O)c2ccccc2F)[C@H](CO)O1,9.95979,0.2675627078312607,0.2742367393049014,-0.08208244329409745,0.35631918259899886,-0.06138433152928097
frozen_GE_teacher,O=C(O)C[C@H]1CC[C@@H](NC(=O)Nc2ccccc2)[C@@H](CO)O1,10.0504,-0.5998848389027728,-0.6929672607683618,-0.002778666713786359,-0.6901885940545754,0.24472603460812084
frozen_GE_teacher,O=C(O)C[C@H]1CC[C@@H](NC(=O)c2ccncc2)[C@@H](CO)O1,9.92721,0.06978620638907422,0.06989982752401763,0.13684616759999707,-0.06694634007597944,-0.04596842001124743
frozen_GE_teacher,O=C(O)C[C@H]1CC[C@@H]2[C@H](COC[C@H](O)CN2S(=O)(=O)c2ccc(Oc3ccccc3)cc2)O1,10.0252,-0.13098986952812058,-0.1317468680828585,-0.08244625495778928,-0.04930061312506921,-0.016630064143393894
frozen_GE_teacher,O=C(O)C[C@H]1CC[C@H]2[C@@H](COC[C@H](O)CN2S(=O)(=O)c2ccc(Oc3ccccc3)cc2)O1,9.98301,-0.42613016412453264,-0.4551586360808235,-0.09431102980595525,-0.3608476062748683,-0.03663754685926689
frozen_GE_teacher,O=C(O)C[C@H]1C[C@@H]2c3cc(NC(=O)Nc4ccccc4)ccc3O[C@@H]2[C@H](CO)O1,10.1604,-0.26499096082606455,-0.2714687291055009,0.12539225524517214,-0.3968609843506731,-0.057293474584519694
frozen_GE_teacher,O=C(O)C[C@H]1C[C@H]2c3cc(NC(=O)CC4CC4)ccc3O[C@H]2[C@H](CO)O1,10.0483,0.2666902306562184,0.2732972212869857,0.0025913076895347185,0.270705913597451,-0.1156577793704266
frozen_GE_teacher,O=C(O)C[C@H]1C[C@H]2c3cc(NC(=O)Nc4ccccc4)ccc3O[C@H]2[C@@H](CO)O1,9.99803,-0.28339404771138177,-0.29136866813578893,0.07133002663481877,-0.3626986947706077,0.3527922555986318
frozen_GE_teacher,O=C(O)Cc1cc(I)c(Oc2cc(I)c(O)c(I)c2)c(I)c1,10.0,0.2727603967156892,0.2798436800544754,-0.005481027466330512,0.2853247075208059,0.10616752945166229
frozen_GE_teacher,O=C(O)Cc1nn(Cc2ccc(Br)cc2F)c(=O)c2ccccc12,10.0,-0.2207481236530783,-0.22444241968170572,-0.004638811387463911,-0.2198036082942418,0.1528234768149225
frozen_GE_teacher,O=C(O)[C@@H]1[C@@H](CO)[C@@H]2Cn3c(ccc(-c4ccc(F)cc4)c3=O)[C@H]1N2CC1CCCCC1,10.0608,-0.3540887520554932,-0.3701109460548044,0.04079251022215172,-0.4109034562769561,0.029746379548147767
frozen_GE_teacher,O=C(O)[C@@H]1[C@@H](CO)[C@@H]2Cn3c(ccc(/C=C/c4ccccc4)c3=O)[C@@H]2N1Cc1ccc2c(c1)OCO2,10.0572,0.15012101072558284,0.1512642343746682,-0.05292427369409003,0.20418850806875824,0.15036797039155225
frozen_GE_teacher,O=C(O)[C@H]1[C@H](CO)[C@H]2Cn3c(ccc(-c4ccc(F)cc4)c3=O)[C@@H]1N2CC1CCCCC1,10.0003,0.03485474720873244,0.034868871975294126,-0.03373080669989071,0.06859967867518484,-0.09548741606360736
frozen_GE_teacher,O=C(O)[C@H]1[C@H](CO)[C@H]2Cn3c(ccc(-c4ccncc4)c3=O)[C@@H]1N2S(=O)(=O)c1ccccc1F,9.96003,0.2947759564642714,0.3037887039993537,0.022814564099032382,0.28097413990032133,0.022919919209703994
frozen_GE_teacher,O=C(O)c1cc(-c2ccc(F)cc2F)ccc1O,10.0,0.6944033424584373,0.8564099138134021,-0.019656554537421815,0.8760664683508239,-0.5350545911852448
frozen_GE_teacher,O=C(O)c1cccc(NC(=O)c2ccc(Cl)c(S(=O)(=O)N3CCCCCC3)c2)c1,10.0,-0.00957048159652614,-0.009570773812525657,0.10929069077661194,-0.1188614645891376,-0.16695406774465393
frozen_GE_teacher,O=C(OC1CCOC1=O)c1cc(-c2cccs2)nc2ccccc12,10.0,0.324515313188823,0.3366856912009815,-0.08775215970094058,0.4244378509019221,0.02146138683766939
frozen_GE_teacher,O=C(OCCN1CCOCC1)C1(c2ccccc2)CCCCC1,10.0,0.14902002340638007,0.15013805273950825,0.04952451313966326,0.100613539599845,-0.06118583180704773
frozen_GE_teacher,O=C(O[C@H]1[C@H](Oc2ccccc2COC(=O)C2(O)C=CCCC2=O)O[C@H](CO)[C@@H](O)[C@@H]1O)c1ccccc1,10.0,0.49353857503178267,0.5407276525649043,0.3650745049819703,0.175653147582934,0.4149514814547423
frozen_GE_teacher,O=C(Oc1cc(OC(=O)c2ccccc2)c2c(c1)O[C@H](c1ccc(OC(=O)c3ccccc3)c(OC(=O)c3ccccc3)c1)[C@@H](OC(=O)c1ccccc1)C2)c1ccccc1,10.0,0.31328103761863063,0.32417938236777954,-0.0036788054751278818,0.32785818784290743,-0.1767566767200378
frozen_GE_teacher,O=C([C@@H]1[C@@H](CO)[C@@H]2Cn3c(ccc(-c4cccnc4)c3=O)[C@@H]2N1CCC(F)(F)F)N1CCOCC1,9.92373,-0.16182815329961475,-0.16326344531421663,-0.0646437561730653,-0.09861968914115134,-0.07781786741190351
frozen_GE_teacher,O=C([C@@H]1[C@@H](CO)[C@@H]2Cn3c(ccc(-c4ccncc4)c3=O)[C@@H]2N1Cc1cocn1)N1CCCCC1,9.9116,0.32009001809131477,0.3317473994588875,-0.016000352356806396,0.3477477518156939,0.016337508764171744
frozen_GE_teacher,O=C([C@@H]1[C@@H](CO)[C@@H]2Cn3c(ccc(-c4ccncc4)c3=O)[C@H]1N2CCC(F)(F)F)N1CCCCC1,9.99353,-0.1007686468056343,-0.10111181908797606,0.03135117697657326,-0.1324629960645493,0.16279401007754124
frozen_GE_teacher,O=C([C@@H]1[C@@H](CO)[C@@H]2Cn3c(ccc(C4=CCCC4)c3=O)[C@H]1N2C(=O)c1ccncc1)N1CCOCC1,9.96807,-0.29924498553740053,-0.30869012425261605,-0.09797314092239252,-0.21071698333022354,0.29759138124285917
frozen_GE_teacher,O=C([C@@H]1[C@@H](CO)[C@@H]2Cn3c(cccc3=O)[C@@H]2N1Cc1ccccc1Cl)N1CCCCC1,10.0518,0.013825646376643427,0.013826527394867177,0.06386835686521987,-0.05004182947035269,0.15526796245949026
frozen_GE_teacher,O=C([C@@H]1[C@@H](CO)[C@@H]2Cn3c(cccc3=O)[C@H]1N2S(=O)(=O)c1ccccc1F)N1CCOCC1,10.0187,-0.3917646153396857,-0.41388288777634935,-0.06351958713196335,-0.35036330064438603,-0.06845343608826424
frozen_GE_teacher,O=C([C@H]1[C@H](CO)[C@H]2Cn3c(ccc(-c4ccccc4)c3=O)[C@@H]1N2Cc1cccnc1)N1CCOCC1,10.055,0.09877218910035566,0.09909528785926107,-0.00754714606435105,0.10664243392361211,0.11611786003310273
frozen_GE_teacher,O=C([C@H]1[C@H](CO)[C@H]2Cn3c(ccc(-c4ccccc4F)c3=O)[C@@H]1N2C(=O)C1CCC1)N1CCCCC1,10.0685,0.1197833673686348,0.12036123648356453,-0.06590971028739592,0.18627094677096045,0.07086671775954383
frozen_GE_teacher,O=C([C@H]1[C@H](CO)[C@H]2Cn3c(cccc3=O)[C@@H]1N2Cc1cccc(Cl)c1)N1CCOCC1,9.92512,0.3228400103705068,0.33481433046144804,-0.08377265136299104,0.4185869818244391,0.41750385576435084
frozen_GE_teacher,O=C([C@H]1[C@H](CO)[C@H]2Cn3c(cccc3=O)[C@@H]1N2Cc1cocn1)N1CCCCC1,9.98112,0.013295980366571956,0.013296763951203593,-0.12075864129907243,0.13405540525027604,-0.1391800707398183
frozen_GE_teacher,O=C(c1c(O)c2ccc(Cl)cc2[nH]c1=O)C1CC1,10.0,-0.020694853362306382,-0.020697808497978934,-0.008815870761418074,-0.01188193773656086,0.16871244692519236
frozen_GE_teacher,O=C(c1cc2c(s1)CCCC2)N1CCC2(CC1)OCCO2,10.0,0.11793178385676618,0.11848312002157485,0.0826984171657354,0.035784702855839456,0.07019274609152407
frozen_GE_teacher,O=C(c1cc2sccc2n1Cc1ccccc1)N1CCCc2ccccc21,10.0,0.3426774948473934,0.35712312817668507,0.05051200721900738,0.3066111209576777,-0.12761200249650687
frozen_GE_teacher,O=C(c1ccc(Cl)c(Cl)c1)N1CCN(c2ccnc3cc(Cl)ccc23)CC1,20.0,0.02975646504820955,0.029765252310083038,0.09063471502896606,-0.06086946271888302,0.5600898653882163
frozen_GE_teacher,O=C(c1ccc(Cl)cc1)c1cc(-c2ccccn2)c(N2CCOCC2)s1,10.0,0.14931300710814419,0.15043770387595257,0.011612015433267356,0.13882568844268522,-0.12800956327421206
frozen_GE_teacher,O=C(c1cccc2cnccc12)N1CCCNCC1,20.0,-0.43959378044151715,-0.47172717151468146,0.12285287179187349,-0.5945800433065549,0.20725884456731264
frozen_GE_teacher,O=C(c1ccco1)N1CCN(CC(=O)N2c3ccccc3CCc3ccccc32)CC1,10.0,0.17875223264715398,0.1806934384136395,0.14408737826670798,0.03660606014693152,-0.30451425993698555
frozen_GE_teacher,O=C(c1cnn2c(C(F)(F)F)cc(-c3cccs3)nc12)N1CCOCC1,10.0,0.5012201456502396,0.5509343310552696,0.02267696325390725,0.5282573678013623,0.08889296699748309
frozen_GE_teacher,O=C1/C(=C/c2cccc([N+](=O)[O-])c2)N2CCC1CC2,10.0,0.21791908535125717,0.22147040353232014,0.11929252796677663,0.10217787556554352,0.08248470244347035
frozen_GE_teacher,O=C1/C(=C/c2cn(-c3ccccc3)nc2-c2ccc(OCc3ccccc3)cc2)SC(=S)N1CCS(=O)(=O)O,20.0,0.31626462389763066,0.32749110396853504,0.03950100102331152,0.28799010294522354,0.14470120436170883
frozen_GE_teacher,O=C1CC(c2ccc(O)cc2)Oc2cc(O)cc(O)c21,10.0,0.03446773187845144,0.03448139112006237,0.051228379701321124,-0.016746988581258754,-0.21179868841330005
frozen_GE_teacher,O=C1NC(=O)C(c2c[nH]c3ccccc23)=C1c1c[nH]c2ccccc12,10.0,0.015599111111719214,0.015600376552170324,0.049360423043627394,-0.03376004649145707,0.02886159803922074
frozen_GE_teacher,O=C1NC(=S)N(C2CC2)C(=O)/C1=C/Nc1ccc2c(c1)OCO2,10.0,0.6505191007523135,0.7761981077021723,-0.05819513295127959,0.834393240653452,-0.04321892620741449
frozen_GE_teacher,O=C1NCCCC2c3c(cc(Br)c(O)c3Br)OC12N1CCOCC1,10.0,0.2100761785764094,0.21325104093820585,0.14651692230044283,0.06673411863776302,-0.03878895956621414
frozen_GE_teacher,O=C1Nc2ccc(Br)cc2C12NNc1ccccc1O2,20.0,0.6775226358655172,0.8245202087610737,0.004601342920349399,0.8199188658407243,0.2827681940918799
frozen_GE_teacher,O=C1Nc2ccccc2C1=Nc1sc2c(c1C(=O)NCCc1ccccc1)CCCC2,10.0,0.012978988152231235,0.012979717013967955,-0.06216420500832915,0.07514392202229711,0.012256902564537486
frozen_GE_teacher,O=C1Nc2ccccc2N(O)N1c1cc(-c2cccc(Cl)c2)no1,10.0,0.19648170033113105,0.19907032651751014,-0.03944752997225522,0.23851785648976537,0.10181412535410359
frozen_GE_teacher,O=C1OCCN1/N=C/c1ccc([N+](=O)[O-])o1,10.0,0.38902265242136796,0.4106478834575693,-0.0895343132323963,0.5001821966899656,0.19694876578301834
frozen_GE_teacher,O=C1c2cccc(OCC(=O)N3N=C(c4cccs4)CC3c3ccc(F)cc3)c2CCN1Cc1ccccc1,10.0,0.6529454025006689,0.7804159794343699,0.1009697273766675,0.6794462520577024,-0.2869816711394996
frozen_GE_teacher,O=C1c2ccccc2C(=O)c2ccccc21,10.0,0.12517859356205127,0.12583864663756583,-0.059906128129344635,0.18574477476691048,0.027477311129780253
frozen_GE_teacher,O=Cc1sc(N2CCOCC2)nc1-c1ccccc1,10.0,0.32139298943274247,0.33319978547440265,-0.08359050687278094,0.41679029234718357,0.18861854642296785
frozen_GE_teacher,O=S(=O)(Cc1ccccc1)NCC[C@H]1CC[C@@H](NS(=O)(=O)c2ccc(F)cc2)[C@@H](CO)O1,10.0481,0.2617336063206666,0.26796860290610613,-0.07974577809374493,0.3477143809998511,0.3240943681291049
frozen_GE_teacher,O=S(=O)(N[C@@H]1CC[C@@H](CCn2cc(Cc3ccccc3)nn2)O[C@H]1CO)c1ccccc1F,10.1829,0.2093731667781437,0.21251568488092898,0.010829961942143258,0.20168572293878573,0.03008604752320069
frozen_GE_teacher,O=S(=O)(N[C@@H]1CC[C@H](CCn2cc(C3(O)CCCC3)nn2)O[C@H]1CO)c1ccc(Cl)cc1,9.98964,-0.3165080079234439,-0.32776156080720775,-0.0893482668354065,-0.23841329397180125,-0.03401428748343001
frozen_GE_teacher,O=S(=O)(N[C@H]1CC[C@@H](CCn2cc(C3(O)CCCC3)nn2)O[C@H]1CO)c1ccc(Cl)cc1,10.0747,0.16823764784836293,0.16985242136432616,-0.07593465392946253,0.24578707529378868,0.45591626053605616
frozen_GE_teacher,O=S(=O)(N[C@H]1CC[C@H](CCn2cc(-c3cccc(F)c3)nn2)O[C@@H]1CO)c1ccc(Cl)cc1,10.0497,0.015175028488055973,0.0151761934917492,-0.02201905596810494,0.03719524945985414,0.038451185988034986
frozen_GE_teacher,O=S(=O)(N[C@H]1CC[C@H](CCn2cc(-c3ccccn3)nn2)O[C@@H]1CO)c1cccc(Cl)c1,10.1015,-0.07852468737142983,-0.07868668485256869,-0.06628870032261129,-0.012397984529957398,0.1624660117246835
frozen_GE_teacher,O=S(=O)(N[C@H]1CC[C@H](CCn2cc(C3(O)CCCC3)nn2)O[C@H]1CO)c1ccc(Cl)cc1,10.0741,-0.030028677969682154,-0.030037708690956576,0.024732798760247032,-0.05477050745120361,0.030350472987725502
frozen_GE_teacher,O=S(=O)(N[C@H]1CC[C@H](CCn2cc(C3CC3)nn2)O[C@H]1CO)c1ccc(F)cc1,9.91364,0.03770818956086029,0.03772607734414292,-0.09148545898933402,0.12921153633347693,0.02791382695082227
frozen_GE_teacher,O=S(=O)(N[C@H]1CC[C@H](CCn2cc(Cc3ccccc3)nn2)O[C@H]1CO)c1ccccc1F,10.012,0.3262630375864306,0.33864037451771345,0.052678788268749076,0.2859615862489644,0.1568980448319685
frozen_GE_teacher,O=S(=O)(Nc1c(S(=O)(=O)c2ccccc2)c2nc3ccccc3nc2n1C1CCCCC1)c1ccccc1,10.0,0.4422683643282985,0.4750472495649602,-0.07696541013602169,0.5520126597009819,0.2949530248632639
frozen_GE_teacher,O=S(=O)(Nc1cc(O)nc(SCc2ccc(Cl)cc2)n1)c1ccccc1,10.0,0.6923556828225073,0.8524662156027152,0.023509197370755512,0.8289570182319597,-0.328457856043623
frozen_GE_teacher,O=S(=O)(Nc1nc(CN2CCOCC2)nc2sc3c(c12)CCCC3)c1cc(F)ccc1F,10.0,0.006252312384097706,0.0062523938565779,0.046175692614219124,-0.039923298757641223,0.031294346487917055
frozen_GE_teacher,O=S(=O)(c1cccs1)N1CCN(S(=O)(=O)c2cccs2)CC1,10.0,0.48256062036006026,0.5263168215904974,0.26738707867001615,0.25892974292048127,0.10624061977145888
frozen_GE_teacher,O=[N+]([O-])C(=C1Nc2ccccc2N1)C(Cl)=C(Cl)Cl,10.0,0.690981692039639,0.8498319989642102,-0.04187626863956844,0.8917082676037786,-0.2700232404339226
frozen_GE_teacher,O=[N+]([O-])c1ccc(-c2nc(-c3ccc(F)cc3)c(-c3ccncc3)[nH]2)cc1,10.0,0.37938276006107663,0.39933843583878315,0.07992579342856278,0.3194126424102204,-0.12951285348772884
frozen_GE_teacher,O=[N+]([O-])c1ccc(NN=C2CCCCC2c2ccccn2)c([N+](=O)[O-])c1,10.0,0.29248601326341295,0.30128269315170686,0.027459192488879684,0.2738235006628272,0.33271969468083096
frozen_GE_teacher,O=[N+]([O-])c1ccccc1C=Nn1c(S)nnc1COc1ccccc1,10.0,0.4097165366842321,0.4352705287642475,0.03721988549051873,0.39805064327372874,-0.04598296924302297
frozen_GE_teacher,O=[N+]([O-])c1ccccc1CSc1nc2ccccc2o1,10.0,0.5421288357283222,0.607165628932102,0.27492382428910006,0.33224180464300196,-0.19725485520023445
frozen_GE_teacher,O=[N+]([O-])c1cnc2ccccc2c1Sc1ccccc1,20.0,0.4242081913415097,0.45281256550598237,0.10625059203866308,0.3465619734673193,0.501450570900058
frozen_GE_teacher,O=c1c(O)c(-c2ccc(O)cc2)oc2cc(O)cc(O)c12,10.0,-0.050118110471207525,-0.05016013646747969,-0.06670520318489831,0.01654506671741862,0.2594625736078483
frozen_GE_teacher,O=c1cc(CN2CCN(c3ccccc3)CC2)c2cc(O)c(-c3ccccc3)cc2o1,10.0,0.33035141574515653,0.3432226675029919,0.05552745224645748,0.2876952152565344,-0.10201110597310034
frozen_GE_teacher,O=c1ccc2ccc(O)c(O)c2o1,10.0,0.16345968754672324,0.16493931174329127,0.07666809043792121,0.08827122130537006,-0.06983900418401887
frozen_GE_teacher,O=c1ccn(CCc2c[nH]c3ccccc23)c2c1CCCC2,10.0,0.06308023600800873,0.0631641041944763,-0.022059619798295786,0.08522372399277209,-0.32642347143991907
frozen_GE_teacher,O=c1n(CCCN2CCN(c3cccc(Cl)c3)CC2)nc2ccccn12,10.0,0.18948414615658588,0.19180204997022304,0.006937099485047796,0.18486495048517526,0.045720536862610225
frozen_GE_teacher,OC(CN1CCC(Cc2ccc(F)cc2)CC1)c1ccc(Cl)cc1,10.0,0.4977803137969426,0.5463509272174444,0.2967095836621059,0.24964134355533846,-0.06563671407526048
frozen_GE_teacher,OC1(c2ccc(F)cc2)CC2CCC(C1)N2Cc1nnnn1C1CCCCC1,10.0,0.21538257613161224,0.2188089714151627,0.02779964087225211,0.19100933054291058,-0.13785641067945065
frozen_GE_teacher,Oc1c(Br)cc(Br)c2cccnc12,10.0,-0.11787587937875237,-0.1184264274422262,0.07061072803226974,-0.18903715547449595,-0.38472780718258365
frozen_GE_teacher,Oc1cc(CSc2nnc(COc3ccc(Cl)cc3)o2)c2ccccc2n1,10.0,-0.4263238282394696,-0.4553952936477098,-0.053705735742857585,-0.4016895579048522,0.12804481327195397
frozen_GE_teacher,Oc1cc(O)c2c(c1)O[C@H](c1cc(O)c(O)c(O)c1)[C@H](O)C2,10.0,0.0674192700666716,0.06752169779351581,-0.044093316567038146,0.11161501436055396,0.028684289280067336
frozen_GE_teacher,Oc1ccc(Cl)cc1Cc1cc(Cl)ccc1O,10.0,0.40851217226427644,0.43382406235769155,0.056304159575386176,0.3775199027823054,-0.15400116724255658
frozen_GE_teacher,Oc1ccc2c(c1)OCC1(O)Cc3cc(O)c(O)cc3C21,10.0,0.1404500414813312,0.14138464424359315,0.33955023189520195,-0.1981655876516088,-0.13626725084772878
frozen_GE_teacher,Oc1ccc2c3c1OC1c4[nH]c5ccccc5c4CC4(O)C(C2)N(CC2CC2)CCC314,10.0,0.5262738844684877,0.5849776675303847,0.328780678876912,0.25619698865347273,-0.13880167976944283
frozen_GE_teacher,Oc1nc2ccc(Br)cc2c(-c2ccccc2)c1N1CCOCC1,10.0,-0.0747137517566663,-0.0748532402336509,-0.09035250085282767,0.015499260619176766,0.2597908987764871
frozen_GE_teacher,Sc1nnc(-c2cc(-c3ccccc3)[nH]n2)n1N=Cc1c(Cl)cccc1Cl,10.0,0.20583149738403433,0.20881449431445534,-0.09019878186255496,0.2990132761770103,-0.2048592034760643
frozen_GE_teacher,Sc1nnc(-c2ccccc2)n1N=Cc1cccc(Br)c1,10.0,0.25382719885005367,0.2594993507136011,0.043301648346790664,0.2161977023668104,-0.23988700662138612
frozen_GE_teacher,[C-]#[N+]C(C#N)=Cc1cc(C(C)(C)C)c(O)c(C(C)(C)C)c1,10.0,0.42657714817300096,0.4557049227362626,0.0009302801430193068,0.4547746425932433,0.3297104988345292
frozen_GE_teacher,[O-][N+]c1ccc(O)c2ncccc12,10.0,0.4764838767353652,0.5184254761944206,0.0016595083876688507,0.5167659678067518,0.9453799664819922
frozen_GE_teacher,c1ccc(-c2cnc(-c3ccccn3)nn2)cc1,20.0,0.4823317684092884,0.5260185443075569,0.13582952584980168,0.3901890184577552,0.44271211332912774
frozen_GE_teacher,c1ccc(-c2nnc(-c3ccncc3)nc2-c2ccccc2)cc1,20.0,0.6968268568945635,0.8611055796978302,-0.09921900342886972,0.9603245831266999,0.11889896803368749
frozen_GE_teacher,c1ccc(CC(c2ccccc2)N2CCCCC2)cc1,10.0,-0.10319005216392518,-0.10355867244758182,0.0772474713437587,-0.18080614379134052,-0.01079173308165303
frozen_GE_teacher,c1ccc(CCCCN2CCC(c3ccccc3)CC2)cc1,10.0,0.3754678231892552,0.39477316746289437,0.04182428460993501,0.35294888285295933,0.24020216541425246
frozen_GE_teacher,c1ccc(CCc2nn3c(Cn4nnc5ccccc54)nnc3s2)cc1,10.0,0.31625173453192873,0.3274767821449843,0.053546667745135355,0.273930114399849,0.15111460441732294
frozen_GE_teacher,c1ccc(CNc2ncnc3ccccc23)cc1,10.0,0.16280726278522883,0.16426904958309305,0.009465767060622238,0.1548032825224708,0.1254921023469137
frozen_GE_teacher,c1ccc(N2CCN(CC3CCCCC3)CC2)cc1,10.0,0.4563960690008507,0.4927496517538302,0.08086534587124916,0.411884305882581,0.34759687920928006
frozen_GE_teacher,c1ccc(OCCOc2nc3ccccc3nc2N2CCOCC2)cc1,10.0,0.4562183073269716,0.4925251438940952,0.08633920813670609,0.4061859357573891,0.09916153127809332
frozen_GE_teacher,c1ccc2c(Nc3nnc(-c4ccncc4)s3)cccc2c1,20.0,-0.3796789563595857,-0.39968447721165273,-0.04728526978595617,-0.3523992074256966,-0.07804651327065995
frozen_GE_teacher,c1ccc2c(c1)cc1ccc3cccc4ccc2c1c34,10.0,0.2618556921311389,0.2680996717054787,-0.048722695311082795,0.3168223670165615,0.08675952700695891
frozen_GE_teacher,c1ccc2nc(C3=NCCN3)ccc2c1,10.0,0.29264102843783246,0.3014522185873436,0.012628753790171851,0.28882346479717175,-0.038785596035727926
frozen_GE_teacher,c1ccc2oc(C3=NCCN3)cc2c1,10.0,0.05021954971679442,0.05026183167098318,-0.08232899295981647,0.13259082463079963,-0.2188858938156424
frozen_GE_teacher,c1csc(-c2ncc3ccccn23)c1,10.0,-0.08167182004559242,-0.08185414175765514,0.01164666637706693,-0.09350080813472207,0.08156174408195634
frozen_GE_teacher,c1nc(CCCC2CCNCC2)c[nH]1,10.0,-0.0049478766239175135,-0.004947917001629911,-0.009230973874938434,0.004283056873308523,-0.031189089254208862
